horizon_months,outcome,veto_events,pass_events,veto_folds,pass_folds,directional_folds,median_veto,median_pass,pass_minus_veto,raw_p_value,fold_gap_json,holm_p_value,outcome_pass
3,forward_return,22,23,5,5,3,0.0930455856068,0.0684446605024,-0.0246009251044,0.86460180055,"{""F01"":0.008376181863557153,""F02"":0.047704216380761555,""F03"":-0.2885308282837702,""F04"":-0.14259887717948738,""F05"":0.014033075448828758}",1,False
3,forward_trough_return,22,23,5,5,3,-0.0361098176495,-0.0650736384971,-0.0289638208477,0.687286805278,"{""F01"":0.004291550560924395,""F02"":0.11333064510689844,""F03"":-0.16438893852312852,""F04"":-0.05571625371770739,""F05"":0.10293964252662363}",1,False
6,forward_return,15,19,5,5,3,0.117312607122,0.108902543859,-0.00841006326269,0.609292373247,"{""F01"":-0.161963229238832,""F02"":0.2374140278447865,""F03"":-0.5250542327456278,""F04"":0.1401719542498473,""F05"":0.3054452807173806}",1,False
6,forward_trough_return,15,19,5,5,3,-0.118932234383,-0.162260215875,-0.0433279814919,0.722282235251,"{""F01"":0.035759486617602976,""F02"":0.11881017410325423,""F03"":-0.18785442334826408,""F04"":-0.06394030748823742,""F05"":0.12688892550452607}",1,False
12,forward_return,0,0,0,0,0,,,,1,{},1,False
12,forward_trough_return,0,0,0,0,0,,,,1,{},1,False
