universe_role,event_kind,horizon_sessions,era_id,market_herd_stage,sector_herd_stage,episodes,tickers,signal_weeks,median_total_return,positive_return_fraction,median_maximum_favorable_excursion,median_maximum_adverse_excursion
INDEPENDENT_CURRENT_CONSTITUENTS,STAGE_ENTRY_FLEE,5,ERA_2013_2015,CALM,CALM,72,62,29,-0.0010066241449078498,0.4722222222222222,0.018749584646815802,-0.022472140923640853
INDEPENDENT_CURRENT_CONSTITUENTS,STAGE_ENTRY_FLEE,5,ERA_2013_2015,CALM,DRIFT,1,1,1,0.0088265641438509,1.0,0.0261659823683877,-0.0072509314313726
INDEPENDENT_CURRENT_CONSTITUENTS,STAGE_ENTRY_FLEE,5,ERA_2013_2015,CALM,FLEE,4,4,3,0.017895930347140147,0.5,0.0383590410894733,-0.04079621686238405
INDEPENDENT_CURRENT_CONSTITUENTS,STAGE_ENTRY_FLEE,5,ERA_2013_2015,CALM,SCATTER,190,147,45,0.008084022513341,0.6421052631578947,0.021575252437486647,-0.0149591098256484
INDEPENDENT_CURRENT_CONSTITUENTS,STAGE_ENTRY_FLEE,5,ERA_2013_2015,DRIFT,CALM,1,1,1,-8.691431911334035e-05,0.0,0.0086026927747231,-0.0128606471745815
INDEPENDENT_CURRENT_CONSTITUENTS,STAGE_ENTRY_FLEE,5,ERA_2013_2015,SCATTER,CALM,40,39,19,0.00170906713304005,0.525,0.016081770654635202,-0.01939370394558375
INDEPENDENT_CURRENT_CONSTITUENTS,STAGE_ENTRY_FLEE,5,ERA_2013_2015,SCATTER,FLEE,56,50,11,0.02143048379158595,0.6607142857142857,0.041828875412302,-0.01734406518412535
INDEPENDENT_CURRENT_CONSTITUENTS,STAGE_ENTRY_FLEE,5,ERA_2013_2015,SCATTER,SCATTER,442,249,42,0.0090382608455936,0.6153846153846154,0.02682525790929685,-0.01681952689216085
INDEPENDENT_CURRENT_CONSTITUENTS,STAGE_ENTRY_FLEE,5,ERA_2016_2018,CALM,CALM,99,87,40,0.0022107589330977,0.5353535353535354,0.0230767099134807,-0.0184253241847963
INDEPENDENT_CURRENT_CONSTITUENTS,STAGE_ENTRY_FLEE,5,ERA_2016_2018,CALM,DRIFT,1,1,1,-0.0461991347014758,0.0,0.0040935493242368,-0.0611110889973997
INDEPENDENT_CURRENT_CONSTITUENTS,STAGE_ENTRY_FLEE,5,ERA_2016_2018,CALM,FLEE,21,20,5,0.0202190306756249,0.7142857142857143,0.0342916550293981,-0.0140515807566733
INDEPENDENT_CURRENT_CONSTITUENTS,STAGE_ENTRY_FLEE,5,ERA_2016_2018,CALM,SCATTER,190,141,47,0.00198298862284825,0.531578947368421,0.019408546000978598,-0.01731339275901705
INDEPENDENT_CURRENT_CONSTITUENTS,STAGE_ENTRY_FLEE,5,ERA_2016_2018,DRIFT,CALM,38,32,21,0.00377012333388625,0.5526315789473685,0.01444223887289855,-0.0169624459709244
INDEPENDENT_CURRENT_CONSTITUENTS,STAGE_ENTRY_FLEE,5,ERA_2016_2018,DRIFT,DRIFT,5,5,4,-0.0054586440943381,0.4,0.0212179364895097,-0.0238007544633104
INDEPENDENT_CURRENT_CONSTITUENTS,STAGE_ENTRY_FLEE,5,ERA_2016_2018,DRIFT,SCATTER,46,35,23,0.0005054345121396499,0.5217391304347826,0.0148666528726051,-0.018616417340424553
INDEPENDENT_CURRENT_CONSTITUENTS,STAGE_ENTRY_FLEE,5,ERA_2016_2018,SCATTER,CALM,8,7,4,0.010746153115254,0.75,0.0269459202784234,-0.01337811196506255
INDEPENDENT_CURRENT_CONSTITUENTS,STAGE_ENTRY_FLEE,5,ERA_2016_2018,SCATTER,FLEE,106,96,11,0.011043526189801499,0.5377358490566038,0.0307029156779864,-0.037947741583417446
INDEPENDENT_CURRENT_CONSTITUENTS,STAGE_ENTRY_FLEE,5,ERA_2016_2018,SCATTER,SCATTER,291,214,31,-0.0099292854207486,0.41580756013745707,0.0262309452605458,-0.0330050826136286
INDEPENDENT_CURRENT_CONSTITUENTS,STAGE_ENTRY_FLEE,5,ERA_2019_2021,CALM,CALM,78,71,31,-0.0014813266616464,0.48717948717948717,0.023786639507592,-0.02491378561938805
INDEPENDENT_CURRENT_CONSTITUENTS,STAGE_ENTRY_FLEE,5,ERA_2019_2021,CALM,SCATTER,184,142,48,0.0074917898871564,0.5706521739130435,0.028591717776630998,-0.02133763936898265
INDEPENDENT_CURRENT_CONSTITUENTS,STAGE_ENTRY_FLEE,5,ERA_2019_2021,DRIFT,CALM,22,20,12,0.0084179328133815,0.6818181818181818,0.02662653106079345,-0.014663602844470849
INDEPENDENT_CURRENT_CONSTITUENTS,STAGE_ENTRY_FLEE,5,ERA_2019_2021,DRIFT,DRIFT,1,1,1,0.0607515804521205,1.0,0.0686355004761769,-0.0297575459737983
INDEPENDENT_CURRENT_CONSTITUENTS,STAGE_ENTRY_FLEE,5,ERA_2019_2021,DRIFT,SCATTER,28,28,9,0.00529095722417835,0.5357142857142857,0.024482791756454347,-0.0302692057158237
INDEPENDENT_CURRENT_CONSTITUENTS,STAGE_ENTRY_FLEE,5,ERA_2019_2021,FLEE,FLEE,60,60,1,0.1819058977070929,0.9666666666666667,0.24965337822178063,-0.07262005082842429
INDEPENDENT_CURRENT_CONSTITUENTS,STAGE_ENTRY_FLEE,5,ERA_2019_2021,FLEE,SCATTER,7,7,1,0.1692735038513613,1.0,0.2513692329721415,-0.0724523271131443
INDEPENDENT_CURRENT_CONSTITUENTS,STAGE_ENTRY_FLEE,5,ERA_2019_2021,SCATTER,CALM,8,8,5,0.05264457125270955,0.875,0.05871559704328725,-0.01048650493736205
INDEPENDENT_CURRENT_CONSTITUENTS,STAGE_ENTRY_FLEE,5,ERA_2019_2021,SCATTER,FLEE,57,57,6,-0.0578960830810096,0.21052631578947367,0.082224185730068,-0.1540514564640552
INDEPENDENT_CURRENT_CONSTITUENTS,STAGE_ENTRY_FLEE,5,ERA_2019_2021,SCATTER,SCATTER,225,169,21,0.0121137976903291,0.6177777777777778,0.0557195788282685,-0.0231473421218524
INDEPENDENT_CURRENT_CONSTITUENTS,STAGE_ENTRY_FLEE,5,ERA_2022_2024,CALM,CALM,83,69,31,-0.0006191987099026,0.4939759036144578,0.0236142137286479,-0.0257894615789474
INDEPENDENT_CURRENT_CONSTITUENTS,STAGE_ENTRY_FLEE,5,ERA_2022_2024,CALM,FLEE,1,1,1,0.0283749530825145,1.0,0.0386929180281432,-0.0034393503037548
INDEPENDENT_CURRENT_CONSTITUENTS,STAGE_ENTRY_FLEE,5,ERA_2022_2024,CALM,SCATTER,131,102,40,-0.0065516676584028,0.4351145038167939,0.0170210917726112,-0.0264297756493289
INDEPENDENT_CURRENT_CONSTITUENTS,STAGE_ENTRY_FLEE,5,ERA_2022_2024,DRIFT,CALM,18,17,12,-0.00169282807891525,0.4444444444444444,0.0285226918746688,-0.033779743347997354
INDEPENDENT_CURRENT_CONSTITUENTS,STAGE_ENTRY_FLEE,5,ERA_2022_2024,DRIFT,DRIFT,1,1,1,0.0095846176372029,1.0,0.0140371536624821,-0.0091690893982808
INDEPENDENT_CURRENT_CONSTITUENTS,STAGE_ENTRY_FLEE,5,ERA_2022_2024,DRIFT,SCATTER,13,13,10,0.0087930129640645,0.7692307692307693,0.038376241919092,-0.0116012920127944
INDEPENDENT_CURRENT_CONSTITUENTS,STAGE_ENTRY_FLEE,5,ERA_2022_2024,SCATTER,CALM,10,9,7,-0.01005679015153045,0.4,0.03300092759930655,-0.02478230811217895
INDEPENDENT_CURRENT_CONSTITUENTS,STAGE_ENTRY_FLEE,5,ERA_2022_2024,SCATTER,FLEE,71,64,16,0.0054743384895756,0.5211267605633803,0.0449319296587695,-0.0268266214999673
INDEPENDENT_CURRENT_CONSTITUENTS,STAGE_ENTRY_FLEE,5,ERA_2022_2024,SCATTER,SCATTER,518,274,46,0.00296535827632855,0.527027027027027,0.03697550266885455,-0.0299448669995172
INDEPENDENT_CURRENT_CONSTITUENTS,STAGE_ENTRY_FLEE,5,ERA_2025_2026,CALM,CALM,108,89,38,0.00559788950917625,0.5462962962962963,0.0204736714541967,-0.0240090477017653
INDEPENDENT_CURRENT_CONSTITUENTS,STAGE_ENTRY_FLEE,5,ERA_2025_2026,CALM,DRIFT,1,1,1,0.0080291796119584,1.0,0.0467153015403225,-0.0262773927933277
INDEPENDENT_CURRENT_CONSTITUENTS,STAGE_ENTRY_FLEE,5,ERA_2025_2026,CALM,FLEE,11,11,1,0.0466559020114354,0.8181818181818182,0.0583002696004357,-0.0271139277129945
INDEPENDENT_CURRENT_CONSTITUENTS,STAGE_ENTRY_FLEE,5,ERA_2025_2026,CALM,SCATTER,212,165,46,0.00412044871980705,0.5330188679245284,0.029938430125851748,-0.028377173818903652
INDEPENDENT_CURRENT_CONSTITUENTS,STAGE_ENTRY_FLEE,5,ERA_2025_2026,DRIFT,CALM,5,5,2,-0.0566321072451879,0.4,0.0230428241571976,-0.0885313794492154
INDEPENDENT_CURRENT_CONSTITUENTS,STAGE_ENTRY_FLEE,5,ERA_2025_2026,DRIFT,SCATTER,9,9,2,-0.0201558053115907,0.3333333333333333,0.0334313731848776,-0.0419960968176015
INDEPENDENT_CURRENT_CONSTITUENTS,STAGE_ENTRY_FLEE,5,ERA_2025_2026,SCATTER,CALM,1,1,1,-0.0267840244477763,0.0,0.0401759921661952,-0.0341495945778157
INDEPENDENT_CURRENT_CONSTITUENTS,STAGE_ENTRY_FLEE,5,ERA_2025_2026,SCATTER,FLEE,12,12,1,0.1219457869476992,1.0,0.23475067383834536,-0.0273301996755637
INDEPENDENT_CURRENT_CONSTITUENTS,STAGE_ENTRY_FLEE,5,ERA_2025_2026,SCATTER,SCATTER,47,47,5,0.0439424465658118,0.7872340425531915,0.0756842459726239,-0.0324012061973401
INDEPENDENT_CURRENT_CONSTITUENTS,STAGE_ENTRY_FLEE,10,ERA_2013_2015,CALM,CALM,72,62,29,-0.003882899261269,0.4583333333333333,0.0257222560964478,-0.02808196232089505
INDEPENDENT_CURRENT_CONSTITUENTS,STAGE_ENTRY_FLEE,10,ERA_2013_2015,CALM,DRIFT,1,1,1,-0.00063079423402,0.0,0.0261659823683877,-0.0249058423903623
INDEPENDENT_CURRENT_CONSTITUENTS,STAGE_ENTRY_FLEE,10,ERA_2013_2015,CALM,FLEE,4,4,3,0.01293862815073,0.5,0.0391670887424008,-0.0450116008664051
INDEPENDENT_CURRENT_CONSTITUENTS,STAGE_ENTRY_FLEE,10,ERA_2013_2015,CALM,SCATTER,190,147,45,0.0144646556432328,0.6210526315789474,0.036078492046511,-0.020211875568120652
INDEPENDENT_CURRENT_CONSTITUENTS,STAGE_ENTRY_FLEE,10,ERA_2013_2015,DRIFT,CALM,1,1,1,-0.0311088090372275,0.0,0.0086026927747231,-0.0343239871238862
INDEPENDENT_CURRENT_CONSTITUENTS,STAGE_ENTRY_FLEE,10,ERA_2013_2015,SCATTER,CALM,40,39,19,0.0015808442440956002,0.55,0.030836193238543,-0.029222414442205302
INDEPENDENT_CURRENT_CONSTITUENTS,STAGE_ENTRY_FLEE,10,ERA_2013_2015,SCATTER,FLEE,56,50,11,0.0254481292355388,0.875,0.059342113357743045,-0.02239847976207635
INDEPENDENT_CURRENT_CONSTITUENTS,STAGE_ENTRY_FLEE,10,ERA_2013_2015,SCATTER,SCATTER,442,249,42,0.01179236877739475,0.6153846153846154,0.03696281636249895,-0.0250876959630223
INDEPENDENT_CURRENT_CONSTITUENTS,STAGE_ENTRY_FLEE,10,ERA_2016_2018,CALM,CALM,99,87,40,0.0106420335493322,0.5858585858585859,0.0288640993145943,-0.02341453450492
INDEPENDENT_CURRENT_CONSTITUENTS,STAGE_ENTRY_FLEE,10,ERA_2016_2018,CALM,DRIFT,1,1,1,-0.0438379025483143,0.0,0.0040935493242368,-0.0611110889973997
INDEPENDENT_CURRENT_CONSTITUENTS,STAGE_ENTRY_FLEE,10,ERA_2016_2018,CALM,FLEE,21,20,5,0.0288231925296569,0.8095238095238095,0.0439730975100816,-0.0148253387211017
INDEPENDENT_CURRENT_CONSTITUENTS,STAGE_ENTRY_FLEE,10,ERA_2016_2018,CALM,SCATTER,190,141,47,0.00821836639874215,0.5684210526315789,0.029869796520969952,-0.028231707507773353
INDEPENDENT_CURRENT_CONSTITUENTS,STAGE_ENTRY_FLEE,10,ERA_2016_2018,DRIFT,CALM,38,32,21,-0.0009902550993167,0.5,0.02314330920617065,-0.026009951216636948
INDEPENDENT_CURRENT_CONSTITUENTS,STAGE_ENTRY_FLEE,10,ERA_2016_2018,DRIFT,DRIFT,5,5,4,-0.0162798389228785,0.4,0.0214813902578518,-0.0318669333321199
INDEPENDENT_CURRENT_CONSTITUENTS,STAGE_ENTRY_FLEE,10,ERA_2016_2018,DRIFT,SCATTER,46,35,23,-0.00136747132672775,0.4782608695652174,0.0260507322150674,-0.0224493786957494
INDEPENDENT_CURRENT_CONSTITUENTS,STAGE_ENTRY_FLEE,10,ERA_2016_2018,SCATTER,CALM,8,7,4,0.01002735736113265,0.75,0.041652396621930154,-0.013949489789069399
INDEPENDENT_CURRENT_CONSTITUENTS,STAGE_ENTRY_FLEE,10,ERA_2016_2018,SCATTER,FLEE,106,96,11,0.0188615092212015,0.5377358490566038,0.052056106838309246,-0.049182195352771296
INDEPENDENT_CURRENT_CONSTITUENTS,STAGE_ENTRY_FLEE,10,ERA_2016_2018,SCATTER,SCATTER,291,214,31,-0.0087226297716053,0.436426116838488,0.0369650949857653,-0.0599795420292557
INDEPENDENT_CURRENT_CONSTITUENTS,STAGE_ENTRY_FLEE,10,ERA_2019_2021,CALM,CALM,78,71,31,0.0149351668069861,0.5769230769230769,0.03675558329809475,-0.03038023804939895
INDEPENDENT_CURRENT_CONSTITUENTS,STAGE_ENTRY_FLEE,10,ERA_2019_2021,CALM,SCATTER,184,142,48,0.02177538425258135,0.6793478260869565,0.04657984851176495,-0.02845779112157175
INDEPENDENT_CURRENT_CONSTITUENTS,STAGE_ENTRY_FLEE,10,ERA_2019_2021,DRIFT,CALM,22,20,12,0.011528180651736851,0.5909090909090909,0.038393075966069404,-0.02114732095341065
INDEPENDENT_CURRENT_CONSTITUENTS,STAGE_ENTRY_FLEE,10,ERA_2019_2021,DRIFT,DRIFT,1,1,1,0.0812743069742139,1.0,0.1039100080971064,-0.0297575459737983
INDEPENDENT_CURRENT_CONSTITUENTS,STAGE_ENTRY_FLEE,10,ERA_2019_2021,DRIFT,SCATTER,28,28,9,0.014235577428859648,0.6785714285714286,0.030352846951113698,-0.0322467271920545
INDEPENDENT_CURRENT_CONSTITUENTS,STAGE_ENTRY_FLEE,10,ERA_2019_2021,FLEE,FLEE,60,60,1,0.0740013289320037,0.7833333333333333,0.25951909990440575,-0.0775147863550167
INDEPENDENT_CURRENT_CONSTITUENTS,STAGE_ENTRY_FLEE,10,ERA_2019_2021,FLEE,SCATTER,7,7,1,0.0913320404998352,1.0,0.2683770575623438,-0.0724523271131443
INDEPENDENT_CURRENT_CONSTITUENTS,STAGE_ENTRY_FLEE,10,ERA_2019_2021,SCATTER,CALM,8,8,5,0.0608994828853225,0.875,0.08530548896987811,-0.01048650493736205
INDEPENDENT_CURRENT_CONSTITUENTS,STAGE_ENTRY_FLEE,10,ERA_2019_2021,SCATTER,FLEE,57,57,6,0.0633630492609942,0.7719298245614035,0.15845050837759,-0.177142819594029
INDEPENDENT_CURRENT_CONSTITUENTS,STAGE_ENTRY_FLEE,10,ERA_2019_2021,SCATTER,SCATTER,225,169,21,-0.006535138991533,0.4577777777777778,0.0687251394819601,-0.0760273200612914
INDEPENDENT_CURRENT_CONSTITUENTS,STAGE_ENTRY_FLEE,10,ERA_2022_2024,CALM,CALM,83,69,31,0.0037562069693555,0.5180722891566265,0.042063585546886,-0.0333800048
INDEPENDENT_CURRENT_CONSTITUENTS,STAGE_ENTRY_FLEE,10,ERA_2022_2024,CALM,FLEE,1,1,1,0.0042992526990213,1.0,0.0461449772928468,-0.0088850147153536
INDEPENDENT_CURRENT_CONSTITUENTS,STAGE_ENTRY_FLEE,10,ERA_2022_2024,CALM,SCATTER,131,102,40,-0.002205807193809,0.46564885496183206,0.0277776602775186,-0.0346815969738345
INDEPENDENT_CURRENT_CONSTITUENTS,STAGE_ENTRY_FLEE,10,ERA_2022_2024,DRIFT,CALM,18,17,12,-0.0027473645412990997,0.5,0.038549988673411806,-0.040262840910643
INDEPENDENT_CURRENT_CONSTITUENTS,STAGE_ENTRY_FLEE,10,ERA_2022_2024,DRIFT,DRIFT,1,1,1,-0.0893772107864961,0.0,0.0140371536624821,-0.1404238382361444
INDEPENDENT_CURRENT_CONSTITUENTS,STAGE_ENTRY_FLEE,10,ERA_2022_2024,DRIFT,SCATTER,13,13,10,0.0222647814536809,0.8461538461538461,0.0530144711500619,-0.0179248074369717
INDEPENDENT_CURRENT_CONSTITUENTS,STAGE_ENTRY_FLEE,10,ERA_2022_2024,SCATTER,CALM,10,9,7,0.02781914727390425,0.6,0.0467026504075237,-0.04107130183275895
INDEPENDENT_CURRENT_CONSTITUENTS,STAGE_ENTRY_FLEE,10,ERA_2022_2024,SCATTER,FLEE,71,64,16,0.0193901233631281,0.676056338028169,0.0626769809274374,-0.0326210444782458
INDEPENDENT_CURRENT_CONSTITUENTS,STAGE_ENTRY_FLEE,10,ERA_2022_2024,SCATTER,SCATTER,518,274,46,0.01937202208795425,0.6583011583011583,0.0559013918192551,-0.03907305657359485
INDEPENDENT_CURRENT_CONSTITUENTS,STAGE_ENTRY_FLEE,10,ERA_2025_2026,CALM,CALM,108,89,38,0.0050225246505668005,0.5092592592592593,0.038366623392643795,-0.0313440079490548
INDEPENDENT_CURRENT_CONSTITUENTS,STAGE_ENTRY_FLEE,10,ERA_2025_2026,CALM,DRIFT,1,1,1,0.0193397307469405,1.0,0.0467153015403225,-0.0262773927933277
INDEPENDENT_CURRENT_CONSTITUENTS,STAGE_ENTRY_FLEE,10,ERA_2025_2026,CALM,FLEE,11,11,1,0.0617744603617302,0.8181818181818182,0.1005933140764436,-0.0275754585035427
INDEPENDENT_CURRENT_CONSTITUENTS,STAGE_ENTRY_FLEE,10,ERA_2025_2026,CALM,SCATTER,207,162,45,0.0083620898611576,0.5603864734299517,0.0421574030096121,-0.0356097391459733
INDEPENDENT_CURRENT_CONSTITUENTS,STAGE_ENTRY_FLEE,10,ERA_2025_2026,DRIFT,CALM,5,5,2,-0.0731232663512719,0.2,0.0230428241571976,-0.1100787495604904
INDEPENDENT_CURRENT_CONSTITUENTS,STAGE_ENTRY_FLEE,10,ERA_2025_2026,DRIFT,SCATTER,9,9,2,0.0266019514761615,0.6666666666666666,0.0575863679504367,-0.0448101574683544
INDEPENDENT_CURRENT_CONSTITUENTS,STAGE_ENTRY_FLEE,10,ERA_2025_2026,SCATTER,CALM,1,1,1,0.0171226526014334,1.0,0.0401759921661952,-0.0348192106395524
INDEPENDENT_CURRENT_CONSTITUENTS,STAGE_ENTRY_FLEE,10,ERA_2025_2026,SCATTER,FLEE,12,12,1,0.0747090877582041,1.0,0.23475067383834536,-0.0273301996755637
INDEPENDENT_CURRENT_CONSTITUENTS,STAGE_ENTRY_FLEE,10,ERA_2025_2026,SCATTER,SCATTER,47,47,5,0.0352968803881665,0.7872340425531915,0.0898186214153289,-0.0329828625082651
INDEPENDENT_CURRENT_CONSTITUENTS,STAGE_ENTRY_FLEE,20,ERA_2013_2015,CALM,CALM,72,62,29,0.0015586956050692,0.5138888888888888,0.0370670990367567,-0.0475414505478063
INDEPENDENT_CURRENT_CONSTITUENTS,STAGE_ENTRY_FLEE,20,ERA_2013_2015,CALM,DRIFT,1,1,1,0.0132407158142522,1.0,0.0261659823683877,-0.0286887015753671
INDEPENDENT_CURRENT_CONSTITUENTS,STAGE_ENTRY_FLEE,20,ERA_2013_2015,CALM,FLEE,4,4,3,0.049729870552595645,0.75,0.09008710643531001,-0.05436039502479845
INDEPENDENT_CURRENT_CONSTITUENTS,STAGE_ENTRY_FLEE,20,ERA_2013_2015,CALM,SCATTER,190,147,45,0.0063056345250113496,0.5421052631578948,0.040757742600075,-0.03041499315541635
INDEPENDENT_CURRENT_CONSTITUENTS,STAGE_ENTRY_FLEE,20,ERA_2013_2015,DRIFT,CALM,1,1,1,-0.0214633399493047,0.0,0.0086026927747231,-0.0604796575524558
INDEPENDENT_CURRENT_CONSTITUENTS,STAGE_ENTRY_FLEE,20,ERA_2013_2015,SCATTER,CALM,40,39,19,0.0090263133554575,0.65,0.044176981712001656,-0.0452143366686567
INDEPENDENT_CURRENT_CONSTITUENTS,STAGE_ENTRY_FLEE,20,ERA_2013_2015,SCATTER,FLEE,56,50,11,0.0488652924149446,0.7678571428571429,0.08852581077584695,-0.04081089654410145
INDEPENDENT_CURRENT_CONSTITUENTS,STAGE_ENTRY_FLEE,20,ERA_2013_2015,SCATTER,SCATTER,442,249,42,0.01338259872790235,0.5656108597285068,0.0506140948168518,-0.040058560008049096
INDEPENDENT_CURRENT_CONSTITUENTS,STAGE_ENTRY_FLEE,20,ERA_2016_2018,CALM,CALM,99,87,40,0.0072287990023827,0.5656565656565656,0.0441889932208072,-0.0349840664211795
INDEPENDENT_CURRENT_CONSTITUENTS,STAGE_ENTRY_FLEE,20,ERA_2016_2018,CALM,DRIFT,1,1,1,-0.0409033907618024,0.0,0.0040935493242368,-0.0770013934450544
INDEPENDENT_CURRENT_CONSTITUENTS,STAGE_ENTRY_FLEE,20,ERA_2016_2018,CALM,FLEE,21,20,5,0.0183980687673543,0.6190476190476191,0.0476190806561405,-0.030197144212853
INDEPENDENT_CURRENT_CONSTITUENTS,STAGE_ENTRY_FLEE,20,ERA_2016_2018,CALM,SCATTER,190,141,47,0.012894591868239,0.6210526315789474,0.048372291495111006,-0.035309479810178596
INDEPENDENT_CURRENT_CONSTITUENTS,STAGE_ENTRY_FLEE,20,ERA_2016_2018,DRIFT,CALM,38,32,21,0.006987047570886451,0.5263157894736842,0.03746703348284225,-0.04890650147720945
INDEPENDENT_CURRENT_CONSTITUENTS,STAGE_ENTRY_FLEE,20,ERA_2016_2018,DRIFT,DRIFT,5,5,4,-0.0647730592762151,0.4,0.0214813902578518,-0.0647730592762151
INDEPENDENT_CURRENT_CONSTITUENTS,STAGE_ENTRY_FLEE,20,ERA_2016_2018,DRIFT,SCATTER,46,35,23,-0.00504155883296775,0.3695652173913043,0.0272819670458732,-0.05195262428769845
INDEPENDENT_CURRENT_CONSTITUENTS,STAGE_ENTRY_FLEE,20,ERA_2016_2018,SCATTER,CALM,8,7,4,0.011617415258088704,0.5,0.0502396077600987,-0.019803252581622202
INDEPENDENT_CURRENT_CONSTITUENTS,STAGE_ENTRY_FLEE,20,ERA_2016_2018,SCATTER,FLEE,106,96,11,0.05785208130560545,0.6981132075471698,0.08013211400699036,-0.052551555622807195
INDEPENDENT_CURRENT_CONSTITUENTS,STAGE_ENTRY_FLEE,20,ERA_2016_2018,SCATTER,SCATTER,291,214,31,0.0119736095696374,0.5601374570446735,0.0553786487329297,-0.0779775447547113
INDEPENDENT_CURRENT_CONSTITUENTS,STAGE_ENTRY_FLEE,20,ERA_2019_2021,CALM,CALM,78,71,31,0.0227500900730174,0.6025641025641025,0.06642887093150925,-0.04497553301859075
INDEPENDENT_CURRENT_CONSTITUENTS,STAGE_ENTRY_FLEE,20,ERA_2019_2021,CALM,SCATTER,184,142,48,0.04018372138201185,0.6739130434782609,0.0706078079081716,-0.031620293991900444
INDEPENDENT_CURRENT_CONSTITUENTS,STAGE_ENTRY_FLEE,20,ERA_2019_2021,DRIFT,CALM,22,20,12,0.0161118166736521,0.6818181818181818,0.054771154538787045,-0.02345613982513595
INDEPENDENT_CURRENT_CONSTITUENTS,STAGE_ENTRY_FLEE,20,ERA_2019_2021,DRIFT,DRIFT,1,1,1,0.1586502672231453,1.0,0.1602759148738421,-0.0297575459737983
INDEPENDENT_CURRENT_CONSTITUENTS,STAGE_ENTRY_FLEE,20,ERA_2019_2021,DRIFT,SCATTER,28,28,9,0.00349342396642435,0.5714285714285714,0.050075447878848794,-0.0362969409359714
INDEPENDENT_CURRENT_CONSTITUENTS,STAGE_ENTRY_FLEE,20,ERA_2019_2021,FLEE,FLEE,60,60,1,0.2438177930773264,0.9666666666666667,0.3553776220712843,-0.0775147863550167
INDEPENDENT_CURRENT_CONSTITUENTS,STAGE_ENTRY_FLEE,20,ERA_2019_2021,FLEE,SCATTER,7,7,1,0.3614564617198681,1.0,0.4170270166725101,-0.0724523271131443
INDEPENDENT_CURRENT_CONSTITUENTS,STAGE_ENTRY_FLEE,20,ERA_2019_2021,SCATTER,CALM,8,8,5,0.10775985320387366,1.0,0.11040093443892235,-0.013436003439909399
INDEPENDENT_CURRENT_CONSTITUENTS,STAGE_ENTRY_FLEE,20,ERA_2019_2021,SCATTER,FLEE,57,57,6,0.1347120117200253,0.8070175438596491,0.2315386686420235,-0.177142819594029
INDEPENDENT_CURRENT_CONSTITUENTS,STAGE_ENTRY_FLEE,20,ERA_2019_2021,SCATTER,SCATTER,225,169,21,0.0067681620799966,0.52,0.0825561898475364,-0.0931664910547325
INDEPENDENT_CURRENT_CONSTITUENTS,STAGE_ENTRY_FLEE,20,ERA_2022_2024,CALM,CALM,83,69,31,0.0002138308459067,0.5060240963855421,0.0670253989110472,-0.0467468097469494
INDEPENDENT_CURRENT_CONSTITUENTS,STAGE_ENTRY_FLEE,20,ERA_2022_2024,CALM,FLEE,1,1,1,-0.0008686855275336,0.0,0.0461449772928468,-0.080825506634399
INDEPENDENT_CURRENT_CONSTITUENTS,STAGE_ENTRY_FLEE,20,ERA_2022_2024,CALM,SCATTER,131,102,40,0.0061187289792803,0.549618320610687,0.0444000427312183,-0.050402598959339
INDEPENDENT_CURRENT_CONSTITUENTS,STAGE_ENTRY_FLEE,20,ERA_2022_2024,DRIFT,CALM,18,17,12,-0.028829465148659097,0.3888888888888889,0.055768369376796245,-0.0730829941843678
INDEPENDENT_CURRENT_CONSTITUENTS,STAGE_ENTRY_FLEE,20,ERA_2022_2024,DRIFT,DRIFT,1,1,1,-0.0655345764610757,0.0,0.0140371536624821,-0.1404238382361444
INDEPENDENT_CURRENT_CONSTITUENTS,STAGE_ENTRY_FLEE,20,ERA_2022_2024,DRIFT,SCATTER,13,13,10,0.0233408827805394,0.6923076923076923,0.078450172648949,-0.0235421711369204
INDEPENDENT_CURRENT_CONSTITUENTS,STAGE_ENTRY_FLEE,20,ERA_2022_2024,SCATTER,CALM,10,9,7,0.036507597434905545,0.6,0.0601314439725405,-0.06518574579645464
INDEPENDENT_CURRENT_CONSTITUENTS,STAGE_ENTRY_FLEE,20,ERA_2022_2024,SCATTER,FLEE,71,64,16,0.0073113007147542,0.5633802816901409,0.0801967423077456,-0.0598647483664672
INDEPENDENT_CURRENT_CONSTITUENTS,STAGE_ENTRY_FLEE,20,ERA_2022_2024,SCATTER,SCATTER,518,274,46,0.0289003715216552,0.6138996138996139,0.07603242866695265,-0.0522424150651352
INDEPENDENT_CURRENT_CONSTITUENTS,STAGE_ENTRY_FLEE,20,ERA_2025_2026,CALM,CALM,101,83,36,-0.0030118612998488,0.48514851485148514,0.0509259371109001,-0.0508835706273914
INDEPENDENT_CURRENT_CONSTITUENTS,STAGE_ENTRY_FLEE,20,ERA_2025_2026,CALM,DRIFT,1,1,1,-0.049396199278292,0.0,0.0467153015403225,-0.0515898806135709
INDEPENDENT_CURRENT_CONSTITUENTS,STAGE_ENTRY_FLEE,20,ERA_2025_2026,CALM,FLEE,11,11,1,0.1026014650049973,0.8181818181818182,0.1468284089979408,-0.0286002643434059
INDEPENDENT_CURRENT_CONSTITUENTS,STAGE_ENTRY_FLEE,20,ERA_2025_2026,CALM,SCATTER,203,160,44,0.0171108733246461,0.5911330049261084,0.0579282938134073,-0.0522692359534808
INDEPENDENT_CURRENT_CONSTITUENTS,STAGE_ENTRY_FLEE,20,ERA_2025_2026,DRIFT,CALM,5,5,2,0.0257720928598974,0.8,0.0705247410584049,-0.1100787495604904
INDEPENDENT_CURRENT_CONSTITUENTS,STAGE_ENTRY_FLEE,20,ERA_2025_2026,DRIFT,SCATTER,9,9,2,-0.0152490909248126,0.4444444444444444,0.0704960422992764,-0.0448101574683544
INDEPENDENT_CURRENT_CONSTITUENTS,STAGE_ENTRY_FLEE,20,ERA_2025_2026,SCATTER,CALM,1,1,1,0.1341112944178388,1.0,0.1530515066204265,-0.0348192106395524
INDEPENDENT_CURRENT_CONSTITUENTS,STAGE_ENTRY_FLEE,20,ERA_2025_2026,SCATTER,FLEE,12,12,1,0.26690615670954476,1.0,0.2903203504382179,-0.0273301996755637
INDEPENDENT_CURRENT_CONSTITUENTS,STAGE_ENTRY_FLEE,20,ERA_2025_2026,SCATTER,SCATTER,47,47,5,0.1169113914668704,0.9361702127659575,0.1549383089856992,-0.0329828625082651
INDEPENDENT_CURRENT_CONSTITUENTS,STAGE_ENTRY_FLEE,21,ERA_2013_2015,CALM,CALM,72,62,29,0.0046625095217073,0.5416666666666666,0.0381960324082829,-0.04835166841921055
INDEPENDENT_CURRENT_CONSTITUENTS,STAGE_ENTRY_FLEE,21,ERA_2013_2015,CALM,DRIFT,1,1,1,0.0242744849454508,1.0,0.0274270203735309,-0.0286887015753671
INDEPENDENT_CURRENT_CONSTITUENTS,STAGE_ENTRY_FLEE,21,ERA_2013_2015,CALM,FLEE,4,4,3,0.0558121144918031,0.75,0.09008710643531001,-0.058169458210389796
INDEPENDENT_CURRENT_CONSTITUENTS,STAGE_ENTRY_FLEE,21,ERA_2013_2015,CALM,SCATTER,190,147,45,0.00738111504168585,0.5526315789473685,0.04304187107724075,-0.0310590926639564
INDEPENDENT_CURRENT_CONSTITUENTS,STAGE_ENTRY_FLEE,21,ERA_2013_2015,DRIFT,CALM,1,1,1,-0.0127737328554682,0.0,0.0086026927747231,-0.0604796575524558
INDEPENDENT_CURRENT_CONSTITUENTS,STAGE_ENTRY_FLEE,21,ERA_2013_2015,SCATTER,CALM,40,39,19,0.00496943996917605,0.525,0.04472091589067415,-0.0452143366686567
INDEPENDENT_CURRENT_CONSTITUENTS,STAGE_ENTRY_FLEE,21,ERA_2013_2015,SCATTER,FLEE,56,50,11,0.0485437238705844,0.7857142857142857,0.0923450076441435,-0.04081089654410145
INDEPENDENT_CURRENT_CONSTITUENTS,STAGE_ENTRY_FLEE,21,ERA_2013_2015,SCATTER,SCATTER,442,249,42,0.0132288404796604,0.5588235294117647,0.0518885742099789,-0.04199641194591325
INDEPENDENT_CURRENT_CONSTITUENTS,STAGE_ENTRY_FLEE,21,ERA_2016_2018,CALM,CALM,99,87,40,0.010281036989016,0.5757575757575758,0.0441889932208072,-0.0349840664211795
INDEPENDENT_CURRENT_CONSTITUENTS,STAGE_ENTRY_FLEE,21,ERA_2016_2018,CALM,DRIFT,1,1,1,-0.0511751412601491,0.0,0.0040935493242368,-0.0770013934450544
INDEPENDENT_CURRENT_CONSTITUENTS,STAGE_ENTRY_FLEE,21,ERA_2016_2018,CALM,FLEE,21,20,5,0.0210265089141372,0.6666666666666666,0.0476190806561405,-0.030197144212853
INDEPENDENT_CURRENT_CONSTITUENTS,STAGE_ENTRY_FLEE,21,ERA_2016_2018,CALM,SCATTER,190,141,47,0.0181618618530726,0.6421052631578947,0.04965162493918935,-0.035431049351216146
INDEPENDENT_CURRENT_CONSTITUENTS,STAGE_ENTRY_FLEE,21,ERA_2016_2018,DRIFT,CALM,38,32,21,0.00292887556525215,0.5263157894736842,0.03889387839004825,-0.04890650147720945
INDEPENDENT_CURRENT_CONSTITUENTS,STAGE_ENTRY_FLEE,21,ERA_2016_2018,DRIFT,DRIFT,5,5,4,-0.0881537479000729,0.4,0.0214813902578518,-0.0881537479000729
INDEPENDENT_CURRENT_CONSTITUENTS,STAGE_ENTRY_FLEE,21,ERA_2016_2018,DRIFT,SCATTER,46,35,23,-0.00553083403194365,0.391304347826087,0.0282635544977134,-0.0542086952186401
INDEPENDENT_CURRENT_CONSTITUENTS,STAGE_ENTRY_FLEE,21,ERA_2016_2018,SCATTER,CALM,8,7,4,0.0036179701756023494,0.5,0.0502396077600987,-0.0212128729036938
INDEPENDENT_CURRENT_CONSTITUENTS,STAGE_ENTRY_FLEE,21,ERA_2016_2018,SCATTER,FLEE,106,96,11,0.057295761531628145,0.7358490566037735,0.0825367363207728,-0.052551555622807195
INDEPENDENT_CURRENT_CONSTITUENTS,STAGE_ENTRY_FLEE,21,ERA_2016_2018,SCATTER,SCATTER,291,214,31,0.0065329783260803,0.5429553264604811,0.0569802784785598,-0.0782842728413277
INDEPENDENT_CURRENT_CONSTITUENTS,STAGE_ENTRY_FLEE,21,ERA_2019_2021,CALM,CALM,78,71,31,0.02768985724984495,0.6282051282051282,0.06642887093150925,-0.04497553301859075
INDEPENDENT_CURRENT_CONSTITUENTS,STAGE_ENTRY_FLEE,21,ERA_2019_2021,CALM,SCATTER,184,142,48,0.04198643432252355,0.7010869565217391,0.07371386932686745,-0.0324947790605584
INDEPENDENT_CURRENT_CONSTITUENTS,STAGE_ENTRY_FLEE,21,ERA_2019_2021,DRIFT,CALM,22,20,12,0.013258396917689801,0.6363636363636364,0.054771154538787045,-0.02475615471402485
INDEPENDENT_CURRENT_CONSTITUENTS,STAGE_ENTRY_FLEE,21,ERA_2019_2021,DRIFT,DRIFT,1,1,1,0.1600726550457021,1.0,0.161332444976308,-0.0297575459737983
INDEPENDENT_CURRENT_CONSTITUENTS,STAGE_ENTRY_FLEE,21,ERA_2019_2021,DRIFT,SCATTER,28,28,9,0.00447005431912335,0.5357142857142857,0.051025856686621254,-0.03694077505838215
INDEPENDENT_CURRENT_CONSTITUENTS,STAGE_ENTRY_FLEE,21,ERA_2019_2021,FLEE,FLEE,60,60,1,0.2157189449206272,0.95,0.3553776220712843,-0.0775147863550167
INDEPENDENT_CURRENT_CONSTITUENTS,STAGE_ENTRY_FLEE,21,ERA_2019_2021,FLEE,SCATTER,7,7,1,0.2977803208353426,1.0,0.4170270166725101,-0.0724523271131443
INDEPENDENT_CURRENT_CONSTITUENTS,STAGE_ENTRY_FLEE,21,ERA_2019_2021,SCATTER,CALM,8,8,5,0.11027479152584455,0.875,0.115752447400572,-0.013436003439909399
INDEPENDENT_CURRENT_CONSTITUENTS,STAGE_ENTRY_FLEE,21,ERA_2019_2021,SCATTER,FLEE,57,57,6,0.1437376731510553,0.8245614035087719,0.2315386686420235,-0.177142819594029
INDEPENDENT_CURRENT_CONSTITUENTS,STAGE_ENTRY_FLEE,21,ERA_2019_2021,SCATTER,SCATTER,225,169,21,0.0166955529077785,0.5777777777777777,0.0837187188257211,-0.0931664910547325
INDEPENDENT_CURRENT_CONSTITUENTS,STAGE_ENTRY_FLEE,21,ERA_2022_2024,CALM,CALM,83,69,31,0.0097400296487499,0.5542168674698795,0.0685408613587237,-0.0491104902307339
INDEPENDENT_CURRENT_CONSTITUENTS,STAGE_ENTRY_FLEE,21,ERA_2022_2024,CALM,FLEE,1,1,1,-0.0287981381437989,0.0,0.0461449772928468,-0.080825506634399
INDEPENDENT_CURRENT_CONSTITUENTS,STAGE_ENTRY_FLEE,21,ERA_2022_2024,CALM,SCATTER,131,102,40,0.0067700562750518,0.5267175572519084,0.0444000427312183,-0.0506503764656522
INDEPENDENT_CURRENT_CONSTITUENTS,STAGE_ENTRY_FLEE,21,ERA_2022_2024,DRIFT,CALM,18,17,12,-0.0220609838721176,0.3888888888888889,0.06452460098551355,-0.07367847987710466
INDEPENDENT_CURRENT_CONSTITUENTS,STAGE_ENTRY_FLEE,21,ERA_2022_2024,DRIFT,DRIFT,1,1,1,-0.0578358161731117,0.0,0.0140371536624821,-0.1404238382361444
INDEPENDENT_CURRENT_CONSTITUENTS,STAGE_ENTRY_FLEE,21,ERA_2022_2024,DRIFT,SCATTER,13,13,10,0.0076695563570929,0.5384615384615384,0.078450172648949,-0.0241584369828208
INDEPENDENT_CURRENT_CONSTITUENTS,STAGE_ENTRY_FLEE,21,ERA_2022_2024,SCATTER,CALM,10,9,7,0.0391414203083073,0.6,0.07256640648565965,-0.06518574579645464
INDEPENDENT_CURRENT_CONSTITUENTS,STAGE_ENTRY_FLEE,21,ERA_2022_2024,SCATTER,FLEE,71,64,16,0.0118565080291199,0.5352112676056338,0.0802384964037166,-0.060225124135531
INDEPENDENT_CURRENT_CONSTITUENTS,STAGE_ENTRY_FLEE,21,ERA_2022_2024,SCATTER,SCATTER,518,274,46,0.02212561055073985,0.6158301158301158,0.0768762127637872,-0.05271554556285225
INDEPENDENT_CURRENT_CONSTITUENTS,STAGE_ENTRY_FLEE,21,ERA_2025_2026,CALM,CALM,101,83,36,-0.0008154359999288,0.49504950495049505,0.0522772561269477,-0.0534432345073723
INDEPENDENT_CURRENT_CONSTITUENTS,STAGE_ENTRY_FLEE,21,ERA_2025_2026,CALM,DRIFT,1,1,1,-0.0376964845266987,0.0,0.0467153015403225,-0.0515898806135709
INDEPENDENT_CURRENT_CONSTITUENTS,STAGE_ENTRY_FLEE,21,ERA_2025_2026,CALM,FLEE,11,11,1,0.1223429692042437,0.8181818181818182,0.1471759042228073,-0.0286002643434059
INDEPENDENT_CURRENT_CONSTITUENTS,STAGE_ENTRY_FLEE,21,ERA_2025_2026,CALM,SCATTER,203,160,44,0.0135041516778739,0.5862068965517241,0.0586741201626992,-0.0523882896764252
INDEPENDENT_CURRENT_CONSTITUENTS,STAGE_ENTRY_FLEE,21,ERA_2025_2026,DRIFT,CALM,5,5,2,0.0025825598721054,0.6,0.0705247410584049,-0.1100787495604904
INDEPENDENT_CURRENT_CONSTITUENTS,STAGE_ENTRY_FLEE,21,ERA_2025_2026,DRIFT,SCATTER,9,9,2,-0.0196747807697269,0.2222222222222222,0.0704960422992764,-0.0448101574683544
INDEPENDENT_CURRENT_CONSTITUENTS,STAGE_ENTRY_FLEE,21,ERA_2025_2026,SCATTER,CALM,1,1,1,0.1226324686127759,1.0,0.1530515066204265,-0.0348192106395524
INDEPENDENT_CURRENT_CONSTITUENTS,STAGE_ENTRY_FLEE,21,ERA_2025_2026,SCATTER,FLEE,12,12,1,0.2611355348657739,1.0,0.2903203504382179,-0.0273301996755637
INDEPENDENT_CURRENT_CONSTITUENTS,STAGE_ENTRY_FLEE,21,ERA_2025_2026,SCATTER,SCATTER,47,47,5,0.1049902581751536,0.851063829787234,0.1549383089856992,-0.0329828625082651
INDEPENDENT_CURRENT_CONSTITUENTS,STAGE_ENTRY_FLEE,40,ERA_2013_2015,CALM,CALM,72,62,29,0.013101852285127748,0.5694444444444444,0.067484024251183,-0.05744314780089105
INDEPENDENT_CURRENT_CONSTITUENTS,STAGE_ENTRY_FLEE,40,ERA_2013_2015,CALM,DRIFT,1,1,1,0.0339659078781082,1.0,0.071248122074718,-0.0286887015753671
INDEPENDENT_CURRENT_CONSTITUENTS,STAGE_ENTRY_FLEE,40,ERA_2013_2015,CALM,FLEE,4,4,3,0.10370593643786591,1.0,0.12601522988031377,-0.058169458210389796
INDEPENDENT_CURRENT_CONSTITUENTS,STAGE_ENTRY_FLEE,40,ERA_2013_2015,CALM,SCATTER,190,147,45,0.025226080967270248,0.6421052631578947,0.0635727577987864,-0.041450841961590046
INDEPENDENT_CURRENT_CONSTITUENTS,STAGE_ENTRY_FLEE,40,ERA_2013_2015,DRIFT,CALM,1,1,1,0.0835071293855331,1.0,0.0862008867295656,-0.0604796575524558
INDEPENDENT_CURRENT_CONSTITUENTS,STAGE_ENTRY_FLEE,40,ERA_2013_2015,SCATTER,CALM,40,39,19,0.0433508662671745,0.575,0.06811441281213171,-0.04869397393152805
INDEPENDENT_CURRENT_CONSTITUENTS,STAGE_ENTRY_FLEE,40,ERA_2013_2015,SCATTER,FLEE,56,50,11,0.06577422549538985,0.7321428571428571,0.1044495177698622,-0.049038301710153095
INDEPENDENT_CURRENT_CONSTITUENTS,STAGE_ENTRY_FLEE,40,ERA_2013_2015,SCATTER,SCATTER,442,249,42,0.01981052892138465,0.5769230769230769,0.0719054622105077,-0.05920954460940555
INDEPENDENT_CURRENT_CONSTITUENTS,STAGE_ENTRY_FLEE,40,ERA_2016_2018,CALM,CALM,99,87,40,0.02397625997272,0.5757575757575758,0.065664911262177,-0.0665401705496659
INDEPENDENT_CURRENT_CONSTITUENTS,STAGE_ENTRY_FLEE,40,ERA_2016_2018,CALM,DRIFT,1,1,1,-0.1172083700977478,0.0,0.0040935493242368,-0.1177953458258473
INDEPENDENT_CURRENT_CONSTITUENTS,STAGE_ENTRY_FLEE,40,ERA_2016_2018,CALM,FLEE,21,20,5,0.031974942193671,0.6666666666666666,0.0611073491044127,-0.0364030606651341
INDEPENDENT_CURRENT_CONSTITUENTS,STAGE_ENTRY_FLEE,40,ERA_2016_2018,CALM,SCATTER,190,141,47,0.049166657524580853,0.6789473684210526,0.0799300093772804,-0.0516246161378961
INDEPENDENT_CURRENT_CONSTITUENTS,STAGE_ENTRY_FLEE,40,ERA_2016_2018,DRIFT,CALM,38,32,21,-0.0061352193029544505,0.4473684210526316,0.04777818197435996,-0.0672184805625731
INDEPENDENT_CURRENT_CONSTITUENTS,STAGE_ENTRY_FLEE,40,ERA_2016_2018,DRIFT,DRIFT,5,5,4,-0.0907515125585044,0.4,0.0214813902578518,-0.0921370657569816
INDEPENDENT_CURRENT_CONSTITUENTS,STAGE_ENTRY_FLEE,40,ERA_2016_2018,DRIFT,SCATTER,46,35,23,-0.01171369387358815,0.45652173913043476,0.03293446708827725,-0.06182594198130725
INDEPENDENT_CURRENT_CONSTITUENTS,STAGE_ENTRY_FLEE,40,ERA_2016_2018,SCATTER,CALM,8,7,4,0.0357871073181812,0.625,0.06399575654896925,-0.02463694283688875
INDEPENDENT_CURRENT_CONSTITUENTS,STAGE_ENTRY_FLEE,40,ERA_2016_2018,SCATTER,FLEE,106,96,11,0.11981680372918649,0.8490566037735849,0.15506887852002244,-0.05751529172796245
INDEPENDENT_CURRENT_CONSTITUENTS,STAGE_ENTRY_FLEE,40,ERA_2016_2018,SCATTER,SCATTER,291,214,31,0.0266437990537813,0.5807560137457045,0.0879036553441805,-0.0880955518508573
INDEPENDENT_CURRENT_CONSTITUENTS,STAGE_ENTRY_FLEE,40,ERA_2019_2021,CALM,CALM,78,71,31,0.03192044453343105,0.6794871794871795,0.09933041041579516,-0.0530540766191581
INDEPENDENT_CURRENT_CONSTITUENTS,STAGE_ENTRY_FLEE,40,ERA_2019_2021,CALM,SCATTER,184,142,48,0.0671388813818112,0.7717391304347826,0.1188851402831212,-0.0443236570893773
INDEPENDENT_CURRENT_CONSTITUENTS,STAGE_ENTRY_FLEE,40,ERA_2019_2021,DRIFT,CALM,22,20,12,-0.025458601436681598,0.3181818181818182,0.0705962709439808,-0.05257029460279815
INDEPENDENT_CURRENT_CONSTITUENTS,STAGE_ENTRY_FLEE,40,ERA_2019_2021,DRIFT,DRIFT,1,1,1,0.213715669891394,1.0,0.2257446252496162,-0.0297575459737983
INDEPENDENT_CURRENT_CONSTITUENTS,STAGE_ENTRY_FLEE,40,ERA_2019_2021,DRIFT,SCATTER,28,28,9,0.021615880367400198,0.7142857142857143,0.06964616313836045,-0.055564497308405805
INDEPENDENT_CURRENT_CONSTITUENTS,STAGE_ENTRY_FLEE,40,ERA_2019_2021,FLEE,FLEE,60,60,1,0.3223306283346761,0.95,0.3888934023870305,-0.0779719422163548
INDEPENDENT_CURRENT_CONSTITUENTS,STAGE_ENTRY_FLEE,40,ERA_2019_2021,FLEE,SCATTER,7,7,1,0.4381590317122086,1.0,0.4629232817377133,-0.0724523271131443
INDEPENDENT_CURRENT_CONSTITUENTS,STAGE_ENTRY_FLEE,40,ERA_2019_2021,SCATTER,CALM,8,8,5,0.18720667450442005,1.0,0.2222144813951877,-0.013436003439909399
INDEPENDENT_CURRENT_CONSTITUENTS,STAGE_ENTRY_FLEE,40,ERA_2019_2021,SCATTER,FLEE,57,57,6,0.1518474269281251,0.8596491228070176,0.2734848945454546,-0.177142819594029
INDEPENDENT_CURRENT_CONSTITUENTS,STAGE_ENTRY_FLEE,40,ERA_2019_2021,SCATTER,SCATTER,225,169,21,0.0357300220004457,0.6311111111111111,0.1169669374998096,-0.1091798861658815
INDEPENDENT_CURRENT_CONSTITUENTS,STAGE_ENTRY_FLEE,40,ERA_2022_2024,CALM,CALM,83,69,31,0.0340296656402758,0.6024096385542169,0.0915541047787205,-0.0578595030264305
INDEPENDENT_CURRENT_CONSTITUENTS,STAGE_ENTRY_FLEE,40,ERA_2022_2024,CALM,FLEE,1,1,1,-0.0383001035177172,0.0,0.1030755510854668,-0.080825506634399
INDEPENDENT_CURRENT_CONSTITUENTS,STAGE_ENTRY_FLEE,40,ERA_2022_2024,CALM,SCATTER,131,102,40,0.0289080455776755,0.6106870229007634,0.0818669378174148,-0.0646180985286678
INDEPENDENT_CURRENT_CONSTITUENTS,STAGE_ENTRY_FLEE,40,ERA_2022_2024,DRIFT,CALM,18,17,12,-0.0602406647207591,0.3333333333333333,0.0764985154329602,-0.12944927222536526
INDEPENDENT_CURRENT_CONSTITUENTS,STAGE_ENTRY_FLEE,40,ERA_2022_2024,DRIFT,DRIFT,1,1,1,0.020414409679591,1.0,0.0248957129962434,-0.1422048747257898
INDEPENDENT_CURRENT_CONSTITUENTS,STAGE_ENTRY_FLEE,40,ERA_2022_2024,DRIFT,SCATTER,13,13,10,0.0138780958820987,0.7692307692307693,0.078450172648949,-0.04588090538883
INDEPENDENT_CURRENT_CONSTITUENTS,STAGE_ENTRY_FLEE,40,ERA_2022_2024,SCATTER,CALM,10,9,7,0.033856121860091404,0.8,0.0819863195846144,-0.06998267957406559
INDEPENDENT_CURRENT_CONSTITUENTS,STAGE_ENTRY_FLEE,40,ERA_2022_2024,SCATTER,FLEE,71,64,16,0.0317826488451686,0.6619718309859155,0.1178766955892762,-0.0837396802577328
INDEPENDENT_CURRENT_CONSTITUENTS,STAGE_ENTRY_FLEE,40,ERA_2022_2024,SCATTER,SCATTER,518,274,46,0.05905026743989775,0.6602316602316602,0.11502077567939965,-0.06684972482167445
INDEPENDENT_CURRENT_CONSTITUENTS,STAGE_ENTRY_FLEE,40,ERA_2025_2026,CALM,CALM,98,81,34,-0.0041969200256556,0.47959183673469385,0.06862259437244465,-0.0908262452806815
INDEPENDENT_CURRENT_CONSTITUENTS,STAGE_ENTRY_FLEE,40,ERA_2025_2026,CALM,DRIFT,1,1,1,0.1304873031794016,1.0,0.1334122350546078,-0.0515898806135709
INDEPENDENT_CURRENT_CONSTITUENTS,STAGE_ENTRY_FLEE,40,ERA_2025_2026,CALM,FLEE,11,11,1,0.0337179035191279,0.7272727272727273,0.1580645439317247,-0.0306971590735344
INDEPENDENT_CURRENT_CONSTITUENTS,STAGE_ENTRY_FLEE,40,ERA_2025_2026,CALM,SCATTER,190,152,41,0.04569777336997555,0.631578947368421,0.09994720424806555,-0.0756376270741657
INDEPENDENT_CURRENT_CONSTITUENTS,STAGE_ENTRY_FLEE,40,ERA_2025_2026,DRIFT,CALM,5,5,2,-0.0158005158394733,0.4,0.0705247410584049,-0.1100787495604904
INDEPENDENT_CURRENT_CONSTITUENTS,STAGE_ENTRY_FLEE,40,ERA_2025_2026,DRIFT,SCATTER,9,9,2,-0.0279973769078261,0.3333333333333333,0.0704960422992764,-0.0819553815299406
INDEPENDENT_CURRENT_CONSTITUENTS,STAGE_ENTRY_FLEE,40,ERA_2025_2026,SCATTER,CALM,1,1,1,-0.0074038558347289,0.0,0.1530515066204265,-0.0348192106395524
INDEPENDENT_CURRENT_CONSTITUENTS,STAGE_ENTRY_FLEE,40,ERA_2025_2026,SCATTER,FLEE,12,12,1,0.4083917012112803,1.0,0.4599129538547023,-0.0273301996755637
INDEPENDENT_CURRENT_CONSTITUENTS,STAGE_ENTRY_FLEE,40,ERA_2025_2026,SCATTER,SCATTER,47,47,5,0.1390426077420397,0.851063829787234,0.1718992656805931,-0.0371405859672975
INDEPENDENT_CURRENT_CONSTITUENTS,STAGE_ENTRY_FLEE,60,ERA_2013_2015,CALM,CALM,72,62,29,0.0366301799315942,0.625,0.0893384013313569,-0.0655156431373266
INDEPENDENT_CURRENT_CONSTITUENTS,STAGE_ENTRY_FLEE,60,ERA_2013_2015,CALM,DRIFT,1,1,1,0.0729234887867529,1.0,0.0850579836499119,-0.0286887015753671
INDEPENDENT_CURRENT_CONSTITUENTS,STAGE_ENTRY_FLEE,60,ERA_2013_2015,CALM,FLEE,4,4,3,0.0781503695432801,1.0,0.1692185299105202,-0.058169458210389796
INDEPENDENT_CURRENT_CONSTITUENTS,STAGE_ENTRY_FLEE,60,ERA_2013_2015,CALM,SCATTER,190,147,45,0.0454532244374673,0.6473684210526316,0.0854531048469249,-0.0475878894906378
INDEPENDENT_CURRENT_CONSTITUENTS,STAGE_ENTRY_FLEE,60,ERA_2013_2015,DRIFT,CALM,1,1,1,0.0699512980021519,1.0,0.094108461336503,-0.0604796575524558
INDEPENDENT_CURRENT_CONSTITUENTS,STAGE_ENTRY_FLEE,60,ERA_2013_2015,SCATTER,CALM,40,39,19,0.03819623762514805,0.65,0.0825930747361862,-0.07174844150920764
INDEPENDENT_CURRENT_CONSTITUENTS,STAGE_ENTRY_FLEE,60,ERA_2013_2015,SCATTER,FLEE,56,50,11,0.0543027359494444,0.6964285714285714,0.1306890825802249,-0.0533271258948263
INDEPENDENT_CURRENT_CONSTITUENTS,STAGE_ENTRY_FLEE,60,ERA_2013_2015,SCATTER,SCATTER,442,249,42,0.0311751895767219,0.6063348416289592,0.08907215598512716,-0.07752843328658834
INDEPENDENT_CURRENT_CONSTITUENTS,STAGE_ENTRY_FLEE,60,ERA_2016_2018,CALM,CALM,99,87,40,0.0036988321200197,0.5151515151515151,0.0796862056131861,-0.0780264674640616
INDEPENDENT_CURRENT_CONSTITUENTS,STAGE_ENTRY_FLEE,60,ERA_2016_2018,CALM,DRIFT,1,1,1,-0.0849254520661301,0.0,0.0040935493242368,-0.157415248173765
INDEPENDENT_CURRENT_CONSTITUENTS,STAGE_ENTRY_FLEE,60,ERA_2016_2018,CALM,FLEE,21,20,5,0.0262932044574988,0.6666666666666666,0.0727048236515648,-0.0364030606651341
INDEPENDENT_CURRENT_CONSTITUENTS,STAGE_ENTRY_FLEE,60,ERA_2016_2018,CALM,SCATTER,190,141,47,0.062084406324173544,0.7,0.1009663304160548,-0.05718999942707495
INDEPENDENT_CURRENT_CONSTITUENTS,STAGE_ENTRY_FLEE,60,ERA_2016_2018,DRIFT,CALM,38,32,21,0.021118816603070897,0.5526315789473685,0.07459686981731845,-0.0758042901652991
INDEPENDENT_CURRENT_CONSTITUENTS,STAGE_ENTRY_FLEE,60,ERA_2016_2018,DRIFT,DRIFT,5,5,4,-0.1387431952998205,0.4,0.0214813902578518,-0.1884988762612658
INDEPENDENT_CURRENT_CONSTITUENTS,STAGE_ENTRY_FLEE,60,ERA_2016_2018,DRIFT,SCATTER,46,35,23,0.0060724233069459,0.5652173913043478,0.04871401105884085,-0.07843716662849885
INDEPENDENT_CURRENT_CONSTITUENTS,STAGE_ENTRY_FLEE,60,ERA_2016_2018,SCATTER,CALM,8,7,4,0.06464890608237325,0.625,0.0816959718351693,-0.02463694283688875
INDEPENDENT_CURRENT_CONSTITUENTS,STAGE_ENTRY_FLEE,60,ERA_2016_2018,SCATTER,FLEE,106,96,11,0.136905809911361,0.8867924528301887,0.18770301819804341,-0.06019827370739335
INDEPENDENT_CURRENT_CONSTITUENTS,STAGE_ENTRY_FLEE,60,ERA_2016_2018,SCATTER,SCATTER,291,214,31,0.0509697702416218,0.7044673539518901,0.1144423042856588,-0.0996995054530478
INDEPENDENT_CURRENT_CONSTITUENTS,STAGE_ENTRY_FLEE,60,ERA_2019_2021,CALM,CALM,78,71,31,0.03920702126446765,0.5897435897435898,0.12171219947053286,-0.06393698140696849
INDEPENDENT_CURRENT_CONSTITUENTS,STAGE_ENTRY_FLEE,60,ERA_2019_2021,CALM,SCATTER,184,142,48,0.0930772072441129,0.7608695652173914,0.15259033265336058,-0.0517030276953903
INDEPENDENT_CURRENT_CONSTITUENTS,STAGE_ENTRY_FLEE,60,ERA_2019_2021,DRIFT,CALM,22,20,12,0.0072908769097058,0.5909090909090909,0.08601817479207725,-0.0849445867697511
INDEPENDENT_CURRENT_CONSTITUENTS,STAGE_ENTRY_FLEE,60,ERA_2019_2021,DRIFT,DRIFT,1,1,1,0.2308366158352248,1.0,0.233972117969071,-0.0297575459737983
INDEPENDENT_CURRENT_CONSTITUENTS,STAGE_ENTRY_FLEE,60,ERA_2019_2021,DRIFT,SCATTER,28,28,9,0.0868628332167781,0.8214285714285714,0.1076721190879478,-0.061238991693766454
INDEPENDENT_CURRENT_CONSTITUENTS,STAGE_ENTRY_FLEE,60,ERA_2019_2021,FLEE,FLEE,60,60,1,0.4098849289540105,1.0,0.5110988728447927,-0.0779719422163548
INDEPENDENT_CURRENT_CONSTITUENTS,STAGE_ENTRY_FLEE,60,ERA_2019_2021,FLEE,SCATTER,7,7,1,0.4292938014221561,1.0,0.5472633253116657,-0.0724523271131443
INDEPENDENT_CURRENT_CONSTITUENTS,STAGE_ENTRY_FLEE,60,ERA_2019_2021,SCATTER,CALM,8,8,5,0.19507433368746352,0.875,0.2515318274257731,-0.013436003439909399
INDEPENDENT_CURRENT_CONSTITUENTS,STAGE_ENTRY_FLEE,60,ERA_2019_2021,SCATTER,FLEE,57,57,6,0.3401262157637232,0.9298245614035088,0.418139667627045,-0.177142819594029
INDEPENDENT_CURRENT_CONSTITUENTS,STAGE_ENTRY_FLEE,60,ERA_2019_2021,SCATTER,SCATTER,225,169,21,0.0464290201394126,0.6488888888888888,0.1397793655424035,-0.1188089327104018
INDEPENDENT_CURRENT_CONSTITUENTS,STAGE_ENTRY_FLEE,60,ERA_2022_2024,CALM,CALM,83,69,31,0.0692141606039788,0.6506024096385542,0.1259619644445317,-0.0698064117487414
INDEPENDENT_CURRENT_CONSTITUENTS,STAGE_ENTRY_FLEE,60,ERA_2022_2024,CALM,FLEE,1,1,1,0.0423216124258285,1.0,0.105954807811228,-0.080825506634399
INDEPENDENT_CURRENT_CONSTITUENTS,STAGE_ENTRY_FLEE,60,ERA_2022_2024,CALM,SCATTER,131,102,40,0.0299118728130665,0.5648854961832062,0.1077572716460619,-0.0743890750479343
INDEPENDENT_CURRENT_CONSTITUENTS,STAGE_ENTRY_FLEE,60,ERA_2022_2024,DRIFT,CALM,18,17,12,-0.09539686306019479,0.3333333333333333,0.09084200956081274,-0.16905435115455955
INDEPENDENT_CURRENT_CONSTITUENTS,STAGE_ENTRY_FLEE,60,ERA_2022_2024,DRIFT,DRIFT,1,1,1,0.0041266313453747,1.0,0.0499451350258457,-0.1422048747257898
INDEPENDENT_CURRENT_CONSTITUENTS,STAGE_ENTRY_FLEE,60,ERA_2022_2024,DRIFT,SCATTER,13,13,10,-0.0008387061657184,0.46153846153846156,0.1128243821111805,-0.0462005241897842
INDEPENDENT_CURRENT_CONSTITUENTS,STAGE_ENTRY_FLEE,60,ERA_2022_2024,SCATTER,CALM,10,9,7,0.0583314726185961,0.7,0.1078491026124119,-0.06998267957406559
INDEPENDENT_CURRENT_CONSTITUENTS,STAGE_ENTRY_FLEE,60,ERA_2022_2024,SCATTER,FLEE,71,64,16,0.0400962761489078,0.6197183098591549,0.157864437245234,-0.0940826935502927
INDEPENDENT_CURRENT_CONSTITUENTS,STAGE_ENTRY_FLEE,60,ERA_2022_2024,SCATTER,SCATTER,518,274,46,0.0362029865082571,0.6177606177606177,0.14014567290679686,-0.08288350524380905
INDEPENDENT_CURRENT_CONSTITUENTS,STAGE_ENTRY_FLEE,60,ERA_2025_2026,CALM,CALM,93,77,32,-0.0171697945805169,0.4731182795698925,0.0872558356382635,-0.0965630708716654
INDEPENDENT_CURRENT_CONSTITUENTS,STAGE_ENTRY_FLEE,60,ERA_2025_2026,CALM,DRIFT,1,1,1,0.1158626593704175,1.0,0.1765550515099447,-0.0515898806135709
INDEPENDENT_CURRENT_CONSTITUENTS,STAGE_ENTRY_FLEE,60,ERA_2025_2026,CALM,SCATTER,151,126,37,0.0601420712202438,0.6158940397350994,0.1420032422994941,-0.0963258139399548
INDEPENDENT_CURRENT_CONSTITUENTS,STAGE_ENTRY_FLEE,60,ERA_2025_2026,DRIFT,CALM,5,5,2,-0.0261505159603313,0.4,0.0705247410584049,-0.1100787495604904
INDEPENDENT_CURRENT_CONSTITUENTS,STAGE_ENTRY_FLEE,60,ERA_2025_2026,DRIFT,SCATTER,9,9,2,-0.0671650432934456,0.2222222222222222,0.0821216049473021,-0.1286232083840528
INDEPENDENT_CURRENT_CONSTITUENTS,STAGE_ENTRY_FLEE,60,ERA_2025_2026,SCATTER,CALM,1,1,1,0.0833208809845824,1.0,0.1530515066204265,-0.0610706403894054
INDEPENDENT_CURRENT_CONSTITUENTS,STAGE_ENTRY_FLEE,60,ERA_2025_2026,SCATTER,FLEE,12,12,1,0.6699982858068221,1.0,0.7119063288155961,-0.0273301996755637
INDEPENDENT_CURRENT_CONSTITUENTS,STAGE_ENTRY_FLEE,60,ERA_2025_2026,SCATTER,SCATTER,47,47,5,0.1525736983000627,0.851063829787234,0.2291069804743271,-0.0390977773277164
INDEPENDENT_CURRENT_CONSTITUENTS,STAGE_ENTRY_FLEE,63,ERA_2013_2015,CALM,CALM,72,62,29,0.0436096956050608,0.6388888888888888,0.09427748833551106,-0.06734985680615996
INDEPENDENT_CURRENT_CONSTITUENTS,STAGE_ENTRY_FLEE,63,ERA_2013_2015,CALM,DRIFT,1,1,1,0.0662179698787359,1.0,0.0850579836499119,-0.0286887015753671
INDEPENDENT_CURRENT_CONSTITUENTS,STAGE_ENTRY_FLEE,63,ERA_2013_2015,CALM,FLEE,4,4,3,0.0896141911872211,1.0,0.1692185299105202,-0.058169458210389796
INDEPENDENT_CURRENT_CONSTITUENTS,STAGE_ENTRY_FLEE,63,ERA_2013_2015,CALM,SCATTER,190,147,45,0.0421415697720989,0.6736842105263158,0.09251136493060536,-0.048362836063871095
INDEPENDENT_CURRENT_CONSTITUENTS,STAGE_ENTRY_FLEE,63,ERA_2013_2015,DRIFT,CALM,1,1,1,0.057525156382123,1.0,0.094108461336503,-0.0604796575524558
INDEPENDENT_CURRENT_CONSTITUENTS,STAGE_ENTRY_FLEE,63,ERA_2013_2015,SCATTER,CALM,40,39,19,0.044080198274939295,0.65,0.0886933525129569,-0.07174844150920764
INDEPENDENT_CURRENT_CONSTITUENTS,STAGE_ENTRY_FLEE,63,ERA_2013_2015,SCATTER,FLEE,56,50,11,0.050385797417742254,0.6964285714285714,0.1365661959931479,-0.0533271258948263
INDEPENDENT_CURRENT_CONSTITUENTS,STAGE_ENTRY_FLEE,63,ERA_2013_2015,SCATTER,SCATTER,442,249,42,0.03872695757190145,0.6176470588235294,0.09343288364525479,-0.07868114685000725
INDEPENDENT_CURRENT_CONSTITUENTS,STAGE_ENTRY_FLEE,63,ERA_2016_2018,CALM,CALM,99,87,40,0.0119672435259259,0.5353535353535354,0.0839970968313141,-0.0780264674640616
INDEPENDENT_CURRENT_CONSTITUENTS,STAGE_ENTRY_FLEE,63,ERA_2016_2018,CALM,DRIFT,1,1,1,-0.0896211915038784,0.0,0.0040935493242368,-0.157415248173765
INDEPENDENT_CURRENT_CONSTITUENTS,STAGE_ENTRY_FLEE,63,ERA_2016_2018,CALM,FLEE,21,20,5,0.0275189791319685,0.7619047619047619,0.0761138029359584,-0.0364030606651341
INDEPENDENT_CURRENT_CONSTITUENTS,STAGE_ENTRY_FLEE,63,ERA_2016_2018,CALM,SCATTER,190,141,47,0.06535207153807725,0.7368421052631579,0.10586865525548936,-0.057284750798427195
INDEPENDENT_CURRENT_CONSTITUENTS,STAGE_ENTRY_FLEE,63,ERA_2016_2018,DRIFT,CALM,38,32,21,0.0188887328725252,0.5789473684210527,0.07494643620422975,-0.0758042901652991
INDEPENDENT_CURRENT_CONSTITUENTS,STAGE_ENTRY_FLEE,63,ERA_2016_2018,DRIFT,DRIFT,5,5,4,-0.1261189083823384,0.4,0.0214813902578518,-0.1884988762612658
INDEPENDENT_CURRENT_CONSTITUENTS,STAGE_ENTRY_FLEE,63,ERA_2016_2018,DRIFT,SCATTER,46,35,23,0.0041604996281522,0.5217391304347826,0.04871401105884085,-0.08017924731977095
INDEPENDENT_CURRENT_CONSTITUENTS,STAGE_ENTRY_FLEE,63,ERA_2016_2018,SCATTER,CALM,8,7,4,0.06916478728960225,0.625,0.0816959718351693,-0.02463694283688875
INDEPENDENT_CURRENT_CONSTITUENTS,STAGE_ENTRY_FLEE,63,ERA_2016_2018,SCATTER,FLEE,106,96,11,0.13175248351386443,0.8867924528301887,0.1878013442804028,-0.06019827370739335
INDEPENDENT_CURRENT_CONSTITUENTS,STAGE_ENTRY_FLEE,63,ERA_2016_2018,SCATTER,SCATTER,291,214,31,0.057845184293761,0.7079037800687286,0.1193999005129564,-0.0999199073645552
INDEPENDENT_CURRENT_CONSTITUENTS,STAGE_ENTRY_FLEE,63,ERA_2019_2021,CALM,CALM,78,71,31,0.05243863869198345,0.6153846153846154,0.12171219947053286,-0.06393698140696849
INDEPENDENT_CURRENT_CONSTITUENTS,STAGE_ENTRY_FLEE,63,ERA_2019_2021,CALM,SCATTER,184,142,48,0.08535512227700376,0.7608695652173914,0.153964158859744,-0.0524375318147232
INDEPENDENT_CURRENT_CONSTITUENTS,STAGE_ENTRY_FLEE,63,ERA_2019_2021,DRIFT,CALM,22,20,12,0.0168756100058059,0.6363636363636364,0.08601817479207725,-0.0849445867697511
INDEPENDENT_CURRENT_CONSTITUENTS,STAGE_ENTRY_FLEE,63,ERA_2019_2021,DRIFT,DRIFT,1,1,1,0.2734297436849351,1.0,0.2758319195794689,-0.0297575459737983
INDEPENDENT_CURRENT_CONSTITUENTS,STAGE_ENTRY_FLEE,63,ERA_2019_2021,DRIFT,SCATTER,28,28,9,0.09370989922438985,0.8928571428571429,0.11950741939008155,-0.061238991693766454
INDEPENDENT_CURRENT_CONSTITUENTS,STAGE_ENTRY_FLEE,63,ERA_2019_2021,FLEE,FLEE,60,60,1,0.3838918340152797,1.0,0.5148012927887353,-0.0779719422163548
INDEPENDENT_CURRENT_CONSTITUENTS,STAGE_ENTRY_FLEE,63,ERA_2019_2021,FLEE,SCATTER,7,7,1,0.4181002973557304,1.0,0.5472633253116657,-0.0724523271131443
INDEPENDENT_CURRENT_CONSTITUENTS,STAGE_ENTRY_FLEE,63,ERA_2019_2021,SCATTER,CALM,8,8,5,0.19416060253538375,0.875,0.2535628994710459,-0.013436003439909399
INDEPENDENT_CURRENT_CONSTITUENTS,STAGE_ENTRY_FLEE,63,ERA_2019_2021,SCATTER,FLEE,57,57,6,0.2681147535058024,0.9473684210526315,0.418139667627045,-0.177142819594029
INDEPENDENT_CURRENT_CONSTITUENTS,STAGE_ENTRY_FLEE,63,ERA_2019_2021,SCATTER,SCATTER,225,169,21,0.076346791676886,0.6888888888888889,0.1597276019462055,-0.1195783472626643
INDEPENDENT_CURRENT_CONSTITUENTS,STAGE_ENTRY_FLEE,63,ERA_2022_2024,CALM,CALM,83,69,31,0.0736562996885366,0.6626506024096386,0.1278261126523043,-0.0706115439179321
INDEPENDENT_CURRENT_CONSTITUENTS,STAGE_ENTRY_FLEE,63,ERA_2022_2024,CALM,FLEE,1,1,1,0.0552786111570637,1.0,0.105954807811228,-0.080825506634399
INDEPENDENT_CURRENT_CONSTITUENTS,STAGE_ENTRY_FLEE,63,ERA_2022_2024,CALM,SCATTER,131,102,40,0.0284419014203776,0.5801526717557252,0.1195520880423701,-0.0793735470628883
INDEPENDENT_CURRENT_CONSTITUENTS,STAGE_ENTRY_FLEE,63,ERA_2022_2024,DRIFT,CALM,18,17,12,-0.08920247502036335,0.3888888888888889,0.09084200956081274,-0.16905435115455955
INDEPENDENT_CURRENT_CONSTITUENTS,STAGE_ENTRY_FLEE,63,ERA_2022_2024,DRIFT,DRIFT,1,1,1,0.0285154347289802,1.0,0.0499451350258457,-0.1422048747257898
INDEPENDENT_CURRENT_CONSTITUENTS,STAGE_ENTRY_FLEE,63,ERA_2022_2024,DRIFT,SCATTER,13,13,10,-0.0176281395570508,0.38461538461538464,0.1128243821111805,-0.0462005241897842
INDEPENDENT_CURRENT_CONSTITUENTS,STAGE_ENTRY_FLEE,63,ERA_2022_2024,SCATTER,CALM,10,9,7,0.0499299968790376,0.6,0.112798104214945,-0.06998267957406559
INDEPENDENT_CURRENT_CONSTITUENTS,STAGE_ENTRY_FLEE,63,ERA_2022_2024,SCATTER,FLEE,71,64,16,0.0440344270849175,0.6056338028169014,0.157864437245234,-0.0940826935502927
INDEPENDENT_CURRENT_CONSTITUENTS,STAGE_ENTRY_FLEE,63,ERA_2022_2024,SCATTER,SCATTER,518,274,46,0.03970445674939885,0.5984555984555985,0.14156944104053582,-0.08518591850854196
INDEPENDENT_CURRENT_CONSTITUENTS,STAGE_ENTRY_FLEE,63,ERA_2025_2026,CALM,CALM,93,77,32,-0.0069961325203325,0.4731182795698925,0.0872558356382635,-0.1089651213071852
INDEPENDENT_CURRENT_CONSTITUENTS,STAGE_ENTRY_FLEE,63,ERA_2025_2026,CALM,DRIFT,1,1,1,0.121712516746214,1.0,0.1765550515099447,-0.0515898806135709
INDEPENDENT_CURRENT_CONSTITUENTS,STAGE_ENTRY_FLEE,63,ERA_2025_2026,CALM,SCATTER,151,126,37,0.0665778582214555,0.6291390728476821,0.1420032422994941,-0.1000557001029038
INDEPENDENT_CURRENT_CONSTITUENTS,STAGE_ENTRY_FLEE,63,ERA_2025_2026,DRIFT,CALM,5,5,2,-0.0249251841098823,0.4,0.0705247410584049,-0.1100787495604904
INDEPENDENT_CURRENT_CONSTITUENTS,STAGE_ENTRY_FLEE,63,ERA_2025_2026,DRIFT,SCATTER,9,9,2,-0.0551147715218612,0.2222222222222222,0.0887591634601892,-0.1408103240812155
INDEPENDENT_CURRENT_CONSTITUENTS,STAGE_ENTRY_FLEE,63,ERA_2025_2026,SCATTER,CALM,1,1,1,0.0680561145103015,1.0,0.1530515066204265,-0.0610706403894054
INDEPENDENT_CURRENT_CONSTITUENTS,STAGE_ENTRY_FLEE,63,ERA_2025_2026,SCATTER,FLEE,12,12,1,0.6769895082017521,1.0,0.7235028554409547,-0.0273301996755637
INDEPENDENT_CURRENT_CONSTITUENTS,STAGE_ENTRY_FLEE,63,ERA_2025_2026,SCATTER,SCATTER,47,47,5,0.1527997465889374,0.851063829787234,0.2291069804743271,-0.0390977773277164
INDEPENDENT_CURRENT_CONSTITUENTS,STAGE_ENTRY_FLEE,126,ERA_2013_2015,CALM,CALM,72,62,29,0.0958380840621243,0.6944444444444444,0.15731309349177566,-0.0742424138528435
INDEPENDENT_CURRENT_CONSTITUENTS,STAGE_ENTRY_FLEE,126,ERA_2013_2015,CALM,DRIFT,1,1,1,0.2845620378830999,1.0,0.3724178471402277,-0.0286887015753671
INDEPENDENT_CURRENT_CONSTITUENTS,STAGE_ENTRY_FLEE,126,ERA_2013_2015,CALM,FLEE,4,4,3,0.0452256944240761,0.5,0.22743678686225277,-0.09994873112358005
INDEPENDENT_CURRENT_CONSTITUENTS,STAGE_ENTRY_FLEE,126,ERA_2013_2015,CALM,SCATTER,190,147,45,0.0739975289422567,0.6526315789473685,0.14391633841955903,-0.0677706275611932
INDEPENDENT_CURRENT_CONSTITUENTS,STAGE_ENTRY_FLEE,126,ERA_2013_2015,DRIFT,CALM,1,1,1,0.1207854855977241,1.0,0.1273026909181016,-0.0604796575524558
INDEPENDENT_CURRENT_CONSTITUENTS,STAGE_ENTRY_FLEE,126,ERA_2013_2015,SCATTER,CALM,40,39,19,0.04998925459068855,0.725,0.1650871332287674,-0.09180670204292635
INDEPENDENT_CURRENT_CONSTITUENTS,STAGE_ENTRY_FLEE,126,ERA_2013_2015,SCATTER,FLEE,56,50,11,0.04170376397375285,0.625,0.1565147713144441,-0.1145975998890425
INDEPENDENT_CURRENT_CONSTITUENTS,STAGE_ENTRY_FLEE,126,ERA_2013_2015,SCATTER,SCATTER,442,249,42,0.05891558678888015,0.6380090497737556,0.1434379974783233,-0.10468837593790235
INDEPENDENT_CURRENT_CONSTITUENTS,STAGE_ENTRY_FLEE,126,ERA_2016_2018,CALM,CALM,99,87,40,0.0663582876280759,0.6868686868686869,0.1577181418813427,-0.1196254688790761
INDEPENDENT_CURRENT_CONSTITUENTS,STAGE_ENTRY_FLEE,126,ERA_2016_2018,CALM,DRIFT,1,1,1,-0.0102246417055681,0.0,0.0734346756655297,-0.157415248173765
INDEPENDENT_CURRENT_CONSTITUENTS,STAGE_ENTRY_FLEE,126,ERA_2016_2018,CALM,FLEE,21,20,5,0.0991715493300584,0.7142857142857143,0.1248744436945457,-0.047716184900473
INDEPENDENT_CURRENT_CONSTITUENTS,STAGE_ENTRY_FLEE,126,ERA_2016_2018,CALM,SCATTER,190,141,47,0.11103706836181784,0.7315789473684211,0.18106923857633522,-0.07715599194034839
INDEPENDENT_CURRENT_CONSTITUENTS,STAGE_ENTRY_FLEE,126,ERA_2016_2018,DRIFT,CALM,38,32,21,0.04354259164267745,0.631578947368421,0.1197049765706539,-0.1048068752678619
INDEPENDENT_CURRENT_CONSTITUENTS,STAGE_ENTRY_FLEE,126,ERA_2016_2018,DRIFT,DRIFT,5,5,4,0.0524369814570546,0.6,0.1331126385452601,-0.1884988762612658
INDEPENDENT_CURRENT_CONSTITUENTS,STAGE_ENTRY_FLEE,126,ERA_2016_2018,DRIFT,SCATTER,46,35,23,0.04591473928511545,0.6739130434782609,0.10337596322952974,-0.09519708115919925
INDEPENDENT_CURRENT_CONSTITUENTS,STAGE_ENTRY_FLEE,126,ERA_2016_2018,SCATTER,CALM,8,7,4,0.1351358814149179,0.875,0.19961456230167834,-0.02463694283688875
INDEPENDENT_CURRENT_CONSTITUENTS,STAGE_ENTRY_FLEE,126,ERA_2016_2018,SCATTER,FLEE,106,96,11,0.2272554958055903,0.8773584905660378,0.28553601104154047,-0.0628003383182785
INDEPENDENT_CURRENT_CONSTITUENTS,STAGE_ENTRY_FLEE,126,ERA_2016_2018,SCATTER,SCATTER,291,214,31,0.1250482873250651,0.7594501718213058,0.2026671439783895,-0.1077487608878109
INDEPENDENT_CURRENT_CONSTITUENTS,STAGE_ENTRY_FLEE,126,ERA_2019_2021,CALM,CALM,78,71,31,0.08644659619027635,0.6794871794871795,0.1898329606049342,-0.0889540328147929
INDEPENDENT_CURRENT_CONSTITUENTS,STAGE_ENTRY_FLEE,126,ERA_2019_2021,CALM,SCATTER,184,142,48,0.1118487788521133,0.6902173913043478,0.2225290819883024,-0.08254315536470386
INDEPENDENT_CURRENT_CONSTITUENTS,STAGE_ENTRY_FLEE,126,ERA_2019_2021,DRIFT,CALM,22,20,12,0.1727293485960228,0.7727272727272727,0.22387546715137213,-0.08673257481069516
INDEPENDENT_CURRENT_CONSTITUENTS,STAGE_ENTRY_FLEE,126,ERA_2019_2021,DRIFT,DRIFT,1,1,1,0.4956948756819259,1.0,0.5046680344456618,-0.0297575459737983
INDEPENDENT_CURRENT_CONSTITUENTS,STAGE_ENTRY_FLEE,126,ERA_2019_2021,DRIFT,SCATTER,28,28,9,0.10012863092746666,0.8214285714285714,0.16136395559638925,-0.06223256457072475
INDEPENDENT_CURRENT_CONSTITUENTS,STAGE_ENTRY_FLEE,126,ERA_2019_2021,FLEE,FLEE,60,60,1,0.4763320342476835,0.9833333333333333,0.6032649923877214,-0.0790906565727466
INDEPENDENT_CURRENT_CONSTITUENTS,STAGE_ENTRY_FLEE,126,ERA_2019_2021,FLEE,SCATTER,7,7,1,0.6345317611378485,1.0,0.7860765359795665,-0.0724523271131443
INDEPENDENT_CURRENT_CONSTITUENTS,STAGE_ENTRY_FLEE,126,ERA_2019_2021,SCATTER,CALM,8,8,5,0.15786175629761984,0.75,0.3218273626776752,-0.013436003439909399
INDEPENDENT_CURRENT_CONSTITUENTS,STAGE_ENTRY_FLEE,126,ERA_2019_2021,SCATTER,FLEE,57,57,6,0.3498432504838782,0.8947368421052632,0.5592255908833264,-0.1798923474451286
INDEPENDENT_CURRENT_CONSTITUENTS,STAGE_ENTRY_FLEE,126,ERA_2019_2021,SCATTER,SCATTER,225,169,21,0.155557336987562,0.7555555555555555,0.2376168784462344,-0.1448600531492183
INDEPENDENT_CURRENT_CONSTITUENTS,STAGE_ENTRY_FLEE,126,ERA_2022_2024,CALM,CALM,83,69,31,0.038533865171078,0.6024096385542169,0.1885001663655252,-0.0908159288060336
INDEPENDENT_CURRENT_CONSTITUENTS,STAGE_ENTRY_FLEE,126,ERA_2022_2024,CALM,FLEE,1,1,1,0.031030283655802,1.0,0.227004194660916,-0.080825506634399
INDEPENDENT_CURRENT_CONSTITUENTS,STAGE_ENTRY_FLEE,126,ERA_2022_2024,CALM,SCATTER,131,102,40,0.0530144874818712,0.6259541984732825,0.16037900933485,-0.1023085113077452
INDEPENDENT_CURRENT_CONSTITUENTS,STAGE_ENTRY_FLEE,126,ERA_2022_2024,DRIFT,CALM,18,17,12,-0.0455718642876679,0.3888888888888889,0.12921378549705603,-0.20973314437377924
INDEPENDENT_CURRENT_CONSTITUENTS,STAGE_ENTRY_FLEE,126,ERA_2022_2024,DRIFT,DRIFT,1,1,1,-0.0993327350289259,0.0,0.1704615609882906,-0.1422048747257898
INDEPENDENT_CURRENT_CONSTITUENTS,STAGE_ENTRY_FLEE,126,ERA_2022_2024,DRIFT,SCATTER,13,13,10,0.0587415515574945,0.5384615384615384,0.1435705316607018,-0.0599194042208537
INDEPENDENT_CURRENT_CONSTITUENTS,STAGE_ENTRY_FLEE,126,ERA_2022_2024,SCATTER,CALM,10,9,7,-0.00274023511126565,0.5,0.1640168041754888,-0.10547657385710754
INDEPENDENT_CURRENT_CONSTITUENTS,STAGE_ENTRY_FLEE,126,ERA_2022_2024,SCATTER,FLEE,71,64,16,0.088041908890956,0.704225352112676,0.2183598812273472,-0.1115614700921083
INDEPENDENT_CURRENT_CONSTITUENTS,STAGE_ENTRY_FLEE,126,ERA_2022_2024,SCATTER,SCATTER,518,274,46,0.03713258714847075,0.5675675675675675,0.18175203193132256,-0.12718560826254566
INDEPENDENT_CURRENT_CONSTITUENTS,STAGE_ENTRY_FLEE,126,ERA_2025_2026,CALM,CALM,87,72,29,-0.0279580930120914,0.42528735632183906,0.1356928519894349,-0.1680308850547328
INDEPENDENT_CURRENT_CONSTITUENTS,STAGE_ENTRY_FLEE,126,ERA_2025_2026,CALM,DRIFT,1,1,1,0.1103935796078381,1.0,0.2502912930811325,-0.0515898806135709
INDEPENDENT_CURRENT_CONSTITUENTS,STAGE_ENTRY_FLEE,126,ERA_2025_2026,CALM,SCATTER,120,100,33,0.08827300353930384,0.6916666666666667,0.2235746724353656,-0.11874469279679895
INDEPENDENT_CURRENT_CONSTITUENTS,STAGE_ENTRY_FLEE,126,ERA_2025_2026,SCATTER,FLEE,12,12,1,1.1431821633288375,1.0,1.2057862627003795,-0.0273301996755637
INDEPENDENT_CURRENT_CONSTITUENTS,STAGE_ENTRY_FLEE,126,ERA_2025_2026,SCATTER,SCATTER,35,35,3,0.235337965511962,0.8857142857142857,0.351430684780132,-0.0383265222591197
INDEPENDENT_CURRENT_CONSTITUENTS,STAGE_ENTRY_FLEE,130,ERA_2013_2015,CALM,CALM,72,62,29,0.0905245765702391,0.6944444444444444,0.15731309349177566,-0.0742424138528435
INDEPENDENT_CURRENT_CONSTITUENTS,STAGE_ENTRY_FLEE,130,ERA_2013_2015,CALM,DRIFT,1,1,1,0.2613063080842472,1.0,0.3724178471402277,-0.0286887015753671
INDEPENDENT_CURRENT_CONSTITUENTS,STAGE_ENTRY_FLEE,130,ERA_2013_2015,CALM,FLEE,4,4,3,0.06609314373187089,0.5,0.2519992996969474,-0.09994873112358005
INDEPENDENT_CURRENT_CONSTITUENTS,STAGE_ENTRY_FLEE,130,ERA_2013_2015,CALM,SCATTER,190,147,45,0.07179341885760734,0.6368421052631579,0.14391633841955903,-0.06839392680390445
INDEPENDENT_CURRENT_CONSTITUENTS,STAGE_ENTRY_FLEE,130,ERA_2013_2015,DRIFT,CALM,1,1,1,0.1147027875698207,1.0,0.1273026909181016,-0.0604796575524558
INDEPENDENT_CURRENT_CONSTITUENTS,STAGE_ENTRY_FLEE,130,ERA_2013_2015,SCATTER,CALM,40,39,19,0.0513607820711008,0.7,0.1650871332287674,-0.09180670204292635
INDEPENDENT_CURRENT_CONSTITUENTS,STAGE_ENTRY_FLEE,130,ERA_2013_2015,SCATTER,FLEE,56,50,11,0.04849323295488975,0.6607142857142857,0.16245220549435913,-0.1145975998890425
INDEPENDENT_CURRENT_CONSTITUENTS,STAGE_ENTRY_FLEE,130,ERA_2013_2015,SCATTER,SCATTER,442,249,42,0.05912342644513955,0.6425339366515838,0.1446342595385622,-0.10522333980081236
INDEPENDENT_CURRENT_CONSTITUENTS,STAGE_ENTRY_FLEE,130,ERA_2016_2018,CALM,CALM,99,87,40,0.0634257437288534,0.696969696969697,0.1611721761713542,-0.1196254688790761
INDEPENDENT_CURRENT_CONSTITUENTS,STAGE_ENTRY_FLEE,130,ERA_2016_2018,CALM,DRIFT,1,1,1,0.0021472608917214,1.0,0.0734346756655297,-0.157415248173765
INDEPENDENT_CURRENT_CONSTITUENTS,STAGE_ENTRY_FLEE,130,ERA_2016_2018,CALM,FLEE,21,20,5,0.1258179774935364,0.7619047619047619,0.1390990513820016,-0.0497966057394768
INDEPENDENT_CURRENT_CONSTITUENTS,STAGE_ENTRY_FLEE,130,ERA_2016_2018,CALM,SCATTER,190,141,47,0.11134736939148955,0.7368421052631579,0.18640399971699745,-0.07764811602891455
INDEPENDENT_CURRENT_CONSTITUENTS,STAGE_ENTRY_FLEE,130,ERA_2016_2018,DRIFT,CALM,38,32,21,0.0630108033194731,0.6578947368421053,0.1197049765706539,-0.1048068752678619
INDEPENDENT_CURRENT_CONSTITUENTS,STAGE_ENTRY_FLEE,130,ERA_2016_2018,DRIFT,DRIFT,5,5,4,0.0569930247712076,0.6,0.1331126385452601,-0.1884988762612658
INDEPENDENT_CURRENT_CONSTITUENTS,STAGE_ENTRY_FLEE,130,ERA_2016_2018,DRIFT,SCATTER,46,35,23,0.0388701129581142,0.6956521739130435,0.10337596322952974,-0.09519708115919925
INDEPENDENT_CURRENT_CONSTITUENTS,STAGE_ENTRY_FLEE,130,ERA_2016_2018,SCATTER,CALM,8,7,4,0.12729901438475055,0.75,0.19961456230167834,-0.03071140055980405
INDEPENDENT_CURRENT_CONSTITUENTS,STAGE_ENTRY_FLEE,130,ERA_2016_2018,SCATTER,FLEE,106,96,11,0.21075429263754264,0.9245283018867925,0.28850354985629945,-0.0628003383182785
INDEPENDENT_CURRENT_CONSTITUENTS,STAGE_ENTRY_FLEE,130,ERA_2016_2018,SCATTER,SCATTER,291,214,31,0.1226928645746021,0.7457044673539519,0.2052393854100915,-0.1080931598003716
INDEPENDENT_CURRENT_CONSTITUENTS,STAGE_ENTRY_FLEE,130,ERA_2019_2021,CALM,CALM,78,71,31,0.07762824116901684,0.6538461538461539,0.19431983982625875,-0.09062536472362485
INDEPENDENT_CURRENT_CONSTITUENTS,STAGE_ENTRY_FLEE,130,ERA_2019_2021,CALM,SCATTER,184,142,48,0.12264969817266475,0.6847826086956522,0.22649167410795573,-0.08778652514293366
INDEPENDENT_CURRENT_CONSTITUENTS,STAGE_ENTRY_FLEE,130,ERA_2019_2021,DRIFT,CALM,22,20,12,0.1589899693399211,0.7727272727272727,0.22387546715137213,-0.08673257481069516
INDEPENDENT_CURRENT_CONSTITUENTS,STAGE_ENTRY_FLEE,130,ERA_2019_2021,DRIFT,DRIFT,1,1,1,0.4668993535099877,1.0,0.5073192365514456,-0.0297575459737983
INDEPENDENT_CURRENT_CONSTITUENTS,STAGE_ENTRY_FLEE,130,ERA_2019_2021,DRIFT,SCATTER,28,28,9,0.11762574831732585,0.8571428571428571,0.16880871738800904,-0.06223256457072475
INDEPENDENT_CURRENT_CONSTITUENTS,STAGE_ENTRY_FLEE,130,ERA_2019_2021,FLEE,FLEE,60,60,1,0.443322095697626,0.9666666666666667,0.6032649923877214,-0.0790906565727466
INDEPENDENT_CURRENT_CONSTITUENTS,STAGE_ENTRY_FLEE,130,ERA_2019_2021,FLEE,SCATTER,7,7,1,0.5310146414399801,1.0,0.7860765359795665,-0.0724523271131443
INDEPENDENT_CURRENT_CONSTITUENTS,STAGE_ENTRY_FLEE,130,ERA_2019_2021,SCATTER,CALM,8,8,5,0.11584629307872915,0.75,0.3218273626776752,-0.013436003439909399
INDEPENDENT_CURRENT_CONSTITUENTS,STAGE_ENTRY_FLEE,130,ERA_2019_2021,SCATTER,FLEE,57,57,6,0.3758945568136369,0.8771929824561403,0.5592255908833264,-0.1798923474451286
INDEPENDENT_CURRENT_CONSTITUENTS,STAGE_ENTRY_FLEE,130,ERA_2019_2021,SCATTER,SCATTER,225,169,21,0.1473759452232543,0.7333333333333333,0.2479767868652995,-0.150210992693977
INDEPENDENT_CURRENT_CONSTITUENTS,STAGE_ENTRY_FLEE,130,ERA_2022_2024,CALM,CALM,83,69,31,0.0360153439016095,0.5903614457831325,0.1885001663655252,-0.0908159288060336
INDEPENDENT_CURRENT_CONSTITUENTS,STAGE_ENTRY_FLEE,130,ERA_2022_2024,CALM,FLEE,1,1,1,-0.0082799828702276,0.0,0.227004194660916,-0.080825506634399
INDEPENDENT_CURRENT_CONSTITUENTS,STAGE_ENTRY_FLEE,130,ERA_2022_2024,CALM,SCATTER,131,102,40,0.0404407708698233,0.5801526717557252,0.1644123454117354,-0.1023085113077452
INDEPENDENT_CURRENT_CONSTITUENTS,STAGE_ENTRY_FLEE,130,ERA_2022_2024,DRIFT,CALM,18,17,12,-0.03572749352971725,0.3888888888888889,0.12921378549705603,-0.20973314437377924
INDEPENDENT_CURRENT_CONSTITUENTS,STAGE_ENTRY_FLEE,130,ERA_2022_2024,DRIFT,DRIFT,1,1,1,-0.0797508695765827,0.0,0.1704615609882906,-0.1422048747257898
INDEPENDENT_CURRENT_CONSTITUENTS,STAGE_ENTRY_FLEE,130,ERA_2022_2024,DRIFT,SCATTER,13,13,10,0.0176249944241757,0.5384615384615384,0.1435705316607018,-0.0599194042208537
INDEPENDENT_CURRENT_CONSTITUENTS,STAGE_ENTRY_FLEE,130,ERA_2022_2024,SCATTER,CALM,10,9,7,0.01672479891593845,0.6,0.1640168041754888,-0.10547657385710754
INDEPENDENT_CURRENT_CONSTITUENTS,STAGE_ENTRY_FLEE,130,ERA_2022_2024,SCATTER,FLEE,71,64,16,0.116434083432811,0.6901408450704225,0.2193105370855665,-0.1115614700921083
INDEPENDENT_CURRENT_CONSTITUENTS,STAGE_ENTRY_FLEE,130,ERA_2022_2024,SCATTER,SCATTER,518,274,46,0.03565559923914835,0.5772200772200772,0.18322244102219049,-0.12760155937563825
INDEPENDENT_CURRENT_CONSTITUENTS,STAGE_ENTRY_FLEE,130,ERA_2025_2026,CALM,CALM,84,69,28,-0.0118240066103573,0.4523809523809524,0.13573613700016005,-0.1681094498063569
INDEPENDENT_CURRENT_CONSTITUENTS,STAGE_ENTRY_FLEE,130,ERA_2025_2026,CALM,DRIFT,1,1,1,0.1587352090278047,1.0,0.2502912930811325,-0.0515898806135709
INDEPENDENT_CURRENT_CONSTITUENTS,STAGE_ENTRY_FLEE,130,ERA_2025_2026,CALM,SCATTER,120,100,33,0.11127575294830055,0.675,0.22923944103031518,-0.11874469279679895
INDEPENDENT_CURRENT_CONSTITUENTS,STAGE_ENTRY_FLEE,130,ERA_2025_2026,SCATTER,FLEE,12,12,1,1.023543865264039,1.0,1.2115220402336986,-0.0273301996755637
INDEPENDENT_CURRENT_CONSTITUENTS,STAGE_ENTRY_FLEE,130,ERA_2025_2026,SCATTER,SCATTER,35,35,3,0.1875906235329676,0.8571428571428571,0.351430684780132,-0.0383265222591197
INDEPENDENT_CURRENT_CONSTITUENTS,STAGE_ENTRY_RUSH,5,ERA_2013_2015,CALM,CALM,226,165,56,-0.0007052723769071,0.47345132743362833,0.01412253324475815,-0.0157949451750087
INDEPENDENT_CURRENT_CONSTITUENTS,STAGE_ENTRY_RUSH,5,ERA_2013_2015,CALM,DRIFT,310,189,55,-0.0010110217381182,0.4806451612903226,0.0158177608361853,-0.0181785702482681
INDEPENDENT_CURRENT_CONSTITUENTS,STAGE_ENTRY_RUSH,5,ERA_2013_2015,CALM,RUSH,34,32,10,0.010293880266134599,0.7352941176470589,0.01555943444067695,-0.008784774871636251
INDEPENDENT_CURRENT_CONSTITUENTS,STAGE_ENTRY_RUSH,5,ERA_2013_2015,CALM,SCATTER,29,26,18,-0.0019543469159466,0.4827586206896552,0.0145353574346269,-0.0162985628932994
INDEPENDENT_CURRENT_CONSTITUENTS,STAGE_ENTRY_RUSH,5,ERA_2013_2015,DRIFT,CALM,10,10,2,0.00557003051527525,0.6,0.01108298355724575,-0.0237748991876729
INDEPENDENT_CURRENT_CONSTITUENTS,STAGE_ENTRY_RUSH,5,ERA_2013_2015,DRIFT,DRIFT,9,9,2,-0.0136486966822935,0.3333333333333333,0.0050045776752549,-0.0309370005701584
INDEPENDENT_CURRENT_CONSTITUENTS,STAGE_ENTRY_RUSH,5,ERA_2013_2015,DRIFT,RUSH,3,3,1,-0.004845493236503,0.3333333333333333,0.0065444947499999,-0.0229531875032226
INDEPENDENT_CURRENT_CONSTITUENTS,STAGE_ENTRY_RUSH,5,ERA_2013_2015,SCATTER,CALM,63,57,25,0.0061842305068056,0.5396825396825397,0.0174465504169967,-0.0139550081370098
INDEPENDENT_CURRENT_CONSTITUENTS,STAGE_ENTRY_RUSH,5,ERA_2013_2015,SCATTER,DRIFT,33,33,8,-0.0132597174443674,0.2727272727272727,0.0132767500329447,-0.0210603512909809
INDEPENDENT_CURRENT_CONSTITUENTS,STAGE_ENTRY_RUSH,5,ERA_2013_2015,SCATTER,SCATTER,21,18,13,0.0041070637805056,0.5714285714285714,0.0179488418217634,-0.0162020780424302
INDEPENDENT_CURRENT_CONSTITUENTS,STAGE_ENTRY_RUSH,5,ERA_2016_2018,CALM,CALM,232,171,59,0.0023517535494864,0.5474137931034483,0.01696261399917845,-0.0143693741651085
INDEPENDENT_CURRENT_CONSTITUENTS,STAGE_ENTRY_RUSH,5,ERA_2016_2018,CALM,DRIFT,387,248,59,0.0032814553273974,0.5400516795865633,0.0170933604560927,-0.0143126590045509
INDEPENDENT_CURRENT_CONSTITUENTS,STAGE_ENTRY_RUSH,5,ERA_2016_2018,CALM,RUSH,84,63,27,0.0016438892128164,0.5595238095238095,0.0142686074392628,-0.0146407181932104
INDEPENDENT_CURRENT_CONSTITUENTS,STAGE_ENTRY_RUSH,5,ERA_2016_2018,CALM,SCATTER,22,19,12,0.0066569855189704,0.6363636363636364,0.02068302745795165,-0.01526212051716565
INDEPENDENT_CURRENT_CONSTITUENTS,STAGE_ENTRY_RUSH,5,ERA_2016_2018,DRIFT,CALM,83,71,34,0.0072705766430609,0.6385542168674698,0.0180634571552575,-0.0124355424557616
INDEPENDENT_CURRENT_CONSTITUENTS,STAGE_ENTRY_RUSH,5,ERA_2016_2018,DRIFT,DRIFT,457,259,48,0.0003034856919248,0.5032822757111597,0.0128072429193661,-0.015039858251104
INDEPENDENT_CURRENT_CONSTITUENTS,STAGE_ENTRY_RUSH,5,ERA_2016_2018,DRIFT,RUSH,213,167,29,-0.0036159050950814,0.41784037558685444,0.0116852969262866,-0.0214636070162895
INDEPENDENT_CURRENT_CONSTITUENTS,STAGE_ENTRY_RUSH,5,ERA_2016_2018,DRIFT,SCATTER,11,10,10,0.0137616060301783,0.7272727272727273,0.0192551502150093,-0.0066056801988858
INDEPENDENT_CURRENT_CONSTITUENTS,STAGE_ENTRY_RUSH,5,ERA_2016_2018,SCATTER,CALM,53,50,15,0.0062273067098519,0.5849056603773585,0.0247917098115193,-0.0148294239625415
INDEPENDENT_CURRENT_CONSTITUENTS,STAGE_ENTRY_RUSH,5,ERA_2016_2018,SCATTER,DRIFT,33,30,10,0.0012975927346572,0.5151515151515151,0.0172051134254331,-0.017018112938699
INDEPENDENT_CURRENT_CONSTITUENTS,STAGE_ENTRY_RUSH,5,ERA_2016_2018,SCATTER,RUSH,13,13,2,0.0238443867767448,1.0,0.0356606193945669,-0.0026607946724538
INDEPENDENT_CURRENT_CONSTITUENTS,STAGE_ENTRY_RUSH,5,ERA_2016_2018,SCATTER,SCATTER,8,8,5,0.0068009617849107,0.75,0.01443990879515315,-0.02453208349599885
INDEPENDENT_CURRENT_CONSTITUENTS,STAGE_ENTRY_RUSH,5,ERA_2019_2021,CALM,CALM,270,190,63,0.0022301887158822998,0.5296296296296297,0.02023043674517205,-0.0185868864727239
INDEPENDENT_CURRENT_CONSTITUENTS,STAGE_ENTRY_RUSH,5,ERA_2019_2021,CALM,DRIFT,405,255,73,0.0020724915172427,0.5308641975308642,0.0199007513915983,-0.0195618323808566
INDEPENDENT_CURRENT_CONSTITUENTS,STAGE_ENTRY_RUSH,5,ERA_2019_2021,CALM,RUSH,70,63,19,-0.00028369452522345004,0.4857142857142857,0.01462337588185735,-0.0180520576225735
INDEPENDENT_CURRENT_CONSTITUENTS,STAGE_ENTRY_RUSH,5,ERA_2019_2021,CALM,SCATTER,12,11,9,0.013447248075309899,0.5833333333333334,0.02583154201028185,-0.012628882512626501
INDEPENDENT_CURRENT_CONSTITUENTS,STAGE_ENTRY_RUSH,5,ERA_2019_2021,DRIFT,CALM,105,83,36,0.0097271609766567,0.6190476190476191,0.0229494452944347,-0.0156583588640807
INDEPENDENT_CURRENT_CONSTITUENTS,STAGE_ENTRY_RUSH,5,ERA_2019_2021,DRIFT,DRIFT,502,281,47,-0.00088010563500035,0.4800796812749004,0.01855268328072955,-0.0210559401257959
INDEPENDENT_CURRENT_CONSTITUENTS,STAGE_ENTRY_RUSH,5,ERA_2019_2021,DRIFT,RUSH,114,95,28,0.0055762379273065,0.5701754385964912,0.018726250458060353,-0.0210593481446272
INDEPENDENT_CURRENT_CONSTITUENTS,STAGE_ENTRY_RUSH,5,ERA_2019_2021,DRIFT,SCATTER,3,2,3,-0.0200704361415545,0.0,0.0036460261752839,-0.0291018096585453
INDEPENDENT_CURRENT_CONSTITUENTS,STAGE_ENTRY_RUSH,5,ERA_2019_2021,RUSH,CALM,1,1,1,0.0314646098949042,1.0,0.0358482324368265,-0.0293702516212076
INDEPENDENT_CURRENT_CONSTITUENTS,STAGE_ENTRY_RUSH,5,ERA_2019_2021,RUSH,DRIFT,3,3,1,0.0148232955379141,1.0,0.0203527202440845,-0.0165512130437246
INDEPENDENT_CURRENT_CONSTITUENTS,STAGE_ENTRY_RUSH,5,ERA_2019_2021,RUSH,RUSH,15,15,1,0.0340034480526927,0.8,0.0386935453494365,-0.0129529153431238
INDEPENDENT_CURRENT_CONSTITUENTS,STAGE_ENTRY_RUSH,5,ERA_2019_2021,SCATTER,CALM,23,21,8,-0.0177311295792235,0.34782608695652173,0.0225070500634414,-0.0262256600162287
INDEPENDENT_CURRENT_CONSTITUENTS,STAGE_ENTRY_RUSH,5,ERA_2019_2021,SCATTER,DRIFT,19,19,5,0.0228062146563881,0.8947368421052632,0.0267082665628488,-0.0069577955336631
INDEPENDENT_CURRENT_CONSTITUENTS,STAGE_ENTRY_RUSH,5,ERA_2019_2021,SCATTER,RUSH,5,5,2,0.0077123695757135,0.6,0.0088145011111819,-0.0115498827412391
INDEPENDENT_CURRENT_CONSTITUENTS,STAGE_ENTRY_RUSH,5,ERA_2019_2021,SCATTER,SCATTER,13,12,7,0.0244853133810936,0.6153846153846154,0.0454632224083484,-0.0491528954683498
INDEPENDENT_CURRENT_CONSTITUENTS,STAGE_ENTRY_RUSH,5,ERA_2022_2024,CALM,CALM,300,193,58,0.00138944052189035,0.52,0.017894171400027747,-0.018277427486730648
INDEPENDENT_CURRENT_CONSTITUENTS,STAGE_ENTRY_RUSH,5,ERA_2022_2024,CALM,DRIFT,249,170,42,0.0029985901376716,0.5461847389558233,0.0200571225929369,-0.0209643662940978
INDEPENDENT_CURRENT_CONSTITUENTS,STAGE_ENTRY_RUSH,5,ERA_2022_2024,CALM,RUSH,27,27,7,-0.0040996755627651,0.4074074074074074,0.0136469571085888,-0.0303458419887326
INDEPENDENT_CURRENT_CONSTITUENTS,STAGE_ENTRY_RUSH,5,ERA_2022_2024,CALM,SCATTER,23,21,16,0.0010275669045307,0.5217391304347826,0.019722520743117,-0.0191508099954944
INDEPENDENT_CURRENT_CONSTITUENTS,STAGE_ENTRY_RUSH,5,ERA_2022_2024,DRIFT,CALM,91,77,28,-0.0015081535374872,0.46153846153846156,0.0172584592856333,-0.0207048323788546
INDEPENDENT_CURRENT_CONSTITUENTS,STAGE_ENTRY_RUSH,5,ERA_2022_2024,DRIFT,DRIFT,264,200,31,-0.00136498171094805,0.4810606060606061,0.018916936431572502,-0.019397133774498247
INDEPENDENT_CURRENT_CONSTITUENTS,STAGE_ENTRY_RUSH,5,ERA_2022_2024,DRIFT,RUSH,130,104,21,-0.0024983658818613,0.43846153846153846,0.02053089210355325,-0.016987475631617198
INDEPENDENT_CURRENT_CONSTITUENTS,STAGE_ENTRY_RUSH,5,ERA_2022_2024,DRIFT,SCATTER,6,6,4,0.0059473630914166995,0.6666666666666666,0.021932869275343048,-0.0099012477798393
INDEPENDENT_CURRENT_CONSTITUENTS,STAGE_ENTRY_RUSH,5,ERA_2022_2024,SCATTER,CALM,55,49,21,-0.0021529929146391,0.45454545454545453,0.0210997657172562,-0.0261508694863276
INDEPENDENT_CURRENT_CONSTITUENTS,STAGE_ENTRY_RUSH,5,ERA_2022_2024,SCATTER,DRIFT,35,28,12,0.0108736540786706,0.6,0.0312331928385334,-0.0131634860560488
INDEPENDENT_CURRENT_CONSTITUENTS,STAGE_ENTRY_RUSH,5,ERA_2022_2024,SCATTER,RUSH,18,16,6,-0.0049062345496728,0.3888888888888889,0.0130219088175678,-0.02592534628171765
INDEPENDENT_CURRENT_CONSTITUENTS,STAGE_ENTRY_RUSH,5,ERA_2022_2024,SCATTER,SCATTER,30,25,17,-0.01554048283446645,0.36666666666666664,0.02013845391817165,-0.0368205686171173
INDEPENDENT_CURRENT_CONSTITUENTS,STAGE_ENTRY_RUSH,5,ERA_2025_2026,CALM,CALM,316,201,59,-0.00045622994199385006,0.4936708860759494,0.02392289229294515,-0.022293528234853498
INDEPENDENT_CURRENT_CONSTITUENTS,STAGE_ENTRY_RUSH,5,ERA_2025_2026,CALM,DRIFT,255,182,57,0.0024551680359912,0.5490196078431373,0.0240163388271834,-0.0211058320819113
INDEPENDENT_CURRENT_CONSTITUENTS,STAGE_ENTRY_RUSH,5,ERA_2025_2026,CALM,RUSH,34,33,13,-0.01032254744994735,0.38235294117647056,0.0173839209011381,-0.02972196480913555
INDEPENDENT_CURRENT_CONSTITUENTS,STAGE_ENTRY_RUSH,5,ERA_2025_2026,CALM,SCATTER,34,34,18,-0.0023096805096535,0.47058823529411764,0.02782139106796415,-0.02582647607188555
INDEPENDENT_CURRENT_CONSTITUENTS,STAGE_ENTRY_RUSH,5,ERA_2025_2026,DRIFT,CALM,16,16,3,-0.037448316395403206,0.0625,0.0117837299120122,-0.0466032115297739
INDEPENDENT_CURRENT_CONSTITUENTS,STAGE_ENTRY_RUSH,5,ERA_2025_2026,DRIFT,DRIFT,16,16,3,0.018531377433942148,0.6875,0.0318820838510095,-0.0246390416187037
INDEPENDENT_CURRENT_CONSTITUENTS,STAGE_ENTRY_RUSH,5,ERA_2025_2026,DRIFT,RUSH,39,39,3,0.0073945763966376,0.5897435897435898,0.0263703535040917,-0.0319512670827194
INDEPENDENT_CURRENT_CONSTITUENTS,STAGE_ENTRY_RUSH,5,ERA_2025_2026,DRIFT,SCATTER,7,7,3,0.0433153369175678,0.7142857142857143,0.1141107588565095,-0.0260697324132043
INDEPENDENT_CURRENT_CONSTITUENTS,STAGE_ENTRY_RUSH,5,ERA_2025_2026,SCATTER,CALM,16,16,5,-0.0021887413889868004,0.4375,0.029714196582063198,-0.0232698211592752
INDEPENDENT_CURRENT_CONSTITUENTS,STAGE_ENTRY_RUSH,5,ERA_2025_2026,SCATTER,DRIFT,1,1,1,0.0100116828782053,1.0,0.0340390670313131,-0.0051485773054864
INDEPENDENT_CURRENT_CONSTITUENTS,STAGE_ENTRY_RUSH,5,ERA_2025_2026,SCATTER,RUSH,2,2,2,-0.029445897721831198,0.0,0.00634241269741395,-0.050720558905763
INDEPENDENT_CURRENT_CONSTITUENTS,STAGE_ENTRY_RUSH,5,ERA_2025_2026,SCATTER,SCATTER,1,1,1,0.0333927666281514,1.0,0.0345932217249354,-0.0065839641178543
INDEPENDENT_CURRENT_CONSTITUENTS,STAGE_ENTRY_RUSH,10,ERA_2013_2015,CALM,CALM,226,165,56,0.00546421893659515,0.5619469026548672,0.023979855872686,-0.018967738459288203
INDEPENDENT_CURRENT_CONSTITUENTS,STAGE_ENTRY_RUSH,10,ERA_2013_2015,CALM,DRIFT,310,189,55,-0.0029014537426201503,0.47096774193548385,0.023425847372334947,-0.02679097362988945
INDEPENDENT_CURRENT_CONSTITUENTS,STAGE_ENTRY_RUSH,10,ERA_2013_2015,CALM,RUSH,34,32,10,-0.00047925360678410003,0.5,0.0212673628830223,-0.01385647880624125
INDEPENDENT_CURRENT_CONSTITUENTS,STAGE_ENTRY_RUSH,10,ERA_2013_2015,CALM,SCATTER,29,26,18,-0.0037952106899006,0.4482758620689655,0.0185646954535163,-0.0211160275526468
INDEPENDENT_CURRENT_CONSTITUENTS,STAGE_ENTRY_RUSH,10,ERA_2013_2015,DRIFT,CALM,10,10,2,-0.011320919349707699,0.1,0.01837870036652615,-0.0296993499918165
INDEPENDENT_CURRENT_CONSTITUENTS,STAGE_ENTRY_RUSH,10,ERA_2013_2015,DRIFT,DRIFT,9,9,2,-0.032119495374067,0.1111111111111111,0.0102366562100981,-0.0389181014134164
INDEPENDENT_CURRENT_CONSTITUENTS,STAGE_ENTRY_RUSH,10,ERA_2013_2015,DRIFT,RUSH,3,3,1,-0.0035068290850091,0.3333333333333333,0.0065444947499999,-0.0229531875032226
INDEPENDENT_CURRENT_CONSTITUENTS,STAGE_ENTRY_RUSH,10,ERA_2013_2015,SCATTER,CALM,63,57,25,0.0090588221581398,0.6349206349206349,0.0329801690634792,-0.0232267946841033
INDEPENDENT_CURRENT_CONSTITUENTS,STAGE_ENTRY_RUSH,10,ERA_2013_2015,SCATTER,DRIFT,33,33,8,-0.0016411712859631,0.3939393939393939,0.0283557176731978,-0.0233570575623758
INDEPENDENT_CURRENT_CONSTITUENTS,STAGE_ENTRY_RUSH,10,ERA_2013_2015,SCATTER,SCATTER,21,18,13,0.0067977329969013,0.6666666666666666,0.0226974291750563,-0.0205896386020731
INDEPENDENT_CURRENT_CONSTITUENTS,STAGE_ENTRY_RUSH,10,ERA_2016_2018,CALM,CALM,232,171,59,0.01177051671692735,0.603448275862069,0.02727029983354905,-0.0209176381422478
INDEPENDENT_CURRENT_CONSTITUENTS,STAGE_ENTRY_RUSH,10,ERA_2016_2018,CALM,DRIFT,387,248,59,0.0060711909130779,0.5736434108527132,0.0259667311046434,-0.0226690203716376
INDEPENDENT_CURRENT_CONSTITUENTS,STAGE_ENTRY_RUSH,10,ERA_2016_2018,CALM,RUSH,84,63,27,-0.0024007377730315502,0.4642857142857143,0.017772527580176202,-0.023988307936737348
INDEPENDENT_CURRENT_CONSTITUENTS,STAGE_ENTRY_RUSH,10,ERA_2016_2018,CALM,SCATTER,22,19,12,0.0125780575437274,0.6363636363636364,0.0341439170867285,-0.0208072245774147
INDEPENDENT_CURRENT_CONSTITUENTS,STAGE_ENTRY_RUSH,10,ERA_2016_2018,DRIFT,CALM,83,71,34,0.007751979528249,0.6746987951807228,0.0210933833903235,-0.0162644978786099
INDEPENDENT_CURRENT_CONSTITUENTS,STAGE_ENTRY_RUSH,10,ERA_2016_2018,DRIFT,DRIFT,457,259,48,0.0001119617182601,0.5010940919037199,0.0198318547826303,-0.0216084305217799
INDEPENDENT_CURRENT_CONSTITUENTS,STAGE_ENTRY_RUSH,10,ERA_2016_2018,DRIFT,RUSH,213,167,29,-0.0106207312912721,0.38028169014084506,0.0164470727646124,-0.0302436181566069
INDEPENDENT_CURRENT_CONSTITUENTS,STAGE_ENTRY_RUSH,10,ERA_2016_2018,DRIFT,SCATTER,11,10,10,0.010240707496171,0.8181818181818182,0.0295415950163067,-0.0066056801988858
INDEPENDENT_CURRENT_CONSTITUENTS,STAGE_ENTRY_RUSH,10,ERA_2016_2018,SCATTER,CALM,53,50,15,0.0203798929973986,0.6415094339622641,0.0383974711538461,-0.0228596257089689
INDEPENDENT_CURRENT_CONSTITUENTS,STAGE_ENTRY_RUSH,10,ERA_2016_2018,SCATTER,DRIFT,33,30,10,-0.0075461717179993,0.3333333333333333,0.0208019409487374,-0.033524946931328
INDEPENDENT_CURRENT_CONSTITUENTS,STAGE_ENTRY_RUSH,10,ERA_2016_2018,SCATTER,RUSH,13,13,2,0.0386290236294517,1.0,0.0500723419204507,-0.0026607946724538
INDEPENDENT_CURRENT_CONSTITUENTS,STAGE_ENTRY_RUSH,10,ERA_2016_2018,SCATTER,SCATTER,8,8,5,0.00676247704206295,0.625,0.02499963335539005,-0.039201690228873196
INDEPENDENT_CURRENT_CONSTITUENTS,STAGE_ENTRY_RUSH,10,ERA_2019_2021,CALM,CALM,270,190,63,0.00245200013860845,0.5333333333333333,0.02787697956473065,-0.025279292122717102
INDEPENDENT_CURRENT_CONSTITUENTS,STAGE_ENTRY_RUSH,10,ERA_2019_2021,CALM,DRIFT,405,255,73,0.0021621886888598,0.5209876543209877,0.0299893134890416,-0.0304804625304655
INDEPENDENT_CURRENT_CONSTITUENTS,STAGE_ENTRY_RUSH,10,ERA_2019_2021,CALM,RUSH,70,63,19,-0.00797131079648745,0.35714285714285715,0.0191382882763565,-0.029098147121964048
INDEPENDENT_CURRENT_CONSTITUENTS,STAGE_ENTRY_RUSH,10,ERA_2019_2021,CALM,SCATTER,12,11,9,0.0201354304863239,0.6666666666666666,0.03748593420084585,-0.013124401445866801
INDEPENDENT_CURRENT_CONSTITUENTS,STAGE_ENTRY_RUSH,10,ERA_2019_2021,DRIFT,CALM,105,83,36,0.0089741102370834,0.6095238095238096,0.0340670668062788,-0.0193870987772444
INDEPENDENT_CURRENT_CONSTITUENTS,STAGE_ENTRY_RUSH,10,ERA_2019_2021,DRIFT,DRIFT,502,281,47,0.0010417430077546,0.5199203187250996,0.028341759884339,-0.03031960104722485
INDEPENDENT_CURRENT_CONSTITUENTS,STAGE_ENTRY_RUSH,10,ERA_2019_2021,DRIFT,RUSH,114,95,28,0.009869597143261251,0.5701754385964912,0.031075867963228303,-0.0244972433949781
INDEPENDENT_CURRENT_CONSTITUENTS,STAGE_ENTRY_RUSH,10,ERA_2019_2021,DRIFT,SCATTER,3,2,3,-0.0177239846005227,0.0,0.0036460261752839,-0.0348027891940755
INDEPENDENT_CURRENT_CONSTITUENTS,STAGE_ENTRY_RUSH,10,ERA_2019_2021,RUSH,CALM,1,1,1,0.0026788909277848,1.0,0.0358482324368265,-0.0455408630291745
INDEPENDENT_CURRENT_CONSTITUENTS,STAGE_ENTRY_RUSH,10,ERA_2019_2021,RUSH,DRIFT,3,3,1,-0.0088530060244367,0.3333333333333333,0.0238645720289178,-0.0288684022853716
INDEPENDENT_CURRENT_CONSTITUENTS,STAGE_ENTRY_RUSH,10,ERA_2019_2021,RUSH,RUSH,15,15,1,0.0110153569266739,0.5333333333333333,0.0519785100207712,-0.0228417498749327
INDEPENDENT_CURRENT_CONSTITUENTS,STAGE_ENTRY_RUSH,10,ERA_2019_2021,SCATTER,CALM,23,21,8,0.0036610353172075,0.5652173913043478,0.032489534647893,-0.0359571807231878
INDEPENDENT_CURRENT_CONSTITUENTS,STAGE_ENTRY_RUSH,10,ERA_2019_2021,SCATTER,DRIFT,19,19,5,0.0305151246467978,1.0,0.0408108449178139,-0.0076313546461759
INDEPENDENT_CURRENT_CONSTITUENTS,STAGE_ENTRY_RUSH,10,ERA_2019_2021,SCATTER,RUSH,5,5,2,-0.0013223833003062,0.4,0.017934507584987,-0.0200968145844767
INDEPENDENT_CURRENT_CONSTITUENTS,STAGE_ENTRY_RUSH,10,ERA_2019_2021,SCATTER,SCATTER,13,12,7,0.0539544480487474,0.6923076923076923,0.1066088406693062,-0.0491528954683498
INDEPENDENT_CURRENT_CONSTITUENTS,STAGE_ENTRY_RUSH,10,ERA_2022_2024,CALM,CALM,300,193,58,-0.00208594219732435,0.48333333333333334,0.025899346060065352,-0.02872708029487005
INDEPENDENT_CURRENT_CONSTITUENTS,STAGE_ENTRY_RUSH,10,ERA_2022_2024,CALM,DRIFT,249,170,42,0.0019935001924069,0.5341365461847389,0.0301029340699927,-0.0285224118988615
INDEPENDENT_CURRENT_CONSTITUENTS,STAGE_ENTRY_RUSH,10,ERA_2022_2024,CALM,RUSH,27,27,7,0.0072182111805743,0.5555555555555556,0.0552742511077097,-0.044961532752485
INDEPENDENT_CURRENT_CONSTITUENTS,STAGE_ENTRY_RUSH,10,ERA_2022_2024,CALM,SCATTER,23,21,16,-0.0193728839605166,0.391304347826087,0.0305971422566249,-0.038284223183432
INDEPENDENT_CURRENT_CONSTITUENTS,STAGE_ENTRY_RUSH,10,ERA_2022_2024,DRIFT,CALM,91,77,28,0.0026664151444961,0.5054945054945055,0.025070808328635,-0.0277815356754135
INDEPENDENT_CURRENT_CONSTITUENTS,STAGE_ENTRY_RUSH,10,ERA_2022_2024,DRIFT,DRIFT,264,200,31,0.0021886728368979,0.5075757575757576,0.026790326014532552,-0.02622157804746045
INDEPENDENT_CURRENT_CONSTITUENTS,STAGE_ENTRY_RUSH,10,ERA_2022_2024,DRIFT,RUSH,130,104,21,0.00140364809430075,0.5307692307692308,0.0305844274238824,-0.02988543382088365
INDEPENDENT_CURRENT_CONSTITUENTS,STAGE_ENTRY_RUSH,10,ERA_2022_2024,DRIFT,SCATTER,6,6,4,0.04435162712754785,1.0,0.0530413763305985,-0.0099012477798393
INDEPENDENT_CURRENT_CONSTITUENTS,STAGE_ENTRY_RUSH,10,ERA_2022_2024,SCATTER,CALM,55,49,21,-0.0056388607377921,0.4,0.0318653882736232,-0.0377126536029048
INDEPENDENT_CURRENT_CONSTITUENTS,STAGE_ENTRY_RUSH,10,ERA_2022_2024,SCATTER,DRIFT,35,28,12,0.0197410340750425,0.6285714285714286,0.0389508376189848,-0.0141355352885536
INDEPENDENT_CURRENT_CONSTITUENTS,STAGE_ENTRY_RUSH,10,ERA_2022_2024,SCATTER,RUSH,18,16,6,-0.057459342084610496,0.2777777777777778,0.015818374673293,-0.09349494980652726
INDEPENDENT_CURRENT_CONSTITUENTS,STAGE_ENTRY_RUSH,10,ERA_2022_2024,SCATTER,SCATTER,30,25,17,-0.023757573442417648,0.4,0.0332403626502977,-0.050955736222915646
INDEPENDENT_CURRENT_CONSTITUENTS,STAGE_ENTRY_RUSH,10,ERA_2025_2026,CALM,CALM,313,200,58,0.0050957154468733,0.5623003194888179,0.0398000582268771,-0.0330668544618185
INDEPENDENT_CURRENT_CONSTITUENTS,STAGE_ENTRY_RUSH,10,ERA_2025_2026,CALM,DRIFT,254,181,56,0.00756316586557825,0.562992125984252,0.03843247098789525,-0.032059138730819295
INDEPENDENT_CURRENT_CONSTITUENTS,STAGE_ENTRY_RUSH,10,ERA_2025_2026,CALM,RUSH,34,33,13,0.0089404099090768,0.5588235294117647,0.0286161963654664,-0.0409411136403913
INDEPENDENT_CURRENT_CONSTITUENTS,STAGE_ENTRY_RUSH,10,ERA_2025_2026,CALM,SCATTER,34,34,18,0.00373040776293615,0.5882352941176471,0.0444461757860793,-0.04563935081441155
INDEPENDENT_CURRENT_CONSTITUENTS,STAGE_ENTRY_RUSH,10,ERA_2025_2026,DRIFT,CALM,16,16,3,-0.0650566695439766,0.375,0.015269331867561,-0.07055189259125395
INDEPENDENT_CURRENT_CONSTITUENTS,STAGE_ENTRY_RUSH,10,ERA_2025_2026,DRIFT,DRIFT,16,16,3,0.0194758989928954,0.75,0.03763506070400775,-0.0246768507078965
INDEPENDENT_CURRENT_CONSTITUENTS,STAGE_ENTRY_RUSH,10,ERA_2025_2026,DRIFT,RUSH,39,39,3,0.0150788090564593,0.6923076923076923,0.0334686020840053,-0.0324425660690028
INDEPENDENT_CURRENT_CONSTITUENTS,STAGE_ENTRY_RUSH,10,ERA_2025_2026,DRIFT,SCATTER,7,7,3,-0.0502054632383749,0.2857142857142857,0.1379204333964105,-0.0728502987017777
INDEPENDENT_CURRENT_CONSTITUENTS,STAGE_ENTRY_RUSH,10,ERA_2025_2026,SCATTER,CALM,16,16,5,0.03113445067076395,0.8125,0.05120588858358795,-0.0388742835246056
INDEPENDENT_CURRENT_CONSTITUENTS,STAGE_ENTRY_RUSH,10,ERA_2025_2026,SCATTER,DRIFT,1,1,1,0.0429062392471386,1.0,0.0486270547285085,-0.0051485773054864
INDEPENDENT_CURRENT_CONSTITUENTS,STAGE_ENTRY_RUSH,10,ERA_2025_2026,SCATTER,RUSH,2,2,2,-0.01047293515408225,0.0,0.01445679200010245,-0.050720558905763
INDEPENDENT_CURRENT_CONSTITUENTS,STAGE_ENTRY_RUSH,10,ERA_2025_2026,SCATTER,SCATTER,1,1,1,0.0236442247679007,1.0,0.0510713410241334,-0.0065839641178543
INDEPENDENT_CURRENT_CONSTITUENTS,STAGE_ENTRY_RUSH,20,ERA_2013_2015,CALM,CALM,226,165,56,0.00957327176951835,0.5752212389380531,0.0390237906496746,-0.031170559750422752
INDEPENDENT_CURRENT_CONSTITUENTS,STAGE_ENTRY_RUSH,20,ERA_2013_2015,CALM,DRIFT,310,189,55,0.010850863216138651,0.5870967741935483,0.03735777303327205,-0.0356370422868678
INDEPENDENT_CURRENT_CONSTITUENTS,STAGE_ENTRY_RUSH,20,ERA_2013_2015,CALM,RUSH,34,32,10,0.00825514845409885,0.5294117647058824,0.027557006025039903,-0.022405820735715648
INDEPENDENT_CURRENT_CONSTITUENTS,STAGE_ENTRY_RUSH,20,ERA_2013_2015,CALM,SCATTER,29,26,18,-0.0033241120583105,0.41379310344827586,0.0286720589870486,-0.0375824014073928
INDEPENDENT_CURRENT_CONSTITUENTS,STAGE_ENTRY_RUSH,20,ERA_2013_2015,DRIFT,CALM,10,10,2,0.0118169139233299,0.7,0.028206156896578502,-0.04454872185309485
INDEPENDENT_CURRENT_CONSTITUENTS,STAGE_ENTRY_RUSH,20,ERA_2013_2015,DRIFT,DRIFT,9,9,2,-0.012559737403177,0.3333333333333333,0.019822448204682,-0.0624358293232785
INDEPENDENT_CURRENT_CONSTITUENTS,STAGE_ENTRY_RUSH,20,ERA_2013_2015,DRIFT,RUSH,3,3,1,0.0780108141177857,1.0,0.0848169165581027,-0.0238458517397105
INDEPENDENT_CURRENT_CONSTITUENTS,STAGE_ENTRY_RUSH,20,ERA_2013_2015,SCATTER,CALM,63,57,25,0.0109875874351563,0.6190476190476191,0.045385439291959,-0.0326335318462002
INDEPENDENT_CURRENT_CONSTITUENTS,STAGE_ENTRY_RUSH,20,ERA_2013_2015,SCATTER,DRIFT,33,33,8,0.003557908405503,0.6060606060606061,0.0337518056519918,-0.0345816165490751
INDEPENDENT_CURRENT_CONSTITUENTS,STAGE_ENTRY_RUSH,20,ERA_2013_2015,SCATTER,SCATTER,21,18,13,-0.0217997350954389,0.3333333333333333,0.0253586172530628,-0.044232591420959
INDEPENDENT_CURRENT_CONSTITUENTS,STAGE_ENTRY_RUSH,20,ERA_2016_2018,CALM,CALM,232,171,59,0.00608932682867485,0.5560344827586207,0.04328721399905905,-0.02955248631054075
INDEPENDENT_CURRENT_CONSTITUENTS,STAGE_ENTRY_RUSH,20,ERA_2016_2018,CALM,DRIFT,387,248,59,0.0189974419687379,0.6459948320413437,0.0417652380719073,-0.0296042506306377
INDEPENDENT_CURRENT_CONSTITUENTS,STAGE_ENTRY_RUSH,20,ERA_2016_2018,CALM,RUSH,84,63,27,-0.0089131051113398,0.42857142857142855,0.028668949858844002,-0.0430576717243745
INDEPENDENT_CURRENT_CONSTITUENTS,STAGE_ENTRY_RUSH,20,ERA_2016_2018,CALM,SCATTER,22,19,12,0.0247207319868195,0.6818181818181818,0.0539586687298506,-0.0345447682126439
INDEPENDENT_CURRENT_CONSTITUENTS,STAGE_ENTRY_RUSH,20,ERA_2016_2018,DRIFT,CALM,83,71,34,0.0123150775103382,0.6144578313253012,0.0365285677381268,-0.0224533068093192
INDEPENDENT_CURRENT_CONSTITUENTS,STAGE_ENTRY_RUSH,20,ERA_2016_2018,DRIFT,DRIFT,457,259,48,0.0090446498397687,0.5733041575492341,0.0353910103448531,-0.0303408452521691
INDEPENDENT_CURRENT_CONSTITUENTS,STAGE_ENTRY_RUSH,20,ERA_2016_2018,DRIFT,RUSH,213,167,29,-0.0144735269726262,0.37089201877934275,0.0230955146226035,-0.0485993586043199
INDEPENDENT_CURRENT_CONSTITUENTS,STAGE_ENTRY_RUSH,20,ERA_2016_2018,DRIFT,SCATTER,11,10,10,0.011855023329758,0.7272727272727273,0.0521100392710172,-0.0114240636722774
INDEPENDENT_CURRENT_CONSTITUENTS,STAGE_ENTRY_RUSH,20,ERA_2016_2018,SCATTER,CALM,53,50,15,0.0390600537216025,0.7169811320754716,0.0574220025945608,-0.0284667677267304
INDEPENDENT_CURRENT_CONSTITUENTS,STAGE_ENTRY_RUSH,20,ERA_2016_2018,SCATTER,DRIFT,33,30,10,0.0031770536310204,0.5151515151515151,0.0349715684862745,-0.0459432232445188
INDEPENDENT_CURRENT_CONSTITUENTS,STAGE_ENTRY_RUSH,20,ERA_2016_2018,SCATTER,RUSH,13,13,2,0.0606334090535483,1.0,0.0737758112152637,-0.0026607946724538
INDEPENDENT_CURRENT_CONSTITUENTS,STAGE_ENTRY_RUSH,20,ERA_2016_2018,SCATTER,SCATTER,8,8,5,-0.0143347482411787,0.375,0.034640164352834,-0.0452688677379257
INDEPENDENT_CURRENT_CONSTITUENTS,STAGE_ENTRY_RUSH,20,ERA_2019_2021,CALM,CALM,270,190,63,0.00802254321630665,0.5407407407407407,0.04172352039458875,-0.038673359413597605
INDEPENDENT_CURRENT_CONSTITUENTS,STAGE_ENTRY_RUSH,20,ERA_2019_2021,CALM,DRIFT,405,255,73,0.011950532889891,0.5851851851851851,0.0433333366577814,-0.0405778470056144
INDEPENDENT_CURRENT_CONSTITUENTS,STAGE_ENTRY_RUSH,20,ERA_2019_2021,CALM,RUSH,70,63,19,-0.00240221983304535,0.4714285714285714,0.0249014881461804,-0.0492582915871588
INDEPENDENT_CURRENT_CONSTITUENTS,STAGE_ENTRY_RUSH,20,ERA_2019_2021,CALM,SCATTER,12,11,9,0.02372876158346145,0.75,0.043947396860538904,-0.0449732658763358
INDEPENDENT_CURRENT_CONSTITUENTS,STAGE_ENTRY_RUSH,20,ERA_2019_2021,DRIFT,CALM,105,83,36,0.0098032647630854,0.5333333333333333,0.0461572750797407,-0.0334167129487325
INDEPENDENT_CURRENT_CONSTITUENTS,STAGE_ENTRY_RUSH,20,ERA_2019_2021,DRIFT,DRIFT,502,281,47,0.00571405442111855,0.5179282868525896,0.044445535485928694,-0.041557080879428304
INDEPENDENT_CURRENT_CONSTITUENTS,STAGE_ENTRY_RUSH,20,ERA_2019_2021,DRIFT,RUSH,114,95,28,0.026452870940313303,0.7017543859649122,0.05209715132749265,-0.0327504741238034
INDEPENDENT_CURRENT_CONSTITUENTS,STAGE_ENTRY_RUSH,20,ERA_2019_2021,DRIFT,SCATTER,3,2,3,0.0065227132820107,0.6666666666666666,0.0321122395539026,-0.035797089735427
INDEPENDENT_CURRENT_CONSTITUENTS,STAGE_ENTRY_RUSH,20,ERA_2019_2021,RUSH,CALM,1,1,1,0.0644391381959337,1.0,0.0764210333000419,-0.0455408630291745
INDEPENDENT_CURRENT_CONSTITUENTS,STAGE_ENTRY_RUSH,20,ERA_2019_2021,RUSH,DRIFT,3,3,1,-0.018475839583436,0.3333333333333333,0.0238645720289178,-0.0438799714632749
INDEPENDENT_CURRENT_CONSTITUENTS,STAGE_ENTRY_RUSH,20,ERA_2019_2021,RUSH,RUSH,15,15,1,0.0075555277651015,0.5333333333333333,0.0583865806601338,-0.0450845914575244
INDEPENDENT_CURRENT_CONSTITUENTS,STAGE_ENTRY_RUSH,20,ERA_2019_2021,SCATTER,CALM,23,21,8,0.0312858041668815,0.7391304347826086,0.0460906056305172,-0.0574698424581532
INDEPENDENT_CURRENT_CONSTITUENTS,STAGE_ENTRY_RUSH,20,ERA_2019_2021,SCATTER,DRIFT,19,19,5,0.041819555874482,1.0,0.0497206625107096,-0.0076313546461759
INDEPENDENT_CURRENT_CONSTITUENTS,STAGE_ENTRY_RUSH,20,ERA_2019_2021,SCATTER,RUSH,5,5,2,-0.0104267665842743,0.4,0.017934507584987,-0.0326316432868865
INDEPENDENT_CURRENT_CONSTITUENTS,STAGE_ENTRY_RUSH,20,ERA_2019_2021,SCATTER,SCATTER,13,12,7,0.0790271514657705,0.6923076923076923,0.1331853083647767,-0.0623701804062458
INDEPENDENT_CURRENT_CONSTITUENTS,STAGE_ENTRY_RUSH,20,ERA_2022_2024,CALM,CALM,300,193,58,-0.00109094087509605,0.49666666666666665,0.036216147712121546,-0.0428495132721638
INDEPENDENT_CURRENT_CONSTITUENTS,STAGE_ENTRY_RUSH,20,ERA_2022_2024,CALM,DRIFT,249,170,42,0.0152968861294444,0.5783132530120482,0.0481962148988595,-0.0378486850539377
INDEPENDENT_CURRENT_CONSTITUENTS,STAGE_ENTRY_RUSH,20,ERA_2022_2024,CALM,RUSH,27,27,7,0.0489412459167142,0.7777777777777778,0.0635293563472116,-0.044961532752485
INDEPENDENT_CURRENT_CONSTITUENTS,STAGE_ENTRY_RUSH,20,ERA_2022_2024,CALM,SCATTER,23,21,16,-0.002306424208741,0.391304347826087,0.0383600325317416,-0.0618472664854283
INDEPENDENT_CURRENT_CONSTITUENTS,STAGE_ENTRY_RUSH,20,ERA_2022_2024,DRIFT,CALM,91,77,28,0.0103764357056024,0.5604395604395604,0.0410386513526355,-0.0353921959360132
INDEPENDENT_CURRENT_CONSTITUENTS,STAGE_ENTRY_RUSH,20,ERA_2022_2024,DRIFT,DRIFT,264,200,31,0.00328774777293945,0.5189393939393939,0.040805921383914395,-0.04034618127584015
INDEPENDENT_CURRENT_CONSTITUENTS,STAGE_ENTRY_RUSH,20,ERA_2022_2024,DRIFT,RUSH,130,104,21,0.0007437232319204999,0.5076923076923077,0.04247171067581415,-0.044353185404989656
INDEPENDENT_CURRENT_CONSTITUENTS,STAGE_ENTRY_RUSH,20,ERA_2022_2024,DRIFT,SCATTER,6,6,4,0.09919380584606854,1.0,0.11528568033041814,-0.0099012477798393
INDEPENDENT_CURRENT_CONSTITUENTS,STAGE_ENTRY_RUSH,20,ERA_2022_2024,SCATTER,CALM,55,49,21,0.0082009641683129,0.5272727272727272,0.0437503183846974,-0.0599113859222252
INDEPENDENT_CURRENT_CONSTITUENTS,STAGE_ENTRY_RUSH,20,ERA_2022_2024,SCATTER,DRIFT,35,28,12,0.0432626220507057,0.7142857142857143,0.0656775932215063,-0.0323159916253501
INDEPENDENT_CURRENT_CONSTITUENTS,STAGE_ENTRY_RUSH,20,ERA_2022_2024,SCATTER,RUSH,18,16,6,-0.0518773417701964,0.3888888888888889,0.019078528286336,-0.12207857192888966
INDEPENDENT_CURRENT_CONSTITUENTS,STAGE_ENTRY_RUSH,20,ERA_2022_2024,SCATTER,SCATTER,30,25,17,0.021447860415953902,0.6333333333333333,0.05104807426972585,-0.0593096392406105
INDEPENDENT_CURRENT_CONSTITUENTS,STAGE_ENTRY_RUSH,20,ERA_2025_2026,CALM,CALM,299,193,55,0.020605827569762,0.5886287625418061,0.0605410352417881,-0.0437362152685864
INDEPENDENT_CURRENT_CONSTITUENTS,STAGE_ENTRY_RUSH,20,ERA_2025_2026,CALM,DRIFT,228,167,54,0.0064591021824471,0.5394736842105263,0.055805940074102195,-0.045836043335539645
INDEPENDENT_CURRENT_CONSTITUENTS,STAGE_ENTRY_RUSH,20,ERA_2025_2026,CALM,RUSH,29,28,12,-0.0012670428620954,0.4827586206896552,0.0361357192625206,-0.0490491163294576
INDEPENDENT_CURRENT_CONSTITUENTS,STAGE_ENTRY_RUSH,20,ERA_2025_2026,CALM,SCATTER,34,34,18,0.0174350960058525,0.6764705882352942,0.061387894273953844,-0.05282173997307895
INDEPENDENT_CURRENT_CONSTITUENTS,STAGE_ENTRY_RUSH,20,ERA_2025_2026,DRIFT,CALM,16,16,3,-0.08316635336853209,0.25,0.017460691046266602,-0.11805179445503894
INDEPENDENT_CURRENT_CONSTITUENTS,STAGE_ENTRY_RUSH,20,ERA_2025_2026,DRIFT,DRIFT,16,16,3,-0.0293999533930688,0.3125,0.04335598693119095,-0.0535850204377559
INDEPENDENT_CURRENT_CONSTITUENTS,STAGE_ENTRY_RUSH,20,ERA_2025_2026,DRIFT,RUSH,39,39,3,0.002543871557719,0.5384615384615384,0.0407474153364917,-0.0396693295270365
INDEPENDENT_CURRENT_CONSTITUENTS,STAGE_ENTRY_RUSH,20,ERA_2025_2026,DRIFT,SCATTER,7,7,3,-0.0681328583468511,0.42857142857142855,0.1379204333964105,-0.1516506951097148
INDEPENDENT_CURRENT_CONSTITUENTS,STAGE_ENTRY_RUSH,20,ERA_2025_2026,SCATTER,CALM,16,16,5,0.0183845367893211,0.75,0.07080874081945125,-0.03967221309133925
INDEPENDENT_CURRENT_CONSTITUENTS,STAGE_ENTRY_RUSH,20,ERA_2025_2026,SCATTER,DRIFT,1,1,1,-0.0111554978237445,0.0,0.0497712107273786,-0.0157321528295832
INDEPENDENT_CURRENT_CONSTITUENTS,STAGE_ENTRY_RUSH,20,ERA_2025_2026,SCATTER,RUSH,2,2,2,0.0177931480481289,0.5,0.05744823628664025,-0.08632157151446435
INDEPENDENT_CURRENT_CONSTITUENTS,STAGE_ENTRY_RUSH,20,ERA_2025_2026,SCATTER,SCATTER,1,1,1,0.0204172496812966,1.0,0.0510713410241334,-0.0065839641178543
INDEPENDENT_CURRENT_CONSTITUENTS,STAGE_ENTRY_RUSH,21,ERA_2013_2015,CALM,CALM,226,165,56,0.012478197253214151,0.5929203539823009,0.0392283142009329,-0.03145701355933015
INDEPENDENT_CURRENT_CONSTITUENTS,STAGE_ENTRY_RUSH,21,ERA_2013_2015,CALM,DRIFT,310,189,55,0.012456504235741048,0.5967741935483871,0.03940936697427285,-0.0356370422868678
INDEPENDENT_CURRENT_CONSTITUENTS,STAGE_ENTRY_RUSH,21,ERA_2013_2015,CALM,RUSH,34,32,10,-0.0017613921632151498,0.4411764705882353,0.027557006025039903,-0.02584816582241655
INDEPENDENT_CURRENT_CONSTITUENTS,STAGE_ENTRY_RUSH,21,ERA_2013_2015,CALM,SCATTER,29,26,18,0.0027248322051773,0.5517241379310345,0.0286720589870486,-0.0375824014073928
INDEPENDENT_CURRENT_CONSTITUENTS,STAGE_ENTRY_RUSH,21,ERA_2013_2015,DRIFT,CALM,10,10,2,0.019020369108052902,0.8,0.028206156896578502,-0.04454872185309485
INDEPENDENT_CURRENT_CONSTITUENTS,STAGE_ENTRY_RUSH,21,ERA_2013_2015,DRIFT,DRIFT,9,9,2,-0.0071621117549406,0.4444444444444444,0.0218606263923719,-0.0624358293232785
INDEPENDENT_CURRENT_CONSTITUENTS,STAGE_ENTRY_RUSH,21,ERA_2013_2015,DRIFT,RUSH,3,3,1,0.07434629391261,1.0,0.0848169165581027,-0.0238458517397105
INDEPENDENT_CURRENT_CONSTITUENTS,STAGE_ENTRY_RUSH,21,ERA_2013_2015,SCATTER,CALM,63,57,25,0.0140201879566062,0.5873015873015873,0.045385439291959,-0.0344589097631038
INDEPENDENT_CURRENT_CONSTITUENTS,STAGE_ENTRY_RUSH,21,ERA_2013_2015,SCATTER,DRIFT,33,33,8,0.0078373303620395,0.5757575757575758,0.0337518056519918,-0.0385332729073538
INDEPENDENT_CURRENT_CONSTITUENTS,STAGE_ENTRY_RUSH,21,ERA_2013_2015,SCATTER,SCATTER,21,18,13,-0.0120275704706918,0.3333333333333333,0.0283968147530084,-0.044232591420959
INDEPENDENT_CURRENT_CONSTITUENTS,STAGE_ENTRY_RUSH,21,ERA_2016_2018,CALM,CALM,232,171,59,0.007920783585467099,0.5603448275862069,0.0447518971699142,-0.0304407232928788
INDEPENDENT_CURRENT_CONSTITUENTS,STAGE_ENTRY_RUSH,21,ERA_2016_2018,CALM,DRIFT,387,248,59,0.0211218121242258,0.6640826873385013,0.0437058006684123,-0.0296969112295275
INDEPENDENT_CURRENT_CONSTITUENTS,STAGE_ENTRY_RUSH,21,ERA_2016_2018,CALM,RUSH,84,63,27,-0.0105469526926614,0.4166666666666667,0.029269592187310497,-0.0433409230749835
INDEPENDENT_CURRENT_CONSTITUENTS,STAGE_ENTRY_RUSH,21,ERA_2016_2018,CALM,SCATTER,22,19,12,0.0257354921991933,0.7272727272727273,0.0539586687298506,-0.0345447682126439
INDEPENDENT_CURRENT_CONSTITUENTS,STAGE_ENTRY_RUSH,21,ERA_2016_2018,DRIFT,CALM,83,71,34,0.0115299804834378,0.6626506024096386,0.0365285677381268,-0.0235347094281597
INDEPENDENT_CURRENT_CONSTITUENTS,STAGE_ENTRY_RUSH,21,ERA_2016_2018,DRIFT,DRIFT,457,259,48,0.0068447128228781,0.5689277899343544,0.0364148157082726,-0.0308705426748805
INDEPENDENT_CURRENT_CONSTITUENTS,STAGE_ENTRY_RUSH,21,ERA_2016_2018,DRIFT,RUSH,213,167,29,-0.0152687720552592,0.36619718309859156,0.0244226862179977,-0.0517600852959908
INDEPENDENT_CURRENT_CONSTITUENTS,STAGE_ENTRY_RUSH,21,ERA_2016_2018,DRIFT,SCATTER,11,10,10,0.0110093454400959,0.7272727272727273,0.0521100392710172,-0.0114240636722774
INDEPENDENT_CURRENT_CONSTITUENTS,STAGE_ENTRY_RUSH,21,ERA_2016_2018,SCATTER,CALM,53,50,15,0.038003843678136,0.6981132075471698,0.0656447130155741,-0.0289055204245026
INDEPENDENT_CURRENT_CONSTITUENTS,STAGE_ENTRY_RUSH,21,ERA_2016_2018,SCATTER,DRIFT,33,30,10,3.217676216582533e-07,0.5151515151515151,0.0349715684862745,-0.0459432232445188
INDEPENDENT_CURRENT_CONSTITUENTS,STAGE_ENTRY_RUSH,21,ERA_2016_2018,SCATTER,RUSH,13,13,2,0.0410908301075789,1.0,0.0737758112152637,-0.0026607946724538
INDEPENDENT_CURRENT_CONSTITUENTS,STAGE_ENTRY_RUSH,21,ERA_2016_2018,SCATTER,SCATTER,8,8,5,-0.00916132137600985,0.375,0.034640164352834,-0.0452688677379257
INDEPENDENT_CURRENT_CONSTITUENTS,STAGE_ENTRY_RUSH,21,ERA_2019_2021,CALM,CALM,270,190,63,0.0028549394524256,0.5148148148148148,0.041991513403650996,-0.041467524325827246
INDEPENDENT_CURRENT_CONSTITUENTS,STAGE_ENTRY_RUSH,21,ERA_2019_2021,CALM,DRIFT,405,255,73,0.0125452429767507,0.582716049382716,0.0458675523438825,-0.0405937467565853
INDEPENDENT_CURRENT_CONSTITUENTS,STAGE_ENTRY_RUSH,21,ERA_2019_2021,CALM,RUSH,70,63,19,-0.0042857296671277,0.4714285714285714,0.02927387562860245,-0.049977619705912996
INDEPENDENT_CURRENT_CONSTITUENTS,STAGE_ENTRY_RUSH,21,ERA_2019_2021,CALM,SCATTER,12,11,9,0.0219674295713473,0.6666666666666666,0.045805237344638,-0.0449732658763358
INDEPENDENT_CURRENT_CONSTITUENTS,STAGE_ENTRY_RUSH,21,ERA_2019_2021,DRIFT,CALM,105,83,36,0.0068082246562948,0.5619047619047619,0.0467765450179264,-0.0357482477724272
INDEPENDENT_CURRENT_CONSTITUENTS,STAGE_ENTRY_RUSH,21,ERA_2019_2021,DRIFT,DRIFT,502,281,47,0.0013613254828216,0.5079681274900398,0.04694680380798605,-0.04260283290136955
INDEPENDENT_CURRENT_CONSTITUENTS,STAGE_ENTRY_RUSH,21,ERA_2019_2021,DRIFT,RUSH,114,95,28,0.02904674271163485,0.7280701754385965,0.05209715132749265,-0.0327504741238034
INDEPENDENT_CURRENT_CONSTITUENTS,STAGE_ENTRY_RUSH,21,ERA_2019_2021,DRIFT,SCATTER,3,2,3,-0.0025088074396628,0.3333333333333333,0.0321122395539026,-0.035797089735427
INDEPENDENT_CURRENT_CONSTITUENTS,STAGE_ENTRY_RUSH,21,ERA_2019_2021,RUSH,CALM,1,1,1,0.0471482347978662,1.0,0.0764210333000419,-0.0455408630291745
INDEPENDENT_CURRENT_CONSTITUENTS,STAGE_ENTRY_RUSH,21,ERA_2019_2021,RUSH,DRIFT,3,3,1,-0.021170142706263,0.3333333333333333,0.0238645720289178,-0.0438799714632749
INDEPENDENT_CURRENT_CONSTITUENTS,STAGE_ENTRY_RUSH,21,ERA_2019_2021,RUSH,RUSH,15,15,1,0.007038622023394,0.5333333333333333,0.0583865806601338,-0.0450845914575244
INDEPENDENT_CURRENT_CONSTITUENTS,STAGE_ENTRY_RUSH,21,ERA_2019_2021,SCATTER,CALM,23,21,8,0.0260080085705509,0.8260869565217391,0.0501245550533935,-0.0574698424581532
INDEPENDENT_CURRENT_CONSTITUENTS,STAGE_ENTRY_RUSH,21,ERA_2019_2021,SCATTER,DRIFT,19,19,5,0.0443646607924184,1.0,0.0570571975133888,-0.0076313546461759
INDEPENDENT_CURRENT_CONSTITUENTS,STAGE_ENTRY_RUSH,21,ERA_2019_2021,SCATTER,RUSH,5,5,2,-0.003680145606406,0.4,0.0187330771739677,-0.0326316432868865
INDEPENDENT_CURRENT_CONSTITUENTS,STAGE_ENTRY_RUSH,21,ERA_2019_2021,SCATTER,SCATTER,13,12,7,0.0803934895171454,0.6923076923076923,0.1331853083647767,-0.0623701804062458
INDEPENDENT_CURRENT_CONSTITUENTS,STAGE_ENTRY_RUSH,21,ERA_2022_2024,CALM,CALM,300,193,58,0.0054449206462970495,0.5133333333333333,0.03915044925629845,-0.04390346129371335
INDEPENDENT_CURRENT_CONSTITUENTS,STAGE_ENTRY_RUSH,21,ERA_2022_2024,CALM,DRIFT,249,170,42,0.0079512036524682,0.5502008032128514,0.0490354689922274,-0.0410721373880832
INDEPENDENT_CURRENT_CONSTITUENTS,STAGE_ENTRY_RUSH,21,ERA_2022_2024,CALM,RUSH,27,27,7,0.046629235048357,0.8148148148148148,0.0635293563472116,-0.044961532752485
INDEPENDENT_CURRENT_CONSTITUENTS,STAGE_ENTRY_RUSH,21,ERA_2022_2024,CALM,SCATTER,23,21,16,-0.0139831753407022,0.391304347826087,0.0401290231489976,-0.0618472664854283
INDEPENDENT_CURRENT_CONSTITUENTS,STAGE_ENTRY_RUSH,21,ERA_2022_2024,DRIFT,CALM,91,77,28,0.0142919367694238,0.5714285714285714,0.0432389345164505,-0.0375770996131259
INDEPENDENT_CURRENT_CONSTITUENTS,STAGE_ENTRY_RUSH,21,ERA_2022_2024,DRIFT,DRIFT,264,200,31,0.00376151855386915,0.5227272727272727,0.041003491941794354,-0.04124919954683415
INDEPENDENT_CURRENT_CONSTITUENTS,STAGE_ENTRY_RUSH,21,ERA_2022_2024,DRIFT,RUSH,130,104,21,0.0016688394615121502,0.5153846153846153,0.04247171067581415,-0.04666707833407265
INDEPENDENT_CURRENT_CONSTITUENTS,STAGE_ENTRY_RUSH,21,ERA_2022_2024,DRIFT,SCATTER,6,6,4,0.0982454988974289,1.0,0.11863972424308841,-0.0099012477798393
INDEPENDENT_CURRENT_CONSTITUENTS,STAGE_ENTRY_RUSH,21,ERA_2022_2024,SCATTER,CALM,55,49,21,0.007934324748527,0.5454545454545454,0.0439857588959029,-0.0599113859222252
INDEPENDENT_CURRENT_CONSTITUENTS,STAGE_ENTRY_RUSH,21,ERA_2022_2024,SCATTER,DRIFT,35,28,12,0.0315295892288554,0.7428571428571429,0.0656775932215063,-0.0323159916253501
INDEPENDENT_CURRENT_CONSTITUENTS,STAGE_ENTRY_RUSH,21,ERA_2022_2024,SCATTER,RUSH,18,16,6,-0.05719233738047135,0.3888888888888889,0.019078528286336,-0.12207857192888966
INDEPENDENT_CURRENT_CONSTITUENTS,STAGE_ENTRY_RUSH,21,ERA_2022_2024,SCATTER,SCATTER,30,25,17,0.0116852522240572,0.6333333333333333,0.05104807426972585,-0.0593096392406105
INDEPENDENT_CURRENT_CONSTITUENTS,STAGE_ENTRY_RUSH,21,ERA_2025_2026,CALM,CALM,299,193,55,0.0216940816461088,0.6086956521739131,0.0646880211108604,-0.0437362152685864
INDEPENDENT_CURRENT_CONSTITUENTS,STAGE_ENTRY_RUSH,21,ERA_2025_2026,CALM,DRIFT,228,167,54,0.00822646425786905,0.5394736842105263,0.05692262510292885,-0.045836043335539645
INDEPENDENT_CURRENT_CONSTITUENTS,STAGE_ENTRY_RUSH,21,ERA_2025_2026,CALM,RUSH,29,28,12,-0.0026299999464605,0.4827586206896552,0.0361357192625206,-0.0490491163294576
INDEPENDENT_CURRENT_CONSTITUENTS,STAGE_ENTRY_RUSH,21,ERA_2025_2026,CALM,SCATTER,34,34,18,0.0180511626494691,0.6176470588235294,0.061387894273953844,-0.05282173997307895
INDEPENDENT_CURRENT_CONSTITUENTS,STAGE_ENTRY_RUSH,21,ERA_2025_2026,DRIFT,CALM,16,16,3,-0.0786116323986091,0.25,0.017460691046266602,-0.11805179445503894
INDEPENDENT_CURRENT_CONSTITUENTS,STAGE_ENTRY_RUSH,21,ERA_2025_2026,DRIFT,DRIFT,16,16,3,-0.037580005781660056,0.375,0.04335598693119095,-0.0570523673993548
INDEPENDENT_CURRENT_CONSTITUENTS,STAGE_ENTRY_RUSH,21,ERA_2025_2026,DRIFT,RUSH,39,39,3,0.0006603490664649,0.5384615384615384,0.042626384572151,-0.0396693295270365
INDEPENDENT_CURRENT_CONSTITUENTS,STAGE_ENTRY_RUSH,21,ERA_2025_2026,DRIFT,SCATTER,7,7,3,-0.0479334163646852,0.2857142857142857,0.1379204333964105,-0.1516506951097148
INDEPENDENT_CURRENT_CONSTITUENTS,STAGE_ENTRY_RUSH,21,ERA_2025_2026,SCATTER,CALM,16,16,5,0.02799395826695435,0.6875,0.07080874081945125,-0.03967221309133925
INDEPENDENT_CURRENT_CONSTITUENTS,STAGE_ENTRY_RUSH,21,ERA_2025_2026,SCATTER,DRIFT,1,1,1,-0.0334668043486113,0.0,0.0497712107273786,-0.0346109954105803
INDEPENDENT_CURRENT_CONSTITUENTS,STAGE_ENTRY_RUSH,21,ERA_2025_2026,SCATTER,RUSH,2,2,2,0.015697066097835,0.5,0.05744823628664025,-0.08632157151446435
INDEPENDENT_CURRENT_CONSTITUENTS,STAGE_ENTRY_RUSH,21,ERA_2025_2026,SCATTER,SCATTER,1,1,1,-0.0167870085956616,0.0,0.0510713410241334,-0.032544121804075
INDEPENDENT_CURRENT_CONSTITUENTS,STAGE_ENTRY_RUSH,40,ERA_2013_2015,CALM,CALM,226,165,56,0.0199447021906068,0.6194690265486725,0.06302050192117531,-0.04364873084918705
INDEPENDENT_CURRENT_CONSTITUENTS,STAGE_ENTRY_RUSH,40,ERA_2013_2015,CALM,DRIFT,310,189,55,0.0284172189040433,0.6419354838709678,0.06372618962838389,-0.04620573620754935
INDEPENDENT_CURRENT_CONSTITUENTS,STAGE_ENTRY_RUSH,40,ERA_2013_2015,CALM,RUSH,34,32,10,-0.01698198614941715,0.29411764705882354,0.030095694316064098,-0.07190777149677895
INDEPENDENT_CURRENT_CONSTITUENTS,STAGE_ENTRY_RUSH,40,ERA_2013_2015,CALM,SCATTER,29,26,18,-0.0008444363939339,0.4827586206896552,0.0360587579870346,-0.0413989629003145
INDEPENDENT_CURRENT_CONSTITUENTS,STAGE_ENTRY_RUSH,40,ERA_2013_2015,DRIFT,CALM,10,10,2,0.0124553257645665,0.6,0.05720132189903275,-0.05134925377238695
INDEPENDENT_CURRENT_CONSTITUENTS,STAGE_ENTRY_RUSH,40,ERA_2013_2015,DRIFT,DRIFT,9,9,2,0.0495537625150035,0.6666666666666666,0.0822527234027243,-0.066162088400125
INDEPENDENT_CURRENT_CONSTITUENTS,STAGE_ENTRY_RUSH,40,ERA_2013_2015,DRIFT,RUSH,3,3,1,0.0720481578536129,1.0,0.1238205418283546,-0.0238458517397105
INDEPENDENT_CURRENT_CONSTITUENTS,STAGE_ENTRY_RUSH,40,ERA_2013_2015,SCATTER,CALM,63,57,25,-0.0034236455206249,0.47619047619047616,0.0696149239023997,-0.0470350172564135
INDEPENDENT_CURRENT_CONSTITUENTS,STAGE_ENTRY_RUSH,40,ERA_2013_2015,SCATTER,DRIFT,33,33,8,-0.0103243654941289,0.42424242424242425,0.0445290823273782,-0.063076963859028
INDEPENDENT_CURRENT_CONSTITUENTS,STAGE_ENTRY_RUSH,40,ERA_2013_2015,SCATTER,SCATTER,21,18,13,-0.0362084121817876,0.3333333333333333,0.0476802599849408,-0.0906086762281613
INDEPENDENT_CURRENT_CONSTITUENTS,STAGE_ENTRY_RUSH,40,ERA_2016_2018,CALM,CALM,232,171,59,0.01599361474960255,0.5689655172413793,0.0642560094154898,-0.046365277958721696
INDEPENDENT_CURRENT_CONSTITUENTS,STAGE_ENTRY_RUSH,40,ERA_2016_2018,CALM,DRIFT,387,248,59,0.0173333456775346,0.6304909560723514,0.0639187375695093,-0.0395045173640936
INDEPENDENT_CURRENT_CONSTITUENTS,STAGE_ENTRY_RUSH,40,ERA_2016_2018,CALM,RUSH,84,63,27,0.014602307809902501,0.5595238095238095,0.04527864060903985,-0.0522615607322855
INDEPENDENT_CURRENT_CONSTITUENTS,STAGE_ENTRY_RUSH,40,ERA_2016_2018,CALM,SCATTER,22,19,12,0.0608592745633249,0.8636363636363636,0.09055593745856845,-0.036274620034949245
INDEPENDENT_CURRENT_CONSTITUENTS,STAGE_ENTRY_RUSH,40,ERA_2016_2018,DRIFT,CALM,83,71,34,0.0185721876078208,0.5903614457831325,0.0532181384239041,-0.0352533603148575
INDEPENDENT_CURRENT_CONSTITUENTS,STAGE_ENTRY_RUSH,40,ERA_2016_2018,DRIFT,DRIFT,457,259,48,0.020170152547468,0.6039387308533917,0.05822980439385,-0.0472961817659652
INDEPENDENT_CURRENT_CONSTITUENTS,STAGE_ENTRY_RUSH,40,ERA_2016_2018,DRIFT,RUSH,213,167,29,-0.0045709464366578,0.49295774647887325,0.0450386316285356,-0.0612372523802918
INDEPENDENT_CURRENT_CONSTITUENTS,STAGE_ENTRY_RUSH,40,ERA_2016_2018,DRIFT,SCATTER,11,10,10,0.0052951078787044,0.5454545454545454,0.0647625683561547,-0.0252401967974605
INDEPENDENT_CURRENT_CONSTITUENTS,STAGE_ENTRY_RUSH,40,ERA_2016_2018,SCATTER,CALM,53,50,15,0.0394255975781259,0.6037735849056604,0.0936067801008735,-0.0498291719196553
INDEPENDENT_CURRENT_CONSTITUENTS,STAGE_ENTRY_RUSH,40,ERA_2016_2018,SCATTER,DRIFT,33,30,10,0.0162143130752443,0.6363636363636364,0.0498288349106477,-0.0790599749496113
INDEPENDENT_CURRENT_CONSTITUENTS,STAGE_ENTRY_RUSH,40,ERA_2016_2018,SCATTER,RUSH,13,13,2,0.0404590637708248,0.9230769230769231,0.0743456535946638,-0.0089600862211269
INDEPENDENT_CURRENT_CONSTITUENTS,STAGE_ENTRY_RUSH,40,ERA_2016_2018,SCATTER,SCATTER,8,8,5,-0.0028474754869387,0.5,0.0574652794587555,-0.08887387890306571
INDEPENDENT_CURRENT_CONSTITUENTS,STAGE_ENTRY_RUSH,40,ERA_2019_2021,CALM,CALM,270,190,63,0.0223051969807024,0.5925925925925926,0.06925178663906936,-0.06132769183945615
INDEPENDENT_CURRENT_CONSTITUENTS,STAGE_ENTRY_RUSH,40,ERA_2019_2021,CALM,DRIFT,405,255,73,0.0048572751678868,0.5308641975308642,0.064350669229299,-0.0620999181374736
INDEPENDENT_CURRENT_CONSTITUENTS,STAGE_ENTRY_RUSH,40,ERA_2019_2021,CALM,RUSH,70,63,19,0.00675812988749255,0.5142857142857142,0.04508719103983335,-0.06766486326241489
INDEPENDENT_CURRENT_CONSTITUENTS,STAGE_ENTRY_RUSH,40,ERA_2019_2021,CALM,SCATTER,12,11,9,0.0213178868219224,0.6666666666666666,0.06041523576794225,-0.06016295503592995
INDEPENDENT_CURRENT_CONSTITUENTS,STAGE_ENTRY_RUSH,40,ERA_2019_2021,DRIFT,CALM,105,83,36,0.0298688365145294,0.6476190476190476,0.0676408837688027,-0.0510336071115544
INDEPENDENT_CURRENT_CONSTITUENTS,STAGE_ENTRY_RUSH,40,ERA_2019_2021,DRIFT,DRIFT,502,281,47,0.01335280902211805,0.5796812749003984,0.07000513428525905,-0.0678167372214338
INDEPENDENT_CURRENT_CONSTITUENTS,STAGE_ENTRY_RUSH,40,ERA_2019_2021,DRIFT,RUSH,114,95,28,0.057332038971359245,0.7368421052631579,0.0927519946102938,-0.0353882444725928
INDEPENDENT_CURRENT_CONSTITUENTS,STAGE_ENTRY_RUSH,40,ERA_2019_2021,DRIFT,SCATTER,3,2,3,0.0232016549072788,0.6666666666666666,0.0467350213233772,-0.0789965138912667
INDEPENDENT_CURRENT_CONSTITUENTS,STAGE_ENTRY_RUSH,40,ERA_2019_2021,RUSH,CALM,1,1,1,0.2032536317062374,1.0,0.2046660969933309,-0.0455408630291745
INDEPENDENT_CURRENT_CONSTITUENTS,STAGE_ENTRY_RUSH,40,ERA_2019_2021,RUSH,DRIFT,3,3,1,-0.0428380263083566,0.0,0.0238645720289178,-0.050808319282663
INDEPENDENT_CURRENT_CONSTITUENTS,STAGE_ENTRY_RUSH,40,ERA_2019_2021,RUSH,RUSH,15,15,1,-0.0039016559562143,0.4666666666666667,0.0586733131289298,-0.0644568704266723
INDEPENDENT_CURRENT_CONSTITUENTS,STAGE_ENTRY_RUSH,40,ERA_2019_2021,SCATTER,CALM,23,21,8,0.0626719539242224,0.6521739130434783,0.0877411425521517,-0.0592115172238703
INDEPENDENT_CURRENT_CONSTITUENTS,STAGE_ENTRY_RUSH,40,ERA_2019_2021,SCATTER,DRIFT,19,19,5,0.0515828605335719,1.0,0.0797841252985871,-0.0087412365287319
INDEPENDENT_CURRENT_CONSTITUENTS,STAGE_ENTRY_RUSH,40,ERA_2019_2021,SCATTER,RUSH,5,5,2,0.0083171686272742,0.8,0.03473641799305,-0.0326316432868865
INDEPENDENT_CURRENT_CONSTITUENTS,STAGE_ENTRY_RUSH,40,ERA_2019_2021,SCATTER,SCATTER,13,12,7,0.0327441911522405,0.6153846153846154,0.1372136934136294,-0.0791510327193756
INDEPENDENT_CURRENT_CONSTITUENTS,STAGE_ENTRY_RUSH,40,ERA_2022_2024,CALM,CALM,300,193,58,-0.00191536977411795,0.49666666666666665,0.0522656048173676,-0.0621276363530858
INDEPENDENT_CURRENT_CONSTITUENTS,STAGE_ENTRY_RUSH,40,ERA_2022_2024,CALM,DRIFT,249,170,42,0.0132258542919476,0.5461847389558233,0.0731179770064582,-0.0548922713409629
INDEPENDENT_CURRENT_CONSTITUENTS,STAGE_ENTRY_RUSH,40,ERA_2022_2024,CALM,RUSH,27,27,7,0.1052818005508218,0.8518518518518519,0.1471457206712905,-0.044961532752485
INDEPENDENT_CURRENT_CONSTITUENTS,STAGE_ENTRY_RUSH,40,ERA_2022_2024,CALM,SCATTER,23,21,16,0.0028259746825807,0.5217391304347826,0.0485812229898556,-0.0690625020675237
INDEPENDENT_CURRENT_CONSTITUENTS,STAGE_ENTRY_RUSH,40,ERA_2022_2024,DRIFT,CALM,91,77,28,0.0256174719730448,0.5824175824175825,0.0741118716568667,-0.0511022301259003
INDEPENDENT_CURRENT_CONSTITUENTS,STAGE_ENTRY_RUSH,40,ERA_2022_2024,DRIFT,DRIFT,264,200,31,0.01607250081470575,0.5643939393939394,0.0640394133251438,-0.0565379065074672
INDEPENDENT_CURRENT_CONSTITUENTS,STAGE_ENTRY_RUSH,40,ERA_2022_2024,DRIFT,RUSH,130,104,21,0.0007013160742175,0.5,0.054371575690577004,-0.06216560896165295
INDEPENDENT_CURRENT_CONSTITUENTS,STAGE_ENTRY_RUSH,40,ERA_2022_2024,DRIFT,SCATTER,6,6,4,0.17997620068169626,0.6666666666666666,0.18770397674556544,-0.014418318253455499
INDEPENDENT_CURRENT_CONSTITUENTS,STAGE_ENTRY_RUSH,40,ERA_2022_2024,SCATTER,CALM,55,49,21,-0.0093589332477042,0.4,0.0728169575067196,-0.0831960393510021
INDEPENDENT_CURRENT_CONSTITUENTS,STAGE_ENTRY_RUSH,40,ERA_2022_2024,SCATTER,DRIFT,35,28,12,0.0203370242739215,0.6285714285714286,0.0941797210733303,-0.050392895592618
INDEPENDENT_CURRENT_CONSTITUENTS,STAGE_ENTRY_RUSH,40,ERA_2022_2024,SCATTER,RUSH,18,16,6,-0.059228304093421905,0.2777777777777778,0.0261808274663071,-0.1481765307599148
INDEPENDENT_CURRENT_CONSTITUENTS,STAGE_ENTRY_RUSH,40,ERA_2022_2024,SCATTER,SCATTER,30,25,17,0.02478604486237795,0.5666666666666667,0.07516401121176615,-0.06118485250640895
INDEPENDENT_CURRENT_CONSTITUENTS,STAGE_ENTRY_RUSH,40,ERA_2025_2026,CALM,CALM,281,183,52,0.0288039136052629,0.597864768683274,0.0899732169178562,-0.0594493916192064
INDEPENDENT_CURRENT_CONSTITUENTS,STAGE_ENTRY_RUSH,40,ERA_2025_2026,CALM,DRIFT,208,154,50,0.0030197886793388,0.5192307692307693,0.07004993778116415,-0.0637882634351078
INDEPENDENT_CURRENT_CONSTITUENTS,STAGE_ENTRY_RUSH,40,ERA_2025_2026,CALM,RUSH,22,21,11,-0.024241765136370802,0.36363636363636365,0.04143756277252935,-0.0561621822655667
INDEPENDENT_CURRENT_CONSTITUENTS,STAGE_ENTRY_RUSH,40,ERA_2025_2026,CALM,SCATTER,29,29,17,0.0242977399708257,0.5517241379310345,0.0994796775218969,-0.0792396358418954
INDEPENDENT_CURRENT_CONSTITUENTS,STAGE_ENTRY_RUSH,40,ERA_2025_2026,DRIFT,CALM,16,16,3,-0.0531601304379577,0.1875,0.01837546928735225,-0.12274667789752175
INDEPENDENT_CURRENT_CONSTITUENTS,STAGE_ENTRY_RUSH,40,ERA_2025_2026,DRIFT,DRIFT,16,16,3,-0.02790144012603125,0.3125,0.04341674024457805,-0.12321243856853205
INDEPENDENT_CURRENT_CONSTITUENTS,STAGE_ENTRY_RUSH,40,ERA_2025_2026,DRIFT,RUSH,39,39,3,-0.0192674433666339,0.3076923076923077,0.0473010977768204,-0.0710383152135146
INDEPENDENT_CURRENT_CONSTITUENTS,STAGE_ENTRY_RUSH,40,ERA_2025_2026,DRIFT,SCATTER,7,7,3,0.0738753109117134,0.7142857142857143,0.1379204333964105,-0.1516506951097148
INDEPENDENT_CURRENT_CONSTITUENTS,STAGE_ENTRY_RUSH,40,ERA_2025_2026,SCATTER,CALM,16,16,5,0.05658134713565205,0.75,0.1191685808466922,-0.04195605703206795
INDEPENDENT_CURRENT_CONSTITUENTS,STAGE_ENTRY_RUSH,40,ERA_2025_2026,SCATTER,DRIFT,1,1,1,-0.0276431228785432,0.0,0.0497712107273786,-0.0526316009820251
INDEPENDENT_CURRENT_CONSTITUENTS,STAGE_ENTRY_RUSH,40,ERA_2025_2026,SCATTER,RUSH,2,2,2,0.0013303413267591498,0.5,0.05744823628664025,-0.08632157151446435
INDEPENDENT_CURRENT_CONSTITUENTS,STAGE_ENTRY_RUSH,40,ERA_2025_2026,SCATTER,SCATTER,1,1,1,0.0396394741200409,1.0,0.0510713410241334,-0.032544121804075
INDEPENDENT_CURRENT_CONSTITUENTS,STAGE_ENTRY_RUSH,60,ERA_2013_2015,CALM,CALM,226,165,56,0.03124813450233435,0.6238938053097345,0.07954078511044854,-0.051538082216143005
INDEPENDENT_CURRENT_CONSTITUENTS,STAGE_ENTRY_RUSH,60,ERA_2013_2015,CALM,DRIFT,310,189,55,0.0525157619878813,0.7290322580645161,0.08694892876064475,-0.051391975255036554
INDEPENDENT_CURRENT_CONSTITUENTS,STAGE_ENTRY_RUSH,60,ERA_2013_2015,CALM,RUSH,34,32,10,-0.0209673102374823,0.4411764705882353,0.0471908643740489,-0.0856813581348735
INDEPENDENT_CURRENT_CONSTITUENTS,STAGE_ENTRY_RUSH,60,ERA_2013_2015,CALM,SCATTER,29,26,18,0.0021610940924097,0.5172413793103449,0.0574928186828989,-0.0594223840889872
INDEPENDENT_CURRENT_CONSTITUENTS,STAGE_ENTRY_RUSH,60,ERA_2013_2015,DRIFT,CALM,10,10,2,0.016179857598570952,0.6,0.07103892950883395,-0.07179987646703284
INDEPENDENT_CURRENT_CONSTITUENTS,STAGE_ENTRY_RUSH,60,ERA_2013_2015,DRIFT,DRIFT,9,9,2,0.0261416709263833,0.6666666666666666,0.0876909782933175,-0.0834285190857142
INDEPENDENT_CURRENT_CONSTITUENTS,STAGE_ENTRY_RUSH,60,ERA_2013_2015,DRIFT,RUSH,3,3,1,0.1302601418366169,1.0,0.1529585060470417,-0.0238458517397105
INDEPENDENT_CURRENT_CONSTITUENTS,STAGE_ENTRY_RUSH,60,ERA_2013_2015,SCATTER,CALM,63,57,25,0.0302959593757374,0.5873015873015873,0.0847243661417322,-0.0733988845609397
INDEPENDENT_CURRENT_CONSTITUENTS,STAGE_ENTRY_RUSH,60,ERA_2013_2015,SCATTER,DRIFT,33,33,8,0.018026639864741,0.5757575757575758,0.0534596336906194,-0.063076963859028
INDEPENDENT_CURRENT_CONSTITUENTS,STAGE_ENTRY_RUSH,60,ERA_2013_2015,SCATTER,SCATTER,21,18,13,-0.0295594355986653,0.47619047619047616,0.0575231752359128,-0.1276484306030108
INDEPENDENT_CURRENT_CONSTITUENTS,STAGE_ENTRY_RUSH,60,ERA_2016_2018,CALM,CALM,232,171,59,0.0296849202077099,0.6120689655172413,0.08762482635314235,-0.059174519744259954
INDEPENDENT_CURRENT_CONSTITUENTS,STAGE_ENTRY_RUSH,60,ERA_2016_2018,CALM,DRIFT,387,248,59,0.0416794874079178,0.6589147286821705,0.079020620087999,-0.0485651763315391
INDEPENDENT_CURRENT_CONSTITUENTS,STAGE_ENTRY_RUSH,60,ERA_2016_2018,CALM,RUSH,84,63,27,0.01836081609282,0.5714285714285714,0.071258794487505,-0.0589165431537182
INDEPENDENT_CURRENT_CONSTITUENTS,STAGE_ENTRY_RUSH,60,ERA_2016_2018,CALM,SCATTER,22,19,12,0.06782608099356086,0.7727272727272727,0.10624697270091875,-0.0455115484889076
INDEPENDENT_CURRENT_CONSTITUENTS,STAGE_ENTRY_RUSH,60,ERA_2016_2018,DRIFT,CALM,83,71,34,0.0193356665548625,0.5421686746987951,0.0807553164517287,-0.0468653297261905
INDEPENDENT_CURRENT_CONSTITUENTS,STAGE_ENTRY_RUSH,60,ERA_2016_2018,DRIFT,DRIFT,457,259,48,0.0355687662137709,0.6389496717724289,0.0829113708380517,-0.0546795789228423
INDEPENDENT_CURRENT_CONSTITUENTS,STAGE_ENTRY_RUSH,60,ERA_2016_2018,DRIFT,RUSH,213,167,29,0.0112591516848872,0.568075117370892,0.0588160380462057,-0.0680117543751284
INDEPENDENT_CURRENT_CONSTITUENTS,STAGE_ENTRY_RUSH,60,ERA_2016_2018,DRIFT,SCATTER,11,10,10,0.0104482663460665,0.5454545454545454,0.0848557813069725,-0.0809850845389117
INDEPENDENT_CURRENT_CONSTITUENTS,STAGE_ENTRY_RUSH,60,ERA_2016_2018,SCATTER,CALM,53,50,15,0.0476196307088789,0.6792452830188679,0.1134791592140429,-0.0561167237407118
INDEPENDENT_CURRENT_CONSTITUENTS,STAGE_ENTRY_RUSH,60,ERA_2016_2018,SCATTER,DRIFT,33,30,10,0.0633988820750666,0.9393939393939394,0.0723522544847314,-0.0836331660324066
INDEPENDENT_CURRENT_CONSTITUENTS,STAGE_ENTRY_RUSH,60,ERA_2016_2018,SCATTER,RUSH,13,13,2,0.043155434655639,0.9230769230769231,0.0747906038917238,-0.0115312060157245
INDEPENDENT_CURRENT_CONSTITUENTS,STAGE_ENTRY_RUSH,60,ERA_2016_2018,SCATTER,SCATTER,8,8,5,0.011089429154767549,0.625,0.0816827283894147,-0.09161695759591065
INDEPENDENT_CURRENT_CONSTITUENTS,STAGE_ENTRY_RUSH,60,ERA_2019_2021,CALM,CALM,270,190,63,0.03304061118293085,0.6037037037037037,0.0911832100453646,-0.0710762485551604
INDEPENDENT_CURRENT_CONSTITUENTS,STAGE_ENTRY_RUSH,60,ERA_2019_2021,CALM,DRIFT,405,255,73,0.0237361850425026,0.5703703703703704,0.0882212742712709,-0.0778207854114296
INDEPENDENT_CURRENT_CONSTITUENTS,STAGE_ENTRY_RUSH,60,ERA_2019_2021,CALM,RUSH,70,63,19,0.02476650627307605,0.6285714285714286,0.07252195242292686,-0.0738233384973033
INDEPENDENT_CURRENT_CONSTITUENTS,STAGE_ENTRY_RUSH,60,ERA_2019_2021,CALM,SCATTER,12,11,9,0.06054158558331285,0.6666666666666666,0.1167832839241903,-0.06016295503592995
INDEPENDENT_CURRENT_CONSTITUENTS,STAGE_ENTRY_RUSH,60,ERA_2019_2021,DRIFT,CALM,105,83,36,0.0180078649323476,0.5904761904761905,0.083908139611158,-0.0637820959617635
INDEPENDENT_CURRENT_CONSTITUENTS,STAGE_ENTRY_RUSH,60,ERA_2019_2021,DRIFT,DRIFT,502,281,47,0.03086916394348235,0.5836653386454184,0.0915953908373765,-0.08222667953894325
INDEPENDENT_CURRENT_CONSTITUENTS,STAGE_ENTRY_RUSH,60,ERA_2019_2021,DRIFT,RUSH,114,95,28,0.0840188289563497,0.7631578947368421,0.12034183515089955,-0.0411528247454403
INDEPENDENT_CURRENT_CONSTITUENTS,STAGE_ENTRY_RUSH,60,ERA_2019_2021,DRIFT,SCATTER,3,2,3,-0.0209320948648196,0.3333333333333333,0.0467350213233772,-0.0794686401976716
INDEPENDENT_CURRENT_CONSTITUENTS,STAGE_ENTRY_RUSH,60,ERA_2019_2021,RUSH,CALM,1,1,1,0.320637092285519,1.0,0.3491793182436702,-0.0455408630291745
INDEPENDENT_CURRENT_CONSTITUENTS,STAGE_ENTRY_RUSH,60,ERA_2019_2021,RUSH,DRIFT,3,3,1,-0.0733840523773854,0.0,0.0238645720289178,-0.1039300706458642
INDEPENDENT_CURRENT_CONSTITUENTS,STAGE_ENTRY_RUSH,60,ERA_2019_2021,RUSH,RUSH,15,15,1,0.0273946507488398,0.7333333333333333,0.0705194108460698,-0.0783363181845602
INDEPENDENT_CURRENT_CONSTITUENTS,STAGE_ENTRY_RUSH,60,ERA_2019_2021,SCATTER,CALM,23,21,8,0.0109972711703563,0.5217391304347826,0.1087106983688059,-0.0692827245691501
INDEPENDENT_CURRENT_CONSTITUENTS,STAGE_ENTRY_RUSH,60,ERA_2019_2021,SCATTER,DRIFT,19,19,5,0.0605263716486725,0.9473684210526315,0.0962931465369718,-0.0087412365287319
INDEPENDENT_CURRENT_CONSTITUENTS,STAGE_ENTRY_RUSH,60,ERA_2019_2021,SCATTER,RUSH,5,5,2,0.0046286454247539,0.6,0.0573840014575481,-0.0398041674485035
INDEPENDENT_CURRENT_CONSTITUENTS,STAGE_ENTRY_RUSH,60,ERA_2019_2021,SCATTER,SCATTER,13,12,7,0.121012026450656,0.7692307692307693,0.1964653395649354,-0.0791510327193756
INDEPENDENT_CURRENT_CONSTITUENTS,STAGE_ENTRY_RUSH,60,ERA_2022_2024,CALM,CALM,300,193,58,-0.00056308882209,0.49333333333333335,0.07522142734700095,-0.0793592835462089
INDEPENDENT_CURRENT_CONSTITUENTS,STAGE_ENTRY_RUSH,60,ERA_2022_2024,CALM,DRIFT,249,170,42,0.030509878458399,0.5742971887550201,0.0933074232191468,-0.0695992841141455
INDEPENDENT_CURRENT_CONSTITUENTS,STAGE_ENTRY_RUSH,60,ERA_2022_2024,CALM,RUSH,27,27,7,0.0771021558467899,0.8888888888888888,0.1530274727147749,-0.0459395783209457
INDEPENDENT_CURRENT_CONSTITUENTS,STAGE_ENTRY_RUSH,60,ERA_2022_2024,CALM,SCATTER,23,21,16,0.0548529778800264,0.6956521739130435,0.1051581069577833,-0.0782642068073995
INDEPENDENT_CURRENT_CONSTITUENTS,STAGE_ENTRY_RUSH,60,ERA_2022_2024,DRIFT,CALM,91,77,28,0.0195730680803218,0.6263736263736264,0.0948626306612541,-0.0602936164085067
INDEPENDENT_CURRENT_CONSTITUENTS,STAGE_ENTRY_RUSH,60,ERA_2022_2024,DRIFT,DRIFT,264,200,31,0.03434000006168945,0.5833333333333334,0.09451989643861144,-0.0650237276241039
INDEPENDENT_CURRENT_CONSTITUENTS,STAGE_ENTRY_RUSH,60,ERA_2022_2024,DRIFT,RUSH,130,104,21,-0.00194846930263295,0.49230769230769234,0.07249595690768104,-0.07313564072687755
INDEPENDENT_CURRENT_CONSTITUENTS,STAGE_ENTRY_RUSH,60,ERA_2022_2024,DRIFT,SCATTER,6,6,4,0.18336499818346613,0.6666666666666666,0.23750147409572916,-0.026876996403509
INDEPENDENT_CURRENT_CONSTITUENTS,STAGE_ENTRY_RUSH,60,ERA_2022_2024,SCATTER,CALM,55,49,21,-0.0165306160296883,0.45454545454545453,0.0799960991549535,-0.1036279221387521
INDEPENDENT_CURRENT_CONSTITUENTS,STAGE_ENTRY_RUSH,60,ERA_2022_2024,SCATTER,DRIFT,35,28,12,0.0452528676602761,0.7142857142857143,0.1009524173828342,-0.0585060273782962
INDEPENDENT_CURRENT_CONSTITUENTS,STAGE_ENTRY_RUSH,60,ERA_2022_2024,SCATTER,RUSH,18,16,6,0.00482450082065775,0.5555555555555556,0.03956556687493015,-0.1528095382694249
INDEPENDENT_CURRENT_CONSTITUENTS,STAGE_ENTRY_RUSH,60,ERA_2022_2024,SCATTER,SCATTER,30,25,17,0.0270380024254659,0.5333333333333333,0.1148298495192573,-0.0751376686853754
INDEPENDENT_CURRENT_CONSTITUENTS,STAGE_ENTRY_RUSH,60,ERA_2025_2026,CALM,CALM,268,178,49,0.01036699982203955,0.5223880597014925,0.10496152694759915,-0.0785819083900789
INDEPENDENT_CURRENT_CONSTITUENTS,STAGE_ENTRY_RUSH,60,ERA_2025_2026,CALM,DRIFT,197,147,47,0.0128312258184291,0.5380710659898477,0.0903738643578573,-0.0799542375785758
INDEPENDENT_CURRENT_CONSTITUENTS,STAGE_ENTRY_RUSH,60,ERA_2025_2026,CALM,RUSH,21,20,10,0.0228844084732289,0.6666666666666666,0.0682900271072486,-0.0577920729713213
INDEPENDENT_CURRENT_CONSTITUENTS,STAGE_ENTRY_RUSH,60,ERA_2025_2026,CALM,SCATTER,27,27,16,0.007656949059936,0.5185185185185185,0.1265824677759155,-0.1099690654422699
INDEPENDENT_CURRENT_CONSTITUENTS,STAGE_ENTRY_RUSH,60,ERA_2025_2026,DRIFT,CALM,16,16,3,-0.06483898516875225,0.1875,0.02099307659313435,-0.1376848253006747
INDEPENDENT_CURRENT_CONSTITUENTS,STAGE_ENTRY_RUSH,60,ERA_2025_2026,DRIFT,DRIFT,16,16,3,-0.02049509505322955,0.4375,0.054934683513234245,-0.1252068071037083
INDEPENDENT_CURRENT_CONSTITUENTS,STAGE_ENTRY_RUSH,60,ERA_2025_2026,DRIFT,RUSH,39,39,3,-0.0268372827296876,0.358974358974359,0.0565811737865111,-0.0903139777237123
INDEPENDENT_CURRENT_CONSTITUENTS,STAGE_ENTRY_RUSH,60,ERA_2025_2026,DRIFT,SCATTER,7,7,3,0.4619630803140078,0.8571428571428571,0.6323665243140022,-0.1516506951097148
INDEPENDENT_CURRENT_CONSTITUENTS,STAGE_ENTRY_RUSH,60,ERA_2025_2026,SCATTER,CALM,16,16,5,0.042271257054598596,0.875,0.1191685808466922,-0.0514818786563814
INDEPENDENT_CURRENT_CONSTITUENTS,STAGE_ENTRY_RUSH,60,ERA_2025_2026,SCATTER,DRIFT,1,1,1,-0.0100530239245041,0.0,0.0497712107273786,-0.0526316009820251
INDEPENDENT_CURRENT_CONSTITUENTS,STAGE_ENTRY_RUSH,60,ERA_2025_2026,SCATTER,RUSH,2,2,2,-0.0632324751625292,0.0,0.05744823628664025,-0.10726287452227315
INDEPENDENT_CURRENT_CONSTITUENTS,STAGE_ENTRY_RUSH,60,ERA_2025_2026,SCATTER,SCATTER,1,1,1,0.0554328895428311,1.0,0.0633845421915519,-0.032544121804075
INDEPENDENT_CURRENT_CONSTITUENTS,STAGE_ENTRY_RUSH,63,ERA_2013_2015,CALM,CALM,226,165,56,0.0369476698197166,0.6371681415929203,0.08283829448070684,-0.0539473078344273
INDEPENDENT_CURRENT_CONSTITUENTS,STAGE_ENTRY_RUSH,63,ERA_2013_2015,CALM,DRIFT,310,189,55,0.0550546729399569,0.7290322580645161,0.0938374338431156,-0.0517554198248096
INDEPENDENT_CURRENT_CONSTITUENTS,STAGE_ENTRY_RUSH,63,ERA_2013_2015,CALM,RUSH,34,32,10,-0.0091020501168789,0.4411764705882353,0.04863983777904455,-0.0856813581348735
INDEPENDENT_CURRENT_CONSTITUENTS,STAGE_ENTRY_RUSH,63,ERA_2013_2015,CALM,SCATTER,29,26,18,0.0166900567713443,0.6206896551724138,0.0627711646499411,-0.060478934395115
INDEPENDENT_CURRENT_CONSTITUENTS,STAGE_ENTRY_RUSH,63,ERA_2013_2015,DRIFT,CALM,10,10,2,0.012396133650150399,0.6,0.07103892950883395,-0.07202200032596939
INDEPENDENT_CURRENT_CONSTITUENTS,STAGE_ENTRY_RUSH,63,ERA_2013_2015,DRIFT,DRIFT,9,9,2,0.0071504254798111,0.5555555555555556,0.0876909782933175,-0.0834285190857142
INDEPENDENT_CURRENT_CONSTITUENTS,STAGE_ENTRY_RUSH,63,ERA_2013_2015,DRIFT,RUSH,3,3,1,0.1641163116768602,1.0,0.1655827475392635,-0.0238458517397105
INDEPENDENT_CURRENT_CONSTITUENTS,STAGE_ENTRY_RUSH,63,ERA_2013_2015,SCATTER,CALM,63,57,25,0.0140341881876053,0.5714285714285714,0.0847243661417322,-0.0749297709238647
INDEPENDENT_CURRENT_CONSTITUENTS,STAGE_ENTRY_RUSH,63,ERA_2013_2015,SCATTER,DRIFT,33,33,8,0.0023933249132339,0.5454545454545454,0.0536245470913738,-0.063076963859028
INDEPENDENT_CURRENT_CONSTITUENTS,STAGE_ENTRY_RUSH,63,ERA_2013_2015,SCATTER,SCATTER,21,18,13,-0.0171821957121413,0.47619047619047616,0.0577678531538896,-0.1276484306030108
INDEPENDENT_CURRENT_CONSTITUENTS,STAGE_ENTRY_RUSH,63,ERA_2016_2018,CALM,CALM,232,171,59,0.02594641012562075,0.5905172413793104,0.09023714416557155,-0.05938746662483285
INDEPENDENT_CURRENT_CONSTITUENTS,STAGE_ENTRY_RUSH,63,ERA_2016_2018,CALM,DRIFT,387,248,59,0.0402131999272428,0.6795865633074936,0.0833911756971639,-0.0494929066613236
INDEPENDENT_CURRENT_CONSTITUENTS,STAGE_ENTRY_RUSH,63,ERA_2016_2018,CALM,RUSH,84,63,27,0.02486704978872995,0.5476190476190477,0.0750200266444558,-0.0589165431537182
INDEPENDENT_CURRENT_CONSTITUENTS,STAGE_ENTRY_RUSH,63,ERA_2016_2018,CALM,SCATTER,22,19,12,0.0656364476507457,0.8636363636363636,0.10624697270091875,-0.0455115484889076
INDEPENDENT_CURRENT_CONSTITUENTS,STAGE_ENTRY_RUSH,63,ERA_2016_2018,DRIFT,CALM,83,71,34,0.0220923541512663,0.5903614457831325,0.0859994129732903,-0.0468653297261905
INDEPENDENT_CURRENT_CONSTITUENTS,STAGE_ENTRY_RUSH,63,ERA_2016_2018,DRIFT,DRIFT,457,259,48,0.0324867721374495,0.6433260393873085,0.085302522634451,-0.0554223441692266
INDEPENDENT_CURRENT_CONSTITUENTS,STAGE_ENTRY_RUSH,63,ERA_2016_2018,DRIFT,RUSH,213,167,29,0.0142628470718007,0.5727699530516432,0.0610303894442934,-0.0696315754366998
INDEPENDENT_CURRENT_CONSTITUENTS,STAGE_ENTRY_RUSH,63,ERA_2016_2018,DRIFT,SCATTER,11,10,10,0.0354736611800925,0.5454545454545454,0.0848557813069725,-0.0809850845389117
INDEPENDENT_CURRENT_CONSTITUENTS,STAGE_ENTRY_RUSH,63,ERA_2016_2018,SCATTER,CALM,53,50,15,0.0569732151898763,0.7169811320754716,0.1192096375244868,-0.0561167237407118
INDEPENDENT_CURRENT_CONSTITUENTS,STAGE_ENTRY_RUSH,63,ERA_2016_2018,SCATTER,DRIFT,33,30,10,0.0615699743056552,0.9393939393939394,0.0725545508432203,-0.0836331660324066
INDEPENDENT_CURRENT_CONSTITUENTS,STAGE_ENTRY_RUSH,63,ERA_2016_2018,SCATTER,RUSH,13,13,2,0.0600958738002741,0.9230769230769231,0.0747906038917238,-0.0115312060157245
INDEPENDENT_CURRENT_CONSTITUENTS,STAGE_ENTRY_RUSH,63,ERA_2016_2018,SCATTER,SCATTER,8,8,5,0.0039546034517275504,0.5,0.0816827283894147,-0.09161695759591065
INDEPENDENT_CURRENT_CONSTITUENTS,STAGE_ENTRY_RUSH,63,ERA_2019_2021,CALM,CALM,270,190,63,0.037590013741054154,0.6222222222222222,0.0943591562276826,-0.07249168038573925
INDEPENDENT_CURRENT_CONSTITUENTS,STAGE_ENTRY_RUSH,63,ERA_2019_2021,CALM,DRIFT,405,255,73,0.0232998136451103,0.5679012345679012,0.0923024555581555,-0.0817385346022948
INDEPENDENT_CURRENT_CONSTITUENTS,STAGE_ENTRY_RUSH,63,ERA_2019_2021,CALM,RUSH,70,63,19,0.0330934359403004,0.6714285714285714,0.07545348856627615,-0.0738233384973033
INDEPENDENT_CURRENT_CONSTITUENTS,STAGE_ENTRY_RUSH,63,ERA_2019_2021,CALM,SCATTER,12,11,9,0.0302389258967025,0.6666666666666666,0.1167832839241903,-0.06016295503592995
INDEPENDENT_CURRENT_CONSTITUENTS,STAGE_ENTRY_RUSH,63,ERA_2019_2021,DRIFT,CALM,105,83,36,0.0170076457670926,0.5619047619047619,0.08576525739315,-0.0693394719904414
INDEPENDENT_CURRENT_CONSTITUENTS,STAGE_ENTRY_RUSH,63,ERA_2019_2021,DRIFT,DRIFT,502,281,47,0.026864886436379652,0.599601593625498,0.0951171346065479,-0.08304619352101314
INDEPENDENT_CURRENT_CONSTITUENTS,STAGE_ENTRY_RUSH,63,ERA_2019_2021,DRIFT,RUSH,114,95,28,0.08767066994215256,0.7982456140350878,0.122271208846578,-0.0411528247454403
INDEPENDENT_CURRENT_CONSTITUENTS,STAGE_ENTRY_RUSH,63,ERA_2019_2021,DRIFT,SCATTER,3,2,3,-0.0124349578926679,0.3333333333333333,0.0467350213233772,-0.0794686401976716
INDEPENDENT_CURRENT_CONSTITUENTS,STAGE_ENTRY_RUSH,63,ERA_2019_2021,RUSH,CALM,1,1,1,0.3259948736540203,1.0,0.3491793182436702,-0.0455408630291745
INDEPENDENT_CURRENT_CONSTITUENTS,STAGE_ENTRY_RUSH,63,ERA_2019_2021,RUSH,DRIFT,3,3,1,-0.0596854807796668,0.0,0.0238645720289178,-0.1039300706458642
INDEPENDENT_CURRENT_CONSTITUENTS,STAGE_ENTRY_RUSH,63,ERA_2019_2021,RUSH,RUSH,15,15,1,0.017317133437319,0.6,0.0705194108460698,-0.0792744119365657
INDEPENDENT_CURRENT_CONSTITUENTS,STAGE_ENTRY_RUSH,63,ERA_2019_2021,SCATTER,CALM,23,21,8,-0.000487312308357,0.4782608695652174,0.1118008432704429,-0.0716482550577491
INDEPENDENT_CURRENT_CONSTITUENTS,STAGE_ENTRY_RUSH,63,ERA_2019_2021,SCATTER,DRIFT,19,19,5,0.0645630187566483,0.8947368421052632,0.0962931465369718,-0.0097240850319165
INDEPENDENT_CURRENT_CONSTITUENTS,STAGE_ENTRY_RUSH,63,ERA_2019_2021,SCATTER,RUSH,5,5,2,0.0142451004016785,0.8,0.0573840014575481,-0.0398041674485035
INDEPENDENT_CURRENT_CONSTITUENTS,STAGE_ENTRY_RUSH,63,ERA_2019_2021,SCATTER,SCATTER,13,12,7,0.1144069209217468,0.6923076923076923,0.1964653395649354,-0.0791510327193756
INDEPENDENT_CURRENT_CONSTITUENTS,STAGE_ENTRY_RUSH,63,ERA_2022_2024,CALM,CALM,300,193,58,-0.00020525805534224998,0.5,0.07638483412565694,-0.0817612835488993
INDEPENDENT_CURRENT_CONSTITUENTS,STAGE_ENTRY_RUSH,63,ERA_2022_2024,CALM,DRIFT,249,170,42,0.0248231778387166,0.5823293172690763,0.097450833147596,-0.0700507069494968
INDEPENDENT_CURRENT_CONSTITUENTS,STAGE_ENTRY_RUSH,63,ERA_2022_2024,CALM,RUSH,27,27,7,0.0957641100892439,0.8888888888888888,0.1619485994516933,-0.0459395783209457
INDEPENDENT_CURRENT_CONSTITUENTS,STAGE_ENTRY_RUSH,63,ERA_2022_2024,CALM,SCATTER,23,21,16,0.0534408311605161,0.6956521739130435,0.1059411395384153,-0.0836865243557984
INDEPENDENT_CURRENT_CONSTITUENTS,STAGE_ENTRY_RUSH,63,ERA_2022_2024,DRIFT,CALM,91,77,28,0.0188459277569963,0.5714285714285714,0.0948626306612541,-0.0674964322523942
INDEPENDENT_CURRENT_CONSTITUENTS,STAGE_ENTRY_RUSH,63,ERA_2022_2024,DRIFT,DRIFT,264,200,31,0.030687002147028297,0.5871212121212122,0.09807246498567175,-0.067618212851581
INDEPENDENT_CURRENT_CONSTITUENTS,STAGE_ENTRY_RUSH,63,ERA_2022_2024,DRIFT,RUSH,130,104,21,-0.0029058529028230997,0.49230769230769234,0.07570729956158245,-0.07313564072687755
INDEPENDENT_CURRENT_CONSTITUENTS,STAGE_ENTRY_RUSH,63,ERA_2022_2024,DRIFT,SCATTER,6,6,4,0.1505435426659097,0.6666666666666666,0.2381331546469676,-0.03193062420253635
INDEPENDENT_CURRENT_CONSTITUENTS,STAGE_ENTRY_RUSH,63,ERA_2022_2024,SCATTER,CALM,55,49,21,-0.0113642471384921,0.41818181818181815,0.0799960991549535,-0.1116280667417678
INDEPENDENT_CURRENT_CONSTITUENTS,STAGE_ENTRY_RUSH,63,ERA_2022_2024,SCATTER,DRIFT,35,28,12,0.0403694025825482,0.6857142857142857,0.1009524173828342,-0.0585060273782962
INDEPENDENT_CURRENT_CONSTITUENTS,STAGE_ENTRY_RUSH,63,ERA_2022_2024,SCATTER,RUSH,18,16,6,0.0017620962286605,0.5,0.03956556687493015,-0.1528095382694249
INDEPENDENT_CURRENT_CONSTITUENTS,STAGE_ENTRY_RUSH,63,ERA_2022_2024,SCATTER,SCATTER,30,25,17,0.02863108157613635,0.6,0.11486817426118665,-0.0751376686853754
INDEPENDENT_CURRENT_CONSTITUENTS,STAGE_ENTRY_RUSH,63,ERA_2025_2026,CALM,CALM,257,173,48,0.0121681522487329,0.5175097276264592,0.1052090724127299,-0.0810758399926538
INDEPENDENT_CURRENT_CONSTITUENTS,STAGE_ENTRY_RUSH,63,ERA_2025_2026,CALM,DRIFT,196,147,46,0.008677639400281049,0.5204081632653061,0.09254787139766779,-0.08004075733554006
INDEPENDENT_CURRENT_CONSTITUENTS,STAGE_ENTRY_RUSH,63,ERA_2025_2026,CALM,RUSH,21,20,10,0.0224319377666679,0.6190476190476191,0.0682900271072486,-0.0577920729713213
INDEPENDENT_CURRENT_CONSTITUENTS,STAGE_ENTRY_RUSH,63,ERA_2025_2026,CALM,SCATTER,26,26,15,-0.00520324096593045,0.5,0.13732165597603224,-0.1200310934770554
INDEPENDENT_CURRENT_CONSTITUENTS,STAGE_ENTRY_RUSH,63,ERA_2025_2026,DRIFT,CALM,16,16,3,-0.06238643721983035,0.125,0.02099307659313435,-0.1376848253006747
INDEPENDENT_CURRENT_CONSTITUENTS,STAGE_ENTRY_RUSH,63,ERA_2025_2026,DRIFT,DRIFT,16,16,3,-0.03156535745143845,0.4375,0.060404208611993845,-0.1252068071037083
INDEPENDENT_CURRENT_CONSTITUENTS,STAGE_ENTRY_RUSH,63,ERA_2025_2026,DRIFT,RUSH,39,39,3,-0.0427323376204773,0.2564102564102564,0.0567022588858674,-0.0903139777237123
INDEPENDENT_CURRENT_CONSTITUENTS,STAGE_ENTRY_RUSH,63,ERA_2025_2026,DRIFT,SCATTER,7,7,3,0.5230881260316838,0.8571428571428571,0.6337550448390012,-0.1516506951097148
INDEPENDENT_CURRENT_CONSTITUENTS,STAGE_ENTRY_RUSH,63,ERA_2025_2026,SCATTER,CALM,16,16,5,0.0485871824595328,0.8125,0.1191685808466922,-0.0514818786563814
INDEPENDENT_CURRENT_CONSTITUENTS,STAGE_ENTRY_RUSH,63,ERA_2025_2026,SCATTER,DRIFT,1,1,1,0.0193598985464757,1.0,0.0497712107273786,-0.0526316009820251
INDEPENDENT_CURRENT_CONSTITUENTS,STAGE_ENTRY_RUSH,63,ERA_2025_2026,SCATTER,RUSH,2,2,2,-0.049505783719145054,0.5,0.0619624259101392,-0.10726287452227315
INDEPENDENT_CURRENT_CONSTITUENTS,STAGE_ENTRY_RUSH,63,ERA_2025_2026,SCATTER,SCATTER,1,1,1,0.1160539330798853,1.0,0.1329052420438712,-0.032544121804075
INDEPENDENT_CURRENT_CONSTITUENTS,STAGE_ENTRY_RUSH,126,ERA_2013_2015,CALM,CALM,226,165,56,0.0420268992566764,0.6283185840707964,0.1192571633116056,-0.08442597658505105
INDEPENDENT_CURRENT_CONSTITUENTS,STAGE_ENTRY_RUSH,126,ERA_2013_2015,CALM,DRIFT,310,189,55,0.07645047585918305,0.7322580645161291,0.14814528370584074,-0.06882538768002555
INDEPENDENT_CURRENT_CONSTITUENTS,STAGE_ENTRY_RUSH,126,ERA_2013_2015,CALM,RUSH,34,32,10,0.0175496200907904,0.5588235294117647,0.08725617622939136,-0.10652766177045381
INDEPENDENT_CURRENT_CONSTITUENTS,STAGE_ENTRY_RUSH,126,ERA_2013_2015,CALM,SCATTER,29,26,18,0.0619312279103956,0.6896551724137931,0.1116939063942032,-0.0804248332192159
INDEPENDENT_CURRENT_CONSTITUENTS,STAGE_ENTRY_RUSH,126,ERA_2013_2015,DRIFT,CALM,10,10,2,0.0501871444234355,0.9,0.0846097423126676,-0.07202200032596939
INDEPENDENT_CURRENT_CONSTITUENTS,STAGE_ENTRY_RUSH,126,ERA_2013_2015,DRIFT,DRIFT,9,9,2,-0.0313301678334498,0.4444444444444444,0.0876909782933175,-0.0834285190857142
INDEPENDENT_CURRENT_CONSTITUENTS,STAGE_ENTRY_RUSH,126,ERA_2013_2015,DRIFT,RUSH,3,3,1,0.218056728412463,1.0,0.2205433354576218,-0.0238458517397105
INDEPENDENT_CURRENT_CONSTITUENTS,STAGE_ENTRY_RUSH,126,ERA_2013_2015,SCATTER,CALM,63,57,25,0.0287327055765345,0.5238095238095238,0.1257745408224777,-0.1182611327197333
INDEPENDENT_CURRENT_CONSTITUENTS,STAGE_ENTRY_RUSH,126,ERA_2013_2015,SCATTER,DRIFT,33,33,8,-0.0091889411915236,0.48484848484848486,0.0919700023270582,-0.1155984374848596
INDEPENDENT_CURRENT_CONSTITUENTS,STAGE_ENTRY_RUSH,126,ERA_2013_2015,SCATTER,SCATTER,21,18,13,0.0631421735204755,0.7142857142857143,0.124303379152608,-0.1339978377063531
INDEPENDENT_CURRENT_CONSTITUENTS,STAGE_ENTRY_RUSH,126,ERA_2016_2018,CALM,CALM,232,171,59,0.060538213945413,0.6163793103448276,0.13973298765390352,-0.08884519501107549
INDEPENDENT_CURRENT_CONSTITUENTS,STAGE_ENTRY_RUSH,126,ERA_2016_2018,CALM,DRIFT,387,248,59,0.0697327337995192,0.6847545219638242,0.1345534422394885,-0.0656283789556738
INDEPENDENT_CURRENT_CONSTITUENTS,STAGE_ENTRY_RUSH,126,ERA_2016_2018,CALM,RUSH,84,63,27,-0.0037481957904943,0.47619047619047616,0.10321254244031094,-0.10738533070481354
INDEPENDENT_CURRENT_CONSTITUENTS,STAGE_ENTRY_RUSH,126,ERA_2016_2018,CALM,SCATTER,22,19,12,-0.040483459147997496,0.4090909090909091,0.171042215947492,-0.11837952353237349
INDEPENDENT_CURRENT_CONSTITUENTS,STAGE_ENTRY_RUSH,126,ERA_2016_2018,DRIFT,CALM,83,71,34,0.0677731866569288,0.6626506024096386,0.1348474226319713,-0.0635969030795241
INDEPENDENT_CURRENT_CONSTITUENTS,STAGE_ENTRY_RUSH,126,ERA_2016_2018,DRIFT,DRIFT,457,259,48,0.0924338889928499,0.7636761487964989,0.1460656763589771,-0.0614419005822485
INDEPENDENT_CURRENT_CONSTITUENTS,STAGE_ENTRY_RUSH,126,ERA_2016_2018,DRIFT,RUSH,213,167,29,0.0320692362695067,0.5915492957746479,0.1046064003186499,-0.0838926195892078
INDEPENDENT_CURRENT_CONSTITUENTS,STAGE_ENTRY_RUSH,126,ERA_2016_2018,DRIFT,SCATTER,11,10,10,0.1032311182542078,0.6363636363636364,0.1241052618793805,-0.1059744532934592
INDEPENDENT_CURRENT_CONSTITUENTS,STAGE_ENTRY_RUSH,126,ERA_2016_2018,SCATTER,CALM,53,50,15,0.0598908379717979,0.6037735849056604,0.1775688189761179,-0.06336426570925
INDEPENDENT_CURRENT_CONSTITUENTS,STAGE_ENTRY_RUSH,126,ERA_2016_2018,SCATTER,DRIFT,33,30,10,0.1077555848510141,0.9696969696969697,0.1437512507991225,-0.0836331660324066
INDEPENDENT_CURRENT_CONSTITUENTS,STAGE_ENTRY_RUSH,126,ERA_2016_2018,SCATTER,RUSH,13,13,2,0.0428302129283943,0.7692307692307693,0.136311478889979,-0.0115312060157245
INDEPENDENT_CURRENT_CONSTITUENTS,STAGE_ENTRY_RUSH,126,ERA_2016_2018,SCATTER,SCATTER,8,8,5,0.05459594662687225,0.625,0.14178764197418545,-0.1000969992684315
INDEPENDENT_CURRENT_CONSTITUENTS,STAGE_ENTRY_RUSH,126,ERA_2019_2021,CALM,CALM,270,190,63,-0.008163281892854049,0.4925925925925926,0.1453254897713787,-0.12737525745519224
INDEPENDENT_CURRENT_CONSTITUENTS,STAGE_ENTRY_RUSH,126,ERA_2019_2021,CALM,DRIFT,405,255,73,0.0277598802142677,0.5580246913580247,0.1453507252345431,-0.1268277521107111
INDEPENDENT_CURRENT_CONSTITUENTS,STAGE_ENTRY_RUSH,126,ERA_2019_2021,CALM,RUSH,70,63,19,0.09544691443977985,0.7285714285714285,0.1510190683808684,-0.10017119563243385
INDEPENDENT_CURRENT_CONSTITUENTS,STAGE_ENTRY_RUSH,126,ERA_2019_2021,CALM,SCATTER,12,11,9,0.08379521115762785,0.8333333333333334,0.1480986599723335,-0.0862059975136166
INDEPENDENT_CURRENT_CONSTITUENTS,STAGE_ENTRY_RUSH,126,ERA_2019_2021,DRIFT,CALM,105,83,36,0.0623490425174038,0.7142857142857143,0.1473082286586708,-0.078031274236737
INDEPENDENT_CURRENT_CONSTITUENTS,STAGE_ENTRY_RUSH,126,ERA_2019_2021,DRIFT,DRIFT,502,281,47,0.07207076625830885,0.6593625498007968,0.15470315143412766,-0.0965360629034673
INDEPENDENT_CURRENT_CONSTITUENTS,STAGE_ENTRY_RUSH,126,ERA_2019_2021,DRIFT,RUSH,114,95,28,0.1045037590297833,0.7543859649122807,0.1838077268702663,-0.0547795802462829
INDEPENDENT_CURRENT_CONSTITUENTS,STAGE_ENTRY_RUSH,126,ERA_2019_2021,DRIFT,SCATTER,3,2,3,-0.0038647810781489,0.3333333333333333,0.0467350213233772,-0.0856015981146746
INDEPENDENT_CURRENT_CONSTITUENTS,STAGE_ENTRY_RUSH,126,ERA_2019_2021,RUSH,CALM,1,1,1,0.5945642562336868,1.0,0.6816034921817511,-0.0455408630291745
INDEPENDENT_CURRENT_CONSTITUENTS,STAGE_ENTRY_RUSH,126,ERA_2019_2021,RUSH,DRIFT,3,3,1,-0.033208874701923,0.3333333333333333,0.0238645720289178,-0.1039300706458642
INDEPENDENT_CURRENT_CONSTITUENTS,STAGE_ENTRY_RUSH,126,ERA_2019_2021,RUSH,RUSH,15,15,1,0.0704665286903556,0.6,0.1219819835487845,-0.112976146561521
INDEPENDENT_CURRENT_CONSTITUENTS,STAGE_ENTRY_RUSH,126,ERA_2019_2021,SCATTER,CALM,23,21,8,0.0300810978841823,0.6086956521739131,0.1247139738088365,-0.1064364998084688
INDEPENDENT_CURRENT_CONSTITUENTS,STAGE_ENTRY_RUSH,126,ERA_2019_2021,SCATTER,DRIFT,19,19,5,0.1342918745286487,0.9473684210526315,0.1620558441457193,-0.009774182455199
INDEPENDENT_CURRENT_CONSTITUENTS,STAGE_ENTRY_RUSH,126,ERA_2019_2021,SCATTER,RUSH,5,5,2,0.033999278265977,0.8,0.0870026601256459,-0.0398041674485035
INDEPENDENT_CURRENT_CONSTITUENTS,STAGE_ENTRY_RUSH,126,ERA_2019_2021,SCATTER,SCATTER,13,12,7,0.1236881316986722,0.6923076923076923,0.3449337455667034,-0.0844006502393799
INDEPENDENT_CURRENT_CONSTITUENTS,STAGE_ENTRY_RUSH,126,ERA_2022_2024,CALM,CALM,300,193,58,0.0354459573926755,0.5733333333333334,0.1330424294946438,-0.11293558645452614
INDEPENDENT_CURRENT_CONSTITUENTS,STAGE_ENTRY_RUSH,126,ERA_2022_2024,CALM,DRIFT,249,170,42,0.070924444095153,0.6546184738955824,0.1626341224289664,-0.0871183073242872
INDEPENDENT_CURRENT_CONSTITUENTS,STAGE_ENTRY_RUSH,126,ERA_2022_2024,CALM,RUSH,27,27,7,0.0737921963617875,0.8148148148148148,0.2198216373343831,-0.0501423600163787
INDEPENDENT_CURRENT_CONSTITUENTS,STAGE_ENTRY_RUSH,126,ERA_2022_2024,CALM,SCATTER,23,21,16,0.0921848796387521,0.782608695652174,0.1547264813266859,-0.1067285537148567
INDEPENDENT_CURRENT_CONSTITUENTS,STAGE_ENTRY_RUSH,126,ERA_2022_2024,DRIFT,CALM,91,77,28,-0.0176922888518629,0.4835164835164835,0.1400317252733824,-0.1176123529594689
INDEPENDENT_CURRENT_CONSTITUENTS,STAGE_ENTRY_RUSH,126,ERA_2022_2024,DRIFT,DRIFT,264,200,31,0.044987106370256005,0.6098484848484849,0.1574343675461503,-0.10359443855786049
INDEPENDENT_CURRENT_CONSTITUENTS,STAGE_ENTRY_RUSH,126,ERA_2022_2024,DRIFT,RUSH,130,104,21,0.044837836848038604,0.6153846153846154,0.12986088081289765,-0.11214858823991336
INDEPENDENT_CURRENT_CONSTITUENTS,STAGE_ENTRY_RUSH,126,ERA_2022_2024,DRIFT,SCATTER,6,6,4,0.285510522036578,0.8333333333333334,0.3586235011777959,-0.03193062420253635
INDEPENDENT_CURRENT_CONSTITUENTS,STAGE_ENTRY_RUSH,126,ERA_2022_2024,SCATTER,CALM,55,49,21,-0.0328677627821764,0.41818181818181815,0.1062057088061441,-0.146907710072248
INDEPENDENT_CURRENT_CONSTITUENTS,STAGE_ENTRY_RUSH,126,ERA_2022_2024,SCATTER,DRIFT,35,28,12,0.0406123463311223,0.6,0.1273973737259846,-0.1184761663810959
INDEPENDENT_CURRENT_CONSTITUENTS,STAGE_ENTRY_RUSH,126,ERA_2022_2024,SCATTER,RUSH,18,16,6,-0.06941759445837259,0.2777777777777778,0.0478461307341604,-0.2198855583205892
INDEPENDENT_CURRENT_CONSTITUENTS,STAGE_ENTRY_RUSH,126,ERA_2022_2024,SCATTER,SCATTER,30,25,17,0.01175563462383495,0.5666666666666667,0.13629509348435964,-0.1116194494630649
INDEPENDENT_CURRENT_CONSTITUENTS,STAGE_ENTRY_RUSH,126,ERA_2025_2026,CALM,CALM,234,162,42,0.08463750633168396,0.6538461538461539,0.17774443809496615,-0.10035458165232365
INDEPENDENT_CURRENT_CONSTITUENTS,STAGE_ENTRY_RUSH,126,ERA_2025_2026,CALM,DRIFT,163,124,39,0.0678830397148873,0.6871165644171779,0.1327928762968002,-0.1016831982974583
INDEPENDENT_CURRENT_CONSTITUENTS,STAGE_ENTRY_RUSH,126,ERA_2025_2026,CALM,RUSH,7,7,5,0.0733894062222186,0.5714285714285714,0.1016039890736433,-0.1135211448097546
INDEPENDENT_CURRENT_CONSTITUENTS,STAGE_ENTRY_RUSH,126,ERA_2025_2026,CALM,SCATTER,20,20,13,0.0063672096020419,0.55,0.137102028624114,-0.12580356818774666
INDEPENDENT_CURRENT_CONSTITUENTS,STAGE_ENTRY_RUSH,126,ERA_2025_2026,SCATTER,CALM,8,8,3,0.09680503959501904,0.625,0.16898656242514296,-0.0508412548100623
INDEPENDENT_CURRENT_CONSTITUENTS,STAGE_ENTRY_RUSH,126,ERA_2025_2026,SCATTER,DRIFT,1,1,1,0.0879400385617448,1.0,0.0986917178632329,-0.0526316009820251
INDEPENDENT_CURRENT_CONSTITUENTS,STAGE_ENTRY_RUSH,126,ERA_2025_2026,SCATTER,RUSH,1,1,1,0.1093626223633215,1.0,0.1370188195003994,-0.0876000482789832
INDEPENDENT_CURRENT_CONSTITUENTS,STAGE_ENTRY_RUSH,126,ERA_2025_2026,SCATTER,SCATTER,1,1,1,-0.0961820384842969,0.0,0.1329052420438712,-0.1754508314505725
INDEPENDENT_CURRENT_CONSTITUENTS,STAGE_ENTRY_RUSH,130,ERA_2013_2015,CALM,CALM,226,165,56,0.035022887413366746,0.6548672566371682,0.1213867191946649,-0.08442597658505105
INDEPENDENT_CURRENT_CONSTITUENTS,STAGE_ENTRY_RUSH,130,ERA_2013_2015,CALM,DRIFT,310,189,55,0.0699528196916747,0.7161290322580646,0.15172286560418044,-0.06933113766479035
INDEPENDENT_CURRENT_CONSTITUENTS,STAGE_ENTRY_RUSH,130,ERA_2013_2015,CALM,RUSH,34,32,10,0.025443760107362802,0.5588235294117647,0.08725617622939136,-0.10764723512189844
INDEPENDENT_CURRENT_CONSTITUENTS,STAGE_ENTRY_RUSH,130,ERA_2013_2015,CALM,SCATTER,29,26,18,0.0644315936062245,0.7241379310344828,0.1116939063942032,-0.0804248332192159
INDEPENDENT_CURRENT_CONSTITUENTS,STAGE_ENTRY_RUSH,130,ERA_2013_2015,DRIFT,CALM,10,10,2,0.0659403860613708,0.9,0.09018323248941196,-0.07202200032596939
INDEPENDENT_CURRENT_CONSTITUENTS,STAGE_ENTRY_RUSH,130,ERA_2013_2015,DRIFT,DRIFT,9,9,2,-0.0047755436363898,0.3333333333333333,0.0876909782933175,-0.0834285190857142
INDEPENDENT_CURRENT_CONSTITUENTS,STAGE_ENTRY_RUSH,130,ERA_2013_2015,DRIFT,RUSH,3,3,1,0.2560571685905375,1.0,0.2642820687524598,-0.0238458517397105
INDEPENDENT_CURRENT_CONSTITUENTS,STAGE_ENTRY_RUSH,130,ERA_2013_2015,SCATTER,CALM,63,57,25,0.0430458121041397,0.5396825396825397,0.1257745408224777,-0.1182611327197333
INDEPENDENT_CURRENT_CONSTITUENTS,STAGE_ENTRY_RUSH,130,ERA_2013_2015,SCATTER,DRIFT,33,33,8,0.0099048429494714,0.5454545454545454,0.0979948519547206,-0.1155984374848596
INDEPENDENT_CURRENT_CONSTITUENTS,STAGE_ENTRY_RUSH,130,ERA_2013_2015,SCATTER,SCATTER,21,18,13,0.0491210635849583,0.6666666666666666,0.124303379152608,-0.1339978377063531
INDEPENDENT_CURRENT_CONSTITUENTS,STAGE_ENTRY_RUSH,130,ERA_2016_2018,CALM,CALM,232,171,59,0.0651016561412461,0.6293103448275862,0.14361140184488075,-0.08943911176160124
INDEPENDENT_CURRENT_CONSTITUENTS,STAGE_ENTRY_RUSH,130,ERA_2016_2018,CALM,DRIFT,387,248,59,0.0712806374457637,0.689922480620155,0.1366227941392226,-0.0666240237130271
INDEPENDENT_CURRENT_CONSTITUENTS,STAGE_ENTRY_RUSH,130,ERA_2016_2018,CALM,RUSH,84,63,27,-0.00921757042746935,0.4880952380952381,0.10321254244031094,-0.10738533070481354
INDEPENDENT_CURRENT_CONSTITUENTS,STAGE_ENTRY_RUSH,130,ERA_2016_2018,CALM,SCATTER,22,19,12,-0.0416659628859505,0.45454545454545453,0.17113853850737343,-0.1210970251362882
INDEPENDENT_CURRENT_CONSTITUENTS,STAGE_ENTRY_RUSH,130,ERA_2016_2018,DRIFT,CALM,83,71,34,0.0801181763514224,0.6867469879518072,0.1366166557967418,-0.0635969030795241
INDEPENDENT_CURRENT_CONSTITUENTS,STAGE_ENTRY_RUSH,130,ERA_2016_2018,DRIFT,DRIFT,457,259,48,0.0998798293761509,0.7571115973741794,0.1516680476918466,-0.0614419005822485
INDEPENDENT_CURRENT_CONSTITUENTS,STAGE_ENTRY_RUSH,130,ERA_2016_2018,DRIFT,RUSH,213,167,29,0.0404243056712598,0.6009389671361502,0.1069199182348465,-0.0838926195892078
INDEPENDENT_CURRENT_CONSTITUENTS,STAGE_ENTRY_RUSH,130,ERA_2016_2018,DRIFT,SCATTER,11,10,10,0.1260377432800763,0.7272727272727273,0.1384076898354238,-0.1059744532934592
INDEPENDENT_CURRENT_CONSTITUENTS,STAGE_ENTRY_RUSH,130,ERA_2016_2018,SCATTER,CALM,53,50,15,0.0765435149063373,0.660377358490566,0.1883536168632906,-0.06336426570925
INDEPENDENT_CURRENT_CONSTITUENTS,STAGE_ENTRY_RUSH,130,ERA_2016_2018,SCATTER,DRIFT,33,30,10,0.1083593517363756,0.9696969696969697,0.1526499143331139,-0.0836331660324066
INDEPENDENT_CURRENT_CONSTITUENTS,STAGE_ENTRY_RUSH,130,ERA_2016_2018,SCATTER,RUSH,13,13,2,0.0595918210910078,0.8461538461538461,0.136311478889979,-0.0115312060157245
INDEPENDENT_CURRENT_CONSTITUENTS,STAGE_ENTRY_RUSH,130,ERA_2016_2018,SCATTER,SCATTER,8,8,5,0.03865102033902855,0.5,0.14178764197418545,-0.1000969992684315
INDEPENDENT_CURRENT_CONSTITUENTS,STAGE_ENTRY_RUSH,130,ERA_2019_2021,CALM,CALM,270,190,63,-0.01177214250170545,0.48148148148148145,0.14584840332144394,-0.1307065899953349
INDEPENDENT_CURRENT_CONSTITUENTS,STAGE_ENTRY_RUSH,130,ERA_2019_2021,CALM,DRIFT,405,255,73,0.0306451712617068,0.5580246913580247,0.1501204593566789,-0.1309897952208132
INDEPENDENT_CURRENT_CONSTITUENTS,STAGE_ENTRY_RUSH,130,ERA_2019_2021,CALM,RUSH,70,63,19,0.11405137005587171,0.7285714285714285,0.1601225238676138,-0.103104181713414
INDEPENDENT_CURRENT_CONSTITUENTS,STAGE_ENTRY_RUSH,130,ERA_2019_2021,CALM,SCATTER,12,11,9,0.0832018539767598,0.9166666666666666,0.15451751937653518,-0.0862059975136166
INDEPENDENT_CURRENT_CONSTITUENTS,STAGE_ENTRY_RUSH,130,ERA_2019_2021,DRIFT,CALM,105,83,36,0.0832470317926725,0.7333333333333333,0.1473082286586708,-0.078031274236737
INDEPENDENT_CURRENT_CONSTITUENTS,STAGE_ENTRY_RUSH,130,ERA_2019_2021,DRIFT,DRIFT,502,281,47,0.0726260385198952,0.6593625498007968,0.1573999800534995,-0.09897930199209809
INDEPENDENT_CURRENT_CONSTITUENTS,STAGE_ENTRY_RUSH,130,ERA_2019_2021,DRIFT,RUSH,114,95,28,0.10595203989919715,0.7543859649122807,0.18497912639189626,-0.0552512895828111
INDEPENDENT_CURRENT_CONSTITUENTS,STAGE_ENTRY_RUSH,130,ERA_2019_2021,DRIFT,SCATTER,3,2,3,0.0133429486294325,0.6666666666666666,0.0467350213233772,-0.0856015981146746
INDEPENDENT_CURRENT_CONSTITUENTS,STAGE_ENTRY_RUSH,130,ERA_2019_2021,RUSH,CALM,1,1,1,0.6069358707838712,1.0,0.6816034921817511,-0.0455408630291745
INDEPENDENT_CURRENT_CONSTITUENTS,STAGE_ENTRY_RUSH,130,ERA_2019_2021,RUSH,DRIFT,3,3,1,-0.0093132348866966,0.3333333333333333,0.0238645720289178,-0.1039300706458642
INDEPENDENT_CURRENT_CONSTITUENTS,STAGE_ENTRY_RUSH,130,ERA_2019_2021,RUSH,RUSH,15,15,1,0.089663754328588,0.6666666666666666,0.1219819835487845,-0.112976146561521
INDEPENDENT_CURRENT_CONSTITUENTS,STAGE_ENTRY_RUSH,130,ERA_2019_2021,SCATTER,CALM,23,21,8,0.0250660715492558,0.5652173913043478,0.1251577914054471,-0.1087868380901975
INDEPENDENT_CURRENT_CONSTITUENTS,STAGE_ENTRY_RUSH,130,ERA_2019_2021,SCATTER,DRIFT,19,19,5,0.1490230176016735,0.8947368421052632,0.1637215039974602,-0.009774182455199
INDEPENDENT_CURRENT_CONSTITUENTS,STAGE_ENTRY_RUSH,130,ERA_2019_2021,SCATTER,RUSH,5,5,2,0.0633797437958316,0.8,0.0870026601256459,-0.0398041674485035
INDEPENDENT_CURRENT_CONSTITUENTS,STAGE_ENTRY_RUSH,130,ERA_2019_2021,SCATTER,SCATTER,13,12,7,0.1436197235740681,0.6923076923076923,0.3449337455667034,-0.1070346129375625
INDEPENDENT_CURRENT_CONSTITUENTS,STAGE_ENTRY_RUSH,130,ERA_2022_2024,CALM,CALM,300,193,58,0.033602251867071053,0.5533333333333333,0.13784880830960905,-0.1138347421566267
INDEPENDENT_CURRENT_CONSTITUENTS,STAGE_ENTRY_RUSH,130,ERA_2022_2024,CALM,DRIFT,249,170,42,0.0824699701487017,0.6546184738955824,0.1635506284372438,-0.0881227668325352
INDEPENDENT_CURRENT_CONSTITUENTS,STAGE_ENTRY_RUSH,130,ERA_2022_2024,CALM,RUSH,27,27,7,0.1023539932222863,0.8518518518518519,0.2198216373343831,-0.0501423600163787
INDEPENDENT_CURRENT_CONSTITUENTS,STAGE_ENTRY_RUSH,130,ERA_2022_2024,CALM,SCATTER,23,21,16,0.0920442193370165,0.7391304347826086,0.1547264813266859,-0.1067285537148567
INDEPENDENT_CURRENT_CONSTITUENTS,STAGE_ENTRY_RUSH,130,ERA_2022_2024,DRIFT,CALM,91,77,28,-0.0009408648820972,0.4725274725274725,0.1461263655585576,-0.1301989436418861
INDEPENDENT_CURRENT_CONSTITUENTS,STAGE_ENTRY_RUSH,130,ERA_2022_2024,DRIFT,DRIFT,264,200,31,0.04182395428896305,0.6136363636363636,0.1576680998963424,-0.1057006418964119
INDEPENDENT_CURRENT_CONSTITUENTS,STAGE_ENTRY_RUSH,130,ERA_2022_2024,DRIFT,RUSH,130,104,21,0.04567956892310625,0.6307692307692307,0.12986088081289765,-0.11214858823991336
INDEPENDENT_CURRENT_CONSTITUENTS,STAGE_ENTRY_RUSH,130,ERA_2022_2024,DRIFT,SCATTER,6,6,4,0.28433308023351417,0.8333333333333334,0.3586235011777959,-0.03193062420253635
INDEPENDENT_CURRENT_CONSTITUENTS,STAGE_ENTRY_RUSH,130,ERA_2022_2024,SCATTER,CALM,55,49,21,-0.0253371449052816,0.41818181818181815,0.1109800583516404,-0.146907710072248
INDEPENDENT_CURRENT_CONSTITUENTS,STAGE_ENTRY_RUSH,130,ERA_2022_2024,SCATTER,DRIFT,35,28,12,0.023246346057647,0.5428571428571428,0.1273973737259846,-0.1184761663810959
INDEPENDENT_CURRENT_CONSTITUENTS,STAGE_ENTRY_RUSH,130,ERA_2022_2024,SCATTER,RUSH,18,16,6,-0.058113902280516105,0.2777777777777778,0.0478461307341604,-0.22687791621313064
INDEPENDENT_CURRENT_CONSTITUENTS,STAGE_ENTRY_RUSH,130,ERA_2022_2024,SCATTER,SCATTER,30,25,17,0.04043367760274325,0.6333333333333333,0.1384822445796885,-0.1116194494630649
INDEPENDENT_CURRENT_CONSTITUENTS,STAGE_ENTRY_RUSH,130,ERA_2025_2026,CALM,CALM,216,153,41,0.09689650873745076,0.6712962962962963,0.17836215211833,-0.10035458165232365
INDEPENDENT_CURRENT_CONSTITUENTS,STAGE_ENTRY_RUSH,130,ERA_2025_2026,CALM,DRIFT,157,119,38,0.0740237274045518,0.6815286624203821,0.1449708526378381,-0.0997483988540596
INDEPENDENT_CURRENT_CONSTITUENTS,STAGE_ENTRY_RUSH,130,ERA_2025_2026,CALM,RUSH,7,7,5,0.0967569861206418,0.5714285714285714,0.1077864803746144,-0.1135211448097546
INDEPENDENT_CURRENT_CONSTITUENTS,STAGE_ENTRY_RUSH,130,ERA_2025_2026,CALM,SCATTER,20,20,13,-0.0007751669193371497,0.5,0.14135486464597585,-0.12580356818774666
INDEPENDENT_CURRENT_CONSTITUENTS,STAGE_ENTRY_RUSH,130,ERA_2025_2026,SCATTER,CALM,8,8,3,0.07547474198550405,0.75,0.17405532498781878,-0.0508412548100623
INDEPENDENT_CURRENT_CONSTITUENTS,STAGE_ENTRY_RUSH,130,ERA_2025_2026,SCATTER,DRIFT,1,1,1,0.0879400385617448,1.0,0.1120584002840963,-0.0526316009820251
INDEPENDENT_CURRENT_CONSTITUENTS,STAGE_ENTRY_RUSH,130,ERA_2025_2026,SCATTER,RUSH,1,1,1,0.0966200598300821,1.0,0.1370188195003994,-0.0876000482789832
INDEPENDENT_CURRENT_CONSTITUENTS,STAGE_ENTRY_RUSH,130,ERA_2025_2026,SCATTER,SCATTER,1,1,1,-0.138175822514738,0.0,0.1329052420438712,-0.1754508314505725
INDEPENDENT_CURRENT_CONSTITUENTS,TRANSITION_BREAKING,5,ERA_2013_2015,CALM,CALM,126,105,34,-0.01324830569709225,0.3888888888888889,0.01787446395284415,-0.02723247726622085
INDEPENDENT_CURRENT_CONSTITUENTS,TRANSITION_BREAKING,5,ERA_2013_2015,CALM,DRIFT,35,34,18,-0.0118143193024629,0.34285714285714286,0.0143721556267226,-0.0245508879508951
INDEPENDENT_CURRENT_CONSTITUENTS,TRANSITION_BREAKING,5,ERA_2013_2015,CALM,RUSH,2,2,1,-0.0441057402172145,0.0,0.0086576467514867,-0.05563160458665975
INDEPENDENT_CURRENT_CONSTITUENTS,TRANSITION_BREAKING,5,ERA_2013_2015,CALM,SCATTER,43,40,18,0.0032005326966442,0.5116279069767442,0.0164270829286814,-0.0168918186127102
INDEPENDENT_CURRENT_CONSTITUENTS,TRANSITION_BREAKING,5,ERA_2013_2015,SCATTER,CALM,118,105,31,0.00011552022458706523,0.5,0.017375956259107,-0.027714928560635052
INDEPENDENT_CURRENT_CONSTITUENTS,TRANSITION_BREAKING,5,ERA_2013_2015,SCATTER,DRIFT,10,10,5,0.0019959468505161,0.5,0.01535819061837045,-0.01481911335829705
INDEPENDENT_CURRENT_CONSTITUENTS,TRANSITION_BREAKING,5,ERA_2013_2015,SCATTER,FLEE,4,4,2,0.0034704031916047004,0.5,0.013686377908455151,-0.02213564223969185
INDEPENDENT_CURRENT_CONSTITUENTS,TRANSITION_BREAKING,5,ERA_2013_2015,SCATTER,SCATTER,178,152,30,0.0040540174619256505,0.5674157303370787,0.021905043662356502,-0.0211123695952053
INDEPENDENT_CURRENT_CONSTITUENTS,TRANSITION_BREAKING,5,ERA_2016_2018,CALM,CALM,298,220,42,0.012678398902603201,0.6543624161073825,0.02549650419039305,-0.01336218034446945
INDEPENDENT_CURRENT_CONSTITUENTS,TRANSITION_BREAKING,5,ERA_2016_2018,CALM,DRIFT,98,88,27,0.006820800821017501,0.6020408163265306,0.0209199898424573,-0.013782569646948298
INDEPENDENT_CURRENT_CONSTITUENTS,TRANSITION_BREAKING,5,ERA_2016_2018,CALM,FLEE,2,2,1,0.0522386007821293,1.0,0.06369024932183605,-0.011669384157910249
INDEPENDENT_CURRENT_CONSTITUENTS,TRANSITION_BREAKING,5,ERA_2016_2018,CALM,RUSH,7,7,5,0.0019334081948312,0.7142857142857143,0.0144179741486474,-0.0148227420250328
INDEPENDENT_CURRENT_CONSTITUENTS,TRANSITION_BREAKING,5,ERA_2016_2018,CALM,SCATTER,58,56,16,0.007937812241260951,0.6896551724137931,0.0217820734598249,-0.0122826313961689
INDEPENDENT_CURRENT_CONSTITUENTS,TRANSITION_BREAKING,5,ERA_2016_2018,DRIFT,CALM,110,99,25,0.0047784717657368,0.5909090909090909,0.01320198905651655,-0.014856172451747699
INDEPENDENT_CURRENT_CONSTITUENTS,TRANSITION_BREAKING,5,ERA_2016_2018,DRIFT,DRIFT,194,156,42,0.0021811939562804998,0.5567010309278351,0.0146777607861633,-0.01452185434093235
INDEPENDENT_CURRENT_CONSTITUENTS,TRANSITION_BREAKING,5,ERA_2016_2018,DRIFT,RUSH,23,23,11,0.0006314439877799,0.5652173913043478,0.0152996360029376,-0.0144712443380793
INDEPENDENT_CURRENT_CONSTITUENTS,TRANSITION_BREAKING,5,ERA_2016_2018,DRIFT,SCATTER,13,13,8,-0.0033855823591518,0.46153846153846156,0.0121713723886656,-0.023518550186111
INDEPENDENT_CURRENT_CONSTITUENTS,TRANSITION_BREAKING,5,ERA_2016_2018,SCATTER,CALM,78,74,14,0.00108221122474775,0.5128205128205128,0.02873375603623455,-0.0272409407058501
INDEPENDENT_CURRENT_CONSTITUENTS,TRANSITION_BREAKING,5,ERA_2016_2018,SCATTER,DRIFT,6,6,2,0.0145458005627876,0.8333333333333334,0.05347174777491545,-0.0176210700328604
INDEPENDENT_CURRENT_CONSTITUENTS,TRANSITION_BREAKING,5,ERA_2016_2018,SCATTER,FLEE,14,14,7,-0.024030462044955597,0.35714285714285715,0.01459698539181915,-0.048567271295112596
INDEPENDENT_CURRENT_CONSTITUENTS,TRANSITION_BREAKING,5,ERA_2016_2018,SCATTER,SCATTER,152,132,18,-0.004197128649888,0.4407894736842105,0.02576966749197215,-0.030092595383116448
INDEPENDENT_CURRENT_CONSTITUENTS,TRANSITION_BREAKING,5,ERA_2019_2021,CALM,CALM,285,218,60,0.0073156080007403,0.5649122807017544,0.0273463629257588,-0.0188212077571999
INDEPENDENT_CURRENT_CONSTITUENTS,TRANSITION_BREAKING,5,ERA_2019_2021,CALM,DRIFT,163,141,40,0.0080487803092248,0.6134969325153374,0.0258996590030016,-0.0163457578628114
INDEPENDENT_CURRENT_CONSTITUENTS,TRANSITION_BREAKING,5,ERA_2019_2021,CALM,RUSH,5,5,4,0.0202320217468738,0.8,0.0321568666445992,-0.0085302440065514
INDEPENDENT_CURRENT_CONSTITUENTS,TRANSITION_BREAKING,5,ERA_2019_2021,CALM,SCATTER,102,88,20,0.00687141677419585,0.6470588235294118,0.023837201985018548,-0.01882387545201155
INDEPENDENT_CURRENT_CONSTITUENTS,TRANSITION_BREAKING,5,ERA_2019_2021,DRIFT,CALM,76,69,21,-0.0054457905480717,0.4342105263157895,0.0182624184019054,-0.02355797024594675
INDEPENDENT_CURRENT_CONSTITUENTS,TRANSITION_BREAKING,5,ERA_2019_2021,DRIFT,DRIFT,148,130,37,-0.0023811888161576,0.43243243243243246,0.01801768929822755,-0.02523717945158075
INDEPENDENT_CURRENT_CONSTITUENTS,TRANSITION_BREAKING,5,ERA_2019_2021,DRIFT,RUSH,24,23,14,0.007685765083012049,0.5833333333333334,0.0170108924736257,-0.024420107663485353
INDEPENDENT_CURRENT_CONSTITUENTS,TRANSITION_BREAKING,5,ERA_2019_2021,DRIFT,SCATTER,5,5,4,0.006904127043857,0.6,0.0121479101745682,-0.0136056195994187
INDEPENDENT_CURRENT_CONSTITUENTS,TRANSITION_BREAKING,5,ERA_2019_2021,FLEE,FLEE,14,14,1,0.1751503786355589,1.0,0.22735959967569616,-0.08313814265390859
INDEPENDENT_CURRENT_CONSTITUENTS,TRANSITION_BREAKING,5,ERA_2019_2021,FLEE,SCATTER,16,16,1,0.11719383488311205,0.9375,0.2071903273709643,-0.0464254379118277
INDEPENDENT_CURRENT_CONSTITUENTS,TRANSITION_BREAKING,5,ERA_2019_2021,RUSH,CALM,1,1,1,0.0345473159938103,1.0,0.0364207613415452,-0.0328395332991554
INDEPENDENT_CURRENT_CONSTITUENTS,TRANSITION_BREAKING,5,ERA_2019_2021,SCATTER,CALM,30,29,6,0.021356846952047953,0.8333333333333334,0.0325299946463001,-0.00940463700258465
INDEPENDENT_CURRENT_CONSTITUENTS,TRANSITION_BREAKING,5,ERA_2019_2021,SCATTER,DRIFT,1,1,1,0.0722768072375823,1.0,0.0745172173510051,-0.0120751544111874
INDEPENDENT_CURRENT_CONSTITUENTS,TRANSITION_BREAKING,5,ERA_2019_2021,SCATTER,FLEE,16,16,4,-0.06994772853245179,0.1875,0.03226770081033665,-0.1103487296394045
INDEPENDENT_CURRENT_CONSTITUENTS,TRANSITION_BREAKING,5,ERA_2019_2021,SCATTER,SCATTER,97,95,7,-0.0239503469555673,0.35051546391752575,0.0548888351643952,-0.105790223508877
INDEPENDENT_CURRENT_CONSTITUENTS,TRANSITION_BREAKING,5,ERA_2022_2024,CALM,CALM,276,211,44,0.0076403285942241005,0.5760869565217391,0.0267519654021376,-0.01645069339893045
INDEPENDENT_CURRENT_CONSTITUENTS,TRANSITION_BREAKING,5,ERA_2022_2024,CALM,DRIFT,70,64,18,-0.00289493033468095,0.4714285714285714,0.0174099931361122,-0.0188076307324497
INDEPENDENT_CURRENT_CONSTITUENTS,TRANSITION_BREAKING,5,ERA_2022_2024,CALM,RUSH,1,1,1,0.0058975863962904,1.0,0.0304306929511835,-0.0154493233373939
INDEPENDENT_CURRENT_CONSTITUENTS,TRANSITION_BREAKING,5,ERA_2022_2024,CALM,SCATTER,56,47,29,-6.210788757045e-05,0.5,0.0179470691022941,-0.01501391773003145
INDEPENDENT_CURRENT_CONSTITUENTS,TRANSITION_BREAKING,5,ERA_2022_2024,DRIFT,CALM,45,42,20,0.0025180718026889,0.5333333333333333,0.0241881409916437,-0.0235855434116202
INDEPENDENT_CURRENT_CONSTITUENTS,TRANSITION_BREAKING,5,ERA_2022_2024,DRIFT,DRIFT,94,92,26,0.0038090948793918,0.5319148936170213,0.020251506465122998,-0.0195677958400201
INDEPENDENT_CURRENT_CONSTITUENTS,TRANSITION_BREAKING,5,ERA_2022_2024,DRIFT,RUSH,20,20,11,0.0052164559221009,0.65,0.026958319411508,-0.010130943436489001
INDEPENDENT_CURRENT_CONSTITUENTS,TRANSITION_BREAKING,5,ERA_2022_2024,DRIFT,SCATTER,6,6,3,-0.0056352929959776,0.3333333333333333,0.0094950000199822,-0.023148487451408
INDEPENDENT_CURRENT_CONSTITUENTS,TRANSITION_BREAKING,5,ERA_2022_2024,SCATTER,CALM,96,89,25,0.007675824854851,0.6041666666666666,0.03860924218766995,-0.01996589582049175
INDEPENDENT_CURRENT_CONSTITUENTS,TRANSITION_BREAKING,5,ERA_2022_2024,SCATTER,DRIFT,8,8,4,0.0156312693004413,0.75,0.02050455989835035,-0.016823312581456
INDEPENDENT_CURRENT_CONSTITUENTS,TRANSITION_BREAKING,5,ERA_2022_2024,SCATTER,FLEE,1,1,1,0.0420866325661903,1.0,0.094429690569366,-0.0240495405746412
INDEPENDENT_CURRENT_CONSTITUENTS,TRANSITION_BREAKING,5,ERA_2022_2024,SCATTER,RUSH,4,4,2,-0.0009315895063128502,0.5,0.0188320430743843,-0.05189644411115935
INDEPENDENT_CURRENT_CONSTITUENTS,TRANSITION_BREAKING,5,ERA_2022_2024,SCATTER,SCATTER,163,127,37,0.0061945819541395,0.5705521472392638,0.0340152872564871,-0.0221623399577286
INDEPENDENT_CURRENT_CONSTITUENTS,TRANSITION_BREAKING,5,ERA_2025_2026,CALM,CALM,225,182,53,0.0019845885612927,0.5111111111111111,0.0241910176709412,-0.0202780042239004
INDEPENDENT_CURRENT_CONSTITUENTS,TRANSITION_BREAKING,5,ERA_2025_2026,CALM,DRIFT,77,71,35,-0.0027520435413519,0.44155844155844154,0.016656559448835,-0.0280161625567926
INDEPENDENT_CURRENT_CONSTITUENTS,TRANSITION_BREAKING,5,ERA_2025_2026,CALM,RUSH,4,4,3,0.0123538529389434,0.5,0.0386449516644835,-0.01695764306631915
INDEPENDENT_CURRENT_CONSTITUENTS,TRANSITION_BREAKING,5,ERA_2025_2026,CALM,SCATTER,121,103,36,0.0028913897824973,0.5289256198347108,0.027766678600847,-0.0230935089442795
INDEPENDENT_CURRENT_CONSTITUENTS,TRANSITION_BREAKING,5,ERA_2025_2026,DRIFT,CALM,7,7,3,-0.0032386917412916,0.42857142857142855,0.0316726955939155,-0.0311352054436966
INDEPENDENT_CURRENT_CONSTITUENTS,TRANSITION_BREAKING,5,ERA_2025_2026,DRIFT,DRIFT,10,10,3,0.0041102893370982,0.5,0.0217898720938598,-0.041977257736154905
INDEPENDENT_CURRENT_CONSTITUENTS,TRANSITION_BREAKING,5,ERA_2025_2026,DRIFT,SCATTER,4,4,1,-0.0416999060566311,0.25,0.02359062473674805,-0.04879134879760895
INDEPENDENT_CURRENT_CONSTITUENTS,TRANSITION_BREAKING,5,ERA_2025_2026,SCATTER,CALM,25,25,3,-0.009063994993807,0.4,0.0233380365030519,-0.0367551016583627
INDEPENDENT_CURRENT_CONSTITUENTS,TRANSITION_BREAKING,5,ERA_2025_2026,SCATTER,FLEE,1,1,1,0.0905677486979668,1.0,0.1047864193374137,-0.0168935053822131
INDEPENDENT_CURRENT_CONSTITUENTS,TRANSITION_BREAKING,5,ERA_2025_2026,SCATTER,SCATTER,19,18,6,0.0048909842631277,0.631578947368421,0.0274821536174536,-0.0262927426769423
INDEPENDENT_CURRENT_CONSTITUENTS,TRANSITION_BREAKING,10,ERA_2013_2015,CALM,CALM,126,105,34,-0.00399069959965785,0.4444444444444444,0.0224611380895035,-0.0381758495711174
INDEPENDENT_CURRENT_CONSTITUENTS,TRANSITION_BREAKING,10,ERA_2013_2015,CALM,DRIFT,35,34,18,-0.0236638437023386,0.2857142857142857,0.0143721556267226,-0.0397016551501775
INDEPENDENT_CURRENT_CONSTITUENTS,TRANSITION_BREAKING,10,ERA_2013_2015,CALM,RUSH,2,2,1,-0.04676425526473045,0.0,0.0086576467514867,-0.07616817931448736
INDEPENDENT_CURRENT_CONSTITUENTS,TRANSITION_BREAKING,10,ERA_2013_2015,CALM,SCATTER,43,40,18,0.0068129696975844,0.5348837209302325,0.0341818923527599,-0.0211699763998706
INDEPENDENT_CURRENT_CONSTITUENTS,TRANSITION_BREAKING,10,ERA_2013_2015,SCATTER,CALM,118,105,31,0.0131799620126049,0.6271186440677966,0.0276100740784741,-0.040158292978377946
INDEPENDENT_CURRENT_CONSTITUENTS,TRANSITION_BREAKING,10,ERA_2013_2015,SCATTER,DRIFT,10,10,5,0.008683581660557825,0.5,0.02962765361202685,-0.01481911335829705
INDEPENDENT_CURRENT_CONSTITUENTS,TRANSITION_BREAKING,10,ERA_2013_2015,SCATTER,FLEE,4,4,2,0.0163586034738145,0.75,0.030285613364998847,-0.02231108696128605
INDEPENDENT_CURRENT_CONSTITUENTS,TRANSITION_BREAKING,10,ERA_2013_2015,SCATTER,SCATTER,178,152,30,0.0086775896199888,0.601123595505618,0.0408626676025851,-0.0343237214067674
INDEPENDENT_CURRENT_CONSTITUENTS,TRANSITION_BREAKING,10,ERA_2016_2018,CALM,CALM,298,220,42,0.024106194277313052,0.7483221476510067,0.041492469510021,-0.0165719297848155
INDEPENDENT_CURRENT_CONSTITUENTS,TRANSITION_BREAKING,10,ERA_2016_2018,CALM,DRIFT,98,88,27,-0.00334309844240955,0.4489795918367347,0.0303354533610806,-0.029597564378961702
INDEPENDENT_CURRENT_CONSTITUENTS,TRANSITION_BREAKING,10,ERA_2016_2018,CALM,FLEE,2,2,1,0.07634068600870955,1.0,0.07849619416747315,-0.011669384157910249
INDEPENDENT_CURRENT_CONSTITUENTS,TRANSITION_BREAKING,10,ERA_2016_2018,CALM,RUSH,7,7,5,0.0365307275617154,0.7142857142857143,0.0432405657214607,-0.0148227420250328
INDEPENDENT_CURRENT_CONSTITUENTS,TRANSITION_BREAKING,10,ERA_2016_2018,CALM,SCATTER,58,56,16,0.0091246812653158,0.6551724137931034,0.03069797456109575,-0.0142369993059532
INDEPENDENT_CURRENT_CONSTITUENTS,TRANSITION_BREAKING,10,ERA_2016_2018,DRIFT,CALM,110,99,25,0.0163582347667009,0.6090909090909091,0.0296708315585971,-0.02185251612618895
INDEPENDENT_CURRENT_CONSTITUENTS,TRANSITION_BREAKING,10,ERA_2016_2018,DRIFT,DRIFT,194,156,42,0.00721681019506955,0.5515463917525774,0.023688948681924,-0.02058986615490755
INDEPENDENT_CURRENT_CONSTITUENTS,TRANSITION_BREAKING,10,ERA_2016_2018,DRIFT,RUSH,23,23,11,0.0023119214571063,0.5652173913043478,0.0212433350902179,-0.0281630960105065
INDEPENDENT_CURRENT_CONSTITUENTS,TRANSITION_BREAKING,10,ERA_2016_2018,DRIFT,SCATTER,13,13,8,-0.0070994934510774,0.46153846153846156,0.0225058590615978,-0.03632104180802
INDEPENDENT_CURRENT_CONSTITUENTS,TRANSITION_BREAKING,10,ERA_2016_2018,SCATTER,CALM,78,74,14,0.0024288426955225,0.5256410256410257,0.039895048538123395,-0.0350468062673222
INDEPENDENT_CURRENT_CONSTITUENTS,TRANSITION_BREAKING,10,ERA_2016_2018,SCATTER,DRIFT,6,6,2,0.07288838337419684,0.6666666666666666,0.0965720775609764,-0.021059111458090002
INDEPENDENT_CURRENT_CONSTITUENTS,TRANSITION_BREAKING,10,ERA_2016_2018,SCATTER,FLEE,14,14,7,-0.01969467854430905,0.35714285714285715,0.01459698539181915,-0.06930884890520225
INDEPENDENT_CURRENT_CONSTITUENTS,TRANSITION_BREAKING,10,ERA_2016_2018,SCATTER,SCATTER,152,132,18,0.00597966156547455,0.5394736842105263,0.03510861864359415,-0.0434564730989495
INDEPENDENT_CURRENT_CONSTITUENTS,TRANSITION_BREAKING,10,ERA_2019_2021,CALM,CALM,285,218,60,0.0167255846958225,0.656140350877193,0.042132540268585,-0.0264563939270858
INDEPENDENT_CURRENT_CONSTITUENTS,TRANSITION_BREAKING,10,ERA_2019_2021,CALM,DRIFT,163,141,40,0.0135330704257659,0.6319018404907976,0.0385836213257373,-0.021908145773373
INDEPENDENT_CURRENT_CONSTITUENTS,TRANSITION_BREAKING,10,ERA_2019_2021,CALM,RUSH,5,5,4,0.0346726755090176,1.0,0.0439978566856591,-0.0281028224150828
INDEPENDENT_CURRENT_CONSTITUENTS,TRANSITION_BREAKING,10,ERA_2019_2021,CALM,SCATTER,102,88,20,0.02351944470215155,0.6764705882352942,0.03772704172582125,-0.02242871665606895
INDEPENDENT_CURRENT_CONSTITUENTS,TRANSITION_BREAKING,10,ERA_2019_2021,DRIFT,CALM,76,69,21,5.068318824849984e-06,0.5,0.0244992047387342,-0.035907232235451794
INDEPENDENT_CURRENT_CONSTITUENTS,TRANSITION_BREAKING,10,ERA_2019_2021,DRIFT,DRIFT,148,130,37,-0.0015564456356759115,0.5,0.0259812494413611,-0.039477960967851194
INDEPENDENT_CURRENT_CONSTITUENTS,TRANSITION_BREAKING,10,ERA_2019_2021,DRIFT,RUSH,24,23,14,0.0148883090824678,0.7083333333333334,0.0296724292948633,-0.03250529411285385
INDEPENDENT_CURRENT_CONSTITUENTS,TRANSITION_BREAKING,10,ERA_2019_2021,DRIFT,SCATTER,5,5,4,-0.0177529263106035,0.4,0.0242460269708111,-0.0244374382358898
INDEPENDENT_CURRENT_CONSTITUENTS,TRANSITION_BREAKING,10,ERA_2019_2021,FLEE,FLEE,14,14,1,0.09103764896668085,1.0,0.24791208674733484,-0.08313814265390859
INDEPENDENT_CURRENT_CONSTITUENTS,TRANSITION_BREAKING,10,ERA_2019_2021,FLEE,SCATTER,16,16,1,0.11340372088644139,0.8125,0.2103520698050586,-0.0464254379118277
INDEPENDENT_CURRENT_CONSTITUENTS,TRANSITION_BREAKING,10,ERA_2019_2021,RUSH,CALM,1,1,1,0.0098075347910082,1.0,0.0364207613415452,-0.0328395332991554
INDEPENDENT_CURRENT_CONSTITUENTS,TRANSITION_BREAKING,10,ERA_2019_2021,SCATTER,CALM,30,29,6,0.0199032557512096,0.7666666666666667,0.046291647982844755,-0.01381964360351145
INDEPENDENT_CURRENT_CONSTITUENTS,TRANSITION_BREAKING,10,ERA_2019_2021,SCATTER,DRIFT,1,1,1,-0.0092752766170889,0.0,0.0745172173510051,-0.0361605932511723
INDEPENDENT_CURRENT_CONSTITUENTS,TRANSITION_BREAKING,10,ERA_2019_2021,SCATTER,FLEE,16,16,4,0.073290815312058,0.8125,0.0978416353693065,-0.1103487296394045
INDEPENDENT_CURRENT_CONSTITUENTS,TRANSITION_BREAKING,10,ERA_2019_2021,SCATTER,SCATTER,97,95,7,-0.1218801256156217,0.29896907216494845,0.0630600802160086,-0.1957777854876593
INDEPENDENT_CURRENT_CONSTITUENTS,TRANSITION_BREAKING,10,ERA_2022_2024,CALM,CALM,276,211,44,0.0013218110092633002,0.5108695652173914,0.034127662458463104,-0.0267962819916059
INDEPENDENT_CURRENT_CONSTITUENTS,TRANSITION_BREAKING,10,ERA_2022_2024,CALM,DRIFT,70,64,18,-0.009891180054297049,0.44285714285714284,0.0208794710948564,-0.03168678330750285
INDEPENDENT_CURRENT_CONSTITUENTS,TRANSITION_BREAKING,10,ERA_2022_2024,CALM,RUSH,1,1,1,0.012490512800473,1.0,0.0506354131763033,-0.0154493233373939
INDEPENDENT_CURRENT_CONSTITUENTS,TRANSITION_BREAKING,10,ERA_2022_2024,CALM,SCATTER,56,47,29,0.0014314131622712,0.5178571428571429,0.0284100407887406,-0.026068923053977948
INDEPENDENT_CURRENT_CONSTITUENTS,TRANSITION_BREAKING,10,ERA_2022_2024,DRIFT,CALM,45,42,20,-0.00811488968632,0.4,0.0295095638395743,-0.0364347089482186
INDEPENDENT_CURRENT_CONSTITUENTS,TRANSITION_BREAKING,10,ERA_2022_2024,DRIFT,DRIFT,94,92,26,0.01144616931940005,0.5425531914893617,0.03303124989373825,-0.02264115732390535
INDEPENDENT_CURRENT_CONSTITUENTS,TRANSITION_BREAKING,10,ERA_2022_2024,DRIFT,RUSH,20,20,11,0.015144401981898951,0.65,0.0322360612976312,-0.0155935378292947
INDEPENDENT_CURRENT_CONSTITUENTS,TRANSITION_BREAKING,10,ERA_2022_2024,DRIFT,SCATTER,6,6,3,-0.0090769658451099,0.3333333333333333,0.019281477974626697,-0.03716736818330365
INDEPENDENT_CURRENT_CONSTITUENTS,TRANSITION_BREAKING,10,ERA_2022_2024,SCATTER,CALM,96,89,25,0.0160948016545937,0.6041666666666666,0.04857188838249965,-0.03166794605296885
INDEPENDENT_CURRENT_CONSTITUENTS,TRANSITION_BREAKING,10,ERA_2022_2024,SCATTER,DRIFT,8,8,4,-0.015585723193070451,0.375,0.0224423708059485,-0.03570876499814085
INDEPENDENT_CURRENT_CONSTITUENTS,TRANSITION_BREAKING,10,ERA_2022_2024,SCATTER,FLEE,1,1,1,-0.0447392131927081,0.0,0.094429690569366,-0.1108753861567053
INDEPENDENT_CURRENT_CONSTITUENTS,TRANSITION_BREAKING,10,ERA_2022_2024,SCATTER,RUSH,4,4,2,0.01389304687476095,0.75,0.04742214777383995,-0.05503979221220765
INDEPENDENT_CURRENT_CONSTITUENTS,TRANSITION_BREAKING,10,ERA_2022_2024,SCATTER,SCATTER,163,127,37,0.0245392063750156,0.6748466257668712,0.0492166275588816,-0.028876643071212
INDEPENDENT_CURRENT_CONSTITUENTS,TRANSITION_BREAKING,10,ERA_2025_2026,CALM,CALM,222,179,52,0.00537731624858515,0.5630630630630631,0.040786593146973596,-0.03019130728224015
INDEPENDENT_CURRENT_CONSTITUENTS,TRANSITION_BREAKING,10,ERA_2025_2026,CALM,DRIFT,76,70,34,-0.0085413466471859,0.3815789473684211,0.0279955172834386,-0.038340114382240456
INDEPENDENT_CURRENT_CONSTITUENTS,TRANSITION_BREAKING,10,ERA_2025_2026,CALM,RUSH,4,4,3,0.0017613212723659993,0.5,0.039256700814943396,-0.026439828360113
INDEPENDENT_CURRENT_CONSTITUENTS,TRANSITION_BREAKING,10,ERA_2025_2026,CALM,SCATTER,121,103,36,-0.0006733594553864,0.48760330578512395,0.0386986788734218,-0.0295703369911164
INDEPENDENT_CURRENT_CONSTITUENTS,TRANSITION_BREAKING,10,ERA_2025_2026,DRIFT,CALM,7,7,3,0.0176051227842579,0.7142857142857143,0.0550129560792509,-0.0330115803869134
INDEPENDENT_CURRENT_CONSTITUENTS,TRANSITION_BREAKING,10,ERA_2025_2026,DRIFT,DRIFT,10,10,3,-0.060635181314145845,0.2,0.0217898720938598,-0.0736453583365666
INDEPENDENT_CURRENT_CONSTITUENTS,TRANSITION_BREAKING,10,ERA_2025_2026,DRIFT,SCATTER,4,4,1,-0.01351566857433585,0.0,0.027893904358716498,-0.06171519918240745
INDEPENDENT_CURRENT_CONSTITUENTS,TRANSITION_BREAKING,10,ERA_2025_2026,SCATTER,CALM,25,25,3,0.0076146795551819,0.6,0.0378738387944228,-0.0432099215477801
INDEPENDENT_CURRENT_CONSTITUENTS,TRANSITION_BREAKING,10,ERA_2025_2026,SCATTER,FLEE,1,1,1,0.0637024709592439,1.0,0.1134209172131974,-0.0168935053822131
INDEPENDENT_CURRENT_CONSTITUENTS,TRANSITION_BREAKING,10,ERA_2025_2026,SCATTER,SCATTER,19,18,6,0.0318409161345827,0.7368421052631579,0.0443022135876374,-0.0337906139223684
INDEPENDENT_CURRENT_CONSTITUENTS,TRANSITION_BREAKING,20,ERA_2013_2015,CALM,CALM,126,105,34,0.00194749470976615,0.5317460317460317,0.03388700372654525,-0.0508121680593004
INDEPENDENT_CURRENT_CONSTITUENTS,TRANSITION_BREAKING,20,ERA_2013_2015,CALM,DRIFT,35,34,18,-0.0245614774527733,0.42857142857142855,0.0258243101752257,-0.0622419560248501
INDEPENDENT_CURRENT_CONSTITUENTS,TRANSITION_BREAKING,20,ERA_2013_2015,CALM,RUSH,2,2,1,-0.0158745385607342,0.5,0.016352754965226,-0.0777651724790332
INDEPENDENT_CURRENT_CONSTITUENTS,TRANSITION_BREAKING,20,ERA_2013_2015,CALM,SCATTER,43,40,18,0.0142551529928476,0.627906976744186,0.0379030570278053,-0.0309334674001946
INDEPENDENT_CURRENT_CONSTITUENTS,TRANSITION_BREAKING,20,ERA_2013_2015,SCATTER,CALM,118,105,31,0.025389482056808653,0.6949152542372882,0.05491546096521635,-0.04434868337071185
INDEPENDENT_CURRENT_CONSTITUENTS,TRANSITION_BREAKING,20,ERA_2013_2015,SCATTER,DRIFT,10,10,5,0.028043725467733798,0.7,0.0434230672337151,-0.0212873293284216
INDEPENDENT_CURRENT_CONSTITUENTS,TRANSITION_BREAKING,20,ERA_2013_2015,SCATTER,FLEE,4,4,2,0.0066730445194421,0.5,0.03642604217764005,-0.085799196735206
INDEPENDENT_CURRENT_CONSTITUENTS,TRANSITION_BREAKING,20,ERA_2013_2015,SCATTER,SCATTER,178,152,30,0.03483750093974985,0.702247191011236,0.05957928114968975,-0.0385714331103734
INDEPENDENT_CURRENT_CONSTITUENTS,TRANSITION_BREAKING,20,ERA_2016_2018,CALM,CALM,298,220,42,0.030526692843626697,0.7013422818791947,0.05993483081310355,-0.02522543592846605
INDEPENDENT_CURRENT_CONSTITUENTS,TRANSITION_BREAKING,20,ERA_2016_2018,CALM,DRIFT,98,88,27,0.01268915502296325,0.5714285714285714,0.042942932527901004,-0.037217691932349
INDEPENDENT_CURRENT_CONSTITUENTS,TRANSITION_BREAKING,20,ERA_2016_2018,CALM,FLEE,2,2,1,0.08535423064432776,1.0,0.09842850686805091,-0.011669384157910249
INDEPENDENT_CURRENT_CONSTITUENTS,TRANSITION_BREAKING,20,ERA_2016_2018,CALM,RUSH,7,7,5,0.01689865033098,0.7142857142857143,0.0432405657214607,-0.0148227420250328
INDEPENDENT_CURRENT_CONSTITUENTS,TRANSITION_BREAKING,20,ERA_2016_2018,CALM,SCATTER,58,56,16,0.00700417545798,0.5689655172413793,0.04702263498874795,-0.02309611153273675
INDEPENDENT_CURRENT_CONSTITUENTS,TRANSITION_BREAKING,20,ERA_2016_2018,DRIFT,CALM,110,99,25,0.02227125284837935,0.6909090909090909,0.0475743087027197,-0.024043965214556248
INDEPENDENT_CURRENT_CONSTITUENTS,TRANSITION_BREAKING,20,ERA_2016_2018,DRIFT,DRIFT,194,156,42,0.024562154537653598,0.654639175257732,0.049279395162502,-0.0259419435903379
INDEPENDENT_CURRENT_CONSTITUENTS,TRANSITION_BREAKING,20,ERA_2016_2018,DRIFT,RUSH,23,23,11,-0.0039557215730355,0.4782608695652174,0.0421444290652894,-0.0362011020632613
INDEPENDENT_CURRENT_CONSTITUENTS,TRANSITION_BREAKING,20,ERA_2016_2018,DRIFT,SCATTER,13,13,8,-0.0359081833480094,0.15384615384615385,0.0301063613810592,-0.0591695042278261
INDEPENDENT_CURRENT_CONSTITUENTS,TRANSITION_BREAKING,20,ERA_2016_2018,SCATTER,CALM,78,74,14,0.024000308486423302,0.6538461538461539,0.05381786846932895,-0.0426180264781965
INDEPENDENT_CURRENT_CONSTITUENTS,TRANSITION_BREAKING,20,ERA_2016_2018,SCATTER,DRIFT,6,6,2,0.11110425923597594,0.8333333333333334,0.149978116689365,-0.021059111458090002
INDEPENDENT_CURRENT_CONSTITUENTS,TRANSITION_BREAKING,20,ERA_2016_2018,SCATTER,FLEE,14,14,7,0.01598236596947145,0.5,0.049850687602478544,-0.08472462428662056
INDEPENDENT_CURRENT_CONSTITUENTS,TRANSITION_BREAKING,20,ERA_2016_2018,SCATTER,SCATTER,152,132,18,0.01275803078973685,0.5921052631578947,0.05508734920304255,-0.06320755679661405
INDEPENDENT_CURRENT_CONSTITUENTS,TRANSITION_BREAKING,20,ERA_2019_2021,CALM,CALM,285,218,60,0.0226438620774389,0.6526315789473685,0.0664349456204784,-0.0392768646182308
INDEPENDENT_CURRENT_CONSTITUENTS,TRANSITION_BREAKING,20,ERA_2019_2021,CALM,DRIFT,163,141,40,0.0174659577881113,0.6134969325153374,0.0581645100969341,-0.0339339252332722
INDEPENDENT_CURRENT_CONSTITUENTS,TRANSITION_BREAKING,20,ERA_2019_2021,CALM,RUSH,5,5,4,-0.0196369464775781,0.2,0.054856524167536,-0.0288833523645374
INDEPENDENT_CURRENT_CONSTITUENTS,TRANSITION_BREAKING,20,ERA_2019_2021,CALM,SCATTER,102,88,20,0.040319806608307,0.7843137254901961,0.06398696842425795,-0.028182388265597103
INDEPENDENT_CURRENT_CONSTITUENTS,TRANSITION_BREAKING,20,ERA_2019_2021,DRIFT,CALM,76,69,21,0.01700741964357795,0.6447368421052632,0.0405756904106684,-0.04477425414294855
INDEPENDENT_CURRENT_CONSTITUENTS,TRANSITION_BREAKING,20,ERA_2019_2021,DRIFT,DRIFT,148,130,37,0.0059154186791930494,0.5675675675675675,0.03826250179038155,-0.051112391981265506
INDEPENDENT_CURRENT_CONSTITUENTS,TRANSITION_BREAKING,20,ERA_2019_2021,DRIFT,RUSH,24,23,14,0.0029883262762666002,0.5,0.0436735845717708,-0.04744602383651445
INDEPENDENT_CURRENT_CONSTITUENTS,TRANSITION_BREAKING,20,ERA_2019_2021,DRIFT,SCATTER,5,5,4,0.0296690116905713,0.8,0.0448037456765959,-0.0244374382358898
INDEPENDENT_CURRENT_CONSTITUENTS,TRANSITION_BREAKING,20,ERA_2019_2021,FLEE,FLEE,14,14,1,0.269975678629671,1.0,0.35092351181932924,-0.08313814265390859
INDEPENDENT_CURRENT_CONSTITUENTS,TRANSITION_BREAKING,20,ERA_2019_2021,FLEE,SCATTER,16,16,1,0.2640597090258167,1.0,0.31652408265382437,-0.0464254379118277
INDEPENDENT_CURRENT_CONSTITUENTS,TRANSITION_BREAKING,20,ERA_2019_2021,RUSH,CALM,1,1,1,0.045897733477191,1.0,0.0525647196678329,-0.0357596377620532
INDEPENDENT_CURRENT_CONSTITUENTS,TRANSITION_BREAKING,20,ERA_2019_2021,SCATTER,CALM,30,29,6,0.057911548104442045,0.8666666666666667,0.07304665834922605,-0.01600633048189205
INDEPENDENT_CURRENT_CONSTITUENTS,TRANSITION_BREAKING,20,ERA_2019_2021,SCATTER,DRIFT,1,1,1,0.0749654352022934,1.0,0.0776539452897804,-0.0558766342003409
INDEPENDENT_CURRENT_CONSTITUENTS,TRANSITION_BREAKING,20,ERA_2019_2021,SCATTER,FLEE,16,16,4,0.05603980356946165,0.75,0.13949865429658875,-0.11563451579362799
INDEPENDENT_CURRENT_CONSTITUENTS,TRANSITION_BREAKING,20,ERA_2019_2021,SCATTER,SCATTER,97,95,7,-0.0801088244706293,0.35051546391752575,0.0708123582027566,-0.2354690262207411
INDEPENDENT_CURRENT_CONSTITUENTS,TRANSITION_BREAKING,20,ERA_2022_2024,CALM,CALM,276,211,44,0.01513753135679025,0.5652173913043478,0.060292940488904295,-0.0393200300708113
INDEPENDENT_CURRENT_CONSTITUENTS,TRANSITION_BREAKING,20,ERA_2022_2024,CALM,DRIFT,70,64,18,0.020099165641097448,0.6142857142857143,0.05271090523433105,-0.038697488414981454
INDEPENDENT_CURRENT_CONSTITUENTS,TRANSITION_BREAKING,20,ERA_2022_2024,CALM,RUSH,1,1,1,0.0303856116679441,1.0,0.0520482451069579,-0.0154493233373939
INDEPENDENT_CURRENT_CONSTITUENTS,TRANSITION_BREAKING,20,ERA_2022_2024,CALM,SCATTER,56,47,29,0.01057950812604695,0.5535714285714286,0.04315122126256585,-0.0338258385659511
INDEPENDENT_CURRENT_CONSTITUENTS,TRANSITION_BREAKING,20,ERA_2022_2024,DRIFT,CALM,45,42,20,-0.0232354244595559,0.4666666666666667,0.0442317809169272,-0.0606986625604463
INDEPENDENT_CURRENT_CONSTITUENTS,TRANSITION_BREAKING,20,ERA_2022_2024,DRIFT,DRIFT,94,92,26,-0.01598398859398855,0.40425531914893614,0.04264405629273625,-0.0402649029022337
INDEPENDENT_CURRENT_CONSTITUENTS,TRANSITION_BREAKING,20,ERA_2022_2024,DRIFT,RUSH,20,20,11,-0.01875153024933175,0.15,0.04442672615759355,-0.04064162644442495
INDEPENDENT_CURRENT_CONSTITUENTS,TRANSITION_BREAKING,20,ERA_2022_2024,DRIFT,SCATTER,6,6,3,-0.022502171738372247,0.16666666666666666,0.0328579692913283,-0.0575900643705096
INDEPENDENT_CURRENT_CONSTITUENTS,TRANSITION_BREAKING,20,ERA_2022_2024,SCATTER,CALM,96,89,25,0.02603347703871765,0.625,0.06465270751729954,-0.042573181155490455
INDEPENDENT_CURRENT_CONSTITUENTS,TRANSITION_BREAKING,20,ERA_2022_2024,SCATTER,DRIFT,8,8,4,-0.09323453275486825,0.25,0.0252927454344863,-0.11271154151992496
INDEPENDENT_CURRENT_CONSTITUENTS,TRANSITION_BREAKING,20,ERA_2022_2024,SCATTER,FLEE,1,1,1,0.215207773971064,1.0,0.2175066265824241,-0.1108753861567053
INDEPENDENT_CURRENT_CONSTITUENTS,TRANSITION_BREAKING,20,ERA_2022_2024,SCATTER,RUSH,4,4,2,0.09192309864690001,0.75,0.14714636177525625,-0.05720520671721825
INDEPENDENT_CURRENT_CONSTITUENTS,TRANSITION_BREAKING,20,ERA_2022_2024,SCATTER,SCATTER,163,127,37,0.0347303885414445,0.6748466257668712,0.081442793057967,-0.0385203989103244
INDEPENDENT_CURRENT_CONSTITUENTS,TRANSITION_BREAKING,20,ERA_2025_2026,CALM,CALM,210,169,49,0.011950322243041149,0.5571428571428572,0.05913907966861115,-0.04798033573830805
INDEPENDENT_CURRENT_CONSTITUENTS,TRANSITION_BREAKING,20,ERA_2025_2026,CALM,DRIFT,73,67,32,-0.0034617409459685,0.4383561643835616,0.0397590081476044,-0.0460670257690452
INDEPENDENT_CURRENT_CONSTITUENTS,TRANSITION_BREAKING,20,ERA_2025_2026,CALM,RUSH,4,4,3,-0.03603304972336165,0.25,0.0490723936031055,-0.060978374708690095
INDEPENDENT_CURRENT_CONSTITUENTS,TRANSITION_BREAKING,20,ERA_2025_2026,CALM,SCATTER,120,102,35,0.00648793605166005,0.5666666666666667,0.05450655432399515,-0.042290716337895204
INDEPENDENT_CURRENT_CONSTITUENTS,TRANSITION_BREAKING,20,ERA_2025_2026,DRIFT,CALM,7,7,3,0.0132864326204285,0.5714285714285714,0.0625829860580182,-0.0572529406746552
INDEPENDENT_CURRENT_CONSTITUENTS,TRANSITION_BREAKING,20,ERA_2025_2026,DRIFT,DRIFT,10,10,3,-0.09043960980885399,0.1,0.0217898720938598,-0.11421736333573915
INDEPENDENT_CURRENT_CONSTITUENTS,TRANSITION_BREAKING,20,ERA_2025_2026,DRIFT,SCATTER,4,4,1,-0.07429011731721664,0.0,0.05057096547209855,-0.1359891759862417
INDEPENDENT_CURRENT_CONSTITUENTS,TRANSITION_BREAKING,20,ERA_2025_2026,SCATTER,CALM,25,25,3,-0.0072864082087082,0.48,0.0463317950684103,-0.0585707911681927
INDEPENDENT_CURRENT_CONSTITUENTS,TRANSITION_BREAKING,20,ERA_2025_2026,SCATTER,FLEE,1,1,1,0.1231816013542572,1.0,0.1285077133557153,-0.0168935053822131
INDEPENDENT_CURRENT_CONSTITUENTS,TRANSITION_BREAKING,20,ERA_2025_2026,SCATTER,SCATTER,19,18,6,0.0759337060475981,0.7894736842105263,0.0958673504512905,-0.0413273154287597
INDEPENDENT_CURRENT_CONSTITUENTS,TRANSITION_BREAKING,21,ERA_2013_2015,CALM,CALM,126,105,34,0.00819763721538765,0.5476190476190477,0.034711655102890704,-0.051574293968636595
INDEPENDENT_CURRENT_CONSTITUENTS,TRANSITION_BREAKING,21,ERA_2013_2015,CALM,DRIFT,35,34,18,-0.0219517516784959,0.4,0.0287257051931644,-0.0622419560248501
INDEPENDENT_CURRENT_CONSTITUENTS,TRANSITION_BREAKING,21,ERA_2013_2015,CALM,RUSH,2,2,1,-0.0034626664225079,0.5,0.01680560459809705,-0.0777651724790332
INDEPENDENT_CURRENT_CONSTITUENTS,TRANSITION_BREAKING,21,ERA_2013_2015,CALM,SCATTER,43,40,18,0.0065352905843281,0.6046511627906976,0.0414610388286755,-0.0314763585240984
INDEPENDENT_CURRENT_CONSTITUENTS,TRANSITION_BREAKING,21,ERA_2013_2015,SCATTER,CALM,118,105,31,0.0292684170050917,0.6440677966101694,0.05491546096521635,-0.0445361544441803
INDEPENDENT_CURRENT_CONSTITUENTS,TRANSITION_BREAKING,21,ERA_2013_2015,SCATTER,DRIFT,10,10,5,0.02545276285204465,0.7,0.04995977123264815,-0.0212873293284216
INDEPENDENT_CURRENT_CONSTITUENTS,TRANSITION_BREAKING,21,ERA_2013_2015,SCATTER,FLEE,4,4,2,0.0025973836926129514,0.5,0.03642604217764005,-0.085799196735206
INDEPENDENT_CURRENT_CONSTITUENTS,TRANSITION_BREAKING,21,ERA_2013_2015,SCATTER,SCATTER,178,152,30,0.040434369652869,0.7303370786516854,0.060649541729132,-0.03924462031079015
INDEPENDENT_CURRENT_CONSTITUENTS,TRANSITION_BREAKING,21,ERA_2016_2018,CALM,CALM,298,220,42,0.0323644968490376,0.7114093959731543,0.06103343389915245,-0.0254811702821369
INDEPENDENT_CURRENT_CONSTITUENTS,TRANSITION_BREAKING,21,ERA_2016_2018,CALM,DRIFT,98,88,27,0.0200720975809376,0.6020408163265306,0.04300126165043145,-0.037217691932349
INDEPENDENT_CURRENT_CONSTITUENTS,TRANSITION_BREAKING,21,ERA_2016_2018,CALM,FLEE,2,2,1,0.091142259506046,1.0,0.09898480861415365,-0.011669384157910249
INDEPENDENT_CURRENT_CONSTITUENTS,TRANSITION_BREAKING,21,ERA_2016_2018,CALM,RUSH,7,7,5,0.0280817545641789,0.7142857142857143,0.0432405657214607,-0.0148227420250328
INDEPENDENT_CURRENT_CONSTITUENTS,TRANSITION_BREAKING,21,ERA_2016_2018,CALM,SCATTER,58,56,16,0.01071692619760495,0.5862068965517241,0.04792974870359705,-0.02309611153273675
INDEPENDENT_CURRENT_CONSTITUENTS,TRANSITION_BREAKING,21,ERA_2016_2018,DRIFT,CALM,110,99,25,0.0227907313897922,0.7363636363636363,0.047943500025813005,-0.024043965214556248
INDEPENDENT_CURRENT_CONSTITUENTS,TRANSITION_BREAKING,21,ERA_2016_2018,DRIFT,DRIFT,194,156,42,0.026255153587630302,0.6494845360824743,0.05102502984925365,-0.02863623549599415
INDEPENDENT_CURRENT_CONSTITUENTS,TRANSITION_BREAKING,21,ERA_2016_2018,DRIFT,RUSH,23,23,11,-0.0085443902655126,0.34782608695652173,0.0421444290652894,-0.0371398129401491
INDEPENDENT_CURRENT_CONSTITUENTS,TRANSITION_BREAKING,21,ERA_2016_2018,DRIFT,SCATTER,13,13,8,-0.0253913334750842,0.23076923076923078,0.0301063613810592,-0.0591695042278261
INDEPENDENT_CURRENT_CONSTITUENTS,TRANSITION_BREAKING,21,ERA_2016_2018,SCATTER,CALM,78,74,14,0.0107687086738228,0.5641025641025641,0.05575650557272925,-0.04483744924479565
INDEPENDENT_CURRENT_CONSTITUENTS,TRANSITION_BREAKING,21,ERA_2016_2018,SCATTER,DRIFT,6,6,2,0.1021132802025759,1.0,0.149978116689365,-0.021059111458090002
INDEPENDENT_CURRENT_CONSTITUENTS,TRANSITION_BREAKING,21,ERA_2016_2018,SCATTER,FLEE,14,14,7,0.0222574213899191,0.5714285714285714,0.049850687602478544,-0.08472462428662056
INDEPENDENT_CURRENT_CONSTITUENTS,TRANSITION_BREAKING,21,ERA_2016_2018,SCATTER,SCATTER,152,132,18,0.0112207199321563,0.5723684210526315,0.0564051674994351,-0.0668282094857032
INDEPENDENT_CURRENT_CONSTITUENTS,TRANSITION_BREAKING,21,ERA_2019_2021,CALM,CALM,285,218,60,0.0228803558894958,0.6350877192982456,0.0675027895821476,-0.0398630027953285
INDEPENDENT_CURRENT_CONSTITUENTS,TRANSITION_BREAKING,21,ERA_2019_2021,CALM,DRIFT,163,141,40,0.0173779616452525,0.6319018404907976,0.0608863907322092,-0.0339339252332722
INDEPENDENT_CURRENT_CONSTITUENTS,TRANSITION_BREAKING,21,ERA_2019_2021,CALM,RUSH,5,5,4,-0.0088671558454237,0.2,0.054856524167536,-0.0288833523645374
INDEPENDENT_CURRENT_CONSTITUENTS,TRANSITION_BREAKING,21,ERA_2019_2021,CALM,SCATTER,102,88,20,0.03700987273106075,0.7549019607843137,0.06406912125661675,-0.0284603828112748
INDEPENDENT_CURRENT_CONSTITUENTS,TRANSITION_BREAKING,21,ERA_2019_2021,DRIFT,CALM,76,69,21,0.015028676472072101,0.631578947368421,0.0405756904106684,-0.046386455664399154
INDEPENDENT_CURRENT_CONSTITUENTS,TRANSITION_BREAKING,21,ERA_2019_2021,DRIFT,DRIFT,148,130,37,0.00337826060785815,0.5135135135135135,0.03953671441832065,-0.05374273482867565
INDEPENDENT_CURRENT_CONSTITUENTS,TRANSITION_BREAKING,21,ERA_2019_2021,DRIFT,RUSH,24,23,14,-0.00137437786719585,0.4583333333333333,0.0436735845717708,-0.04744602383651445
INDEPENDENT_CURRENT_CONSTITUENTS,TRANSITION_BREAKING,21,ERA_2019_2021,DRIFT,SCATTER,5,5,4,0.0388047969943268,0.8,0.0448037456765959,-0.0244374382358898
INDEPENDENT_CURRENT_CONSTITUENTS,TRANSITION_BREAKING,21,ERA_2019_2021,FLEE,FLEE,14,14,1,0.2587136600725194,1.0,0.35092351181932924,-0.08313814265390859
INDEPENDENT_CURRENT_CONSTITUENTS,TRANSITION_BREAKING,21,ERA_2019_2021,FLEE,SCATTER,16,16,1,0.20543799311051145,0.9375,0.31652408265382437,-0.0464254379118277
INDEPENDENT_CURRENT_CONSTITUENTS,TRANSITION_BREAKING,21,ERA_2019_2021,RUSH,CALM,1,1,1,0.0413796623042781,1.0,0.0580747899610316,-0.0357596377620532
INDEPENDENT_CURRENT_CONSTITUENTS,TRANSITION_BREAKING,21,ERA_2019_2021,SCATTER,CALM,30,29,6,0.07147654915255469,0.8333333333333334,0.08091790285303654,-0.01600633048189205
INDEPENDENT_CURRENT_CONSTITUENTS,TRANSITION_BREAKING,21,ERA_2019_2021,SCATTER,DRIFT,1,1,1,0.1394901662397223,1.0,0.1574137060170888,-0.0558766342003409
INDEPENDENT_CURRENT_CONSTITUENTS,TRANSITION_BREAKING,21,ERA_2019_2021,SCATTER,FLEE,16,16,4,0.0589803644821197,0.75,0.13949865429658875,-0.11563451579362799
INDEPENDENT_CURRENT_CONSTITUENTS,TRANSITION_BREAKING,21,ERA_2019_2021,SCATTER,SCATTER,97,95,7,-0.000324080531544,0.4948453608247423,0.0708123582027566,-0.2354690262207411
INDEPENDENT_CURRENT_CONSTITUENTS,TRANSITION_BREAKING,21,ERA_2022_2024,CALM,CALM,276,211,44,0.0115189233203717,0.5688405797101449,0.061062440134911494,-0.040687378294861354
INDEPENDENT_CURRENT_CONSTITUENTS,TRANSITION_BREAKING,21,ERA_2022_2024,CALM,DRIFT,70,64,18,0.0157258657239676,0.6,0.0540473690949652,-0.039683849506099156
INDEPENDENT_CURRENT_CONSTITUENTS,TRANSITION_BREAKING,21,ERA_2022_2024,CALM,RUSH,1,1,1,0.0435716516484079,1.0,0.0520482451069579,-0.0154493233373939
INDEPENDENT_CURRENT_CONSTITUENTS,TRANSITION_BREAKING,21,ERA_2022_2024,CALM,SCATTER,56,47,29,0.006280885192872451,0.5357142857142857,0.048787225871073356,-0.0400836496980159
INDEPENDENT_CURRENT_CONSTITUENTS,TRANSITION_BREAKING,21,ERA_2022_2024,DRIFT,CALM,45,42,20,-0.0174757362755274,0.4666666666666667,0.0443732849086313,-0.0606986625604463
INDEPENDENT_CURRENT_CONSTITUENTS,TRANSITION_BREAKING,21,ERA_2022_2024,DRIFT,DRIFT,94,92,26,-0.0183819448334516,0.35106382978723405,0.04264405629273625,-0.0431416009894586
INDEPENDENT_CURRENT_CONSTITUENTS,TRANSITION_BREAKING,21,ERA_2022_2024,DRIFT,RUSH,20,20,11,-0.03278310243596725,0.25,0.04442672615759355,-0.0525828984861548
INDEPENDENT_CURRENT_CONSTITUENTS,TRANSITION_BREAKING,21,ERA_2022_2024,DRIFT,SCATTER,6,6,3,-0.01911475954040425,0.16666666666666666,0.0328579692913283,-0.059755658172302745
INDEPENDENT_CURRENT_CONSTITUENTS,TRANSITION_BREAKING,21,ERA_2022_2024,SCATTER,CALM,96,89,25,0.0263715619411459,0.6145833333333334,0.06833498859825055,-0.0428067947993873
INDEPENDENT_CURRENT_CONSTITUENTS,TRANSITION_BREAKING,21,ERA_2022_2024,SCATTER,DRIFT,8,8,4,-0.08606375171399475,0.25,0.0252927454344863,-0.11271154151992496
INDEPENDENT_CURRENT_CONSTITUENTS,TRANSITION_BREAKING,21,ERA_2022_2024,SCATTER,FLEE,1,1,1,0.2305923700398944,1.0,0.2412024389650731,-0.1108753861567053
INDEPENDENT_CURRENT_CONSTITUENTS,TRANSITION_BREAKING,21,ERA_2022_2024,SCATTER,RUSH,4,4,2,0.12416174569631361,0.75,0.1508741509312333,-0.06811518599378225
INDEPENDENT_CURRENT_CONSTITUENTS,TRANSITION_BREAKING,21,ERA_2022_2024,SCATTER,SCATTER,163,127,37,0.0340594907998659,0.6625766871165644,0.081442793057967,-0.039526273677738
INDEPENDENT_CURRENT_CONSTITUENTS,TRANSITION_BREAKING,21,ERA_2025_2026,CALM,CALM,210,169,49,0.0123180026712973,0.5523809523809524,0.05941825540023935,-0.04847655570308315
INDEPENDENT_CURRENT_CONSTITUENTS,TRANSITION_BREAKING,21,ERA_2025_2026,CALM,DRIFT,73,67,32,0.0038644322051497,0.5342465753424658,0.0397590081476044,-0.0525193833491752
INDEPENDENT_CURRENT_CONSTITUENTS,TRANSITION_BREAKING,21,ERA_2025_2026,CALM,RUSH,4,4,3,-0.045200346349816706,0.25,0.0490723936031055,-0.060978374708690095
INDEPENDENT_CURRENT_CONSTITUENTS,TRANSITION_BREAKING,21,ERA_2025_2026,CALM,SCATTER,120,102,35,0.0085853855905011,0.55,0.0563788883186212,-0.04982421391815135
INDEPENDENT_CURRENT_CONSTITUENTS,TRANSITION_BREAKING,21,ERA_2025_2026,DRIFT,CALM,7,7,3,0.0294789546860023,0.5714285714285714,0.0625829860580182,-0.0572529406746552
INDEPENDENT_CURRENT_CONSTITUENTS,TRANSITION_BREAKING,21,ERA_2025_2026,DRIFT,DRIFT,10,10,3,-0.09054415862552465,0.1,0.0217898720938598,-0.11536844362792115
INDEPENDENT_CURRENT_CONSTITUENTS,TRANSITION_BREAKING,21,ERA_2025_2026,DRIFT,SCATTER,4,4,1,-0.063011347566307,0.0,0.05057096547209855,-0.1359891759862417
INDEPENDENT_CURRENT_CONSTITUENTS,TRANSITION_BREAKING,21,ERA_2025_2026,SCATTER,CALM,25,25,3,-0.0122510567957069,0.48,0.0486040552218161,-0.0585707911681927
INDEPENDENT_CURRENT_CONSTITUENTS,TRANSITION_BREAKING,21,ERA_2025_2026,SCATTER,FLEE,1,1,1,0.1173861974844869,1.0,0.1289066185531187,-0.0168935053822131
INDEPENDENT_CURRENT_CONSTITUENTS,TRANSITION_BREAKING,21,ERA_2025_2026,SCATTER,SCATTER,19,18,6,0.0776557004106364,0.7894736842105263,0.0963299642173454,-0.0413273154287597
INDEPENDENT_CURRENT_CONSTITUENTS,TRANSITION_BREAKING,40,ERA_2013_2015,CALM,CALM,126,105,34,0.02078539068311365,0.6507936507936508,0.04773054142818575,-0.0571882052883787
INDEPENDENT_CURRENT_CONSTITUENTS,TRANSITION_BREAKING,40,ERA_2013_2015,CALM,DRIFT,35,34,18,-0.0035928963928393,0.4857142857142857,0.0367358832065747,-0.0657275694394409
INDEPENDENT_CURRENT_CONSTITUENTS,TRANSITION_BREAKING,40,ERA_2013_2015,CALM,RUSH,2,2,1,-0.0336358750735674,0.5,0.039382329114735805,-0.08400596477164465
INDEPENDENT_CURRENT_CONSTITUENTS,TRANSITION_BREAKING,40,ERA_2013_2015,CALM,SCATTER,43,40,18,0.0176216446532468,0.6511627906976745,0.0520363542983546,-0.0462704443625682
INDEPENDENT_CURRENT_CONSTITUENTS,TRANSITION_BREAKING,40,ERA_2013_2015,SCATTER,CALM,118,105,31,0.03667450647255935,0.6779661016949152,0.0788727847133481,-0.04992073888758235
INDEPENDENT_CURRENT_CONSTITUENTS,TRANSITION_BREAKING,40,ERA_2013_2015,SCATTER,DRIFT,10,10,5,-0.00817233038615995,0.4,0.058406845475139954,-0.0399466741284824
INDEPENDENT_CURRENT_CONSTITUENTS,TRANSITION_BREAKING,40,ERA_2013_2015,SCATTER,FLEE,4,4,2,0.06294396080945171,0.75,0.1099304519133905,-0.085799196735206
INDEPENDENT_CURRENT_CONSTITUENTS,TRANSITION_BREAKING,40,ERA_2013_2015,SCATTER,SCATTER,178,152,30,0.06436591455520274,0.7696629213483146,0.10018623036712465,-0.04443494904364035
INDEPENDENT_CURRENT_CONSTITUENTS,TRANSITION_BREAKING,40,ERA_2016_2018,CALM,CALM,298,220,42,0.049346262243627995,0.7348993288590604,0.087855255851468,-0.0354414979760978
INDEPENDENT_CURRENT_CONSTITUENTS,TRANSITION_BREAKING,40,ERA_2016_2018,CALM,DRIFT,98,88,27,0.02436309424784295,0.6020408163265306,0.06295758774543936,-0.0539146948685468
INDEPENDENT_CURRENT_CONSTITUENTS,TRANSITION_BREAKING,40,ERA_2016_2018,CALM,FLEE,2,2,1,0.09217274444743989,1.0,0.1066367722088776,-0.011669384157910249
INDEPENDENT_CURRENT_CONSTITUENTS,TRANSITION_BREAKING,40,ERA_2016_2018,CALM,RUSH,7,7,5,0.0951999324822305,0.7142857142857143,0.0994584406961081,-0.0148227420250328
INDEPENDENT_CURRENT_CONSTITUENTS,TRANSITION_BREAKING,40,ERA_2016_2018,CALM,SCATTER,58,56,16,-0.00415760198513965,0.4827586206896552,0.0552051023413476,-0.05353172083112135
INDEPENDENT_CURRENT_CONSTITUENTS,TRANSITION_BREAKING,40,ERA_2016_2018,DRIFT,CALM,110,99,25,0.05237569208376775,0.7090909090909091,0.08919400759841915,-0.0339393050503875
INDEPENDENT_CURRENT_CONSTITUENTS,TRANSITION_BREAKING,40,ERA_2016_2018,DRIFT,DRIFT,194,156,42,0.02967734169250995,0.6185567010309279,0.07532242772019684,-0.0407288123709487
INDEPENDENT_CURRENT_CONSTITUENTS,TRANSITION_BREAKING,40,ERA_2016_2018,DRIFT,RUSH,23,23,11,0.0226398542208097,0.5652173913043478,0.0682995918837874,-0.0490346217149286
INDEPENDENT_CURRENT_CONSTITUENTS,TRANSITION_BREAKING,40,ERA_2016_2018,DRIFT,SCATTER,13,13,8,-0.0126424503873556,0.3076923076923077,0.0301063613810592,-0.0591695042278261
INDEPENDENT_CURRENT_CONSTITUENTS,TRANSITION_BREAKING,40,ERA_2016_2018,SCATTER,CALM,78,74,14,-0.01878567253375965,0.46153846153846156,0.08690505094918215,-0.0670127261047439
INDEPENDENT_CURRENT_CONSTITUENTS,TRANSITION_BREAKING,40,ERA_2016_2018,SCATTER,DRIFT,6,6,2,0.12874880076627254,0.8333333333333334,0.19035130964263308,-0.02289164088553575
INDEPENDENT_CURRENT_CONSTITUENTS,TRANSITION_BREAKING,40,ERA_2016_2018,SCATTER,FLEE,14,14,7,0.08868201435245754,0.7857142857142857,0.11706390090148795,-0.08472462428662056
INDEPENDENT_CURRENT_CONSTITUENTS,TRANSITION_BREAKING,40,ERA_2016_2018,SCATTER,SCATTER,152,132,18,0.01452700484284625,0.5789473684210527,0.0796961320925203,-0.08948765419639755
INDEPENDENT_CURRENT_CONSTITUENTS,TRANSITION_BREAKING,40,ERA_2019_2021,CALM,CALM,285,218,60,0.0352766242390065,0.6491228070175439,0.0967234999872204,-0.051469529089258
INDEPENDENT_CURRENT_CONSTITUENTS,TRANSITION_BREAKING,40,ERA_2019_2021,CALM,DRIFT,163,141,40,0.0321511225833186,0.656441717791411,0.0791021709614838,-0.0442188198900105
INDEPENDENT_CURRENT_CONSTITUENTS,TRANSITION_BREAKING,40,ERA_2019_2021,CALM,RUSH,5,5,4,-0.0145029040158702,0.4,0.063284219210173,-0.0543799855824025
INDEPENDENT_CURRENT_CONSTITUENTS,TRANSITION_BREAKING,40,ERA_2019_2021,CALM,SCATTER,102,88,20,0.05818570869209725,0.7647058823529411,0.09265352128608545,-0.03210325335772635
INDEPENDENT_CURRENT_CONSTITUENTS,TRANSITION_BREAKING,40,ERA_2019_2021,DRIFT,CALM,76,69,21,0.0263417488422682,0.631578947368421,0.0678692830009055,-0.052989504702238246
INDEPENDENT_CURRENT_CONSTITUENTS,TRANSITION_BREAKING,40,ERA_2019_2021,DRIFT,DRIFT,148,130,37,0.011398313643970849,0.5675675675675675,0.06585374551605135,-0.0616767586253161
INDEPENDENT_CURRENT_CONSTITUENTS,TRANSITION_BREAKING,40,ERA_2019_2021,DRIFT,RUSH,24,23,14,0.027995764780896798,0.5416666666666666,0.07916020398361684,-0.06726413041656655
INDEPENDENT_CURRENT_CONSTITUENTS,TRANSITION_BREAKING,40,ERA_2019_2021,DRIFT,SCATTER,5,5,4,0.0639748169687703,0.6,0.1082439693361994,-0.0244374382358898
INDEPENDENT_CURRENT_CONSTITUENTS,TRANSITION_BREAKING,40,ERA_2019_2021,FLEE,FLEE,14,14,1,0.338670403108179,1.0,0.3750867509491994,-0.08313814265390859
INDEPENDENT_CURRENT_CONSTITUENTS,TRANSITION_BREAKING,40,ERA_2019_2021,FLEE,SCATTER,16,16,1,0.2796045230831272,0.9375,0.33857485691908945,-0.0464254379118277
INDEPENDENT_CURRENT_CONSTITUENTS,TRANSITION_BREAKING,40,ERA_2019_2021,RUSH,CALM,1,1,1,0.0553196844618555,1.0,0.0600031709906647,-0.0357596377620532
INDEPENDENT_CURRENT_CONSTITUENTS,TRANSITION_BREAKING,40,ERA_2019_2021,SCATTER,CALM,30,29,6,0.09941883821862585,0.7666666666666667,0.12875899403881916,-0.0221933794736988
INDEPENDENT_CURRENT_CONSTITUENTS,TRANSITION_BREAKING,40,ERA_2019_2021,SCATTER,DRIFT,1,1,1,0.4056550675348243,1.0,0.4397097771194604,-0.0558766342003409
INDEPENDENT_CURRENT_CONSTITUENTS,TRANSITION_BREAKING,40,ERA_2019_2021,SCATTER,FLEE,16,16,4,0.1241573692408012,0.9375,0.1645142619356012,-0.1321831577730142
INDEPENDENT_CURRENT_CONSTITUENTS,TRANSITION_BREAKING,40,ERA_2019_2021,SCATTER,SCATTER,97,95,7,0.0102885085002151,0.5257731958762887,0.1016483185242844,-0.2354690262207411
INDEPENDENT_CURRENT_CONSTITUENTS,TRANSITION_BREAKING,40,ERA_2022_2024,CALM,CALM,276,211,44,0.023739000505769,0.5833333333333334,0.08631408917944855,-0.06344890518304225
INDEPENDENT_CURRENT_CONSTITUENTS,TRANSITION_BREAKING,40,ERA_2022_2024,CALM,DRIFT,70,64,18,-0.0013703650601171,0.4857142857142857,0.08010612636988546,-0.04887201746992495
INDEPENDENT_CURRENT_CONSTITUENTS,TRANSITION_BREAKING,40,ERA_2022_2024,CALM,RUSH,1,1,1,0.0671178839089965,1.0,0.0685306933692504,-0.0154493233373939
INDEPENDENT_CURRENT_CONSTITUENTS,TRANSITION_BREAKING,40,ERA_2022_2024,CALM,SCATTER,56,47,29,0.0332417959505557,0.6071428571428571,0.07741923062686965,-0.04607907128112395
INDEPENDENT_CURRENT_CONSTITUENTS,TRANSITION_BREAKING,40,ERA_2022_2024,DRIFT,CALM,45,42,20,-0.0018835406845454,0.4666666666666667,0.0538361132579578,-0.0799182730445765
INDEPENDENT_CURRENT_CONSTITUENTS,TRANSITION_BREAKING,40,ERA_2022_2024,DRIFT,DRIFT,94,92,26,-0.0198157310877766,0.3829787234042553,0.05399891820600995,-0.07084557900753605
INDEPENDENT_CURRENT_CONSTITUENTS,TRANSITION_BREAKING,40,ERA_2022_2024,DRIFT,RUSH,20,20,11,-0.0512353854339138,0.25,0.04686294405043839,-0.0806025040861414
INDEPENDENT_CURRENT_CONSTITUENTS,TRANSITION_BREAKING,40,ERA_2022_2024,DRIFT,SCATTER,6,6,3,-0.02237796863401515,0.16666666666666666,0.0412688724707858,-0.075122099112074
INDEPENDENT_CURRENT_CONSTITUENTS,TRANSITION_BREAKING,40,ERA_2022_2024,SCATTER,CALM,96,89,25,0.06861277190361245,0.7604166666666666,0.1029668276226393,-0.04723564674790485
INDEPENDENT_CURRENT_CONSTITUENTS,TRANSITION_BREAKING,40,ERA_2022_2024,SCATTER,DRIFT,8,8,4,-0.03402060248329135,0.125,0.02737655081982345,-0.11271154151992496
INDEPENDENT_CURRENT_CONSTITUENTS,TRANSITION_BREAKING,40,ERA_2022_2024,SCATTER,FLEE,1,1,1,0.6357205404949049,1.0,0.6838196214673526,-0.1108753861567053
INDEPENDENT_CURRENT_CONSTITUENTS,TRANSITION_BREAKING,40,ERA_2022_2024,SCATTER,RUSH,4,4,2,-0.16865836457520456,0.0,0.16896084740802325,-0.20587646438382015
INDEPENDENT_CURRENT_CONSTITUENTS,TRANSITION_BREAKING,40,ERA_2022_2024,SCATTER,SCATTER,163,127,37,0.0488599188369267,0.6748466257668712,0.1196956174568122,-0.0568325783993449
INDEPENDENT_CURRENT_CONSTITUENTS,TRANSITION_BREAKING,40,ERA_2025_2026,CALM,CALM,199,164,46,0.0195667346814598,0.5879396984924623,0.0908052881672822,-0.0694523086734436
INDEPENDENT_CURRENT_CONSTITUENTS,TRANSITION_BREAKING,40,ERA_2025_2026,CALM,DRIFT,68,62,31,0.0288364625267583,0.5882352941176471,0.0695840844199301,-0.06294888981388036
INDEPENDENT_CURRENT_CONSTITUENTS,TRANSITION_BREAKING,40,ERA_2025_2026,CALM,RUSH,4,4,3,-0.07162766437934184,0.25,0.052999333256392445,-0.09933380204988959
INDEPENDENT_CURRENT_CONSTITUENTS,TRANSITION_BREAKING,40,ERA_2025_2026,CALM,SCATTER,116,100,34,0.028361099527872302,0.603448275862069,0.09538336577966185,-0.06293820324689214
INDEPENDENT_CURRENT_CONSTITUENTS,TRANSITION_BREAKING,40,ERA_2025_2026,DRIFT,CALM,7,7,3,0.048709079377015,0.8571428571428571,0.1005618708757822,-0.0751293606269931
INDEPENDENT_CURRENT_CONSTITUENTS,TRANSITION_BREAKING,40,ERA_2025_2026,DRIFT,DRIFT,10,10,3,0.0234440805615242,0.6,0.0359491523029652,-0.12739074034313536
INDEPENDENT_CURRENT_CONSTITUENTS,TRANSITION_BREAKING,40,ERA_2025_2026,DRIFT,SCATTER,4,4,1,0.1204569750834242,0.75,0.126436646871609,-0.1379243102978024
INDEPENDENT_CURRENT_CONSTITUENTS,TRANSITION_BREAKING,40,ERA_2025_2026,SCATTER,CALM,25,25,3,-0.0663645231132137,0.44,0.0486040552218161,-0.0936304048542056
INDEPENDENT_CURRENT_CONSTITUENTS,TRANSITION_BREAKING,40,ERA_2025_2026,SCATTER,FLEE,1,1,1,0.1701783123505973,1.0,0.1744016529148282,-0.0168935053822131
INDEPENDENT_CURRENT_CONSTITUENTS,TRANSITION_BREAKING,40,ERA_2025_2026,SCATTER,SCATTER,19,18,6,0.0596496442774514,0.7894736842105263,0.1184663643150183,-0.052544546649492
INDEPENDENT_CURRENT_CONSTITUENTS,TRANSITION_BREAKING,60,ERA_2013_2015,CALM,CALM,126,105,34,0.028021820510490097,0.5714285714285714,0.0742130006233632,-0.06411028105572736
INDEPENDENT_CURRENT_CONSTITUENTS,TRANSITION_BREAKING,60,ERA_2013_2015,CALM,DRIFT,35,34,18,-0.0019157852006153,0.4857142857142857,0.0491804135313123,-0.0737761916666941
INDEPENDENT_CURRENT_CONSTITUENTS,TRANSITION_BREAKING,60,ERA_2013_2015,CALM,RUSH,2,2,1,-0.1419267683416104,0.0,0.039382329114735805,-0.22650918912645465
INDEPENDENT_CURRENT_CONSTITUENTS,TRANSITION_BREAKING,60,ERA_2013_2015,CALM,SCATTER,43,40,18,0.0191304582608695,0.627906976744186,0.0720877925230141,-0.0462704443625682
INDEPENDENT_CURRENT_CONSTITUENTS,TRANSITION_BREAKING,60,ERA_2013_2015,SCATTER,CALM,118,105,31,0.026139238537003548,0.6101694915254238,0.1002935867224561,-0.06539037770391255
INDEPENDENT_CURRENT_CONSTITUENTS,TRANSITION_BREAKING,60,ERA_2013_2015,SCATTER,DRIFT,10,10,5,-0.01516805630155625,0.4,0.058406845475139954,-0.10442028802168565
INDEPENDENT_CURRENT_CONSTITUENTS,TRANSITION_BREAKING,60,ERA_2013_2015,SCATTER,FLEE,4,4,2,0.09448164357747604,0.75,0.13604139685979566,-0.0902535213734817
INDEPENDENT_CURRENT_CONSTITUENTS,TRANSITION_BREAKING,60,ERA_2013_2015,SCATTER,SCATTER,178,152,30,0.06051751235669075,0.7696629213483146,0.1152393004632882,-0.0509777019794354
INDEPENDENT_CURRENT_CONSTITUENTS,TRANSITION_BREAKING,60,ERA_2016_2018,CALM,CALM,298,220,42,0.0553315398002035,0.7046979865771812,0.11115916288175395,-0.0388549443912945
INDEPENDENT_CURRENT_CONSTITUENTS,TRANSITION_BREAKING,60,ERA_2016_2018,CALM,DRIFT,98,88,27,0.0287754282824902,0.5612244897959183,0.0799418940547139,-0.05879683954388365
INDEPENDENT_CURRENT_CONSTITUENTS,TRANSITION_BREAKING,60,ERA_2016_2018,CALM,FLEE,2,2,1,0.0901111699293769,1.0,0.1281490144010635,-0.011669384157910249
INDEPENDENT_CURRENT_CONSTITUENTS,TRANSITION_BREAKING,60,ERA_2016_2018,CALM,RUSH,7,7,5,0.1132580859232577,0.8571428571428571,0.1377851276881758,-0.0148227420250328
INDEPENDENT_CURRENT_CONSTITUENTS,TRANSITION_BREAKING,60,ERA_2016_2018,CALM,SCATTER,58,56,16,0.02778212231461495,0.7068965517241379,0.07365335258318009,-0.0557018171555405
INDEPENDENT_CURRENT_CONSTITUENTS,TRANSITION_BREAKING,60,ERA_2016_2018,DRIFT,CALM,110,99,25,0.032322868846034594,0.6818181818181818,0.0999553101990209,-0.03655364287839205
INDEPENDENT_CURRENT_CONSTITUENTS,TRANSITION_BREAKING,60,ERA_2016_2018,DRIFT,DRIFT,194,156,42,0.0515616800786763,0.6443298969072165,0.0990843291599188,-0.0487653473704939
INDEPENDENT_CURRENT_CONSTITUENTS,TRANSITION_BREAKING,60,ERA_2016_2018,DRIFT,RUSH,23,23,11,-0.0155752691749656,0.34782608695652173,0.0953613239633983,-0.0544305045049976
INDEPENDENT_CURRENT_CONSTITUENTS,TRANSITION_BREAKING,60,ERA_2016_2018,DRIFT,SCATTER,13,13,8,0.004626972504002,0.6153846153846154,0.0346547401099972,-0.0798644051711902
INDEPENDENT_CURRENT_CONSTITUENTS,TRANSITION_BREAKING,60,ERA_2016_2018,SCATTER,CALM,78,74,14,0.0212918509023648,0.5769230769230769,0.09254551951936524,-0.08257316728082889
INDEPENDENT_CURRENT_CONSTITUENTS,TRANSITION_BREAKING,60,ERA_2016_2018,SCATTER,DRIFT,6,6,2,0.12443920310639409,1.0,0.216677152651205,-0.02289164088553575
INDEPENDENT_CURRENT_CONSTITUENTS,TRANSITION_BREAKING,60,ERA_2016_2018,SCATTER,FLEE,14,14,7,0.12154891356686565,0.8571428571428571,0.14710286647731696,-0.08472462428662056
INDEPENDENT_CURRENT_CONSTITUENTS,TRANSITION_BREAKING,60,ERA_2016_2018,SCATTER,SCATTER,152,132,18,0.0159676380554336,0.5789473684210527,0.0947058553842092,-0.09381685299910505
INDEPENDENT_CURRENT_CONSTITUENTS,TRANSITION_BREAKING,60,ERA_2019_2021,CALM,CALM,285,218,60,0.0377454603509319,0.6491228070175439,0.1165659993735439,-0.060072201579726
INDEPENDENT_CURRENT_CONSTITUENTS,TRANSITION_BREAKING,60,ERA_2019_2021,CALM,DRIFT,163,141,40,0.0380689836867038,0.6625766871165644,0.1064329443273839,-0.0583079237906154
INDEPENDENT_CURRENT_CONSTITUENTS,TRANSITION_BREAKING,60,ERA_2019_2021,CALM,RUSH,5,5,4,0.0230676458913055,0.8,0.063284219210173,-0.0552201125660642
INDEPENDENT_CURRENT_CONSTITUENTS,TRANSITION_BREAKING,60,ERA_2019_2021,CALM,SCATTER,102,88,20,0.0818498198413971,0.7352941176470589,0.12426149556495375,-0.03281246176150095
INDEPENDENT_CURRENT_CONSTITUENTS,TRANSITION_BREAKING,60,ERA_2019_2021,DRIFT,CALM,76,69,21,0.0683639601887681,0.6710526315789473,0.1352057703071886,-0.0596493630262933
INDEPENDENT_CURRENT_CONSTITUENTS,TRANSITION_BREAKING,60,ERA_2019_2021,DRIFT,DRIFT,148,130,37,0.035363176146279304,0.5945945945945946,0.09464615098763005,-0.07132991667993825
INDEPENDENT_CURRENT_CONSTITUENTS,TRANSITION_BREAKING,60,ERA_2019_2021,DRIFT,RUSH,24,23,14,0.0512570991898283,0.6666666666666666,0.0906567636631319,-0.0710095573818003
INDEPENDENT_CURRENT_CONSTITUENTS,TRANSITION_BREAKING,60,ERA_2019_2021,DRIFT,SCATTER,5,5,4,0.041817310858282,0.6,0.1082439693361994,-0.0823809991872497
INDEPENDENT_CURRENT_CONSTITUENTS,TRANSITION_BREAKING,60,ERA_2019_2021,FLEE,FLEE,14,14,1,0.37225636789899064,1.0,0.4527254830128594,-0.08313814265390859
INDEPENDENT_CURRENT_CONSTITUENTS,TRANSITION_BREAKING,60,ERA_2019_2021,FLEE,SCATTER,16,16,1,0.32516359442437504,1.0,0.4059459858308848,-0.0464254379118277
INDEPENDENT_CURRENT_CONSTITUENTS,TRANSITION_BREAKING,60,ERA_2019_2021,RUSH,CALM,1,1,1,0.0257451214734041,1.0,0.0703067745491843,-0.0357596377620532
INDEPENDENT_CURRENT_CONSTITUENTS,TRANSITION_BREAKING,60,ERA_2019_2021,SCATTER,CALM,30,29,6,0.103971307782082,0.7,0.1514923274134263,-0.0347559025122516
INDEPENDENT_CURRENT_CONSTITUENTS,TRANSITION_BREAKING,60,ERA_2019_2021,SCATTER,DRIFT,1,1,1,0.4808567994992272,1.0,0.537841365184615,-0.0558766342003409
INDEPENDENT_CURRENT_CONSTITUENTS,TRANSITION_BREAKING,60,ERA_2019_2021,SCATTER,FLEE,16,16,4,0.15212382344447234,0.875,0.2617800371199688,-0.1321831577730142
INDEPENDENT_CURRENT_CONSTITUENTS,TRANSITION_BREAKING,60,ERA_2019_2021,SCATTER,SCATTER,97,95,7,0.1032240195833236,0.7525773195876289,0.1643921119738003,-0.2354690262207411
INDEPENDENT_CURRENT_CONSTITUENTS,TRANSITION_BREAKING,60,ERA_2022_2024,CALM,CALM,276,211,44,0.0456448668146702,0.6413043478260869,0.1090909022234463,-0.06922618688574281
INDEPENDENT_CURRENT_CONSTITUENTS,TRANSITION_BREAKING,60,ERA_2022_2024,CALM,DRIFT,70,64,18,-0.0066847481720458,0.4714285714285714,0.09562749085138314,-0.0809851010483374
INDEPENDENT_CURRENT_CONSTITUENTS,TRANSITION_BREAKING,60,ERA_2022_2024,CALM,RUSH,1,1,1,-0.060032238179301,0.0,0.0685306933692504,-0.0779271802375506
INDEPENDENT_CURRENT_CONSTITUENTS,TRANSITION_BREAKING,60,ERA_2022_2024,CALM,SCATTER,56,47,29,0.0224106692121084,0.5535714285714286,0.10266022139975234,-0.058923136125218045
INDEPENDENT_CURRENT_CONSTITUENTS,TRANSITION_BREAKING,60,ERA_2022_2024,DRIFT,CALM,45,42,20,-0.0117163087643364,0.4222222222222222,0.0692993308185401,-0.1107624720469092
INDEPENDENT_CURRENT_CONSTITUENTS,TRANSITION_BREAKING,60,ERA_2022_2024,DRIFT,DRIFT,94,92,26,0.0054374978284056005,0.5212765957446809,0.0724537434343155,-0.08969026490862185
INDEPENDENT_CURRENT_CONSTITUENTS,TRANSITION_BREAKING,60,ERA_2022_2024,DRIFT,RUSH,20,20,11,-0.04245846260244565,0.25,0.053104092852391094,-0.10290564159650956
INDEPENDENT_CURRENT_CONSTITUENTS,TRANSITION_BREAKING,60,ERA_2022_2024,DRIFT,SCATTER,6,6,3,-0.0141768048080231,0.3333333333333333,0.05965487851692285,-0.0845101300790197
INDEPENDENT_CURRENT_CONSTITUENTS,TRANSITION_BREAKING,60,ERA_2022_2024,SCATTER,CALM,96,89,25,0.0344818465369688,0.625,0.11801611258260655,-0.060397862791684145
INDEPENDENT_CURRENT_CONSTITUENTS,TRANSITION_BREAKING,60,ERA_2022_2024,SCATTER,DRIFT,8,8,4,0.04100380359852315,0.875,0.08318127669379069,-0.11271154151992496
INDEPENDENT_CURRENT_CONSTITUENTS,TRANSITION_BREAKING,60,ERA_2022_2024,SCATTER,FLEE,1,1,1,0.4657823605987099,1.0,0.6838196214673526,-0.1108753861567053
INDEPENDENT_CURRENT_CONSTITUENTS,TRANSITION_BREAKING,60,ERA_2022_2024,SCATTER,RUSH,4,4,2,-0.1342110315046588,0.0,0.16896084740802325,-0.23249472858666906
INDEPENDENT_CURRENT_CONSTITUENTS,TRANSITION_BREAKING,60,ERA_2022_2024,SCATTER,SCATTER,163,127,37,0.0462995605716822,0.6073619631901841,0.1319007516744614,-0.0679808398325819
INDEPENDENT_CURRENT_CONSTITUENTS,TRANSITION_BREAKING,60,ERA_2025_2026,CALM,CALM,194,160,43,0.040627393304137754,0.6237113402061856,0.11673803398410065,-0.0971428241823383
INDEPENDENT_CURRENT_CONSTITUENTS,TRANSITION_BREAKING,60,ERA_2025_2026,CALM,DRIFT,57,56,29,0.0422418117624927,0.5614035087719298,0.1075644440073042,-0.0721694026449655
INDEPENDENT_CURRENT_CONSTITUENTS,TRANSITION_BREAKING,60,ERA_2025_2026,CALM,RUSH,2,2,2,0.0219959469745256,0.5,0.08322064289103945,-0.11434497957911385
INDEPENDENT_CURRENT_CONSTITUENTS,TRANSITION_BREAKING,60,ERA_2025_2026,CALM,SCATTER,101,88,31,0.0651941491143528,0.6831683168316832,0.126603300313814,-0.1096027947736935
INDEPENDENT_CURRENT_CONSTITUENTS,TRANSITION_BREAKING,60,ERA_2025_2026,DRIFT,CALM,7,7,3,0.0469341400596823,0.7142857142857143,0.2064348133749298,-0.0961739112091123
INDEPENDENT_CURRENT_CONSTITUENTS,TRANSITION_BREAKING,60,ERA_2025_2026,DRIFT,DRIFT,10,10,3,-0.08074872670650116,0.4,0.07368155966472831,-0.1414279818006563
INDEPENDENT_CURRENT_CONSTITUENTS,TRANSITION_BREAKING,60,ERA_2025_2026,DRIFT,SCATTER,4,4,1,0.1845927788837348,1.0,0.2164595936385204,-0.1379243102978024
INDEPENDENT_CURRENT_CONSTITUENTS,TRANSITION_BREAKING,60,ERA_2025_2026,SCATTER,CALM,25,25,3,-0.0136317770662596,0.48,0.0668606365227202,-0.1127850756905241
INDEPENDENT_CURRENT_CONSTITUENTS,TRANSITION_BREAKING,60,ERA_2025_2026,SCATTER,FLEE,1,1,1,0.1954715983464252,1.0,0.2056311876848886,-0.0168935053822131
INDEPENDENT_CURRENT_CONSTITUENTS,TRANSITION_BREAKING,60,ERA_2025_2026,SCATTER,SCATTER,19,18,6,0.1446709993206951,0.8947368421052632,0.1603145001587886,-0.052544546649492
INDEPENDENT_CURRENT_CONSTITUENTS,TRANSITION_BREAKING,63,ERA_2013_2015,CALM,CALM,126,105,34,0.03431841360892325,0.5793650793650794,0.07947327438593385,-0.06411028105572736
INDEPENDENT_CURRENT_CONSTITUENTS,TRANSITION_BREAKING,63,ERA_2013_2015,CALM,DRIFT,35,34,18,-0.0057745958863659,0.4857142857142857,0.0506560825968325,-0.0737761916666941
INDEPENDENT_CURRENT_CONSTITUENTS,TRANSITION_BREAKING,63,ERA_2013_2015,CALM,RUSH,2,2,1,-0.1059234923187736,0.0,0.039382329114735805,-0.22650918912645465
INDEPENDENT_CURRENT_CONSTITUENTS,TRANSITION_BREAKING,63,ERA_2013_2015,CALM,SCATTER,43,40,18,0.0192795268300844,0.5581395348837209,0.0740368456193532,-0.0485571095070854
INDEPENDENT_CURRENT_CONSTITUENTS,TRANSITION_BREAKING,63,ERA_2013_2015,SCATTER,CALM,118,105,31,0.02940734313413105,0.635593220338983,0.10083865793391586,-0.06583483682328331
INDEPENDENT_CURRENT_CONSTITUENTS,TRANSITION_BREAKING,63,ERA_2013_2015,SCATTER,DRIFT,10,10,5,-0.01673182138684435,0.4,0.058406845475139954,-0.10442028802168565
INDEPENDENT_CURRENT_CONSTITUENTS,TRANSITION_BREAKING,63,ERA_2013_2015,SCATTER,FLEE,4,4,2,0.10481256735238405,0.75,0.13604139685979566,-0.0902535213734817
INDEPENDENT_CURRENT_CONSTITUENTS,TRANSITION_BREAKING,63,ERA_2013_2015,SCATTER,SCATTER,178,152,30,0.05993165334638155,0.7696629213483146,0.11831871938914235,-0.0509777019794354
INDEPENDENT_CURRENT_CONSTITUENTS,TRANSITION_BREAKING,63,ERA_2016_2018,CALM,CALM,298,220,42,0.056276852598711805,0.7181208053691275,0.11566106671426685,-0.04073184924882495
INDEPENDENT_CURRENT_CONSTITUENTS,TRANSITION_BREAKING,63,ERA_2016_2018,CALM,DRIFT,98,88,27,0.027434172204134098,0.5918367346938775,0.09414672919098685,-0.0622495878396008
INDEPENDENT_CURRENT_CONSTITUENTS,TRANSITION_BREAKING,63,ERA_2016_2018,CALM,FLEE,2,2,1,0.1001523977025982,1.0,0.1281490144010635,-0.011669384157910249
INDEPENDENT_CURRENT_CONSTITUENTS,TRANSITION_BREAKING,63,ERA_2016_2018,CALM,RUSH,7,7,5,0.1177109386159958,0.7142857142857143,0.138404707580251,-0.0148227420250328
INDEPENDENT_CURRENT_CONSTITUENTS,TRANSITION_BREAKING,63,ERA_2016_2018,CALM,SCATTER,58,56,16,0.022147807111812252,0.6896551724137931,0.0777511827915736,-0.0557018171555405
INDEPENDENT_CURRENT_CONSTITUENTS,TRANSITION_BREAKING,63,ERA_2016_2018,DRIFT,CALM,110,99,25,0.0317005075583142,0.6909090909090909,0.0999553101990209,-0.0374934142146628
INDEPENDENT_CURRENT_CONSTITUENTS,TRANSITION_BREAKING,63,ERA_2016_2018,DRIFT,DRIFT,194,156,42,0.04730892697664785,0.634020618556701,0.1028839073062921,-0.050155012222822495
INDEPENDENT_CURRENT_CONSTITUENTS,TRANSITION_BREAKING,63,ERA_2016_2018,DRIFT,RUSH,23,23,11,-0.002713651861454,0.43478260869565216,0.0953613239633983,-0.071449897455
INDEPENDENT_CURRENT_CONSTITUENTS,TRANSITION_BREAKING,63,ERA_2016_2018,DRIFT,SCATTER,13,13,8,0.0222439537225107,0.6923076923076923,0.03949701391131,-0.0798644051711902
INDEPENDENT_CURRENT_CONSTITUENTS,TRANSITION_BREAKING,63,ERA_2016_2018,SCATTER,CALM,78,74,14,0.02248628801322335,0.5769230769230769,0.09254551951936524,-0.08257316728082889
INDEPENDENT_CURRENT_CONSTITUENTS,TRANSITION_BREAKING,63,ERA_2016_2018,SCATTER,DRIFT,6,6,2,0.09273723736759135,0.8333333333333334,0.216677152651205,-0.02478613736994885
INDEPENDENT_CURRENT_CONSTITUENTS,TRANSITION_BREAKING,63,ERA_2016_2018,SCATTER,FLEE,14,14,7,0.13023286808083712,0.7857142857142857,0.1567298864832951,-0.08763598301935335
INDEPENDENT_CURRENT_CONSTITUENTS,TRANSITION_BREAKING,63,ERA_2016_2018,SCATTER,SCATTER,152,132,18,0.0174063037694155,0.5855263157894737,0.099414716132141,-0.09397198942627441
INDEPENDENT_CURRENT_CONSTITUENTS,TRANSITION_BREAKING,63,ERA_2019_2021,CALM,CALM,285,218,60,0.0356205916044112,0.6280701754385964,0.1182878517971801,-0.0620206577097011
INDEPENDENT_CURRENT_CONSTITUENTS,TRANSITION_BREAKING,63,ERA_2019_2021,CALM,DRIFT,163,141,40,0.0412388292931982,0.6380368098159509,0.1081113830322966,-0.0592205047858309
INDEPENDENT_CURRENT_CONSTITUENTS,TRANSITION_BREAKING,63,ERA_2019_2021,CALM,RUSH,5,5,4,0.0369631606602147,0.8,0.063284219210173,-0.0552201125660642
INDEPENDENT_CURRENT_CONSTITUENTS,TRANSITION_BREAKING,63,ERA_2019_2021,CALM,SCATTER,102,88,20,0.077710525709437,0.7647058823529411,0.12605308985680225,-0.03281246176150095
INDEPENDENT_CURRENT_CONSTITUENTS,TRANSITION_BREAKING,63,ERA_2019_2021,DRIFT,CALM,76,69,21,0.0627131123897665,0.6447368421052632,0.1363486662995872,-0.060770527359356605
INDEPENDENT_CURRENT_CONSTITUENTS,TRANSITION_BREAKING,63,ERA_2019_2021,DRIFT,DRIFT,148,130,37,0.03388040571232995,0.6216216216216216,0.09814162851042704,-0.07356360309914906
INDEPENDENT_CURRENT_CONSTITUENTS,TRANSITION_BREAKING,63,ERA_2019_2021,DRIFT,RUSH,24,23,14,0.0574233858781021,0.6666666666666666,0.0922027172109577,-0.0710095573818003
INDEPENDENT_CURRENT_CONSTITUENTS,TRANSITION_BREAKING,63,ERA_2019_2021,DRIFT,SCATTER,5,5,4,0.0889670351791462,0.6,0.2074094667498203,-0.0823809991872497
INDEPENDENT_CURRENT_CONSTITUENTS,TRANSITION_BREAKING,63,ERA_2019_2021,FLEE,FLEE,14,14,1,0.3633505892882084,1.0,0.4527254830128594,-0.08313814265390859
INDEPENDENT_CURRENT_CONSTITUENTS,TRANSITION_BREAKING,63,ERA_2019_2021,FLEE,SCATTER,16,16,1,0.32365043786999015,0.9375,0.4059459858308848,-0.0464254379118277
INDEPENDENT_CURRENT_CONSTITUENTS,TRANSITION_BREAKING,63,ERA_2019_2021,RUSH,CALM,1,1,1,0.0561633099183602,1.0,0.0703067745491843,-0.0357596377620532
INDEPENDENT_CURRENT_CONSTITUENTS,TRANSITION_BREAKING,63,ERA_2019_2021,SCATTER,CALM,30,29,6,0.05374613686080525,0.6333333333333333,0.1546824990143561,-0.0347559025122516
INDEPENDENT_CURRENT_CONSTITUENTS,TRANSITION_BREAKING,63,ERA_2019_2021,SCATTER,DRIFT,1,1,1,0.6297071486030286,1.0,0.6850200335420682,-0.0558766342003409
INDEPENDENT_CURRENT_CONSTITUENTS,TRANSITION_BREAKING,63,ERA_2019_2021,SCATTER,FLEE,16,16,4,0.13052153590217386,0.875,0.2617800371199688,-0.1321831577730142
INDEPENDENT_CURRENT_CONSTITUENTS,TRANSITION_BREAKING,63,ERA_2019_2021,SCATTER,SCATTER,97,95,7,0.132374394153657,0.8350515463917526,0.2004623424047178,-0.2354690262207411
INDEPENDENT_CURRENT_CONSTITUENTS,TRANSITION_BREAKING,63,ERA_2022_2024,CALM,CALM,276,211,44,0.05967640837532745,0.6557971014492754,0.11318631471365775,-0.07022988347594936
INDEPENDENT_CURRENT_CONSTITUENTS,TRANSITION_BREAKING,63,ERA_2022_2024,CALM,DRIFT,70,64,18,0.0039284371415078,0.5142857142857142,0.09562749085138314,-0.0809851010483374
INDEPENDENT_CURRENT_CONSTITUENTS,TRANSITION_BREAKING,63,ERA_2022_2024,CALM,RUSH,1,1,1,0.1047919491611137,1.0,0.1137395653230946,-0.0779271802375506
INDEPENDENT_CURRENT_CONSTITUENTS,TRANSITION_BREAKING,63,ERA_2022_2024,CALM,SCATTER,56,47,29,0.043730087721810154,0.6071428571428571,0.10378353174027885,-0.058923136125218045
INDEPENDENT_CURRENT_CONSTITUENTS,TRANSITION_BREAKING,63,ERA_2022_2024,DRIFT,CALM,45,42,20,-0.0178727845396134,0.4222222222222222,0.0761494414097896,-0.1107624720469092
INDEPENDENT_CURRENT_CONSTITUENTS,TRANSITION_BREAKING,63,ERA_2022_2024,DRIFT,DRIFT,94,92,26,0.00881419943136225,0.574468085106383,0.07562743257598985,-0.08989378599872065
INDEPENDENT_CURRENT_CONSTITUENTS,TRANSITION_BREAKING,63,ERA_2022_2024,DRIFT,RUSH,20,20,11,-0.05446312787497275,0.2,0.0551488457719584,-0.10290564159650956
INDEPENDENT_CURRENT_CONSTITUENTS,TRANSITION_BREAKING,63,ERA_2022_2024,DRIFT,SCATTER,6,6,3,-0.02554011489719125,0.3333333333333333,0.05965487851692285,-0.0845101300790197
INDEPENDENT_CURRENT_CONSTITUENTS,TRANSITION_BREAKING,63,ERA_2022_2024,SCATTER,CALM,96,89,25,0.02106130033537915,0.5729166666666666,0.11801611258260655,-0.060397862791684145
INDEPENDENT_CURRENT_CONSTITUENTS,TRANSITION_BREAKING,63,ERA_2022_2024,SCATTER,DRIFT,8,8,4,0.0393502925586839,0.875,0.08318127669379069,-0.11271154151992496
INDEPENDENT_CURRENT_CONSTITUENTS,TRANSITION_BREAKING,63,ERA_2022_2024,SCATTER,FLEE,1,1,1,0.4518125080670865,1.0,0.6838196214673526,-0.1108753861567053
INDEPENDENT_CURRENT_CONSTITUENTS,TRANSITION_BREAKING,63,ERA_2022_2024,SCATTER,RUSH,4,4,2,-0.1447324157476328,0.0,0.16896084740802325,-0.23932098545410407
INDEPENDENT_CURRENT_CONSTITUENTS,TRANSITION_BREAKING,63,ERA_2022_2024,SCATTER,SCATTER,163,127,37,0.0389381091364873,0.6134969325153374,0.1326810667177025,-0.068745654675248
INDEPENDENT_CURRENT_CONSTITUENTS,TRANSITION_BREAKING,63,ERA_2025_2026,CALM,CALM,194,160,43,0.03268033295108435,0.6082474226804123,0.1194885692067815,-0.10198379892639885
INDEPENDENT_CURRENT_CONSTITUENTS,TRANSITION_BREAKING,63,ERA_2025_2026,CALM,DRIFT,57,56,29,0.0003889451009724,0.5087719298245614,0.1075644440073042,-0.0791148565390275
INDEPENDENT_CURRENT_CONSTITUENTS,TRANSITION_BREAKING,63,ERA_2025_2026,CALM,RUSH,1,1,1,0.0850687052865875,1.0,0.1043466020531835,-0.0498495031515088
INDEPENDENT_CURRENT_CONSTITUENTS,TRANSITION_BREAKING,63,ERA_2025_2026,CALM,SCATTER,101,88,31,0.0641845204880029,0.6633663366336634,0.126603300313814,-0.1132066146753631
INDEPENDENT_CURRENT_CONSTITUENTS,TRANSITION_BREAKING,63,ERA_2025_2026,DRIFT,CALM,7,7,3,0.029207944060936,0.5714285714285714,0.2064348133749298,-0.0961739112091123
INDEPENDENT_CURRENT_CONSTITUENTS,TRANSITION_BREAKING,63,ERA_2025_2026,DRIFT,DRIFT,10,10,3,-0.08603975992868504,0.3,0.07368155966472831,-0.1414279818006563
INDEPENDENT_CURRENT_CONSTITUENTS,TRANSITION_BREAKING,63,ERA_2025_2026,DRIFT,SCATTER,4,4,1,0.17665196206196077,1.0,0.2285638523150418,-0.1379243102978024
INDEPENDENT_CURRENT_CONSTITUENTS,TRANSITION_BREAKING,63,ERA_2025_2026,SCATTER,CALM,25,25,3,-0.0227527831868533,0.4,0.0668606365227202,-0.1127850756905241
INDEPENDENT_CURRENT_CONSTITUENTS,TRANSITION_BREAKING,63,ERA_2025_2026,SCATTER,FLEE,1,1,1,0.2084701385656131,1.0,0.2223369476477925,-0.0168935053822131
INDEPENDENT_CURRENT_CONSTITUENTS,TRANSITION_BREAKING,63,ERA_2025_2026,SCATTER,SCATTER,19,18,6,0.1393593343113517,0.8947368421052632,0.1639269688119942,-0.052544546649492
INDEPENDENT_CURRENT_CONSTITUENTS,TRANSITION_BREAKING,126,ERA_2013_2015,CALM,CALM,126,105,34,0.029547605214145102,0.5952380952380952,0.11933648540422845,-0.09945619757911645
INDEPENDENT_CURRENT_CONSTITUENTS,TRANSITION_BREAKING,126,ERA_2013_2015,CALM,DRIFT,35,34,18,0.0379782313690353,0.6285714285714286,0.12363167267131,-0.1039542500780381
INDEPENDENT_CURRENT_CONSTITUENTS,TRANSITION_BREAKING,126,ERA_2013_2015,CALM,RUSH,2,2,1,-0.2798048327707328,0.0,0.03999351586333375,-0.3423246481901764
INDEPENDENT_CURRENT_CONSTITUENTS,TRANSITION_BREAKING,126,ERA_2013_2015,CALM,SCATTER,43,40,18,0.0117684025025561,0.5813953488372093,0.1017999665333007,-0.0751096019954632
INDEPENDENT_CURRENT_CONSTITUENTS,TRANSITION_BREAKING,126,ERA_2013_2015,SCATTER,CALM,118,105,31,0.0357304847016685,0.652542372881356,0.13795003829135585,-0.08413964153716974
INDEPENDENT_CURRENT_CONSTITUENTS,TRANSITION_BREAKING,126,ERA_2013_2015,SCATTER,DRIFT,10,10,5,0.02634246997694005,0.6,0.08737290383255995,-0.10442028802168565
INDEPENDENT_CURRENT_CONSTITUENTS,TRANSITION_BREAKING,126,ERA_2013_2015,SCATTER,FLEE,4,4,2,0.06636914137580635,1.0,0.15716614615765365,-0.11846589131150011
INDEPENDENT_CURRENT_CONSTITUENTS,TRANSITION_BREAKING,126,ERA_2013_2015,SCATTER,SCATTER,178,152,30,0.07242716801988895,0.7247191011235955,0.16177493752636035,-0.060333789917594305
INDEPENDENT_CURRENT_CONSTITUENTS,TRANSITION_BREAKING,126,ERA_2016_2018,CALM,CALM,298,220,42,0.11961560746479791,0.7785234899328859,0.1881375406098479,-0.04681925930938485
INDEPENDENT_CURRENT_CONSTITUENTS,TRANSITION_BREAKING,126,ERA_2016_2018,CALM,DRIFT,98,88,27,0.0956610088174527,0.7346938775510204,0.14230418212964008,-0.07627607638891415
INDEPENDENT_CURRENT_CONSTITUENTS,TRANSITION_BREAKING,126,ERA_2016_2018,CALM,FLEE,2,2,1,0.06568034953537799,1.0,0.17133476544020115,-0.011669384157910249
INDEPENDENT_CURRENT_CONSTITUENTS,TRANSITION_BREAKING,126,ERA_2016_2018,CALM,RUSH,7,7,5,0.0303007124718348,0.8571428571428571,0.1441822320701353,-0.0148227420250328
INDEPENDENT_CURRENT_CONSTITUENTS,TRANSITION_BREAKING,126,ERA_2016_2018,CALM,SCATTER,58,56,16,0.1048174772155953,0.7068965517241379,0.14784875235099026,-0.0630648028542356
INDEPENDENT_CURRENT_CONSTITUENTS,TRANSITION_BREAKING,126,ERA_2016_2018,DRIFT,CALM,110,99,25,0.05867791775205905,0.6727272727272727,0.14074448078289264,-0.05000123825246175
INDEPENDENT_CURRENT_CONSTITUENTS,TRANSITION_BREAKING,126,ERA_2016_2018,DRIFT,DRIFT,194,156,42,0.058158606970266494,0.7010309278350515,0.16057407610557456,-0.06642440460640814
INDEPENDENT_CURRENT_CONSTITUENTS,TRANSITION_BREAKING,126,ERA_2016_2018,DRIFT,RUSH,23,23,11,0.0092652838845799,0.5217391304347826,0.1069154646571679,-0.0844634797280875
INDEPENDENT_CURRENT_CONSTITUENTS,TRANSITION_BREAKING,126,ERA_2016_2018,DRIFT,SCATTER,13,13,8,0.0453651078439343,0.7692307692307693,0.0950758649881919,-0.0798644051711902
INDEPENDENT_CURRENT_CONSTITUENTS,TRANSITION_BREAKING,126,ERA_2016_2018,SCATTER,CALM,78,74,14,0.04199651790964415,0.5897435897435898,0.13304104267409428,-0.1197588814088167
INDEPENDENT_CURRENT_CONSTITUENTS,TRANSITION_BREAKING,126,ERA_2016_2018,SCATTER,DRIFT,6,6,2,0.054393783422774296,0.6666666666666666,0.216677152651205,-0.06235257580158475
INDEPENDENT_CURRENT_CONSTITUENTS,TRANSITION_BREAKING,126,ERA_2016_2018,SCATTER,FLEE,14,14,7,0.2715113038853032,0.8571428571428571,0.3047100920420184,-0.088502787560177
INDEPENDENT_CURRENT_CONSTITUENTS,TRANSITION_BREAKING,126,ERA_2016_2018,SCATTER,SCATTER,152,132,18,0.08603164076982689,0.6842105263157895,0.17079939124608876,-0.10668238031254675
INDEPENDENT_CURRENT_CONSTITUENTS,TRANSITION_BREAKING,126,ERA_2019_2021,CALM,CALM,285,218,60,0.0167408097258148,0.5333333333333333,0.1606171913579936,-0.1221480989314058
INDEPENDENT_CURRENT_CONSTITUENTS,TRANSITION_BREAKING,126,ERA_2019_2021,CALM,DRIFT,163,141,40,0.0927377561009974,0.7116564417177914,0.1775460582566841,-0.0845285138167939
INDEPENDENT_CURRENT_CONSTITUENTS,TRANSITION_BREAKING,126,ERA_2019_2021,CALM,RUSH,5,5,4,0.1005302429724339,0.8,0.2279165548449286,-0.1274497772276844
INDEPENDENT_CURRENT_CONSTITUENTS,TRANSITION_BREAKING,126,ERA_2019_2021,CALM,SCATTER,102,88,20,0.045302962036786146,0.5588235294117647,0.18985599337107778,-0.108781347410105
INDEPENDENT_CURRENT_CONSTITUENTS,TRANSITION_BREAKING,126,ERA_2019_2021,DRIFT,CALM,76,69,21,0.10945863282353324,0.7763157894736842,0.20663429412130105,-0.09132437056226525
INDEPENDENT_CURRENT_CONSTITUENTS,TRANSITION_BREAKING,126,ERA_2019_2021,DRIFT,DRIFT,148,130,37,0.08789022948259514,0.7162162162162162,0.16798362120031085,-0.08830342839363205
INDEPENDENT_CURRENT_CONSTITUENTS,TRANSITION_BREAKING,126,ERA_2019_2021,DRIFT,RUSH,24,23,14,0.12420024765464835,0.7083333333333334,0.18535407913111654,-0.0944588361950965
INDEPENDENT_CURRENT_CONSTITUENTS,TRANSITION_BREAKING,126,ERA_2019_2021,DRIFT,SCATTER,5,5,4,0.0629030946374771,0.8,0.2074094667498203,-0.0823809991872497
INDEPENDENT_CURRENT_CONSTITUENTS,TRANSITION_BREAKING,126,ERA_2019_2021,FLEE,FLEE,14,14,1,0.5005484845785294,1.0,0.6603529415938227,-0.08313814265390859
INDEPENDENT_CURRENT_CONSTITUENTS,TRANSITION_BREAKING,126,ERA_2019_2021,FLEE,SCATTER,16,16,1,0.3530514700382483,0.9375,0.5212255392851332,-0.0464254379118277
INDEPENDENT_CURRENT_CONSTITUENTS,TRANSITION_BREAKING,126,ERA_2019_2021,RUSH,CALM,1,1,1,0.040926498428311,1.0,0.1206568599508022,-0.0357596377620532
INDEPENDENT_CURRENT_CONSTITUENTS,TRANSITION_BREAKING,126,ERA_2019_2021,SCATTER,CALM,30,29,6,0.08992427605137784,0.6333333333333333,0.18564277520126654,-0.0347559025122516
INDEPENDENT_CURRENT_CONSTITUENTS,TRANSITION_BREAKING,126,ERA_2019_2021,SCATTER,DRIFT,1,1,1,0.8635605851409962,1.0,0.91571480266336,-0.0558766342003409
INDEPENDENT_CURRENT_CONSTITUENTS,TRANSITION_BREAKING,126,ERA_2019_2021,SCATTER,FLEE,16,16,4,0.21045493887181985,0.875,0.33251897127993657,-0.1425477164258464
INDEPENDENT_CURRENT_CONSTITUENTS,TRANSITION_BREAKING,126,ERA_2019_2021,SCATTER,SCATTER,97,95,7,0.1438623193495962,0.8144329896907216,0.2380647444131751,-0.2473463887489054
INDEPENDENT_CURRENT_CONSTITUENTS,TRANSITION_BREAKING,126,ERA_2022_2024,CALM,CALM,276,211,44,0.10241777700919205,0.6956521739130435,0.19389609135591757,-0.0968471980470808
INDEPENDENT_CURRENT_CONSTITUENTS,TRANSITION_BREAKING,126,ERA_2022_2024,CALM,DRIFT,70,64,18,0.061272855686456004,0.7142857142857143,0.13219437764859515,-0.11655979907549391
INDEPENDENT_CURRENT_CONSTITUENTS,TRANSITION_BREAKING,126,ERA_2022_2024,CALM,RUSH,1,1,1,0.1651512240726542,1.0,0.2479705962155611,-0.0779271802375506
INDEPENDENT_CURRENT_CONSTITUENTS,TRANSITION_BREAKING,126,ERA_2022_2024,CALM,SCATTER,56,47,29,0.020599836215721,0.6071428571428571,0.1318975131755717,-0.09714749319949435
INDEPENDENT_CURRENT_CONSTITUENTS,TRANSITION_BREAKING,126,ERA_2022_2024,DRIFT,CALM,45,42,20,0.0131690473743846,0.5111111111111111,0.1420575506023842,-0.1498564406682293
INDEPENDENT_CURRENT_CONSTITUENTS,TRANSITION_BREAKING,126,ERA_2022_2024,DRIFT,DRIFT,94,92,26,0.06613981004344391,0.6808510638297872,0.17621842144211886,-0.10164150155847865
INDEPENDENT_CURRENT_CONSTITUENTS,TRANSITION_BREAKING,126,ERA_2022_2024,DRIFT,RUSH,20,20,11,-0.00407978880503545,0.5,0.09025023383365045,-0.14447381571874401
INDEPENDENT_CURRENT_CONSTITUENTS,TRANSITION_BREAKING,126,ERA_2022_2024,DRIFT,SCATTER,6,6,3,-0.00617019902896765,0.5,0.11143653252256819,-0.0845101300790197
INDEPENDENT_CURRENT_CONSTITUENTS,TRANSITION_BREAKING,126,ERA_2022_2024,SCATTER,CALM,96,89,25,0.03540261666470275,0.6041666666666666,0.16585952871280515,-0.1189644232240266
INDEPENDENT_CURRENT_CONSTITUENTS,TRANSITION_BREAKING,126,ERA_2022_2024,SCATTER,DRIFT,8,8,4,-0.057575521860314505,0.25,0.08399223019000045,-0.15016585496687726
INDEPENDENT_CURRENT_CONSTITUENTS,TRANSITION_BREAKING,126,ERA_2022_2024,SCATTER,FLEE,1,1,1,0.993280263733182,1.0,1.0930150310286195,-0.1108753861567053
INDEPENDENT_CURRENT_CONSTITUENTS,TRANSITION_BREAKING,126,ERA_2022_2024,SCATTER,RUSH,4,4,2,-0.0005002849841361998,0.5,0.16896084740802325,-0.28529568105704645
INDEPENDENT_CURRENT_CONSTITUENTS,TRANSITION_BREAKING,126,ERA_2022_2024,SCATTER,SCATTER,163,127,37,0.0640251325713581,0.656441717791411,0.170532640750419,-0.0941017987957314
INDEPENDENT_CURRENT_CONSTITUENTS,TRANSITION_BREAKING,126,ERA_2025_2026,CALM,CALM,168,139,38,0.1003747151375137,0.7083333333333334,0.1633562777272581,-0.1471296765513676
INDEPENDENT_CURRENT_CONSTITUENTS,TRANSITION_BREAKING,126,ERA_2025_2026,CALM,DRIFT,46,45,23,0.05670405361825845,0.6956521739130435,0.1175928564638187,-0.085573983428513
INDEPENDENT_CURRENT_CONSTITUENTS,TRANSITION_BREAKING,126,ERA_2025_2026,CALM,SCATTER,75,69,26,0.1292161168214811,0.72,0.2015067252137883,-0.147379020658784
INDEPENDENT_CURRENT_CONSTITUENTS,TRANSITION_BREAKING,126,ERA_2025_2026,SCATTER,CALM,3,3,1,0.1700106806361994,0.6666666666666666,0.265027958707607,-0.0432099215477801
INDEPENDENT_CURRENT_CONSTITUENTS,TRANSITION_BREAKING,126,ERA_2025_2026,SCATTER,FLEE,1,1,1,0.3928202208061786,1.0,0.3973017650232719,-0.0168935053822131
INDEPENDENT_CURRENT_CONSTITUENTS,TRANSITION_BREAKING,126,ERA_2025_2026,SCATTER,SCATTER,8,8,4,0.1077385274781188,0.875,0.20614756715148058,-0.05695600433073615
INDEPENDENT_CURRENT_CONSTITUENTS,TRANSITION_BREAKING,130,ERA_2013_2015,CALM,CALM,126,105,34,0.014968670995062001,0.5555555555555556,0.12356580394606831,-0.10249933980350305
INDEPENDENT_CURRENT_CONSTITUENTS,TRANSITION_BREAKING,130,ERA_2013_2015,CALM,DRIFT,35,34,18,0.0178117081798305,0.6,0.1270999933022616,-0.1040982980674972
INDEPENDENT_CURRENT_CONSTITUENTS,TRANSITION_BREAKING,130,ERA_2013_2015,CALM,RUSH,2,2,1,-0.2878666850862598,0.0,0.03999351586333375,-0.3423246481901764
INDEPENDENT_CURRENT_CONSTITUENTS,TRANSITION_BREAKING,130,ERA_2013_2015,CALM,SCATTER,43,40,18,-0.0040427491074245,0.46511627906976744,0.1017999665333007,-0.0751799831127821
INDEPENDENT_CURRENT_CONSTITUENTS,TRANSITION_BREAKING,130,ERA_2013_2015,SCATTER,CALM,118,105,31,0.02711861911987485,0.635593220338983,0.14049711706860574,-0.08413964153716974
INDEPENDENT_CURRENT_CONSTITUENTS,TRANSITION_BREAKING,130,ERA_2013_2015,SCATTER,DRIFT,10,10,5,0.0437870003331041,0.6,0.08737290383255995,-0.10442028802168565
INDEPENDENT_CURRENT_CONSTITUENTS,TRANSITION_BREAKING,130,ERA_2013_2015,SCATTER,FLEE,4,4,2,0.045780839092234696,0.75,0.16742441563300337,-0.11846589131150011
INDEPENDENT_CURRENT_CONSTITUENTS,TRANSITION_BREAKING,130,ERA_2013_2015,SCATTER,SCATTER,178,152,30,0.0781662389245778,0.7078651685393258,0.16346562365743694,-0.061467144035882604
INDEPENDENT_CURRENT_CONSTITUENTS,TRANSITION_BREAKING,130,ERA_2016_2018,CALM,CALM,298,220,42,0.12150576790506815,0.785234899328859,0.1900499552269613,-0.0481141538611939
INDEPENDENT_CURRENT_CONSTITUENTS,TRANSITION_BREAKING,130,ERA_2016_2018,CALM,DRIFT,98,88,27,0.09888470138717534,0.7244897959183674,0.15418248340111645,-0.07627607638891415
INDEPENDENT_CURRENT_CONSTITUENTS,TRANSITION_BREAKING,130,ERA_2016_2018,CALM,FLEE,2,2,1,0.0842776277149106,1.0,0.17133476544020115,-0.011669384157910249
INDEPENDENT_CURRENT_CONSTITUENTS,TRANSITION_BREAKING,130,ERA_2016_2018,CALM,RUSH,7,7,5,0.0257513124498689,0.7142857142857143,0.1441822320701353,-0.0201477519384688
INDEPENDENT_CURRENT_CONSTITUENTS,TRANSITION_BREAKING,130,ERA_2016_2018,CALM,SCATTER,58,56,16,0.09899219431258625,0.6896551724137931,0.15355363564976654,-0.0630648028542356
INDEPENDENT_CURRENT_CONSTITUENTS,TRANSITION_BREAKING,130,ERA_2016_2018,DRIFT,CALM,110,99,25,0.06451350259317574,0.6363636363636364,0.14505558708392996,-0.05000123825246175
INDEPENDENT_CURRENT_CONSTITUENTS,TRANSITION_BREAKING,130,ERA_2016_2018,DRIFT,DRIFT,194,156,42,0.062138028213710096,0.6958762886597938,0.16300576542104706,-0.06689501741300155
INDEPENDENT_CURRENT_CONSTITUENTS,TRANSITION_BREAKING,130,ERA_2016_2018,DRIFT,RUSH,23,23,11,0.0309499527558154,0.5217391304347826,0.1091947804766297,-0.0844634797280875
INDEPENDENT_CURRENT_CONSTITUENTS,TRANSITION_BREAKING,130,ERA_2016_2018,DRIFT,SCATTER,13,13,8,0.0622769047251479,0.7692307692307693,0.0950758649881919,-0.0798644051711902
INDEPENDENT_CURRENT_CONSTITUENTS,TRANSITION_BREAKING,130,ERA_2016_2018,SCATTER,CALM,78,74,14,0.03588421957091465,0.6153846153846154,0.13304104267409428,-0.12251229687877
INDEPENDENT_CURRENT_CONSTITUENTS,TRANSITION_BREAKING,130,ERA_2016_2018,SCATTER,DRIFT,6,6,2,0.07461142013405204,0.6666666666666666,0.216677152651205,-0.06235257580158475
INDEPENDENT_CURRENT_CONSTITUENTS,TRANSITION_BREAKING,130,ERA_2016_2018,SCATTER,FLEE,14,14,7,0.2803721351384575,0.8571428571428571,0.30817240660805945,-0.088502787560177
INDEPENDENT_CURRENT_CONSTITUENTS,TRANSITION_BREAKING,130,ERA_2016_2018,SCATTER,SCATTER,152,132,18,0.07292680774836295,0.7105263157894737,0.17229621234398135,-0.10731296903073315
INDEPENDENT_CURRENT_CONSTITUENTS,TRANSITION_BREAKING,130,ERA_2019_2021,CALM,CALM,285,218,60,0.0074998787263709,0.512280701754386,0.1628934557034866,-0.1221480989314058
INDEPENDENT_CURRENT_CONSTITUENTS,TRANSITION_BREAKING,130,ERA_2019_2021,CALM,DRIFT,163,141,40,0.0917858063086245,0.6932515337423313,0.1775460582566841,-0.0845285138167939
INDEPENDENT_CURRENT_CONSTITUENTS,TRANSITION_BREAKING,130,ERA_2019_2021,CALM,RUSH,5,5,4,0.1619377098637884,0.8,0.2285261715226989,-0.1274497772276844
INDEPENDENT_CURRENT_CONSTITUENTS,TRANSITION_BREAKING,130,ERA_2019_2021,CALM,SCATTER,102,88,20,0.0406452580783196,0.5882352941176471,0.19282559757066203,-0.12569438303447822
INDEPENDENT_CURRENT_CONSTITUENTS,TRANSITION_BREAKING,130,ERA_2019_2021,DRIFT,CALM,76,69,21,0.09717448103823575,0.7631578947368421,0.20688859250385672,-0.09132437056226525
INDEPENDENT_CURRENT_CONSTITUENTS,TRANSITION_BREAKING,130,ERA_2019_2021,DRIFT,DRIFT,148,130,37,0.0947514827841815,0.7297297297297297,0.16896633070884898,-0.08830342839363205
INDEPENDENT_CURRENT_CONSTITUENTS,TRANSITION_BREAKING,130,ERA_2019_2021,DRIFT,RUSH,24,23,14,0.1367328617570531,0.75,0.19617735716698945,-0.0944588361950965
INDEPENDENT_CURRENT_CONSTITUENTS,TRANSITION_BREAKING,130,ERA_2019_2021,DRIFT,SCATTER,5,5,4,0.055976195801759,0.8,0.2074094667498203,-0.0823809991872497
INDEPENDENT_CURRENT_CONSTITUENTS,TRANSITION_BREAKING,130,ERA_2019_2021,FLEE,FLEE,14,14,1,0.4958256185079709,1.0,0.6603529415938227,-0.08313814265390859
INDEPENDENT_CURRENT_CONSTITUENTS,TRANSITION_BREAKING,130,ERA_2019_2021,FLEE,SCATTER,16,16,1,0.3175910443300145,0.9375,0.5212255392851332,-0.0464254379118277
INDEPENDENT_CURRENT_CONSTITUENTS,TRANSITION_BREAKING,130,ERA_2019_2021,RUSH,CALM,1,1,1,0.0546961483557666,1.0,0.1206568599508022,-0.0357596377620532
INDEPENDENT_CURRENT_CONSTITUENTS,TRANSITION_BREAKING,130,ERA_2019_2021,SCATTER,CALM,30,29,6,0.025512576619088,0.5,0.18564277520126654,-0.0347559025122516
INDEPENDENT_CURRENT_CONSTITUENTS,TRANSITION_BREAKING,130,ERA_2019_2021,SCATTER,DRIFT,1,1,1,0.8261268629491672,1.0,0.9839797383118574,-0.0558766342003409
INDEPENDENT_CURRENT_CONSTITUENTS,TRANSITION_BREAKING,130,ERA_2019_2021,SCATTER,FLEE,16,16,4,0.22817929079411037,0.875,0.33251897127993657,-0.1425477164258464
INDEPENDENT_CURRENT_CONSTITUENTS,TRANSITION_BREAKING,130,ERA_2019_2021,SCATTER,SCATTER,97,95,7,0.1321374655458309,0.7938144329896907,0.2482414973994833,-0.2473463887489054
INDEPENDENT_CURRENT_CONSTITUENTS,TRANSITION_BREAKING,130,ERA_2022_2024,CALM,CALM,276,211,44,0.0827193519038892,0.6884057971014492,0.19476764783011602,-0.0979620543644676
INDEPENDENT_CURRENT_CONSTITUENTS,TRANSITION_BREAKING,130,ERA_2022_2024,CALM,DRIFT,70,64,18,0.07216426239224386,0.7142857142857143,0.13309930876665726,-0.11655979907549391
INDEPENDENT_CURRENT_CONSTITUENTS,TRANSITION_BREAKING,130,ERA_2022_2024,CALM,RUSH,1,1,1,0.19591265332635,1.0,0.2479705962155611,-0.0779271802375506
INDEPENDENT_CURRENT_CONSTITUENTS,TRANSITION_BREAKING,130,ERA_2022_2024,CALM,SCATTER,56,47,29,0.0164138409855918,0.5535714285714286,0.13547298928557536,-0.10365178031053646
INDEPENDENT_CURRENT_CONSTITUENTS,TRANSITION_BREAKING,130,ERA_2022_2024,DRIFT,CALM,45,42,20,0.0175264713780918,0.5111111111111111,0.1420575506023842,-0.1498564406682293
INDEPENDENT_CURRENT_CONSTITUENTS,TRANSITION_BREAKING,130,ERA_2022_2024,DRIFT,DRIFT,94,92,26,0.08502886274359885,0.7021276595744681,0.17621842144211886,-0.10164150155847865
INDEPENDENT_CURRENT_CONSTITUENTS,TRANSITION_BREAKING,130,ERA_2022_2024,DRIFT,RUSH,20,20,11,-0.0102621163210514,0.45,0.09025023383365045,-0.14447381571874401
INDEPENDENT_CURRENT_CONSTITUENTS,TRANSITION_BREAKING,130,ERA_2022_2024,DRIFT,SCATTER,6,6,3,-0.013185097765962502,0.5,0.11143653252256819,-0.0845101300790197
INDEPENDENT_CURRENT_CONSTITUENTS,TRANSITION_BREAKING,130,ERA_2022_2024,SCATTER,CALM,96,89,25,0.034037305763815404,0.6354166666666666,0.16585952871280515,-0.1189644232240266
INDEPENDENT_CURRENT_CONSTITUENTS,TRANSITION_BREAKING,130,ERA_2022_2024,SCATTER,DRIFT,8,8,4,-0.012808460245850101,0.375,0.08399223019000045,-0.15016585496687726
INDEPENDENT_CURRENT_CONSTITUENTS,TRANSITION_BREAKING,130,ERA_2022_2024,SCATTER,FLEE,1,1,1,0.8841731802517476,1.0,1.0930150310286195,-0.1108753861567053
INDEPENDENT_CURRENT_CONSTITUENTS,TRANSITION_BREAKING,130,ERA_2022_2024,SCATTER,RUSH,4,4,2,0.009029168299895451,0.75,0.16896084740802325,-0.28529568105704645
INDEPENDENT_CURRENT_CONSTITUENTS,TRANSITION_BREAKING,130,ERA_2022_2024,SCATTER,SCATTER,163,127,37,0.0717879268178169,0.6503067484662577,0.1788304475314741,-0.0941017987957314
INDEPENDENT_CURRENT_CONSTITUENTS,TRANSITION_BREAKING,130,ERA_2025_2026,CALM,CALM,168,139,38,0.09789905661842345,0.7023809523809523,0.1693541412372636,-0.14788762261693686
INDEPENDENT_CURRENT_CONSTITUENTS,TRANSITION_BREAKING,130,ERA_2025_2026,CALM,DRIFT,46,45,23,0.0449565112119694,0.6521739130434783,0.13461822483347058,-0.085573983428513
INDEPENDENT_CURRENT_CONSTITUENTS,TRANSITION_BREAKING,130,ERA_2025_2026,CALM,SCATTER,75,69,26,0.1229369163336857,0.7466666666666667,0.203695397349483,-0.147379020658784
INDEPENDENT_CURRENT_CONSTITUENTS,TRANSITION_BREAKING,130,ERA_2025_2026,SCATTER,CALM,3,3,1,0.2277924833406017,0.6666666666666666,0.265027958707607,-0.0432099215477801
INDEPENDENT_CURRENT_CONSTITUENTS,TRANSITION_BREAKING,130,ERA_2025_2026,SCATTER,FLEE,1,1,1,0.3313936793922973,1.0,0.3983809787417927,-0.0168935053822131
INDEPENDENT_CURRENT_CONSTITUENTS,TRANSITION_BREAKING,130,ERA_2025_2026,SCATTER,SCATTER,8,8,4,0.10595658351408341,0.875,0.21417319529029438,-0.05695600433073615
INDEPENDENT_CURRENT_CONSTITUENTS,TRANSITION_COOLING,5,ERA_2013_2015,CALM,CALM,22,22,17,-0.01415648027085675,0.4090909090909091,0.0118954543515081,-0.02775498721114025
INDEPENDENT_CURRENT_CONSTITUENTS,TRANSITION_COOLING,5,ERA_2013_2015,CALM,DRIFT,20,20,16,4.88732734079e-05,0.5,0.014259324968999149,-0.01452636380341505
INDEPENDENT_CURRENT_CONSTITUENTS,TRANSITION_COOLING,5,ERA_2013_2015,CALM,RUSH,2,2,2,-0.0193930485006889,0.0,0.0033459841186777,-0.03762397899321425
INDEPENDENT_CURRENT_CONSTITUENTS,TRANSITION_COOLING,5,ERA_2013_2015,CALM,SCATTER,5,5,4,-0.0069848436495471,0.4,0.0172199732571882,-0.0178339569808443
INDEPENDENT_CURRENT_CONSTITUENTS,TRANSITION_COOLING,5,ERA_2013_2015,SCATTER,CALM,12,12,10,0.012923159081935701,0.75,0.0239804058438207,-0.01479048397099185
INDEPENDENT_CURRENT_CONSTITUENTS,TRANSITION_COOLING,5,ERA_2013_2015,SCATTER,SCATTER,10,10,9,-0.011986685728588551,0.3,0.01867501700714905,-0.02966667175075605
INDEPENDENT_CURRENT_CONSTITUENTS,TRANSITION_COOLING,5,ERA_2016_2018,CALM,CALM,52,48,26,0.0057577844310936,0.6153846153846154,0.021241683501116798,-0.015866155092531302
INDEPENDENT_CURRENT_CONSTITUENTS,TRANSITION_COOLING,5,ERA_2016_2018,CALM,DRIFT,33,31,19,0.0007099499213665,0.5151515151515151,0.0205500381129528,-0.0175828364258008
INDEPENDENT_CURRENT_CONSTITUENTS,TRANSITION_COOLING,5,ERA_2016_2018,CALM,RUSH,9,8,9,-0.0056362781365453,0.3333333333333333,0.0109614957336974,-0.0165666097083041
INDEPENDENT_CURRENT_CONSTITUENTS,TRANSITION_COOLING,5,ERA_2016_2018,CALM,SCATTER,12,11,9,0.00406753655259705,0.5833333333333334,0.0303167433335763,-0.01321591674607005
INDEPENDENT_CURRENT_CONSTITUENTS,TRANSITION_COOLING,5,ERA_2016_2018,DRIFT,CALM,24,23,16,0.0017420087680841,0.5416666666666666,0.0175217268749976,-0.0155357526930842
INDEPENDENT_CURRENT_CONSTITUENTS,TRANSITION_COOLING,5,ERA_2016_2018,DRIFT,DRIFT,66,60,29,-0.008704303703590599,0.3787878787878788,0.012281971126051651,-0.016460645547066298
INDEPENDENT_CURRENT_CONSTITUENTS,TRANSITION_COOLING,5,ERA_2016_2018,DRIFT,RUSH,23,22,10,-0.0047673544463618,0.391304347826087,0.0129403688232128,-0.0198530603533461
INDEPENDENT_CURRENT_CONSTITUENTS,TRANSITION_COOLING,5,ERA_2016_2018,DRIFT,SCATTER,2,2,2,0.0004914521865087493,0.5,0.0307809276415597,-0.0345486038392537
INDEPENDENT_CURRENT_CONSTITUENTS,TRANSITION_COOLING,5,ERA_2016_2018,SCATTER,CALM,13,13,8,0.0247502519492834,0.8461538461538461,0.0442585997162012,-0.013788058303693
INDEPENDENT_CURRENT_CONSTITUENTS,TRANSITION_COOLING,5,ERA_2016_2018,SCATTER,DRIFT,1,1,1,0.0567764153950394,1.0,0.0572350332162863,-0.0105209651204261
INDEPENDENT_CURRENT_CONSTITUENTS,TRANSITION_COOLING,5,ERA_2016_2018,SCATTER,FLEE,1,1,1,-0.0948331806559045,0.0,0.0,-0.0962857574167168
INDEPENDENT_CURRENT_CONSTITUENTS,TRANSITION_COOLING,5,ERA_2016_2018,SCATTER,SCATTER,7,7,6,0.0031300500215658,0.5714285714285714,0.0196415179060263,-0.0259020144120567
INDEPENDENT_CURRENT_CONSTITUENTS,TRANSITION_COOLING,5,ERA_2019_2021,CALM,CALM,50,47,32,0.0015513342644721,0.52,0.0219765771770613,-0.019890769153203
INDEPENDENT_CURRENT_CONSTITUENTS,TRANSITION_COOLING,5,ERA_2019_2021,CALM,DRIFT,58,54,28,0.0035005323132834497,0.5344827586206896,0.0216799614176118,-0.01842108736263015
INDEPENDENT_CURRENT_CONSTITUENTS,TRANSITION_COOLING,5,ERA_2019_2021,CALM,RUSH,1,1,1,0.0215773221534993,1.0,0.0270713232807977,-0.010984825
INDEPENDENT_CURRENT_CONSTITUENTS,TRANSITION_COOLING,5,ERA_2019_2021,CALM,SCATTER,6,6,6,0.012417614950563899,0.6666666666666666,0.01608348597699285,-0.0188890675551013
INDEPENDENT_CURRENT_CONSTITUENTS,TRANSITION_COOLING,5,ERA_2019_2021,DRIFT,CALM,31,30,21,-0.0027389178136871,0.41935483870967744,0.0138645977741196,-0.0161831009683303
INDEPENDENT_CURRENT_CONSTITUENTS,TRANSITION_COOLING,5,ERA_2019_2021,DRIFT,DRIFT,85,78,34,0.003764998116936,0.5764705882352941,0.0231920226552699,-0.021628967303461
INDEPENDENT_CURRENT_CONSTITUENTS,TRANSITION_COOLING,5,ERA_2019_2021,DRIFT,RUSH,32,32,15,-0.00607516791153865,0.4375,0.018946681825869498,-0.02676827079754615
INDEPENDENT_CURRENT_CONSTITUENTS,TRANSITION_COOLING,5,ERA_2019_2021,DRIFT,SCATTER,2,1,2,0.00014417799053435126,0.5,0.03984741475637915,-0.03247956842899025
INDEPENDENT_CURRENT_CONSTITUENTS,TRANSITION_COOLING,5,ERA_2019_2021,SCATTER,CALM,3,3,3,0.0312910835629656,1.0,0.0375255034466852,-0.0074020826842559
INDEPENDENT_CURRENT_CONSTITUENTS,TRANSITION_COOLING,5,ERA_2022_2024,CALM,CALM,55,49,27,-0.0075726021663429,0.38181818181818183,0.01803594903514,-0.0256568751356678
INDEPENDENT_CURRENT_CONSTITUENTS,TRANSITION_COOLING,5,ERA_2022_2024,CALM,DRIFT,18,17,12,-0.0082616091021328,0.3888888888888889,0.0172474598958091,-0.019228898753998
INDEPENDENT_CURRENT_CONSTITUENTS,TRANSITION_COOLING,5,ERA_2022_2024,CALM,RUSH,1,1,1,0.0191681461113135,1.0,0.0241098310910008,-0.008364224845369
INDEPENDENT_CURRENT_CONSTITUENTS,TRANSITION_COOLING,5,ERA_2022_2024,CALM,SCATTER,18,18,13,0.00237378901667825,0.5,0.017358552344274247,-0.023988015755185
INDEPENDENT_CURRENT_CONSTITUENTS,TRANSITION_COOLING,5,ERA_2022_2024,DRIFT,CALM,24,23,15,0.011854841090692599,0.625,0.03016132953499735,-0.019196871946516397
INDEPENDENT_CURRENT_CONSTITUENTS,TRANSITION_COOLING,5,ERA_2022_2024,DRIFT,DRIFT,43,41,23,0.0005376012903226,0.5116279069767442,0.0188624954290856,-0.0200597898437145
INDEPENDENT_CURRENT_CONSTITUENTS,TRANSITION_COOLING,5,ERA_2022_2024,DRIFT,RUSH,15,13,11,-0.015257186723849,0.26666666666666666,0.0081002629574378,-0.0322493522305528
INDEPENDENT_CURRENT_CONSTITUENTS,TRANSITION_COOLING,5,ERA_2022_2024,SCATTER,CALM,20,19,15,-0.00195766591896285,0.45,0.0345355042035695,-0.02421179055475095
INDEPENDENT_CURRENT_CONSTITUENTS,TRANSITION_COOLING,5,ERA_2022_2024,SCATTER,DRIFT,4,4,2,0.024442857162498798,1.0,0.03290293802090365,-0.0075279647254911
INDEPENDENT_CURRENT_CONSTITUENTS,TRANSITION_COOLING,5,ERA_2022_2024,SCATTER,FLEE,1,1,1,-0.024506697904583,0.0,0.0016709030832171,-0.0797262617447654
INDEPENDENT_CURRENT_CONSTITUENTS,TRANSITION_COOLING,5,ERA_2022_2024,SCATTER,RUSH,3,3,3,-0.0053894349176091,0.3333333333333333,0.0140782974676998,-0.0856797641331177
INDEPENDENT_CURRENT_CONSTITUENTS,TRANSITION_COOLING,5,ERA_2022_2024,SCATTER,SCATTER,17,17,12,-0.0029461935423322,0.35294117647058826,0.0226900226249484,-0.0224323904882739
INDEPENDENT_CURRENT_CONSTITUENTS,TRANSITION_COOLING,5,ERA_2025_2026,CALM,CALM,63,60,33,0.0074015840810486,0.5873015873015873,0.0300626826248735,-0.0213033430294005
INDEPENDENT_CURRENT_CONSTITUENTS,TRANSITION_COOLING,5,ERA_2025_2026,CALM,DRIFT,33,32,19,-0.0048187685270816,0.45454545454545453,0.0233745551661006,-0.0274995390713991
INDEPENDENT_CURRENT_CONSTITUENTS,TRANSITION_COOLING,5,ERA_2025_2026,CALM,RUSH,5,5,4,0.0062586367854147,0.6,0.028187780580261,-0.0183664272997464
INDEPENDENT_CURRENT_CONSTITUENTS,TRANSITION_COOLING,5,ERA_2025_2026,CALM,SCATTER,29,28,19,0.0027668632183082,0.6206896551724138,0.0375317422099441,-0.0314457852040872
INDEPENDENT_CURRENT_CONSTITUENTS,TRANSITION_COOLING,5,ERA_2025_2026,DRIFT,CALM,1,1,1,-0.0927244466641047,0.0,0.0243064182147851,-0.1129388765156443
INDEPENDENT_CURRENT_CONSTITUENTS,TRANSITION_COOLING,5,ERA_2025_2026,DRIFT,DRIFT,2,2,1,-0.0475234201147943,0.0,0.02359585275012365,-0.09238020098248151
INDEPENDENT_CURRENT_CONSTITUENTS,TRANSITION_COOLING,5,ERA_2025_2026,DRIFT,SCATTER,1,1,1,0.0499314087767697,1.0,0.0766928776066304,-0.0158373331339684
INDEPENDENT_CURRENT_CONSTITUENTS,TRANSITION_COOLING,5,ERA_2025_2026,SCATTER,CALM,1,1,1,0.1233176684191805,1.0,0.153364608647883,-0.0040688194053208
INDEPENDENT_CURRENT_CONSTITUENTS,TRANSITION_COOLING,5,ERA_2025_2026,SCATTER,RUSH,2,2,1,0.00677159134319925,0.5,0.026085679975194197,-0.02745396810931515
INDEPENDENT_CURRENT_CONSTITUENTS,TRANSITION_COOLING,5,ERA_2025_2026,SCATTER,SCATTER,8,8,4,0.013228332151067649,0.625,0.0592892259549061,-0.04511335725046725
INDEPENDENT_CURRENT_CONSTITUENTS,TRANSITION_COOLING,10,ERA_2013_2015,CALM,CALM,22,22,17,-0.02344033987271945,0.2727272727272727,0.019875489466554097,-0.041326679485050546
INDEPENDENT_CURRENT_CONSTITUENTS,TRANSITION_COOLING,10,ERA_2013_2015,CALM,DRIFT,20,20,16,0.0051768465124578,0.55,0.01850996385217345,-0.032297776877364154
INDEPENDENT_CURRENT_CONSTITUENTS,TRANSITION_COOLING,10,ERA_2013_2015,CALM,RUSH,2,2,2,0.0231437285496565,1.0,0.02648016667218485,-0.03762397899321425
INDEPENDENT_CURRENT_CONSTITUENTS,TRANSITION_COOLING,10,ERA_2013_2015,CALM,SCATTER,5,5,4,0.0234441927333122,0.8,0.0310513226372304,-0.0233060035346052
INDEPENDENT_CURRENT_CONSTITUENTS,TRANSITION_COOLING,10,ERA_2013_2015,SCATTER,CALM,12,12,10,0.02282080476147735,0.75,0.0333522775531681,-0.01514931765045105
INDEPENDENT_CURRENT_CONSTITUENTS,TRANSITION_COOLING,10,ERA_2013_2015,SCATTER,SCATTER,10,10,9,0.01119315772925065,0.6,0.03462702432254135,-0.040921496605344
INDEPENDENT_CURRENT_CONSTITUENTS,TRANSITION_COOLING,10,ERA_2016_2018,CALM,CALM,52,48,26,0.015183034665136451,0.6538461538461539,0.0297489916570008,-0.020684509701268547
INDEPENDENT_CURRENT_CONSTITUENTS,TRANSITION_COOLING,10,ERA_2016_2018,CALM,DRIFT,33,31,19,0.0210263746113672,0.6666666666666666,0.039977857977872,-0.0201494837624796
INDEPENDENT_CURRENT_CONSTITUENTS,TRANSITION_COOLING,10,ERA_2016_2018,CALM,RUSH,9,8,9,-0.0017778186666667,0.3333333333333333,0.0137707248752698,-0.0260250573219433
INDEPENDENT_CURRENT_CONSTITUENTS,TRANSITION_COOLING,10,ERA_2016_2018,CALM,SCATTER,12,11,9,0.034633167268366044,0.75,0.04287713599259,-0.01321591674607005
INDEPENDENT_CURRENT_CONSTITUENTS,TRANSITION_COOLING,10,ERA_2016_2018,DRIFT,CALM,24,23,16,0.0193728574438226,0.5833333333333334,0.03189575162593555,-0.01991697366121
INDEPENDENT_CURRENT_CONSTITUENTS,TRANSITION_COOLING,10,ERA_2016_2018,DRIFT,DRIFT,66,60,29,-0.0009130717922572001,0.48484848484848486,0.0162872428705478,-0.0264449496942775
INDEPENDENT_CURRENT_CONSTITUENTS,TRANSITION_COOLING,10,ERA_2016_2018,DRIFT,RUSH,23,22,10,-0.0196710372353458,0.391304347826087,0.0150816666430408,-0.0321281220524913
INDEPENDENT_CURRENT_CONSTITUENTS,TRANSITION_COOLING,10,ERA_2016_2018,DRIFT,SCATTER,2,2,2,0.04419862935071545,0.5,0.05406299605816085,-0.0345486038392537
INDEPENDENT_CURRENT_CONSTITUENTS,TRANSITION_COOLING,10,ERA_2016_2018,SCATTER,CALM,13,13,8,0.0358293584255324,0.6153846153846154,0.0556899394235679,-0.0267953309677602
INDEPENDENT_CURRENT_CONSTITUENTS,TRANSITION_COOLING,10,ERA_2016_2018,SCATTER,DRIFT,1,1,1,0.0510101252291963,1.0,0.0606427737048356,-0.0105209651204261
INDEPENDENT_CURRENT_CONSTITUENTS,TRANSITION_COOLING,10,ERA_2016_2018,SCATTER,FLEE,1,1,1,-0.0458601556118503,0.0,0.0,-0.1234697844254164
INDEPENDENT_CURRENT_CONSTITUENTS,TRANSITION_COOLING,10,ERA_2016_2018,SCATTER,SCATTER,7,7,6,0.0197314043176994,0.7142857142857143,0.0341431815074952,-0.0259020144120567
INDEPENDENT_CURRENT_CONSTITUENTS,TRANSITION_COOLING,10,ERA_2019_2021,CALM,CALM,50,47,32,0.0035741720173125,0.52,0.0276293140414055,-0.0289485447862457
INDEPENDENT_CURRENT_CONSTITUENTS,TRANSITION_COOLING,10,ERA_2019_2021,CALM,DRIFT,58,54,28,0.0075101897064601495,0.5862068965517241,0.027465463684757753,-0.030299453373025052
INDEPENDENT_CURRENT_CONSTITUENTS,TRANSITION_COOLING,10,ERA_2019_2021,CALM,RUSH,1,1,1,0.055914822320195,1.0,0.0582805295473272,-0.010984825
INDEPENDENT_CURRENT_CONSTITUENTS,TRANSITION_COOLING,10,ERA_2019_2021,CALM,SCATTER,6,6,6,-0.0135191831501982,0.3333333333333333,0.0276786085391912,-0.02319562885832485
INDEPENDENT_CURRENT_CONSTITUENTS,TRANSITION_COOLING,10,ERA_2019_2021,DRIFT,CALM,31,30,21,0.0013692487050969,0.5161290322580645,0.0210745561912795,-0.0256156408730068
INDEPENDENT_CURRENT_CONSTITUENTS,TRANSITION_COOLING,10,ERA_2019_2021,DRIFT,DRIFT,85,78,34,0.0073993663882889,0.5176470588235295,0.0337557129616938,-0.0297115386501014
INDEPENDENT_CURRENT_CONSTITUENTS,TRANSITION_COOLING,10,ERA_2019_2021,DRIFT,RUSH,32,32,15,-0.011492858323135,0.375,0.0307700035425836,-0.058428962053855296
INDEPENDENT_CURRENT_CONSTITUENTS,TRANSITION_COOLING,10,ERA_2019_2021,DRIFT,SCATTER,2,1,2,0.0179511105893121,0.5,0.06140321684999055,-0.057479579192507554
INDEPENDENT_CURRENT_CONSTITUENTS,TRANSITION_COOLING,10,ERA_2019_2021,SCATTER,CALM,3,3,3,-0.0052871490944291,0.3333333333333333,0.0437081628772262,-0.0225589095507469
INDEPENDENT_CURRENT_CONSTITUENTS,TRANSITION_COOLING,10,ERA_2022_2024,CALM,CALM,55,49,27,-0.0083918343405799,0.4727272727272727,0.025929905738705,-0.0328621762045312
INDEPENDENT_CURRENT_CONSTITUENTS,TRANSITION_COOLING,10,ERA_2022_2024,CALM,DRIFT,18,17,12,-0.0078967174683958,0.3333333333333333,0.025147242139799048,-0.0319246637837618
INDEPENDENT_CURRENT_CONSTITUENTS,TRANSITION_COOLING,10,ERA_2022_2024,CALM,RUSH,1,1,1,0.0238745736389418,1.0,0.0652907741777391,-0.008364224845369
INDEPENDENT_CURRENT_CONSTITUENTS,TRANSITION_COOLING,10,ERA_2022_2024,CALM,SCATTER,18,18,13,-0.00902227928420015,0.4444444444444444,0.0251174863329215,-0.0336432497983095
INDEPENDENT_CURRENT_CONSTITUENTS,TRANSITION_COOLING,10,ERA_2022_2024,DRIFT,CALM,24,23,15,0.0152251554104305,0.6666666666666666,0.0448840828530999,-0.021277242415494647
INDEPENDENT_CURRENT_CONSTITUENTS,TRANSITION_COOLING,10,ERA_2022_2024,DRIFT,DRIFT,43,41,23,-0.0059425119089916,0.46511627906976744,0.0257957212903225,-0.0356463477897275
INDEPENDENT_CURRENT_CONSTITUENTS,TRANSITION_COOLING,10,ERA_2022_2024,DRIFT,RUSH,15,13,11,-0.0044283692817747,0.4666666666666667,0.0104177076095004,-0.0334450667911648
INDEPENDENT_CURRENT_CONSTITUENTS,TRANSITION_COOLING,10,ERA_2022_2024,SCATTER,CALM,20,19,15,-0.0058961227344022996,0.45,0.04083139574977475,-0.0322569028597942
INDEPENDENT_CURRENT_CONSTITUENTS,TRANSITION_COOLING,10,ERA_2022_2024,SCATTER,DRIFT,4,4,2,0.0173179887007024,0.75,0.0401418957633529,-0.01157494516851255
INDEPENDENT_CURRENT_CONSTITUENTS,TRANSITION_COOLING,10,ERA_2022_2024,SCATTER,FLEE,1,1,1,0.0556174242784435,1.0,0.1036760532216516,-0.0797262617447654
INDEPENDENT_CURRENT_CONSTITUENTS,TRANSITION_COOLING,10,ERA_2022_2024,SCATTER,RUSH,3,3,3,-0.031915748557835,0.3333333333333333,0.0655985719694571,-0.0927607958609948
INDEPENDENT_CURRENT_CONSTITUENTS,TRANSITION_COOLING,10,ERA_2022_2024,SCATTER,SCATTER,17,17,12,-0.0318485721920102,0.35294117647058826,0.0272263482435575,-0.0413245046752583
INDEPENDENT_CURRENT_CONSTITUENTS,TRANSITION_COOLING,10,ERA_2025_2026,CALM,CALM,60,57,32,0.0130964978467835,0.5833333333333334,0.038688874969530496,-0.02995515290487665
INDEPENDENT_CURRENT_CONSTITUENTS,TRANSITION_COOLING,10,ERA_2025_2026,CALM,DRIFT,33,32,19,0.0013252075286591,0.5151515151515151,0.0359302711839948,-0.0384992946528166
INDEPENDENT_CURRENT_CONSTITUENTS,TRANSITION_COOLING,10,ERA_2025_2026,CALM,RUSH,5,5,4,0.0076494515554097,0.6,0.0342579334752695,-0.0256908490687547
INDEPENDENT_CURRENT_CONSTITUENTS,TRANSITION_COOLING,10,ERA_2025_2026,CALM,SCATTER,29,28,19,0.0068621142236697,0.5862068965517241,0.0627057367595598,-0.054671395532169
INDEPENDENT_CURRENT_CONSTITUENTS,TRANSITION_COOLING,10,ERA_2025_2026,DRIFT,CALM,1,1,1,-0.0936246814699873,0.0,0.0243064182147851,-0.1129388765156443
INDEPENDENT_CURRENT_CONSTITUENTS,TRANSITION_COOLING,10,ERA_2025_2026,DRIFT,DRIFT,2,2,1,-0.042039718489856,0.0,0.02359585275012365,-0.09238020098248151
INDEPENDENT_CURRENT_CONSTITUENTS,TRANSITION_COOLING,10,ERA_2025_2026,DRIFT,SCATTER,1,1,1,0.0292306789132266,1.0,0.0896371361551084,-0.0158373331339684
INDEPENDENT_CURRENT_CONSTITUENTS,TRANSITION_COOLING,10,ERA_2025_2026,SCATTER,CALM,1,1,1,0.0831298599641632,1.0,0.1703286730630981,-0.0040688194053208
INDEPENDENT_CURRENT_CONSTITUENTS,TRANSITION_COOLING,10,ERA_2025_2026,SCATTER,RUSH,2,2,1,0.02050440829294925,1.0,0.032246381945022,-0.02745396810931515
INDEPENDENT_CURRENT_CONSTITUENTS,TRANSITION_COOLING,10,ERA_2025_2026,SCATTER,SCATTER,8,8,4,0.04210620202621235,0.75,0.06749674577338566,-0.08570621054497665
INDEPENDENT_CURRENT_CONSTITUENTS,TRANSITION_COOLING,20,ERA_2013_2015,CALM,CALM,22,22,17,-0.016295223497238002,0.4090909090909091,0.028660163038195248,-0.060250048753577354
INDEPENDENT_CURRENT_CONSTITUENTS,TRANSITION_COOLING,20,ERA_2013_2015,CALM,DRIFT,20,20,16,-0.00306582873864925,0.45,0.05013860785910145,-0.0425625722420225
INDEPENDENT_CURRENT_CONSTITUENTS,TRANSITION_COOLING,20,ERA_2013_2015,CALM,RUSH,2,2,2,-0.00791599150525385,0.5,0.07729592295415515,-0.0624022929301091
INDEPENDENT_CURRENT_CONSTITUENTS,TRANSITION_COOLING,20,ERA_2013_2015,CALM,SCATTER,5,5,4,0.0375949640682478,0.6,0.0418166257285808,-0.0360330783280031
INDEPENDENT_CURRENT_CONSTITUENTS,TRANSITION_COOLING,20,ERA_2013_2015,SCATTER,CALM,12,12,10,0.00167073714856415,0.5,0.04376545360283955,-0.0324644869237594
INDEPENDENT_CURRENT_CONSTITUENTS,TRANSITION_COOLING,20,ERA_2013_2015,SCATTER,SCATTER,10,10,9,0.0313187650954175,0.7,0.07028803711150285,-0.040921496605344
INDEPENDENT_CURRENT_CONSTITUENTS,TRANSITION_COOLING,20,ERA_2016_2018,CALM,CALM,52,48,26,0.0247484958919661,0.6538461538461539,0.0558913606427089,-0.040587521481200206
INDEPENDENT_CURRENT_CONSTITUENTS,TRANSITION_COOLING,20,ERA_2016_2018,CALM,DRIFT,33,31,19,0.039977857977872,0.6666666666666666,0.065008226494978,-0.0240334662994988
INDEPENDENT_CURRENT_CONSTITUENTS,TRANSITION_COOLING,20,ERA_2016_2018,CALM,RUSH,9,8,9,0.0289238021720443,0.5555555555555556,0.0369958717194711,-0.0355555217777776
INDEPENDENT_CURRENT_CONSTITUENTS,TRANSITION_COOLING,20,ERA_2016_2018,CALM,SCATTER,12,11,9,0.03083670502814535,0.6666666666666666,0.0552134035634419,-0.03151746679703835
INDEPENDENT_CURRENT_CONSTITUENTS,TRANSITION_COOLING,20,ERA_2016_2018,DRIFT,CALM,24,23,16,0.009796853052872749,0.5416666666666666,0.05165671565253545,-0.02210785434079195
INDEPENDENT_CURRENT_CONSTITUENTS,TRANSITION_COOLING,20,ERA_2016_2018,DRIFT,DRIFT,66,60,29,0.0031443850137221,0.5151515151515151,0.0298868209874341,-0.03209347345569685
INDEPENDENT_CURRENT_CONSTITUENTS,TRANSITION_COOLING,20,ERA_2016_2018,DRIFT,RUSH,23,22,10,-0.0249610562972943,0.391304347826087,0.0150816666430408,-0.048780602893532
INDEPENDENT_CURRENT_CONSTITUENTS,TRANSITION_COOLING,20,ERA_2016_2018,DRIFT,SCATTER,2,2,2,0.01937151542456625,0.5,0.061032636040187105,-0.0345486038392537
INDEPENDENT_CURRENT_CONSTITUENTS,TRANSITION_COOLING,20,ERA_2016_2018,SCATTER,CALM,13,13,8,0.0485953538303969,0.6923076923076923,0.0864674456673881,-0.0477025396817262
INDEPENDENT_CURRENT_CONSTITUENTS,TRANSITION_COOLING,20,ERA_2016_2018,SCATTER,DRIFT,1,1,1,0.0474058329544517,1.0,0.0789905985172543,-0.0105209651204261
INDEPENDENT_CURRENT_CONSTITUENTS,TRANSITION_COOLING,20,ERA_2016_2018,SCATTER,FLEE,1,1,1,0.0230337200476338,1.0,0.0263539073507892,-0.1234697844254164
INDEPENDENT_CURRENT_CONSTITUENTS,TRANSITION_COOLING,20,ERA_2016_2018,SCATTER,SCATTER,7,7,6,0.0081727603910761,0.5714285714285714,0.0341431815074952,-0.0535902380386098
INDEPENDENT_CURRENT_CONSTITUENTS,TRANSITION_COOLING,20,ERA_2019_2021,CALM,CALM,50,47,32,0.00516575458657735,0.5,0.043353161025021444,-0.0500840851347883
INDEPENDENT_CURRENT_CONSTITUENTS,TRANSITION_COOLING,20,ERA_2019_2021,CALM,DRIFT,58,54,28,0.0023039846419703,0.5344827586206896,0.0406136881299332,-0.0348162756687083
INDEPENDENT_CURRENT_CONSTITUENTS,TRANSITION_COOLING,20,ERA_2019_2021,CALM,RUSH,1,1,1,0.0037983695290728,1.0,0.0637738908801892,-0.010984825
INDEPENDENT_CURRENT_CONSTITUENTS,TRANSITION_COOLING,20,ERA_2019_2021,CALM,SCATTER,6,6,6,0.011861001070434949,0.6666666666666666,0.033103453720226,-0.02429901583243005
INDEPENDENT_CURRENT_CONSTITUENTS,TRANSITION_COOLING,20,ERA_2019_2021,DRIFT,CALM,31,30,21,0.0099279495798512,0.6451612903225806,0.034830852289662,-0.0311636808615132
INDEPENDENT_CURRENT_CONSTITUENTS,TRANSITION_COOLING,20,ERA_2019_2021,DRIFT,DRIFT,85,78,34,0.0131481239460244,0.6235294117647059,0.0476830402481103,-0.0371335528714174
INDEPENDENT_CURRENT_CONSTITUENTS,TRANSITION_COOLING,20,ERA_2019_2021,DRIFT,RUSH,32,32,15,-0.00738830828863135,0.4375,0.0429853956848218,-0.07639660668849865
INDEPENDENT_CURRENT_CONSTITUENTS,TRANSITION_COOLING,20,ERA_2019_2021,DRIFT,SCATTER,2,1,2,0.10790491680101749,0.5,0.12021291630889105,-0.06989221770106055
INDEPENDENT_CURRENT_CONSTITUENTS,TRANSITION_COOLING,20,ERA_2019_2021,SCATTER,CALM,3,3,3,0.0527155795381002,0.6666666666666666,0.0761026121472514,-0.029961138173443
INDEPENDENT_CURRENT_CONSTITUENTS,TRANSITION_COOLING,20,ERA_2022_2024,CALM,CALM,55,49,27,-0.0002090690916746,0.4909090909090909,0.0439074593692336,-0.0501965486863913
INDEPENDENT_CURRENT_CONSTITUENTS,TRANSITION_COOLING,20,ERA_2022_2024,CALM,DRIFT,18,17,12,0.03453457425605125,0.7777777777777778,0.06090221471976895,-0.04012002725733255
INDEPENDENT_CURRENT_CONSTITUENTS,TRANSITION_COOLING,20,ERA_2022_2024,CALM,RUSH,1,1,1,0.0732917004303432,1.0,0.0968236382965099,-0.0137766198015819
INDEPENDENT_CURRENT_CONSTITUENTS,TRANSITION_COOLING,20,ERA_2022_2024,CALM,SCATTER,18,18,13,0.03405569656806035,0.7222222222222222,0.0515503257919547,-0.0363499714211487
INDEPENDENT_CURRENT_CONSTITUENTS,TRANSITION_COOLING,20,ERA_2022_2024,DRIFT,CALM,24,23,15,0.04027007792565445,0.7083333333333334,0.0671854491079959,-0.0333620267713197
INDEPENDENT_CURRENT_CONSTITUENTS,TRANSITION_COOLING,20,ERA_2022_2024,DRIFT,DRIFT,43,41,23,-0.0309904553676658,0.2558139534883721,0.0298942905427426,-0.059651575100405
INDEPENDENT_CURRENT_CONSTITUENTS,TRANSITION_COOLING,20,ERA_2022_2024,DRIFT,RUSH,15,13,11,-0.0202151444872922,0.26666666666666666,0.0257577719305828,-0.0486479000711951
INDEPENDENT_CURRENT_CONSTITUENTS,TRANSITION_COOLING,20,ERA_2022_2024,SCATTER,CALM,20,19,15,0.029077153028553,0.6,0.05979791624510605,-0.0551527372805003
INDEPENDENT_CURRENT_CONSTITUENTS,TRANSITION_COOLING,20,ERA_2022_2024,SCATTER,DRIFT,4,4,2,-0.04741956438781275,0.5,0.04756404612102935,-0.08625636879911736
INDEPENDENT_CURRENT_CONSTITUENTS,TRANSITION_COOLING,20,ERA_2022_2024,SCATTER,FLEE,1,1,1,0.1968491234957452,1.0,0.2861234803800361,-0.0797262617447654
INDEPENDENT_CURRENT_CONSTITUENTS,TRANSITION_COOLING,20,ERA_2022_2024,SCATTER,RUSH,3,3,3,0.1256665306608912,0.6666666666666666,0.1522216637575602,-0.0927607958609948
INDEPENDENT_CURRENT_CONSTITUENTS,TRANSITION_COOLING,20,ERA_2022_2024,SCATTER,SCATTER,17,17,12,-0.012378811088566,0.47058823529411764,0.0383574723194033,-0.0646532097548042
INDEPENDENT_CURRENT_CONSTITUENTS,TRANSITION_COOLING,20,ERA_2025_2026,CALM,CALM,56,54,31,0.0386828918503997,0.6785714285714286,0.06885557468816655,-0.03124987969863495
INDEPENDENT_CURRENT_CONSTITUENTS,TRANSITION_COOLING,20,ERA_2025_2026,CALM,DRIFT,33,32,19,-0.0144402200400794,0.45454545454545453,0.0359302711839948,-0.0539534356984375
INDEPENDENT_CURRENT_CONSTITUENTS,TRANSITION_COOLING,20,ERA_2025_2026,CALM,RUSH,5,5,4,0.0086533118319862,0.6,0.050789535178032,-0.0607590549167081
INDEPENDENT_CURRENT_CONSTITUENTS,TRANSITION_COOLING,20,ERA_2025_2026,CALM,SCATTER,29,28,19,0.0320917907707432,0.6896551724137931,0.0825054515715137,-0.06347678241112
INDEPENDENT_CURRENT_CONSTITUENTS,TRANSITION_COOLING,20,ERA_2025_2026,DRIFT,CALM,1,1,1,-0.1276700597405091,0.0,0.0243064182147851,-0.1651526210085483
INDEPENDENT_CURRENT_CONSTITUENTS,TRANSITION_COOLING,20,ERA_2025_2026,DRIFT,DRIFT,2,2,1,-0.09258993418346306,0.0,0.02359585275012365,-0.11887942638039545
INDEPENDENT_CURRENT_CONSTITUENTS,TRANSITION_COOLING,20,ERA_2025_2026,DRIFT,SCATTER,1,1,1,0.1018830311739971,1.0,0.1344556661672049,-0.1079436012864417
INDEPENDENT_CURRENT_CONSTITUENTS,TRANSITION_COOLING,20,ERA_2025_2026,SCATTER,CALM,1,1,1,0.2195930708789519,1.0,0.3502973400831159,-0.0040688194053208
INDEPENDENT_CURRENT_CONSTITUENTS,TRANSITION_COOLING,20,ERA_2025_2026,SCATTER,RUSH,2,2,1,0.03780372019725815,1.0,0.04470904961739035,-0.02952424891681065
INDEPENDENT_CURRENT_CONSTITUENTS,TRANSITION_COOLING,20,ERA_2025_2026,SCATTER,SCATTER,8,8,4,0.06465806169080651,0.875,0.14128519569005188,-0.08570621054497665
INDEPENDENT_CURRENT_CONSTITUENTS,TRANSITION_COOLING,21,ERA_2013_2015,CALM,CALM,22,22,17,-0.0066551696812876,0.45454545454545453,0.03298042992814905,-0.060250048753577354
INDEPENDENT_CURRENT_CONSTITUENTS,TRANSITION_COOLING,21,ERA_2013_2015,CALM,DRIFT,20,20,16,0.00708706185560645,0.55,0.0589907348704011,-0.0425625722420225
INDEPENDENT_CURRENT_CONSTITUENTS,TRANSITION_COOLING,21,ERA_2013_2015,CALM,RUSH,2,2,2,-0.020782167751763996,0.5,0.07729592295415515,-0.0709933437786147
INDEPENDENT_CURRENT_CONSTITUENTS,TRANSITION_COOLING,21,ERA_2013_2015,CALM,SCATTER,5,5,4,0.0345824046213849,0.6,0.0443995018413909,-0.0360330783280031
INDEPENDENT_CURRENT_CONSTITUENTS,TRANSITION_COOLING,21,ERA_2013_2015,SCATTER,CALM,12,12,10,0.003035310157734901,0.5,0.04376545360283955,-0.0326522704607331
INDEPENDENT_CURRENT_CONSTITUENTS,TRANSITION_COOLING,21,ERA_2013_2015,SCATTER,SCATTER,10,10,9,0.0302774971873348,0.7,0.0748641415535842,-0.040921496605344
INDEPENDENT_CURRENT_CONSTITUENTS,TRANSITION_COOLING,21,ERA_2016_2018,CALM,CALM,52,48,26,0.028714192695297548,0.6346153846153846,0.0558913606427089,-0.0421615712376543
INDEPENDENT_CURRENT_CONSTITUENTS,TRANSITION_COOLING,21,ERA_2016_2018,CALM,DRIFT,33,31,19,0.041598921740269,0.696969696969697,0.0654096860141744,-0.0240334662994988
INDEPENDENT_CURRENT_CONSTITUENTS,TRANSITION_COOLING,21,ERA_2016_2018,CALM,RUSH,9,8,9,0.0179386436654447,0.5555555555555556,0.0369958717194711,-0.036824927792507
INDEPENDENT_CURRENT_CONSTITUENTS,TRANSITION_COOLING,21,ERA_2016_2018,CALM,SCATTER,12,11,9,0.03133051770891255,0.8333333333333334,0.06404310087767645,-0.03151746679703835
INDEPENDENT_CURRENT_CONSTITUENTS,TRANSITION_COOLING,21,ERA_2016_2018,DRIFT,CALM,24,23,16,0.0077515327338456,0.5833333333333334,0.05165671565253545,-0.0276821110957502
INDEPENDENT_CURRENT_CONSTITUENTS,TRANSITION_COOLING,21,ERA_2016_2018,DRIFT,DRIFT,66,60,29,0.002331392561074,0.5151515151515151,0.0298868209874341,-0.0322386381862806
INDEPENDENT_CURRENT_CONSTITUENTS,TRANSITION_COOLING,21,ERA_2016_2018,DRIFT,RUSH,23,22,10,-0.0325345701219224,0.34782608695652173,0.0150816666430408,-0.048780602893532
INDEPENDENT_CURRENT_CONSTITUENTS,TRANSITION_COOLING,21,ERA_2016_2018,DRIFT,SCATTER,2,2,2,0.013348975179720897,0.5,0.061032636040187105,-0.0345486038392537
INDEPENDENT_CURRENT_CONSTITUENTS,TRANSITION_COOLING,21,ERA_2016_2018,SCATTER,CALM,13,13,8,0.0494692442251163,0.6923076923076923,0.0886947814750676,-0.0477025396817262
INDEPENDENT_CURRENT_CONSTITUENTS,TRANSITION_COOLING,21,ERA_2016_2018,SCATTER,DRIFT,1,1,1,0.0507479331233255,1.0,0.0789905985172543,-0.0105209651204261
INDEPENDENT_CURRENT_CONSTITUENTS,TRANSITION_COOLING,21,ERA_2016_2018,SCATTER,FLEE,1,1,1,0.0051878216330771,1.0,0.0284292160650423,-0.1234697844254164
INDEPENDENT_CURRENT_CONSTITUENTS,TRANSITION_COOLING,21,ERA_2016_2018,SCATTER,SCATTER,7,7,6,0.0128335635044445,0.5714285714285714,0.0341431815074952,-0.0535902380386098
INDEPENDENT_CURRENT_CONSTITUENTS,TRANSITION_COOLING,21,ERA_2019_2021,CALM,CALM,50,47,32,-0.0005034923490048,0.5,0.0500640920627074,-0.05131321477391495
INDEPENDENT_CURRENT_CONSTITUENTS,TRANSITION_COOLING,21,ERA_2019_2021,CALM,DRIFT,58,54,28,0.00743121424241765,0.5344827586206896,0.0406136881299332,-0.0348162756687083
INDEPENDENT_CURRENT_CONSTITUENTS,TRANSITION_COOLING,21,ERA_2019_2021,CALM,RUSH,1,1,1,0.0285211231634634,1.0,0.0637738908801892,-0.010984825
INDEPENDENT_CURRENT_CONSTITUENTS,TRANSITION_COOLING,21,ERA_2019_2021,CALM,SCATTER,6,6,6,0.011404186422075899,0.6666666666666666,0.033103453720226,-0.02429901583243005
INDEPENDENT_CURRENT_CONSTITUENTS,TRANSITION_COOLING,21,ERA_2019_2021,DRIFT,CALM,31,30,21,0.0082162727818944,0.5806451612903226,0.0360445154705801,-0.0311636808615132
INDEPENDENT_CURRENT_CONSTITUENTS,TRANSITION_COOLING,21,ERA_2019_2021,DRIFT,DRIFT,85,78,34,0.0193706896974952,0.611764705882353,0.0477274765339394,-0.0379306023808627
INDEPENDENT_CURRENT_CONSTITUENTS,TRANSITION_COOLING,21,ERA_2019_2021,DRIFT,RUSH,32,32,15,-0.01934021307402905,0.46875,0.0429853956848218,-0.07639660668849865
INDEPENDENT_CURRENT_CONSTITUENTS,TRANSITION_COOLING,21,ERA_2019_2021,DRIFT,SCATTER,2,1,2,0.11739049700987844,0.5,0.1422371897362453,-0.06989221770106055
INDEPENDENT_CURRENT_CONSTITUENTS,TRANSITION_COOLING,21,ERA_2019_2021,SCATTER,CALM,3,3,3,0.0519398827690953,1.0,0.0761026121472514,-0.029961138173443
INDEPENDENT_CURRENT_CONSTITUENTS,TRANSITION_COOLING,21,ERA_2022_2024,CALM,CALM,55,49,27,0.0133650595807508,0.6,0.0511418681155269,-0.0501965486863913
INDEPENDENT_CURRENT_CONSTITUENTS,TRANSITION_COOLING,21,ERA_2022_2024,CALM,DRIFT,18,17,12,0.05344091264441435,0.6666666666666666,0.06600737505307724,-0.04906672798287895
INDEPENDENT_CURRENT_CONSTITUENTS,TRANSITION_COOLING,21,ERA_2022_2024,CALM,RUSH,1,1,1,0.0156383254061491,1.0,0.0968236382965099,-0.0137766198015819
INDEPENDENT_CURRENT_CONSTITUENTS,TRANSITION_COOLING,21,ERA_2022_2024,CALM,SCATTER,18,18,13,0.04054856538805235,0.6666666666666666,0.05537186819524925,-0.0363499714211487
INDEPENDENT_CURRENT_CONSTITUENTS,TRANSITION_COOLING,21,ERA_2022_2024,DRIFT,CALM,24,23,15,0.04172466575168805,0.7083333333333334,0.06904533850857406,-0.0333620267713197
INDEPENDENT_CURRENT_CONSTITUENTS,TRANSITION_COOLING,21,ERA_2022_2024,DRIFT,DRIFT,43,41,23,-0.0311021781036533,0.2558139534883721,0.0298942905427426,-0.059651575100405
INDEPENDENT_CURRENT_CONSTITUENTS,TRANSITION_COOLING,21,ERA_2022_2024,DRIFT,RUSH,15,13,11,-0.0192269322391561,0.13333333333333333,0.0257577719305828,-0.0486479000711951
INDEPENDENT_CURRENT_CONSTITUENTS,TRANSITION_COOLING,21,ERA_2022_2024,SCATTER,CALM,20,19,15,0.03507755963769915,0.65,0.0608900958910917,-0.0551527372805003
INDEPENDENT_CURRENT_CONSTITUENTS,TRANSITION_COOLING,21,ERA_2022_2024,SCATTER,DRIFT,4,4,2,-0.0395386989401143,0.5,0.04756404612102935,-0.08625636879911736
INDEPENDENT_CURRENT_CONSTITUENTS,TRANSITION_COOLING,21,ERA_2022_2024,SCATTER,FLEE,1,1,1,0.2223902333965859,1.0,0.2861234803800361,-0.0797262617447654
INDEPENDENT_CURRENT_CONSTITUENTS,TRANSITION_COOLING,21,ERA_2022_2024,SCATTER,RUSH,3,3,3,0.1097667332310086,0.6666666666666666,0.1522216637575602,-0.0927607958609948
INDEPENDENT_CURRENT_CONSTITUENTS,TRANSITION_COOLING,21,ERA_2022_2024,SCATTER,SCATTER,17,17,12,-0.0126565068396118,0.4117647058823529,0.0383574723194033,-0.0646532097548042
INDEPENDENT_CURRENT_CONSTITUENTS,TRANSITION_COOLING,21,ERA_2025_2026,CALM,CALM,56,54,31,0.044130084771126496,0.6607142857142857,0.0735292567173333,-0.03124987969863495
INDEPENDENT_CURRENT_CONSTITUENTS,TRANSITION_COOLING,21,ERA_2025_2026,CALM,DRIFT,33,32,19,-0.0294637597607456,0.42424242424242425,0.0359302711839948,-0.0563461197653041
INDEPENDENT_CURRENT_CONSTITUENTS,TRANSITION_COOLING,21,ERA_2025_2026,CALM,RUSH,5,5,4,0.0102181214891512,0.6,0.050789535178032,-0.0607590549167081
INDEPENDENT_CURRENT_CONSTITUENTS,TRANSITION_COOLING,21,ERA_2025_2026,CALM,SCATTER,29,28,19,0.042608922511421,0.5862068965517241,0.090568771580054,-0.06347678241112
INDEPENDENT_CURRENT_CONSTITUENTS,TRANSITION_COOLING,21,ERA_2025_2026,DRIFT,CALM,1,1,1,-0.1081921759503201,0.0,0.0243064182147851,-0.1651526210085483
INDEPENDENT_CURRENT_CONSTITUENTS,TRANSITION_COOLING,21,ERA_2025_2026,DRIFT,DRIFT,2,2,1,-0.10665536053814255,0.0,0.02359585275012365,-0.11887942638039545
INDEPENDENT_CURRENT_CONSTITUENTS,TRANSITION_COOLING,21,ERA_2025_2026,DRIFT,SCATTER,1,1,1,0.1514902407724958,1.0,0.1540841019065775,-0.1079436012864417
INDEPENDENT_CURRENT_CONSTITUENTS,TRANSITION_COOLING,21,ERA_2025_2026,SCATTER,CALM,1,1,1,0.2420656663944078,1.0,0.3502973400831159,-0.0040688194053208
INDEPENDENT_CURRENT_CONSTITUENTS,TRANSITION_COOLING,21,ERA_2025_2026,SCATTER,RUSH,2,2,1,0.04474383367207875,1.0,0.048606245854021346,-0.02952424891681065
INDEPENDENT_CURRENT_CONSTITUENTS,TRANSITION_COOLING,21,ERA_2025_2026,SCATTER,SCATTER,8,8,4,0.0688852335216941,0.875,0.14128519569005188,-0.08570621054497665
INDEPENDENT_CURRENT_CONSTITUENTS,TRANSITION_COOLING,40,ERA_2013_2015,CALM,CALM,22,22,17,-0.01600386227469535,0.36363636363636365,0.0408764908449601,-0.0787359091111041
INDEPENDENT_CURRENT_CONSTITUENTS,TRANSITION_COOLING,40,ERA_2013_2015,CALM,DRIFT,20,20,16,0.05595497772155605,0.75,0.08613065050294386,-0.04870375609407495
INDEPENDENT_CURRENT_CONSTITUENTS,TRANSITION_COOLING,40,ERA_2013_2015,CALM,RUSH,2,2,2,0.0721194278879239,0.5,0.1494308980668046,-0.08265921285807064
INDEPENDENT_CURRENT_CONSTITUENTS,TRANSITION_COOLING,40,ERA_2013_2015,CALM,SCATTER,5,5,4,0.0212621365341372,1.0,0.0443995018413909,-0.0626952738568118
INDEPENDENT_CURRENT_CONSTITUENTS,TRANSITION_COOLING,40,ERA_2013_2015,SCATTER,CALM,12,12,10,0.01414022487887485,0.6666666666666666,0.05655989148501635,-0.058604657121640605
INDEPENDENT_CURRENT_CONSTITUENTS,TRANSITION_COOLING,40,ERA_2013_2015,SCATTER,SCATTER,10,10,9,0.003567684843717951,0.5,0.10435564799211644,-0.07275807383931329
INDEPENDENT_CURRENT_CONSTITUENTS,TRANSITION_COOLING,40,ERA_2016_2018,CALM,CALM,52,48,26,0.02978852184802315,0.5961538461538461,0.07249712630806665,-0.05371148523447395
INDEPENDENT_CURRENT_CONSTITUENTS,TRANSITION_COOLING,40,ERA_2016_2018,CALM,DRIFT,33,31,19,0.0510444375852692,0.6666666666666666,0.0990261935811418,-0.0457154806252912
INDEPENDENT_CURRENT_CONSTITUENTS,TRANSITION_COOLING,40,ERA_2016_2018,CALM,RUSH,9,8,9,0.0029896769926669,0.5555555555555556,0.0629612274894928,-0.0553569641206052
INDEPENDENT_CURRENT_CONSTITUENTS,TRANSITION_COOLING,40,ERA_2016_2018,CALM,SCATTER,12,11,9,0.0700446659926058,0.75,0.08902104835842581,-0.0364617148406993
INDEPENDENT_CURRENT_CONSTITUENTS,TRANSITION_COOLING,40,ERA_2016_2018,DRIFT,CALM,24,23,16,0.014915219898208501,0.5416666666666666,0.06475898607016735,-0.0574019844785309
INDEPENDENT_CURRENT_CONSTITUENTS,TRANSITION_COOLING,40,ERA_2016_2018,DRIFT,DRIFT,66,60,29,0.0057968759562887,0.5606060606060606,0.06264889369958901,-0.0473854406018545
INDEPENDENT_CURRENT_CONSTITUENTS,TRANSITION_COOLING,40,ERA_2016_2018,DRIFT,RUSH,23,22,10,-0.0069897223314636,0.34782608695652173,0.0317692791416979,-0.0564084135132999
INDEPENDENT_CURRENT_CONSTITUENTS,TRANSITION_COOLING,40,ERA_2016_2018,DRIFT,SCATTER,2,2,2,0.0019592596585653495,0.5,0.0634282347080171,-0.04570932422814415
INDEPENDENT_CURRENT_CONSTITUENTS,TRANSITION_COOLING,40,ERA_2016_2018,SCATTER,CALM,13,13,8,-0.0261947502828755,0.46153846153846156,0.1097720159381887,-0.0862519668813146
INDEPENDENT_CURRENT_CONSTITUENTS,TRANSITION_COOLING,40,ERA_2016_2018,SCATTER,DRIFT,1,1,1,0.1091338941010544,1.0,0.1136555956961131,-0.0105209651204261
INDEPENDENT_CURRENT_CONSTITUENTS,TRANSITION_COOLING,40,ERA_2016_2018,SCATTER,FLEE,1,1,1,0.1454657225206974,1.0,0.151276030499353,-0.1234697844254164
INDEPENDENT_CURRENT_CONSTITUENTS,TRANSITION_COOLING,40,ERA_2016_2018,SCATTER,SCATTER,7,7,6,0.0625875060954623,0.8571428571428571,0.0858511240943409,-0.0535902380386098
INDEPENDENT_CURRENT_CONSTITUENTS,TRANSITION_COOLING,40,ERA_2019_2021,CALM,CALM,50,47,32,0.019096565364270603,0.58,0.07132512640265379,-0.06969341644951646
INDEPENDENT_CURRENT_CONSTITUENTS,TRANSITION_COOLING,40,ERA_2019_2021,CALM,DRIFT,58,54,28,0.016344851411697052,0.6206896551724138,0.0606835795123572,-0.0431068433374247
INDEPENDENT_CURRENT_CONSTITUENTS,TRANSITION_COOLING,40,ERA_2019_2021,CALM,RUSH,1,1,1,0.0083003744924863,1.0,0.0709472651756089,-0.0158887419850192
INDEPENDENT_CURRENT_CONSTITUENTS,TRANSITION_COOLING,40,ERA_2019_2021,CALM,SCATTER,6,6,6,0.02840340379914345,0.6666666666666666,0.06864134050583211,-0.02429901583243005
INDEPENDENT_CURRENT_CONSTITUENTS,TRANSITION_COOLING,40,ERA_2019_2021,DRIFT,CALM,31,30,21,0.0119329506023821,0.5806451612903226,0.0574726432496237,-0.0422239517007662
INDEPENDENT_CURRENT_CONSTITUENTS,TRANSITION_COOLING,40,ERA_2019_2021,DRIFT,DRIFT,85,78,34,0.0328971475531054,0.6470588235294118,0.0775787937521137,-0.0466315752633108
INDEPENDENT_CURRENT_CONSTITUENTS,TRANSITION_COOLING,40,ERA_2019_2021,DRIFT,RUSH,32,32,15,-0.0091164401383327,0.46875,0.0457099178293731,-0.08146136352290914
INDEPENDENT_CURRENT_CONSTITUENTS,TRANSITION_COOLING,40,ERA_2019_2021,DRIFT,SCATTER,2,1,2,0.1456034990919932,0.5,0.1801941435454881,-0.06989221770106055
INDEPENDENT_CURRENT_CONSTITUENTS,TRANSITION_COOLING,40,ERA_2019_2021,SCATTER,CALM,3,3,3,-0.0946473550620033,0.0,0.0761026121472514,-0.1166253046629191
INDEPENDENT_CURRENT_CONSTITUENTS,TRANSITION_COOLING,40,ERA_2022_2024,CALM,CALM,55,49,27,0.0084986697471471,0.509090909090909,0.0801904276053415,-0.0759532128922204
INDEPENDENT_CURRENT_CONSTITUENTS,TRANSITION_COOLING,40,ERA_2022_2024,CALM,DRIFT,18,17,12,0.03379453674806925,0.6666666666666666,0.09764040307699345,-0.0493246622753381
INDEPENDENT_CURRENT_CONSTITUENTS,TRANSITION_COOLING,40,ERA_2022_2024,CALM,RUSH,1,1,1,0.0339931935330615,1.0,0.097294192561431,-0.0453093276617715
INDEPENDENT_CURRENT_CONSTITUENTS,TRANSITION_COOLING,40,ERA_2022_2024,CALM,SCATTER,18,18,13,0.04511493973652475,0.7222222222222222,0.09170201946587996,-0.04508252015843935
INDEPENDENT_CURRENT_CONSTITUENTS,TRANSITION_COOLING,40,ERA_2022_2024,DRIFT,CALM,24,23,15,0.0229693712507962,0.5416666666666666,0.0902480924813634,-0.04009948548419255
INDEPENDENT_CURRENT_CONSTITUENTS,TRANSITION_COOLING,40,ERA_2022_2024,DRIFT,DRIFT,43,41,23,-0.0141513136067565,0.4883720930232558,0.0549116562576317,-0.0867993167325402
INDEPENDENT_CURRENT_CONSTITUENTS,TRANSITION_COOLING,40,ERA_2022_2024,DRIFT,RUSH,15,13,11,-0.0477609613326414,0.26666666666666666,0.036268054477744,-0.1011983167081375
INDEPENDENT_CURRENT_CONSTITUENTS,TRANSITION_COOLING,40,ERA_2022_2024,SCATTER,CALM,20,19,15,0.0910816360607372,0.65,0.11334852378769696,-0.06293943335972015
INDEPENDENT_CURRENT_CONSTITUENTS,TRANSITION_COOLING,40,ERA_2022_2024,SCATTER,DRIFT,4,4,2,-0.03498595103843265,0.25,0.04756404612102935,-0.13925741229873526
INDEPENDENT_CURRENT_CONSTITUENTS,TRANSITION_COOLING,40,ERA_2022_2024,SCATTER,FLEE,1,1,1,0.1957351881069338,1.0,0.3819222810743421,-0.0797262617447654
INDEPENDENT_CURRENT_CONSTITUENTS,TRANSITION_COOLING,40,ERA_2022_2024,SCATTER,RUSH,3,3,3,-0.1512966301843789,0.3333333333333333,0.2044981595680148,-0.2225992189930721
INDEPENDENT_CURRENT_CONSTITUENTS,TRANSITION_COOLING,40,ERA_2022_2024,SCATTER,SCATTER,17,17,12,0.0241809045984047,0.5882352941176471,0.0724637099921825,-0.0849517117134442
INDEPENDENT_CURRENT_CONSTITUENTS,TRANSITION_COOLING,40,ERA_2025_2026,CALM,CALM,53,51,30,0.0333948288721976,0.6792452830188679,0.1165138980794249,-0.052869837875623
INDEPENDENT_CURRENT_CONSTITUENTS,TRANSITION_COOLING,40,ERA_2025_2026,CALM,DRIFT,30,29,17,0.01174430251279185,0.5333333333333333,0.05831213465468815,-0.0602922621735079
INDEPENDENT_CURRENT_CONSTITUENTS,TRANSITION_COOLING,40,ERA_2025_2026,CALM,RUSH,5,5,4,0.0355615480139897,0.6,0.0864775907015142,-0.1041962932053505
INDEPENDENT_CURRENT_CONSTITUENTS,TRANSITION_COOLING,40,ERA_2025_2026,CALM,SCATTER,28,27,18,0.02335922460805705,0.5714285714285714,0.14990949276545268,-0.08912750746314654
INDEPENDENT_CURRENT_CONSTITUENTS,TRANSITION_COOLING,40,ERA_2025_2026,DRIFT,CALM,1,1,1,-0.0414109319880399,0.0,0.0243064182147851,-0.1651526210085483
INDEPENDENT_CURRENT_CONSTITUENTS,TRANSITION_COOLING,40,ERA_2025_2026,DRIFT,DRIFT,2,2,1,-0.10573116080071979,0.0,0.02359585275012365,-0.16322293125376852
INDEPENDENT_CURRENT_CONSTITUENTS,TRANSITION_COOLING,40,ERA_2025_2026,DRIFT,SCATTER,1,1,1,0.1618796360744641,1.0,0.1755580454543572,-0.2227937228846819
INDEPENDENT_CURRENT_CONSTITUENTS,TRANSITION_COOLING,40,ERA_2025_2026,SCATTER,CALM,1,1,1,0.1000939278117332,1.0,0.3834115590249201,-0.0040688194053208
INDEPENDENT_CURRENT_CONSTITUENTS,TRANSITION_COOLING,40,ERA_2025_2026,SCATTER,RUSH,2,2,1,0.0066449570791585495,1.0,0.05540558402095525,-0.02952424891681065
INDEPENDENT_CURRENT_CONSTITUENTS,TRANSITION_COOLING,40,ERA_2025_2026,SCATTER,SCATTER,8,8,4,0.09242335208118785,1.0,0.19723647995294163,-0.08570621054497665
INDEPENDENT_CURRENT_CONSTITUENTS,TRANSITION_COOLING,60,ERA_2013_2015,CALM,CALM,22,22,17,0.009016676653592,0.6363636363636364,0.0555867564505503,-0.0787359091111041
INDEPENDENT_CURRENT_CONSTITUENTS,TRANSITION_COOLING,60,ERA_2013_2015,CALM,DRIFT,20,20,16,0.06195376192749765,0.75,0.1060282147157878,-0.04870375609407495
INDEPENDENT_CURRENT_CONSTITUENTS,TRANSITION_COOLING,60,ERA_2013_2015,CALM,RUSH,2,2,2,0.08010346710869076,0.5,0.2691545804493664,-0.08265921285807064
INDEPENDENT_CURRENT_CONSTITUENTS,TRANSITION_COOLING,60,ERA_2013_2015,CALM,SCATTER,5,5,4,0.0307800460030966,0.6,0.0742149819844091,-0.0626952738568118
INDEPENDENT_CURRENT_CONSTITUENTS,TRANSITION_COOLING,60,ERA_2013_2015,SCATTER,CALM,12,12,10,0.0267348968490114,0.6666666666666666,0.08111814016029614,-0.08351260600487526
INDEPENDENT_CURRENT_CONSTITUENTS,TRANSITION_COOLING,60,ERA_2013_2015,SCATTER,SCATTER,10,10,9,-0.0367862073209315,0.5,0.1074667284200421,-0.1052725967820692
INDEPENDENT_CURRENT_CONSTITUENTS,TRANSITION_COOLING,60,ERA_2016_2018,CALM,CALM,52,48,26,0.0160141214825095,0.5384615384615384,0.09390952719041065,-0.0613656178483227
INDEPENDENT_CURRENT_CONSTITUENTS,TRANSITION_COOLING,60,ERA_2016_2018,CALM,DRIFT,33,31,19,0.0617958145598098,0.696969696969697,0.1166998701003301,-0.0676654859342942
INDEPENDENT_CURRENT_CONSTITUENTS,TRANSITION_COOLING,60,ERA_2016_2018,CALM,RUSH,9,8,9,-0.0108522729632116,0.4444444444444444,0.0629612274894928,-0.0592688537208682
INDEPENDENT_CURRENT_CONSTITUENTS,TRANSITION_COOLING,60,ERA_2016_2018,CALM,SCATTER,12,11,9,0.0771991936465963,0.75,0.1168940948874024,-0.03921113394357925
INDEPENDENT_CURRENT_CONSTITUENTS,TRANSITION_COOLING,60,ERA_2016_2018,DRIFT,CALM,24,23,16,0.0365609006146554,0.625,0.08293657037326135,-0.0574019844785309
INDEPENDENT_CURRENT_CONSTITUENTS,TRANSITION_COOLING,60,ERA_2016_2018,DRIFT,DRIFT,66,60,29,0.014564172567251149,0.5757575757575758,0.08017778893417721,-0.06696192362908684
INDEPENDENT_CURRENT_CONSTITUENTS,TRANSITION_COOLING,60,ERA_2016_2018,DRIFT,RUSH,23,22,10,0.0110952278176756,0.6086956521739131,0.0437586524701274,-0.0564084135132999
INDEPENDENT_CURRENT_CONSTITUENTS,TRANSITION_COOLING,60,ERA_2016_2018,DRIFT,SCATTER,2,2,2,0.0227553191471164,0.5,0.0812750157487448,-0.04570932422814415
INDEPENDENT_CURRENT_CONSTITUENTS,TRANSITION_COOLING,60,ERA_2016_2018,SCATTER,CALM,13,13,8,0.0373658596968813,0.6153846153846154,0.1097720159381887,-0.0985293884839741
INDEPENDENT_CURRENT_CONSTITUENTS,TRANSITION_COOLING,60,ERA_2016_2018,SCATTER,DRIFT,1,1,1,0.1439953890199319,1.0,0.1745969532468136,-0.0105209651204261
INDEPENDENT_CURRENT_CONSTITUENTS,TRANSITION_COOLING,60,ERA_2016_2018,SCATTER,FLEE,1,1,1,0.1905657851895097,1.0,0.1930604005059026,-0.1234697844254164
INDEPENDENT_CURRENT_CONSTITUENTS,TRANSITION_COOLING,60,ERA_2016_2018,SCATTER,SCATTER,7,7,6,0.0847830797242883,0.7142857142857143,0.1158525142468069,-0.0535902380386098
INDEPENDENT_CURRENT_CONSTITUENTS,TRANSITION_COOLING,60,ERA_2019_2021,CALM,CALM,50,47,32,0.0388263156397754,0.68,0.09401717820237095,-0.07579851357790425
INDEPENDENT_CURRENT_CONSTITUENTS,TRANSITION_COOLING,60,ERA_2019_2021,CALM,DRIFT,58,54,28,0.036914856803571594,0.5862068965517241,0.08625333052531389,-0.055985016819219
INDEPENDENT_CURRENT_CONSTITUENTS,TRANSITION_COOLING,60,ERA_2019_2021,CALM,RUSH,1,1,1,0.0404248172862147,1.0,0.0709472651756089,-0.0158887419850192
INDEPENDENT_CURRENT_CONSTITUENTS,TRANSITION_COOLING,60,ERA_2019_2021,CALM,SCATTER,6,6,6,0.0225881767183806,0.6666666666666666,0.0702193955044564,-0.02429901583243005
INDEPENDENT_CURRENT_CONSTITUENTS,TRANSITION_COOLING,60,ERA_2019_2021,DRIFT,CALM,31,30,21,-0.0205120608858208,0.3870967741935484,0.0719154962415011,-0.0759942132503332
INDEPENDENT_CURRENT_CONSTITUENTS,TRANSITION_COOLING,60,ERA_2019_2021,DRIFT,DRIFT,85,78,34,0.0455710002503193,0.6588235294117647,0.1072804189480249,-0.0555330712234272
INDEPENDENT_CURRENT_CONSTITUENTS,TRANSITION_COOLING,60,ERA_2019_2021,DRIFT,RUSH,32,32,15,0.0223007348288367,0.59375,0.08357594833476595,-0.08461851049610535
INDEPENDENT_CURRENT_CONSTITUENTS,TRANSITION_COOLING,60,ERA_2019_2021,DRIFT,SCATTER,2,1,2,0.11004495254295454,0.5,0.19384089119645107,-0.06989221770106055
INDEPENDENT_CURRENT_CONSTITUENTS,TRANSITION_COOLING,60,ERA_2019_2021,SCATTER,CALM,3,3,3,-0.0514002041514992,0.0,0.0761026121472514,-0.1300957426871752
INDEPENDENT_CURRENT_CONSTITUENTS,TRANSITION_COOLING,60,ERA_2022_2024,CALM,CALM,55,49,27,0.0528759057870344,0.6909090909090909,0.1052747380279766,-0.0920918274307831
INDEPENDENT_CURRENT_CONSTITUENTS,TRANSITION_COOLING,60,ERA_2022_2024,CALM,DRIFT,18,17,12,0.0109605404753425,0.5555555555555556,0.1194841615003512,-0.05540321946022025
INDEPENDENT_CURRENT_CONSTITUENTS,TRANSITION_COOLING,60,ERA_2022_2024,CALM,RUSH,1,1,1,-0.2829819096159963,0.0,0.097294192561431,-0.2841584883238108
INDEPENDENT_CURRENT_CONSTITUENTS,TRANSITION_COOLING,60,ERA_2022_2024,CALM,SCATTER,18,18,13,0.0734744763183311,0.7222222222222222,0.10796622810545214,-0.054624442029536105
INDEPENDENT_CURRENT_CONSTITUENTS,TRANSITION_COOLING,60,ERA_2022_2024,DRIFT,CALM,24,23,15,0.0209441174424237,0.625,0.11650322849889035,-0.07406621662101426
INDEPENDENT_CURRENT_CONSTITUENTS,TRANSITION_COOLING,60,ERA_2022_2024,DRIFT,DRIFT,43,41,23,0.0143750359667886,0.5813953488372093,0.0829381845339671,-0.0872931994987468
INDEPENDENT_CURRENT_CONSTITUENTS,TRANSITION_COOLING,60,ERA_2022_2024,DRIFT,RUSH,15,13,11,-0.0601007508902291,0.26666666666666666,0.0407017879532198,-0.1021800136432147
INDEPENDENT_CURRENT_CONSTITUENTS,TRANSITION_COOLING,60,ERA_2022_2024,SCATTER,CALM,20,19,15,0.1220907669167684,0.75,0.18619154444292568,-0.07122720402752081
INDEPENDENT_CURRENT_CONSTITUENTS,TRANSITION_COOLING,60,ERA_2022_2024,SCATTER,DRIFT,4,4,2,0.04002503892252465,0.75,0.0542394561481827,-0.13925741229873526
INDEPENDENT_CURRENT_CONSTITUENTS,TRANSITION_COOLING,60,ERA_2022_2024,SCATTER,FLEE,1,1,1,0.3718173399781572,1.0,0.4131127122538685,-0.0797262617447654
INDEPENDENT_CURRENT_CONSTITUENTS,TRANSITION_COOLING,60,ERA_2022_2024,SCATTER,RUSH,3,3,3,-0.0952054475375433,0.3333333333333333,0.2044981595680148,-0.2454160193722661
INDEPENDENT_CURRENT_CONSTITUENTS,TRANSITION_COOLING,60,ERA_2022_2024,SCATTER,SCATTER,17,17,12,0.0086966947882984,0.5882352941176471,0.0799814213973171,-0.0921091395291702
INDEPENDENT_CURRENT_CONSTITUENTS,TRANSITION_COOLING,60,ERA_2025_2026,CALM,CALM,50,48,28,0.054633320052881545,0.6,0.15798024874936817,-0.06522451825401125
INDEPENDENT_CURRENT_CONSTITUENTS,TRANSITION_COOLING,60,ERA_2025_2026,CALM,DRIFT,25,25,16,-0.0189326066597833,0.48,0.0967456652010121,-0.1137599692500622
INDEPENDENT_CURRENT_CONSTITUENTS,TRANSITION_COOLING,60,ERA_2025_2026,CALM,RUSH,5,5,4,0.1406336759584929,0.8,0.1464043634131324,-0.1041962932053505
INDEPENDENT_CURRENT_CONSTITUENTS,TRANSITION_COOLING,60,ERA_2025_2026,CALM,SCATTER,28,27,18,0.0047756031145102,0.5,0.17422717328104986,-0.1180492480469145
INDEPENDENT_CURRENT_CONSTITUENTS,TRANSITION_COOLING,60,ERA_2025_2026,DRIFT,CALM,1,1,1,0.0525863892422251,1.0,0.1072100247226195,-0.1651526210085483
INDEPENDENT_CURRENT_CONSTITUENTS,TRANSITION_COOLING,60,ERA_2025_2026,DRIFT,DRIFT,2,2,1,-0.03509023676208725,0.5,0.02814005950137785,-0.16322293125376852
INDEPENDENT_CURRENT_CONSTITUENTS,TRANSITION_COOLING,60,ERA_2025_2026,DRIFT,SCATTER,1,1,1,0.9127125062711328,1.0,1.042683360093324,-0.2227937228846819
INDEPENDENT_CURRENT_CONSTITUENTS,TRANSITION_COOLING,60,ERA_2025_2026,SCATTER,CALM,1,1,1,0.0424665045367225,1.0,0.3834115590249201,-0.0813145923941446
INDEPENDENT_CURRENT_CONSTITUENTS,TRANSITION_COOLING,60,ERA_2025_2026,SCATTER,RUSH,2,2,1,0.030688983327780202,1.0,0.05540558402095525,-0.02952424891681065
INDEPENDENT_CURRENT_CONSTITUENTS,TRANSITION_COOLING,60,ERA_2025_2026,SCATTER,SCATTER,8,8,4,0.07475411851466425,0.75,0.22866684204847373,-0.09425207777557934
INDEPENDENT_CURRENT_CONSTITUENTS,TRANSITION_COOLING,63,ERA_2013_2015,CALM,CALM,22,22,17,0.01281417435209085,0.5454545454545454,0.0555867564505503,-0.0787359091111041
INDEPENDENT_CURRENT_CONSTITUENTS,TRANSITION_COOLING,63,ERA_2013_2015,CALM,DRIFT,20,20,16,0.0528192812255984,0.75,0.11299284228826695,-0.04870375609407495
INDEPENDENT_CURRENT_CONSTITUENTS,TRANSITION_COOLING,63,ERA_2013_2015,CALM,RUSH,2,2,2,0.0625207716316327,0.5,0.2691545804493664,-0.08265921285807064
INDEPENDENT_CURRENT_CONSTITUENTS,TRANSITION_COOLING,63,ERA_2013_2015,CALM,SCATTER,5,5,4,0.0318699796000978,0.6,0.0742149819844091,-0.0626952738568118
INDEPENDENT_CURRENT_CONSTITUENTS,TRANSITION_COOLING,63,ERA_2013_2015,SCATTER,CALM,12,12,10,0.0386913874397002,0.6666666666666666,0.08111814016029614,-0.08351260600487526
INDEPENDENT_CURRENT_CONSTITUENTS,TRANSITION_COOLING,63,ERA_2013_2015,SCATTER,SCATTER,10,10,9,-0.03836167892180275,0.3,0.1074667284200421,-0.1052725967820692
INDEPENDENT_CURRENT_CONSTITUENTS,TRANSITION_COOLING,63,ERA_2016_2018,CALM,CALM,52,48,26,0.021407791533973403,0.5192307692307693,0.0956732524029926,-0.0680927325814106
INDEPENDENT_CURRENT_CONSTITUENTS,TRANSITION_COOLING,63,ERA_2016_2018,CALM,DRIFT,33,31,19,0.0461804603059741,0.6363636363636364,0.1166998701003301,-0.0676654859342942
INDEPENDENT_CURRENT_CONSTITUENTS,TRANSITION_COOLING,63,ERA_2016_2018,CALM,RUSH,9,8,9,0.0111966540705854,0.5555555555555556,0.0629612274894928,-0.0636652679732429
INDEPENDENT_CURRENT_CONSTITUENTS,TRANSITION_COOLING,63,ERA_2016_2018,CALM,SCATTER,12,11,9,0.0923303586330803,0.75,0.1233240364587877,-0.03921113394357925
INDEPENDENT_CURRENT_CONSTITUENTS,TRANSITION_COOLING,63,ERA_2016_2018,DRIFT,CALM,24,23,16,0.0356566990672123,0.6666666666666666,0.0888039014995466,-0.0574019844785309
INDEPENDENT_CURRENT_CONSTITUENTS,TRANSITION_COOLING,63,ERA_2016_2018,DRIFT,DRIFT,66,60,29,0.0299549423423982,0.6515151515151515,0.08685499801452,-0.06696192362908684
INDEPENDENT_CURRENT_CONSTITUENTS,TRANSITION_COOLING,63,ERA_2016_2018,DRIFT,RUSH,23,22,10,0.0202131105263414,0.6521739130434783,0.0437586524701274,-0.0564084135132999
INDEPENDENT_CURRENT_CONSTITUENTS,TRANSITION_COOLING,63,ERA_2016_2018,DRIFT,SCATTER,2,2,2,0.025672967154293652,0.5,0.0812750157487448,-0.04570932422814415
INDEPENDENT_CURRENT_CONSTITUENTS,TRANSITION_COOLING,63,ERA_2016_2018,SCATTER,CALM,13,13,8,0.0367301475530135,0.6153846153846154,0.1097720159381887,-0.0985293884839741
INDEPENDENT_CURRENT_CONSTITUENTS,TRANSITION_COOLING,63,ERA_2016_2018,SCATTER,DRIFT,1,1,1,0.1694205189945015,1.0,0.1745969532468136,-0.0105209651204261
INDEPENDENT_CURRENT_CONSTITUENTS,TRANSITION_COOLING,63,ERA_2016_2018,SCATTER,FLEE,1,1,1,0.2069890488702817,1.0,0.2107310123190717,-0.1234697844254164
INDEPENDENT_CURRENT_CONSTITUENTS,TRANSITION_COOLING,63,ERA_2016_2018,SCATTER,SCATTER,7,7,6,0.080084007381338,0.8571428571428571,0.1293741540032336,-0.0535902380386098
INDEPENDENT_CURRENT_CONSTITUENTS,TRANSITION_COOLING,63,ERA_2019_2021,CALM,CALM,50,47,32,0.039847278342923606,0.7,0.0944069722796098,-0.07579851357790425
INDEPENDENT_CURRENT_CONSTITUENTS,TRANSITION_COOLING,63,ERA_2019_2021,CALM,DRIFT,58,54,28,0.036353488117706056,0.6206896551724138,0.0876507908721341,-0.055985016819219
INDEPENDENT_CURRENT_CONSTITUENTS,TRANSITION_COOLING,63,ERA_2019_2021,CALM,RUSH,1,1,1,0.038288307349666,1.0,0.0709472651756089,-0.0158887419850192
INDEPENDENT_CURRENT_CONSTITUENTS,TRANSITION_COOLING,63,ERA_2019_2021,CALM,SCATTER,6,6,6,-0.00194313064321785,0.5,0.0702193955044564,-0.02594779648087285
INDEPENDENT_CURRENT_CONSTITUENTS,TRANSITION_COOLING,63,ERA_2019_2021,DRIFT,CALM,31,30,21,-0.0158473602861051,0.41935483870967744,0.0729783392809559,-0.0759942132503332
INDEPENDENT_CURRENT_CONSTITUENTS,TRANSITION_COOLING,63,ERA_2019_2021,DRIFT,DRIFT,85,78,34,0.0509309513783946,0.6352941176470588,0.1072804189480249,-0.0555330712234272
INDEPENDENT_CURRENT_CONSTITUENTS,TRANSITION_COOLING,63,ERA_2019_2021,DRIFT,RUSH,32,32,15,0.04187356024342295,0.65625,0.08968808366500619,-0.0855943823172194
INDEPENDENT_CURRENT_CONSTITUENTS,TRANSITION_COOLING,63,ERA_2019_2021,DRIFT,SCATTER,2,1,2,0.1037326478358777,0.5,0.19384089119645107,-0.0798402097780468
INDEPENDENT_CURRENT_CONSTITUENTS,TRANSITION_COOLING,63,ERA_2019_2021,SCATTER,CALM,3,3,3,-0.0212691169423457,0.3333333333333333,0.0761026121472514,-0.1300957426871752
INDEPENDENT_CURRENT_CONSTITUENTS,TRANSITION_COOLING,63,ERA_2022_2024,CALM,CALM,55,49,27,0.0546448675580626,0.6909090909090909,0.1052747380279766,-0.0920918274307831
INDEPENDENT_CURRENT_CONSTITUENTS,TRANSITION_COOLING,63,ERA_2022_2024,CALM,DRIFT,18,17,12,-0.00030361500521094986,0.5,0.1194841615003512,-0.05540321946022025
INDEPENDENT_CURRENT_CONSTITUENTS,TRANSITION_COOLING,63,ERA_2022_2024,CALM,RUSH,1,1,1,-0.2728631991299816,0.0,0.097294192561431,-0.2935712646931787
INDEPENDENT_CURRENT_CONSTITUENTS,TRANSITION_COOLING,63,ERA_2022_2024,CALM,SCATTER,18,18,13,0.08224681748010475,0.8333333333333334,0.1117410525984956,-0.054624442029536105
INDEPENDENT_CURRENT_CONSTITUENTS,TRANSITION_COOLING,63,ERA_2022_2024,DRIFT,CALM,24,23,15,0.0073345239927849505,0.5,0.11708652865839195,-0.07406621662101426
INDEPENDENT_CURRENT_CONSTITUENTS,TRANSITION_COOLING,63,ERA_2022_2024,DRIFT,DRIFT,43,41,23,0.0157952192742536,0.627906976744186,0.0829381845339671,-0.0872931994987468
INDEPENDENT_CURRENT_CONSTITUENTS,TRANSITION_COOLING,63,ERA_2022_2024,DRIFT,RUSH,15,13,11,-0.0688563977311378,0.2,0.0407017879532198,-0.1039590496457399
INDEPENDENT_CURRENT_CONSTITUENTS,TRANSITION_COOLING,63,ERA_2022_2024,SCATTER,CALM,20,19,15,0.1305984605427119,0.75,0.18656879694280426,-0.07122720402752081
INDEPENDENT_CURRENT_CONSTITUENTS,TRANSITION_COOLING,63,ERA_2022_2024,SCATTER,DRIFT,4,4,2,0.0327839119373547,0.75,0.05873899845476145,-0.13925741229873526
INDEPENDENT_CURRENT_CONSTITUENTS,TRANSITION_COOLING,63,ERA_2022_2024,SCATTER,FLEE,1,1,1,0.4131127122538685,1.0,0.4742202288171062,-0.0797262617447654
INDEPENDENT_CURRENT_CONSTITUENTS,TRANSITION_COOLING,63,ERA_2022_2024,SCATTER,RUSH,3,3,3,-0.0658513772668473,0.3333333333333333,0.2044981595680148,-0.2454160193722661
INDEPENDENT_CURRENT_CONSTITUENTS,TRANSITION_COOLING,63,ERA_2022_2024,SCATTER,SCATTER,17,17,12,0.0409862855058997,0.6470588235294118,0.0799814213973171,-0.0921091395291702
INDEPENDENT_CURRENT_CONSTITUENTS,TRANSITION_COOLING,63,ERA_2025_2026,CALM,CALM,50,48,28,0.053724107433028745,0.64,0.1630694468168587,-0.06522451825401125
INDEPENDENT_CURRENT_CONSTITUENTS,TRANSITION_COOLING,63,ERA_2025_2026,CALM,DRIFT,23,23,15,-0.0788069989592142,0.30434782608695654,0.0967456652010121,-0.144151926994728
INDEPENDENT_CURRENT_CONSTITUENTS,TRANSITION_COOLING,63,ERA_2025_2026,CALM,RUSH,5,5,4,0.1758861113809697,0.8,0.2125735065193195,-0.1041962932053505
INDEPENDENT_CURRENT_CONSTITUENTS,TRANSITION_COOLING,63,ERA_2025_2026,CALM,SCATTER,28,27,18,0.023826519228630598,0.5357142857142857,0.1810770907959518,-0.1180492480469145
INDEPENDENT_CURRENT_CONSTITUENTS,TRANSITION_COOLING,63,ERA_2025_2026,DRIFT,CALM,1,1,1,0.0323586447180042,1.0,0.1072100247226195,-0.1651526210085483
INDEPENDENT_CURRENT_CONSTITUENTS,TRANSITION_COOLING,63,ERA_2025_2026,DRIFT,DRIFT,2,2,1,-0.011438898657571098,0.5,0.0416824468283805,-0.16322293125376852
INDEPENDENT_CURRENT_CONSTITUENTS,TRANSITION_COOLING,63,ERA_2025_2026,DRIFT,SCATTER,1,1,1,0.8081166908562274,1.0,1.042683360093324,-0.2227937228846819
INDEPENDENT_CURRENT_CONSTITUENTS,TRANSITION_COOLING,63,ERA_2025_2026,SCATTER,CALM,1,1,1,-0.0166511437735877,0.0,0.3834115590249201,-0.0813145923941446
INDEPENDENT_CURRENT_CONSTITUENTS,TRANSITION_COOLING,63,ERA_2025_2026,SCATTER,RUSH,2,2,1,0.0585912604841667,1.0,0.0632644648323569,-0.02952424891681065
INDEPENDENT_CURRENT_CONSTITUENTS,TRANSITION_COOLING,63,ERA_2025_2026,SCATTER,SCATTER,8,8,4,0.15576312968452038,0.875,0.22866684204847373,-0.09425207777557934
INDEPENDENT_CURRENT_CONSTITUENTS,TRANSITION_COOLING,126,ERA_2013_2015,CALM,CALM,22,22,17,0.0208585704290117,0.5909090909090909,0.11310249436538695,-0.1002307293557421
INDEPENDENT_CURRENT_CONSTITUENTS,TRANSITION_COOLING,126,ERA_2013_2015,CALM,DRIFT,20,20,16,0.0317753893992894,0.6,0.1421034739699204,-0.06123491401589805
INDEPENDENT_CURRENT_CONSTITUENTS,TRANSITION_COOLING,126,ERA_2013_2015,CALM,RUSH,2,2,2,-0.16586386477920503,0.0,0.2691545804493664,-0.29517850818752167
INDEPENDENT_CURRENT_CONSTITUENTS,TRANSITION_COOLING,126,ERA_2013_2015,CALM,SCATTER,5,5,4,-0.0421940670039322,0.4,0.0742149819844091,-0.0897270093296115
INDEPENDENT_CURRENT_CONSTITUENTS,TRANSITION_COOLING,126,ERA_2013_2015,SCATTER,CALM,12,12,10,0.0370877179258176,0.5833333333333334,0.1381620209151353,-0.0933002848876757
INDEPENDENT_CURRENT_CONSTITUENTS,TRANSITION_COOLING,126,ERA_2013_2015,SCATTER,SCATTER,10,10,9,0.019095058677124847,0.5,0.11831580623977775,-0.11898304678455045
INDEPENDENT_CURRENT_CONSTITUENTS,TRANSITION_COOLING,126,ERA_2016_2018,CALM,CALM,52,48,26,0.0177937759998213,0.5769230769230769,0.1357111345951096,-0.09124826840312646
INDEPENDENT_CURRENT_CONSTITUENTS,TRANSITION_COOLING,126,ERA_2016_2018,CALM,DRIFT,33,31,19,0.0872848228970368,0.6363636363636364,0.1919192298073784,-0.0711024944610002
INDEPENDENT_CURRENT_CONSTITUENTS,TRANSITION_COOLING,126,ERA_2016_2018,CALM,RUSH,9,8,9,0.0071916841855335,0.5555555555555556,0.0629612274894928,-0.0797003445194244
INDEPENDENT_CURRENT_CONSTITUENTS,TRANSITION_COOLING,126,ERA_2016_2018,CALM,SCATTER,12,11,9,0.035956621310410955,0.5833333333333334,0.1478488667752158,-0.0979048736574249
INDEPENDENT_CURRENT_CONSTITUENTS,TRANSITION_COOLING,126,ERA_2016_2018,DRIFT,CALM,24,23,16,0.1075429867881143,0.7083333333333334,0.1683917171290676,-0.0659866049176817
INDEPENDENT_CURRENT_CONSTITUENTS,TRANSITION_COOLING,126,ERA_2016_2018,DRIFT,DRIFT,66,60,29,0.08412353569502524,0.7727272727272727,0.15510884167043354,-0.06696192362908684
INDEPENDENT_CURRENT_CONSTITUENTS,TRANSITION_COOLING,126,ERA_2016_2018,DRIFT,RUSH,23,22,10,0.02427513352777,0.5652173913043478,0.0746822653401986,-0.0615206569609104
INDEPENDENT_CURRENT_CONSTITUENTS,TRANSITION_COOLING,126,ERA_2016_2018,DRIFT,SCATTER,2,2,2,0.0386858820342346,1.0,0.10814718816815286,-0.0486325827879701
INDEPENDENT_CURRENT_CONSTITUENTS,TRANSITION_COOLING,126,ERA_2016_2018,SCATTER,CALM,13,13,8,0.036474846219535,0.5384615384615384,0.1511527028447101,-0.1107799231417909
INDEPENDENT_CURRENT_CONSTITUENTS,TRANSITION_COOLING,126,ERA_2016_2018,SCATTER,DRIFT,1,1,1,0.0144479669506709,1.0,0.2072645407596547,-0.0105209651204261
INDEPENDENT_CURRENT_CONSTITUENTS,TRANSITION_COOLING,126,ERA_2016_2018,SCATTER,FLEE,1,1,1,0.3848089046415424,1.0,0.3960624502097267,-0.1234697844254164
INDEPENDENT_CURRENT_CONSTITUENTS,TRANSITION_COOLING,126,ERA_2016_2018,SCATTER,SCATTER,7,7,6,0.1711713740378071,0.7142857142857143,0.2339410255359195,-0.0788038065400379
INDEPENDENT_CURRENT_CONSTITUENTS,TRANSITION_COOLING,126,ERA_2019_2021,CALM,CALM,50,47,32,-0.0192057571334294,0.48,0.13490395680765976,-0.14391813283933214
INDEPENDENT_CURRENT_CONSTITUENTS,TRANSITION_COOLING,126,ERA_2019_2021,CALM,DRIFT,58,54,28,0.048269130085908454,0.5862068965517241,0.12811882656187584,-0.0772810398768152
INDEPENDENT_CURRENT_CONSTITUENTS,TRANSITION_COOLING,126,ERA_2019_2021,CALM,RUSH,1,1,1,0.0002046666541253,1.0,0.0709472651756089,-0.0372328760063779
INDEPENDENT_CURRENT_CONSTITUENTS,TRANSITION_COOLING,126,ERA_2019_2021,CALM,SCATTER,6,6,6,-0.030774594882053,0.3333333333333333,0.12962355693031455,-0.123612472943034
INDEPENDENT_CURRENT_CONSTITUENTS,TRANSITION_COOLING,126,ERA_2019_2021,DRIFT,CALM,31,30,21,0.0443011513549518,0.7419354838709677,0.1116683839308734,-0.0870931786217428
INDEPENDENT_CURRENT_CONSTITUENTS,TRANSITION_COOLING,126,ERA_2019_2021,DRIFT,DRIFT,85,78,34,0.071866160711534,0.7294117647058823,0.1888054851845628,-0.0745347785233191
INDEPENDENT_CURRENT_CONSTITUENTS,TRANSITION_COOLING,126,ERA_2019_2021,DRIFT,RUSH,32,32,15,0.0729246922659145,0.6875,0.17757467273277905,-0.09456127887708424
INDEPENDENT_CURRENT_CONSTITUENTS,TRANSITION_COOLING,126,ERA_2019_2021,DRIFT,SCATTER,2,1,2,0.05644084149933935,0.5,0.19384089119645107,-0.09214440723168606
INDEPENDENT_CURRENT_CONSTITUENTS,TRANSITION_COOLING,126,ERA_2019_2021,SCATTER,CALM,3,3,3,-0.1611001491944408,0.3333333333333333,0.0761026121472514,-0.2219071761897162
INDEPENDENT_CURRENT_CONSTITUENTS,TRANSITION_COOLING,126,ERA_2022_2024,CALM,CALM,55,49,27,0.1428033853529788,0.7636363636363637,0.2173363969830253,-0.1002615652332876
INDEPENDENT_CURRENT_CONSTITUENTS,TRANSITION_COOLING,126,ERA_2022_2024,CALM,DRIFT,18,17,12,0.10632986213959135,0.6666666666666666,0.17720610077081644,-0.11163165458653554
INDEPENDENT_CURRENT_CONSTITUENTS,TRANSITION_COOLING,126,ERA_2022_2024,CALM,RUSH,1,1,1,-0.5248506354710012,0.0,0.097294192561431,-0.5442251914033231
INDEPENDENT_CURRENT_CONSTITUENTS,TRANSITION_COOLING,126,ERA_2022_2024,CALM,SCATTER,18,18,13,0.03616393251234565,0.6666666666666666,0.16830547707436172,-0.07005305435064875
INDEPENDENT_CURRENT_CONSTITUENTS,TRANSITION_COOLING,126,ERA_2022_2024,DRIFT,CALM,24,23,15,0.009299833432093,0.5416666666666666,0.1560880776357338,-0.11521396371611106
INDEPENDENT_CURRENT_CONSTITUENTS,TRANSITION_COOLING,126,ERA_2022_2024,DRIFT,DRIFT,43,41,23,0.0172647878280056,0.5581395348837209,0.1293093712236974,-0.104631438002161
INDEPENDENT_CURRENT_CONSTITUENTS,TRANSITION_COOLING,126,ERA_2022_2024,DRIFT,RUSH,15,13,11,0.006768421332995,0.5333333333333333,0.0891396170624965,-0.1398339283958639
INDEPENDENT_CURRENT_CONSTITUENTS,TRANSITION_COOLING,126,ERA_2022_2024,SCATTER,CALM,20,19,15,0.10834631309960624,0.6,0.23127029410707356,-0.0850774527714822
INDEPENDENT_CURRENT_CONSTITUENTS,TRANSITION_COOLING,126,ERA_2022_2024,SCATTER,DRIFT,4,4,2,-0.05387768699983825,0.0,0.0845358216867364,-0.18286770495660296
INDEPENDENT_CURRENT_CONSTITUENTS,TRANSITION_COOLING,126,ERA_2022_2024,SCATTER,FLEE,1,1,1,0.7463398725023713,1.0,0.7654360627814223,-0.0797262617447654
INDEPENDENT_CURRENT_CONSTITUENTS,TRANSITION_COOLING,126,ERA_2022_2024,SCATTER,RUSH,3,3,3,0.1467802157022939,0.6666666666666666,0.2044981595680148,-0.2454160193722661
INDEPENDENT_CURRENT_CONSTITUENTS,TRANSITION_COOLING,126,ERA_2022_2024,SCATTER,SCATTER,17,17,12,0.0738671622491844,0.5294117647058824,0.1315535710248778,-0.0961542175149482
INDEPENDENT_CURRENT_CONSTITUENTS,TRANSITION_COOLING,126,ERA_2025_2026,CALM,CALM,46,44,25,0.11545419372560035,0.7391304347826086,0.2092879559687931,-0.07804296302141935
INDEPENDENT_CURRENT_CONSTITUENTS,TRANSITION_COOLING,126,ERA_2025_2026,CALM,DRIFT,22,22,14,0.04357154796700475,0.5909090909090909,0.12657990057001361,-0.2059911366890142
INDEPENDENT_CURRENT_CONSTITUENTS,TRANSITION_COOLING,126,ERA_2025_2026,CALM,RUSH,2,2,2,-0.06768326989335524,0.5,0.1700488773730241,-0.19882160056967035
INDEPENDENT_CURRENT_CONSTITUENTS,TRANSITION_COOLING,126,ERA_2025_2026,CALM,SCATTER,25,25,15,0.1045631238580175,0.76,0.2700652134041084,-0.1407555480947397
INDEPENDENT_CURRENT_CONSTITUENTS,TRANSITION_COOLING,126,ERA_2025_2026,SCATTER,RUSH,2,2,1,0.11186517585141215,1.0,0.12801291388044275,-0.02952424891681065
INDEPENDENT_CURRENT_CONSTITUENTS,TRANSITION_COOLING,126,ERA_2025_2026,SCATTER,SCATTER,3,3,2,0.0830478200687609,1.0,0.2301775857528318,-0.026744813537318
INDEPENDENT_CURRENT_CONSTITUENTS,TRANSITION_COOLING,130,ERA_2013_2015,CALM,CALM,22,22,17,0.024844816805163802,0.5909090909090909,0.11310249436538695,-0.1002307293557421
INDEPENDENT_CURRENT_CONSTITUENTS,TRANSITION_COOLING,130,ERA_2013_2015,CALM,DRIFT,20,20,16,0.061687695152760604,0.65,0.1421034739699204,-0.0697115778033307
INDEPENDENT_CURRENT_CONSTITUENTS,TRANSITION_COOLING,130,ERA_2013_2015,CALM,RUSH,2,2,2,-0.19781313351905,0.0,0.2691545804493664,-0.29517850818752167
INDEPENDENT_CURRENT_CONSTITUENTS,TRANSITION_COOLING,130,ERA_2013_2015,CALM,SCATTER,5,5,4,-0.0758743728910421,0.4,0.0742149819844091,-0.0897270093296115
INDEPENDENT_CURRENT_CONSTITUENTS,TRANSITION_COOLING,130,ERA_2013_2015,SCATTER,CALM,12,12,10,0.031316551896738404,0.5833333333333334,0.1381620209151353,-0.0933002848876757
INDEPENDENT_CURRENT_CONSTITUENTS,TRANSITION_COOLING,130,ERA_2013_2015,SCATTER,SCATTER,10,10,9,0.0178261029402032,0.6,0.11831580623977775,-0.13563250425989976
INDEPENDENT_CURRENT_CONSTITUENTS,TRANSITION_COOLING,130,ERA_2016_2018,CALM,CALM,52,48,26,0.0537618958468375,0.5769230769230769,0.14948809222192874,-0.09124826840312646
INDEPENDENT_CURRENT_CONSTITUENTS,TRANSITION_COOLING,130,ERA_2016_2018,CALM,DRIFT,33,31,19,0.1036387337489666,0.6363636363636364,0.1919192298073784,-0.0711024944610002
INDEPENDENT_CURRENT_CONSTITUENTS,TRANSITION_COOLING,130,ERA_2016_2018,CALM,RUSH,9,8,9,0.0071916841855335,0.5555555555555556,0.0629612274894928,-0.0797003445194244
INDEPENDENT_CURRENT_CONSTITUENTS,TRANSITION_COOLING,130,ERA_2016_2018,CALM,SCATTER,12,11,9,0.036025723325046846,0.5833333333333334,0.15258588433280112,-0.0979048736574249
INDEPENDENT_CURRENT_CONSTITUENTS,TRANSITION_COOLING,130,ERA_2016_2018,DRIFT,CALM,24,23,16,0.10932627104211276,0.7083333333333334,0.1683917171290676,-0.0659866049176817
INDEPENDENT_CURRENT_CONSTITUENTS,TRANSITION_COOLING,130,ERA_2016_2018,DRIFT,DRIFT,66,60,29,0.0887541270286749,0.7575757575757576,0.1581731590490701,-0.06696192362908684
INDEPENDENT_CURRENT_CONSTITUENTS,TRANSITION_COOLING,130,ERA_2016_2018,DRIFT,RUSH,23,22,10,0.0309230177167345,0.6521739130434783,0.0746822653401986,-0.0615206569609104
INDEPENDENT_CURRENT_CONSTITUENTS,TRANSITION_COOLING,130,ERA_2016_2018,DRIFT,SCATTER,2,2,2,0.04269015505521275,1.0,0.10814718816815286,-0.0486325827879701
INDEPENDENT_CURRENT_CONSTITUENTS,TRANSITION_COOLING,130,ERA_2016_2018,SCATTER,CALM,13,13,8,0.0091131802314894,0.5384615384615384,0.1511527028447101,-0.1107799231417909
INDEPENDENT_CURRENT_CONSTITUENTS,TRANSITION_COOLING,130,ERA_2016_2018,SCATTER,DRIFT,1,1,1,0.0104464056712543,1.0,0.2072645407596547,-0.0105209651204261
INDEPENDENT_CURRENT_CONSTITUENTS,TRANSITION_COOLING,130,ERA_2016_2018,SCATTER,FLEE,1,1,1,0.4000214852537365,1.0,0.4104414129017968,-0.1234697844254164
INDEPENDENT_CURRENT_CONSTITUENTS,TRANSITION_COOLING,130,ERA_2016_2018,SCATTER,SCATTER,7,7,6,0.1851742118504402,0.8571428571428571,0.2339410255359195,-0.0788038065400379
INDEPENDENT_CURRENT_CONSTITUENTS,TRANSITION_COOLING,130,ERA_2019_2021,CALM,CALM,50,47,32,-0.007779446195594,0.48,0.13490395680765976,-0.14391813283933214
INDEPENDENT_CURRENT_CONSTITUENTS,TRANSITION_COOLING,130,ERA_2019_2021,CALM,DRIFT,58,54,28,0.03053523961155605,0.5517241379310345,0.12811882656187584,-0.0772810398768152
INDEPENDENT_CURRENT_CONSTITUENTS,TRANSITION_COOLING,130,ERA_2019_2021,CALM,RUSH,1,1,1,0.0192696482908505,1.0,0.0709472651756089,-0.0372328760063779
INDEPENDENT_CURRENT_CONSTITUENTS,TRANSITION_COOLING,130,ERA_2019_2021,CALM,SCATTER,6,6,6,-0.0170975545109944,0.5,0.12962355693031455,-0.13519431262523385
INDEPENDENT_CURRENT_CONSTITUENTS,TRANSITION_COOLING,130,ERA_2019_2021,DRIFT,CALM,31,30,21,0.0631614684273464,0.7096774193548387,0.1250605751375511,-0.0870931786217428
INDEPENDENT_CURRENT_CONSTITUENTS,TRANSITION_COOLING,130,ERA_2019_2021,DRIFT,DRIFT,85,78,34,0.078268998182573,0.7647058823529411,0.1896894512966913,-0.0745347785233191
INDEPENDENT_CURRENT_CONSTITUENTS,TRANSITION_COOLING,130,ERA_2019_2021,DRIFT,RUSH,32,32,15,0.0846142873246583,0.6875,0.17757467273277905,-0.09456127887708424
INDEPENDENT_CURRENT_CONSTITUENTS,TRANSITION_COOLING,130,ERA_2019_2021,DRIFT,SCATTER,2,1,2,0.0382344092386953,0.5,0.19384089119645107,-0.09214440723168606
INDEPENDENT_CURRENT_CONSTITUENTS,TRANSITION_COOLING,130,ERA_2019_2021,SCATTER,CALM,3,3,3,-0.2009935383796302,0.3333333333333333,0.0761026121472514,-0.2219071761897162
INDEPENDENT_CURRENT_CONSTITUENTS,TRANSITION_COOLING,130,ERA_2022_2024,CALM,CALM,55,49,27,0.1495180256581183,0.7818181818181819,0.2173363969830253,-0.1002615652332876
INDEPENDENT_CURRENT_CONSTITUENTS,TRANSITION_COOLING,130,ERA_2022_2024,CALM,DRIFT,18,17,12,0.1166243061132059,0.7222222222222222,0.1848455513736127,-0.11163165458653554
INDEPENDENT_CURRENT_CONSTITUENTS,TRANSITION_COOLING,130,ERA_2022_2024,CALM,RUSH,1,1,1,-0.5313474612977254,0.0,0.097294192561431,-0.5520337741462373
INDEPENDENT_CURRENT_CONSTITUENTS,TRANSITION_COOLING,130,ERA_2022_2024,CALM,SCATTER,18,18,13,0.0554106569593543,0.6111111111111112,0.16830547707436172,-0.07005305435064875
INDEPENDENT_CURRENT_CONSTITUENTS,TRANSITION_COOLING,130,ERA_2022_2024,DRIFT,CALM,24,23,15,0.0118328648845346,0.5833333333333334,0.1560880776357338,-0.11521396371611106
INDEPENDENT_CURRENT_CONSTITUENTS,TRANSITION_COOLING,130,ERA_2022_2024,DRIFT,DRIFT,43,41,23,0.0285161174193548,0.6046511627906976,0.1383443576705756,-0.104631438002161
INDEPENDENT_CURRENT_CONSTITUENTS,TRANSITION_COOLING,130,ERA_2022_2024,DRIFT,RUSH,15,13,11,0.0201857302230921,0.6,0.0891396170624965,-0.1398339283958639
INDEPENDENT_CURRENT_CONSTITUENTS,TRANSITION_COOLING,130,ERA_2022_2024,SCATTER,CALM,20,19,15,0.1140496633124027,0.6,0.2388507802030548,-0.0850774527714822
INDEPENDENT_CURRENT_CONSTITUENTS,TRANSITION_COOLING,130,ERA_2022_2024,SCATTER,DRIFT,4,4,2,-0.02415209433449405,0.25,0.0845358216867364,-0.18286770495660296
INDEPENDENT_CURRENT_CONSTITUENTS,TRANSITION_COOLING,130,ERA_2022_2024,SCATTER,FLEE,1,1,1,0.6701145241801849,1.0,0.7654360627814223,-0.0797262617447654
INDEPENDENT_CURRENT_CONSTITUENTS,TRANSITION_COOLING,130,ERA_2022_2024,SCATTER,RUSH,3,3,3,0.1001974034567607,0.6666666666666666,0.2044981595680148,-0.2454160193722661
INDEPENDENT_CURRENT_CONSTITUENTS,TRANSITION_COOLING,130,ERA_2022_2024,SCATTER,SCATTER,17,17,12,0.0639353938144431,0.5882352941176471,0.1315535710248778,-0.0961542175149482
INDEPENDENT_CURRENT_CONSTITUENTS,TRANSITION_COOLING,130,ERA_2025_2026,CALM,CALM,44,42,24,0.098239046549291,0.75,0.2092879559687931,-0.07804296302141935
INDEPENDENT_CURRENT_CONSTITUENTS,TRANSITION_COOLING,130,ERA_2025_2026,CALM,DRIFT,22,22,14,0.03105468744287085,0.5454545454545454,0.12657990057001361,-0.2059911366890142
INDEPENDENT_CURRENT_CONSTITUENTS,TRANSITION_COOLING,130,ERA_2025_2026,CALM,RUSH,2,2,2,-0.041685544992548854,0.5,0.1868758166335962,-0.19882160056967035
INDEPENDENT_CURRENT_CONSTITUENTS,TRANSITION_COOLING,130,ERA_2025_2026,CALM,SCATTER,25,25,15,0.1271233057546315,0.76,0.2700652134041084,-0.1407555480947397
INDEPENDENT_CURRENT_CONSTITUENTS,TRANSITION_COOLING,130,ERA_2025_2026,SCATTER,RUSH,2,2,1,0.1147261592951187,1.0,0.12801291388044275,-0.02952424891681065
INDEPENDENT_CURRENT_CONSTITUENTS,TRANSITION_COOLING,130,ERA_2025_2026,SCATTER,SCATTER,3,3,2,0.0249257908258453,0.6666666666666666,0.2301775857528318,-0.0271584623211352
INDEPENDENT_CURRENT_CONSTITUENTS,TRANSITION_RECOVERING,5,ERA_2013_2015,CALM,CALM,353,232,46,-0.0006824336933791,0.47875354107648727,0.0152140153898563,-0.0164586320481878
INDEPENDENT_CURRENT_CONSTITUENTS,TRANSITION_RECOVERING,5,ERA_2013_2015,CALM,DRIFT,154,113,35,-0.004426601476476,0.44155844155844154,0.013581645863339601,-0.0192676723052824
INDEPENDENT_CURRENT_CONSTITUENTS,TRANSITION_RECOVERING,5,ERA_2013_2015,CALM,FLEE,1,1,1,-0.0218779476932075,0.0,0.0094274099528541,-0.0320169550241027
INDEPENDENT_CURRENT_CONSTITUENTS,TRANSITION_RECOVERING,5,ERA_2013_2015,CALM,RUSH,6,6,4,0.00956398896179445,0.5,0.03054835671500275,-0.016582116668827848
INDEPENDENT_CURRENT_CONSTITUENTS,TRANSITION_RECOVERING,5,ERA_2013_2015,CALM,SCATTER,163,139,43,0.0016802805743272,0.5460122699386503,0.0155394585187338,-0.0141744685985046
INDEPENDENT_CURRENT_CONSTITUENTS,TRANSITION_RECOVERING,5,ERA_2013_2015,SCATTER,CALM,128,101,36,0.0037751087561025,0.5703125,0.0173810900995523,-0.0135855269163289
INDEPENDENT_CURRENT_CONSTITUENTS,TRANSITION_RECOVERING,5,ERA_2013_2015,SCATTER,DRIFT,23,23,8,-0.0115076213100322,0.391304347826087,0.0133719382051953,-0.0213106287304666
INDEPENDENT_CURRENT_CONSTITUENTS,TRANSITION_RECOVERING,5,ERA_2013_2015,SCATTER,FLEE,1,1,1,-0.0218008663181995,0.0,0.0015260453811394,-0.0549379995614505
INDEPENDENT_CURRENT_CONSTITUENTS,TRANSITION_RECOVERING,5,ERA_2013_2015,SCATTER,SCATTER,204,177,34,0.00828676626569755,0.6323529411764706,0.0185066583975749,-0.014454765194914149
INDEPENDENT_CURRENT_CONSTITUENTS,TRANSITION_RECOVERING,5,ERA_2016_2018,CALM,CALM,353,255,54,0.0005939853234604,0.5070821529745042,0.0156934402296886,-0.0160203686435076
INDEPENDENT_CURRENT_CONSTITUENTS,TRANSITION_RECOVERING,5,ERA_2016_2018,CALM,DRIFT,156,134,43,0.0005491394727148,0.5256410256410257,0.01576815520717175,-0.01443922988395745
INDEPENDENT_CURRENT_CONSTITUENTS,TRANSITION_RECOVERING,5,ERA_2016_2018,CALM,FLEE,2,2,2,0.0159130189221775,1.0,0.023419058974870798,-0.0058551583251508
INDEPENDENT_CURRENT_CONSTITUENTS,TRANSITION_RECOVERING,5,ERA_2016_2018,CALM,RUSH,31,30,12,0.0041938440551425,0.6774193548387096,0.0131536536039948,-0.0115666635255435
INDEPENDENT_CURRENT_CONSTITUENTS,TRANSITION_RECOVERING,5,ERA_2016_2018,CALM,SCATTER,116,101,39,0.0012345008401194,0.5258620689655172,0.01527704202727845,-0.017629067253793
INDEPENDENT_CURRENT_CONSTITUENTS,TRANSITION_RECOVERING,5,ERA_2016_2018,DRIFT,CALM,143,121,34,0.0020974954590502,0.5454545454545454,0.0126171966331696,-0.0135432622544917
INDEPENDENT_CURRENT_CONSTITUENTS,TRANSITION_RECOVERING,5,ERA_2016_2018,DRIFT,DRIFT,223,174,42,0.0017566611278967,0.5336322869955157,0.0155555725555556,-0.0139970638466071
INDEPENDENT_CURRENT_CONSTITUENTS,TRANSITION_RECOVERING,5,ERA_2016_2018,DRIFT,RUSH,83,76,22,-0.0037370681765476,0.4457831325301205,0.010937285600443,-0.0183117223726865
INDEPENDENT_CURRENT_CONSTITUENTS,TRANSITION_RECOVERING,5,ERA_2016_2018,DRIFT,SCATTER,31,28,14,0.0193499579902858,0.7419354838709677,0.0253797208543951,-0.0125036440135858
INDEPENDENT_CURRENT_CONSTITUENTS,TRANSITION_RECOVERING,5,ERA_2016_2018,SCATTER,CALM,55,55,19,-0.0007577613416287,0.4909090909090909,0.0189546196403196,-0.0194413840863877
INDEPENDENT_CURRENT_CONSTITUENTS,TRANSITION_RECOVERING,5,ERA_2016_2018,SCATTER,DRIFT,27,24,10,-0.0004587381920941,0.48148148148148145,0.0173198334954161,-0.0199997825709344
INDEPENDENT_CURRENT_CONSTITUENTS,TRANSITION_RECOVERING,5,ERA_2016_2018,SCATTER,FLEE,20,20,8,0.01555908856631945,0.65,0.0249634587702466,-0.0164378799384873
INDEPENDENT_CURRENT_CONSTITUENTS,TRANSITION_RECOVERING,5,ERA_2016_2018,SCATTER,RUSH,7,7,3,0.0089276954179737,0.7142857142857143,0.0241404475544084,-0.0087015491258793
INDEPENDENT_CURRENT_CONSTITUENTS,TRANSITION_RECOVERING,5,ERA_2016_2018,SCATTER,SCATTER,180,172,17,0.0080873374842691,0.6111111111111112,0.02079665859448145,-0.0193836634491365
INDEPENDENT_CURRENT_CONSTITUENTS,TRANSITION_RECOVERING,5,ERA_2019_2021,CALM,CALM,472,283,65,0.0022996039523707,0.5190677966101694,0.02058887629141,-0.020528060472512648
INDEPENDENT_CURRENT_CONSTITUENTS,TRANSITION_RECOVERING,5,ERA_2019_2021,CALM,DRIFT,216,173,54,0.0036187226110586503,0.5231481481481481,0.0191321232187481,-0.015354048935298
INDEPENDENT_CURRENT_CONSTITUENTS,TRANSITION_RECOVERING,5,ERA_2019_2021,CALM,RUSH,36,35,10,-0.00027486041353809996,0.5,0.0101392782768637,-0.020978578582465802
INDEPENDENT_CURRENT_CONSTITUENTS,TRANSITION_RECOVERING,5,ERA_2019_2021,CALM,SCATTER,161,144,38,-0.0062278437841646,0.40993788819875776,0.0146836412454147,-0.0287624942487377
INDEPENDENT_CURRENT_CONSTITUENTS,TRANSITION_RECOVERING,5,ERA_2019_2021,DRIFT,CALM,209,178,34,0.0012171849197275,0.5263157894736842,0.0149941112160565,-0.0171905248414832
INDEPENDENT_CURRENT_CONSTITUENTS,TRANSITION_RECOVERING,5,ERA_2019_2021,DRIFT,DRIFT,279,206,44,-0.0005351214486026,0.4874551971326165,0.0156801222809492,-0.0209975019796107
INDEPENDENT_CURRENT_CONSTITUENTS,TRANSITION_RECOVERING,5,ERA_2019_2021,DRIFT,RUSH,30,26,15,0.007438357661389099,0.6,0.023108829982024397,-0.015491275274987299
INDEPENDENT_CURRENT_CONSTITUENTS,TRANSITION_RECOVERING,5,ERA_2019_2021,DRIFT,SCATTER,10,10,5,0.0090387839047695,0.6,0.01594287728051735,-0.0299496696499936
INDEPENDENT_CURRENT_CONSTITUENTS,TRANSITION_RECOVERING,5,ERA_2019_2021,FLEE,FLEE,1,1,1,-0.0738254272496468,0.0,0.1087247784266269,-0.2442953224783443
INDEPENDENT_CURRENT_CONSTITUENTS,TRANSITION_RECOVERING,5,ERA_2019_2021,RUSH,CALM,4,4,1,-0.01059080318253345,0.25,0.0082067563829304,-0.0255295167287068
INDEPENDENT_CURRENT_CONSTITUENTS,TRANSITION_RECOVERING,5,ERA_2019_2021,RUSH,RUSH,2,2,1,-0.0142843116153616,0.5,0.0178245906862896,-0.025758520551003902
INDEPENDENT_CURRENT_CONSTITUENTS,TRANSITION_RECOVERING,5,ERA_2019_2021,SCATTER,CALM,81,71,12,0.0133178708429788,0.6296296296296297,0.0303943298493032,-0.018274078642582
INDEPENDENT_CURRENT_CONSTITUENTS,TRANSITION_RECOVERING,5,ERA_2019_2021,SCATTER,DRIFT,6,6,3,0.01666478538028365,0.8333333333333334,0.02897291548690525,-0.0074423790643558
INDEPENDENT_CURRENT_CONSTITUENTS,TRANSITION_RECOVERING,5,ERA_2019_2021,SCATTER,RUSH,8,8,1,0.012271044045186849,0.875,0.0155779499329539,-0.0118443377532881
INDEPENDENT_CURRENT_CONSTITUENTS,TRANSITION_RECOVERING,5,ERA_2019_2021,SCATTER,SCATTER,274,219,19,0.016482573150466,0.635036496350365,0.040907772737425144,-0.01973475322784605
INDEPENDENT_CURRENT_CONSTITUENTS,TRANSITION_RECOVERING,5,ERA_2022_2024,CALM,CALM,634,325,58,0.00480941903610085,0.5599369085173501,0.0231673485534982,-0.01971540876586295
INDEPENDENT_CURRENT_CONSTITUENTS,TRANSITION_RECOVERING,5,ERA_2022_2024,CALM,DRIFT,195,159,38,0.0071338002294791,0.6307692307692307,0.018826541761217,-0.0188849471773405
INDEPENDENT_CURRENT_CONSTITUENTS,TRANSITION_RECOVERING,5,ERA_2022_2024,CALM,RUSH,13,13,4,-0.0028234721329872,0.46153846153846156,0.0194491350655363,-0.0253552546633872
INDEPENDENT_CURRENT_CONSTITUENTS,TRANSITION_RECOVERING,5,ERA_2022_2024,CALM,SCATTER,255,190,35,-0.0026346456311088,0.4666666666666667,0.0215650271075571,-0.0186323951290072
INDEPENDENT_CURRENT_CONSTITUENTS,TRANSITION_RECOVERING,5,ERA_2022_2024,DRIFT,CALM,98,88,28,-0.0024450008044094498,0.4387755102040816,0.02331384253171125,-0.023603883584008847
INDEPENDENT_CURRENT_CONSTITUENTS,TRANSITION_RECOVERING,5,ERA_2022_2024,DRIFT,DRIFT,143,114,27,-0.0013859725965039,0.4965034965034965,0.0166031424919603,-0.0189754743868596
INDEPENDENT_CURRENT_CONSTITUENTS,TRANSITION_RECOVERING,5,ERA_2022_2024,DRIFT,RUSH,24,22,14,0.001696389518670856,0.5416666666666666,0.0180550788041421,-0.0128040956743055
INDEPENDENT_CURRENT_CONSTITUENTS,TRANSITION_RECOVERING,5,ERA_2022_2024,DRIFT,SCATTER,11,11,5,0.0242557893311112,0.9090909090909091,0.0328524346429961,-0.0067556411147672
INDEPENDENT_CURRENT_CONSTITUENTS,TRANSITION_RECOVERING,5,ERA_2022_2024,SCATTER,CALM,93,89,23,0.0166419039977578,0.6774193548387096,0.0293138147445641,-0.0217391627384988
INDEPENDENT_CURRENT_CONSTITUENTS,TRANSITION_RECOVERING,5,ERA_2022_2024,SCATTER,DRIFT,21,21,8,0.0233120948102354,0.6666666666666666,0.0360965085057232,-0.0122502017470842
INDEPENDENT_CURRENT_CONSTITUENTS,TRANSITION_RECOVERING,5,ERA_2022_2024,SCATTER,FLEE,1,1,1,0.0068905590647223,1.0,0.0416881515803198,-0.0654607444046077
INDEPENDENT_CURRENT_CONSTITUENTS,TRANSITION_RECOVERING,5,ERA_2022_2024,SCATTER,RUSH,4,4,3,0.00872867041675135,0.5,0.0448126630439578,-0.0312797515325486
INDEPENDENT_CURRENT_CONSTITUENTS,TRANSITION_RECOVERING,5,ERA_2022_2024,SCATTER,SCATTER,230,189,36,0.018780203637444502,0.6478260869565218,0.030803487783120552,-0.0264861577917212
INDEPENDENT_CURRENT_CONSTITUENTS,TRANSITION_RECOVERING,5,ERA_2025_2026,CALM,CALM,448,272,58,0.0033881674881574503,0.5580357142857143,0.02264709368618785,-0.0192036641509633
INDEPENDENT_CURRENT_CONSTITUENTS,TRANSITION_RECOVERING,5,ERA_2025_2026,CALM,DRIFT,164,136,43,-0.0053074493833304,0.4329268292682927,0.0195884081190228,-0.02890822859742655
INDEPENDENT_CURRENT_CONSTITUENTS,TRANSITION_RECOVERING,5,ERA_2025_2026,CALM,RUSH,9,9,5,-0.0093688277838149,0.4444444444444444,0.0142553187598357,-0.0362044248949268
INDEPENDENT_CURRENT_CONSTITUENTS,TRANSITION_RECOVERING,5,ERA_2025_2026,CALM,SCATTER,156,143,36,0.0025236973414255,0.5192307692307693,0.02506471650133375,-0.021138903640050152
INDEPENDENT_CURRENT_CONSTITUENTS,TRANSITION_RECOVERING,5,ERA_2025_2026,DRIFT,CALM,14,14,2,-0.00248577356381775,0.42857142857142855,0.01477896489128655,-0.03413320932864185
INDEPENDENT_CURRENT_CONSTITUENTS,TRANSITION_RECOVERING,5,ERA_2025_2026,DRIFT,DRIFT,9,9,3,0.0129226154748713,0.7777777777777778,0.0344827163686336,-0.0130185952381255
INDEPENDENT_CURRENT_CONSTITUENTS,TRANSITION_RECOVERING,5,ERA_2025_2026,DRIFT,RUSH,15,15,3,0.0041041954238587,0.6,0.0166939168010731,-0.0288758918961969
INDEPENDENT_CURRENT_CONSTITUENTS,TRANSITION_RECOVERING,5,ERA_2025_2026,DRIFT,SCATTER,3,3,1,0.058671585011587,1.0,0.0811807947232525,-0.0099631164654618
INDEPENDENT_CURRENT_CONSTITUENTS,TRANSITION_RECOVERING,5,ERA_2025_2026,SCATTER,CALM,6,6,2,-0.01902624370748735,0.3333333333333333,0.021861017948481547,-0.0403429006430276
INDEPENDENT_CURRENT_CONSTITUENTS,TRANSITION_RECOVERING,5,ERA_2025_2026,SCATTER,DRIFT,1,1,1,0.0370370496121872,1.0,0.0426564935702569,-0.0401021078745716
INDEPENDENT_CURRENT_CONSTITUENTS,TRANSITION_RECOVERING,5,ERA_2025_2026,SCATTER,SCATTER,6,6,4,0.0003286606109484001,0.5,0.01999410445287205,-0.0368761532840566
INDEPENDENT_CURRENT_CONSTITUENTS,TRANSITION_RECOVERING,10,ERA_2013_2015,CALM,CALM,353,232,46,0.0011177582601789,0.5439093484419264,0.0233164543098427,-0.0221321102283703
INDEPENDENT_CURRENT_CONSTITUENTS,TRANSITION_RECOVERING,10,ERA_2013_2015,CALM,DRIFT,154,113,35,-0.0046607703351275506,0.4675324675324675,0.02145203993306785,-0.0271632229549046
INDEPENDENT_CURRENT_CONSTITUENTS,TRANSITION_RECOVERING,10,ERA_2013_2015,CALM,FLEE,1,1,1,0.0165425780658432,1.0,0.0284598556149087,-0.0366416742261037
INDEPENDENT_CURRENT_CONSTITUENTS,TRANSITION_RECOVERING,10,ERA_2013_2015,CALM,RUSH,6,6,4,-0.0083670497912668,0.5,0.03054835671500275,-0.0198079422060191
INDEPENDENT_CURRENT_CONSTITUENTS,TRANSITION_RECOVERING,10,ERA_2013_2015,CALM,SCATTER,163,139,43,0.0054086233590489,0.5950920245398773,0.0205262836842106,-0.0194636921858352
INDEPENDENT_CURRENT_CONSTITUENTS,TRANSITION_RECOVERING,10,ERA_2013_2015,SCATTER,CALM,128,101,36,0.0128950435930543,0.6328125,0.0277646936585551,-0.01630226851267695
INDEPENDENT_CURRENT_CONSTITUENTS,TRANSITION_RECOVERING,10,ERA_2013_2015,SCATTER,DRIFT,23,23,8,-0.0174199401793671,0.391304347826087,0.0203639810343874,-0.0274668423638565
INDEPENDENT_CURRENT_CONSTITUENTS,TRANSITION_RECOVERING,10,ERA_2013_2015,SCATTER,FLEE,1,1,1,0.0292129290488121,1.0,0.0318290778356848,-0.0549379995614505
INDEPENDENT_CURRENT_CONSTITUENTS,TRANSITION_RECOVERING,10,ERA_2013_2015,SCATTER,SCATTER,204,177,34,0.00432463896961505,0.5196078431372549,0.028409931501051602,-0.02442070919479105
INDEPENDENT_CURRENT_CONSTITUENTS,TRANSITION_RECOVERING,10,ERA_2016_2018,CALM,CALM,353,255,54,0.0085059151769568,0.5779036827195467,0.0257949479036236,-0.0232239181337698
INDEPENDENT_CURRENT_CONSTITUENTS,TRANSITION_RECOVERING,10,ERA_2016_2018,CALM,DRIFT,156,134,43,0.00385846866282775,0.5448717948717948,0.025793043027556098,-0.019331304095672
INDEPENDENT_CURRENT_CONSTITUENTS,TRANSITION_RECOVERING,10,ERA_2016_2018,CALM,FLEE,2,2,2,0.03111040677104035,1.0,0.03703591044189675,-0.0058551583251508
INDEPENDENT_CURRENT_CONSTITUENTS,TRANSITION_RECOVERING,10,ERA_2016_2018,CALM,RUSH,31,30,12,-0.003115384370543,0.45161290322580644,0.0186272565807548,-0.0170603498324225
INDEPENDENT_CURRENT_CONSTITUENTS,TRANSITION_RECOVERING,10,ERA_2016_2018,CALM,SCATTER,116,101,39,-0.000785607026217209,0.5,0.0215415308856371,-0.02628964293201105
INDEPENDENT_CURRENT_CONSTITUENTS,TRANSITION_RECOVERING,10,ERA_2016_2018,DRIFT,CALM,143,121,34,0.0079242577790987,0.6223776223776224,0.0228124909481228,-0.0168210544877543
INDEPENDENT_CURRENT_CONSTITUENTS,TRANSITION_RECOVERING,10,ERA_2016_2018,DRIFT,DRIFT,223,174,42,0.007741118132734,0.6278026905829597,0.0238772857920579,-0.0213291562707116
INDEPENDENT_CURRENT_CONSTITUENTS,TRANSITION_RECOVERING,10,ERA_2016_2018,DRIFT,RUSH,83,76,22,0.0030288602935841,0.5542168674698795,0.0187918954186574,-0.0226329798738129
INDEPENDENT_CURRENT_CONSTITUENTS,TRANSITION_RECOVERING,10,ERA_2016_2018,DRIFT,SCATTER,31,28,14,0.0204825454445931,0.7741935483870968,0.030257587075342,-0.0134683747800313
INDEPENDENT_CURRENT_CONSTITUENTS,TRANSITION_RECOVERING,10,ERA_2016_2018,SCATTER,CALM,55,55,19,0.0053705929452081,0.5636363636363636,0.0288324984283092,-0.0243578112677518
INDEPENDENT_CURRENT_CONSTITUENTS,TRANSITION_RECOVERING,10,ERA_2016_2018,SCATTER,DRIFT,27,24,10,-0.0017592945310855,0.4444444444444444,0.0220118402773956,-0.0303326564931045
INDEPENDENT_CURRENT_CONSTITUENTS,TRANSITION_RECOVERING,10,ERA_2016_2018,SCATTER,FLEE,20,20,8,0.0313217975936298,0.75,0.039170951555582645,-0.0186124447526878
INDEPENDENT_CURRENT_CONSTITUENTS,TRANSITION_RECOVERING,10,ERA_2016_2018,SCATTER,RUSH,7,7,3,0.0218703488527014,0.8571428571428571,0.0335395276710597,-0.0087015491258793
INDEPENDENT_CURRENT_CONSTITUENTS,TRANSITION_RECOVERING,10,ERA_2016_2018,SCATTER,SCATTER,180,172,17,0.00726736754230475,0.55,0.0318558363586108,-0.023719514138108598
INDEPENDENT_CURRENT_CONSTITUENTS,TRANSITION_RECOVERING,10,ERA_2019_2021,CALM,CALM,472,283,65,0.006738407965344299,0.559322033898305,0.032353478369429894,-0.028188976889838548
INDEPENDENT_CURRENT_CONSTITUENTS,TRANSITION_RECOVERING,10,ERA_2019_2021,CALM,DRIFT,216,173,54,0.0086260241858883,0.6064814814814815,0.030300451452476652,-0.024701948245984
INDEPENDENT_CURRENT_CONSTITUENTS,TRANSITION_RECOVERING,10,ERA_2019_2021,CALM,RUSH,36,35,10,-0.0082029246908511,0.3888888888888889,0.01761534393156135,-0.0308825377032083
INDEPENDENT_CURRENT_CONSTITUENTS,TRANSITION_RECOVERING,10,ERA_2019_2021,CALM,SCATTER,161,144,38,-0.0072957532427765,0.422360248447205,0.0224805557732183,-0.0409821713204908
INDEPENDENT_CURRENT_CONSTITUENTS,TRANSITION_RECOVERING,10,ERA_2019_2021,DRIFT,CALM,209,178,34,0.009520074744483,0.5789473684210527,0.0292319345838891,-0.0245674272897591
INDEPENDENT_CURRENT_CONSTITUENTS,TRANSITION_RECOVERING,10,ERA_2019_2021,DRIFT,DRIFT,279,206,44,0.0014523024973345,0.5161290322580645,0.0282564131794333,-0.0292226757553575
INDEPENDENT_CURRENT_CONSTITUENTS,TRANSITION_RECOVERING,10,ERA_2019_2021,DRIFT,RUSH,30,26,15,0.0182532046405978,0.7,0.0282823976617089,-0.021279353642339398
INDEPENDENT_CURRENT_CONSTITUENTS,TRANSITION_RECOVERING,10,ERA_2019_2021,DRIFT,SCATTER,10,10,5,-0.011174597088414399,0.4,0.043885275628954896,-0.0299530136056176
INDEPENDENT_CURRENT_CONSTITUENTS,TRANSITION_RECOVERING,10,ERA_2019_2021,FLEE,FLEE,1,1,1,0.1771813475274992,1.0,0.2000000231333714,-0.2442953224783443
INDEPENDENT_CURRENT_CONSTITUENTS,TRANSITION_RECOVERING,10,ERA_2019_2021,RUSH,CALM,4,4,1,-0.023362962807182253,0.25,0.0082067563829304,-0.041469877265146046
INDEPENDENT_CURRENT_CONSTITUENTS,TRANSITION_RECOVERING,10,ERA_2019_2021,RUSH,RUSH,2,2,1,-0.0167011355294891,0.5,0.0301722758612285,-0.03662586922802565
INDEPENDENT_CURRENT_CONSTITUENTS,TRANSITION_RECOVERING,10,ERA_2019_2021,SCATTER,CALM,81,71,12,0.0141790628566245,0.6296296296296297,0.0475010401971449,-0.029996739872618
INDEPENDENT_CURRENT_CONSTITUENTS,TRANSITION_RECOVERING,10,ERA_2019_2021,SCATTER,DRIFT,6,6,3,0.02170603463047955,0.8333333333333334,0.0377238653528622,-0.0074423790643558
INDEPENDENT_CURRENT_CONSTITUENTS,TRANSITION_RECOVERING,10,ERA_2019_2021,SCATTER,RUSH,8,8,1,0.0124981647209613,0.625,0.02349610399898435,-0.0230164259441926
INDEPENDENT_CURRENT_CONSTITUENTS,TRANSITION_RECOVERING,10,ERA_2019_2021,SCATTER,SCATTER,274,219,19,0.0191384131438395,0.6240875912408759,0.0673771113974279,-0.036267038792036896
INDEPENDENT_CURRENT_CONSTITUENTS,TRANSITION_RECOVERING,10,ERA_2022_2024,CALM,CALM,634,325,58,0.0093528141254005,0.582018927444795,0.0363156401134956,-0.026856809549405898
INDEPENDENT_CURRENT_CONSTITUENTS,TRANSITION_RECOVERING,10,ERA_2022_2024,CALM,DRIFT,195,159,38,0.0130157219569204,0.6205128205128205,0.0358514532534581,-0.0236740329833279
INDEPENDENT_CURRENT_CONSTITUENTS,TRANSITION_RECOVERING,10,ERA_2022_2024,CALM,RUSH,13,13,4,0.0319999746209185,0.8461538461538461,0.0468374368520947,-0.0253552546633872
INDEPENDENT_CURRENT_CONSTITUENTS,TRANSITION_RECOVERING,10,ERA_2022_2024,CALM,SCATTER,255,190,35,0.0004231049444074,0.5098039215686274,0.0307428338517758,-0.0284948168668155
INDEPENDENT_CURRENT_CONSTITUENTS,TRANSITION_RECOVERING,10,ERA_2022_2024,DRIFT,CALM,98,88,28,-0.00911446774899835,0.4489795918367347,0.03034563581989665,-0.03031505244035515
INDEPENDENT_CURRENT_CONSTITUENTS,TRANSITION_RECOVERING,10,ERA_2022_2024,DRIFT,DRIFT,143,114,27,-0.0036819515902428,0.46853146853146854,0.0234954559070039,-0.0348797743057018
INDEPENDENT_CURRENT_CONSTITUENTS,TRANSITION_RECOVERING,10,ERA_2022_2024,DRIFT,RUSH,24,22,14,-0.005779910901704851,0.4583333333333333,0.02114828678836685,-0.0276347580210317
INDEPENDENT_CURRENT_CONSTITUENTS,TRANSITION_RECOVERING,10,ERA_2022_2024,DRIFT,SCATTER,11,11,5,0.0479913294554725,1.0,0.0539228139695229,-0.0067556411147672
INDEPENDENT_CURRENT_CONSTITUENTS,TRANSITION_RECOVERING,10,ERA_2022_2024,SCATTER,CALM,93,89,23,0.0371964690763833,0.7741935483870968,0.0538245072789727,-0.0251959292083175
INDEPENDENT_CURRENT_CONSTITUENTS,TRANSITION_RECOVERING,10,ERA_2022_2024,SCATTER,DRIFT,21,21,8,0.022652456482918,0.6190476190476191,0.0424382797464222,-0.0166573272309095
INDEPENDENT_CURRENT_CONSTITUENTS,TRANSITION_RECOVERING,10,ERA_2022_2024,SCATTER,FLEE,1,1,1,-0.0213608135445183,0.0,0.0621877455300923,-0.0654607444046077
INDEPENDENT_CURRENT_CONSTITUENTS,TRANSITION_RECOVERING,10,ERA_2022_2024,SCATTER,RUSH,4,4,3,-0.0543940204675666,0.25,0.0511396139358798,-0.06695169832669005
INDEPENDENT_CURRENT_CONSTITUENTS,TRANSITION_RECOVERING,10,ERA_2022_2024,SCATTER,SCATTER,230,189,36,0.010177943886480599,0.5565217391304348,0.0414657773776946,-0.03062311998964535
INDEPENDENT_CURRENT_CONSTITUENTS,TRANSITION_RECOVERING,10,ERA_2025_2026,CALM,CALM,442,271,57,0.0050986928547753,0.5542986425339367,0.03461265498383745,-0.0309882958002446
INDEPENDENT_CURRENT_CONSTITUENTS,TRANSITION_RECOVERING,10,ERA_2025_2026,CALM,DRIFT,162,134,42,-0.0023169042750156997,0.48148148148148145,0.034033160904725246,-0.04308575180226615
INDEPENDENT_CURRENT_CONSTITUENTS,TRANSITION_RECOVERING,10,ERA_2025_2026,CALM,RUSH,9,9,5,0.0095829621775926,0.6666666666666666,0.0290490041544433,-0.0405685333024126
INDEPENDENT_CURRENT_CONSTITUENTS,TRANSITION_RECOVERING,10,ERA_2025_2026,CALM,SCATTER,155,143,35,0.0033567852376217,0.5483870967741935,0.0336115986792853,-0.0298406995422246
INDEPENDENT_CURRENT_CONSTITUENTS,TRANSITION_RECOVERING,10,ERA_2025_2026,DRIFT,CALM,14,14,2,-0.01832390684766365,0.35714285714285715,0.01621546904274105,-0.04237309688430625
INDEPENDENT_CURRENT_CONSTITUENTS,TRANSITION_RECOVERING,10,ERA_2025_2026,DRIFT,DRIFT,9,9,3,-0.0070077080038523,0.4444444444444444,0.0384823367605517,-0.0281842815586743
INDEPENDENT_CURRENT_CONSTITUENTS,TRANSITION_RECOVERING,10,ERA_2025_2026,DRIFT,RUSH,15,15,3,0.0022344339384028,0.6,0.0329346473666112,-0.0362961497770355
INDEPENDENT_CURRENT_CONSTITUENTS,TRANSITION_RECOVERING,10,ERA_2025_2026,DRIFT,SCATTER,3,3,1,0.0523984746499606,0.6666666666666666,0.0811807947232525,-0.0099631164654618
INDEPENDENT_CURRENT_CONSTITUENTS,TRANSITION_RECOVERING,10,ERA_2025_2026,SCATTER,CALM,6,6,2,0.0071355634701928995,0.6666666666666666,0.025741181184202898,-0.044764577465409
INDEPENDENT_CURRENT_CONSTITUENTS,TRANSITION_RECOVERING,10,ERA_2025_2026,SCATTER,DRIFT,1,1,1,0.0676883859565267,1.0,0.0832694746994375,-0.0401021078745716
INDEPENDENT_CURRENT_CONSTITUENTS,TRANSITION_RECOVERING,10,ERA_2025_2026,SCATTER,SCATTER,6,6,4,0.00445881925720505,0.5,0.0351276560813912,-0.04232377808570585
INDEPENDENT_CURRENT_CONSTITUENTS,TRANSITION_RECOVERING,20,ERA_2013_2015,CALM,CALM,353,232,46,0.0070908567083447,0.5495750708215298,0.0360609034642374,-0.0353285764461226
INDEPENDENT_CURRENT_CONSTITUENTS,TRANSITION_RECOVERING,20,ERA_2013_2015,CALM,DRIFT,154,113,35,0.0107592428106969,0.5844155844155844,0.03530437508737045,-0.0334616876719293
INDEPENDENT_CURRENT_CONSTITUENTS,TRANSITION_RECOVERING,20,ERA_2013_2015,CALM,FLEE,1,1,1,-0.0218779476932075,0.0,0.0284598556149087,-0.0366416742261037
INDEPENDENT_CURRENT_CONSTITUENTS,TRANSITION_RECOVERING,20,ERA_2013_2015,CALM,RUSH,6,6,4,0.0012927768588997992,0.5,0.03054835671500275,-0.024646540378259148
INDEPENDENT_CURRENT_CONSTITUENTS,TRANSITION_RECOVERING,20,ERA_2013_2015,CALM,SCATTER,163,139,43,0.0023218054034088,0.5153374233128835,0.0343434368746617,-0.0284275005331148
INDEPENDENT_CURRENT_CONSTITUENTS,TRANSITION_RECOVERING,20,ERA_2013_2015,SCATTER,CALM,128,101,36,-0.0014818749385634498,0.484375,0.03757610240435845,-0.03914160450321645
INDEPENDENT_CURRENT_CONSTITUENTS,TRANSITION_RECOVERING,20,ERA_2013_2015,SCATTER,DRIFT,23,23,8,-0.0042292450494552,0.4782608695652174,0.026516655603241,-0.0381508287201347
INDEPENDENT_CURRENT_CONSTITUENTS,TRANSITION_RECOVERING,20,ERA_2013_2015,SCATTER,FLEE,1,1,1,0.1118377479370762,1.0,0.1262262331696801,-0.0549379995614505
INDEPENDENT_CURRENT_CONSTITUENTS,TRANSITION_RECOVERING,20,ERA_2013_2015,SCATTER,SCATTER,204,177,34,0.00288239554448485,0.5343137254901961,0.04076782708588715,-0.04010275118362345
INDEPENDENT_CURRENT_CONSTITUENTS,TRANSITION_RECOVERING,20,ERA_2016_2018,CALM,CALM,353,255,54,0.0124360514159207,0.603399433427762,0.0396662786550081,-0.0324926749656601
INDEPENDENT_CURRENT_CONSTITUENTS,TRANSITION_RECOVERING,20,ERA_2016_2018,CALM,DRIFT,156,134,43,0.01711996248705885,0.6282051282051282,0.0430507949973786,-0.0290604508731305
INDEPENDENT_CURRENT_CONSTITUENTS,TRANSITION_RECOVERING,20,ERA_2016_2018,CALM,FLEE,2,2,2,0.0383552260069185,1.0,0.0595805681630712,-0.0058551583251508
INDEPENDENT_CURRENT_CONSTITUENTS,TRANSITION_RECOVERING,20,ERA_2016_2018,CALM,RUSH,31,30,12,-0.0152958181001441,0.3225806451612903,0.0209193373592599,-0.0359415782360549
INDEPENDENT_CURRENT_CONSTITUENTS,TRANSITION_RECOVERING,20,ERA_2016_2018,CALM,SCATTER,116,101,39,0.01925902043477955,0.6551724137931034,0.037286883059155645,-0.0312722237101406
INDEPENDENT_CURRENT_CONSTITUENTS,TRANSITION_RECOVERING,20,ERA_2016_2018,DRIFT,CALM,143,121,34,0.0219996226336804,0.7132867132867133,0.0399889784911562,-0.0198182438902642
INDEPENDENT_CURRENT_CONSTITUENTS,TRANSITION_RECOVERING,20,ERA_2016_2018,DRIFT,DRIFT,223,174,42,0.0121081565323666,0.6053811659192825,0.0467566819630194,-0.0303028625255413
INDEPENDENT_CURRENT_CONSTITUENTS,TRANSITION_RECOVERING,20,ERA_2016_2018,DRIFT,RUSH,83,76,22,-0.0153941565343556,0.3253012048192771,0.0246802649054702,-0.0439920309929131
INDEPENDENT_CURRENT_CONSTITUENTS,TRANSITION_RECOVERING,20,ERA_2016_2018,DRIFT,SCATTER,31,28,14,0.0282489130141454,0.7419354838709677,0.0500728642677248,-0.0141237727902585
INDEPENDENT_CURRENT_CONSTITUENTS,TRANSITION_RECOVERING,20,ERA_2016_2018,SCATTER,CALM,55,55,19,0.023742406960183,0.6909090909090909,0.042016764575244,-0.0301430931401849
INDEPENDENT_CURRENT_CONSTITUENTS,TRANSITION_RECOVERING,20,ERA_2016_2018,SCATTER,DRIFT,27,24,10,0.0044203317031183,0.5555555555555556,0.0425755962581295,-0.0412809509334479
INDEPENDENT_CURRENT_CONSTITUENTS,TRANSITION_RECOVERING,20,ERA_2016_2018,SCATTER,FLEE,20,20,8,0.05189026244074965,0.95,0.0630821081404826,-0.0186124447526878
INDEPENDENT_CURRENT_CONSTITUENTS,TRANSITION_RECOVERING,20,ERA_2016_2018,SCATTER,RUSH,7,7,3,0.0084754382770633,0.7142857142857143,0.0345324345150215,-0.0087015491258793
INDEPENDENT_CURRENT_CONSTITUENTS,TRANSITION_RECOVERING,20,ERA_2016_2018,SCATTER,SCATTER,180,172,17,0.02900651115832895,0.7222222222222222,0.052890958861976006,-0.026936173479551
INDEPENDENT_CURRENT_CONSTITUENTS,TRANSITION_RECOVERING,20,ERA_2019_2021,CALM,CALM,472,283,65,0.016497491705363,0.6080508474576272,0.052103951612000154,-0.041355914257633145
INDEPENDENT_CURRENT_CONSTITUENTS,TRANSITION_RECOVERING,20,ERA_2019_2021,CALM,DRIFT,216,173,54,0.0133634293869818,0.5925925925925926,0.050445676173495005,-0.0354601942582249
INDEPENDENT_CURRENT_CONSTITUENTS,TRANSITION_RECOVERING,20,ERA_2019_2021,CALM,RUSH,36,35,10,-0.00469949461933445,0.4722222222222222,0.02979887915000495,-0.0672578808727367
INDEPENDENT_CURRENT_CONSTITUENTS,TRANSITION_RECOVERING,20,ERA_2019_2021,CALM,SCATTER,161,144,38,0.0055660479656116,0.515527950310559,0.0344901059263205,-0.0509833631970224
INDEPENDENT_CURRENT_CONSTITUENTS,TRANSITION_RECOVERING,20,ERA_2019_2021,DRIFT,CALM,209,178,34,0.0031312830703074,0.5119617224880383,0.0472565222056859,-0.0410959745305622
INDEPENDENT_CURRENT_CONSTITUENTS,TRANSITION_RECOVERING,20,ERA_2019_2021,DRIFT,DRIFT,279,206,44,-0.0122101048327636,0.46236559139784944,0.0463671104894223,-0.0460864000816884
INDEPENDENT_CURRENT_CONSTITUENTS,TRANSITION_RECOVERING,20,ERA_2019_2021,DRIFT,RUSH,30,26,15,0.040478811726570696,0.7333333333333333,0.058505479787342496,-0.02294838910186605
INDEPENDENT_CURRENT_CONSTITUENTS,TRANSITION_RECOVERING,20,ERA_2019_2021,DRIFT,SCATTER,10,10,5,-0.0185348255126965,0.5,0.062258132009874456,-0.05917176981814405
INDEPENDENT_CURRENT_CONSTITUENTS,TRANSITION_RECOVERING,20,ERA_2019_2021,FLEE,FLEE,1,1,1,1.0885903727133577,1.0,1.1127513559625255,-0.2442953224783443
INDEPENDENT_CURRENT_CONSTITUENTS,TRANSITION_RECOVERING,20,ERA_2019_2021,RUSH,CALM,4,4,1,-0.0299526342383575,0.25,0.0082067563829304,-0.0584690357688877
INDEPENDENT_CURRENT_CONSTITUENTS,TRANSITION_RECOVERING,20,ERA_2019_2021,RUSH,RUSH,2,2,1,-0.025525774778657997,0.5,0.0301722758612285,-0.0489934588049773
INDEPENDENT_CURRENT_CONSTITUENTS,TRANSITION_RECOVERING,20,ERA_2019_2021,SCATTER,CALM,81,71,12,0.0230865625219833,0.6790123456790124,0.0755958857772283,-0.0380023530474492
INDEPENDENT_CURRENT_CONSTITUENTS,TRANSITION_RECOVERING,20,ERA_2019_2021,SCATTER,DRIFT,6,6,3,0.0167889696067716,0.6666666666666666,0.042863086408027704,-0.030588501885748298
INDEPENDENT_CURRENT_CONSTITUENTS,TRANSITION_RECOVERING,20,ERA_2019_2021,SCATTER,RUSH,8,8,1,0.041357126190246,0.875,0.04219922241939215,-0.02663231751632425
INDEPENDENT_CURRENT_CONSTITUENTS,TRANSITION_RECOVERING,20,ERA_2019_2021,SCATTER,SCATTER,274,219,19,0.03918810482710265,0.7007299270072993,0.1027503593559736,-0.044039270147033405
INDEPENDENT_CURRENT_CONSTITUENTS,TRANSITION_RECOVERING,20,ERA_2022_2024,CALM,CALM,634,325,58,0.00708808702133085,0.5488958990536278,0.05390750833232445,-0.04000903235941155
INDEPENDENT_CURRENT_CONSTITUENTS,TRANSITION_RECOVERING,20,ERA_2022_2024,CALM,DRIFT,195,159,38,0.0185527338579989,0.6256410256410256,0.0576303168506209,-0.0353765569723207
INDEPENDENT_CURRENT_CONSTITUENTS,TRANSITION_RECOVERING,20,ERA_2022_2024,CALM,RUSH,13,13,4,0.0531759321261935,0.8461538461538461,0.0782182322610629,-0.026352942402006
INDEPENDENT_CURRENT_CONSTITUENTS,TRANSITION_RECOVERING,20,ERA_2022_2024,CALM,SCATTER,255,190,35,-0.0001393100575578,0.4980392156862745,0.0455597190213674,-0.0421233873627066
INDEPENDENT_CURRENT_CONSTITUENTS,TRANSITION_RECOVERING,20,ERA_2022_2024,DRIFT,CALM,98,88,28,0.0041692314436124495,0.5102040816326531,0.043682578400383296,-0.052468872290024546
INDEPENDENT_CURRENT_CONSTITUENTS,TRANSITION_RECOVERING,20,ERA_2022_2024,DRIFT,DRIFT,143,114,27,-9.357129049702984e-05,0.4965034965034965,0.0394869862948124,-0.045898574091735
INDEPENDENT_CURRENT_CONSTITUENTS,TRANSITION_RECOVERING,20,ERA_2022_2024,DRIFT,RUSH,24,22,14,-0.0004483738097816,0.4583333333333333,0.0449357341503625,-0.039054502148304054
INDEPENDENT_CURRENT_CONSTITUENTS,TRANSITION_RECOVERING,20,ERA_2022_2024,DRIFT,SCATTER,11,11,5,0.027536021621408,0.9090909090909091,0.0633169433448819,-0.0068026606660785
INDEPENDENT_CURRENT_CONSTITUENTS,TRANSITION_RECOVERING,20,ERA_2022_2024,SCATTER,CALM,93,89,23,0.0227271017998373,0.6666666666666666,0.0708854843663018,-0.0290295611823458
INDEPENDENT_CURRENT_CONSTITUENTS,TRANSITION_RECOVERING,20,ERA_2022_2024,SCATTER,DRIFT,21,21,8,-0.0111419119318697,0.42857142857142855,0.060822166371133,-0.0373478332376859
INDEPENDENT_CURRENT_CONSTITUENTS,TRANSITION_RECOVERING,20,ERA_2022_2024,SCATTER,FLEE,1,1,1,0.0287684662967244,1.0,0.0739018364213521,-0.0654607444046077
INDEPENDENT_CURRENT_CONSTITUENTS,TRANSITION_RECOVERING,20,ERA_2022_2024,SCATTER,RUSH,4,4,3,0.03487001496731135,0.5,0.0712162654576167,-0.06695169832669005
INDEPENDENT_CURRENT_CONSTITUENTS,TRANSITION_RECOVERING,20,ERA_2022_2024,SCATTER,SCATTER,230,189,36,-0.030548134880717004,0.34347826086956523,0.050969834105273046,-0.066704649531575
INDEPENDENT_CURRENT_CONSTITUENTS,TRANSITION_RECOVERING,20,ERA_2025_2026,CALM,CALM,396,256,54,0.01985631227259225,0.6035353535353535,0.058940225478804203,-0.0426491797449072
INDEPENDENT_CURRENT_CONSTITUENTS,TRANSITION_RECOVERING,20,ERA_2025_2026,CALM,DRIFT,125,106,40,0.0033739021297316,0.536,0.0589626752634218,-0.0505130925395818
INDEPENDENT_CURRENT_CONSTITUENTS,TRANSITION_RECOVERING,20,ERA_2025_2026,CALM,RUSH,9,9,5,-0.0192729375725041,0.4444444444444444,0.0307299810327839,-0.0471602762781858
INDEPENDENT_CURRENT_CONSTITUENTS,TRANSITION_RECOVERING,20,ERA_2025_2026,CALM,SCATTER,143,135,32,0.0159504883806185,0.5734265734265734,0.0529783609379574,-0.0399611033463159
INDEPENDENT_CURRENT_CONSTITUENTS,TRANSITION_RECOVERING,20,ERA_2025_2026,DRIFT,CALM,14,14,2,-0.06264602563660845,0.2857142857142857,0.030180792439917302,-0.072579960618716
INDEPENDENT_CURRENT_CONSTITUENTS,TRANSITION_RECOVERING,20,ERA_2025_2026,DRIFT,DRIFT,9,9,3,-0.0477260364599176,0.0,0.0431550552111372,-0.0628726643675273
INDEPENDENT_CURRENT_CONSTITUENTS,TRANSITION_RECOVERING,20,ERA_2025_2026,DRIFT,RUSH,15,15,3,-0.0213750013251012,0.4666666666666667,0.0588235366303162,-0.074744615589643
INDEPENDENT_CURRENT_CONSTITUENTS,TRANSITION_RECOVERING,20,ERA_2025_2026,DRIFT,SCATTER,3,3,1,0.0158671069921803,0.6666666666666666,0.0811807947232525,-0.0099631164654618
INDEPENDENT_CURRENT_CONSTITUENTS,TRANSITION_RECOVERING,20,ERA_2025_2026,SCATTER,CALM,6,6,2,-0.02739743163085025,0.3333333333333333,0.02997367134097775,-0.056429372010875
INDEPENDENT_CURRENT_CONSTITUENTS,TRANSITION_RECOVERING,20,ERA_2025_2026,SCATTER,DRIFT,1,1,1,0.1006386544347861,1.0,0.1095785907248865,-0.0401021078745716
INDEPENDENT_CURRENT_CONSTITUENTS,TRANSITION_RECOVERING,20,ERA_2025_2026,SCATTER,SCATTER,6,6,4,-0.0307341536282148,0.3333333333333333,0.05506228208457245,-0.0717498591538635
INDEPENDENT_CURRENT_CONSTITUENTS,TRANSITION_RECOVERING,21,ERA_2013_2015,CALM,CALM,353,232,46,0.0048990872903869,0.5439093484419264,0.0369651190731397,-0.0354248989916817
INDEPENDENT_CURRENT_CONSTITUENTS,TRANSITION_RECOVERING,21,ERA_2013_2015,CALM,DRIFT,154,113,35,0.00968962064712795,0.577922077922078,0.0367871199100204,-0.0347673733271266
INDEPENDENT_CURRENT_CONSTITUENTS,TRANSITION_RECOVERING,21,ERA_2013_2015,CALM,FLEE,1,1,1,0.004447133593985,1.0,0.0284598556149087,-0.0366416742261037
INDEPENDENT_CURRENT_CONSTITUENTS,TRANSITION_RECOVERING,21,ERA_2013_2015,CALM,RUSH,6,6,4,0.0005836333287757012,0.5,0.03054835671500275,-0.024646540378259148
INDEPENDENT_CURRENT_CONSTITUENTS,TRANSITION_RECOVERING,21,ERA_2013_2015,CALM,SCATTER,163,139,43,0.0002193165177137,0.5030674846625767,0.0357863917624361,-0.0287863319965469
INDEPENDENT_CURRENT_CONSTITUENTS,TRANSITION_RECOVERING,21,ERA_2013_2015,SCATTER,CALM,128,101,36,-0.00215350419416055,0.4609375,0.03909658347613595,-0.0425528747901422
INDEPENDENT_CURRENT_CONSTITUENTS,TRANSITION_RECOVERING,21,ERA_2013_2015,SCATTER,DRIFT,23,23,8,-0.0046755750079321,0.4782608695652174,0.026516655603241,-0.0381508287201347
INDEPENDENT_CURRENT_CONSTITUENTS,TRANSITION_RECOVERING,21,ERA_2013_2015,SCATTER,FLEE,1,1,1,0.1188137424962383,1.0,0.1262262331696801,-0.0549379995614505
INDEPENDENT_CURRENT_CONSTITUENTS,TRANSITION_RECOVERING,21,ERA_2013_2015,SCATTER,SCATTER,204,177,34,0.0069220786559330005,0.5588235294117647,0.04113904304405995,-0.04417939065859065
INDEPENDENT_CURRENT_CONSTITUENTS,TRANSITION_RECOVERING,21,ERA_2016_2018,CALM,CALM,353,255,54,0.0149999675757577,0.6147308781869688,0.0397301770491465,-0.0328236522916693
INDEPENDENT_CURRENT_CONSTITUENTS,TRANSITION_RECOVERING,21,ERA_2016_2018,CALM,DRIFT,156,134,43,0.01680831285501375,0.6794871794871795,0.04394176514141855,-0.02935860253426055
INDEPENDENT_CURRENT_CONSTITUENTS,TRANSITION_RECOVERING,21,ERA_2016_2018,CALM,FLEE,2,2,2,0.0445969155860754,1.0,0.0637140995439482,-0.0058551583251508
INDEPENDENT_CURRENT_CONSTITUENTS,TRANSITION_RECOVERING,21,ERA_2016_2018,CALM,RUSH,31,30,12,-0.0172459689259666,0.2903225806451613,0.0212085488617281,-0.0370370486970319
INDEPENDENT_CURRENT_CONSTITUENTS,TRANSITION_RECOVERING,21,ERA_2016_2018,CALM,SCATTER,116,101,39,0.0192973507586101,0.6637931034482759,0.0405615478361033,-0.0312722237101406
INDEPENDENT_CURRENT_CONSTITUENTS,TRANSITION_RECOVERING,21,ERA_2016_2018,DRIFT,CALM,143,121,34,0.0127420490902354,0.6363636363636364,0.0399889784911562,-0.020878474919786
INDEPENDENT_CURRENT_CONSTITUENTS,TRANSITION_RECOVERING,21,ERA_2016_2018,DRIFT,DRIFT,223,174,42,0.0117914937639604,0.600896860986547,0.0467917661716221,-0.031723905274785
INDEPENDENT_CURRENT_CONSTITUENTS,TRANSITION_RECOVERING,21,ERA_2016_2018,DRIFT,RUSH,83,76,22,-0.0192987066961806,0.3373493975903614,0.0246802649054702,-0.0452137925718598
INDEPENDENT_CURRENT_CONSTITUENTS,TRANSITION_RECOVERING,21,ERA_2016_2018,DRIFT,SCATTER,31,28,14,0.0336185140428384,0.7096774193548387,0.0560468275798151,-0.0141237727902585
INDEPENDENT_CURRENT_CONSTITUENTS,TRANSITION_RECOVERING,21,ERA_2016_2018,SCATTER,CALM,55,55,19,0.0282023990715172,0.6909090909090909,0.0436777869598072,-0.0301430931401849
INDEPENDENT_CURRENT_CONSTITUENTS,TRANSITION_RECOVERING,21,ERA_2016_2018,SCATTER,DRIFT,27,24,10,0.0194647344867973,0.5185185185185185,0.0425755962581295,-0.0412809509334479
INDEPENDENT_CURRENT_CONSTITUENTS,TRANSITION_RECOVERING,21,ERA_2016_2018,SCATTER,FLEE,20,20,8,0.04829516670587135,0.95,0.0630821081404826,-0.0186124447526878
INDEPENDENT_CURRENT_CONSTITUENTS,TRANSITION_RECOVERING,21,ERA_2016_2018,SCATTER,RUSH,7,7,3,0.0428069785044293,0.8571428571428571,0.0482807809034731,-0.0087015491258793
INDEPENDENT_CURRENT_CONSTITUENTS,TRANSITION_RECOVERING,21,ERA_2016_2018,SCATTER,SCATTER,180,172,17,0.02699570878931695,0.7111111111111111,0.05318499783313475,-0.026936173479551
INDEPENDENT_CURRENT_CONSTITUENTS,TRANSITION_RECOVERING,21,ERA_2019_2021,CALM,CALM,472,283,65,0.017191311908924048,0.6122881355932204,0.05420965188991305,-0.04269310424961055
INDEPENDENT_CURRENT_CONSTITUENTS,TRANSITION_RECOVERING,21,ERA_2019_2021,CALM,DRIFT,216,173,54,0.0162602687448202,0.6064814814814815,0.05104908852721865,-0.035967762312100846
INDEPENDENT_CURRENT_CONSTITUENTS,TRANSITION_RECOVERING,21,ERA_2019_2021,CALM,RUSH,36,35,10,0.03206009756774985,0.6944444444444444,0.056023794371037605,-0.0672578808727367
INDEPENDENT_CURRENT_CONSTITUENTS,TRANSITION_RECOVERING,21,ERA_2019_2021,CALM,SCATTER,161,144,38,0.0112129005576093,0.6024844720496895,0.0466639132832895,-0.0509833631970224
INDEPENDENT_CURRENT_CONSTITUENTS,TRANSITION_RECOVERING,21,ERA_2019_2021,DRIFT,CALM,209,178,34,-0.0018034953252457,0.49282296650717705,0.048088378872966,-0.0416882891658197
INDEPENDENT_CURRENT_CONSTITUENTS,TRANSITION_RECOVERING,21,ERA_2019_2021,DRIFT,DRIFT,279,206,44,-0.0123555090487416,0.45878136200716846,0.0508182196432933,-0.0512335831827941
INDEPENDENT_CURRENT_CONSTITUENTS,TRANSITION_RECOVERING,21,ERA_2019_2021,DRIFT,RUSH,30,26,15,0.0381835553300663,0.7666666666666667,0.0608380210905715,-0.02294838910186605
INDEPENDENT_CURRENT_CONSTITUENTS,TRANSITION_RECOVERING,21,ERA_2019_2021,DRIFT,SCATTER,10,10,5,-0.04878766053236145,0.4,0.062258132009874456,-0.07901298990804845
INDEPENDENT_CURRENT_CONSTITUENTS,TRANSITION_RECOVERING,21,ERA_2019_2021,FLEE,FLEE,1,1,1,1.089932745084465,1.0,1.3033555752215626,-0.2442953224783443
INDEPENDENT_CURRENT_CONSTITUENTS,TRANSITION_RECOVERING,21,ERA_2019_2021,RUSH,CALM,4,4,1,-0.02517323838461455,0.0,0.0082067563829304,-0.0584690357688877
INDEPENDENT_CURRENT_CONSTITUENTS,TRANSITION_RECOVERING,21,ERA_2019_2021,RUSH,RUSH,2,2,1,-0.0309827595222252,0.0,0.0301722758612285,-0.0489934588049773
INDEPENDENT_CURRENT_CONSTITUENTS,TRANSITION_RECOVERING,21,ERA_2019_2021,SCATTER,CALM,81,71,12,0.0301914882008467,0.6790123456790124,0.07578949351844,-0.0380023530474492
INDEPENDENT_CURRENT_CONSTITUENTS,TRANSITION_RECOVERING,21,ERA_2019_2021,SCATTER,DRIFT,6,6,3,0.01500281299543485,0.6666666666666666,0.047570135816331946,-0.030588501885748298
INDEPENDENT_CURRENT_CONSTITUENTS,TRANSITION_RECOVERING,21,ERA_2019_2021,SCATTER,RUSH,8,8,1,0.04712027135595025,0.875,0.05184399104263055,-0.02663231751632425
INDEPENDENT_CURRENT_CONSTITUENTS,TRANSITION_RECOVERING,21,ERA_2019_2021,SCATTER,SCATTER,274,219,19,0.045234605559618155,0.7262773722627737,0.10531543147520289,-0.0452496170947133
INDEPENDENT_CURRENT_CONSTITUENTS,TRANSITION_RECOVERING,21,ERA_2022_2024,CALM,CALM,634,325,58,0.003956591090955549,0.5236593059936908,0.05416045359929695,-0.042322657859210897
INDEPENDENT_CURRENT_CONSTITUENTS,TRANSITION_RECOVERING,21,ERA_2022_2024,CALM,DRIFT,195,159,38,0.0126657419140034,0.6102564102564103,0.0576303168506209,-0.0358467556970694
INDEPENDENT_CURRENT_CONSTITUENTS,TRANSITION_RECOVERING,21,ERA_2022_2024,CALM,RUSH,13,13,4,0.0553621427662274,0.9230769230769231,0.0783424392039591,-0.026352942402006
INDEPENDENT_CURRENT_CONSTITUENTS,TRANSITION_RECOVERING,21,ERA_2022_2024,CALM,SCATTER,255,190,35,-0.0060658683671986,0.47058823529411764,0.0473680536819494,-0.0430902464337242
INDEPENDENT_CURRENT_CONSTITUENTS,TRANSITION_RECOVERING,21,ERA_2022_2024,DRIFT,CALM,98,88,28,0.00274922954713595,0.5102040816326531,0.04406222265736455,-0.054813703491199656
INDEPENDENT_CURRENT_CONSTITUENTS,TRANSITION_RECOVERING,21,ERA_2022_2024,DRIFT,DRIFT,143,114,27,0.0037232671198252,0.5174825174825175,0.0394869862948124,-0.0476231875796895
INDEPENDENT_CURRENT_CONSTITUENTS,TRANSITION_RECOVERING,21,ERA_2022_2024,DRIFT,RUSH,24,22,14,0.00916308921428105,0.5416666666666666,0.0449357341503625,-0.039054502148304054
INDEPENDENT_CURRENT_CONSTITUENTS,TRANSITION_RECOVERING,21,ERA_2022_2024,DRIFT,SCATTER,11,11,5,0.0241561062044926,0.9090909090909091,0.0633169433448819,-0.0068026606660785
INDEPENDENT_CURRENT_CONSTITUENTS,TRANSITION_RECOVERING,21,ERA_2022_2024,SCATTER,CALM,93,89,23,0.0224082073420885,0.6021505376344086,0.0708854843663018,-0.0302557596384107
INDEPENDENT_CURRENT_CONSTITUENTS,TRANSITION_RECOVERING,21,ERA_2022_2024,SCATTER,DRIFT,21,21,8,-0.0154144365587315,0.38095238095238093,0.060822166371133,-0.0373478332376859
INDEPENDENT_CURRENT_CONSTITUENTS,TRANSITION_RECOVERING,21,ERA_2022_2024,SCATTER,FLEE,1,1,1,0.0391043536400927,1.0,0.0739018364213521,-0.0654607444046077
INDEPENDENT_CURRENT_CONSTITUENTS,TRANSITION_RECOVERING,21,ERA_2022_2024,SCATTER,RUSH,4,4,3,0.02495429115093745,0.5,0.09145558434514309,-0.06695169832669005
INDEPENDENT_CURRENT_CONSTITUENTS,TRANSITION_RECOVERING,21,ERA_2022_2024,SCATTER,SCATTER,230,189,36,-0.033401337837076245,0.34347826086956523,0.05226860859393195,-0.06908121579566155
INDEPENDENT_CURRENT_CONSTITUENTS,TRANSITION_RECOVERING,21,ERA_2025_2026,CALM,CALM,396,256,54,0.02245047285626095,0.6085858585858586,0.062805217610643,-0.04307889397685035
INDEPENDENT_CURRENT_CONSTITUENTS,TRANSITION_RECOVERING,21,ERA_2025_2026,CALM,DRIFT,125,106,40,0.0120169297625332,0.568,0.060873072328333,-0.0505130925395818
INDEPENDENT_CURRENT_CONSTITUENTS,TRANSITION_RECOVERING,21,ERA_2025_2026,CALM,RUSH,9,9,5,-0.0106382778580347,0.3333333333333333,0.0307299810327839,-0.0471602762781858
INDEPENDENT_CURRENT_CONSTITUENTS,TRANSITION_RECOVERING,21,ERA_2025_2026,CALM,SCATTER,143,135,32,0.009908879055992,0.6013986013986014,0.0531658371498373,-0.0449515810054335
INDEPENDENT_CURRENT_CONSTITUENTS,TRANSITION_RECOVERING,21,ERA_2025_2026,DRIFT,CALM,14,14,2,-0.0605183142831648,0.2857142857142857,0.030180792439917302,-0.0774345431242855
INDEPENDENT_CURRENT_CONSTITUENTS,TRANSITION_RECOVERING,21,ERA_2025_2026,DRIFT,DRIFT,9,9,3,-0.0551015440860603,0.1111111111111111,0.0431550552111372,-0.0729297743826405
INDEPENDENT_CURRENT_CONSTITUENTS,TRANSITION_RECOVERING,21,ERA_2025_2026,DRIFT,RUSH,15,15,3,-0.0261121273206732,0.4666666666666667,0.0588235366303162,-0.074744615589643
INDEPENDENT_CURRENT_CONSTITUENTS,TRANSITION_RECOVERING,21,ERA_2025_2026,DRIFT,SCATTER,3,3,1,0.0225091476294228,0.6666666666666666,0.0811807947232525,-0.0099631164654618
INDEPENDENT_CURRENT_CONSTITUENTS,TRANSITION_RECOVERING,21,ERA_2025_2026,SCATTER,CALM,6,6,2,-0.0254265772007735,0.3333333333333333,0.02997367134097775,-0.056429372010875
INDEPENDENT_CURRENT_CONSTITUENTS,TRANSITION_RECOVERING,21,ERA_2025_2026,SCATTER,DRIFT,1,1,1,0.1026818651862944,1.0,0.1103447777820487,-0.0401021078745716
INDEPENDENT_CURRENT_CONSTITUENTS,TRANSITION_RECOVERING,21,ERA_2025_2026,SCATTER,SCATTER,6,6,4,-0.02486426626901645,0.3333333333333333,0.0581246885839512,-0.0717498591538635
INDEPENDENT_CURRENT_CONSTITUENTS,TRANSITION_RECOVERING,40,ERA_2013_2015,CALM,CALM,353,232,46,0.0081850318947698,0.5552407932011332,0.0543860280850017,-0.0505394995803626
INDEPENDENT_CURRENT_CONSTITUENTS,TRANSITION_RECOVERING,40,ERA_2013_2015,CALM,DRIFT,154,113,35,0.019900723022523402,0.6168831168831169,0.0549433216167426,-0.04403503696577405
INDEPENDENT_CURRENT_CONSTITUENTS,TRANSITION_RECOVERING,40,ERA_2013_2015,CALM,FLEE,1,1,1,0.0846677179688251,1.0,0.1051231149851847,-0.0487367868553701
INDEPENDENT_CURRENT_CONSTITUENTS,TRANSITION_RECOVERING,40,ERA_2013_2015,CALM,RUSH,6,6,4,-0.01955420626716825,0.3333333333333333,0.050394261100819446,-0.06269916220876995
INDEPENDENT_CURRENT_CONSTITUENTS,TRANSITION_RECOVERING,40,ERA_2013_2015,CALM,SCATTER,163,139,43,0.0161315640506465,0.5766871165644172,0.0513325053626059,-0.0466718348218937
INDEPENDENT_CURRENT_CONSTITUENTS,TRANSITION_RECOVERING,40,ERA_2013_2015,SCATTER,CALM,128,101,36,0.0053630370821906,0.5234375,0.052983464903736704,-0.051994856488273206
INDEPENDENT_CURRENT_CONSTITUENTS,TRANSITION_RECOVERING,40,ERA_2013_2015,SCATTER,DRIFT,23,23,8,0.0194345900891514,0.6086956521739131,0.0597939998666563,-0.0580469694058058
INDEPENDENT_CURRENT_CONSTITUENTS,TRANSITION_RECOVERING,40,ERA_2013_2015,SCATTER,FLEE,1,1,1,0.0658254224572074,1.0,0.133638488092705,-0.0549379995614505
INDEPENDENT_CURRENT_CONSTITUENTS,TRANSITION_RECOVERING,40,ERA_2013_2015,SCATTER,SCATTER,204,177,34,-0.015330178820426501,0.45588235294117646,0.048668022854951004,-0.07086950889191165
INDEPENDENT_CURRENT_CONSTITUENTS,TRANSITION_RECOVERING,40,ERA_2016_2018,CALM,CALM,353,255,54,0.0203146257559263,0.6118980169971672,0.0638719043952404,-0.0416247195656319
INDEPENDENT_CURRENT_CONSTITUENTS,TRANSITION_RECOVERING,40,ERA_2016_2018,CALM,DRIFT,156,134,43,0.02406264267373675,0.6602564102564102,0.06777635832738235,-0.039951336397723344
INDEPENDENT_CURRENT_CONSTITUENTS,TRANSITION_RECOVERING,40,ERA_2016_2018,CALM,FLEE,2,2,2,0.0463966075608599,0.5,0.09139325270328474,-0.015329863109954302
INDEPENDENT_CURRENT_CONSTITUENTS,TRANSITION_RECOVERING,40,ERA_2016_2018,CALM,RUSH,31,30,12,-0.0411582401081511,0.3225806451612903,0.0260781000328433,-0.0752747531166206
INDEPENDENT_CURRENT_CONSTITUENTS,TRANSITION_RECOVERING,40,ERA_2016_2018,CALM,SCATTER,116,101,39,0.03780881807959195,0.6551724137931034,0.06849207902716326,-0.04179850702597155
INDEPENDENT_CURRENT_CONSTITUENTS,TRANSITION_RECOVERING,40,ERA_2016_2018,DRIFT,CALM,143,121,34,0.023358064267992,0.6013986013986014,0.0512760829382075,-0.0324716841081487
INDEPENDENT_CURRENT_CONSTITUENTS,TRANSITION_RECOVERING,40,ERA_2016_2018,DRIFT,DRIFT,223,174,42,0.0244564019087616,0.6367713004484304,0.0696763279308299,-0.0452616472979845
INDEPENDENT_CURRENT_CONSTITUENTS,TRANSITION_RECOVERING,40,ERA_2016_2018,DRIFT,RUSH,83,76,22,-0.0081157112385726,0.46987951807228917,0.0341261551930709,-0.0580492747114711
INDEPENDENT_CURRENT_CONSTITUENTS,TRANSITION_RECOVERING,40,ERA_2016_2018,DRIFT,SCATTER,31,28,14,0.0428391337232128,0.7741935483870968,0.0716270578121831,-0.015709819975927
INDEPENDENT_CURRENT_CONSTITUENTS,TRANSITION_RECOVERING,40,ERA_2016_2018,SCATTER,CALM,55,55,19,0.0240943531462864,0.5818181818181818,0.0646755811292925,-0.0454151326437637
INDEPENDENT_CURRENT_CONSTITUENTS,TRANSITION_RECOVERING,40,ERA_2016_2018,SCATTER,DRIFT,27,24,10,0.0240608024568997,0.7407407407407407,0.0556331011163697,-0.0605823197501355
INDEPENDENT_CURRENT_CONSTITUENTS,TRANSITION_RECOVERING,40,ERA_2016_2018,SCATTER,FLEE,20,20,8,0.08958668326615865,0.95,0.09974464914315034,-0.0222033655043161
INDEPENDENT_CURRENT_CONSTITUENTS,TRANSITION_RECOVERING,40,ERA_2016_2018,SCATTER,RUSH,7,7,3,0.0487758079273361,0.8571428571428571,0.0595765245788846,-0.0420383596422156
INDEPENDENT_CURRENT_CONSTITUENTS,TRANSITION_RECOVERING,40,ERA_2016_2018,SCATTER,SCATTER,180,172,17,0.033056539147278546,0.6611111111111111,0.07726596909759731,-0.03774565154849105
INDEPENDENT_CURRENT_CONSTITUENTS,TRANSITION_RECOVERING,40,ERA_2019_2021,CALM,CALM,472,283,65,0.0347130479608126,0.625,0.0868714186535818,-0.0623361558731484
INDEPENDENT_CURRENT_CONSTITUENTS,TRANSITION_RECOVERING,40,ERA_2019_2021,CALM,DRIFT,216,173,54,0.02764657319622295,0.6296296296296297,0.0798654886747919,-0.04680093043199145
INDEPENDENT_CURRENT_CONSTITUENTS,TRANSITION_RECOVERING,40,ERA_2019_2021,CALM,RUSH,36,35,10,0.06737305072160955,0.6944444444444444,0.08593622995060554,-0.08266943478691535
INDEPENDENT_CURRENT_CONSTITUENTS,TRANSITION_RECOVERING,40,ERA_2019_2021,CALM,SCATTER,161,144,38,0.0448872038710668,0.7329192546583851,0.0788910040573844,-0.0592486055734875
INDEPENDENT_CURRENT_CONSTITUENTS,TRANSITION_RECOVERING,40,ERA_2019_2021,DRIFT,CALM,209,178,34,0.0034721691518784,0.507177033492823,0.0696293090400219,-0.0718583702039549
INDEPENDENT_CURRENT_CONSTITUENTS,TRANSITION_RECOVERING,40,ERA_2019_2021,DRIFT,DRIFT,279,206,44,-0.0106035810258368,0.45878136200716846,0.0657201986196793,-0.086083556326208
INDEPENDENT_CURRENT_CONSTITUENTS,TRANSITION_RECOVERING,40,ERA_2019_2021,DRIFT,RUSH,30,26,15,0.05865375139920225,0.9,0.10140980649382264,-0.0273445728420591
INDEPENDENT_CURRENT_CONSTITUENTS,TRANSITION_RECOVERING,40,ERA_2019_2021,DRIFT,SCATTER,10,10,5,-0.020330339505078947,0.5,0.062258132009874456,-0.1116516247800973
INDEPENDENT_CURRENT_CONSTITUENTS,TRANSITION_RECOVERING,40,ERA_2019_2021,FLEE,FLEE,1,1,1,0.7288592483376022,1.0,1.3033555752215626,-0.2442953224783443
INDEPENDENT_CURRENT_CONSTITUENTS,TRANSITION_RECOVERING,40,ERA_2019_2021,RUSH,CALM,4,4,1,0.017126647793623103,0.5,0.03119890494320685,-0.07467463349679895
INDEPENDENT_CURRENT_CONSTITUENTS,TRANSITION_RECOVERING,40,ERA_2019_2021,RUSH,RUSH,2,2,1,0.0526801482187022,1.0,0.06666708256867465,-0.0489934588049773
INDEPENDENT_CURRENT_CONSTITUENTS,TRANSITION_RECOVERING,40,ERA_2019_2021,SCATTER,CALM,81,71,12,0.0659938955790155,0.7654320987654321,0.1005065389851362,-0.0483005388349385
INDEPENDENT_CURRENT_CONSTITUENTS,TRANSITION_RECOVERING,40,ERA_2019_2021,SCATTER,DRIFT,6,6,3,0.061561618516704,0.8333333333333334,0.08736313731744424,-0.0387923086244597
INDEPENDENT_CURRENT_CONSTITUENTS,TRANSITION_RECOVERING,40,ERA_2019_2021,SCATTER,RUSH,8,8,1,0.09282167713455175,1.0,0.09955437929215374,-0.02663231751632425
INDEPENDENT_CURRENT_CONSTITUENTS,TRANSITION_RECOVERING,40,ERA_2019_2021,SCATTER,SCATTER,274,219,19,0.07718483281013674,0.781021897810219,0.13347694177150587,-0.05133245742005875
INDEPENDENT_CURRENT_CONSTITUENTS,TRANSITION_RECOVERING,40,ERA_2022_2024,CALM,CALM,634,325,58,-0.00215948194271855,0.49369085173501576,0.0669506903133834,-0.0637496085074828
INDEPENDENT_CURRENT_CONSTITUENTS,TRANSITION_RECOVERING,40,ERA_2022_2024,CALM,DRIFT,195,159,38,0.0185288076699055,0.558974358974359,0.0830698888681868,-0.0518172960022037
INDEPENDENT_CURRENT_CONSTITUENTS,TRANSITION_RECOVERING,40,ERA_2022_2024,CALM,RUSH,13,13,4,0.098429467590003,0.9230769230769231,0.1442772972209771,-0.026352942402006
INDEPENDENT_CURRENT_CONSTITUENTS,TRANSITION_RECOVERING,40,ERA_2022_2024,CALM,SCATTER,255,190,35,-0.0110080106362984,0.4588235294117647,0.064047525095797,-0.0650108027607817
INDEPENDENT_CURRENT_CONSTITUENTS,TRANSITION_RECOVERING,40,ERA_2022_2024,DRIFT,CALM,98,88,28,0.0117610118674096,0.5612244897959183,0.06340172536608565,-0.060266450699307
INDEPENDENT_CURRENT_CONSTITUENTS,TRANSITION_RECOVERING,40,ERA_2022_2024,DRIFT,DRIFT,143,114,27,0.0175149660847044,0.5664335664335665,0.0649364829803655,-0.067181715673503
INDEPENDENT_CURRENT_CONSTITUENTS,TRANSITION_RECOVERING,40,ERA_2022_2024,DRIFT,RUSH,24,22,14,0.025300820637769998,0.6666666666666666,0.06555459734674725,-0.0512943013626179
INDEPENDENT_CURRENT_CONSTITUENTS,TRANSITION_RECOVERING,40,ERA_2022_2024,DRIFT,SCATTER,11,11,5,0.0861261518418832,0.9090909090909091,0.1077823714163734,-0.0091047470248845
INDEPENDENT_CURRENT_CONSTITUENTS,TRANSITION_RECOVERING,40,ERA_2022_2024,SCATTER,CALM,93,89,23,0.0230206157057195,0.6129032258064516,0.0861000592143568,-0.0444870568465658
INDEPENDENT_CURRENT_CONSTITUENTS,TRANSITION_RECOVERING,40,ERA_2022_2024,SCATTER,DRIFT,21,21,8,0.0160360161740404,0.5238095238095238,0.0617938610565818,-0.0471234585786314
INDEPENDENT_CURRENT_CONSTITUENTS,TRANSITION_RECOVERING,40,ERA_2022_2024,SCATTER,FLEE,1,1,1,-0.2459948286881819,0.0,0.0852714144655502,-0.2828597040286128
INDEPENDENT_CURRENT_CONSTITUENTS,TRANSITION_RECOVERING,40,ERA_2022_2024,SCATTER,RUSH,4,4,3,-0.04325464440545735,0.25,0.10288991123163391,-0.0784997340502382
INDEPENDENT_CURRENT_CONSTITUENTS,TRANSITION_RECOVERING,40,ERA_2022_2024,SCATTER,SCATTER,230,189,36,-0.07011510301364246,0.3347826086956522,0.05784150816654615,-0.13483554221861888
INDEPENDENT_CURRENT_CONSTITUENTS,TRANSITION_RECOVERING,40,ERA_2025_2026,CALM,CALM,390,255,51,0.03071667264926865,0.6230769230769231,0.09719988903047355,-0.057001727090146295
INDEPENDENT_CURRENT_CONSTITUENTS,TRANSITION_RECOVERING,40,ERA_2025_2026,CALM,DRIFT,119,102,37,-0.0037484764854365,0.48739495798319327,0.0900626465976586,-0.0681848133505474
INDEPENDENT_CURRENT_CONSTITUENTS,TRANSITION_RECOVERING,40,ERA_2025_2026,CALM,RUSH,6,6,4,-0.006738347333173951,0.3333333333333333,0.0461967791487296,-0.045071501337314995
INDEPENDENT_CURRENT_CONSTITUENTS,TRANSITION_RECOVERING,40,ERA_2025_2026,CALM,SCATTER,138,131,28,0.05114736705071825,0.7101449275362319,0.0997260002158454,-0.0538278352986608
INDEPENDENT_CURRENT_CONSTITUENTS,TRANSITION_RECOVERING,40,ERA_2025_2026,DRIFT,CALM,14,14,2,0.00818888550826585,0.5714285714285714,0.03715730383828345,-0.08842924871168965
INDEPENDENT_CURRENT_CONSTITUENTS,TRANSITION_RECOVERING,40,ERA_2025_2026,DRIFT,DRIFT,9,9,3,-0.0539478104575561,0.3333333333333333,0.0543164405477474,-0.0729297743826405
INDEPENDENT_CURRENT_CONSTITUENTS,TRANSITION_RECOVERING,40,ERA_2025_2026,DRIFT,RUSH,15,15,3,-0.0524302697610469,0.4,0.0588235366303162,-0.0931635972919193
INDEPENDENT_CURRENT_CONSTITUENTS,TRANSITION_RECOVERING,40,ERA_2025_2026,DRIFT,SCATTER,3,3,1,0.0346862941130428,0.6666666666666666,0.0863468969829863,-0.0136532328341507
INDEPENDENT_CURRENT_CONSTITUENTS,TRANSITION_RECOVERING,40,ERA_2025_2026,SCATTER,CALM,6,6,2,0.0140045168758083,0.5,0.033477158511476396,-0.056429372010875
INDEPENDENT_CURRENT_CONSTITUENTS,TRANSITION_RECOVERING,40,ERA_2025_2026,SCATTER,DRIFT,1,1,1,0.0643559126534498,1.0,0.1159735590213353,-0.0401021078745716
INDEPENDENT_CURRENT_CONSTITUENTS,TRANSITION_RECOVERING,40,ERA_2025_2026,SCATTER,SCATTER,6,6,4,-0.0348938611215088,0.5,0.06000221417619894,-0.0956075955763992
INDEPENDENT_CURRENT_CONSTITUENTS,TRANSITION_RECOVERING,60,ERA_2013_2015,CALM,CALM,353,232,46,0.0175497610419441,0.603399433427762,0.0705304783318532,-0.0637192351134096
INDEPENDENT_CURRENT_CONSTITUENTS,TRANSITION_RECOVERING,60,ERA_2013_2015,CALM,DRIFT,154,113,35,0.04197894685741335,0.6818181818181818,0.07532943313108105,-0.0465510767979847
INDEPENDENT_CURRENT_CONSTITUENTS,TRANSITION_RECOVERING,60,ERA_2013_2015,CALM,FLEE,1,1,1,0.1076014129812665,1.0,0.1568841514120111,-0.0487367868553701
INDEPENDENT_CURRENT_CONSTITUENTS,TRANSITION_RECOVERING,60,ERA_2013_2015,CALM,RUSH,6,6,4,-0.0622236442868881,0.3333333333333333,0.050394261100819446,-0.09452495167222455
INDEPENDENT_CURRENT_CONSTITUENTS,TRANSITION_RECOVERING,60,ERA_2013_2015,CALM,SCATTER,163,139,43,0.025541893180387,0.6134969325153374,0.0687650323259279,-0.0626263778473393
INDEPENDENT_CURRENT_CONSTITUENTS,TRANSITION_RECOVERING,60,ERA_2013_2015,SCATTER,CALM,128,101,36,0.0231676384139355,0.5546875,0.0653879384914115,-0.0779817130694677
INDEPENDENT_CURRENT_CONSTITUENTS,TRANSITION_RECOVERING,60,ERA_2013_2015,SCATTER,DRIFT,23,23,8,0.0113816060587053,0.6956521739130435,0.0707266806162354,-0.05953524315611
INDEPENDENT_CURRENT_CONSTITUENTS,TRANSITION_RECOVERING,60,ERA_2013_2015,SCATTER,FLEE,1,1,1,0.124843584865709,1.0,0.1534781269951632,-0.0549379995614505
INDEPENDENT_CURRENT_CONSTITUENTS,TRANSITION_RECOVERING,60,ERA_2013_2015,SCATTER,SCATTER,204,177,34,-0.042740209212698346,0.3382352941176471,0.0568863830351424,-0.107984067331624
INDEPENDENT_CURRENT_CONSTITUENTS,TRANSITION_RECOVERING,60,ERA_2016_2018,CALM,CALM,353,255,54,0.020737662831858,0.5920679886685553,0.0791240387525389,-0.0551994496453801
INDEPENDENT_CURRENT_CONSTITUENTS,TRANSITION_RECOVERING,60,ERA_2016_2018,CALM,DRIFT,156,134,43,0.0346418587139359,0.6923076923076923,0.08972227828065735,-0.043618733402446846
INDEPENDENT_CURRENT_CONSTITUENTS,TRANSITION_RECOVERING,60,ERA_2016_2018,CALM,FLEE,2,2,2,0.03809166360351685,0.5,0.1005781462756252,-0.03540921700665745
INDEPENDENT_CURRENT_CONSTITUENTS,TRANSITION_RECOVERING,60,ERA_2016_2018,CALM,RUSH,31,30,12,-0.0132254861689377,0.4838709677419355,0.0448973406367427,-0.0752747531166206
INDEPENDENT_CURRENT_CONSTITUENTS,TRANSITION_RECOVERING,60,ERA_2016_2018,CALM,SCATTER,116,101,39,0.038415127144400846,0.6724137931034483,0.08361388774421925,-0.0487917333529417
INDEPENDENT_CURRENT_CONSTITUENTS,TRANSITION_RECOVERING,60,ERA_2016_2018,DRIFT,CALM,143,121,34,0.0398789867954005,0.6083916083916084,0.075904703543022,-0.0426695237878
INDEPENDENT_CURRENT_CONSTITUENTS,TRANSITION_RECOVERING,60,ERA_2016_2018,DRIFT,DRIFT,223,174,42,0.0522482973971407,0.7219730941704036,0.0896233020660874,-0.0539929227124114
INDEPENDENT_CURRENT_CONSTITUENTS,TRANSITION_RECOVERING,60,ERA_2016_2018,DRIFT,RUSH,83,76,22,0.0324607398421723,0.6144578313253012,0.0656525458931562,-0.0603345374224417
INDEPENDENT_CURRENT_CONSTITUENTS,TRANSITION_RECOVERING,60,ERA_2016_2018,DRIFT,SCATTER,31,28,14,0.0458049858681501,0.7096774193548387,0.0870666815464862,-0.0337687733991278
INDEPENDENT_CURRENT_CONSTITUENTS,TRANSITION_RECOVERING,60,ERA_2016_2018,SCATTER,CALM,55,55,19,0.0262605029383078,0.6727272727272727,0.0837019727038419,-0.0590630853803471
INDEPENDENT_CURRENT_CONSTITUENTS,TRANSITION_RECOVERING,60,ERA_2016_2018,SCATTER,DRIFT,27,24,10,0.0483902545373458,0.8888888888888888,0.0693782395801714,-0.0605823197501355
INDEPENDENT_CURRENT_CONSTITUENTS,TRANSITION_RECOVERING,60,ERA_2016_2018,SCATTER,FLEE,20,20,8,0.0902771479462318,0.85,0.12055441481695026,-0.0235063374643272
INDEPENDENT_CURRENT_CONSTITUENTS,TRANSITION_RECOVERING,60,ERA_2016_2018,SCATTER,RUSH,7,7,3,0.0733414970573111,0.8571428571428571,0.102992516296942,-0.0420383596422156
INDEPENDENT_CURRENT_CONSTITUENTS,TRANSITION_RECOVERING,60,ERA_2016_2018,SCATTER,SCATTER,180,172,17,0.06040753754311265,0.8055555555555556,0.0990810273351765,-0.04535666078276495
INDEPENDENT_CURRENT_CONSTITUENTS,TRANSITION_RECOVERING,60,ERA_2019_2021,CALM,CALM,472,283,65,0.06173654575573925,0.6461864406779662,0.1226274029471432,-0.07402693673087216
INDEPENDENT_CURRENT_CONSTITUENTS,TRANSITION_RECOVERING,60,ERA_2019_2021,CALM,DRIFT,216,173,54,0.040077797130272805,0.6064814814814815,0.1080918785592791,-0.06543286841543895
INDEPENDENT_CURRENT_CONSTITUENTS,TRANSITION_RECOVERING,60,ERA_2019_2021,CALM,RUSH,36,35,10,0.0950638609807178,0.7777777777777778,0.12146760715119645,-0.08266943478691535
INDEPENDENT_CURRENT_CONSTITUENTS,TRANSITION_RECOVERING,60,ERA_2019_2021,CALM,SCATTER,161,144,38,0.0559168751197065,0.7142857142857143,0.1140218604548914,-0.0703008070944013
INDEPENDENT_CURRENT_CONSTITUENTS,TRANSITION_RECOVERING,60,ERA_2019_2021,DRIFT,CALM,209,178,34,0.0099607467832842,0.5406698564593302,0.0866955973130645,-0.0804795900007916
INDEPENDENT_CURRENT_CONSTITUENTS,TRANSITION_RECOVERING,60,ERA_2019_2021,DRIFT,DRIFT,279,206,44,0.0317864511676486,0.5663082437275986,0.085530700932759,-0.0947256396386946
INDEPENDENT_CURRENT_CONSTITUENTS,TRANSITION_RECOVERING,60,ERA_2019_2021,DRIFT,RUSH,30,26,15,0.08707057632015845,0.9,0.1251414296136609,-0.02780995469533365
INDEPENDENT_CURRENT_CONSTITUENTS,TRANSITION_RECOVERING,60,ERA_2019_2021,DRIFT,SCATTER,10,10,5,0.023317641288368503,0.6,0.10525331493817675,-0.17344784389041928
INDEPENDENT_CURRENT_CONSTITUENTS,TRANSITION_RECOVERING,60,ERA_2019_2021,FLEE,FLEE,1,1,1,0.8899329682649308,1.0,1.3033555752215626,-0.2442953224783443
INDEPENDENT_CURRENT_CONSTITUENTS,TRANSITION_RECOVERING,60,ERA_2019_2021,RUSH,CALM,4,4,1,0.02047053514488535,0.5,0.0614429644887005,-0.07467463349679895
INDEPENDENT_CURRENT_CONSTITUENTS,TRANSITION_RECOVERING,60,ERA_2019_2021,RUSH,RUSH,2,2,1,0.17359832888841545,1.0,0.18918723427435935,-0.0489934588049773
INDEPENDENT_CURRENT_CONSTITUENTS,TRANSITION_RECOVERING,60,ERA_2019_2021,SCATTER,CALM,81,71,12,0.0649287184769431,0.7654320987654321,0.1376157606936474,-0.0489013737517736
INDEPENDENT_CURRENT_CONSTITUENTS,TRANSITION_RECOVERING,60,ERA_2019_2021,SCATTER,DRIFT,6,6,3,0.07535024301691279,1.0,0.10143529173339536,-0.0387923086244597
INDEPENDENT_CURRENT_CONSTITUENTS,TRANSITION_RECOVERING,60,ERA_2019_2021,SCATTER,RUSH,8,8,1,0.06769974871837994,0.875,0.11207185355257779,-0.02663231751632425
INDEPENDENT_CURRENT_CONSTITUENTS,TRANSITION_RECOVERING,60,ERA_2019_2021,SCATTER,SCATTER,274,219,19,0.12457255369542586,0.8211678832116789,0.1796042100436533,-0.0546569750614541
INDEPENDENT_CURRENT_CONSTITUENTS,TRANSITION_RECOVERING,60,ERA_2022_2024,CALM,CALM,634,325,58,0.0054754125052061,0.5252365930599369,0.08471962676166225,-0.07544254682696544
INDEPENDENT_CURRENT_CONSTITUENTS,TRANSITION_RECOVERING,60,ERA_2022_2024,CALM,DRIFT,195,159,38,0.031968961886128,0.5846153846153846,0.105270249902039,-0.062181226663504
INDEPENDENT_CURRENT_CONSTITUENTS,TRANSITION_RECOVERING,60,ERA_2022_2024,CALM,RUSH,13,13,4,0.0884392293728979,0.9230769230769231,0.1503670857402483,-0.0275138415939715
INDEPENDENT_CURRENT_CONSTITUENTS,TRANSITION_RECOVERING,60,ERA_2022_2024,CALM,SCATTER,255,190,35,0.0279874436241955,0.5803921568627451,0.0947563643778039,-0.0746811842281115
INDEPENDENT_CURRENT_CONSTITUENTS,TRANSITION_RECOVERING,60,ERA_2022_2024,DRIFT,CALM,98,88,28,0.007710554851245799,0.5306122448979592,0.08322955648428075,-0.0708397299911235
INDEPENDENT_CURRENT_CONSTITUENTS,TRANSITION_RECOVERING,60,ERA_2022_2024,DRIFT,DRIFT,143,114,27,0.034680478015052,0.6083916083916084,0.1070253894444208,-0.0716599773886194
INDEPENDENT_CURRENT_CONSTITUENTS,TRANSITION_RECOVERING,60,ERA_2022_2024,DRIFT,RUSH,24,22,14,0.04307783178540355,0.5833333333333334,0.08323060933309159,-0.061860486532266695
INDEPENDENT_CURRENT_CONSTITUENTS,TRANSITION_RECOVERING,60,ERA_2022_2024,DRIFT,SCATTER,11,11,5,0.1283345473399211,0.8181818181818182,0.1730103628881503,-0.0126527652689952
INDEPENDENT_CURRENT_CONSTITUENTS,TRANSITION_RECOVERING,60,ERA_2022_2024,SCATTER,CALM,93,89,23,0.0456687660970223,0.6666666666666666,0.1012470643032672,-0.0510568474175873
INDEPENDENT_CURRENT_CONSTITUENTS,TRANSITION_RECOVERING,60,ERA_2022_2024,SCATTER,DRIFT,21,21,8,-0.0130393665146647,0.42857142857142855,0.0672826970968905,-0.1188003242536819
INDEPENDENT_CURRENT_CONSTITUENTS,TRANSITION_RECOVERING,60,ERA_2022_2024,SCATTER,FLEE,1,1,1,-0.1491817392470361,0.0,0.0852714144655502,-0.2828597040286128
INDEPENDENT_CURRENT_CONSTITUENTS,TRANSITION_RECOVERING,60,ERA_2022_2024,SCATTER,RUSH,4,4,3,-0.0261964859909562,0.25,0.13872638388328323,-0.1106378194190275
INDEPENDENT_CURRENT_CONSTITUENTS,TRANSITION_RECOVERING,60,ERA_2022_2024,SCATTER,SCATTER,230,189,36,-0.039442319885940796,0.3652173913043478,0.0684901924416334,-0.15007101673943113
INDEPENDENT_CURRENT_CONSTITUENTS,TRANSITION_RECOVERING,60,ERA_2025_2026,CALM,CALM,372,248,48,0.0263733369901555,0.5752688172043011,0.11163152228700765,-0.0709313766463592
INDEPENDENT_CURRENT_CONSTITUENTS,TRANSITION_RECOVERING,60,ERA_2025_2026,CALM,DRIFT,111,95,34,0.007621447726845,0.5225225225225225,0.1240894878737775,-0.0801272770925043
INDEPENDENT_CURRENT_CONSTITUENTS,TRANSITION_RECOVERING,60,ERA_2025_2026,CALM,RUSH,6,6,4,-0.0641967783705948,0.3333333333333333,0.0510573352562484,-0.07801752171139424
INDEPENDENT_CURRENT_CONSTITUENTS,TRANSITION_RECOVERING,60,ERA_2025_2026,CALM,SCATTER,115,109,25,0.0333931599715267,0.6173913043478261,0.1230306850342657,-0.0713699883537962
INDEPENDENT_CURRENT_CONSTITUENTS,TRANSITION_RECOVERING,60,ERA_2025_2026,DRIFT,CALM,14,14,2,0.0117833459527618,0.5,0.0662097310758077,-0.08842924871168965
INDEPENDENT_CURRENT_CONSTITUENTS,TRANSITION_RECOVERING,60,ERA_2025_2026,DRIFT,DRIFT,9,9,3,-0.084113070965883,0.1111111111111111,0.0641303389999505,-0.108901789275109
INDEPENDENT_CURRENT_CONSTITUENTS,TRANSITION_RECOVERING,60,ERA_2025_2026,DRIFT,RUSH,15,15,3,-0.0523803205783871,0.3333333333333333,0.0612361783575134,-0.1209928640660911
INDEPENDENT_CURRENT_CONSTITUENTS,TRANSITION_RECOVERING,60,ERA_2025_2026,DRIFT,SCATTER,3,3,1,-0.034277849502314,0.3333333333333333,0.0993770064014285,-0.070072898597909
INDEPENDENT_CURRENT_CONSTITUENTS,TRANSITION_RECOVERING,60,ERA_2025_2026,SCATTER,CALM,6,6,2,0.0187689393913267,0.6666666666666666,0.0466187053267548,-0.056429372010875
INDEPENDENT_CURRENT_CONSTITUENTS,TRANSITION_RECOVERING,60,ERA_2025_2026,SCATTER,DRIFT,1,1,1,0.0261588454183574,1.0,0.1159735590213353,-0.0401021078745716
INDEPENDENT_CURRENT_CONSTITUENTS,TRANSITION_RECOVERING,60,ERA_2025_2026,SCATTER,SCATTER,6,6,4,0.059310493620295945,0.5,0.11149953725596579,-0.1169288648248428
INDEPENDENT_CURRENT_CONSTITUENTS,TRANSITION_RECOVERING,63,ERA_2013_2015,CALM,CALM,353,232,46,0.0256120383144675,0.6118980169971672,0.0716256482407737,-0.0637393710800238
INDEPENDENT_CURRENT_CONSTITUENTS,TRANSITION_RECOVERING,63,ERA_2013_2015,CALM,DRIFT,154,113,35,0.042814563346894305,0.6948051948051948,0.0792303905181094,-0.04811372199382705
INDEPENDENT_CURRENT_CONSTITUENTS,TRANSITION_RECOVERING,63,ERA_2013_2015,CALM,FLEE,1,1,1,0.0713947195395079,1.0,0.1568841514120111,-0.0487367868553701
INDEPENDENT_CURRENT_CONSTITUENTS,TRANSITION_RECOVERING,63,ERA_2013_2015,CALM,RUSH,6,6,4,-0.06690314393953956,0.3333333333333333,0.050394261100819446,-0.09452495167222455
INDEPENDENT_CURRENT_CONSTITUENTS,TRANSITION_RECOVERING,63,ERA_2013_2015,CALM,SCATTER,163,139,43,0.0249286160436317,0.6196319018404908,0.0710478915719985,-0.0626263778473393
INDEPENDENT_CURRENT_CONSTITUENTS,TRANSITION_RECOVERING,63,ERA_2013_2015,SCATTER,CALM,128,101,36,0.01282310012480595,0.5703125,0.0710447068104689,-0.07876622788424445
INDEPENDENT_CURRENT_CONSTITUENTS,TRANSITION_RECOVERING,63,ERA_2013_2015,SCATTER,DRIFT,23,23,8,0.0034128070002157,0.5217391304347826,0.0707266806162354,-0.05953524315611
INDEPENDENT_CURRENT_CONSTITUENTS,TRANSITION_RECOVERING,63,ERA_2013_2015,SCATTER,FLEE,1,1,1,0.1423304794466973,1.0,0.1534781269951632,-0.0549379995614505
INDEPENDENT_CURRENT_CONSTITUENTS,TRANSITION_RECOVERING,63,ERA_2013_2015,SCATTER,SCATTER,204,177,34,-0.0361383865433924,0.3480392156862745,0.05814866123890945,-0.1099656851872145
INDEPENDENT_CURRENT_CONSTITUENTS,TRANSITION_RECOVERING,63,ERA_2016_2018,CALM,CALM,353,255,54,0.0211702480427899,0.5807365439093485,0.0840809285783672,-0.0565588141703748
INDEPENDENT_CURRENT_CONSTITUENTS,TRANSITION_RECOVERING,63,ERA_2016_2018,CALM,DRIFT,156,134,43,0.03612666234292915,0.6666666666666666,0.09616384872724709,-0.04583754341830705
INDEPENDENT_CURRENT_CONSTITUENTS,TRANSITION_RECOVERING,63,ERA_2016_2018,CALM,FLEE,2,2,2,0.02361751974167775,0.5,0.1005781462756252,-0.03540921700665745
INDEPENDENT_CURRENT_CONSTITUENTS,TRANSITION_RECOVERING,63,ERA_2016_2018,CALM,RUSH,31,30,12,-0.0196448942475527,0.45161290322580644,0.0448973406367427,-0.0752747531166206
INDEPENDENT_CURRENT_CONSTITUENTS,TRANSITION_RECOVERING,63,ERA_2016_2018,CALM,SCATTER,116,101,39,0.03911217775680095,0.6982758620689655,0.08361388774421925,-0.0487917333529417
INDEPENDENT_CURRENT_CONSTITUENTS,TRANSITION_RECOVERING,63,ERA_2016_2018,DRIFT,CALM,143,121,34,0.0436225358704993,0.6153846153846154,0.0841947287416549,-0.0482956290965227
INDEPENDENT_CURRENT_CONSTITUENTS,TRANSITION_RECOVERING,63,ERA_2016_2018,DRIFT,DRIFT,223,174,42,0.0582206059689283,0.7174887892376681,0.098615358408302,-0.0548672453688783
INDEPENDENT_CURRENT_CONSTITUENTS,TRANSITION_RECOVERING,63,ERA_2016_2018,DRIFT,RUSH,83,76,22,0.0398569074310517,0.6144578313253012,0.0754912277710107,-0.0603345374224417
INDEPENDENT_CURRENT_CONSTITUENTS,TRANSITION_RECOVERING,63,ERA_2016_2018,DRIFT,SCATTER,31,28,14,0.0506362950666967,0.7096774193548387,0.0904496673464529,-0.0337687733991278
INDEPENDENT_CURRENT_CONSTITUENTS,TRANSITION_RECOVERING,63,ERA_2016_2018,SCATTER,CALM,55,55,19,0.0423772101889838,0.6363636363636364,0.0837019727038419,-0.0590630853803471
INDEPENDENT_CURRENT_CONSTITUENTS,TRANSITION_RECOVERING,63,ERA_2016_2018,SCATTER,DRIFT,27,24,10,0.0610863746739682,0.8148148148148148,0.0699140184590048,-0.0605823197501355
INDEPENDENT_CURRENT_CONSTITUENTS,TRANSITION_RECOVERING,63,ERA_2016_2018,SCATTER,FLEE,20,20,8,0.09552236339317885,0.8,0.12086983766898535,-0.0235063374643272
INDEPENDENT_CURRENT_CONSTITUENTS,TRANSITION_RECOVERING,63,ERA_2016_2018,SCATTER,RUSH,7,7,3,0.0749088384239204,1.0,0.117213031387898,-0.0420383596422156
INDEPENDENT_CURRENT_CONSTITUENTS,TRANSITION_RECOVERING,63,ERA_2016_2018,SCATTER,SCATTER,180,172,17,0.06833126730702405,0.8111111111111111,0.10363653563184799,-0.04535666078276495
INDEPENDENT_CURRENT_CONSTITUENTS,TRANSITION_RECOVERING,63,ERA_2019_2021,CALM,CALM,472,283,65,0.05886176106358915,0.6504237288135594,0.1247308765834651,-0.07593902678226586
INDEPENDENT_CURRENT_CONSTITUENTS,TRANSITION_RECOVERING,63,ERA_2019_2021,CALM,DRIFT,216,173,54,0.031754669220704204,0.5972222222222222,0.1110674329270328,-0.07265182066290421
INDEPENDENT_CURRENT_CONSTITUENTS,TRANSITION_RECOVERING,63,ERA_2019_2021,CALM,RUSH,36,35,10,0.10106554377104625,0.8055555555555556,0.12389243724714365,-0.08266943478691535
INDEPENDENT_CURRENT_CONSTITUENTS,TRANSITION_RECOVERING,63,ERA_2019_2021,CALM,SCATTER,161,144,38,0.0452795045832654,0.6708074534161491,0.1140218604548914,-0.0745848937312954
INDEPENDENT_CURRENT_CONSTITUENTS,TRANSITION_RECOVERING,63,ERA_2019_2021,DRIFT,CALM,209,178,34,0.0026514166302094,0.5167464114832536,0.0884779412308305,-0.0842722489962884
INDEPENDENT_CURRENT_CONSTITUENTS,TRANSITION_RECOVERING,63,ERA_2019_2021,DRIFT,DRIFT,279,206,44,0.0247149060051017,0.5734767025089605,0.0910209868585245,-0.0952921750710974
INDEPENDENT_CURRENT_CONSTITUENTS,TRANSITION_RECOVERING,63,ERA_2019_2021,DRIFT,RUSH,30,26,15,0.10375733613813984,0.8666666666666667,0.1251414296136609,-0.02780995469533365
INDEPENDENT_CURRENT_CONSTITUENTS,TRANSITION_RECOVERING,63,ERA_2019_2021,DRIFT,SCATTER,10,10,5,0.0274049374449747,0.6,0.10525331493817675,-0.17344784389041928
INDEPENDENT_CURRENT_CONSTITUENTS,TRANSITION_RECOVERING,63,ERA_2019_2021,FLEE,FLEE,1,1,1,0.7342283268289533,1.0,1.3033555752215626,-0.2442953224783443
INDEPENDENT_CURRENT_CONSTITUENTS,TRANSITION_RECOVERING,63,ERA_2019_2021,RUSH,CALM,4,4,1,0.01513320759152895,0.5,0.0614429644887005,-0.07467463349679895
INDEPENDENT_CURRENT_CONSTITUENTS,TRANSITION_RECOVERING,63,ERA_2019_2021,RUSH,RUSH,2,2,1,0.15265338319974137,1.0,0.18918723427435935,-0.0489934588049773
INDEPENDENT_CURRENT_CONSTITUENTS,TRANSITION_RECOVERING,63,ERA_2019_2021,SCATTER,CALM,81,71,12,0.0810961076323291,0.7283950617283951,0.1388461773076923,-0.0489013737517736
INDEPENDENT_CURRENT_CONSTITUENTS,TRANSITION_RECOVERING,63,ERA_2019_2021,SCATTER,DRIFT,6,6,3,0.09346354275975675,0.8333333333333334,0.11610800763593665,-0.0409004253275198
INDEPENDENT_CURRENT_CONSTITUENTS,TRANSITION_RECOVERING,63,ERA_2019_2021,SCATTER,RUSH,8,8,1,0.0827763920517912,1.0,0.11207185355257779,-0.02663231751632425
INDEPENDENT_CURRENT_CONSTITUENTS,TRANSITION_RECOVERING,63,ERA_2019_2021,SCATTER,SCATTER,274,219,19,0.1280580288197457,0.8211678832116789,0.18753323841783515,-0.0546569750614541
INDEPENDENT_CURRENT_CONSTITUENTS,TRANSITION_RECOVERING,63,ERA_2022_2024,CALM,CALM,634,325,58,0.0043609564059765,0.5189274447949527,0.0869056692941767,-0.07746506182728055
INDEPENDENT_CURRENT_CONSTITUENTS,TRANSITION_RECOVERING,63,ERA_2022_2024,CALM,DRIFT,195,159,38,0.0334786722880136,0.5692307692307692,0.1076195263029853,-0.0626808118785273
INDEPENDENT_CURRENT_CONSTITUENTS,TRANSITION_RECOVERING,63,ERA_2022_2024,CALM,RUSH,13,13,4,0.0988205178493757,0.9230769230769231,0.1503670857402483,-0.0275138415939715
INDEPENDENT_CURRENT_CONSTITUENTS,TRANSITION_RECOVERING,63,ERA_2022_2024,CALM,SCATTER,255,190,35,0.016007035941963,0.5607843137254902,0.0959409278430469,-0.0778104604197771
INDEPENDENT_CURRENT_CONSTITUENTS,TRANSITION_RECOVERING,63,ERA_2022_2024,DRIFT,CALM,98,88,28,-0.0057405419918483,0.4897959183673469,0.08353237707065306,-0.0708397299911235
INDEPENDENT_CURRENT_CONSTITUENTS,TRANSITION_RECOVERING,63,ERA_2022_2024,DRIFT,DRIFT,143,114,27,0.0355437047248488,0.6153846153846154,0.1075316092282818,-0.0764453910160719
INDEPENDENT_CURRENT_CONSTITUENTS,TRANSITION_RECOVERING,63,ERA_2022_2024,DRIFT,RUSH,24,22,14,0.0453987971344772,0.5833333333333334,0.08480217571527875,-0.061860486532266695
INDEPENDENT_CURRENT_CONSTITUENTS,TRANSITION_RECOVERING,63,ERA_2022_2024,DRIFT,SCATTER,11,11,5,0.1228798066768925,0.8181818181818182,0.1730103628881503,-0.0126527652689952
INDEPENDENT_CURRENT_CONSTITUENTS,TRANSITION_RECOVERING,63,ERA_2022_2024,SCATTER,CALM,93,89,23,0.0425413025210967,0.6666666666666666,0.1044960556158147,-0.0510655402173052
INDEPENDENT_CURRENT_CONSTITUENTS,TRANSITION_RECOVERING,63,ERA_2022_2024,SCATTER,DRIFT,21,21,8,-0.0091179997242778,0.47619047619047616,0.071667783420054,-0.1188003242536819
INDEPENDENT_CURRENT_CONSTITUENTS,TRANSITION_RECOVERING,63,ERA_2022_2024,SCATTER,FLEE,1,1,1,-0.1803617180608367,0.0,0.0852714144655502,-0.2828597040286128
INDEPENDENT_CURRENT_CONSTITUENTS,TRANSITION_RECOVERING,63,ERA_2022_2024,SCATTER,RUSH,4,4,3,-0.03543025701554405,0.25,0.13872638388328323,-0.11230977097029175
INDEPENDENT_CURRENT_CONSTITUENTS,TRANSITION_RECOVERING,63,ERA_2022_2024,SCATTER,SCATTER,230,189,36,-0.045298768086563454,0.3391304347826087,0.06916514080232189,-0.15007101673943113
INDEPENDENT_CURRENT_CONSTITUENTS,TRANSITION_RECOVERING,63,ERA_2025_2026,CALM,CALM,366,247,47,0.022376943794238803,0.5819672131147541,0.11184009576411355,-0.07200992964323266
INDEPENDENT_CURRENT_CONSTITUENTS,TRANSITION_RECOVERING,63,ERA_2025_2026,CALM,DRIFT,108,92,33,0.0098972684630237,0.5277777777777778,0.130568290515843,-0.08205048528356075
INDEPENDENT_CURRENT_CONSTITUENTS,TRANSITION_RECOVERING,63,ERA_2025_2026,CALM,RUSH,6,6,4,-0.0731389220458262,0.16666666666666666,0.0510573352562484,-0.0945043510379831
INDEPENDENT_CURRENT_CONSTITUENTS,TRANSITION_RECOVERING,63,ERA_2025_2026,CALM,SCATTER,113,107,24,0.0386308777672419,0.6194690265486725,0.1310702677764925,-0.0695047064927956
INDEPENDENT_CURRENT_CONSTITUENTS,TRANSITION_RECOVERING,63,ERA_2025_2026,DRIFT,CALM,14,14,2,0.00884130400178815,0.5,0.0662097310758077,-0.08842924871168965
INDEPENDENT_CURRENT_CONSTITUENTS,TRANSITION_RECOVERING,63,ERA_2025_2026,DRIFT,DRIFT,9,9,3,-0.0804287696372028,0.1111111111111111,0.0641303389999505,-0.108901789275109
INDEPENDENT_CURRENT_CONSTITUENTS,TRANSITION_RECOVERING,63,ERA_2025_2026,DRIFT,RUSH,15,15,3,-0.0538404427376421,0.3333333333333333,0.0612361783575134,-0.1209928640660911
INDEPENDENT_CURRENT_CONSTITUENTS,TRANSITION_RECOVERING,63,ERA_2025_2026,DRIFT,SCATTER,3,3,1,-0.0618699211688714,0.3333333333333333,0.0993770064014285,-0.070072898597909
INDEPENDENT_CURRENT_CONSTITUENTS,TRANSITION_RECOVERING,63,ERA_2025_2026,SCATTER,CALM,6,6,2,0.03819553775099099,0.6666666666666666,0.0517807626766192,-0.056429372010875
INDEPENDENT_CURRENT_CONSTITUENTS,TRANSITION_RECOVERING,63,ERA_2025_2026,SCATTER,DRIFT,1,1,1,0.0295139607803833,1.0,0.1159735590213353,-0.0401021078745716
INDEPENDENT_CURRENT_CONSTITUENTS,TRANSITION_RECOVERING,63,ERA_2025_2026,SCATTER,SCATTER,6,6,4,0.04855103303542545,0.5,0.1167033105899212,-0.1169288648248428
INDEPENDENT_CURRENT_CONSTITUENTS,TRANSITION_RECOVERING,126,ERA_2013_2015,CALM,CALM,353,232,46,0.0400414176038643,0.6203966005665722,0.1093894075304215,-0.0863286510091756
INDEPENDENT_CURRENT_CONSTITUENTS,TRANSITION_RECOVERING,126,ERA_2013_2015,CALM,DRIFT,154,113,35,0.0435539114919115,0.7077922077922078,0.12639931028733103,-0.0697351830344728
INDEPENDENT_CURRENT_CONSTITUENTS,TRANSITION_RECOVERING,126,ERA_2013_2015,CALM,FLEE,1,1,1,0.1450440285631127,1.0,0.2565303353834109,-0.0487367868553701
INDEPENDENT_CURRENT_CONSTITUENTS,TRANSITION_RECOVERING,126,ERA_2013_2015,CALM,RUSH,6,6,4,-0.06693070611598725,0.16666666666666666,0.050394261100819446,-0.1645189442793646
INDEPENDENT_CURRENT_CONSTITUENTS,TRANSITION_RECOVERING,126,ERA_2013_2015,CALM,SCATTER,163,139,43,0.0868688815630704,0.7361963190184049,0.125730969135803,-0.0789620696537186
INDEPENDENT_CURRENT_CONSTITUENTS,TRANSITION_RECOVERING,126,ERA_2013_2015,SCATTER,CALM,128,101,36,0.07403377437147525,0.6484375,0.1468755852092197,-0.0870314109419862
INDEPENDENT_CURRENT_CONSTITUENTS,TRANSITION_RECOVERING,126,ERA_2013_2015,SCATTER,DRIFT,23,23,8,0.0174284881689195,0.6086956521739131,0.1047283128503335,-0.0780141698813049
INDEPENDENT_CURRENT_CONSTITUENTS,TRANSITION_RECOVERING,126,ERA_2013_2015,SCATTER,FLEE,1,1,1,0.0773189749659233,1.0,0.1534781269951632,-0.1250003647245419
INDEPENDENT_CURRENT_CONSTITUENTS,TRANSITION_RECOVERING,126,ERA_2013_2015,SCATTER,SCATTER,204,177,34,0.05209830720926495,0.6666666666666666,0.10483000398205855,-0.12948355997060723
INDEPENDENT_CURRENT_CONSTITUENTS,TRANSITION_RECOVERING,126,ERA_2016_2018,CALM,CALM,353,255,54,0.0248029517060803,0.5580736543909348,0.1286226056093884,-0.1008062557644439
INDEPENDENT_CURRENT_CONSTITUENTS,TRANSITION_RECOVERING,126,ERA_2016_2018,CALM,DRIFT,156,134,43,0.0256006178625477,0.6089743589743589,0.11986056718734245,-0.0728441904043382
INDEPENDENT_CURRENT_CONSTITUENTS,TRANSITION_RECOVERING,126,ERA_2016_2018,CALM,FLEE,2,2,2,0.07939144425571115,1.0,0.11578995536780076,-0.03540921700665745
INDEPENDENT_CURRENT_CONSTITUENTS,TRANSITION_RECOVERING,126,ERA_2016_2018,CALM,RUSH,31,30,12,0.0236625448234011,0.7096774193548387,0.1020424410220826,-0.1128268818492961
INDEPENDENT_CURRENT_CONSTITUENTS,TRANSITION_RECOVERING,126,ERA_2016_2018,CALM,SCATTER,116,101,39,0.07017789012230366,0.7413793103448276,0.1335092960483088,-0.063469885795694
INDEPENDENT_CURRENT_CONSTITUENTS,TRANSITION_RECOVERING,126,ERA_2016_2018,DRIFT,CALM,143,121,34,0.0902524696291073,0.6923076923076923,0.1470389135366607,-0.0624259615316086
INDEPENDENT_CURRENT_CONSTITUENTS,TRANSITION_RECOVERING,126,ERA_2016_2018,DRIFT,DRIFT,223,174,42,0.1045901819350696,0.757847533632287,0.1805154560399815,-0.0665304434501719
INDEPENDENT_CURRENT_CONSTITUENTS,TRANSITION_RECOVERING,126,ERA_2016_2018,DRIFT,RUSH,83,76,22,0.0767865441301183,0.6506024096385542,0.1200849006676327,-0.0647340553418783
INDEPENDENT_CURRENT_CONSTITUENTS,TRANSITION_RECOVERING,126,ERA_2016_2018,DRIFT,SCATTER,31,28,14,0.0418090710712888,0.6129032258064516,0.129983326809139,-0.0465432504963023
INDEPENDENT_CURRENT_CONSTITUENTS,TRANSITION_RECOVERING,126,ERA_2016_2018,SCATTER,CALM,55,55,19,0.109196842625153,0.7454545454545455,0.1741928054664869,-0.0681408953330324
INDEPENDENT_CURRENT_CONSTITUENTS,TRANSITION_RECOVERING,126,ERA_2016_2018,SCATTER,DRIFT,27,24,10,0.1152802179822687,0.8888888888888888,0.1588143939019795,-0.0605823197501355
INDEPENDENT_CURRENT_CONSTITUENTS,TRANSITION_RECOVERING,126,ERA_2016_2018,SCATTER,FLEE,20,20,8,0.1911915505757451,0.9,0.21137151202265841,-0.027929400041855852
INDEPENDENT_CURRENT_CONSTITUENTS,TRANSITION_RECOVERING,126,ERA_2016_2018,SCATTER,RUSH,7,7,3,0.0452473691204353,0.7142857142857143,0.1696244038498582,-0.0420383596422156
INDEPENDENT_CURRENT_CONSTITUENTS,TRANSITION_RECOVERING,126,ERA_2016_2018,SCATTER,SCATTER,180,172,17,0.12029021969327375,0.8444444444444444,0.18314560732245821,-0.0548053028698158
INDEPENDENT_CURRENT_CONSTITUENTS,TRANSITION_RECOVERING,126,ERA_2019_2021,CALM,CALM,472,283,65,0.06936081522516166,0.6186440677966102,0.18450252291914898,-0.14138901068269144
INDEPENDENT_CURRENT_CONSTITUENTS,TRANSITION_RECOVERING,126,ERA_2019_2021,CALM,DRIFT,216,173,54,0.04397961940586865,0.5601851851851852,0.1659613110493265,-0.13215750024035675
INDEPENDENT_CURRENT_CONSTITUENTS,TRANSITION_RECOVERING,126,ERA_2019_2021,CALM,RUSH,36,35,10,0.17394000392174902,0.7777777777777778,0.22794187312003128,-0.09901820976936229
INDEPENDENT_CURRENT_CONSTITUENTS,TRANSITION_RECOVERING,126,ERA_2019_2021,CALM,SCATTER,161,144,38,0.073155336760817,0.6149068322981367,0.1772742451904656,-0.1052693715864329
INDEPENDENT_CURRENT_CONSTITUENTS,TRANSITION_RECOVERING,126,ERA_2019_2021,DRIFT,CALM,209,178,34,0.0511194224644626,0.6602870813397129,0.1252641993195098,-0.0936372675285753
INDEPENDENT_CURRENT_CONSTITUENTS,TRANSITION_RECOVERING,126,ERA_2019_2021,DRIFT,DRIFT,279,206,44,0.064879044871116,0.6702508960573477,0.1445022583939894,-0.1065437516159305
INDEPENDENT_CURRENT_CONSTITUENTS,TRANSITION_RECOVERING,126,ERA_2019_2021,DRIFT,RUSH,30,26,15,0.13358880230048575,0.8666666666666667,0.2198853134554669,-0.04684432576799555
INDEPENDENT_CURRENT_CONSTITUENTS,TRANSITION_RECOVERING,126,ERA_2019_2021,DRIFT,SCATTER,10,10,5,0.0528820058997393,0.6,0.11771416220851455,-0.18557009307628095
INDEPENDENT_CURRENT_CONSTITUENTS,TRANSITION_RECOVERING,126,ERA_2019_2021,FLEE,FLEE,1,1,1,1.03221498245039,1.0,1.4120808888670502,-0.2442953224783443
INDEPENDENT_CURRENT_CONSTITUENTS,TRANSITION_RECOVERING,126,ERA_2019_2021,RUSH,CALM,4,4,1,-0.02480629432845155,0.25,0.06442464051076385,-0.07914983669235895
INDEPENDENT_CURRENT_CONSTITUENTS,TRANSITION_RECOVERING,126,ERA_2019_2021,RUSH,RUSH,2,2,1,0.0693319852317988,1.0,0.1980504775649748,-0.0489934588049773
INDEPENDENT_CURRENT_CONSTITUENTS,TRANSITION_RECOVERING,126,ERA_2019_2021,SCATTER,CALM,81,71,12,0.1631004196632244,0.8395061728395061,0.2527091840727744,-0.0645507086345784
INDEPENDENT_CURRENT_CONSTITUENTS,TRANSITION_RECOVERING,126,ERA_2019_2021,SCATTER,DRIFT,6,6,3,0.18149744793803704,0.8333333333333334,0.204248176996015,-0.05164226700790765
INDEPENDENT_CURRENT_CONSTITUENTS,TRANSITION_RECOVERING,126,ERA_2019_2021,SCATTER,RUSH,8,8,1,0.17724826505857255,1.0,0.2125925061633957,-0.02839766611762105
INDEPENDENT_CURRENT_CONSTITUENTS,TRANSITION_RECOVERING,126,ERA_2019_2021,SCATTER,SCATTER,274,219,19,0.2000172312026806,0.8284671532846716,0.2917063038480894,-0.06866704305207144
INDEPENDENT_CURRENT_CONSTITUENTS,TRANSITION_RECOVERING,126,ERA_2022_2024,CALM,CALM,634,325,58,0.026303351555114048,0.5662460567823344,0.13159642234052582,-0.11216717578682076
INDEPENDENT_CURRENT_CONSTITUENTS,TRANSITION_RECOVERING,126,ERA_2022_2024,CALM,DRIFT,195,159,38,0.0579852558288753,0.5948717948717949,0.1687569784482179,-0.0937424084850521
INDEPENDENT_CURRENT_CONSTITUENTS,TRANSITION_RECOVERING,126,ERA_2022_2024,CALM,RUSH,13,13,4,0.0804962288499535,0.6153846153846154,0.1889769858944328,-0.0510147971488296
INDEPENDENT_CURRENT_CONSTITUENTS,TRANSITION_RECOVERING,126,ERA_2022_2024,CALM,SCATTER,255,190,35,0.017682959863394,0.5450980392156862,0.1277780605707721,-0.1075627447044313
INDEPENDENT_CURRENT_CONSTITUENTS,TRANSITION_RECOVERING,126,ERA_2022_2024,DRIFT,CALM,98,88,28,-0.0289513018882938,0.45918367346938777,0.14683508677798796,-0.11013980666579776
INDEPENDENT_CURRENT_CONSTITUENTS,TRANSITION_RECOVERING,126,ERA_2022_2024,DRIFT,DRIFT,143,114,27,0.031500024666309,0.5594405594405595,0.1518278556226582,-0.1284030753752795
INDEPENDENT_CURRENT_CONSTITUENTS,TRANSITION_RECOVERING,126,ERA_2022_2024,DRIFT,RUSH,24,22,14,-0.0109623730211668,0.4583333333333333,0.1211908584312271,-0.10730199347588334
INDEPENDENT_CURRENT_CONSTITUENTS,TRANSITION_RECOVERING,126,ERA_2022_2024,DRIFT,SCATTER,11,11,5,0.2359129868849823,0.7272727272727273,0.2580484095300961,-0.0269008935627071
INDEPENDENT_CURRENT_CONSTITUENTS,TRANSITION_RECOVERING,126,ERA_2022_2024,SCATTER,CALM,93,89,23,0.0075432390909691,0.5161290322580645,0.1296682124089683,-0.0908046189970299
INDEPENDENT_CURRENT_CONSTITUENTS,TRANSITION_RECOVERING,126,ERA_2022_2024,SCATTER,DRIFT,21,21,8,-0.0375525738087744,0.38095238095238093,0.0926311953025631,-0.1271491801219341
INDEPENDENT_CURRENT_CONSTITUENTS,TRANSITION_RECOVERING,126,ERA_2022_2024,SCATTER,FLEE,1,1,1,-0.3894918151882895,0.0,0.0852714144655502,-0.4563307629465295
INDEPENDENT_CURRENT_CONSTITUENTS,TRANSITION_RECOVERING,126,ERA_2022_2024,SCATTER,RUSH,4,4,3,-0.023210035960402504,0.5,0.14938077835728253,-0.1432213312621919
INDEPENDENT_CURRENT_CONSTITUENTS,TRANSITION_RECOVERING,126,ERA_2022_2024,SCATTER,SCATTER,230,189,36,0.0217799479029077,0.5652173913043478,0.12366709003099169,-0.17030015579571112
INDEPENDENT_CURRENT_CONSTITUENTS,TRANSITION_RECOVERING,126,ERA_2025_2026,CALM,CALM,334,231,44,0.06527716732386155,0.625748502994012,0.17399602997827457,-0.0994999258646868
INDEPENDENT_CURRENT_CONSTITUENTS,TRANSITION_RECOVERING,126,ERA_2025_2026,CALM,DRIFT,86,75,27,0.0570888818025944,0.6162790697674418,0.16474567561362605,-0.1137547837899832
INDEPENDENT_CURRENT_CONSTITUENTS,TRANSITION_RECOVERING,126,ERA_2025_2026,CALM,SCATTER,107,103,19,0.0630768414684994,0.6448598130841121,0.1913299291102359,-0.0821816829268614
INDEPENDENT_CURRENT_CONSTITUENTS,TRANSITION_RECOVERING,126,ERA_2025_2026,SCATTER,CALM,6,6,2,-0.1107526687648959,0.3333333333333333,0.0638174061370744,-0.15322685056171353
INDEPENDENT_CURRENT_CONSTITUENTS,TRANSITION_RECOVERING,126,ERA_2025_2026,SCATTER,DRIFT,1,1,1,0.2091417170935012,1.0,0.2096632480640661,-0.0401021078745716
INDEPENDENT_CURRENT_CONSTITUENTS,TRANSITION_RECOVERING,126,ERA_2025_2026,SCATTER,SCATTER,5,5,3,0.1105449575011898,0.6,0.1972216832148816,-0.1664258147056444
INDEPENDENT_CURRENT_CONSTITUENTS,TRANSITION_RECOVERING,130,ERA_2013_2015,CALM,CALM,353,232,46,0.0399872870293123,0.623229461756374,0.1133840796522884,-0.0886937148961937
INDEPENDENT_CURRENT_CONSTITUENTS,TRANSITION_RECOVERING,130,ERA_2013_2015,CALM,DRIFT,154,113,35,0.049962585879453195,0.6883116883116883,0.126898364998204,-0.07115500987260456
INDEPENDENT_CURRENT_CONSTITUENTS,TRANSITION_RECOVERING,130,ERA_2013_2015,CALM,FLEE,1,1,1,0.1405735647151536,1.0,0.2565303353834109,-0.0487367868553701
INDEPENDENT_CURRENT_CONSTITUENTS,TRANSITION_RECOVERING,130,ERA_2013_2015,CALM,RUSH,6,6,4,-0.089423265414849,0.16666666666666666,0.050394261100819446,-0.1645189442793646
INDEPENDENT_CURRENT_CONSTITUENTS,TRANSITION_RECOVERING,130,ERA_2013_2015,CALM,SCATTER,163,139,43,0.0864915947671118,0.7484662576687117,0.1320413396793602,-0.0789620696537186
INDEPENDENT_CURRENT_CONSTITUENTS,TRANSITION_RECOVERING,130,ERA_2013_2015,SCATTER,CALM,128,101,36,0.06330626803761115,0.6640625,0.1468755852092197,-0.0870314109419862
INDEPENDENT_CURRENT_CONSTITUENTS,TRANSITION_RECOVERING,130,ERA_2013_2015,SCATTER,DRIFT,23,23,8,0.0317428645488249,0.6956521739130435,0.1047283128503335,-0.0780141698813049
INDEPENDENT_CURRENT_CONSTITUENTS,TRANSITION_RECOVERING,130,ERA_2013_2015,SCATTER,FLEE,1,1,1,0.0339018665895194,1.0,0.1534781269951632,-0.1250003647245419
INDEPENDENT_CURRENT_CONSTITUENTS,TRANSITION_RECOVERING,130,ERA_2013_2015,SCATTER,SCATTER,204,177,34,0.047186739321011445,0.6519607843137255,0.1061445006842659,-0.12948355997060723
INDEPENDENT_CURRENT_CONSTITUENTS,TRANSITION_RECOVERING,130,ERA_2016_2018,CALM,CALM,353,255,54,0.0261500348798724,0.5495750708215298,0.1289564564811514,-0.1039407462565368
INDEPENDENT_CURRENT_CONSTITUENTS,TRANSITION_RECOVERING,130,ERA_2016_2018,CALM,DRIFT,156,134,43,0.03486794111279615,0.5961538461538461,0.12203421102190964,-0.07545427603993596
INDEPENDENT_CURRENT_CONSTITUENTS,TRANSITION_RECOVERING,130,ERA_2016_2018,CALM,FLEE,2,2,2,0.0751680438925742,1.0,0.11578995536780076,-0.03540921700665745
INDEPENDENT_CURRENT_CONSTITUENTS,TRANSITION_RECOVERING,130,ERA_2016_2018,CALM,RUSH,31,30,12,0.0491226908038242,0.7096774193548387,0.1020424410220826,-0.1128268818492961
INDEPENDENT_CURRENT_CONSTITUENTS,TRANSITION_RECOVERING,130,ERA_2016_2018,CALM,SCATTER,116,101,39,0.0597517823867391,0.75,0.1335092960483088,-0.063469885795694
INDEPENDENT_CURRENT_CONSTITUENTS,TRANSITION_RECOVERING,130,ERA_2016_2018,DRIFT,CALM,143,121,34,0.0846677717641013,0.7062937062937062,0.1504220425887243,-0.063409627489298
INDEPENDENT_CURRENT_CONSTITUENTS,TRANSITION_RECOVERING,130,ERA_2016_2018,DRIFT,DRIFT,223,174,42,0.1092250854413174,0.7488789237668162,0.1841755498147794,-0.0666637094727642
INDEPENDENT_CURRENT_CONSTITUENTS,TRANSITION_RECOVERING,130,ERA_2016_2018,DRIFT,RUSH,83,76,22,0.066064092712851,0.6385542168674698,0.1212316155510093,-0.0668411009274386
INDEPENDENT_CURRENT_CONSTITUENTS,TRANSITION_RECOVERING,130,ERA_2016_2018,DRIFT,SCATTER,31,28,14,0.036135963905596,0.6451612903225806,0.1411487820874319,-0.0465432504963023
INDEPENDENT_CURRENT_CONSTITUENTS,TRANSITION_RECOVERING,130,ERA_2016_2018,SCATTER,CALM,55,55,19,0.137949019129592,0.7818181818181819,0.1741928054664869,-0.0681408953330324
INDEPENDENT_CURRENT_CONSTITUENTS,TRANSITION_RECOVERING,130,ERA_2016_2018,SCATTER,DRIFT,27,24,10,0.1140771933531044,0.8888888888888888,0.160857967392739,-0.0605823197501355
INDEPENDENT_CURRENT_CONSTITUENTS,TRANSITION_RECOVERING,130,ERA_2016_2018,SCATTER,FLEE,20,20,8,0.1745018578128283,0.9,0.2122351588531611,-0.027929400041855852
INDEPENDENT_CURRENT_CONSTITUENTS,TRANSITION_RECOVERING,130,ERA_2016_2018,SCATTER,RUSH,7,7,3,0.0662201933740755,0.8571428571428571,0.1696244038498582,-0.0420383596422156
INDEPENDENT_CURRENT_CONSTITUENTS,TRANSITION_RECOVERING,130,ERA_2016_2018,SCATTER,SCATTER,180,172,17,0.14245324765217543,0.8611111111111112,0.18367335753313369,-0.0548053028698158
INDEPENDENT_CURRENT_CONSTITUENTS,TRANSITION_RECOVERING,130,ERA_2019_2021,CALM,CALM,472,283,65,0.07993773359751119,0.6334745762711864,0.1921684033541457,-0.14197998463411385
INDEPENDENT_CURRENT_CONSTITUENTS,TRANSITION_RECOVERING,130,ERA_2019_2021,CALM,DRIFT,216,173,54,0.055871095488517694,0.5833333333333334,0.16774211662478375,-0.13215750024035675
INDEPENDENT_CURRENT_CONSTITUENTS,TRANSITION_RECOVERING,130,ERA_2019_2021,CALM,RUSH,36,35,10,0.1812256247138275,0.8055555555555556,0.2378988412551904,-0.10376978082716434
INDEPENDENT_CURRENT_CONSTITUENTS,TRANSITION_RECOVERING,130,ERA_2019_2021,CALM,SCATTER,161,144,38,0.0637747329511462,0.6459627329192547,0.1772742451904656,-0.1052693715864329
INDEPENDENT_CURRENT_CONSTITUENTS,TRANSITION_RECOVERING,130,ERA_2019_2021,DRIFT,CALM,209,178,34,0.0507190627703764,0.6698564593301436,0.1281094086253524,-0.0946137499251746
INDEPENDENT_CURRENT_CONSTITUENTS,TRANSITION_RECOVERING,130,ERA_2019_2021,DRIFT,DRIFT,279,206,44,0.0773809520089285,0.6810035842293907,0.1457499359451506,-0.1065437516159305
INDEPENDENT_CURRENT_CONSTITUENTS,TRANSITION_RECOVERING,130,ERA_2019_2021,DRIFT,RUSH,30,26,15,0.163299307300585,0.8,0.2198853134554669,-0.04684432576799555
INDEPENDENT_CURRENT_CONSTITUENTS,TRANSITION_RECOVERING,130,ERA_2019_2021,DRIFT,SCATTER,10,10,5,0.022728933076140302,0.5,0.1205662683623056,-0.18557009307628095
INDEPENDENT_CURRENT_CONSTITUENTS,TRANSITION_RECOVERING,130,ERA_2019_2021,FLEE,FLEE,1,1,1,0.943623888260082,1.0,1.4120808888670502,-0.2442953224783443
INDEPENDENT_CURRENT_CONSTITUENTS,TRANSITION_RECOVERING,130,ERA_2019_2021,RUSH,CALM,4,4,1,0.0063956190772658985,0.5,0.06442464051076385,-0.07914983669235895
INDEPENDENT_CURRENT_CONSTITUENTS,TRANSITION_RECOVERING,130,ERA_2019_2021,RUSH,RUSH,2,2,1,0.06174188124708465,0.5,0.1980504775649748,-0.0489934588049773
INDEPENDENT_CURRENT_CONSTITUENTS,TRANSITION_RECOVERING,130,ERA_2019_2021,SCATTER,CALM,81,71,12,0.1459808346751887,0.8024691358024691,0.2527091840727744,-0.0664042830137784
INDEPENDENT_CURRENT_CONSTITUENTS,TRANSITION_RECOVERING,130,ERA_2019_2021,SCATTER,DRIFT,6,6,3,0.2100668047091074,0.8333333333333334,0.2228165997953196,-0.05164226700790765
INDEPENDENT_CURRENT_CONSTITUENTS,TRANSITION_RECOVERING,130,ERA_2019_2021,SCATTER,RUSH,8,8,1,0.16153321486995645,1.0,0.2194982372135828,-0.02839766611762105
INDEPENDENT_CURRENT_CONSTITUENTS,TRANSITION_RECOVERING,130,ERA_2019_2021,SCATTER,SCATTER,274,219,19,0.2076990538656167,0.8394160583941606,0.29358015608692556,-0.06866704305207144
INDEPENDENT_CURRENT_CONSTITUENTS,TRANSITION_RECOVERING,130,ERA_2022_2024,CALM,CALM,634,325,58,0.02625563512154355,0.5583596214511041,0.1329284304364568,-0.11228427505325306
INDEPENDENT_CURRENT_CONSTITUENTS,TRANSITION_RECOVERING,130,ERA_2022_2024,CALM,DRIFT,195,159,38,0.0585721801543783,0.6,0.1695570439631337,-0.0937424084850521
INDEPENDENT_CURRENT_CONSTITUENTS,TRANSITION_RECOVERING,130,ERA_2022_2024,CALM,RUSH,13,13,4,0.1251567866274199,0.6153846153846154,0.2090812792878735,-0.0510147971488296
INDEPENDENT_CURRENT_CONSTITUENTS,TRANSITION_RECOVERING,130,ERA_2022_2024,CALM,SCATTER,255,190,35,0.0244572961959237,0.5843137254901961,0.1314068441207965,-0.1081428196228725
INDEPENDENT_CURRENT_CONSTITUENTS,TRANSITION_RECOVERING,130,ERA_2022_2024,DRIFT,CALM,98,88,28,-0.0148551315051397,0.47959183673469385,0.14901690220420943,-0.1135120330372297
INDEPENDENT_CURRENT_CONSTITUENTS,TRANSITION_RECOVERING,130,ERA_2022_2024,DRIFT,DRIFT,143,114,27,0.0201030702028224,0.5454545454545454,0.1536156036088551,-0.1298077064320733
INDEPENDENT_CURRENT_CONSTITUENTS,TRANSITION_RECOVERING,130,ERA_2022_2024,DRIFT,RUSH,24,22,14,-0.00194800618709865,0.5,0.1211908584312271,-0.12140482852693166
INDEPENDENT_CURRENT_CONSTITUENTS,TRANSITION_RECOVERING,130,ERA_2022_2024,DRIFT,SCATTER,11,11,5,0.2287379220515106,0.7272727272727273,0.2630100244160958,-0.0269008935627071
INDEPENDENT_CURRENT_CONSTITUENTS,TRANSITION_RECOVERING,130,ERA_2022_2024,SCATTER,CALM,93,89,23,0.0061963892412295,0.5376344086021505,0.1385114217318117,-0.0908046189970299
INDEPENDENT_CURRENT_CONSTITUENTS,TRANSITION_RECOVERING,130,ERA_2022_2024,SCATTER,DRIFT,21,21,8,-0.0556623659179633,0.2857142857142857,0.0926311953025631,-0.1462839648979785
INDEPENDENT_CURRENT_CONSTITUENTS,TRANSITION_RECOVERING,130,ERA_2022_2024,SCATTER,FLEE,1,1,1,-0.3496985534211028,0.0,0.0852714144655502,-0.4563307629465295
INDEPENDENT_CURRENT_CONSTITUENTS,TRANSITION_RECOVERING,130,ERA_2022_2024,SCATTER,RUSH,4,4,3,-0.016550901716508,0.5,0.14938077835728253,-0.1432213312621919
INDEPENDENT_CURRENT_CONSTITUENTS,TRANSITION_RECOVERING,130,ERA_2022_2024,SCATTER,SCATTER,230,189,36,0.03200401369079625,0.5565217391304348,0.12681256005184988,-0.17030015579571112
INDEPENDENT_CURRENT_CONSTITUENTS,TRANSITION_RECOVERING,130,ERA_2025_2026,CALM,CALM,327,227,43,0.0627531182402159,0.6238532110091743,0.1853884290251788,-0.1015678650565149
INDEPENDENT_CURRENT_CONSTITUENTS,TRANSITION_RECOVERING,130,ERA_2025_2026,CALM,DRIFT,83,73,26,0.0282165413551553,0.6024096385542169,0.1681450297401117,-0.1149945844714095
INDEPENDENT_CURRENT_CONSTITUENTS,TRANSITION_RECOVERING,130,ERA_2025_2026,CALM,SCATTER,107,103,19,0.059534031391623,0.6542056074766355,0.1913299291102359,-0.0821816829268614
INDEPENDENT_CURRENT_CONSTITUENTS,TRANSITION_RECOVERING,130,ERA_2025_2026,SCATTER,CALM,6,6,2,-0.1252821964345068,0.3333333333333333,0.0638174061370744,-0.15322685056171353
INDEPENDENT_CURRENT_CONSTITUENTS,TRANSITION_RECOVERING,130,ERA_2025_2026,SCATTER,DRIFT,1,1,1,0.2232226896074183,1.0,0.2352176014312037,-0.0401021078745716
INDEPENDENT_CURRENT_CONSTITUENTS,TRANSITION_RECOVERING,130,ERA_2025_2026,SCATTER,SCATTER,5,5,3,0.1315417419851898,0.6,0.1972216832148816,-0.1664258147056444
PRIMARY,STAGE_ENTRY_FLEE,5,ERA_2013_2015,CALM,CALM,14,12,9,0.00721287861832315,0.5714285714285714,0.01120658627789245,-0.01787762651074625
PRIMARY,STAGE_ENTRY_FLEE,5,ERA_2013_2015,CALM,DRIFT,3,3,3,-0.0055239393048895,0.3333333333333333,0.0224575150529653,-0.0276195233635098
PRIMARY,STAGE_ENTRY_FLEE,5,ERA_2013_2015,CALM,FLEE,5,4,2,0.0136221983039308,0.6,0.0429438820453409,-0.0221222660237686
PRIMARY,STAGE_ENTRY_FLEE,5,ERA_2013_2015,CALM,SCATTER,31,21,20,0.0058368089090874,0.5806451612903226,0.0244618155295253,-0.0131600333888436
PRIMARY,STAGE_ENTRY_FLEE,5,ERA_2013_2015,SCATTER,CALM,1,1,1,0.0215856161634335,1.0,0.0286445219456641,-0.0075703105882353
PRIMARY,STAGE_ENTRY_FLEE,5,ERA_2013_2015,SCATTER,FLEE,14,14,7,0.0257990061598087,0.6428571428571429,0.030278614991325253,-0.04274197808083495
PRIMARY,STAGE_ENTRY_FLEE,5,ERA_2013_2015,SCATTER,SCATTER,54,32,33,-0.00177871295894375,0.46296296296296297,0.018932185566445547,-0.021546334927537547
PRIMARY,STAGE_ENTRY_FLEE,5,ERA_2016_2018,CALM,CALM,10,7,8,0.0115471697167002,0.6,0.023018895691536652,-0.01227553971095555
PRIMARY,STAGE_ENTRY_FLEE,5,ERA_2016_2018,CALM,FLEE,1,1,1,0.0130675113940135,1.0,0.0197156551055672,-0.0034385608057247
PRIMARY,STAGE_ENTRY_FLEE,5,ERA_2016_2018,CALM,SCATTER,29,23,20,0.0072910520126232,0.6551724137931034,0.0205383086565211,-0.0124044358854372
PRIMARY,STAGE_ENTRY_FLEE,5,ERA_2016_2018,DRIFT,CALM,2,2,2,-0.01362280074510195,0.0,0.00390468392924365,-0.034032742230980254
PRIMARY,STAGE_ENTRY_FLEE,5,ERA_2016_2018,DRIFT,DRIFT,2,1,2,-0.00011332917402134997,0.5,0.01725985163629425,-0.015303610768589701
PRIMARY,STAGE_ENTRY_FLEE,5,ERA_2016_2018,DRIFT,SCATTER,3,3,3,-0.004084389281671,0.3333333333333333,0.0075652430299384,-0.0152776479279708
PRIMARY,STAGE_ENTRY_FLEE,5,ERA_2016_2018,SCATTER,CALM,4,4,3,0.0210471403982064,0.75,0.0304815093686071,-0.00803513554213795
PRIMARY,STAGE_ENTRY_FLEE,5,ERA_2016_2018,SCATTER,FLEE,21,15,7,0.0067195363803869,0.6190476190476191,0.0365206104946935,-0.0357508602369675
PRIMARY,STAGE_ENTRY_FLEE,5,ERA_2016_2018,SCATTER,SCATTER,21,17,13,0.00119018155152,0.5238095238095238,0.0289646356429598,-0.0323710831162946
PRIMARY,STAGE_ENTRY_FLEE,5,ERA_2019_2021,CALM,CALM,17,13,13,-0.0157395976392216,0.4117647058823529,0.0130137574373532,-0.0266571193288508
PRIMARY,STAGE_ENTRY_FLEE,5,ERA_2019_2021,CALM,SCATTER,28,21,20,0.00246025738505655,0.6071428571428571,0.02644445822529625,-0.025211611166157798
PRIMARY,STAGE_ENTRY_FLEE,5,ERA_2019_2021,DRIFT,CALM,5,5,5,-0.0190990611855401,0.4,0.0195971895308455,-0.0263086763668887
PRIMARY,STAGE_ENTRY_FLEE,5,ERA_2019_2021,DRIFT,DRIFT,1,1,1,0.0809558578109113,1.0,0.0837660718489143,-0.0067261591036559
PRIMARY,STAGE_ENTRY_FLEE,5,ERA_2019_2021,DRIFT,SCATTER,7,5,7,0.0270619108293206,0.7142857142857143,0.0361206364485293,-0.0133779138823948
PRIMARY,STAGE_ENTRY_FLEE,5,ERA_2019_2021,FLEE,FLEE,8,8,1,0.17228886796125958,1.0,0.281084615154454,-0.05141799229174865
PRIMARY,STAGE_ENTRY_FLEE,5,ERA_2019_2021,FLEE,SCATTER,2,2,1,0.150258868199789,1.0,0.2185697326025816,-0.07134200677724875
PRIMARY,STAGE_ENTRY_FLEE,5,ERA_2019_2021,SCATTER,CALM,2,2,2,-0.0063549686333054505,0.5,0.0238253004785731,-0.0203282932416034
PRIMARY,STAGE_ENTRY_FLEE,5,ERA_2019_2021,SCATTER,FLEE,7,7,2,0.0185446350956168,0.7142857142857143,0.1344973585935742,-0.0996996990675374
PRIMARY,STAGE_ENTRY_FLEE,5,ERA_2019_2021,SCATTER,SCATTER,17,14,10,0.0270420192855616,0.8235294117647058,0.0437760632800978,-0.015394882301928
PRIMARY,STAGE_ENTRY_FLEE,5,ERA_2022_2024,CALM,CALM,13,9,12,-0.0031003288235456,0.46153846153846156,0.0312158002765985,-0.0277995263487901
PRIMARY,STAGE_ENTRY_FLEE,5,ERA_2022_2024,CALM,FLEE,1,1,1,0.0440001109691499,1.0,0.0460465622874655,-0.0046511627906976
PRIMARY,STAGE_ENTRY_FLEE,5,ERA_2022_2024,CALM,SCATTER,26,16,17,-0.0089220284194482,0.46153846153846156,0.0153367022264915,-0.01846052645272965
PRIMARY,STAGE_ENTRY_FLEE,5,ERA_2022_2024,DRIFT,CALM,4,4,4,-0.013404191398369798,0.5,0.01589015961451975,-0.03746907989943625
PRIMARY,STAGE_ENTRY_FLEE,5,ERA_2022_2024,DRIFT,DRIFT,2,2,2,0.0025188472926742003,1.0,0.029831264854156353,-0.02073062683776895
PRIMARY,STAGE_ENTRY_FLEE,5,ERA_2022_2024,DRIFT,SCATTER,3,3,3,0.0162472653878611,0.6666666666666666,0.0290685875352707,-0.022332335696359
PRIMARY,STAGE_ENTRY_FLEE,5,ERA_2022_2024,SCATTER,CALM,3,3,3,-0.0397646335952071,0.3333333333333333,0.0243016469773116,-0.0470365782520777
PRIMARY,STAGE_ENTRY_FLEE,5,ERA_2022_2024,SCATTER,DRIFT,1,1,1,0.0425182271225139,1.0,0.0899737950454537,-0.0021945364417499
PRIMARY,STAGE_ENTRY_FLEE,5,ERA_2022_2024,SCATTER,FLEE,6,5,5,0.02648140106100925,0.6666666666666666,0.0673009802169136,-0.03926103418353655
PRIMARY,STAGE_ENTRY_FLEE,5,ERA_2022_2024,SCATTER,SCATTER,71,41,34,0.0011722013325974,0.5211267605633803,0.0325862846297719,-0.0296467452648837
PRIMARY,STAGE_ENTRY_FLEE,5,ERA_2025_2026,CALM,CALM,17,17,13,0.0165263001491438,0.6470588235294118,0.0325395352940542,-0.0108177764993
PRIMARY,STAGE_ENTRY_FLEE,5,ERA_2025_2026,CALM,FLEE,1,1,1,0.0666188618539052,1.0,0.0682903915210908,-0.0126552671074225
PRIMARY,STAGE_ENTRY_FLEE,5,ERA_2025_2026,CALM,SCATTER,32,24,19,0.00429690651179435,0.625,0.02642862642737925,-0.0165184736232902
PRIMARY,STAGE_ENTRY_FLEE,5,ERA_2025_2026,DRIFT,CALM,1,1,1,0.0360369415203098,1.0,0.0658153383006352,-0.0107505418024647
PRIMARY,STAGE_ENTRY_FLEE,5,ERA_2025_2026,DRIFT,SCATTER,3,3,2,0.0333458977658285,0.6666666666666666,0.0639076586519447,-0.0141403427785419
PRIMARY,STAGE_ENTRY_FLEE,5,ERA_2025_2026,SCATTER,FLEE,2,2,1,0.18834125071955707,1.0,0.23965568400676407,-0.0221122539856226
PRIMARY,STAGE_ENTRY_FLEE,5,ERA_2025_2026,SCATTER,SCATTER,6,6,4,0.00895878685759255,0.5,0.0361298516238367,-0.03291819951004855
PRIMARY,STAGE_ENTRY_FLEE,10,ERA_2013_2015,CALM,CALM,14,12,9,0.0073478356586903,0.6428571428571429,0.015721017646960697,-0.01906783284681745
PRIMARY,STAGE_ENTRY_FLEE,10,ERA_2013_2015,CALM,DRIFT,3,3,3,0.0208965753256813,1.0,0.0277425675133407,-0.0276195233635098
PRIMARY,STAGE_ENTRY_FLEE,10,ERA_2013_2015,CALM,FLEE,5,4,2,-0.0527831022564589,0.2,0.0429438820453409,-0.054906557601022
PRIMARY,STAGE_ENTRY_FLEE,10,ERA_2013_2015,CALM,SCATTER,31,21,20,0.0096260627240465,0.5806451612903226,0.0285344349107146,-0.0222901248020287
PRIMARY,STAGE_ENTRY_FLEE,10,ERA_2013_2015,SCATTER,CALM,1,1,1,0.0193351123685303,1.0,0.0316112516761615,-0.0075703105882353
PRIMARY,STAGE_ENTRY_FLEE,10,ERA_2013_2015,SCATTER,FLEE,14,14,7,0.040428225087486946,0.7857142857142857,0.0665090733271668,-0.04975694764225955
PRIMARY,STAGE_ENTRY_FLEE,10,ERA_2013_2015,SCATTER,SCATTER,54,32,33,-0.0011934945350072705,0.5,0.0255981313689006,-0.033555311965437803
PRIMARY,STAGE_ENTRY_FLEE,10,ERA_2016_2018,CALM,CALM,10,7,8,0.010706917805706501,0.7,0.0423569838487318,-0.01832216413678065
PRIMARY,STAGE_ENTRY_FLEE,10,ERA_2016_2018,CALM,FLEE,1,1,1,-0.0116915801792634,0.0,0.0231547252549677,-0.0137548579517414
PRIMARY,STAGE_ENTRY_FLEE,10,ERA_2016_2018,CALM,SCATTER,29,23,20,0.0156495928119406,0.7586206896551724,0.0320734052040616,-0.014494556016819
PRIMARY,STAGE_ENTRY_FLEE,10,ERA_2016_2018,DRIFT,CALM,2,2,2,-0.0371799421593471,0.0,0.00466116385759815,-0.0516596982969919
PRIMARY,STAGE_ENTRY_FLEE,10,ERA_2016_2018,DRIFT,DRIFT,2,1,2,8.984265947864499e-08,0.5,0.019766757431328753,-0.01569148465158515
PRIMARY,STAGE_ENTRY_FLEE,10,ERA_2016_2018,DRIFT,SCATTER,3,3,3,-0.0114961080923319,0.0,0.0195124410374691,-0.0296476508147937
PRIMARY,STAGE_ENTRY_FLEE,10,ERA_2016_2018,SCATTER,CALM,4,4,3,0.0027058056250058513,0.5,0.0304815093686071,-0.02379802295954955
PRIMARY,STAGE_ENTRY_FLEE,10,ERA_2016_2018,SCATTER,FLEE,21,15,7,0.0465211833775232,0.5714285714285714,0.0581614224183948,-0.0462020150190498
PRIMARY,STAGE_ENTRY_FLEE,10,ERA_2016_2018,SCATTER,SCATTER,21,17,13,-0.0163724885993561,0.42857142857142855,0.0473261733223688,-0.0629923122954557
PRIMARY,STAGE_ENTRY_FLEE,10,ERA_2019_2021,CALM,CALM,17,13,13,-0.015077491966602,0.29411764705882354,0.0156053257688506,-0.0517363462823637
PRIMARY,STAGE_ENTRY_FLEE,10,ERA_2019_2021,CALM,SCATTER,28,21,20,0.014669209730760201,0.6428571428571429,0.0372287611703142,-0.028004097144899202
PRIMARY,STAGE_ENTRY_FLEE,10,ERA_2019_2021,DRIFT,CALM,5,5,5,-0.0118819938139107,0.4,0.0195971895308455,-0.03731545303392
PRIMARY,STAGE_ENTRY_FLEE,10,ERA_2019_2021,DRIFT,DRIFT,1,1,1,0.1442854559835302,1.0,0.1442854559835302,-0.0067261591036559
PRIMARY,STAGE_ENTRY_FLEE,10,ERA_2019_2021,DRIFT,SCATTER,7,5,7,0.0060520061256366,0.5714285714285714,0.0361206364485293,-0.0133779138823948
PRIMARY,STAGE_ENTRY_FLEE,10,ERA_2019_2021,FLEE,FLEE,8,8,1,0.15128072448979055,1.0,0.29272676407815656,-0.05141799229174865
PRIMARY,STAGE_ENTRY_FLEE,10,ERA_2019_2021,FLEE,SCATTER,2,2,1,0.17267116972521873,1.0,0.24281566062445958,-0.07134200677724875
PRIMARY,STAGE_ENTRY_FLEE,10,ERA_2019_2021,SCATTER,CALM,2,2,2,0.017768717202585303,0.5,0.04671424311623495,-0.0203282932416034
PRIMARY,STAGE_ENTRY_FLEE,10,ERA_2019_2021,SCATTER,FLEE,7,7,2,0.1252017161581116,0.7142857142857143,0.1798011455807828,-0.0996996990675374
PRIMARY,STAGE_ENTRY_FLEE,10,ERA_2019_2021,SCATTER,SCATTER,17,14,10,0.0037447440698901,0.5294117647058824,0.069496845976269,-0.0203720932526091
PRIMARY,STAGE_ENTRY_FLEE,10,ERA_2022_2024,CALM,CALM,13,9,12,-0.0050566990782403,0.46153846153846156,0.0360772679978771,-0.049035579340531
PRIMARY,STAGE_ENTRY_FLEE,10,ERA_2022_2024,CALM,FLEE,1,1,1,0.029116373302144,1.0,0.0635348827120292,-0.0046511627906976
PRIMARY,STAGE_ENTRY_FLEE,10,ERA_2022_2024,CALM,SCATTER,26,16,17,0.021035763261187,0.6923076923076923,0.0336194671728886,-0.024820602939931498
PRIMARY,STAGE_ENTRY_FLEE,10,ERA_2022_2024,DRIFT,CALM,4,4,4,-0.0011238813204060998,0.5,0.0312090087955386,-0.03746907989943625
PRIMARY,STAGE_ENTRY_FLEE,10,ERA_2022_2024,DRIFT,DRIFT,2,2,2,0.010734453304921551,0.5,0.050416871082250944,-0.02073062683776895
PRIMARY,STAGE_ENTRY_FLEE,10,ERA_2022_2024,DRIFT,SCATTER,3,3,3,-0.002286411011285,0.3333333333333333,0.0358823938506323,-0.0265816137516547
PRIMARY,STAGE_ENTRY_FLEE,10,ERA_2022_2024,SCATTER,CALM,3,3,3,-0.0463639553787492,0.3333333333333333,0.0243016469773116,-0.075241700417188
PRIMARY,STAGE_ENTRY_FLEE,10,ERA_2022_2024,SCATTER,DRIFT,1,1,1,0.0281168482728901,1.0,0.0899737950454537,-0.0021945364417499
PRIMARY,STAGE_ENTRY_FLEE,10,ERA_2022_2024,SCATTER,FLEE,6,5,5,-0.0221668751954844,0.5,0.0673009802169136,-0.0661417655071157
PRIMARY,STAGE_ENTRY_FLEE,10,ERA_2022_2024,SCATTER,SCATTER,71,41,34,0.0177954839260467,0.6619718309859155,0.0592069781337247,-0.0370735546001509
PRIMARY,STAGE_ENTRY_FLEE,10,ERA_2025_2026,CALM,CALM,17,17,13,0.0273546062510876,0.7647058823529411,0.0396079823897213,-0.0174322316807322
PRIMARY,STAGE_ENTRY_FLEE,10,ERA_2025_2026,CALM,FLEE,1,1,1,0.1065182292796806,1.0,0.1377746390060095,-0.0126552671074225
PRIMARY,STAGE_ENTRY_FLEE,10,ERA_2025_2026,CALM,SCATTER,32,24,19,0.01288164393317635,0.625,0.03493323719930455,-0.0194928088066137
PRIMARY,STAGE_ENTRY_FLEE,10,ERA_2025_2026,DRIFT,CALM,1,1,1,0.0517841530624219,1.0,0.0679351489785382,-0.0107505418024647
PRIMARY,STAGE_ENTRY_FLEE,10,ERA_2025_2026,DRIFT,SCATTER,3,3,2,-0.0026901483369049,0.3333333333333333,0.0639076586519447,-0.0391196561562273
PRIMARY,STAGE_ENTRY_FLEE,10,ERA_2025_2026,SCATTER,FLEE,2,2,1,0.09367519866401425,1.0,0.23965568400676407,-0.0221122539856226
PRIMARY,STAGE_ENTRY_FLEE,10,ERA_2025_2026,SCATTER,SCATTER,6,6,4,0.037911759777197795,0.6666666666666666,0.047522321265507456,-0.04822613212417
PRIMARY,STAGE_ENTRY_FLEE,20,ERA_2013_2015,CALM,CALM,14,12,9,0.00803290983754675,0.5714285714285714,0.031901899368120545,-0.02166134041418335
PRIMARY,STAGE_ENTRY_FLEE,20,ERA_2013_2015,CALM,DRIFT,3,3,3,0.0710662306488452,1.0,0.1104653556418648,-0.0276195233635098
PRIMARY,STAGE_ENTRY_FLEE,20,ERA_2013_2015,CALM,FLEE,5,4,2,0.0360212229813678,0.8,0.0495455499421098,-0.0716900706175076
PRIMARY,STAGE_ENTRY_FLEE,20,ERA_2013_2015,CALM,SCATTER,31,21,20,0.0243012386002772,0.6451612903225806,0.0417887300465515,-0.0339255436090472
PRIMARY,STAGE_ENTRY_FLEE,20,ERA_2013_2015,SCATTER,CALM,1,1,1,0.025779976798774,1.0,0.0316112516761615,-0.0113555580007517
PRIMARY,STAGE_ENTRY_FLEE,20,ERA_2013_2015,SCATTER,FLEE,14,14,7,0.041808492961352445,0.9285714285714286,0.07186857256415545,-0.04975694764225955
PRIMARY,STAGE_ENTRY_FLEE,20,ERA_2013_2015,SCATTER,SCATTER,54,32,33,0.0018066844537791501,0.5370370370370371,0.037699370929565046,-0.05105916584347945
PRIMARY,STAGE_ENTRY_FLEE,20,ERA_2016_2018,CALM,CALM,10,7,8,0.03746249291804145,0.8,0.06398994243044395,-0.027770793015685052
PRIMARY,STAGE_ENTRY_FLEE,20,ERA_2016_2018,CALM,FLEE,1,1,1,0.0263642221580302,1.0,0.0371390235824622,-0.0137548579517414
PRIMARY,STAGE_ENTRY_FLEE,20,ERA_2016_2018,CALM,SCATTER,29,23,20,0.0300444185121939,0.7241379310344828,0.0571425744944744,-0.0156659219045363
PRIMARY,STAGE_ENTRY_FLEE,20,ERA_2016_2018,DRIFT,CALM,2,2,2,-0.057211982506121556,0.0,0.00466116385759815,-0.06783145219332265
PRIMARY,STAGE_ENTRY_FLEE,20,ERA_2016_2018,DRIFT,DRIFT,2,1,2,-0.02914818005227535,0.0,0.019960647370566402,-0.0376881335366979
PRIMARY,STAGE_ENTRY_FLEE,20,ERA_2016_2018,DRIFT,SCATTER,3,3,3,0.0046889864598114,0.6666666666666666,0.0266972819827744,-0.0514021628689997
PRIMARY,STAGE_ENTRY_FLEE,20,ERA_2016_2018,SCATTER,CALM,4,4,3,-0.00922967547927965,0.5,0.0346629651455008,-0.039461013924109195
PRIMARY,STAGE_ENTRY_FLEE,20,ERA_2016_2018,SCATTER,FLEE,21,15,7,0.0357235272641176,0.7142857142857143,0.0810838484050897,-0.0462020150190498
PRIMARY,STAGE_ENTRY_FLEE,20,ERA_2016_2018,SCATTER,SCATTER,21,17,13,-0.0260272241331885,0.23809523809523808,0.0679803924960265,-0.0857391176333758
PRIMARY,STAGE_ENTRY_FLEE,20,ERA_2019_2021,CALM,CALM,17,13,13,-0.0020009202522809,0.47058823529411764,0.0488453244597206,-0.0548524942317314
PRIMARY,STAGE_ENTRY_FLEE,20,ERA_2019_2021,CALM,SCATTER,28,21,20,0.05702451454621975,0.7857142857142857,0.0884129348457629,-0.030395746801962803
PRIMARY,STAGE_ENTRY_FLEE,20,ERA_2019_2021,DRIFT,CALM,5,5,5,0.0095547335529917,0.6,0.0308217427112968,-0.03731545303392
PRIMARY,STAGE_ENTRY_FLEE,20,ERA_2019_2021,DRIFT,DRIFT,1,1,1,0.2483831780055767,1.0,0.2501643691001947,-0.0067261591036559
PRIMARY,STAGE_ENTRY_FLEE,20,ERA_2019_2021,DRIFT,SCATTER,7,5,7,-0.0399839692311941,0.2857142857142857,0.0361206364485293,-0.0534073482860166
PRIMARY,STAGE_ENTRY_FLEE,20,ERA_2019_2021,FLEE,FLEE,8,8,1,0.34964770483672303,1.0,0.4035585276707341,-0.05141799229174865
PRIMARY,STAGE_ENTRY_FLEE,20,ERA_2019_2021,FLEE,SCATTER,2,2,1,0.2697677322070494,1.0,0.33722926733446157,-0.07134200677724875
PRIMARY,STAGE_ENTRY_FLEE,20,ERA_2019_2021,SCATTER,CALM,2,2,2,0.0817850514762057,1.0,0.08883151430823324,-0.0203282932416034
PRIMARY,STAGE_ENTRY_FLEE,20,ERA_2019_2021,SCATTER,FLEE,7,7,2,0.2514118847145066,0.8571428571428571,0.326675952596684,-0.0996996990675374
PRIMARY,STAGE_ENTRY_FLEE,20,ERA_2019_2021,SCATTER,SCATTER,17,14,10,0.0254523991480122,0.5882352941176471,0.0877107119669318,-0.0203720932526091
PRIMARY,STAGE_ENTRY_FLEE,20,ERA_2022_2024,CALM,CALM,13,9,12,-0.0092044090693494,0.46153846153846156,0.0362640327128873,-0.0496254649407832
PRIMARY,STAGE_ENTRY_FLEE,20,ERA_2022_2024,CALM,FLEE,1,1,1,0.035895537670791,1.0,0.0724652492006183,-0.0046511627906976
PRIMARY,STAGE_ENTRY_FLEE,20,ERA_2022_2024,CALM,SCATTER,26,16,17,0.029026233066222352,0.6538461538461539,0.05903769460371315,-0.0404561924459278
PRIMARY,STAGE_ENTRY_FLEE,20,ERA_2022_2024,DRIFT,CALM,4,4,4,0.03119400800718015,0.75,0.05302749854078555,-0.03746907989943625
PRIMARY,STAGE_ENTRY_FLEE,20,ERA_2022_2024,DRIFT,DRIFT,2,2,2,-0.060757352939327006,0.0,0.050416871082250944,-0.0785598499571184
PRIMARY,STAGE_ENTRY_FLEE,20,ERA_2022_2024,DRIFT,SCATTER,3,3,3,0.0008664818105186,0.6666666666666666,0.0358823938506323,-0.0265816137516547
PRIMARY,STAGE_ENTRY_FLEE,20,ERA_2022_2024,SCATTER,CALM,3,3,3,-0.0124842570765464,0.3333333333333333,0.0243016469773116,-0.075241700417188
PRIMARY,STAGE_ENTRY_FLEE,20,ERA_2022_2024,SCATTER,DRIFT,1,1,1,0.0794609458451007,1.0,0.0899737950454537,-0.0297628832824149
PRIMARY,STAGE_ENTRY_FLEE,20,ERA_2022_2024,SCATTER,FLEE,6,5,5,-0.0020867557024491007,0.5,0.08529065841880624,-0.07159597112945909
PRIMARY,STAGE_ENTRY_FLEE,20,ERA_2022_2024,SCATTER,SCATTER,71,41,34,0.0104032547789552,0.5774647887323944,0.0835947602130804,-0.0552704439620145
PRIMARY,STAGE_ENTRY_FLEE,20,ERA_2025_2026,CALM,CALM,17,17,13,-0.0064275788837534,0.35294117647058826,0.0590276412326702,-0.0294005496613798
PRIMARY,STAGE_ENTRY_FLEE,20,ERA_2025_2026,CALM,FLEE,1,1,1,0.088931514627186,1.0,0.1377746390060095,-0.0126552671074225
PRIMARY,STAGE_ENTRY_FLEE,20,ERA_2025_2026,CALM,SCATTER,31,24,18,0.0053989065536028,0.5483870967741935,0.0470043124630077,-0.0421197069357258
PRIMARY,STAGE_ENTRY_FLEE,20,ERA_2025_2026,DRIFT,CALM,1,1,1,0.0686922740796844,1.0,0.1127542307954589,-0.0107505418024647
PRIMARY,STAGE_ENTRY_FLEE,20,ERA_2025_2026,DRIFT,SCATTER,3,3,2,0.0081426171725458,0.6666666666666666,0.0873727444665162,-0.0391196561562273
PRIMARY,STAGE_ENTRY_FLEE,20,ERA_2025_2026,SCATTER,FLEE,2,2,1,0.32484459065150245,1.0,0.35792426438617864,-0.0221122539856226
PRIMARY,STAGE_ENTRY_FLEE,20,ERA_2025_2026,SCATTER,SCATTER,6,6,4,0.00597316963671575,0.8333333333333334,0.07501552405640094,-0.048913453160048054
PRIMARY,STAGE_ENTRY_FLEE,21,ERA_2013_2015,CALM,CALM,14,12,9,0.0091653252179568,0.5714285714285714,0.031901899368120545,-0.0224647160030539
PRIMARY,STAGE_ENTRY_FLEE,21,ERA_2013_2015,CALM,DRIFT,3,3,3,0.0652056077376159,1.0,0.1104653556418648,-0.0276195233635098
PRIMARY,STAGE_ENTRY_FLEE,21,ERA_2013_2015,CALM,FLEE,5,4,2,0.0341016778513552,0.8,0.0497351198629201,-0.0716900706175076
PRIMARY,STAGE_ENTRY_FLEE,21,ERA_2013_2015,CALM,SCATTER,31,21,20,0.0212847243241627,0.6129032258064516,0.0432408559329409,-0.0339255436090472
PRIMARY,STAGE_ENTRY_FLEE,21,ERA_2013_2015,SCATTER,CALM,1,1,1,0.0207673279014755,1.0,0.0316112516761615,-0.0113555580007517
PRIMARY,STAGE_ENTRY_FLEE,21,ERA_2013_2015,SCATTER,FLEE,14,14,7,0.03868903515647735,0.9285714285714286,0.07186857256415545,-0.04975694764225955
PRIMARY,STAGE_ENTRY_FLEE,21,ERA_2013_2015,SCATTER,SCATTER,54,32,33,-0.0001161068724547,0.5,0.0390500871271056,-0.0546379629580211
PRIMARY,STAGE_ENTRY_FLEE,21,ERA_2016_2018,CALM,CALM,10,7,8,0.0399951109456582,0.8,0.06398994243044395,-0.027770793015685052
PRIMARY,STAGE_ENTRY_FLEE,21,ERA_2016_2018,CALM,FLEE,1,1,1,0.0155894630491653,1.0,0.0371390235824622,-0.0137548579517414
PRIMARY,STAGE_ENTRY_FLEE,21,ERA_2016_2018,CALM,SCATTER,29,23,20,0.0396667675564117,0.7931034482758621,0.0636236414636672,-0.0156659219045363
PRIMARY,STAGE_ENTRY_FLEE,21,ERA_2016_2018,DRIFT,CALM,2,2,2,-0.05513889691360285,0.0,0.00466116385759815,-0.06935595507162634
PRIMARY,STAGE_ENTRY_FLEE,21,ERA_2016_2018,DRIFT,DRIFT,2,1,2,-0.03504731868931455,0.0,0.019960647370566402,-0.0400156564239502
PRIMARY,STAGE_ENTRY_FLEE,21,ERA_2016_2018,DRIFT,SCATTER,3,3,3,-0.0071208137235765,0.3333333333333333,0.0266972819827744,-0.0514021628689997
PRIMARY,STAGE_ENTRY_FLEE,21,ERA_2016_2018,SCATTER,CALM,4,4,3,0.0005700823430717997,0.5,0.0346629651455008,-0.039461013924109195
PRIMARY,STAGE_ENTRY_FLEE,21,ERA_2016_2018,SCATTER,FLEE,21,15,7,0.0393406008423418,0.6666666666666666,0.0810838484050897,-0.0462020150190498
PRIMARY,STAGE_ENTRY_FLEE,21,ERA_2016_2018,SCATTER,SCATTER,21,17,13,-0.0391700943851744,0.23809523809523808,0.0748223067039108,-0.0857391176333758
PRIMARY,STAGE_ENTRY_FLEE,21,ERA_2019_2021,CALM,CALM,17,13,13,-0.0048715940337042,0.47058823529411764,0.0488453244597206,-0.0548524942317314
PRIMARY,STAGE_ENTRY_FLEE,21,ERA_2019_2021,CALM,SCATTER,28,21,20,0.05577563868379825,0.8214285714285714,0.09472426082195196,-0.030395746801962803
PRIMARY,STAGE_ENTRY_FLEE,21,ERA_2019_2021,DRIFT,CALM,5,5,5,0.0112073483754038,0.8,0.0308217427112968,-0.03731545303392
PRIMARY,STAGE_ENTRY_FLEE,21,ERA_2019_2021,DRIFT,DRIFT,1,1,1,0.241971166100948,1.0,0.2505206663881993,-0.0067261591036559
PRIMARY,STAGE_ENTRY_FLEE,21,ERA_2019_2021,DRIFT,SCATTER,7,5,7,-0.0208706890507496,0.2857142857142857,0.0361206364485293,-0.0564997621635311
PRIMARY,STAGE_ENTRY_FLEE,21,ERA_2019_2021,FLEE,FLEE,8,8,1,0.3119030271215517,1.0,0.4035585276707341,-0.05141799229174865
PRIMARY,STAGE_ENTRY_FLEE,21,ERA_2019_2021,FLEE,SCATTER,2,2,1,0.2273768188239269,1.0,0.33722926733446157,-0.07134200677724875
PRIMARY,STAGE_ENTRY_FLEE,21,ERA_2019_2021,SCATTER,CALM,2,2,2,0.08475677994483705,1.0,0.09065820875301694,-0.0203282932416034
PRIMARY,STAGE_ENTRY_FLEE,21,ERA_2019_2021,SCATTER,FLEE,7,7,2,0.2764925543234773,0.8571428571428571,0.326675952596684,-0.0996996990675374
PRIMARY,STAGE_ENTRY_FLEE,21,ERA_2019_2021,SCATTER,SCATTER,17,14,10,0.0364332458289984,0.6470588235294118,0.0877107119669318,-0.0203720932526091
PRIMARY,STAGE_ENTRY_FLEE,21,ERA_2022_2024,CALM,CALM,13,9,12,-0.0057712706706353,0.46153846153846156,0.0362640327128873,-0.0496254649407832
PRIMARY,STAGE_ENTRY_FLEE,21,ERA_2022_2024,CALM,FLEE,1,1,1,0.0262458425833185,1.0,0.0724652492006183,-0.0046511627906976
PRIMARY,STAGE_ENTRY_FLEE,21,ERA_2022_2024,CALM,SCATTER,26,16,17,0.028236716258884048,0.6153846153846154,0.0593022189710906,-0.0405485266953611
PRIMARY,STAGE_ENTRY_FLEE,21,ERA_2022_2024,DRIFT,CALM,4,4,4,0.03135882116153205,0.75,0.05302749854078555,-0.03746907989943625
PRIMARY,STAGE_ENTRY_FLEE,21,ERA_2022_2024,DRIFT,DRIFT,2,2,2,-0.0736543425057508,0.0,0.050416871082250944,-0.09843984739574925
PRIMARY,STAGE_ENTRY_FLEE,21,ERA_2022_2024,DRIFT,SCATTER,3,3,3,-0.0121730315899191,0.3333333333333333,0.0358823938506323,-0.0265816137516547
PRIMARY,STAGE_ENTRY_FLEE,21,ERA_2022_2024,SCATTER,CALM,3,3,3,-0.0071038793207353,0.3333333333333333,0.0243016469773116,-0.075241700417188
PRIMARY,STAGE_ENTRY_FLEE,21,ERA_2022_2024,SCATTER,DRIFT,1,1,1,0.0680140478388762,1.0,0.0899737950454537,-0.0297628832824149
PRIMARY,STAGE_ENTRY_FLEE,21,ERA_2022_2024,SCATTER,FLEE,6,5,5,0.00692619069023515,0.5,0.08529065841880624,-0.07159597112945909
PRIMARY,STAGE_ENTRY_FLEE,21,ERA_2022_2024,SCATTER,SCATTER,71,41,34,0.0186420339286534,0.5915492957746479,0.0847743757758978,-0.0553079235860077
PRIMARY,STAGE_ENTRY_FLEE,21,ERA_2025_2026,CALM,CALM,17,17,13,-0.0049377518397809,0.35294117647058826,0.0590276412326702,-0.0294005496613798
PRIMARY,STAGE_ENTRY_FLEE,21,ERA_2025_2026,CALM,FLEE,1,1,1,0.0850768937160841,1.0,0.1377746390060095,-0.0126552671074225
PRIMARY,STAGE_ENTRY_FLEE,21,ERA_2025_2026,CALM,SCATTER,31,24,18,0.0017995716494112,0.5483870967741935,0.0474015819770206,-0.0421197069357258
PRIMARY,STAGE_ENTRY_FLEE,21,ERA_2025_2026,DRIFT,CALM,1,1,1,0.0861555119256953,1.0,0.1127542307954589,-0.0107505418024647
PRIMARY,STAGE_ENTRY_FLEE,21,ERA_2025_2026,DRIFT,SCATTER,3,3,2,0.0010444892294412,0.6666666666666666,0.0873727444665162,-0.0391196561562273
PRIMARY,STAGE_ENTRY_FLEE,21,ERA_2025_2026,SCATTER,FLEE,2,2,1,0.31595199183905487,1.0,0.35792426438617864,-0.0221122539856226
PRIMARY,STAGE_ENTRY_FLEE,21,ERA_2025_2026,SCATTER,SCATTER,6,6,4,0.0017210286096394005,0.5,0.07501552405640094,-0.048913453160048054
PRIMARY,STAGE_ENTRY_FLEE,40,ERA_2013_2015,CALM,CALM,14,12,9,-0.00021116180262625004,0.5,0.0332814897901103,-0.04161464159589675
PRIMARY,STAGE_ENTRY_FLEE,40,ERA_2013_2015,CALM,DRIFT,3,3,3,0.0621375051574388,0.6666666666666666,0.1104653556418648,-0.0276195233635098
PRIMARY,STAGE_ENTRY_FLEE,40,ERA_2013_2015,CALM,FLEE,5,4,2,-0.0447175534702402,0.4,0.0497351198629201,-0.0772029100268456
PRIMARY,STAGE_ENTRY_FLEE,40,ERA_2013_2015,CALM,SCATTER,31,21,20,0.0263518003455458,0.7096774193548387,0.0642365505802906,-0.0380292211438187
PRIMARY,STAGE_ENTRY_FLEE,40,ERA_2013_2015,SCATTER,CALM,1,1,1,0.020869508327711,1.0,0.0369312384389446,-0.0113555580007517
PRIMARY,STAGE_ENTRY_FLEE,40,ERA_2013_2015,SCATTER,FLEE,14,14,7,0.055943521134459606,0.7142857142857143,0.0984940551835028,-0.050189488556619644
PRIMARY,STAGE_ENTRY_FLEE,40,ERA_2013_2015,SCATTER,SCATTER,54,32,33,0.01415762139393345,0.5925925925925926,0.06175318047272625,-0.06782605983634934
PRIMARY,STAGE_ENTRY_FLEE,40,ERA_2016_2018,CALM,CALM,10,7,8,0.105086907216926,0.7,0.12260346369263936,-0.0374030182923641
PRIMARY,STAGE_ENTRY_FLEE,40,ERA_2016_2018,CALM,FLEE,1,1,1,0.0419534943086234,1.0,0.071755903650662,-0.0137548579517414
PRIMARY,STAGE_ENTRY_FLEE,40,ERA_2016_2018,CALM,SCATTER,29,23,20,0.0668683665289542,0.7241379310344828,0.1013161682439924,-0.0282745676377551
PRIMARY,STAGE_ENTRY_FLEE,40,ERA_2016_2018,DRIFT,CALM,2,2,2,-0.10426961331745735,0.0,0.00466116385759815,-0.11710286092717725
PRIMARY,STAGE_ENTRY_FLEE,40,ERA_2016_2018,DRIFT,DRIFT,2,1,2,-0.050504933575596,0.0,0.045974040811625094,-0.0725928676824701
PRIMARY,STAGE_ENTRY_FLEE,40,ERA_2016_2018,DRIFT,SCATTER,3,3,3,-0.0172485756160499,0.3333333333333333,0.0443249061638049,-0.0514021628689997
PRIMARY,STAGE_ENTRY_FLEE,40,ERA_2016_2018,SCATTER,CALM,4,4,3,0.01513663811471715,0.5,0.052431104697556255,-0.04647652403952645
PRIMARY,STAGE_ENTRY_FLEE,40,ERA_2016_2018,SCATTER,FLEE,21,15,7,0.0663785322932817,0.6190476190476191,0.0910453800831145,-0.048591188615494
PRIMARY,STAGE_ENTRY_FLEE,40,ERA_2016_2018,SCATTER,SCATTER,21,17,13,0.0632180659631191,0.7142857142857143,0.0956279107869377,-0.1097333094478013
PRIMARY,STAGE_ENTRY_FLEE,40,ERA_2019_2021,CALM,CALM,17,13,13,0.0612180196443759,0.5882352941176471,0.0870782560940757,-0.0585126477099873
PRIMARY,STAGE_ENTRY_FLEE,40,ERA_2019_2021,CALM,SCATTER,28,21,20,0.11186888676819914,0.7857142857142857,0.14134472054755348,-0.0323900402559239
PRIMARY,STAGE_ENTRY_FLEE,40,ERA_2019_2021,DRIFT,CALM,5,5,5,0.0515748766103842,0.8,0.0636261534042066,-0.03731545303392
PRIMARY,STAGE_ENTRY_FLEE,40,ERA_2019_2021,DRIFT,DRIFT,1,1,1,0.3072402373742557,1.0,0.3125836907711694,-0.0067261591036559
PRIMARY,STAGE_ENTRY_FLEE,40,ERA_2019_2021,DRIFT,SCATTER,7,5,7,0.0354835322229984,0.7142857142857143,0.0706344328772361,-0.0877199352236215
PRIMARY,STAGE_ENTRY_FLEE,40,ERA_2019_2021,FLEE,FLEE,8,8,1,0.36732872497310376,1.0,0.45950951963989484,-0.05141799229174865
PRIMARY,STAGE_ENTRY_FLEE,40,ERA_2019_2021,FLEE,SCATTER,2,2,1,0.2891762550464999,1.0,0.3614412581660573,-0.07134200677724875
PRIMARY,STAGE_ENTRY_FLEE,40,ERA_2019_2021,SCATTER,CALM,2,2,2,0.11141804805489135,1.0,0.1383593614701458,-0.0203282932416034
PRIMARY,STAGE_ENTRY_FLEE,40,ERA_2019_2021,SCATTER,FLEE,7,7,2,0.2446321082434446,1.0,0.326675952596684,-0.0996996990675374
PRIMARY,STAGE_ENTRY_FLEE,40,ERA_2019_2021,SCATTER,SCATTER,17,14,10,0.0327243888292136,0.7058823529411765,0.1149039340364312,-0.0413414562946313
PRIMARY,STAGE_ENTRY_FLEE,40,ERA_2022_2024,CALM,CALM,13,9,12,-0.0003416859891898,0.46153846153846156,0.1053566947883426,-0.065337251906146
PRIMARY,STAGE_ENTRY_FLEE,40,ERA_2022_2024,CALM,FLEE,1,1,1,0.126678256638137,1.0,0.1342668702080107,-0.0046511627906976
PRIMARY,STAGE_ENTRY_FLEE,40,ERA_2022_2024,CALM,SCATTER,26,16,17,0.0323492005832132,0.6923076923076923,0.0769457362954285,-0.0406986746577403
PRIMARY,STAGE_ENTRY_FLEE,40,ERA_2022_2024,DRIFT,CALM,4,4,4,-0.030342179379887948,0.25,0.0535774836431509,-0.0952599623911575
PRIMARY,STAGE_ENTRY_FLEE,40,ERA_2022_2024,DRIFT,DRIFT,2,2,2,-0.035931810909607904,0.5,0.093411797356347,-0.1611836859416598
PRIMARY,STAGE_ENTRY_FLEE,40,ERA_2022_2024,DRIFT,SCATTER,3,3,3,0.0267505590478029,0.6666666666666666,0.0556644272980799,-0.0691380540979691
PRIMARY,STAGE_ENTRY_FLEE,40,ERA_2022_2024,SCATTER,CALM,3,3,3,0.0752453375813286,1.0,0.1313157263379563,-0.075241700417188
PRIMARY,STAGE_ENTRY_FLEE,40,ERA_2022_2024,SCATTER,DRIFT,1,1,1,0.1644168158304051,1.0,0.1777943013732039,-0.0297628832824149
PRIMARY,STAGE_ENTRY_FLEE,40,ERA_2022_2024,SCATTER,FLEE,6,5,5,0.053469130910431,0.6666666666666666,0.11306455397704171,-0.07159597112945909
PRIMARY,STAGE_ENTRY_FLEE,40,ERA_2022_2024,SCATTER,SCATTER,71,41,34,0.0635137915797823,0.647887323943662,0.1081964883467812,-0.0740647633352048
PRIMARY,STAGE_ENTRY_FLEE,40,ERA_2025_2026,CALM,CALM,16,16,12,-0.03364331174564915,0.3125,0.0616776340895275,-0.06015774072441425
PRIMARY,STAGE_ENTRY_FLEE,40,ERA_2025_2026,CALM,FLEE,1,1,1,0.0303893937702943,1.0,0.1377746390060095,-0.0363438085683908
PRIMARY,STAGE_ENTRY_FLEE,40,ERA_2025_2026,CALM,SCATTER,31,24,18,0.0375757615533087,0.6451612903225806,0.0924895768108937,-0.0615757847118457
PRIMARY,STAGE_ENTRY_FLEE,40,ERA_2025_2026,DRIFT,CALM,1,1,1,0.2568515527251169,1.0,0.2728006180955786,-0.0107505418024647
PRIMARY,STAGE_ENTRY_FLEE,40,ERA_2025_2026,DRIFT,SCATTER,3,3,2,0.0812689514792535,0.6666666666666666,0.0873727444665162,-0.0961271139971829
PRIMARY,STAGE_ENTRY_FLEE,40,ERA_2025_2026,SCATTER,FLEE,2,2,1,0.6028810987432824,1.0,0.6072474959690041,-0.0221122539856226
PRIMARY,STAGE_ENTRY_FLEE,40,ERA_2025_2026,SCATTER,SCATTER,6,6,4,0.043391157377154,0.6666666666666666,0.0812370379142718,-0.06857552889264106
PRIMARY,STAGE_ENTRY_FLEE,60,ERA_2013_2015,CALM,CALM,14,12,9,0.00705247615193465,0.5714285714285714,0.0332814897901103,-0.04581464168820295
PRIMARY,STAGE_ENTRY_FLEE,60,ERA_2013_2015,CALM,DRIFT,3,3,3,0.0227530575257481,0.6666666666666666,0.1104653556418648,-0.0276195233635098
PRIMARY,STAGE_ENTRY_FLEE,60,ERA_2013_2015,CALM,FLEE,5,4,2,-0.0017778686034437,0.4,0.0590268277015231,-0.0802362268237981
PRIMARY,STAGE_ENTRY_FLEE,60,ERA_2013_2015,CALM,SCATTER,31,21,20,0.0279464825479873,0.7741935483870968,0.0826293243338187,-0.0380292211438187
PRIMARY,STAGE_ENTRY_FLEE,60,ERA_2013_2015,SCATTER,CALM,1,1,1,-0.0316250918652699,0.0,0.0369312384389446,-0.1568727968661717
PRIMARY,STAGE_ENTRY_FLEE,60,ERA_2013_2015,SCATTER,FLEE,14,14,7,0.010658380540997601,0.5,0.11584310348738167,-0.0632378763052373
PRIMARY,STAGE_ENTRY_FLEE,60,ERA_2013_2015,SCATTER,SCATTER,54,32,33,0.0047385834051917,0.5185185185185185,0.0720526153037562,-0.0845492474998561
PRIMARY,STAGE_ENTRY_FLEE,60,ERA_2016_2018,CALM,CALM,10,7,8,0.10469016509413559,0.7,0.14110360071798356,-0.0374030182923641
PRIMARY,STAGE_ENTRY_FLEE,60,ERA_2016_2018,CALM,FLEE,1,1,1,0.0174336628447948,1.0,0.071755903650662,-0.013946999995867
PRIMARY,STAGE_ENTRY_FLEE,60,ERA_2016_2018,CALM,SCATTER,29,23,20,0.072199531707324,0.7931034482758621,0.1152674806493463,-0.0282745676377551
PRIMARY,STAGE_ENTRY_FLEE,60,ERA_2016_2018,DRIFT,CALM,2,2,2,-0.10150848945423574,0.0,0.00466116385759815,-0.14054528332586655
PRIMARY,STAGE_ENTRY_FLEE,60,ERA_2016_2018,DRIFT,DRIFT,2,1,2,-0.1259035961461195,0.0,0.045974040811625094,-0.15367516762712305
PRIMARY,STAGE_ENTRY_FLEE,60,ERA_2016_2018,DRIFT,SCATTER,3,3,3,0.0295054143066462,1.0,0.0443249061638049,-0.0536983592163257
PRIMARY,STAGE_ENTRY_FLEE,60,ERA_2016_2018,SCATTER,CALM,4,4,3,0.045859329684855205,1.0,0.0642414745619032,-0.04647652403952645
PRIMARY,STAGE_ENTRY_FLEE,60,ERA_2016_2018,SCATTER,FLEE,21,15,7,0.1056799457354815,0.8571428571428571,0.1555698193565848,-0.048591188615494
PRIMARY,STAGE_ENTRY_FLEE,60,ERA_2016_2018,SCATTER,SCATTER,21,17,13,0.0747012632428203,0.8571428571428571,0.1276656147188934,-0.1097333094478013
PRIMARY,STAGE_ENTRY_FLEE,60,ERA_2019_2021,CALM,CALM,17,13,13,0.0531394035967707,0.5294117647058824,0.1283959678317436,-0.0767644724521992
PRIMARY,STAGE_ENTRY_FLEE,60,ERA_2019_2021,CALM,SCATTER,28,21,20,0.1051078457597577,0.7857142857142857,0.19818170619378817,-0.0423096211446008
PRIMARY,STAGE_ENTRY_FLEE,60,ERA_2019_2021,DRIFT,CALM,5,5,5,0.0910596062502073,0.8,0.1085887558842484,-0.03731545303392
PRIMARY,STAGE_ENTRY_FLEE,60,ERA_2019_2021,DRIFT,DRIFT,1,1,1,0.2519851642540283,1.0,0.3682735703667696,-0.0067261591036559
PRIMARY,STAGE_ENTRY_FLEE,60,ERA_2019_2021,DRIFT,SCATTER,7,5,7,-0.0299808167601781,0.2857142857142857,0.0706344328772361,-0.1055616898093331
PRIMARY,STAGE_ENTRY_FLEE,60,ERA_2019_2021,FLEE,FLEE,8,8,1,0.5489963398861799,1.0,0.6097804514317207,-0.05141799229174865
PRIMARY,STAGE_ENTRY_FLEE,60,ERA_2019_2021,FLEE,SCATTER,2,2,1,0.4142842293787987,1.0,0.4951626446620556,-0.07134200677724875
PRIMARY,STAGE_ENTRY_FLEE,60,ERA_2019_2021,SCATTER,CALM,2,2,2,0.13390114588342625,1.0,0.1792065655059287,-0.0203282932416034
PRIMARY,STAGE_ENTRY_FLEE,60,ERA_2019_2021,SCATTER,FLEE,7,7,2,0.521594931545851,1.0,0.5867948690688503,-0.0996996990675374
PRIMARY,STAGE_ENTRY_FLEE,60,ERA_2019_2021,SCATTER,SCATTER,17,14,10,0.0791038901675447,0.6470588235294118,0.1506115303345627,-0.0608476925161599
PRIMARY,STAGE_ENTRY_FLEE,60,ERA_2022_2024,CALM,CALM,13,9,12,0.0533453496217815,0.8461538461538461,0.1294142916317873,-0.065337251906146
PRIMARY,STAGE_ENTRY_FLEE,60,ERA_2022_2024,CALM,FLEE,1,1,1,0.2135259785018417,1.0,0.2664589581016443,-0.0046511627906976
PRIMARY,STAGE_ENTRY_FLEE,60,ERA_2022_2024,CALM,SCATTER,26,16,17,0.06885579039543929,0.7307692307692307,0.1110674724873471,-0.04759305968686445
PRIMARY,STAGE_ENTRY_FLEE,60,ERA_2022_2024,DRIFT,CALM,4,4,4,0.0778193855082616,0.75,0.106719472052148,-0.0952599623911575
PRIMARY,STAGE_ENTRY_FLEE,60,ERA_2022_2024,DRIFT,DRIFT,2,2,2,-0.04106993534151065,0.5,0.093411797356347,-0.1611836859416598
PRIMARY,STAGE_ENTRY_FLEE,60,ERA_2022_2024,DRIFT,SCATTER,3,3,3,-0.0102810831536732,0.3333333333333333,0.0602475417132937,-0.0691380540979691
PRIMARY,STAGE_ENTRY_FLEE,60,ERA_2022_2024,SCATTER,CALM,3,3,3,0.0686067084264827,0.6666666666666666,0.1665348760919294,-0.075241700417188
PRIMARY,STAGE_ENTRY_FLEE,60,ERA_2022_2024,SCATTER,DRIFT,1,1,1,0.0146408441367587,1.0,0.2070323478303271,-0.0297628832824149
PRIMARY,STAGE_ENTRY_FLEE,60,ERA_2022_2024,SCATTER,FLEE,6,5,5,-0.0451901647731943,0.5,0.1411221697577552,-0.10038930944066425
PRIMARY,STAGE_ENTRY_FLEE,60,ERA_2022_2024,SCATTER,SCATTER,71,41,34,0.0355751792765093,0.647887323943662,0.128687578465068,-0.0843900377246913
PRIMARY,STAGE_ENTRY_FLEE,60,ERA_2025_2026,CALM,CALM,16,16,12,-0.017980161363130548,0.4375,0.06828495063114245,-0.07683445642373235
PRIMARY,STAGE_ENTRY_FLEE,60,ERA_2025_2026,CALM,SCATTER,22,18,15,0.0225920797019112,0.5909090909090909,0.11130760655694344,-0.07469498135627325
PRIMARY,STAGE_ENTRY_FLEE,60,ERA_2025_2026,DRIFT,CALM,1,1,1,0.3416443785693359,1.0,0.405945544394422,-0.0107505418024647
PRIMARY,STAGE_ENTRY_FLEE,60,ERA_2025_2026,DRIFT,SCATTER,3,3,2,0.2148112447007126,0.6666666666666666,0.2311532633353039,-0.0961271139971829
PRIMARY,STAGE_ENTRY_FLEE,60,ERA_2025_2026,SCATTER,FLEE,2,2,1,0.9070889382831164,1.0,0.9422843140175886,-0.0221122539856226
PRIMARY,STAGE_ENTRY_FLEE,60,ERA_2025_2026,SCATTER,SCATTER,6,6,4,0.0581139211325262,0.6666666666666666,0.16835193835531215,-0.06857552889264106
PRIMARY,STAGE_ENTRY_FLEE,63,ERA_2013_2015,CALM,CALM,14,12,9,0.0146093681778539,0.7142857142857143,0.037806006748860754,-0.04581464168820295
PRIMARY,STAGE_ENTRY_FLEE,63,ERA_2013_2015,CALM,DRIFT,3,3,3,0.0331445380394443,0.6666666666666666,0.1104653556418648,-0.06047881500736
PRIMARY,STAGE_ENTRY_FLEE,63,ERA_2013_2015,CALM,FLEE,5,4,2,-0.006760939715002,0.4,0.0590268277015231,-0.0802362268237981
PRIMARY,STAGE_ENTRY_FLEE,63,ERA_2013_2015,CALM,SCATTER,31,21,20,0.0305009467636963,0.7096774193548387,0.0826293243338187,-0.0380292211438187
PRIMARY,STAGE_ENTRY_FLEE,63,ERA_2013_2015,SCATTER,CALM,1,1,1,-0.0420364981373203,0.0,0.0369312384389446,-0.1568727968661717
PRIMARY,STAGE_ENTRY_FLEE,63,ERA_2013_2015,SCATTER,FLEE,14,14,7,0.03217627466588885,0.5714285714285714,0.12215936947656465,-0.0632378763052373
PRIMARY,STAGE_ENTRY_FLEE,63,ERA_2013_2015,SCATTER,SCATTER,54,32,33,0.01059167169743985,0.5370370370370371,0.0819721084067137,-0.0845492474998561
PRIMARY,STAGE_ENTRY_FLEE,63,ERA_2016_2018,CALM,CALM,10,7,8,0.1319290970849341,0.7,0.14849238528535763,-0.0374030182923641
PRIMARY,STAGE_ENTRY_FLEE,63,ERA_2016_2018,CALM,FLEE,1,1,1,0.0060437850215653,1.0,0.071755903650662,-0.013946999995867
PRIMARY,STAGE_ENTRY_FLEE,63,ERA_2016_2018,CALM,SCATTER,29,23,20,0.0983737499803838,0.7931034482758621,0.1181357521465182,-0.0282745676377551
PRIMARY,STAGE_ENTRY_FLEE,63,ERA_2016_2018,DRIFT,CALM,2,2,2,-0.08943153076083925,0.0,0.00466116385759815,-0.14054528332586655
PRIMARY,STAGE_ENTRY_FLEE,63,ERA_2016_2018,DRIFT,DRIFT,2,1,2,-0.13169127749179646,0.0,0.045974040811625094,-0.15367516762712305
PRIMARY,STAGE_ENTRY_FLEE,63,ERA_2016_2018,DRIFT,SCATTER,3,3,3,0.0187514386991127,1.0,0.0443249061638049,-0.0536983592163257
PRIMARY,STAGE_ENTRY_FLEE,63,ERA_2016_2018,SCATTER,CALM,4,4,3,0.05359542791485815,0.75,0.06850060416882295,-0.04647652403952645
PRIMARY,STAGE_ENTRY_FLEE,63,ERA_2016_2018,SCATTER,FLEE,21,15,7,0.0978322954664436,0.8571428571428571,0.1576204757999553,-0.048591188615494
PRIMARY,STAGE_ENTRY_FLEE,63,ERA_2016_2018,SCATTER,SCATTER,21,17,13,0.0767654193967362,0.7619047619047619,0.1276656147188934,-0.1097333094478013
PRIMARY,STAGE_ENTRY_FLEE,63,ERA_2019_2021,CALM,CALM,17,13,13,0.0565799490310712,0.5882352941176471,0.1283959678317436,-0.0767644724521992
PRIMARY,STAGE_ENTRY_FLEE,63,ERA_2019_2021,CALM,SCATTER,28,21,20,0.1262336333666157,0.75,0.19818170619378817,-0.0423096211446008
PRIMARY,STAGE_ENTRY_FLEE,63,ERA_2019_2021,DRIFT,CALM,5,5,5,0.0981012076627023,0.8,0.1085887558842484,-0.03731545303392
PRIMARY,STAGE_ENTRY_FLEE,63,ERA_2019_2021,DRIFT,DRIFT,1,1,1,0.237462254462385,1.0,0.3682735703667696,-0.0067261591036559
PRIMARY,STAGE_ENTRY_FLEE,63,ERA_2019_2021,DRIFT,SCATTER,7,5,7,-0.0546013308687999,0.42857142857142855,0.0706344328772361,-0.1133629322068041
PRIMARY,STAGE_ENTRY_FLEE,63,ERA_2019_2021,FLEE,FLEE,8,8,1,0.47938790983694435,1.0,0.6097804514317207,-0.05141799229174865
PRIMARY,STAGE_ENTRY_FLEE,63,ERA_2019_2021,FLEE,SCATTER,2,2,1,0.3919985313292791,1.0,0.4951626446620556,-0.07134200677724875
PRIMARY,STAGE_ENTRY_FLEE,63,ERA_2019_2021,SCATTER,CALM,2,2,2,0.15447731375705626,1.0,0.1816896207887497,-0.0203282932416034
PRIMARY,STAGE_ENTRY_FLEE,63,ERA_2019_2021,SCATTER,FLEE,7,7,2,0.396411192035963,1.0,0.5867948690688503,-0.0996996990675374
PRIMARY,STAGE_ENTRY_FLEE,63,ERA_2019_2021,SCATTER,SCATTER,17,14,10,0.0908111804403322,0.7647058823529411,0.1601465328346005,-0.0713570075720477
PRIMARY,STAGE_ENTRY_FLEE,63,ERA_2022_2024,CALM,CALM,13,9,12,0.0635578772387988,0.9230769230769231,0.1294142916317873,-0.065337251906146
PRIMARY,STAGE_ENTRY_FLEE,63,ERA_2022_2024,CALM,FLEE,1,1,1,0.2121207158095839,1.0,0.2664589581016443,-0.0046511627906976
PRIMARY,STAGE_ENTRY_FLEE,63,ERA_2022_2024,CALM,SCATTER,26,16,17,0.07401739294683515,0.6923076923076923,0.11521633784841295,-0.04759305968686445
PRIMARY,STAGE_ENTRY_FLEE,63,ERA_2022_2024,DRIFT,CALM,4,4,4,0.0648014098498742,0.75,0.11051250428918165,-0.0952599623911575
PRIMARY,STAGE_ENTRY_FLEE,63,ERA_2022_2024,DRIFT,DRIFT,2,2,2,-0.018352200487709497,0.5,0.093411797356347,-0.1611836859416598
PRIMARY,STAGE_ENTRY_FLEE,63,ERA_2022_2024,DRIFT,SCATTER,3,3,3,-0.0318676667881071,0.3333333333333333,0.086600356200549,-0.0691380540979691
PRIMARY,STAGE_ENTRY_FLEE,63,ERA_2022_2024,SCATTER,CALM,3,3,3,0.0313021722370472,0.6666666666666666,0.1665348760919294,-0.075241700417188
PRIMARY,STAGE_ENTRY_FLEE,63,ERA_2022_2024,SCATTER,DRIFT,1,1,1,-0.0205274121102888,0.0,0.2070323478303271,-0.0297628832824149
PRIMARY,STAGE_ENTRY_FLEE,63,ERA_2022_2024,SCATTER,FLEE,6,5,5,-0.05972111049420925,0.3333333333333333,0.1411221697577552,-0.1051747340750957
PRIMARY,STAGE_ENTRY_FLEE,63,ERA_2022_2024,SCATTER,SCATTER,71,41,34,0.0386438757294196,0.6619718309859155,0.1342227650572889,-0.0843900377246913
PRIMARY,STAGE_ENTRY_FLEE,63,ERA_2025_2026,CALM,CALM,16,16,12,-0.024167722600019148,0.4375,0.06828495063114245,-0.07683445642373235
PRIMARY,STAGE_ENTRY_FLEE,63,ERA_2025_2026,CALM,SCATTER,22,18,15,0.0120710451843507,0.5909090909090909,0.11130760655694344,-0.07469498135627325
PRIMARY,STAGE_ENTRY_FLEE,63,ERA_2025_2026,DRIFT,CALM,1,1,1,0.3331651343435664,1.0,0.405945544394422,-0.0107505418024647
PRIMARY,STAGE_ENTRY_FLEE,63,ERA_2025_2026,DRIFT,SCATTER,3,3,2,0.239792041660579,0.6666666666666666,0.3015284526949475,-0.0961271139971829
PRIMARY,STAGE_ENTRY_FLEE,63,ERA_2025_2026,SCATTER,FLEE,2,2,1,0.9327614637526895,1.0,0.9825597080914072,-0.0221122539856226
PRIMARY,STAGE_ENTRY_FLEE,63,ERA_2025_2026,SCATTER,SCATTER,6,6,4,0.02971811630732175,0.6666666666666666,0.16835193835531215,-0.06857552889264106
PRIMARY,STAGE_ENTRY_FLEE,126,ERA_2013_2015,CALM,CALM,14,12,9,0.01944152430487845,0.5,0.08377432300960705,-0.060683446521346454
PRIMARY,STAGE_ENTRY_FLEE,126,ERA_2013_2015,CALM,DRIFT,3,3,3,0.0720864355412249,0.6666666666666666,0.2554745712871904,-0.0708532579369
PRIMARY,STAGE_ENTRY_FLEE,126,ERA_2013_2015,CALM,FLEE,5,4,2,-0.0435178357404696,0.2,0.0825121931131427,-0.1056426940962628
PRIMARY,STAGE_ENTRY_FLEE,126,ERA_2013_2015,CALM,SCATTER,31,21,20,0.032732237475533,0.5806451612903226,0.116611154440908,-0.0583026042882572
PRIMARY,STAGE_ENTRY_FLEE,126,ERA_2013_2015,SCATTER,CALM,1,1,1,0.0658583436751558,1.0,0.0746844773584944,-0.1568727968661717
PRIMARY,STAGE_ENTRY_FLEE,126,ERA_2013_2015,SCATTER,FLEE,14,14,7,0.03681206018180575,0.6428571428571429,0.1350113433381712,-0.09293290471323246
PRIMARY,STAGE_ENTRY_FLEE,126,ERA_2013_2015,SCATTER,SCATTER,54,32,33,0.0522040108839998,0.6666666666666666,0.12218034222488325,-0.0925486363406127
PRIMARY,STAGE_ENTRY_FLEE,126,ERA_2016_2018,CALM,CALM,10,7,8,0.12527119505280965,0.7,0.20278515680460224,-0.0374030182923641
PRIMARY,STAGE_ENTRY_FLEE,126,ERA_2016_2018,CALM,FLEE,1,1,1,0.0436339830939358,1.0,0.1490004969670373,-0.013946999995867
PRIMARY,STAGE_ENTRY_FLEE,126,ERA_2016_2018,CALM,SCATTER,29,23,20,0.1227823427376688,0.8620689655172413,0.1880741454834087,-0.042090653613572
PRIMARY,STAGE_ENTRY_FLEE,126,ERA_2016_2018,DRIFT,CALM,2,2,2,-0.07169245835496485,0.0,0.00466116385759815,-0.1562193913446966
PRIMARY,STAGE_ENTRY_FLEE,126,ERA_2016_2018,DRIFT,DRIFT,2,1,2,-0.2486690320596394,0.0,0.045974040811625094,-0.32836286207120924
PRIMARY,STAGE_ENTRY_FLEE,126,ERA_2016_2018,DRIFT,SCATTER,3,3,3,0.070230117041764,1.0,0.0848271705141068,-0.0548213640502133
PRIMARY,STAGE_ENTRY_FLEE,126,ERA_2016_2018,SCATTER,CALM,4,4,3,0.10838717020773235,1.0,0.162949518000106,-0.07613623685353646
PRIMARY,STAGE_ENTRY_FLEE,126,ERA_2016_2018,SCATTER,FLEE,21,15,7,0.1499689325416369,0.8571428571428571,0.2099249464728187,-0.0634518786869278
PRIMARY,STAGE_ENTRY_FLEE,126,ERA_2016_2018,SCATTER,SCATTER,21,17,13,0.11727161188454,0.8095238095238095,0.2150708058251416,-0.1097333094478013
PRIMARY,STAGE_ENTRY_FLEE,126,ERA_2019_2021,CALM,CALM,17,13,13,-0.0559727926144419,0.47058823529411764,0.1625465064184303,-0.1247368649432407
PRIMARY,STAGE_ENTRY_FLEE,126,ERA_2019_2021,CALM,SCATTER,28,21,20,0.11698092646475765,0.7857142857142857,0.2571258170926469,-0.1016608051682346
PRIMARY,STAGE_ENTRY_FLEE,126,ERA_2019_2021,DRIFT,CALM,5,5,5,0.1622766780032425,0.8,0.1936495300733445,-0.03731545303392
PRIMARY,STAGE_ENTRY_FLEE,126,ERA_2019_2021,DRIFT,DRIFT,1,1,1,0.3106585006579612,1.0,0.3682735703667696,-0.0067261591036559
PRIMARY,STAGE_ENTRY_FLEE,126,ERA_2019_2021,DRIFT,SCATTER,7,5,7,0.1125976734596854,0.5714285714285714,0.1368140369404551,-0.1574453826360987
PRIMARY,STAGE_ENTRY_FLEE,126,ERA_2019_2021,FLEE,FLEE,8,8,1,0.44416346817433716,1.0,0.6853777889212042,-0.05141799229174865
PRIMARY,STAGE_ENTRY_FLEE,126,ERA_2019_2021,FLEE,SCATTER,2,2,1,0.6041579742047872,1.0,0.6712042224737673,-0.07134200677724875
PRIMARY,STAGE_ENTRY_FLEE,126,ERA_2019_2021,SCATTER,CALM,2,2,2,0.2098098687680767,1.0,0.2759664964051989,-0.0203282932416034
PRIMARY,STAGE_ENTRY_FLEE,126,ERA_2019_2021,SCATTER,FLEE,7,7,2,0.5854345104315026,1.0,0.7664246531369763,-0.0996996990675374
PRIMARY,STAGE_ENTRY_FLEE,126,ERA_2019_2021,SCATTER,SCATTER,17,14,10,0.203136601616491,0.8235294117647058,0.2626735620679215,-0.1793319088581492
PRIMARY,STAGE_ENTRY_FLEE,126,ERA_2022_2024,CALM,CALM,13,9,12,0.1053485412856103,0.7692307692307693,0.2056187578598094,-0.0780494580606468
PRIMARY,STAGE_ENTRY_FLEE,126,ERA_2022_2024,CALM,FLEE,1,1,1,0.0589851620050194,1.0,0.2664589581016443,-0.0046511627906976
PRIMARY,STAGE_ENTRY_FLEE,126,ERA_2022_2024,CALM,SCATTER,26,16,17,0.0369228459416752,0.5769230769230769,0.14591410959585843,-0.0846982071211887
PRIMARY,STAGE_ENTRY_FLEE,126,ERA_2022_2024,DRIFT,CALM,4,4,4,0.0026969350733658526,0.5,0.18982615535465305,-0.11522748709279071
PRIMARY,STAGE_ENTRY_FLEE,126,ERA_2022_2024,DRIFT,DRIFT,2,2,2,0.03278064143115003,0.5,0.3055339096835728,-0.23248761393087922
PRIMARY,STAGE_ENTRY_FLEE,126,ERA_2022_2024,DRIFT,SCATTER,3,3,3,-0.0276866520170008,0.3333333333333333,0.1069576988820115,-0.1603848473106262
PRIMARY,STAGE_ENTRY_FLEE,126,ERA_2022_2024,SCATTER,CALM,3,3,3,0.196769002955061,1.0,0.2008075977185366,-0.0772177465360589
PRIMARY,STAGE_ENTRY_FLEE,126,ERA_2022_2024,SCATTER,DRIFT,1,1,1,0.1832546466544791,1.0,0.2070323478303271,-0.0729350917653867
PRIMARY,STAGE_ENTRY_FLEE,126,ERA_2022_2024,SCATTER,FLEE,6,5,5,-0.056879286396913545,0.5,0.170880113767293,-0.180536648135441
PRIMARY,STAGE_ENTRY_FLEE,126,ERA_2022_2024,SCATTER,SCATTER,71,41,34,0.0899737704025693,0.7323943661971831,0.1974575869685901,-0.1036303064537328
PRIMARY,STAGE_ENTRY_FLEE,126,ERA_2025_2026,CALM,CALM,12,12,10,0.05530041374827275,0.75,0.13733058740303566,-0.09330761023217715
PRIMARY,STAGE_ENTRY_FLEE,126,ERA_2025_2026,CALM,SCATTER,20,17,13,0.01213835425511005,0.55,0.14518355728180904,-0.11424968076193945
PRIMARY,STAGE_ENTRY_FLEE,126,ERA_2025_2026,SCATTER,FLEE,2,2,1,1.3993049933349948,1.0,1.7606927422723304,-0.0221122539856226
PRIMARY,STAGE_ENTRY_FLEE,126,ERA_2025_2026,SCATTER,SCATTER,4,4,2,0.09445493469491034,1.0,0.18146076034206315,-0.06459705071219925
PRIMARY,STAGE_ENTRY_FLEE,130,ERA_2013_2015,CALM,CALM,14,12,9,0.029664742264622,0.5,0.0889113501251356,-0.060683446521346454
PRIMARY,STAGE_ENTRY_FLEE,130,ERA_2013_2015,CALM,DRIFT,3,3,3,0.0744027877812856,0.6666666666666666,0.2554745712871904,-0.0903066290381103
PRIMARY,STAGE_ENTRY_FLEE,130,ERA_2013_2015,CALM,FLEE,5,4,2,-0.0636583574738883,0.2,0.0825121931131427,-0.1056426940962628
PRIMARY,STAGE_ENTRY_FLEE,130,ERA_2013_2015,CALM,SCATTER,31,21,20,0.0626360465004975,0.6129032258064516,0.1219485521689724,-0.0583026042882572
PRIMARY,STAGE_ENTRY_FLEE,130,ERA_2013_2015,SCATTER,CALM,1,1,1,0.0929613909740234,1.0,0.0954536326710766,-0.1568727968661717
PRIMARY,STAGE_ENTRY_FLEE,130,ERA_2013_2015,SCATTER,FLEE,14,14,7,0.036224425545730646,0.5714285714285714,0.13806623793208556,-0.09293290471323246
PRIMARY,STAGE_ENTRY_FLEE,130,ERA_2013_2015,SCATTER,SCATTER,54,32,33,0.0628584241963552,0.6666666666666666,0.12878034359641138,-0.0996388477419792
PRIMARY,STAGE_ENTRY_FLEE,130,ERA_2016_2018,CALM,CALM,10,7,8,0.14283364126558934,0.7,0.20278515680460224,-0.0374030182923641
PRIMARY,STAGE_ENTRY_FLEE,130,ERA_2016_2018,CALM,FLEE,1,1,1,0.04269205151767,1.0,0.1490004969670373,-0.013946999995867
PRIMARY,STAGE_ENTRY_FLEE,130,ERA_2016_2018,CALM,SCATTER,29,23,20,0.1314358258234018,0.8620689655172413,0.2035011650200624,-0.042090653613572
PRIMARY,STAGE_ENTRY_FLEE,130,ERA_2016_2018,DRIFT,CALM,2,2,2,-0.0671500411721968,0.0,0.00466116385759815,-0.1562193913446966
PRIMARY,STAGE_ENTRY_FLEE,130,ERA_2016_2018,DRIFT,DRIFT,2,1,2,-0.2808485201103752,0.0,0.045974040811625094,-0.32836286207120924
PRIMARY,STAGE_ENTRY_FLEE,130,ERA_2016_2018,DRIFT,SCATTER,3,3,3,0.0767322660789786,1.0,0.0848271705141068,-0.0548213640502133
PRIMARY,STAGE_ENTRY_FLEE,130,ERA_2016_2018,SCATTER,CALM,4,4,3,0.07565329830956645,1.0,0.162949518000106,-0.07613623685353646
PRIMARY,STAGE_ENTRY_FLEE,130,ERA_2016_2018,SCATTER,FLEE,21,15,7,0.149681954251045,0.9523809523809523,0.2099249464728187,-0.0634518786869278
PRIMARY,STAGE_ENTRY_FLEE,130,ERA_2016_2018,SCATTER,SCATTER,21,17,13,0.1038824534635673,0.8095238095238095,0.2150708058251416,-0.1097333094478013
PRIMARY,STAGE_ENTRY_FLEE,130,ERA_2019_2021,CALM,CALM,17,13,13,-0.0558525961486405,0.47058823529411764,0.1625465064184303,-0.1247368649432407
PRIMARY,STAGE_ENTRY_FLEE,130,ERA_2019_2021,CALM,SCATTER,28,21,20,0.1267876072325057,0.7142857142857143,0.2571258170926469,-0.1016608051682346
PRIMARY,STAGE_ENTRY_FLEE,130,ERA_2019_2021,DRIFT,CALM,5,5,5,0.14553419466433,0.8,0.1936495300733445,-0.03731545303392
PRIMARY,STAGE_ENTRY_FLEE,130,ERA_2019_2021,DRIFT,DRIFT,1,1,1,0.3267745462838634,1.0,0.3682735703667696,-0.0067261591036559
PRIMARY,STAGE_ENTRY_FLEE,130,ERA_2019_2021,DRIFT,SCATTER,7,5,7,0.1188635941373272,0.7142857142857143,0.1368140369404551,-0.1574453826360987
PRIMARY,STAGE_ENTRY_FLEE,130,ERA_2019_2021,FLEE,FLEE,8,8,1,0.4199305556603047,1.0,0.6853777889212042,-0.05141799229174865
PRIMARY,STAGE_ENTRY_FLEE,130,ERA_2019_2021,FLEE,SCATTER,2,2,1,0.5707280974109091,1.0,0.6712042224737673,-0.07134200677724875
PRIMARY,STAGE_ENTRY_FLEE,130,ERA_2019_2021,SCATTER,CALM,2,2,2,0.22026981816718988,1.0,0.2875196093773341,-0.0203282932416034
PRIMARY,STAGE_ENTRY_FLEE,130,ERA_2019_2021,SCATTER,FLEE,7,7,2,0.5939575265010186,0.8571428571428571,0.7664246531369763,-0.0996996990675374
PRIMARY,STAGE_ENTRY_FLEE,130,ERA_2019_2021,SCATTER,SCATTER,17,14,10,0.194058202027741,0.8235294117647058,0.2626735620679215,-0.1793319088581492
PRIMARY,STAGE_ENTRY_FLEE,130,ERA_2022_2024,CALM,CALM,13,9,12,0.1259548060286397,0.6923076923076923,0.2056187578598094,-0.0780494580606468
PRIMARY,STAGE_ENTRY_FLEE,130,ERA_2022_2024,CALM,FLEE,1,1,1,0.0452199164167905,1.0,0.2664589581016443,-0.0046511627906976
PRIMARY,STAGE_ENTRY_FLEE,130,ERA_2022_2024,CALM,SCATTER,26,16,17,0.041832222560898205,0.6538461538461539,0.14591410959585843,-0.0908628470315486
PRIMARY,STAGE_ENTRY_FLEE,130,ERA_2022_2024,DRIFT,CALM,4,4,4,0.033869600817836396,0.5,0.18982615535465305,-0.11522748709279071
PRIMARY,STAGE_ENTRY_FLEE,130,ERA_2022_2024,DRIFT,DRIFT,2,2,2,0.06753144904791905,0.5,0.3055339096835728,-0.23980942087068166
PRIMARY,STAGE_ENTRY_FLEE,130,ERA_2022_2024,DRIFT,SCATTER,3,3,3,-0.0116314171657992,0.3333333333333333,0.1069576988820115,-0.1603848473106262
PRIMARY,STAGE_ENTRY_FLEE,130,ERA_2022_2024,SCATTER,CALM,3,3,3,0.1665440578444843,1.0,0.2008075977185366,-0.0772177465360589
PRIMARY,STAGE_ENTRY_FLEE,130,ERA_2022_2024,SCATTER,DRIFT,1,1,1,0.2202879632048728,1.0,0.2297196084580597,-0.0729350917653867
PRIMARY,STAGE_ENTRY_FLEE,130,ERA_2022_2024,SCATTER,FLEE,6,5,5,-0.0379441308229138,0.5,0.170880113767293,-0.20426111656898743
PRIMARY,STAGE_ENTRY_FLEE,130,ERA_2022_2024,SCATTER,SCATTER,71,41,34,0.1108796489122181,0.704225352112676,0.1974575869685901,-0.1036303064537328
PRIMARY,STAGE_ENTRY_FLEE,130,ERA_2025_2026,CALM,CALM,12,12,10,0.07416263731607814,0.6666666666666666,0.14148251190555974,-0.09330761023217715
PRIMARY,STAGE_ENTRY_FLEE,130,ERA_2025_2026,CALM,SCATTER,20,17,13,0.053053700694474196,0.55,0.14518355728180904,-0.11424968076193945
PRIMARY,STAGE_ENTRY_FLEE,130,ERA_2025_2026,SCATTER,FLEE,2,2,1,1.3695183393820964,1.0,1.7606927422723304,-0.0221122539856226
PRIMARY,STAGE_ENTRY_FLEE,130,ERA_2025_2026,SCATTER,SCATTER,4,4,2,0.0775682258371195,0.75,0.18146076034206315,-0.06459705071219925
PRIMARY,STAGE_ENTRY_RUSH,5,ERA_2013_2015,CALM,CALM,30,22,23,-0.0064886696384381,0.3333333333333333,0.014082256175036001,-0.020604772699636148
PRIMARY,STAGE_ENTRY_RUSH,5,ERA_2013_2015,CALM,DRIFT,50,28,26,0.0021622826394328,0.56,0.017158068311413498,-0.01305816367721715
PRIMARY,STAGE_ENTRY_RUSH,5,ERA_2013_2015,CALM,RUSH,7,6,5,-0.0162997597713525,0.2857142857142857,0.0086427693054214,-0.0242985307946153
PRIMARY,STAGE_ENTRY_RUSH,5,ERA_2013_2015,CALM,SCATTER,2,2,2,-0.012267294967176549,0.5,0.01882107363509285,-0.02679502557837685
PRIMARY,STAGE_ENTRY_RUSH,5,ERA_2013_2015,SCATTER,CALM,18,15,16,0.01217736854824655,0.8888888888888888,0.02643241787281055,-0.016561054757064098
PRIMARY,STAGE_ENTRY_RUSH,5,ERA_2013_2015,SCATTER,DRIFT,7,7,4,-0.0108003668272543,0.2857142857142857,0.0143430738762191,-0.0155003773712875
PRIMARY,STAGE_ENTRY_RUSH,5,ERA_2013_2015,SCATTER,RUSH,1,1,1,0.0142947419001078,1.0,0.0186917390749294,-0.000897316986024
PRIMARY,STAGE_ENTRY_RUSH,5,ERA_2013_2015,SCATTER,SCATTER,8,7,7,0.00785473458222125,0.625,0.02564494862397565,-0.017777408140691203
PRIMARY,STAGE_ENTRY_RUSH,5,ERA_2016_2018,CALM,CALM,35,22,24,0.0069974734967668,0.6285714285714286,0.0183138049733404,-0.0143263670880487
PRIMARY,STAGE_ENTRY_RUSH,5,ERA_2016_2018,CALM,DRIFT,53,34,31,0.0036820662099723,0.6226415094339622,0.0170814074021261,-0.0141347775031122
PRIMARY,STAGE_ENTRY_RUSH,5,ERA_2016_2018,CALM,RUSH,11,9,8,0.0051540917485202,0.6363636363636364,0.0203337709322171,-0.0157400507128498
PRIMARY,STAGE_ENTRY_RUSH,5,ERA_2016_2018,CALM,SCATTER,6,6,6,0.00559620781616405,0.8333333333333334,0.013355643616585651,-0.0060304912413838
PRIMARY,STAGE_ENTRY_RUSH,5,ERA_2016_2018,DRIFT,CALM,10,10,8,0.008423703310910101,0.7,0.0156388947871103,-0.01068161749938005
PRIMARY,STAGE_ENTRY_RUSH,5,ERA_2016_2018,DRIFT,DRIFT,58,33,31,0.005758588504618601,0.603448275862069,0.0161988537926074,-0.0108265522809677
PRIMARY,STAGE_ENTRY_RUSH,5,ERA_2016_2018,DRIFT,RUSH,24,20,13,0.011339835343474,0.7083333333333334,0.0192130395565165,-0.0091399843649256
PRIMARY,STAGE_ENTRY_RUSH,5,ERA_2016_2018,DRIFT,SCATTER,2,2,2,0.0149024822125685,1.0,0.02758284056477205,-0.008918307587670449
PRIMARY,STAGE_ENTRY_RUSH,5,ERA_2016_2018,SCATTER,CALM,8,6,7,0.00996301706341165,0.625,0.025756850712609,-0.016186897968188098
PRIMARY,STAGE_ENTRY_RUSH,5,ERA_2016_2018,SCATTER,DRIFT,3,3,3,0.0227032498812789,0.6666666666666666,0.0227032498812789,-0.0112475967276809
PRIMARY,STAGE_ENTRY_RUSH,5,ERA_2016_2018,SCATTER,RUSH,2,2,1,0.0207320224299177,1.0,0.027048608318577,-0.0133443674458979
PRIMARY,STAGE_ENTRY_RUSH,5,ERA_2016_2018,SCATTER,SCATTER,2,2,2,0.02310725881663455,1.0,0.0318411412465565,-0.061340363970550045
PRIMARY,STAGE_ENTRY_RUSH,5,ERA_2019_2021,CALM,CALM,43,25,30,0.0020817562042285,0.5813953488372093,0.0246441911488513,-0.0176560782872093
PRIMARY,STAGE_ENTRY_RUSH,5,ERA_2019_2021,CALM,DRIFT,59,34,32,-0.0091576913782264,0.4406779661016949,0.0154047000577219,-0.0165145479522129
PRIMARY,STAGE_ENTRY_RUSH,5,ERA_2019_2021,CALM,RUSH,8,7,7,0.0208011406388075,1.0,0.02254794703675195,-0.011921462829512501
PRIMARY,STAGE_ENTRY_RUSH,5,ERA_2019_2021,CALM,SCATTER,4,3,4,0.00368075802700835,0.75,0.0109854554654975,-0.012614651732577201
PRIMARY,STAGE_ENTRY_RUSH,5,ERA_2019_2021,DRIFT,CALM,19,14,14,0.0047904152642404,0.6842105263157895,0.022236112637465,-0.0105313933812345
PRIMARY,STAGE_ENTRY_RUSH,5,ERA_2019_2021,DRIFT,DRIFT,46,28,26,0.00049868655544135,0.5217391304347826,0.01657041823309045,-0.01531625794496105
PRIMARY,STAGE_ENTRY_RUSH,5,ERA_2019_2021,DRIFT,RUSH,9,8,8,-0.0082280855155343,0.4444444444444444,0.0100905400921469,-0.0312294662125355
PRIMARY,STAGE_ENTRY_RUSH,5,ERA_2019_2021,RUSH,CALM,1,1,1,0.0298041560854365,1.0,0.0403023782290397,-0.0072064518611238
PRIMARY,STAGE_ENTRY_RUSH,5,ERA_2019_2021,SCATTER,CALM,8,8,4,-0.00406967379225865,0.5,0.032309756106603554,-0.02735288907869815
PRIMARY,STAGE_ENTRY_RUSH,5,ERA_2019_2021,SCATTER,DRIFT,3,3,2,0.0286937934675701,1.0,0.0306027753223219,-0.0045699433048205
PRIMARY,STAGE_ENTRY_RUSH,5,ERA_2019_2021,SCATTER,SCATTER,2,2,2,-0.08888112380596735,0.5,0.0353221401105453,-0.1083727388764659
PRIMARY,STAGE_ENTRY_RUSH,5,ERA_2022_2024,CALM,CALM,47,29,28,0.007411502310356,0.5531914893617021,0.0162880975128194,-0.0186546688136077
PRIMARY,STAGE_ENTRY_RUSH,5,ERA_2022_2024,CALM,DRIFT,35,23,22,0.0006666776236681,0.5142857142857142,0.0210343223231408,-0.0198465382524209
PRIMARY,STAGE_ENTRY_RUSH,5,ERA_2022_2024,CALM,RUSH,1,1,1,0.0812124469209809,1.0,0.0837860858972039,-0.014012057846877
PRIMARY,STAGE_ENTRY_RUSH,5,ERA_2022_2024,CALM,SCATTER,3,2,3,0.0048946643011866,0.6666666666666666,0.0126583015881918,-0.0127003268406598
PRIMARY,STAGE_ENTRY_RUSH,5,ERA_2022_2024,DRIFT,CALM,8,7,6,0.00044417699454804994,0.5,0.009264949235902,-0.023713375343138998
PRIMARY,STAGE_ENTRY_RUSH,5,ERA_2022_2024,DRIFT,DRIFT,34,30,22,0.00405117771536785,0.6470588235294118,0.019857231268647198,-0.014974850829323899
PRIMARY,STAGE_ENTRY_RUSH,5,ERA_2022_2024,DRIFT,RUSH,11,8,9,-0.0005107384210599,0.45454545454545453,0.0232079746511753,-0.021992596006689
PRIMARY,STAGE_ENTRY_RUSH,5,ERA_2022_2024,DRIFT,SCATTER,1,1,1,0.0244511855643474,1.0,0.0258089825338985,-0.0039018785055845
PRIMARY,STAGE_ENTRY_RUSH,5,ERA_2022_2024,SCATTER,CALM,11,10,7,0.021818629368852,0.8181818181818182,0.0371500888466724,-0.0140574644010851
PRIMARY,STAGE_ENTRY_RUSH,5,ERA_2022_2024,SCATTER,DRIFT,3,3,1,0.0202402354021198,1.0,0.0339405324321611,-0.0063006009788693
PRIMARY,STAGE_ENTRY_RUSH,5,ERA_2022_2024,SCATTER,RUSH,5,5,3,-0.0214887305753788,0.0,0.007887141941131,-0.0922312439640071
PRIMARY,STAGE_ENTRY_RUSH,5,ERA_2022_2024,SCATTER,SCATTER,10,5,8,-0.00888168480472405,0.4,0.024782096983937248,-0.04425036033783465
PRIMARY,STAGE_ENTRY_RUSH,5,ERA_2025_2026,CALM,CALM,34,21,25,0.00047912225040880004,0.5,0.018474699815612502,-0.031159297064912148
PRIMARY,STAGE_ENTRY_RUSH,5,ERA_2025_2026,CALM,DRIFT,34,28,20,0.00991813625756405,0.7058823529411765,0.021582936395958853,-0.0149439695202962
PRIMARY,STAGE_ENTRY_RUSH,5,ERA_2025_2026,CALM,RUSH,9,9,6,0.0058284613988737,0.6666666666666666,0.0316905732936407,-0.0251022965447429
PRIMARY,STAGE_ENTRY_RUSH,5,ERA_2025_2026,CALM,SCATTER,6,6,6,0.01835082514551125,0.5,0.04316922370595705,-0.023723757775684348
PRIMARY,STAGE_ENTRY_RUSH,5,ERA_2025_2026,DRIFT,RUSH,3,3,2,0.0001271812885288,0.6666666666666666,0.0221177840194655,-0.0338120768155325
PRIMARY,STAGE_ENTRY_RUSH,5,ERA_2025_2026,SCATTER,CALM,5,5,2,0.0106731436663245,0.8,0.0208148266930943,-0.0268846399399683
PRIMARY,STAGE_ENTRY_RUSH,5,ERA_2025_2026,SCATTER,DRIFT,2,2,2,0.0008470568508743004,0.5,0.0261364834153824,-0.05557189457470994
PRIMARY,STAGE_ENTRY_RUSH,5,ERA_2025_2026,SCATTER,RUSH,1,1,1,-0.0142293699077721,0.0,0.0107747257745429,-0.0213028776250603
PRIMARY,STAGE_ENTRY_RUSH,10,ERA_2013_2015,CALM,CALM,30,22,23,-0.00428637933339775,0.4666666666666667,0.01687339871768885,-0.0243001355890544
PRIMARY,STAGE_ENTRY_RUSH,10,ERA_2013_2015,CALM,DRIFT,50,28,26,-0.00532635909191275,0.32,0.018201693507368298,-0.025137110104583048
PRIMARY,STAGE_ENTRY_RUSH,10,ERA_2013_2015,CALM,RUSH,7,6,5,-0.0131486603457445,0.2857142857142857,0.0142318687559592,-0.0242985307946153
PRIMARY,STAGE_ENTRY_RUSH,10,ERA_2013_2015,CALM,SCATTER,2,2,2,-0.01601947185321025,0.5,0.01882107363509285,-0.04090870883839185
PRIMARY,STAGE_ENTRY_RUSH,10,ERA_2013_2015,SCATTER,CALM,18,15,16,0.0065104684170714505,0.5555555555555556,0.0348907016730948,-0.019514058573815253
PRIMARY,STAGE_ENTRY_RUSH,10,ERA_2013_2015,SCATTER,DRIFT,7,7,4,-0.0139572708058245,0.2857142857142857,0.0159710561281718,-0.0277699903916468
PRIMARY,STAGE_ENTRY_RUSH,10,ERA_2013_2015,SCATTER,RUSH,1,1,1,0.0278743924475639,1.0,0.0417121533280739,-0.000897316986024
PRIMARY,STAGE_ENTRY_RUSH,10,ERA_2013_2015,SCATTER,SCATTER,8,7,7,-0.007363929437113849,0.5,0.02704681601103985,-0.029464898845997102
PRIMARY,STAGE_ENTRY_RUSH,10,ERA_2016_2018,CALM,CALM,35,22,24,0.0044360012192277,0.5714285714285714,0.027495955709784,-0.016794242114919
PRIMARY,STAGE_ENTRY_RUSH,10,ERA_2016_2018,CALM,DRIFT,53,34,31,-0.0029631491140058,0.4716981132075472,0.025102606557481,-0.024708970994649
PRIMARY,STAGE_ENTRY_RUSH,10,ERA_2016_2018,CALM,RUSH,11,9,8,0.0002134106935598,0.5454545454545454,0.0245562912462253,-0.0243051969121143
PRIMARY,STAGE_ENTRY_RUSH,10,ERA_2016_2018,CALM,SCATTER,6,6,6,-0.002499444713295,0.5,0.0135006098351687,-0.015631722921635602
PRIMARY,STAGE_ENTRY_RUSH,10,ERA_2016_2018,DRIFT,CALM,10,10,8,0.02016231491979365,0.7,0.02633458509937775,-0.01068161749938005
PRIMARY,STAGE_ENTRY_RUSH,10,ERA_2016_2018,DRIFT,DRIFT,58,33,31,-0.0001483229495998,0.5,0.0198483733630392,-0.0148996340569753
PRIMARY,STAGE_ENTRY_RUSH,10,ERA_2016_2018,DRIFT,RUSH,24,20,13,0.0036355361461176006,0.5,0.0264878626374629,-0.0244258264931946
PRIMARY,STAGE_ENTRY_RUSH,10,ERA_2016_2018,DRIFT,SCATTER,2,2,2,0.01190758721477845,1.0,0.03225414968031285,-0.008918307587670449
PRIMARY,STAGE_ENTRY_RUSH,10,ERA_2016_2018,SCATTER,CALM,8,6,7,0.0216401508607788,0.75,0.03585334489431275,-0.018357100738308152
PRIMARY,STAGE_ENTRY_RUSH,10,ERA_2016_2018,SCATTER,DRIFT,3,3,3,0.0010229825172323,0.6666666666666666,0.0295770449653307,-0.0112475967276809
PRIMARY,STAGE_ENTRY_RUSH,10,ERA_2016_2018,SCATTER,RUSH,2,2,1,0.01555593553225915,1.0,0.02713464352516145,-0.0133443674458979
PRIMARY,STAGE_ENTRY_RUSH,10,ERA_2016_2018,SCATTER,SCATTER,2,2,2,-0.0244686665802436,0.5,0.0338108206081141,-0.07463546976281085
PRIMARY,STAGE_ENTRY_RUSH,10,ERA_2019_2021,CALM,CALM,43,25,30,-0.0009921731935969,0.4883720930232558,0.0292016852612002,-0.0257298486436433
PRIMARY,STAGE_ENTRY_RUSH,10,ERA_2019_2021,CALM,DRIFT,59,34,32,0.0084453436168203,0.5423728813559322,0.0273485019709229,-0.0268877770408163
PRIMARY,STAGE_ENTRY_RUSH,10,ERA_2019_2021,CALM,RUSH,8,7,7,0.0303070172523963,0.625,0.045586230713173,-0.012537715418278299
PRIMARY,STAGE_ENTRY_RUSH,10,ERA_2019_2021,CALM,SCATTER,4,3,4,-0.0043540240604913495,0.5,0.015565258393876649,-0.02028848941660185
PRIMARY,STAGE_ENTRY_RUSH,10,ERA_2019_2021,DRIFT,CALM,19,14,14,0.0022278160399613,0.5263157894736842,0.0303855505160079,-0.0242803723194225
PRIMARY,STAGE_ENTRY_RUSH,10,ERA_2019_2021,DRIFT,DRIFT,46,28,26,-0.0012760404705791,0.4782608695652174,0.02725414661069475,-0.02453833551865565
PRIMARY,STAGE_ENTRY_RUSH,10,ERA_2019_2021,DRIFT,RUSH,9,8,8,-0.0249649832155761,0.2222222222222222,0.0344112275753154,-0.0545168811366666
PRIMARY,STAGE_ENTRY_RUSH,10,ERA_2019_2021,RUSH,CALM,1,1,1,0.0358537543810693,1.0,0.0461740000958414,-0.0072064518611238
PRIMARY,STAGE_ENTRY_RUSH,10,ERA_2019_2021,SCATTER,CALM,8,8,4,0.014509165825144749,0.75,0.03610971090409615,-0.039449654445108395
PRIMARY,STAGE_ENTRY_RUSH,10,ERA_2019_2021,SCATTER,DRIFT,3,3,2,0.0145243456189541,1.0,0.0410736019251865,-0.0045699433048205
PRIMARY,STAGE_ENTRY_RUSH,10,ERA_2019_2021,SCATTER,SCATTER,2,2,2,-0.04936500421270049,0.5,0.1045645633164152,-0.17227269455347868
PRIMARY,STAGE_ENTRY_RUSH,10,ERA_2022_2024,CALM,CALM,47,29,28,-5.7565483713162286e-08,0.48936170212765956,0.022568744068816,-0.0293441095021691
PRIMARY,STAGE_ENTRY_RUSH,10,ERA_2022_2024,CALM,DRIFT,35,23,22,0.0066516618355147,0.6,0.0361050171544297,-0.0302223947173683
PRIMARY,STAGE_ENTRY_RUSH,10,ERA_2022_2024,CALM,RUSH,1,1,1,0.0466111713177683,1.0,0.1018016170743469,-0.014012057846877
PRIMARY,STAGE_ENTRY_RUSH,10,ERA_2022_2024,CALM,SCATTER,3,2,3,0.0173244130277994,0.6666666666666666,0.0241143109363175,-0.0127003268406598
PRIMARY,STAGE_ENTRY_RUSH,10,ERA_2022_2024,DRIFT,CALM,8,7,6,-0.0019539283160969513,0.5,0.0262862363944487,-0.0316833169157957
PRIMARY,STAGE_ENTRY_RUSH,10,ERA_2022_2024,DRIFT,DRIFT,34,30,22,0.0051773199620734,0.5882352941176471,0.0294952316858122,-0.02579490715893655
PRIMARY,STAGE_ENTRY_RUSH,10,ERA_2022_2024,DRIFT,RUSH,11,8,9,-0.0033692712711868,0.45454545454545453,0.0236717587262687,-0.0221477617442655
PRIMARY,STAGE_ENTRY_RUSH,10,ERA_2022_2024,DRIFT,SCATTER,1,1,1,-0.0080882497710679,0.0,0.0258089825338985,-0.0155324865704824
PRIMARY,STAGE_ENTRY_RUSH,10,ERA_2022_2024,SCATTER,CALM,11,10,7,0.0397662853914744,1.0,0.0512568571183185,-0.0140574644010851
PRIMARY,STAGE_ENTRY_RUSH,10,ERA_2022_2024,SCATTER,DRIFT,3,3,1,0.0002000526451104,0.6666666666666666,0.0461093093829128,-0.0100731620199062
PRIMARY,STAGE_ENTRY_RUSH,10,ERA_2022_2024,SCATTER,RUSH,5,5,3,-0.0146372030069097,0.4,0.0343853219235592,-0.0922312439640071
PRIMARY,STAGE_ENTRY_RUSH,10,ERA_2022_2024,SCATTER,SCATTER,10,5,8,0.013519024531844,0.6,0.0253444376124587,-0.044879932004499704
PRIMARY,STAGE_ENTRY_RUSH,10,ERA_2025_2026,CALM,CALM,34,21,25,0.0011525292839589,0.5588235294117647,0.031420431647931804,-0.03860442981662715
PRIMARY,STAGE_ENTRY_RUSH,10,ERA_2025_2026,CALM,DRIFT,34,28,20,0.0234468406335782,0.6470588235294118,0.058504186444844244,-0.02654311300980385
PRIMARY,STAGE_ENTRY_RUSH,10,ERA_2025_2026,CALM,RUSH,9,9,6,0.0138586730430154,0.5555555555555556,0.0498063867367619,-0.0386015733355775
PRIMARY,STAGE_ENTRY_RUSH,10,ERA_2025_2026,CALM,SCATTER,6,6,6,0.03724256622537685,0.8333333333333334,0.05843403293336865,-0.023723757775684348
PRIMARY,STAGE_ENTRY_RUSH,10,ERA_2025_2026,DRIFT,RUSH,3,3,2,0.0240244105101967,0.6666666666666666,0.0277107066857769,-0.0338120768155325
PRIMARY,STAGE_ENTRY_RUSH,10,ERA_2025_2026,SCATTER,CALM,5,5,2,0.0218377279004775,0.8,0.0307338042143006,-0.0376967156369387
PRIMARY,STAGE_ENTRY_RUSH,10,ERA_2025_2026,SCATTER,DRIFT,2,2,2,0.030272994600194898,1.0,0.056332832939956,-0.05557189457470994
PRIMARY,STAGE_ENTRY_RUSH,10,ERA_2025_2026,SCATTER,RUSH,1,1,1,-3.0227171765595535e-08,0.0,0.0107747257745429,-0.0213028776250603
PRIMARY,STAGE_ENTRY_RUSH,20,ERA_2013_2015,CALM,CALM,30,22,23,0.00396449563612685,0.6,0.0285983007940028,-0.032222074711388354
PRIMARY,STAGE_ENTRY_RUSH,20,ERA_2013_2015,CALM,DRIFT,50,28,26,0.0073312938144450505,0.54,0.02585978246534245,-0.03189007975445565
PRIMARY,STAGE_ENTRY_RUSH,20,ERA_2013_2015,CALM,RUSH,7,6,5,-0.0167348346967113,0.2857142857142857,0.0142318687559592,-0.0338818363734335
PRIMARY,STAGE_ENTRY_RUSH,20,ERA_2013_2015,CALM,SCATTER,2,2,2,0.02654807664380705,1.0,0.04913622494647505,-0.04574488150030555
PRIMARY,STAGE_ENTRY_RUSH,20,ERA_2013_2015,SCATTER,CALM,18,15,16,0.02349225760103075,0.6666666666666666,0.04797287596663155,-0.027372682455809448
PRIMARY,STAGE_ENTRY_RUSH,20,ERA_2013_2015,SCATTER,DRIFT,7,7,4,-0.0175480704727145,0.14285714285714285,0.0187997687196463,-0.0493527450599832
PRIMARY,STAGE_ENTRY_RUSH,20,ERA_2013_2015,SCATTER,RUSH,1,1,1,0.0823198932129201,1.0,0.084130433545301,-0.000897316986024
PRIMARY,STAGE_ENTRY_RUSH,20,ERA_2013_2015,SCATTER,SCATTER,8,7,7,0.006818735532548349,0.5,0.04665112314012175,-0.0320638513078985
PRIMARY,STAGE_ENTRY_RUSH,20,ERA_2016_2018,CALM,CALM,35,22,24,0.0213378706865365,0.5428571428571428,0.0384239953967158,-0.0264075230736803
PRIMARY,STAGE_ENTRY_RUSH,20,ERA_2016_2018,CALM,DRIFT,53,34,31,0.0011028816452733,0.5094339622641509,0.0367244995983262,-0.0357019099018665
PRIMARY,STAGE_ENTRY_RUSH,20,ERA_2016_2018,CALM,RUSH,11,9,8,0.016852884888151,0.7272727272727273,0.026069448655078,-0.0252212924197579
PRIMARY,STAGE_ENTRY_RUSH,20,ERA_2016_2018,CALM,SCATTER,6,6,6,0.011955577396536299,0.5,0.0317381770044226,-0.0289372156208974
PRIMARY,STAGE_ENTRY_RUSH,20,ERA_2016_2018,DRIFT,CALM,10,10,8,0.03455168562416335,0.8,0.04755926788567325,-0.01184297104986165
PRIMARY,STAGE_ENTRY_RUSH,20,ERA_2016_2018,DRIFT,DRIFT,58,33,31,0.0113790385337212,0.6724137931034483,0.0309110878627546,-0.022724759209100047
PRIMARY,STAGE_ENTRY_RUSH,20,ERA_2016_2018,DRIFT,RUSH,24,20,13,-0.01158628152523905,0.4583333333333333,0.0317147250700963,-0.0442029817124875
PRIMARY,STAGE_ENTRY_RUSH,20,ERA_2016_2018,DRIFT,SCATTER,2,2,2,0.00263746363967045,0.5,0.03225414968031285,-0.0173768355278882
PRIMARY,STAGE_ENTRY_RUSH,20,ERA_2016_2018,SCATTER,CALM,8,6,7,0.0466639105444327,1.0,0.05863248178244155,-0.018357100738308152
PRIMARY,STAGE_ENTRY_RUSH,20,ERA_2016_2018,SCATTER,DRIFT,3,3,3,-0.0374998280139168,0.3333333333333333,0.0380684590809896,-0.059431699407271
PRIMARY,STAGE_ENTRY_RUSH,20,ERA_2016_2018,SCATTER,RUSH,2,2,1,0.009491957703179097,0.5,0.0355060039902881,-0.0133443674458979
PRIMARY,STAGE_ENTRY_RUSH,20,ERA_2016_2018,SCATTER,SCATTER,2,2,2,0.013023600175261451,0.5,0.07138063155625725,-0.0838681457939801
PRIMARY,STAGE_ENTRY_RUSH,20,ERA_2019_2021,CALM,CALM,43,25,30,0.0177625699949341,0.5813953488372093,0.0380465489569665,-0.0447499806275512
PRIMARY,STAGE_ENTRY_RUSH,20,ERA_2019_2021,CALM,DRIFT,59,34,32,0.0062547622193147,0.576271186440678,0.0438662183003819,-0.0464676958405102
PRIMARY,STAGE_ENTRY_RUSH,20,ERA_2019_2021,CALM,RUSH,8,7,7,0.037082231154474454,0.875,0.05756808349093145,-0.0141083950091435
PRIMARY,STAGE_ENTRY_RUSH,20,ERA_2019_2021,CALM,SCATTER,4,3,4,0.045668230340493,1.0,0.0499910399494848,-0.02216626784132745
PRIMARY,STAGE_ENTRY_RUSH,20,ERA_2019_2021,DRIFT,CALM,19,14,14,-0.0062034759938983,0.42105263157894735,0.0464633928945599,-0.0347646940645289
PRIMARY,STAGE_ENTRY_RUSH,20,ERA_2019_2021,DRIFT,DRIFT,46,28,26,-0.01050722537969715,0.45652173913043476,0.0360893665465863,-0.03857178083095705
PRIMARY,STAGE_ENTRY_RUSH,20,ERA_2019_2021,DRIFT,RUSH,9,8,8,0.038553377417579,0.5555555555555556,0.0478637886335364,-0.1146183810077736
PRIMARY,STAGE_ENTRY_RUSH,20,ERA_2019_2021,RUSH,CALM,1,1,1,0.0071169873980652,1.0,0.0523127915280976,-0.0072064518611238
PRIMARY,STAGE_ENTRY_RUSH,20,ERA_2019_2021,SCATTER,CALM,8,8,4,0.0399802264288403,0.875,0.08429535416705619,-0.039449654445108395
PRIMARY,STAGE_ENTRY_RUSH,20,ERA_2019_2021,SCATTER,DRIFT,3,3,2,0.0608476837271436,1.0,0.0610540396473273,-0.0066528367611072
PRIMARY,STAGE_ENTRY_RUSH,20,ERA_2019_2021,SCATTER,SCATTER,2,2,2,0.0307890778381007,0.5,0.1045645633164152,-0.17227269455347868
PRIMARY,STAGE_ENTRY_RUSH,20,ERA_2022_2024,CALM,CALM,47,29,28,-0.0007685418870509,0.46808510638297873,0.0310830718594246,-0.0500743531329803
PRIMARY,STAGE_ENTRY_RUSH,20,ERA_2022_2024,CALM,DRIFT,35,23,22,0.0240329089086115,0.6571428571428571,0.0618878001312852,-0.0359385585653936
PRIMARY,STAGE_ENTRY_RUSH,20,ERA_2022_2024,CALM,RUSH,1,1,1,0.1515584780135694,1.0,0.1735772645669215,-0.014012057846877
PRIMARY,STAGE_ENTRY_RUSH,20,ERA_2022_2024,CALM,SCATTER,3,2,3,-0.0397103006787417,0.3333333333333333,0.0290112765536272,-0.0444425911038912
PRIMARY,STAGE_ENTRY_RUSH,20,ERA_2022_2024,DRIFT,CALM,8,7,6,-0.00796204849191475,0.5,0.033052202861358654,-0.05064036697716085
PRIMARY,STAGE_ENTRY_RUSH,20,ERA_2022_2024,DRIFT,DRIFT,34,30,22,0.009175647126491951,0.5588235294117647,0.047000600122068054,-0.03863518360089515
PRIMARY,STAGE_ENTRY_RUSH,20,ERA_2022_2024,DRIFT,RUSH,11,8,9,0.0094780466563046,0.5454545454545454,0.0467659762328438,-0.0221477617442655
PRIMARY,STAGE_ENTRY_RUSH,20,ERA_2022_2024,DRIFT,SCATTER,1,1,1,-0.0787853328371901,0.0,0.0258089825338985,-0.0825308121801025
PRIMARY,STAGE_ENTRY_RUSH,20,ERA_2022_2024,SCATTER,CALM,11,10,7,0.0365490663963075,0.9090909090909091,0.0734823173803131,-0.0180180001940285
PRIMARY,STAGE_ENTRY_RUSH,20,ERA_2022_2024,SCATTER,DRIFT,3,3,1,0.0104113757986186,0.6666666666666666,0.0461093093829128,-0.0494184262195701
PRIMARY,STAGE_ENTRY_RUSH,20,ERA_2022_2024,SCATTER,RUSH,5,5,3,0.0942999788700291,0.6,0.1146178909271393,-0.0922312439640071
PRIMARY,STAGE_ENTRY_RUSH,20,ERA_2022_2024,SCATTER,SCATTER,10,5,8,-0.00608836503892895,0.5,0.05172989565231695,-0.05582852025996255
PRIMARY,STAGE_ENTRY_RUSH,20,ERA_2025_2026,CALM,CALM,32,20,23,0.00856207802938045,0.53125,0.07044630689806805,-0.04719617264331445
PRIMARY,STAGE_ENTRY_RUSH,20,ERA_2025_2026,CALM,DRIFT,30,26,19,0.0267046272081228,0.6333333333333333,0.06997373663341215,-0.03243925837457535
PRIMARY,STAGE_ENTRY_RUSH,20,ERA_2025_2026,CALM,RUSH,9,9,6,-0.0308622128156986,0.3333333333333333,0.0498063867367619,-0.0503766083550656
PRIMARY,STAGE_ENTRY_RUSH,20,ERA_2025_2026,CALM,SCATTER,6,6,6,0.08196847932956215,0.8333333333333334,0.09281192928282839,-0.023723757775684348
PRIMARY,STAGE_ENTRY_RUSH,20,ERA_2025_2026,DRIFT,RUSH,3,3,2,-0.011058803970246,0.3333333333333333,0.0423286687179749,-0.0338120768155325
PRIMARY,STAGE_ENTRY_RUSH,20,ERA_2025_2026,SCATTER,CALM,5,5,2,0.0018203076488449,0.6,0.0488484965054911,-0.0592220137482409
PRIMARY,STAGE_ENTRY_RUSH,20,ERA_2025_2026,SCATTER,DRIFT,2,2,2,0.05489032483614925,1.0,0.08077375266803474,-0.05557189457470994
PRIMARY,STAGE_ENTRY_RUSH,20,ERA_2025_2026,SCATTER,RUSH,1,1,1,-0.0350599093271024,0.0,0.0213027966877243,-0.0852114383382685
PRIMARY,STAGE_ENTRY_RUSH,21,ERA_2013_2015,CALM,CALM,30,22,23,0.0007850542355123998,0.5,0.0285983007940028,-0.032222074711388354
PRIMARY,STAGE_ENTRY_RUSH,21,ERA_2013_2015,CALM,DRIFT,50,28,26,0.00250732291425855,0.5,0.0267172101666758,-0.03189007975445565
PRIMARY,STAGE_ENTRY_RUSH,21,ERA_2013_2015,CALM,RUSH,7,6,5,-0.0169737479543684,0.42857142857142855,0.0142318687559592,-0.0338818363734335
PRIMARY,STAGE_ENTRY_RUSH,21,ERA_2013_2015,CALM,SCATTER,2,2,2,0.029973971345370796,1.0,0.053182681410064755,-0.04574488150030555
PRIMARY,STAGE_ENTRY_RUSH,21,ERA_2013_2015,SCATTER,CALM,18,15,16,0.0288752021005588,0.7222222222222222,0.04797287596663155,-0.030297145509372597
PRIMARY,STAGE_ENTRY_RUSH,21,ERA_2013_2015,SCATTER,DRIFT,7,7,4,-0.0205755133505169,0.14285714285714285,0.0187997687196463,-0.0493527450599832
PRIMARY,STAGE_ENTRY_RUSH,21,ERA_2013_2015,SCATTER,RUSH,1,1,1,0.0830959169658451,1.0,0.084130433545301,-0.000897316986024
PRIMARY,STAGE_ENTRY_RUSH,21,ERA_2013_2015,SCATTER,SCATTER,8,7,7,0.003202690500865751,0.5,0.04665112314012175,-0.0320638513078985
PRIMARY,STAGE_ENTRY_RUSH,21,ERA_2016_2018,CALM,CALM,35,22,24,0.0134786248126981,0.5714285714285714,0.0433775839550609,-0.0264075230736803
PRIMARY,STAGE_ENTRY_RUSH,21,ERA_2016_2018,CALM,DRIFT,53,34,31,0.0013380058276371,0.5094339622641509,0.0371894174017566,-0.0357019099018665
PRIMARY,STAGE_ENTRY_RUSH,21,ERA_2016_2018,CALM,RUSH,11,9,8,0.0187631995166692,0.7272727272727273,0.026069448655078,-0.0252212924197579
PRIMARY,STAGE_ENTRY_RUSH,21,ERA_2016_2018,CALM,SCATTER,6,6,6,0.0186501008169509,0.6666666666666666,0.0317381770044226,-0.0289372156208974
PRIMARY,STAGE_ENTRY_RUSH,21,ERA_2016_2018,DRIFT,CALM,10,10,8,0.0395202007021593,0.8,0.04755926788567325,-0.01184297104986165
PRIMARY,STAGE_ENTRY_RUSH,21,ERA_2016_2018,DRIFT,DRIFT,58,33,31,0.01732962624328,0.6896551724137931,0.0309110878627546,-0.0245040899369562
PRIMARY,STAGE_ENTRY_RUSH,21,ERA_2016_2018,DRIFT,RUSH,24,20,13,-0.00774651848509755,0.4166666666666667,0.0317147250700963,-0.0442029817124875
PRIMARY,STAGE_ENTRY_RUSH,21,ERA_2016_2018,DRIFT,SCATTER,2,2,2,-0.0010332700304567996,0.5,0.03225414968031285,-0.0173768355278882
PRIMARY,STAGE_ENTRY_RUSH,21,ERA_2016_2018,SCATTER,CALM,8,6,7,0.0463152377563578,0.75,0.0588423421309942,-0.018357100738308152
PRIMARY,STAGE_ENTRY_RUSH,21,ERA_2016_2018,SCATTER,DRIFT,3,3,3,-0.0378407270070867,0.3333333333333333,0.0380684590809896,-0.059431699407271
PRIMARY,STAGE_ENTRY_RUSH,21,ERA_2016_2018,SCATTER,RUSH,2,2,1,0.01802206894218345,1.0,0.0355060039902881,-0.0133443674458979
PRIMARY,STAGE_ENTRY_RUSH,21,ERA_2016_2018,SCATTER,SCATTER,2,2,2,-0.0024378031444168002,0.5,0.07138063155625725,-0.0838681457939801
PRIMARY,STAGE_ENTRY_RUSH,21,ERA_2019_2021,CALM,CALM,43,25,30,0.0132060933850606,0.5813953488372093,0.0421873062774278,-0.0452709436377537
PRIMARY,STAGE_ENTRY_RUSH,21,ERA_2019_2021,CALM,DRIFT,59,34,32,0.0086047939976761,0.576271186440678,0.0495543345174578,-0.0464676958405102
PRIMARY,STAGE_ENTRY_RUSH,21,ERA_2019_2021,CALM,RUSH,8,7,7,0.03876474068860755,0.875,0.06293036121842495,-0.0141083950091435
PRIMARY,STAGE_ENTRY_RUSH,21,ERA_2019_2021,CALM,SCATTER,4,3,4,0.0491056968143448,1.0,0.05493505438677785,-0.02216626784132745
PRIMARY,STAGE_ENTRY_RUSH,21,ERA_2019_2021,DRIFT,CALM,19,14,14,0.0032699519641592,0.631578947368421,0.0464633928945599,-0.0347646940645289
PRIMARY,STAGE_ENTRY_RUSH,21,ERA_2019_2021,DRIFT,DRIFT,46,28,26,-0.0201399156833607,0.43478260869565216,0.0360893665465863,-0.0442251462958682
PRIMARY,STAGE_ENTRY_RUSH,21,ERA_2019_2021,DRIFT,RUSH,9,8,8,0.0200816114573949,0.5555555555555556,0.0478637886335364,-0.1146183810077736
PRIMARY,STAGE_ENTRY_RUSH,21,ERA_2019_2021,RUSH,CALM,1,1,1,-0.0016904493061048,0.0,0.0523127915280976,-0.0072064518611238
PRIMARY,STAGE_ENTRY_RUSH,21,ERA_2019_2021,SCATTER,CALM,8,8,4,0.0425726906691492,0.875,0.08429535416705619,-0.039449654445108395
PRIMARY,STAGE_ENTRY_RUSH,21,ERA_2019_2021,SCATTER,DRIFT,3,3,2,0.0666266510525861,1.0,0.0695161067209899,-0.0066528367611072
PRIMARY,STAGE_ENTRY_RUSH,21,ERA_2019_2021,SCATTER,SCATTER,2,2,2,0.0892993587321112,1.0,0.11016459168530905,-0.17227269455347868
PRIMARY,STAGE_ENTRY_RUSH,21,ERA_2022_2024,CALM,CALM,47,29,28,-0.0023986823272283,0.44680851063829785,0.0310830718594246,-0.0511681550458995
PRIMARY,STAGE_ENTRY_RUSH,21,ERA_2022_2024,CALM,DRIFT,35,23,22,0.027997986585708,0.6571428571428571,0.0618878001312852,-0.0361474010996718
PRIMARY,STAGE_ENTRY_RUSH,21,ERA_2022_2024,CALM,RUSH,1,1,1,0.1158454625311926,1.0,0.1735772645669215,-0.014012057846877
PRIMARY,STAGE_ENTRY_RUSH,21,ERA_2022_2024,CALM,SCATTER,3,2,3,-0.0549770432642391,0.3333333333333333,0.0290112765536272,-0.0551827459414066
PRIMARY,STAGE_ENTRY_RUSH,21,ERA_2022_2024,DRIFT,CALM,8,7,6,-0.01166716543863265,0.5,0.033052202861358654,-0.05064036697716085
PRIMARY,STAGE_ENTRY_RUSH,21,ERA_2022_2024,DRIFT,DRIFT,34,30,22,0.0076341451683164495,0.5882352941176471,0.04765212478547785,-0.03863518360089515
PRIMARY,STAGE_ENTRY_RUSH,21,ERA_2022_2024,DRIFT,RUSH,11,8,9,0.0089751154089403,0.6363636363636364,0.0467659762328438,-0.0221477617442655
PRIMARY,STAGE_ENTRY_RUSH,21,ERA_2022_2024,DRIFT,SCATTER,1,1,1,-0.0626326608885406,0.0,0.0258089825338985,-0.0825308121801025
PRIMARY,STAGE_ENTRY_RUSH,21,ERA_2022_2024,SCATTER,CALM,11,10,7,0.0245860900589649,0.9090909090909091,0.0734823173803131,-0.0239712709435889
PRIMARY,STAGE_ENTRY_RUSH,21,ERA_2022_2024,SCATTER,DRIFT,3,3,1,0.018792843422589,0.6666666666666666,0.0461093093829128,-0.0494184262195701
PRIMARY,STAGE_ENTRY_RUSH,21,ERA_2022_2024,SCATTER,RUSH,5,5,3,0.1316785880247668,0.6,0.134237732749987,-0.0922312439640071
PRIMARY,STAGE_ENTRY_RUSH,21,ERA_2022_2024,SCATTER,SCATTER,10,5,8,0.01146653676644845,0.6,0.05172989565231695,-0.05582852025996255
PRIMARY,STAGE_ENTRY_RUSH,21,ERA_2025_2026,CALM,CALM,32,20,23,0.01166517676308015,0.5625,0.0716552217618288,-0.0491537478589887
PRIMARY,STAGE_ENTRY_RUSH,21,ERA_2025_2026,CALM,DRIFT,30,26,19,0.021253078985445,0.6666666666666666,0.0705121339877394,-0.03243925837457535
PRIMARY,STAGE_ENTRY_RUSH,21,ERA_2025_2026,CALM,RUSH,9,9,6,-0.0311056383243146,0.3333333333333333,0.0498063867367619,-0.0616303005460692
PRIMARY,STAGE_ENTRY_RUSH,21,ERA_2025_2026,CALM,SCATTER,6,6,6,0.07344363797263326,0.8333333333333334,0.09281192928282839,-0.023723757775684348
PRIMARY,STAGE_ENTRY_RUSH,21,ERA_2025_2026,DRIFT,RUSH,3,3,2,-0.0100419319008197,0.0,0.0423286687179749,-0.0338120768155325
PRIMARY,STAGE_ENTRY_RUSH,21,ERA_2025_2026,SCATTER,CALM,5,5,2,0.0131673409735448,0.6,0.0488484965054911,-0.0592220137482409
PRIMARY,STAGE_ENTRY_RUSH,21,ERA_2025_2026,SCATTER,DRIFT,2,2,2,0.06052763368889105,1.0,0.08077375266803474,-0.05557189457470994
PRIMARY,STAGE_ENTRY_RUSH,21,ERA_2025_2026,SCATTER,RUSH,1,1,1,-0.0290011481852724,0.0,0.0213027966877243,-0.0852114383382685
PRIMARY,STAGE_ENTRY_RUSH,40,ERA_2013_2015,CALM,CALM,30,22,23,0.0214923753228284,0.6,0.045917417902781504,-0.05086579672416695
PRIMARY,STAGE_ENTRY_RUSH,40,ERA_2013_2015,CALM,DRIFT,50,28,26,0.0121308218534198,0.62,0.05693599176311595,-0.04431084444884835
PRIMARY,STAGE_ENTRY_RUSH,40,ERA_2013_2015,CALM,RUSH,7,6,5,-0.0537384994847505,0.0,0.019468421394821,-0.0699529222078341
PRIMARY,STAGE_ENTRY_RUSH,40,ERA_2013_2015,CALM,SCATTER,2,2,2,-0.023733691263839802,0.5,0.0787824745184462,-0.08749896815969191
PRIMARY,STAGE_ENTRY_RUSH,40,ERA_2013_2015,SCATTER,CALM,18,15,16,0.0630246625484295,0.7222222222222222,0.07525355078340555,-0.030297145509372597
PRIMARY,STAGE_ENTRY_RUSH,40,ERA_2013_2015,SCATTER,DRIFT,7,7,4,-0.0136226141652516,0.42857142857142855,0.0187997687196463,-0.0676827902071693
PRIMARY,STAGE_ENTRY_RUSH,40,ERA_2013_2015,SCATTER,RUSH,1,1,1,0.0955114956218883,1.0,0.1206001785654309,-0.000897316986024
PRIMARY,STAGE_ENTRY_RUSH,40,ERA_2013_2015,SCATTER,SCATTER,8,7,7,0.02380790133554065,0.625,0.04665112314012175,-0.03841423001009525
PRIMARY,STAGE_ENTRY_RUSH,40,ERA_2016_2018,CALM,CALM,35,22,24,0.0326654689203445,0.6285714285714286,0.0605093371898226,-0.0297310305811475
PRIMARY,STAGE_ENTRY_RUSH,40,ERA_2016_2018,CALM,DRIFT,53,34,31,0.0110482609071309,0.5660377358490566,0.0556820737295562,-0.0443779070107506
PRIMARY,STAGE_ENTRY_RUSH,40,ERA_2016_2018,CALM,RUSH,11,9,8,0.0669468698854933,0.7272727272727273,0.0926294719911318,-0.0356201694661518
PRIMARY,STAGE_ENTRY_RUSH,40,ERA_2016_2018,CALM,SCATTER,6,6,6,0.0069680687191139,0.5,0.04129461059837075,-0.03433528391268735
PRIMARY,STAGE_ENTRY_RUSH,40,ERA_2016_2018,DRIFT,CALM,10,10,8,0.0646350737915737,0.8,0.07575810293960064,-0.020225706826553
PRIMARY,STAGE_ENTRY_RUSH,40,ERA_2016_2018,DRIFT,DRIFT,58,33,31,0.04044451857349235,0.7758620689655172,0.0766600902431551,-0.035920479383816845
PRIMARY,STAGE_ENTRY_RUSH,40,ERA_2016_2018,DRIFT,RUSH,24,20,13,0.0086563001091752,0.5416666666666666,0.04084492160015114,-0.05966380837558265
PRIMARY,STAGE_ENTRY_RUSH,40,ERA_2016_2018,DRIFT,SCATTER,2,2,2,0.01487299740866705,0.5,0.03835993139290955,-0.01958312667214535
PRIMARY,STAGE_ENTRY_RUSH,40,ERA_2016_2018,SCATTER,CALM,8,6,7,0.02280735134378715,0.5,0.0728874162702868,-0.03032363314224755
PRIMARY,STAGE_ENTRY_RUSH,40,ERA_2016_2018,SCATTER,DRIFT,3,3,3,-0.0024996985081269,0.3333333333333333,0.0380684590809896,-0.0629543695692813
PRIMARY,STAGE_ENTRY_RUSH,40,ERA_2016_2018,SCATTER,RUSH,2,2,1,0.0249111530815683,1.0,0.0401089862579494,-0.02752774859062925
PRIMARY,STAGE_ENTRY_RUSH,40,ERA_2016_2018,SCATTER,SCATTER,2,2,2,0.05796968856378,1.0,0.08262572373958696,-0.0838681457939801
PRIMARY,STAGE_ENTRY_RUSH,40,ERA_2019_2021,CALM,CALM,43,25,30,0.0343591549427884,0.6511627906976745,0.0675234464331562,-0.0509380667167311
PRIMARY,STAGE_ENTRY_RUSH,40,ERA_2019_2021,CALM,DRIFT,59,34,32,0.0189598717053822,0.5932203389830508,0.0595497005719436,-0.0560273768679943
PRIMARY,STAGE_ENTRY_RUSH,40,ERA_2019_2021,CALM,RUSH,8,7,7,-0.0076861899633001995,0.375,0.07915445812146746,-0.0207605248649537
PRIMARY,STAGE_ENTRY_RUSH,40,ERA_2019_2021,CALM,SCATTER,4,3,4,0.07668633207152681,1.0,0.09533578522702474,-0.02216626784132745
PRIMARY,STAGE_ENTRY_RUSH,40,ERA_2019_2021,DRIFT,CALM,19,14,14,-0.0095741804753759,0.47368421052631576,0.0504118654660898,-0.0532134076664627
PRIMARY,STAGE_ENTRY_RUSH,40,ERA_2019_2021,DRIFT,DRIFT,46,28,26,0.014623794616649151,0.5434782608695652,0.0509725548253007,-0.07410612961718975
PRIMARY,STAGE_ENTRY_RUSH,40,ERA_2019_2021,DRIFT,RUSH,9,8,8,0.0067027827878123,0.5555555555555556,0.0542088134014246,-0.1146183810077736
PRIMARY,STAGE_ENTRY_RUSH,40,ERA_2019_2021,RUSH,CALM,1,1,1,0.0053377713453908,1.0,0.0523127915280976,-0.015569430819612
PRIMARY,STAGE_ENTRY_RUSH,40,ERA_2019_2021,SCATTER,CALM,8,8,4,0.0878642763580249,0.875,0.14731978738246226,-0.039449654445108395
PRIMARY,STAGE_ENTRY_RUSH,40,ERA_2019_2021,SCATTER,DRIFT,3,3,2,0.063118118699307,1.0,0.0866468590576565,-0.0066528367611072
PRIMARY,STAGE_ENTRY_RUSH,40,ERA_2019_2021,SCATTER,SCATTER,2,2,2,0.5246029092613682,1.0,0.6925315673453856,-0.17227269455347868
PRIMARY,STAGE_ENTRY_RUSH,40,ERA_2022_2024,CALM,CALM,47,29,28,0.0128385896781926,0.574468085106383,0.0575269401597482,-0.0588936123253038
PRIMARY,STAGE_ENTRY_RUSH,40,ERA_2022_2024,CALM,DRIFT,35,23,22,0.0208879949593649,0.6571428571428571,0.0813406777944789,-0.048400978466449
PRIMARY,STAGE_ENTRY_RUSH,40,ERA_2022_2024,CALM,RUSH,1,1,1,0.2931188608274047,1.0,0.3272539453514633,-0.014012057846877
PRIMARY,STAGE_ENTRY_RUSH,40,ERA_2022_2024,CALM,SCATTER,3,2,3,0.0307532159590278,0.6666666666666666,0.036170370307236,-0.0626722625921554
PRIMARY,STAGE_ENTRY_RUSH,40,ERA_2022_2024,DRIFT,CALM,8,7,6,-0.02038179503347375,0.375,0.042287987507702546,-0.08375675986429884
PRIMARY,STAGE_ENTRY_RUSH,40,ERA_2022_2024,DRIFT,DRIFT,34,30,22,0.027769248651232252,0.6764705882352942,0.0711439709813254,-0.05322176382960615
PRIMARY,STAGE_ENTRY_RUSH,40,ERA_2022_2024,DRIFT,RUSH,11,8,9,0.064990033951477,0.9090909090909091,0.086904306869908,-0.0357066307484564
PRIMARY,STAGE_ENTRY_RUSH,40,ERA_2022_2024,DRIFT,SCATTER,1,1,1,-0.1197519301834952,0.0,0.0258089825338985,-0.1382923938394438
PRIMARY,STAGE_ENTRY_RUSH,40,ERA_2022_2024,SCATTER,CALM,11,10,7,0.0819960145861991,0.8181818181818182,0.1321195703485713,-0.0367777665924656
PRIMARY,STAGE_ENTRY_RUSH,40,ERA_2022_2024,SCATTER,DRIFT,3,3,1,0.1248920565499478,1.0,0.130066353183879,-0.0494184262195701
PRIMARY,STAGE_ENTRY_RUSH,40,ERA_2022_2024,SCATTER,RUSH,5,5,3,-0.197833683493067,0.2,0.1511451419810521,-0.2257467807670952
PRIMARY,STAGE_ENTRY_RUSH,40,ERA_2022_2024,SCATTER,SCATTER,10,5,8,-0.0083112464233282,0.5,0.07512327925279036,-0.0858155986980925
PRIMARY,STAGE_ENTRY_RUSH,40,ERA_2025_2026,CALM,CALM,30,19,21,0.03343546467839205,0.6,0.0754074743320598,-0.0606913955481798
PRIMARY,STAGE_ENTRY_RUSH,40,ERA_2025_2026,CALM,DRIFT,30,26,19,0.01879980830743355,0.5333333333333333,0.09368292780966095,-0.0392533097885851
PRIMARY,STAGE_ENTRY_RUSH,40,ERA_2025_2026,CALM,RUSH,9,9,6,-0.0334445461429109,0.3333333333333333,0.0498063867367619,-0.1200700606194754
PRIMARY,STAGE_ENTRY_RUSH,40,ERA_2025_2026,CALM,SCATTER,5,5,5,0.1338484546656591,0.6,0.150753354337142,-0.0257368086635739
PRIMARY,STAGE_ENTRY_RUSH,40,ERA_2025_2026,DRIFT,RUSH,3,3,2,-0.0284484257646974,0.0,0.0423286687179749,-0.0746059067728996
PRIMARY,STAGE_ENTRY_RUSH,40,ERA_2025_2026,SCATTER,CALM,5,5,2,-0.0091269912130163,0.4,0.0505604935382566,-0.0592220137482409
PRIMARY,STAGE_ENTRY_RUSH,40,ERA_2025_2026,SCATTER,DRIFT,2,2,2,0.057056154587983195,0.5,0.09029933920017624,-0.05557189457470994
PRIMARY,STAGE_ENTRY_RUSH,40,ERA_2025_2026,SCATTER,RUSH,1,1,1,-0.0421977787025071,0.0,0.0213027966877243,-0.0852114383382685
PRIMARY,STAGE_ENTRY_RUSH,60,ERA_2013_2015,CALM,CALM,30,22,23,0.0123023209661844,0.5666666666666667,0.061085913236583245,-0.05450046953367185
PRIMARY,STAGE_ENTRY_RUSH,60,ERA_2013_2015,CALM,DRIFT,50,28,26,0.05357956360410075,0.74,0.0803185674798073,-0.0491801723156388
PRIMARY,STAGE_ENTRY_RUSH,60,ERA_2013_2015,CALM,RUSH,7,6,5,-0.070696864782999,0.14285714285714285,0.019468421394821,-0.1133795328901023
PRIMARY,STAGE_ENTRY_RUSH,60,ERA_2013_2015,CALM,SCATTER,2,2,2,0.019447301235739952,0.5,0.0891950204074998,-0.08749896815969191
PRIMARY,STAGE_ENTRY_RUSH,60,ERA_2013_2015,SCATTER,CALM,18,15,16,0.09155020612883491,0.8333333333333334,0.1141353228973479,-0.030297145509372597
PRIMARY,STAGE_ENTRY_RUSH,60,ERA_2013_2015,SCATTER,DRIFT,7,7,4,0.0305424524498281,0.7142857142857143,0.0528864452144097,-0.0676827902071693
PRIMARY,STAGE_ENTRY_RUSH,60,ERA_2013_2015,SCATTER,RUSH,1,1,1,0.0488628526416352,1.0,0.1358551319572458,-0.000897316986024
PRIMARY,STAGE_ENTRY_RUSH,60,ERA_2013_2015,SCATTER,SCATTER,8,7,7,0.0236701636176963,0.75,0.052754989278616604,-0.03841423001009525
PRIMARY,STAGE_ENTRY_RUSH,60,ERA_2016_2018,CALM,CALM,35,22,24,0.0362160932706301,0.6571428571428571,0.096546568549922,-0.0297310305811475
PRIMARY,STAGE_ENTRY_RUSH,60,ERA_2016_2018,CALM,DRIFT,53,34,31,0.04687674391289,0.6792452830188679,0.0762750906200488,-0.058380566393826
PRIMARY,STAGE_ENTRY_RUSH,60,ERA_2016_2018,CALM,RUSH,11,9,8,0.083691573677217,0.7272727272727273,0.0996002268059712,-0.0356201694661518
PRIMARY,STAGE_ENTRY_RUSH,60,ERA_2016_2018,CALM,SCATTER,6,6,6,0.0342209004603756,0.6666666666666666,0.052449833649730854,-0.036537090898326754
PRIMARY,STAGE_ENTRY_RUSH,60,ERA_2016_2018,DRIFT,CALM,10,10,8,0.03595392546800815,0.7,0.09252498070336149,-0.020225706826553
PRIMARY,STAGE_ENTRY_RUSH,60,ERA_2016_2018,DRIFT,DRIFT,58,33,31,0.0489635323226732,0.6724137931034483,0.0999804068629345,-0.04192828629467355
PRIMARY,STAGE_ENTRY_RUSH,60,ERA_2016_2018,DRIFT,RUSH,24,20,13,0.0381713428873247,0.6666666666666666,0.08934866912468514,-0.05966380837558265
PRIMARY,STAGE_ENTRY_RUSH,60,ERA_2016_2018,DRIFT,SCATTER,2,2,2,0.08046289028648675,1.0,0.0836194937768565,-0.01958312667214535
PRIMARY,STAGE_ENTRY_RUSH,60,ERA_2016_2018,SCATTER,CALM,8,6,7,0.036500397685815,0.625,0.0728874162702868,-0.03032363314224755
PRIMARY,STAGE_ENTRY_RUSH,60,ERA_2016_2018,SCATTER,DRIFT,3,3,3,0.0280349172422718,0.6666666666666666,0.0380684590809896,-0.0629543695692813
PRIMARY,STAGE_ENTRY_RUSH,60,ERA_2016_2018,SCATTER,RUSH,2,2,1,0.04322501450731135,1.0,0.05371521518839435,-0.02752774859062925
PRIMARY,STAGE_ENTRY_RUSH,60,ERA_2016_2018,SCATTER,SCATTER,2,2,2,0.2094674818170767,1.0,0.2388972957153318,-0.0838681457939801
PRIMARY,STAGE_ENTRY_RUSH,60,ERA_2019_2021,CALM,CALM,43,25,30,0.0053453295795864,0.5116279069767442,0.086017514343698,-0.0749838015602789
PRIMARY,STAGE_ENTRY_RUSH,60,ERA_2019_2021,CALM,DRIFT,59,34,32,0.0346645882336631,0.576271186440678,0.0773754643871607,-0.0624748072948739
PRIMARY,STAGE_ENTRY_RUSH,60,ERA_2019_2021,CALM,RUSH,8,7,7,0.07169865457109845,0.875,0.0975323392931412,-0.0207605248649537
PRIMARY,STAGE_ENTRY_RUSH,60,ERA_2019_2021,CALM,SCATTER,4,3,4,0.108849016966096,1.0,0.1375196448657858,-0.02216626784132745
PRIMARY,STAGE_ENTRY_RUSH,60,ERA_2019_2021,DRIFT,CALM,19,14,14,0.0582148156111475,0.5789473684210527,0.1111752613901619,-0.0532134076664627
PRIMARY,STAGE_ENTRY_RUSH,60,ERA_2019_2021,DRIFT,DRIFT,46,28,26,0.00951960589391515,0.5869565217391305,0.06656107057774525,-0.08155810194009849
PRIMARY,STAGE_ENTRY_RUSH,60,ERA_2019_2021,DRIFT,RUSH,9,8,8,-0.000792447967276,0.4444444444444444,0.0542088134014246,-0.1200377632163542
PRIMARY,STAGE_ENTRY_RUSH,60,ERA_2019_2021,RUSH,CALM,1,1,1,0.0611655902447285,1.0,0.0675527637724864,-0.015569430819612
PRIMARY,STAGE_ENTRY_RUSH,60,ERA_2019_2021,SCATTER,CALM,8,8,4,0.12251390843567855,0.75,0.20135236084192681,-0.0501501239993241
PRIMARY,STAGE_ENTRY_RUSH,60,ERA_2019_2021,SCATTER,DRIFT,3,3,2,0.0909807226083614,1.0,0.1021258905721556,-0.0066528367611072
PRIMARY,STAGE_ENTRY_RUSH,60,ERA_2019_2021,SCATTER,SCATTER,2,2,2,0.7584762501563986,1.0,0.9319761385960635,-0.17227269455347868
PRIMARY,STAGE_ENTRY_RUSH,60,ERA_2022_2024,CALM,CALM,47,29,28,0.0182067217709422,0.574468085106383,0.098726934291581,-0.066457458320956
PRIMARY,STAGE_ENTRY_RUSH,60,ERA_2022_2024,CALM,DRIFT,35,23,22,0.0636665100097242,0.6571428571428571,0.0964199030809254,-0.0550771416236557
PRIMARY,STAGE_ENTRY_RUSH,60,ERA_2022_2024,CALM,RUSH,1,1,1,0.1605939595597882,1.0,0.3272539453514633,-0.014012057846877
PRIMARY,STAGE_ENTRY_RUSH,60,ERA_2022_2024,CALM,SCATTER,3,2,3,0.0308308662647374,0.6666666666666666,0.0570896636752291,-0.0626722625921554
PRIMARY,STAGE_ENTRY_RUSH,60,ERA_2022_2024,DRIFT,CALM,8,7,6,-0.037761053555527155,0.375,0.056804600963933805,-0.11695362771195245
PRIMARY,STAGE_ENTRY_RUSH,60,ERA_2022_2024,DRIFT,DRIFT,34,30,22,0.02560833342701935,0.6470588235294118,0.10901836568379035,-0.0605447414632335
PRIMARY,STAGE_ENTRY_RUSH,60,ERA_2022_2024,DRIFT,RUSH,11,8,9,0.1328104862756147,0.9090909090909091,0.1554913116732859,-0.0357066307484564
PRIMARY,STAGE_ENTRY_RUSH,60,ERA_2022_2024,DRIFT,SCATTER,1,1,1,-0.0919881936538321,0.0,0.0258089825338985,-0.1518231837965803
PRIMARY,STAGE_ENTRY_RUSH,60,ERA_2022_2024,SCATTER,CALM,11,10,7,0.1501419853753642,0.9090909090909091,0.1916336277882693,-0.038442765606074
PRIMARY,STAGE_ENTRY_RUSH,60,ERA_2022_2024,SCATTER,DRIFT,3,3,1,0.3479517094176418,1.0,0.3703795278953712,-0.0494184262195701
PRIMARY,STAGE_ENTRY_RUSH,60,ERA_2022_2024,SCATTER,RUSH,5,5,3,-0.1210246205625522,0.2,0.1851019647533398,-0.2463450617331418
PRIMARY,STAGE_ENTRY_RUSH,60,ERA_2022_2024,SCATTER,SCATTER,10,5,8,0.012148441265141,0.6,0.0934394749590696,-0.0909121857982341
PRIMARY,STAGE_ENTRY_RUSH,60,ERA_2025_2026,CALM,CALM,30,19,21,0.05588826607975665,0.6,0.10309871037549351,-0.0639317239996555
PRIMARY,STAGE_ENTRY_RUSH,60,ERA_2025_2026,CALM,DRIFT,29,26,18,0.0161533685669075,0.5172413793103449,0.1001408091763775,-0.0768130472428989
PRIMARY,STAGE_ENTRY_RUSH,60,ERA_2025_2026,CALM,RUSH,7,7,5,-0.0737420434648227,0.42857142857142855,0.0961666196939332,-0.1429227333123776
PRIMARY,STAGE_ENTRY_RUSH,60,ERA_2025_2026,CALM,SCATTER,5,5,5,0.1356479062278095,0.6,0.2042276571539838,-0.0257368086635739
PRIMARY,STAGE_ENTRY_RUSH,60,ERA_2025_2026,DRIFT,RUSH,3,3,2,0.0044442928341343,0.6666666666666666,0.0423286687179749,-0.0746059067728996
PRIMARY,STAGE_ENTRY_RUSH,60,ERA_2025_2026,SCATTER,CALM,5,5,2,-0.0463189265852345,0.4,0.0536921348929195,-0.0654126447743745
PRIMARY,STAGE_ENTRY_RUSH,60,ERA_2025_2026,SCATTER,DRIFT,2,2,2,0.0637085856062519,1.0,0.10109372784800615,-0.05557189457470994
PRIMARY,STAGE_ENTRY_RUSH,60,ERA_2025_2026,SCATTER,RUSH,1,1,1,-0.0223611522749266,0.0,0.0213027966877243,-0.0852114383382685
PRIMARY,STAGE_ENTRY_RUSH,63,ERA_2013_2015,CALM,CALM,30,22,23,0.024492476124063002,0.6333333333333333,0.06316574050308921,-0.05450046953367185
PRIMARY,STAGE_ENTRY_RUSH,63,ERA_2013_2015,CALM,DRIFT,50,28,26,0.04072151956371345,0.74,0.08617843096182815,-0.0491801723156388
PRIMARY,STAGE_ENTRY_RUSH,63,ERA_2013_2015,CALM,RUSH,7,6,5,-0.0548836996893915,0.14285714285714285,0.019468421394821,-0.1133795328901023
PRIMARY,STAGE_ENTRY_RUSH,63,ERA_2013_2015,CALM,SCATTER,2,2,2,0.0517821252600012,1.0,0.09161814383663275,-0.0881518690195982
PRIMARY,STAGE_ENTRY_RUSH,63,ERA_2013_2015,SCATTER,CALM,18,15,16,0.09615973596353,0.6666666666666666,0.1319660395412526,-0.030297145509372597
PRIMARY,STAGE_ENTRY_RUSH,63,ERA_2013_2015,SCATTER,DRIFT,7,7,4,0.0339646316962514,0.7142857142857143,0.0528864452144097,-0.0676827902071693
PRIMARY,STAGE_ENTRY_RUSH,63,ERA_2013_2015,SCATTER,RUSH,1,1,1,0.0514712213395014,1.0,0.1358551319572458,-0.000897316986024
PRIMARY,STAGE_ENTRY_RUSH,63,ERA_2013_2015,SCATTER,SCATTER,8,7,7,0.0209328160230688,0.625,0.052754989278616604,-0.049484812854511354
PRIMARY,STAGE_ENTRY_RUSH,63,ERA_2016_2018,CALM,CALM,35,22,24,0.026854521813171,0.6,0.096546568549922,-0.0333335616761463
PRIMARY,STAGE_ENTRY_RUSH,63,ERA_2016_2018,CALM,DRIFT,53,34,31,0.0516021226067604,0.6981132075471698,0.0763137681328982,-0.058380566393826
PRIMARY,STAGE_ENTRY_RUSH,63,ERA_2016_2018,CALM,RUSH,11,9,8,0.0727645941126562,0.8181818181818182,0.0996002268059712,-0.0356201694661518
PRIMARY,STAGE_ENTRY_RUSH,63,ERA_2016_2018,CALM,SCATTER,6,6,6,0.0256281733262365,0.6666666666666666,0.052449833649730854,-0.036537090898326754
PRIMARY,STAGE_ENTRY_RUSH,63,ERA_2016_2018,DRIFT,CALM,10,10,8,0.05235014805601375,0.7,0.09252498070336149,-0.020225706826553
PRIMARY,STAGE_ENTRY_RUSH,63,ERA_2016_2018,DRIFT,DRIFT,58,33,31,0.046740740590656304,0.6896551724137931,0.10445199584665049,-0.04192828629467355
PRIMARY,STAGE_ENTRY_RUSH,63,ERA_2016_2018,DRIFT,RUSH,24,20,13,0.0460774811652557,0.625,0.08934866912468514,-0.07138298155621606
PRIMARY,STAGE_ENTRY_RUSH,63,ERA_2016_2018,DRIFT,SCATTER,2,2,2,0.07993806092400796,1.0,0.0852646716387595,-0.01958312667214535
PRIMARY,STAGE_ENTRY_RUSH,63,ERA_2016_2018,SCATTER,CALM,8,6,7,0.02741377152242215,0.625,0.0728874162702868,-0.03032363314224755
PRIMARY,STAGE_ENTRY_RUSH,63,ERA_2016_2018,SCATTER,DRIFT,3,3,3,0.0284943567572459,0.6666666666666666,0.0380684590809896,-0.0629543695692813
PRIMARY,STAGE_ENTRY_RUSH,63,ERA_2016_2018,SCATTER,RUSH,2,2,1,0.06311292439178245,1.0,0.06986613724366325,-0.02752774859062925
PRIMARY,STAGE_ENTRY_RUSH,63,ERA_2016_2018,SCATTER,SCATTER,2,2,2,0.20157640988797187,1.0,0.24075769686634524,-0.0838681457939801
PRIMARY,STAGE_ENTRY_RUSH,63,ERA_2019_2021,CALM,CALM,43,25,30,0.0028080383051005,0.5116279069767442,0.086017514343698,-0.0758451408492165
PRIMARY,STAGE_ENTRY_RUSH,63,ERA_2019_2021,CALM,DRIFT,59,34,32,0.0361075913927706,0.6101694915254238,0.0802760998573255,-0.0698208583706802
PRIMARY,STAGE_ENTRY_RUSH,63,ERA_2019_2021,CALM,RUSH,8,7,7,0.0861158418879073,0.875,0.10860501867330305,-0.0207605248649537
PRIMARY,STAGE_ENTRY_RUSH,63,ERA_2019_2021,CALM,SCATTER,4,3,4,0.1144723717129314,1.0,0.13993002246555486,-0.02216626784132745
PRIMARY,STAGE_ENTRY_RUSH,63,ERA_2019_2021,DRIFT,CALM,19,14,14,0.0510477084711473,0.6842105263157895,0.1318419698837236,-0.0532134076664627
PRIMARY,STAGE_ENTRY_RUSH,63,ERA_2019_2021,DRIFT,DRIFT,46,28,26,0.01531416255307445,0.5652173913043478,0.07786125298537436,-0.08537242779771981
PRIMARY,STAGE_ENTRY_RUSH,63,ERA_2019_2021,DRIFT,RUSH,9,8,8,0.0037961271665007,0.5555555555555556,0.0542088134014246,-0.1200377632163542
PRIMARY,STAGE_ENTRY_RUSH,63,ERA_2019_2021,RUSH,CALM,1,1,1,0.0462322807479889,1.0,0.0718708039352691,-0.015569430819612
PRIMARY,STAGE_ENTRY_RUSH,63,ERA_2019_2021,SCATTER,CALM,8,8,4,0.0946851993704941,0.75,0.20135236084192681,-0.0501501239993241
PRIMARY,STAGE_ENTRY_RUSH,63,ERA_2019_2021,SCATTER,DRIFT,3,3,2,0.1015066321020159,1.0,0.1025385694369274,-0.0066528367611072
PRIMARY,STAGE_ENTRY_RUSH,63,ERA_2019_2021,SCATTER,SCATTER,2,2,2,0.8545844414294447,1.0,1.0290623165019115,-0.17227269455347868
PRIMARY,STAGE_ENTRY_RUSH,63,ERA_2022_2024,CALM,CALM,47,29,28,0.0254625673782695,0.574468085106383,0.098726934291581,-0.066457458320956
PRIMARY,STAGE_ENTRY_RUSH,63,ERA_2022_2024,CALM,DRIFT,35,23,22,0.0622395613052955,0.6571428571428571,0.1056887118840261,-0.0550771416236557
PRIMARY,STAGE_ENTRY_RUSH,63,ERA_2022_2024,CALM,RUSH,1,1,1,0.2205456086374382,1.0,0.3272539453514633,-0.014012057846877
PRIMARY,STAGE_ENTRY_RUSH,63,ERA_2022_2024,CALM,SCATTER,3,2,3,0.0486869076461038,0.6666666666666666,0.0570896636752291,-0.0626722625921554
PRIMARY,STAGE_ENTRY_RUSH,63,ERA_2022_2024,DRIFT,CALM,8,7,6,-0.06432807876581695,0.25,0.056804600963933805,-0.1257070285092092
PRIMARY,STAGE_ENTRY_RUSH,63,ERA_2022_2024,DRIFT,DRIFT,34,30,22,0.0292536993690415,0.6470588235294118,0.11451464795533026,-0.0605447414632335
PRIMARY,STAGE_ENTRY_RUSH,63,ERA_2022_2024,DRIFT,RUSH,11,8,9,0.130883021532957,0.8181818181818182,0.1585887284171199,-0.0357066307484564
PRIMARY,STAGE_ENTRY_RUSH,63,ERA_2022_2024,DRIFT,SCATTER,1,1,1,-0.0912391454976607,0.0,0.0258089825338985,-0.1518231837965803
PRIMARY,STAGE_ENTRY_RUSH,63,ERA_2022_2024,SCATTER,CALM,11,10,7,0.1118572432311064,0.9090909090909091,0.1916336277882693,-0.038442765606074
PRIMARY,STAGE_ENTRY_RUSH,63,ERA_2022_2024,SCATTER,DRIFT,3,3,1,0.3235150627442602,1.0,0.3703795278953712,-0.0494184262195701
PRIMARY,STAGE_ENTRY_RUSH,63,ERA_2022_2024,SCATTER,RUSH,5,5,3,-0.0987904202454335,0.2,0.1851019647533398,-0.2463450617331418
PRIMARY,STAGE_ENTRY_RUSH,63,ERA_2022_2024,SCATTER,SCATTER,10,5,8,-0.0014747434916863502,0.5,0.10831192169409626,-0.0909121857982341
PRIMARY,STAGE_ENTRY_RUSH,63,ERA_2025_2026,CALM,CALM,30,19,21,0.0379828501996557,0.6,0.1031257422019814,-0.0639317239996555
PRIMARY,STAGE_ENTRY_RUSH,63,ERA_2025_2026,CALM,DRIFT,29,26,18,0.0010257755515465,0.5172413793103449,0.1001408091763775,-0.0768130472428989
PRIMARY,STAGE_ENTRY_RUSH,63,ERA_2025_2026,CALM,RUSH,7,7,5,-0.0497995871826675,0.42857142857142855,0.0961666196939332,-0.1429227333123776
PRIMARY,STAGE_ENTRY_RUSH,63,ERA_2025_2026,CALM,SCATTER,5,5,5,0.1402906867224689,0.8,0.2042276571539838,-0.0257368086635739
PRIMARY,STAGE_ENTRY_RUSH,63,ERA_2025_2026,DRIFT,RUSH,3,3,2,0.0036762581407412,0.6666666666666666,0.0423286687179749,-0.0746059067728996
PRIMARY,STAGE_ENTRY_RUSH,63,ERA_2025_2026,SCATTER,CALM,5,5,2,-0.0383182592213693,0.2,0.0536921348929195,-0.0758125372411512
PRIMARY,STAGE_ENTRY_RUSH,63,ERA_2025_2026,SCATTER,DRIFT,2,2,2,0.05109993391010855,1.0,0.10109372784800615,-0.05557189457470994
PRIMARY,STAGE_ENTRY_RUSH,63,ERA_2025_2026,SCATTER,RUSH,1,1,1,-0.0054295185820768,0.0,0.0213027966877243,-0.0852114383382685
PRIMARY,STAGE_ENTRY_RUSH,126,ERA_2013_2015,CALM,CALM,30,22,23,0.030354506909742902,0.5666666666666667,0.1027127163405483,-0.1022122748687916
PRIMARY,STAGE_ENTRY_RUSH,126,ERA_2013_2015,CALM,DRIFT,50,28,26,0.07019095163366015,0.78,0.1279363455322859,-0.06315547076234429
PRIMARY,STAGE_ENTRY_RUSH,126,ERA_2013_2015,CALM,RUSH,7,6,5,-0.098980171758525,0.14285714285714285,0.0240613377550913,-0.137410007331039
PRIMARY,STAGE_ENTRY_RUSH,126,ERA_2013_2015,CALM,SCATTER,2,2,2,-0.09516943935463981,0.5,0.17739481289865083,-0.17785351941953786
PRIMARY,STAGE_ENTRY_RUSH,126,ERA_2013_2015,SCATTER,CALM,18,15,16,0.0628283434001113,0.6666666666666666,0.1601987713852889,-0.0515414558117805
PRIMARY,STAGE_ENTRY_RUSH,126,ERA_2013_2015,SCATTER,DRIFT,7,7,4,-0.0827325363486159,0.2857142857142857,0.0966878019151531,-0.136384327903824
PRIMARY,STAGE_ENTRY_RUSH,126,ERA_2013_2015,SCATTER,RUSH,1,1,1,-0.0733973216642008,0.0,0.1358551319572458,-0.1628303698181715
PRIMARY,STAGE_ENTRY_RUSH,126,ERA_2013_2015,SCATTER,SCATTER,8,7,7,0.03696431913429895,0.625,0.09495362044198045,-0.0932184771117733
PRIMARY,STAGE_ENTRY_RUSH,126,ERA_2016_2018,CALM,CALM,35,22,24,0.0533839841666234,0.6285714285714286,0.1263882715576114,-0.0932304008957141
PRIMARY,STAGE_ENTRY_RUSH,126,ERA_2016_2018,CALM,DRIFT,53,34,31,0.0238292982434906,0.6037735849056604,0.1322190669671132,-0.0745252572012842
PRIMARY,STAGE_ENTRY_RUSH,126,ERA_2016_2018,CALM,RUSH,11,9,8,0.0324508390588469,0.6363636363636364,0.1206270389437662,-0.0416731956571859
PRIMARY,STAGE_ENTRY_RUSH,126,ERA_2016_2018,CALM,SCATTER,6,6,6,0.07231806753190315,0.6666666666666666,0.12034227340422371,-0.057031256678013446
PRIMARY,STAGE_ENTRY_RUSH,126,ERA_2016_2018,DRIFT,CALM,10,10,8,0.0346472624827589,0.6,0.15788911590069632,-0.028486367446621003
PRIMARY,STAGE_ENTRY_RUSH,126,ERA_2016_2018,DRIFT,DRIFT,58,33,31,0.121159415458267,0.8275862068965517,0.1673990030222656,-0.052020636711504545
PRIMARY,STAGE_ENTRY_RUSH,126,ERA_2016_2018,DRIFT,RUSH,24,20,13,0.125879069827265,0.7083333333333334,0.1732330663005623,-0.0745376071509844
PRIMARY,STAGE_ENTRY_RUSH,126,ERA_2016_2018,DRIFT,SCATTER,2,2,2,0.22869549784260162,1.0,0.2327740318607315,-0.01958312667214535
PRIMARY,STAGE_ENTRY_RUSH,126,ERA_2016_2018,SCATTER,CALM,8,6,7,0.0814461065348892,0.875,0.08626596092058435,-0.030339841083420402
PRIMARY,STAGE_ENTRY_RUSH,126,ERA_2016_2018,SCATTER,DRIFT,3,3,3,0.012334635563312,0.6666666666666666,0.0526080164664333,-0.0629543695692813
PRIMARY,STAGE_ENTRY_RUSH,126,ERA_2016_2018,SCATTER,RUSH,2,2,1,0.037755705629953645,1.0,0.13776914396570816,-0.02752774859062925
PRIMARY,STAGE_ENTRY_RUSH,126,ERA_2016_2018,SCATTER,SCATTER,2,2,2,0.4235425080501224,1.0,0.46456734234673347,-0.0838681457939801
PRIMARY,STAGE_ENTRY_RUSH,126,ERA_2019_2021,CALM,CALM,43,25,30,0.0110208792361501,0.5116279069767442,0.1178664617694973,-0.1138456951096752
PRIMARY,STAGE_ENTRY_RUSH,126,ERA_2019_2021,CALM,DRIFT,59,34,32,0.0193632682555724,0.559322033898305,0.1149038666156374,-0.1206297294078159
PRIMARY,STAGE_ENTRY_RUSH,126,ERA_2019_2021,CALM,RUSH,8,7,7,0.15967209862660864,0.75,0.19247416969098774,-0.043922139465664506
PRIMARY,STAGE_ENTRY_RUSH,126,ERA_2019_2021,CALM,SCATTER,4,3,4,0.11418695594083915,0.75,0.17832069030426856,-0.02216626784132745
PRIMARY,STAGE_ENTRY_RUSH,126,ERA_2019_2021,DRIFT,CALM,19,14,14,0.0893956165653144,0.7894736842105263,0.1910503645922392,-0.0551889262616975
PRIMARY,STAGE_ENTRY_RUSH,126,ERA_2019_2021,DRIFT,DRIFT,46,28,26,0.08051201015298931,0.6956521739130435,0.12556173743223706,-0.09697433378588324
PRIMARY,STAGE_ENTRY_RUSH,126,ERA_2019_2021,DRIFT,RUSH,9,8,8,0.0721286406242813,0.6666666666666666,0.1431963030603045,-0.1225406594921426
PRIMARY,STAGE_ENTRY_RUSH,126,ERA_2019_2021,RUSH,CALM,1,1,1,-0.0014501639811569,0.0,0.0932812574633137,-0.0503845395613189
PRIMARY,STAGE_ENTRY_RUSH,126,ERA_2019_2021,SCATTER,CALM,8,8,4,0.1823284231361374,0.75,0.2733391550593284,-0.0574646998627312
PRIMARY,STAGE_ENTRY_RUSH,126,ERA_2019_2021,SCATTER,DRIFT,3,3,2,0.2178434888746365,1.0,0.2226455364221322,-0.0066528367611072
PRIMARY,STAGE_ENTRY_RUSH,126,ERA_2019_2021,SCATTER,SCATTER,2,2,2,1.3366337753560713,1.0,1.39779534709596,-0.17227269455347868
PRIMARY,STAGE_ENTRY_RUSH,126,ERA_2022_2024,CALM,CALM,47,29,28,0.0790330265541898,0.6170212765957447,0.1354103209459685,-0.1055328904875922
PRIMARY,STAGE_ENTRY_RUSH,126,ERA_2022_2024,CALM,DRIFT,35,23,22,0.0897505765419013,0.7428571428571429,0.1940932292394037,-0.0791709750968908
PRIMARY,STAGE_ENTRY_RUSH,126,ERA_2022_2024,CALM,RUSH,1,1,1,-0.0577203462769516,0.0,0.4345798295170144,-0.0893887847654668
PRIMARY,STAGE_ENTRY_RUSH,126,ERA_2022_2024,CALM,SCATTER,3,2,3,0.1699190643413264,1.0,0.1814046442155903,-0.0626722625921554
PRIMARY,STAGE_ENTRY_RUSH,126,ERA_2022_2024,DRIFT,CALM,8,7,6,-0.14838732723242526,0.25,0.0608683592126745,-0.1934794918808964
PRIMARY,STAGE_ENTRY_RUSH,126,ERA_2022_2024,DRIFT,DRIFT,34,30,22,0.09979702937067081,0.7352941176470589,0.14029240651392436,-0.0899839917345316
PRIMARY,STAGE_ENTRY_RUSH,126,ERA_2022_2024,DRIFT,RUSH,11,8,9,0.1293855285058149,0.8181818181818182,0.1966842288565056,-0.081716842067393
PRIMARY,STAGE_ENTRY_RUSH,126,ERA_2022_2024,DRIFT,SCATTER,1,1,1,-0.0822758240779646,0.0,0.0258089825338985,-0.1947504497178054
PRIMARY,STAGE_ENTRY_RUSH,126,ERA_2022_2024,SCATTER,CALM,11,10,7,0.1545310927210725,0.7272727272727273,0.26095705103315,-0.038442765606074
PRIMARY,STAGE_ENTRY_RUSH,126,ERA_2022_2024,SCATTER,DRIFT,3,3,1,0.4654808702148048,1.0,0.5207439713408477,-0.0494184262195701
PRIMARY,STAGE_ENTRY_RUSH,126,ERA_2022_2024,SCATTER,RUSH,5,5,3,0.1473276980858553,0.8,0.2823300249440241,-0.2463450617331418
PRIMARY,STAGE_ENTRY_RUSH,126,ERA_2022_2024,SCATTER,SCATTER,10,5,8,0.07182900719315286,0.8,0.17166139908327854,-0.0946570610233339
PRIMARY,STAGE_ENTRY_RUSH,126,ERA_2025_2026,CALM,CALM,28,17,19,0.11375184786350975,0.7857142857142857,0.23597167069335986,-0.0862478049521142
PRIMARY,STAGE_ENTRY_RUSH,126,ERA_2025_2026,CALM,DRIFT,23,22,15,0.0681651068279125,0.6521739130434783,0.1522373555886313,-0.151227895825008
PRIMARY,STAGE_ENTRY_RUSH,126,ERA_2025_2026,CALM,RUSH,4,4,3,0.06234004330808325,0.5,0.0973224802657879,-0.23447751169374184
PRIMARY,STAGE_ENTRY_RUSH,126,ERA_2025_2026,CALM,SCATTER,5,5,5,0.0408512784070391,0.6,0.2247173893245138,-0.0336596592423257
PRIMARY,STAGE_ENTRY_RUSH,126,ERA_2025_2026,SCATTER,CALM,1,1,1,-0.0534854671189882,0.0,0.013627798694501,-0.0962197924839988
PRIMARY,STAGE_ENTRY_RUSH,126,ERA_2025_2026,SCATTER,DRIFT,1,1,1,-0.124768413423476,0.0,0.0955482223881081,-0.1259003872677864
PRIMARY,STAGE_ENTRY_RUSH,126,ERA_2025_2026,SCATTER,RUSH,1,1,1,0.0760012825648499,1.0,0.0842053660668917,-0.0852114383382685
PRIMARY,STAGE_ENTRY_RUSH,130,ERA_2013_2015,CALM,CALM,30,22,23,0.0311919711444407,0.5333333333333333,0.106221357726129,-0.1022122748687916
PRIMARY,STAGE_ENTRY_RUSH,130,ERA_2013_2015,CALM,DRIFT,50,28,26,0.0759859905009154,0.76,0.13475220608648703,-0.06678620695714499
PRIMARY,STAGE_ENTRY_RUSH,130,ERA_2013_2015,CALM,RUSH,7,6,5,-0.1100188300152262,0.14285714285714285,0.0240613377550913,-0.137410007331039
PRIMARY,STAGE_ENTRY_RUSH,130,ERA_2013_2015,CALM,SCATTER,2,2,2,-0.07079947754378914,0.5,0.17739481289865083,-0.1946629861181097
PRIMARY,STAGE_ENTRY_RUSH,130,ERA_2013_2015,SCATTER,CALM,18,15,16,0.03903767140117755,0.6666666666666666,0.16833902218128471,-0.0515414558117805
PRIMARY,STAGE_ENTRY_RUSH,130,ERA_2013_2015,SCATTER,DRIFT,7,7,4,-0.0561285938450184,0.2857142857142857,0.0966878019151531,-0.136384327903824
PRIMARY,STAGE_ENTRY_RUSH,130,ERA_2013_2015,SCATTER,RUSH,1,1,1,-0.0499520716638619,0.0,0.1358551319572458,-0.1628303698181715
PRIMARY,STAGE_ENTRY_RUSH,130,ERA_2013_2015,SCATTER,SCATTER,8,7,7,0.0699007208961317,0.625,0.09495362044198045,-0.0932184771117733
PRIMARY,STAGE_ENTRY_RUSH,130,ERA_2016_2018,CALM,CALM,35,22,24,0.0455988510825831,0.7142857142857143,0.1263882715576114,-0.0932304008957141
PRIMARY,STAGE_ENTRY_RUSH,130,ERA_2016_2018,CALM,DRIFT,53,34,31,0.0222296412728584,0.6037735849056604,0.1322190669671132,-0.0745252572012842
PRIMARY,STAGE_ENTRY_RUSH,130,ERA_2016_2018,CALM,RUSH,11,9,8,0.004613812375577,0.5454545454545454,0.1206270389437662,-0.0416731956571859
PRIMARY,STAGE_ENTRY_RUSH,130,ERA_2016_2018,CALM,SCATTER,6,6,6,0.06078391520878865,0.6666666666666666,0.13842243294348025,-0.057031256678013446
PRIMARY,STAGE_ENTRY_RUSH,130,ERA_2016_2018,DRIFT,CALM,10,10,8,0.0292072068846621,0.6,0.15788911590069632,-0.028486367446621003
PRIMARY,STAGE_ENTRY_RUSH,130,ERA_2016_2018,DRIFT,DRIFT,58,33,31,0.1343322000553991,0.8275862068965517,0.1748408724677628,-0.052020636711504545
PRIMARY,STAGE_ENTRY_RUSH,130,ERA_2016_2018,DRIFT,RUSH,24,20,13,0.1199192837238033,0.7083333333333334,0.18524756394956904,-0.0745376071509844
PRIMARY,STAGE_ENTRY_RUSH,130,ERA_2016_2018,DRIFT,SCATTER,2,2,2,0.2095422744835883,1.0,0.2454089872074576,-0.01958312667214535
PRIMARY,STAGE_ENTRY_RUSH,130,ERA_2016_2018,SCATTER,CALM,8,6,7,0.07289644846464136,0.875,0.08648427359620435,-0.030339841083420402
PRIMARY,STAGE_ENTRY_RUSH,130,ERA_2016_2018,SCATTER,DRIFT,3,3,3,-0.0060036843324969,0.3333333333333333,0.0526080164664333,-0.0629543695692813
PRIMARY,STAGE_ENTRY_RUSH,130,ERA_2016_2018,SCATTER,RUSH,2,2,1,0.05318324094041875,1.0,0.14641771082836041,-0.02752774859062925
PRIMARY,STAGE_ENTRY_RUSH,130,ERA_2016_2018,SCATTER,SCATTER,2,2,2,0.4067420084992274,0.5,0.4667692214217152,-0.0838681457939801
PRIMARY,STAGE_ENTRY_RUSH,130,ERA_2019_2021,CALM,CALM,43,25,30,-0.0036452792813626,0.4883720930232558,0.1178664617694973,-0.1138456951096752
PRIMARY,STAGE_ENTRY_RUSH,130,ERA_2019_2021,CALM,DRIFT,59,34,32,0.0382316610190947,0.5932203389830508,0.1187816001774062,-0.1206297294078159
PRIMARY,STAGE_ENTRY_RUSH,130,ERA_2019_2021,CALM,RUSH,8,7,7,0.1586508712865889,0.75,0.19247416969098774,-0.043922139465664506
PRIMARY,STAGE_ENTRY_RUSH,130,ERA_2019_2021,CALM,SCATTER,4,3,4,0.09586847321877895,0.75,0.17832069030426856,-0.02216626784132745
PRIMARY,STAGE_ENTRY_RUSH,130,ERA_2019_2021,DRIFT,CALM,19,14,14,0.0767843461545745,0.7894736842105263,0.1910503645922392,-0.0551889262616975
PRIMARY,STAGE_ENTRY_RUSH,130,ERA_2019_2021,DRIFT,DRIFT,46,28,26,0.0815676860349038,0.7391304347826086,0.1314103687978677,-0.09697433378588324
PRIMARY,STAGE_ENTRY_RUSH,130,ERA_2019_2021,DRIFT,RUSH,9,8,8,0.0806356938949446,0.7777777777777778,0.1439630496639825,-0.1225406594921426
PRIMARY,STAGE_ENTRY_RUSH,130,ERA_2019_2021,RUSH,CALM,1,1,1,0.0704796545221844,1.0,0.0932812574633137,-0.0503845395613189
PRIMARY,STAGE_ENTRY_RUSH,130,ERA_2019_2021,SCATTER,CALM,8,8,4,0.17419077615961984,0.75,0.2733391550593284,-0.0574646998627312
PRIMARY,STAGE_ENTRY_RUSH,130,ERA_2019_2021,SCATTER,DRIFT,3,3,2,0.2032285458151803,1.0,0.227238831827333,-0.0066528367611072
PRIMARY,STAGE_ENTRY_RUSH,130,ERA_2019_2021,SCATTER,SCATTER,2,2,2,1.3277039418931613,1.0,1.4962802924657403,-0.17227269455347868
PRIMARY,STAGE_ENTRY_RUSH,130,ERA_2022_2024,CALM,CALM,47,29,28,0.0594243441908359,0.6595744680851063,0.1531661657566663,-0.1055328904875922
PRIMARY,STAGE_ENTRY_RUSH,130,ERA_2022_2024,CALM,DRIFT,35,23,22,0.0887012413260281,0.6857142857142857,0.1976220634316696,-0.0791709750968908
PRIMARY,STAGE_ENTRY_RUSH,130,ERA_2022_2024,CALM,RUSH,1,1,1,-0.0462046299646728,0.0,0.4345798295170144,-0.1176024791775668
PRIMARY,STAGE_ENTRY_RUSH,130,ERA_2022_2024,CALM,SCATTER,3,2,3,0.1590118480460638,1.0,0.182148369217753,-0.0626722625921554
PRIMARY,STAGE_ENTRY_RUSH,130,ERA_2022_2024,DRIFT,CALM,8,7,6,-0.11301074900223104,0.25,0.0608683592126745,-0.22840663320002147
PRIMARY,STAGE_ENTRY_RUSH,130,ERA_2022_2024,DRIFT,DRIFT,34,30,22,0.062714503454915,0.7058823529411765,0.1453668039977489,-0.1006352323647329
PRIMARY,STAGE_ENTRY_RUSH,130,ERA_2022_2024,DRIFT,RUSH,11,8,9,0.1059221926126181,0.8181818181818182,0.1966842288565056,-0.081716842067393
PRIMARY,STAGE_ENTRY_RUSH,130,ERA_2022_2024,DRIFT,SCATTER,1,1,1,-0.0841811455944889,0.0,0.0258089825338985,-0.1947504497178054
PRIMARY,STAGE_ENTRY_RUSH,130,ERA_2022_2024,SCATTER,CALM,11,10,7,0.14802520813076,0.7272727272727273,0.26095705103315,-0.038442765606074
PRIMARY,STAGE_ENTRY_RUSH,130,ERA_2022_2024,SCATTER,DRIFT,3,3,1,0.5015863114043804,1.0,0.534898231944158,-0.0494184262195701
PRIMARY,STAGE_ENTRY_RUSH,130,ERA_2022_2024,SCATTER,RUSH,5,5,3,0.1479733413263451,0.8,0.2823300249440241,-0.2612479759663808
PRIMARY,STAGE_ENTRY_RUSH,130,ERA_2022_2024,SCATTER,SCATTER,10,5,8,0.0825961407915254,0.8,0.17761031896205198,-0.0946570610233339
PRIMARY,STAGE_ENTRY_RUSH,130,ERA_2025_2026,CALM,CALM,27,17,18,0.1136990143769458,0.7407407407407407,0.2242159296687933,-0.0818628905047795
PRIMARY,STAGE_ENTRY_RUSH,130,ERA_2025_2026,CALM,DRIFT,23,22,15,0.0803144616760738,0.6086956521739131,0.1646383373239575,-0.151227895825008
PRIMARY,STAGE_ENTRY_RUSH,130,ERA_2025_2026,CALM,RUSH,4,4,3,0.07303403699104226,0.75,0.0973224802657879,-0.23447751169374184
PRIMARY,STAGE_ENTRY_RUSH,130,ERA_2025_2026,CALM,SCATTER,5,5,5,0.0439064357374723,0.6,0.2247173893245138,-0.0336596592423257
PRIMARY,STAGE_ENTRY_RUSH,130,ERA_2025_2026,SCATTER,CALM,1,1,1,-0.0327406546614931,0.0,0.013627798694501,-0.0962197924839988
PRIMARY,STAGE_ENTRY_RUSH,130,ERA_2025_2026,SCATTER,DRIFT,1,1,1,-0.1195331371678618,0.0,0.0955482223881081,-0.1332579926231323
PRIMARY,STAGE_ENTRY_RUSH,130,ERA_2025_2026,SCATTER,RUSH,1,1,1,0.0653693852204742,1.0,0.0885586338499759,-0.0852114383382685
PRIMARY,TRANSITION_BREAKING,5,ERA_2013_2015,CALM,CALM,22,18,16,-0.00376129535602835,0.45454545454545453,0.01853294036438695,-0.022667678750319352
PRIMARY,TRANSITION_BREAKING,5,ERA_2013_2015,CALM,DRIFT,7,7,7,-0.0054508237747888,0.42857142857142855,0.0187189249873775,-0.0132717608088244
PRIMARY,TRANSITION_BREAKING,5,ERA_2013_2015,CALM,RUSH,2,2,2,0.01630089114932385,0.5,0.02644106500295505,-0.01442467716871775
PRIMARY,TRANSITION_BREAKING,5,ERA_2013_2015,CALM,SCATTER,5,5,4,0.0091102472191768,0.6,0.0371194503877776,-0.0118504512258427
PRIMARY,TRANSITION_BREAKING,5,ERA_2013_2015,SCATTER,CALM,8,8,8,0.008846938223028001,0.625,0.0229450092238137,-0.01722027081412705
PRIMARY,TRANSITION_BREAKING,5,ERA_2013_2015,SCATTER,DRIFT,3,3,2,-0.0135818895350221,0.3333333333333333,0.0025754120392706,-0.0234926283310044
PRIMARY,TRANSITION_BREAKING,5,ERA_2013_2015,SCATTER,SCATTER,27,24,16,0.0130717547247747,0.5925925925925926,0.023537496143287,-0.0292308037490037
PRIMARY,TRANSITION_BREAKING,5,ERA_2016_2018,CALM,CALM,36,28,14,0.0036333432380543,0.5833333333333334,0.0259964784178712,-0.0218182037846361
PRIMARY,TRANSITION_BREAKING,5,ERA_2016_2018,CALM,DRIFT,16,13,10,0.018792300752571253,0.875,0.02961470272428455,-0.007768100703951401
PRIMARY,TRANSITION_BREAKING,5,ERA_2016_2018,CALM,SCATTER,10,9,7,0.0034584883580640498,0.6,0.0188019118007292,-0.00851855844823835
PRIMARY,TRANSITION_BREAKING,5,ERA_2016_2018,DRIFT,CALM,15,13,10,0.0124925350773867,0.7333333333333333,0.0210592265739213,-0.0055049401340731
PRIMARY,TRANSITION_BREAKING,5,ERA_2016_2018,DRIFT,DRIFT,25,19,16,0.0038003882600776,0.52,0.0120324800259652,-0.0219571805016121
PRIMARY,TRANSITION_BREAKING,5,ERA_2016_2018,DRIFT,RUSH,1,1,1,0.0211689099672522,1.0,0.0233660129784354,-0.0007987957598285
PRIMARY,TRANSITION_BREAKING,5,ERA_2016_2018,DRIFT,SCATTER,4,4,3,0.0034741516017987497,0.5,0.01520320361537845,-0.00694578726777915
PRIMARY,TRANSITION_BREAKING,5,ERA_2016_2018,SCATTER,CALM,6,5,6,-0.034582547478960904,0.3333333333333333,0.019480277079191602,-0.0570599823983036
PRIMARY,TRANSITION_BREAKING,5,ERA_2016_2018,SCATTER,FLEE,4,4,4,-0.0033988472124457988,0.5,0.026929166583239253,-0.0379702298644153
PRIMARY,TRANSITION_BREAKING,5,ERA_2016_2018,SCATTER,SCATTER,24,19,9,0.002637064414993808,0.5,0.0214644860174564,-0.034720911526785345
PRIMARY,TRANSITION_BREAKING,5,ERA_2019_2021,CALM,CALM,35,27,25,0.0016872001798258,0.5142857142857142,0.0235633815280846,-0.0222579953610121
PRIMARY,TRANSITION_BREAKING,5,ERA_2019_2021,CALM,DRIFT,28,26,18,0.01244078504939135,0.6071428571428571,0.02533924509677505,-0.0113974598021683
PRIMARY,TRANSITION_BREAKING,5,ERA_2019_2021,CALM,RUSH,2,2,2,0.041664479153250854,1.0,0.05642477838174945,-0.00476233479345595
PRIMARY,TRANSITION_BREAKING,5,ERA_2019_2021,CALM,SCATTER,19,17,10,0.0137410973905938,0.6842105263157895,0.0259934709826124,-0.0159163136057863
PRIMARY,TRANSITION_BREAKING,5,ERA_2019_2021,DRIFT,CALM,11,10,9,0.014742572144557,0.6363636363636364,0.0222598269350526,-0.0162708945085732
PRIMARY,TRANSITION_BREAKING,5,ERA_2019_2021,DRIFT,DRIFT,17,16,10,-0.0129870253228503,0.47058823529411764,0.0214197105698465,-0.0256047075592168
PRIMARY,TRANSITION_BREAKING,5,ERA_2019_2021,DRIFT,SCATTER,2,2,2,0.04325416614650575,1.0,0.044385439649860595,-0.00989313060386845
PRIMARY,TRANSITION_BREAKING,5,ERA_2019_2021,FLEE,FLEE,5,5,1,0.2078626244146022,1.0,0.2874057686377915,-0.0532749376527842
PRIMARY,TRANSITION_BREAKING,5,ERA_2019_2021,FLEE,SCATTER,4,4,1,0.0704525354824272,1.0,0.12443578430445976,-0.04723877824442325
PRIMARY,TRANSITION_BREAKING,5,ERA_2019_2021,SCATTER,CALM,4,4,3,0.00714131751068755,0.5,0.02797765511751175,-0.0212404851025835
PRIMARY,TRANSITION_BREAKING,5,ERA_2019_2021,SCATTER,FLEE,1,1,1,-0.0672387156235216,0.0,0.0486412163069249,-0.1559369490103123
PRIMARY,TRANSITION_BREAKING,5,ERA_2019_2021,SCATTER,SCATTER,11,10,4,-0.0189285604086911,0.36363636363636365,0.0680951257773276,-0.0603641902981748
PRIMARY,TRANSITION_BREAKING,5,ERA_2022_2024,CALM,CALM,31,27,20,0.0051663277204831,0.6129032258064516,0.0284321138550711,-0.0166807624540694
PRIMARY,TRANSITION_BREAKING,5,ERA_2022_2024,CALM,DRIFT,11,10,8,-0.0088525026229991,0.45454545454545453,0.0174771293659259,-0.0278342856739006
PRIMARY,TRANSITION_BREAKING,5,ERA_2022_2024,CALM,SCATTER,9,8,7,-0.0239776304003026,0.3333333333333333,0.0165011768859213,-0.026948981195988
PRIMARY,TRANSITION_BREAKING,5,ERA_2022_2024,DRIFT,CALM,9,9,8,0.016834365815562,0.7777777777777778,0.0332377627241342,-0.0164687748014492
PRIMARY,TRANSITION_BREAKING,5,ERA_2022_2024,DRIFT,DRIFT,12,11,7,-0.0023760863236767,0.4166666666666667,0.0157577802983632,-0.0350092661530477
PRIMARY,TRANSITION_BREAKING,5,ERA_2022_2024,DRIFT,SCATTER,2,2,2,-0.0004580855934811501,0.5,0.0178399706709606,-0.0171532999961052
PRIMARY,TRANSITION_BREAKING,5,ERA_2022_2024,SCATTER,CALM,16,15,10,0.0014959508192525003,0.5,0.039744977600286,-0.02076307210051185
PRIMARY,TRANSITION_BREAKING,5,ERA_2022_2024,SCATTER,DRIFT,2,2,2,0.0005118370015620502,0.5,0.022485329097989098,-0.02630535216774265
PRIMARY,TRANSITION_BREAKING,5,ERA_2022_2024,SCATTER,RUSH,2,2,2,0.08876805642399466,1.0,0.1070218171383705,-0.03505378987013365
PRIMARY,TRANSITION_BREAKING,5,ERA_2022_2024,SCATTER,SCATTER,23,19,15,0.0006591937191249,0.5217391304347826,0.0257741754951876,-0.0176652354056117
PRIMARY,TRANSITION_BREAKING,5,ERA_2025_2026,CALM,CALM,42,32,25,-0.0104875560854495,0.4523809523809524,0.02044273471798425,-0.01887269887044625
PRIMARY,TRANSITION_BREAKING,5,ERA_2025_2026,CALM,DRIFT,10,10,9,0.015248029725332849,0.7,0.033059974628128444,-0.01785955029949845
PRIMARY,TRANSITION_BREAKING,5,ERA_2025_2026,CALM,RUSH,2,2,2,0.035261106543131304,1.0,0.0658748166142878,-0.006906451908898501
PRIMARY,TRANSITION_BREAKING,5,ERA_2025_2026,CALM,SCATTER,13,12,10,0.0004690872181782,0.5384615384615384,0.0229912541641332,-0.0129023002770986
PRIMARY,TRANSITION_BREAKING,5,ERA_2025_2026,DRIFT,SCATTER,1,1,1,-0.0169874414953795,0.0,0.044032982316418,-0.0264175556532414
PRIMARY,TRANSITION_BREAKING,5,ERA_2025_2026,SCATTER,CALM,2,2,1,0.050641940014309356,1.0,0.0778354806988288,-0.0118365028659652
PRIMARY,TRANSITION_BREAKING,5,ERA_2025_2026,SCATTER,SCATTER,2,2,2,0.060214689546995,1.0,0.06966620747666825,-0.009181467063445
PRIMARY,TRANSITION_BREAKING,10,ERA_2013_2015,CALM,CALM,22,18,16,-0.005126688793521099,0.5,0.027888241580230802,-0.0322751030337574
PRIMARY,TRANSITION_BREAKING,10,ERA_2013_2015,CALM,DRIFT,7,7,7,-0.011562315564262,0.2857142857142857,0.0187189249873775,-0.0209759547691653
PRIMARY,TRANSITION_BREAKING,10,ERA_2013_2015,CALM,RUSH,2,2,2,0.0011892447543741,0.5,0.0274184708579422,-0.016822614065453052
PRIMARY,TRANSITION_BREAKING,10,ERA_2013_2015,CALM,SCATTER,5,5,4,0.0193814891325292,0.6,0.0372863841538164,-0.0196967177991951
PRIMARY,TRANSITION_BREAKING,10,ERA_2013_2015,SCATTER,CALM,8,8,8,0.0160265128668134,0.625,0.03010999146958665,-0.028725927625987246
PRIMARY,TRANSITION_BREAKING,10,ERA_2013_2015,SCATTER,DRIFT,3,3,2,-0.0182310862801833,0.0,0.0025754120392706,-0.0345045383683552
PRIMARY,TRANSITION_BREAKING,10,ERA_2013_2015,SCATTER,SCATTER,27,24,16,0.0345778345403726,0.7407407407407407,0.0450868115709726,-0.0292308037490037
PRIMARY,TRANSITION_BREAKING,10,ERA_2016_2018,CALM,CALM,36,28,14,0.01426796931124435,0.75,0.0423665506599522,-0.0232270172050302
PRIMARY,TRANSITION_BREAKING,10,ERA_2016_2018,CALM,DRIFT,16,13,10,0.005979999617891399,0.75,0.0337419843269304,-0.0168829473010354
PRIMARY,TRANSITION_BREAKING,10,ERA_2016_2018,CALM,SCATTER,10,9,7,-0.0052236550499731495,0.4,0.020231144081635552,-0.01666140848962875
PRIMARY,TRANSITION_BREAKING,10,ERA_2016_2018,DRIFT,CALM,15,13,10,0.0112823672153072,0.5333333333333333,0.0306619027461763,-0.0205376417209445
PRIMARY,TRANSITION_BREAKING,10,ERA_2016_2018,DRIFT,DRIFT,25,19,16,-0.0032383443461853,0.44,0.0188160505123067,-0.031584169154361
PRIMARY,TRANSITION_BREAKING,10,ERA_2016_2018,DRIFT,RUSH,1,1,1,0.0041940915332485,1.0,0.0294901460159631,-0.0007987957598285
PRIMARY,TRANSITION_BREAKING,10,ERA_2016_2018,DRIFT,SCATTER,4,4,3,0.0069054937553471,0.5,0.02591387368354975,-0.014357301453913101
PRIMARY,TRANSITION_BREAKING,10,ERA_2016_2018,SCATTER,CALM,6,5,6,-0.0299158526708718,0.16666666666666666,0.0251624947780646,-0.059033205430865
PRIMARY,TRANSITION_BREAKING,10,ERA_2016_2018,SCATTER,FLEE,4,4,4,0.01445742515152735,0.5,0.057027332875276546,-0.03907476950652875
PRIMARY,TRANSITION_BREAKING,10,ERA_2016_2018,SCATTER,SCATTER,24,19,9,-0.00439799645199795,0.375,0.02700199078366035,-0.045778404290418295
PRIMARY,TRANSITION_BREAKING,10,ERA_2019_2021,CALM,CALM,35,27,25,6.9066839800902e-05,0.5142857142857142,0.0313067196910887,-0.0281464351132366
PRIMARY,TRANSITION_BREAKING,10,ERA_2019_2021,CALM,DRIFT,28,26,18,0.015744004058274,0.7142857142857143,0.0384853653881968,-0.02028280436605965
PRIMARY,TRANSITION_BREAKING,10,ERA_2019_2021,CALM,RUSH,2,2,2,0.01549008316017825,0.5,0.06881602776660685,-0.0193622449724151
PRIMARY,TRANSITION_BREAKING,10,ERA_2019_2021,CALM,SCATTER,19,17,10,0.0171291205425907,0.6842105263157895,0.0522091416890784,-0.0159163136057863
PRIMARY,TRANSITION_BREAKING,10,ERA_2019_2021,DRIFT,CALM,11,10,9,0.0198910195939781,0.7272727272727273,0.0362440198129208,-0.0162708945085732
PRIMARY,TRANSITION_BREAKING,10,ERA_2019_2021,DRIFT,DRIFT,17,16,10,0.0107053981315348,0.6470588235294118,0.0224695872743601,-0.0256047075592168
PRIMARY,TRANSITION_BREAKING,10,ERA_2019_2021,DRIFT,SCATTER,2,2,2,0.018573034634790347,1.0,0.04477656246073565,-0.00989313060386845
PRIMARY,TRANSITION_BREAKING,10,ERA_2019_2021,FLEE,FLEE,5,5,1,0.1450521729175846,1.0,0.2915128244645393,-0.0532749376527842
PRIMARY,TRANSITION_BREAKING,10,ERA_2019_2021,FLEE,SCATTER,4,4,1,0.0638748321640697,1.0,0.16135176718937225,-0.04723877824442325
PRIMARY,TRANSITION_BREAKING,10,ERA_2019_2021,SCATTER,CALM,4,4,3,0.0002561581616116011,0.5,0.033729454144995896,-0.02415785351080125
PRIMARY,TRANSITION_BREAKING,10,ERA_2019_2021,SCATTER,FLEE,1,1,1,0.0901290232209464,1.0,0.1874110036779126,-0.1559369490103123
PRIMARY,TRANSITION_BREAKING,10,ERA_2019_2021,SCATTER,SCATTER,11,10,4,-0.0033178020313394,0.45454545454545453,0.0744660534912275,-0.1166140905997705
PRIMARY,TRANSITION_BREAKING,10,ERA_2022_2024,CALM,CALM,31,27,20,0.0139235900207579,0.7419354838709677,0.0429898860427595,-0.0176541528766062
PRIMARY,TRANSITION_BREAKING,10,ERA_2022_2024,CALM,DRIFT,11,10,8,0.0035961969224642,0.5454545454545454,0.0349545313800196,-0.0288752990815943
PRIMARY,TRANSITION_BREAKING,10,ERA_2022_2024,CALM,SCATTER,9,8,7,-0.004812386421601,0.3333333333333333,0.0222841683913717,-0.0283539109963806
PRIMARY,TRANSITION_BREAKING,10,ERA_2022_2024,DRIFT,CALM,9,9,8,0.0660589602993748,0.7777777777777778,0.0722550748571799,-0.0209269002911991
PRIMARY,TRANSITION_BREAKING,10,ERA_2022_2024,DRIFT,DRIFT,12,11,7,0.01039599399935515,0.75,0.0262184740449388,-0.03976007773301515
PRIMARY,TRANSITION_BREAKING,10,ERA_2022_2024,DRIFT,SCATTER,2,2,2,-0.0143491230817759,0.5,0.02035241837349435,-0.03090562788411365
PRIMARY,TRANSITION_BREAKING,10,ERA_2022_2024,SCATTER,CALM,16,15,10,-0.0072019922006191,0.375,0.050012108681703846,-0.0252347369517689
PRIMARY,TRANSITION_BREAKING,10,ERA_2022_2024,SCATTER,DRIFT,2,2,2,0.04123690419472635,0.5,0.0555501687435341,-0.03316273377947675
PRIMARY,TRANSITION_BREAKING,10,ERA_2022_2024,SCATTER,RUSH,2,2,2,0.1196557025030744,1.0,0.15487144466816155,-0.03505378987013365
PRIMARY,TRANSITION_BREAKING,10,ERA_2022_2024,SCATTER,SCATTER,23,19,15,0.0207272820552366,0.6521739130434783,0.0414804376078663,-0.0251289554319317
PRIMARY,TRANSITION_BREAKING,10,ERA_2025_2026,CALM,CALM,40,30,24,-0.0062828761011727505,0.475,0.03397186293276585,-0.0330380232962854
PRIMARY,TRANSITION_BREAKING,10,ERA_2025_2026,CALM,DRIFT,10,10,9,0.0124818702611796,0.6,0.035922673539004496,-0.03550627584654435
PRIMARY,TRANSITION_BREAKING,10,ERA_2025_2026,CALM,RUSH,2,2,2,0.08492796802186181,0.5,0.12444754368450256,-0.020482508048810102
PRIMARY,TRANSITION_BREAKING,10,ERA_2025_2026,CALM,SCATTER,13,12,10,-0.0002693325198476,0.46153846153846156,0.0288124844573538,-0.0303245532502961
PRIMARY,TRANSITION_BREAKING,10,ERA_2025_2026,DRIFT,SCATTER,1,1,1,-0.045712976980477,0.0,0.044032982316418,-0.0741743762919244
PRIMARY,TRANSITION_BREAKING,10,ERA_2025_2026,SCATTER,CALM,2,2,1,0.15091859588714815,1.0,0.17893645077953874,-0.0118365028659652
PRIMARY,TRANSITION_BREAKING,10,ERA_2025_2026,SCATTER,SCATTER,2,2,2,0.09360076813839364,1.0,0.1084839311980073,-0.009181467063445
PRIMARY,TRANSITION_BREAKING,20,ERA_2013_2015,CALM,CALM,22,18,16,-0.0041080861104062,0.45454545454545453,0.03095225929782885,-0.04493901650796725
PRIMARY,TRANSITION_BREAKING,20,ERA_2013_2015,CALM,DRIFT,7,7,7,-0.0077026056193226,0.42857142857142855,0.0187189249873775,-0.0359151964016941
PRIMARY,TRANSITION_BREAKING,20,ERA_2013_2015,CALM,RUSH,2,2,2,-0.026329680227351653,0.0,0.0316692476083103,-0.036756946959886
PRIMARY,TRANSITION_BREAKING,20,ERA_2013_2015,CALM,SCATTER,5,5,4,-0.0046199200881236,0.4,0.0375297340213649,-0.0415745657745186
PRIMARY,TRANSITION_BREAKING,20,ERA_2013_2015,SCATTER,CALM,8,8,8,0.008244221098364049,0.75,0.0371665770451711,-0.0321623512986507
PRIMARY,TRANSITION_BREAKING,20,ERA_2013_2015,SCATTER,DRIFT,3,3,2,-0.0330357763787396,0.3333333333333333,0.0160959334594459,-0.0375628173692172
PRIMARY,TRANSITION_BREAKING,20,ERA_2013_2015,SCATTER,SCATTER,27,24,16,0.0434051662489431,0.8148148148148148,0.0735495931377969,-0.0292308037490037
PRIMARY,TRANSITION_BREAKING,20,ERA_2016_2018,CALM,CALM,36,28,14,0.004415577822754675,0.5,0.05449095885526045,-0.03311777759401045
PRIMARY,TRANSITION_BREAKING,20,ERA_2016_2018,CALM,DRIFT,16,13,10,0.01274936719810965,0.5625,0.057451669151152046,-0.024392705782305048
PRIMARY,TRANSITION_BREAKING,20,ERA_2016_2018,CALM,SCATTER,10,9,7,0.005708209108967599,0.8,0.0414636789829095,-0.03628547933558
PRIMARY,TRANSITION_BREAKING,20,ERA_2016_2018,DRIFT,CALM,15,13,10,0.0145953642176104,0.6666666666666666,0.0364151128056284,-0.028407573334392
PRIMARY,TRANSITION_BREAKING,20,ERA_2016_2018,DRIFT,DRIFT,25,19,16,0.0069911461535518,0.6,0.0358086694067503,-0.0357459582731441
PRIMARY,TRANSITION_BREAKING,20,ERA_2016_2018,DRIFT,RUSH,1,1,1,0.0634478795521813,1.0,0.0699817791063259,-0.0021968815016386
PRIMARY,TRANSITION_BREAKING,20,ERA_2016_2018,DRIFT,SCATTER,4,4,3,0.018757893960310648,0.75,0.04529887444335275,-0.0219454069849829
PRIMARY,TRANSITION_BREAKING,20,ERA_2016_2018,SCATTER,CALM,6,5,6,0.03229217431580675,0.6666666666666666,0.04753858400174165,-0.059033205430865
PRIMARY,TRANSITION_BREAKING,20,ERA_2016_2018,SCATTER,FLEE,4,4,4,0.062110315355874496,0.75,0.09622234533631875,-0.043782919543941104
PRIMARY,TRANSITION_BREAKING,20,ERA_2016_2018,SCATTER,SCATTER,24,19,9,-0.0112397319749553,0.25,0.04110618022212685,-0.0662165514649104
PRIMARY,TRANSITION_BREAKING,20,ERA_2019_2021,CALM,CALM,35,27,25,-0.022705137540247,0.37142857142857144,0.0449285030462596,-0.0577993180441506
PRIMARY,TRANSITION_BREAKING,20,ERA_2019_2021,CALM,DRIFT,28,26,18,0.0148548905071774,0.5714285714285714,0.0460123295148695,-0.03760073497802595
PRIMARY,TRANSITION_BREAKING,20,ERA_2019_2021,CALM,RUSH,2,2,2,0.02223992587663005,0.5,0.06881602776660685,-0.0267312354593221
PRIMARY,TRANSITION_BREAKING,20,ERA_2019_2021,CALM,SCATTER,19,17,10,0.0607434277263603,0.8421052631578947,0.0754238892863667,-0.0212773163082482
PRIMARY,TRANSITION_BREAKING,20,ERA_2019_2021,DRIFT,CALM,11,10,9,0.0263277075468513,0.8181818181818182,0.0610136552921869,-0.0162708945085732
PRIMARY,TRANSITION_BREAKING,20,ERA_2019_2021,DRIFT,DRIFT,17,16,10,0.0319692852396178,0.7058823529411765,0.0473308397634701,-0.0465766758803276
PRIMARY,TRANSITION_BREAKING,20,ERA_2019_2021,DRIFT,SCATTER,2,2,2,0.03694396161241625,1.0,0.056527358553058196,-0.00989313060386845
PRIMARY,TRANSITION_BREAKING,20,ERA_2019_2021,FLEE,FLEE,5,5,1,0.3051660332876962,1.0,0.4008131499127565,-0.0532749376527842
PRIMARY,TRANSITION_BREAKING,20,ERA_2019_2021,FLEE,SCATTER,4,4,1,0.1966862336617221,1.0,0.2327474926359154,-0.04723877824442325
PRIMARY,TRANSITION_BREAKING,20,ERA_2019_2021,SCATTER,CALM,4,4,3,0.01568721823883495,0.5,0.059191695724036555,-0.035473395640379005
PRIMARY,TRANSITION_BREAKING,20,ERA_2019_2021,SCATTER,FLEE,1,1,1,0.0042924642588946,1.0,0.1874110036779126,-0.1559369490103123
PRIMARY,TRANSITION_BREAKING,20,ERA_2019_2021,SCATTER,SCATTER,11,10,4,0.0420831771047292,0.8181818181818182,0.0789433608331717,-0.1265483766137342
PRIMARY,TRANSITION_BREAKING,20,ERA_2022_2024,CALM,CALM,31,27,20,0.0351476615572576,0.6774193548387096,0.0727552237969331,-0.018725768219856
PRIMARY,TRANSITION_BREAKING,20,ERA_2022_2024,CALM,DRIFT,11,10,8,0.0096773240517284,0.7272727272727273,0.063690411440114,-0.0337695697465064
PRIMARY,TRANSITION_BREAKING,20,ERA_2022_2024,CALM,SCATTER,9,8,7,0.0108509874368121,0.6666666666666666,0.0444332541879635,-0.0468084915593783
PRIMARY,TRANSITION_BREAKING,20,ERA_2022_2024,DRIFT,CALM,9,9,8,0.0685980097303435,0.7777777777777778,0.0976886353414705,-0.0283237608564391
PRIMARY,TRANSITION_BREAKING,20,ERA_2022_2024,DRIFT,DRIFT,12,11,7,0.0050840010344055005,0.5833333333333334,0.05493479262546505,-0.04036312796231735
PRIMARY,TRANSITION_BREAKING,20,ERA_2022_2024,DRIFT,SCATTER,2,2,2,-0.03213425747433665,0.0,0.02035241837349435,-0.0542964456840263
PRIMARY,TRANSITION_BREAKING,20,ERA_2022_2024,SCATTER,CALM,16,15,10,0.0088621634134281,0.625,0.0704300198712665,-0.06578105647717836
PRIMARY,TRANSITION_BREAKING,20,ERA_2022_2024,SCATTER,DRIFT,2,2,2,0.011952626382239949,0.5,0.0637636288407482,-0.0418116683543759
PRIMARY,TRANSITION_BREAKING,20,ERA_2022_2024,SCATTER,RUSH,2,2,2,0.1625214548017076,1.0,0.1806265380756315,-0.03505378987013365
PRIMARY,TRANSITION_BREAKING,20,ERA_2022_2024,SCATTER,SCATTER,23,19,15,-0.0008955486667123,0.4782608695652174,0.0450135200474277,-0.0414194632067288
PRIMARY,TRANSITION_BREAKING,20,ERA_2025_2026,CALM,CALM,35,26,22,-0.035773080198471,0.34285714285714286,0.0402754889214402,-0.0693485914874085
PRIMARY,TRANSITION_BREAKING,20,ERA_2025_2026,CALM,DRIFT,10,10,9,0.0157133139705729,0.7,0.058686614151955446,-0.03987968376980735
PRIMARY,TRANSITION_BREAKING,20,ERA_2025_2026,CALM,RUSH,2,2,2,0.10541813919763915,1.0,0.1672978502078429,-0.020482508048810102
PRIMARY,TRANSITION_BREAKING,20,ERA_2025_2026,CALM,SCATTER,13,12,10,0.0337491509456977,0.5384615384615384,0.0718074035442595,-0.0526884749799356
PRIMARY,TRANSITION_BREAKING,20,ERA_2025_2026,DRIFT,SCATTER,1,1,1,-0.1198344336507912,0.0,0.044032982316418,-0.1356377189253209
PRIMARY,TRANSITION_BREAKING,20,ERA_2025_2026,SCATTER,CALM,2,2,1,0.2469417101629226,1.0,0.29157844878968275,-0.0118365028659652
PRIMARY,TRANSITION_BREAKING,20,ERA_2025_2026,SCATTER,SCATTER,2,2,2,0.1421203934557212,1.0,0.16473890894723361,-0.009181467063445
PRIMARY,TRANSITION_BREAKING,21,ERA_2013_2015,CALM,CALM,22,18,16,-0.0094271593904831,0.4090909090909091,0.03095225929782885,-0.04493901650796725
PRIMARY,TRANSITION_BREAKING,21,ERA_2013_2015,CALM,DRIFT,7,7,7,-0.0068683449941455,0.42857142857142855,0.0187189249873775,-0.0359151964016941
PRIMARY,TRANSITION_BREAKING,21,ERA_2013_2015,CALM,RUSH,2,2,2,-0.0199333686599045,0.0,0.0316692476083103,-0.036756946959886
PRIMARY,TRANSITION_BREAKING,21,ERA_2013_2015,CALM,SCATTER,5,5,4,-0.0084770852499868,0.4,0.0375297340213649,-0.0415745657745186
PRIMARY,TRANSITION_BREAKING,21,ERA_2013_2015,SCATTER,CALM,8,8,8,0.00872282510523475,0.625,0.03948009653992865,-0.0321623512986507
PRIMARY,TRANSITION_BREAKING,21,ERA_2013_2015,SCATTER,DRIFT,3,3,2,-0.0338925344449838,0.3333333333333333,0.0160959334594459,-0.0402549032623711
PRIMARY,TRANSITION_BREAKING,21,ERA_2013_2015,SCATTER,SCATTER,27,24,16,0.0332677488386938,0.7777777777777778,0.0781743442413567,-0.0292308037490037
PRIMARY,TRANSITION_BREAKING,21,ERA_2016_2018,CALM,CALM,36,28,14,0.004144527798158951,0.5555555555555556,0.0546861820252956,-0.03311777759401045
PRIMARY,TRANSITION_BREAKING,21,ERA_2016_2018,CALM,DRIFT,16,13,10,0.013413647695731001,0.625,0.0597742248392575,-0.024392705782305048
PRIMARY,TRANSITION_BREAKING,21,ERA_2016_2018,CALM,SCATTER,10,9,7,0.01481999787088845,0.8,0.0414636789829095,-0.03628547933558
PRIMARY,TRANSITION_BREAKING,21,ERA_2016_2018,DRIFT,CALM,15,13,10,0.0082889841567119,0.6,0.0447552833523914,-0.028407573334392
PRIMARY,TRANSITION_BREAKING,21,ERA_2016_2018,DRIFT,DRIFT,25,19,16,0.0046333795133832,0.52,0.0358395260394908,-0.0357459582731441
PRIMARY,TRANSITION_BREAKING,21,ERA_2016_2018,DRIFT,RUSH,1,1,1,0.0658484726347958,1.0,0.0699817791063259,-0.0021968815016386
PRIMARY,TRANSITION_BREAKING,21,ERA_2016_2018,DRIFT,SCATTER,4,4,3,0.028661283555723546,1.0,0.0566398061682549,-0.0219454069849829
PRIMARY,TRANSITION_BREAKING,21,ERA_2016_2018,SCATTER,CALM,6,5,6,0.0142847039802946,0.5,0.05692165783891665,-0.059033205430865
PRIMARY,TRANSITION_BREAKING,21,ERA_2016_2018,SCATTER,FLEE,4,4,4,0.06345414462721125,0.75,0.09622234533631875,-0.043782919543941104
PRIMARY,TRANSITION_BREAKING,21,ERA_2016_2018,SCATTER,SCATTER,24,19,9,-0.00048593359004529997,0.4583333333333333,0.0420141030839399,-0.0662165514649104
PRIMARY,TRANSITION_BREAKING,21,ERA_2019_2021,CALM,CALM,35,27,25,-0.0220044554465129,0.34285714285714286,0.0449285030462596,-0.0577993180441506
PRIMARY,TRANSITION_BREAKING,21,ERA_2019_2021,CALM,DRIFT,28,26,18,0.013759283319242999,0.6428571428571429,0.0460123295148695,-0.03760073497802595
PRIMARY,TRANSITION_BREAKING,21,ERA_2019_2021,CALM,RUSH,2,2,2,0.018218835277292754,0.5,0.06881602776660685,-0.0267312354593221
PRIMARY,TRANSITION_BREAKING,21,ERA_2019_2021,CALM,SCATTER,19,17,10,0.0642942762151912,0.8947368421052632,0.0754238892863667,-0.0212773163082482
PRIMARY,TRANSITION_BREAKING,21,ERA_2019_2021,DRIFT,CALM,11,10,9,0.0178050930316211,0.8181818181818182,0.0610136552921869,-0.0162708945085732
PRIMARY,TRANSITION_BREAKING,21,ERA_2019_2021,DRIFT,DRIFT,17,16,10,0.0341905417686849,0.7058823529411765,0.0554086421373711,-0.0465766758803276
PRIMARY,TRANSITION_BREAKING,21,ERA_2019_2021,DRIFT,SCATTER,2,2,2,0.03196495245709905,1.0,0.056527504416968605,-0.00989313060386845
PRIMARY,TRANSITION_BREAKING,21,ERA_2019_2021,FLEE,FLEE,5,5,1,0.2869409732135577,1.0,0.4008131499127565,-0.0532749376527842
PRIMARY,TRANSITION_BREAKING,21,ERA_2019_2021,FLEE,SCATTER,4,4,1,0.15536014373798535,1.0,0.2327474926359154,-0.04723877824442325
PRIMARY,TRANSITION_BREAKING,21,ERA_2019_2021,SCATTER,CALM,4,4,3,0.037874748683048805,0.75,0.08149357892910744,-0.035473395640379005
PRIMARY,TRANSITION_BREAKING,21,ERA_2019_2021,SCATTER,FLEE,1,1,1,-0.0085834763103097,0.0,0.1874110036779126,-0.1559369490103123
PRIMARY,TRANSITION_BREAKING,21,ERA_2019_2021,SCATTER,SCATTER,11,10,4,0.0566330041464719,0.9090909090909091,0.0789433608331717,-0.1265483766137342
PRIMARY,TRANSITION_BREAKING,21,ERA_2022_2024,CALM,CALM,31,27,20,0.0270753237956948,0.6774193548387096,0.080182771454681,-0.018725768219856
PRIMARY,TRANSITION_BREAKING,21,ERA_2022_2024,CALM,DRIFT,11,10,8,0.027997986585708,0.7272727272727273,0.0654314261330688,-0.0337695697465064
PRIMARY,TRANSITION_BREAKING,21,ERA_2022_2024,CALM,SCATTER,9,8,7,0.0274302531035006,0.7777777777777778,0.0494086992240589,-0.0468084915593783
PRIMARY,TRANSITION_BREAKING,21,ERA_2022_2024,DRIFT,CALM,9,9,8,0.08385010644599,0.7777777777777778,0.0976886353414705,-0.0283237608564391
PRIMARY,TRANSITION_BREAKING,21,ERA_2022_2024,DRIFT,DRIFT,12,11,7,0.0035943356380561497,0.5,0.05493479262546505,-0.0417776614819344
PRIMARY,TRANSITION_BREAKING,21,ERA_2022_2024,DRIFT,SCATTER,2,2,2,-0.024684785111619048,0.0,0.02035241837349435,-0.0542964456840263
PRIMARY,TRANSITION_BREAKING,21,ERA_2022_2024,SCATTER,CALM,16,15,10,0.0111787971594582,0.5625,0.0704300198712665,-0.06578105647717836
PRIMARY,TRANSITION_BREAKING,21,ERA_2022_2024,SCATTER,DRIFT,2,2,2,-0.0177811729634771,0.5,0.0637636288407482,-0.05410548061591515
PRIMARY,TRANSITION_BREAKING,21,ERA_2022_2024,SCATTER,RUSH,2,2,2,0.184601701094604,1.0,0.2086987999138986,-0.03505378987013365
PRIMARY,TRANSITION_BREAKING,21,ERA_2022_2024,SCATTER,SCATTER,23,19,15,-0.0143173522261798,0.43478260869565216,0.0450135200474277,-0.0414194632067288
PRIMARY,TRANSITION_BREAKING,21,ERA_2025_2026,CALM,CALM,35,26,22,-0.0343770240523696,0.4,0.0463100125046052,-0.0734421176784171
PRIMARY,TRANSITION_BREAKING,21,ERA_2025_2026,CALM,DRIFT,10,10,9,0.021482199327884352,0.7,0.058686614151955446,-0.03999787919205165
PRIMARY,TRANSITION_BREAKING,21,ERA_2025_2026,CALM,RUSH,2,2,2,0.0833476611301592,1.0,0.1672978502078429,-0.020482508048810102
PRIMARY,TRANSITION_BREAKING,21,ERA_2025_2026,CALM,SCATTER,13,12,10,0.0311506560355319,0.6153846153846154,0.0718074035442595,-0.0526884749799356
PRIMARY,TRANSITION_BREAKING,21,ERA_2025_2026,DRIFT,SCATTER,1,1,1,-0.1062460996115388,0.0,0.044032982316418,-0.1356377189253209
PRIMARY,TRANSITION_BREAKING,21,ERA_2025_2026,SCATTER,CALM,2,2,1,0.19394905612713004,1.0,0.29157844878968275,-0.0118365028659652
PRIMARY,TRANSITION_BREAKING,21,ERA_2025_2026,SCATTER,SCATTER,2,2,2,0.12230679847828212,0.5,0.16473890894723361,-0.0193733700693148
PRIMARY,TRANSITION_BREAKING,40,ERA_2013_2015,CALM,CALM,22,18,16,-0.01833396893404255,0.4090909090909091,0.0331501478972661,-0.05820320218992755
PRIMARY,TRANSITION_BREAKING,40,ERA_2013_2015,CALM,DRIFT,7,7,7,-0.0285897042584896,0.42857142857142855,0.0221804377544472,-0.0755326189677586
PRIMARY,TRANSITION_BREAKING,40,ERA_2013_2015,CALM,RUSH,2,2,2,-0.0304335884919329,0.0,0.0316692476083103,-0.04413826837991235
PRIMARY,TRANSITION_BREAKING,40,ERA_2013_2015,CALM,SCATTER,5,5,4,0.0654481868966858,0.8,0.0869380581136409,-0.0415852659445652
PRIMARY,TRANSITION_BREAKING,40,ERA_2013_2015,SCATTER,CALM,8,8,8,0.0340981134598441,0.625,0.057236305240028804,-0.03891036428272555
PRIMARY,TRANSITION_BREAKING,40,ERA_2013_2015,SCATTER,DRIFT,3,3,2,-0.0828341585188038,0.0,0.0160959334594459,-0.1022884326385707
PRIMARY,TRANSITION_BREAKING,40,ERA_2013_2015,SCATTER,SCATTER,27,24,16,0.0444527050287288,0.7777777777777778,0.0933643483774882,-0.0392511883981517
PRIMARY,TRANSITION_BREAKING,40,ERA_2016_2018,CALM,CALM,36,28,14,0.0418236416749968,0.7777777777777778,0.08778363464380645,-0.04182626306153535
PRIMARY,TRANSITION_BREAKING,40,ERA_2016_2018,CALM,DRIFT,16,13,10,0.0278952109920329,0.6875,0.07139809342278275,-0.03044918150844195
PRIMARY,TRANSITION_BREAKING,40,ERA_2016_2018,CALM,SCATTER,10,9,7,-0.0159863288574312,0.4,0.04776917881064065,-0.0494942162897155
PRIMARY,TRANSITION_BREAKING,40,ERA_2016_2018,DRIFT,CALM,15,13,10,0.0232557862504743,0.6666666666666666,0.060458262240747,-0.0508819301676808
PRIMARY,TRANSITION_BREAKING,40,ERA_2016_2018,DRIFT,DRIFT,25,19,16,0.0240286110273804,0.56,0.0566039151183472,-0.0412605439689577
PRIMARY,TRANSITION_BREAKING,40,ERA_2016_2018,DRIFT,RUSH,1,1,1,0.124987413442912,1.0,0.1808605432454388,-0.0021968815016386
PRIMARY,TRANSITION_BREAKING,40,ERA_2016_2018,DRIFT,SCATTER,4,4,3,0.0336291690667267,1.0,0.0611324393472876,-0.0219454069849829
PRIMARY,TRANSITION_BREAKING,40,ERA_2016_2018,SCATTER,CALM,6,5,6,0.0087597955642735,0.6666666666666666,0.07245588620670634,-0.059033205430865
PRIMARY,TRANSITION_BREAKING,40,ERA_2016_2018,SCATTER,FLEE,4,4,4,0.153900410270249,0.75,0.1693916748450786,-0.043782919543941104
PRIMARY,TRANSITION_BREAKING,40,ERA_2016_2018,SCATTER,SCATTER,24,19,9,0.02727798583395755,0.625,0.0702161993035913,-0.0821930689948531
PRIMARY,TRANSITION_BREAKING,40,ERA_2019_2021,CALM,CALM,35,27,25,-0.0008100680580975,0.4857142857142857,0.0569019688735348,-0.0619371193428152
PRIMARY,TRANSITION_BREAKING,40,ERA_2019_2021,CALM,DRIFT,28,26,18,0.06536973518301795,0.6785714285714286,0.09984692386140426,-0.06848734738681175
PRIMARY,TRANSITION_BREAKING,40,ERA_2019_2021,CALM,RUSH,2,2,2,0.04577939034267195,1.0,0.08407930775923855,-0.0267312354593221
PRIMARY,TRANSITION_BREAKING,40,ERA_2019_2021,CALM,SCATTER,19,17,10,0.042565564513896,0.7894736842105263,0.0850557661406237,-0.0256498958148788
PRIMARY,TRANSITION_BREAKING,40,ERA_2019_2021,DRIFT,CALM,11,10,9,0.0403683072941996,0.8181818181818182,0.0914826808076596,-0.0269268502439025
PRIMARY,TRANSITION_BREAKING,40,ERA_2019_2021,DRIFT,DRIFT,17,16,10,0.0460043203299145,0.7647058823529411,0.0974258066606854,-0.055857431458009
PRIMARY,TRANSITION_BREAKING,40,ERA_2019_2021,DRIFT,SCATTER,2,2,2,0.057597517588542,0.5,0.09006776684231539,-0.02040888953212935
PRIMARY,TRANSITION_BREAKING,40,ERA_2019_2021,FLEE,FLEE,5,5,1,0.4283168643589417,1.0,0.439106852033055,-0.0532749376527842
PRIMARY,TRANSITION_BREAKING,40,ERA_2019_2021,FLEE,SCATTER,4,4,1,0.33514659517974676,1.0,0.35504662611842724,-0.04723877824442325
PRIMARY,TRANSITION_BREAKING,40,ERA_2019_2021,SCATTER,CALM,4,4,3,-0.012908283814347696,0.5,0.10641885748402155,-0.07575091203913036
PRIMARY,TRANSITION_BREAKING,40,ERA_2019_2021,SCATTER,FLEE,1,1,1,-0.1144488627106616,0.0,0.1874110036779126,-0.1559369490103123
PRIMARY,TRANSITION_BREAKING,40,ERA_2019_2021,SCATTER,SCATTER,11,10,4,0.128201613195996,0.9090909090909091,0.1370155782269151,-0.1296170563741109
PRIMARY,TRANSITION_BREAKING,40,ERA_2022_2024,CALM,CALM,31,27,20,0.0405346071526933,0.6129032258064516,0.0973395779036365,-0.0416504622134955
PRIMARY,TRANSITION_BREAKING,40,ERA_2022_2024,CALM,DRIFT,11,10,8,0.0483357350609032,0.7272727272727273,0.0753545062911316,-0.0566271263442994
PRIMARY,TRANSITION_BREAKING,40,ERA_2022_2024,CALM,SCATTER,9,8,7,0.0765398424755845,0.7777777777777778,0.0985076485351583,-0.0468084915593783
PRIMARY,TRANSITION_BREAKING,40,ERA_2022_2024,DRIFT,CALM,9,9,8,0.0692660756854495,0.6666666666666666,0.1237362747861374,-0.0397052497524993
PRIMARY,TRANSITION_BREAKING,40,ERA_2022_2024,DRIFT,DRIFT,12,11,7,-0.03823810412064435,0.4166666666666667,0.05493479262546505,-0.07598809076844884
PRIMARY,TRANSITION_BREAKING,40,ERA_2022_2024,DRIFT,SCATTER,2,2,2,-0.029946492531877547,0.0,0.02035241837349435,-0.0636771691661143
PRIMARY,TRANSITION_BREAKING,40,ERA_2022_2024,SCATTER,CALM,16,15,10,0.12136788306856006,0.8125,0.1447931455551034,-0.07681157225702706
PRIMARY,TRANSITION_BREAKING,40,ERA_2022_2024,SCATTER,DRIFT,2,2,2,0.06091504045574035,0.5,0.0979968239522801,-0.0650710244849894
PRIMARY,TRANSITION_BREAKING,40,ERA_2022_2024,SCATTER,RUSH,2,2,2,0.05794085872139661,1.0,0.31391888135754753,-0.0598385441249806
PRIMARY,TRANSITION_BREAKING,40,ERA_2022_2024,SCATTER,SCATTER,23,19,15,0.0622603963012946,0.6521739130434783,0.092384106063136,-0.0532720224812214
PRIMARY,TRANSITION_BREAKING,40,ERA_2025_2026,CALM,CALM,32,24,20,0.01018596881694385,0.59375,0.0897355519173177,-0.1036000752597411
PRIMARY,TRANSITION_BREAKING,40,ERA_2025_2026,CALM,DRIFT,10,10,9,-0.0028602527158087497,0.4,0.08522895095555805,-0.05453619452635935
PRIMARY,TRANSITION_BREAKING,40,ERA_2025_2026,CALM,RUSH,2,2,2,0.08792873295105715,0.5,0.19422782839058644,-0.04444304754275875
PRIMARY,TRANSITION_BREAKING,40,ERA_2025_2026,CALM,SCATTER,13,12,10,0.0538780481753855,0.6153846153846154,0.1131245162156802,-0.0599182132478888
PRIMARY,TRANSITION_BREAKING,40,ERA_2025_2026,DRIFT,SCATTER,1,1,1,0.007366926006294,1.0,0.044032982316418,-0.1356377189253209
PRIMARY,TRANSITION_BREAKING,40,ERA_2025_2026,SCATTER,CALM,2,2,1,0.13153684062205145,1.0,0.29157844878968275,-0.0118365028659652
PRIMARY,TRANSITION_BREAKING,40,ERA_2025_2026,SCATTER,SCATTER,2,2,2,0.22387634199738712,1.0,0.2650030133738464,-0.025838219482785498
PRIMARY,TRANSITION_BREAKING,60,ERA_2013_2015,CALM,CALM,22,18,16,0.00803747520557925,0.5,0.08238001034513615,-0.0652705914032583
PRIMARY,TRANSITION_BREAKING,60,ERA_2013_2015,CALM,DRIFT,7,7,7,-0.0304961906161433,0.42857142857142855,0.0397176711263036,-0.0755326189677586
PRIMARY,TRANSITION_BREAKING,60,ERA_2013_2015,CALM,RUSH,2,2,2,-0.0477106431552213,0.0,0.0316692476083103,-0.06292503914159356
PRIMARY,TRANSITION_BREAKING,60,ERA_2013_2015,CALM,SCATTER,5,5,4,0.0540048320963311,0.8,0.0869380581136409,-0.0415852659445652
PRIMARY,TRANSITION_BREAKING,60,ERA_2013_2015,SCATTER,CALM,8,8,8,0.061537298887733946,0.875,0.0960720831867982,-0.04901669441275285
PRIMARY,TRANSITION_BREAKING,60,ERA_2013_2015,SCATTER,DRIFT,3,3,2,-0.1312400199025019,0.0,0.0160959334594459,-0.2146249293531662
PRIMARY,TRANSITION_BREAKING,60,ERA_2013_2015,SCATTER,SCATTER,27,24,16,0.0686031482741871,0.7777777777777778,0.1171718596629016,-0.050580324922049
PRIMARY,TRANSITION_BREAKING,60,ERA_2016_2018,CALM,CALM,36,28,14,0.07298484745256234,0.75,0.1120270128717463,-0.04383089710943735
PRIMARY,TRANSITION_BREAKING,60,ERA_2016_2018,CALM,DRIFT,16,13,10,0.0216886844327881,0.625,0.07139809342278275,-0.0445998135153772
PRIMARY,TRANSITION_BREAKING,60,ERA_2016_2018,CALM,SCATTER,10,9,7,0.00818420834331105,0.8,0.0571967069714991,-0.05419176758971225
PRIMARY,TRANSITION_BREAKING,60,ERA_2016_2018,DRIFT,CALM,15,13,10,-0.0007899945436878,0.4666666666666667,0.0717760734046042,-0.0538682024158612
PRIMARY,TRANSITION_BREAKING,60,ERA_2016_2018,DRIFT,DRIFT,25,19,16,0.0210765686972935,0.68,0.0637407593068066,-0.0577504964803805
PRIMARY,TRANSITION_BREAKING,60,ERA_2016_2018,DRIFT,RUSH,1,1,1,0.1951286693411213,1.0,0.2007292605089905,-0.0021968815016386
PRIMARY,TRANSITION_BREAKING,60,ERA_2016_2018,DRIFT,SCATTER,4,4,3,0.044258708968062443,0.75,0.09885232514228115,-0.029889280968001947
PRIMARY,TRANSITION_BREAKING,60,ERA_2016_2018,SCATTER,CALM,6,5,6,-0.009934149784578048,0.5,0.07245588620670634,-0.10782195611042894
PRIMARY,TRANSITION_BREAKING,60,ERA_2016_2018,SCATTER,FLEE,4,4,4,0.13327567392601156,1.0,0.18089907271981026,-0.043782919543941104
PRIMARY,TRANSITION_BREAKING,60,ERA_2016_2018,SCATTER,SCATTER,24,19,9,0.0817386173962175,0.75,0.08906211059247635,-0.0821930689948531
PRIMARY,TRANSITION_BREAKING,60,ERA_2019_2021,CALM,CALM,35,27,25,0.0226943236086847,0.5714285714285714,0.0955849970482154,-0.0655693503771461
PRIMARY,TRANSITION_BREAKING,60,ERA_2019_2021,CALM,DRIFT,28,26,18,0.05958839369495125,0.75,0.1077977672447222,-0.06848734738681175
PRIMARY,TRANSITION_BREAKING,60,ERA_2019_2021,CALM,RUSH,2,2,2,-0.002051238427231851,0.5,0.08407930775923855,-0.05173248740982745
PRIMARY,TRANSITION_BREAKING,60,ERA_2019_2021,CALM,SCATTER,19,17,10,0.0776062883713037,0.8421052631578947,0.1201386180801409,-0.0277689760171871
PRIMARY,TRANSITION_BREAKING,60,ERA_2019_2021,DRIFT,CALM,11,10,9,0.0144631232109857,0.6363636363636364,0.1182209057951171,-0.0371830309127801
PRIMARY,TRANSITION_BREAKING,60,ERA_2019_2021,DRIFT,DRIFT,17,16,10,0.0411582003071253,0.9411764705882353,0.1172612445901666,-0.0613588552903132
PRIMARY,TRANSITION_BREAKING,60,ERA_2019_2021,DRIFT,SCATTER,2,2,2,0.014709448056452003,0.5,0.0938139206983982,-0.044272963157645256
PRIMARY,TRANSITION_BREAKING,60,ERA_2019_2021,FLEE,FLEE,5,5,1,0.3559420907671207,1.0,0.5572050693086268,-0.0532749376527842
PRIMARY,TRANSITION_BREAKING,60,ERA_2019_2021,FLEE,SCATTER,4,4,1,0.37075804607687124,1.0,0.40874643131495564,-0.04723877824442325
PRIMARY,TRANSITION_BREAKING,60,ERA_2019_2021,SCATTER,CALM,4,4,3,-0.04890981568632925,0.25,0.11154889454837999,-0.1305359203747604
PRIMARY,TRANSITION_BREAKING,60,ERA_2019_2021,SCATTER,FLEE,1,1,1,0.1473538091452071,1.0,0.2260372069962024,-0.2160227361478686
PRIMARY,TRANSITION_BREAKING,60,ERA_2019_2021,SCATTER,SCATTER,11,10,4,0.1834086297177479,0.9090909090909091,0.2304131082161444,-0.1296170563741109
PRIMARY,TRANSITION_BREAKING,60,ERA_2022_2024,CALM,CALM,31,27,20,0.067193343349323,0.7096774193548387,0.1348659755703396,-0.0616163824792858
PRIMARY,TRANSITION_BREAKING,60,ERA_2022_2024,CALM,DRIFT,11,10,8,0.1149335762728769,0.8181818181818182,0.1508991023505346,-0.0566271263442994
PRIMARY,TRANSITION_BREAKING,60,ERA_2022_2024,CALM,SCATTER,9,8,7,0.0724927534930131,0.6666666666666666,0.1745267094540565,-0.0468084915593783
PRIMARY,TRANSITION_BREAKING,60,ERA_2022_2024,DRIFT,CALM,9,9,8,0.0504321701534016,0.7777777777777778,0.1738132283281301,-0.0471274908996802
PRIMARY,TRANSITION_BREAKING,60,ERA_2022_2024,DRIFT,DRIFT,12,11,7,-0.0133635041254887,0.5,0.0569423149771806,-0.07598809076844884
PRIMARY,TRANSITION_BREAKING,60,ERA_2022_2024,DRIFT,SCATTER,2,2,2,0.007177076641463748,0.5,0.025307056577916702,-0.06606055143657891
PRIMARY,TRANSITION_BREAKING,60,ERA_2022_2024,SCATTER,CALM,16,15,10,0.12414732907335775,0.75,0.17951769296878434,-0.08558605181594936
PRIMARY,TRANSITION_BREAKING,60,ERA_2022_2024,SCATTER,DRIFT,2,2,2,0.11102635605977548,0.5,0.15694204114811935,-0.0650710244849894
PRIMARY,TRANSITION_BREAKING,60,ERA_2022_2024,SCATTER,RUSH,2,2,2,-0.0255441432536306,0.0,0.31391888135754753,-0.1643187082240975
PRIMARY,TRANSITION_BREAKING,60,ERA_2022_2024,SCATTER,SCATTER,23,19,15,0.0625525319060968,0.6521739130434783,0.124476278739849,-0.0532720224812214
PRIMARY,TRANSITION_BREAKING,60,ERA_2025_2026,CALM,CALM,31,24,19,0.0002666542306022,0.5161290322580645,0.0959903475737862,-0.1426137296363526
PRIMARY,TRANSITION_BREAKING,60,ERA_2025_2026,CALM,DRIFT,8,8,7,0.014408271297763849,0.5,0.12049884716653479,-0.08210669416006375
PRIMARY,TRANSITION_BREAKING,60,ERA_2025_2026,CALM,RUSH,1,1,1,0.2599376091328431,1.0,0.3200178816478241,-0.0058348770647715
PRIMARY,TRANSITION_BREAKING,60,ERA_2025_2026,CALM,SCATTER,10,9,8,-0.020037570121392848,0.5,0.10441827939956361,-0.07973393632193296
PRIMARY,TRANSITION_BREAKING,60,ERA_2025_2026,DRIFT,SCATTER,1,1,1,0.0475340791587024,1.0,0.0543005580995394,-0.1356377189253209
PRIMARY,TRANSITION_BREAKING,60,ERA_2025_2026,SCATTER,CALM,2,2,1,0.21460681672611345,1.0,0.3019198844077646,-0.02844827132030105
PRIMARY,TRANSITION_BREAKING,60,ERA_2025_2026,SCATTER,SCATTER,2,2,2,0.14952702626200606,1.0,0.2688461105320295,-0.025838219482785498
PRIMARY,TRANSITION_BREAKING,63,ERA_2013_2015,CALM,CALM,22,18,16,0.0342352870586597,0.5454545454545454,0.0940806673851972,-0.06538152872570441
PRIMARY,TRANSITION_BREAKING,63,ERA_2013_2015,CALM,DRIFT,7,7,7,-0.0328059726276921,0.2857142857142857,0.0397176711263036,-0.0935704011562541
PRIMARY,TRANSITION_BREAKING,63,ERA_2013_2015,CALM,RUSH,2,2,2,-0.04983729154943175,0.0,0.0316692476083103,-0.07148606899386009
PRIMARY,TRANSITION_BREAKING,63,ERA_2013_2015,CALM,SCATTER,5,5,4,0.0646017764966691,0.6,0.0869380581136409,-0.0415852659445652
PRIMARY,TRANSITION_BREAKING,63,ERA_2013_2015,SCATTER,CALM,8,8,8,0.05742322174679125,0.875,0.09667104097115081,-0.04901669441275285
PRIMARY,TRANSITION_BREAKING,63,ERA_2013_2015,SCATTER,DRIFT,3,3,2,-0.093152759810929,0.0,0.0160959334594459,-0.2146249293531662
PRIMARY,TRANSITION_BREAKING,63,ERA_2013_2015,SCATTER,SCATTER,27,24,16,0.0701487091685733,0.8148148148148148,0.1171718596629016,-0.050580324922049
PRIMARY,TRANSITION_BREAKING,63,ERA_2016_2018,CALM,CALM,36,28,14,0.08244086873441439,0.75,0.11214958824006925,-0.04383089710943735
PRIMARY,TRANSITION_BREAKING,63,ERA_2016_2018,CALM,DRIFT,16,13,10,0.03377912942927915,0.625,0.07139809342278275,-0.0445998135153772
PRIMARY,TRANSITION_BREAKING,63,ERA_2016_2018,CALM,SCATTER,10,9,7,0.00740126501963245,0.7,0.0584721017523941,-0.05419176758971225
PRIMARY,TRANSITION_BREAKING,63,ERA_2016_2018,DRIFT,CALM,15,13,10,0.0104040329713865,0.5333333333333333,0.0717760734046042,-0.0538682024158612
PRIMARY,TRANSITION_BREAKING,63,ERA_2016_2018,DRIFT,DRIFT,25,19,16,0.038469143798411,0.6,0.0685428081570345,-0.0577504964803805
PRIMARY,TRANSITION_BREAKING,63,ERA_2016_2018,DRIFT,RUSH,1,1,1,0.2068631920599162,1.0,0.2249984853054987,-0.0021968815016386
PRIMARY,TRANSITION_BREAKING,63,ERA_2016_2018,DRIFT,SCATTER,4,4,3,0.049324460506067605,0.75,0.09885232514228115,-0.029889280968001947
PRIMARY,TRANSITION_BREAKING,63,ERA_2016_2018,SCATTER,CALM,6,5,6,0.01994303239379485,0.6666666666666666,0.07245588620670634,-0.10782195611042894
PRIMARY,TRANSITION_BREAKING,63,ERA_2016_2018,SCATTER,FLEE,4,4,4,0.11586174639320865,1.0,0.18089907271981026,-0.043782919543941104
PRIMARY,TRANSITION_BREAKING,63,ERA_2016_2018,SCATTER,SCATTER,24,19,9,0.07840052075519904,0.75,0.0962252088221868,-0.0821930689948531
PRIMARY,TRANSITION_BREAKING,63,ERA_2019_2021,CALM,CALM,35,27,25,0.0257057336547812,0.5428571428571428,0.0955849970482154,-0.0655693503771461
PRIMARY,TRANSITION_BREAKING,63,ERA_2019_2021,CALM,DRIFT,28,26,18,0.06024787536673565,0.7857142857142857,0.1077977672447222,-0.06848734738681175
PRIMARY,TRANSITION_BREAKING,63,ERA_2019_2021,CALM,RUSH,2,2,2,-0.0042787524223944495,0.5,0.08407930775923855,-0.05734497681755055
PRIMARY,TRANSITION_BREAKING,63,ERA_2019_2021,CALM,SCATTER,19,17,10,0.0708153669469389,0.7368421052631579,0.1201386180801409,-0.0277689760171871
PRIMARY,TRANSITION_BREAKING,63,ERA_2019_2021,DRIFT,CALM,11,10,9,0.0010229909962777,0.6363636363636364,0.1182209057951171,-0.0371830309127801
PRIMARY,TRANSITION_BREAKING,63,ERA_2019_2021,DRIFT,DRIFT,17,16,10,0.077313697951691,1.0,0.1175668140200423,-0.0613588552903132
PRIMARY,TRANSITION_BREAKING,63,ERA_2019_2021,DRIFT,SCATTER,2,2,2,0.0018939937479404007,0.5,0.0938139206983982,-0.044272963157645256
PRIMARY,TRANSITION_BREAKING,63,ERA_2019_2021,FLEE,FLEE,5,5,1,0.3794500751335601,1.0,0.5572050693086268,-0.0532749376527842
PRIMARY,TRANSITION_BREAKING,63,ERA_2019_2021,FLEE,SCATTER,4,4,1,0.3871660819725792,1.0,0.42395041297513664,-0.04723877824442325
PRIMARY,TRANSITION_BREAKING,63,ERA_2019_2021,SCATTER,CALM,4,4,3,-0.09726910757053954,0.25,0.11154889454837999,-0.1701810765129792
PRIMARY,TRANSITION_BREAKING,63,ERA_2019_2021,SCATTER,FLEE,1,1,1,0.0371963300207702,1.0,0.2260372069962024,-0.2160227361478686
PRIMARY,TRANSITION_BREAKING,63,ERA_2019_2021,SCATTER,SCATTER,11,10,4,0.1583342084574646,0.9090909090909091,0.2705346656775385,-0.1296170563741109
PRIMARY,TRANSITION_BREAKING,63,ERA_2022_2024,CALM,CALM,31,27,20,0.0868107753553681,0.7419354838709677,0.1348659755703396,-0.0616163824792858
PRIMARY,TRANSITION_BREAKING,63,ERA_2022_2024,CALM,DRIFT,11,10,8,0.1246573984626244,0.8181818181818182,0.1508991023505346,-0.0566271263442994
PRIMARY,TRANSITION_BREAKING,63,ERA_2022_2024,CALM,SCATTER,9,8,7,0.0674225667355992,0.6666666666666666,0.1745267094540565,-0.0468084915593783
PRIMARY,TRANSITION_BREAKING,63,ERA_2022_2024,DRIFT,CALM,9,9,8,0.0605432248814448,0.7777777777777778,0.1810412865583202,-0.0471274908996802
PRIMARY,TRANSITION_BREAKING,63,ERA_2022_2024,DRIFT,DRIFT,12,11,7,0.006420626171662799,0.5,0.0569423149771806,-0.07598809076844884
PRIMARY,TRANSITION_BREAKING,63,ERA_2022_2024,DRIFT,SCATTER,2,2,2,0.0202720195023181,0.5,0.0355475676474431,-0.06606055143657891
PRIMARY,TRANSITION_BREAKING,63,ERA_2022_2024,SCATTER,CALM,16,15,10,0.12072685767697194,0.75,0.17951769296878434,-0.08558605181594936
PRIMARY,TRANSITION_BREAKING,63,ERA_2022_2024,SCATTER,DRIFT,2,2,2,0.08657611984376934,0.5,0.15694204114811935,-0.0650710244849894
PRIMARY,TRANSITION_BREAKING,63,ERA_2022_2024,SCATTER,RUSH,2,2,2,-0.0209620201161536,0.5,0.31391888135754753,-0.1643187082240975
PRIMARY,TRANSITION_BREAKING,63,ERA_2022_2024,SCATTER,SCATTER,23,19,15,0.0645910981415565,0.6521739130434783,0.1279222083830637,-0.0532720224812214
PRIMARY,TRANSITION_BREAKING,63,ERA_2025_2026,CALM,CALM,31,24,19,0.0167457029638793,0.5806451612903226,0.0987573032919635,-0.1426137296363526
PRIMARY,TRANSITION_BREAKING,63,ERA_2025_2026,CALM,DRIFT,8,8,7,-0.029021155728607403,0.375,0.12049884716653479,-0.09102441159526745
PRIMARY,TRANSITION_BREAKING,63,ERA_2025_2026,CALM,RUSH,1,1,1,0.2673822240064205,1.0,0.3200178816478241,-0.0058348770647715
PRIMARY,TRANSITION_BREAKING,63,ERA_2025_2026,CALM,SCATTER,10,9,8,-0.0606919980443354,0.4,0.10441827939956361,-0.09416099528725375
PRIMARY,TRANSITION_BREAKING,63,ERA_2025_2026,DRIFT,SCATTER,1,1,1,0.0503801415010305,1.0,0.0804916284839787,-0.1356377189253209
PRIMARY,TRANSITION_BREAKING,63,ERA_2025_2026,SCATTER,CALM,2,2,1,0.17121621389934644,1.0,0.3036743263643782,-0.02844827132030105
PRIMARY,TRANSITION_BREAKING,63,ERA_2025_2026,SCATTER,SCATTER,2,2,2,0.15627478798584182,1.0,0.2688461105320295,-0.025838219482785498
PRIMARY,TRANSITION_BREAKING,126,ERA_2013_2015,CALM,CALM,22,18,16,0.05562585251115999,0.5909090909090909,0.11773639578841975,-0.0899481245953262
PRIMARY,TRANSITION_BREAKING,126,ERA_2013_2015,CALM,DRIFT,7,7,7,0.0135868053805978,0.7142857142857143,0.0567795793908254,-0.1201415521234565
PRIMARY,TRANSITION_BREAKING,126,ERA_2013_2015,CALM,RUSH,2,2,2,-0.0402410528237211,0.0,0.0316692476083103,-0.10148647974135869
PRIMARY,TRANSITION_BREAKING,126,ERA_2013_2015,CALM,SCATTER,5,5,4,-0.0040601284386906,0.4,0.107085256485877,-0.1871395693271682
PRIMARY,TRANSITION_BREAKING,126,ERA_2013_2015,SCATTER,CALM,8,8,8,0.08863952441302031,0.75,0.14350859055886583,-0.0572857005123963
PRIMARY,TRANSITION_BREAKING,126,ERA_2013_2015,SCATTER,DRIFT,3,3,2,-0.1616162906757259,0.0,0.0160959334594459,-0.2528259046870936
PRIMARY,TRANSITION_BREAKING,126,ERA_2013_2015,SCATTER,SCATTER,27,24,16,0.0585632049812165,0.6666666666666666,0.1421725134305691,-0.0642644906389479
PRIMARY,TRANSITION_BREAKING,126,ERA_2016_2018,CALM,CALM,36,28,14,0.10375004349419556,0.8333333333333334,0.16303115141860944,-0.047650459028089245
PRIMARY,TRANSITION_BREAKING,126,ERA_2016_2018,CALM,DRIFT,16,13,10,0.0412662690887566,0.75,0.1301220982722879,-0.04801265714795065
PRIMARY,TRANSITION_BREAKING,126,ERA_2016_2018,CALM,SCATTER,10,9,7,0.074875403223046,0.9,0.0903304843623424,-0.05419176758971225
PRIMARY,TRANSITION_BREAKING,126,ERA_2016_2018,DRIFT,CALM,15,13,10,-0.0092777289189893,0.4666666666666667,0.0717760734046042,-0.0664123339287832
PRIMARY,TRANSITION_BREAKING,126,ERA_2016_2018,DRIFT,DRIFT,25,19,16,0.084891684309051,0.68,0.1260227227086405,-0.0668360574016857
PRIMARY,TRANSITION_BREAKING,126,ERA_2016_2018,DRIFT,RUSH,1,1,1,0.3362439339374419,1.0,0.3620833522912736,-0.0021968815016386
PRIMARY,TRANSITION_BREAKING,126,ERA_2016_2018,DRIFT,SCATTER,4,4,3,0.2020651037829515,1.0,0.21748249372469297,-0.029889280968001947
PRIMARY,TRANSITION_BREAKING,126,ERA_2016_2018,SCATTER,CALM,6,5,6,0.1305867656790231,0.8333333333333334,0.1351861572444198,-0.10782195611042894
PRIMARY,TRANSITION_BREAKING,126,ERA_2016_2018,SCATTER,FLEE,4,4,4,0.0987177013026872,1.0,0.2108680145799889,-0.06520181928407676
PRIMARY,TRANSITION_BREAKING,126,ERA_2016_2018,SCATTER,SCATTER,24,19,9,0.121288163419143,0.8333333333333334,0.15910635256131084,-0.08327271687502466
PRIMARY,TRANSITION_BREAKING,126,ERA_2019_2021,CALM,CALM,35,27,25,0.0018563129352222,0.5142857142857142,0.1590675249695452,-0.1921624459630947
PRIMARY,TRANSITION_BREAKING,126,ERA_2019_2021,CALM,DRIFT,28,26,18,0.10280691390585969,0.8214285714285714,0.17482364354911772,-0.08580664151148626
PRIMARY,TRANSITION_BREAKING,126,ERA_2019_2021,CALM,RUSH,2,2,2,0.1704051446398973,1.0,0.17482518295842503,-0.07588536578594815
PRIMARY,TRANSITION_BREAKING,126,ERA_2019_2021,CALM,SCATTER,19,17,10,0.03355281179878,0.631578947368421,0.1826460717997202,-0.1061941775453824
PRIMARY,TRANSITION_BREAKING,126,ERA_2019_2021,DRIFT,CALM,11,10,9,0.1272790883797061,0.7272727272727273,0.1804881760689434,-0.1076257848843597
PRIMARY,TRANSITION_BREAKING,126,ERA_2019_2021,DRIFT,DRIFT,17,16,10,0.1939878878922278,0.9411764705882353,0.2919870970816358,-0.0613588552903132
PRIMARY,TRANSITION_BREAKING,126,ERA_2019_2021,DRIFT,SCATTER,2,2,2,0.023014895126820752,0.5,0.09565399658795974,-0.044272963157645256
PRIMARY,TRANSITION_BREAKING,126,ERA_2019_2021,FLEE,FLEE,5,5,1,0.5742235179200452,1.0,0.7502437591093343,-0.0532749376527842
PRIMARY,TRANSITION_BREAKING,126,ERA_2019_2021,FLEE,SCATTER,4,4,1,0.4251587095127334,1.0,0.6118745678174647,-0.04723877824442325
PRIMARY,TRANSITION_BREAKING,126,ERA_2019_2021,SCATTER,CALM,4,4,3,-0.1555157108377827,0.25,0.11154889454837999,-0.2478359146623207
PRIMARY,TRANSITION_BREAKING,126,ERA_2019_2021,SCATTER,FLEE,1,1,1,-0.1475076767430591,0.0,0.2260372069962024,-0.2160227361478686
PRIMARY,TRANSITION_BREAKING,126,ERA_2019_2021,SCATTER,SCATTER,11,10,4,0.2122262668321335,0.9090909090909091,0.3057261248323215,-0.141334940939878
PRIMARY,TRANSITION_BREAKING,126,ERA_2022_2024,CALM,CALM,31,27,20,0.1703510321011745,0.8064516129032258,0.2515906408296617,-0.0616163824792858
PRIMARY,TRANSITION_BREAKING,126,ERA_2022_2024,CALM,DRIFT,11,10,8,0.2450187199851126,0.9090909090909091,0.285533609200298,-0.0566271263442994
PRIMARY,TRANSITION_BREAKING,126,ERA_2022_2024,CALM,SCATTER,9,8,7,0.1540130734438922,0.8888888888888888,0.20193910648744,-0.0844225797852039
PRIMARY,TRANSITION_BREAKING,126,ERA_2022_2024,DRIFT,CALM,9,9,8,0.2036530146583541,0.6666666666666666,0.2743248818391532,-0.0610798979973791
PRIMARY,TRANSITION_BREAKING,126,ERA_2022_2024,DRIFT,DRIFT,12,11,7,0.060134251689476045,0.75,0.15543817730353535,-0.07598809076844884
PRIMARY,TRANSITION_BREAKING,126,ERA_2022_2024,DRIFT,SCATTER,2,2,2,0.0746038645826614,1.0,0.1460131266146115,-0.06606055143657891
PRIMARY,TRANSITION_BREAKING,126,ERA_2022_2024,SCATTER,CALM,16,15,10,0.28348756985464196,0.75,0.3668064409298145,-0.08904009987940205
PRIMARY,TRANSITION_BREAKING,126,ERA_2022_2024,SCATTER,DRIFT,2,2,2,0.012266223210155497,0.5,0.15694204114811935,-0.16898884036295525
PRIMARY,TRANSITION_BREAKING,126,ERA_2022_2024,SCATTER,RUSH,2,2,2,0.2953534085287006,1.0,0.33651212809672665,-0.1643187082240975
PRIMARY,TRANSITION_BREAKING,126,ERA_2022_2024,SCATTER,SCATTER,23,19,15,0.0827667277178796,0.6521739130434783,0.1528613010049651,-0.0532720224812214
PRIMARY,TRANSITION_BREAKING,126,ERA_2025_2026,CALM,CALM,28,22,16,0.10926279106953915,0.6785714285714286,0.17754245384781786,-0.1720691040127687
PRIMARY,TRANSITION_BREAKING,126,ERA_2025_2026,CALM,DRIFT,7,7,6,0.0960260621722834,0.5714285714285714,0.2996677714118867,-0.1588555176911017
PRIMARY,TRANSITION_BREAKING,126,ERA_2025_2026,CALM,SCATTER,10,9,8,0.023846999441003252,0.6,0.13861698759032715,-0.1965172393585165
PRIMARY,TRANSITION_BREAKING,126,ERA_2025_2026,SCATTER,SCATTER,1,1,1,0.279436751182714,1.0,0.2874792953187957,-0.0360841236806315
PRIMARY,TRANSITION_BREAKING,130,ERA_2013_2015,CALM,CALM,22,18,16,0.03530995196013205,0.5909090909090909,0.11773639578841975,-0.09664917135464385
PRIMARY,TRANSITION_BREAKING,130,ERA_2013_2015,CALM,DRIFT,7,7,7,0.0259345378691526,0.5714285714285714,0.0668080727227882,-0.1201415521234565
PRIMARY,TRANSITION_BREAKING,130,ERA_2013_2015,CALM,RUSH,2,2,2,-0.044604891863740295,0.0,0.0316692476083103,-0.10148647974135869
PRIMARY,TRANSITION_BREAKING,130,ERA_2013_2015,CALM,SCATTER,5,5,4,-0.0325992601925091,0.4,0.107085256485877,-0.1871395693271682
PRIMARY,TRANSITION_BREAKING,130,ERA_2013_2015,SCATTER,CALM,8,8,8,0.10517996847361015,0.75,0.15175402028465385,-0.0572857005123963
PRIMARY,TRANSITION_BREAKING,130,ERA_2013_2015,SCATTER,DRIFT,3,3,2,-0.1271453001638525,0.0,0.0160959334594459,-0.2528259046870936
PRIMARY,TRANSITION_BREAKING,130,ERA_2013_2015,SCATTER,SCATTER,27,24,16,0.0651591076607625,0.6666666666666666,0.1421725134305691,-0.0642644906389479
PRIMARY,TRANSITION_BREAKING,130,ERA_2016_2018,CALM,CALM,36,28,14,0.09902756233813301,0.8055555555555556,0.16303115141860944,-0.04819589599231135
PRIMARY,TRANSITION_BREAKING,130,ERA_2016_2018,CALM,DRIFT,16,13,10,0.05702785749612224,0.75,0.1301220982722879,-0.04801265714795065
PRIMARY,TRANSITION_BREAKING,130,ERA_2016_2018,CALM,SCATTER,10,9,7,0.07922901850556835,0.9,0.09291296718259914,-0.05419176758971225
PRIMARY,TRANSITION_BREAKING,130,ERA_2016_2018,DRIFT,CALM,15,13,10,-0.0066035299774358,0.4666666666666667,0.0742453256703177,-0.0664123339287832
PRIMARY,TRANSITION_BREAKING,130,ERA_2016_2018,DRIFT,DRIFT,25,19,16,0.104074010741799,0.68,0.1260227227086405,-0.0668360574016857
PRIMARY,TRANSITION_BREAKING,130,ERA_2016_2018,DRIFT,RUSH,1,1,1,0.3429207858015839,1.0,0.3620833522912736,-0.0021968815016386
PRIMARY,TRANSITION_BREAKING,130,ERA_2016_2018,DRIFT,SCATTER,4,4,3,0.2051286198488924,1.0,0.2203472918968544,-0.029889280968001947
PRIMARY,TRANSITION_BREAKING,130,ERA_2016_2018,SCATTER,CALM,6,5,6,0.1299615302364196,0.8333333333333334,0.13916095158795427,-0.10782195611042894
PRIMARY,TRANSITION_BREAKING,130,ERA_2016_2018,SCATTER,FLEE,4,4,4,0.1043856333607329,0.75,0.2108680145799889,-0.06520181928407676
PRIMARY,TRANSITION_BREAKING,130,ERA_2016_2018,SCATTER,SCATTER,24,19,9,0.1162776246165722,0.8333333333333334,0.16291623007553674,-0.08327271687502466
PRIMARY,TRANSITION_BREAKING,130,ERA_2019_2021,CALM,CALM,35,27,25,0.0063019968676272,0.5142857142857142,0.1772855740873351,-0.1921624459630947
PRIMARY,TRANSITION_BREAKING,130,ERA_2019_2021,CALM,DRIFT,28,26,18,0.1207893883103805,0.8214285714285714,0.17482364354911772,-0.08580664151148626
PRIMARY,TRANSITION_BREAKING,130,ERA_2019_2021,CALM,RUSH,2,2,2,0.18429735532559005,1.0,0.1964389735016912,-0.07588536578594815
PRIMARY,TRANSITION_BREAKING,130,ERA_2019_2021,CALM,SCATTER,19,17,10,0.0425744697613839,0.6842105263157895,0.1914438992336202,-0.1061941775453824
PRIMARY,TRANSITION_BREAKING,130,ERA_2019_2021,DRIFT,CALM,11,10,9,0.1249663506744001,0.7272727272727273,0.1804881760689434,-0.1076257848843597
PRIMARY,TRANSITION_BREAKING,130,ERA_2019_2021,DRIFT,DRIFT,17,16,10,0.1996095897025023,0.9411764705882353,0.2919870970816358,-0.0613588552903132
PRIMARY,TRANSITION_BREAKING,130,ERA_2019_2021,DRIFT,SCATTER,2,2,2,0.04243656711672329,0.5,0.09565399658795974,-0.05835432481058435
PRIMARY,TRANSITION_BREAKING,130,ERA_2019_2021,FLEE,FLEE,5,5,1,0.502524346636291,1.0,0.7502437591093343,-0.0532749376527842
PRIMARY,TRANSITION_BREAKING,130,ERA_2019_2021,FLEE,SCATTER,4,4,1,0.4106632813868752,1.0,0.6118745678174647,-0.04723877824442325
PRIMARY,TRANSITION_BREAKING,130,ERA_2019_2021,SCATTER,CALM,4,4,3,-0.19723401545742592,0.25,0.11154889454837999,-0.2478359146623207
PRIMARY,TRANSITION_BREAKING,130,ERA_2019_2021,SCATTER,FLEE,1,1,1,0.0100961498061522,1.0,0.2260372069962024,-0.2160227361478686
PRIMARY,TRANSITION_BREAKING,130,ERA_2019_2021,SCATTER,SCATTER,11,10,4,0.2072224401909739,0.9090909090909091,0.3057261248323215,-0.141334940939878
PRIMARY,TRANSITION_BREAKING,130,ERA_2022_2024,CALM,CALM,31,27,20,0.1296158599447576,0.7419354838709677,0.2515906408296617,-0.0616163824792858
PRIMARY,TRANSITION_BREAKING,130,ERA_2022_2024,CALM,DRIFT,11,10,8,0.2394314628190585,0.9090909090909091,0.285533609200298,-0.0566271263442994
PRIMARY,TRANSITION_BREAKING,130,ERA_2022_2024,CALM,SCATTER,9,8,7,0.1307407638175393,1.0,0.20193910648744,-0.0844225797852039
PRIMARY,TRANSITION_BREAKING,130,ERA_2022_2024,DRIFT,CALM,9,9,8,0.1162604878338708,0.6666666666666666,0.2743248818391532,-0.0610798979973791
PRIMARY,TRANSITION_BREAKING,130,ERA_2022_2024,DRIFT,DRIFT,12,11,7,0.08018280853071885,0.8333333333333334,0.1646557543776928,-0.07598809076844884
PRIMARY,TRANSITION_BREAKING,130,ERA_2022_2024,DRIFT,SCATTER,2,2,2,0.049631699025874,1.0,0.1460131266146115,-0.06606055143657891
PRIMARY,TRANSITION_BREAKING,130,ERA_2022_2024,SCATTER,CALM,16,15,10,0.2887160128567981,0.8125,0.3668064409298145,-0.08904009987940205
PRIMARY,TRANSITION_BREAKING,130,ERA_2022_2024,SCATTER,DRIFT,2,2,2,0.030454099674663407,0.5,0.15694204114811935,-0.16898884036295525
PRIMARY,TRANSITION_BREAKING,130,ERA_2022_2024,SCATTER,RUSH,2,2,2,0.32850030152438475,1.0,0.36168865192513633,-0.1643187082240975
PRIMARY,TRANSITION_BREAKING,130,ERA_2022_2024,SCATTER,SCATTER,23,19,15,0.0687261634238687,0.6956521739130435,0.1538145095307939,-0.0532720224812214
PRIMARY,TRANSITION_BREAKING,130,ERA_2025_2026,CALM,CALM,27,22,15,0.1157133450295047,0.6296296296296297,0.1534448164698592,-0.1727402198359536
PRIMARY,TRANSITION_BREAKING,130,ERA_2025_2026,CALM,DRIFT,7,7,6,0.066350202876275,0.5714285714285714,0.2996677714118867,-0.1588555176911017
PRIMARY,TRANSITION_BREAKING,130,ERA_2025_2026,CALM,SCATTER,10,9,8,0.01600763542010225,0.6,0.1399856951150753,-0.1965172393585165
PRIMARY,TRANSITION_BREAKING,130,ERA_2025_2026,SCATTER,SCATTER,1,1,1,0.2949856982590915,1.0,0.3028941671533671,-0.0360841236806315
PRIMARY,TRANSITION_COOLING,5,ERA_2013_2015,CALM,CALM,3,3,3,-0.0313541498796329,0.0,0.0095621775132725,-0.036348675679796
PRIMARY,TRANSITION_COOLING,5,ERA_2013_2015,CALM,DRIFT,5,5,5,0.0157781376864745,0.6,0.0246806906163818,-0.0010536232358316
PRIMARY,TRANSITION_COOLING,5,ERA_2013_2015,CALM,SCATTER,1,1,1,0.0039540678781886,1.0,0.0093271246132669,-0.0093271971193362
PRIMARY,TRANSITION_COOLING,5,ERA_2013_2015,SCATTER,CALM,1,1,1,0.0194431280872651,1.0,0.0303427450880142,-0.0030932255396504
PRIMARY,TRANSITION_COOLING,5,ERA_2016_2018,CALM,CALM,3,3,3,0.0172390562218986,0.6666666666666666,0.0214863600552506,-0.0059237963640257
PRIMARY,TRANSITION_COOLING,5,ERA_2016_2018,CALM,DRIFT,4,4,4,0.0014201036176823,0.5,0.01730175758641445,-0.0156476181817157
PRIMARY,TRANSITION_COOLING,5,ERA_2016_2018,CALM,RUSH,3,3,3,0.0161423359593364,1.0,0.0251037730618286,-0.0060508882397514
PRIMARY,TRANSITION_COOLING,5,ERA_2016_2018,DRIFT,CALM,3,3,3,0.0117262607507238,0.6666666666666666,0.026450965700862,-0.0119403931651614
PRIMARY,TRANSITION_COOLING,5,ERA_2016_2018,DRIFT,DRIFT,14,12,10,-0.00498989186979375,0.21428571428571427,0.00953122663004175,-0.015192365052841252
PRIMARY,TRANSITION_COOLING,5,ERA_2016_2018,DRIFT,RUSH,1,1,1,0.0064620463869584,1.0,0.0297811407329604,-0.0138602134756938
PRIMARY,TRANSITION_COOLING,5,ERA_2016_2018,SCATTER,CALM,1,1,1,0.0161187538474365,1.0,0.0191070884029387,-0.0496240124533112
PRIMARY,TRANSITION_COOLING,5,ERA_2016_2018,SCATTER,SCATTER,1,1,1,-0.0623984831023817,0.0,0.0142183943321976,-0.0659734130184666
PRIMARY,TRANSITION_COOLING,5,ERA_2019_2021,CALM,CALM,6,6,6,-0.0046014330994782,0.3333333333333333,0.020937894807312202,-0.021078840186064603
PRIMARY,TRANSITION_COOLING,5,ERA_2019_2021,CALM,DRIFT,13,12,11,-0.0084285506794419,0.46153846153846156,0.0206976927393123,-0.0152913649621607
PRIMARY,TRANSITION_COOLING,5,ERA_2019_2021,CALM,RUSH,1,1,1,0.0503935777965052,1.0,0.0733858477154327,-0.002519682519685
PRIMARY,TRANSITION_COOLING,5,ERA_2019_2021,CALM,SCATTER,2,2,1,0.0314444910738159,1.0,0.038019066122130504,-0.01625041145734275
PRIMARY,TRANSITION_COOLING,5,ERA_2019_2021,DRIFT,CALM,1,1,1,0.0424257708495816,1.0,0.0480316116568995,-0.0115939893013279
PRIMARY,TRANSITION_COOLING,5,ERA_2019_2021,DRIFT,DRIFT,8,8,6,0.006968055915350199,0.875,0.026022507113073252,-0.0148066646864915
PRIMARY,TRANSITION_COOLING,5,ERA_2019_2021,DRIFT,RUSH,3,3,2,0.0200955397571795,0.6666666666666666,0.0612309824024375,-0.0044434092506641
PRIMARY,TRANSITION_COOLING,5,ERA_2019_2021,SCATTER,SCATTER,1,1,1,0.0523203115180797,1.0,0.0643371923060305,-0.0171935717770561
PRIMARY,TRANSITION_COOLING,5,ERA_2022_2024,CALM,CALM,11,7,10,-0.0035891354887075,0.45454545454545453,0.0227306204200805,-0.0236279614927935
PRIMARY,TRANSITION_COOLING,5,ERA_2022_2024,CALM,DRIFT,4,4,3,-0.0023435349445221003,0.5,0.01517264975448145,-0.024981634997376802
PRIMARY,TRANSITION_COOLING,5,ERA_2022_2024,CALM,SCATTER,2,2,2,0.027966777467441303,1.0,0.0401113873785727,-0.0160506018542589
PRIMARY,TRANSITION_COOLING,5,ERA_2022_2024,DRIFT,CALM,2,2,2,0.010186538845046451,1.0,0.01692184058878805,-0.004652626414649599
PRIMARY,TRANSITION_COOLING,5,ERA_2022_2024,DRIFT,DRIFT,7,7,5,0.0164135808239134,1.0,0.0216659352022556,-0.012064064617118
PRIMARY,TRANSITION_COOLING,5,ERA_2022_2024,DRIFT,RUSH,3,3,2,0.0394562307813624,0.6666666666666666,0.0585091915959632,-0.0032153423290487
PRIMARY,TRANSITION_COOLING,5,ERA_2022_2024,DRIFT,SCATTER,1,1,1,0.0319951283635313,1.0,0.0406326432453194,-0.0024330530099854
PRIMARY,TRANSITION_COOLING,5,ERA_2022_2024,SCATTER,CALM,1,1,1,0.0994783087960919,1.0,0.1061706451731649,-0.0083938913257527
PRIMARY,TRANSITION_COOLING,5,ERA_2022_2024,SCATTER,SCATTER,3,3,3,0.003371949632398,0.6666666666666666,0.0118007597010334,-0.0229205915106274
PRIMARY,TRANSITION_COOLING,5,ERA_2025_2026,CALM,CALM,4,4,4,-0.00693855062572255,0.5,0.021782246655130698,-0.0239742875103842
PRIMARY,TRANSITION_COOLING,5,ERA_2025_2026,CALM,DRIFT,10,7,8,-0.012903346016103899,0.4,0.0190410335932703,-0.035958001245591
PRIMARY,TRANSITION_COOLING,5,ERA_2025_2026,CALM,RUSH,2,2,2,0.0492405770984905,1.0,0.0780823232581119,-0.00676729192630375
PRIMARY,TRANSITION_COOLING,5,ERA_2025_2026,CALM,SCATTER,3,3,3,0.0205576755835799,0.6666666666666666,0.0216934413497258,-0.0111874680072326
PRIMARY,TRANSITION_COOLING,5,ERA_2025_2026,SCATTER,CALM,1,1,1,0.0128475268058554,1.0,0.0222409381593051,-0.0217354326164913
PRIMARY,TRANSITION_COOLING,10,ERA_2013_2015,CALM,CALM,3,3,3,-0.0477249316228489,0.0,0.0095621775132725,-0.0591013327473771
PRIMARY,TRANSITION_COOLING,10,ERA_2013_2015,CALM,DRIFT,5,5,5,-0.0230610013399699,0.2,0.0246806906163818,-0.0463310229284363
PRIMARY,TRANSITION_COOLING,10,ERA_2013_2015,CALM,SCATTER,1,1,1,-0.0445260476775682,0.0,0.0140693529116304,-0.0514518579583239
PRIMARY,TRANSITION_COOLING,10,ERA_2013_2015,SCATTER,CALM,1,1,1,0.0150244781098189,1.0,0.0400646512694018,-0.0030932255396504
PRIMARY,TRANSITION_COOLING,10,ERA_2016_2018,CALM,CALM,3,3,3,0.0339785454764178,1.0,0.0347281417262173,-0.0070062663852826
PRIMARY,TRANSITION_COOLING,10,ERA_2016_2018,CALM,DRIFT,4,4,4,-0.0021863452441865504,0.5,0.025650553647071903,-0.0381629410074785
PRIMARY,TRANSITION_COOLING,10,ERA_2016_2018,CALM,RUSH,3,3,3,-0.0091136277579025,0.3333333333333333,0.0251037730618286,-0.0300920640346729
PRIMARY,TRANSITION_COOLING,10,ERA_2016_2018,DRIFT,CALM,3,3,3,0.0173486463995158,1.0,0.026450965700862,-0.0119403931651614
PRIMARY,TRANSITION_COOLING,10,ERA_2016_2018,DRIFT,DRIFT,14,12,10,-0.00706244117523665,0.42857142857142855,0.01423555089549915,-0.01997430228540785
PRIMARY,TRANSITION_COOLING,10,ERA_2016_2018,DRIFT,RUSH,1,1,1,0.0201347703200633,1.0,0.0301556906943267,-0.0299682878021544
PRIMARY,TRANSITION_COOLING,10,ERA_2016_2018,SCATTER,CALM,1,1,1,0.0359785460631101,1.0,0.0402560762021086,-0.0496240124533112
PRIMARY,TRANSITION_COOLING,10,ERA_2016_2018,SCATTER,SCATTER,1,1,1,-0.0418427204897361,0.0,0.0142183943321976,-0.0842542333712818
PRIMARY,TRANSITION_COOLING,10,ERA_2019_2021,CALM,CALM,6,6,6,-0.0084142799568561,0.3333333333333333,0.02139214752224835,-0.0282764863334029
PRIMARY,TRANSITION_COOLING,10,ERA_2019_2021,CALM,DRIFT,13,12,11,0.0054166537815911,0.6923076923076923,0.0337507938873073,-0.0312853401098264
PRIMARY,TRANSITION_COOLING,10,ERA_2019_2021,CALM,RUSH,1,1,1,0.0327560581156711,1.0,0.0733858477154327,-0.002519682519685
PRIMARY,TRANSITION_COOLING,10,ERA_2019_2021,CALM,SCATTER,2,2,1,0.05679081919389025,1.0,0.05939883385136265,-0.01625041145734275
PRIMARY,TRANSITION_COOLING,10,ERA_2019_2021,DRIFT,CALM,1,1,1,0.1094407816294595,1.0,0.1319913835414432,-0.0115939893013279
PRIMARY,TRANSITION_COOLING,10,ERA_2019_2021,DRIFT,DRIFT,8,8,6,-0.012716478754775799,0.5,0.03336443672634365,-0.04472697674595455
PRIMARY,TRANSITION_COOLING,10,ERA_2019_2021,DRIFT,RUSH,3,3,2,0.1502823351143036,1.0,0.1551171810039544,-0.0044434092506641
PRIMARY,TRANSITION_COOLING,10,ERA_2019_2021,SCATTER,SCATTER,1,1,1,0.097060435923248,1.0,0.1109262149064393,-0.0171935717770561
PRIMARY,TRANSITION_COOLING,10,ERA_2022_2024,CALM,CALM,11,7,10,0.0043651095876693,0.5454545454545454,0.0277209795532675,-0.0350473155425076
PRIMARY,TRANSITION_COOLING,10,ERA_2022_2024,CALM,DRIFT,4,4,3,-0.0015363602180649,0.5,0.0270577640154301,-0.03688275393277815
PRIMARY,TRANSITION_COOLING,10,ERA_2022_2024,CALM,SCATTER,2,2,2,0.0626821680618484,1.0,0.0876774079048279,-0.0160506018542589
PRIMARY,TRANSITION_COOLING,10,ERA_2022_2024,DRIFT,CALM,2,2,2,-0.0436401598929638,0.0,0.017792713251873,-0.052119718801378
PRIMARY,TRANSITION_COOLING,10,ERA_2022_2024,DRIFT,DRIFT,7,7,5,0.0088111655995637,0.7142857142857143,0.0384065984709263,-0.012064064617118
PRIMARY,TRANSITION_COOLING,10,ERA_2022_2024,DRIFT,RUSH,3,3,2,0.0233796091176878,0.6666666666666666,0.0612741865869186,-0.0032153423290487
PRIMARY,TRANSITION_COOLING,10,ERA_2022_2024,DRIFT,SCATTER,1,1,1,0.0249392431237374,1.0,0.0436742017336218,-0.0024330530099854
PRIMARY,TRANSITION_COOLING,10,ERA_2022_2024,SCATTER,CALM,1,1,1,0.0032894636789184,1.0,0.1061706451731649,-0.02132485373473
PRIMARY,TRANSITION_COOLING,10,ERA_2022_2024,SCATTER,SCATTER,3,3,3,-0.0073800582398939,0.3333333333333333,0.0118007597010334,-0.0332309574201846
PRIMARY,TRANSITION_COOLING,10,ERA_2025_2026,CALM,CALM,4,4,4,0.014940186078397553,0.5,0.0505679384022588,-0.0431169628954556
PRIMARY,TRANSITION_COOLING,10,ERA_2025_2026,CALM,DRIFT,10,7,8,-0.0078787716439846,0.4,0.04205262943066255,-0.0486548868237332
PRIMARY,TRANSITION_COOLING,10,ERA_2025_2026,CALM,RUSH,2,2,2,0.05565051133107605,0.5,0.09907043039372465,-0.0178849722082212
PRIMARY,TRANSITION_COOLING,10,ERA_2025_2026,CALM,SCATTER,3,3,3,0.0712703647641077,0.6666666666666666,0.077744323505378,-0.0111874680072326
PRIMARY,TRANSITION_COOLING,10,ERA_2025_2026,SCATTER,CALM,1,1,1,0.0150379323870488,1.0,0.0413227549756429,-0.0217354326164913
PRIMARY,TRANSITION_COOLING,20,ERA_2013_2015,CALM,CALM,3,3,3,-0.1009991162480576,0.0,0.0095621775132725,-0.1037738737431761
PRIMARY,TRANSITION_COOLING,20,ERA_2013_2015,CALM,DRIFT,5,5,5,-0.0343763683419618,0.2,0.0246806906163818,-0.06020235639713
PRIMARY,TRANSITION_COOLING,20,ERA_2013_2015,CALM,SCATTER,1,1,1,-0.0588334014263076,0.0,0.0140693529116304,-0.0968334179207075
PRIMARY,TRANSITION_COOLING,20,ERA_2013_2015,SCATTER,CALM,1,1,1,0.0023564227307593,1.0,0.0400646512694018,-0.0050084294206379
PRIMARY,TRANSITION_COOLING,20,ERA_2016_2018,CALM,CALM,3,3,3,-0.0038728782233478,0.3333333333333333,0.0455964294128394,-0.0148844069222605
PRIMARY,TRANSITION_COOLING,20,ERA_2016_2018,CALM,DRIFT,4,4,4,-0.006295442825957499,0.5,0.0307197243949527,-0.039874584862102005
PRIMARY,TRANSITION_COOLING,20,ERA_2016_2018,CALM,RUSH,3,3,3,0.0817531093315078,1.0,0.0904811927428876,-0.0300920640346729
PRIMARY,TRANSITION_COOLING,20,ERA_2016_2018,DRIFT,CALM,3,3,3,0.0316977364722186,1.0,0.059746030355037,-0.0119403931651614
PRIMARY,TRANSITION_COOLING,20,ERA_2016_2018,DRIFT,DRIFT,14,12,10,0.035198490805368396,0.7857142857142857,0.06221594271041715,-0.0213733564030224
PRIMARY,TRANSITION_COOLING,20,ERA_2016_2018,DRIFT,RUSH,1,1,1,-0.0707060881745411,0.0,0.0301556906943267,-0.105731314438513
PRIMARY,TRANSITION_COOLING,20,ERA_2016_2018,SCATTER,CALM,1,1,1,0.0786628583810218,1.0,0.0803918905829996,-0.0496240124533112
PRIMARY,TRANSITION_COOLING,20,ERA_2016_2018,SCATTER,SCATTER,1,1,1,-0.0406418697345267,0.0,0.0142183943321976,-0.0842542333712818
PRIMARY,TRANSITION_COOLING,20,ERA_2019_2021,CALM,CALM,6,6,6,-0.005075072557466049,0.5,0.0268477082883027,-0.0540178569542234
PRIMARY,TRANSITION_COOLING,20,ERA_2019_2021,CALM,DRIFT,13,12,11,0.0074325518371125,0.6153846153846154,0.0543581388608089,-0.0319462407026038
PRIMARY,TRANSITION_COOLING,20,ERA_2019_2021,CALM,RUSH,1,1,1,-0.1606298427862869,0.0,0.0733858477154327,-0.1839369246677016
PRIMARY,TRANSITION_COOLING,20,ERA_2019_2021,CALM,SCATTER,2,2,1,0.05401853160514565,1.0,0.07257831714162695,-0.01625041145734275
PRIMARY,TRANSITION_COOLING,20,ERA_2019_2021,DRIFT,CALM,1,1,1,0.1235075969421966,1.0,0.1662175678191639,-0.0115939893013279
PRIMARY,TRANSITION_COOLING,20,ERA_2019_2021,DRIFT,DRIFT,8,8,6,0.01176424947871485,0.625,0.0394728607439718,-0.04997497296613155
PRIMARY,TRANSITION_COOLING,20,ERA_2019_2021,DRIFT,RUSH,3,3,2,0.078790256868136,1.0,0.1954071532310783,-0.0044434092506641
PRIMARY,TRANSITION_COOLING,20,ERA_2019_2021,SCATTER,SCATTER,1,1,1,0.1007579334739947,1.0,0.1931966006214698,-0.0171935717770561
PRIMARY,TRANSITION_COOLING,20,ERA_2022_2024,CALM,CALM,11,7,10,0.0030263602031979,0.5454545454545454,0.0454908375860916,-0.056621228473881
PRIMARY,TRANSITION_COOLING,20,ERA_2022_2024,CALM,DRIFT,4,4,3,-0.0017930717300628,0.5,0.03917671481454095,-0.0414271218647266
PRIMARY,TRANSITION_COOLING,20,ERA_2022_2024,CALM,SCATTER,2,2,2,0.09882855517398609,1.0,0.12259212437277675,-0.0160506018542589
PRIMARY,TRANSITION_COOLING,20,ERA_2022_2024,DRIFT,CALM,2,2,2,-0.09984083011692835,0.0,0.017792713251873,-0.10937839438764085
PRIMARY,TRANSITION_COOLING,20,ERA_2022_2024,DRIFT,DRIFT,7,7,5,0.0127876993586681,0.5714285714285714,0.0457279143457427,-0.0281206947991512
PRIMARY,TRANSITION_COOLING,20,ERA_2022_2024,DRIFT,RUSH,3,3,2,-0.0409048916789647,0.0,0.0612741865869186,-0.0679019171774319
PRIMARY,TRANSITION_COOLING,20,ERA_2022_2024,DRIFT,SCATTER,1,1,1,0.1270073177023896,1.0,0.1312652067295048,-0.0024330530099854
PRIMARY,TRANSITION_COOLING,20,ERA_2022_2024,SCATTER,CALM,1,1,1,0.0775192901369432,1.0,0.1061706451731649,-0.02132485373473
PRIMARY,TRANSITION_COOLING,20,ERA_2022_2024,SCATTER,SCATTER,3,3,3,0.0019991492405966,0.6666666666666666,0.0154964958541616,-0.0332309574201846
PRIMARY,TRANSITION_COOLING,20,ERA_2025_2026,CALM,CALM,4,4,4,0.004564868116235552,0.5,0.058103594361457254,-0.06563336197544199
PRIMARY,TRANSITION_COOLING,20,ERA_2025_2026,CALM,DRIFT,10,7,8,-0.013875181439324251,0.3,0.04205262943066255,-0.05642572210354865
PRIMARY,TRANSITION_COOLING,20,ERA_2025_2026,CALM,RUSH,2,2,2,0.13718964866345926,1.0,0.1695068373459044,-0.0178849722082212
PRIMARY,TRANSITION_COOLING,20,ERA_2025_2026,CALM,SCATTER,3,3,3,0.0548422003053843,0.6666666666666666,0.1254709991941727,-0.0111874680072326
PRIMARY,TRANSITION_COOLING,20,ERA_2025_2026,SCATTER,CALM,1,1,1,-0.0282644681798326,0.0,0.0413227549756429,-0.0331507515186519
PRIMARY,TRANSITION_COOLING,21,ERA_2013_2015,CALM,CALM,3,3,3,-0.0940624728012438,0.0,0.0095621775132725,-0.1040513869553144
PRIMARY,TRANSITION_COOLING,21,ERA_2013_2015,CALM,DRIFT,5,5,5,-0.0298807902299254,0.0,0.0246806906163818,-0.06020235639713
PRIMARY,TRANSITION_COOLING,21,ERA_2013_2015,CALM,SCATTER,1,1,1,-0.0477157047771237,0.0,0.0140693529116304,-0.0968334179207075
PRIMARY,TRANSITION_COOLING,21,ERA_2013_2015,SCATTER,CALM,1,1,1,0.0147295152451056,1.0,0.0400646512694018,-0.0050084294206379
PRIMARY,TRANSITION_COOLING,21,ERA_2016_2018,CALM,CALM,3,3,3,-0.0056196277581577,0.3333333333333333,0.0465953838911914,-0.0148844069222605
PRIMARY,TRANSITION_COOLING,21,ERA_2016_2018,CALM,DRIFT,4,4,4,-0.00450036562068125,0.5,0.0307197243949527,-0.039874584862102005
PRIMARY,TRANSITION_COOLING,21,ERA_2016_2018,CALM,RUSH,3,3,3,0.0841065769216091,1.0,0.1066964472746572,-0.0300920640346729
PRIMARY,TRANSITION_COOLING,21,ERA_2016_2018,DRIFT,CALM,3,3,3,0.0263582024348192,1.0,0.059746030355037,-0.0119403931651614
PRIMARY,TRANSITION_COOLING,21,ERA_2016_2018,DRIFT,DRIFT,14,12,10,0.034568731987270646,0.7857142857142857,0.06221594271041715,-0.0213733564030224
PRIMARY,TRANSITION_COOLING,21,ERA_2016_2018,DRIFT,RUSH,1,1,1,-0.0701440823118824,0.0,0.0301556906943267,-0.105731314438513
PRIMARY,TRANSITION_COOLING,21,ERA_2016_2018,SCATTER,CALM,1,1,1,0.0604604168704985,1.0,0.0906760739989329,-0.0496240124533112
PRIMARY,TRANSITION_COOLING,21,ERA_2016_2018,SCATTER,SCATTER,1,1,1,-0.0270528027217207,0.0,0.0142183943321976,-0.0842542333712818
PRIMARY,TRANSITION_COOLING,21,ERA_2019_2021,CALM,CALM,6,6,6,0.0017443873314021488,0.5,0.032824865039415,-0.0540178569542234
PRIMARY,TRANSITION_COOLING,21,ERA_2019_2021,CALM,DRIFT,13,12,11,0.0106850214240585,0.6923076923076923,0.0589525825452521,-0.0319462407026038
PRIMARY,TRANSITION_COOLING,21,ERA_2019_2021,CALM,RUSH,1,1,1,-0.1420472022116162,0.0,0.0733858477154327,-0.1839369246677016
PRIMARY,TRANSITION_COOLING,21,ERA_2019_2021,CALM,SCATTER,2,2,1,0.0550586308187576,1.0,0.07257831714162695,-0.01625041145734275
PRIMARY,TRANSITION_COOLING,21,ERA_2019_2021,DRIFT,CALM,1,1,1,0.1227400048699953,1.0,0.1662175678191639,-0.0115939893013279
PRIMARY,TRANSITION_COOLING,21,ERA_2019_2021,DRIFT,DRIFT,8,8,6,0.0123360459694257,0.625,0.0394728607439718,-0.050126724879062945
PRIMARY,TRANSITION_COOLING,21,ERA_2019_2021,DRIFT,RUSH,3,3,2,0.0846268896486905,1.0,0.1954071532310783,-0.0044434092506641
PRIMARY,TRANSITION_COOLING,21,ERA_2019_2021,SCATTER,SCATTER,1,1,1,0.1419855524104019,1.0,0.1931966006214698,-0.0171935717770561
PRIMARY,TRANSITION_COOLING,21,ERA_2022_2024,CALM,CALM,11,7,10,0.0050764320050495,0.5454545454545454,0.0454908375860916,-0.056621228473881
PRIMARY,TRANSITION_COOLING,21,ERA_2022_2024,CALM,DRIFT,4,4,3,-0.0018405295981629003,0.5,0.03917671481454095,-0.0414271218647266
PRIMARY,TRANSITION_COOLING,21,ERA_2022_2024,CALM,SCATTER,2,2,2,0.10671002738348476,1.0,0.1267804182502949,-0.0160506018542589
PRIMARY,TRANSITION_COOLING,21,ERA_2022_2024,DRIFT,CALM,2,2,2,-0.1001568237712626,0.0,0.017792713251873,-0.10937839438764085
PRIMARY,TRANSITION_COOLING,21,ERA_2022_2024,DRIFT,DRIFT,7,7,5,0.0120369296073026,0.5714285714285714,0.0457279143457427,-0.0281206947991512
PRIMARY,TRANSITION_COOLING,21,ERA_2022_2024,DRIFT,RUSH,3,3,2,-0.0334601756991896,0.0,0.0612741865869186,-0.0679019171774319
PRIMARY,TRANSITION_COOLING,21,ERA_2022_2024,DRIFT,SCATTER,1,1,1,0.137591381227444,1.0,0.13856454677536,-0.0024330530099854
PRIMARY,TRANSITION_COOLING,21,ERA_2022_2024,SCATTER,CALM,1,1,1,0.076717694239804,1.0,0.1061706451731649,-0.02132485373473
PRIMARY,TRANSITION_COOLING,21,ERA_2022_2024,SCATTER,SCATTER,3,3,3,0.0349417680818509,0.6666666666666666,0.0476382540966549,-0.0332309574201846
PRIMARY,TRANSITION_COOLING,21,ERA_2025_2026,CALM,CALM,4,4,4,0.003390625105493504,0.5,0.058103594361457254,-0.06563336197544199
PRIMARY,TRANSITION_COOLING,21,ERA_2025_2026,CALM,DRIFT,10,7,8,-0.0272747521793974,0.2,0.04205262943066255,-0.0618990792741973
PRIMARY,TRANSITION_COOLING,21,ERA_2025_2026,CALM,RUSH,2,2,2,0.12453676294915575,1.0,0.1695068373459044,-0.0178849722082212
PRIMARY,TRANSITION_COOLING,21,ERA_2025_2026,CALM,SCATTER,3,3,3,0.0548602180246022,0.6666666666666666,0.1254709991941727,-0.0111874680072326
PRIMARY,TRANSITION_COOLING,21,ERA_2025_2026,SCATTER,CALM,1,1,1,-0.04734622117719,0.0,0.0413227549756429,-0.0534962077900836
PRIMARY,TRANSITION_COOLING,40,ERA_2013_2015,CALM,CALM,3,3,3,-0.1510117069272407,0.0,0.0095621775132725,-0.1753966134371788
PRIMARY,TRANSITION_COOLING,40,ERA_2013_2015,CALM,DRIFT,5,5,5,-0.0156895908390056,0.2,0.0267081561887811,-0.0728822075776717
PRIMARY,TRANSITION_COOLING,40,ERA_2013_2015,CALM,SCATTER,1,1,1,-0.0166407676278023,0.0,0.0140693529116304,-0.0968334179207075
PRIMARY,TRANSITION_COOLING,40,ERA_2013_2015,SCATTER,CALM,1,1,1,-0.0941232015797919,0.0,0.0400646512694018,-0.2624834645276845
PRIMARY,TRANSITION_COOLING,40,ERA_2016_2018,CALM,CALM,3,3,3,0.0764518587647449,1.0,0.0854461827995176,-0.0199723552542927
PRIMARY,TRANSITION_COOLING,40,ERA_2016_2018,CALM,DRIFT,4,4,4,-0.0458408019545927,0.25,0.0339612276103178,-0.0565146309482529
PRIMARY,TRANSITION_COOLING,40,ERA_2016_2018,CALM,RUSH,3,3,3,0.1049452714214731,1.0,0.1084077354600316,-0.0300920640346729
PRIMARY,TRANSITION_COOLING,40,ERA_2016_2018,DRIFT,CALM,3,3,3,0.0608114519722677,1.0,0.0827124810334918,-0.0119403931651614
PRIMARY,TRANSITION_COOLING,40,ERA_2016_2018,DRIFT,DRIFT,14,12,10,0.03963199530286815,0.5714285714285714,0.08843983613706155,-0.0261112380391841
PRIMARY,TRANSITION_COOLING,40,ERA_2016_2018,DRIFT,RUSH,1,1,1,0.2578197870467236,1.0,0.2587563133576378,-0.105731314438513
PRIMARY,TRANSITION_COOLING,40,ERA_2016_2018,SCATTER,CALM,1,1,1,0.013043825931549,1.0,0.0906760739989329,-0.0496240124533112
PRIMARY,TRANSITION_COOLING,40,ERA_2016_2018,SCATTER,SCATTER,1,1,1,0.0148613711386145,1.0,0.0232932476164775,-0.0842542333712818
PRIMARY,TRANSITION_COOLING,40,ERA_2019_2021,CALM,CALM,6,6,6,0.004491197797175651,0.5,0.0351783260845808,-0.054809591334660554
PRIMARY,TRANSITION_COOLING,40,ERA_2019_2021,CALM,DRIFT,13,12,11,0.0334219265276074,0.7692307692307693,0.0856033154907962,-0.0441068033299182
PRIMARY,TRANSITION_COOLING,40,ERA_2019_2021,CALM,RUSH,1,1,1,-0.1250394498414286,0.0,0.0733858477154327,-0.1839369246677016
PRIMARY,TRANSITION_COOLING,40,ERA_2019_2021,CALM,SCATTER,2,2,1,0.018536202923808347,0.5,0.099427438520376,-0.03456237676104485
PRIMARY,TRANSITION_COOLING,40,ERA_2019_2021,DRIFT,CALM,1,1,1,0.1396198284092782,1.0,0.1736343145636882,-0.0115939893013279
PRIMARY,TRANSITION_COOLING,40,ERA_2019_2021,DRIFT,DRIFT,8,8,6,0.047659550284078506,0.625,0.08742048060382974,-0.0719447407287164
PRIMARY,TRANSITION_COOLING,40,ERA_2019_2021,DRIFT,RUSH,3,3,2,0.0937207004861209,0.6666666666666666,0.2214931070894688,-0.0213554212690018
PRIMARY,TRANSITION_COOLING,40,ERA_2019_2021,SCATTER,SCATTER,1,1,1,0.2551304733471002,1.0,0.3351821070002714,-0.0171935717770561
PRIMARY,TRANSITION_COOLING,40,ERA_2022_2024,CALM,CALM,11,7,10,0.0098932332322023,0.6363636363636364,0.092937028629821,-0.0744108735482302
PRIMARY,TRANSITION_COOLING,40,ERA_2022_2024,CALM,DRIFT,4,4,3,-0.032085907685012946,0.0,0.03917671481454095,-0.0779924660820969
PRIMARY,TRANSITION_COOLING,40,ERA_2022_2024,CALM,SCATTER,2,2,2,0.15406073398174902,1.0,0.20630259127241712,-0.0160506018542589
PRIMARY,TRANSITION_COOLING,40,ERA_2022_2024,DRIFT,CALM,2,2,2,-0.049261130011331,0.0,0.017792713251873,-0.13281174953970026
PRIMARY,TRANSITION_COOLING,40,ERA_2022_2024,DRIFT,DRIFT,7,7,5,0.0352422721558851,0.8571428571428571,0.0511261292689648,-0.0281206947991512
PRIMARY,TRANSITION_COOLING,40,ERA_2022_2024,DRIFT,RUSH,3,3,2,-0.0108942501123918,0.0,0.0612741865869186,-0.0679019171774319
PRIMARY,TRANSITION_COOLING,40,ERA_2022_2024,DRIFT,SCATTER,1,1,1,0.1015837102518861,1.0,0.1700730585400847,-0.0024330530099854
PRIMARY,TRANSITION_COOLING,40,ERA_2022_2024,SCATTER,CALM,1,1,1,0.0674404010172247,1.0,0.1631895399212963,-0.02132485373473
PRIMARY,TRANSITION_COOLING,40,ERA_2022_2024,SCATTER,SCATTER,3,3,3,0.0403216063833749,0.6666666666666666,0.1169285415443159,-0.0332309574201846
PRIMARY,TRANSITION_COOLING,40,ERA_2025_2026,CALM,CALM,4,4,4,0.02804465964291955,0.75,0.08124502278348505,-0.06563336197544199
PRIMARY,TRANSITION_COOLING,40,ERA_2025_2026,CALM,DRIFT,10,7,8,-0.0695727664672514,0.2,0.05560078169041635,-0.09367283600086194
PRIMARY,TRANSITION_COOLING,40,ERA_2025_2026,CALM,RUSH,2,2,2,0.0761664211089612,0.5,0.17876484847735272,-0.03325236493311755
PRIMARY,TRANSITION_COOLING,40,ERA_2025_2026,CALM,SCATTER,3,3,3,0.1126696080332789,0.6666666666666666,0.1254709991941727,-0.0111874680072326
PRIMARY,TRANSITION_COOLING,40,ERA_2025_2026,SCATTER,CALM,1,1,1,-0.0357202769091608,0.0,0.0413227549756429,-0.0717354458226431
PRIMARY,TRANSITION_COOLING,60,ERA_2013_2015,CALM,CALM,3,3,3,-0.1840855641767232,0.3333333333333333,0.0095621775132725,-0.2412638000420754
PRIMARY,TRANSITION_COOLING,60,ERA_2013_2015,CALM,DRIFT,5,5,5,-0.0368391775295251,0.2,0.0267081561887811,-0.0876912244875643
PRIMARY,TRANSITION_COOLING,60,ERA_2013_2015,CALM,SCATTER,1,1,1,-0.1069484297301153,0.0,0.0140693529116304,-0.123807170650963
PRIMARY,TRANSITION_COOLING,60,ERA_2013_2015,SCATTER,CALM,1,1,1,-0.0798720060979158,0.0,0.0400646512694018,-0.2624834645276845
PRIMARY,TRANSITION_COOLING,60,ERA_2016_2018,CALM,CALM,3,3,3,0.0899896267102957,1.0,0.1025136373359529,-0.0199723552542927
PRIMARY,TRANSITION_COOLING,60,ERA_2016_2018,CALM,DRIFT,4,4,4,0.0009144479447804506,0.5,0.0585667871911055,-0.06396894069588349
PRIMARY,TRANSITION_COOLING,60,ERA_2016_2018,CALM,RUSH,3,3,3,0.0868178641409258,1.0,0.1141695385771293,-0.0300920640346729
PRIMARY,TRANSITION_COOLING,60,ERA_2016_2018,DRIFT,CALM,3,3,3,0.1456236308217475,1.0,0.3198222969920907,-0.0119403931651614
PRIMARY,TRANSITION_COOLING,60,ERA_2016_2018,DRIFT,DRIFT,14,12,10,0.023953209434267,0.5714285714285714,0.0948057085766339,-0.04845690497683995
PRIMARY,TRANSITION_COOLING,60,ERA_2016_2018,DRIFT,RUSH,1,1,1,0.4193618604724853,1.0,0.5796726853155718,-0.105731314438513
PRIMARY,TRANSITION_COOLING,60,ERA_2016_2018,SCATTER,CALM,1,1,1,0.1002322285755528,1.0,0.1011423251348653,-0.0496240124533112
PRIMARY,TRANSITION_COOLING,60,ERA_2016_2018,SCATTER,SCATTER,1,1,1,0.0454782614024582,1.0,0.0625877453960741,-0.0842542333712818
PRIMARY,TRANSITION_COOLING,60,ERA_2019_2021,CALM,CALM,6,6,6,0.05128559742355415,0.8333333333333334,0.0675492246584643,-0.054809591334660554
PRIMARY,TRANSITION_COOLING,60,ERA_2019_2021,CALM,DRIFT,13,12,11,0.0778955970136714,0.5384615384615384,0.1238797144777728,-0.0441068033299182
PRIMARY,TRANSITION_COOLING,60,ERA_2019_2021,CALM,RUSH,1,1,1,-0.1246348004736193,0.0,0.0733858477154327,-0.1842519829477965
PRIMARY,TRANSITION_COOLING,60,ERA_2019_2021,CALM,SCATTER,2,2,1,-0.018248702215909053,0.5,0.11400058421571295,-0.08809822281788675
PRIMARY,TRANSITION_COOLING,60,ERA_2019_2021,DRIFT,CALM,1,1,1,0.1114872413627769,1.0,0.1736343145636882,-0.0115939893013279
PRIMARY,TRANSITION_COOLING,60,ERA_2019_2021,DRIFT,DRIFT,8,8,6,0.0503988058640222,0.625,0.1131338320882703,-0.0719447407287164
PRIMARY,TRANSITION_COOLING,60,ERA_2019_2021,DRIFT,RUSH,3,3,2,0.1058392933567993,0.6666666666666666,0.2517679696876798,-0.0280560405815614
PRIMARY,TRANSITION_COOLING,60,ERA_2019_2021,SCATTER,SCATTER,1,1,1,0.2159365117703202,1.0,0.3351821070002714,-0.0171935717770561
PRIMARY,TRANSITION_COOLING,60,ERA_2022_2024,CALM,CALM,11,7,10,0.0661731003144006,0.8181818181818182,0.092937028629821,-0.0744108735482302
PRIMARY,TRANSITION_COOLING,60,ERA_2022_2024,CALM,DRIFT,4,4,3,-0.0138759516450515,0.25,0.0479345688165876,-0.080252659548152
PRIMARY,TRANSITION_COOLING,60,ERA_2022_2024,CALM,SCATTER,2,2,2,0.1397206988222883,0.5,0.2496876878068895,-0.04718689654912865
PRIMARY,TRANSITION_COOLING,60,ERA_2022_2024,DRIFT,CALM,2,2,2,-0.08572401416044236,0.0,0.02715407573472535,-0.1350413101196064
PRIMARY,TRANSITION_COOLING,60,ERA_2022_2024,DRIFT,DRIFT,7,7,5,0.0819860891747681,0.7142857142857143,0.1009575753761971,-0.0281206947991512
PRIMARY,TRANSITION_COOLING,60,ERA_2022_2024,DRIFT,RUSH,3,3,2,-0.0843481040686431,0.0,0.0612741865869186,-0.1009267713470999
PRIMARY,TRANSITION_COOLING,60,ERA_2022_2024,DRIFT,SCATTER,1,1,1,0.196806434400538,1.0,0.2070480092487525,-0.0024330530099854
PRIMARY,TRANSITION_COOLING,60,ERA_2022_2024,SCATTER,CALM,1,1,1,0.1524234311938412,1.0,0.1833470790534774,-0.0391891988833852
PRIMARY,TRANSITION_COOLING,60,ERA_2022_2024,SCATTER,SCATTER,3,3,3,0.0971974944080775,1.0,0.1169285415443159,-0.0332309574201846
PRIMARY,TRANSITION_COOLING,60,ERA_2025_2026,CALM,CALM,4,4,4,-0.020504465780104602,0.5,0.08124502278348505,-0.08900836875072965
PRIMARY,TRANSITION_COOLING,60,ERA_2025_2026,CALM,DRIFT,9,6,7,-0.0326299768225776,0.1111111111111111,0.062444659237399,-0.126943041474123
PRIMARY,TRANSITION_COOLING,60,ERA_2025_2026,CALM,RUSH,1,1,1,0.1954579060451138,1.0,0.2796442853987495,0.0
PRIMARY,TRANSITION_COOLING,60,ERA_2025_2026,CALM,SCATTER,3,3,3,0.2239751968216998,1.0,0.2298044906160998,-0.0111874680072326
PRIMARY,TRANSITION_COOLING,60,ERA_2025_2026,SCATTER,CALM,1,1,1,-0.0036540158011209,0.0,0.0413227549756429,-0.0717354458226431
PRIMARY,TRANSITION_COOLING,63,ERA_2013_2015,CALM,CALM,3,3,3,-0.2193007996346067,0.3333333333333333,0.0095621775132725,-0.2533163877201753
PRIMARY,TRANSITION_COOLING,63,ERA_2013_2015,CALM,DRIFT,5,5,5,-0.0122752097748884,0.2,0.0267081561887811,-0.0876912244875643
PRIMARY,TRANSITION_COOLING,63,ERA_2013_2015,CALM,SCATTER,1,1,1,-0.1479559307054399,0.0,0.0140693529116304,-0.1503252706133638
PRIMARY,TRANSITION_COOLING,63,ERA_2013_2015,SCATTER,CALM,1,1,1,-0.0782401191479361,0.0,0.0400646512694018,-0.2624834645276845
PRIMARY,TRANSITION_COOLING,63,ERA_2016_2018,CALM,CALM,3,3,3,0.0992399437926523,1.0,0.1025136373359529,-0.0199723552542927
PRIMARY,TRANSITION_COOLING,63,ERA_2016_2018,CALM,DRIFT,4,4,4,-0.0128105307996732,0.5,0.0585667871911055,-0.07050252596025215
PRIMARY,TRANSITION_COOLING,63,ERA_2016_2018,CALM,RUSH,3,3,3,0.0721532776266145,1.0,0.1141695385771293,-0.0300920640346729
PRIMARY,TRANSITION_COOLING,63,ERA_2016_2018,DRIFT,CALM,3,3,3,0.1813191377767888,1.0,0.3198222969920907,-0.0119403931651614
PRIMARY,TRANSITION_COOLING,63,ERA_2016_2018,DRIFT,DRIFT,14,12,10,0.0436441008654088,0.6428571428571429,0.0948057085766339,-0.04845690497683995
PRIMARY,TRANSITION_COOLING,63,ERA_2016_2018,DRIFT,RUSH,1,1,1,0.4214244827575699,1.0,0.5796726853155718,-0.105731314438513
PRIMARY,TRANSITION_COOLING,63,ERA_2016_2018,SCATTER,CALM,1,1,1,0.085488534050512,1.0,0.1088785404798204,-0.0496240124533112
PRIMARY,TRANSITION_COOLING,63,ERA_2016_2018,SCATTER,SCATTER,1,1,1,0.0354908659615227,1.0,0.0625877453960741,-0.0842542333712818
PRIMARY,TRANSITION_COOLING,63,ERA_2019_2021,CALM,CALM,6,6,6,0.0613529682976854,0.8333333333333334,0.07142659526951184,-0.054809591334660554
PRIMARY,TRANSITION_COOLING,63,ERA_2019_2021,CALM,DRIFT,13,12,11,0.074400072111697,0.5384615384615384,0.1238797144777728,-0.0441068033299182
PRIMARY,TRANSITION_COOLING,63,ERA_2019_2021,CALM,RUSH,1,1,1,-0.1043877731062717,0.0,0.0733858477154327,-0.1842519829477965
PRIMARY,TRANSITION_COOLING,63,ERA_2019_2021,CALM,SCATTER,2,2,1,-0.025300693828776352,0.5,0.11431865006236645,-0.0995204681984985
PRIMARY,TRANSITION_COOLING,63,ERA_2019_2021,DRIFT,CALM,1,1,1,0.1501053129590244,1.0,0.1736343145636882,-0.0115939893013279
PRIMARY,TRANSITION_COOLING,63,ERA_2019_2021,DRIFT,DRIFT,8,8,6,0.0595485609805085,0.75,0.11314720336530446,-0.0719447407287164
PRIMARY,TRANSITION_COOLING,63,ERA_2019_2021,DRIFT,RUSH,3,3,2,0.1320919986362785,1.0,0.2905856641205901,-0.0280560405815614
PRIMARY,TRANSITION_COOLING,63,ERA_2019_2021,SCATTER,SCATTER,1,1,1,0.228927375460664,1.0,0.3351821070002714,-0.0171935717770561
PRIMARY,TRANSITION_COOLING,63,ERA_2022_2024,CALM,CALM,11,7,10,0.066693093890334,0.8181818181818182,0.0945814815176708,-0.0744108735482302
PRIMARY,TRANSITION_COOLING,63,ERA_2022_2024,CALM,DRIFT,4,4,3,-0.0305029762182114,0.25,0.0515850570100785,-0.08109462016600325
PRIMARY,TRANSITION_COOLING,63,ERA_2022_2024,CALM,SCATTER,2,2,2,0.13413207730082263,0.5,0.2521938639317176,-0.04718689654912865
PRIMARY,TRANSITION_COOLING,63,ERA_2022_2024,DRIFT,CALM,2,2,2,-0.07877207365508775,0.0,0.02715407573472535,-0.1350413101196064
PRIMARY,TRANSITION_COOLING,63,ERA_2022_2024,DRIFT,DRIFT,7,7,5,0.0626178193782183,0.8571428571428571,0.1009575753761971,-0.0281206947991512
PRIMARY,TRANSITION_COOLING,63,ERA_2022_2024,DRIFT,RUSH,3,3,2,-0.0687979024737108,0.0,0.0612741865869186,-0.1009267713470999
PRIMARY,TRANSITION_COOLING,63,ERA_2022_2024,DRIFT,SCATTER,1,1,1,0.2492337445345327,1.0,0.2506968659828252,-0.0024330530099854
PRIMARY,TRANSITION_COOLING,63,ERA_2022_2024,SCATTER,CALM,1,1,1,0.1903334081209753,1.0,0.2025883526597316,-0.0391891988833852
PRIMARY,TRANSITION_COOLING,63,ERA_2022_2024,SCATTER,SCATTER,3,3,3,0.1119939065993664,1.0,0.130431246692442,-0.0332309574201846
PRIMARY,TRANSITION_COOLING,63,ERA_2025_2026,CALM,CALM,4,4,4,0.015920511942739652,0.75,0.08124502278348505,-0.08900836875072965
PRIMARY,TRANSITION_COOLING,63,ERA_2025_2026,CALM,DRIFT,8,6,6,-0.11118075041564779,0.125,0.05560078169041635,-0.21156368454253144
PRIMARY,TRANSITION_COOLING,63,ERA_2025_2026,CALM,RUSH,1,1,1,0.0773005752251265,1.0,0.2796442853987495,0.0
PRIMARY,TRANSITION_COOLING,63,ERA_2025_2026,CALM,SCATTER,3,3,3,0.2111819652460642,1.0,0.2298044906160998,-0.0111874680072326
PRIMARY,TRANSITION_COOLING,63,ERA_2025_2026,SCATTER,CALM,1,1,1,-0.020134096594686,0.0,0.0413227549756429,-0.0717354458226431
PRIMARY,TRANSITION_COOLING,126,ERA_2013_2015,CALM,CALM,3,3,3,-0.1094012289050363,0.3333333333333333,0.0651338378763055,-0.2978894387356025
PRIMARY,TRANSITION_COOLING,126,ERA_2013_2015,CALM,DRIFT,5,5,5,0.0423155751719899,0.6,0.0970260377833398,-0.1566035318921912
PRIMARY,TRANSITION_COOLING,126,ERA_2013_2015,CALM,SCATTER,1,1,1,-0.1951812218264195,0.0,0.0140693529116304,-0.2179529158792071
PRIMARY,TRANSITION_COOLING,126,ERA_2013_2015,SCATTER,CALM,1,1,1,-0.1199995882341957,0.0,0.0400646512694018,-0.2624834645276845
PRIMARY,TRANSITION_COOLING,126,ERA_2016_2018,CALM,CALM,3,3,3,0.0539334404694005,1.0,0.1372621957542255,-0.0355482838364904
PRIMARY,TRANSITION_COOLING,126,ERA_2016_2018,CALM,DRIFT,4,4,4,-0.0408964113139565,0.25,0.0615840034910185,-0.0763157782417611
PRIMARY,TRANSITION_COOLING,126,ERA_2016_2018,CALM,RUSH,3,3,3,0.1093429647457087,1.0,0.1141695385771293,-0.0660010209636317
PRIMARY,TRANSITION_COOLING,126,ERA_2016_2018,DRIFT,CALM,3,3,3,0.1116093487599318,1.0,0.329168726024116,-0.0131189641628144
PRIMARY,TRANSITION_COOLING,126,ERA_2016_2018,DRIFT,DRIFT,14,12,10,0.10469159409837034,0.8571428571428571,0.1549046273033336,-0.0668005067688893
PRIMARY,TRANSITION_COOLING,126,ERA_2016_2018,DRIFT,RUSH,1,1,1,0.6900020475026218,1.0,0.6900020475026218,-0.105731314438513
PRIMARY,TRANSITION_COOLING,126,ERA_2016_2018,SCATTER,CALM,1,1,1,0.0637375929766106,1.0,0.2090463516501866,-0.0496240124533112
PRIMARY,TRANSITION_COOLING,126,ERA_2016_2018,SCATTER,SCATTER,1,1,1,-0.0297969066954951,0.0,0.0802703912038946,-0.0842542333712818
PRIMARY,TRANSITION_COOLING,126,ERA_2019_2021,CALM,CALM,6,6,6,0.0479736870359893,0.6666666666666666,0.09857415266142361,-0.1290791378873675
PRIMARY,TRANSITION_COOLING,126,ERA_2019_2021,CALM,DRIFT,13,12,11,0.0628703695032748,0.6923076923076923,0.1521515527342447,-0.1009799585528476
PRIMARY,TRANSITION_COOLING,126,ERA_2019_2021,CALM,RUSH,1,1,1,-0.0564359251669223,0.0,0.1069399241945272,-0.1842519829477965
PRIMARY,TRANSITION_COOLING,126,ERA_2019_2021,CALM,SCATTER,2,2,1,-0.1869198286028823,0.5,0.1184552737765497,-0.24788812200291344
PRIMARY,TRANSITION_COOLING,126,ERA_2019_2021,DRIFT,CALM,1,1,1,0.1512831570048842,1.0,0.3645500414612925,-0.0115939893013279
PRIMARY,TRANSITION_COOLING,126,ERA_2019_2021,DRIFT,DRIFT,8,8,6,0.0403214701204022,0.625,0.17847239779366847,-0.0719447407287164
PRIMARY,TRANSITION_COOLING,126,ERA_2019_2021,DRIFT,RUSH,3,3,2,0.1565089122917253,1.0,0.4433839749603268,-0.0280560405815614
PRIMARY,TRANSITION_COOLING,126,ERA_2019_2021,SCATTER,SCATTER,1,1,1,0.1056507140239819,1.0,0.3351821070002714,-0.0171935717770561
PRIMARY,TRANSITION_COOLING,126,ERA_2022_2024,CALM,CALM,11,7,10,0.1170698676042281,0.8181818181818182,0.1919572126583459,-0.0943039258998322
PRIMARY,TRANSITION_COOLING,126,ERA_2022_2024,CALM,DRIFT,4,4,3,0.13735689713158106,1.0,0.1760239565693663,-0.08109462016600325
PRIMARY,TRANSITION_COOLING,126,ERA_2022_2024,CALM,SCATTER,2,2,2,-0.005022330233133802,0.5,0.2810748653342319,-0.11549394339459296
PRIMARY,TRANSITION_COOLING,126,ERA_2022_2024,DRIFT,CALM,2,2,2,-0.06058068558496495,0.5,0.054829408030561855,-0.1906235749066278
PRIMARY,TRANSITION_COOLING,126,ERA_2022_2024,DRIFT,DRIFT,7,7,5,0.0561934931619403,0.7142857142857143,0.111492958170202,-0.0743557753207844
PRIMARY,TRANSITION_COOLING,126,ERA_2022_2024,DRIFT,RUSH,3,3,2,0.0185858997957619,1.0,0.0834456598240018,-0.1009267713470999
PRIMARY,TRANSITION_COOLING,126,ERA_2022_2024,DRIFT,SCATTER,1,1,1,0.208284304354994,1.0,0.2838602755522379,-0.0242520533038542
PRIMARY,TRANSITION_COOLING,126,ERA_2022_2024,SCATTER,CALM,1,1,1,0.3018619439854721,1.0,0.3235675357082261,-0.0391891988833852
PRIMARY,TRANSITION_COOLING,126,ERA_2022_2024,SCATTER,SCATTER,3,3,3,0.2173889513330309,1.0,0.3297673730251107,-0.0332309574201846
PRIMARY,TRANSITION_COOLING,126,ERA_2025_2026,CALM,CALM,4,4,4,0.08242849196029339,0.75,0.17752515464981056,-0.08900836875072965
PRIMARY,TRANSITION_COOLING,126,ERA_2025_2026,CALM,DRIFT,7,5,5,0.0498973056241562,0.7142857142857143,0.1052611986566758,-0.2630936473988631
PRIMARY,TRANSITION_COOLING,126,ERA_2025_2026,CALM,RUSH,1,1,1,0.1064540900744241,1.0,0.2796442853987495,0.0
PRIMARY,TRANSITION_COOLING,126,ERA_2025_2026,CALM,SCATTER,3,3,3,0.3525707350689147,1.0,0.5443773774913161,-0.0111874680072326
PRIMARY,TRANSITION_COOLING,130,ERA_2013_2015,CALM,CALM,3,3,3,-0.0834417391586093,0.3333333333333333,0.0651338378763055,-0.2978894387356025
PRIMARY,TRANSITION_COOLING,130,ERA_2013_2015,CALM,DRIFT,5,5,5,0.0656505061726639,0.6,0.0970260377833398,-0.1566035318921912
PRIMARY,TRANSITION_COOLING,130,ERA_2013_2015,CALM,SCATTER,1,1,1,-0.2194092750322018,0.0,0.0140693529116304,-0.2262169314873391
PRIMARY,TRANSITION_COOLING,130,ERA_2013_2015,SCATTER,CALM,1,1,1,-0.1307529804610528,0.0,0.0400646512694018,-0.2624834645276845
PRIMARY,TRANSITION_COOLING,130,ERA_2016_2018,CALM,CALM,3,3,3,0.0489847942304937,0.6666666666666666,0.1372621957542255,-0.0355482838364904
PRIMARY,TRANSITION_COOLING,130,ERA_2016_2018,CALM,DRIFT,4,4,4,-0.041639565139023005,0.25,0.0615840034910185,-0.0763157782417611
PRIMARY,TRANSITION_COOLING,130,ERA_2016_2018,CALM,RUSH,3,3,3,0.080230633833167,1.0,0.1141695385771293,-0.0660010209636317
PRIMARY,TRANSITION_COOLING,130,ERA_2016_2018,DRIFT,CALM,3,3,3,0.1334833724489423,1.0,0.329168726024116,-0.0131189641628144
PRIMARY,TRANSITION_COOLING,130,ERA_2016_2018,DRIFT,DRIFT,14,12,10,0.09550193838478785,0.8571428571428571,0.1583822290752221,-0.0668005067688893
PRIMARY,TRANSITION_COOLING,130,ERA_2016_2018,DRIFT,RUSH,1,1,1,0.6961017004463455,1.0,0.794061693166412,-0.105731314438513
PRIMARY,TRANSITION_COOLING,130,ERA_2016_2018,SCATTER,CALM,1,1,1,0.0517506356772592,1.0,0.2090463516501866,-0.0496240124533112
PRIMARY,TRANSITION_COOLING,130,ERA_2016_2018,SCATTER,SCATTER,1,1,1,-0.0244366292487089,0.0,0.0802703912038946,-0.0842542333712818
PRIMARY,TRANSITION_COOLING,130,ERA_2019_2021,CALM,CALM,6,6,6,0.0496343998676973,0.6666666666666666,0.09857415266142361,-0.1290791378873675
PRIMARY,TRANSITION_COOLING,130,ERA_2019_2021,CALM,DRIFT,13,12,11,0.0584733342263474,0.6153846153846154,0.1521515527342447,-0.1009799585528476
PRIMARY,TRANSITION_COOLING,130,ERA_2019_2021,CALM,RUSH,1,1,1,-0.0627899161582143,0.0,0.1069399241945272,-0.1842519829477965
PRIMARY,TRANSITION_COOLING,130,ERA_2019_2021,CALM,SCATTER,2,2,1,-0.2781515430250268,0.5,0.12216458094946665,-0.34262787405418016
PRIMARY,TRANSITION_COOLING,130,ERA_2019_2021,DRIFT,CALM,1,1,1,0.1293405658163087,1.0,0.3645500414612925,-0.0115939893013279
PRIMARY,TRANSITION_COOLING,130,ERA_2019_2021,DRIFT,DRIFT,8,8,6,0.08055947202482565,0.625,0.18049213753698115,-0.0719447407287164
PRIMARY,TRANSITION_COOLING,130,ERA_2019_2021,DRIFT,RUSH,3,3,2,0.2045139445624393,1.0,0.4433839749603268,-0.0280560405815614
PRIMARY,TRANSITION_COOLING,130,ERA_2019_2021,SCATTER,SCATTER,1,1,1,0.1254546061476902,1.0,0.3351821070002714,-0.0171935717770561
PRIMARY,TRANSITION_COOLING,130,ERA_2022_2024,CALM,CALM,11,7,10,0.1245484929563058,0.7272727272727273,0.1919572126583459,-0.0943039258998322
PRIMARY,TRANSITION_COOLING,130,ERA_2022_2024,CALM,DRIFT,4,4,3,0.11818428107926245,1.0,0.1760239565693663,-0.08109462016600325
PRIMARY,TRANSITION_COOLING,130,ERA_2022_2024,CALM,SCATTER,2,2,2,-0.006212386732624399,0.5,0.2810748653342319,-0.11645434236267704
PRIMARY,TRANSITION_COOLING,130,ERA_2022_2024,DRIFT,CALM,2,2,2,-0.03499863628949135,0.5,0.05796618190246625,-0.1906235749066278
PRIMARY,TRANSITION_COOLING,130,ERA_2022_2024,DRIFT,DRIFT,7,7,5,0.037106554079811,0.7142857142857143,0.111492958170202,-0.0743557753207844
PRIMARY,TRANSITION_COOLING,130,ERA_2022_2024,DRIFT,RUSH,3,3,2,0.0324156704656031,1.0,0.0834456598240018,-0.1009267713470999
PRIMARY,TRANSITION_COOLING,130,ERA_2022_2024,DRIFT,SCATTER,1,1,1,0.1750520532414727,1.0,0.2838602755522379,-0.0242520533038542
PRIMARY,TRANSITION_COOLING,130,ERA_2022_2024,SCATTER,CALM,1,1,1,0.3347664737418552,1.0,0.3598200960702415,-0.0391891988833852
PRIMARY,TRANSITION_COOLING,130,ERA_2022_2024,SCATTER,SCATTER,3,3,3,0.2069545550480489,1.0,0.3297673730251107,-0.0332309574201846
PRIMARY,TRANSITION_COOLING,130,ERA_2025_2026,CALM,CALM,4,4,4,0.09237982428854355,1.0,0.17752515464981056,-0.08900836875072965
PRIMARY,TRANSITION_COOLING,130,ERA_2025_2026,CALM,DRIFT,7,5,5,0.038071550994907,0.7142857142857143,0.1052611986566758,-0.2630936473988631
PRIMARY,TRANSITION_COOLING,130,ERA_2025_2026,CALM,RUSH,1,1,1,0.1018553314454304,1.0,0.2796442853987495,0.0
PRIMARY,TRANSITION_COOLING,130,ERA_2025_2026,CALM,SCATTER,3,3,3,0.3814698464474315,1.0,0.5443773774913161,-0.0111874680072326
PRIMARY,TRANSITION_RECOVERING,5,ERA_2013_2015,CALM,CALM,45,28,25,-0.007173987547773,0.4,0.0106410492307691,-0.0167234205287049
PRIMARY,TRANSITION_RECOVERING,5,ERA_2013_2015,CALM,DRIFT,17,14,12,-0.0012219787986947,0.35294117647058826,0.0135770020832286,-0.0153821578036273
PRIMARY,TRANSITION_RECOVERING,5,ERA_2013_2015,CALM,RUSH,2,2,2,-0.0039891155971331,0.5,0.015150865707289449,-0.02209164074489635
PRIMARY,TRANSITION_RECOVERING,5,ERA_2013_2015,CALM,SCATTER,20,17,13,0.0053526342160301,0.55,0.020070828846340552,-0.01414181107988545
PRIMARY,TRANSITION_RECOVERING,5,ERA_2013_2015,SCATTER,CALM,28,17,16,0.0032653480344674,0.5714285714285714,0.0186490907675832,-0.00977942609661465
PRIMARY,TRANSITION_RECOVERING,5,ERA_2013_2015,SCATTER,DRIFT,3,3,2,-0.0341049468071197,0.0,0.0152706272186466,-0.0369471240262618
PRIMARY,TRANSITION_RECOVERING,5,ERA_2013_2015,SCATTER,FLEE,1,1,1,0.0269425007856327,1.0,0.0378757557989466,-0.0002928422421462
PRIMARY,TRANSITION_RECOVERING,5,ERA_2013_2015,SCATTER,SCATTER,26,23,15,0.0057625952789045,0.6538461538461539,0.013203307234288801,-0.013117331911025449
PRIMARY,TRANSITION_RECOVERING,5,ERA_2016_2018,CALM,CALM,45,31,29,0.0062434139527964,0.6444444444444445,0.0164811065414782,-0.0121562892326928
PRIMARY,TRANSITION_RECOVERING,5,ERA_2016_2018,CALM,DRIFT,15,14,13,0.0066021197935837,0.6,0.0195092824196596,-0.0104830112374786
PRIMARY,TRANSITION_RECOVERING,5,ERA_2016_2018,CALM,FLEE,1,1,1,0.0019916444139294,1.0,0.0168067674846918,-0.0133208806800957
PRIMARY,TRANSITION_RECOVERING,5,ERA_2016_2018,CALM,RUSH,5,5,5,-0.0031750569829239,0.4,0.0128735652103844,-0.0151043385547385
PRIMARY,TRANSITION_RECOVERING,5,ERA_2016_2018,CALM,SCATTER,16,13,14,0.0089942742083265,0.625,0.0189702126284685,-0.008819083966569
PRIMARY,TRANSITION_RECOVERING,5,ERA_2016_2018,DRIFT,CALM,17,14,11,-0.0020091448627873,0.47058823529411764,0.0113925263522074,-0.0107008260462089
PRIMARY,TRANSITION_RECOVERING,5,ERA_2016_2018,DRIFT,DRIFT,18,17,11,0.00719075919079035,0.7222222222222222,0.013989224587612401,-0.0072183675562511
PRIMARY,TRANSITION_RECOVERING,5,ERA_2016_2018,DRIFT,RUSH,10,9,7,0.00419808905002025,0.7,0.0104678367184427,-0.02609781797963005
PRIMARY,TRANSITION_RECOVERING,5,ERA_2016_2018,DRIFT,SCATTER,8,6,7,0.00911284547471085,0.875,0.0131752636862154,-0.006921610161655449
PRIMARY,TRANSITION_RECOVERING,5,ERA_2016_2018,SCATTER,CALM,9,8,8,-0.0048120280456503,0.4444444444444444,0.0219454918589609,-0.0138158092810007
PRIMARY,TRANSITION_RECOVERING,5,ERA_2016_2018,SCATTER,DRIFT,7,7,5,0.0046199661455261,0.7142857142857143,0.015744456860377,-0.0110747995647089
PRIMARY,TRANSITION_RECOVERING,5,ERA_2016_2018,SCATTER,RUSH,3,3,2,0.0079796110345489,1.0,0.016316912718804,-0.0102364620229608
PRIMARY,TRANSITION_RECOVERING,5,ERA_2016_2018,SCATTER,SCATTER,22,20,10,0.02468179346782095,0.6818181818181818,0.03751499429741885,-0.019876292624673553
PRIMARY,TRANSITION_RECOVERING,5,ERA_2019_2021,CALM,CALM,64,39,29,0.0003537998825191,0.5,0.016730238863736098,-0.019438741343385198
PRIMARY,TRANSITION_RECOVERING,5,ERA_2019_2021,CALM,DRIFT,21,18,15,0.0053621298500994,0.7619047619047619,0.0175990427937478,-0.0078740971677608
PRIMARY,TRANSITION_RECOVERING,5,ERA_2019_2021,CALM,RUSH,4,4,2,0.0111327714074262,0.5,0.0302824926696294,-0.03590838839509755
PRIMARY,TRANSITION_RECOVERING,5,ERA_2019_2021,CALM,SCATTER,18,16,10,-0.0024684402766741,0.4444444444444444,0.015034485260714,-0.02565933986443445
PRIMARY,TRANSITION_RECOVERING,5,ERA_2019_2021,DRIFT,CALM,30,24,22,0.00837143570184145,0.6666666666666666,0.019510243376766948,-0.0110806229852753
PRIMARY,TRANSITION_RECOVERING,5,ERA_2019_2021,DRIFT,DRIFT,31,28,24,-0.0027756236534255,0.3870967741935484,0.012591808631474,-0.0189769860622388
PRIMARY,TRANSITION_RECOVERING,5,ERA_2019_2021,DRIFT,RUSH,7,7,6,-0.0079892241090651,0.42857142857142855,0.0252704297717114,-0.0205480044280363
PRIMARY,TRANSITION_RECOVERING,5,ERA_2019_2021,DRIFT,SCATTER,2,2,2,0.030139308579507147,1.0,0.03872215515838765,-0.01842030057560345
PRIMARY,TRANSITION_RECOVERING,5,ERA_2019_2021,RUSH,CALM,1,1,1,-0.0206775768555614,0.0,0.008049578842975,-0.0737025388255999
PRIMARY,TRANSITION_RECOVERING,5,ERA_2019_2021,RUSH,DRIFT,1,1,1,0.0493286256229807,1.0,0.057399279224632,-0.041409121435134
PRIMARY,TRANSITION_RECOVERING,5,ERA_2019_2021,SCATTER,CALM,8,8,5,0.0168862287209815,0.875,0.025080444425082803,-0.00990477322339915
PRIMARY,TRANSITION_RECOVERING,5,ERA_2019_2021,SCATTER,DRIFT,1,1,1,0.0047986049363828,1.0,0.0062103381722202,-0.0101624194269812
PRIMARY,TRANSITION_RECOVERING,5,ERA_2019_2021,SCATTER,SCATTER,39,34,14,0.0084813826260408,0.6153846153846154,0.0339445513637943,-0.0212818883435323
PRIMARY,TRANSITION_RECOVERING,5,ERA_2022_2024,CALM,CALM,98,45,46,0.00330946850255435,0.5612244897959183,0.02045968233780065,-0.02150459733928985
PRIMARY,TRANSITION_RECOVERING,5,ERA_2022_2024,CALM,DRIFT,15,15,11,0.0128786737361201,0.7333333333333333,0.022955798936695,-0.0166329314421324
PRIMARY,TRANSITION_RECOVERING,5,ERA_2022_2024,CALM,RUSH,1,1,1,-0.04257701293988,0.0,0.0072251538347427,-0.043093076929162
PRIMARY,TRANSITION_RECOVERING,5,ERA_2022_2024,CALM,SCATTER,25,19,16,0.0057356209815617,0.64,0.0272178786975314,-0.0151727667872707
PRIMARY,TRANSITION_RECOVERING,5,ERA_2022_2024,DRIFT,CALM,21,17,14,0.0015280499404037,0.5714285714285714,0.0211110815812314,-0.0190487961548165
PRIMARY,TRANSITION_RECOVERING,5,ERA_2022_2024,DRIFT,DRIFT,14,12,8,-0.00010360079940525003,0.5,0.0204343436288284,-0.013784669351954701
PRIMARY,TRANSITION_RECOVERING,5,ERA_2022_2024,DRIFT,RUSH,2,2,2,0.02653525259166065,1.0,0.050201921114583145,-0.01252340119726775
PRIMARY,TRANSITION_RECOVERING,5,ERA_2022_2024,DRIFT,SCATTER,3,3,3,0.0123255390251695,0.6666666666666666,0.0251377492341049,-0.0120013250373045
PRIMARY,TRANSITION_RECOVERING,5,ERA_2022_2024,SCATTER,CALM,15,15,8,0.034812742487859,0.8666666666666667,0.0456138191487554,-0.0160146022081899
PRIMARY,TRANSITION_RECOVERING,5,ERA_2022_2024,SCATTER,DRIFT,4,4,3,0.02534526261708195,1.0,0.02972439850290075,-0.0141409775063007
PRIMARY,TRANSITION_RECOVERING,5,ERA_2022_2024,SCATTER,RUSH,1,1,1,-0.0316640359394231,0.0,0.0060000860761588,-0.0365354626840991
PRIMARY,TRANSITION_RECOVERING,5,ERA_2022_2024,SCATTER,SCATTER,34,29,23,0.0064920731020845,0.5294117647058824,0.01819236079829175,-0.023922173558969598
PRIMARY,TRANSITION_RECOVERING,5,ERA_2025_2026,CALM,CALM,57,34,35,0.0108271673048121,0.6140350877192983,0.0261390650426194,-0.0159898102654042
PRIMARY,TRANSITION_RECOVERING,5,ERA_2025_2026,CALM,DRIFT,26,20,18,-0.0050666655620669,0.4230769230769231,0.0199203504605479,-0.0266004106543682
PRIMARY,TRANSITION_RECOVERING,5,ERA_2025_2026,CALM,RUSH,1,1,1,0.0455172575520008,1.0,0.057195381374121,-0.016092001325926
PRIMARY,TRANSITION_RECOVERING,5,ERA_2025_2026,CALM,SCATTER,27,23,17,0.013537534170805,0.5925925925925926,0.0245344907780662,-0.0191986731019572
PRIMARY,TRANSITION_RECOVERING,5,ERA_2025_2026,DRIFT,CALM,2,2,2,0.0048042521445894,1.0,0.03244930694485465,-0.0203262370498112
PRIMARY,TRANSITION_RECOVERING,5,ERA_2025_2026,DRIFT,DRIFT,4,4,1,0.0293045414436982,1.0,0.03638880444607315,-0.00491610102143405
PRIMARY,TRANSITION_RECOVERING,5,ERA_2025_2026,DRIFT,RUSH,1,1,1,0.035636156592224,1.0,0.0542688839150429,-0.0104882576366798
PRIMARY,TRANSITION_RECOVERING,5,ERA_2025_2026,SCATTER,CALM,2,2,1,-0.0361213819946483,0.0,0.00699047683919205,-0.054503489387050054
PRIMARY,TRANSITION_RECOVERING,5,ERA_2025_2026,SCATTER,RUSH,1,1,1,-0.052837205784419,0.0,0.0055617844578836,-0.0832284834044239
PRIMARY,TRANSITION_RECOVERING,5,ERA_2025_2026,SCATTER,SCATTER,1,1,1,0.1676468877706698,1.0,0.1810672501146835,-0.0191079618889087
PRIMARY,TRANSITION_RECOVERING,10,ERA_2013_2015,CALM,CALM,45,28,25,-0.0050155925602068,0.4,0.0159070592982668,-0.0251821237185023
PRIMARY,TRANSITION_RECOVERING,10,ERA_2013_2015,CALM,DRIFT,17,14,12,-0.0019147417357314,0.47058823529411764,0.0355090662366837,-0.0186406834258076
PRIMARY,TRANSITION_RECOVERING,10,ERA_2013_2015,CALM,RUSH,2,2,2,-0.0015231675161534002,0.5,0.0221352461310385,-0.0224690209034398
PRIMARY,TRANSITION_RECOVERING,10,ERA_2013_2015,CALM,SCATTER,20,17,13,0.003847349859983,0.55,0.02792781133105875,-0.02303272707018875
PRIMARY,TRANSITION_RECOVERING,10,ERA_2013_2015,SCATTER,CALM,28,17,16,0.0047488872629296,0.6428571428571429,0.025051409353735052,-0.01986669414516925
PRIMARY,TRANSITION_RECOVERING,10,ERA_2013_2015,SCATTER,DRIFT,3,3,2,-0.0452548704297454,0.0,0.0152706272186466,-0.0456920514567161
PRIMARY,TRANSITION_RECOVERING,10,ERA_2013_2015,SCATTER,FLEE,1,1,1,0.0445136172984523,1.0,0.0670635743791003,-0.0002928422421462
PRIMARY,TRANSITION_RECOVERING,10,ERA_2013_2015,SCATTER,SCATTER,26,23,15,0.015041770487030849,0.6153846153846154,0.02371176957469305,-0.02418994457788835
PRIMARY,TRANSITION_RECOVERING,10,ERA_2016_2018,CALM,CALM,45,31,29,0.0049572568364693,0.5555555555555556,0.025063539854826,-0.0178002347020099
PRIMARY,TRANSITION_RECOVERING,10,ERA_2016_2018,CALM,DRIFT,15,14,13,-0.0061995852371501,0.4666666666666667,0.0270977520182429,-0.0176688427013916
PRIMARY,TRANSITION_RECOVERING,10,ERA_2016_2018,CALM,FLEE,1,1,1,0.0196699864951221,1.0,0.022408874522954,-0.0133208806800957
PRIMARY,TRANSITION_RECOVERING,10,ERA_2016_2018,CALM,RUSH,5,5,5,0.0110274899269657,0.8,0.0155920539399889,-0.0151043385547385
PRIMARY,TRANSITION_RECOVERING,10,ERA_2016_2018,CALM,SCATTER,16,13,14,0.009684519755505699,0.625,0.02693360331760615,-0.022458319549016302
PRIMARY,TRANSITION_RECOVERING,10,ERA_2016_2018,DRIFT,CALM,17,14,11,0.0016615629942158,0.5882352941176471,0.0113925263522074,-0.0176263188124794
PRIMARY,TRANSITION_RECOVERING,10,ERA_2016_2018,DRIFT,DRIFT,18,17,11,0.00528337739432445,0.6111111111111112,0.0253391856371946,-0.011876813263212101
PRIMARY,TRANSITION_RECOVERING,10,ERA_2016_2018,DRIFT,RUSH,10,9,7,0.00971995116715535,0.6,0.0217253307226167,-0.0295891621633662
PRIMARY,TRANSITION_RECOVERING,10,ERA_2016_2018,DRIFT,SCATTER,8,6,7,0.0171664786100568,1.0,0.02867185921093715,-0.006921610161655449
PRIMARY,TRANSITION_RECOVERING,10,ERA_2016_2018,SCATTER,CALM,9,8,8,0.0162200400802956,0.6666666666666666,0.0331975577207424,-0.0193181206946606
PRIMARY,TRANSITION_RECOVERING,10,ERA_2016_2018,SCATTER,DRIFT,7,7,5,-0.0014833336255599,0.42857142857142855,0.0210076482186958,-0.0233825766962613
PRIMARY,TRANSITION_RECOVERING,10,ERA_2016_2018,SCATTER,RUSH,3,3,2,0.0261022756110076,1.0,0.0509271233868422,-0.0102364620229608
PRIMARY,TRANSITION_RECOVERING,10,ERA_2016_2018,SCATTER,SCATTER,22,20,10,0.009474672932337301,0.6818181818181818,0.0471572820889588,-0.0212712564514991
PRIMARY,TRANSITION_RECOVERING,10,ERA_2019_2021,CALM,CALM,64,39,29,0.01370524454304395,0.625,0.02887627313363745,-0.02705448854596655
PRIMARY,TRANSITION_RECOVERING,10,ERA_2019_2021,CALM,DRIFT,21,18,15,0.0131577944965035,0.6666666666666666,0.0301053182579731,-0.0095744622684426
PRIMARY,TRANSITION_RECOVERING,10,ERA_2019_2021,CALM,RUSH,4,4,2,0.020741202680798848,0.75,0.03989961141008565,-0.03590838839509755
PRIMARY,TRANSITION_RECOVERING,10,ERA_2019_2021,CALM,SCATTER,18,16,10,0.0013074037946607,0.5,0.02110310597082085,-0.04301734416958525
PRIMARY,TRANSITION_RECOVERING,10,ERA_2019_2021,DRIFT,CALM,30,24,22,0.014170476158533899,0.6333333333333333,0.02680993698007935,-0.013729581570648651
PRIMARY,TRANSITION_RECOVERING,10,ERA_2019_2021,DRIFT,DRIFT,31,28,24,0.00145633576461,0.5161290322580645,0.0166057784746089,-0.0223613553955357
PRIMARY,TRANSITION_RECOVERING,10,ERA_2019_2021,DRIFT,RUSH,7,7,6,0.0028953972593019,0.5714285714285714,0.0252704297717114,-0.0205480044280363
PRIMARY,TRANSITION_RECOVERING,10,ERA_2019_2021,DRIFT,SCATTER,2,2,2,-0.04470420430617204,0.0,0.0415470714328691,-0.06414715882209675
PRIMARY,TRANSITION_RECOVERING,10,ERA_2019_2021,RUSH,CALM,1,1,1,-0.0583139364305113,0.0,0.008049578842975,-0.1101487733343394
PRIMARY,TRANSITION_RECOVERING,10,ERA_2019_2021,RUSH,DRIFT,1,1,1,0.0674307758851147,1.0,0.079272619637047,-0.041409121435134
PRIMARY,TRANSITION_RECOVERING,10,ERA_2019_2021,SCATTER,CALM,8,8,5,0.040447641231035544,0.875,0.05312773085345065,-0.00990477322339915
PRIMARY,TRANSITION_RECOVERING,10,ERA_2019_2021,SCATTER,DRIFT,1,1,1,0.0057869182009349,1.0,0.0151023174866995,-0.0135499776972179
PRIMARY,TRANSITION_RECOVERING,10,ERA_2019_2021,SCATTER,SCATTER,39,34,14,0.0126784270351392,0.5641025641025641,0.0540989671178335,-0.0371950184305429
PRIMARY,TRANSITION_RECOVERING,10,ERA_2022_2024,CALM,CALM,98,45,46,0.00500510580218155,0.5306122448979592,0.031594955769252406,-0.0317493843376445
PRIMARY,TRANSITION_RECOVERING,10,ERA_2022_2024,CALM,DRIFT,15,15,11,0.0249715882092551,0.6666666666666666,0.0365219237862139,-0.0166329314421324
PRIMARY,TRANSITION_RECOVERING,10,ERA_2022_2024,CALM,RUSH,1,1,1,-0.0455014018173453,0.0,0.0072251538347427,-0.0838635756024341
PRIMARY,TRANSITION_RECOVERING,10,ERA_2022_2024,CALM,SCATTER,25,19,16,0.0144594047907722,0.64,0.035825746208441,-0.0197580749941909
PRIMARY,TRANSITION_RECOVERING,10,ERA_2022_2024,DRIFT,CALM,21,17,14,0.0019266101057329,0.5238095238095238,0.0257874826819874,-0.0251505310523266
PRIMARY,TRANSITION_RECOVERING,10,ERA_2022_2024,DRIFT,DRIFT,14,12,8,-0.00722427824819705,0.42857142857142855,0.025931794769626003,-0.0279434870327827
PRIMARY,TRANSITION_RECOVERING,10,ERA_2022_2024,DRIFT,RUSH,2,2,2,0.0218683205358645,0.5,0.0586881511471716,-0.02595005397528595
PRIMARY,TRANSITION_RECOVERING,10,ERA_2022_2024,DRIFT,SCATTER,3,3,3,0.0484064498909844,0.6666666666666666,0.0522864111021883,-0.0120013250373045
PRIMARY,TRANSITION_RECOVERING,10,ERA_2022_2024,SCATTER,CALM,15,15,8,0.0538773868204147,0.8666666666666667,0.0722227437357101,-0.0160146022081899
PRIMARY,TRANSITION_RECOVERING,10,ERA_2022_2024,SCATTER,DRIFT,4,4,3,0.02168069171922455,1.0,0.04031348130147955,-0.0141409775063007
PRIMARY,TRANSITION_RECOVERING,10,ERA_2022_2024,SCATTER,RUSH,1,1,1,-0.0035645131776919,0.0,0.0368920395114644,-0.0365354626840991
PRIMARY,TRANSITION_RECOVERING,10,ERA_2022_2024,SCATTER,SCATTER,34,29,23,0.0210437610611241,0.6470588235294118,0.04328330547325035,-0.0324606513106025
PRIMARY,TRANSITION_RECOVERING,10,ERA_2025_2026,CALM,CALM,55,33,34,-0.0013580419290103,0.4727272727272727,0.036566473285734,-0.030094999789586
PRIMARY,TRANSITION_RECOVERING,10,ERA_2025_2026,CALM,DRIFT,26,20,18,-0.0007208098736519999,0.46153846153846156,0.03107519633816975,-0.03336806139054615
PRIMARY,TRANSITION_RECOVERING,10,ERA_2025_2026,CALM,RUSH,1,1,1,0.1101609893476731,1.0,0.1136552165954241,-0.016092001325926
PRIMARY,TRANSITION_RECOVERING,10,ERA_2025_2026,CALM,SCATTER,27,23,17,0.0162244459381022,0.6666666666666666,0.0425081819420543,-0.0251514781818181
PRIMARY,TRANSITION_RECOVERING,10,ERA_2025_2026,DRIFT,CALM,2,2,2,0.02587732081811435,1.0,0.03244930694485465,-0.0203262370498112
PRIMARY,TRANSITION_RECOVERING,10,ERA_2025_2026,DRIFT,DRIFT,4,4,1,0.0180197949109168,0.75,0.0394836771507506,-0.016788924490704252
PRIMARY,TRANSITION_RECOVERING,10,ERA_2025_2026,DRIFT,RUSH,1,1,1,0.0478726039876213,1.0,0.0639625005012061,-0.0104882576366798
PRIMARY,TRANSITION_RECOVERING,10,ERA_2025_2026,SCATTER,CALM,2,2,1,-0.03936452415260065,0.0,0.00699047683919205,-0.0602952358817896
PRIMARY,TRANSITION_RECOVERING,10,ERA_2025_2026,SCATTER,RUSH,1,1,1,-0.0931603463846753,0.0,0.0055617844578836,-0.1193802909661478
PRIMARY,TRANSITION_RECOVERING,10,ERA_2025_2026,SCATTER,SCATTER,1,1,1,-0.171542746928529,0.0,0.1810672501146835,-0.1725555808977749
PRIMARY,TRANSITION_RECOVERING,20,ERA_2013_2015,CALM,CALM,45,28,25,0.0072472066584312,0.5111111111111111,0.0323879838131608,-0.0314188599041554
PRIMARY,TRANSITION_RECOVERING,20,ERA_2013_2015,CALM,DRIFT,17,14,12,0.0046584509471467,0.5294117647058824,0.0437854210442709,-0.0246268694129345
PRIMARY,TRANSITION_RECOVERING,20,ERA_2013_2015,CALM,RUSH,2,2,2,0.05837859592130675,1.0,0.0652653543913407,-0.0224690209034398
PRIMARY,TRANSITION_RECOVERING,20,ERA_2013_2015,CALM,SCATTER,20,17,13,-0.00849395678106085,0.45,0.042323931178676194,-0.048455264583042945
PRIMARY,TRANSITION_RECOVERING,20,ERA_2013_2015,SCATTER,CALM,28,17,16,-0.01341895535507045,0.2857142857142857,0.0345508961884437,-0.0311436195526617
PRIMARY,TRANSITION_RECOVERING,20,ERA_2013_2015,SCATTER,DRIFT,3,3,2,-0.0398277387313202,0.0,0.0152706272186466,-0.0676827902071693
PRIMARY,TRANSITION_RECOVERING,20,ERA_2013_2015,SCATTER,FLEE,1,1,1,0.0441233509174843,1.0,0.0736044465422742,-0.0002928422421462
PRIMARY,TRANSITION_RECOVERING,20,ERA_2013_2015,SCATTER,SCATTER,26,23,15,0.02094583833312865,0.6153846153846154,0.048637002682775446,-0.03729074603980665
PRIMARY,TRANSITION_RECOVERING,20,ERA_2016_2018,CALM,CALM,45,31,29,2.440641979628566e-07,0.5111111111111111,0.0351813224945156,-0.0350995378915153
PRIMARY,TRANSITION_RECOVERING,20,ERA_2016_2018,CALM,DRIFT,15,14,13,0.0178264449439431,0.6,0.0439834612451357,-0.0205864272235739
PRIMARY,TRANSITION_RECOVERING,20,ERA_2016_2018,CALM,FLEE,1,1,1,0.0205414478180319,1.0,0.0258324160710459,-0.0133208806800957
PRIMARY,TRANSITION_RECOVERING,20,ERA_2016_2018,CALM,RUSH,5,5,5,0.0565780675825631,0.8,0.0565780675825631,-0.0151043385547385
PRIMARY,TRANSITION_RECOVERING,20,ERA_2016_2018,CALM,SCATTER,16,13,14,0.01412046255418815,0.5625,0.03963054277356065,-0.032594915878866995
PRIMARY,TRANSITION_RECOVERING,20,ERA_2016_2018,DRIFT,CALM,17,14,11,0.0214923284745107,0.7058823529411765,0.0334453226609523,-0.0197279235867187
PRIMARY,TRANSITION_RECOVERING,20,ERA_2016_2018,DRIFT,DRIFT,18,17,11,0.00547509457845045,0.6111111111111112,0.03157202694236655,-0.01483890125268565
PRIMARY,TRANSITION_RECOVERING,20,ERA_2016_2018,DRIFT,RUSH,10,9,7,0.02306070474306735,0.6,0.03606263954251915,-0.0298437076359515
PRIMARY,TRANSITION_RECOVERING,20,ERA_2016_2018,DRIFT,SCATTER,8,6,7,0.0361946835723565,0.875,0.0444305752483048,-0.006921610161655449
PRIMARY,TRANSITION_RECOVERING,20,ERA_2016_2018,SCATTER,CALM,9,8,8,0.0166276182028202,0.5555555555555556,0.0331975577207424,-0.0193181206946606
PRIMARY,TRANSITION_RECOVERING,20,ERA_2016_2018,SCATTER,DRIFT,7,7,5,-0.0133130833537162,0.42857142857142855,0.0261923653116826,-0.030775511896806
PRIMARY,TRANSITION_RECOVERING,20,ERA_2016_2018,SCATTER,RUSH,3,3,2,0.0589063851475306,1.0,0.059610447806164,-0.0102364620229608
PRIMARY,TRANSITION_RECOVERING,20,ERA_2016_2018,SCATTER,SCATTER,22,20,10,0.04370446982369445,0.9545454545454546,0.07208020446482774,-0.021929449564117652
PRIMARY,TRANSITION_RECOVERING,20,ERA_2019_2021,CALM,CALM,64,39,29,0.0210501338391565,0.671875,0.04894428687391725,-0.0315041838266936
PRIMARY,TRANSITION_RECOVERING,20,ERA_2019_2021,CALM,DRIFT,21,18,15,0.0270412591451512,0.8095238095238095,0.0512526422055099,-0.0145585463419968
PRIMARY,TRANSITION_RECOVERING,20,ERA_2019_2021,CALM,RUSH,4,4,2,0.0444963121160395,0.75,0.0584195405076696,-0.06706905280172185
PRIMARY,TRANSITION_RECOVERING,20,ERA_2019_2021,CALM,SCATTER,18,16,10,0.012381707708356499,0.5555555555555556,0.031547221842175704,-0.04301734416958525
PRIMARY,TRANSITION_RECOVERING,20,ERA_2019_2021,DRIFT,CALM,30,24,22,0.0243132781759337,0.6333333333333333,0.050303755672820805,-0.0304564164332035
PRIMARY,TRANSITION_RECOVERING,20,ERA_2019_2021,DRIFT,DRIFT,31,28,24,-0.0046067016941339,0.4838709677419355,0.0282676568216206,-0.0372361361992359
PRIMARY,TRANSITION_RECOVERING,20,ERA_2019_2021,DRIFT,RUSH,7,7,6,0.0471290224441238,0.7142857142857143,0.0595750887812962,-0.0233325350710082
PRIMARY,TRANSITION_RECOVERING,20,ERA_2019_2021,DRIFT,SCATTER,2,2,2,-0.07781991435411685,0.0,0.0415470714328691,-0.10194697650418234
PRIMARY,TRANSITION_RECOVERING,20,ERA_2019_2021,RUSH,CALM,1,1,1,0.0740163679033214,1.0,0.0761982480128895,-0.1101487733343394
PRIMARY,TRANSITION_RECOVERING,20,ERA_2019_2021,RUSH,DRIFT,1,1,1,0.0669029149407218,1.0,0.079272619637047,-0.041409121435134
PRIMARY,TRANSITION_RECOVERING,20,ERA_2019_2021,SCATTER,CALM,8,8,5,0.0571008489370202,0.875,0.0989796036629299,-0.00990477322339915
PRIMARY,TRANSITION_RECOVERING,20,ERA_2019_2021,SCATTER,DRIFT,1,1,1,0.0019757429483073,1.0,0.0151023174866995,-0.0266762679187523
PRIMARY,TRANSITION_RECOVERING,20,ERA_2019_2021,SCATTER,SCATTER,39,34,14,0.0316922057103727,0.6666666666666666,0.0885666775452571,-0.0493196941560543
PRIMARY,TRANSITION_RECOVERING,20,ERA_2022_2024,CALM,CALM,98,45,46,0.0015153872673715999,0.5102040816326531,0.048115042599449306,-0.038635539113121606
PRIMARY,TRANSITION_RECOVERING,20,ERA_2022_2024,CALM,DRIFT,15,15,11,0.0013015118263659,0.5333333333333333,0.0389238928623039,-0.0250528190750006
PRIMARY,TRANSITION_RECOVERING,20,ERA_2022_2024,CALM,RUSH,1,1,1,-0.0183210201156079,0.0,0.0072251538347427,-0.0838635756024341
PRIMARY,TRANSITION_RECOVERING,20,ERA_2022_2024,CALM,SCATTER,25,19,16,0.0209933693914101,0.68,0.0544304284030372,-0.0197580749941909
PRIMARY,TRANSITION_RECOVERING,20,ERA_2022_2024,DRIFT,CALM,21,17,14,-0.0073424407480228,0.47619047619047616,0.0537470045357273,-0.042558108270331
PRIMARY,TRANSITION_RECOVERING,20,ERA_2022_2024,DRIFT,DRIFT,14,12,8,0.00533023242159875,0.6428571428571429,0.025931794769626003,-0.0423427514797547
PRIMARY,TRANSITION_RECOVERING,20,ERA_2022_2024,DRIFT,RUSH,2,2,2,0.08536404804436565,1.0,0.0896127406854644,-0.02595005397528595
PRIMARY,TRANSITION_RECOVERING,20,ERA_2022_2024,DRIFT,SCATTER,3,3,3,0.08081834136096,1.0,0.1284062653930584,-0.0120013250373045
PRIMARY,TRANSITION_RECOVERING,20,ERA_2022_2024,SCATTER,CALM,15,15,8,0.0206020918723368,0.7333333333333333,0.0758990718535339,-0.0229953931135492
PRIMARY,TRANSITION_RECOVERING,20,ERA_2022_2024,SCATTER,DRIFT,4,4,3,-0.0276971061696193,0.0,0.04031348130147955,-0.03851181452590685
PRIMARY,TRANSITION_RECOVERING,20,ERA_2022_2024,SCATTER,RUSH,1,1,1,-0.213628116416791,0.0,0.0368920395114644,-0.2150538288335132
PRIMARY,TRANSITION_RECOVERING,20,ERA_2022_2024,SCATTER,SCATTER,34,29,23,-0.01839930481985215,0.4411764705882353,0.06387160028849775,-0.053248255473559644
PRIMARY,TRANSITION_RECOVERING,20,ERA_2025_2026,CALM,CALM,54,33,33,0.00177315058915915,0.5185185185185185,0.050469947521158395,-0.038910450356548304
PRIMARY,TRANSITION_RECOVERING,20,ERA_2025_2026,CALM,DRIFT,20,17,17,0.017388443042660802,0.6,0.04760896294678635,-0.03713217705608145
PRIMARY,TRANSITION_RECOVERING,20,ERA_2025_2026,CALM,RUSH,1,1,1,0.1829884463890485,1.0,0.1846436914419498,-0.016092001325926
PRIMARY,TRANSITION_RECOVERING,20,ERA_2025_2026,CALM,SCATTER,26,22,16,0.012905493477889749,0.6538461538461539,0.0581812378015513,-0.0297760939534076
PRIMARY,TRANSITION_RECOVERING,20,ERA_2025_2026,DRIFT,CALM,2,2,2,-0.007365775304555549,0.5,0.04177616669142055,-0.03930967446448165
PRIMARY,TRANSITION_RECOVERING,20,ERA_2025_2026,DRIFT,DRIFT,4,4,1,-0.010309121247110201,0.0,0.047410113601060705,-0.02881466825191965
PRIMARY,TRANSITION_RECOVERING,20,ERA_2025_2026,DRIFT,RUSH,1,1,1,0.0128137487387027,1.0,0.0708405929633158,-0.0109880599993347
PRIMARY,TRANSITION_RECOVERING,20,ERA_2025_2026,SCATTER,CALM,2,2,1,-0.02885678960174825,0.0,0.00699047683919205,-0.07187869492253465
PRIMARY,TRANSITION_RECOVERING,20,ERA_2025_2026,SCATTER,RUSH,1,1,1,-0.1110748809285543,0.0,0.0055617844578836,-0.1705278665802008
PRIMARY,TRANSITION_RECOVERING,20,ERA_2025_2026,SCATTER,SCATTER,1,1,1,-0.2115115781393636,0.0,0.1810672501146835,-0.2343008147769775
PRIMARY,TRANSITION_RECOVERING,21,ERA_2013_2015,CALM,CALM,45,28,25,0.0055495363464568,0.5111111111111111,0.0328993266263872,-0.032146552697289
PRIMARY,TRANSITION_RECOVERING,21,ERA_2013_2015,CALM,DRIFT,17,14,12,0.0064233687612729,0.8823529411764706,0.0437854210442709,-0.0246268694129345
PRIMARY,TRANSITION_RECOVERING,21,ERA_2013_2015,CALM,RUSH,2,2,2,0.05239101295310825,1.0,0.0652655110401644,-0.0224690209034398
PRIMARY,TRANSITION_RECOVERING,21,ERA_2013_2015,CALM,SCATTER,20,17,13,-0.0038490527056817,0.5,0.042323931178676194,-0.0554338520613587
PRIMARY,TRANSITION_RECOVERING,21,ERA_2013_2015,SCATTER,CALM,28,17,16,-0.0112064774912888,0.35714285714285715,0.03492395331742655,-0.0322949638473759
PRIMARY,TRANSITION_RECOVERING,21,ERA_2013_2015,SCATTER,DRIFT,3,3,2,-0.037368585335221,0.0,0.0152706272186466,-0.0676827902071693
PRIMARY,TRANSITION_RECOVERING,21,ERA_2013_2015,SCATTER,FLEE,1,1,1,0.005857199929151,1.0,0.0736044465422742,-0.0238187199647871
PRIMARY,TRANSITION_RECOVERING,21,ERA_2013_2015,SCATTER,SCATTER,26,23,15,0.02087985001573425,0.6923076923076923,0.048637002682775446,-0.03729074603980665
PRIMARY,TRANSITION_RECOVERING,21,ERA_2016_2018,CALM,CALM,45,31,29,0.0030984450324356,0.5111111111111111,0.0374976390493575,-0.0350995378915153
PRIMARY,TRANSITION_RECOVERING,21,ERA_2016_2018,CALM,DRIFT,15,14,13,0.021990227500624,0.6,0.0439834612451357,-0.0205864272235739
PRIMARY,TRANSITION_RECOVERING,21,ERA_2016_2018,CALM,FLEE,1,1,1,0.0075320879666447,1.0,0.0258324160710459,-0.0133208806800957
PRIMARY,TRANSITION_RECOVERING,21,ERA_2016_2018,CALM,RUSH,5,5,5,0.0487463235679161,0.8,0.0603105571198456,-0.0151043385547385
PRIMARY,TRANSITION_RECOVERING,21,ERA_2016_2018,CALM,SCATTER,16,13,14,0.01818529588267425,0.625,0.03963054277356065,-0.032594915878866995
PRIMARY,TRANSITION_RECOVERING,21,ERA_2016_2018,DRIFT,CALM,17,14,11,0.0193045058153293,0.7058823529411765,0.0334453226609523,-0.0197279235867187
PRIMARY,TRANSITION_RECOVERING,21,ERA_2016_2018,DRIFT,DRIFT,18,17,11,0.013154838600519001,0.6111111111111112,0.03157202694236655,-0.01483890125268565
PRIMARY,TRANSITION_RECOVERING,21,ERA_2016_2018,DRIFT,RUSH,10,9,7,0.01383129329396,0.6,0.040833976336223196,-0.03341142765544215
PRIMARY,TRANSITION_RECOVERING,21,ERA_2016_2018,DRIFT,SCATTER,8,6,7,0.04020036064264235,0.875,0.047512958748821846,-0.006921610161655449
PRIMARY,TRANSITION_RECOVERING,21,ERA_2016_2018,SCATTER,CALM,9,8,8,0.0187063216590779,0.5555555555555556,0.0331975577207424,-0.0193181206946606
PRIMARY,TRANSITION_RECOVERING,21,ERA_2016_2018,SCATTER,DRIFT,7,7,5,-0.0119150539133051,0.2857142857142857,0.0261923653116826,-0.0342254001091966
PRIMARY,TRANSITION_RECOVERING,21,ERA_2016_2018,SCATTER,RUSH,3,3,2,0.0743960524039222,1.0,0.0748654367604735,-0.0102364620229608
PRIMARY,TRANSITION_RECOVERING,21,ERA_2016_2018,SCATTER,SCATTER,22,20,10,0.0466047602998297,0.9545454545454546,0.0754878915332312,-0.021929449564117652
PRIMARY,TRANSITION_RECOVERING,21,ERA_2019_2021,CALM,CALM,64,39,29,0.031252301873598454,0.671875,0.056156280138217454,-0.03343916093958765
PRIMARY,TRANSITION_RECOVERING,21,ERA_2019_2021,CALM,DRIFT,21,18,15,0.0398922922131947,0.8095238095238095,0.0556833495373982,-0.0145585463419968
PRIMARY,TRANSITION_RECOVERING,21,ERA_2019_2021,CALM,RUSH,4,4,2,0.0972405651456587,1.0,0.1496004320991184,-0.06706905280172185
PRIMARY,TRANSITION_RECOVERING,21,ERA_2019_2021,CALM,SCATTER,18,16,10,0.017471923189607802,0.5555555555555556,0.0341102504710451,-0.04301734416958525
PRIMARY,TRANSITION_RECOVERING,21,ERA_2019_2021,DRIFT,CALM,30,24,22,0.027281988888141748,0.6333333333333333,0.050303755672820805,-0.03070766211796155
PRIMARY,TRANSITION_RECOVERING,21,ERA_2019_2021,DRIFT,DRIFT,31,28,24,-0.0047110560168169,0.4838709677419355,0.0282676568216206,-0.0372361361992359
PRIMARY,TRANSITION_RECOVERING,21,ERA_2019_2021,DRIFT,RUSH,7,7,6,0.0544306687247162,0.7142857142857143,0.0595750887812962,-0.0278575152832522
PRIMARY,TRANSITION_RECOVERING,21,ERA_2019_2021,DRIFT,SCATTER,2,2,2,-0.09193147971939811,0.0,0.0415470714328691,-0.11830507811595625
PRIMARY,TRANSITION_RECOVERING,21,ERA_2019_2021,RUSH,CALM,1,1,1,0.0753391601967516,1.0,0.0835210265830657,-0.1101487733343394
PRIMARY,TRANSITION_RECOVERING,21,ERA_2019_2021,RUSH,DRIFT,1,1,1,0.0687884582336879,1.0,0.079272619637047,-0.041409121435134
PRIMARY,TRANSITION_RECOVERING,21,ERA_2019_2021,SCATTER,CALM,8,8,5,0.05860407897602895,0.875,0.0989796036629299,-0.00990477322339915
PRIMARY,TRANSITION_RECOVERING,21,ERA_2019_2021,SCATTER,DRIFT,1,1,1,0.0108676458076657,1.0,0.0151023174866995,-0.0266762679187523
PRIMARY,TRANSITION_RECOVERING,21,ERA_2019_2021,SCATTER,SCATTER,39,34,14,0.0481865337578133,0.7435897435897436,0.0885666775452571,-0.0493196941560543
PRIMARY,TRANSITION_RECOVERING,21,ERA_2022_2024,CALM,CALM,98,45,46,0.00272998114381335,0.5102040816326531,0.04921842668149455,-0.038635539113121606
PRIMARY,TRANSITION_RECOVERING,21,ERA_2022_2024,CALM,DRIFT,15,15,11,-0.0194403187500603,0.4666666666666667,0.0428813923440229,-0.0250528190750006
PRIMARY,TRANSITION_RECOVERING,21,ERA_2022_2024,CALM,RUSH,1,1,1,0.0970240034291733,1.0,0.1127645361982632,-0.0838635756024341
PRIMARY,TRANSITION_RECOVERING,21,ERA_2022_2024,CALM,SCATTER,25,19,16,0.0274478085875404,0.6,0.0544304284030372,-0.0197580749941909
PRIMARY,TRANSITION_RECOVERING,21,ERA_2022_2024,DRIFT,CALM,21,17,14,-0.0140054998390948,0.47619047619047616,0.0537470045357273,-0.042558108270331
PRIMARY,TRANSITION_RECOVERING,21,ERA_2022_2024,DRIFT,DRIFT,14,12,8,0.0061316685315672,0.5714285714285714,0.032500037117846756,-0.0423427514797547
PRIMARY,TRANSITION_RECOVERING,21,ERA_2022_2024,DRIFT,RUSH,2,2,2,0.08254569963619225,1.0,0.0915697118161098,-0.02595005397528595
PRIMARY,TRANSITION_RECOVERING,21,ERA_2022_2024,DRIFT,SCATTER,3,3,3,0.0854717377700766,1.0,0.1284062653930584,-0.0120013250373045
PRIMARY,TRANSITION_RECOVERING,21,ERA_2022_2024,SCATTER,CALM,15,15,8,0.0133783587632145,0.6666666666666666,0.0758990718535339,-0.0229953931135492
PRIMARY,TRANSITION_RECOVERING,21,ERA_2022_2024,SCATTER,DRIFT,4,4,3,-0.0417759936603923,0.0,0.04031348130147955,-0.0482028137620011
PRIMARY,TRANSITION_RECOVERING,21,ERA_2022_2024,SCATTER,RUSH,1,1,1,-0.254975368157052,0.0,0.0368920395114644,-0.261926034887629
PRIMARY,TRANSITION_RECOVERING,21,ERA_2022_2024,SCATTER,SCATTER,34,29,23,-0.01088773102079075,0.47058823529411764,0.06387160028849775,-0.05544426022505525
PRIMARY,TRANSITION_RECOVERING,21,ERA_2025_2026,CALM,CALM,54,33,33,-0.0041980369000405,0.46296296296296297,0.050469947521158395,-0.04071123025297655
PRIMARY,TRANSITION_RECOVERING,21,ERA_2025_2026,CALM,DRIFT,20,17,17,0.0238073333478059,0.65,0.0507441484676661,-0.03713217705608145
PRIMARY,TRANSITION_RECOVERING,21,ERA_2025_2026,CALM,RUSH,1,1,1,0.1771033582034491,1.0,0.2075402564924835,-0.016092001325926
PRIMARY,TRANSITION_RECOVERING,21,ERA_2025_2026,CALM,SCATTER,26,22,16,0.0155347394754208,0.6538461538461539,0.0581812378015513,-0.0297760939534076
PRIMARY,TRANSITION_RECOVERING,21,ERA_2025_2026,DRIFT,CALM,2,2,2,-0.0111066350456752,0.5,0.04177616669142055,-0.03930967446448165
PRIMARY,TRANSITION_RECOVERING,21,ERA_2025_2026,DRIFT,DRIFT,4,4,1,-0.01867312853199535,0.25,0.047410113601060705,-0.02881466825191965
PRIMARY,TRANSITION_RECOVERING,21,ERA_2025_2026,DRIFT,RUSH,1,1,1,-0.0007644651066409,0.0,0.0708405929633158,-0.0109880599993347
PRIMARY,TRANSITION_RECOVERING,21,ERA_2025_2026,SCATTER,CALM,2,2,1,-0.024948509688760848,0.0,0.00699047683919205,-0.07187869492253465
PRIMARY,TRANSITION_RECOVERING,21,ERA_2025_2026,SCATTER,RUSH,1,1,1,-0.0939930220499041,0.0,0.0055617844578836,-0.1705278665802008
PRIMARY,TRANSITION_RECOVERING,21,ERA_2025_2026,SCATTER,SCATTER,1,1,1,-0.2315738421066607,0.0,0.1810672501146835,-0.2343008147769775
PRIMARY,TRANSITION_RECOVERING,40,ERA_2013_2015,CALM,CALM,45,28,25,0.008625564761147,0.5777777777777777,0.0495148753440057,-0.0430233848327059
PRIMARY,TRANSITION_RECOVERING,40,ERA_2013_2015,CALM,DRIFT,17,14,12,0.0392963397442169,0.8823529411764706,0.0756420823901724,-0.0246268694129345
PRIMARY,TRANSITION_RECOVERING,40,ERA_2013_2015,CALM,RUSH,2,2,2,0.0177723220151765,1.0,0.0666329490067958,-0.031483501987806
PRIMARY,TRANSITION_RECOVERING,40,ERA_2013_2015,CALM,SCATTER,20,17,13,-0.027919610901612553,0.4,0.0441445157981047,-0.08617166369453415
PRIMARY,TRANSITION_RECOVERING,40,ERA_2013_2015,SCATTER,CALM,28,17,16,0.004890049384497049,0.5357142857142857,0.0395618542974706,-0.03878822216685095
PRIMARY,TRANSITION_RECOVERING,40,ERA_2013_2015,SCATTER,DRIFT,3,3,2,-0.0115472192023649,0.3333333333333333,0.0152706272186466,-0.0676827902071693
PRIMARY,TRANSITION_RECOVERING,40,ERA_2013_2015,SCATTER,FLEE,1,1,1,-0.0354650987139947,0.0,0.0736044465422742,-0.0778632639639927
PRIMARY,TRANSITION_RECOVERING,40,ERA_2013_2015,SCATTER,SCATTER,26,23,15,0.0032351015374935,0.5769230769230769,0.0604390268317046,-0.05349847829049835
PRIMARY,TRANSITION_RECOVERING,40,ERA_2016_2018,CALM,CALM,45,31,29,0.009208663736965,0.5555555555555556,0.0435666764835063,-0.038911563474237
PRIMARY,TRANSITION_RECOVERING,40,ERA_2016_2018,CALM,DRIFT,15,14,13,-0.0110483645816734,0.4,0.053710974237076,-0.0315359896825706
PRIMARY,TRANSITION_RECOVERING,40,ERA_2016_2018,CALM,FLEE,1,1,1,0.1101095791565229,1.0,0.1154148749552876,-0.0133208806800957
PRIMARY,TRANSITION_RECOVERING,40,ERA_2016_2018,CALM,RUSH,5,5,5,0.0787866332072908,1.0,0.0874850369374211,-0.0151043385547385
PRIMARY,TRANSITION_RECOVERING,40,ERA_2016_2018,CALM,SCATTER,16,13,14,0.030432979159205148,0.625,0.06264124236630834,-0.03550854642721895
PRIMARY,TRANSITION_RECOVERING,40,ERA_2016_2018,DRIFT,CALM,17,14,11,0.0356796347683454,0.9411764705882353,0.046963989329618,-0.0236703200619031
PRIMARY,TRANSITION_RECOVERING,40,ERA_2016_2018,DRIFT,DRIFT,18,17,11,-0.00977753621783805,0.3888888888888889,0.03966599434551875,-0.04312997490054035
PRIMARY,TRANSITION_RECOVERING,40,ERA_2016_2018,DRIFT,RUSH,10,9,7,0.006418590726187352,0.5,0.0505970628810991,-0.05614059046266215
PRIMARY,TRANSITION_RECOVERING,40,ERA_2016_2018,DRIFT,SCATTER,8,6,7,0.0368905905271551,0.875,0.06679148432198365,-0.00878074002866905
PRIMARY,TRANSITION_RECOVERING,40,ERA_2016_2018,SCATTER,CALM,9,8,8,0.0210110300919845,0.7777777777777778,0.0508808281615305,-0.0624057766719383
PRIMARY,TRANSITION_RECOVERING,40,ERA_2016_2018,SCATTER,DRIFT,7,7,5,-0.0079264039047949,0.42857142857142855,0.0261923653116826,-0.072343106632468
PRIMARY,TRANSITION_RECOVERING,40,ERA_2016_2018,SCATTER,RUSH,3,3,2,0.0970468326882323,1.0,0.1022929301125632,-0.0220605751126324
PRIMARY,TRANSITION_RECOVERING,40,ERA_2016_2018,SCATTER,SCATTER,22,20,10,0.0587569333168236,0.8181818181818182,0.09640628870428844,-0.02310838783252535
PRIMARY,TRANSITION_RECOVERING,40,ERA_2019_2021,CALM,CALM,64,39,29,0.03864239891988845,0.703125,0.0880691526291541,-0.04059592290426185
PRIMARY,TRANSITION_RECOVERING,40,ERA_2019_2021,CALM,DRIFT,21,18,15,0.0271427812904301,0.7619047619047619,0.0711080414349834,-0.0371078362710125
PRIMARY,TRANSITION_RECOVERING,40,ERA_2019_2021,CALM,RUSH,4,4,2,0.3156585143583541,1.0,0.33841064292802003,-0.06706905280172185
PRIMARY,TRANSITION_RECOVERING,40,ERA_2019_2021,CALM,SCATTER,18,16,10,0.022772873995952098,0.5555555555555556,0.0672101368084676,-0.0450337010723157
PRIMARY,TRANSITION_RECOVERING,40,ERA_2019_2021,DRIFT,CALM,30,24,22,0.0494633814830147,0.6666666666666666,0.0725087602353402,-0.041528731458094145
PRIMARY,TRANSITION_RECOVERING,40,ERA_2019_2021,DRIFT,DRIFT,31,28,24,-0.0063880383539104,0.41935483870967744,0.0499883384273514,-0.0661575968270004
PRIMARY,TRANSITION_RECOVERING,40,ERA_2019_2021,DRIFT,RUSH,7,7,6,0.0453860803469798,0.7142857142857143,0.1293380534666219,-0.0667623161184911
PRIMARY,TRANSITION_RECOVERING,40,ERA_2019_2021,DRIFT,SCATTER,2,2,2,-0.17461192260676334,0.0,0.0415470714328691,-0.22152308858781605
PRIMARY,TRANSITION_RECOVERING,40,ERA_2019_2021,RUSH,CALM,1,1,1,0.3216254733964701,1.0,0.3278252424407062,-0.1101487733343394
PRIMARY,TRANSITION_RECOVERING,40,ERA_2019_2021,RUSH,DRIFT,1,1,1,0.0939808615996582,1.0,0.1215869269581928,-0.041409121435134
PRIMARY,TRANSITION_RECOVERING,40,ERA_2019_2021,SCATTER,CALM,8,8,5,0.1064501422390995,1.0,0.1322887997866398,-0.00990477322339915
PRIMARY,TRANSITION_RECOVERING,40,ERA_2019_2021,SCATTER,DRIFT,1,1,1,0.0363818840942122,1.0,0.044060026289159,-0.0266762679187523
PRIMARY,TRANSITION_RECOVERING,40,ERA_2019_2021,SCATTER,SCATTER,39,34,14,0.053937788944417,0.7435897435897436,0.1254183321897688,-0.0504063130615966
PRIMARY,TRANSITION_RECOVERING,40,ERA_2022_2024,CALM,CALM,98,45,46,-0.01402538026317655,0.45918367346938777,0.060114242715130495,-0.0534990286264809
PRIMARY,TRANSITION_RECOVERING,40,ERA_2022_2024,CALM,DRIFT,15,15,11,-0.0074019606550091,0.4666666666666667,0.0505158251809931,-0.0706177298825311
PRIMARY,TRANSITION_RECOVERING,40,ERA_2022_2024,CALM,RUSH,1,1,1,0.0633725451356126,1.0,0.142009523383692,-0.0838635756024341
PRIMARY,TRANSITION_RECOVERING,40,ERA_2022_2024,CALM,SCATTER,25,19,16,0.0151736880873303,0.56,0.0653043521441756,-0.0277181130120676
PRIMARY,TRANSITION_RECOVERING,40,ERA_2022_2024,DRIFT,CALM,21,17,14,0.0126904181754587,0.5238095238095238,0.0926284805573425,-0.0663104089277677
PRIMARY,TRANSITION_RECOVERING,40,ERA_2022_2024,DRIFT,DRIFT,14,12,8,0.02167851836665175,0.6428571428571429,0.06341975019524165,-0.06046632257063355
PRIMARY,TRANSITION_RECOVERING,40,ERA_2022_2024,DRIFT,RUSH,2,2,2,0.03066844113214265,1.0,0.10900491490778315,-0.02728361203095075
PRIMARY,TRANSITION_RECOVERING,40,ERA_2022_2024,DRIFT,SCATTER,3,3,3,0.0564082758738166,1.0,0.1325818242199667,-0.0120013250373045
PRIMARY,TRANSITION_RECOVERING,40,ERA_2022_2024,SCATTER,CALM,15,15,8,0.0092140388424308,0.5333333333333333,0.0997413281005881,-0.0603869636100171
PRIMARY,TRANSITION_RECOVERING,40,ERA_2022_2024,SCATTER,DRIFT,4,4,3,-0.0183236575456331,0.5,0.04031348130147955,-0.05930164728520265
PRIMARY,TRANSITION_RECOVERING,40,ERA_2022_2024,SCATTER,RUSH,1,1,1,-0.2296086095209587,0.0,0.0368920395114644,-0.3086794582497828
PRIMARY,TRANSITION_RECOVERING,40,ERA_2022_2024,SCATTER,SCATTER,34,29,23,-0.04112605476619435,0.4117647058823529,0.07556042355474149,-0.0927618650292974
PRIMARY,TRANSITION_RECOVERING,40,ERA_2025_2026,CALM,CALM,53,32,32,0.0203880893294898,0.5660377358490566,0.0670323455475816,-0.0586419879670241
PRIMARY,TRANSITION_RECOVERING,40,ERA_2025_2026,CALM,DRIFT,19,16,16,0.0221634678946276,0.6842105263157895,0.0714142956770118,-0.0514451144454499
PRIMARY,TRANSITION_RECOVERING,40,ERA_2025_2026,CALM,RUSH,1,1,1,0.3782989098993843,1.0,0.3965057677674184,-0.016092001325926
PRIMARY,TRANSITION_RECOVERING,40,ERA_2025_2026,CALM,SCATTER,25,22,15,0.0137529852617761,0.56,0.1028288729369257,-0.0728891974130818
PRIMARY,TRANSITION_RECOVERING,40,ERA_2025_2026,DRIFT,CALM,2,2,2,-0.07078794626788545,0.0,0.04177616669142055,-0.09802846725282371
PRIMARY,TRANSITION_RECOVERING,40,ERA_2025_2026,DRIFT,DRIFT,4,4,1,-0.00180501280796395,0.5,0.047410113601060705,-0.02881466825191965
PRIMARY,TRANSITION_RECOVERING,40,ERA_2025_2026,DRIFT,RUSH,1,1,1,-0.0171381849245736,0.0,0.0708405929633158,-0.0746059067728996
PRIMARY,TRANSITION_RECOVERING,40,ERA_2025_2026,SCATTER,CALM,2,2,1,-0.04258821422437635,0.0,0.01005133992686275,-0.07187869492253465
PRIMARY,TRANSITION_RECOVERING,40,ERA_2025_2026,SCATTER,RUSH,1,1,1,-0.0911905618701096,0.0,0.0055617844578836,-0.1705278665802008
PRIMARY,TRANSITION_RECOVERING,40,ERA_2025_2026,SCATTER,SCATTER,1,1,1,-0.4132840874944791,0.0,0.1810672501146835,-0.5152318715824177
PRIMARY,TRANSITION_RECOVERING,60,ERA_2013_2015,CALM,CALM,45,28,25,0.0351476163798334,0.6,0.0733603155286137,-0.0467228991427407
PRIMARY,TRANSITION_RECOVERING,60,ERA_2013_2015,CALM,DRIFT,17,14,12,0.0493383006629388,0.8235294117647058,0.0916233350348867,-0.0246268694129345
PRIMARY,TRANSITION_RECOVERING,60,ERA_2013_2015,CALM,RUSH,2,2,2,0.0167621443300891,1.0,0.074172450607859,-0.031719591422780746
PRIMARY,TRANSITION_RECOVERING,60,ERA_2013_2015,CALM,SCATTER,20,17,13,-0.014730275356376001,0.4,0.05740244999520955,-0.0993079544413802
PRIMARY,TRANSITION_RECOVERING,60,ERA_2013_2015,SCATTER,CALM,28,17,16,0.02142511826953505,0.6428571428571429,0.057719173006634594,-0.03878822216685095
PRIMARY,TRANSITION_RECOVERING,60,ERA_2013_2015,SCATTER,DRIFT,3,3,2,0.001295338854387,0.6666666666666666,0.0163235692119672,-0.0676827902071693
PRIMARY,TRANSITION_RECOVERING,60,ERA_2013_2015,SCATTER,FLEE,1,1,1,0.0208034536969412,1.0,0.0736044465422742,-0.0778632639639927
PRIMARY,TRANSITION_RECOVERING,60,ERA_2013_2015,SCATTER,SCATTER,26,23,15,-0.03224459768816395,0.38461538461538464,0.06497366293856871,-0.07885110566635176
PRIMARY,TRANSITION_RECOVERING,60,ERA_2016_2018,CALM,CALM,45,31,29,0.0185629385603749,0.6,0.0540992491061194,-0.0403240799593848
PRIMARY,TRANSITION_RECOVERING,60,ERA_2016_2018,CALM,DRIFT,15,14,13,0.0144952303013659,0.6,0.0934111526685714,-0.0437247173563478
PRIMARY,TRANSITION_RECOVERING,60,ERA_2016_2018,CALM,FLEE,1,1,1,0.0450102935490746,1.0,0.1154148749552876,-0.0133208806800957
PRIMARY,TRANSITION_RECOVERING,60,ERA_2016_2018,CALM,RUSH,5,5,5,0.1136786736387769,0.8,0.147675984648296,-0.0151043385547385
PRIMARY,TRANSITION_RECOVERING,60,ERA_2016_2018,CALM,SCATTER,16,13,14,0.039430002499602795,0.6875,0.07710257240607041,-0.04210055217848995
PRIMARY,TRANSITION_RECOVERING,60,ERA_2016_2018,DRIFT,CALM,17,14,11,0.0895798043923865,0.8823529411764706,0.1089075419777061,-0.0236703200619031
PRIMARY,TRANSITION_RECOVERING,60,ERA_2016_2018,DRIFT,DRIFT,18,17,11,0.02239257122396095,0.5555555555555556,0.0476672671263315,-0.05247949357800495
PRIMARY,TRANSITION_RECOVERING,60,ERA_2016_2018,DRIFT,RUSH,10,9,7,0.028552489785100103,0.5,0.07366653594858749,-0.05614059046266215
PRIMARY,TRANSITION_RECOVERING,60,ERA_2016_2018,DRIFT,SCATTER,8,6,7,0.029407360265378348,0.625,0.08070326442594085,-0.01757695697004295
PRIMARY,TRANSITION_RECOVERING,60,ERA_2016_2018,SCATTER,CALM,9,8,8,0.0149777040631013,0.6666666666666666,0.0602832211270891,-0.0624057766719383
PRIMARY,TRANSITION_RECOVERING,60,ERA_2016_2018,SCATTER,DRIFT,7,7,5,0.021320606399577,1.0,0.0550936854728543,-0.072343106632468
PRIMARY,TRANSITION_RECOVERING,60,ERA_2016_2018,SCATTER,RUSH,3,3,2,0.1095963072435763,1.0,0.1137108130677237,-0.0220605751126324
PRIMARY,TRANSITION_RECOVERING,60,ERA_2016_2018,SCATTER,SCATTER,22,20,10,0.0866951200744284,0.9545454545454546,0.12804346027917746,-0.02625337494133095
PRIMARY,TRANSITION_RECOVERING,60,ERA_2019_2021,CALM,CALM,64,39,29,0.05584146189958545,0.671875,0.10465687148633271,-0.05656072776870941
PRIMARY,TRANSITION_RECOVERING,60,ERA_2019_2021,CALM,DRIFT,21,18,15,0.0415813769989172,0.6666666666666666,0.0797750482651487,-0.0569726513963403
PRIMARY,TRANSITION_RECOVERING,60,ERA_2019_2021,CALM,RUSH,4,4,2,0.23809315603858294,1.0,0.34934371314659607,-0.06706905280172185
PRIMARY,TRANSITION_RECOVERING,60,ERA_2019_2021,CALM,SCATTER,18,16,10,0.005286390950656399,0.5,0.0722336188014811,-0.0450337010723157
PRIMARY,TRANSITION_RECOVERING,60,ERA_2019_2021,DRIFT,CALM,30,24,22,0.02460872392558485,0.6333333333333333,0.08202548291994136,-0.0536773916285134
PRIMARY,TRANSITION_RECOVERING,60,ERA_2019_2021,DRIFT,DRIFT,31,28,24,0.0229495780253776,0.6451612903225806,0.0803329443330742,-0.0719920338722149
PRIMARY,TRANSITION_RECOVERING,60,ERA_2019_2021,DRIFT,RUSH,7,7,6,0.0693308192746453,0.8571428571428571,0.1293380534666219,-0.0667623161184911
PRIMARY,TRANSITION_RECOVERING,60,ERA_2019_2021,DRIFT,SCATTER,2,2,2,-0.1258446149797209,0.0,0.0415470714328691,-0.22152308858781605
PRIMARY,TRANSITION_RECOVERING,60,ERA_2019_2021,RUSH,CALM,1,1,1,0.270241617807049,1.0,0.3804817643611575,-0.1101487733343394
PRIMARY,TRANSITION_RECOVERING,60,ERA_2019_2021,RUSH,DRIFT,1,1,1,0.0923216991302362,1.0,0.1329006713070049,-0.041409121435134
PRIMARY,TRANSITION_RECOVERING,60,ERA_2019_2021,SCATTER,CALM,8,8,5,0.12531702121715466,0.875,0.1711122452739037,-0.00990477322339915
PRIMARY,TRANSITION_RECOVERING,60,ERA_2019_2021,SCATTER,DRIFT,1,1,1,0.0567140720095531,1.0,0.1170000896149581,-0.0266762679187523
PRIMARY,TRANSITION_RECOVERING,60,ERA_2019_2021,SCATTER,SCATTER,39,34,14,0.0895526857529156,0.7948717948717948,0.1679291930915132,-0.0504063130615966
PRIMARY,TRANSITION_RECOVERING,60,ERA_2022_2024,CALM,CALM,98,45,46,0.0006484593252410451,0.5,0.06635137527838195,-0.07060591959077685
PRIMARY,TRANSITION_RECOVERING,60,ERA_2022_2024,CALM,DRIFT,15,15,11,0.0826825459056053,0.6666666666666666,0.1011888626345993,-0.0706177298825311
PRIMARY,TRANSITION_RECOVERING,60,ERA_2022_2024,CALM,RUSH,1,1,1,0.0176379264393988,1.0,0.142009523383692,-0.0838635756024341
PRIMARY,TRANSITION_RECOVERING,60,ERA_2022_2024,CALM,SCATTER,25,19,16,0.0159828925736249,0.64,0.0772507120049825,-0.0509838430994588
PRIMARY,TRANSITION_RECOVERING,60,ERA_2022_2024,DRIFT,CALM,21,17,14,0.0087244065032565,0.5238095238095238,0.1054447094288588,-0.0988446183326002
PRIMARY,TRANSITION_RECOVERING,60,ERA_2022_2024,DRIFT,DRIFT,14,12,8,0.05095791869163675,0.5714285714285714,0.10192782425614495,-0.06046632257063355
PRIMARY,TRANSITION_RECOVERING,60,ERA_2022_2024,DRIFT,RUSH,2,2,2,0.03793710630514975,0.5,0.13172989388710193,-0.02728361203095075
PRIMARY,TRANSITION_RECOVERING,60,ERA_2022_2024,DRIFT,SCATTER,3,3,3,0.0492854407964153,0.6666666666666666,0.1325818242199667,-0.0415586023588123
PRIMARY,TRANSITION_RECOVERING,60,ERA_2022_2024,SCATTER,CALM,15,15,8,0.0475794541279468,0.5333333333333333,0.1422286807469333,-0.0603869636100171
PRIMARY,TRANSITION_RECOVERING,60,ERA_2022_2024,SCATTER,DRIFT,4,4,3,-0.05626453427628495,0.0,0.04031348130147955,-0.11888894142323844
PRIMARY,TRANSITION_RECOVERING,60,ERA_2022_2024,SCATTER,RUSH,1,1,1,-0.2666114434286059,0.0,0.0368920395114644,-0.3675518566659543
PRIMARY,TRANSITION_RECOVERING,60,ERA_2022_2024,SCATTER,SCATTER,34,29,23,-0.03458586272012665,0.3235294117647059,0.0801741535586123,-0.13764631767227695
PRIMARY,TRANSITION_RECOVERING,60,ERA_2025_2026,CALM,CALM,49,30,30,0.0228800338005223,0.5714285714285714,0.0762942900241401,-0.0629977971723672
PRIMARY,TRANSITION_RECOVERING,60,ERA_2025_2026,CALM,DRIFT,19,16,16,0.0066776172285183,0.631578947368421,0.0972969702440089,-0.0532120656089384
PRIMARY,TRANSITION_RECOVERING,60,ERA_2025_2026,CALM,RUSH,1,1,1,0.2582458779765113,1.0,0.3965057677674184,-0.016092001325926
PRIMARY,TRANSITION_RECOVERING,60,ERA_2025_2026,CALM,SCATTER,19,16,12,0.0553821485924772,0.7894736842105263,0.1178618520692305,-0.0820031852362799
PRIMARY,TRANSITION_RECOVERING,60,ERA_2025_2026,DRIFT,CALM,2,2,2,-0.1189850439910041,0.0,0.04177616669142055,-0.1422923175646631
PRIMARY,TRANSITION_RECOVERING,60,ERA_2025_2026,DRIFT,DRIFT,4,4,1,-0.0122536536138243,0.25,0.056076366358448204,-0.0403587339426454
PRIMARY,TRANSITION_RECOVERING,60,ERA_2025_2026,DRIFT,RUSH,1,1,1,0.0543470190984678,1.0,0.0973979253593473,-0.0746059067728996
PRIMARY,TRANSITION_RECOVERING,60,ERA_2025_2026,SCATTER,CALM,2,2,1,-0.07220913731191544,0.0,0.01005133992686275,-0.08565233283333135
PRIMARY,TRANSITION_RECOVERING,60,ERA_2025_2026,SCATTER,RUSH,1,1,1,-0.1028676168655213,0.0,0.0055617844578836,-0.1705278665802008
PRIMARY,TRANSITION_RECOVERING,60,ERA_2025_2026,SCATTER,SCATTER,1,1,1,-0.3966823732992665,0.0,0.1810672501146835,-0.5152318715824177
PRIMARY,TRANSITION_RECOVERING,63,ERA_2013_2015,CALM,CALM,45,28,25,0.0351344724641367,0.6666666666666666,0.0748636519845522,-0.0467228991427407
PRIMARY,TRANSITION_RECOVERING,63,ERA_2013_2015,CALM,DRIFT,17,14,12,0.0397902260877511,0.8235294117647058,0.0916233350348867,-0.0246268694129345
PRIMARY,TRANSITION_RECOVERING,63,ERA_2013_2015,CALM,RUSH,2,2,2,0.0134149575797024,1.0,0.074172450607859,-0.03227531300171485
PRIMARY,TRANSITION_RECOVERING,63,ERA_2013_2015,CALM,SCATTER,20,17,13,0.0047713897077742,0.5,0.05740244999520955,-0.0993079544413802
PRIMARY,TRANSITION_RECOVERING,63,ERA_2013_2015,SCATTER,CALM,28,17,16,0.019026390934353148,0.6071428571428571,0.057719173006634594,-0.049123175244081746
PRIMARY,TRANSITION_RECOVERING,63,ERA_2013_2015,SCATTER,DRIFT,3,3,2,0.0002022680965285,0.6666666666666666,0.0163235692119672,-0.0676827902071693
PRIMARY,TRANSITION_RECOVERING,63,ERA_2013_2015,SCATTER,FLEE,1,1,1,0.0398879812052523,1.0,0.0736044465422742,-0.0778632639639927
PRIMARY,TRANSITION_RECOVERING,63,ERA_2013_2015,SCATTER,SCATTER,26,23,15,-0.0320283686737972,0.38461538461538464,0.06647354471682426,-0.09437129128728936
PRIMARY,TRANSITION_RECOVERING,63,ERA_2016_2018,CALM,CALM,45,31,29,0.0122763436523449,0.5555555555555556,0.0647830557659283,-0.0403240799593848
PRIMARY,TRANSITION_RECOVERING,63,ERA_2016_2018,CALM,DRIFT,15,14,13,0.0284257114492221,0.5333333333333333,0.0934111526685714,-0.0437247173563478
PRIMARY,TRANSITION_RECOVERING,63,ERA_2016_2018,CALM,FLEE,1,1,1,0.0404544551482655,1.0,0.1154148749552876,-0.0133208806800957
PRIMARY,TRANSITION_RECOVERING,63,ERA_2016_2018,CALM,RUSH,5,5,5,0.1181939869870474,0.8,0.147675984648296,-0.0151043385547385
PRIMARY,TRANSITION_RECOVERING,63,ERA_2016_2018,CALM,SCATTER,16,13,14,0.0531684691822046,0.6875,0.07710284698904049,-0.04210055217848995
PRIMARY,TRANSITION_RECOVERING,63,ERA_2016_2018,DRIFT,CALM,17,14,11,0.0908609951260668,0.8823529411764706,0.1159672319549065,-0.0236703200619031
PRIMARY,TRANSITION_RECOVERING,63,ERA_2016_2018,DRIFT,DRIFT,18,17,11,0.0019982008256789,0.5,0.0476672671263315,-0.05247949357800495
PRIMARY,TRANSITION_RECOVERING,63,ERA_2016_2018,DRIFT,RUSH,10,9,7,0.044570819479138706,0.6,0.07366653594858749,-0.05614059046266215
PRIMARY,TRANSITION_RECOVERING,63,ERA_2016_2018,DRIFT,SCATTER,8,6,7,0.015240038234087101,0.625,0.0836691489639993,-0.01757695697004295
PRIMARY,TRANSITION_RECOVERING,63,ERA_2016_2018,SCATTER,CALM,9,8,8,0.0205639973338578,0.5555555555555556,0.0602832211270891,-0.0624057766719383
PRIMARY,TRANSITION_RECOVERING,63,ERA_2016_2018,SCATTER,DRIFT,7,7,5,0.0455961656700749,0.8571428571428571,0.0557890095119495,-0.072343106632468
PRIMARY,TRANSITION_RECOVERING,63,ERA_2016_2018,SCATTER,RUSH,3,3,2,0.1190596919186957,1.0,0.1251286429634157,-0.0220605751126324
PRIMARY,TRANSITION_RECOVERING,63,ERA_2016_2018,SCATTER,SCATTER,22,20,10,0.08279098270600074,0.9545454545454546,0.1351053352607433,-0.02625337494133095
PRIMARY,TRANSITION_RECOVERING,63,ERA_2019_2021,CALM,CALM,64,39,29,0.057389966637276746,0.703125,0.1141950303815978,-0.057286569553346406
PRIMARY,TRANSITION_RECOVERING,63,ERA_2019_2021,CALM,DRIFT,21,18,15,0.0164547831163541,0.5238095238095238,0.0838513946453756,-0.0623525926974855
PRIMARY,TRANSITION_RECOVERING,63,ERA_2019_2021,CALM,RUSH,4,4,2,0.21426397537894398,1.0,0.34934371314659607,-0.06706905280172185
PRIMARY,TRANSITION_RECOVERING,63,ERA_2019_2021,CALM,SCATTER,18,16,10,-0.00661993745312325,0.4444444444444444,0.0722336188014811,-0.0450337010723157
PRIMARY,TRANSITION_RECOVERING,63,ERA_2019_2021,DRIFT,CALM,30,24,22,0.034664622049375,0.7,0.08202548291994136,-0.0536773916285134
PRIMARY,TRANSITION_RECOVERING,63,ERA_2019_2021,DRIFT,DRIFT,31,28,24,0.0378773604622253,0.6451612903225806,0.0880331508231146,-0.0719920338722149
PRIMARY,TRANSITION_RECOVERING,63,ERA_2019_2021,DRIFT,RUSH,7,7,6,0.0848377615338822,0.8571428571428571,0.1293380534666219,-0.0667623161184911
PRIMARY,TRANSITION_RECOVERING,63,ERA_2019_2021,DRIFT,SCATTER,2,2,2,-0.16229353105056815,0.0,0.0415470714328691,-0.22152308858781605
PRIMARY,TRANSITION_RECOVERING,63,ERA_2019_2021,RUSH,CALM,1,1,1,0.2894857084172764,1.0,0.3804817643611575,-0.1101487733343394
PRIMARY,TRANSITION_RECOVERING,63,ERA_2019_2021,RUSH,DRIFT,1,1,1,0.0862875283665731,1.0,0.1329006713070049,-0.041409121435134
PRIMARY,TRANSITION_RECOVERING,63,ERA_2019_2021,SCATTER,CALM,8,8,5,0.15780570638110508,0.875,0.1845846126347806,-0.00990477322339915
PRIMARY,TRANSITION_RECOVERING,63,ERA_2019_2021,SCATTER,DRIFT,1,1,1,0.0743448660501187,1.0,0.1170000896149581,-0.0266762679187523
PRIMARY,TRANSITION_RECOVERING,63,ERA_2019_2021,SCATTER,SCATTER,39,34,14,0.0900136773186537,0.7692307692307693,0.1689300065114796,-0.0504063130615966
PRIMARY,TRANSITION_RECOVERING,63,ERA_2022_2024,CALM,CALM,98,45,46,-0.0002047955440279,0.5,0.0723112008618578,-0.0730106880082182
PRIMARY,TRANSITION_RECOVERING,63,ERA_2022_2024,CALM,DRIFT,15,15,11,0.0977618122232415,0.6666666666666666,0.1056887118840261,-0.0706177298825311
PRIMARY,TRANSITION_RECOVERING,63,ERA_2022_2024,CALM,RUSH,1,1,1,0.0067650862461046,1.0,0.142009523383692,-0.0838635756024341
PRIMARY,TRANSITION_RECOVERING,63,ERA_2022_2024,CALM,SCATTER,25,19,16,0.0158730476150532,0.6,0.0807485883232064,-0.0509838430994588
PRIMARY,TRANSITION_RECOVERING,63,ERA_2022_2024,DRIFT,CALM,21,17,14,0.0031067325726321,0.5714285714285714,0.1054447094288588,-0.0988446183326002
PRIMARY,TRANSITION_RECOVERING,63,ERA_2022_2024,DRIFT,DRIFT,14,12,8,0.06320576268123054,0.5714285714285714,0.10192782425614495,-0.06046632257063355
PRIMARY,TRANSITION_RECOVERING,63,ERA_2022_2024,DRIFT,RUSH,2,2,2,0.041652226232226745,0.5,0.13172989388710193,-0.02728361203095075
PRIMARY,TRANSITION_RECOVERING,63,ERA_2022_2024,DRIFT,SCATTER,3,3,3,0.025784630331636,0.6666666666666666,0.1325818242199667,-0.0434360555632005
PRIMARY,TRANSITION_RECOVERING,63,ERA_2022_2024,SCATTER,CALM,15,15,8,0.0795700478562579,0.5333333333333333,0.1422286807469333,-0.0603869636100171
PRIMARY,TRANSITION_RECOVERING,63,ERA_2022_2024,SCATTER,DRIFT,4,4,3,-0.04075406427734475,0.0,0.04031348130147955,-0.11888894142323844
PRIMARY,TRANSITION_RECOVERING,63,ERA_2022_2024,SCATTER,RUSH,1,1,1,-0.276543858181117,0.0,0.0368920395114644,-0.3675518566659543
PRIMARY,TRANSITION_RECOVERING,63,ERA_2022_2024,SCATTER,SCATTER,34,29,23,-0.023675232806251348,0.47058823529411764,0.0801741535586123,-0.13764631767227695
PRIMARY,TRANSITION_RECOVERING,63,ERA_2025_2026,CALM,CALM,47,30,29,0.0116456464945473,0.574468085106383,0.0730427354736398,-0.0629977971723672
PRIMARY,TRANSITION_RECOVERING,63,ERA_2025_2026,CALM,DRIFT,19,16,16,0.0266249439078747,0.6842105263157895,0.0972969702440089,-0.0532120656089384
PRIMARY,TRANSITION_RECOVERING,63,ERA_2025_2026,CALM,RUSH,1,1,1,0.2876215313687731,1.0,0.3965057677674184,-0.016092001325926
PRIMARY,TRANSITION_RECOVERING,63,ERA_2025_2026,CALM,SCATTER,18,15,11,0.05153012695207345,0.7777777777777778,0.11945467111904026,-0.07888654451806505
PRIMARY,TRANSITION_RECOVERING,63,ERA_2025_2026,DRIFT,CALM,2,2,2,-0.1329378707939603,0.0,0.04177616669142055,-0.1549261849074014
PRIMARY,TRANSITION_RECOVERING,63,ERA_2025_2026,DRIFT,DRIFT,4,4,1,-0.0021928058721844505,0.5,0.056076366358448204,-0.0403587339426454
PRIMARY,TRANSITION_RECOVERING,63,ERA_2025_2026,DRIFT,RUSH,1,1,1,0.0569028993314737,1.0,0.0973979253593473,-0.0746059067728996
PRIMARY,TRANSITION_RECOVERING,63,ERA_2025_2026,SCATTER,CALM,2,2,1,-0.059773070582638504,0.0,0.01005133992686275,-0.08565233283333135
PRIMARY,TRANSITION_RECOVERING,63,ERA_2025_2026,SCATTER,RUSH,1,1,1,-0.1196825843136905,0.0,0.0055617844578836,-0.1705278665802008
PRIMARY,TRANSITION_RECOVERING,63,ERA_2025_2026,SCATTER,SCATTER,1,1,1,-0.3964077372980963,0.0,0.1810672501146835,-0.5152318715824177
PRIMARY,TRANSITION_RECOVERING,126,ERA_2013_2015,CALM,CALM,45,28,25,0.0737651700680341,0.6888888888888889,0.1176282784856082,-0.1062285195903257
PRIMARY,TRANSITION_RECOVERING,126,ERA_2013_2015,CALM,DRIFT,17,14,12,0.0224159706158788,0.7647058823529411,0.1045306855129379,-0.035273914204808
PRIMARY,TRANSITION_RECOVERING,126,ERA_2013_2015,CALM,RUSH,2,2,2,0.009907241732729652,0.5,0.15861103225303158,-0.13573511052617346
PRIMARY,TRANSITION_RECOVERING,126,ERA_2013_2015,CALM,SCATTER,20,17,13,-0.029224229250786146,0.5,0.10709831006184176,-0.16463826642914875
PRIMARY,TRANSITION_RECOVERING,126,ERA_2013_2015,SCATTER,CALM,28,17,16,0.0675375236804518,0.75,0.10908236863391416,-0.0819801976171286
PRIMARY,TRANSITION_RECOVERING,126,ERA_2013_2015,SCATTER,DRIFT,3,3,2,0.0444947212703017,0.6666666666666666,0.1121861806026396,-0.0736496525448437
PRIMARY,TRANSITION_RECOVERING,126,ERA_2013_2015,SCATTER,FLEE,1,1,1,0.0549558033683534,1.0,0.0736044465422742,-0.0778632639639927
PRIMARY,TRANSITION_RECOVERING,126,ERA_2013_2015,SCATTER,SCATTER,26,23,15,0.06331138453637644,0.7692307692307693,0.1180659759575558,-0.12978577914172465
PRIMARY,TRANSITION_RECOVERING,126,ERA_2016_2018,CALM,CALM,45,31,29,0.0168810344757697,0.5777777777777777,0.1127236119345669,-0.0807800343673953
PRIMARY,TRANSITION_RECOVERING,126,ERA_2016_2018,CALM,DRIFT,15,14,13,0.0550441701186006,0.6666666666666666,0.1429790263773838,-0.0624246093162813
PRIMARY,TRANSITION_RECOVERING,126,ERA_2016_2018,CALM,FLEE,1,1,1,0.0343296054234065,1.0,0.1899801963122183,-0.0133208806800957
PRIMARY,TRANSITION_RECOVERING,126,ERA_2016_2018,CALM,RUSH,5,5,5,0.1686743732271243,0.8,0.1778454921065944,-0.0151043385547385
PRIMARY,TRANSITION_RECOVERING,126,ERA_2016_2018,CALM,SCATTER,16,13,14,0.09723475958503075,0.75,0.165383660316998,-0.04354294467506265
PRIMARY,TRANSITION_RECOVERING,126,ERA_2016_2018,DRIFT,CALM,17,14,11,0.2245377437324669,0.8823529411764706,0.2747932424478343,-0.0236703200619031
PRIMARY,TRANSITION_RECOVERING,126,ERA_2016_2018,DRIFT,DRIFT,18,17,11,0.1048007424715723,0.7777777777777778,0.1336602469397981,-0.06290045743556115
PRIMARY,TRANSITION_RECOVERING,126,ERA_2016_2018,DRIFT,RUSH,10,9,7,0.10363735248013414,0.7,0.13774418694922258,-0.06146358969556255
PRIMARY,TRANSITION_RECOVERING,126,ERA_2016_2018,DRIFT,SCATTER,8,6,7,0.0630058332683087,0.75,0.0949573960960643,-0.01757695697004295
PRIMARY,TRANSITION_RECOVERING,126,ERA_2016_2018,SCATTER,CALM,9,8,8,0.1192912000901913,0.8888888888888888,0.1311529831069056,-0.0624057766719383
PRIMARY,TRANSITION_RECOVERING,126,ERA_2016_2018,SCATTER,DRIFT,7,7,5,0.0439210421363214,0.8571428571428571,0.105229833228162,-0.0866361820739708
PRIMARY,TRANSITION_RECOVERING,126,ERA_2016_2018,SCATTER,RUSH,3,3,2,0.1390709475161211,1.0,0.2224929755421298,-0.0220605751126324
PRIMARY,TRANSITION_RECOVERING,126,ERA_2016_2018,SCATTER,SCATTER,22,20,10,0.10798612864791951,1.0,0.1739406219676744,-0.02625337494133095
PRIMARY,TRANSITION_RECOVERING,126,ERA_2019_2021,CALM,CALM,64,39,29,0.0784759213094047,0.671875,0.1720800505905748,-0.0902161004583599
PRIMARY,TRANSITION_RECOVERING,126,ERA_2019_2021,CALM,DRIFT,21,18,15,-0.0020377479001028,0.47619047619047616,0.1284751563156858,-0.1984819677562002
PRIMARY,TRANSITION_RECOVERING,126,ERA_2019_2021,CALM,RUSH,4,4,2,0.5612294354666573,1.0,0.6406734632519699,-0.06706905280172185
PRIMARY,TRANSITION_RECOVERING,126,ERA_2019_2021,CALM,SCATTER,18,16,10,0.06864224652879684,0.7222222222222222,0.1676074940088281,-0.12161194195256465
PRIMARY,TRANSITION_RECOVERING,126,ERA_2019_2021,DRIFT,CALM,30,24,22,0.09886113791064449,0.8666666666666667,0.16037424039737355,-0.05492245400972215
PRIMARY,TRANSITION_RECOVERING,126,ERA_2019_2021,DRIFT,DRIFT,31,28,24,0.0643418794458907,0.7419354838709677,0.1365953750010775,-0.0831894015004067
PRIMARY,TRANSITION_RECOVERING,126,ERA_2019_2021,DRIFT,RUSH,7,7,6,0.1156225201838914,0.5714285714285714,0.161916166528653,-0.0887070224839496
PRIMARY,TRANSITION_RECOVERING,126,ERA_2019_2021,DRIFT,SCATTER,2,2,2,-0.13769193138706376,0.5,0.05380708991892305,-0.2794485804458204
PRIMARY,TRANSITION_RECOVERING,126,ERA_2019_2021,RUSH,CALM,1,1,1,0.6496605049480315,1.0,0.6706938545735726,-0.1101487733343394
PRIMARY,TRANSITION_RECOVERING,126,ERA_2019_2021,RUSH,DRIFT,1,1,1,-0.1247549307748179,0.0,0.1329006713070049,-0.1295821999476248
PRIMARY,TRANSITION_RECOVERING,126,ERA_2019_2021,SCATTER,CALM,8,8,5,0.2049606161952691,1.0,0.2256921944918242,-0.00990477322339915
PRIMARY,TRANSITION_RECOVERING,126,ERA_2019_2021,SCATTER,DRIFT,1,1,1,0.1713704613917204,1.0,0.2022896377649372,-0.0266762679187523
PRIMARY,TRANSITION_RECOVERING,126,ERA_2019_2021,SCATTER,SCATTER,39,34,14,0.1712177608053353,0.7948717948717948,0.2550385269145809,-0.0576598801557641
PRIMARY,TRANSITION_RECOVERING,126,ERA_2022_2024,CALM,CALM,98,45,46,0.013199291056952101,0.5102040816326531,0.10373327220578725,-0.1181155384549193
PRIMARY,TRANSITION_RECOVERING,126,ERA_2022_2024,CALM,DRIFT,15,15,11,0.1006182639947186,0.8666666666666667,0.1903118770580496,-0.0706177298825311
PRIMARY,TRANSITION_RECOVERING,126,ERA_2022_2024,CALM,RUSH,1,1,1,0.1472854132625525,1.0,0.2685213751887219,-0.0838635756024341
PRIMARY,TRANSITION_RECOVERING,126,ERA_2022_2024,CALM,SCATTER,25,19,16,0.0864252791442998,0.64,0.1737699301214759,-0.0801660069083121
PRIMARY,TRANSITION_RECOVERING,126,ERA_2022_2024,DRIFT,CALM,21,17,14,-0.0477771732625026,0.38095238095238093,0.1114458701742953,-0.1700265432343295
PRIMARY,TRANSITION_RECOVERING,126,ERA_2022_2024,DRIFT,DRIFT,14,12,8,0.014391936171127249,0.5714285714285714,0.17407232154980445,-0.11010494542809571
PRIMARY,TRANSITION_RECOVERING,126,ERA_2022_2024,DRIFT,RUSH,2,2,2,0.12711937131838222,0.5,0.2086107865200641,-0.09085575408675864
PRIMARY,TRANSITION_RECOVERING,126,ERA_2022_2024,DRIFT,SCATTER,3,3,3,0.0002219537704257,0.6666666666666666,0.1325818242199667,-0.048198455515133
PRIMARY,TRANSITION_RECOVERING,126,ERA_2022_2024,SCATTER,CALM,15,15,8,-0.054067910706083,0.3333333333333333,0.1422286807469333,-0.1166207208467383
PRIMARY,TRANSITION_RECOVERING,126,ERA_2022_2024,SCATTER,DRIFT,4,4,3,-0.07350591156049605,0.0,0.06709980993732376,-0.16094365109002715
PRIMARY,TRANSITION_RECOVERING,126,ERA_2022_2024,SCATTER,RUSH,1,1,1,-0.4044777981651212,0.0,0.0368920395114644,-0.4048992984161513
PRIMARY,TRANSITION_RECOVERING,126,ERA_2022_2024,SCATTER,SCATTER,34,29,23,0.02627434706866765,0.5588235294117647,0.11142672892505455,-0.16682932887525695
PRIMARY,TRANSITION_RECOVERING,126,ERA_2025_2026,CALM,CALM,44,28,27,0.06501028532870505,0.6590909090909091,0.1341998132349945,-0.0868823542176919
PRIMARY,TRANSITION_RECOVERING,126,ERA_2025_2026,CALM,DRIFT,15,13,13,0.0104623900140425,0.5333333333333333,0.1348984925888223,-0.0532120656089384
PRIMARY,TRANSITION_RECOVERING,126,ERA_2025_2026,CALM,SCATTER,18,15,11,0.0639564462295699,0.6111111111111112,0.17068439915410355,-0.09876414814432061
PRIMARY,TRANSITION_RECOVERING,126,ERA_2025_2026,SCATTER,CALM,2,2,1,-0.07811312061301726,0.0,0.01005133992686275,-0.11260726427005735
PRIMARY,TRANSITION_RECOVERING,126,ERA_2025_2026,SCATTER,SCATTER,1,1,1,-0.2917875567055095,0.0,0.1810672501146835,-0.5398025379822937
PRIMARY,TRANSITION_RECOVERING,130,ERA_2013_2015,CALM,CALM,45,28,25,0.0715826528745737,0.7111111111111111,0.1196421163369434,-0.1062285195903257
PRIMARY,TRANSITION_RECOVERING,130,ERA_2013_2015,CALM,DRIFT,17,14,12,0.0193376518814847,0.6470588235294118,0.1045306855129379,-0.039090088315296
PRIMARY,TRANSITION_RECOVERING,130,ERA_2013_2015,CALM,RUSH,2,2,2,-0.022544570832231048,0.5,0.16456293531305394,-0.13825712861258
PRIMARY,TRANSITION_RECOVERING,130,ERA_2013_2015,CALM,SCATTER,20,17,13,-0.050551294390832696,0.5,0.10709831006184176,-0.16463826642914875
PRIMARY,TRANSITION_RECOVERING,130,ERA_2013_2015,SCATTER,CALM,28,17,16,0.06890700755753504,0.8214285714285714,0.11362264225608885,-0.0819801976171286
PRIMARY,TRANSITION_RECOVERING,130,ERA_2013_2015,SCATTER,DRIFT,3,3,2,0.0270165783082831,0.6666666666666666,0.1224099363458413,-0.0736496525448437
PRIMARY,TRANSITION_RECOVERING,130,ERA_2013_2015,SCATTER,FLEE,1,1,1,0.1073961954145852,1.0,0.1088831805897927,-0.0778632639639927
PRIMARY,TRANSITION_RECOVERING,130,ERA_2013_2015,SCATTER,SCATTER,26,23,15,0.055478146672972455,0.6538461538461539,0.1227430664581994,-0.12978577914172465
PRIMARY,TRANSITION_RECOVERING,130,ERA_2016_2018,CALM,CALM,45,31,29,0.0227611177532025,0.6,0.1129318842497972,-0.0860700376829433
PRIMARY,TRANSITION_RECOVERING,130,ERA_2016_2018,CALM,DRIFT,15,14,13,0.0469119965231157,0.7333333333333333,0.1429790263773838,-0.0624246093162813
PRIMARY,TRANSITION_RECOVERING,130,ERA_2016_2018,CALM,FLEE,1,1,1,-0.0165991187768934,0.0,0.1899801963122183,-0.0168595786872446
PRIMARY,TRANSITION_RECOVERING,130,ERA_2016_2018,CALM,RUSH,5,5,5,0.1740739334864653,0.8,0.1888161906906567,-0.0151043385547385
PRIMARY,TRANSITION_RECOVERING,130,ERA_2016_2018,CALM,SCATTER,16,13,14,0.1026812234474846,0.75,0.165383660316998,-0.04354294467506265
PRIMARY,TRANSITION_RECOVERING,130,ERA_2016_2018,DRIFT,CALM,17,14,11,0.207089533170655,0.8823529411764706,0.2747932424478343,-0.0236703200619031
PRIMARY,TRANSITION_RECOVERING,130,ERA_2016_2018,DRIFT,DRIFT,18,17,11,0.10506020638113661,0.7777777777777778,0.1506530109600978,-0.06290045743556115
PRIMARY,TRANSITION_RECOVERING,130,ERA_2016_2018,DRIFT,RUSH,10,9,7,0.12437991598322115,0.7,0.14391583894824675,-0.06146358969556255
PRIMARY,TRANSITION_RECOVERING,130,ERA_2016_2018,DRIFT,SCATTER,8,6,7,0.0653342800464351,0.75,0.0949573960960643,-0.01757695697004295
PRIMARY,TRANSITION_RECOVERING,130,ERA_2016_2018,SCATTER,CALM,9,8,8,0.1029409830144258,1.0,0.1311529831069056,-0.0624057766719383
PRIMARY,TRANSITION_RECOVERING,130,ERA_2016_2018,SCATTER,DRIFT,7,7,5,0.0582678999094201,0.7142857142857143,0.105229833228162,-0.0866361820739708
PRIMARY,TRANSITION_RECOVERING,130,ERA_2016_2018,SCATTER,RUSH,3,3,2,0.1275963950748988,1.0,0.2224929755421298,-0.0220605751126324
PRIMARY,TRANSITION_RECOVERING,130,ERA_2016_2018,SCATTER,SCATTER,22,20,10,0.1106138807255191,1.0,0.18191517299815185,-0.02625337494133095
PRIMARY,TRANSITION_RECOVERING,130,ERA_2019_2021,CALM,CALM,64,39,29,0.0805986672932914,0.65625,0.1720800505905748,-0.09521260293530509
PRIMARY,TRANSITION_RECOVERING,130,ERA_2019_2021,CALM,DRIFT,21,18,15,-0.0131796236664147,0.47619047619047616,0.1284751563156858,-0.1984819677562002
PRIMARY,TRANSITION_RECOVERING,130,ERA_2019_2021,CALM,RUSH,4,4,2,0.47404342147001743,1.0,0.6406734632519699,-0.06706905280172185
PRIMARY,TRANSITION_RECOVERING,130,ERA_2019_2021,CALM,SCATTER,18,16,10,0.05906350093680685,0.7777777777777778,0.1676074940088281,-0.12161194195256465
PRIMARY,TRANSITION_RECOVERING,130,ERA_2019_2021,DRIFT,CALM,30,24,22,0.10831890356129795,0.8666666666666667,0.16845500404403366,-0.05492245400972215
PRIMARY,TRANSITION_RECOVERING,130,ERA_2019_2021,DRIFT,DRIFT,31,28,24,0.0741742764405424,0.7741935483870968,0.1399424960241124,-0.0831894015004067
PRIMARY,TRANSITION_RECOVERING,130,ERA_2019_2021,DRIFT,RUSH,7,7,6,0.1063528716767534,0.5714285714285714,0.161916166528653,-0.0887070224839496
PRIMARY,TRANSITION_RECOVERING,130,ERA_2019_2021,DRIFT,SCATTER,2,2,2,-0.15740616958915135,0.5,0.05380708991892305,-0.2893918324540959
PRIMARY,TRANSITION_RECOVERING,130,ERA_2019_2021,RUSH,CALM,1,1,1,0.7592587414743717,1.0,0.7715613052531931,-0.1101487733343394
PRIMARY,TRANSITION_RECOVERING,130,ERA_2019_2021,RUSH,DRIFT,1,1,1,-0.0802534951967073,0.0,0.1329006713070049,-0.1349375656339001
PRIMARY,TRANSITION_RECOVERING,130,ERA_2019_2021,SCATTER,CALM,8,8,5,0.2166636729806904,1.0,0.22881771687747066,-0.00990477322339915
PRIMARY,TRANSITION_RECOVERING,130,ERA_2019_2021,SCATTER,DRIFT,1,1,1,0.1624952578725413,1.0,0.2022896377649372,-0.0266762679187523
PRIMARY,TRANSITION_RECOVERING,130,ERA_2019_2021,SCATTER,SCATTER,39,34,14,0.1440941305882352,0.717948717948718,0.2550385269145809,-0.0576598801557641
PRIMARY,TRANSITION_RECOVERING,130,ERA_2022_2024,CALM,CALM,98,45,46,0.019103853226122347,0.5510204081632653,0.10445809985413121,-0.118432880166777
PRIMARY,TRANSITION_RECOVERING,130,ERA_2022_2024,CALM,DRIFT,15,15,11,0.1118432801084075,0.7333333333333333,0.2157352081985295,-0.0706177298825311
PRIMARY,TRANSITION_RECOVERING,130,ERA_2022_2024,CALM,RUSH,1,1,1,0.1896012725278855,1.0,0.2685213751887219,-0.0838635756024341
PRIMARY,TRANSITION_RECOVERING,130,ERA_2022_2024,CALM,SCATTER,25,19,16,0.0916957542418788,0.64,0.175950014871161,-0.0819253248349963
PRIMARY,TRANSITION_RECOVERING,130,ERA_2022_2024,DRIFT,CALM,21,17,14,-0.0580075092652558,0.47619047619047616,0.1114458701742953,-0.1700265432343295
PRIMARY,TRANSITION_RECOVERING,130,ERA_2022_2024,DRIFT,DRIFT,14,12,8,0.0004694924851648,0.5,0.17407232154980445,-0.11010494542809571
PRIMARY,TRANSITION_RECOVERING,130,ERA_2022_2024,DRIFT,RUSH,2,2,2,0.1231381932298188,0.5,0.2086107865200641,-0.09085575408675864
PRIMARY,TRANSITION_RECOVERING,130,ERA_2022_2024,DRIFT,SCATTER,3,3,3,0.0360645560685752,0.6666666666666666,0.1325818242199667,-0.048198455515133
PRIMARY,TRANSITION_RECOVERING,130,ERA_2022_2024,SCATTER,CALM,15,15,8,-0.0638156246800868,0.3333333333333333,0.1422286807469333,-0.1166207208467383
PRIMARY,TRANSITION_RECOVERING,130,ERA_2022_2024,SCATTER,DRIFT,4,4,3,-0.11773623567573695,0.0,0.06709980993732376,-0.1800659805430914
PRIMARY,TRANSITION_RECOVERING,130,ERA_2022_2024,SCATTER,RUSH,1,1,1,-0.4006842800272772,0.0,0.0368920395114644,-0.4097164535809626
PRIMARY,TRANSITION_RECOVERING,130,ERA_2022_2024,SCATTER,SCATTER,34,29,23,0.00394907326877585,0.5294117647058824,0.11142672892505455,-0.16682932887525695
PRIMARY,TRANSITION_RECOVERING,130,ERA_2025_2026,CALM,CALM,44,28,27,0.0903820351683659,0.6363636363636364,0.1495963138275604,-0.0868823542176919
PRIMARY,TRANSITION_RECOVERING,130,ERA_2025_2026,CALM,DRIFT,14,12,12,0.02992540474856935,0.5714285714285714,0.1482234404246415,-0.05260330831058365
PRIMARY,TRANSITION_RECOVERING,130,ERA_2025_2026,CALM,SCATTER,18,15,11,0.08530783046587585,0.6111111111111112,0.18242946035391436,-0.09876414814432061
PRIMARY,TRANSITION_RECOVERING,130,ERA_2025_2026,SCATTER,CALM,2,2,1,-0.06534050109114015,0.0,0.01005133992686275,-0.11260726427005735
PRIMARY,TRANSITION_RECOVERING,130,ERA_2025_2026,SCATTER,SCATTER,1,1,1,-0.3002164503445638,0.0,0.1810672501146835,-0.5398025379822937
