policy_id,fold_id,ticker,one_way_cost_bps,activated,executed_sell_count,executed_reentry_count,completed_cycle_count,positive_completed_cycle_count,completed_cycle_share_delta,completed_cycle_ticker,open_sale_count,open_sale_cash,unmatched_buy_cost,cagr,excess_cagr,max_drawdown,mdd_improvement,sortino,calmar,upside_capture,downside_capture,average_exposure,turnover,terminal_wealth_delta,terminal_share_delta,final_equity,buy_hold_final_equity,keep_cash_terminal_wealth_delta,keep_cash_final_equity
GIVEBACK_BASELINE,F01,AAPL,10,False,0,0,0,0,0.0,False,0,0.0,0.0,0.44055279689589644,0.0,-0.10145670257935879,0.0,3.267789984937751,4.342273952293086,1.0,1.0,1.0000000000000002,0.8137696283245347,0.0,0.0,14405.527968958959,14405.527968958959,0.0,14405.527968958959
GIVEBACK_BASELINE,F01,AAPL,25,False,0,0,0,0,0.0,False,0,0.0,0.0,0.4383954736539297,0.0,-0.10145670257935824,0.0,3.24718006590284,4.321010465632095,1.0,1.0,1.0,0.814379650534673,0.0,0.0,14383.954736539286,14383.954736539286,0.0,14383.954736539286
GIVEBACK_BASELINE,F01,AAPL,50,False,0,0,0,0,0.0,False,0,0.0,0.0,0.43481068882008644,0.0,-0.10145670257935824,0.0,3.2107010790034414,4.285677316192912,1.0,1.0,1.0000000000000002,0.8153963542182371,0.0,0.0,14348.106888200855,14348.106888200855,0.0,14348.106888200855
HERD_GIVEBACK_S1,F01,AAPL,10,False,0,0,0,0,0.0,False,0,0.0,0.0,0.44055279689589644,0.0,-0.10145670257935879,0.0,3.267789984937751,4.342273952293086,1.0,1.0,1.0000000000000002,0.8137696283245347,0.0,0.0,14405.527968958959,14405.527968958959,0.0,14405.527968958959
HERD_GIVEBACK_S1,F01,AAPL,25,False,0,0,0,0,0.0,False,0,0.0,0.0,0.4383954736539297,0.0,-0.10145670257935824,0.0,3.24718006590284,4.321010465632095,1.0,1.0,1.0,0.814379650534673,0.0,0.0,14383.954736539286,14383.954736539286,0.0,14383.954736539286
HERD_GIVEBACK_S1,F01,AAPL,50,False,0,0,0,0,0.0,False,0,0.0,0.0,0.43481068882008644,0.0,-0.10145670257935824,0.0,3.2107010790034414,4.285677316192912,1.0,1.0,1.0000000000000002,0.8153963542182371,0.0,0.0,14348.106888200855,14348.106888200855,0.0,14348.106888200855
GIVEBACK_BASELINE,F01,ABBV,10,False,0,0,0,0,0.0,False,0,0.0,0.0,0.09125414125719655,0.0,-0.1646490577030283,0.0,0.7479010784232389,0.5542342150647982,1.0,1.0,1.0000000000000002,1.018257515448026,0.0,0.0,10912.541412571965,10912.541412571965,0.0,10912.541412571965
GIVEBACK_BASELINE,F01,ABBV,25,False,0,0,0,0,0.0,False,0,0.0,0.0,0.08961991589114415,0.0,-0.1646490577030283,0.0,0.7376324897127596,0.544308708117774,1.0,1.0,1.0,1.0190208269288714,0.0,0.0,10896.199158911426,10896.199158911426,0.0,10896.199158911426
GIVEBACK_BASELINE,F01,ABBV,50,False,0,0,0,0,0.0,False,0,0.0,0.0,0.08690435329331292,0.0,-0.16464905770302896,0.0,0.7201626653004592,0.5278156735646728,1.0,1.0,1.0,1.0202930127302807,0.0,0.0,10869.043532933143,10869.043532933143,0.0,10869.043532933143
HERD_GIVEBACK_S1,F01,ABBV,10,False,0,0,0,0,0.0,False,0,0.0,0.0,0.09125414125719655,0.0,-0.1646490577030283,0.0,0.7479010784232389,0.5542342150647982,1.0,1.0,1.0000000000000002,1.018257515448026,0.0,0.0,10912.541412571965,10912.541412571965,0.0,10912.541412571965
HERD_GIVEBACK_S1,F01,ABBV,25,False,0,0,0,0,0.0,False,0,0.0,0.0,0.08961991589114415,0.0,-0.1646490577030283,0.0,0.7376324897127596,0.544308708117774,1.0,1.0,1.0,1.0190208269288714,0.0,0.0,10896.199158911426,10896.199158911426,0.0,10896.199158911426
HERD_GIVEBACK_S1,F01,ABBV,50,False,0,0,0,0,0.0,False,0,0.0,0.0,0.08690435329331292,0.0,-0.16464905770302896,0.0,0.7201626653004592,0.5278156735646728,1.0,1.0,1.0,1.0202930127302807,0.0,0.0,10869.043532933143,10869.043532933143,0.0,10869.043532933143
GIVEBACK_BASELINE,F01,AMT,10,False,0,0,0,0,0.0,False,0,0.0,0.0,0.19024580350097553,0.0,-0.1394316615088681,0.0,1.2600893682672127,1.3644376136827112,1.0,1.0,1.0000000000000002,0.9871433377798225,0.0,0.0,11902.458035009746,11902.458035009746,0.0,11902.458035009746
GIVEBACK_BASELINE,F01,AMT,25,False,0,0,0,0,0.0,False,0,0.0,0.0,0.1884633315630615,0.0,-0.13943166150886788,0.0,1.2516469000772417,1.3516537744985215,1.0,1.0,1.0,0.9878833252894027,0.0,0.0,11884.633315630632,11884.633315630632,0.0,11884.633315630632
GIVEBACK_BASELINE,F01,AMT,50,False,0,0,0,0,0.0,False,0,0.0,0.0,0.18550143033033706,0.0,-0.13943166150886743,0.0,1.237250223972397,1.3304111012012845,1.0,1.0,1.0,0.9891166378053694,0.0,0.0,11855.014303303353,11855.014303303353,0.0,11855.014303303353
HERD_GIVEBACK_S1,F01,AMT,10,False,0,0,0,0,0.0,False,0,0.0,0.0,0.19024580350097553,0.0,-0.1394316615088681,0.0,1.2600893682672127,1.3644376136827112,1.0,1.0,1.0000000000000002,0.9871433377798225,0.0,0.0,11902.458035009746,11902.458035009746,0.0,11902.458035009746
HERD_GIVEBACK_S1,F01,AMT,25,False,0,0,0,0,0.0,False,0,0.0,0.0,0.1884633315630615,0.0,-0.13943166150886788,0.0,1.2516469000772417,1.3516537744985215,1.0,1.0,1.0,0.9878833252894027,0.0,0.0,11884.633315630632,11884.633315630632,0.0,11884.633315630632
HERD_GIVEBACK_S1,F01,AMT,50,False,0,0,0,0,0.0,False,0,0.0,0.0,0.18550143033033706,0.0,-0.13943166150886743,0.0,1.237250223972397,1.3304111012012845,1.0,1.0,1.0,0.9891166378053694,0.0,0.0,11855.014303303353,11855.014303303353,0.0,11855.014303303353
GIVEBACK_BASELINE,F01,AMZN,10,False,0,0,0,0,0.0,False,0,0.0,0.0,0.3029348039546349,0.0,-0.14838457251828263,0.0,1.986072461425073,2.041551886516437,1.0,1.0,1.0,0.8927164762788594,0.0,0.0,13029.348039546347,13029.348039546347,0.0,13029.348039546347
GIVEBACK_BASELINE,F01,AMZN,25,False,0,0,0,0,0.0,False,0,0.0,0.0,0.30098357277352283,0.0,-0.1483845725182822,0.0,1.9765777404942628,2.028402061383027,1.0,1.0,0.9999999999999998,0.8933856790346907,0.0,0.0,13009.83572773524,13009.83572773524,0.0,13009.83572773524
GIVEBACK_BASELINE,F01,AMZN,50,False,0,0,0,0,0.0,False,0,0.0,0.0,0.2977412473726293,0.0,-0.14838457251828308,0.0,1.9596806492116021,2.006551235883659,1.0,1.0,1.0000000000000002,0.8945010169610763,0.0,0.0,12977.41247372631,12977.41247372631,0.0,12977.41247372631
HERD_GIVEBACK_S1,F01,AMZN,10,False,0,0,0,0,0.0,False,0,0.0,0.0,0.3029348039546349,0.0,-0.14838457251828263,0.0,1.986072461425073,2.041551886516437,1.0,1.0,1.0,0.8927164762788594,0.0,0.0,13029.348039546347,13029.348039546347,0.0,13029.348039546347
HERD_GIVEBACK_S1,F01,AMZN,25,False,0,0,0,0,0.0,False,0,0.0,0.0,0.30098357277352283,0.0,-0.1483845725182822,0.0,1.9765777404942628,2.028402061383027,1.0,1.0,0.9999999999999998,0.8933856790346907,0.0,0.0,13009.83572773524,13009.83572773524,0.0,13009.83572773524
HERD_GIVEBACK_S1,F01,AMZN,50,False,0,0,0,0,0.0,False,0,0.0,0.0,0.2977412473726293,0.0,-0.14838457251828308,0.0,1.9596806492116021,2.006551235883659,1.0,1.0,1.0000000000000002,0.8945010169610763,0.0,0.0,12977.41247372631,12977.41247372631,0.0,12977.41247372631
GIVEBACK_BASELINE,F01,APD,10,False,0,0,0,0,0.0,False,0,0.0,0.0,0.10739160837585127,0.0,-0.09320601523236616,0.0,1.1251511435360813,1.1521961121084288,1.0,1.0,1.0000000000000002,0.965749394931366,0.0,0.0,11073.9160837585,11073.9160837585,0.0,11073.9160837585
GIVEBACK_BASELINE,F01,APD,25,False,0,0,0,0,0.0,False,0,0.0,0.0,0.10573321608376696,0.0,-0.09320601523236716,0.0,1.1098606661268962,1.134403351759743,1.0,1.0,1.0,0.9664733450025289,0.0,0.0,11057.332160837685,11057.332160837685,0.0,11057.332160837685
GIVEBACK_BASELINE,F01,APD,50,False,0,0,0,0,0.0,False,0,0.0,0.0,0.10297749574406034,0.0,-0.09320601523236671,0.0,1.0834172951873138,1.1048374451727487,1.0,1.0,1.0,0.9676799284544669,0.0,0.0,11029.774957440595,11029.774957440595,0.0,11029.774957440595
HERD_GIVEBACK_S1,F01,APD,10,False,0,0,0,0,0.0,False,0,0.0,0.0,0.10739160837585127,0.0,-0.09320601523236616,0.0,1.1251511435360813,1.1521961121084288,1.0,1.0,1.0000000000000002,0.965749394931366,0.0,0.0,11073.9160837585,11073.9160837585,0.0,11073.9160837585
HERD_GIVEBACK_S1,F01,APD,25,False,0,0,0,0,0.0,False,0,0.0,0.0,0.10573321608376696,0.0,-0.09320601523236716,0.0,1.1098606661268962,1.134403351759743,1.0,1.0,1.0,0.9664733450025289,0.0,0.0,11057.332160837685,11057.332160837685,0.0,11057.332160837685
HERD_GIVEBACK_S1,F01,APD,50,False,0,0,0,0,0.0,False,0,0.0,0.0,0.10297749574406034,0.0,-0.09320601523236671,0.0,1.0834172951873138,1.1048374451727487,1.0,1.0,1.0,0.9676799284544669,0.0,0.0,11029.774957440595,11029.774957440595,0.0,11029.774957440595
GIVEBACK_BASELINE,F01,AVGO,10,False,0,0,0,0,0.0,False,0,0.0,0.0,0.5482464407865337,0.0,-0.09496571858011316,0.0,2.9335760893742755,5.773098429450966,1.0,1.0,1.0,0.8013334493923493,0.0,0.0,15482.464407865313,15482.464407865313,0.0,15482.464407865313
GIVEBACK_BASELINE,F01,AVGO,25,False,0,0,0,0,0.0,False,0,0.0,0.0,0.5459278391787314,0.0,-0.09496571858011271,0.0,2.927076325272393,5.748683286360739,1.0,1.0,1.0,0.8019341491295249,0.0,0.0,15459.278391787326,15459.278391787326,0.0,15459.278391787326
GIVEBACK_BASELINE,F01,AVGO,50,False,0,0,0,0,0.0,False,0,0.0,0.0,0.5420750610147249,0.0,-0.09496571858011271,0.0,2.9149500469198757,5.70811308669699,1.0,1.0,1.0,0.8029353153581511,0.0,0.0,15420.750610147232,15420.750610147232,0.0,15420.750610147232
HERD_GIVEBACK_S1,F01,AVGO,10,False,0,0,0,0,0.0,False,0,0.0,0.0,0.5482464407865337,0.0,-0.09496571858011316,0.0,2.9335760893742755,5.773098429450966,1.0,1.0,1.0,0.8013334493923493,0.0,0.0,15482.464407865313,15482.464407865313,0.0,15482.464407865313
HERD_GIVEBACK_S1,F01,AVGO,25,False,0,0,0,0,0.0,False,0,0.0,0.0,0.5459278391787314,0.0,-0.09496571858011271,0.0,2.927076325272393,5.748683286360739,1.0,1.0,1.0,0.8019341491295249,0.0,0.0,15459.278391787326,15459.278391787326,0.0,15459.278391787326
HERD_GIVEBACK_S1,F01,AVGO,50,False,0,0,0,0,0.0,False,0,0.0,0.0,0.5420750610147249,0.0,-0.09496571858011271,0.0,2.9149500469198757,5.70811308669699,1.0,1.0,1.0,0.8029353153581511,0.0,0.0,15420.750610147232,15420.750610147232,0.0,15420.750610147232
GIVEBACK_BASELINE,F01,BA,10,False,0,0,0,0,0.0,False,0,0.0,0.0,0.8578580896524268,0.0,-0.06148146311838698,0.0,7.452972130458062,13.953117673867965,1.0,1.0,1.0,0.7880322928057228,0.0,0.0,18578.580896524247,18578.580896524247,0.0,18578.580896524247
GIVEBACK_BASELINE,F01,BA,25,False,0,0,0,0,0.0,False,0,0.0,0.0,0.8550758240903951,0.0,-0.06148146311838698,0.0,7.415324161988957,13.907863943378919,1.0,1.0,0.9999999999999998,0.7886230216608994,0.0,0.0,18550.758240903982,18550.758240903982,0.0,18550.758240903982
GIVEBACK_BASELINE,F01,BA,50,False,0,0,0,0,0.0,False,0,0.0,0.0,0.8504525839581583,0.0,-0.06148146311838776,0.0,7.341324583147804,13.832666641659777,1.0,1.0,1.0,0.7896075697528606,0.0,0.0,18504.52583958159,18504.52583958159,0.0,18504.52583958159
HERD_GIVEBACK_S1,F01,BA,10,False,0,0,0,0,0.0,False,0,0.0,0.0,0.8578580896524268,0.0,-0.06148146311838698,0.0,7.452972130458062,13.953117673867965,1.0,1.0,1.0,0.7880322928057228,0.0,0.0,18578.580896524247,18578.580896524247,0.0,18578.580896524247
HERD_GIVEBACK_S1,F01,BA,25,False,0,0,0,0,0.0,False,0,0.0,0.0,0.8550758240903951,0.0,-0.06148146311838698,0.0,7.415324161988957,13.907863943378919,1.0,1.0,0.9999999999999998,0.7886230216608994,0.0,0.0,18550.758240903982,18550.758240903982,0.0,18550.758240903982
HERD_GIVEBACK_S1,F01,BA,50,False,0,0,0,0,0.0,False,0,0.0,0.0,0.8504525839581583,0.0,-0.06148146311838776,0.0,7.341324583147804,13.832666641659777,1.0,1.0,1.0,0.7896075697528606,0.0,0.0,18504.52583958159,18504.52583958159,0.0,18504.52583958159
GIVEBACK_BASELINE,F01,BAC,10,True,1,0,0,0,0.0,False,1,790.2994543779172,0.0,0.727992838803277,-0.007757575265657346,-0.12530411055387258,6.790599302741729e-05,3.93001290596796,5.809808118707228,0.9874406980547082,0.9854738158721179,0.985909268873127,0.723378268110641,-77.57575265655032,-43.70852227022658,17279.928388032764,17357.504140689314,-77.57575265655032,17279.928388032764
GIVEBACK_BASELINE,F01,BAC,25,True,1,0,0,0,0.0,False,1,787.9321068880596,0.0,0.7252866728868472,-0.007864339953197463,-0.12536981771576783,2.1988311321718967e-06,3.9175670905604254,5.785177693495422,0.9874125334909314,0.9855144443051896,0.9859294074794417,0.7238581152809035,-78.64339953196759,-43.64306586268026,17252.866728868496,17331.510128400463,-78.64339953196759,17252.866728868496
GIVEBACK_BASELINE,F01,BAC,50,True,1,0,0,0,0.0,False,1,784.0022648184345,0.0,0.7207902797771104,-0.008041355270536732,-0.12547922004441625,-0.00010720349751680569,3.8950004022268394,5.744299968727652,0.9873656449678982,0.9855817854671649,0.9859629445821432,0.7246578824290014,-80.4135527053877,-43.53429813956609,17207.902797771076,17288.316350476463,-80.4135527053877,17207.902797771076
HERD_GIVEBACK_S1,F01,BAC,10,True,1,0,0,0,0.0,False,1,790.2994543779172,0.0,0.727992838803277,-0.007757575265657346,-0.12530411055387258,6.790599302741729e-05,3.93001290596796,5.809808118707228,0.9874406980547082,0.9854738158721179,0.985909268873127,0.723378268110641,-77.57575265655032,-43.70852227022658,17279.928388032764,17357.504140689314,-77.57575265655032,17279.928388032764
HERD_GIVEBACK_S1,F01,BAC,25,True,1,0,0,0,0.0,False,1,787.9321068880596,0.0,0.7252866728868472,-0.007864339953197463,-0.12536981771576783,2.1988311321718967e-06,3.9175670905604254,5.785177693495422,0.9874125334909314,0.9855144443051896,0.9859294074794417,0.7238581152809035,-78.64339953196759,-43.64306586268026,17252.866728868496,17331.510128400463,-78.64339953196759,17252.866728868496
HERD_GIVEBACK_S1,F01,BAC,50,True,1,0,0,0,0.0,False,1,784.0022648184345,0.0,0.7207902797771104,-0.008041355270536732,-0.12547922004441625,-0.00010720349751680569,3.8950004022268394,5.744299968727652,0.9873656449678982,0.9855817854671649,0.9859629445821432,0.7246578824290014,-80.4135527053877,-43.53429813956609,17207.902797771076,17288.316350476463,-80.4135527053877,17207.902797771076
GIVEBACK_BASELINE,F01,CAT,10,False,0,0,0,0,0.0,False,0,0.0,0.0,0.42342997440093755,0.0,-0.0849253707922123,0.0,3.0942049748309404,4.985906690203893,1.0,1.0,1.0000000000000002,0.8542327310549575,0.0,0.0,14234.299744009353,14234.299744009353,0.0,14234.299744009353
GIVEBACK_BASELINE,F01,CAT,25,False,0,0,0,0,0.0,False,0,0.0,0.0,0.42129829371994654,0.0,-0.08492537079221163,0.0,3.080490688653309,4.9608060558339435,1.0,1.0,1.0,0.8548730854260627,0.0,0.0,14212.982937199462,14212.982937199462,0.0,14212.982937199462
GIVEBACK_BASELINE,F01,CAT,50,False,0,0,0,0,0.0,False,0,0.0,0.0,0.41775611866376705,0.0,-0.0849253707922124,0.0,3.055773089784829,4.919096787765511,1.0,1.0,1.0,0.855940342711239,0.0,0.0,14177.561186637695,14177.561186637695,0.0,14177.561186637695
HERD_GIVEBACK_S1,F01,CAT,10,False,0,0,0,0,0.0,False,0,0.0,0.0,0.42342997440093755,0.0,-0.0849253707922123,0.0,3.0942049748309404,4.985906690203893,1.0,1.0,1.0000000000000002,0.8542327310549575,0.0,0.0,14234.299744009353,14234.299744009353,0.0,14234.299744009353
HERD_GIVEBACK_S1,F01,CAT,25,False,0,0,0,0,0.0,False,0,0.0,0.0,0.42129829371994654,0.0,-0.08492537079221163,0.0,3.080490688653309,4.9608060558339435,1.0,1.0,1.0,0.8548730854260627,0.0,0.0,14212.982937199462,14212.982937199462,0.0,14212.982937199462
HERD_GIVEBACK_S1,F01,CAT,50,False,0,0,0,0,0.0,False,0,0.0,0.0,0.41775611866376705,0.0,-0.0849253707922124,0.0,3.055773089784829,4.919096787765511,1.0,1.0,1.0,0.855940342711239,0.0,0.0,14177.561186637695,14177.561186637695,0.0,14177.561186637695
GIVEBACK_BASELINE,F01,COP,10,True,2,0,0,0,0.0,False,2,1122.991392153717,0.0,0.14911950092384263,0.00028807520808649123,-0.1724094304665018,0.004248522119820075,1.2948912847016032,0.8649149905568287,0.9768653488698538,0.9751450222865685,0.9719371978018109,0.9591758317702892,2.880752080853199,-33.11147217298344,11491.195009238432,11488.314257157579,2.880752080853199,11491.195009238432
GIVEBACK_BASELINE,F01,COP,25,True,2,0,0,0,0.0,False,2,1119.6274636597523,0.0,0.14723040089920314,0.00011942634715067513,-0.17253623285656794,0.004121719729753837,1.2847943531091903,0.8533303321951979,0.9768544749254189,0.9752474847746492,0.9719759167682186,0.9597897839090795,1.194263471501472,-33.06188554995339,11472.304008992023,11471.109745520522,1.194263471501472,11472.304008992023
GIVEBACK_BASELINE,F01,COP,50,True,2,0,0,0,0.0,False,2,1114.0432780801402,0.0,0.14409187703994197,-0.00016025507299644026,-0.17274735865094337,0.0039105939353779595,1.26733619724791,0.8341191330809102,0.9768363866246722,0.9754176101999941,0.9720404043535392,0.9608130847778282,-1.6025507299764286,-32.97948835942509,11440.918770399421,11442.521321129398,-1.6025507299764286,11440.918770399421
HERD_GIVEBACK_S1,F01,COP,10,True,1,0,0,0,0.0,False,1,578.9712592742029,0.0,0.1492869803573893,0.0004555546416331602,-0.1742475330907416,0.002410419495580296,1.2939566806100757,0.8567523322103288,0.9836616047136718,0.9823481763248936,0.980504309033882,0.9123114381902053,4.555546416324432,-16.980242139991503,11492.869803573903,11488.314257157579,4.555546416324432,11492.869803573903
HERD_GIVEBACK_S1,F01,COP,25,True,1,0,0,0,0.0,False,1,577.2369468566127,0.0,0.14747912051011225,0.00036814595805978456,-0.17431290753614526,0.0023450450501765197,1.284415820646633,0.8460596670360238,0.9836420756213434,0.982390046530859,0.9805321046421333,0.9129472415112544,3.6814595805863064,-16.954813102540186,11474.791205101108,11471.109745520522,3.6814595805863064,11474.791205101108
HERD_GIVEBACK_S1,F01,COP,50,True,1,0,0,0,0.0,False,1,574.3579551033025,0.0,0.14447532101762328,0.00022318890468486785,-0.17442175589231967,0.0022361966940016575,1.2678922172800908,0.8283102086577777,0.9836095674429943,0.9824595379494055,0.9805783934866099,0.9140069520201165,2.2318890468322934,-16.912558133038488,11444.75321017623,11442.521321129398,2.2318890468322934,11444.75321017623
GIVEBACK_BASELINE,F01,COST,10,False,0,0,0,0,0.0,False,0,0.0,0.0,0.004989084143028233,0.0,-0.17431395526418303,0.0,0.1370722349028552,0.028621254881555428,1.0,1.0,1.0000000000000002,1.0113095530675726,0.0,0.0,10049.890841430264,10049.890841430264,0.0,10049.890841430264
GIVEBACK_BASELINE,F01,COST,25,False,0,0,0,0,0.0,False,0,0.0,0.0,0.0034840464145828864,0.0,-0.17431395526418325,0.0,0.12642172719623784,0.019987191555045636,1.0,1.0,0.9999999999999998,1.0120676561808164,0.0,0.0,10034.840464145818,10034.840464145818,0.0,10034.840464145818
GIVEBACK_BASELINE,F01,COST,50,False,0,0,0,0,0.0,False,0,0.0,0.0,0.0009831525669035113,0.0,-0.17431395526418292,0.0,0.10865359064610204,0.005640125401397074,1.0,1.0,1.0,1.0133311613695564,0.0,0.0,10009.831525669028,10009.831525669028,0.0,10009.831525669028
HERD_GIVEBACK_S1,F01,COST,10,False,0,0,0,0,0.0,False,0,0.0,0.0,0.004989084143028233,0.0,-0.17431395526418303,0.0,0.1370722349028552,0.028621254881555428,1.0,1.0,1.0000000000000002,1.0113095530675726,0.0,0.0,10049.890841430264,10049.890841430264,0.0,10049.890841430264
HERD_GIVEBACK_S1,F01,COST,25,False,0,0,0,0,0.0,False,0,0.0,0.0,0.0034840464145828864,0.0,-0.17431395526418325,0.0,0.12642172719623784,0.019987191555045636,1.0,1.0,0.9999999999999998,1.0120676561808164,0.0,0.0,10034.840464145818,10034.840464145818,0.0,10034.840464145818
HERD_GIVEBACK_S1,F01,COST,50,False,0,0,0,0,0.0,False,0,0.0,0.0,0.0009831525669035113,0.0,-0.17431395526418292,0.0,0.10865359064610204,0.005640125401397074,1.0,1.0,1.0,1.0133311613695564,0.0,0.0,10009.831525669028,10009.831525669028,0.0,10009.831525669028
GIVEBACK_BASELINE,F01,CRM,10,False,0,0,0,0,0.0,False,0,0.0,0.0,0.1276927025486485,0.0,-0.16195010782207586,0.0,0.8481328485946971,0.7884693889116532,1.0,1.0,1.0000000000000002,1.0098135899532792,0.0,0.0,11276.9270254865,11276.9270254865,0.0,11276.9270254865
GIVEBACK_BASELINE,F01,CRM,25,False,0,0,0,0,0.0,False,0,0.0,0.0,0.12600390802320982,0.0,-0.16195010782207653,0.0,0.8397075143475052,0.7780415198095556,1.0,1.0,1.0,1.010570571654893,0.0,0.0,11260.039080232104,11260.039080232104,0.0,11260.039080232104
GIVEBACK_BASELINE,F01,CRM,50,False,0,0,0,0,0.0,False,0,0.0,0.0,0.12319766884472116,0.0,-0.16195010782207608,0.0,0.8254275292944695,0.7607137191910384,1.0,1.0,1.0,1.01183220782425,0.0,0.0,11231.976688447205,11231.976688447205,0.0,11231.976688447205
HERD_GIVEBACK_S1,F01,CRM,10,False,0,0,0,0,0.0,False,0,0.0,0.0,0.1276927025486485,0.0,-0.16195010782207586,0.0,0.8481328485946971,0.7884693889116532,1.0,1.0,1.0000000000000002,1.0098135899532792,0.0,0.0,11276.9270254865,11276.9270254865,0.0,11276.9270254865
HERD_GIVEBACK_S1,F01,CRM,25,False,0,0,0,0,0.0,False,0,0.0,0.0,0.12600390802320982,0.0,-0.16195010782207653,0.0,0.8397075143475052,0.7780415198095556,1.0,1.0,1.0,1.010570571654893,0.0,0.0,11260.039080232104,11260.039080232104,0.0,11260.039080232104
HERD_GIVEBACK_S1,F01,CRM,50,False,0,0,0,0,0.0,False,0,0.0,0.0,0.12319766884472116,0.0,-0.16195010782207608,0.0,0.8254275292944695,0.7607137191910384,1.0,1.0,1.0,1.01183220782425,0.0,0.0,11231.976688447205,11231.976688447205,0.0,11231.976688447205
GIVEBACK_BASELINE,F01,CVX,10,False,0,0,0,0,0.0,False,0,0.0,0.0,0.1575182796332013,0.0,-0.11522686749810518,0.0,1.6465156905008287,1.3670273526770271,1.0,1.0,1.0,0.9063266538808534,0.0,0.0,11575.182796332005,11575.182796332005,0.0,11575.182796332005
GIVEBACK_BASELINE,F01,CVX,25,False,0,0,0,0,0.0,False,0,0.0,0.0,0.1557848193302982,0.0,-0.11522686749810362,0.0,1.6343191884094226,1.3519834628226968,1.0,1.0,1.0,0.9070060591686201,0.0,0.0,11557.848193302978,11557.848193302978,0.0,11557.848193302978
GIVEBACK_BASELINE,F01,CVX,50,False,0,0,0,0,0.0,False,0,0.0,0.0,0.15290435984095074,0.0,-0.11522686749810362,0.0,1.612151553174752,1.3269853043906379,1.0,1.0,1.0,0.908138401314898,0.0,0.0,11529.043598409498,11529.043598409498,0.0,11529.043598409498
HERD_GIVEBACK_S1,F01,CVX,10,False,0,0,0,0,0.0,False,0,0.0,0.0,0.1575182796332013,0.0,-0.11522686749810518,0.0,1.6465156905008287,1.3670273526770271,1.0,1.0,1.0,0.9063266538808534,0.0,0.0,11575.182796332005,11575.182796332005,0.0,11575.182796332005
HERD_GIVEBACK_S1,F01,CVX,25,False,0,0,0,0,0.0,False,0,0.0,0.0,0.1557848193302982,0.0,-0.11522686749810362,0.0,1.6343191884094226,1.3519834628226968,1.0,1.0,1.0,0.9070060591686201,0.0,0.0,11557.848193302978,11557.848193302978,0.0,11557.848193302978
HERD_GIVEBACK_S1,F01,CVX,50,False,0,0,0,0,0.0,False,0,0.0,0.0,0.15290435984095074,0.0,-0.11522686749810362,0.0,1.612151553174752,1.3269853043906379,1.0,1.0,1.0,0.908138401314898,0.0,0.0,11529.043598409498,11529.043598409498,0.0,11529.043598409498
GIVEBACK_BASELINE,F01,DIS,10,False,0,0,0,0,0.0,False,0,0.0,0.0,0.17650180360506673,0.0,-0.1027279283923872,0.0,2.3470722204098067,1.7181481839182755,1.0,1.0,1.0000000000000002,0.9134694948374508,0.0,0.0,11765.01803605067,11765.01803605067,0.0,11765.01803605067
GIVEBACK_BASELINE,F01,DIS,25,False,0,0,0,0,0.0,False,0,0.0,0.0,0.17473991421746282,0.0,-0.10272792839238754,0.0,2.325978035452317,1.7009971577545373,1.0,1.0,1.0,0.9141542545787081,0.0,0.0,11747.399142174632,11747.399142174632,0.0,11747.399142174632
GIVEBACK_BASELINE,F01,DIS,50,False,0,0,0,0,0.0,False,0,0.0,0.0,0.17181221463460905,0.0,-0.10272792839238742,0.0,2.286765779862003,1.6724976092026504,1.0,1.0,1.0,0.9152955208141372,0.0,0.0,11718.122146346084,11718.122146346084,0.0,11718.122146346084
HERD_GIVEBACK_S1,F01,DIS,10,False,0,0,0,0,0.0,False,0,0.0,0.0,0.17650180360506673,0.0,-0.1027279283923872,0.0,2.3470722204098067,1.7181481839182755,1.0,1.0,1.0000000000000002,0.9134694948374508,0.0,0.0,11765.01803605067,11765.01803605067,0.0,11765.01803605067
HERD_GIVEBACK_S1,F01,DIS,25,False,0,0,0,0,0.0,False,0,0.0,0.0,0.17473991421746282,0.0,-0.10272792839238754,0.0,2.325978035452317,1.7009971577545373,1.0,1.0,1.0,0.9141542545787081,0.0,0.0,11747.399142174632,11747.399142174632,0.0,11747.399142174632
HERD_GIVEBACK_S1,F01,DIS,50,False,0,0,0,0,0.0,False,0,0.0,0.0,0.17181221463460905,0.0,-0.10272792839238742,0.0,2.286765779862003,1.6724976092026504,1.0,1.0,1.0,0.9152955208141372,0.0,0.0,11718.122146346084,11718.122146346084,0.0,11718.122146346084
GIVEBACK_BASELINE,F01,DUK,10,False,0,0,0,0,0.0,False,0,0.0,0.0,0.04185319320169434,0.0,-0.13126960170856627,0.0,0.46980967587991385,0.31883385534004494,1.0,1.0,1.0,1.0310893438311288,0.0,0.0,10418.531932016926,10418.531932016926,0.0,10418.531932016926
GIVEBACK_BASELINE,F01,DUK,25,False,0,0,0,0,0.0,False,0,0.0,0.0,0.04029294902789049,0.0,-0.13126960170856672,0.0,0.45602670598862594,0.3069480557832831,1.0,1.0,1.0,1.0318622743737311,0.0,0.0,10402.9294902789,10402.9294902789,0.0,10402.9294902789
GIVEBACK_BASELINE,F01,DUK,50,False,0,0,0,0,0.0,False,0,0.0,0.0,0.03770031963303078,0.0,-0.1312696017085665,0.0,0.4337426685382904,0.2871976386180389,1.0,1.0,1.0000000000000002,1.0331504919447347,0.0,0.0,10377.003196330297,10377.003196330297,0.0,10377.003196330297
HERD_GIVEBACK_S1,F01,DUK,10,False,0,0,0,0,0.0,False,0,0.0,0.0,0.04185319320169434,0.0,-0.13126960170856627,0.0,0.46980967587991385,0.31883385534004494,1.0,1.0,1.0,1.0310893438311288,0.0,0.0,10418.531932016926,10418.531932016926,0.0,10418.531932016926
HERD_GIVEBACK_S1,F01,DUK,25,False,0,0,0,0,0.0,False,0,0.0,0.0,0.04029294902789049,0.0,-0.13126960170856672,0.0,0.45602670598862594,0.3069480557832831,1.0,1.0,1.0,1.0318622743737311,0.0,0.0,10402.9294902789,10402.9294902789,0.0,10402.9294902789
HERD_GIVEBACK_S1,F01,DUK,50,False,0,0,0,0,0.0,False,0,0.0,0.0,0.03770031963303078,0.0,-0.1312696017085665,0.0,0.4337426685382904,0.2871976386180389,1.0,1.0,1.0000000000000002,1.0331504919447347,0.0,0.0,10377.003196330297,10377.003196330297,0.0,10377.003196330297
GIVEBACK_BASELINE,F01,EOG,10,True,2,0,0,0,0.0,False,2,1138.65858648944,0.0,0.19431934885736646,-0.002859033645040032,-0.18669848757797014,0.004779812217608814,1.6230995503039498,1.0408190841728895,0.9737491476553747,0.9721889075123178,0.9688378086990642,0.9276927358788575,-28.59033645040472,-16.94782211787097,11943.193488573652,11971.783825024057,-28.59033645040472,11943.193488573652
GIVEBACK_BASELINE,F01,EOG,25,True,2,0,0,0,0.0,False,2,1135.2477268063185,0.0,0.19236021221342536,-0.0030253163547671047,-0.18682391925625919,0.0046543805393218785,1.6103117836096077,1.0296337480725488,0.9736616510008015,0.972227086442389,0.968880515720309,0.928287939008555,-30.25316354766801,-16.922441631550413,11923.602122134282,11953.85528568195,-30.25316354766801,11923.602122134282
GIVEBACK_BASELINE,F01,EOG,50,True,2,0,0,0,0.0,False,2,1129.5856345559214,0.0,0.18910531757976035,-0.003301058181089056,-0.18703276281752468,0.004445536978056719,1.5890600294449158,1.0110812390888848,0.9735156735493603,0.9722906757931951,0.9689516473312907,0.9292799939713413,-33.01058181090957,-16.88026733858058,11891.053175797602,11924.063757608512,-33.01058181090957,11891.053175797602
HERD_GIVEBACK_S1,F01,EOG,10,False,0,0,0,0,0.0,False,0,0.0,0.0,0.1971783825024065,0.0,-0.19147829979557895,0.0,1.617852805543638,1.02976881825728,1.0,1.0,1.0000000000000002,0.8329443760850797,0.0,0.0,11971.783825024057,11971.783825024057,0.0,11971.783825024057
HERD_GIVEBACK_S1,F01,EOG,25,False,0,0,0,0,0.0,False,0,0.0,0.0,0.19538552856819247,0.0,-0.19147829979558106,0.0,1.606437568033266,1.0204055957086662,1.0,1.0,1.0,0.8335687721691012,0.0,0.0,11953.85528568195,11953.85528568195,0.0,11953.85528568195
HERD_GIVEBACK_S1,F01,EOG,50,False,0,0,0,0,0.0,False,0,0.0,0.0,0.1924063757608494,0.0,-0.1914782997955814,0.0,1.5874690752706693,1.0048468989241015,1.0,1.0,1.0,0.8346094323091375,0.0,0.0,11924.063757608512,11924.063757608512,0.0,11924.063757608512
GIVEBACK_BASELINE,F01,FCX,10,True,2,0,0,0,0.0,False,2,993.9949604325293,0.0,0.13295617015685357,-0.012258981215558018,-0.33168672355175866,0.009676340219297308,0.8924445641628023,0.4008486343171531,0.9673072058461472,0.9711676686958739,0.9635631587408992,1.08773092836491,-122.58981215557469,-85.56067470087476,11329.56170156855,11452.151513724124,-122.58981215557469,11329.56170156855
GIVEBACK_BASELINE,F01,FCX,25,True,2,0,0,0,0.0,False,2,991.0174416433217,0.0,0.13111059869106567,-0.012389517128027272,-0.33179757755515826,0.009565486215898034,0.8859176424306319,0.3951523686735469,0.9673241894904269,0.9712240067873178,0.9636128230904187,1.088456495530127,-123.89517128029365,-85.43254192259099,11311.105986910645,11435.001158190938,-123.89517128029365,11311.105986910645
GIVEBACK_BASELINE,F01,FCX,50,True,2,0,0,0,0.0,False,2,986.0747035573161,0.0,0.1280443411979626,-0.012605931203400367,-0.33198214930901626,0.00938091446203948,0.8749445277410408,0.38569646429626586,0.9673524950566629,0.9713176303260302,0.9636955442665589,1.0896658489030202,-126.05931203401269,-85.21962601301664,11280.44341197962,11406.502724013633,-126.05931203401269,11280.44341197962
HERD_GIVEBACK_S1,F01,FCX,10,True,1,0,0,0,0.0,False,1,510.05470445832333,0.0,0.13895986424962326,-0.006255287122788333,-0.3363775176712591,0.004985546099796845,0.9172508442418024,0.4131068723368973,0.9814703231388466,0.9832391854989878,0.9785774477650124,1.0407087857729027,-62.55287122788468,-43.87726907737169,11389.59864249624,11452.151513724124,-62.55287122788468,11389.59864249624
HERD_GIVEBACK_S1,F01,FCX,25,True,1,0,0,0,0.0,False,1,508.5268320580573,0.0,0.1371777932339462,-0.006322322585146756,-0.3364344008630187,0.004928662908037618,0.9110326910673087,0.40774009103129427,0.9814966630668776,0.9833021624503601,0.9786079137430208,1.0414456765647093,-63.22322585148686,-43.81155996030304,11371.777932339452,11435.001158190938,-63.22322585148686,11371.777932339452
HERD_GIVEBACK_S1,F01,FCX,50,True,1,0,0,0,0.0,False,1,505.9905346782642,0.0,0.13421681224912096,-0.006433460152241999,-0.33652911129427077,0.004833952476784975,0.9005710092480043,0.39882675151915137,0.9815405282189568,0.9834068310830376,0.9786586501172477,1.0426738759322913,-64.33460152241787,-43.702372314367494,11342.168122491215,11406.502724013633,-64.33460152241787,11342.168122491215
GIVEBACK_BASELINE,F01,GE,10,False,0,0,0,0,0.0,False,0,0.0,0.0,-0.15683230088770594,0.0,-0.1924464387166852,0.0,-1.4956187426398242,-0.8149400006231889,1.0,1.0,1.0000000000000002,1.0356851703062173,0.0,0.0,8431.676991122937,8431.676991122937,0.0,8431.676991122937
GIVEBACK_BASELINE,F01,GE,25,False,0,0,0,0,0.0,False,0,0.0,0.0,-0.15809500037229918,0.0,-0.19244643871668432,0.0,-1.5107156120411311,-0.8215013040851505,1.0,1.0,0.9999999999999998,1.0364615459961017,0.0,0.0,8419.049996276997,8419.049996276997,0.0,8419.049996276997
GIVEBACK_BASELINE,F01,GE,50,False,0,0,0,0,0.0,False,0,0.0,0.0,-0.16019320516332114,0.0,-0.19244643871668576,0.0,-1.5345979071844644,-0.8324041028327527,1.0,1.0,1.0,1.0377555054792431,0.0,0.0,8398.067948366797,8398.067948366797,0.0,8398.067948366797
HERD_GIVEBACK_S1,F01,GE,10,False,0,0,0,0,0.0,False,0,0.0,0.0,-0.15683230088770594,0.0,-0.1924464387166852,0.0,-1.4956187426398242,-0.8149400006231889,1.0,1.0,1.0000000000000002,1.0356851703062173,0.0,0.0,8431.676991122937,8431.676991122937,0.0,8431.676991122937
HERD_GIVEBACK_S1,F01,GE,25,False,0,0,0,0,0.0,False,0,0.0,0.0,-0.15809500037229918,0.0,-0.19244643871668432,0.0,-1.5107156120411311,-0.8215013040851505,1.0,1.0,0.9999999999999998,1.0364615459961017,0.0,0.0,8419.049996276997,8419.049996276997,0.0,8419.049996276997
HERD_GIVEBACK_S1,F01,GE,50,False,0,0,0,0,0.0,False,0,0.0,0.0,-0.16019320516332114,0.0,-0.19244643871668576,0.0,-1.5345979071844644,-0.8324041028327527,1.0,1.0,1.0,1.0377555054792431,0.0,0.0,8398.067948366797,8398.067948366797,0.0,8398.067948366797
GIVEBACK_BASELINE,F01,GOOGL,10,False,0,0,0,0,0.0,False,0,0.0,0.0,0.1859759752925063,0.0,-0.09873879301022892,0.0,1.6027230512525728,1.8835147728941752,1.0,1.0,1.0000000000000002,0.930211516743842,0.0,0.0,11859.75975292506,11859.75975292506,0.0,11859.75975292506
GIVEBACK_BASELINE,F01,GOOGL,25,False,0,0,0,0,0.0,False,0,0.0,0.0,0.18419989770518885,0.0,-0.0987387930102287,0.0,1.589548457230409,1.8655271356832055,1.0,1.0,1.0,0.9309088267264082,0.0,0.0,11841.998977051893,11841.998977051893,0.0,11841.998977051893
GIVEBACK_BASELINE,F01,GOOGL,50,False,0,0,0,0,0.0,False,0,0.0,0.0,0.18124862184866242,0.0,-0.09873879301022881,0.0,1.5705914342021468,1.835637405754859,1.0,1.0,1.0,0.9320710100306858,0.0,0.0,11812.486218486627,11812.486218486627,0.0,11812.486218486627
HERD_GIVEBACK_S1,F01,GOOGL,10,False,0,0,0,0,0.0,False,0,0.0,0.0,0.1859759752925063,0.0,-0.09873879301022892,0.0,1.6027230512525728,1.8835147728941752,1.0,1.0,1.0000000000000002,0.930211516743842,0.0,0.0,11859.75975292506,11859.75975292506,0.0,11859.75975292506
HERD_GIVEBACK_S1,F01,GOOGL,25,False,0,0,0,0,0.0,False,0,0.0,0.0,0.18419989770518885,0.0,-0.0987387930102287,0.0,1.589548457230409,1.8655271356832055,1.0,1.0,1.0,0.9309088267264082,0.0,0.0,11841.998977051893,11841.998977051893,0.0,11841.998977051893
HERD_GIVEBACK_S1,F01,GOOGL,50,False,0,0,0,0,0.0,False,0,0.0,0.0,0.18124862184866242,0.0,-0.09873879301022881,0.0,1.5705914342021468,1.835637405754859,1.0,1.0,1.0,0.9320710100306858,0.0,0.0,11812.486218486627,11812.486218486627,0.0,11812.486218486627
GIVEBACK_BASELINE,F01,GS,10,True,2,0,0,0,0.0,False,2,1396.7700632182748,0.0,0.4548333916457117,-0.0024036004029139857,-0.159490491484655,0.0023142341128458144,2.767425058345538,2.8517900184003913,0.9804591553430834,0.9753050649617696,0.978282801877617,0.8387488185335007,-24.036004029137985,-7.590461647627038,14548.333916457124,14572.369920486262,-24.036004029137985,14548.333916457124
GIVEBACK_BASELINE,F01,GS,25,True,2,0,0,0,0.0,False,2,1392.5860288187187,0.0,0.45244545439693273,-0.0026092287222478916,-0.15955683576510116,0.002247889832399541,2.754954591110071,2.8356381738669025,0.9804326878836045,0.9754445348785898,0.978312765402922,0.8392519976319706,-26.092287222485538,-7.579094428483813,14524.454543969343,14550.546831191828,-26.092287222485538,14524.454543969343
GIVEBACK_BASELINE,F01,GS,50,True,2,0,0,0,0.0,False,2,1385.6404517648293,0.0,0.44847815814672987,-0.0029502218757055942,-0.1596672988952087,0.002137426702291334,2.7327671006025414,2.808829116856738,0.9803886335443972,0.9756757816269758,0.9783626705650543,0.840090658079603,-29.50221875704301,-7.560205726969414,14484.781581467314,14514.283800224357,-29.50221875704301,14484.781581467314
HERD_GIVEBACK_S1,F01,GS,10,True,1,0,0,0,0.0,False,1,706.8478956947621,0.0,0.45505993201567096,-0.002177060032954703,-0.16002774092370997,0.001776984673790838,2.7403694949917474,2.843631544062174,0.9880920105844386,0.9854244055640823,0.9862329526056035,0.7880756952854552,-21.7706003295516,-3.8925444346805307,14550.59932015671,14572.369920486262,-21.7706003295516,14550.59932015671
HERD_GIVEBACK_S1,F01,GS,25,True,1,0,0,0,0.0,False,1,704.7305279269948,0.0,0.45277500175592156,-0.0022796813632590673,-0.16009327922936445,0.001711446368136249,2.728463922176283,2.8281949369481914,0.9880546619473034,0.9854662769070498,0.9862525832683935,0.7886054476238173,-22.79681363259806,-3.8867150915301636,14527.75001755923,14550.546831191828,-22.79681363259806,14527.75001755923
HERD_GIVEBACK_S1,F01,GS,50,True,1,0,0,0,0.0,False,1,701.2156569727765,0.0,0.44897852671859084,-0.002449853303844618,-0.16020240041261924,0.001602325184880793,2.7072646385367856,2.802570533039432,0.9879924820009957,0.9855356616585256,0.9862852747730734,0.7894883906923951,-24.498533038440655,-3.8770285779330322,14489.785267185916,14514.283800224357,-24.498533038440655,14489.785267185916
GIVEBACK_BASELINE,F01,HD,10,False,0,0,0,0,0.0,False,0,0.0,0.0,0.10191435954273143,0.0,-0.12181305749525606,0.0,0.9943082440537185,0.8366456079365746,1.0,1.0,1.0000000000000002,0.976558435806192,0.0,0.0,11019.143595427304,11019.143595427304,0.0,11019.143595427304
GIVEBACK_BASELINE,F01,HD,25,False,0,0,0,0,0.0,False,0,0.0,0.0,0.10026416979361374,0.0,-0.1218130574952555,0.0,0.9787883835176258,0.8230987043200926,1.0,1.0,1.0,0.9772904886066464,0.0,0.0,11002.641697936138,11002.641697936138,0.0,11002.641697936138
GIVEBACK_BASELINE,F01,HD,50,False,0,0,0,0,0.0,False,0,0.0,0.0,0.09752207947051428,0.0,-0.12181305749525595,0.0,0.9523430308593455,0.8005880607201105,1.0,1.0,1.0,0.9785105766074035,0.0,0.0,10975.22079470514,10975.22079470514,0.0,10975.22079470514
HERD_GIVEBACK_S1,F01,HD,10,False,0,0,0,0,0.0,False,0,0.0,0.0,0.10191435954273143,0.0,-0.12181305749525606,0.0,0.9943082440537185,0.8366456079365746,1.0,1.0,1.0000000000000002,0.976558435806192,0.0,0.0,11019.143595427304,11019.143595427304,0.0,11019.143595427304
HERD_GIVEBACK_S1,F01,HD,25,False,0,0,0,0,0.0,False,0,0.0,0.0,0.10026416979361374,0.0,-0.1218130574952555,0.0,0.9787883835176258,0.8230987043200926,1.0,1.0,1.0,0.9772904886066464,0.0,0.0,11002.641697936138,11002.641697936138,0.0,11002.641697936138
HERD_GIVEBACK_S1,F01,HD,50,False,0,0,0,0,0.0,False,0,0.0,0.0,0.09752207947051428,0.0,-0.12181305749525595,0.0,0.9523430308593455,0.8005880607201105,1.0,1.0,1.0,0.9785105766074035,0.0,0.0,10975.22079470514,10975.22079470514,0.0,10975.22079470514
GIVEBACK_BASELINE,F01,HON,10,False,0,0,0,0,0.0,False,0,0.0,0.0,0.2171634163484708,0.0,-0.09239933031084246,0.0,1.719488215294448,2.3502704577826155,1.0,1.0,1.0000000000000002,0.9314719927596978,0.0,0.0,12171.634163484736,12171.634163484736,0.0,12171.634163484736
GIVEBACK_BASELINE,F01,HON,25,False,0,0,0,0,0.0,False,0,0.0,0.0,0.21534063350218102,0.0,-0.09239933031084246,0.0,1.708098767481146,2.330543227724154,1.0,1.0,1.0,0.9321702476268339,0.0,0.0,12153.40633502181,12153.40633502181,0.0,12153.40633502181
GIVEBACK_BASELINE,F01,HON,50,False,0,0,0,0,0.0,False,0,0.0,0.0,0.21231174836542155,0.0,-0.09239933031084202,0.0,1.687845612534184,2.2977628479684897,1.0,1.0,1.0000000000000002,0.9333340057387277,0.0,0.0,12123.11748365422,12123.11748365422,0.0,12123.11748365422
HERD_GIVEBACK_S1,F01,HON,10,False,0,0,0,0,0.0,False,0,0.0,0.0,0.2171634163484708,0.0,-0.09239933031084246,0.0,1.719488215294448,2.3502704577826155,1.0,1.0,1.0000000000000002,0.9314719927596978,0.0,0.0,12171.634163484736,12171.634163484736,0.0,12171.634163484736
HERD_GIVEBACK_S1,F01,HON,25,False,0,0,0,0,0.0,False,0,0.0,0.0,0.21534063350218102,0.0,-0.09239933031084246,0.0,1.708098767481146,2.330543227724154,1.0,1.0,1.0,0.9321702476268339,0.0,0.0,12153.40633502181,12153.40633502181,0.0,12153.40633502181
HERD_GIVEBACK_S1,F01,HON,50,False,0,0,0,0,0.0,False,0,0.0,0.0,0.21231174836542155,0.0,-0.09239933031084202,0.0,1.687845612534184,2.2977628479684897,1.0,1.0,1.0000000000000002,0.9333340057387277,0.0,0.0,12123.11748365422,12123.11748365422,0.0,12123.11748365422
GIVEBACK_BASELINE,F01,JNJ,10,False,0,0,0,0,0.0,False,0,0.0,0.0,0.08209419527638384,0.0,-0.09889833106335466,0.0,1.0122028139725745,0.8300867607542738,1.0,1.0,1.0000000000000002,1.0168914688368513,0.0,0.0,10820.941952763855,10820.941952763855,0.0,10820.941952763855
GIVEBACK_BASELINE,F01,JNJ,25,False,0,0,0,0,0.0,False,0,0.0,0.0,0.08047368753623596,0.0,-0.09889833106335333,0.0,0.9934598962203341,0.8137011683714388,1.0,1.0,1.0,1.0176537562947499,0.0,0.0,10804.736875362334,10804.736875362334,0.0,10804.736875362334
GIVEBACK_BASELINE,F01,JNJ,50,False,0,0,0,0,0.0,False,0,0.0,0.0,0.07778091926812469,0.0,-0.09889833106335377,0.0,0.9611201771751311,0.7864735272256377,1.0,1.0,1.0,1.0189242353912475,0.0,0.0,10777.809192681247,10777.809192681247,0.0,10777.809192681247
HERD_GIVEBACK_S1,F01,JNJ,10,False,0,0,0,0,0.0,False,0,0.0,0.0,0.08209419527638384,0.0,-0.09889833106335466,0.0,1.0122028139725745,0.8300867607542738,1.0,1.0,1.0000000000000002,1.0168914688368513,0.0,0.0,10820.941952763855,10820.941952763855,0.0,10820.941952763855
HERD_GIVEBACK_S1,F01,JNJ,25,False,0,0,0,0,0.0,False,0,0.0,0.0,0.08047368753623596,0.0,-0.09889833106335333,0.0,0.9934598962203341,0.8137011683714388,1.0,1.0,1.0,1.0176537562947499,0.0,0.0,10804.736875362334,10804.736875362334,0.0,10804.736875362334
HERD_GIVEBACK_S1,F01,JNJ,50,False,0,0,0,0,0.0,False,0,0.0,0.0,0.07778091926812469,0.0,-0.09889833106335377,0.0,0.9611201771751311,0.7864735272256377,1.0,1.0,1.0,1.0189242353912475,0.0,0.0,10777.809192681247,10777.809192681247,0.0,10777.809192681247
GIVEBACK_BASELINE,F01,JPM,10,True,1,0,0,0,0.0,False,1,660.5916179500097,0.0,0.4881785606207303,-0.00878922761687817,-0.11728607172018968,0.0,3.8970071119574414,4.162289293697054,0.9913572212649487,0.9946853550504096,0.992492529684923,0.824450203495895,-87.89227616879543,-10.215648007156176,14881.785606207317,14969.677882376112,-87.89227616879543,14881.785606207317
GIVEBACK_BASELINE,F01,JPM,25,True,1,0,0,0,0.0,False,1,658.6128111826358,0.0,0.4858509619367477,-0.008875017872184365,-0.11728607172018901,0.0,3.888545791995129,4.142443811195664,0.9913043058943781,0.9947037914596318,0.9925032726751343,0.8250018204501838,-88.75017872182798,-10.200349397535575,14858.509619367473,14947.2597980893,-88.75017872182798,14858.509619367473
GIVEBACK_BASELINE,F01,JPM,50,True,1,0,0,0,0.0,False,1,655.3279541367643,0.0,0.4819835625152793,-0.00901724496009293,-0.11728607172018879,0.0,3.8706917515064245,4.109469738786673,0.9912162056798388,0.9947342885338682,0.9925211630426433,0.8259211954377222,-90.17244960092285,-10.174927975896026,14819.8356251528,14910.008074753723,-90.17244960092285,14819.8356251528
HERD_GIVEBACK_S1,F01,JPM,10,True,1,0,0,0,0.0,False,1,660.5916179500097,0.0,0.4881785606207303,-0.00878922761687817,-0.11728607172018968,0.0,3.8970071119574414,4.162289293697054,0.9913572212649487,0.9946853550504096,0.992492529684923,0.824450203495895,-87.89227616879543,-10.215648007156176,14881.785606207317,14969.677882376112,-87.89227616879543,14881.785606207317
HERD_GIVEBACK_S1,F01,JPM,25,True,1,0,0,0,0.0,False,1,658.6128111826358,0.0,0.4858509619367477,-0.008875017872184365,-0.11728607172018901,0.0,3.888545791995129,4.142443811195664,0.9913043058943781,0.9947037914596318,0.9925032726751343,0.8250018204501838,-88.75017872182798,-10.200349397535575,14858.509619367473,14947.2597980893,-88.75017872182798,14858.509619367473
HERD_GIVEBACK_S1,F01,JPM,50,True,1,0,0,0,0.0,False,1,655.3279541367643,0.0,0.4819835625152793,-0.00901724496009293,-0.11728607172018879,0.0,3.8706917515064245,4.109469738786673,0.9912162056798388,0.9947342885338682,0.9925211630426433,0.8259211954377222,-90.17244960092285,-10.174927975896026,14819.8356251528,14910.008074753723,-90.17244960092285,14819.8356251528
GIVEBACK_BASELINE,F01,KO,10,False,0,0,0,0,0.0,False,0,0.0,0.0,0.08907702389540706,0.0,-0.07684083769137784,0.0,1.0878962606895182,1.1592406664432058,1.0,1.0,1.0000000000000002,0.9949241370351276,0.0,0.0,10890.770238954055,10890.770238954055,0.0,10890.770238954055
GIVEBACK_BASELINE,F01,KO,25,False,0,0,0,0,0.0,False,0,0.0,0.0,0.08744605890682489,0.0,-0.07684083769137795,0.0,1.0699857591720887,1.1380154294782878,1.0,1.0,1.0,0.9956699572278073,0.0,0.0,10874.46058906823,10874.46058906823,0.0,10874.46058906823
GIVEBACK_BASELINE,F01,KO,50,False,0,0,0,0,0.0,False,0,0.0,0.0,0.08473591401900027,0.0,-0.07684083769137684,0.0,1.0420590198959843,1.102745838864136,1.0,1.0,1.0000000000000002,0.9969129908822744,0.0,0.0,10847.359140189994,10847.359140189994,0.0,10847.359140189994
HERD_GIVEBACK_S1,F01,KO,10,False,0,0,0,0,0.0,False,0,0.0,0.0,0.08907702389540706,0.0,-0.07684083769137784,0.0,1.0878962606895182,1.1592406664432058,1.0,1.0,1.0000000000000002,0.9949241370351276,0.0,0.0,10890.770238954055,10890.770238954055,0.0,10890.770238954055
HERD_GIVEBACK_S1,F01,KO,25,False,0,0,0,0,0.0,False,0,0.0,0.0,0.08744605890682489,0.0,-0.07684083769137795,0.0,1.0699857591720887,1.1380154294782878,1.0,1.0,1.0,0.9956699572278073,0.0,0.0,10874.46058906823,10874.46058906823,0.0,10874.46058906823
HERD_GIVEBACK_S1,F01,KO,50,False,0,0,0,0,0.0,False,0,0.0,0.0,0.08473591401900027,0.0,-0.07684083769137684,0.0,1.0420590198959843,1.102745838864136,1.0,1.0,1.0000000000000002,0.9969129908822744,0.0,0.0,10847.359140189994,10847.359140189994,0.0,10847.359140189994
GIVEBACK_BASELINE,F01,LIN,10,False,0,0,0,0,0.0,False,0,0.0,0.0,0.15557538707487195,0.0,-0.06675362023193787,0.0,1.6569406710555,2.330591008162848,1.0,1.0,1.0,0.9355656153441712,0.0,0.0,11555.75387074872,11555.75387074872,0.0,11555.75387074872
GIVEBACK_BASELINE,F01,LIN,25,False,0,0,0,0,0.0,False,0,0.0,0.0,0.15384483638228041,0.0,-0.06675362023193754,0.0,1.6418256504247843,2.3046665611204564,1.0,1.0,1.0,0.9362669388939046,0.0,0.0,11538.448363822812,11538.448363822812,0.0,11538.448363822812
GIVEBACK_BASELINE,F01,LIN,50,False,0,0,0,0,0.0,False,0,0.0,0.0,0.1509692117395247,0.0,-0.06675362023193698,0.0,1.6191711045672492,2.2615883785026,1.0,1.0,1.0,0.9374358114767934,0.0,0.0,11509.692117395227,11509.692117395227,0.0,11509.692117395227
HERD_GIVEBACK_S1,F01,LIN,10,False,0,0,0,0,0.0,False,0,0.0,0.0,0.15557538707487195,0.0,-0.06675362023193787,0.0,1.6569406710555,2.330591008162848,1.0,1.0,1.0,0.9355656153441712,0.0,0.0,11555.75387074872,11555.75387074872,0.0,11555.75387074872
HERD_GIVEBACK_S1,F01,LIN,25,False,0,0,0,0,0.0,False,0,0.0,0.0,0.15384483638228041,0.0,-0.06675362023193754,0.0,1.6418256504247843,2.3046665611204564,1.0,1.0,1.0,0.9362669388939046,0.0,0.0,11538.448363822812,11538.448363822812,0.0,11538.448363822812
HERD_GIVEBACK_S1,F01,LIN,50,False,0,0,0,0,0.0,False,0,0.0,0.0,0.1509692117395247,0.0,-0.06675362023193698,0.0,1.6191711045672492,2.2615883785026,1.0,1.0,1.0,0.9374358114767934,0.0,0.0,11509.692117395227,11509.692117395227,0.0,11509.692117395227
GIVEBACK_BASELINE,F01,LLY,10,False,0,0,0,0,0.0,False,0,0.0,0.0,0.015842424612220407,0.0,-0.20055373212237715,0.0,0.21232572938815472,0.07899341709858293,1.0,1.0,1.0000000000000002,1.033277783157206,0.0,0.0,10158.424246122195,10158.424246122195,0.0,10158.424246122195
GIVEBACK_BASELINE,F01,LLY,25,False,0,0,0,0,0.0,False,0,0.0,0.0,0.014321133287449994,0.0,-0.20055373212237704,0.0,0.20420227338476116,0.07140796202541522,1.0,1.0,1.0,1.034052354209048,0.0,0.0,10143.211332874485,10143.211332874485,0.0,10143.211332874485
GIVEBACK_BASELINE,F01,LLY,50,False,0,0,0,0,0.0,False,0,0.0,0.0,0.011793231134072046,0.0,-0.20055373212237715,0.0,0.19020660935014208,0.05880334915371139,1.0,1.0,1.0,1.035343305962118,0.0,0.0,10117.93231134073,10117.93231134073,0.0,10117.93231134073
HERD_GIVEBACK_S1,F01,LLY,10,False,0,0,0,0,0.0,False,0,0.0,0.0,0.015842424612220407,0.0,-0.20055373212237715,0.0,0.21232572938815472,0.07899341709858293,1.0,1.0,1.0000000000000002,1.033277783157206,0.0,0.0,10158.424246122195,10158.424246122195,0.0,10158.424246122195
HERD_GIVEBACK_S1,F01,LLY,25,False,0,0,0,0,0.0,False,0,0.0,0.0,0.014321133287449994,0.0,-0.20055373212237704,0.0,0.20420227338476116,0.07140796202541522,1.0,1.0,1.0,1.034052354209048,0.0,0.0,10143.211332874485,10143.211332874485,0.0,10143.211332874485
HERD_GIVEBACK_S1,F01,LLY,50,False,0,0,0,0,0.0,False,0,0.0,0.0,0.011793231134072046,0.0,-0.20055373212237715,0.0,0.19020660935014208,0.05880334915371139,1.0,1.0,1.0,1.035343305962118,0.0,0.0,10117.93231134073,10117.93231134073,0.0,10117.93231134073
GIVEBACK_BASELINE,F01,MA,10,False,0,0,0,0,0.0,False,0,0.0,0.0,0.37183379896993274,0.0,-0.0639130422237395,0.0,3.209675488096443,5.8178078531805655,1.0,1.0,1.0,0.8629571676055433,0.0,0.0,13718.33798969936,13718.33798969936,0.0,13718.33798969936
GIVEBACK_BASELINE,F01,MA,25,False,0,0,0,0,0.0,False,0,0.0,0.0,0.36977938697961354,0.0,-0.06391304222373972,0.0,3.19575651339806,5.785663991476586,1.0,1.0,1.0,0.8636040620340332,0.0,0.0,13697.793869796142,13697.793869796142,0.0,13697.793869796142
GIVEBACK_BASELINE,F01,MA,50,False,0,0,0,0,0.0,False,0,0.0,0.0,0.3663656079027926,0.0,-0.0639130422237405,0.0,3.1803202142476628,5.732251120518655,1.0,1.0,1.0,0.8646822194148496,0.0,0.0,13663.656079027922,13663.656079027922,0.0,13663.656079027922
HERD_GIVEBACK_S1,F01,MA,10,False,0,0,0,0,0.0,False,0,0.0,0.0,0.37183379896993274,0.0,-0.0639130422237395,0.0,3.209675488096443,5.8178078531805655,1.0,1.0,1.0,0.8629571676055433,0.0,0.0,13718.33798969936,13718.33798969936,0.0,13718.33798969936
HERD_GIVEBACK_S1,F01,MA,25,False,0,0,0,0,0.0,False,0,0.0,0.0,0.36977938697961354,0.0,-0.06391304222373972,0.0,3.19575651339806,5.785663991476586,1.0,1.0,1.0,0.8636040620340332,0.0,0.0,13697.793869796142,13697.793869796142,0.0,13697.793869796142
HERD_GIVEBACK_S1,F01,MA,50,False,0,0,0,0,0.0,False,0,0.0,0.0,0.3663656079027926,0.0,-0.0639130422237405,0.0,3.1803202142476628,5.732251120518655,1.0,1.0,1.0,0.8646822194148496,0.0,0.0,13663.656079027922,13663.656079027922,0.0,13663.656079027922
GIVEBACK_BASELINE,F01,MCD,10,False,0,0,0,0,0.0,False,0,0.0,0.0,0.3405419324841148,0.0,-0.06769345663641535,0.0,4.511031875782864,5.030647708140848,1.0,1.0,1.0000000000000002,0.8999776565367809,0.0,0.0,13405.419324841145,13405.419324841145,0.0,13405.419324841145
GIVEBACK_BASELINE,F01,MCD,25,False,0,0,0,0,0.0,False,0,0.0,0.0,0.3385343821367659,0.0,-0.06769345663641535,0.0,4.486474350397814,5.000991217733931,1.0,1.0,1.0,0.9006523024562233,0.0,0.0,13385.343821367678,13385.343821367678,0.0,13385.343821367678
GIVEBACK_BASELINE,F01,MCD,50,False,0,0,0,0,0.0,False,0,0.0,0.0,0.3351984722006265,0.0,-0.06769345663641535,0.0,4.434305055470601,4.951711566466354,1.0,1.0,1.0,0.9017767123219617,0.0,0.0,13351.984722006273,13351.984722006273,0.0,13351.984722006273
HERD_GIVEBACK_S1,F01,MCD,10,False,0,0,0,0,0.0,False,0,0.0,0.0,0.3405419324841148,0.0,-0.06769345663641535,0.0,4.511031875782864,5.030647708140848,1.0,1.0,1.0000000000000002,0.8999776565367809,0.0,0.0,13405.419324841145,13405.419324841145,0.0,13405.419324841145
HERD_GIVEBACK_S1,F01,MCD,25,False,0,0,0,0,0.0,False,0,0.0,0.0,0.3385343821367659,0.0,-0.06769345663641535,0.0,4.486474350397814,5.000991217733931,1.0,1.0,1.0,0.9006523024562233,0.0,0.0,13385.343821367678,13385.343821367678,0.0,13385.343821367678
HERD_GIVEBACK_S1,F01,MCD,50,False,0,0,0,0,0.0,False,0,0.0,0.0,0.3351984722006265,0.0,-0.06769345663641535,0.0,4.434305055470601,4.951711566466354,1.0,1.0,1.0,0.9017767123219617,0.0,0.0,13351.984722006273,13351.984722006273,0.0,13351.984722006273
GIVEBACK_BASELINE,F01,META,10,False,0,0,0,0,0.0,False,0,0.0,0.0,0.3678081293196229,0.0,-0.13677985992784947,0.0,2.4645860774177657,2.6890518056798673,1.0,1.0,1.0000000000000002,0.9143777213575968,0.0,0.0,13678.081293196206,13678.081293196206,0.0,13678.081293196206
GIVEBACK_BASELINE,F01,META,25,False,0,0,0,0,0.0,False,0,0.0,0.0,0.3657597460362767,0.0,-0.1367798599278499,0.0,2.4524270055079986,2.6740760388935296,1.0,1.0,1.0,0.9150631619283295,0.0,0.0,13657.597460362787,13657.597460362787,0.0,13657.597460362787
GIVEBACK_BASELINE,F01,META,50,False,0,0,0,0,0.0,False,0,0.0,0.0,0.36235598475230324,0.0,-0.1367798599278507,0.0,2.430802966407748,2.6491910793258637,1.0,1.0,1.0,0.9162055628795508,0.0,0.0,13623.559847523067,13623.559847523067,0.0,13623.559847523067
HERD_GIVEBACK_S1,F01,META,10,False,0,0,0,0,0.0,False,0,0.0,0.0,0.3678081293196229,0.0,-0.13677985992784947,0.0,2.4645860774177657,2.6890518056798673,1.0,1.0,1.0000000000000002,0.9143777213575968,0.0,0.0,13678.081293196206,13678.081293196206,0.0,13678.081293196206
HERD_GIVEBACK_S1,F01,META,25,False,0,0,0,0,0.0,False,0,0.0,0.0,0.3657597460362767,0.0,-0.1367798599278499,0.0,2.4524270055079986,2.6740760388935296,1.0,1.0,1.0,0.9150631619283295,0.0,0.0,13657.597460362787,13657.597460362787,0.0,13657.597460362787
HERD_GIVEBACK_S1,F01,META,50,False,0,0,0,0,0.0,False,0,0.0,0.0,0.36235598475230324,0.0,-0.1367798599278507,0.0,2.430802966407748,2.6491910793258637,1.0,1.0,1.0,0.9162055628795508,0.0,0.0,13623.559847523067,13623.559847523067,0.0,13623.559847523067
GIVEBACK_BASELINE,F01,MRK,10,False,0,0,0,0,0.0,False,0,0.0,0.0,0.1207523985585921,0.0,-0.08679581212163068,0.0,1.337989279960971,1.3912237884170795,1.0,1.0,1.0,0.9201569841897512,0.0,0.0,11207.523985585922,11207.523985585922,0.0,11207.523985585922
GIVEBACK_BASELINE,F01,MRK,25,False,0,0,0,0,0.0,False,0,0.0,0.0,0.11907399759813342,0.0,-0.08679581212163034,0.0,1.322910202700539,1.3718864388441967,1.0,1.0,1.0,0.9208467570414678,0.0,0.0,11190.73997598134,11190.73997598134,0.0,11190.73997598134
GIVEBACK_BASELINE,F01,MRK,50,False,0,0,0,0,0.0,False,0,0.0,0.0,0.11628502921772976,0.0,-0.0867958121216309,0.0,1.296536949204372,1.33975391640756,1.0,1.0,1.0,0.9219963784609952,0.0,0.0,11162.85029217729,11162.85029217729,0.0,11162.85029217729
HERD_GIVEBACK_S1,F01,MRK,10,False,0,0,0,0,0.0,False,0,0.0,0.0,0.1207523985585921,0.0,-0.08679581212163068,0.0,1.337989279960971,1.3912237884170795,1.0,1.0,1.0,0.9201569841897512,0.0,0.0,11207.523985585922,11207.523985585922,0.0,11207.523985585922
HERD_GIVEBACK_S1,F01,MRK,25,False,0,0,0,0,0.0,False,0,0.0,0.0,0.11907399759813342,0.0,-0.08679581212163034,0.0,1.322910202700539,1.3718864388441967,1.0,1.0,1.0,0.9208467570414678,0.0,0.0,11190.73997598134,11190.73997598134,0.0,11190.73997598134
HERD_GIVEBACK_S1,F01,MRK,50,False,0,0,0,0,0.0,False,0,0.0,0.0,0.11628502921772976,0.0,-0.0867958121216309,0.0,1.296536949204372,1.33975391640756,1.0,1.0,1.0,0.9219963784609952,0.0,0.0,11162.85029217729,11162.85029217729,0.0,11162.85029217729
GIVEBACK_BASELINE,F01,MSFT,10,False,0,0,0,0,0.0,False,0,0.0,0.0,0.30732044752594323,0.0,-0.059983415739183976,0.0,3.206759342214917,5.123423595318649,1.0,1.0,1.0000000000000002,0.8781512986345154,0.0,0.0,13073.204475259417,13073.204475259417,0.0,13073.204475259417
GIVEBACK_BASELINE,F01,MSFT,25,False,0,0,0,0,0.0,False,0,0.0,0.0,0.30536264855306006,0.0,-0.059983415739183976,0.0,3.188801014574492,5.090784590874555,1.0,1.0,1.0,0.8788095829663249,0.0,0.0,13053.626485530587,13053.626485530587,0.0,13053.626485530587
GIVEBACK_BASELINE,F01,MSFT,50,False,0,0,0,0,0.0,False,0,0.0,0.0,0.3021094095719117,0.0,-0.05998341573918431,0.0,3.1546476287026395,5.036548950221886,1.0,1.0,1.0,0.8799067235193414,0.0,0.0,13021.094095719105,13021.094095719105,0.0,13021.094095719105
HERD_GIVEBACK_S1,F01,MSFT,10,False,0,0,0,0,0.0,False,0,0.0,0.0,0.30732044752594323,0.0,-0.059983415739183976,0.0,3.206759342214917,5.123423595318649,1.0,1.0,1.0000000000000002,0.8781512986345154,0.0,0.0,13073.204475259417,13073.204475259417,0.0,13073.204475259417
HERD_GIVEBACK_S1,F01,MSFT,25,False,0,0,0,0,0.0,False,0,0.0,0.0,0.30536264855306006,0.0,-0.059983415739183976,0.0,3.188801014574492,5.090784590874555,1.0,1.0,1.0,0.8788095829663249,0.0,0.0,13053.626485530587,13053.626485530587,0.0,13053.626485530587
HERD_GIVEBACK_S1,F01,MSFT,50,False,0,0,0,0,0.0,False,0,0.0,0.0,0.3021094095719117,0.0,-0.05998341573918431,0.0,3.1546476287026395,5.036548950221886,1.0,1.0,1.0,0.8799067235193414,0.0,0.0,13021.094095719105,13021.094095719105,0.0,13021.094095719105
GIVEBACK_BASELINE,F01,NEE,10,False,0,0,0,0,0.0,False,0,0.0,0.0,0.18028432329528465,0.0,-0.11317639707395855,0.0,1.3800759145081591,1.592949837212722,1.0,1.0,1.0,0.9806873560293597,0.0,0.0,11802.843232952848,11802.843232952848,0.0,11802.843232952848
GIVEBACK_BASELINE,F01,NEE,25,False,0,0,0,0,0.0,False,0,0.0,0.0,0.17851676933387317,0.0,-0.11317639707395888,0.0,1.369953030396065,1.5773321465359553,1.0,1.0,1.0,0.9814225039724105,0.0,0.0,11785.167693338739,11785.167693338739,0.0,11785.167693338739
GIVEBACK_BASELINE,F01,NEE,50,False,0,0,0,0,0.0,False,0,0.0,0.0,0.1755796570316468,0.0,-0.11317639707395821,0.0,1.3521384375649672,1.551380513702954,1.0,1.0,1.0000000000000002,0.9826477505441615,0.0,0.0,11755.796570316463,11755.796570316463,0.0,11755.796570316463
HERD_GIVEBACK_S1,F01,NEE,10,False,0,0,0,0,0.0,False,0,0.0,0.0,0.18028432329528465,0.0,-0.11317639707395855,0.0,1.3800759145081591,1.592949837212722,1.0,1.0,1.0,0.9806873560293597,0.0,0.0,11802.843232952848,11802.843232952848,0.0,11802.843232952848
HERD_GIVEBACK_S1,F01,NEE,25,False,0,0,0,0,0.0,False,0,0.0,0.0,0.17851676933387317,0.0,-0.11317639707395888,0.0,1.369953030396065,1.5773321465359553,1.0,1.0,1.0,0.9814225039724105,0.0,0.0,11785.167693338739,11785.167693338739,0.0,11785.167693338739
HERD_GIVEBACK_S1,F01,NEE,50,False,0,0,0,0,0.0,False,0,0.0,0.0,0.1755796570316468,0.0,-0.11317639707395821,0.0,1.3521384375649672,1.551380513702954,1.0,1.0,1.0000000000000002,0.9826477505441615,0.0,0.0,11755.796570316463,11755.796570316463,0.0,11755.796570316463
GIVEBACK_BASELINE,F01,NEM,10,False,0,0,0,0,0.0,False,0,0.0,0.0,-0.17263240264426905,0.0,-0.3245656747110879,0.0,-0.42023490283039067,-0.5318874301724535,1.0,1.0,1.0000000000000002,1.2623570711217633,0.0,0.0,8273.675973557314,8273.675973557314,0.0,8273.675973557314
GIVEBACK_BASELINE,F01,NEM,25,False,0,0,0,0,0.0,False,0,0.0,0.0,-0.17387144042981317,0.0,-0.3245656747110882,0.0,-0.42557859180676944,-0.5357049558139031,1.0,1.0,1.0,1.2633033657777766,0.0,0.0,8261.285595701867,8261.285595701867,0.0,8261.285595701867
GIVEBACK_BASELINE,F01,NEM,50,False,0,0,0,0,0.0,False,0,0.0,0.0,-0.1759303270054421,0.0,-0.3245656747110881,0.0,-0.4344581026870393,-0.5420484688100378,1.0,1.0,1.0,1.2648805235377987,0.0,0.0,8240.696729945575,8240.696729945575,0.0,8240.696729945575
HERD_GIVEBACK_S1,F01,NEM,10,False,0,0,0,0,0.0,False,0,0.0,0.0,-0.17263240264426905,0.0,-0.3245656747110879,0.0,-0.42023490283039067,-0.5318874301724535,1.0,1.0,1.0000000000000002,1.2623570711217633,0.0,0.0,8273.675973557314,8273.675973557314,0.0,8273.675973557314
HERD_GIVEBACK_S1,F01,NEM,25,False,0,0,0,0,0.0,False,0,0.0,0.0,-0.17387144042981317,0.0,-0.3245656747110882,0.0,-0.42557859180676944,-0.5357049558139031,1.0,1.0,1.0,1.2633033657777766,0.0,0.0,8261.285595701867,8261.285595701867,0.0,8261.285595701867
HERD_GIVEBACK_S1,F01,NEM,50,False,0,0,0,0,0.0,False,0,0.0,0.0,-0.1759303270054421,0.0,-0.3245656747110881,0.0,-0.4344581026870393,-0.5420484688100378,1.0,1.0,1.0,1.2648805235377987,0.0,0.0,8240.696729945575,8240.696729945575,0.0,8240.696729945575
GIVEBACK_BASELINE,F01,NFLX,10,False,0,0,0,0,0.0,False,0,0.0,0.0,0.9345543075647558,0.0,-0.11882082158317697,0.0,4.300969428908192,7.865240242515483,1.0,1.0,1.0,0.7057797208853472,0.0,0.0,19345.54307564756,19345.54307564756,0.0,19345.54307564756
GIVEBACK_BASELINE,F01,NFLX,25,False,0,0,0,0,0.0,False,0,0.0,0.0,0.9316571843357115,0.0,-0.11882082158317664,0.0,4.293670155096253,7.84085795673055,1.0,1.0,1.0,0.7063087911408833,0.0,0.0,19316.571843357084,19316.571843357084,0.0,19316.571843357084
GIVEBACK_BASELINE,F01,NFLX,50,False,0,0,0,0,0.0,False,0,0.0,0.0,0.9268430873050766,0.0,-0.11882082158317697,0.0,4.27997213163391,7.800342355453819,1.0,1.0,1.0,0.7071905749001104,0.0,0.0,19268.43087305077,19268.43087305077,0.0,19268.43087305077
HERD_GIVEBACK_S1,F01,NFLX,10,False,0,0,0,0,0.0,False,0,0.0,0.0,0.9345543075647558,0.0,-0.11882082158317697,0.0,4.300969428908192,7.865240242515483,1.0,1.0,1.0,0.7057797208853472,0.0,0.0,19345.54307564756,19345.54307564756,0.0,19345.54307564756
HERD_GIVEBACK_S1,F01,NFLX,25,False,0,0,0,0,0.0,False,0,0.0,0.0,0.9316571843357115,0.0,-0.11882082158317664,0.0,4.293670155096253,7.84085795673055,1.0,1.0,1.0,0.7063087911408833,0.0,0.0,19316.571843357084,19316.571843357084,0.0,19316.571843357084
HERD_GIVEBACK_S1,F01,NFLX,50,False,0,0,0,0,0.0,False,0,0.0,0.0,0.9268430873050766,0.0,-0.11882082158317697,0.0,4.27997213163391,7.800342355453819,1.0,1.0,1.0,0.7071905749001104,0.0,0.0,19268.43087305077,19268.43087305077,0.0,19268.43087305077
GIVEBACK_BASELINE,F01,NKE,10,False,0,0,0,0,0.0,False,0,0.0,0.0,0.09643419963384026,0.0,-0.17372732541372915,0.0,0.8253142077974537,0.5550894161536395,1.0,1.0,1.0000000000000002,1.0091339244660464,0.0,0.0,10964.341996338393,10964.341996338393,0.0,10964.341996338393
GIVEBACK_BASELINE,F01,NKE,25,False,0,0,0,0,0.0,False,0,0.0,0.0,0.0947922167872135,0.0,-0.17372732541373004,0.0,0.8148808086576375,0.5456379217343427,1.0,1.0,1.0,1.0098903966732922,0.0,0.0,10947.922167872164,10947.922167872164,0.0,10947.922167872164
GIVEBACK_BASELINE,F01,NKE,50,False,0,0,0,0,0.0,False,0,0.0,0.0,0.09206376372487624,0.0,-0.1737273254137287,0.0,0.7971603332932112,0.5299325451861296,1.0,1.0,1.0000000000000002,1.0111511836853686,0.0,0.0,10920.637637248754,10920.637637248754,0.0,10920.637637248754
HERD_GIVEBACK_S1,F01,NKE,10,False,0,0,0,0,0.0,False,0,0.0,0.0,0.09643419963384026,0.0,-0.17372732541372915,0.0,0.8253142077974537,0.5550894161536395,1.0,1.0,1.0000000000000002,1.0091339244660464,0.0,0.0,10964.341996338393,10964.341996338393,0.0,10964.341996338393
HERD_GIVEBACK_S1,F01,NKE,25,False,0,0,0,0,0.0,False,0,0.0,0.0,0.0947922167872135,0.0,-0.17372732541373004,0.0,0.8148808086576375,0.5456379217343427,1.0,1.0,1.0,1.0098903966732922,0.0,0.0,10947.922167872164,10947.922167872164,0.0,10947.922167872164
HERD_GIVEBACK_S1,F01,NKE,50,False,0,0,0,0,0.0,False,0,0.0,0.0,0.09206376372487624,0.0,-0.1737273254137287,0.0,0.7971603332932112,0.5299325451861296,1.0,1.0,1.0000000000000002,1.0111511836853686,0.0,0.0,10920.637637248754,10920.637637248754,0.0,10920.637637248754
GIVEBACK_BASELINE,F01,NVDA,10,True,1,0,0,0,0.0,False,1,852.7392932210705,0.0,1.839555072568316,-0.05968823611190466,-0.19685002061113954,0.0005770184940514511,4.28211533287268,9.344957480102074,0.9835817462412222,0.9861394627707268,0.983782882027704,0.6040084951238378,-596.8823611190383,-357.45959326924003,28395.55072568312,28992.433086802157,-596.8823611190383,28395.55072568312
GIVEBACK_BASELINE,F01,NVDA,25,True,1,0,0,0,0.0,False,1,850.1849067614485,0.0,1.8351749154545236,-0.05972658431219102,-0.19691108673561886,0.0005159523695721369,4.276004801968087,9.319815079373905,0.9836053726872281,0.9862118533299319,0.9838062222512532,0.6044077876232371,-597.2658431219061,-356.9242738486073,28351.749154545225,28949.01499766713,-597.2658431219061,28351.749154545225
GIVEBACK_BASELINE,F01,NVDA,50,True,1,0,0,0,0.0,False,1,845.9445764279797,0.0,1.8278969126869726,-0.059789882096362934,-0.1970127617437425,0.0004142773614485007,4.265241217082469,9.278063494508777,0.9836447170989384,0.9863320910045376,0.9838450900035114,0.6050732976202363,-597.8988209636882,-356.0347432937924,28278.969126869706,28876.867947833394,-597.8988209636882,28278.969126869706
HERD_GIVEBACK_S1,F01,NVDA,10,False,0,0,0,0,0.0,False,0,0.0,0.0,1.8992433086802207,0.0,-0.197427039105191,0.0,4.3095347405807924,9.619975649172787,1.0,1.0,1.0,0.5528711002407491,0.0,0.0,28992.433086802157,28992.433086802157,0.0,28992.433086802157
HERD_GIVEBACK_S1,F01,NVDA,25,False,0,0,0,0,0.0,False,0,0.0,0.0,1.8949014997667146,0.0,-0.197427039105191,0.0,4.303712171681835,9.597983682250804,1.0,1.0,1.0,0.5532855463428786,0.0,0.0,28949.01499766713,28949.01499766713,0.0,28949.01499766713
HERD_GIVEBACK_S1,F01,NVDA,50,False,0,0,0,0,0.0,False,0,0.0,0.0,1.8876867947833356,0.0,-0.197427039105191,0.0,4.29344080559051,9.561440030398057,1.0,1.0,1.0,0.5539762898464278,0.0,0.0,28876.867947833394,28876.867947833394,0.0,28876.867947833394
GIVEBACK_BASELINE,F01,ORCL,10,False,0,0,0,0,0.0,False,0,0.0,0.0,0.23808132813515837,0.0,-0.08248302094649074,0.0,1.9413827378016686,2.8864283267414397,1.0,1.0,1.0000000000000002,0.960346473976342,0.0,0.0,12380.81328135158,12380.81328135158,0.0,12380.81328135158
GIVEBACK_BASELINE,F01,ORCL,25,False,0,0,0,0,0.0,False,0,0.0,0.0,0.2362272193302699,0.0,-0.08248302094649096,0.0,1.9260279849066755,2.8639496543599816,1.0,1.0,0.9999999999999998,0.9610663738818714,0.0,0.0,12362.272193302693,12362.272193302693,0.0,12362.272193302693
GIVEBACK_BASELINE,F01,ORCL,50,False,0,0,0,0,0.0,False,0,0.0,0.0,0.23314628041728325,0.0,-0.08248302094649129,0.0,1.8991575882218428,2.8265972528883347,1.0,1.0,1.0,0.962266207057754,0.0,0.0,12331.462804172863,12331.462804172863,0.0,12331.462804172863
HERD_GIVEBACK_S1,F01,ORCL,10,False,0,0,0,0,0.0,False,0,0.0,0.0,0.23808132813515837,0.0,-0.08248302094649074,0.0,1.9413827378016686,2.8864283267414397,1.0,1.0,1.0000000000000002,0.960346473976342,0.0,0.0,12380.81328135158,12380.81328135158,0.0,12380.81328135158
HERD_GIVEBACK_S1,F01,ORCL,25,False,0,0,0,0,0.0,False,0,0.0,0.0,0.2362272193302699,0.0,-0.08248302094649096,0.0,1.9260279849066755,2.8639496543599816,1.0,1.0,0.9999999999999998,0.9610663738818714,0.0,0.0,12362.272193302693,12362.272193302693,0.0,12362.272193302693
HERD_GIVEBACK_S1,F01,ORCL,50,False,0,0,0,0,0.0,False,0,0.0,0.0,0.23314628041728325,0.0,-0.08248302094649129,0.0,1.8991575882218428,2.8265972528883347,1.0,1.0,1.0,0.962266207057754,0.0,0.0,12331.462804172863,12331.462804172863,0.0,12331.462804172863
GIVEBACK_BASELINE,F01,PEP,10,False,0,0,0,0,0.0,False,0,0.0,0.0,0.09021047743270572,0.0,-0.08281112514641631,0.0,1.1203649764708445,1.0893521525423884,1.0,1.0,1.0,0.9851498503298759,0.0,0.0,10902.104774327054,10902.104774327054,0.0,10902.104774327054
GIVEBACK_BASELINE,F01,PEP,25,False,0,0,0,0,0.0,False,0,0.0,0.0,0.08857781502236528,0.0,-0.08281112514641575,0.0,1.101511944050069,1.069636656496982,1.0,1.0,1.0,0.9858883434710533,0.0,0.0,10885.778150223654,10885.778150223654,0.0,10885.778150223654
GIVEBACK_BASELINE,F01,PEP,50,False,0,0,0,0,0.0,False,0,0.0,0.0,0.08586484955964946,0.0,-0.08281112514641531,0.0,1.0685928416100707,1.0368757749376665,1.0,1.0,1.0000000000000002,0.9871191653730146,0.0,0.0,10858.648495596493,10858.648495596493,0.0,10858.648495596493
HERD_GIVEBACK_S1,F01,PEP,10,False,0,0,0,0,0.0,False,0,0.0,0.0,0.09021047743270572,0.0,-0.08281112514641631,0.0,1.1203649764708445,1.0893521525423884,1.0,1.0,1.0,0.9851498503298759,0.0,0.0,10902.104774327054,10902.104774327054,0.0,10902.104774327054
HERD_GIVEBACK_S1,F01,PEP,25,False,0,0,0,0,0.0,False,0,0.0,0.0,0.08857781502236528,0.0,-0.08281112514641575,0.0,1.101511944050069,1.069636656496982,1.0,1.0,1.0,0.9858883434710533,0.0,0.0,10885.778150223654,10885.778150223654,0.0,10885.778150223654
HERD_GIVEBACK_S1,F01,PEP,50,False,0,0,0,0,0.0,False,0,0.0,0.0,0.08586484955964946,0.0,-0.08281112514641531,0.0,1.0685928416100707,1.0368757749376665,1.0,1.0,1.0000000000000002,0.9871191653730146,0.0,0.0,10858.648495596493,10858.648495596493,0.0,10858.648495596493
GIVEBACK_BASELINE,F01,PG,10,False,0,0,0,0,0.0,False,0,0.0,0.0,0.07879844467805563,0.0,-0.0834223948364885,0.0,1.0237473663189725,0.9445718362857359,1.0,1.0,1.0000000000000002,0.9827228848799968,0.0,0.0,10787.98444678053,10787.98444678053,0.0,10787.98444678053
GIVEBACK_BASELINE,F01,PG,25,False,0,0,0,0,0.0,False,0,0.0,0.0,0.0771828725427477,0.0,-0.08342239483648983,0.0,1.0057098858494884,0.9252056680226961,1.0,1.0,0.9999999999999998,0.9834595587067431,0.0,0.0,10771.828725427473,10771.828725427473,0.0,10771.828725427473
GIVEBACK_BASELINE,F01,PG,50,False,0,0,0,0,0.0,False,0,0.0,0.0,0.0744983056795343,0.0,-0.08342239483648939,0.0,0.9742708742109247,0.8930252580923074,1.0,1.0,1.0,0.9846873484179878,0.0,0.0,10744.983056795343,10744.983056795343,0.0,10744.983056795343
HERD_GIVEBACK_S1,F01,PG,10,False,0,0,0,0,0.0,False,0,0.0,0.0,0.07879844467805563,0.0,-0.0834223948364885,0.0,1.0237473663189725,0.9445718362857359,1.0,1.0,1.0000000000000002,0.9827228848799968,0.0,0.0,10787.98444678053,10787.98444678053,0.0,10787.98444678053
HERD_GIVEBACK_S1,F01,PG,25,False,0,0,0,0,0.0,False,0,0.0,0.0,0.0771828725427477,0.0,-0.08342239483648983,0.0,1.0057098858494884,0.9252056680226961,1.0,1.0,0.9999999999999998,0.9834595587067431,0.0,0.0,10771.828725427473,10771.828725427473,0.0,10771.828725427473
HERD_GIVEBACK_S1,F01,PG,50,False,0,0,0,0,0.0,False,0,0.0,0.0,0.0744983056795343,0.0,-0.08342239483648939,0.0,0.9742708742109247,0.8930252580923074,1.0,1.0,1.0,0.9846873484179878,0.0,0.0,10744.983056795343,10744.983056795343,0.0,10744.983056795343
GIVEBACK_BASELINE,F01,PLD,10,False,0,0,0,0,0.0,False,0,0.0,0.0,0.1674755308483198,0.0,-0.1491468088256972,0.0,1.2163714607843223,1.1228904739359375,1.0,1.0,1.0000000000000002,1.0027218998182685,0.0,0.0,11674.75530848318,11674.75530848318,0.0,11674.75530848318
GIVEBACK_BASELINE,F01,PLD,25,False,0,0,0,0,0.0,False,0,0.0,0.0,0.1657271589021092,0.0,-0.14914680882569642,0.0,1.2071788669435113,1.1111679841289113,1.0,1.0,1.0,1.0034735654103357,0.0,0.0,11657.271589021082,11657.271589021082,0.0,11657.271589021082
GIVEBACK_BASELINE,F01,PLD,50,False,0,0,0,0,0.0,False,0,0.0,0.0,0.1628219210060109,0.0,-0.14914680882569686,0.0,1.1912316366272815,1.0916889358075084,1.0,1.0,1.0,1.0047263413971155,0.0,0.0,11628.219210060126,11628.219210060126,0.0,11628.219210060126
HERD_GIVEBACK_S1,F01,PLD,10,False,0,0,0,0,0.0,False,0,0.0,0.0,0.1674755308483198,0.0,-0.1491468088256972,0.0,1.2163714607843223,1.1228904739359375,1.0,1.0,1.0000000000000002,1.0027218998182685,0.0,0.0,11674.75530848318,11674.75530848318,0.0,11674.75530848318
HERD_GIVEBACK_S1,F01,PLD,25,False,0,0,0,0,0.0,False,0,0.0,0.0,0.1657271589021092,0.0,-0.14914680882569642,0.0,1.2071788669435113,1.1111679841289113,1.0,1.0,1.0,1.0034735654103357,0.0,0.0,11657.271589021082,11657.271589021082,0.0,11657.271589021082
HERD_GIVEBACK_S1,F01,PLD,50,False,0,0,0,0,0.0,False,0,0.0,0.0,0.1628219210060109,0.0,-0.14914680882569686,0.0,1.1912316366272815,1.0916889358075084,1.0,1.0,1.0,1.0047263413971155,0.0,0.0,11628.219210060126,11628.219210060126,0.0,11628.219210060126
GIVEBACK_BASELINE,F01,SHW,10,False,0,0,0,0,0.0,False,0,0.0,0.0,0.1427349504002713,0.0,-0.20019424597680324,0.0,0.8590192134691125,0.7129822823020107,1.0,1.0,1.0000000000000002,0.9788064763250048,0.0,0.0,11427.349504002705,11427.349504002705,0.0,11427.349504002705
GIVEBACK_BASELINE,F01,SHW,25,False,0,0,0,0,0.0,False,0,0.0,0.0,0.1410236291122069,0.0,-0.2001942459768037,0.0,0.8505837404467895,0.7044339782300595,1.0,1.0,1.0,0.9795402143132542,0.0,0.0,11410.236291122075,11410.236291122075,0.0,11410.236291122075
GIVEBACK_BASELINE,F01,SHW,50,False,0,0,0,0,0.0,False,0,0.0,0.0,0.13817995762156454,0.0,-0.2001942459768038,0.0,0.8365666681933271,0.6902294166715224,1.0,1.0,1.0000000000000002,0.9807631109603373,0.0,0.0,11381.799576215653,11381.799576215653,0.0,11381.799576215653
HERD_GIVEBACK_S1,F01,SHW,10,False,0,0,0,0,0.0,False,0,0.0,0.0,0.1427349504002713,0.0,-0.20019424597680324,0.0,0.8590192134691125,0.7129822823020107,1.0,1.0,1.0000000000000002,0.9788064763250048,0.0,0.0,11427.349504002705,11427.349504002705,0.0,11427.349504002705
HERD_GIVEBACK_S1,F01,SHW,25,False,0,0,0,0,0.0,False,0,0.0,0.0,0.1410236291122069,0.0,-0.2001942459768037,0.0,0.8505837404467895,0.7044339782300595,1.0,1.0,1.0,0.9795402143132542,0.0,0.0,11410.236291122075,11410.236291122075,0.0,11410.236291122075
HERD_GIVEBACK_S1,F01,SHW,50,False,0,0,0,0,0.0,False,0,0.0,0.0,0.13817995762156454,0.0,-0.2001942459768038,0.0,0.8365666681933271,0.6902294166715224,1.0,1.0,1.0000000000000002,0.9807631109603373,0.0,0.0,11381.799576215653,11381.799576215653,0.0,11381.799576215653
GIVEBACK_BASELINE,F01,SLB,10,False,0,0,0,0,0.0,False,0,0.0,0.0,-0.10261746776601732,0.0,-0.2461257194389932,0.0,-0.9348763263252818,-0.41693110333986433,1.0,1.0,1.0000000000000002,1.0022862380629436,0.0,0.0,8973.825322339842,8973.825322339842,0.0,8973.825322339842
GIVEBACK_BASELINE,F01,SLB,25,False,0,0,0,0,0.0,False,0,0.0,0.0,-0.10396135755464142,0.0,-0.24612571943899442,0.0,-0.9498414960663257,-0.4223912795119717,1.0,1.0,1.0,1.003037577071986,0.0,0.0,8960.386424453593,8960.386424453593,0.0,8960.386424453593
GIVEBACK_BASELINE,F01,SLB,50,False,0,0,0,0,0.0,False,0,0.0,0.0,-0.10619447479868849,0.0,-0.24612571943899397,0.0,-0.9770779049223792,-0.43146435504888553,1.0,1.0,1.0,1.0042898087537235,0.0,0.0,8938.055252013124,8938.055252013124,0.0,8938.055252013124
HERD_GIVEBACK_S1,F01,SLB,10,False,0,0,0,0,0.0,False,0,0.0,0.0,-0.10261746776601732,0.0,-0.2461257194389932,0.0,-0.9348763263252818,-0.41693110333986433,1.0,1.0,1.0000000000000002,1.0022862380629436,0.0,0.0,8973.825322339842,8973.825322339842,0.0,8973.825322339842
HERD_GIVEBACK_S1,F01,SLB,25,False,0,0,0,0,0.0,False,0,0.0,0.0,-0.10396135755464142,0.0,-0.24612571943899442,0.0,-0.9498414960663257,-0.4223912795119717,1.0,1.0,1.0,1.003037577071986,0.0,0.0,8960.386424453593,8960.386424453593,0.0,8960.386424453593
HERD_GIVEBACK_S1,F01,SLB,50,False,0,0,0,0,0.0,False,0,0.0,0.0,-0.10619447479868849,0.0,-0.24612571943899397,0.0,-0.9770779049223792,-0.43146435504888553,1.0,1.0,1.0,1.0042898087537235,0.0,0.0,8938.055252013124,8938.055252013124,0.0,8938.055252013124
GIVEBACK_BASELINE,F01,SO,10,False,0,0,0,0,0.0,False,0,0.0,0.0,-0.05132319458638124,0.0,-0.11946515681622238,0.0,-0.4403995335915405,-0.4296080627536746,1.0,1.0,1.0000000000000002,1.0462242806765853,0.0,0.0,9486.768054136195,9486.768054136195,0.0,9486.768054136195
GIVEBACK_BASELINE,F01,SO,25,False,0,0,0,0,0.0,False,0,0.0,0.0,-0.05274390094705439,0.0,-0.11946515681622294,0.0,-0.4559581812759473,-0.4415002863821793,1.0,1.0,1.0,1.0470085567490564,0.0,0.0,9472.560990529475,9472.560990529475,0.0,9472.560990529475
GIVEBACK_BASELINE,F01,SO,50,False,0,0,0,0,0.0,False,0,0.0,0.0,-0.05510466289315685,0.0,-0.11946515681622294,0.0,-0.481362376022027,-0.4612613783107163,1.0,1.0,1.0,1.0483156835365084,0.0,0.0,9448.953371068435,9448.953371068435,0.0,9448.953371068435
HERD_GIVEBACK_S1,F01,SO,10,False,0,0,0,0,0.0,False,0,0.0,0.0,-0.05132319458638124,0.0,-0.11946515681622238,0.0,-0.4403995335915405,-0.4296080627536746,1.0,1.0,1.0000000000000002,1.0462242806765853,0.0,0.0,9486.768054136195,9486.768054136195,0.0,9486.768054136195
HERD_GIVEBACK_S1,F01,SO,25,False,0,0,0,0,0.0,False,0,0.0,0.0,-0.05274390094705439,0.0,-0.11946515681622294,0.0,-0.4559581812759473,-0.4415002863821793,1.0,1.0,1.0,1.0470085567490564,0.0,0.0,9472.560990529475,9472.560990529475,0.0,9472.560990529475
HERD_GIVEBACK_S1,F01,SO,50,False,0,0,0,0,0.0,False,0,0.0,0.0,-0.05510466289315685,0.0,-0.11946515681622294,0.0,-0.481362376022027,-0.4612613783107163,1.0,1.0,1.0,1.0483156835365084,0.0,0.0,9448.953371068435,9448.953371068435,0.0,9448.953371068435
GIVEBACK_BASELINE,F01,TMUS,10,False,0,0,0,0,0.0,False,0,0.0,0.0,0.34314598512713257,0.0,-0.12983045054976416,0.0,2.3510790111582427,2.6430316129543456,1.0,1.0,1.0,0.8154230467943205,0.0,0.0,13431.459851271335,13431.459851271335,0.0,13431.459851271335
GIVEBACK_BASELINE,F01,TMUS,25,False,0,0,0,0,0.0,False,0,0.0,0.0,0.3411345350384518,0.0,-0.1298304505497635,0.0,2.3423631351706766,2.627538713714132,1.0,1.0,1.0,0.8160343084485892,0.0,0.0,13411.345350384498,13411.345350384498,0.0,13411.345350384498
GIVEBACK_BASELINE,F01,TMUS,50,False,0,0,0,0,0.0,False,0,0.0,0.0,0.3377921449729835,0.0,-0.12983045054976383,0.0,2.32658889668776,2.601794444543718,1.0,1.0,1.0,0.8170530778723702,0.0,0.0,13377.921449729858,13377.921449729858,0.0,13377.921449729858
HERD_GIVEBACK_S1,F01,TMUS,10,False,0,0,0,0,0.0,False,0,0.0,0.0,0.34314598512713257,0.0,-0.12983045054976416,0.0,2.3510790111582427,2.6430316129543456,1.0,1.0,1.0,0.8154230467943205,0.0,0.0,13431.459851271335,13431.459851271335,0.0,13431.459851271335
HERD_GIVEBACK_S1,F01,TMUS,25,False,0,0,0,0,0.0,False,0,0.0,0.0,0.3411345350384518,0.0,-0.1298304505497635,0.0,2.3423631351706766,2.627538713714132,1.0,1.0,1.0,0.8160343084485892,0.0,0.0,13411.345350384498,13411.345350384498,0.0,13411.345350384498
HERD_GIVEBACK_S1,F01,TMUS,50,False,0,0,0,0,0.0,False,0,0.0,0.0,0.3377921449729835,0.0,-0.12983045054976383,0.0,2.32658889668776,2.601794444543718,1.0,1.0,1.0,0.8170530778723702,0.0,0.0,13377.921449729858,13377.921449729858,0.0,13377.921449729858
GIVEBACK_BASELINE,F01,TSLA,10,True,1,0,0,0,0.0,False,1,680.7229306046405,0.0,0.3903382240825881,-0.001520650677542923,-0.21317369554243948,0.0,1.6693799176965867,1.8310806269476059,0.99636940216286,0.9963951422896675,0.9967861498364452,0.9503135738663525,-15.206506775424714,-32.665586984276615,13903.382240825873,13918.588747601298,-15.206506775424714,13903.382240825873
GIVEBACK_BASELINE,F01,TSLA,25,True,1,0,0,0,0.0,False,1,678.6838203507637,0.0,0.3881541322327262,-0.0016203416595375053,-0.21317369554244026,0.0,1.6630122632592081,1.8208350295989004,0.9963403631567285,0.9964032197217813,0.9967907417360214,0.950940848519408,-16.203416595368253,-32.61666810385407,13881.541322327255,13897.744738922624,-16.203416595368253,13881.541322327255
GIVEBACK_BASELINE,F01,TSLA,50,True,1,0,0,0,0.0,False,1,675.2988583649877,0.0,0.38452520553687886,-0.0017856573056267422,-0.21317369554244048,0.0,1.6521135442960164,1.8038116971159053,0.9962920148069455,0.9964166315367127,0.9967983886992868,0.951986313632426,-17.856573056264097,-32.535380489084105,13845.252055368768,13863.108628425032,-17.856573056264097,13845.252055368768
HERD_GIVEBACK_S1,F01,TSLA,10,True,1,0,0,0,0.0,False,1,708.2216113871017,0.0,0.3930880921608344,0.001229217400703364,-0.21317369554243948,0.0,1.6780246450773346,1.8439802864072263,0.9977765431916679,0.996968346740924,0.9976562248271468,0.9526067842773479,12.29217400703601,-32.665586984276615,13930.880921608334,13918.588747601298,12.29217400703601,13930.880921608334
HERD_GIVEBACK_S1,F01,TSLA,25,True,1,0,0,0,0.0,False,1,706.1001286444624,0.0,0.3908957630620964,0.0011212891698326732,-0.21317369554244026,0.0,1.6716151613469883,1.8336960480392566,0.9977797130358637,0.9970152454673744,0.9976595680252739,0.9532305807522878,11.212891698331077,-32.61666810385407,13908.957630620955,13897.744738922624,11.212891698331077,13908.957630620955
HERD_GIVEBACK_S1,F01,TSLA,50,True,1,0,0,0,0.0,False,1,702.578426753326,0.0,0.38725316237571206,0.0009422995332064588,-0.21317369554244048,0.0,1.6606454429294493,1.8166085707259052,0.997784991872072,0.9970931563583841,0.9976651355413875,0.9542702468598263,9.422995332073697,-32.535380489084105,13872.531623757106,13863.108628425032,9.422995332073697,13872.531623757106
GIVEBACK_BASELINE,F01,UNH,10,False,0,0,0,0,0.0,False,0,0.0,0.0,0.35747005313760405,0.0,-0.06239399322484329,0.0,3.687677599654358,5.729238259353321,1.0,1.0,1.0000000000000002,0.8856302868630459,0.0,0.0,13574.700531376033,13574.700531376033,0.0,13574.700531376033
GIVEBACK_BASELINE,F01,UNH,25,False,0,0,0,0,0.0,False,0,0.0,0.0,0.3554371518081818,0.0,-0.06239399322484407,0.0,3.6699754850823694,5.6966565760156165,1.0,1.0,1.0,0.8862941776328082,0.0,0.0,13554.371518081842,13554.371518081842,0.0,13554.371518081842
GIVEBACK_BASELINE,F01,UNH,50,False,0,0,0,0,0.0,False,0,0.0,0.0,0.35205911660574785,0.0,-0.062393993224843625,0.0,3.635638398948242,5.642516184804266,1.0,1.0,1.0,0.8874006622490789,0.0,0.0,13520.591166057467,13520.591166057467,0.0,13520.591166057467
HERD_GIVEBACK_S1,F01,UNH,10,False,0,0,0,0,0.0,False,0,0.0,0.0,0.35747005313760405,0.0,-0.06239399322484329,0.0,3.687677599654358,5.729238259353321,1.0,1.0,1.0000000000000002,0.8856302868630459,0.0,0.0,13574.700531376033,13574.700531376033,0.0,13574.700531376033
HERD_GIVEBACK_S1,F01,UNH,25,False,0,0,0,0,0.0,False,0,0.0,0.0,0.3554371518081818,0.0,-0.06239399322484407,0.0,3.6699754850823694,5.6966565760156165,1.0,1.0,1.0,0.8862941776328082,0.0,0.0,13554.371518081842,13554.371518081842,0.0,13554.371518081842
HERD_GIVEBACK_S1,F01,UNH,50,False,0,0,0,0,0.0,False,0,0.0,0.0,0.35205911660574785,0.0,-0.062393993224843625,0.0,3.635638398948242,5.642516184804266,1.0,1.0,1.0,0.8874006622490789,0.0,0.0,13520.591166057467,13520.591166057467,0.0,13520.591166057467
GIVEBACK_BASELINE,F01,UNP,10,False,0,0,0,0,0.0,False,0,0.0,0.0,0.12830501153119367,0.0,-0.1080775451061251,0.0,0.9888428699599834,1.1871569751626623,1.0,1.0,1.0000000000000002,0.8850911731924387,0.0,0.0,11283.050115311922,11283.050115311922,0.0,11283.050115311922
GIVEBACK_BASELINE,F01,UNP,25,False,0,0,0,0,0.0,False,0,0.0,0.0,0.12661530003248722,0.0,-0.108077545106126,0.0,0.9773292687054134,1.1715227238753267,1.0,1.0,1.0,0.8857546598290147,0.0,0.0,11266.153000324888,11266.153000324888,0.0,11266.153000324888
GIVEBACK_BASELINE,F01,UNP,50,False,0,0,0,0,0.0,False,0,0.0,0.0,0.1238075371361873,0.0,-0.1080775451061251,0.0,0.9577687026007898,1.1455435725766752,1.0,1.0,1.0000000000000002,0.8868604708899749,0.0,0.0,11238.075371361883,11238.075371361883,0.0,11238.075371361883
HERD_GIVEBACK_S1,F01,UNP,10,False,0,0,0,0,0.0,False,0,0.0,0.0,0.12830501153119367,0.0,-0.1080775451061251,0.0,0.9888428699599834,1.1871569751626623,1.0,1.0,1.0000000000000002,0.8850911731924387,0.0,0.0,11283.050115311922,11283.050115311922,0.0,11283.050115311922
HERD_GIVEBACK_S1,F01,UNP,25,False,0,0,0,0,0.0,False,0,0.0,0.0,0.12661530003248722,0.0,-0.108077545106126,0.0,0.9773292687054134,1.1715227238753267,1.0,1.0,1.0,0.8857546598290147,0.0,0.0,11266.153000324888,11266.153000324888,0.0,11266.153000324888
HERD_GIVEBACK_S1,F01,UNP,50,False,0,0,0,0,0.0,False,0,0.0,0.0,0.1238075371361873,0.0,-0.1080775451061251,0.0,0.9577687026007898,1.1455435725766752,1.0,1.0,1.0000000000000002,0.8868604708899749,0.0,0.0,11238.075371361883,11238.075371361883,0.0,11238.075371361883
GIVEBACK_BASELINE,F01,V,10,False,0,0,0,0,0.0,False,0,0.0,0.0,0.3004856534156395,0.0,-0.09322541847048504,0.0,2.6738527748925964,3.223215924858225,1.0,1.0,1.0000000000000002,0.8994393513925472,0.0,0.0,13004.856534156404,13004.856534156404,0.0,13004.856534156404
GIVEBACK_BASELINE,F01,V,25,False,0,0,0,0,0.0,False,0,0.0,0.0,0.2985380899997059,0.0,-0.09322541847048571,0.0,2.6591535160864326,3.2023250192673602,1.0,1.0,0.9999999999999998,0.9001135937848949,0.0,0.0,12985.380899997046,12985.380899997046,0.0,12985.380899997046
GIVEBACK_BASELINE,F01,V,50,False,0,0,0,0,0.0,False,0,0.0,0.0,0.29530185925756003,0.0,-0.09322541847048627,0.0,2.6424070145243412,3.167610981022821,1.0,1.0,1.0000000000000002,0.9012373311054759,0.0,0.0,12953.018592575614,12953.018592575614,0.0,12953.018592575614
HERD_GIVEBACK_S1,F01,V,10,False,0,0,0,0,0.0,False,0,0.0,0.0,0.3004856534156395,0.0,-0.09322541847048504,0.0,2.6738527748925964,3.223215924858225,1.0,1.0,1.0000000000000002,0.8994393513925472,0.0,0.0,13004.856534156404,13004.856534156404,0.0,13004.856534156404
HERD_GIVEBACK_S1,F01,V,25,False,0,0,0,0,0.0,False,0,0.0,0.0,0.2985380899997059,0.0,-0.09322541847048571,0.0,2.6591535160864326,3.2023250192673602,1.0,1.0,0.9999999999999998,0.9001135937848949,0.0,0.0,12985.380899997046,12985.380899997046,0.0,12985.380899997046
HERD_GIVEBACK_S1,F01,V,50,False,0,0,0,0,0.0,False,0,0.0,0.0,0.29530185925756003,0.0,-0.09322541847048627,0.0,2.6424070145243412,3.167610981022821,1.0,1.0,1.0000000000000002,0.9012373311054759,0.0,0.0,12953.018592575614,12953.018592575614,0.0,12953.018592575614
GIVEBACK_BASELINE,F01,WMT,10,False,0,0,0,0,0.0,False,0,0.0,0.0,0.12210235760431298,0.0,-0.10996024023706985,0.0,1.1213787443324803,1.11042279774094,1.0,1.0,1.0000000000000002,1.004037793443895,0.0,0.0,11221.02357604312,11221.02357604312,0.0,11221.02357604312
GIVEBACK_BASELINE,F01,WMT,25,False,0,0,0,0,0.0,False,0,0.0,0.0,0.12042193499075649,0.0,-0.10996024023706885,0.0,1.1076640768690242,1.09514070477777,1.0,1.0,0.9999999999999998,1.0047904454629681,0.0,0.0,11204.219349907555,11204.219349907555,0.0,11204.219349907555
GIVEBACK_BASELINE,F01,WMT,50,False,0,0,0,0,0.0,False,0,0.0,0.0,0.11762960726612959,0.0,-0.1099602402370693,0.0,1.084012230297784,1.0697467285677575,1.0,1.0,1.0,1.0060448654947571,0.0,0.0,11176.296072661296,11176.296072661296,0.0,11176.296072661296
HERD_GIVEBACK_S1,F01,WMT,10,False,0,0,0,0,0.0,False,0,0.0,0.0,0.12210235760431298,0.0,-0.10996024023706985,0.0,1.1213787443324803,1.11042279774094,1.0,1.0,1.0000000000000002,1.004037793443895,0.0,0.0,11221.02357604312,11221.02357604312,0.0,11221.02357604312
HERD_GIVEBACK_S1,F01,WMT,25,False,0,0,0,0,0.0,False,0,0.0,0.0,0.12042193499075649,0.0,-0.10996024023706885,0.0,1.1076640768690242,1.09514070477777,1.0,1.0,0.9999999999999998,1.0047904454629681,0.0,0.0,11204.219349907555,11204.219349907555,0.0,11204.219349907555
HERD_GIVEBACK_S1,F01,WMT,50,False,0,0,0,0,0.0,False,0,0.0,0.0,0.11762960726612959,0.0,-0.1099602402370693,0.0,1.084012230297784,1.0697467285677575,1.0,1.0,1.0,1.0060448654947571,0.0,0.0,11176.296072661296,11176.296072661296,0.0,11176.296072661296
GIVEBACK_BASELINE,F01,XOM,10,False,0,0,0,0,0.0,False,0,0.0,0.0,-0.039794229784737234,0.0,-0.12524760414138292,0.0,-0.3358991561118005,-0.31772447910314056,1.0,1.0,1.0,1.0040596867634344,0.0,0.0,9602.05770215263,9602.05770215263,0.0,9602.05770215263
GIVEBACK_BASELINE,F01,XOM,25,False,0,0,0,0,0.0,False,0,0.0,0.0,-0.041232201533931145,0.0,-0.12524760414138358,0.0,-0.35244941108982136,-0.3292055110881553,1.0,1.0,1.0,1.0048123551942916,0.0,0.0,9587.677984660706,9587.677984660706,0.0,9587.677984660706
GIVEBACK_BASELINE,F01,XOM,50,False,0,0,0,0,0.0,False,0,0.0,0.0,-0.04362165306243371,0.0,-0.12524760414138236,0.0,-0.3799506690780612,-0.3482833333338064,1.0,1.0,1.0,1.0060668025790533,0.0,0.0,9563.783469375649,9563.783469375649,0.0,9563.783469375649
HERD_GIVEBACK_S1,F01,XOM,10,False,0,0,0,0,0.0,False,0,0.0,0.0,-0.039794229784737234,0.0,-0.12524760414138292,0.0,-0.3358991561118005,-0.31772447910314056,1.0,1.0,1.0,1.0040596867634344,0.0,0.0,9602.05770215263,9602.05770215263,0.0,9602.05770215263
HERD_GIVEBACK_S1,F01,XOM,25,False,0,0,0,0,0.0,False,0,0.0,0.0,-0.041232201533931145,0.0,-0.12524760414138358,0.0,-0.35244941108982136,-0.3292055110881553,1.0,1.0,1.0,1.0048123551942916,0.0,0.0,9587.677984660706,9587.677984660706,0.0,9587.677984660706
HERD_GIVEBACK_S1,F01,XOM,50,False,0,0,0,0,0.0,False,0,0.0,0.0,-0.04362165306243371,0.0,-0.12524760414138236,0.0,-0.3799506690780612,-0.3482833333338064,1.0,1.0,1.0,1.0060668025790533,0.0,0.0,9563.783469375649,9563.783469375649,0.0,9563.783469375649
GIVEBACK_BASELINE,F02,AAPL,10,False,0,0,0,0,0.0,False,0,0.0,0.0,0.2834488953205052,0.0,-0.1344973202262667,0.0,2.0014424143405596,2.1074687201473994,1.0,1.0,1.0,0.9144545087187202,0.0,0.0,12834.488953205038,12834.488953205038,0.0,12834.488953205038
GIVEBACK_BASELINE,F02,AAPL,25,False,0,0,0,0,0.0,False,0,0.0,0.0,0.28152684557840635,0.0,-0.13449732022626637,0.0,1.9886429109841397,2.093178102766587,1.0,1.0,1.0,0.915140006851193,0.0,0.0,12815.26845578406,12815.26845578406,0.0,12815.26845578406
GIVEBACK_BASELINE,F02,AAPL,50,False,0,0,0,0,0.0,False,0,0.0,0.0,0.2783330104445121,0.0,-0.13449732022626681,0.0,1.9664070484385554,2.0694316435172713,1.0,1.0,1.0000000000000002,0.916282503738648,0.0,0.0,12783.330104445104,12783.330104445104,0.0,12783.330104445104
HERD_GIVEBACK_S1,F02,AAPL,10,False,0,0,0,0,0.0,False,0,0.0,0.0,0.2834488953205052,0.0,-0.1344973202262667,0.0,2.0014424143405596,2.1074687201473994,1.0,1.0,1.0,0.9144545087187202,0.0,0.0,12834.488953205038,12834.488953205038,0.0,12834.488953205038
HERD_GIVEBACK_S1,F02,AAPL,25,False,0,0,0,0,0.0,False,0,0.0,0.0,0.28152684557840635,0.0,-0.13449732022626637,0.0,1.9886429109841397,2.093178102766587,1.0,1.0,1.0,0.915140006851193,0.0,0.0,12815.26845578406,12815.26845578406,0.0,12815.26845578406
HERD_GIVEBACK_S1,F02,AAPL,50,False,0,0,0,0,0.0,False,0,0.0,0.0,0.2783330104445121,0.0,-0.13449732022626681,0.0,1.9664070484385554,2.0694316435172713,1.0,1.0,1.0000000000000002,0.916282503738648,0.0,0.0,12783.330104445104,12783.330104445104,0.0,12783.330104445104
GIVEBACK_BASELINE,F02,ABBV,10,True,2,0,0,0,0.0,False,2,1456.6141145287047,0.0,0.3933039241997762,0.010874547194894335,-0.26742542630354316,0.0039000675803859686,1.5444862501129484,1.4707050471459426,0.9748276074768419,0.9649353290256303,0.9712738750806503,0.8249375170830276,108.74547194894512,-20.120741726689744,13933.039241997758,13824.293770048813,108.74547194894512,13933.039241997758
GIVEBACK_BASELINE,F02,ABBV,25,True,2,0,0,0,0.0,False,2,1452.2508168589186,0.0,0.39099916712057614,0.01064006968602138,-0.26748593454788605,0.0038395593360428526,1.5377457923851672,1.4617559902035837,0.9748044114002439,0.9650316341340585,0.9713131516886051,0.8254346364497177,106.4006968602298,-20.090609583066737,13909.991671205773,13803.590974345543,106.4006968602298,13909.991671205773
GIVEBACK_BASELINE,F02,ABBV,50,True,2,0,0,0,0.0,False,2,1445.0076593509957,0.0,0.38717011965332837,0.010251168164985724,-0.2675866806863999,0.0037388131975291117,1.5265434586452886,1.4468960811508969,0.9747657823541143,0.9651920094495211,0.9713785702308645,0.826263205169385,102.5116816498612,-20.040539547492244,13871.701196533282,13769.189514883421,102.5116816498612,13871.701196533282
HERD_GIVEBACK_S1,F02,ABBV,10,True,1,0,0,0,0.0,False,1,716.7338397718788,0.0,0.38498129213182564,0.002551915126943749,-0.26742542630354316,0.0039000675803859686,1.5116136546410486,1.4395837278944816,0.9826321221443924,0.978144846605838,0.9817910588501711,0.772402848902838,25.519151269440044,-10.31832909061012,13849.812921318253,13824.293770048813,25.519151269440044,13849.812921318253
HERD_GIVEBACK_S1,F02,ABBV,25,True,1,0,0,0,0.0,False,1,714.5868585901502,0.0,0.38279982842184124,0.002440730987286477,-0.26748593454788605,0.0038395593360428526,1.5052535381028038,1.4311026449628566,0.9826430579142553,0.9782243307674491,0.9818169821658087,0.7729257037782854,24.407309872871338,-10.302876709265007,13827.998284218414,13803.590974345543,24.407309872871338,13827.998284218414
HERD_GIVEBACK_S1,F02,ABBV,50,True,1,0,0,0,0.0,False,1,711.0228288028884,0.0,0.37917528679421464,0.0022563353058719926,-0.2675866806863999,0.0037388131975291117,1.4946841446424661,1.4170185370272288,0.9826613588006832,0.978356681607448,0.9818601532648448,0.773797157176268,22.56335305871653,-10.27719976794475,13791.752867942138,13769.189514883421,22.56335305871653,13791.752867942138
GIVEBACK_BASELINE,F02,AMT,10,False,0,0,0,0,0.0,False,0,0.0,0.0,0.12551420189866525,0.0,-0.12477748727204974,0.0,1.0784346793065966,1.0059042271384202,1.0,1.0,1.0,0.9552996890346264,0.0,0.0,11255.14201898666,11255.14201898666,0.0,11255.14201898666
GIVEBACK_BASELINE,F02,AMT,25,False,0,0,0,0,0.0,False,0,0.0,0.0,0.1238286698222617,0.0,-0.12477748727204963,0.0,1.0664591760046669,0.9923959243728059,1.0,1.0,1.0,0.9560158057430482,0.0,0.0,11238.28669822263,11238.28669822263,0.0,11238.28669822263
GIVEBACK_BASELINE,F02,AMT,50,False,0,0,0,0,0.0,False,0,0.0,0.0,0.12102785179606035,0.0,-0.12477748727204929,0.0,1.0465596997558928,0.9699494231053579,1.0,1.0,1.0,0.9572093335904178,0.0,0.0,11210.278517960613,11210.278517960613,0.0,11210.278517960613
HERD_GIVEBACK_S1,F02,AMT,10,False,0,0,0,0,0.0,False,0,0.0,0.0,0.12551420189866525,0.0,-0.12477748727204974,0.0,1.0784346793065966,1.0059042271384202,1.0,1.0,1.0,0.9552996890346264,0.0,0.0,11255.14201898666,11255.14201898666,0.0,11255.14201898666
HERD_GIVEBACK_S1,F02,AMT,25,False,0,0,0,0,0.0,False,0,0.0,0.0,0.1238286698222617,0.0,-0.12477748727204963,0.0,1.0664591760046669,0.9923959243728059,1.0,1.0,1.0,0.9560158057430482,0.0,0.0,11238.28669822263,11238.28669822263,0.0,11238.28669822263
HERD_GIVEBACK_S1,F02,AMT,50,False,0,0,0,0,0.0,False,0,0.0,0.0,0.12102785179606035,0.0,-0.12477748727204929,0.0,1.0465596997558928,0.9699494231053579,1.0,1.0,1.0,0.9572093335904178,0.0,0.0,11210.278517960613,11210.278517960613,0.0,11210.278517960613
GIVEBACK_BASELINE,F02,AMZN,10,True,1,0,0,0,0.0,False,1,709.8350019360068,0.0,0.7735753022887768,-0.01862659465351446,-0.14164252003438382,0.0,3.46505882512656,5.461462434451116,0.9863414273177548,0.9887157349793168,0.9859943151174767,0.8021513035655771,-186.26594653514258,-9.972356229019567,17735.753022887813,17922.018969422956,-186.26594653514258,17735.753022887813
GIVEBACK_BASELINE,F02,AMZN,25,True,1,0,0,0,0.0,False,1,707.7086862708023,0.0,0.7708129267113786,-0.018705029166831366,-0.14164252003438327,0.0,3.457460759343734,5.441959988598524,0.986318294643796,0.9887466162220192,0.986014407878641,0.8026933807092439,-187.0502916682999,-9.957421964953454,17708.129267113804,17895.179558782103,-187.0502916682999,17708.129267113804
GIVEBACK_BASELINE,F02,AMZN,50,True,1,0,0,0,0.0,False,1,704.1789616358585,0.0,0.7662230909524015,-0.018835008825300203,-0.14164252003438338,0.0,3.4435196061556685,5.409555624726266,0.9862797847820908,0.9887978115787022,0.9860478681510266,0.8035968700277626,-188.35008825298792,-9.932605969701825,17662.230909524013,17850.580997777,-188.35008825298792,17662.230909524013
HERD_GIVEBACK_S1,F02,AMZN,10,False,0,0,0,0,0.0,False,0,0.0,0.0,0.7922018969422913,0.0,-0.14164252003438382,0.0,3.5007362675826244,5.592966693546427,1.0,1.0,1.0,0.7468844411305893,0.0,0.0,17922.018969422956,17922.018969422956,0.0,17922.018969422956
HERD_GIVEBACK_S1,F02,AMZN,25,False,0,0,0,0,0.0,False,0,0.0,0.0,0.7895179558782099,0.0,-0.14164252003438327,0.0,3.4936224454734544,5.574017997466841,1.0,1.0,1.0,0.7474443245197425,0.0,0.0,17895.179558782103,17895.179558782103,0.0,17895.179558782103
HERD_GIVEBACK_S1,F02,AMZN,50,False,0,0,0,0,0.0,False,0,0.0,0.0,0.7850580997777017,0.0,-0.14164252003438338,0.0,3.480493797650418,5.5425312934783335,1.0,1.0,1.0,0.7483774635016649,0.0,0.0,17850.580997777,17850.580997777,0.0,17850.580997777
GIVEBACK_BASELINE,F02,APD,10,False,0,0,0,0,0.0,False,0,0.0,0.0,0.12007275881601753,0.0,-0.1218390831346865,0.0,1.0659722296347611,0.9855028101556182,1.0,1.0,1.0,0.9190592632882929,0.0,0.0,11200.727588160167,11200.727588160167,0.0,11200.727588160167
GIVEBACK_BASELINE,F02,APD,25,False,0,0,0,0,0.0,False,0,0.0,0.0,0.11839537566109803,0.0,-0.12183908313468705,0.0,1.0544558178886234,0.9717356090920172,1.0,1.0,1.0,0.919748213260773,0.0,0.0,11183.953756610954,11183.953756610954,0.0,11183.953756610954
GIVEBACK_BASELINE,F02,APD,50,False,0,0,0,0,0.0,False,0,0.0,0.0,0.11560809854966014,0.0,-0.12183908313468728,0.0,1.034504575630432,0.9488589012268003,1.0,1.0,1.0,0.9208964632149063,0.0,0.0,11156.080985496583,11156.080985496583,0.0,11156.080985496583
HERD_GIVEBACK_S1,F02,APD,10,False,0,0,0,0,0.0,False,0,0.0,0.0,0.12007275881601753,0.0,-0.1218390831346865,0.0,1.0659722296347611,0.9855028101556182,1.0,1.0,1.0,0.9190592632882929,0.0,0.0,11200.727588160167,11200.727588160167,0.0,11200.727588160167
HERD_GIVEBACK_S1,F02,APD,25,False,0,0,0,0,0.0,False,0,0.0,0.0,0.11839537566109803,0.0,-0.12183908313468705,0.0,1.0544558178886234,0.9717356090920172,1.0,1.0,1.0,0.919748213260773,0.0,0.0,11183.953756610954,11183.953756610954,0.0,11183.953756610954
HERD_GIVEBACK_S1,F02,APD,50,False,0,0,0,0,0.0,False,0,0.0,0.0,0.11560809854966014,0.0,-0.12183908313468728,0.0,1.034504575630432,0.9488589012268003,1.0,1.0,1.0,0.9208964632149063,0.0,0.0,11156.080985496583,11156.080985496583,0.0,11156.080985496583
GIVEBACK_BASELINE,F02,AVGO,10,False,0,0,0,0,0.0,False,0,0.0,0.0,-0.11588111269838575,0.0,-0.26371487456270404,0.0,-0.3082267557678812,-0.43941818940073646,1.0,1.0,1.0000000000000002,1.0082870170237739,0.0,0.0,8841.188873016134,8841.188873016134,0.0,8841.188873016134
GIVEBACK_BASELINE,F02,AVGO,25,False,0,0,0,0,0.0,False,0,0.0,0.0,-0.11720513930008192,0.0,-0.26371487456270315,0.0,-0.31448116892721284,-0.4444388641119832,1.0,1.0,1.0,1.0090428543678696,0.0,0.0,8827.948606999173,8827.948606999173,0.0,8827.948606999173
GIVEBACK_BASELINE,F02,AVGO,50,False,0,0,0,0,0.0,False,0,0.0,0.0,-0.11940525024731186,0.0,-0.26371487456270515,0.0,-0.32483095178486576,-0.4527816280568585,1.0,1.0,1.0,1.010302583274696,0.0,0.0,8805.947497526877,8805.947497526877,0.0,8805.947497526877
HERD_GIVEBACK_S1,F02,AVGO,10,False,0,0,0,0,0.0,False,0,0.0,0.0,-0.11588111269838575,0.0,-0.26371487456270404,0.0,-0.3082267557678812,-0.43941818940073646,1.0,1.0,1.0000000000000002,1.0082870170237739,0.0,0.0,8841.188873016134,8841.188873016134,0.0,8841.188873016134
HERD_GIVEBACK_S1,F02,AVGO,25,False,0,0,0,0,0.0,False,0,0.0,0.0,-0.11720513930008192,0.0,-0.26371487456270315,0.0,-0.31448116892721284,-0.4444388641119832,1.0,1.0,1.0,1.0090428543678696,0.0,0.0,8827.948606999173,8827.948606999173,0.0,8827.948606999173
HERD_GIVEBACK_S1,F02,AVGO,50,False,0,0,0,0,0.0,False,0,0.0,0.0,-0.11940525024731186,0.0,-0.26371487456270515,0.0,-0.32483095178486576,-0.4527816280568585,1.0,1.0,1.0,1.010302583274696,0.0,0.0,8805.947497526877,8805.947497526877,0.0,8805.947497526877
GIVEBACK_BASELINE,F02,BA,10,False,0,0,0,0,0.0,False,0,0.0,0.0,0.5057361353753345,0.0,-0.12349188169978575,0.0,2.5057712634506566,4.095298641612746,1.0,1.0,1.0000000000000002,0.7664525942597616,0.0,0.0,15057.361353753326,15057.361353753326,0.0,15057.361353753326
GIVEBACK_BASELINE,F02,BA,25,False,0,0,0,0,0.0,False,0,0.0,0.0,0.5034811957659611,0.0,-0.12349188169978575,0.0,2.4984995830525216,4.077038820980525,1.0,1.0,0.9999999999999998,0.7670271464293714,0.0,0.0,15034.811957659587,15034.811957659587,0.0,15034.811957659587
GIVEBACK_BASELINE,F02,BA,50,False,0,0,0,0,0.0,False,0,0.0,0.0,0.4997342035880261,0.0,-0.12349188169978564,0.0,2.48552899739527,4.046696808806449,1.0,1.0,1.0000000000000002,0.7679847333787216,0.0,0.0,14997.342035880292,14997.342035880292,0.0,14997.342035880292
HERD_GIVEBACK_S1,F02,BA,10,False,0,0,0,0,0.0,False,0,0.0,0.0,0.5057361353753345,0.0,-0.12349188169978575,0.0,2.5057712634506566,4.095298641612746,1.0,1.0,1.0000000000000002,0.7664525942597616,0.0,0.0,15057.361353753326,15057.361353753326,0.0,15057.361353753326
HERD_GIVEBACK_S1,F02,BA,25,False,0,0,0,0,0.0,False,0,0.0,0.0,0.5034811957659611,0.0,-0.12349188169978575,0.0,2.4984995830525216,4.077038820980525,1.0,1.0,0.9999999999999998,0.7670271464293714,0.0,0.0,15034.811957659587,15034.811957659587,0.0,15034.811957659587
HERD_GIVEBACK_S1,F02,BA,50,False,0,0,0,0,0.0,False,0,0.0,0.0,0.4997342035880261,0.0,-0.12349188169978564,0.0,2.48552899739527,4.046696808806449,1.0,1.0,1.0000000000000002,0.7679847333787216,0.0,0.0,14997.342035880292,14997.342035880292,0.0,14997.342035880292
GIVEBACK_BASELINE,F02,BAC,10,True,2,0,0,0,0.0,False,2,1189.383421313852,0.0,0.2917325103703996,-0.007762412886124004,-0.14598743722026497,0.004636912913849267,1.7423697086028163,1.9983398292706196,0.9746007201601442,0.9744968837204633,0.9761961521813965,0.9437098761296968,-77.62412886126003,-49.07463094348134,12917.325103703999,12994.949232565259,-77.62412886126003,12917.325103703999
GIVEBACK_BASELINE,F02,BAC,25,True,2,0,0,0,0.0,False,2,1185.820615036652,0.0,0.28961989278464695,-0.007928950739985785,-0.14611863015908066,0.004505719975034017,1.7321052949564721,1.9820873797498317,0.9745044159228747,0.9745324378348756,0.9762292060386469,0.9443017639427144,-79.28950739986794,-49.00113843272197,12896.19892784647,12975.488435246338,-79.28950739986794,12896.19892784647
GIVEBACK_BASELINE,F02,BAC,50,True,2,0,0,0,0.0,False,2,1179.9062885366125,0.0,0.2861099869231214,-0.00820509127018787,-0.1463370662107185,0.004287283923394503,1.715046908458863,1.9551436579378763,0.9743437086368647,0.9745916519990052,0.9762842569218918,0.9452882827610233,-82.05091270186313,-48.87901726291011,12861.099869231217,12943.15078193308,-82.05091270186313,12861.099869231217
HERD_GIVEBACK_S1,F02,BAC,10,True,1,0,0,0,0.0,False,1,609.0138096837265,0.0,0.2954215580620716,-0.0040733651944520055,-0.14831456136836008,0.0023097887657541616,1.7479817287861121,1.991858084172535,0.9878909351873344,0.9880846088853126,0.9880515304437254,0.8947784704133436,-40.73365194453436,-25.166477406913486,12954.215580620725,12994.949232565259,-40.73365194453436,12954.215580620725
HERD_GIVEBACK_S1,F02,BAC,25,True,1,0,0,0,0.0,False,1,607.189504598285,0.0,0.2933903518082288,-0.004158491716403923,-0.14838173761282503,0.0022426125212896553,1.73825859461369,1.9772672602997627,0.9878423523680787,0.9881016031446761,0.9880685710410466,0.8953888074900216,-41.58491716403296,-25.12878893985743,12933.903518082305,12975.488435246338,-41.58491716403296,12933.903518082305
HERD_GIVEBACK_S1,F02,BAC,50,True,1,0,0,0,0.0,False,1,604.1611232967165,0.0,0.29001543661331564,-0.004299641579993629,-0.1484935859618055,0.002130764172307509,1.7221007230031515,1.95305025961129,0.9877612829655252,0.9881299041463909,0.9880969492158984,0.8964060586681276,-42.996415799936585,-25.06616269892828,12900.154366133143,12943.15078193308,-42.996415799936585,12900.154366133143
GIVEBACK_BASELINE,F02,CAT,10,True,2,0,0,0,0.0,False,2,1289.9836954038653,0.0,0.2571389278278402,0.007121688728167319,-0.20506356336552178,0.007858338501539941,1.3597649127222147,1.2539474278494571,0.9578804639882105,0.9477616378839472,0.9609579194099926,0.887845316837919,71.21688728168192,-10.376938544793518,12571.38927827842,12500.172390996739,71.21688728168192,12571.38927827842
GIVEBACK_BASELINE,F02,CAT,25,True,2,0,0,0,0.0,False,2,1286.119540308788,0.0,0.25506304709925853,0.006917791621828817,-0.20519047689145287,0.00773142497560797,1.3522132877464426,1.2430549943806046,0.9578444167804961,0.9478923927816933,0.9610112852016123,0.888412743674149,69.17791621829565,-10.361398391908182,12550.630470992575,12481.45255477428,69.17791621829565,12550.630470992575
GIVEBACK_BASELINE,F02,CAT,50,True,2,0,0,0,0.0,False,2,1279.7049690127478,0.0,0.2516142363117362,0.00657962200651796,-0.20540178772688567,0.007520114140176393,1.3392029760123552,1.2249856201168867,0.9577844156939178,0.9481092902692612,0.9611001706399612,0.8893585183978424,65.79622006516001,-10.335575602214348,12516.142363117338,12450.346143052178,65.79622006516001,12516.142363117338
HERD_GIVEBACK_S1,F02,CAT,10,True,1,0,0,0,0.0,False,1,658.8308876120783,0.0,0.2533994659058969,0.00338222680622402,-0.20906900181565136,0.0038529000514103684,1.307183528393435,1.2120374790392616,0.9818666707960229,0.9772957639384582,0.982079938909044,0.8382314574692862,33.822268062242074,-5.321506946047961,12533.99465905898,12500.172390996739,33.822268062242074,12533.99465905898
HERD_GIVEBACK_S1,F02,CAT,25,True,1,0,0,0,0.0,False,1,656.8573551246282,0.0,0.2514237282160192,0.0032784727385894996,-0.2091338201162536,0.0037880817508072484,1.3002759474812915,1.2022145823963692,0.9818432889922708,0.9773537705740499,0.9821054725887356,0.8388053215200709,32.784727385915176,-5.313537636875992,12514.237282160195,12481.45255477428,32.784727385915176,12514.237282160195
HERD_GIVEBACK_S1,F02,CAT,50,True,1,0,0,0,0.0,False,1,653.5812534842133,0.0,0.24814100893838065,0.0031063946331624237,-0.20924174249214456,0.003680159374917502,1.2883834300650419,1.185905861722101,0.981804366902841,0.9774499872641252,0.9821479946749478,0.8397617935358566,31.06394633160562,-5.30029518062274,12481.410089383784,12450.346143052178,31.06394633160562,12481.410089383784
GIVEBACK_BASELINE,F02,COP,10,True,1,0,0,0,0.0,False,1,597.9948336764492,0.0,0.6244069900778171,-0.022548280143417143,-0.13795978585140523,0.0,3.441447718781566,4.526007243519196,0.9763922753611217,0.9786779737473525,0.9803566608571819,0.8194860531674784,-225.4828014341656,-14.88542655489448,16244.069900778191,16469.552702212357,-225.4828014341656,16244.069900778191
GIVEBACK_BASELINE,F02,COP,25,True,1,0,0,0,0.0,False,1,596.203536009964,0.0,0.6218847569233237,-0.022604088679126333,-0.13795978585140511,0.0,3.430640703679257,4.507724864064,0.9763611548702322,0.9787086279219773,0.9803848930867595,0.8200578102040292,-226.04088679126107,-14.863134642551756,16218.847569233216,16444.888456024477,-226.04088679126107,16218.847569233216
GIVEBACK_BASELINE,F02,COP,50,True,1,0,0,0,0.0,False,1,593.2299476545852,0.0,0.6176939057610482,-0.02269652686588919,-0.13795978585140534,0.0,3.4126828884176974,4.477347525215487,0.9763092961961868,0.978759675590549,0.9804319076021842,0.8210107769967937,-226.96526865888518,-14.826092576843223,16176.939057610478,16403.904326269363,-226.96526865888518,16176.939057610478
HERD_GIVEBACK_S1,F02,COP,10,False,0,0,0,0,0.0,False,0,0.0,0.0,0.6469552702212342,0.0,-0.13795978585140523,0.0,3.4601851705807767,4.689448205711639,1.0,1.0,1.0000000000000002,0.7694248143784068,0.0,0.0,16469.552702212357,16469.552702212357,0.0,16469.552702212357
HERD_GIVEBACK_S1,F02,COP,25,False,0,0,0,0,0.0,False,0,0.0,0.0,0.64448884560245,0.0,-0.13795978585140511,0.0,3.450108242718492,4.671570353817608,1.0,1.0,1.0,0.7700015945990804,0.0,0.0,16444.888456024477,16444.888456024477,0.0,16444.888456024477
HERD_GIVEBACK_S1,F02,COP,50,False,0,0,0,0,0.0,False,0,0.0,0.0,0.6403904326269374,0.0,-0.13795978585140534,0.0,3.4333635947817465,4.641863052155601,1.0,1.0,1.0,0.7709628949668694,0.0,0.0,16403.904326269363,16403.904326269363,0.0,16403.904326269363
GIVEBACK_BASELINE,F02,COST,10,False,0,0,0,0,0.0,False,0,0.0,0.0,0.37921530060263686,0.0,-0.10205633800320446,0.0,2.314818477592229,3.715744734939734,1.0,1.0,1.0000000000000002,0.8577300255047309,0.0,0.0,13792.15300602636,13792.15300602636,0.0,13792.15300602636
GIVEBACK_BASELINE,F02,COST,25,False,0,0,0,0,0.0,False,0,0.0,0.0,0.3771498343246369,0.0,-0.10205633800320435,0.0,2.3044843661158323,3.695506243941412,1.0,1.0,1.0,0.8583730015358435,0.0,0.0,13771.498343246363,13771.498343246363,0.0,13771.498343246363
GIVEBACK_BASELINE,F02,COST,50,False,0,0,0,0,0.0,False,0,0.0,0.0,0.3737176865388303,0.0,-0.10205633800320435,0.0,2.2873123608403887,3.661876311171349,1.0,1.0,1.0,0.8594446282543652,0.0,0.0,13737.17686538829,13737.17686538829,0.0,13737.17686538829
HERD_GIVEBACK_S1,F02,COST,10,False,0,0,0,0,0.0,False,0,0.0,0.0,0.37921530060263686,0.0,-0.10205633800320446,0.0,2.314818477592229,3.715744734939734,1.0,1.0,1.0000000000000002,0.8577300255047309,0.0,0.0,13792.15300602636,13792.15300602636,0.0,13792.15300602636
HERD_GIVEBACK_S1,F02,COST,25,False,0,0,0,0,0.0,False,0,0.0,0.0,0.3771498343246369,0.0,-0.10205633800320435,0.0,2.3044843661158323,3.695506243941412,1.0,1.0,1.0,0.8583730015358435,0.0,0.0,13771.498343246363,13771.498343246363,0.0,13771.498343246363
HERD_GIVEBACK_S1,F02,COST,50,False,0,0,0,0,0.0,False,0,0.0,0.0,0.3737176865388303,0.0,-0.10205633800320435,0.0,2.2873123608403887,3.661876311171349,1.0,1.0,1.0,0.8594446282543652,0.0,0.0,13737.17686538829,13737.17686538829,0.0,13737.17686538829
GIVEBACK_BASELINE,F02,CRM,10,True,1,0,0,0,0.0,False,1,645.8882419259628,0.0,0.4949699228489066,-0.0106943915261557,-0.11600836403443948,0.002047737098875735,2.5996908129071477,4.266674450317777,0.9811978736248067,0.981131392366764,0.9837409624208348,0.8568581612176835,-106.94391526156687,-5.562584277994105,14949.69922848905,15056.643143750616,-106.94391526156687,14949.69922848905
GIVEBACK_BASELINE,F02,CRM,25,True,1,0,0,0,0.0,False,1,643.9534792233168,0.0,0.49263435612860484,-0.010775126193786067,-0.11607759007601426,0.001978511057300847,2.587692570527692,4.244009164955954,0.9811738707576583,0.9811836281512705,0.9837642394704442,0.8574463246725444,-107.75126193787946,-5.554253939547522,14926.343561286052,15034.094823223932,-107.75126193787946,14926.343561286052
GIVEBACK_BASELINE,F02,CRM,50,True,1,0,0,0,0.0,False,1,640.7417361665094,0.0,0.4887537090426639,-0.010908959826824383,-0.11619285133419366,0.001863249799121558,2.566716765921132,4.206400853671379,0.9811339142686876,0.9812702162935586,0.9838030028139712,0.8584266300391289,-109.0895982682323,-5.540411567508329,14887.537090426644,14996.626688694876,-109.0895982682323,14887.537090426644
HERD_GIVEBACK_S1,F02,CRM,10,False,0,0,0,0,0.0,False,0,0.0,0.0,0.5056643143750623,0.0,-0.11805610113331522,0.0,2.5982646767317936,4.283254397873426,1.0,1.0,1.0000000000000002,0.803190830731531,0.0,0.0,15056.643143750616,15056.643143750616,0.0,15056.643143750616
HERD_GIVEBACK_S1,F02,CRM,25,False,0,0,0,0,0.0,False,0,0.0,0.0,0.5034094823223909,0.0,-0.1180561011333151,0.0,2.5870775135434236,4.264154732282025,1.0,1.0,1.0,0.8037929228085411,0.0,0.0,15034.094823223932,15034.094823223932,0.0,15034.094823223932
HERD_GIVEBACK_S1,F02,CRM,50,False,0,0,0,0,0.0,False,0,0.0,0.0,0.4996626688694883,0.0,-0.11805610113331522,0.0,2.5674824553108215,4.232417164998891,1.0,1.0,1.0,0.8047964096035579,0.0,0.0,14996.626688694876,14996.626688694876,0.0,14996.626688694876
GIVEBACK_BASELINE,F02,CVX,10,False,0,0,0,0,0.0,False,0,0.0,0.0,0.17858236560588403,0.0,-0.17555645378991958,0.0,1.1874253112714979,1.0172361183576049,1.0,1.0,1.0000000000000002,0.9033405891867179,0.0,0.0,11785.823656058828,11785.823656058828,0.0,11785.823656058828
GIVEBACK_BASELINE,F02,CVX,25,False,0,0,0,0,0.0,False,0,0.0,0.0,0.17681736043885943,0.0,-0.17555645378991958,0.0,1.1790523088631688,1.007182342897224,1.0,1.0,1.0,0.9040177560451788,0.0,0.0,11768.173604388572,11768.173604388572,0.0,11768.173604388572
GIVEBACK_BASELINE,F02,CVX,50,False,0,0,0,0,0.0,False,0,0.0,0.0,0.17388448342194884,0.0,-0.17555645378992024,0.0,1.1645676447001165,0.9904761668860539,1.0,1.0,1.0000000000000002,0.9051463674759468,0.0,0.0,11738.84483421949,11738.84483421949,0.0,11738.84483421949
HERD_GIVEBACK_S1,F02,CVX,10,False,0,0,0,0,0.0,False,0,0.0,0.0,0.17858236560588403,0.0,-0.17555645378991958,0.0,1.1874253112714979,1.0172361183576049,1.0,1.0,1.0000000000000002,0.9033405891867179,0.0,0.0,11785.823656058828,11785.823656058828,0.0,11785.823656058828
HERD_GIVEBACK_S1,F02,CVX,25,False,0,0,0,0,0.0,False,0,0.0,0.0,0.17681736043885943,0.0,-0.17555645378991958,0.0,1.1790523088631688,1.007182342897224,1.0,1.0,1.0,0.9040177560451788,0.0,0.0,11768.173604388572,11768.173604388572,0.0,11768.173604388572
HERD_GIVEBACK_S1,F02,CVX,50,False,0,0,0,0,0.0,False,0,0.0,0.0,0.17388448342194884,0.0,-0.17555645378992024,0.0,1.1645676447001165,0.9904761668860539,1.0,1.0,1.0000000000000002,0.9051463674759468,0.0,0.0,11738.84483421949,11738.84483421949,0.0,11738.84483421949
GIVEBACK_BASELINE,F02,DIS,10,False,0,0,0,0,0.0,False,0,0.0,0.0,0.0436790815786543,0.0,-0.12385517875044327,0.0,0.45603407472801216,0.35266253716095,1.0,1.0,1.0,1.0521982900878024,0.0,0.0,10436.790815786522,10436.790815786522,0.0,10436.790815786522
GIVEBACK_BASELINE,F02,DIS,25,False,0,0,0,0,0.0,False,0,0.0,0.0,0.04211610301604929,0.0,-0.1238551787504435,0.0,0.4448011230480402,0.34004313296345295,1.0,1.0,1.0,1.0529870444281981,0.0,0.0,10421.161030160503,10421.161030160503,0.0,10421.161030160503
GIVEBACK_BASELINE,F02,DIS,50,False,0,0,0,0,0.0,False,0,0.0,0.0,0.0395189299370049,0.0,-0.12385517875044316,0.0,0.4259360153198845,0.3190736982959099,1.0,1.0,1.0000000000000002,1.0543016349955248,0.0,0.0,10395.18929937004,10395.18929937004,0.0,10395.18929937004
HERD_GIVEBACK_S1,F02,DIS,10,False,0,0,0,0,0.0,False,0,0.0,0.0,0.0436790815786543,0.0,-0.12385517875044327,0.0,0.45603407472801216,0.35266253716095,1.0,1.0,1.0,1.0521982900878024,0.0,0.0,10436.790815786522,10436.790815786522,0.0,10436.790815786522
HERD_GIVEBACK_S1,F02,DIS,25,False,0,0,0,0,0.0,False,0,0.0,0.0,0.04211610301604929,0.0,-0.1238551787504435,0.0,0.4448011230480402,0.34004313296345295,1.0,1.0,1.0,1.0529870444281981,0.0,0.0,10421.161030160503,10421.161030160503,0.0,10421.161030160503
HERD_GIVEBACK_S1,F02,DIS,50,False,0,0,0,0,0.0,False,0,0.0,0.0,0.0395189299370049,0.0,-0.12385517875044316,0.0,0.4259360153198845,0.3190736982959099,1.0,1.0,1.0000000000000002,1.0543016349955248,0.0,0.0,10395.18929937004,10395.18929937004,0.0,10395.18929937004
GIVEBACK_BASELINE,F02,DUK,10,False,0,0,0,0,0.0,False,0,0.0,0.0,-0.004883827529814866,0.0,-0.1812743119032576,0.0,0.05480058020392406,-0.02694164152955806,1.0,1.0,1.0,1.018541980958415,0.0,0.0,9951.161724701846,9951.161724701846,0.0,9951.161724701846
GIVEBACK_BASELINE,F02,DUK,25,False,0,0,0,0,0.0,False,0,0.0,0.0,-0.0063740799190064035,0.0,-0.18127431190325716,0.0,0.03894080164120541,-0.03516262095871662,1.0,1.0,1.0,1.0193055056817721,0.0,0.0,9936.259200809955,9936.259200809955,0.0,9936.259200809955
GIVEBACK_BASELINE,F02,DUK,50,False,0,0,0,0,0.0,False,0,0.0,0.0,-0.008850405237082137,0.0,-0.18127431190325682,0.0,0.012586895766726823,-0.04882327310559841,1.0,1.0,1.0,1.020578046887367,0.0,0.0,9911.495947629162,9911.495947629162,0.0,9911.495947629162
HERD_GIVEBACK_S1,F02,DUK,10,False,0,0,0,0,0.0,False,0,0.0,0.0,-0.004883827529814866,0.0,-0.1812743119032576,0.0,0.05480058020392406,-0.02694164152955806,1.0,1.0,1.0,1.018541980958415,0.0,0.0,9951.161724701846,9951.161724701846,0.0,9951.161724701846
HERD_GIVEBACK_S1,F02,DUK,25,False,0,0,0,0,0.0,False,0,0.0,0.0,-0.0063740799190064035,0.0,-0.18127431190325716,0.0,0.03894080164120541,-0.03516262095871662,1.0,1.0,1.0,1.0193055056817721,0.0,0.0,9936.259200809955,9936.259200809955,0.0,9936.259200809955
HERD_GIVEBACK_S1,F02,DUK,50,False,0,0,0,0,0.0,False,0,0.0,0.0,-0.008850405237082137,0.0,-0.18127431190325682,0.0,0.012586895766726823,-0.04882327310559841,1.0,1.0,1.0,1.020578046887367,0.0,0.0,9911.495947629162,9911.495947629162,0.0,9911.495947629162
GIVEBACK_BASELINE,F02,EOG,10,False,0,0,0,0,0.0,False,0,0.0,0.0,0.36302323618069,0.0,-0.16881919271598156,0.0,2.203066924466911,2.150367090022957,1.0,1.0,1.0000000000000002,0.8667598031423416,0.0,0.0,13630.232361806915,13630.232361806915,0.0,13630.232361806915
GIVEBACK_BASELINE,F02,EOG,25,False,0,0,0,0,0.0,False,0,0.0,0.0,0.360982018591796,0.0,-0.16881919271598145,0.0,2.1951669848435467,2.138275943536266,1.0,1.0,1.0,0.8674095481222085,0.0,0.0,13609.820185917979,13609.820185917979,0.0,13609.820185917979
GIVEBACK_BASELINE,F02,EOG,50,False,0,0,0,0,0.0,False,0,0.0,0.0,0.3575901644120929,0.0,-0.16881919271598178,0.0,2.181003512841791,2.1181843051085774,1.0,1.0,0.9999999999999998,0.8684924564219864,0.0,0.0,13575.901644120931,13575.901644120931,0.0,13575.901644120931
HERD_GIVEBACK_S1,F02,EOG,10,False,0,0,0,0,0.0,False,0,0.0,0.0,0.36302323618069,0.0,-0.16881919271598156,0.0,2.203066924466911,2.150367090022957,1.0,1.0,1.0000000000000002,0.8667598031423416,0.0,0.0,13630.232361806915,13630.232361806915,0.0,13630.232361806915
HERD_GIVEBACK_S1,F02,EOG,25,False,0,0,0,0,0.0,False,0,0.0,0.0,0.360982018591796,0.0,-0.16881919271598145,0.0,2.1951669848435467,2.138275943536266,1.0,1.0,1.0,0.8674095481222085,0.0,0.0,13609.820185917979,13609.820185917979,0.0,13609.820185917979
HERD_GIVEBACK_S1,F02,EOG,50,False,0,0,0,0,0.0,False,0,0.0,0.0,0.3575901644120929,0.0,-0.16881919271598178,0.0,2.181003512841791,2.1181843051085774,1.0,1.0,0.9999999999999998,0.8684924564219864,0.0,0.0,13575.901644120931,13575.901644120931,0.0,13575.901644120931
GIVEBACK_BASELINE,F02,FCX,10,True,2,1,2,2,1.1287203361267046,True,0,0.0,0.0,0.1085794642707194,0.0015928004599743417,-0.23741074950584773,0.012629826172199432,0.6077357768678429,0.45734855939218944,0.975309834456693,0.9750765805066023,0.9769197336228274,1.0639901719784588,15.928004599742053,1.1287203361267757,11085.7946427072,11069.866638107458,131.75387836299524,11201.620516470453
GIVEBACK_BASELINE,F02,FCX,25,True,2,1,2,2,0.894887997919767,True,0,0.0,1.1368683772161603e-13,0.1065917045059337,0.0012628265559588847,-0.23753939187310302,0.012501183804944027,0.6016179114156094,0.448732749820613,0.9752394372377446,0.9751109461383769,0.9769514130948006,1.0644135896599762,12.628265559589636,0.8948879979197955,11065.917045059346,11053.288779499757,129.74246335810494,11183.031242857862
GIVEBACK_BASELINE,F02,FCX,50,True,2,1,2,1,0.5082579833718768,True,0,0.0,1.1368683772161603e-13,0.10329139660233522,0.0007172312961762906,-0.23775358122681545,0.012286994451231714,0.5914547063545763,0.43444727969752794,0.9751226538810374,0.9751681832513158,0.9770041771884713,1.0651200607599904,7.172312961758507,0.508257983371891,11032.913966023343,11025.741653061585,126.40616354107078,11152.147816602655
HERD_GIVEBACK_S1,F02,FCX,10,True,2,1,2,2,1.1287203361267046,True,0,0.0,0.0,0.1085794642707194,0.0015928004599743417,-0.23741074950584773,0.012629826172199432,0.6077357768678429,0.45734855939218944,0.975309834456693,0.9750765805066023,0.9769197336228274,1.0639901719784588,15.928004599742053,1.1287203361267757,11085.7946427072,11069.866638107458,131.75387836299524,11201.620516470453
HERD_GIVEBACK_S1,F02,FCX,25,True,2,1,2,2,0.894887997919767,True,0,0.0,1.1368683772161603e-13,0.1065917045059337,0.0012628265559588847,-0.23753939187310302,0.012501183804944027,0.6016179114156094,0.448732749820613,0.9752394372377446,0.9751109461383769,0.9769514130948006,1.0644135896599762,12.628265559589636,0.8948879979197955,11065.917045059346,11053.288779499757,129.74246335810494,11183.031242857862
HERD_GIVEBACK_S1,F02,FCX,50,True,2,1,2,1,0.5082579833718768,True,0,0.0,1.1368683772161603e-13,0.10329139660233522,0.0007172312961762906,-0.23775358122681545,0.012286994451231714,0.5914547063545763,0.43444727969752794,0.9751226538810374,0.9751681832513158,0.9770041771884713,1.0651200607599904,7.172312961758507,0.508257983371891,11032.913966023343,11025.741653061585,126.40616354107078,11152.147816602655
GIVEBACK_BASELINE,F02,GE,10,False,0,0,0,0,0.0,False,0,0.0,0.0,-0.46215181200095357,0.0,-0.48969583707970477,0.0,-2.4945412344139353,-0.9437527889903871,1.0,1.0,1.0,1.4276181987018495,0.0,0.0,5378.48187999046,5378.48187999046,0.0,5378.48187999046
GIVEBACK_BASELINE,F02,GE,25,False,0,0,0,0,0.0,False,0,0.0,0.0,-0.4629572752919343,0.0,-0.48969583707970465,0.0,-2.501072216957717,-0.9453976126339455,1.0,1.0,1.0,1.428688377261596,0.0,0.0,5370.427247080645,5370.427247080645,0.0,5370.427247080645
GIVEBACK_BASELINE,F02,GE,50,False,0,0,0,0,0.0,False,0,0.0,0.0,-0.4642956990077506,0.0,-0.4896958370797051,0.0,-2.514027539301322,-0.9481307861969424,1.0,1.0,1.0,1.4304720081945066,0.0,0.0,5357.043009922497,5357.043009922497,0.0,5357.043009922497
HERD_GIVEBACK_S1,F02,GE,10,False,0,0,0,0,0.0,False,0,0.0,0.0,-0.46215181200095357,0.0,-0.48969583707970477,0.0,-2.4945412344139353,-0.9437527889903871,1.0,1.0,1.0,1.4276181987018495,0.0,0.0,5378.48187999046,5378.48187999046,0.0,5378.48187999046
HERD_GIVEBACK_S1,F02,GE,25,False,0,0,0,0,0.0,False,0,0.0,0.0,-0.4629572752919343,0.0,-0.48969583707970465,0.0,-2.501072216957717,-0.9453976126339455,1.0,1.0,1.0,1.428688377261596,0.0,0.0,5370.427247080645,5370.427247080645,0.0,5370.427247080645
HERD_GIVEBACK_S1,F02,GE,50,False,0,0,0,0,0.0,False,0,0.0,0.0,-0.4642956990077506,0.0,-0.4896958370797051,0.0,-2.514027539301322,-0.9481307861969424,1.0,1.0,1.0,1.4304720081945066,0.0,0.0,5357.043009922497,5357.043009922497,0.0,5357.043009922497
GIVEBACK_BASELINE,F02,GOOGL,10,False,0,0,0,0,0.0,False,0,0.0,0.0,0.2988157689195088,0.0,-0.15357549068798582,0.0,1.5934373817598406,1.9457256335687234,1.0,1.0,1.0000000000000002,0.8911541327276813,0.0,0.0,12988.15768919505,12988.15768919505,0.0,12988.15768919505
GIVEBACK_BASELINE,F02,GOOGL,25,False,0,0,0,0,0.0,False,0,0.0,0.0,0.2968707062662268,0.0,-0.15357549068798515,0.0,1.5862819048460848,1.9330604443216162,1.0,1.0,1.0,0.891822164311435,0.0,0.0,12968.707062662226,12968.707062662226,0.0,12968.707062662226
GIVEBACK_BASELINE,F02,GOOGL,50,False,0,0,0,0,0.0,False,0,0.0,0.0,0.2936386309959427,0.0,-0.15357549068798548,0.0,1.5738633021350708,1.9120149294689157,1.0,1.0,1.0,0.8929355502843579,0.0,0.0,12936.386309959435,12936.386309959435,0.0,12936.386309959435
HERD_GIVEBACK_S1,F02,GOOGL,10,False,0,0,0,0,0.0,False,0,0.0,0.0,0.2988157689195088,0.0,-0.15357549068798582,0.0,1.5934373817598406,1.9457256335687234,1.0,1.0,1.0000000000000002,0.8911541327276813,0.0,0.0,12988.15768919505,12988.15768919505,0.0,12988.15768919505
HERD_GIVEBACK_S1,F02,GOOGL,25,False,0,0,0,0,0.0,False,0,0.0,0.0,0.2968707062662268,0.0,-0.15357549068798515,0.0,1.5862819048460848,1.9330604443216162,1.0,1.0,1.0,0.891822164311435,0.0,0.0,12968.707062662226,12968.707062662226,0.0,12968.707062662226
HERD_GIVEBACK_S1,F02,GOOGL,50,False,0,0,0,0,0.0,False,0,0.0,0.0,0.2936386309959427,0.0,-0.15357549068798548,0.0,1.5738633021350708,1.9120149294689157,1.0,1.0,1.0,0.8929355502843579,0.0,0.0,12936.386309959435,12936.386309959435,0.0,12936.386309959435
GIVEBACK_BASELINE,F02,GS,10,False,0,0,0,0,0.0,False,0,0.0,0.0,0.055039439247867694,0.0,-0.19175315738619103,0.0,0.5261056259969319,0.28703276649060966,1.0,1.0,1.0,0.9268364573369546,0.0,0.0,10550.394392478658,10550.394392478658,0.0,10550.394392478658
GIVEBACK_BASELINE,F02,GS,25,False,0,0,0,0,0.0,False,0,0.0,0.0,0.053459447797092885,0.0,-0.1917531573861918,0.0,0.5163353630670522,0.27879305105482716,1.0,1.0,1.0,0.9275312372899809,0.0,0.0,10534.594477970935,10534.594477970935,0.0,10534.594477970935
GIVEBACK_BASELINE,F02,GS,50,False,0,0,0,0,0.0,False,0,0.0,0.0,0.05083400471089061,0.0,-0.1917531573861908,0.0,0.4998226286910837,0.2651012656261557,1.0,1.0,1.0,0.9286892038783582,0.0,0.0,10508.340047108895,10508.340047108895,0.0,10508.340047108895
HERD_GIVEBACK_S1,F02,GS,10,False,0,0,0,0,0.0,False,0,0.0,0.0,0.055039439247867694,0.0,-0.19175315738619103,0.0,0.5261056259969319,0.28703276649060966,1.0,1.0,1.0,0.9268364573369546,0.0,0.0,10550.394392478658,10550.394392478658,0.0,10550.394392478658
HERD_GIVEBACK_S1,F02,GS,25,False,0,0,0,0,0.0,False,0,0.0,0.0,0.053459447797092885,0.0,-0.1917531573861918,0.0,0.5163353630670522,0.27879305105482716,1.0,1.0,1.0,0.9275312372899809,0.0,0.0,10534.594477970935,10534.594477970935,0.0,10534.594477970935
HERD_GIVEBACK_S1,F02,GS,50,False,0,0,0,0,0.0,False,0,0.0,0.0,0.05083400471089061,0.0,-0.1917531573861908,0.0,0.4998226286910837,0.2651012656261557,1.0,1.0,1.0,0.9286892038783582,0.0,0.0,10508.340047108895,10508.340047108895,0.0,10508.340047108895
GIVEBACK_BASELINE,F02,HD,10,True,2,1,2,0,-0.7525230760372597,True,0,0.0,0.0,0.32513947442105473,-0.012128254670892957,-0.16296417071782365,0.0032774640780576236,2.111311348441776,1.9951592610135236,0.9681054856518442,0.968451783166988,0.9720191982811831,1.0256923727905887,-121.28254670893875,-0.7525230760372494,13251.394744210555,13372.677290919493,-113.40608688707107,13259.271204032422
GIVEBACK_BASELINE,F02,HD,25,True,2,1,2,0,-0.7733424457458433,True,0,0.0,0.0,0.32280128604812885,-0.012463796032949226,-0.16303162721389886,0.0032100075819831986,2.0987774703998507,1.9799918062806972,0.9681093487724752,0.9688076573776286,0.9720577140541905,1.0260947217900687,-124.63796032951359,-0.7733424457458398,13228.012860481287,13352.6508208108,-115.01944720953907,13237.631373601262
GIVEBACK_BASELINE,F02,HD,50,True,2,1,2,0,-0.8077556340947472,True,0,0.0,0.0,0.31891889384573324,-0.01301842608433934,-0.1631439421814036,0.0030976926144785644,2.082278214783682,1.9548313567850395,0.9681496809533816,0.9694422201400407,0.9721218638271941,1.0267661306496465,-130.1842608433908,-0.8077556340947609,13189.188938457344,13319.373199300735,-117.69440957448751,13201.678789726247
HERD_GIVEBACK_S1,F02,HD,10,True,1,1,1,0,-0.25795630379357437,True,0,0.0,0.0,0.33311030210267134,-0.004157426989276347,-0.16505878523988027,0.0011828495560010088,2.146299364240872,2.0181313076947793,0.9864140918473777,0.9857911479525355,0.9894462815321685,0.9268186338272317,-41.574269892767916,-0.2579563037935628,13331.103021026725,13372.677290919493,-70.19805495547735,13302.479235964016
HERD_GIVEBACK_S1,F02,HD,25,True,1,1,1,0,-0.26920723168953575,True,0,0.0,0.0,0.3309263262752504,-0.004338755805827654,-0.1651230994218258,0.001118535374056262,2.134668773112357,2.0041189114907625,0.9862932525716954,0.9858114196388639,0.9894613348788409,0.9273344367786515,-43.38755805829169,-0.26920723168953486,13309.263262752509,13352.6508208108,-70.98935006293505,13281.661470747866
HERD_GIVEBACK_S1,F02,HD,50,True,1,1,1,0,-0.28780619761353865,True,0,0.0,0.0,0.32729880853863436,-0.004638511391438227,-0.16523018244089072,0.001011452354991449,2.119679959174242,1.9808657456135286,0.9861067305469166,0.9858652451731352,0.9894864036185599,0.9281944924541997,-46.38511391437896,-0.2878061976135484,13272.988085386356,13319.373199300735,-72.301250139084,13247.071949161651
GIVEBACK_BASELINE,F02,HON,10,False,0,0,0,0,0.0,False,0,0.0,0.0,0.16393151911941484,0.0,-0.13254060687664626,0.0,1.3026620933422253,1.2368399615974572,1.0,1.0,1.0000000000000002,0.9191168505238074,0.0,0.0,11639.315191194153,11639.315191194153,0.0,11639.315191194153
GIVEBACK_BASELINE,F02,HON,25,False,0,0,0,0,0.0,False,0,0.0,0.0,0.1621884545655421,0.0,-0.13254060687664548,0.0,1.290714068221054,1.2236887878179827,1.0,1.0,1.0,0.9198058436651294,0.0,0.0,11621.884545655406,11621.884545655406,0.0,11621.884545655406
GIVEBACK_BASELINE,F02,HON,50,False,0,0,0,0,0.0,False,0,0.0,0.0,0.15929203586685614,0.0,-0.13254060687664526,0.0,1.2708602519659928,1.2018357212979134,1.0,1.0,1.0,0.920954165567333,0.0,0.0,11592.920358668562,11592.920358668562,0.0,11592.920358668562
HERD_GIVEBACK_S1,F02,HON,10,False,0,0,0,0,0.0,False,0,0.0,0.0,0.16393151911941484,0.0,-0.13254060687664626,0.0,1.3026620933422253,1.2368399615974572,1.0,1.0,1.0000000000000002,0.9191168505238074,0.0,0.0,11639.315191194153,11639.315191194153,0.0,11639.315191194153
HERD_GIVEBACK_S1,F02,HON,25,False,0,0,0,0,0.0,False,0,0.0,0.0,0.1621884545655421,0.0,-0.13254060687664548,0.0,1.290714068221054,1.2236887878179827,1.0,1.0,1.0,0.9198058436651294,0.0,0.0,11621.884545655406,11621.884545655406,0.0,11621.884545655406
HERD_GIVEBACK_S1,F02,HON,50,False,0,0,0,0,0.0,False,0,0.0,0.0,0.15929203586685614,0.0,-0.13254060687664526,0.0,1.2708602519659928,1.2018357212979134,1.0,1.0,1.0,0.920954165567333,0.0,0.0,11592.920358668562,11592.920358668562,0.0,11592.920358668562
GIVEBACK_BASELINE,F02,JNJ,10,False,0,0,0,0,0.0,False,0,0.0,0.0,0.02988754615406175,0.0,-0.1828285270553076,0.0,0.3246942344228836,0.16347310037136845,1.0,1.0,1.0000000000000002,0.983957991899223,0.0,0.0,10298.875461540605,10298.875461540605,0.0,10298.875461540605
GIVEBACK_BASELINE,F02,JNJ,25,False,0,0,0,0,0.0,False,0,0.0,0.0,0.028345221329367565,0.0,-0.1828285270553076,0.0,0.3142537664277017,0.15503719132842342,1.0,1.0,1.0,0.9846955915933003,0.0,0.0,10283.452213293695,10283.452213293695,0.0,10283.452213293695
GIVEBACK_BASELINE,F02,JNJ,50,False,0,0,0,0,0.0,False,0,0.0,0.0,0.025782368191340943,0.0,-0.18282852705530794,0.0,0.29669693613540193,0.14101939454744636,1.0,1.0,1.0000000000000002,0.9859249244167626,0.0,0.0,10257.823681913433,10257.823681913433,0.0,10257.823681913433
HERD_GIVEBACK_S1,F02,JNJ,10,False,0,0,0,0,0.0,False,0,0.0,0.0,0.02988754615406175,0.0,-0.1828285270553076,0.0,0.3246942344228836,0.16347310037136845,1.0,1.0,1.0000000000000002,0.983957991899223,0.0,0.0,10298.875461540605,10298.875461540605,0.0,10298.875461540605
HERD_GIVEBACK_S1,F02,JNJ,25,False,0,0,0,0,0.0,False,0,0.0,0.0,0.028345221329367565,0.0,-0.1828285270553076,0.0,0.3142537664277017,0.15503719132842342,1.0,1.0,1.0,0.9846955915933003,0.0,0.0,10283.452213293695,10283.452213293695,0.0,10283.452213293695
HERD_GIVEBACK_S1,F02,JNJ,50,False,0,0,0,0,0.0,False,0,0.0,0.0,0.025782368191340943,0.0,-0.18282852705530794,0.0,0.29669693613540193,0.14101939454744636,1.0,1.0,1.0000000000000002,0.9859249244167626,0.0,0.0,10257.823681913433,10257.823681913433,0.0,10257.823681913433
GIVEBACK_BASELINE,F02,JPM,10,False,0,0,0,0,0.0,False,0,0.0,0.0,0.27119395321314,0.0,-0.12634887183527932,0.0,1.80368216449909,2.1463899857111097,1.0,1.0,1.0000000000000002,0.8711330116938388,0.0,0.0,12711.939532131393,12711.939532131393,0.0,12711.939532131393
GIVEBACK_BASELINE,F02,JPM,25,False,0,0,0,0,0.0,False,0,0.0,0.0,0.26929025605866785,0.0,-0.12634887183527932,0.0,1.7932732349773473,2.131322995980058,1.0,1.0,1.0,0.8717860349409852,0.0,0.0,12692.902560586694,12692.902560586694,0.0,12692.902560586694
GIVEBACK_BASELINE,F02,JPM,50,False,0,0,0,0,0.0,False,0,0.0,0.0,0.26612691708617864,0.0,-0.1263488718352791,0.0,1.7800261194735119,2.106286452902627,1.0,1.0,1.0,0.8728744070195634,0.0,0.0,12661.269170861782,12661.269170861782,0.0,12661.269170861782
HERD_GIVEBACK_S1,F02,JPM,10,False,0,0,0,0,0.0,False,0,0.0,0.0,0.27119395321314,0.0,-0.12634887183527932,0.0,1.80368216449909,2.1463899857111097,1.0,1.0,1.0000000000000002,0.8711330116938388,0.0,0.0,12711.939532131393,12711.939532131393,0.0,12711.939532131393
HERD_GIVEBACK_S1,F02,JPM,25,False,0,0,0,0,0.0,False,0,0.0,0.0,0.26929025605866785,0.0,-0.12634887183527932,0.0,1.7932732349773473,2.131322995980058,1.0,1.0,1.0,0.8717860349409852,0.0,0.0,12692.902560586694,12692.902560586694,0.0,12692.902560586694
HERD_GIVEBACK_S1,F02,JPM,50,False,0,0,0,0,0.0,False,0,0.0,0.0,0.26612691708617864,0.0,-0.1263488718352791,0.0,1.7800261194735119,2.106286452902627,1.0,1.0,1.0,0.8728744070195634,0.0,0.0,12661.269170861782,12661.269170861782,0.0,12661.269170861782
GIVEBACK_BASELINE,F02,KO,10,False,0,0,0,0,0.0,False,0,0.0,0.0,0.05118983158026258,0.0,-0.13627031806749634,0.0,0.5848035594891153,0.37564916781736457,1.0,1.0,1.0,0.998981116800505,0.0,0.0,10511.898315802611,10511.898315802611,0.0,10511.898315802611
GIVEBACK_BASELINE,F02,KO,25,False,0,0,0,0,0.0,False,0,0.0,0.0,0.04961560517198382,0.0,-0.13627031806749612,0.0,0.5705252724104932,0.36409693523580605,1.0,1.0,1.0,0.9997299782074021,0.0,0.0,10496.156051719861,10496.156051719861,0.0,10496.156051719861
GIVEBACK_BASELINE,F02,KO,50,False,0,0,0,0,0.0,False,0,0.0,0.0,0.04699974175215327,0.0,-0.13627031806749557,0.0,0.546141743877932,0.3449008002525832,1.0,1.0,1.0,1.0009780805522301,0.0,0.0,10469.997417521527,10469.997417521527,0.0,10469.997417521527
HERD_GIVEBACK_S1,F02,KO,10,False,0,0,0,0,0.0,False,0,0.0,0.0,0.05118983158026258,0.0,-0.13627031806749634,0.0,0.5848035594891153,0.37564916781736457,1.0,1.0,1.0,0.998981116800505,0.0,0.0,10511.898315802611,10511.898315802611,0.0,10511.898315802611
HERD_GIVEBACK_S1,F02,KO,25,False,0,0,0,0,0.0,False,0,0.0,0.0,0.04961560517198382,0.0,-0.13627031806749612,0.0,0.5705252724104932,0.36409693523580605,1.0,1.0,1.0,0.9997299782074021,0.0,0.0,10496.156051719861,10496.156051719861,0.0,10496.156051719861
HERD_GIVEBACK_S1,F02,KO,50,False,0,0,0,0,0.0,False,0,0.0,0.0,0.04699974175215327,0.0,-0.13627031806749557,0.0,0.546141743877932,0.3449008002525832,1.0,1.0,1.0,1.0009780805522301,0.0,0.0,10469.997417521527,10469.997417521527,0.0,10469.997417521527
GIVEBACK_BASELINE,F02,LIN,10,False,0,0,0,0,0.0,False,0,0.0,0.0,0.293160381871463,0.0,-0.13771666886671607,0.0,2.07123966111682,2.1287211220247224,1.0,1.0,1.0,0.8578044607688702,0.0,0.0,12931.603818714626,12931.603818714626,0.0,12931.603818714626
GIVEBACK_BASELINE,F02,LIN,25,False,0,0,0,0,0.0,False,0,0.0,0.0,0.2912237885349216,0.0,-0.13771666886671563,0.0,2.062803084386711,2.1146589656243617,1.0,1.0,1.0,0.8584474925985319,0.0,0.0,12912.237885349226,12912.237885349226,0.0,12912.237885349226
GIVEBACK_BASELINE,F02,LIN,50,False,0,0,0,0,0.0,False,0,0.0,0.0,0.2880057865743899,0.0,-0.13771666886671552,0.0,2.0475257973169,2.091292135835254,1.0,1.0,1.0,0.859519212314635,0.0,0.0,12880.057865743915,12880.057865743915,0.0,12880.057865743915
HERD_GIVEBACK_S1,F02,LIN,10,False,0,0,0,0,0.0,False,0,0.0,0.0,0.293160381871463,0.0,-0.13771666886671607,0.0,2.07123966111682,2.1287211220247224,1.0,1.0,1.0,0.8578044607688702,0.0,0.0,12931.603818714626,12931.603818714626,0.0,12931.603818714626
HERD_GIVEBACK_S1,F02,LIN,25,False,0,0,0,0,0.0,False,0,0.0,0.0,0.2912237885349216,0.0,-0.13771666886671563,0.0,2.062803084386711,2.1146589656243617,1.0,1.0,1.0,0.8584474925985319,0.0,0.0,12912.237885349226,12912.237885349226,0.0,12912.237885349226
HERD_GIVEBACK_S1,F02,LIN,50,False,0,0,0,0,0.0,False,0,0.0,0.0,0.2880057865743899,0.0,-0.13771666886671552,0.0,2.0475257973169,2.091292135835254,1.0,1.0,1.0,0.859519212314635,0.0,0.0,12880.057865743915,12880.057865743915,0.0,12880.057865743915
GIVEBACK_BASELINE,F02,LLY,10,False,0,0,0,0,0.0,False,0,0.0,0.0,0.23438678013762226,0.0,-0.1556492499927099,0.0,1.5831604885705897,1.5058651432538233,1.0,1.0,1.0000000000000002,0.9722590625848192,0.0,0.0,12343.867801376227,12343.867801376227,0.0,12343.867801376227
GIVEBACK_BASELINE,F02,LLY,25,False,0,0,0,0,0.0,False,0,0.0,0.0,0.232538204163105,0.0,-0.1556492499927088,0.0,1.573819870941945,1.493988594060029,1.0,1.0,1.0,0.9729878924668169,0.0,0.0,12325.382041631037,12325.382041631037,0.0,12325.382041631037
GIVEBACK_BASELINE,F02,LLY,50,False,0,0,0,0,0.0,False,0,0.0,0.0,0.22946645905381602,0.0,-0.15564924999270957,0.0,1.5574403784641455,1.4742535480547703,1.0,1.0,1.0000000000000002,0.9742026089368132,0.0,0.0,12294.664590538172,12294.664590538172,0.0,12294.664590538172
HERD_GIVEBACK_S1,F02,LLY,10,False,0,0,0,0,0.0,False,0,0.0,0.0,0.23438678013762226,0.0,-0.1556492499927099,0.0,1.5831604885705897,1.5058651432538233,1.0,1.0,1.0000000000000002,0.9722590625848192,0.0,0.0,12343.867801376227,12343.867801376227,0.0,12343.867801376227
HERD_GIVEBACK_S1,F02,LLY,25,False,0,0,0,0,0.0,False,0,0.0,0.0,0.232538204163105,0.0,-0.1556492499927088,0.0,1.573819870941945,1.493988594060029,1.0,1.0,1.0,0.9729878924668169,0.0,0.0,12325.382041631037,12325.382041631037,0.0,12325.382041631037
HERD_GIVEBACK_S1,F02,LLY,50,False,0,0,0,0,0.0,False,0,0.0,0.0,0.22946645905381602,0.0,-0.15564924999270957,0.0,1.5574403784641455,1.4742535480547703,1.0,1.0,1.0000000000000002,0.9742026089368132,0.0,0.0,12294.664590538172,12294.664590538172,0.0,12294.664590538172
GIVEBACK_BASELINE,F02,MA,10,False,0,0,0,0,0.0,False,0,0.0,0.0,0.5582616233151652,0.0,-0.0760648553717801,0.0,2.956333400567852,7.339284622136796,1.0,1.0,1.0,0.7767147110975937,0.0,0.0,15582.616233151646,15582.616233151646,0.0,15582.616233151646
GIVEBACK_BASELINE,F02,MA,25,False,0,0,0,0,0.0,False,0,0.0,0.0,0.5559280233080806,0.0,-0.07606485537178032,0.0,2.9467430068938127,7.308605539192639,1.0,1.0,1.0,0.7772969560084616,0.0,0.0,15559.28023308079,15559.28023308079,0.0,15559.28023308079
GIVEBACK_BASELINE,F02,MA,50,False,0,0,0,0,0.0,False,0,0.0,0.0,0.5520503225764892,0.0,-0.07606485537178032,0.0,2.930806823977671,7.257626664485806,1.0,1.0,1.0,0.778267364193241,0.0,0.0,15520.503225764873,15520.503225764873,0.0,15520.503225764873
HERD_GIVEBACK_S1,F02,MA,10,False,0,0,0,0,0.0,False,0,0.0,0.0,0.5582616233151652,0.0,-0.0760648553717801,0.0,2.956333400567852,7.339284622136796,1.0,1.0,1.0,0.7767147110975937,0.0,0.0,15582.616233151646,15582.616233151646,0.0,15582.616233151646
HERD_GIVEBACK_S1,F02,MA,25,False,0,0,0,0,0.0,False,0,0.0,0.0,0.5559280233080806,0.0,-0.07606485537178032,0.0,2.9467430068938127,7.308605539192639,1.0,1.0,1.0,0.7772969560084616,0.0,0.0,15559.28023308079,15559.28023308079,0.0,15559.28023308079
HERD_GIVEBACK_S1,F02,MA,50,False,0,0,0,0,0.0,False,0,0.0,0.0,0.5520503225764892,0.0,-0.07606485537178032,0.0,2.930806823977671,7.257626664485806,1.0,1.0,1.0,0.778267364193241,0.0,0.0,15520.503225764873,15520.503225764873,0.0,15520.503225764873
GIVEBACK_BASELINE,F02,MCD,10,False,0,0,0,0,0.0,False,0,0.0,0.0,0.044816529457698984,0.0,-0.16344457766913045,0.0,0.44143774988486284,0.27420016067112035,1.0,1.0,1.0000000000000002,0.9310033992084161,0.0,0.0,10448.165294576982,10448.165294576982,0.0,10448.165294576982
GIVEBACK_BASELINE,F02,MCD,25,False,0,0,0,0,0.0,False,0,0.0,0.0,0.043251847491545314,0.0,-0.16344457766913068,0.0,0.430308533254601,0.26462699532989264,1.0,1.0,1.0,0.9317013028060235,0.0,0.0,10432.518474915478,10432.518474915478,0.0,10432.518474915478
GIVEBACK_BASELINE,F02,MCD,50,False,0,0,0,0,0.0,False,0,0.0,0.0,0.04065184389777432,0.0,-0.16344457766913023,0.0,0.4118153161916323,0.24871944042137675,1.0,1.0,1.0,0.9328644754687025,0.0,0.0,10406.518438977751,10406.518438977751,0.0,10406.518438977751
HERD_GIVEBACK_S1,F02,MCD,10,False,0,0,0,0,0.0,False,0,0.0,0.0,0.044816529457698984,0.0,-0.16344457766913045,0.0,0.44143774988486284,0.27420016067112035,1.0,1.0,1.0000000000000002,0.9310033992084161,0.0,0.0,10448.165294576982,10448.165294576982,0.0,10448.165294576982
HERD_GIVEBACK_S1,F02,MCD,25,False,0,0,0,0,0.0,False,0,0.0,0.0,0.043251847491545314,0.0,-0.16344457766913068,0.0,0.430308533254601,0.26462699532989264,1.0,1.0,1.0,0.9317013028060235,0.0,0.0,10432.518474915478,10432.518474915478,0.0,10432.518474915478
HERD_GIVEBACK_S1,F02,MCD,50,False,0,0,0,0,0.0,False,0,0.0,0.0,0.04065184389777432,0.0,-0.16344457766913023,0.0,0.4118153161916323,0.24871944042137675,1.0,1.0,1.0,0.9328644754687025,0.0,0.0,10406.518438977751,10406.518438977751,0.0,10406.518438977751
GIVEBACK_BASELINE,F02,META,10,False,0,0,0,0,0.0,False,0,0.0,0.0,0.006920294521203019,0.0,-0.21351724283624207,0.0,0.19099450088083944,0.03241093988137795,1.0,1.0,1.0,0.9508597783872429,0.0,0.0,10069.202945212042,10069.202945212042,0.0,10069.202945212042
GIVEBACK_BASELINE,F02,META,25,False,0,0,0,0,0.0,False,0,0.0,0.0,0.005412364677285009,0.0,-0.21351724283624185,0.0,0.18646070215571484,0.025348607004241103,1.0,1.0,1.0,0.9515725668268138,0.0,0.0,10054.123646772861,10054.123646772861,0.0,10054.123646772861
GIVEBACK_BASELINE,F02,META,50,False,0,0,0,0,0.0,False,0,0.0,0.0,0.0029066650538722705,0.0,-0.21351724283624185,0.0,0.1789058040158455,0.013613256780865947,1.0,1.0,1.0,0.9527605475594317,0.0,0.0,10029.06665053873,10029.06665053873,0.0,10029.06665053873
HERD_GIVEBACK_S1,F02,META,10,False,0,0,0,0,0.0,False,0,0.0,0.0,0.006920294521203019,0.0,-0.21351724283624207,0.0,0.19099450088083944,0.03241093988137795,1.0,1.0,1.0,0.9508597783872429,0.0,0.0,10069.202945212042,10069.202945212042,0.0,10069.202945212042
HERD_GIVEBACK_S1,F02,META,25,False,0,0,0,0,0.0,False,0,0.0,0.0,0.005412364677285009,0.0,-0.21351724283624185,0.0,0.18646070215571484,0.025348607004241103,1.0,1.0,1.0,0.9515725668268138,0.0,0.0,10054.123646772861,10054.123646772861,0.0,10054.123646772861
HERD_GIVEBACK_S1,F02,META,50,False,0,0,0,0,0.0,False,0,0.0,0.0,0.0029066650538722705,0.0,-0.21351724283624185,0.0,0.1789058040158455,0.013613256780865947,1.0,1.0,1.0,0.9527605475594317,0.0,0.0,10029.06665053873,10029.06665053873,0.0,10029.06665053873
GIVEBACK_BASELINE,F02,MRK,10,False,0,0,0,0,0.0,False,0,0.0,0.0,0.05641230792945917,0.0,-0.18228552943998588,0.0,0.49638735880871404,0.30947222252236906,1.0,1.0,1.0000000000000002,1.060625418886756,0.0,0.0,10564.123079294588,10564.123079294588,0.0,10564.123079294588
GIVEBACK_BASELINE,F02,MRK,25,False,0,0,0,0,0.0,False,0,0.0,0.0,0.05483026051688977,0.0,-0.182285529439986,0.0,0.48632507162860333,0.30079327023564745,1.0,1.0,1.0,1.0614204904151565,0.0,0.0,10548.302605168912,10548.302605168912,0.0,10548.302605168912
GIVEBACK_BASELINE,F02,MRK,50,False,0,0,0,0,0.0,False,0,0.0,0.0,0.05220140107632498,0.0,-0.18228552943998622,0.0,0.46940494925790477,0.2863716129124294,1.0,1.0,1.0,1.062745609629158,0.0,0.0,10522.014010763269,10522.014010763269,0.0,10522.014010763269
HERD_GIVEBACK_S1,F02,MRK,10,False,0,0,0,0,0.0,False,0,0.0,0.0,0.05641230792945917,0.0,-0.18228552943998588,0.0,0.49638735880871404,0.30947222252236906,1.0,1.0,1.0000000000000002,1.060625418886756,0.0,0.0,10564.123079294588,10564.123079294588,0.0,10564.123079294588
HERD_GIVEBACK_S1,F02,MRK,25,False,0,0,0,0,0.0,False,0,0.0,0.0,0.05483026051688977,0.0,-0.182285529439986,0.0,0.48632507162860333,0.30079327023564745,1.0,1.0,1.0,1.0614204904151565,0.0,0.0,10548.302605168912,10548.302605168912,0.0,10548.302605168912
HERD_GIVEBACK_S1,F02,MRK,50,False,0,0,0,0,0.0,False,0,0.0,0.0,0.05220140107632498,0.0,-0.18228552943998622,0.0,0.46940494925790477,0.2863716129124294,1.0,1.0,1.0,1.062745609629158,0.0,0.0,10522.014010763269,10522.014010763269,0.0,10522.014010763269
GIVEBACK_BASELINE,F02,MSFT,10,False,0,0,0,0,0.0,False,0,0.0,0.0,0.49202800271866964,0.0,-0.10525211709167559,0.0,2.6755050662235984,4.674756349937442,1.0,1.0,1.0000000000000002,0.8086491139381432,0.0,0.0,14920.280027186713,14920.280027186713,0.0,14920.280027186713
GIVEBACK_BASELINE,F02,MSFT,25,False,0,0,0,0,0.0,False,0,0.0,0.0,0.4897935919460392,0.0,-0.10525211709167515,0.0,2.66772539769218,4.653527220924463,1.0,1.0,0.9999999999999998,0.8092552976817249,0.0,0.0,14897.935919460378,14897.935919460378,0.0,14897.935919460378
GIVEBACK_BASELINE,F02,MSFT,50,False,0,0,0,0,0.0,False,0,0.0,0.0,0.48608071216312454,0.0,-0.10525211709167548,0.0,2.6535266421405415,4.618251162964676,1.0,1.0,1.0,0.810265603921028,0.0,0.0,14860.80712163124,14860.80712163124,0.0,14860.80712163124
HERD_GIVEBACK_S1,F02,MSFT,10,False,0,0,0,0,0.0,False,0,0.0,0.0,0.49202800271866964,0.0,-0.10525211709167559,0.0,2.6755050662235984,4.674756349937442,1.0,1.0,1.0000000000000002,0.8086491139381432,0.0,0.0,14920.280027186713,14920.280027186713,0.0,14920.280027186713
HERD_GIVEBACK_S1,F02,MSFT,25,False,0,0,0,0,0.0,False,0,0.0,0.0,0.4897935919460392,0.0,-0.10525211709167515,0.0,2.66772539769218,4.653527220924463,1.0,1.0,0.9999999999999998,0.8092552976817249,0.0,0.0,14897.935919460378,14897.935919460378,0.0,14897.935919460378
HERD_GIVEBACK_S1,F02,MSFT,50,False,0,0,0,0,0.0,False,0,0.0,0.0,0.48608071216312454,0.0,-0.10525211709167548,0.0,2.6535266421405415,4.618251162964676,1.0,1.0,1.0,0.810265603921028,0.0,0.0,14860.80712163124,14860.80712163124,0.0,14860.80712163124
GIVEBACK_BASELINE,F02,NEE,10,False,0,0,0,0,0.0,False,0,0.0,0.0,0.17877580449602015,0.0,-0.08766102265059228,0.0,1.8080364060598695,2.039399029242471,1.0,1.0,1.0000000000000002,0.9207464450006394,0.0,0.0,11787.758044960192,11787.758044960192,0.0,11787.758044960192
GIVEBACK_BASELINE,F02,NEE,25,False,0,0,0,0,0.0,False,0,0.0,0.0,0.17701050964144338,0.0,-0.08766102265059217,0.0,1.7925885872365834,2.019261289558406,1.0,1.0,0.9999999999999998,0.9214366597270265,0.0,0.0,11770.105096414414,11770.105096414414,0.0,11770.105096414414
GIVEBACK_BASELINE,F02,NEE,50,False,0,0,0,0,0.0,False,0,0.0,0.0,0.17407715125599332,0.0,-0.08766102265059239,0.0,1.7679991142836646,1.9857987734166247,1.0,1.0,1.0,0.9225870176043388,0.0,0.0,11740.77151255991,11740.77151255991,0.0,11740.77151255991
HERD_GIVEBACK_S1,F02,NEE,10,False,0,0,0,0,0.0,False,0,0.0,0.0,0.17877580449602015,0.0,-0.08766102265059228,0.0,1.8080364060598695,2.039399029242471,1.0,1.0,1.0000000000000002,0.9207464450006394,0.0,0.0,11787.758044960192,11787.758044960192,0.0,11787.758044960192
HERD_GIVEBACK_S1,F02,NEE,25,False,0,0,0,0,0.0,False,0,0.0,0.0,0.17701050964144338,0.0,-0.08766102265059217,0.0,1.7925885872365834,2.019261289558406,1.0,1.0,0.9999999999999998,0.9214366597270265,0.0,0.0,11770.105096414414,11770.105096414414,0.0,11770.105096414414
HERD_GIVEBACK_S1,F02,NEE,50,False,0,0,0,0,0.0,False,0,0.0,0.0,0.17407715125599332,0.0,-0.08766102265059239,0.0,1.7679991142836646,1.9857987734166247,1.0,1.0,1.0,0.9225870176043388,0.0,0.0,11740.77151255991,11740.77151255991,0.0,11740.77151255991
GIVEBACK_BASELINE,F02,NEM,10,False,0,0,0,0,0.0,False,0,0.0,0.0,0.0029235912895568816,0.0,-0.12797276862432383,0.0,0.20181123374905569,0.02284541720074339,1.0,1.0,1.0,0.9613910929766938,0.0,0.0,10029.235912895578,10029.235912895578,0.0,10029.235912895578
GIVEBACK_BASELINE,F02,NEM,25,False,0,0,0,0,0.0,False,0,0.0,0.0,0.0014216467734877725,0.0,-0.1279727686243245,0.0,0.18950130883129743,0.01110897879892826,1.0,1.0,1.0,0.9621117759549372,0.0,0.0,10014.216467734883,10014.216467734883,0.0,10014.216467734883
GIVEBACK_BASELINE,F02,NEM,50,False,0,0,0,0,0.0,False,0,0.0,0.0,-0.0010741071393877144,0.0,-0.12797276862432372,0.0,0.16876579936507527,-0.008393247648965527,1.0,1.0,1.0000000000000002,0.9633129142520098,0.0,0.0,9989.258928606116,9989.258928606116,0.0,9989.258928606116
HERD_GIVEBACK_S1,F02,NEM,10,False,0,0,0,0,0.0,False,0,0.0,0.0,0.0029235912895568816,0.0,-0.12797276862432383,0.0,0.20181123374905569,0.02284541720074339,1.0,1.0,1.0,0.9613910929766938,0.0,0.0,10029.235912895578,10029.235912895578,0.0,10029.235912895578
HERD_GIVEBACK_S1,F02,NEM,25,False,0,0,0,0,0.0,False,0,0.0,0.0,0.0014216467734877725,0.0,-0.1279727686243245,0.0,0.18950130883129743,0.01110897879892826,1.0,1.0,1.0,0.9621117759549372,0.0,0.0,10014.216467734883,10014.216467734883,0.0,10014.216467734883
HERD_GIVEBACK_S1,F02,NEM,50,False,0,0,0,0,0.0,False,0,0.0,0.0,-0.0010741071393877144,0.0,-0.12797276862432372,0.0,0.16876579936507527,-0.008393247648965527,1.0,1.0,1.0000000000000002,0.9633129142520098,0.0,0.0,9989.258928606116,9989.258928606116,0.0,9989.258928606116
GIVEBACK_BASELINE,F02,NFLX,10,False,0,0,0,0,0.0,False,0,0.0,0.0,0.8551305228694364,0.0,-0.20051557649306584,0.0,2.901612847962069,4.264658825141239,1.0,1.0,1.0,0.6927378231894002,0.0,0.0,18551.30522869435,18551.30522869435,0.0,18551.30522869435
GIVEBACK_BASELINE,F02,NFLX,25,False,0,0,0,0,0.0,False,0,0.0,0.0,0.8523523420193582,0.0,-0.20051557649306573,0.0,2.8961523152548416,4.250803637935003,1.0,1.0,1.0,0.6932571169099322,0.0,0.0,18523.523420193524,18523.523420193524,0.0,18523.523420193524
GIVEBACK_BASELINE,F02,NFLX,50,False,0,0,0,0,0.0,False,0,0.0,0.0,0.8477358893787355,0.0,-0.20051557649306528,0.0,2.8865253276976186,4.22778072509521,1.0,1.0,1.0,0.6941226064441518,0.0,0.0,18477.35889378733,18477.35889378733,0.0,18477.35889378733
HERD_GIVEBACK_S1,F02,NFLX,10,False,0,0,0,0,0.0,False,0,0.0,0.0,0.8551305228694364,0.0,-0.20051557649306584,0.0,2.901612847962069,4.264658825141239,1.0,1.0,1.0,0.6927378231894002,0.0,0.0,18551.30522869435,18551.30522869435,0.0,18551.30522869435
HERD_GIVEBACK_S1,F02,NFLX,25,False,0,0,0,0,0.0,False,0,0.0,0.0,0.8523523420193582,0.0,-0.20051557649306573,0.0,2.8961523152548416,4.250803637935003,1.0,1.0,1.0,0.6932571169099322,0.0,0.0,18523.523420193524,18523.523420193524,0.0,18523.523420193524
HERD_GIVEBACK_S1,F02,NFLX,50,False,0,0,0,0,0.0,False,0,0.0,0.0,0.8477358893787355,0.0,-0.20051557649306528,0.0,2.8865253276976186,4.22778072509521,1.0,1.0,1.0,0.6941226064441518,0.0,0.0,18477.35889378733,18477.35889378733,0.0,18477.35889378733
GIVEBACK_BASELINE,F02,NKE,10,False,0,0,0,0,0.0,False,0,0.0,0.0,0.317233190913806,0.0,-0.15190093721512898,0.0,2.0845768290035607,2.088421551109497,1.0,1.0,1.0000000000000002,0.9221196601380753,0.0,0.0,13172.331909138053,13172.331909138053,0.0,13172.331909138053
GIVEBACK_BASELINE,F02,NKE,25,False,0,0,0,0,0.0,False,0,0.0,0.0,0.315260546951035,0.0,-0.15190093721512976,0.0,2.0742863719225353,2.075435166700434,1.0,1.0,1.0,0.9228109042611176,0.0,0.0,13152.605469510345,13152.605469510345,0.0,13152.605469510345
GIVEBACK_BASELINE,F02,NKE,50,False,0,0,0,0,0.0,False,0,0.0,0.0,0.3119826403199142,0.0,-0.1519009372151301,0.0,2.056772735076199,2.0538559276831054,1.0,1.0,1.0,0.9239629777995209,0.0,0.0,13119.826403199151,13119.826403199151,0.0,13119.826403199151
HERD_GIVEBACK_S1,F02,NKE,10,False,0,0,0,0,0.0,False,0,0.0,0.0,0.317233190913806,0.0,-0.15190093721512898,0.0,2.0845768290035607,2.088421551109497,1.0,1.0,1.0000000000000002,0.9221196601380753,0.0,0.0,13172.331909138053,13172.331909138053,0.0,13172.331909138053
HERD_GIVEBACK_S1,F02,NKE,25,False,0,0,0,0,0.0,False,0,0.0,0.0,0.315260546951035,0.0,-0.15190093721512976,0.0,2.0742863719225353,2.075435166700434,1.0,1.0,1.0,0.9228109042611176,0.0,0.0,13152.605469510345,13152.605469510345,0.0,13152.605469510345
HERD_GIVEBACK_S1,F02,NKE,50,False,0,0,0,0,0.0,False,0,0.0,0.0,0.3119826403199142,0.0,-0.1519009372151301,0.0,2.056772735076199,2.0538559276831054,1.0,1.0,1.0,0.9239629777995209,0.0,0.0,13119.826403199151,13119.826403199151,0.0,13119.826403199151
GIVEBACK_BASELINE,F02,NVDA,10,True,3,0,0,0,0.0,False,3,1838.361189120137,0.0,0.4610663623884055,-0.028632128326151918,-0.1405584029522653,0.00408398262843257,1.7462748515957887,3.2802475889327454,0.9561701320362321,0.9583395335131787,0.9561103009732448,0.9061498343896625,-286.32128326149905,-348.67399946312753,14610.663623884044,14896.984907145543,-286.32128326149905,14610.663623884044
GIVEBACK_BASELINE,F02,NVDA,25,True,3,0,0,0,0.0,False,3,1832.8543654441164,0.0,0.45860294312179417,-0.028864625418668632,-0.14062473729965808,0.004017648281039787,1.7400706344977388,3.2611825766085127,0.9561371932309689,0.9584304412763495,0.9561708126687541,0.9066829940015364,-288.6462541867222,-348.15183705121717,14586.029431217925,14874.675685404647,-288.6462541867222,14586.029431217925
GIVEBACK_BASELINE,F02,NVDA,50,True,3,0,0,0,0.0,False,3,1823.7129329147754,0.0,0.4545104397171147,-0.02925004598125036,-0.1407351838912443,0.0039072016894533546,1.7294674266023153,3.229543793884165,0.956082354391633,0.9585814018492126,0.9562715968121339,0.9075716548376984,-292.50045981251424,-347.28416925873853,14545.104397171128,14837.604856983642,-292.50045981251424,14545.104397171128
HERD_GIVEBACK_S1,F02,NVDA,10,True,1,0,0,0,0.0,False,1,579.1199310855053,0.0,0.47312555928737554,-0.01657293142718186,-0.1405584029522653,0.00408398262843257,1.7766461357897456,3.366042508664904,0.9717392700042895,0.97264964280684,0.9736893882574531,0.8077912371110116,-165.72931427177355,-122.2345309248476,14731.25559287377,14896.984907145543,-165.72931427177355,14731.25559287377
HERD_GIVEBACK_S1,F02,NVDA,25,True,1,0,0,0,0.0,False,1,577.3851733204747,0.0,0.470832707445487,-0.016634861094975806,-0.14062473729965808,0.004017648281039787,1.771014569547731,3.348149952039994,0.9717471854446891,0.9727106856946387,0.9737272251742769,0.8083646610758469,-166.34861094975713,-122.05147661742922,14708.32707445489,14874.675685404647,-166.34861094975713,14708.32707445489
HERD_GIVEBACK_S1,F02,NVDA,50,True,1,0,0,0,0.0,False,1,574.505442281903,0.0,0.4670230056416391,-0.01673748005672593,-0.1407351838912443,0.0039072016894533546,1.7613622353063902,3.3184523779251944,0.9717603760422604,0.9728120463847181,0.973790234025352,0.8093204185080671,-167.3748005672769,-121.74729860078469,14670.230056416365,14837.604856983642,-167.3748005672769,14670.230056416365
GIVEBACK_BASELINE,F02,ORCL,10,False,0,0,0,0,0.0,False,0,0.0,0.0,-0.04378528304155749,0.0,-0.18827083688886603,0.0,-0.06892630249622556,-0.23256540293281536,1.0,1.0,1.0000000000000002,1.0317541043580998,0.0,0.0,9562.14716958444,9562.14716958444,0.0,9562.14716958444
GIVEBACK_BASELINE,F02,ORCL,25,False,0,0,0,0,0.0,False,0,0.0,0.0,-0.0452172779241109,0.0,-0.1882708368888656,0.0,-0.07504246316130202,-0.24017143956714979,1.0,1.0,1.0,1.0325275332219361,0.0,0.0,9547.827220758889,9547.827220758889,0.0,9547.827220758889
GIVEBACK_BASELINE,F02,ORCL,50,False,0,0,0,0,0.0,False,0,0.0,0.0,-0.04759679780192161,0.0,-0.1882708368888656,0.0,-0.0851887643204825,-0.2528102524450854,1.0,1.0,1.0,1.0338165813283309,0.0,0.0,9524.032021980776,9524.032021980776,0.0,9524.032021980776
HERD_GIVEBACK_S1,F02,ORCL,10,False,0,0,0,0,0.0,False,0,0.0,0.0,-0.04378528304155749,0.0,-0.18827083688886603,0.0,-0.06892630249622556,-0.23256540293281536,1.0,1.0,1.0000000000000002,1.0317541043580998,0.0,0.0,9562.14716958444,9562.14716958444,0.0,9562.14716958444
HERD_GIVEBACK_S1,F02,ORCL,25,False,0,0,0,0,0.0,False,0,0.0,0.0,-0.0452172779241109,0.0,-0.1882708368888656,0.0,-0.07504246316130202,-0.24017143956714979,1.0,1.0,1.0,1.0325275332219361,0.0,0.0,9547.827220758889,9547.827220758889,0.0,9547.827220758889
HERD_GIVEBACK_S1,F02,ORCL,50,False,0,0,0,0,0.0,False,0,0.0,0.0,-0.04759679780192161,0.0,-0.1882708368888656,0.0,-0.0851887643204825,-0.2528102524450854,1.0,1.0,1.0,1.0338165813283309,0.0,0.0,9524.032021980776,9524.032021980776,0.0,9524.032021980776
GIVEBACK_BASELINE,F02,PEP,10,False,0,0,0,0,0.0,False,0,0.0,0.0,0.010976950209692582,0.0,-0.20441313325946608,0.0,0.2045837742899365,0.05369982855142334,1.0,1.0,1.0000000000000002,1.02311882314293,0.0,0.0,10109.769502096922,10109.769502096922,0.0,10109.769502096922
GIVEBACK_BASELINE,F02,PEP,25,False,0,0,0,0,0.0,False,0,0.0,0.0,0.009462945255149569,0.0,-0.20441313325946564,0.0,0.19121596115669937,0.04629323519608725,1.0,1.0,1.0,1.0238857787824673,0.0,0.0,10094.629452551497,10094.629452551497,0.0,10094.629452551497
GIVEBACK_BASELINE,F02,PEP,50,False,0,0,0,0,0.0,False,0,0.0,0.0,0.006947150730794327,0.0,-0.20441313325946553,0.0,0.16876066903145515,0.033985833591113616,1.0,1.0,1.0,1.0251640381816964,0.0,0.0,10069.471507307935,10069.471507307935,0.0,10069.471507307935
HERD_GIVEBACK_S1,F02,PEP,10,False,0,0,0,0,0.0,False,0,0.0,0.0,0.010976950209692582,0.0,-0.20441313325946608,0.0,0.2045837742899365,0.05369982855142334,1.0,1.0,1.0000000000000002,1.02311882314293,0.0,0.0,10109.769502096922,10109.769502096922,0.0,10109.769502096922
HERD_GIVEBACK_S1,F02,PEP,25,False,0,0,0,0,0.0,False,0,0.0,0.0,0.009462945255149569,0.0,-0.20441313325946564,0.0,0.19121596115669937,0.04629323519608725,1.0,1.0,1.0,1.0238857787824673,0.0,0.0,10094.629452551497,10094.629452551497,0.0,10094.629452551497
HERD_GIVEBACK_S1,F02,PEP,50,False,0,0,0,0,0.0,False,0,0.0,0.0,0.006947150730794327,0.0,-0.20441313325946553,0.0,0.16876066903145515,0.033985833591113616,1.0,1.0,1.0,1.0251640381816964,0.0,0.0,10069.471507307935,10069.471507307935,0.0,10069.471507307935
GIVEBACK_BASELINE,F02,PG,10,False,0,0,0,0,0.0,False,0,0.0,0.0,-0.08433518512691218,0.0,-0.23005446208913916,0.0,-0.6665562874285873,-0.3665879129709505,1.0,1.0,1.0000000000000002,1.0690098677542659,0.0,0.0,9156.64814873088,9156.64814873088,0.0,9156.64814873088
GIVEBACK_BASELINE,F02,PG,25,False,0,0,0,0,0.0,False,0,0.0,0.0,-0.08570645384488906,0.0,-0.2300544620891395,0.0,-0.6803497268876592,-0.37254853944836885,1.0,1.0,1.0,1.06981122447672,0.0,0.0,9142.935461551113,9142.935461551113,0.0,9142.935461551113
GIVEBACK_BASELINE,F02,PG,50,False,0,0,0,0,0.0,False,0,0.0,0.0,-0.0879850661583792,0.0,-0.23005446208913882,0.0,-0.7028438438944937,-0.38245320416470674,1.0,1.0,1.0,1.071146819014144,0.0,0.0,9120.149338416204,9120.149338416204,0.0,9120.149338416204
HERD_GIVEBACK_S1,F02,PG,10,False,0,0,0,0,0.0,False,0,0.0,0.0,-0.08433518512691218,0.0,-0.23005446208913916,0.0,-0.6665562874285873,-0.3665879129709505,1.0,1.0,1.0000000000000002,1.0690098677542659,0.0,0.0,9156.64814873088,9156.64814873088,0.0,9156.64814873088
HERD_GIVEBACK_S1,F02,PG,25,False,0,0,0,0,0.0,False,0,0.0,0.0,-0.08570645384488906,0.0,-0.2300544620891395,0.0,-0.6803497268876592,-0.37254853944836885,1.0,1.0,1.0,1.06981122447672,0.0,0.0,9142.935461551113,9142.935461551113,0.0,9142.935461551113
HERD_GIVEBACK_S1,F02,PG,50,False,0,0,0,0,0.0,False,0,0.0,0.0,-0.0879850661583792,0.0,-0.23005446208913882,0.0,-0.7028438438944937,-0.38245320416470674,1.0,1.0,1.0,1.071146819014144,0.0,0.0,9120.149338416204,9120.149338416204,0.0,9120.149338416204
GIVEBACK_BASELINE,F02,PLD,10,False,0,0,0,0,0.0,False,0,0.0,0.0,0.10718083025591074,0.0,-0.12875333223961516,0.0,0.95327973099043,0.8324509229512047,1.0,1.0,1.0000000000000002,0.9485591042182429,0.0,0.0,11071.808302559126,11071.808302559126,0.0,11071.808302559126
GIVEBACK_BASELINE,F02,PLD,25,False,0,0,0,0,0.0,False,0,0.0,0.0,0.10552275361802921,0.0,-0.12875333223961372,0.0,0.9419332510385069,0.8195729911024615,1.0,1.0,1.0,0.9492701680145085,0.0,0.0,11055.227536180284,11055.227536180284,0.0,11055.227536180284
GIVEBACK_BASELINE,F02,PLD,50,False,0,0,0,0,0.0,False,0,0.0,0.0,0.10276755779516189,0.0,-0.12875333223961438,0.0,0.9224424710825069,0.7981739657340124,1.0,1.0,1.0,0.9504552743416176,0.0,0.0,11027.675577951642,11027.675577951642,0.0,11027.675577951642
HERD_GIVEBACK_S1,F02,PLD,10,False,0,0,0,0,0.0,False,0,0.0,0.0,0.10718083025591074,0.0,-0.12875333223961516,0.0,0.95327973099043,0.8324509229512047,1.0,1.0,1.0000000000000002,0.9485591042182429,0.0,0.0,11071.808302559126,11071.808302559126,0.0,11071.808302559126
HERD_GIVEBACK_S1,F02,PLD,25,False,0,0,0,0,0.0,False,0,0.0,0.0,0.10552275361802921,0.0,-0.12875333223961372,0.0,0.9419332510385069,0.8195729911024615,1.0,1.0,1.0,0.9492701680145085,0.0,0.0,11055.227536180284,11055.227536180284,0.0,11055.227536180284
HERD_GIVEBACK_S1,F02,PLD,50,False,0,0,0,0,0.0,False,0,0.0,0.0,0.10276755779516189,0.0,-0.12875333223961438,0.0,0.9224424710825069,0.7981739657340124,1.0,1.0,1.0,0.9504552743416176,0.0,0.0,11027.675577951642,11027.675577951642,0.0,11027.675577951642
GIVEBACK_BASELINE,F02,SHW,10,False,0,0,0,0,0.0,False,0,0.0,0.0,0.3095738394215848,0.0,-0.14875137434089003,0.0,2.217000026058168,2.0811494400861243,1.0,1.0,1.0,0.8607133304290405,0.0,0.0,13095.738394215836,13095.738394215836,0.0,13095.738394215836
GIVEBACK_BASELINE,F02,SHW,25,False,0,0,0,0,0.0,False,0,0.0,0.0,0.30761266584505975,0.0,-0.14875137434089059,0.0,2.2083349254728835,2.067965201720489,1.0,1.0,1.0,0.8613585428206666,0.0,0.0,13076.12665845062,13076.12665845062,0.0,13076.12665845062
GIVEBACK_BASELINE,F02,SHW,50,False,0,0,0,0,0.0,False,0,0.0,0.0,0.30435381934636485,0.0,-0.14875137434088925,0.0,2.1924795368089143,2.0460571923785116,1.0,1.0,1.0,0.86243389680671,0.0,0.0,13043.538193463624,13043.538193463624,0.0,13043.538193463624
HERD_GIVEBACK_S1,F02,SHW,10,False,0,0,0,0,0.0,False,0,0.0,0.0,0.3095738394215848,0.0,-0.14875137434089003,0.0,2.217000026058168,2.0811494400861243,1.0,1.0,1.0,0.8607133304290405,0.0,0.0,13095.738394215836,13095.738394215836,0.0,13095.738394215836
HERD_GIVEBACK_S1,F02,SHW,25,False,0,0,0,0,0.0,False,0,0.0,0.0,0.30761266584505975,0.0,-0.14875137434089059,0.0,2.2083349254728835,2.067965201720489,1.0,1.0,1.0,0.8613585428206666,0.0,0.0,13076.12665845062,13076.12665845062,0.0,13076.12665845062
HERD_GIVEBACK_S1,F02,SHW,50,False,0,0,0,0,0.0,False,0,0.0,0.0,0.30435381934636485,0.0,-0.14875137434088925,0.0,2.1924795368089143,2.0460571923785116,1.0,1.0,1.0,0.86243389680671,0.0,0.0,13043.538193463624,13043.538193463624,0.0,13043.538193463624
GIVEBACK_BASELINE,F02,SLB,10,False,0,0,0,0,0.0,False,0,0.0,0.0,-0.0037815187847034526,0.0,-0.20220482973160325,0.0,0.17023433870153473,-0.018701426616381293,1.0,1.0,1.0,1.0057974613958336,0.0,0.0,9962.184812152951,9962.184812152951,0.0,9962.184812152951
GIVEBACK_BASELINE,F02,SLB,25,False,0,0,0,0,0.0,False,0,0.0,0.0,-0.0052734219542615035,0.0,-0.2022048297316026,0.0,0.15903048886958,-0.026079604336163492,1.0,1.0,1.0,1.0065514325063254,0.0,0.0,9947.265780457381,9947.265780457381,0.0,9947.265780457381
GIVEBACK_BASELINE,F02,SLB,50,False,0,0,0,0,0.0,False,0,0.0,0.0,-0.007752490344084095,0.0,-0.20220482973160303,0.0,0.1401818604963376,-0.0383397881958328,1.0,1.0,1.0,1.0078080510238114,0.0,0.0,9922.475096559157,9922.475096559157,0.0,9922.475096559157
HERD_GIVEBACK_S1,F02,SLB,10,False,0,0,0,0,0.0,False,0,0.0,0.0,-0.0037815187847034526,0.0,-0.20220482973160325,0.0,0.17023433870153473,-0.018701426616381293,1.0,1.0,1.0,1.0057974613958336,0.0,0.0,9962.184812152951,9962.184812152951,0.0,9962.184812152951
HERD_GIVEBACK_S1,F02,SLB,25,False,0,0,0,0,0.0,False,0,0.0,0.0,-0.0052734219542615035,0.0,-0.2022048297316026,0.0,0.15903048886958,-0.026079604336163492,1.0,1.0,1.0,1.0065514325063254,0.0,0.0,9947.265780457381,9947.265780457381,0.0,9947.265780457381
HERD_GIVEBACK_S1,F02,SLB,50,False,0,0,0,0,0.0,False,0,0.0,0.0,-0.007752490344084095,0.0,-0.20220482973160303,0.0,0.1401818604963376,-0.0383397881958328,1.0,1.0,1.0,1.0078080510238114,0.0,0.0,9922.475096559157,9922.475096559157,0.0,9922.475096559157
GIVEBACK_BASELINE,F02,SO,10,False,0,0,0,0,0.0,False,0,0.0,0.0,0.041006986844919435,0.0,-0.17691193845945785,0.0,0.5608885880592382,0.23179321419462504,1.0,1.0,1.0,1.0007558104301013,0.0,0.0,10410.0698684492,10410.0698684492,0.0,10410.0698684492
GIVEBACK_BASELINE,F02,SO,25,False,0,0,0,0,0.0,False,0,0.0,0.0,0.039448009921193794,0.0,-0.1769119384594574,0.0,0.5443459936540359,0.22298105071204125,1.0,1.0,1.0,1.0015060021920432,0.0,0.0,10394.48009921193,10394.48009921193,0.0,10394.48009921193
GIVEBACK_BASELINE,F02,SO,50,False,0,0,0,0,0.0,False,0,0.0,0.0,0.03685748629275731,0.0,-0.17691193845945807,0.0,0.5168574651003918,0.20833803876499685,1.0,1.0,1.0,1.0027563217952793,0.0,0.0,10368.574862927586,10368.574862927586,0.0,10368.574862927586
HERD_GIVEBACK_S1,F02,SO,10,False,0,0,0,0,0.0,False,0,0.0,0.0,0.041006986844919435,0.0,-0.17691193845945785,0.0,0.5608885880592382,0.23179321419462504,1.0,1.0,1.0,1.0007558104301013,0.0,0.0,10410.0698684492,10410.0698684492,0.0,10410.0698684492
HERD_GIVEBACK_S1,F02,SO,25,False,0,0,0,0,0.0,False,0,0.0,0.0,0.039448009921193794,0.0,-0.1769119384594574,0.0,0.5443459936540359,0.22298105071204125,1.0,1.0,1.0,1.0015060021920432,0.0,0.0,10394.48009921193,10394.48009921193,0.0,10394.48009921193
HERD_GIVEBACK_S1,F02,SO,50,False,0,0,0,0,0.0,False,0,0.0,0.0,0.03685748629275731,0.0,-0.17691193845945807,0.0,0.5168574651003918,0.20833803876499685,1.0,1.0,1.0,1.0027563217952793,0.0,0.0,10368.574862927586,10368.574862927586,0.0,10368.574862927586
GIVEBACK_BASELINE,F02,TMUS,10,False,0,0,0,0,0.0,False,0,0.0,0.0,-0.06199484673926636,0.0,-0.1537757361501383,0.0,-0.19371276888169203,-0.4031510320896006,1.0,1.0,1.0,1.032788420241876,0.0,0.0,9380.051532607344,9380.051532607344,0.0,9380.051532607344
GIVEBACK_BASELINE,F02,TMUS,25,False,0,0,0,0,0.0,False,0,0.0,0.0,-0.06339957159389975,0.0,-0.15377573615013795,0.0,-0.20182828399236388,-0.4122859248223659,1.0,1.0,1.0,1.033562624454951,0.0,0.0,9366.004284060988,9366.004284060988,0.0,9366.004284060988
GIVEBACK_BASELINE,F02,TMUS,50,False,0,0,0,0,0.0,False,0,0.0,0.0,-0.06573377736179942,0.0,-0.1537757361501385,0.0,-0.2153136879975067,-0.4274652101006392,1.0,1.0,1.0,1.0348529648100755,0.0,0.0,9342.66222638201,9342.66222638201,0.0,9342.66222638201
HERD_GIVEBACK_S1,F02,TMUS,10,False,0,0,0,0,0.0,False,0,0.0,0.0,-0.06199484673926636,0.0,-0.1537757361501383,0.0,-0.19371276888169203,-0.4031510320896006,1.0,1.0,1.0,1.032788420241876,0.0,0.0,9380.051532607344,9380.051532607344,0.0,9380.051532607344
HERD_GIVEBACK_S1,F02,TMUS,25,False,0,0,0,0,0.0,False,0,0.0,0.0,-0.06339957159389975,0.0,-0.15377573615013795,0.0,-0.20182828399236388,-0.4122859248223659,1.0,1.0,1.0,1.033562624454951,0.0,0.0,9366.004284060988,9366.004284060988,0.0,9366.004284060988
HERD_GIVEBACK_S1,F02,TMUS,50,False,0,0,0,0,0.0,False,0,0.0,0.0,-0.06573377736179942,0.0,-0.1537757361501385,0.0,-0.2153136879975067,-0.4274652101006392,1.0,1.0,1.0,1.0348529648100755,0.0,0.0,9342.66222638201,9342.66222638201,0.0,9342.66222638201
GIVEBACK_BASELINE,F02,TSLA,10,False,0,0,0,0,0.0,False,0,0.0,0.0,-0.05769304128639263,0.0,-0.34420779630033993,0.0,0.10165010353946852,-0.1676110823360094,1.0,1.0,1.0000000000000002,0.981255655190457,0.0,0.0,9423.069587136068,9423.069587136068,0.0,9423.069587136068
GIVEBACK_BASELINE,F02,TSLA,25,False,0,0,0,0,0.0,False,0,0.0,0.0,-0.05910420837966446,0.0,-0.34420779630034004,0.0,0.0958411554695211,-0.17171083576530272,1.0,1.0,1.0,0.9819912291448727,0.0,0.0,9408.957916203348,9408.957916203348,0.0,9408.957916203348
GIVEBACK_BASELINE,F02,TSLA,50,False,0,0,0,0,0.0,False,0,0.0,0.0,-0.061449119098454186,0.0,-0.3442077963003407,0.0,0.08618853200696758,-0.17852332154858097,1.0,1.0,1.0,0.9832171857355653,0.0,0.0,9385.508809015468,9385.508809015468,0.0,9385.508809015468
HERD_GIVEBACK_S1,F02,TSLA,10,False,0,0,0,0,0.0,False,0,0.0,0.0,-0.05769304128639263,0.0,-0.34420779630033993,0.0,0.10165010353946852,-0.1676110823360094,1.0,1.0,1.0000000000000002,0.981255655190457,0.0,0.0,9423.069587136068,9423.069587136068,0.0,9423.069587136068
HERD_GIVEBACK_S1,F02,TSLA,25,False,0,0,0,0,0.0,False,0,0.0,0.0,-0.05910420837966446,0.0,-0.34420779630034004,0.0,0.0958411554695211,-0.17171083576530272,1.0,1.0,1.0,0.9819912291448727,0.0,0.0,9408.957916203348,9408.957916203348,0.0,9408.957916203348
HERD_GIVEBACK_S1,F02,TSLA,50,False,0,0,0,0,0.0,False,0,0.0,0.0,-0.061449119098454186,0.0,-0.3442077963003407,0.0,0.08618853200696758,-0.17852332154858097,1.0,1.0,1.0,0.9832171857355653,0.0,0.0,9385.508809015468,9385.508809015468,0.0,9385.508809015468
GIVEBACK_BASELINE,F02,UNH,10,False,0,0,0,0,0.0,False,0,0.0,0.0,0.33592195494093646,0.0,-0.14173221417249826,0.0,2.2432908462449976,2.370117174152768,1.0,1.0,1.0,0.8517177094249279,0.0,0.0,13359.219549409345,13359.219549409345,0.0,13359.219549409345
GIVEBACK_BASELINE,F02,UNH,25,False,0,0,0,0,0.0,False,0,0.0,0.0,0.333921323316007,0.0,-0.14173221417249815,0.0,2.2324116955303546,2.3560015996758583,1.0,1.0,1.0,0.8523561784724729,0.0,0.0,13339.213233160064,13339.213233160064,0.0,13339.213233160064
GIVEBACK_BASELINE,F02,UNH,50,False,0,0,0,0,0.0,False,0,0.0,0.0,0.3305969100951982,0.0,-0.1417322141724976,0.0,2.2150841740665363,2.3325460060395278,1.0,1.0,1.0000000000000002,0.8534202935517147,0.0,0.0,13305.969100952,13305.969100952,0.0,13305.969100952
HERD_GIVEBACK_S1,F02,UNH,10,False,0,0,0,0,0.0,False,0,0.0,0.0,0.33592195494093646,0.0,-0.14173221417249826,0.0,2.2432908462449976,2.370117174152768,1.0,1.0,1.0,0.8517177094249279,0.0,0.0,13359.219549409345,13359.219549409345,0.0,13359.219549409345
HERD_GIVEBACK_S1,F02,UNH,25,False,0,0,0,0,0.0,False,0,0.0,0.0,0.333921323316007,0.0,-0.14173221417249815,0.0,2.2324116955303546,2.3560015996758583,1.0,1.0,1.0,0.8523561784724729,0.0,0.0,13339.213233160064,13339.213233160064,0.0,13339.213233160064
HERD_GIVEBACK_S1,F02,UNH,50,False,0,0,0,0,0.0,False,0,0.0,0.0,0.3305969100951982,0.0,-0.1417322141724976,0.0,2.2150841740665363,2.3325460060395278,1.0,1.0,1.0000000000000002,0.8534202935517147,0.0,0.0,13305.969100952,13305.969100952,0.0,13305.969100952
GIVEBACK_BASELINE,F02,UNP,10,False,0,0,0,0,0.0,False,0,0.0,0.0,0.48761709283357013,0.0,-0.1255900909923241,0.0,2.7793881643676643,3.8826080065773074,1.0,1.0,1.0000000000000002,0.7821561500565177,0.0,0.0,14876.170928335727,14876.170928335727,0.0,14876.170928335727
GIVEBACK_BASELINE,F02,UNP,25,False,0,0,0,0,0.0,False,0,0.0,0.0,0.48538928769069245,0.0,-0.12559009099232465,0.0,2.769520764213651,3.864869305018313,1.0,1.0,1.0000000000000002,0.7827424740070849,0.0,0.0,14853.892876906908,14853.892876906908,0.0,14853.892876906908
GIVEBACK_BASELINE,F02,UNP,50,False,0,0,0,0,0.0,False,0,0.0,0.0,0.48168738436271297,0.0,-0.12559009099232443,0.0,2.7520093527346123,3.8353932269397895,1.0,1.0,1.0,0.7837196805913632,0.0,0.0,14816.873843627138,14816.873843627138,0.0,14816.873843627138
HERD_GIVEBACK_S1,F02,UNP,10,False,0,0,0,0,0.0,False,0,0.0,0.0,0.48761709283357013,0.0,-0.1255900909923241,0.0,2.7793881643676643,3.8826080065773074,1.0,1.0,1.0000000000000002,0.7821561500565177,0.0,0.0,14876.170928335727,14876.170928335727,0.0,14876.170928335727
HERD_GIVEBACK_S1,F02,UNP,25,False,0,0,0,0,0.0,False,0,0.0,0.0,0.48538928769069245,0.0,-0.12559009099232465,0.0,2.769520764213651,3.864869305018313,1.0,1.0,1.0000000000000002,0.7827424740070849,0.0,0.0,14853.892876906908,14853.892876906908,0.0,14853.892876906908
HERD_GIVEBACK_S1,F02,UNP,50,False,0,0,0,0,0.0,False,0,0.0,0.0,0.48168738436271297,0.0,-0.12559009099232443,0.0,2.7520093527346123,3.8353932269397895,1.0,1.0,1.0,0.7837196805913632,0.0,0.0,14816.873843627138,14816.873843627138,0.0,14816.873843627138
GIVEBACK_BASELINE,F02,V,10,False,0,0,0,0,0.0,False,0,0.0,0.0,0.37626116392502085,0.0,-0.09863797481993763,0.0,2.149337277963211,3.814567002332325,1.0,1.0,1.0000000000000002,0.8464136483492591,0.0,0.0,13762.611639250199,13762.611639250199,0.0,13762.611639250199
GIVEBACK_BASELINE,F02,V,25,False,0,0,0,0,0.0,False,0,0.0,0.0,0.3742001216623887,0.0,-0.09863797481993775,0.0,2.1417452710805605,3.793671984299007,1.0,1.0,1.0,0.8470481413390262,0.0,0.0,13742.001216623898,13742.001216623898,0.0,13742.001216623898
GIVEBACK_BASELINE,F02,V,50,False,0,0,0,0,0.0,False,0,0.0,0.0,0.37077532518253986,0.0,-0.09863797481993786,0.0,2.1299604672498837,3.758951112483652,1.0,1.0,1.0,0.8481056296553044,0.0,0.0,13707.75325182541,13707.75325182541,0.0,13707.75325182541
HERD_GIVEBACK_S1,F02,V,10,False,0,0,0,0,0.0,False,0,0.0,0.0,0.37626116392502085,0.0,-0.09863797481993763,0.0,2.149337277963211,3.814567002332325,1.0,1.0,1.0000000000000002,0.8464136483492591,0.0,0.0,13762.611639250199,13762.611639250199,0.0,13762.611639250199
HERD_GIVEBACK_S1,F02,V,25,False,0,0,0,0,0.0,False,0,0.0,0.0,0.3742001216623887,0.0,-0.09863797481993775,0.0,2.1417452710805605,3.793671984299007,1.0,1.0,1.0,0.8470481413390262,0.0,0.0,13742.001216623898,13742.001216623898,0.0,13742.001216623898
HERD_GIVEBACK_S1,F02,V,50,False,0,0,0,0,0.0,False,0,0.0,0.0,0.37077532518253986,0.0,-0.09863797481993786,0.0,2.1299604672498837,3.758951112483652,1.0,1.0,1.0,0.8481056296553044,0.0,0.0,13707.75325182541,13707.75325182541,0.0,13707.75325182541
GIVEBACK_BASELINE,F02,WMT,10,True,2,0,0,0,0.0,False,2,1105.437670018231,0.0,0.12459914397777072,0.0009920780764425263,-0.23259883355209288,0.005981492843062375,0.7734815897558911,0.5356825830765204,0.9665614611259735,0.9622994722987556,0.9633608311802585,0.9897399739033288,9.92078076443795,-41.98376724155554,11245.991439777701,11236.070659013263,9.92078076443795,11245.991439777701
GIVEBACK_BASELINE,F02,WMT,25,True,2,0,0,0,0.0,False,2,1102.1263238205152,0.0,0.12274939425544318,0.0008250043680291252,-0.23271917844479517,0.0058611479503607455,0.7659107678518313,0.5274571484642868,0.9665067642984119,0.9624223294652815,0.9634108321018621,0.9903872202047433,8.250043680283852,-41.92089376892011,11227.493942554449,11219.243898874165,8.250043680283852,11227.493942554449
GIVEBACK_BASELINE,F02,WMT,50,True,2,0,0,0,0.0,False,2,1096.629425857444,0.0,0.11967624933559451,0.0005479316072276585,-0.23291955251548813,0.00566077387966657,0.7519636452733615,0.5138093734214803,0.9664788180150851,0.9627064076294134,0.9634941135277336,0.9914660297614948,5.4793160722856555,-41.816418061816876,11196.762493355953,11191.283177283667,5.4793160722856555,11196.762493355953
HERD_GIVEBACK_S1,F02,WMT,10,True,1,0,0,0,0.0,False,1,583.7020671164847,0.0,0.12579691931791093,0.002189853416582732,-0.23429294907867904,0.004287377316476215,0.7783063228171955,0.536921490008931,0.9785440834820859,0.9745504131899584,0.9768130846616494,0.9433158691257366,21.89853416582264,-21.530137046951552,11257.969193179086,11236.070659013263,21.89853416582264,11257.969193179086
HERD_GIVEBACK_S1,F02,WMT,25,True,1,0,0,0,0.0,False,1,581.9535835312337,0.0,0.12402352874616707,0.0020991388587530135,-0.2343564945544152,0.0042238318407407105,0.7711156181375765,0.5292088404973563,0.9784877695833183,0.9745898499166054,0.9768460234717374,0.9439770652583004,20.99138858752667,-21.49789424047185,11240.235287461692,11219.243898874165,20.99138858752667,11240.235287461692
HERD_GIVEBACK_S1,F02,WMT,50,True,1,0,0,0,0.0,False,1,579.0510673688161,0.0,0.12107700857882975,0.0019486908504628975,-0.23446229767876314,0.004118028716391553,0.7578645025088507,0.5164028919682319,0.97843450392725,0.9747094413048545,0.9769008781967121,0.9450791052429466,19.486908504632083,-21.44431695477789,11210.7700857883,11191.283177283667,19.486908504632083,11210.7700857883
GIVEBACK_BASELINE,F02,XOM,10,False,0,0,0,0,0.0,False,0,0.0,0.0,0.0452241955856858,0.0,-0.17419417460385023,0.0,0.4204919582080376,0.25961944874754844,1.0,1.0,1.0,0.9692291552266774,0.0,0.0,10452.24195585686,10452.24195585686,0.0,10452.24195585686
GIVEBACK_BASELINE,F02,XOM,25,False,0,0,0,0,0.0,False,0,0.0,0.0,0.04365890311250542,0.0,-0.17419417460385012,0.0,0.40986949939793255,0.2506335427794521,1.0,1.0,1.0,0.9699557138138039,0.0,0.0,10436.589031125033,10436.589031125033,0.0,10436.589031125033
GIVEBACK_BASELINE,F02,XOM,50,False,0,0,0,0,0.0,False,0,0.0,0.0,0.041057885050287846,0.0,-0.17419417460385,0.0,0.39221835259720755,0.23570182610102275,1.0,1.0,1.0,0.971166644792348,0.0,0.0,10410.578850502876,10410.578850502876,0.0,10410.578850502876
HERD_GIVEBACK_S1,F02,XOM,10,False,0,0,0,0,0.0,False,0,0.0,0.0,0.0452241955856858,0.0,-0.17419417460385023,0.0,0.4204919582080376,0.25961944874754844,1.0,1.0,1.0,0.9692291552266774,0.0,0.0,10452.24195585686,10452.24195585686,0.0,10452.24195585686
HERD_GIVEBACK_S1,F02,XOM,25,False,0,0,0,0,0.0,False,0,0.0,0.0,0.04365890311250542,0.0,-0.17419417460385012,0.0,0.40986949939793255,0.2506335427794521,1.0,1.0,1.0,0.9699557138138039,0.0,0.0,10436.589031125033,10436.589031125033,0.0,10436.589031125033
HERD_GIVEBACK_S1,F02,XOM,50,False,0,0,0,0,0.0,False,0,0.0,0.0,0.041057885050287846,0.0,-0.17419417460385,0.0,0.39221835259720755,0.23570182610102275,1.0,1.0,1.0,0.971166644792348,0.0,0.0,10410.578850502876,10410.578850502876,0.0,10410.578850502876
GIVEBACK_BASELINE,F03,AAPL,10,False,0,0,0,0,0.0,False,0,0.0,0.0,0.05412061857975603,0.0,-0.38515902881493724,0.0,0.41261790702458984,0.1405149938877848,1.0,1.0,1.0000000000000002,1.029662846357532,0.0,0.0,10539.001677793847,10539.001677793847,0.0,10539.001677793847
GIVEBACK_BASELINE,F03,AAPL,25,False,0,0,0,0,0.0,False,0,0.0,0.0,0.05253571854963468,0.0,-0.3851590288149378,0.0,0.40622358227500227,0.136400070150964,1.0,1.0,1.0000000000000002,1.030434707561698,0.0,0.0,10523.218824631069,10523.218824631069,0.0,10523.218824631069
GIVEBACK_BASELINE,F03,AAPL,50,False,0,0,0,0,0.0,False,0,0.0,0.0,0.049902139916177424,0.0,-0.3851590288149378,0.0,0.3955982490198575,0.12956243053607483,1.0,1.0,1.0,1.0317211429019744,0.0,0.0,10496.99274429593,10496.99274429593,0.0,10496.99274429593
HERD_GIVEBACK_S1,F03,AAPL,10,False,0,0,0,0,0.0,False,0,0.0,0.0,0.05412061857975603,0.0,-0.38515902881493724,0.0,0.41261790702458984,0.1405149938877848,1.0,1.0,1.0000000000000002,1.029662846357532,0.0,0.0,10539.001677793847,10539.001677793847,0.0,10539.001677793847
HERD_GIVEBACK_S1,F03,AAPL,25,False,0,0,0,0,0.0,False,0,0.0,0.0,0.05253571854963468,0.0,-0.3851590288149378,0.0,0.40622358227500227,0.136400070150964,1.0,1.0,1.0000000000000002,1.030434707561698,0.0,0.0,10523.218824631069,10523.218824631069,0.0,10523.218824631069
HERD_GIVEBACK_S1,F03,AAPL,50,False,0,0,0,0,0.0,False,0,0.0,0.0,0.049902139916177424,0.0,-0.3851590288149378,0.0,0.3955982490198575,0.12956243053607483,1.0,1.0,1.0,1.0317211429019744,0.0,0.0,10496.99274429593,10496.99274429593,0.0,10496.99274429593
GIVEBACK_BASELINE,F03,ABBV,10,False,0,0,0,0,0.0,False,0,0.0,0.0,-0.26159541010656684,0.0,-0.31071228815100316,0.0,-0.8991108728495334,-0.8419216750752838,1.0,1.0,1.0000000000000002,1.0982788317514718,0.0,0.0,7392.937401629481,7392.937401629481,0.0,7392.937401629481
GIVEBACK_BASELINE,F03,ABBV,25,False,0,0,0,0,0.0,False,0,0.0,0.0,-0.2627056221981777,0.0,-0.3107122881510034,0.0,-0.9044830186663703,-0.8454947944334443,1.0,1.0,1.0,1.0991021292265477,0.0,0.0,7381.865988129531,7381.865988129531,0.0,7381.865988129531
GIVEBACK_BASELINE,F03,ABBV,50,False,0,0,0,0,0.0,False,0,0.0,0.0,-0.26455042678364227,0.0,-0.31071228815100227,0.0,-0.9134098157613668,-0.8514321347183864,1.0,1.0,1.0,1.1004742916850074,0.0,0.0,7363.468821477939,7363.468821477939,0.0,7363.468821477939
HERD_GIVEBACK_S1,F03,ABBV,10,False,0,0,0,0,0.0,False,0,0.0,0.0,-0.26159541010656684,0.0,-0.31071228815100316,0.0,-0.8991108728495334,-0.8419216750752838,1.0,1.0,1.0000000000000002,1.0982788317514718,0.0,0.0,7392.937401629481,7392.937401629481,0.0,7392.937401629481
HERD_GIVEBACK_S1,F03,ABBV,25,False,0,0,0,0,0.0,False,0,0.0,0.0,-0.2627056221981777,0.0,-0.3107122881510034,0.0,-0.9044830186663703,-0.8454947944334443,1.0,1.0,1.0,1.0991021292265477,0.0,0.0,7381.865988129531,7381.865988129531,0.0,7381.865988129531
HERD_GIVEBACK_S1,F03,ABBV,50,False,0,0,0,0,0.0,False,0,0.0,0.0,-0.26455042678364227,0.0,-0.31071228815100227,0.0,-0.9134098157613668,-0.8514321347183864,1.0,1.0,1.0,1.1004742916850074,0.0,0.0,7363.468821477939,7363.468821477939,0.0,7363.468821477939
GIVEBACK_BASELINE,F03,AMT,10,False,0,0,0,0,0.0,False,0,0.0,0.0,0.44035951609928436,0.0,-0.08381529120229536,0.0,3.033628207575923,5.253928129133849,1.0,1.0,1.0,0.8442970904251278,0.0,0.0,14382.754033650051,14382.754033650051,0.0,14382.754033650051
GIVEBACK_BASELINE,F03,AMT,25,False,0,0,0,0,0.0,False,0,0.0,0.0,0.43819389501170325,0.0,-0.08381529120229514,0.0,3.0189745794073404,5.2280901101218635,1.0,1.0,1.0,0.8449299967897642,0.0,0.0,14361.214906707151,14361.214906707151,0.0,14361.214906707151
GIVEBACK_BASELINE,F03,AMT,50,False,0,0,0,0,0.0,False,0,0.0,0.0,0.4345953504246445,0.0,-0.08381529120229558,0.0,2.9924695217010364,5.185155884929283,1.0,1.0,1.0,0.8459848407308252,0.0,0.0,14325.423730819795,14325.423730819795,0.0,14325.423730819795
HERD_GIVEBACK_S1,F03,AMT,10,False,0,0,0,0,0.0,False,0,0.0,0.0,0.44035951609928436,0.0,-0.08381529120229536,0.0,3.033628207575923,5.253928129133849,1.0,1.0,1.0,0.8442970904251278,0.0,0.0,14382.754033650051,14382.754033650051,0.0,14382.754033650051
HERD_GIVEBACK_S1,F03,AMT,25,False,0,0,0,0,0.0,False,0,0.0,0.0,0.43819389501170325,0.0,-0.08381529120229514,0.0,3.0189745794073404,5.2280901101218635,1.0,1.0,1.0,0.8449299967897642,0.0,0.0,14361.214906707151,14361.214906707151,0.0,14361.214906707151
HERD_GIVEBACK_S1,F03,AMT,50,False,0,0,0,0,0.0,False,0,0.0,0.0,0.4345953504246445,0.0,-0.08381529120229558,0.0,2.9924695217010364,5.185155884929283,1.0,1.0,1.0,0.8459848407308252,0.0,0.0,14325.423730819795,14325.423730819795,0.0,14325.423730819795
GIVEBACK_BASELINE,F03,AMZN,10,False,0,0,0,0,0.0,False,0,0.0,0.0,0.036314582965824016,0.0,-0.34103783034085955,0.0,0.37570980648734803,0.10648256508531155,1.0,1.0,1.0000000000000002,1.002782326534045,0.0,0.0,10361.67902404417,10361.67902404417,0.0,10361.67902404417
GIVEBACK_BASELINE,F03,AMZN,25,False,0,0,0,0,0.0,False,0,0.0,0.0,0.03475645481160172,0.0,-0.34103783034086,0.0,0.3697635280203056,0.10191378116868557,1.0,1.0,1.0,1.0035340374235004,0.0,0.0,10346.161723302024,10346.161723302024,0.0,10346.161723302024
GIVEBACK_BASELINE,F03,AMZN,50,False,0,0,0,0,0.0,False,0,0.0,0.0,0.03216736216400862,0.0,-0.34103783034085944,0.0,0.3598827051321085,0.0943219763386897,1.0,1.0,1.0,1.0047868889059268,0.0,0.0,10320.376906599307,10320.376906599307,0.0,10320.376906599307
HERD_GIVEBACK_S1,F03,AMZN,10,False,0,0,0,0,0.0,False,0,0.0,0.0,0.036314582965824016,0.0,-0.34103783034085955,0.0,0.37570980648734803,0.10648256508531155,1.0,1.0,1.0000000000000002,1.002782326534045,0.0,0.0,10361.67902404417,10361.67902404417,0.0,10361.67902404417
HERD_GIVEBACK_S1,F03,AMZN,25,False,0,0,0,0,0.0,False,0,0.0,0.0,0.03475645481160172,0.0,-0.34103783034086,0.0,0.3697635280203056,0.10191378116868557,1.0,1.0,1.0,1.0035340374235004,0.0,0.0,10346.161723302024,10346.161723302024,0.0,10346.161723302024
HERD_GIVEBACK_S1,F03,AMZN,50,False,0,0,0,0,0.0,False,0,0.0,0.0,0.03216736216400862,0.0,-0.34103783034085944,0.0,0.3598827051321085,0.0943219763386897,1.0,1.0,1.0,1.0047868889059268,0.0,0.0,10320.376906599307,10320.376906599307,0.0,10320.376906599307
GIVEBACK_BASELINE,F03,APD,10,False,0,0,0,0,0.0,False,0,0.0,0.0,0.44279497317690897,0.0,-0.12519109072920753,0.0,3.2976287506766715,3.5369527543672348,1.0,1.0,1.0000000000000002,0.8753008318423461,0.0,0.0,14406.976778340058,14406.976778340058,0.0,14406.976778340058
GIVEBACK_BASELINE,F03,APD,25,False,0,0,0,0,0.0,False,0,0.0,0.0,0.4406256903110428,0.0,-0.12519109072920698,0.0,3.2857627131545875,3.519624980855329,1.0,1.0,1.0,0.8759569793924525,0.0,0.0,14385.401376232363,14385.401376232363,0.0,14385.401376232363
GIVEBACK_BASELINE,F03,APD,50,False,0,0,0,0,0.0,False,0,0.0,0.0,0.4370210610619325,0.0,-0.12519109072920753,0.0,3.2633050747261723,3.490831963491903,1.0,1.0,1.0,0.8770505586426303,0.0,0.0,14349.549922562766,14349.549922562766,0.0,14349.549922562766
HERD_GIVEBACK_S1,F03,APD,10,False,0,0,0,0,0.0,False,0,0.0,0.0,0.44279497317690897,0.0,-0.12519109072920753,0.0,3.2976287506766715,3.5369527543672348,1.0,1.0,1.0000000000000002,0.8753008318423461,0.0,0.0,14406.976778340058,14406.976778340058,0.0,14406.976778340058
HERD_GIVEBACK_S1,F03,APD,25,False,0,0,0,0,0.0,False,0,0.0,0.0,0.4406256903110428,0.0,-0.12519109072920698,0.0,3.2857627131545875,3.519624980855329,1.0,1.0,1.0,0.8759569793924525,0.0,0.0,14385.401376232363,14385.401376232363,0.0,14385.401376232363
HERD_GIVEBACK_S1,F03,APD,50,False,0,0,0,0,0.0,False,0,0.0,0.0,0.4370210610619325,0.0,-0.12519109072920753,0.0,3.2633050747261723,3.490831963491903,1.0,1.0,1.0,0.8770505586426303,0.0,0.0,14349.549922562766,14349.549922562766,0.0,14349.549922562766
GIVEBACK_BASELINE,F03,AVGO,10,True,1,0,0,0,0.0,False,1,613.7750307751922,0.0,0.3737919064104842,-0.0076458926789584325,-0.21419634096236118,0.0007290238177504182,1.5342525367611808,1.7450900642423548,0.9907214514652354,0.9924083991673256,0.9914407197088826,0.8550894544425828,-76.05876795826589,-28.752679048866412,13720.617206710907,13796.675974669173,-76.05876795826589,13720.617206710907
GIVEBACK_BASELINE,F03,AVGO,25,True,1,0,0,0,0.0,False,1,611.936463418991,0.0,0.37163394961033047,-0.007726818852069606,-0.21425632258498983,0.0006690421951218717,1.5277724984186447,1.7345296751413863,0.99072800699656,0.9924629540034456,0.9914529726505216,0.855668099718616,-76.86426350320835,-28.709620007285594,13699.150274940801,13776.01453844401,-76.86426350320835,13699.150274940801
GIVEBACK_BASELINE,F03,AVGO,50,True,1,0,0,0,0.0,False,1,608.8844064754309,0.0,0.36804844911041745,-0.007860982752539769,-0.21435619189911648,0.0005691728809950058,1.5170026134993906,1.716994717295752,0.9907389694752539,0.9925537908821135,0.991473377518392,0.8566325243935704,-78.19968378832709,-28.638069580248953,13663.482121486848,13741.681805275175,-78.19968378832709,13663.482121486848
HERD_GIVEBACK_S1,F03,AVGO,10,True,1,0,0,0,0.0,False,1,613.7750307751922,0.0,0.3737919064104842,-0.0076458926789584325,-0.21419634096236118,0.0007290238177504182,1.5342525367611808,1.7450900642423548,0.9907214514652354,0.9924083991673256,0.9914407197088826,0.8550894544425828,-76.05876795826589,-28.752679048866412,13720.617206710907,13796.675974669173,-76.05876795826589,13720.617206710907
HERD_GIVEBACK_S1,F03,AVGO,25,True,1,0,0,0,0.0,False,1,611.936463418991,0.0,0.37163394961033047,-0.007726818852069606,-0.21425632258498983,0.0006690421951218717,1.5277724984186447,1.7345296751413863,0.99072800699656,0.9924629540034456,0.9914529726505216,0.855668099718616,-76.86426350320835,-28.709620007285594,13699.150274940801,13776.01453844401,-76.86426350320835,13699.150274940801
HERD_GIVEBACK_S1,F03,AVGO,50,True,1,0,0,0,0.0,False,1,608.8844064754309,0.0,0.36804844911041745,-0.007860982752539769,-0.21435619189911648,0.0005691728809950058,1.5170026134993906,1.716994717295752,0.9907389694752539,0.9925537908821135,0.991473377518392,0.8566325243935704,-78.19968378832709,-28.638069580248953,13663.482121486848,13741.681805275175,-78.19968378832709,13663.482121486848
GIVEBACK_BASELINE,F03,BA,10,False,0,0,0,0,0.0,False,0,0.0,0.0,-0.022530037627307986,0.0,-0.2467030560767871,0.0,0.12289265372991767,-0.09132451776477159,1.0,1.0,1.0000000000000002,0.9520652420648169,0.0,0.0,9775.583564824039,9775.583564824039,0.0,9775.583564824039
GIVEBACK_BASELINE,F03,BA,25,False,0,0,0,0,0.0,False,0,0.0,0.0,-0.023999691237623355,0.0,-0.2467030560767869,0.0,0.11573760750686166,-0.09728169411145599,1.0,1.0,1.0,0.9527789341503227,0.0,0.0,9760.94398085764,9760.94398085764,0.0,9760.94398085764
GIVEBACK_BASELINE,F03,BA,50,False,0,0,0,0,0.0,False,0,0.0,0.0,-0.0264417685126338,0.0,-0.2467030560767869,0.0,0.10392278912373554,-0.10718054706385048,1.0,1.0,1.0,0.9539684209594991,0.0,0.0,9736.617650173574,9736.617650173574,0.0,9736.617650173574
HERD_GIVEBACK_S1,F03,BA,10,False,0,0,0,0,0.0,False,0,0.0,0.0,-0.022530037627307986,0.0,-0.2467030560767871,0.0,0.12289265372991767,-0.09132451776477159,1.0,1.0,1.0000000000000002,0.9520652420648169,0.0,0.0,9775.583564824039,9775.583564824039,0.0,9775.583564824039
HERD_GIVEBACK_S1,F03,BA,25,False,0,0,0,0,0.0,False,0,0.0,0.0,-0.023999691237623355,0.0,-0.2467030560767869,0.0,0.11573760750686166,-0.09728169411145599,1.0,1.0,1.0,0.9527789341503227,0.0,0.0,9760.94398085764,9760.94398085764,0.0,9760.94398085764
HERD_GIVEBACK_S1,F03,BA,50,False,0,0,0,0,0.0,False,0,0.0,0.0,-0.0264417685126338,0.0,-0.2467030560767869,0.0,0.10392278912373554,-0.10718054706385048,1.0,1.0,1.0,0.9539684209594991,0.0,0.0,9736.617650173574,9736.617650173574,0.0,9736.617650173574
GIVEBACK_BASELINE,F03,BAC,10,False,0,0,0,0,0.0,False,0,0.0,0.0,-0.029098935827286065,0.0,-0.2777510529961945,0.0,-0.0012826597183976801,-0.10476624845661611,1.0,1.0,1.0000000000000002,1.0690260118214292,0.0,0.0,9710.148462139941,9710.148462139941,0.0,9710.148462139941
GIVEBACK_BASELINE,F03,BAC,25,False,0,0,0,0,0.0,False,0,0.0,0.0,-0.030558712914206976,0.0,-0.2777510529961953,0.0,-0.010607694982200353,-0.11002195161659956,1.0,1.0,1.0,1.069827380645883,0.0,0.0,9695.606871574524,9695.606871574524,0.0,9695.606871574524
GIVEBACK_BASELINE,F03,BAC,50,False,0,0,0,0,0.0,False,0,0.0,0.0,-0.0329843786802847,0.0,-0.2777510529961953,0.0,-0.02610293664945949,-0.11875518859234181,1.0,1.0,1.0000000000000002,1.0711629953533062,0.0,0.0,9671.443374744384,9671.443374744384,0.0,9671.443374744384
HERD_GIVEBACK_S1,F03,BAC,10,False,0,0,0,0,0.0,False,0,0.0,0.0,-0.029098935827286065,0.0,-0.2777510529961945,0.0,-0.0012826597183976801,-0.10476624845661611,1.0,1.0,1.0000000000000002,1.0690260118214292,0.0,0.0,9710.148462139941,9710.148462139941,0.0,9710.148462139941
HERD_GIVEBACK_S1,F03,BAC,25,False,0,0,0,0,0.0,False,0,0.0,0.0,-0.030558712914206976,0.0,-0.2777510529961953,0.0,-0.010607694982200353,-0.11002195161659956,1.0,1.0,1.0,1.069827380645883,0.0,0.0,9695.606871574524,9695.606871574524,0.0,9695.606871574524
HERD_GIVEBACK_S1,F03,BAC,50,False,0,0,0,0,0.0,False,0,0.0,0.0,-0.0329843786802847,0.0,-0.2777510529961953,0.0,-0.02610293664945949,-0.11875518859234181,1.0,1.0,1.0000000000000002,1.0711629953533062,0.0,0.0,9671.443374744384,9671.443374744384,0.0,9671.443374744384
GIVEBACK_BASELINE,F03,CAT,10,False,0,0,0,0,0.0,False,0,0.0,0.0,-0.05133031183719727,0.0,-0.2854510008288972,0.0,-0.007811611982874974,-0.17982179669415588,1.0,1.0,1.0000000000000002,1.0145141755734095,0.0,0.0,9488.68081021896,9488.68081021896,0.0,9488.68081021896
GIVEBACK_BASELINE,F03,CAT,25,False,0,0,0,0,0.0,False,0,0.0,0.0,-0.05275666342433205,0.0,-0.2854510008288974,0.0,-0.01401421385640894,-0.18481863181819774,1.0,1.0,0.9999999999999998,1.0152746809523996,0.0,0.0,9474.470882133297,9474.470882133297,0.0,9474.470882133297
GIVEBACK_BASELINE,F03,CAT,50,False,0,0,0,0,0.0,False,0,0.0,0.0,-0.0551267870865757,0.0,-0.2854510008288971,0.0,-0.024320964691916032,-0.19312171590394736,1.0,1.0,1.0,1.016542189917384,0.0,0.0,9450.858502819643,9450.858502819643,0.0,9450.858502819643
HERD_GIVEBACK_S1,F03,CAT,10,False,0,0,0,0,0.0,False,0,0.0,0.0,-0.05133031183719727,0.0,-0.2854510008288972,0.0,-0.007811611982874974,-0.17982179669415588,1.0,1.0,1.0000000000000002,1.0145141755734095,0.0,0.0,9488.68081021896,9488.68081021896,0.0,9488.68081021896
HERD_GIVEBACK_S1,F03,CAT,25,False,0,0,0,0,0.0,False,0,0.0,0.0,-0.05275666342433205,0.0,-0.2854510008288974,0.0,-0.01401421385640894,-0.18481863181819774,1.0,1.0,0.9999999999999998,1.0152746809523996,0.0,0.0,9474.470882133297,9474.470882133297,0.0,9474.470882133297
HERD_GIVEBACK_S1,F03,CAT,50,False,0,0,0,0,0.0,False,0,0.0,0.0,-0.0551267870865757,0.0,-0.2854510008288971,0.0,-0.024320964691916032,-0.19312171590394736,1.0,1.0,1.0,1.016542189917384,0.0,0.0,9450.858502819643,9450.858502819643,0.0,9450.858502819643
GIVEBACK_BASELINE,F03,COP,10,False,0,0,0,0,0.0,False,0,0.0,0.0,-0.16182543375683134,0.0,-0.28339113941007543,0.0,-0.6716768552863196,-0.571032086937147,1.0,1.0,1.0000000000000002,1.0672436432767325,0.0,0.0,8387.619228310825,8387.619228310825,0.0,8387.619228310825
GIVEBACK_BASELINE,F03,COP,25,False,0,0,0,0,0.0,False,0,0.0,0.0,-0.16308565281703113,0.0,-0.2833911394100753,0.0,-0.6790654618059357,-0.5754790116463077,1.0,1.0,1.0,1.0680436759928316,0.0,0.0,8375.058212883278,8375.058212883278,0.0,8375.058212883278
GIVEBACK_BASELINE,F03,COP,50,False,0,0,0,0,0.0,False,0,0.0,0.0,-0.1651797192738086,0.0,-0.28339113941007477,0.0,-0.6917051452117622,-0.5828683268561513,1.0,1.0,1.0,1.0693770638529976,0.0,0.0,8354.185801773814,8354.185801773814,0.0,8354.185801773814
HERD_GIVEBACK_S1,F03,COP,10,False,0,0,0,0,0.0,False,0,0.0,0.0,-0.16182543375683134,0.0,-0.28339113941007543,0.0,-0.6716768552863196,-0.571032086937147,1.0,1.0,1.0000000000000002,1.0672436432767325,0.0,0.0,8387.619228310825,8387.619228310825,0.0,8387.619228310825
HERD_GIVEBACK_S1,F03,COP,25,False,0,0,0,0,0.0,False,0,0.0,0.0,-0.16308565281703113,0.0,-0.2833911394100753,0.0,-0.6790654618059357,-0.5754790116463077,1.0,1.0,1.0,1.0680436759928316,0.0,0.0,8375.058212883278,8375.058212883278,0.0,8375.058212883278
HERD_GIVEBACK_S1,F03,COP,50,False,0,0,0,0,0.0,False,0,0.0,0.0,-0.1651797192738086,0.0,-0.28339113941007477,0.0,-0.6917051452117622,-0.5828683268561513,1.0,1.0,1.0,1.0693770638529976,0.0,0.0,8354.185801773814,8354.185801773814,0.0,8354.185801773814
GIVEBACK_BASELINE,F03,COST,10,False,0,0,0,0,0.0,False,0,0.0,0.0,0.2901787723953655,0.0,-0.2201729435880364,0.0,1.4061072065222497,1.3179583633959873,1.0,1.0,1.0000000000000002,0.9107594228326555,0.0,0.0,12888.750158261948,12888.750158261948,0.0,12888.750158261948
GIVEBACK_BASELINE,F03,COST,25,False,0,0,0,0,0.0,False,0,0.0,0.0,0.2882389522844724,0.0,-0.22017294358803496,0.0,1.3982828936887925,1.3091479252046316,1.0,1.0,1.0,0.9114421510356783,0.0,0.0,12869.448401091895,12869.448401091895,0.0,12869.448401091895
GIVEBACK_BASELINE,F03,COST,50,False,0,0,0,0,0.0,False,0,0.0,0.0,0.2850156140929698,0.0,-0.22017294358803519,0.0,1.3852813752167432,1.2945078966026886,1.0,1.0,1.0,0.91258003137405,0.0,0.0,12837.375021904343,12837.375021904343,0.0,12837.375021904343
HERD_GIVEBACK_S1,F03,COST,10,False,0,0,0,0,0.0,False,0,0.0,0.0,0.2901787723953655,0.0,-0.2201729435880364,0.0,1.4061072065222497,1.3179583633959873,1.0,1.0,1.0000000000000002,0.9107594228326555,0.0,0.0,12888.750158261948,12888.750158261948,0.0,12888.750158261948
HERD_GIVEBACK_S1,F03,COST,25,False,0,0,0,0,0.0,False,0,0.0,0.0,0.2882389522844724,0.0,-0.22017294358803496,0.0,1.3982828936887925,1.3091479252046316,1.0,1.0,1.0,0.9114421510356783,0.0,0.0,12869.448401091895,12869.448401091895,0.0,12869.448401091895
HERD_GIVEBACK_S1,F03,COST,50,False,0,0,0,0,0.0,False,0,0.0,0.0,0.2850156140929698,0.0,-0.22017294358803519,0.0,1.3852813752167432,1.2945078966026886,1.0,1.0,1.0,0.91258003137405,0.0,0.0,12837.375021904343,12837.375021904343,0.0,12837.375021904343
GIVEBACK_BASELINE,F03,CRM,10,False,0,0,0,0,0.0,False,0,0.0,0.0,0.09971612243140116,0.0,-0.24783406353754645,0.0,0.6328688214516064,0.40235035090845905,1.0,1.0,1.0,0.9111114971528186,0.0,0.0,10993.013978719851,10993.013978719851,0.0,10993.013978719851
GIVEBACK_BASELINE,F03,CRM,25,False,0,0,0,0,0.0,False,0,0.0,0.0,0.09806266827744037,0.0,-0.247834063537546,0.0,0.6266563767252061,0.3956787330914429,1.0,1.0,1.0,0.9117944892796196,0.0,0.0,10976.551212060647,10976.551212060647,0.0,10976.551212060647
GIVEBACK_BASELINE,F03,CRM,50,False,0,0,0,0,0.0,False,0,0.0,0.0,0.09531517540816958,0.0,-0.24783406353754556,0.0,0.6163332701999343,0.38459271517262533,1.0,1.0,1.0,0.9129328094909548,0.0,0.0,10949.195331822133,10949.195331822133,0.0,10949.195331822133
HERD_GIVEBACK_S1,F03,CRM,10,False,0,0,0,0,0.0,False,0,0.0,0.0,0.09971612243140116,0.0,-0.24783406353754645,0.0,0.6328688214516064,0.40235035090845905,1.0,1.0,1.0,0.9111114971528186,0.0,0.0,10993.013978719851,10993.013978719851,0.0,10993.013978719851
HERD_GIVEBACK_S1,F03,CRM,25,False,0,0,0,0,0.0,False,0,0.0,0.0,0.09806266827744037,0.0,-0.247834063537546,0.0,0.6266563767252061,0.3956787330914429,1.0,1.0,1.0,0.9117944892796196,0.0,0.0,10976.551212060647,10976.551212060647,0.0,10976.551212060647
HERD_GIVEBACK_S1,F03,CRM,50,False,0,0,0,0,0.0,False,0,0.0,0.0,0.09531517540816958,0.0,-0.24783406353754556,0.0,0.6163332701999343,0.38459271517262533,1.0,1.0,1.0,0.9129328094909548,0.0,0.0,10949.195331822133,10949.195331822133,0.0,10949.195331822133
GIVEBACK_BASELINE,F03,CVX,10,False,0,0,0,0,0.0,False,0,0.0,0.0,0.00793877598007442,0.0,-0.1958917908325477,0.0,0.19244603112829853,0.04052633316758356,1.0,1.0,1.0000000000000002,1.0211716453431159,0.0,0.0,10079.071486786594,10079.071486786594,0.0,10079.071486786594
GIVEBACK_BASELINE,F03,CVX,25,False,0,0,0,0,0.0,False,0,0.0,0.0,0.006423311650609609,0.0,-0.19589179083254837,0.0,0.1830559800479457,0.032790101225325795,1.0,1.0,1.0,1.02193714132913,0.0,0.0,10063.97740955267,10063.97740955267,0.0,10063.97740955267
GIVEBACK_BASELINE,F03,CVX,50,False,0,0,0,0,0.0,False,0,0.0,0.0,0.0039051121414963585,0.0,-0.19589179083254782,0.0,0.16736298118063903,0.019935047430520075,1.0,1.0,1.0,1.023212967972487,0.0,0.0,10038.895855663837,10038.895855663837,0.0,10038.895855663837
HERD_GIVEBACK_S1,F03,CVX,10,False,0,0,0,0,0.0,False,0,0.0,0.0,0.00793877598007442,0.0,-0.1958917908325477,0.0,0.19244603112829853,0.04052633316758356,1.0,1.0,1.0000000000000002,1.0211716453431159,0.0,0.0,10079.071486786594,10079.071486786594,0.0,10079.071486786594
HERD_GIVEBACK_S1,F03,CVX,25,False,0,0,0,0,0.0,False,0,0.0,0.0,0.006423311650609609,0.0,-0.19589179083254837,0.0,0.1830559800479457,0.032790101225325795,1.0,1.0,1.0,1.02193714132913,0.0,0.0,10063.97740955267,10063.97740955267,0.0,10063.97740955267
HERD_GIVEBACK_S1,F03,CVX,50,False,0,0,0,0,0.0,False,0,0.0,0.0,0.0039051121414963585,0.0,-0.19589179083254782,0.0,0.16736298118063903,0.019935047430520075,1.0,1.0,1.0,1.023212967972487,0.0,0.0,10038.895855663837,10038.895855663837,0.0,10038.895855663837
GIVEBACK_BASELINE,F03,DIS,10,False,0,0,0,0,0.0,False,0,0.0,0.0,0.27850664510900747,0.0,-0.14946676153645821,0.0,2.024626140026726,1.8633349799384902,1.0,1.0,1.0,0.9294183263362135,0.0,0.0,12772.607455552748,12772.607455552748,0.0,12772.607455552748
GIVEBACK_BASELINE,F03,DIS,25,False,0,0,0,0,0.0,False,0,0.0,0.0,0.27658437437012795,0.0,-0.14946676153645855,0.0,2.0122051094113664,1.850474122319579,1.0,1.0,1.0,0.9301150417232724,0.0,0.0,12753.47962977381,12753.47962977381,0.0,12753.47962977381
GIVEBACK_BASELINE,F03,DIS,50,False,0,0,0,0,0.0,False,0,0.0,0.0,0.27339019741927184,0.0,-0.14946676153645844,0.0,1.9982766075997016,1.8291036388888748,1.0,1.0,1.0,0.9312762340350367,0.0,0.0,12721.695269218639,12721.695269218639,0.0,12721.695269218639
HERD_GIVEBACK_S1,F03,DIS,10,False,0,0,0,0,0.0,False,0,0.0,0.0,0.27850664510900747,0.0,-0.14946676153645821,0.0,2.024626140026726,1.8633349799384902,1.0,1.0,1.0,0.9294183263362135,0.0,0.0,12772.607455552748,12772.607455552748,0.0,12772.607455552748
HERD_GIVEBACK_S1,F03,DIS,25,False,0,0,0,0,0.0,False,0,0.0,0.0,0.27658437437012795,0.0,-0.14946676153645855,0.0,2.0122051094113664,1.850474122319579,1.0,1.0,1.0,0.9301150417232724,0.0,0.0,12753.47962977381,12753.47962977381,0.0,12753.47962977381
HERD_GIVEBACK_S1,F03,DIS,50,False,0,0,0,0,0.0,False,0,0.0,0.0,0.27339019741927184,0.0,-0.14946676153645844,0.0,1.9982766075997016,1.8291036388888748,1.0,1.0,1.0,0.9312762340350367,0.0,0.0,12721.695269218639,12721.695269218639,0.0,12721.695269218639
GIVEBACK_BASELINE,F03,DUK,10,False,0,0,0,0,0.0,False,0,0.0,0.0,0.1327209007256378,0.0,-0.07964780108858616,0.0,1.2511119978487537,1.6663473305185474,1.0,1.0,1.0,0.910307024168782,0.0,0.0,11321.608700042181,11321.608700042181,0.0,11321.608700042181
GIVEBACK_BASELINE,F03,DUK,25,False,0,0,0,0,0.0,False,0,0.0,0.0,0.13101782295822195,0.0,-0.07964780108858616,0.0,1.2385439989058087,1.6449647217818462,1.0,1.0,0.9999999999999998,0.9109894132423715,0.0,0.0,11304.653841020221,11304.653841020221,0.0,11304.653841020221
GIVEBACK_BASELINE,F03,DUK,50,False,0,0,0,0,0.0,False,0,0.0,0.0,0.12818787208804427,0.0,-0.07964780108858593,0.0,1.2164675025164884,1.6094339119980359,1.0,1.0,1.0,0.9121267283650216,0.0,0.0,11276.480259843554,11276.480259843554,0.0,11276.480259843554
HERD_GIVEBACK_S1,F03,DUK,10,False,0,0,0,0,0.0,False,0,0.0,0.0,0.1327209007256378,0.0,-0.07964780108858616,0.0,1.2511119978487537,1.6663473305185474,1.0,1.0,1.0,0.910307024168782,0.0,0.0,11321.608700042181,11321.608700042181,0.0,11321.608700042181
HERD_GIVEBACK_S1,F03,DUK,25,False,0,0,0,0,0.0,False,0,0.0,0.0,0.13101782295822195,0.0,-0.07964780108858616,0.0,1.2385439989058087,1.6449647217818462,1.0,1.0,0.9999999999999998,0.9109894132423715,0.0,0.0,11304.653841020221,11304.653841020221,0.0,11304.653841020221
HERD_GIVEBACK_S1,F03,DUK,50,False,0,0,0,0,0.0,False,0,0.0,0.0,0.12818787208804427,0.0,-0.07964780108858593,0.0,1.2164675025164884,1.6094339119980359,1.0,1.0,1.0,0.9121267283650216,0.0,0.0,11276.480259843554,11276.480259843554,0.0,11276.480259843554
GIVEBACK_BASELINE,F03,EOG,10,False,0,0,0,0,0.0,False,0,0.0,0.0,-0.34477708305975274,0.0,-0.38168961631874077,0.0,-1.4904408974977539,-0.9032917541352156,1.0,1.0,1.0,1.2308796534151463,0.0,0.0,6563.231054237225,6563.231054237225,0.0,6563.231054237225
GIVEBACK_BASELINE,F03,EOG,25,False,0,0,0,0,0.0,False,0,0.0,0.0,-0.34576222916399413,0.0,-0.3816896163187411,0.0,-1.4966961580932046,-0.9058727677706989,1.0,1.0,1.0,1.2318023518060122,0.0,0.0,6553.402180955928,6553.402180955928,0.0,6553.402180955928
GIVEBACK_BASELINE,F03,EOG,50,False,0,0,0,0,0.0,False,0,0.0,0.0,-0.3473992155238005,0.0,-0.3816896163187412,0.0,-1.5070904109701477,-0.9101615571163311,1.0,1.0,1.0,1.2333401824574555,0.0,0.0,6537.069720809423,6537.069720809423,0.0,6537.069720809423
HERD_GIVEBACK_S1,F03,EOG,10,False,0,0,0,0,0.0,False,0,0.0,0.0,-0.34477708305975274,0.0,-0.38168961631874077,0.0,-1.4904408974977539,-0.9032917541352156,1.0,1.0,1.0,1.2308796534151463,0.0,0.0,6563.231054237225,6563.231054237225,0.0,6563.231054237225
HERD_GIVEBACK_S1,F03,EOG,25,False,0,0,0,0,0.0,False,0,0.0,0.0,-0.34576222916399413,0.0,-0.3816896163187411,0.0,-1.4966961580932046,-0.9058727677706989,1.0,1.0,1.0,1.2318023518060122,0.0,0.0,6553.402180955928,6553.402180955928,0.0,6553.402180955928
HERD_GIVEBACK_S1,F03,EOG,50,False,0,0,0,0,0.0,False,0,0.0,0.0,-0.3473992155238005,0.0,-0.3816896163187412,0.0,-1.5070904109701477,-0.9101615571163311,1.0,1.0,1.0,1.2333401824574555,0.0,0.0,6537.069720809423,6537.069720809423,0.0,6537.069720809423
GIVEBACK_BASELINE,F03,FCX,10,False,0,0,0,0,0.0,False,0,0.0,0.0,-0.295881448849441,0.0,-0.3751048305150608,0.0,-0.7744550886050842,-0.7887966903629653,1.0,1.0,1.0000000000000002,1.2599913916342005,0.0,0.0,7050.994353275789,7050.994353275789,0.0,7050.994353275789
GIVEBACK_BASELINE,F03,FCX,25,False,0,0,0,0,0.0,False,0,0.0,0.0,-0.29694011091643524,0.0,-0.3751048305150607,0.0,-0.7791912005880562,-0.7916190002370894,1.0,1.0,0.9999999999999998,1.260935912917284,0.0,0.0,7040.435022142576,7040.435022142576,0.0,7040.435022142576
GIVEBACK_BASELINE,F03,FCX,50,False,0,0,0,0,0.0,False,0,0.0,0.0,-0.29869925644404094,0.0,-0.37510483051506094,0.0,-0.7874524496083193,-0.7963087439687018,1.0,1.0,1.0000000000000002,1.2625101150557583,0.0,0.0,7022.888773455541,7022.888773455541,0.0,7022.888773455541
HERD_GIVEBACK_S1,F03,FCX,10,False,0,0,0,0,0.0,False,0,0.0,0.0,-0.295881448849441,0.0,-0.3751048305150608,0.0,-0.7744550886050842,-0.7887966903629653,1.0,1.0,1.0000000000000002,1.2599913916342005,0.0,0.0,7050.994353275789,7050.994353275789,0.0,7050.994353275789
HERD_GIVEBACK_S1,F03,FCX,25,False,0,0,0,0,0.0,False,0,0.0,0.0,-0.29694011091643524,0.0,-0.3751048305150607,0.0,-0.7791912005880562,-0.7916190002370894,1.0,1.0,0.9999999999999998,1.260935912917284,0.0,0.0,7040.435022142576,7040.435022142576,0.0,7040.435022142576
HERD_GIVEBACK_S1,F03,FCX,50,False,0,0,0,0,0.0,False,0,0.0,0.0,-0.29869925644404094,0.0,-0.37510483051506094,0.0,-0.7874524496083193,-0.7963087439687018,1.0,1.0,1.0000000000000002,1.2625101150557583,0.0,0.0,7022.888773455541,7022.888773455541,0.0,7022.888773455541
GIVEBACK_BASELINE,F03,GE,10,False,0,0,0,0,0.0,False,0,0.0,0.0,-0.19518851490143962,0.0,-0.5069802333805591,0.0,-0.46285444332364123,-0.3850022191198992,1.0,1.0,1.0000000000000002,1.2599996769951713,0.0,0.0,8055.052862311929,8055.052862311929,0.0,8055.052862311929
GIVEBACK_BASELINE,F03,GE,25,False,0,0,0,0,0.0,False,0,0.0,0.0,-0.1963985716297617,0.0,-0.5069802333805598,0.0,-0.46878382625160325,-0.38738901183616176,1.0,1.0,1.0,1.2609442044891703,0.0,0.0,8042.989887048138,8042.989887048138,0.0,8042.989887048138
GIVEBACK_BASELINE,F03,GE,50,False,0,0,0,0,0.0,False,0,0.0,0.0,-0.19840928491414145,0.0,-0.5069802333805592,0.0,-0.478593436439499,-0.39135507037649664,1.0,1.0,1.0,1.2625184169791694,0.0,0.0,8022.945060229683,8022.945060229683,0.0,8022.945060229683
HERD_GIVEBACK_S1,F03,GE,10,False,0,0,0,0,0.0,False,0,0.0,0.0,-0.19518851490143962,0.0,-0.5069802333805591,0.0,-0.46285444332364123,-0.3850022191198992,1.0,1.0,1.0000000000000002,1.2599996769951713,0.0,0.0,8055.052862311929,8055.052862311929,0.0,8055.052862311929
HERD_GIVEBACK_S1,F03,GE,25,False,0,0,0,0,0.0,False,0,0.0,0.0,-0.1963985716297617,0.0,-0.5069802333805598,0.0,-0.46878382625160325,-0.38738901183616176,1.0,1.0,1.0,1.2609442044891703,0.0,0.0,8042.989887048138,8042.989887048138,0.0,8042.989887048138
HERD_GIVEBACK_S1,F03,GE,50,False,0,0,0,0,0.0,False,0,0.0,0.0,-0.19840928491414145,0.0,-0.5069802333805592,0.0,-0.478593436439499,-0.39135507037649664,1.0,1.0,1.0,1.2625184169791694,0.0,0.0,8022.945060229683,8022.945060229683,0.0,8022.945060229683
GIVEBACK_BASELINE,F03,GOOGL,10,False,0,0,0,0,0.0,False,0,0.0,0.0,-0.006534615976710012,0.0,-0.22138923687081236,0.0,0.16368219879378934,-0.02951641222072222,1.0,1.0,1.0,1.0687732297703258,0.0,0.0,9934.912304655143,9934.912304655143,0.0,9934.912304655143
GIVEBACK_BASELINE,F03,GOOGL,25,False,0,0,0,0,0.0,False,0,0.0,0.0,-0.008028319153849939,0.0,-0.22138923687081247,0.0,0.15610500945884728,-0.036263367033216316,1.0,1.0,1.0,1.0695744091029873,0.0,0.0,9920.034115346203,9920.034115346203,0.0,9920.034115346203
GIVEBACK_BASELINE,F03,GOOGL,50,False,0,0,0,0,0.0,False,0,0.0,0.0,-0.010510358839185052,0.0,-0.2213892368708127,0.0,0.14351413161417825,-0.047474570072790684,1.0,1.0,1.0,1.0709097079907564,0.0,0.0,9895.311298499759,9895.311298499759,0.0,9895.311298499759
HERD_GIVEBACK_S1,F03,GOOGL,10,False,0,0,0,0,0.0,False,0,0.0,0.0,-0.006534615976710012,0.0,-0.22138923687081236,0.0,0.16368219879378934,-0.02951641222072222,1.0,1.0,1.0,1.0687732297703258,0.0,0.0,9934.912304655143,9934.912304655143,0.0,9934.912304655143
HERD_GIVEBACK_S1,F03,GOOGL,25,False,0,0,0,0,0.0,False,0,0.0,0.0,-0.008028319153849939,0.0,-0.22138923687081247,0.0,0.15610500945884728,-0.036263367033216316,1.0,1.0,1.0,1.0695744091029873,0.0,0.0,9920.034115346203,9920.034115346203,0.0,9920.034115346203
HERD_GIVEBACK_S1,F03,GOOGL,50,False,0,0,0,0,0.0,False,0,0.0,0.0,-0.010510358839185052,0.0,-0.2213892368708127,0.0,0.14351413161417825,-0.047474570072790684,1.0,1.0,1.0,1.0709097079907564,0.0,0.0,9895.311298499759,9895.311298499759,0.0,9895.311298499759
GIVEBACK_BASELINE,F03,GS,10,False,0,0,0,0,0.0,False,0,0.0,0.0,-0.08221250510520484,0.0,-0.35077052233109074,0.0,-0.26680995138375624,-0.23437689278691673,1.0,1.0,1.0000000000000002,1.1327223575805927,0.0,0.0,9180.999942771037,9180.999942771037,0.0,9180.999942771037
GIVEBACK_BASELINE,F03,GS,25,False,0,0,0,0,0.0,False,0,0.0,0.0,-0.08359242444523574,0.0,-0.3507705223310913,0.0,-0.27507098168299177,-0.23831085887637127,1.0,1.0,1.0000000000000002,1.1335714747901733,0.0,0.0,9167.250787166524,9167.250787166524,0.0,9167.250787166524
GIVEBACK_BASELINE,F03,GS,50,False,0,0,0,0,0.0,False,0,0.0,0.0,-0.08588539309987342,0.0,-0.3507705223310914,0.0,-0.2887503511681089,-0.24484780684850826,1.0,1.0,1.0,1.1349866701394742,0.0,0.0,9144.404065112825,9144.404065112825,0.0,9144.404065112825
HERD_GIVEBACK_S1,F03,GS,10,False,0,0,0,0,0.0,False,0,0.0,0.0,-0.08221250510520484,0.0,-0.35077052233109074,0.0,-0.26680995138375624,-0.23437689278691673,1.0,1.0,1.0000000000000002,1.1327223575805927,0.0,0.0,9180.999942771037,9180.999942771037,0.0,9180.999942771037
HERD_GIVEBACK_S1,F03,GS,25,False,0,0,0,0,0.0,False,0,0.0,0.0,-0.08359242444523574,0.0,-0.3507705223310913,0.0,-0.27507098168299177,-0.23831085887637127,1.0,1.0,1.0000000000000002,1.1335714747901733,0.0,0.0,9167.250787166524,9167.250787166524,0.0,9167.250787166524
HERD_GIVEBACK_S1,F03,GS,50,False,0,0,0,0,0.0,False,0,0.0,0.0,-0.08588539309987342,0.0,-0.3507705223310914,0.0,-0.2887503511681089,-0.24484780684850826,1.0,1.0,1.0,1.1349866701394742,0.0,0.0,9144.404065112825,9144.404065112825,0.0,9144.404065112825
GIVEBACK_BASELINE,F03,HD,10,False,0,0,0,0,0.0,False,0,0.0,0.0,0.11841359209391089,0.0,-0.2560859413382418,0.0,0.9565047345525035,0.4623978632919509,1.0,1.0,1.0,1.00125541345402,0.0,0.0,11179.170235609346,11179.170235609346,0.0,11179.170235609346
GIVEBACK_BASELINE,F03,HD,25,False,0,0,0,0,0.0,False,0,0.0,0.0,0.11673202576786523,0.0,-0.25608594133824103,0.0,0.9456358137183879,0.45583144923088276,1.0,1.0,1.0,1.0020059797309717,0.0,0.0,11162.428687623633,11162.428687623633,0.0,11162.428687623633
GIVEBACK_BASELINE,F03,HD,50,False,0,0,0,0,0.0,False,0,0.0,0.0,0.11393781978461082,0.0,-0.2560859413382417,0.0,0.928760048564216,0.4449202450911596,1.0,1.0,1.0,1.003256923525892,0.0,0.0,11134.609561520156,11134.609561520156,0.0,11134.609561520156
HERD_GIVEBACK_S1,F03,HD,10,False,0,0,0,0,0.0,False,0,0.0,0.0,0.11841359209391089,0.0,-0.2560859413382418,0.0,0.9565047345525035,0.4623978632919509,1.0,1.0,1.0,1.00125541345402,0.0,0.0,11179.170235609346,11179.170235609346,0.0,11179.170235609346
HERD_GIVEBACK_S1,F03,HD,25,False,0,0,0,0,0.0,False,0,0.0,0.0,0.11673202576786523,0.0,-0.25608594133824103,0.0,0.9456358137183879,0.45583144923088276,1.0,1.0,1.0,1.0020059797309717,0.0,0.0,11162.428687623633,11162.428687623633,0.0,11162.428687623633
HERD_GIVEBACK_S1,F03,HD,50,False,0,0,0,0,0.0,False,0,0.0,0.0,0.11393781978461082,0.0,-0.2560859413382417,0.0,0.928760048564216,0.4449202450911596,1.0,1.0,1.0,1.003256923525892,0.0,0.0,11134.609561520156,11134.609561520156,0.0,11134.609561520156
GIVEBACK_BASELINE,F03,HON,10,False,0,0,0,0,0.0,False,0,0.0,0.0,0.15950660450529242,0.0,-0.22167385261991168,0.0,1.2837864936067098,0.7195553405154509,1.0,1.0,1.0,0.9463690406287277,0.0,0.0,11588.258493201378,11588.258493201378,0.0,11588.258493201378
GIVEBACK_BASELINE,F03,HON,25,False,0,0,0,0,0.0,False,0,0.0,0.0,0.15776325367806,0.0,-0.22167385261991224,0.0,1.2732374804986228,0.7116908548910591,1.0,1.0,1.0,0.9470784626981648,0.0,0.0,11570.904308450095,11570.904308450095,0.0,11570.904308450095
GIVEBACK_BASELINE,F03,HON,50,False,0,0,0,0,0.0,False,0,0.0,0.0,0.15486638232846728,0.0,-0.22167385261991157,0.0,1.2559885941789517,0.6986226859782406,1.0,1.0,1.0000000000000002,0.948260832813893,0.0,0.0,11542.067174964535,11542.067174964535,0.0,11542.067174964535
HERD_GIVEBACK_S1,F03,HON,10,False,0,0,0,0,0.0,False,0,0.0,0.0,0.15950660450529242,0.0,-0.22167385261991168,0.0,1.2837864936067098,0.7195553405154509,1.0,1.0,1.0,0.9463690406287277,0.0,0.0,11588.258493201378,11588.258493201378,0.0,11588.258493201378
HERD_GIVEBACK_S1,F03,HON,25,False,0,0,0,0,0.0,False,0,0.0,0.0,0.15776325367806,0.0,-0.22167385261991224,0.0,1.2732374804986228,0.7116908548910591,1.0,1.0,1.0,0.9470784626981648,0.0,0.0,11570.904308450095,11570.904308450095,0.0,11570.904308450095
HERD_GIVEBACK_S1,F03,HON,50,False,0,0,0,0,0.0,False,0,0.0,0.0,0.15486638232846728,0.0,-0.22167385261991157,0.0,1.2559885941789517,0.6986226859782406,1.0,1.0,1.0000000000000002,0.948260832813893,0.0,0.0,11542.067174964535,11542.067174964535,0.0,11542.067174964535
GIVEBACK_BASELINE,F03,JNJ,10,False,0,0,0,0,0.0,False,0,0.0,0.0,0.005699170998494818,0.0,-0.16910181294817273,0.0,0.12715923882103905,0.03370260140405196,1.0,1.0,1.0000000000000002,0.9575012255885869,0.0,0.0,10056.764911728436,10056.764911728436,0.0,10056.764911728436
GIVEBACK_BASELINE,F03,JNJ,25,False,0,0,0,0,0.0,False,0,0.0,0.0,0.004187073978179301,0.0,-0.1691018129481724,0.0,0.11932276850143331,0.024760668766233673,1.0,1.0,1.0,0.9582189926242605,0.0,0.0,10041.704240068348,10041.704240068348,0.0,10041.704240068348
GIVEBACK_BASELINE,F03,JNJ,50,False,0,0,0,0,0.0,False,0,0.0,0.0,0.0016744698209858466,0.0,-0.1691018129481724,0.0,0.10628586616325297,0.009902139969954378,1.0,1.0,1.0,0.9594152710170496,0.0,0.0,10016.678195614599,10016.678195614599,0.0,10016.678195614599
HERD_GIVEBACK_S1,F03,JNJ,10,False,0,0,0,0,0.0,False,0,0.0,0.0,0.005699170998494818,0.0,-0.16910181294817273,0.0,0.12715923882103905,0.03370260140405196,1.0,1.0,1.0000000000000002,0.9575012255885869,0.0,0.0,10056.764911728436,10056.764911728436,0.0,10056.764911728436
HERD_GIVEBACK_S1,F03,JNJ,25,False,0,0,0,0,0.0,False,0,0.0,0.0,0.004187073978179301,0.0,-0.1691018129481724,0.0,0.11932276850143331,0.024760668766233673,1.0,1.0,1.0,0.9582189926242605,0.0,0.0,10041.704240068348,10041.704240068348,0.0,10041.704240068348
HERD_GIVEBACK_S1,F03,JNJ,50,False,0,0,0,0,0.0,False,0,0.0,0.0,0.0016744698209858466,0.0,-0.1691018129481724,0.0,0.10628586616325297,0.009902139969954378,1.0,1.0,1.0,0.9594152710170496,0.0,0.0,10016.678195614599,10016.678195614599,0.0,10016.678195614599
GIVEBACK_BASELINE,F03,JPM,10,False,0,0,0,0,0.0,False,0,0.0,0.0,0.014577575664096676,0.0,-0.21786034632663598,0.0,0.2801925114709313,0.06691247815350782,1.0,1.0,1.0000000000000002,1.0395384545296251,0.0,0.0,10145.193102104278,10145.193102104278,0.0,10145.193102104278
GIVEBACK_BASELINE,F03,JPM,25,False,0,0,0,0,0.0,False,0,0.0,0.0,0.013052129712386007,0.0,-0.21786034632663553,0.0,0.2674533067078232,0.05991053412178597,1.0,1.0,1.0,1.040317718738418,0.0,0.0,10130.000003371226,10130.000003371226,0.0,10130.000003371226
GIVEBACK_BASELINE,F03,JPM,50,False,0,0,0,0,0.0,False,0,0.0,0.0,0.01051734405488225,0.0,-0.21786034632663465,0.0,0.24628480161702151,0.04827562350017455,1.0,1.0,1.0,1.0416164924197393,0.0,0.0,10104.753907256458,10104.753907256458,0.0,10104.753907256458
HERD_GIVEBACK_S1,F03,JPM,10,False,0,0,0,0,0.0,False,0,0.0,0.0,0.014577575664096676,0.0,-0.21786034632663598,0.0,0.2801925114709313,0.06691247815350782,1.0,1.0,1.0000000000000002,1.0395384545296251,0.0,0.0,10145.193102104278,10145.193102104278,0.0,10145.193102104278
HERD_GIVEBACK_S1,F03,JPM,25,False,0,0,0,0,0.0,False,0,0.0,0.0,0.013052129712386007,0.0,-0.21786034632663553,0.0,0.2674533067078232,0.05991053412178597,1.0,1.0,1.0,1.040317718738418,0.0,0.0,10130.000003371226,10130.000003371226,0.0,10130.000003371226
HERD_GIVEBACK_S1,F03,JPM,50,False,0,0,0,0,0.0,False,0,0.0,0.0,0.01051734405488225,0.0,-0.21786034632663465,0.0,0.24628480161702151,0.04827562350017455,1.0,1.0,1.0,1.0416164924197393,0.0,0.0,10104.753907256458,10104.753907256458,0.0,10104.753907256458
GIVEBACK_BASELINE,F03,KO,10,False,0,0,0,0,0.0,False,0,0.0,0.0,0.15625828193230396,0.0,-0.11329381131509297,0.0,1.127719749686172,1.3792305168171817,1.0,1.0,1.0,0.9520401714963302,0.0,0.0,11555.92298472797,11555.92298472797,0.0,11555.92298472797
GIVEBACK_BASELINE,F03,KO,25,False,0,0,0,0,0.0,False,0,0.0,0.0,0.1545198150495215,0.0,-0.11329381131509186,0.0,1.1170878435781282,1.3638857520625924,1.0,1.0,0.9999999999999998,0.9527538447883066,0.0,0.0,11538.617224542673,11538.617224542673,0.0,11538.617224542673
GIVEBACK_BASELINE,F03,KO,50,False,0,0,0,0,0.0,False,0,0.0,0.0,0.1516310591971235,0.0,-0.11329381131509231,0.0,1.0988805278936125,1.3383878381088954,1.0,1.0,1.0,0.9539433002749338,0.0,0.0,11509.860557278565,11509.860557278565,0.0,11509.860557278565
HERD_GIVEBACK_S1,F03,KO,10,False,0,0,0,0,0.0,False,0,0.0,0.0,0.15625828193230396,0.0,-0.11329381131509297,0.0,1.127719749686172,1.3792305168171817,1.0,1.0,1.0,0.9520401714963302,0.0,0.0,11555.92298472797,11555.92298472797,0.0,11555.92298472797
HERD_GIVEBACK_S1,F03,KO,25,False,0,0,0,0,0.0,False,0,0.0,0.0,0.1545198150495215,0.0,-0.11329381131509186,0.0,1.1170878435781282,1.3638857520625924,1.0,1.0,0.9999999999999998,0.9527538447883066,0.0,0.0,11538.617224542673,11538.617224542673,0.0,11538.617224542673
HERD_GIVEBACK_S1,F03,KO,50,False,0,0,0,0,0.0,False,0,0.0,0.0,0.1516310591971235,0.0,-0.11329381131509231,0.0,1.0988805278936125,1.3383878381088954,1.0,1.0,1.0,0.9539433002749338,0.0,0.0,11509.860557278565,11509.860557278565,0.0,11509.860557278565
GIVEBACK_BASELINE,F03,LIN,10,False,0,0,0,0,0.0,False,0,0.0,0.0,0.183778681515135,0.0,-0.11901536638772281,0.0,1.4875534894227886,1.5441592719752608,1.0,1.0,1.0,0.9447467207396644,0.0,0.0,11829.864182232894,11829.864182232894,0.0,11829.864182232894
GIVEBACK_BASELINE,F03,LIN,25,False,0,0,0,0,0.0,False,0,0.0,0.0,0.18199883693670427,0.0,-0.11901536638772314,0.0,1.4782894342717594,1.5292045259416023,1.0,1.0,1.0,0.9454549266772504,0.0,0.0,11812.148176957253,11812.148176957253,0.0,11812.148176957253
GIVEBACK_BASELINE,F03,LIN,50,False,0,0,0,0,0.0,False,0,0.0,0.0,0.1790413250662135,0.0,-0.11901536638772214,0.0,1.4619460038078333,1.5043546938547572,1.0,1.0,1.0,0.9466352699065603,0.0,0.0,11782.70981288044,11782.70981288044,0.0,11782.70981288044
HERD_GIVEBACK_S1,F03,LIN,10,False,0,0,0,0,0.0,False,0,0.0,0.0,0.183778681515135,0.0,-0.11901536638772281,0.0,1.4875534894227886,1.5441592719752608,1.0,1.0,1.0,0.9447467207396644,0.0,0.0,11829.864182232894,11829.864182232894,0.0,11829.864182232894
HERD_GIVEBACK_S1,F03,LIN,25,False,0,0,0,0,0.0,False,0,0.0,0.0,0.18199883693670427,0.0,-0.11901536638772314,0.0,1.4782894342717594,1.5292045259416023,1.0,1.0,1.0,0.9454549266772504,0.0,0.0,11812.148176957253,11812.148176957253,0.0,11812.148176957253
HERD_GIVEBACK_S1,F03,LIN,50,False,0,0,0,0,0.0,False,0,0.0,0.0,0.1790413250662135,0.0,-0.11901536638772214,0.0,1.4619460038078333,1.5043546938547572,1.0,1.0,1.0,0.9466352699065603,0.0,0.0,11782.70981288044,11782.70981288044,0.0,11782.70981288044
GIVEBACK_BASELINE,F03,LLY,10,True,2,0,0,0,0.0,False,2,1147.5481859404326,0.0,0.15476369740312146,0.002481752924276437,-0.17575778702353662,0.004603354167708518,0.9935974786126855,0.8805510129824078,0.9827823169159102,0.9793418646352677,0.9793240146890329,0.943276382898384,24.70504149309454,-11.083408184977472,11541.044984542714,11516.33994304962,24.70504149309454,11541.044984542714
GIVEBACK_BASELINE,F03,LLY,25,True,2,0,0,0,0.0,False,2,1144.1106974005797,0.0,0.1528547994227687,0.002305343291385764,-0.1758845800691724,0.004476561122071732,0.9836320960709991,0.8690631058314123,0.9826797957625971,0.9793703868254588,0.9793525351453347,0.9438668766888992,22.949084944169954,-11.066810047006271,11522.042546035564,11499.093461091394,22.949084944169954,11522.042546035564
GIVEBACK_BASELINE,F03,LLY,50,True,2,0,0,0,0.0,False,2,1138.4044007391697,0.0,0.14968342023324666,0.0020127856097762464,-0.17609569030509087,0.004265450886153599,0.9670708203210742,0.8500118314872772,0.9825086528286772,0.9794178912668738,0.9794000368557465,0.9448510654112473,20.03695943960338,-11.039229222718262,11490.472254819764,11470.43529538016,20.03695943960338,11490.472254819764
HERD_GIVEBACK_S1,F03,LLY,10,True,1,0,0,0,0.0,False,1,595.4808819928999,0.0,0.15425728466273236,0.001975340183887342,-0.17748528461089086,0.0028758565803542746,0.9854282483751787,0.869127178632965,0.9881683358639277,0.9856167018926693,0.9855841264713447,0.8965403497321,19.663884840418177,-5.683799069219219,11536.003827890037,11516.33994304962,19.663884840418177,11536.003827890037
HERD_GIVEBACK_S1,F03,LLY,25,True,1,0,0,0,0.0,False,1,593.6971148860966,0.0,0.1524322210083564,0.001882764876973475,-0.1775510795252747,0.002810061665969421,0.9759698232805639,0.8585260163774865,0.988117404070072,0.9856372065349834,0.9856046667796157,0.8971562290947254,18.742441831527685,-5.6752872035929585,11517.835902922921,11499.093461091394,18.742441831527685,11517.835902922921
HERD_GIVEBACK_S1,F03,LLY,50,True,1,0,0,0,0.0,False,1,590.7360274036876,0.0,0.14939986920378368,0.0017292345803132658,-0.1776606279616917,0.002700513229552781,0.9602521842473801,0.8409284089438107,0.9880324018926431,0.9856713535327272,0.9856388732411053,0.8981827215770499,17.21426263467947,-5.661143191137569,11487.64955801484,11470.43529538016,17.21426263467947,11487.64955801484
GIVEBACK_BASELINE,F03,MA,10,False,0,0,0,0,0.0,False,0,0.0,0.0,0.38505699227904944,0.0,-0.21860745135692683,0.0,1.8199397572104776,1.7614083595456018,1.0,1.0,1.0,0.883989538046266,0.0,0.0,13832.677907787958,13832.677907787958,0.0,13832.677907787958
GIVEBACK_BASELINE,F03,MA,25,False,0,0,0,0,0.0,False,0,0.0,0.0,0.3829745200931449,0.0,-0.21860745135692694,0.0,1.8122857092402234,1.7518822790164226,1.0,1.0,1.0,0.8846521988693892,0.0,0.0,13811.962556283022,13811.962556283022,0.0,13811.962556283022
GIVEBACK_BASELINE,F03,MA,50,False,0,0,0,0,0.0,False,0,0.0,0.0,0.3795141414261374,0.0,-0.2186074513569275,0.0,1.7995671167977405,1.7360530900042026,1.0,1.0,1.0,0.8857566335745944,0.0,0.0,13777.540233073401,13777.540233073401,0.0,13777.540233073401
HERD_GIVEBACK_S1,F03,MA,10,False,0,0,0,0,0.0,False,0,0.0,0.0,0.38505699227904944,0.0,-0.21860745135692683,0.0,1.8199397572104776,1.7614083595456018,1.0,1.0,1.0,0.883989538046266,0.0,0.0,13832.677907787958,13832.677907787958,0.0,13832.677907787958
HERD_GIVEBACK_S1,F03,MA,25,False,0,0,0,0,0.0,False,0,0.0,0.0,0.3829745200931449,0.0,-0.21860745135692694,0.0,1.8122857092402234,1.7518822790164226,1.0,1.0,1.0,0.8846521988693892,0.0,0.0,13811.962556283022,13811.962556283022,0.0,13811.962556283022
HERD_GIVEBACK_S1,F03,MA,50,False,0,0,0,0,0.0,False,0,0.0,0.0,0.3795141414261374,0.0,-0.2186074513569275,0.0,1.7995671167977405,1.7360530900042026,1.0,1.0,1.0,0.8857566335745944,0.0,0.0,13777.540233073401,13777.540233073401,0.0,13777.540233073401
GIVEBACK_BASELINE,F03,MCD,10,False,0,0,0,0,0.0,False,0,0.0,0.0,0.3824682214948618,0.0,-0.096705458644892,0.0,3.512648316737547,3.9549806893456463,1.0,1.0,1.0,0.8389148091236134,0.0,0.0,13806.926142140373,13806.926142140373,0.0,13806.926142140373
GIVEBACK_BASELINE,F03,MCD,25,False,0,0,0,0,0.0,False,0,0.0,0.0,0.38038964159872224,0.0,-0.09670545864489166,0.0,3.4933177179174626,3.933486764129171,1.0,1.0,1.0,0.8395436807946205,0.0,0.0,13786.249355610407,13786.249355610407,0.0,13786.249355610407
GIVEBACK_BASELINE,F03,MCD,50,False,0,0,0,0,0.0,False,0,0.0,0.0,0.3769357306274448,0.0,-0.09670545864489177,0.0,3.4573417874537795,3.8977709832448584,1.0,1.0,1.0,0.840591800246299,0.0,0.0,13751.891115118986,13751.891115118986,0.0,13751.891115118986
HERD_GIVEBACK_S1,F03,MCD,10,False,0,0,0,0,0.0,False,0,0.0,0.0,0.3824682214948618,0.0,-0.096705458644892,0.0,3.512648316737547,3.9549806893456463,1.0,1.0,1.0,0.8389148091236134,0.0,0.0,13806.926142140373,13806.926142140373,0.0,13806.926142140373
HERD_GIVEBACK_S1,F03,MCD,25,False,0,0,0,0,0.0,False,0,0.0,0.0,0.38038964159872224,0.0,-0.09670545864489166,0.0,3.4933177179174626,3.933486764129171,1.0,1.0,1.0,0.8395436807946205,0.0,0.0,13786.249355610407,13786.249355610407,0.0,13786.249355610407
HERD_GIVEBACK_S1,F03,MCD,50,False,0,0,0,0,0.0,False,0,0.0,0.0,0.3769357306274448,0.0,-0.09670545864489177,0.0,3.4573417874537795,3.8977709832448584,1.0,1.0,1.0,0.840591800246299,0.0,0.0,13751.891115118986,13751.891115118986,0.0,13751.891115118986
GIVEBACK_BASELINE,F03,META,10,False,0,0,0,0,0.0,False,0,0.0,0.0,0.12860261982384502,0.0,-0.3318973558020323,0.0,0.7889582246068264,0.3874770846338197,1.0,1.0,1.0000000000000002,1.0215937099424144,0.0,0.0,11280.609299223977,11280.609299223977,0.0,11280.609299223977
GIVEBACK_BASELINE,F03,META,25,False,0,0,0,0,0.0,False,0,0.0,0.0,0.12690573400772043,0.0,-0.33189735580203283,0.0,0.7819742596353505,0.3823644020936883,1.0,1.0,1.0,1.0223595223186828,0.0,0.0,11263.715839520726,11263.715839520726,0.0,11263.715839520726
GIVEBACK_BASELINE,F03,META,50,False,0,0,0,0,0.0,False,0,0.0,0.0,0.12408607210864941,0.0,-0.33189735580203306,0.0,0.7703691319368939,0.3738688179928227,1.0,1.0,1.0,1.0236358762791307,0.0,0.0,11235.644284476368,11235.644284476368,0.0,11235.644284476368
HERD_GIVEBACK_S1,F03,META,10,False,0,0,0,0,0.0,False,0,0.0,0.0,0.12860261982384502,0.0,-0.3318973558020323,0.0,0.7889582246068264,0.3874770846338197,1.0,1.0,1.0000000000000002,1.0215937099424144,0.0,0.0,11280.609299223977,11280.609299223977,0.0,11280.609299223977
HERD_GIVEBACK_S1,F03,META,25,False,0,0,0,0,0.0,False,0,0.0,0.0,0.12690573400772043,0.0,-0.33189735580203283,0.0,0.7819742596353505,0.3823644020936883,1.0,1.0,1.0,1.0223595223186828,0.0,0.0,11263.715839520726,11263.715839520726,0.0,11263.715839520726
HERD_GIVEBACK_S1,F03,META,50,False,0,0,0,0,0.0,False,0,0.0,0.0,0.12408607210864941,0.0,-0.33189735580203306,0.0,0.7703691319368939,0.3738688179928227,1.0,1.0,1.0,1.0236358762791307,0.0,0.0,11235.644284476368,11235.644284476368,0.0,11235.644284476368
GIVEBACK_BASELINE,F03,MRK,10,True,1,0,0,0,0.0,False,1,570.6713948369983,0.0,0.3083321501623151,-0.008759691644712797,-0.12136868008098478,0.0,2.1167474458340654,2.5404589549509526,0.9857272265826224,0.9887690311007293,0.9870431624999988,0.8901114254379264,-87.15515429444713,-10.244136291007749,13069.37582833444,13156.530982628887,-87.15515429444713,13069.37582833444
GIVEBACK_BASELINE,F03,MRK,25,True,1,0,0,0,0.0,False,1,568.9619447208215,0.0,0.3062791211224629,-0.008832436016037892,-0.121368680080985,0.0,2.1075533051660473,2.523543313794743,0.9856873288787119,0.9888026339644047,0.9870617222584462,0.8907249540434197,-87.8794655759466,-10.228795018294875,13048.948740359407,13136.828205935353,-87.8794655759466,13048.948740359407
GIVEBACK_BASELINE,F03,MRK,50,True,1,0,0,0,0.0,False,1,566.1242248629387,0.0,0.30286795406082034,-0.008953026200854142,-0.12136868008098456,0.0,2.0908893250906524,2.49543748732151,0.9856209053892362,0.98885829784728,0.9870926298179127,0.8917475273586157,-89.08019813165993,-10.203302704170085,13015.00826176027,13104.08845989193,-89.08019813165993,13015.00826176027
HERD_GIVEBACK_S1,F03,MRK,10,False,0,0,0,0,0.0,False,0,0.0,0.0,0.3170918418070279,0.0,-0.12136868008098478,0.0,2.140945223540065,2.6126331900078696,1.0,1.0,1.0000000000000002,0.8406886297701422,0.0,0.0,13156.530982628887,13156.530982628887,0.0,13156.530982628887
HERD_GIVEBACK_S1,F03,MRK,25,False,0,0,0,0,0.0,False,0,0.0,0.0,0.3151115571385008,0.0,-0.121368680080985,0.0,2.1324261977694334,2.596316915766391,1.0,1.0,1.0,0.841318831141784,0.0,0.0,13136.828205935353,13136.828205935353,0.0,13136.828205935353
HERD_GIVEBACK_S1,F03,MRK,50,False,0,0,0,0,0.0,False,0,0.0,0.0,0.3118209802616745,0.0,-0.12136868008098456,0.0,2.1169074506262926,2.5692046749920046,1.0,1.0,1.0,0.8423691667611869,0.0,0.0,13104.08845989193,13104.08845989193,0.0,13104.08845989193
GIVEBACK_BASELINE,F03,MSFT,10,False,0,0,0,0,0.0,False,0,0.0,0.0,0.3313183338796799,0.0,-0.18227956747417584,0.0,1.6644926226796288,1.8176383588721148,1.0,1.0,1.0000000000000002,0.9004976348842388,0.0,0.0,13298.073549027862,13298.073549027862,0.0,13298.073549027862
GIVEBACK_BASELINE,F03,MSFT,25,False,0,0,0,0,0.0,False,0,0.0,0.0,0.32931665927975695,0.0,-0.18227956747417517,0.0,1.6565146529201695,1.8066570150623906,1.0,1.0,1.0,0.901172670592548,0.0,0.0,13278.158802964736,13278.158802964736,0.0,13278.158802964736
GIVEBACK_BASELINE,F03,MSFT,50,False,0,0,0,0,0.0,False,0,0.0,0.0,0.3259905394253151,0.0,-0.1822795674741754,0.0,1.6432578055260294,1.7884096607344653,1.0,1.0,1.0000000000000002,0.9022977301063965,0.0,0.0,13245.066831271224,13245.066831271224,0.0,13245.066831271224
HERD_GIVEBACK_S1,F03,MSFT,10,False,0,0,0,0,0.0,False,0,0.0,0.0,0.3313183338796799,0.0,-0.18227956747417584,0.0,1.6644926226796288,1.8176383588721148,1.0,1.0,1.0000000000000002,0.9004976348842388,0.0,0.0,13298.073549027862,13298.073549027862,0.0,13298.073549027862
HERD_GIVEBACK_S1,F03,MSFT,25,False,0,0,0,0,0.0,False,0,0.0,0.0,0.32931665927975695,0.0,-0.18227956747417517,0.0,1.6565146529201695,1.8066570150623906,1.0,1.0,1.0,0.901172670592548,0.0,0.0,13278.158802964736,13278.158802964736,0.0,13278.158802964736
HERD_GIVEBACK_S1,F03,MSFT,50,False,0,0,0,0,0.0,False,0,0.0,0.0,0.3259905394253151,0.0,-0.1822795674741754,0.0,1.6432578055260294,1.7884096607344653,1.0,1.0,1.0000000000000002,0.9022977301063965,0.0,0.0,13245.066831271224,13245.066831271224,0.0,13245.066831271224
GIVEBACK_BASELINE,F03,NEE,10,False,0,0,0,0,0.0,False,0,0.0,0.0,0.2802046539080276,0.0,-0.08142968777495174,0.0,2.3085540692154245,3.4410626095292516,1.0,1.0,1.0000000000000002,0.8987201547768675,0.0,0.0,12789.503636372752,12789.503636372752,0.0,12789.503636372752
GIVEBACK_BASELINE,F03,NEE,25,False,0,0,0,0,0.0,False,0,0.0,0.0,0.2782798301651146,0.0,-0.0814296877749513,0.0,2.295090022567376,3.4174247472764674,1.0,1.0,1.0,0.8993938580413177,0.0,0.0,12770.350507443758,12770.350507443758,0.0,12770.350507443758
GIVEBACK_BASELINE,F03,NEE,50,False,0,0,0,0,0.0,False,0,0.0,0.0,0.2750814109675783,0.0,-0.08142968777495152,0.0,2.2727170608863085,3.378146453512447,1.0,1.0,1.0,0.9005166968154021,0.0,0.0,12738.524101103882,12738.524101103882,0.0,12738.524101103882
HERD_GIVEBACK_S1,F03,NEE,10,False,0,0,0,0,0.0,False,0,0.0,0.0,0.2802046539080276,0.0,-0.08142968777495174,0.0,2.3085540692154245,3.4410626095292516,1.0,1.0,1.0000000000000002,0.8987201547768675,0.0,0.0,12789.503636372752,12789.503636372752,0.0,12789.503636372752
HERD_GIVEBACK_S1,F03,NEE,25,False,0,0,0,0,0.0,False,0,0.0,0.0,0.2782798301651146,0.0,-0.0814296877749513,0.0,2.295090022567376,3.4174247472764674,1.0,1.0,1.0,0.8993938580413177,0.0,0.0,12770.350507443758,12770.350507443758,0.0,12770.350507443758
HERD_GIVEBACK_S1,F03,NEE,50,False,0,0,0,0,0.0,False,0,0.0,0.0,0.2750814109675783,0.0,-0.08142968777495152,0.0,2.2727170608863085,3.378146453512447,1.0,1.0,1.0,0.9005166968154021,0.0,0.0,12738.524101103882,12738.524101103882,0.0,12738.524101103882
GIVEBACK_BASELINE,F03,NEM,10,False,0,0,0,0,0.0,False,0,0.0,0.0,0.07001259147220673,0.0,-0.18732858631435068,0.0,0.48544121249693767,0.37374216530263366,1.0,1.0,1.0000000000000002,1.0579054305809574,0.0,0.0,10697.252959317495,10697.252959317495,0.0,10697.252959317495
GIVEBACK_BASELINE,F03,NEM,25,False,0,0,0,0,0.0,False,0,0.0,0.0,0.06840379741338554,0.0,-0.18732858631435112,0.0,0.4792615689326878,0.3651540790394849,1.0,1.0,0.9999999999999998,1.0586984631376144,0.0,0.0,10681.23311437737,10681.23311437737,0.0,10681.23311437737
GIVEBACK_BASELINE,F03,NEM,50,False,0,0,0,0,0.0,False,0,0.0,0.0,0.06573051482241499,0.0,-0.18732858631435068,0.0,0.468682580660674,0.3508835256575017,1.0,1.0,1.0000000000000002,1.060020184065377,0.0,0.0,10654.613229111812,10654.613229111812,0.0,10654.613229111812
HERD_GIVEBACK_S1,F03,NEM,10,False,0,0,0,0,0.0,False,0,0.0,0.0,0.07001259147220673,0.0,-0.18732858631435068,0.0,0.48544121249693767,0.37374216530263366,1.0,1.0,1.0000000000000002,1.0579054305809574,0.0,0.0,10697.252959317495,10697.252959317495,0.0,10697.252959317495
HERD_GIVEBACK_S1,F03,NEM,25,False,0,0,0,0,0.0,False,0,0.0,0.0,0.06840379741338554,0.0,-0.18732858631435112,0.0,0.4792615689326878,0.3651540790394849,1.0,1.0,0.9999999999999998,1.0586984631376144,0.0,0.0,10681.23311437737,10681.23311437737,0.0,10681.23311437737
HERD_GIVEBACK_S1,F03,NEM,50,False,0,0,0,0,0.0,False,0,0.0,0.0,0.06573051482241499,0.0,-0.18732858631435068,0.0,0.468682580660674,0.3508835256575017,1.0,1.0,1.0000000000000002,1.060020184065377,0.0,0.0,10654.613229111812,10654.613229111812,0.0,10654.613229111812
GIVEBACK_BASELINE,F03,NFLX,10,False,0,0,0,0,0.0,False,0,0.0,0.0,-0.05372947518228233,0.0,-0.38683376940826175,0.0,0.13571357313560908,-0.13889551386496612,1.0,1.0,1.0000000000000002,0.9930265432620367,0.0,0.0,9464.779264229473,9464.779264229473,0.0,9464.779264229473
GIVEBACK_BASELINE,F03,NFLX,25,False,0,0,0,0,0.0,False,0,0.0,0.0,-0.05515221955977401,0.0,-0.3868337694082611,0.0,0.13041560810366776,-0.14257343572703143,1.0,1.0,0.9999999999999998,0.9937709409706285,0.0,0.0,9450.605130292275,9450.605130292275,0.0,9450.605130292275
GIVEBACK_BASELINE,F03,NFLX,50,False,0,0,0,0,0.0,False,0,0.0,0.0,-0.05751634923498039,0.0,-0.38683376940826175,0.0,0.12161207587109406,-0.1486849230432052,1.0,1.0,1.0000000000000002,0.9950116038182826,0.0,0.0,9427.052229464762,9427.052229464762,0.0,9427.052229464762
HERD_GIVEBACK_S1,F03,NFLX,10,False,0,0,0,0,0.0,False,0,0.0,0.0,-0.05372947518228233,0.0,-0.38683376940826175,0.0,0.13571357313560908,-0.13889551386496612,1.0,1.0,1.0000000000000002,0.9930265432620367,0.0,0.0,9464.779264229473,9464.779264229473,0.0,9464.779264229473
HERD_GIVEBACK_S1,F03,NFLX,25,False,0,0,0,0,0.0,False,0,0.0,0.0,-0.05515221955977401,0.0,-0.3868337694082611,0.0,0.13041560810366776,-0.14257343572703143,1.0,1.0,0.9999999999999998,0.9937709409706285,0.0,0.0,9450.605130292275,9450.605130292275,0.0,9450.605130292275
HERD_GIVEBACK_S1,F03,NFLX,50,False,0,0,0,0,0.0,False,0,0.0,0.0,-0.05751634923498039,0.0,-0.38683376940826175,0.0,0.12161207587109406,-0.1486849230432052,1.0,1.0,1.0000000000000002,0.9950116038182826,0.0,0.0,9427.052229464762,9427.052229464762,0.0,9427.052229464762
GIVEBACK_BASELINE,F03,NKE,10,False,0,0,0,0,0.0,False,0,0.0,0.0,0.07961784272178374,0.0,-0.20829419053544285,0.0,0.5766736306747479,0.38223746191440783,1.0,1.0,1.0,0.9509741504734107,0.0,0.0,10792.89692509133,10792.89692509133,0.0,10792.89692509133
GIVEBACK_BASELINE,F03,NKE,25,False,0,0,0,0,0.0,False,0,0.0,0.0,0.07799460689725812,0.0,-0.2082941905354434,0.0,0.5687201906647567,0.37444446576625257,1.0,1.0,1.0,0.9516870246491778,0.0,0.0,10776.733846976576,10776.733846976576,0.0,10776.733846976576
GIVEBACK_BASELINE,F03,NKE,50,False,0,0,0,0,0.0,False,0,0.0,0.0,0.07529732687752055,0.0,-0.20829419053544285,0.0,0.5555041039096237,0.3614950886722313,1.0,1.0,1.0,0.9528751482754564,0.0,0.0,10749.875953747207,10749.875953747207,0.0,10749.875953747207
HERD_GIVEBACK_S1,F03,NKE,10,False,0,0,0,0,0.0,False,0,0.0,0.0,0.07961784272178374,0.0,-0.20829419053544285,0.0,0.5766736306747479,0.38223746191440783,1.0,1.0,1.0,0.9509741504734107,0.0,0.0,10792.89692509133,10792.89692509133,0.0,10792.89692509133
HERD_GIVEBACK_S1,F03,NKE,25,False,0,0,0,0,0.0,False,0,0.0,0.0,0.07799460689725812,0.0,-0.2082941905354434,0.0,0.5687201906647567,0.37444446576625257,1.0,1.0,1.0,0.9516870246491778,0.0,0.0,10776.733846976576,10776.733846976576,0.0,10776.733846976576
HERD_GIVEBACK_S1,F03,NKE,50,False,0,0,0,0,0.0,False,0,0.0,0.0,0.07529732687752055,0.0,-0.20829419053544285,0.0,0.5555041039096237,0.3614950886722313,1.0,1.0,1.0,0.9528751482754564,0.0,0.0,10749.875953747207,10749.875953747207,0.0,10749.875953747207
GIVEBACK_BASELINE,F03,NVDA,10,False,0,0,0,0,0.0,False,0,0.0,0.0,-0.32216465057327215,0.0,-0.5603844881522633,0.0,-0.570180330730511,-0.5748993010772563,1.0,1.0,1.0,1.3064499930714952,0.0,0.0,6788.820967518902,6788.820967518902,0.0,6788.820967518902
GIVEBACK_BASELINE,F03,NVDA,25,False,0,0,0,0,0.0,False,0,0.0,0.0,-0.3231837951064356,0.0,-0.5603844881522624,0.0,-0.5736774426586303,-0.576717953368158,1.0,1.0,1.0,1.3074293408923885,0.0,0.0,6778.654258398389,6778.654258398389,0.0,6778.654258398389
GIVEBACK_BASELINE,F03,NVDA,50,False,0,0,0,0,0.0,False,0,0.0,0.0,-0.3248772755884505,0.0,-0.5603844881522629,0.0,-0.579488530009062,-0.5797399507963853,1.0,1.0,1.0,1.309061587260544,0.0,0.0,6761.760422576141,6761.760422576141,0.0,6761.760422576141
HERD_GIVEBACK_S1,F03,NVDA,10,False,0,0,0,0,0.0,False,0,0.0,0.0,-0.32216465057327215,0.0,-0.5603844881522633,0.0,-0.570180330730511,-0.5748993010772563,1.0,1.0,1.0,1.3064499930714952,0.0,0.0,6788.820967518902,6788.820967518902,0.0,6788.820967518902
HERD_GIVEBACK_S1,F03,NVDA,25,False,0,0,0,0,0.0,False,0,0.0,0.0,-0.3231837951064356,0.0,-0.5603844881522624,0.0,-0.5736774426586303,-0.576717953368158,1.0,1.0,1.0,1.3074293408923885,0.0,0.0,6778.654258398389,6778.654258398389,0.0,6778.654258398389
HERD_GIVEBACK_S1,F03,NVDA,50,False,0,0,0,0,0.0,False,0,0.0,0.0,-0.3248772755884505,0.0,-0.5603844881522629,0.0,-0.579488530009062,-0.5797399507963853,1.0,1.0,1.0,1.309061587260544,0.0,0.0,6761.760422576141,6761.760422576141,0.0,6761.760422576141
GIVEBACK_BASELINE,F03,ORCL,10,False,0,0,0,0,0.0,False,0,0.0,0.0,0.2073572106416426,0.0,-0.17255070606216238,0.0,1.438488448837502,1.2017175436357876,1.0,1.0,1.0000000000000002,0.9097569328448458,0.0,0.0,12064.547426807254,12064.547426807254,0.0,12064.547426807254
GIVEBACK_BASELINE,F03,ORCL,25,False,0,0,0,0,0.0,False,0,0.0,0.0,0.20554191508078956,0.0,-0.1725507060621625,0.0,1.428069465398081,1.1911971835498707,1.0,1.0,1.0,0.9104389095561236,0.0,0.0,12046.479967826403,12046.479967826403,0.0,12046.479967826403
GIVEBACK_BASELINE,F03,ORCL,50,False,0,0,0,0,0.0,False,0,0.0,0.0,0.20252549542553022,0.0,-0.17255070606216238,0.0,1.4107564299237705,1.1737158314065042,1.0,1.0,1.0,0.9115755374082536,0.0,0.0,12016.457599513355,12016.457599513355,0.0,12016.457599513355
HERD_GIVEBACK_S1,F03,ORCL,10,False,0,0,0,0,0.0,False,0,0.0,0.0,0.2073572106416426,0.0,-0.17255070606216238,0.0,1.438488448837502,1.2017175436357876,1.0,1.0,1.0000000000000002,0.9097569328448458,0.0,0.0,12064.547426807254,12064.547426807254,0.0,12064.547426807254
HERD_GIVEBACK_S1,F03,ORCL,25,False,0,0,0,0,0.0,False,0,0.0,0.0,0.20554191508078956,0.0,-0.1725507060621625,0.0,1.428069465398081,1.1911971835498707,1.0,1.0,1.0,0.9104389095561236,0.0,0.0,12046.479967826403,12046.479967826403,0.0,12046.479967826403
HERD_GIVEBACK_S1,F03,ORCL,50,False,0,0,0,0,0.0,False,0,0.0,0.0,0.20252549542553022,0.0,-0.17255070606216238,0.0,1.4107564299237705,1.1737158314065042,1.0,1.0,1.0,0.9115755374082536,0.0,0.0,12016.457599513355,12016.457599513355,0.0,12016.457599513355
GIVEBACK_BASELINE,F03,PEP,10,False,0,0,0,0,0.0,False,0,0.0,0.0,0.15452974233899552,0.0,-0.12356943356425976,0.0,1.4054326950761422,1.2505498963757529,1.0,1.0,1.0,0.9401190893638146,0.0,0.0,11538.716047133286,11538.716047133286,0.0,11538.716047133286
GIVEBACK_BASELINE,F03,PEP,25,False,0,0,0,0,0.0,False,0,0.0,0.0,0.15279387436415925,0.0,-0.12356943356425976,0.0,1.3918850757184031,1.2365021830799436,1.0,1.0,1.0,0.9408238263123636,0.0,0.0,11521.436055476903,11521.436055476903,0.0,11521.436055476903
GIVEBACK_BASELINE,F03,PEP,50,False,0,0,0,0,0.0,False,0,0.0,0.0,0.14990943703552473,0.0,-0.12356943356426009,0.0,1.369373242784153,1.213159538823709,1.0,1.0,1.0,0.9419983878932779,0.0,0.0,11492.722207309089,11492.722207309089,0.0,11492.722207309089
HERD_GIVEBACK_S1,F03,PEP,10,False,0,0,0,0,0.0,False,0,0.0,0.0,0.15452974233899552,0.0,-0.12356943356425976,0.0,1.4054326950761422,1.2505498963757529,1.0,1.0,1.0,0.9401190893638146,0.0,0.0,11538.716047133286,11538.716047133286,0.0,11538.716047133286
HERD_GIVEBACK_S1,F03,PEP,25,False,0,0,0,0,0.0,False,0,0.0,0.0,0.15279387436415925,0.0,-0.12356943356425976,0.0,1.3918850757184031,1.2365021830799436,1.0,1.0,1.0,0.9408238263123636,0.0,0.0,11521.436055476903,11521.436055476903,0.0,11521.436055476903
HERD_GIVEBACK_S1,F03,PEP,50,False,0,0,0,0,0.0,False,0,0.0,0.0,0.14990943703552473,0.0,-0.12356943356426009,0.0,1.369373242784153,1.213159538823709,1.0,1.0,1.0,0.9419983878932779,0.0,0.0,11492.722207309089,11492.722207309089,0.0,11492.722207309089
GIVEBACK_BASELINE,F03,PG,10,False,0,0,0,0,0.0,False,0,0.0,0.0,0.48978857131852305,0.0,-0.09602637574185457,0.0,3.532116046939238,5.100562918621547,1.0,1.0,1.0000000000000002,0.8219937230673658,0.0,0.0,14874.337649081841,14874.337649081841,0.0,14874.337649081841
GIVEBACK_BASELINE,F03,PG,25,False,0,0,0,0,0.0,False,0,0.0,0.0,0.4875486322546838,0.0,-0.0960263757418548,0.0,3.5191956026282334,5.0772366288752595,1.0,1.0,1.0,0.8226099102660668,0.0,0.0,14852.062343110149,14852.062343110149,0.0,14852.062343110149
GIVEBACK_BASELINE,F03,PG,50,False,0,0,0,0,0.0,False,0,0.0,0.0,0.48382659581915655,0.0,-0.09602637574185502,0.0,3.4977259350737255,5.038476065365768,1.0,1.0,1.0,0.8236368889305686,0.0,0.0,14815.047871906605,14815.047871906605,0.0,14815.047871906605
HERD_GIVEBACK_S1,F03,PG,10,False,0,0,0,0,0.0,False,0,0.0,0.0,0.48978857131852305,0.0,-0.09602637574185457,0.0,3.532116046939238,5.100562918621547,1.0,1.0,1.0000000000000002,0.8219937230673658,0.0,0.0,14874.337649081841,14874.337649081841,0.0,14874.337649081841
HERD_GIVEBACK_S1,F03,PG,25,False,0,0,0,0,0.0,False,0,0.0,0.0,0.4875486322546838,0.0,-0.0960263757418548,0.0,3.5191956026282334,5.0772366288752595,1.0,1.0,1.0,0.8226099102660668,0.0,0.0,14852.062343110149,14852.062343110149,0.0,14852.062343110149
HERD_GIVEBACK_S1,F03,PG,50,False,0,0,0,0,0.0,False,0,0.0,0.0,0.48382659581915655,0.0,-0.09602637574185502,0.0,3.4977259350737255,5.038476065365768,1.0,1.0,1.0,0.8236368889305686,0.0,0.0,14815.047871906605,14815.047871906605,0.0,14815.047871906605
GIVEBACK_BASELINE,F03,PLD,10,False,0,0,0,0,0.0,False,0,0.0,0.0,0.25903087857032503,0.0,-0.17906197974132287,0.0,1.7135687675108169,1.4465989873703347,1.0,1.0,1.0,0.9256732555305962,0.0,0.0,12578.805787967704,12578.805787967704,0.0,12578.805787967704
GIVEBACK_BASELINE,F03,PLD,25,False,0,0,0,0,0.0,False,0,0.0,0.0,0.25713789019480204,0.0,-0.17906197974132276,0.0,1.705109686627395,1.436027293824572,1.0,1.0,1.0,0.9263671635182504,0.0,0.0,12559.968193024257,12559.968193024257,0.0,12559.968193024257
GIVEBACK_BASELINE,F03,PLD,50,False,0,0,0,0,0.0,False,0,0.0,0.0,0.2539923708280263,0.0,-0.17906197974132287,0.0,1.6901240077193131,1.4184606424822823,1.0,1.0,1.0,0.9275236768310072,0.0,0.0,12528.666103775096,12528.666103775096,0.0,12528.666103775096
HERD_GIVEBACK_S1,F03,PLD,10,False,0,0,0,0,0.0,False,0,0.0,0.0,0.25903087857032503,0.0,-0.17906197974132287,0.0,1.7135687675108169,1.4465989873703347,1.0,1.0,1.0,0.9256732555305962,0.0,0.0,12578.805787967704,12578.805787967704,0.0,12578.805787967704
HERD_GIVEBACK_S1,F03,PLD,25,False,0,0,0,0,0.0,False,0,0.0,0.0,0.25713789019480204,0.0,-0.17906197974132276,0.0,1.705109686627395,1.436027293824572,1.0,1.0,1.0,0.9263671635182504,0.0,0.0,12559.968193024257,12559.968193024257,0.0,12559.968193024257
HERD_GIVEBACK_S1,F03,PLD,50,False,0,0,0,0,0.0,False,0,0.0,0.0,0.2539923708280263,0.0,-0.17906197974132287,0.0,1.6901240077193131,1.4184606424822823,1.0,1.0,1.0,0.9275236768310072,0.0,0.0,12528.666103775096,12528.666103775096,0.0,12528.666103775096
GIVEBACK_BASELINE,F03,SHW,10,False,0,0,0,0,0.0,False,0,0.0,0.0,0.18191215725189847,0.0,-0.2342807056770766,0.0,1.2916251037235873,0.7764709292904346,1.0,1.0,1.0,1.0049930184046652,0.0,0.0,11811.285392318086,11811.285392318086,0.0,11811.285392318086
GIVEBACK_BASELINE,F03,SHW,25,False,0,0,0,0,0.0,False,0,0.0,0.0,0.18013511904525648,0.0,-0.23428070567707626,0.0,1.2822266967096978,0.7688858479603009,1.0,1.0,1.0,1.0057463864844287,0.0,0.0,11793.597210011083,11793.597210011083,0.0,11793.597210011083
GIVEBACK_BASELINE,F03,SHW,50,False,0,0,0,0,0.0,False,0,0.0,0.0,0.17718227043467127,0.0,-0.23428070567707637,0.0,1.2679583598991544,0.7562819563933386,1.0,1.0,1.0,1.0070019999507012,0.0,0.0,11764.205078855732,11764.205078855732,0.0,11764.205078855732
HERD_GIVEBACK_S1,F03,SHW,10,False,0,0,0,0,0.0,False,0,0.0,0.0,0.18191215725189847,0.0,-0.2342807056770766,0.0,1.2916251037235873,0.7764709292904346,1.0,1.0,1.0,1.0049930184046652,0.0,0.0,11811.285392318086,11811.285392318086,0.0,11811.285392318086
HERD_GIVEBACK_S1,F03,SHW,25,False,0,0,0,0,0.0,False,0,0.0,0.0,0.18013511904525648,0.0,-0.23428070567707626,0.0,1.2822266967096978,0.7688858479603009,1.0,1.0,1.0,1.0057463864844287,0.0,0.0,11793.597210011083,11793.597210011083,0.0,11793.597210011083
HERD_GIVEBACK_S1,F03,SHW,50,False,0,0,0,0,0.0,False,0,0.0,0.0,0.17718227043467127,0.0,-0.23428070567707637,0.0,1.2679583598991544,0.7562819563933386,1.0,1.0,1.0,1.0070019999507012,0.0,0.0,11764.205078855732,11764.205078855732,0.0,11764.205078855732
GIVEBACK_BASELINE,F03,SLB,10,False,0,0,0,0,0.0,False,0,0.0,0.0,-0.39214153760528137,0.0,-0.46374064293330264,0.0,-2.425448453798371,-0.8456052829979818,1.0,1.0,1.0000000000000002,1.3796453562656608,0.0,0.0,6090.604427857379,6090.604427857379,0.0,6090.604427857379
GIVEBACK_BASELINE,F03,SLB,25,False,0,0,0,0,0.0,False,0,0.0,0.0,-0.39305546991850815,0.0,-0.46374064293330286,0.0,-2.4361429102022063,-0.847576066294968,1.0,1.0,0.9999999999999998,1.380679573174405,0.0,0.0,6081.483344257976,6081.483344257976,0.0,6081.483344257976
GIVEBACK_BASELINE,F03,SLB,50,False,0,0,0,0,0.0,False,0,0.0,0.0,-0.39457412255703306,0.0,-0.4637406429333032,0.0,-2.453272505514324,-0.850850855040933,1.0,1.0,1.0,1.3824032680223135,0.0,0.0,6066.3270053657325,6066.3270053657325,0.0,6066.3270053657325
HERD_GIVEBACK_S1,F03,SLB,10,False,0,0,0,0,0.0,False,0,0.0,0.0,-0.39214153760528137,0.0,-0.46374064293330264,0.0,-2.425448453798371,-0.8456052829979818,1.0,1.0,1.0000000000000002,1.3796453562656608,0.0,0.0,6090.604427857379,6090.604427857379,0.0,6090.604427857379
HERD_GIVEBACK_S1,F03,SLB,25,False,0,0,0,0,0.0,False,0,0.0,0.0,-0.39305546991850815,0.0,-0.46374064293330286,0.0,-2.4361429102022063,-0.847576066294968,1.0,1.0,0.9999999999999998,1.380679573174405,0.0,0.0,6081.483344257976,6081.483344257976,0.0,6081.483344257976
HERD_GIVEBACK_S1,F03,SLB,50,False,0,0,0,0,0.0,False,0,0.0,0.0,-0.39457412255703306,0.0,-0.4637406429333032,0.0,-2.453272505514324,-0.850850855040933,1.0,1.0,1.0,1.3824032680223135,0.0,0.0,6066.3270053657325,6066.3270053657325,0.0,6066.3270053657325
GIVEBACK_BASELINE,F03,SO,10,False,0,0,0,0,0.0,False,0,0.0,0.0,0.24485516283167552,0.0,-0.1196869594282699,0.0,1.7998588792923234,2.0457965011503254,1.0,1.0,1.0,0.9469316833055507,0.0,0.0,12437.736996599064,12437.736996599064,0.0,12437.736996599064
GIVEBACK_BASELINE,F03,SO,25,False,0,0,0,0,0.0,False,0,0.0,0.0,0.24298348804389902,0.0,-0.1196869594282709,0.0,1.7881636148629763,2.0301584166278404,1.0,1.0,1.0,0.9476415271461096,0.0,0.0,12419.110661515715,12419.110661515715,0.0,12419.110661515715
GIVEBACK_BASELINE,F03,SO,50,False,0,0,0,0,0.0,False,0,0.0,0.0,0.23987338479689346,0.0,-0.1196869594282699,0.0,1.7687298064570596,2.004173102422683,1.0,1.0,1.0,0.9488246002137076,0.0,0.0,12388.159618937609,12388.159618937609,0.0,12388.159618937609
HERD_GIVEBACK_S1,F03,SO,10,False,0,0,0,0,0.0,False,0,0.0,0.0,0.24485516283167552,0.0,-0.1196869594282699,0.0,1.7998588792923234,2.0457965011503254,1.0,1.0,1.0,0.9469316833055507,0.0,0.0,12437.736996599064,12437.736996599064,0.0,12437.736996599064
HERD_GIVEBACK_S1,F03,SO,25,False,0,0,0,0,0.0,False,0,0.0,0.0,0.24298348804389902,0.0,-0.1196869594282709,0.0,1.7881636148629763,2.0301584166278404,1.0,1.0,1.0,0.9476415271461096,0.0,0.0,12419.110661515715,12419.110661515715,0.0,12419.110661515715
HERD_GIVEBACK_S1,F03,SO,50,False,0,0,0,0,0.0,False,0,0.0,0.0,0.23987338479689346,0.0,-0.1196869594282699,0.0,1.7687298064570596,2.004173102422683,1.0,1.0,1.0,0.9488246002137076,0.0,0.0,12388.159618937609,12388.159618937609,0.0,12388.159618937609
GIVEBACK_BASELINE,F03,TMUS,10,False,0,0,0,0,0.0,False,0,0.0,0.0,0.2978687955377115,0.0,-0.13746633737943326,0.0,2.0361216031974636,2.166848998933731,1.0,1.0,1.0000000000000002,0.8667423086663784,0.0,0.0,12965.266925763468,12965.266925763468,0.0,12965.266925763468
GIVEBACK_BASELINE,F03,TMUS,25,False,0,0,0,0,0.0,False,0,0.0,0.0,0.29591741326050025,0.0,-0.13746633737943248,0.0,2.0254058378433406,2.1526536525354096,1.0,1.0,1.0000000000000002,0.8673920405319454,0.0,0.0,12945.85057966527,12945.85057966527,0.0,12945.85057966527
GIVEBACK_BASELINE,F03,TMUS,50,False,0,0,0,0,0.0,False,0,0.0,0.0,0.292674862580139,0.0,-0.1374663373794327,0.0,2.0075996452537463,2.1290656909866,1.0,1.0,1.0,0.8684749269745569,0.0,0.0,12913.586790137837,12913.586790137837,0.0,12913.586790137837
HERD_GIVEBACK_S1,F03,TMUS,10,False,0,0,0,0,0.0,False,0,0.0,0.0,0.2978687955377115,0.0,-0.13746633737943326,0.0,2.0361216031974636,2.166848998933731,1.0,1.0,1.0000000000000002,0.8667423086663784,0.0,0.0,12965.266925763468,12965.266925763468,0.0,12965.266925763468
HERD_GIVEBACK_S1,F03,TMUS,25,False,0,0,0,0,0.0,False,0,0.0,0.0,0.29591741326050025,0.0,-0.13746633737943248,0.0,2.0254058378433406,2.1526536525354096,1.0,1.0,1.0000000000000002,0.8673920405319454,0.0,0.0,12945.85057966527,12945.85057966527,0.0,12945.85057966527
HERD_GIVEBACK_S1,F03,TMUS,50,False,0,0,0,0,0.0,False,0,0.0,0.0,0.292674862580139,0.0,-0.1374663373794327,0.0,2.0075996452537463,2.1290656909866,1.0,1.0,1.0,0.8684749269745569,0.0,0.0,12913.586790137837,12913.586790137837,0.0,12913.586790137837
GIVEBACK_BASELINE,F03,TSLA,10,False,0,0,0,0,0.0,False,0,0.0,0.0,-0.28967402319604296,0.0,-0.5284927947748357,0.0,-0.4168605345962255,-0.5481134767777838,1.0,1.0,1.0000000000000002,1.1487507260386982,0.0,0.0,7112.907334022718,7112.907334022718,0.0,7112.907334022718
GIVEBACK_BASELINE,F03,TSLA,25,False,0,0,0,0,0.0,False,0,0.0,0.0,-0.29074201830228363,0.0,-0.5284927947748349,0.0,-0.4207526731723548,-0.5501343086922399,1.0,1.0,1.0,1.1496118585169877,0.0,0.0,7102.255284099446,7102.255284099446,0.0,7102.255284099446
GIVEBACK_BASELINE,F03,TSLA,50,False,0,0,0,0,0.0,False,0,0.0,0.0,-0.2925166722482626,0.0,-0.528492794774835,0.0,-0.4272201691263757,-0.5534922616549384,1.0,1.0,1.0,1.1510470793141372,0.0,0.0,7084.554966283619,7084.554966283619,0.0,7084.554966283619
HERD_GIVEBACK_S1,F03,TSLA,10,False,0,0,0,0,0.0,False,0,0.0,0.0,-0.28967402319604296,0.0,-0.5284927947748357,0.0,-0.4168605345962255,-0.5481134767777838,1.0,1.0,1.0000000000000002,1.1487507260386982,0.0,0.0,7112.907334022718,7112.907334022718,0.0,7112.907334022718
HERD_GIVEBACK_S1,F03,TSLA,25,False,0,0,0,0,0.0,False,0,0.0,0.0,-0.29074201830228363,0.0,-0.5284927947748349,0.0,-0.4207526731723548,-0.5501343086922399,1.0,1.0,1.0,1.1496118585169877,0.0,0.0,7102.255284099446,7102.255284099446,0.0,7102.255284099446
HERD_GIVEBACK_S1,F03,TSLA,50,False,0,0,0,0,0.0,False,0,0.0,0.0,-0.2925166722482626,0.0,-0.528492794774835,0.0,-0.4272201691263757,-0.5534922616549384,1.0,1.0,1.0,1.1510470793141372,0.0,0.0,7084.554966283619,7084.554966283619,0.0,7084.554966283619
GIVEBACK_BASELINE,F03,UNH,10,False,0,0,0,0,0.0,False,0,0.0,0.0,-0.0031276607294074,0.0,-0.23980149889426827,0.0,0.15950177492075507,-0.013042707171677971,1.0,1.0,1.0,0.9876694072465021,0.0,0.0,9968.84731270197,9968.84731270197,0.0,9968.84731270197
GIVEBACK_BASELINE,F03,UNH,25,False,0,0,0,0,0.0,False,0,0.0,0.0,-0.004626486359691873,0.0,-0.23980149889426938,0.0,0.1509304409708613,-0.019292983492700068,1.0,1.0,0.9999999999999998,0.9884097891110045,0.0,0.0,9953.918303470477,9953.918303470477,0.0,9953.918303470477
GIVEBACK_BASELINE,F03,UNH,50,False,0,0,0,0,0.0,False,0,0.0,0.0,-0.0071170378646274735,0.0,-0.23980149889426905,0.0,0.1366876110825944,-0.029678871472631825,1.0,1.0,1.0,0.9896437588851758,0.0,0.0,9929.111040082089,9929.111040082089,0.0,9929.111040082089
HERD_GIVEBACK_S1,F03,UNH,10,False,0,0,0,0,0.0,False,0,0.0,0.0,-0.0031276607294074,0.0,-0.23980149889426827,0.0,0.15950177492075507,-0.013042707171677971,1.0,1.0,1.0,0.9876694072465021,0.0,0.0,9968.84731270197,9968.84731270197,0.0,9968.84731270197
HERD_GIVEBACK_S1,F03,UNH,25,False,0,0,0,0,0.0,False,0,0.0,0.0,-0.004626486359691873,0.0,-0.23980149889426938,0.0,0.1509304409708613,-0.019292983492700068,1.0,1.0,0.9999999999999998,0.9884097891110045,0.0,0.0,9953.918303470477,9953.918303470477,0.0,9953.918303470477
HERD_GIVEBACK_S1,F03,UNH,50,False,0,0,0,0,0.0,False,0,0.0,0.0,-0.0071170378646274735,0.0,-0.23980149889426905,0.0,0.1366876110825944,-0.029678871472631825,1.0,1.0,1.0,0.9896437588851758,0.0,0.0,9929.111040082089,9929.111040082089,0.0,9929.111040082089
GIVEBACK_BASELINE,F03,UNP,10,False,0,0,0,0,0.0,False,0,0.0,0.0,0.20950871355931455,0.0,-0.21881054955954138,0.0,1.30268431533895,0.9574890880766438,1.0,1.0,1.0,0.9106248357252884,0.0,0.0,12085.960985112088,12085.960985112088,0.0,12085.960985112088
GIVEBACK_BASELINE,F03,UNP,25,False,0,0,0,0,0.0,False,0,0.0,0.0,0.2076901831532465,0.0,-0.21881054955954127,0.0,1.2937318714433417,0.9491781066832485,1.0,1.0,1.0,0.9113074630384261,0.0,0.0,12067.861457909145,12067.861457909145,0.0,12067.861457909145
GIVEBACK_BASELINE,F03,UNP,50,False,0,0,0,0,0.0,False,0,0.0,0.0,0.20466838825723044,0.0,-0.21881054955954138,0.0,1.2788557580828237,0.9353680097656231,1.0,1.0,1.0,0.9124451752269883,0.0,0.0,12037.78580241411,12037.78580241411,0.0,12037.78580241411
HERD_GIVEBACK_S1,F03,UNP,10,False,0,0,0,0,0.0,False,0,0.0,0.0,0.20950871355931455,0.0,-0.21881054955954138,0.0,1.30268431533895,0.9574890880766438,1.0,1.0,1.0,0.9106248357252884,0.0,0.0,12085.960985112088,12085.960985112088,0.0,12085.960985112088
HERD_GIVEBACK_S1,F03,UNP,25,False,0,0,0,0,0.0,False,0,0.0,0.0,0.2076901831532465,0.0,-0.21881054955954127,0.0,1.2937318714433417,0.9491781066832485,1.0,1.0,1.0,0.9113074630384261,0.0,0.0,12067.861457909145,12067.861457909145,0.0,12067.861457909145
HERD_GIVEBACK_S1,F03,UNP,50,False,0,0,0,0,0.0,False,0,0.0,0.0,0.20466838825723044,0.0,-0.21881054955954138,0.0,1.2788557580828237,0.9353680097656231,1.0,1.0,1.0,0.9124451752269883,0.0,0.0,12037.78580241411,12037.78580241411,0.0,12037.78580241411
GIVEBACK_BASELINE,F03,V,10,False,0,0,0,0,0.0,False,0,0.0,0.0,0.3122326107249018,0.0,-0.19126874938107452,0.0,1.8268667084977677,1.6324287774937285,1.0,1.0,1.0,0.9081810117279719,0.0,0.0,13108.184013942804,13108.184013942804,0.0,13108.184013942804
GIVEBACK_BASELINE,F03,V,25,False,0,0,0,0,0.0,False,0,0.0,0.0,0.3102596320471238,0.0,-0.19126874938107508,0.0,1.817568733368949,1.622113560375599,1.0,1.0,1.0,0.9088618070890873,0.0,0.0,13088.553640037597,13088.553640037597,0.0,13088.553640037597
GIVEBACK_BASELINE,F03,V,50,False,0,0,0,0,0.0,False,0,0.0,0.0,0.306981195305811,0.0,-0.1912687493810744,0.0,1.8021184570363171,1.6049730878628627,1.0,1.0,1.0000000000000002,0.90999646602428,0.0,0.0,13055.934204392015,13055.934204392015,0.0,13055.934204392015
HERD_GIVEBACK_S1,F03,V,10,False,0,0,0,0,0.0,False,0,0.0,0.0,0.3122326107249018,0.0,-0.19126874938107452,0.0,1.8268667084977677,1.6324287774937285,1.0,1.0,1.0,0.9081810117279719,0.0,0.0,13108.184013942804,13108.184013942804,0.0,13108.184013942804
HERD_GIVEBACK_S1,F03,V,25,False,0,0,0,0,0.0,False,0,0.0,0.0,0.3102596320471238,0.0,-0.19126874938107508,0.0,1.817568733368949,1.622113560375599,1.0,1.0,1.0,0.9088618070890873,0.0,0.0,13088.553640037597,13088.553640037597,0.0,13088.553640037597
HERD_GIVEBACK_S1,F03,V,50,False,0,0,0,0,0.0,False,0,0.0,0.0,0.306981195305811,0.0,-0.1912687493810744,0.0,1.8021184570363171,1.6049730878628627,1.0,1.0,1.0000000000000002,0.90999646602428,0.0,0.0,13055.934204392015,13055.934204392015,0.0,13055.934204392015
GIVEBACK_BASELINE,F03,WMT,10,False,0,0,0,0,0.0,False,0,0.0,0.0,0.27127980018726494,0.0,-0.1825660316820108,0.0,2.3738876946721383,1.4859270242548388,1.0,1.0,1.0000000000000002,0.8733411242101274,0.0,0.0,12700.695123694268,12700.695123694268,0.0,12700.695123694268
GIVEBACK_BASELINE,F03,WMT,25,False,0,0,0,0,0.0,False,0,0.0,0.0,0.26936839521320555,0.0,-0.18256603168201058,0.0,2.3599018388239577,1.475457360449097,1.0,1.0,1.0,0.8739958027140329,0.0,0.0,12681.674991396081,12681.674991396081,0.0,12681.674991396081
GIVEBACK_BASELINE,F03,WMT,50,False,0,0,0,0,0.0,False,0,0.0,0.0,0.2661922735626969,0.0,-0.1825660316820117,0.0,2.336661796276104,1.458060248723284,1.0,1.0,1.0,0.8750869335538757,0.0,0.0,12650.069583141145,12650.069583141145,0.0,12650.069583141145
HERD_GIVEBACK_S1,F03,WMT,10,False,0,0,0,0,0.0,False,0,0.0,0.0,0.27127980018726494,0.0,-0.1825660316820108,0.0,2.3738876946721383,1.4859270242548388,1.0,1.0,1.0000000000000002,0.8733411242101274,0.0,0.0,12700.695123694268,12700.695123694268,0.0,12700.695123694268
HERD_GIVEBACK_S1,F03,WMT,25,False,0,0,0,0,0.0,False,0,0.0,0.0,0.26936839521320555,0.0,-0.18256603168201058,0.0,2.3599018388239577,1.475457360449097,1.0,1.0,1.0,0.8739958027140329,0.0,0.0,12681.674991396081,12681.674991396081,0.0,12681.674991396081
HERD_GIVEBACK_S1,F03,WMT,50,False,0,0,0,0,0.0,False,0,0.0,0.0,0.2661922735626969,0.0,-0.1825660316820117,0.0,2.336661796276104,1.458060248723284,1.0,1.0,1.0,0.8750869335538757,0.0,0.0,12650.069583141145,12650.069583141145,0.0,12650.069583141145
GIVEBACK_BASELINE,F03,XOM,10,False,0,0,0,0,0.0,False,0,0.0,0.0,-0.054510445172487265,0.0,-0.23586490578478347,0.0,-0.295412391474223,-0.23110875690097657,1.0,1.0,1.0000000000000002,1.0007380597022946,0.0,0.0,9456.998837534635,9456.998837534635,0.0,9456.998837534635
GIVEBACK_BASELINE,F03,XOM,25,False,0,0,0,0,0.0,False,0,0.0,0.0,-0.05593201533961112,0.0,-0.23586490578478336,0.0,-0.307654371926723,-0.2371358093884755,1.0,1.0,1.0,1.0014882381578434,0.0,0.0,9442.83635530182,9442.83635530182,0.0,9442.83635530182
GIVEBACK_BASELINE,F03,XOM,50,False,0,0,0,0,0.0,False,0,0.0,0.0,-0.0582941938663023,0.0,-0.23586490578478359,0.0,-0.32787671288529935,-0.24715077333078625,1.0,1.0,1.0,1.0027385355837584,0.0,0.0,9419.302815899782,9419.302815899782,0.0,9419.302815899782
HERD_GIVEBACK_S1,F03,XOM,10,False,0,0,0,0,0.0,False,0,0.0,0.0,-0.054510445172487265,0.0,-0.23586490578478347,0.0,-0.295412391474223,-0.23110875690097657,1.0,1.0,1.0000000000000002,1.0007380597022946,0.0,0.0,9456.998837534635,9456.998837534635,0.0,9456.998837534635
HERD_GIVEBACK_S1,F03,XOM,25,False,0,0,0,0,0.0,False,0,0.0,0.0,-0.05593201533961112,0.0,-0.23586490578478336,0.0,-0.307654371926723,-0.2371358093884755,1.0,1.0,1.0,1.0014882381578434,0.0,0.0,9442.83635530182,9442.83635530182,0.0,9442.83635530182
HERD_GIVEBACK_S1,F03,XOM,50,False,0,0,0,0,0.0,False,0,0.0,0.0,-0.0582941938663023,0.0,-0.23586490578478359,0.0,-0.32787671288529935,-0.24715077333078625,1.0,1.0,1.0,1.0027385355837584,0.0,0.0,9419.302815899782,9419.302815899782,0.0,9419.302815899782
GIVEBACK_BASELINE,F04,AAPL,10,True,2,0,0,0,0.0,False,2,1347.5949913494128,0.0,1.0215342046475864,-0.069074887333191,-0.3054663365124607,0.008806202807867036,2.474086734922218,3.3441793171402887,0.9602896526805766,0.9650539169700139,0.9696612481995782,0.8224690964436726,-690.7488733318423,-19.812075988247074,20215.342046475893,20906.090919807735,-690.7488733318423,20215.342046475893
GIVEBACK_BASELINE,F04,AAPL,25,True,2,0,0,0,0.0,False,2,1343.5582612182673,0.0,1.018304961524636,-0.0691733048496661,-0.30553098344799123,0.008741555872336604,2.4695348319296615,3.332902444239264,0.9602862865522956,0.965132119405096,0.9697033667556538,0.8229811357938129,-691.7330484966733,-19.782406092014725,20183.049615246335,20874.782663743008,-691.7330484966733,20183.049615246335
GIVEBACK_BASELINE,F04,AAPL,50,True,2,0,0,0,0.0,False,2,1336.8572120647027,0.0,1.0129396580967485,-0.06933617225259026,-0.3056386205012913,0.008633918819036968,2.461690791139627,3.3141742900009876,0.9602806984271939,0.9652619622384853,0.969773514975779,0.8238345808701854,-693.361722525904,-19.73310416453063,20129.396580967506,20822.75830349341,-693.361722525904,20129.396580967506
HERD_GIVEBACK_S1,F04,AAPL,10,True,1,0,0,0,0.0,False,1,691.6473207819439,0.0,1.0552433694599284,-0.03536572252084902,-0.3054663365124607,0.008806202807867036,2.5249700387690925,3.4545324421268346,0.9715304417171885,0.9716128231774995,0.9805098449430281,0.7726706796931431,-353.65722520844065,-10.160038968331833,20552.433694599295,20906.090919807735,-353.65722520844065,20552.433694599295
HERD_GIVEBACK_S1,F04,AAPL,25,True,1,0,0,0,0.0,False,1,689.5754864416198,0.0,1.0520619016997506,-0.03541636467455156,-0.30553098344799123,0.008741555872336604,2.5206007525723026,3.443388588047526,0.9715396579912864,0.9716769250991526,0.9805377141649234,0.7731994751457325,-354.16364674552824,-10.144823636930624,20520.61901699748,20874.782663743008,-354.16364674552824,20520.61901699748
HERD_GIVEBACK_S1,F04,AAPL,50,True,1,0,0,0,0.0,False,1,686.1362018470326,0.0,1.046775659016574,-0.03550017133276473,-0.3056386205012913,0.008633918819036968,2.513055975872765,3.424880197730612,0.9715550160365312,0.9717833534526955,0.980584125073854,0.7740808346333938,-355.00171332763784,-10.119540597195197,20467.756590165773,20822.75830349341,-355.00171332763784,20467.756590165773
GIVEBACK_BASELINE,F04,ABBV,10,True,2,0,0,0,0.0,False,2,1261.4967023478093,0.0,0.5062060051794668,-0.02294228838805301,-0.33304985947474464,0.007373471679933852,1.7787923045119303,1.5199105802891133,0.9705990522856007,0.9732000913713964,0.9727735416961513,0.8627486995078277,-229.4228838805193,-19.807470688835224,15062.060051794648,15291.482935675167,-229.4228838805193,15062.060051794648
GIVEBACK_BASELINE,F04,ABBV,25,True,2,0,0,0,0.0,False,2,1257.7178802377557,0.0,0.503761397185823,-0.023096895514503446,-0.33311039549090926,0.007312935663769005,1.7730052042410351,1.5122956353356163,0.9706035270100566,0.9733048037360762,0.9728113349575614,0.863288668156948,-230.96895514506286,-19.77780768934386,15037.613971858184,15268.582927003246,-230.96895514506286,15037.613971858184
GIVEBACK_BASELINE,F04,ABBV,50,True,2,0,0,0,0.0,False,2,1251.4449633274403,0.0,0.4996998648130013,-0.023353175054317665,-0.3332111878694657,0.007212143285213357,1.7630861967915723,1.4996491204513727,0.9706109849635399,0.9734786403623293,0.9728742794436628,0.8641886584529236,-233.53175054319763,-19.72851722204885,14996.99864813002,15230.530398673218,-233.53175054319763,14996.99864813002
HERD_GIVEBACK_S1,F04,ABBV,10,True,1,0,0,0,0.0,False,1,618.8744842104239,0.0,0.5145783273101843,-0.014569966257335532,-0.33304985947474464,0.007373471679933852,1.798687309483176,1.545048924871878,0.9790659247894602,0.98037753309189,0.9827156688182521,0.8123442738231897,-145.69966257333363,-10.157677276325757,15145.783273101833,15291.482935675167,-145.69966257333363,15145.783273101833
HERD_GIVEBACK_S1,F04,ABBV,25,True,1,0,0,0,0.0,False,1,617.0206414061345,0.0,0.5122174422059251,-0.014640850494401336,-0.33311039549090926,0.007312935663769005,1.7931845544574603,1.5376807483028665,0.9790957991644279,0.9804659891646971,0.9827404195862547,0.8129043784672092,-146.40850494402912,-10.142465481714794,15122.174422059217,15268.582927003246,-146.40850494402912,15122.174422059217
HERD_GIVEBACK_S1,F04,ABBV,50,True,1,0,0,0,0.0,False,1,613.9432269268568,0.0,0.50829471056664,-0.014758329300678996,-0.3332111878694657,0.007212143285213357,1.7837367385924494,1.5254431095685859,0.9791455496549505,0.9806128421380836,0.9827816370767642,0.81383791716449,-147.58329300680452,-10.11718831899941,15082.947105666413,15230.530398673218,-147.58329300680452,15082.947105666413
GIVEBACK_BASELINE,F04,AMT,10,False,0,0,0,0,0.0,False,0,0.0,0.0,0.25450932038304086,0.0,-0.30288039274380485,0.0,1.0024243171201699,0.8402964552357826,1.0,1.0,1.0000000000000002,0.89879289828505,0.0,0.0,12545.093203830407,12545.093203830407,0.0,12545.093203830407
GIVEBACK_BASELINE,F04,AMT,25,False,0,0,0,0,0.0,False,0,0.0,0.0,0.25263060957149763,0.0,-0.30288039274380485,0.0,0.9976752959309795,0.8340936410010151,1.0,1.0,1.0,0.8994666560798662,0.0,0.0,12526.306095714977,12526.306095714977,0.0,12526.306095714977
GIVEBACK_BASELINE,F04,AMT,50,False,0,0,0,0,0.0,False,0,0.0,0.0,0.24950878995106085,0.0,-0.3028803927438046,0.0,0.9897839337079253,0.8237865372887018,1.0,1.0,1.0,0.9005895857378938,0.0,0.0,12495.087899510612,12495.087899510612,0.0,12495.087899510612
HERD_GIVEBACK_S1,F04,AMT,10,False,0,0,0,0,0.0,False,0,0.0,0.0,0.25450932038304086,0.0,-0.30288039274380485,0.0,1.0024243171201699,0.8402964552357826,1.0,1.0,1.0000000000000002,0.89879289828505,0.0,0.0,12545.093203830407,12545.093203830407,0.0,12545.093203830407
HERD_GIVEBACK_S1,F04,AMT,25,False,0,0,0,0,0.0,False,0,0.0,0.0,0.25263060957149763,0.0,-0.30288039274380485,0.0,0.9976752959309795,0.8340936410010151,1.0,1.0,1.0,0.8994666560798662,0.0,0.0,12526.306095714977,12526.306095714977,0.0,12526.306095714977
HERD_GIVEBACK_S1,F04,AMT,50,False,0,0,0,0,0.0,False,0,0.0,0.0,0.24950878995106085,0.0,-0.3028803927438046,0.0,0.9897839337079253,0.8237865372887018,1.0,1.0,1.0,0.9005895857378938,0.0,0.0,12495.087899510612,12495.087899510612,0.0,12495.087899510612
GIVEBACK_BASELINE,F04,AMZN,10,False,0,0,0,0,0.0,False,0,0.0,0.0,0.7134946084909788,0.0,-0.22744701916012944,0.0,2.6379332286316486,3.1369705838556516,1.0,1.0,1.0,0.8839490494879488,0.0,0.0,17134.946084909814,17134.946084909814,0.0,17134.946084909814
GIVEBACK_BASELINE,F04,AMZN,25,False,0,0,0,0,0.0,False,0,0.0,0.0,0.7109285368052747,0.0,-0.22744701916012844,0.0,2.631486385756504,3.1256885204758964,1.0,1.0,1.0,0.884611679959829,0.0,0.0,17109.285368052726,17109.285368052726,0.0,17109.285368052726
GIVEBACK_BASELINE,F04,AMZN,50,False,0,0,0,0,0.0,False,0,0.0,0.0,0.7066645421091919,0.0,-0.22744701916012966,0.0,2.6202238705365044,3.1069413207463428,1.0,1.0,1.0,0.8857160640796289,0.0,0.0,17066.645421091904,17066.645421091904,0.0,17066.645421091904
HERD_GIVEBACK_S1,F04,AMZN,10,False,0,0,0,0,0.0,False,0,0.0,0.0,0.7134946084909788,0.0,-0.22744701916012944,0.0,2.6379332286316486,3.1369705838556516,1.0,1.0,1.0,0.8839490494879488,0.0,0.0,17134.946084909814,17134.946084909814,0.0,17134.946084909814
HERD_GIVEBACK_S1,F04,AMZN,25,False,0,0,0,0,0.0,False,0,0.0,0.0,0.7109285368052747,0.0,-0.22744701916012844,0.0,2.631486385756504,3.1256885204758964,1.0,1.0,1.0,0.884611679959829,0.0,0.0,17109.285368052726,17109.285368052726,0.0,17109.285368052726
HERD_GIVEBACK_S1,F04,AMZN,50,False,0,0,0,0,0.0,False,0,0.0,0.0,0.7066645421091919,0.0,-0.22744701916012966,0.0,2.6202238705365044,3.1069413207463428,1.0,1.0,1.0,0.8857160640796289,0.0,0.0,17066.645421091904,17066.645421091904,0.0,17066.645421091904
GIVEBACK_BASELINE,F04,APD,10,False,0,0,0,0,0.0,False,0,0.0,0.0,0.3012202179925034,0.0,-0.3096753854358779,0.0,1.0499948110746995,0.9726966758062686,1.0,1.0,1.0,0.9638604754801506,0.0,0.0,13012.202179925052,13012.202179925052,0.0,13012.202179925052
GIVEBACK_BASELINE,F04,APD,25,False,0,0,0,0,0.0,False,0,0.0,0.0,0.2992715545174556,0.0,-0.309675385435878,0.0,1.045782616491016,0.9664040753391532,1.0,1.0,1.0,0.9645830095697161,0.0,0.0,12992.715545174548,12992.715545174548,0.0,12992.715545174548
GIVEBACK_BASELINE,F04,APD,50,False,0,0,0,0,0.0,False,0,0.0,0.0,0.29603349582706895,0.0,-0.3096753854358778,0.0,1.0386742389492583,0.9559477754758988,1.0,1.0,1.0,0.965787233052325,0.0,0.0,12960.33495827068,12960.33495827068,0.0,12960.33495827068
HERD_GIVEBACK_S1,F04,APD,10,False,0,0,0,0,0.0,False,0,0.0,0.0,0.3012202179925034,0.0,-0.3096753854358779,0.0,1.0499948110746995,0.9726966758062686,1.0,1.0,1.0,0.9638604754801506,0.0,0.0,13012.202179925052,13012.202179925052,0.0,13012.202179925052
HERD_GIVEBACK_S1,F04,APD,25,False,0,0,0,0,0.0,False,0,0.0,0.0,0.2992715545174556,0.0,-0.309675385435878,0.0,1.045782616491016,0.9664040753391532,1.0,1.0,1.0,0.9645830095697161,0.0,0.0,12992.715545174548,12992.715545174548,0.0,12992.715545174548
HERD_GIVEBACK_S1,F04,APD,50,False,0,0,0,0,0.0,False,0,0.0,0.0,0.29603349582706895,0.0,-0.3096753854358778,0.0,1.0386742389492583,0.9559477754758988,1.0,1.0,1.0,0.965787233052325,0.0,0.0,12960.33495827068,12960.33495827068,0.0,12960.33495827068
GIVEBACK_BASELINE,F04,AVGO,10,False,0,0,0,0,0.0,False,0,0.0,0.0,0.17503790840471423,0.0,-0.4829995569650517,0.0,0.6667862427069172,0.36239765830132925,1.0,1.0,1.0,0.953887276724955,0.0,0.0,11750.379084047157,11750.379084047157,0.0,11750.379084047157
GIVEBACK_BASELINE,F04,AVGO,25,False,0,0,0,0,0.0,False,0,0.0,0.0,0.1732782112971507,0.0,-0.4829995569650518,0.0,0.66351487692641,0.35875438972646617,1.0,1.0,1.0,0.9546023346535342,0.0,0.0,11732.782112971496,11732.782112971496,0.0,11732.782112971496
GIVEBACK_BASELINE,F04,AVGO,50,False,0,0,0,0,0.0,False,0,0.0,0.0,0.17035415458620085,0.0,-0.4829995569650516,0.0,0.6580418131009652,0.35270043653171956,1.0,1.0,1.0,0.9557940978678333,0.0,0.0,11703.541545862005,11703.541545862005,0.0,11703.541545862005
HERD_GIVEBACK_S1,F04,AVGO,10,False,0,0,0,0,0.0,False,0,0.0,0.0,0.17503790840471423,0.0,-0.4829995569650517,0.0,0.6667862427069172,0.36239765830132925,1.0,1.0,1.0,0.953887276724955,0.0,0.0,11750.379084047157,11750.379084047157,0.0,11750.379084047157
HERD_GIVEBACK_S1,F04,AVGO,25,False,0,0,0,0,0.0,False,0,0.0,0.0,0.1732782112971507,0.0,-0.4829995569650518,0.0,0.66351487692641,0.35875438972646617,1.0,1.0,1.0,0.9546023346535342,0.0,0.0,11732.782112971496,11732.782112971496,0.0,11732.782112971496
HERD_GIVEBACK_S1,F04,AVGO,50,False,0,0,0,0,0.0,False,0,0.0,0.0,0.17035415458620085,0.0,-0.4829995569650516,0.0,0.6580418131009652,0.35270043653171956,1.0,1.0,1.0,0.9557940978678333,0.0,0.0,11703.541545862005,11703.541545862005,0.0,11703.541545862005
GIVEBACK_BASELINE,F04,BA,10,False,0,0,0,0,0.0,False,0,0.0,0.0,-0.5196543799148796,0.0,-0.7515235831196694,0.0,-0.6201169756146948,-0.6914678282719068,1.0,1.0,1.0000000000000002,1.22862360641639,0.0,0.0,4803.456200851199,4803.456200851199,0.0,4803.456200851199
GIVEBACK_BASELINE,F04,BA,25,False,0,0,0,0,0.0,False,0,0.0,0.0,-0.520373729301185,0.0,-0.7515235831196696,0.0,-0.6225507596573019,-0.6924250163129249,1.0,1.0,1.0000000000000002,1.2295446136176018,0.0,0.0,4796.262706988151,4796.262706988151,0.0,4796.262706988151
GIVEBACK_BASELINE,F04,BA,50,False,0,0,0,0,0.0,False,0,0.0,0.0,-0.5215690591062396,0.0,-0.7515235831196696,0.0,-0.6265949343804367,-0.694015558289123,1.0,1.0,1.0,1.231079625619621,0.0,0.0,4784.309408937608,4784.309408937608,0.0,4784.309408937608
HERD_GIVEBACK_S1,F04,BA,10,False,0,0,0,0,0.0,False,0,0.0,0.0,-0.5196543799148796,0.0,-0.7515235831196694,0.0,-0.6201169756146948,-0.6914678282719068,1.0,1.0,1.0000000000000002,1.22862360641639,0.0,0.0,4803.456200851199,4803.456200851199,0.0,4803.456200851199
HERD_GIVEBACK_S1,F04,BA,25,False,0,0,0,0,0.0,False,0,0.0,0.0,-0.520373729301185,0.0,-0.7515235831196696,0.0,-0.6225507596573019,-0.6924250163129249,1.0,1.0,1.0000000000000002,1.2295446136176018,0.0,0.0,4796.262706988151,4796.262706988151,0.0,4796.262706988151
HERD_GIVEBACK_S1,F04,BA,50,False,0,0,0,0,0.0,False,0,0.0,0.0,-0.5215690591062396,0.0,-0.7515235831196696,0.0,-0.6265949343804367,-0.694015558289123,1.0,1.0,1.0,1.231079625619621,0.0,0.0,4784.309408937608,4784.309408937608,0.0,4784.309408937608
GIVEBACK_BASELINE,F04,BAC,10,False,0,0,0,0,0.0,False,0,0.0,0.0,-0.13172296674417905,0.0,-0.48946786782354534,0.0,0.03104070245459727,-0.2691146353077166,1.0,1.0,1.0000000000000002,1.0293608070078382,0.0,0.0,8682.770332558215,8682.770332558215,0.0,8682.770332558215
GIVEBACK_BASELINE,F04,BAC,25,False,0,0,0,0,0.0,False,0,0.0,0.0,-0.1330232691200054,0.0,-0.48946786782354534,0.0,0.02753107476424035,-0.2717711986110612,1.0,1.0,1.0,1.0301324417957003,0.0,0.0,8669.767308799937,8669.767308799937,0.0,8669.767308799937
GIVEBACK_BASELINE,F04,BAC,50,False,0,0,0,0,0.0,False,0,0.0,0.0,-0.13518395795216587,0.0,-0.48946786782354523,0.0,0.021691482192964066,-0.27618556158399377,1.0,1.0,1.0,1.03141849977547,0.0,0.0,8648.160420478338,8648.160420478338,0.0,8648.160420478338
HERD_GIVEBACK_S1,F04,BAC,10,False,0,0,0,0,0.0,False,0,0.0,0.0,-0.13172296674417905,0.0,-0.48946786782354534,0.0,0.03104070245459727,-0.2691146353077166,1.0,1.0,1.0000000000000002,1.0293608070078382,0.0,0.0,8682.770332558215,8682.770332558215,0.0,8682.770332558215
HERD_GIVEBACK_S1,F04,BAC,25,False,0,0,0,0,0.0,False,0,0.0,0.0,-0.1330232691200054,0.0,-0.48946786782354534,0.0,0.02753107476424035,-0.2717711986110612,1.0,1.0,1.0,1.0301324417957003,0.0,0.0,8669.767308799937,8669.767308799937,0.0,8669.767308799937
HERD_GIVEBACK_S1,F04,BAC,50,False,0,0,0,0,0.0,False,0,0.0,0.0,-0.13518395795216587,0.0,-0.48946786782354523,0.0,0.021691482192964066,-0.27618556158399377,1.0,1.0,1.0,1.03141849977547,0.0,0.0,8648.160420478338,8648.160420478338,0.0,8648.160420478338
GIVEBACK_BASELINE,F04,CAT,10,False,0,0,0,0,0.0,False,0,0.0,0.0,0.08245217160280838,0.0,-0.3855426218042517,0.0,0.5276224245298372,0.21386006874402363,1.0,1.0,1.0000000000000002,0.9754756724121507,0.0,0.0,10824.521716028094,10824.521716028094,0.0,10824.521716028094
GIVEBACK_BASELINE,F04,CAT,25,False,0,0,0,0,0.0,False,0,0.0,0.0,0.08083112776939538,0.0,-0.3855426218042517,0.0,0.5231644981544326,0.20965549124276872,1.0,1.0,1.0,0.9762069135458927,0.0,0.0,10808.311277693947,10808.311277693947,0.0,10808.311277693947
GIVEBACK_BASELINE,F04,CAT,50,False,0,0,0,0,0.0,False,0,0.0,0.0,0.07813746868485016,0.0,-0.3855426218042519,0.0,0.5157086705626082,0.20266882120369611,1.0,1.0,1.0,0.9774256487687965,0.0,0.0,10781.374686848516,10781.374686848516,0.0,10781.374686848516
HERD_GIVEBACK_S1,F04,CAT,10,False,0,0,0,0,0.0,False,0,0.0,0.0,0.08245217160280838,0.0,-0.3855426218042517,0.0,0.5276224245298372,0.21386006874402363,1.0,1.0,1.0000000000000002,0.9754756724121507,0.0,0.0,10824.521716028094,10824.521716028094,0.0,10824.521716028094
HERD_GIVEBACK_S1,F04,CAT,25,False,0,0,0,0,0.0,False,0,0.0,0.0,0.08083112776939538,0.0,-0.3855426218042517,0.0,0.5231644981544326,0.20965549124276872,1.0,1.0,1.0,0.9762069135458927,0.0,0.0,10808.311277693947,10808.311277693947,0.0,10808.311277693947
HERD_GIVEBACK_S1,F04,CAT,50,False,0,0,0,0,0.0,False,0,0.0,0.0,0.07813746868485016,0.0,-0.3855426218042519,0.0,0.5157086705626082,0.20266882120369611,1.0,1.0,1.0,0.9774256487687965,0.0,0.0,10781.374686848516,10781.374686848516,0.0,10781.374686848516
GIVEBACK_BASELINE,F04,COP,10,False,0,0,0,0,0.0,False,0,0.0,0.0,-0.3438909268755561,0.0,-0.656581728342742,0.0,-0.3605550921528673,-0.5237595139047819,1.0,1.0,1.0000000000000002,1.1657219113622903,0.0,0.0,6561.090731244443,6561.090731244443,0.0,6561.090731244443
GIVEBACK_BASELINE,F04,COP,25,False,0,0,0,0,0.0,False,0,0.0,0.0,-0.34487349367613873,0.0,-0.6565817283427418,0.0,-0.36321973139880803,-0.5252560020922659,1.0,1.0,1.0,1.1665957658685586,0.0,0.0,6551.265063238615,6551.265063238615,0.0,6551.265063238615
GIVEBACK_BASELINE,F04,COP,50,False,0,0,0,0,0.0,False,0,0.0,0.0,-0.3465062070759888,0.0,-0.656581728342742,0.0,-0.36763428109198254,-0.5277426893230711,1.0,1.0,1.0,1.1680521900456726,0.0,0.0,6534.9379292401145,6534.9379292401145,0.0,6534.9379292401145
HERD_GIVEBACK_S1,F04,COP,10,False,0,0,0,0,0.0,False,0,0.0,0.0,-0.3438909268755561,0.0,-0.656581728342742,0.0,-0.3605550921528673,-0.5237595139047819,1.0,1.0,1.0000000000000002,1.1657219113622903,0.0,0.0,6561.090731244443,6561.090731244443,0.0,6561.090731244443
HERD_GIVEBACK_S1,F04,COP,25,False,0,0,0,0,0.0,False,0,0.0,0.0,-0.34487349367613873,0.0,-0.6565817283427418,0.0,-0.36321973139880803,-0.5252560020922659,1.0,1.0,1.0,1.1665957658685586,0.0,0.0,6551.265063238615,6551.265063238615,0.0,6551.265063238615
HERD_GIVEBACK_S1,F04,COP,50,False,0,0,0,0,0.0,False,0,0.0,0.0,-0.3465062070759888,0.0,-0.656581728342742,0.0,-0.36763428109198254,-0.5277426893230711,1.0,1.0,1.0,1.1680521900456726,0.0,0.0,6534.9379292401145,6534.9379292401145,0.0,6534.9379292401145
GIVEBACK_BASELINE,F04,COST,10,False,0,0,0,0,0.0,False,0,0.0,0.0,0.1985933365606627,0.0,-0.13647848545458852,0.0,1.2153587069778433,1.4551255892031576,1.0,1.0,1.0000000000000002,0.9079634866723232,0.0,0.0,11985.933365606641,11985.933365606641,0.0,11985.933365606641
GIVEBACK_BASELINE,F04,COST,25,False,0,0,0,0,0.0,False,0,0.0,0.0,0.19679836363902048,0.0,-0.1364784854545883,0.0,1.2074903417286997,1.441973531458209,1.0,1.0,0.9999999999999998,0.9086441189711778,0.0,0.0,11967.983636390185,11967.983636390185,0.0,11967.983636390185
GIVEBACK_BASELINE,F04,COST,50,False,0,0,0,0,0.0,False,0,0.0,0.0,0.19381568974875463,0.0,-0.13647848545458863,0.0,1.1940432000272343,1.4201189960687552,1.0,1.0,1.0,0.9097785061359357,0.0,0.0,11938.156897487546,11938.156897487546,0.0,11938.156897487546
HERD_GIVEBACK_S1,F04,COST,10,False,0,0,0,0,0.0,False,0,0.0,0.0,0.1985933365606627,0.0,-0.13647848545458852,0.0,1.2153587069778433,1.4551255892031576,1.0,1.0,1.0000000000000002,0.9079634866723232,0.0,0.0,11985.933365606641,11985.933365606641,0.0,11985.933365606641
HERD_GIVEBACK_S1,F04,COST,25,False,0,0,0,0,0.0,False,0,0.0,0.0,0.19679836363902048,0.0,-0.1364784854545883,0.0,1.2074903417286997,1.441973531458209,1.0,1.0,0.9999999999999998,0.9086441189711778,0.0,0.0,11967.983636390185,11967.983636390185,0.0,11967.983636390185
HERD_GIVEBACK_S1,F04,COST,50,False,0,0,0,0,0.0,False,0,0.0,0.0,0.19381568974875463,0.0,-0.13647848545458863,0.0,1.1940432000272343,1.4201189960687552,1.0,1.0,1.0,0.9097785061359357,0.0,0.0,11938.156897487546,11938.156897487546,0.0,11938.156897487546
GIVEBACK_BASELINE,F04,CRM,10,True,2,1,2,0,-0.7059300597606275,True,0,0.0,0.0,0.28591318088494,-0.013521124292962483,-0.3448159461710898,0.012341705052899443,1.009617328460229,0.8291762143247181,0.9595929296193478,0.9620213046196794,0.9750718083816697,1.1019303824163291,-135.21124292961395,-0.7059300597606182,12859.131808849384,12994.343051778998,-201.11515711246648,12793.227894666532
GIVEBACK_BASELINE,F04,CRM,25,True,2,1,2,0,-0.722546030932119,True,0,0.0,0.0,0.28364893574230776,-0.013839380483292363,-0.34488268023719315,0.012274970986795863,1.0039882836638108,0.8224505085243137,0.9595327173297008,0.9621008718023104,0.9751062168097371,1.1023940236479775,-138.3938048329037,-0.7225460309321079,12836.489357423057,12974.883162255961,-202.4105288883129,12772.472633367648
GIVEBACK_BASELINE,F04,CRM,50,True,2,1,2,0,-0.7500099416858874,True,0,0.0,0.0,0.279889287629175,-0.014365414111887631,-0.34499379235984906,0.012163858864140065,0.9945506762343128,0.8112878951086568,0.9594329907932068,0.9622330408492069,0.9751635250524014,1.1031675805309957,-143.65414111888822,-0.7500099416858887,12798.89287629174,12942.547017410629,-204.5577160410303,12737.989301369598
HERD_GIVEBACK_S1,F04,CRM,10,False,0,0,0,0,0.0,False,0,0.0,0.0,0.2994343051779025,0.0,-0.35715765122398924,0.0,1.007712865742662,0.8383813258703342,1.0,1.0,1.0000000000000002,0.9070869607891221,0.0,0.0,12994.343051778998,12994.343051778998,0.0,12994.343051778998
HERD_GIVEBACK_S1,F04,CRM,25,False,0,0,0,0,0.0,False,0,0.0,0.0,0.2974883162256001,0.0,-0.357157651223989,0.0,1.0032535542763483,0.8329327825012275,1.0,1.0,1.0,0.907766936022097,0.0,0.0,12974.883162255961,12974.883162255961,0.0,12974.883162255961
HERD_GIVEBACK_S1,F04,CRM,50,False,0,0,0,0,0.0,False,0,0.0,0.0,0.2942547017410626,0.0,-0.3571576512239891,0.0,0.995763920899666,0.8238790369816904,1.0,1.0,1.0000000000000002,0.9089002280770564,0.0,0.0,12942.547017410629,12942.547017410629,0.0,12942.547017410629
GIVEBACK_BASELINE,F04,CVX,10,False,0,0,0,0,0.0,False,0,0.0,0.0,-0.2788346218737817,0.0,-0.5564914516063573,0.0,-0.3320515209751898,-0.5010582302188168,1.0,1.0,1.0000000000000002,1.1468246366674275,0.0,0.0,7211.653781262182,7211.653781262182,0.0,7211.653781262182
GIVEBACK_BASELINE,F04,CVX,25,False,0,0,0,0,0.0,False,0,0.0,0.0,-0.27991461480072255,0.0,-0.5564914516063568,0.0,-0.33516175759024425,-0.5029989481289008,1.0,1.0,1.0,1.1476843253006113,0.0,0.0,7200.853851992765,7200.853851992765,0.0,7200.853851992765
GIVEBACK_BASELINE,F04,CVX,50,False,0,0,0,0,0.0,False,0,0.0,0.0,-0.2817092194245677,0.0,-0.5564914516063575,0.0,-0.34031800388559524,-0.506223803818354,1.0,1.0,1.0,1.1491171396892512,0.0,0.0,7182.907805754333,7182.907805754333,0.0,7182.907805754333
HERD_GIVEBACK_S1,F04,CVX,10,False,0,0,0,0,0.0,False,0,0.0,0.0,-0.2788346218737817,0.0,-0.5564914516063573,0.0,-0.3320515209751898,-0.5010582302188168,1.0,1.0,1.0000000000000002,1.1468246366674275,0.0,0.0,7211.653781262182,7211.653781262182,0.0,7211.653781262182
HERD_GIVEBACK_S1,F04,CVX,25,False,0,0,0,0,0.0,False,0,0.0,0.0,-0.27991461480072255,0.0,-0.5564914516063568,0.0,-0.33516175759024425,-0.5029989481289008,1.0,1.0,1.0,1.1476843253006113,0.0,0.0,7200.853851992765,7200.853851992765,0.0,7200.853851992765
HERD_GIVEBACK_S1,F04,CVX,50,False,0,0,0,0,0.0,False,0,0.0,0.0,-0.2817092194245677,0.0,-0.5564914516063575,0.0,-0.34031800388559524,-0.506223803818354,1.0,1.0,1.0,1.1491171396892512,0.0,0.0,7182.907805754333,7182.907805754333,0.0,7182.907805754333
GIVEBACK_BASELINE,F04,DIS,10,False,0,0,0,0,0.0,False,0,0.0,0.0,-0.16644402861699514,0.0,-0.4310616694786723,0.0,-0.25158382994932194,-0.38612579220577237,1.0,1.0,1.0000000000000002,1.1116353688324452,0.0,0.0,8335.559713830038,8335.559713830038,0.0,8335.559713830038
GIVEBACK_BASELINE,F04,DIS,25,False,0,0,0,0,0.0,False,0,0.0,0.0,-0.1676923339025913,0.0,-0.4310616694786724,0.0,-0.2560655984467489,-0.38902167781561053,1.0,1.0,1.0,1.1124686787041331,0.0,0.0,8323.076660974079,8323.076660974079,0.0,8323.076660974079
GIVEBACK_BASELINE,F04,DIS,50,False,0,0,0,0,0.0,False,0,0.0,0.0,-0.16976662011467059,0.0,-0.4310616694786724,0.0,-0.26351287172774074,-0.3938337183168872,1.0,1.0,1.0000000000000002,1.113857528490281,0.0,0.0,8302.333798853288,8302.333798853288,0.0,8302.333798853288
HERD_GIVEBACK_S1,F04,DIS,10,False,0,0,0,0,0.0,False,0,0.0,0.0,-0.16644402861699514,0.0,-0.4310616694786723,0.0,-0.25158382994932194,-0.38612579220577237,1.0,1.0,1.0000000000000002,1.1116353688324452,0.0,0.0,8335.559713830038,8335.559713830038,0.0,8335.559713830038
HERD_GIVEBACK_S1,F04,DIS,25,False,0,0,0,0,0.0,False,0,0.0,0.0,-0.1676923339025913,0.0,-0.4310616694786724,0.0,-0.2560655984467489,-0.38902167781561053,1.0,1.0,1.0,1.1124686787041331,0.0,0.0,8323.076660974079,8323.076660974079,0.0,8323.076660974079
HERD_GIVEBACK_S1,F04,DIS,50,False,0,0,0,0,0.0,False,0,0.0,0.0,-0.16976662011467059,0.0,-0.4310616694786724,0.0,-0.26351287172774074,-0.3938337183168872,1.0,1.0,1.0000000000000002,1.113857528490281,0.0,0.0,8302.333798853288,8302.333798853288,0.0,8302.333798853288
GIVEBACK_BASELINE,F04,DUK,10,False,0,0,0,0,0.0,False,0,0.0,0.0,0.00582190344747735,0.0,-0.373718531685152,0.0,0.25641465812968356,0.015578310824527562,1.0,1.0,1.0000000000000002,0.9611311558517135,0.0,0.0,10058.219034474761,10058.219034474761,0.0,10058.219034474761
GIVEBACK_BASELINE,F04,DUK,25,False,0,0,0,0,0.0,False,0,0.0,0.0,0.004315618516953057,0.0,-0.37371853168515146,0.0,0.2518515315243733,0.011547777675068193,1.0,1.0,1.0000000000000002,0.9618516439745409,0.0,0.0,10043.156185169531,10043.156185169531,0.0,10043.156185169531
GIVEBACK_BASELINE,F04,DUK,50,False,0,0,0,0,0.0,False,0,0.0,0.0,0.0018126522162431602,0.0,-0.37371853168515146,0.0,0.24485041518148384,0.004850313973111386,1.0,1.0,1.0000000000000002,0.9630524575125864,0.0,0.0,10018.12652216242,10018.12652216242,0.0,10018.12652216242
HERD_GIVEBACK_S1,F04,DUK,10,False,0,0,0,0,0.0,False,0,0.0,0.0,0.00582190344747735,0.0,-0.373718531685152,0.0,0.25641465812968356,0.015578310824527562,1.0,1.0,1.0000000000000002,0.9611311558517135,0.0,0.0,10058.219034474761,10058.219034474761,0.0,10058.219034474761
HERD_GIVEBACK_S1,F04,DUK,25,False,0,0,0,0,0.0,False,0,0.0,0.0,0.004315618516953057,0.0,-0.37371853168515146,0.0,0.2518515315243733,0.011547777675068193,1.0,1.0,1.0000000000000002,0.9618516439745409,0.0,0.0,10043.156185169531,10043.156185169531,0.0,10043.156185169531
HERD_GIVEBACK_S1,F04,DUK,50,False,0,0,0,0,0.0,False,0,0.0,0.0,0.0018126522162431602,0.0,-0.37371853168515146,0.0,0.24485041518148384,0.004850313973111386,1.0,1.0,1.0000000000000002,0.9630524575125864,0.0,0.0,10018.12652216242,10018.12652216242,0.0,10018.12652216242
GIVEBACK_BASELINE,F04,EOG,10,False,0,0,0,0,0.0,False,0,0.0,0.0,-0.42255709447489387,0.0,-0.6655936180673411,0.0,-0.5517740443223704,-0.634857491124775,1.0,1.0,1.0,1.2993033757766055,0.0,0.0,5774.42905525106,5774.42905525106,0.0,5774.42905525106
GIVEBACK_BASELINE,F04,EOG,25,False,0,0,0,0,0.0,False,0,0.0,0.0,-0.42342185347830075,0.0,-0.6655936180673413,0.0,-0.5545474387221667,-0.636156720834816,1.0,1.0,0.9999999999999998,1.3002773663131695,0.0,0.0,5765.781465216995,5765.781465216995,0.0,5765.781465216995
GIVEBACK_BASELINE,F04,EOG,50,False,0,0,0,0,0.0,False,0,0.0,0.0,-0.4248588078020833,0.0,-0.6655936180673412,0.0,-0.5591416592246966,-0.6383156272377275,1.0,1.0,1.0000000000000002,1.3019006838741105,0.0,0.0,5751.4119219791655,5751.4119219791655,0.0,5751.4119219791655
HERD_GIVEBACK_S1,F04,EOG,10,False,0,0,0,0,0.0,False,0,0.0,0.0,-0.42255709447489387,0.0,-0.6655936180673411,0.0,-0.5517740443223704,-0.634857491124775,1.0,1.0,1.0,1.2993033757766055,0.0,0.0,5774.42905525106,5774.42905525106,0.0,5774.42905525106
HERD_GIVEBACK_S1,F04,EOG,25,False,0,0,0,0,0.0,False,0,0.0,0.0,-0.42342185347830075,0.0,-0.6655936180673413,0.0,-0.5545474387221667,-0.636156720834816,1.0,1.0,0.9999999999999998,1.3002773663131695,0.0,0.0,5765.781465216995,5765.781465216995,0.0,5765.781465216995
HERD_GIVEBACK_S1,F04,EOG,50,False,0,0,0,0,0.0,False,0,0.0,0.0,-0.4248588078020833,0.0,-0.6655936180673412,0.0,-0.5591416592246966,-0.6383156272377275,1.0,1.0,1.0000000000000002,1.3019006838741105,0.0,0.0,5751.4119219791655,5751.4119219791655,0.0,5751.4119219791655
GIVEBACK_BASELINE,F04,FCX,10,False,0,0,0,0,0.0,False,0,0.0,0.0,0.23484954785368362,0.0,-0.6060831777698528,0.0,0.8894955092588638,0.38748732264412517,1.0,1.0,1.0,1.011105746970227,0.0,0.0,12348.495478536845,12348.495478536845,0.0,12348.495478536845
GIVEBACK_BASELINE,F04,FCX,25,False,0,0,0,0,0.0,False,0,0.0,0.0,0.233000278853855,0.0,-0.6060831777698525,0.0,0.8866841104332008,0.38443614243048996,1.0,1.0,1.0,1.011863697305287,0.0,0.0,12330.00278853855,12330.00278853855,0.0,12330.00278853855
GIVEBACK_BASELINE,F04,FCX,50,False,0,0,0,0,0.0,False,0,0.0,0.0,0.22992738215700226,0.0,-0.6060831777698528,0.0,0.8819797760892173,0.37936605170769533,1.0,1.0,1.0000000000000002,1.0131269478637208,0.0,0.0,12299.27382157002,12299.27382157002,0.0,12299.27382157002
HERD_GIVEBACK_S1,F04,FCX,10,False,0,0,0,0,0.0,False,0,0.0,0.0,0.23484954785368362,0.0,-0.6060831777698528,0.0,0.8894955092588638,0.38748732264412517,1.0,1.0,1.0,1.011105746970227,0.0,0.0,12348.495478536845,12348.495478536845,0.0,12348.495478536845
HERD_GIVEBACK_S1,F04,FCX,25,False,0,0,0,0,0.0,False,0,0.0,0.0,0.233000278853855,0.0,-0.6060831777698525,0.0,0.8866841104332008,0.38443614243048996,1.0,1.0,1.0,1.011863697305287,0.0,0.0,12330.00278853855,12330.00278853855,0.0,12330.00278853855
HERD_GIVEBACK_S1,F04,FCX,50,False,0,0,0,0,0.0,False,0,0.0,0.0,0.22992738215700226,0.0,-0.6060831777698528,0.0,0.8819797760892173,0.37936605170769533,1.0,1.0,1.0000000000000002,1.0131269478637208,0.0,0.0,12299.27382157002,12299.27382157002,0.0,12299.27382157002
GIVEBACK_BASELINE,F04,GE,10,False,0,0,0,0,0.0,False,0,0.0,0.0,-0.39149387946375314,0.0,-0.5824124167961717,0.0,-0.7102265715079303,-0.6721935662315476,1.0,1.0,1.0000000000000002,1.1107336935937175,0.0,0.0,6085.061205362471,6085.061205362471,0.0,6085.061205362471
GIVEBACK_BASELINE,F04,GE,25,False,0,0,0,0,0.0,False,0,0.0,0.0,-0.39240515768940365,0.0,-0.5824124167961717,0.0,-0.7140124023364403,-0.6737582276284722,1.0,1.0,1.0,1.1115663275469356,0.0,0.0,6075.9484231059605,6075.9484231059605,0.0,6075.9484231059605
GIVEBACK_BASELINE,F04,GE,50,False,0,0,0,0,0.0,False,0,0.0,0.0,-0.39391941215956305,0.0,-0.5824124167961717,0.0,-0.7202731690188717,-0.6763581970427391,1.0,1.0,1.0,1.1129540508023004,0.0,0.0,6060.805878404374,6060.805878404374,0.0,6060.805878404374
HERD_GIVEBACK_S1,F04,GE,10,False,0,0,0,0,0.0,False,0,0.0,0.0,-0.39149387946375314,0.0,-0.5824124167961717,0.0,-0.7102265715079303,-0.6721935662315476,1.0,1.0,1.0000000000000002,1.1107336935937175,0.0,0.0,6085.061205362471,6085.061205362471,0.0,6085.061205362471
HERD_GIVEBACK_S1,F04,GE,25,False,0,0,0,0,0.0,False,0,0.0,0.0,-0.39240515768940365,0.0,-0.5824124167961717,0.0,-0.7140124023364403,-0.6737582276284722,1.0,1.0,1.0,1.1115663275469356,0.0,0.0,6075.9484231059605,6075.9484231059605,0.0,6075.9484231059605
HERD_GIVEBACK_S1,F04,GE,50,False,0,0,0,0,0.0,False,0,0.0,0.0,-0.39391941215956305,0.0,-0.5824124167961717,0.0,-0.7202731690188717,-0.6763581970427391,1.0,1.0,1.0,1.1129540508023004,0.0,0.0,6060.805878404374,6060.805878404374,0.0,6060.805878404374
GIVEBACK_BASELINE,F04,GOOGL,10,False,0,0,0,0,0.0,False,0,0.0,0.0,0.23563022876489637,0.0,-0.3087082568441951,0.0,0.9313969771130275,0.7632780255819941,1.0,1.0,1.0000000000000002,0.9078106627823945,0.0,0.0,12356.302287648947,12356.302287648947,0.0,12356.302287648947
GIVEBACK_BASELINE,F04,GOOGL,25,False,0,0,0,0,0.0,False,0,0.0,0.0,0.23377979064368692,0.0,-0.30870825684419534,0.0,0.9266752680046569,0.7572838933222161,1.0,1.0,1.0,0.9084911805206121,0.0,0.0,12337.797906436848,12337.797906436848,0.0,12337.797906436848
GIVEBACK_BASELINE,F04,GOOGL,50,False,0,0,0,0,0.0,False,0,0.0,0.0,0.2307049512390762,0.0,-0.30870825684419545,0.0,0.9187063837558775,0.7473235526561008,1.0,1.0,1.0,0.9096253767509749,0.0,0.0,12307.049512390762,12307.049512390762,0.0,12307.049512390762
HERD_GIVEBACK_S1,F04,GOOGL,10,False,0,0,0,0,0.0,False,0,0.0,0.0,0.23563022876489637,0.0,-0.3087082568441951,0.0,0.9313969771130275,0.7632780255819941,1.0,1.0,1.0000000000000002,0.9078106627823945,0.0,0.0,12356.302287648947,12356.302287648947,0.0,12356.302287648947
HERD_GIVEBACK_S1,F04,GOOGL,25,False,0,0,0,0,0.0,False,0,0.0,0.0,0.23377979064368692,0.0,-0.30870825684419534,0.0,0.9266752680046569,0.7572838933222161,1.0,1.0,1.0,0.9084911805206121,0.0,0.0,12337.797906436848,12337.797906436848,0.0,12337.797906436848
HERD_GIVEBACK_S1,F04,GOOGL,50,False,0,0,0,0,0.0,False,0,0.0,0.0,0.2307049512390762,0.0,-0.30870825684419545,0.0,0.9187063837558775,0.7473235526561008,1.0,1.0,1.0,0.9096253767509749,0.0,0.0,12307.049512390762,12307.049512390762,0.0,12307.049512390762
GIVEBACK_BASELINE,F04,GS,10,False,0,0,0,0,0.0,False,0,0.0,0.0,-0.042406499867105873,0.0,-0.4562100730780002,0.0,0.21872836254900288,-0.0929538876267983,1.0,1.0,1.0,1.0153094716544895,0.0,0.0,9575.93500132894,9575.93500132894,0.0,9575.93500132894
GIVEBACK_BASELINE,F04,GS,25,False,0,0,0,0,0.0,False,0,0.0,0.0,-0.043840559568801285,0.0,-0.45621007307800077,0.0,0.21496244720354735,-0.09609730726244974,1.0,1.0,1.0,1.0160705732074542,0.0,0.0,9561.594404311982,9561.594404311982,0.0,9561.594404311982
GIVEBACK_BASELINE,F04,GS,50,False,0,0,0,0,0.0,False,0,0.0,0.0,-0.046223510519062816,0.0,-0.45621007307800043,0.0,0.20868874116923491,-0.10132067055687251,1.0,1.0,1.0,1.0173390757957281,0.0,0.0,9537.76489480938,9537.76489480938,0.0,9537.76489480938
HERD_GIVEBACK_S1,F04,GS,10,False,0,0,0,0,0.0,False,0,0.0,0.0,-0.042406499867105873,0.0,-0.4562100730780002,0.0,0.21872836254900288,-0.0929538876267983,1.0,1.0,1.0,1.0153094716544895,0.0,0.0,9575.93500132894,9575.93500132894,0.0,9575.93500132894
HERD_GIVEBACK_S1,F04,GS,25,False,0,0,0,0,0.0,False,0,0.0,0.0,-0.043840559568801285,0.0,-0.45621007307800077,0.0,0.21496244720354735,-0.09609730726244974,1.0,1.0,1.0,1.0160705732074542,0.0,0.0,9561.594404311982,9561.594404311982,0.0,9561.594404311982
HERD_GIVEBACK_S1,F04,GS,50,False,0,0,0,0,0.0,False,0,0.0,0.0,-0.046223510519062816,0.0,-0.45621007307800043,0.0,0.20868874116923491,-0.10132067055687251,1.0,1.0,1.0,1.0173390757957281,0.0,0.0,9537.76489480938,9537.76489480938,0.0,9537.76489480938
GIVEBACK_BASELINE,F04,HD,10,False,0,0,0,0,0.0,False,0,0.0,0.0,0.28368724417072366,0.0,-0.3799371452633651,0.0,0.8519953870815994,0.7466688838072865,1.0,1.0,1.0000000000000002,0.9202274424560623,0.0,0.0,12836.872441707219,12836.872441707219,0.0,12836.872441707219
GIVEBACK_BASELINE,F04,HD,25,False,0,0,0,0,0.0,False,0,0.0,0.0,0.281764837485432,0.0,-0.3799371452633651,0.0,0.850743084024891,0.7416090819183212,1.0,1.0,1.0,0.9209172681250694,0.0,0.0,12817.648374854314,12817.648374854314,0.0,12817.648374854314
GIVEBACK_BASELINE,F04,HD,50,False,0,0,0,0,0.0,False,0,0.0,0.0,0.2785704092255177,0.0,-0.3799371452633653,0.0,0.8450091380555957,0.7332013010531463,1.0,1.0,1.0000000000000002,0.9220669775734155,0.0,0.0,12785.704092255184,12785.704092255184,0.0,12785.704092255184
HERD_GIVEBACK_S1,F04,HD,10,False,0,0,0,0,0.0,False,0,0.0,0.0,0.28368724417072366,0.0,-0.3799371452633651,0.0,0.8519953870815994,0.7466688838072865,1.0,1.0,1.0000000000000002,0.9202274424560623,0.0,0.0,12836.872441707219,12836.872441707219,0.0,12836.872441707219
HERD_GIVEBACK_S1,F04,HD,25,False,0,0,0,0,0.0,False,0,0.0,0.0,0.281764837485432,0.0,-0.3799371452633651,0.0,0.850743084024891,0.7416090819183212,1.0,1.0,1.0,0.9209172681250694,0.0,0.0,12817.648374854314,12817.648374854314,0.0,12817.648374854314
HERD_GIVEBACK_S1,F04,HD,50,False,0,0,0,0,0.0,False,0,0.0,0.0,0.2785704092255177,0.0,-0.3799371452633653,0.0,0.8450091380555957,0.7332013010531463,1.0,1.0,1.0000000000000002,0.9220669775734155,0.0,0.0,12785.704092255184,12785.704092255184,0.0,12785.704092255184
GIVEBACK_BASELINE,F04,HON,10,False,0,0,0,0,0.0,False,0,0.0,0.0,-0.096163698663153,0.0,-0.4301033272260084,0.0,-0.02113738477812025,-0.2235827824987306,1.0,1.0,1.0,1.0472410045360423,0.0,0.0,9038.363013368486,9038.363013368486,0.0,9038.363013368486
GIVEBACK_BASELINE,F04,HON,25,False,0,0,0,0,0.0,False,0,0.0,0.0,-0.09751725339853445,0.0,-0.4301033272260082,0.0,-0.02558139252999757,-0.2267298279868727,1.0,1.0,1.0,1.0480260427703274,0.0,0.0,9024.827466014656,9024.827466014656,0.0,9024.827466014656
GIVEBACK_BASELINE,F04,HON,50,False,0,0,0,0,0.0,False,0,0.0,0.0,-0.09976643070900193,0.0,-0.4301033272260081,0.0,-0.03296937082714511,-0.2319592162945005,1.0,1.0,1.0,1.0493344398274687,0.0,0.0,9002.33569290998,9002.33569290998,0.0,9002.33569290998
HERD_GIVEBACK_S1,F04,HON,10,False,0,0,0,0,0.0,False,0,0.0,0.0,-0.096163698663153,0.0,-0.4301033272260084,0.0,-0.02113738477812025,-0.2235827824987306,1.0,1.0,1.0,1.0472410045360423,0.0,0.0,9038.363013368486,9038.363013368486,0.0,9038.363013368486
HERD_GIVEBACK_S1,F04,HON,25,False,0,0,0,0,0.0,False,0,0.0,0.0,-0.09751725339853445,0.0,-0.4301033272260082,0.0,-0.02558139252999757,-0.2267298279868727,1.0,1.0,1.0,1.0480260427703274,0.0,0.0,9024.827466014656,9024.827466014656,0.0,9024.827466014656
HERD_GIVEBACK_S1,F04,HON,50,False,0,0,0,0,0.0,False,0,0.0,0.0,-0.09976643070900193,0.0,-0.4301033272260081,0.0,-0.03296937082714511,-0.2319592162945005,1.0,1.0,1.0,1.0493344398274687,0.0,0.0,9002.33569290998,9002.33569290998,0.0,9002.33569290998
GIVEBACK_BASELINE,F04,JNJ,10,False,0,0,0,0,0.0,False,0,0.0,0.0,0.14392788843763138,0.0,-0.2736625004903065,0.0,0.7690815917429235,0.5259320812305796,1.0,1.0,1.0000000000000002,0.9220317631612788,0.0,0.0,11439.278884376312,11439.278884376312,0.0,11439.278884376312
GIVEBACK_BASELINE,F04,JNJ,25,False,0,0,0,0,0.0,False,0,0.0,0.0,0.14221478064583204,0.0,-0.27366250049030527,0.0,0.7643650088031841,0.5196721523447094,1.0,1.0,1.0,0.9227229413945329,0.0,0.0,11422.147806458315,11422.147806458315,0.0,11422.147806458315
GIVEBACK_BASELINE,F04,JNJ,50,False,0,0,0,0,0.0,False,0,0.0,0.0,0.13936814055439095,0.0,-0.2736625004903056,0.0,0.7543254805922344,0.5092701422543935,1.0,1.0,1.0,0.9238749051166233,0.0,0.0,11393.681405543906,11393.681405543906,0.0,11393.681405543906
HERD_GIVEBACK_S1,F04,JNJ,10,False,0,0,0,0,0.0,False,0,0.0,0.0,0.14392788843763138,0.0,-0.2736625004903065,0.0,0.7690815917429235,0.5259320812305796,1.0,1.0,1.0000000000000002,0.9220317631612788,0.0,0.0,11439.278884376312,11439.278884376312,0.0,11439.278884376312
HERD_GIVEBACK_S1,F04,JNJ,25,False,0,0,0,0,0.0,False,0,0.0,0.0,0.14221478064583204,0.0,-0.27366250049030527,0.0,0.7643650088031841,0.5196721523447094,1.0,1.0,1.0,0.9227229413945329,0.0,0.0,11422.147806458315,11422.147806458315,0.0,11422.147806458315
HERD_GIVEBACK_S1,F04,JNJ,50,False,0,0,0,0,0.0,False,0,0.0,0.0,0.13936814055439095,0.0,-0.2736625004903056,0.0,0.7543254805922344,0.5092701422543935,1.0,1.0,1.0,0.9238749051166233,0.0,0.0,11393.681405543906,11393.681405543906,0.0,11393.681405543906
GIVEBACK_BASELINE,F04,JPM,10,False,0,0,0,0,0.0,False,0,0.0,0.0,-0.11099991792329278,0.0,-0.43626490240058713,0.0,0.033461088979305276,-0.2544323811347319,1.0,1.0,1.0,0.9824464159317456,0.0,0.0,8890.00082076707,8890.00082076707,0.0,8890.00082076707
GIVEBACK_BASELINE,F04,JPM,25,False,0,0,0,0,0.0,False,0,0.0,0.0,-0.11233125443751746,0.0,-0.4362649024005869,0.0,0.029705807455189553,-0.25748405113362227,1.0,1.0,1.0,0.9831828825104052,0.0,0.0,8876.687455624831,8876.687455624831,0.0,8876.687455624831
GIVEBACK_BASELINE,F04,JPM,50,False,0,0,0,0,0.0,False,0,0.0,0.0,-0.11454351213357716,0.0,-0.4362649024005868,0.0,0.02349357832988184,-0.2625549557236697,1.0,1.0,1.0,0.9844103268081708,0.0,0.0,8854.56487866423,8854.56487866423,0.0,8854.56487866423
HERD_GIVEBACK_S1,F04,JPM,10,False,0,0,0,0,0.0,False,0,0.0,0.0,-0.11099991792329278,0.0,-0.43626490240058713,0.0,0.033461088979305276,-0.2544323811347319,1.0,1.0,1.0,0.9824464159317456,0.0,0.0,8890.00082076707,8890.00082076707,0.0,8890.00082076707
HERD_GIVEBACK_S1,F04,JPM,25,False,0,0,0,0,0.0,False,0,0.0,0.0,-0.11233125443751746,0.0,-0.4362649024005869,0.0,0.029705807455189553,-0.25748405113362227,1.0,1.0,1.0,0.9831828825104052,0.0,0.0,8876.687455624831,8876.687455624831,0.0,8876.687455624831
HERD_GIVEBACK_S1,F04,JPM,50,False,0,0,0,0,0.0,False,0,0.0,0.0,-0.11454351213357716,0.0,-0.4362649024005868,0.0,0.02349357832988184,-0.2625549557236697,1.0,1.0,1.0,0.9844103268081708,0.0,0.0,8854.56487866423,8854.56487866423,0.0,8854.56487866423
GIVEBACK_BASELINE,F04,KO,10,False,0,0,0,0,0.0,False,0,0.0,0.0,-0.06083879134793091,0.0,-0.36987503808106437,0.0,-0.0302621262947677,-0.16448471803765535,1.0,1.0,1.0,0.9962658585403059,0.0,0.0,9391.612086520709,9391.612086520709,0.0,9391.612086520709
GIVEBACK_BASELINE,F04,KO,25,False,0,0,0,0,0.0,False,0,0.0,0.0,-0.062245247472095144,0.0,-0.36987503808106414,0.0,-0.0357073791333403,-0.1682872350484303,1.0,1.0,1.0,0.9970126845212205,0.0,0.0,9377.547525279046,9377.547525279046,0.0,9377.547525279046
GIVEBACK_BASELINE,F04,KO,50,False,0,0,0,0,0.0,False,0,0.0,0.0,-0.06458233005911518,0.0,-0.36987503808106437,0.0,-0.044755656838052764,-0.1746058084756746,1.0,1.0,1.0,0.9982573944894121,0.0,0.0,9354.176699408834,9354.176699408834,0.0,9354.176699408834
HERD_GIVEBACK_S1,F04,KO,10,False,0,0,0,0,0.0,False,0,0.0,0.0,-0.06083879134793091,0.0,-0.36987503808106437,0.0,-0.0302621262947677,-0.16448471803765535,1.0,1.0,1.0,0.9962658585403059,0.0,0.0,9391.612086520709,9391.612086520709,0.0,9391.612086520709
HERD_GIVEBACK_S1,F04,KO,25,False,0,0,0,0,0.0,False,0,0.0,0.0,-0.062245247472095144,0.0,-0.36987503808106414,0.0,-0.0357073791333403,-0.1682872350484303,1.0,1.0,1.0,0.9970126845212205,0.0,0.0,9377.547525279046,9377.547525279046,0.0,9377.547525279046
HERD_GIVEBACK_S1,F04,KO,50,False,0,0,0,0,0.0,False,0,0.0,0.0,-0.06458233005911518,0.0,-0.36987503808106437,0.0,-0.044755656838052764,-0.1746058084756746,1.0,1.0,1.0,0.9982573944894121,0.0,0.0,9354.176699408834,9354.176699408834,0.0,9354.176699408834
GIVEBACK_BASELINE,F04,LIN,10,False,0,0,0,0,0.0,False,0,0.0,0.0,0.3210819113293706,0.0,-0.325850728603445,0.0,1.1644390409137597,0.9853650249778082,1.0,1.0,1.0000000000000002,0.9379334097558811,0.0,0.0,13210.819113293703,13210.819113293703,0.0,13210.819113293703
GIVEBACK_BASELINE,F04,LIN,25,False,0,0,0,0,0.0,False,0,0.0,0.0,0.31910350365281825,0.0,-0.32585072860344544,0.0,1.1598723898025964,0.9792935097013749,1.0,1.0,1.0,0.9386365082639441,0.0,0.0,13191.035036528212,13191.035036528212,0.0,13191.035036528212
GIVEBACK_BASELINE,F04,LIN,50,False,0,0,0,0,0.0,False,0,0.0,0.0,0.3158160195632407,0.0,-0.3258507286034451,0.0,1.1521277556969733,0.9692045830825301,1.0,1.0,1.0,0.939808339110715,0.0,0.0,13158.160195632392,13158.160195632392,0.0,13158.160195632392
HERD_GIVEBACK_S1,F04,LIN,10,False,0,0,0,0,0.0,False,0,0.0,0.0,0.3210819113293706,0.0,-0.325850728603445,0.0,1.1644390409137597,0.9853650249778082,1.0,1.0,1.0000000000000002,0.9379334097558811,0.0,0.0,13210.819113293703,13210.819113293703,0.0,13210.819113293703
HERD_GIVEBACK_S1,F04,LIN,25,False,0,0,0,0,0.0,False,0,0.0,0.0,0.31910350365281825,0.0,-0.32585072860344544,0.0,1.1598723898025964,0.9792935097013749,1.0,1.0,1.0,0.9386365082639441,0.0,0.0,13191.035036528212,13191.035036528212,0.0,13191.035036528212
HERD_GIVEBACK_S1,F04,LIN,50,False,0,0,0,0,0.0,False,0,0.0,0.0,0.3158160195632407,0.0,-0.3258507286034451,0.0,1.1521277556969733,0.9692045830825301,1.0,1.0,1.0,0.939808339110715,0.0,0.0,13158.160195632392,13158.160195632392,0.0,13158.160195632392
GIVEBACK_BASELINE,F04,LLY,10,True,2,1,1,0,-1.0933390751887568,True,1,645.0075661631787,0.0,0.36285841286549614,-0.019220098562736432,-0.1849514616183,0.002920488165549462,1.5341880839039392,1.9619115723148908,0.9744462232569777,0.9799410355826688,0.986960870079605,0.9698401829420873,-192.2009856273653,-5.9491644682503875,13628.584128654975,13820.78511428234,-143.8538006775434,13676.931313604797
GIVEBACK_BASELINE,F04,LLY,25,True,2,1,1,0,-1.1031189129266683,True,1,642.9997270770446,0.0,0.36056061517535176,-0.019448142126996526,-0.18501676010743529,0.0028551896764145157,1.5272085779141469,1.9487997463904454,0.9744254134250638,0.9800495819629754,0.9869795486427863,0.9703231038178106,-194.48142126997845,-5.95110152651921,13605.60615175353,13800.08757302351,-145.4414004589671,13654.646172564542
GIVEBACK_BASELINE,F04,LLY,50,True,2,1,1,0,-1.1192752197223612,True,1,639.6676803270564,0.0,0.35674410647637056,-0.019825378001256055,-0.18512548199653533,0.002746467787314244,1.5156110052698406,1.9270394471304988,0.9743907708398203,0.9802299789070137,0.9870106540411456,0.9711283579109325,-198.25378001255012,-5.954230362763937,13567.44106476369,13765.69484477624,-148.07349104257446,13617.621353733666
HERD_GIVEBACK_S1,F04,LLY,10,True,1,0,0,0,0.0,False,1,552.9737356106036,0.0,0.3682719594178818,-0.013806552010350748,-0.18726513084468155,0.0006068189391679191,1.5114301485749473,1.9665805254654058,0.9821349066181749,0.9854258172028969,0.985496752432372,0.865709205732267,-138.06552010351515,-4.910492346821073,13682.719594178825,13820.78511428234,-138.06552010351515,13682.719594178825
HERD_GIVEBACK_S1,F04,LLY,25,True,1,0,0,0,0.0,False,1,551.3172989552281,0.0,0.36614004933275335,-0.01386870796959494,-0.18732695839659874,0.0005449913872510592,1.5051976739425421,1.9545507622964815,0.9821473803723774,0.9854909262369128,0.985517642589469,0.8663115870653187,-138.68707969594652,-4.903138559238883,13661.400493327563,13800.08757302351,-138.68707969594652,13661.400493327563
HERD_GIVEBACK_S1,F04,LLY,50,True,1,0,0,0,0.0,False,1,548.5675824552834,0.0,0.3625977684992725,-0.013971715978354116,-0.1874299011802958,0.0004420486035537907,1.4948409169509504,1.934578027389964,0.98216824118162,0.9855993380054742,0.9855524302221417,0.8673155865398683,-139.71715978352768,-4.8909189040277,13625.977684992713,13765.69484477624,-139.71715978352768,13625.977684992713
GIVEBACK_BASELINE,F04,MA,10,False,0,0,0,0,0.0,False,0,0.0,0.0,0.1393333940283925,0.0,-0.409972007836075,0.0,0.6705035445704518,0.3398607499175997,1.0,1.0,1.0,0.9473803420890143,0.0,0.0,11393.33394028391,11393.33394028391,0.0,11393.33394028391
GIVEBACK_BASELINE,F04,MA,25,False,0,0,0,0,0.0,False,0,0.0,0.0,0.13762716679632914,0.0,-0.4099720078360751,0.0,0.6664978757915793,0.33569893594139855,1.0,1.0,1.0,0.9480905222554977,0.0,0.0,11376.27166796329,11376.27166796329,0.0,11376.27166796329
GIVEBACK_BASELINE,F04,MA,50,False,0,0,0,0,0.0,False,0,0.0,0.0,0.13479196000598548,0.0,-0.40997200783607524,0.0,0.6597788734454011,0.3287833252749324,1.0,1.0,1.0000000000000002,0.9492741558663038,0.0,0.0,11347.919600059879,11347.919600059879,0.0,11347.919600059879
HERD_GIVEBACK_S1,F04,MA,10,False,0,0,0,0,0.0,False,0,0.0,0.0,0.1393333940283925,0.0,-0.409972007836075,0.0,0.6705035445704518,0.3398607499175997,1.0,1.0,1.0,0.9473803420890143,0.0,0.0,11393.33394028391,11393.33394028391,0.0,11393.33394028391
HERD_GIVEBACK_S1,F04,MA,25,False,0,0,0,0,0.0,False,0,0.0,0.0,0.13762716679632914,0.0,-0.4099720078360751,0.0,0.6664978757915793,0.33569893594139855,1.0,1.0,1.0,0.9480905222554977,0.0,0.0,11376.27166796329,11376.27166796329,0.0,11376.27166796329
HERD_GIVEBACK_S1,F04,MA,50,False,0,0,0,0,0.0,False,0,0.0,0.0,0.13479196000598548,0.0,-0.40997200783607524,0.0,0.6597788734454011,0.3287833252749324,1.0,1.0,1.0000000000000002,0.9492741558663038,0.0,0.0,11347.919600059879,11347.919600059879,0.0,11347.919600059879
GIVEBACK_BASELINE,F04,MCD,10,False,0,0,0,0,0.0,False,0,0.0,0.0,-0.05864304158364364,0.0,-0.36898566980117653,0.0,0.06250034761916638,-0.15893040403233744,1.0,1.0,1.0000000000000002,1.062762677194703,0.0,0.0,9413.569584163568,9413.569584163568,0.0,9413.569584163568
GIVEBACK_BASELINE,F04,MCD,25,False,0,0,0,0,0.0,False,0,0.0,0.0,-0.06005278598853636,0.0,-0.3689856698011762,0.0,0.057935039386203854,-0.16275099794768488,1.0,1.0,1.0,1.0635593508657633,0.0,0.0,9399.472140114623,9399.472140114623,0.0,9399.472140114623
GIVEBACK_BASELINE,F04,MCD,50,False,0,0,0,0,0.0,False,0,0.0,0.0,-0.062395332651899005,0.0,-0.368985669801176,0.0,0.050348949644524146,-0.1690996094388166,1.0,1.0,1.0000000000000002,1.064887140317531,0.0,0.0,9376.046673481014,9376.046673481014,0.0,9376.046673481014
HERD_GIVEBACK_S1,F04,MCD,10,False,0,0,0,0,0.0,False,0,0.0,0.0,-0.05864304158364364,0.0,-0.36898566980117653,0.0,0.06250034761916638,-0.15893040403233744,1.0,1.0,1.0000000000000002,1.062762677194703,0.0,0.0,9413.569584163568,9413.569584163568,0.0,9413.569584163568
HERD_GIVEBACK_S1,F04,MCD,25,False,0,0,0,0,0.0,False,0,0.0,0.0,-0.06005278598853636,0.0,-0.3689856698011762,0.0,0.057935039386203854,-0.16275099794768488,1.0,1.0,1.0,1.0635593508657633,0.0,0.0,9399.472140114623,9399.472140114623,0.0,9399.472140114623
HERD_GIVEBACK_S1,F04,MCD,50,False,0,0,0,0,0.0,False,0,0.0,0.0,-0.062395332651899005,0.0,-0.368985669801176,0.0,0.050348949644524146,-0.1690996094388166,1.0,1.0,1.0000000000000002,1.064887140317531,0.0,0.0,9376.046673481014,9376.046673481014,0.0,9376.046673481014
GIVEBACK_BASELINE,F04,META,10,False,0,0,0,0,0.0,False,0,0.0,0.0,0.32609389843007985,0.0,-0.34592124288626214,0.0,1.1037895960200352,0.9426824895437212,1.0,1.0,1.0000000000000002,0.9534917860512563,0.0,0.0,13260.938984300808,13260.938984300808,0.0,13260.938984300808
GIVEBACK_BASELINE,F04,META,25,False,0,0,0,0,0.0,False,0,0.0,0.0,0.32410798497083415,0.0,-0.3459212428862616,0.0,1.0995747134849763,0.9369415485055955,1.0,1.0,1.0,0.9542065475100651,0.0,0.0,13241.079849708321,13241.079849708321,0.0,13241.079849708321
GIVEBACK_BASELINE,F04,META,50,False,0,0,0,0,0.0,False,0,0.0,0.0,0.32080802865851155,0.0,-0.34592124288626236,0.0,1.0924564163272061,0.9274019310921361,1.0,1.0,1.0,0.9553978166080801,0.0,0.0,13208.080286585142,13208.080286585142,0.0,13208.080286585142
HERD_GIVEBACK_S1,F04,META,10,False,0,0,0,0,0.0,False,0,0.0,0.0,0.32609389843007985,0.0,-0.34592124288626214,0.0,1.1037895960200352,0.9426824895437212,1.0,1.0,1.0000000000000002,0.9534917860512563,0.0,0.0,13260.938984300808,13260.938984300808,0.0,13260.938984300808
HERD_GIVEBACK_S1,F04,META,25,False,0,0,0,0,0.0,False,0,0.0,0.0,0.32410798497083415,0.0,-0.3459212428862616,0.0,1.0995747134849763,0.9369415485055955,1.0,1.0,1.0,0.9542065475100651,0.0,0.0,13241.079849708321,13241.079849708321,0.0,13241.079849708321
HERD_GIVEBACK_S1,F04,META,50,False,0,0,0,0,0.0,False,0,0.0,0.0,0.32080802865851155,0.0,-0.34592124288626236,0.0,1.0924564163272061,0.9274019310921361,1.0,1.0,1.0,0.9553978166080801,0.0,0.0,13208.080286585142,13208.080286585142,0.0,13208.080286585142
GIVEBACK_BASELINE,F04,MRK,10,False,0,0,0,0,0.0,False,0,0.0,0.0,-0.015639273235177442,0.0,-0.27261476949149344,0.0,0.15171745307881931,-0.05736766670547336,1.0,1.0,1.0000000000000002,1.0031415278666123,0.0,0.0,9843.607267648236,9843.607267648236,0.0,9843.607267648236
GIVEBACK_BASELINE,F04,MRK,25,False,0,0,0,0,0.0,False,0,0.0,0.0,-0.017113418631935162,0.0,-0.27261476949149344,0.0,0.14519352935746674,-0.06277509712278873,1.0,1.0,1.0,1.003893508022434,0.0,0.0,9828.865813680664,9828.865813680664,0.0,9828.865813680664
GIVEBACK_BASELINE,F04,MRK,50,False,0,0,0,0,0.0,False,0,0.0,0.0,-0.019562979253342938,0.0,-0.2726147694914931,0.0,0.1343528438456906,-0.07176052599730257,1.0,1.0,1.0,1.0051468082821373,0.0,0.0,9804.370207466573,9804.370207466573,0.0,9804.370207466573
HERD_GIVEBACK_S1,F04,MRK,10,False,0,0,0,0,0.0,False,0,0.0,0.0,-0.015639273235177442,0.0,-0.27261476949149344,0.0,0.15171745307881931,-0.05736766670547336,1.0,1.0,1.0000000000000002,1.0031415278666123,0.0,0.0,9843.607267648236,9843.607267648236,0.0,9843.607267648236
HERD_GIVEBACK_S1,F04,MRK,25,False,0,0,0,0,0.0,False,0,0.0,0.0,-0.017113418631935162,0.0,-0.27261476949149344,0.0,0.14519352935746674,-0.06277509712278873,1.0,1.0,1.0,1.003893508022434,0.0,0.0,9828.865813680664,9828.865813680664,0.0,9828.865813680664
HERD_GIVEBACK_S1,F04,MRK,50,False,0,0,0,0,0.0,False,0,0.0,0.0,-0.019562979253342938,0.0,-0.2726147694914931,0.0,0.1343528438456906,-0.07176052599730257,1.0,1.0,1.0,1.0051468082821373,0.0,0.0,9804.370207466573,9804.370207466573,0.0,9804.370207466573
GIVEBACK_BASELINE,F04,MSFT,10,True,1,1,1,0,-0.6150859005826477,True,0,0.0,0.0,0.48939255675997306,-0.011985606133608329,-0.27249498063747424,0.007897698599026448,1.5282568653822786,1.7959690692837316,0.9723116568201652,0.9729200101098617,0.9841467399851778,0.9410388012198013,-119.85606133607325,-0.6150859005826561,14893.925567599734,15013.781628935807,-147.65495453346193,14866.126674402345
GIVEBACK_BASELINE,F04,MSFT,25,True,1,1,1,0,-0.6238477622766592,True,0,0.0,0.0,0.4869734092639113,-0.012156340372778907,-0.27256080595332977,0.007831873283170587,1.5233279317725361,1.786659705384402,0.9722888116951758,0.9729805885235259,0.9841693685611808,0.9415543107809266,-121.56340372779596,-0.6238477622766538,14869.7340926391,14991.297496366897,-148.33714080929894,14842.960355557598
GIVEBACK_BASELINE,F04,MSFT,50,True,1,1,1,0,-0.6383268967828619,True,0,0.0,0.0,0.48295512039718447,-0.012438481782917954,-0.27267040500814976,0.00772227422835059,1.5149590071072494,1.771204764164815,0.9722510562886932,0.9730811735589084,0.9842070524259762,0.942413955883185,-124.38481782918097,-0.638326896782857,14829.551203971832,14953.936021801013,-149.46771381957296,14804.46830798144
HERD_GIVEBACK_S1,F04,MSFT,10,True,1,1,1,0,-1.1107449342328457,True,0,0.0,0.0,0.4797341107636217,-0.02164405212995968,-0.2792129853108589,0.0011796939256417671,1.4664807917076155,1.7181654722451918,0.9823781870175238,0.9870929991677633,0.9882259245864156,0.9283937882509015,-216.44052129960255,-1.1107449342328408,14797.341107636204,15013.781628935807,-239.98323100396192,14773.798397931845
HERD_GIVEBACK_S1,F04,MSFT,25,True,1,1,1,0,-1.1172819871322504,True,0,0.0,0.0,0.4773583160446395,-0.021771433592050693,-0.2792687323613393,0.0011239468751610415,1.4616094165982871,1.7093152964471394,0.9823798594804742,0.9871571451184413,0.9882428638086617,0.9289255856584617,-217.71433592049834,-1.1172819871322446,14773.583160446398,14991.297496366897,-240.3888472880899,14750.908649078807
HERD_GIVEBACK_S1,F04,MSFT,50,True,1,1,1,0,-1.1280764904731955,True,0,0.0,0.0,0.4734118261540432,-0.02198177602605922,-0.27936155111902083,0.0010311281174795184,1.4533572321067154,1.6946205526770863,0.9823828812947054,0.9872636874378893,0.9882710722167264,0.9298123094907059,-219.8177602605756,-1.128076490473191,14734.118261540438,14953.936021801013,-241.0603088272892,14712.875712973724
GIVEBACK_BASELINE,F04,NEE,10,True,2,1,2,0,-5.510565982837272,True,0,0.0,0.0,0.32406547673198083,-0.0332285821273095,-0.3534580059202098,0.0028598400205983587,1.1160032769797898,0.9168429383521614,0.9638954744830671,0.9731127097523066,0.9755715774071052,1.0463010210327635,-332.2858212730971,-5.510565982837278,13240.654767319784,13572.94058859288,-330.2340664451185,13242.706522147762
GIVEBACK_BASELINE,F04,NEE,25,True,2,1,2,0,-5.551473419351039,True,0,0.0,2.2737367544323206e-13,0.32178616809407856,-0.03347525299887577,-0.35351057840595634,0.0028072675348518317,1.1130019144816627,0.9102589505102536,0.963939597600674,0.9733138532355421,0.9756055526470282,1.046739454349071,-334.7525299887675,-5.5514734193510265,13217.861680940825,13552.614210929592,-331.2271653506141,13221.387045578978
GIVEBACK_BASELINE,F04,NEE,50,True,2,1,2,0,-5.619040927177306,True,0,0.0,1.1368683772161603e-13,0.31800114038062866,-0.03388268346789336,-0.3535981115179886,0.0027197344228194753,1.104682182273489,0.8993292951013144,0.9640237673752626,0.9736570373689523,0.9756621378066284,1.0474710227863244,-338.82683467895004,-5.619040927177309,13180.011403806257,13518.838238485207,-332.8724332914917,13185.965805193715
HERD_GIVEBACK_S1,F04,NEE,10,True,1,1,1,0,-3.8338997182220913,True,0,0.0,0.0,0.3341757345253491,-0.02311832433394123,-0.35546330507646284,0.0008545408643453323,1.1368677293609109,0.9401131699190873,0.9775770407872718,0.9844436206225358,0.9865421654788374,0.9507801480068536,-231.18324333940654,-3.8338997182221135,13341.757345253474,13572.94058859288,-230.25689047751257,13342.683698115368
HERD_GIVEBACK_S1,F04,NEE,25,True,1,1,1,0,-3.8503535365319266,True,0,0.0,0.0,0.3320438806250052,-0.023217540467949105,-0.35551286923785785,0.0008049767029503219,1.1343511339007877,0.9339855441431276,0.977605292577723,0.9845466471868866,0.9865615651702693,0.9513383495489373,-232.17540467949038,-3.8503535365319124,13320.438806250102,13552.614210929592,-230.58372736149977,13322.030483568093
HERD_GIVEBACK_S1,F04,NEE,50,True,1,1,1,0,-3.8775105026023775,True,0,0.0,5.684341886080802e-14,0.32850252751952125,-0.023381296329000767,-0.3555953934942361,0.0007224524465719862,1.1268209140163514,0.9238098511105882,0.9776589751215014,0.9847230900862103,0.9865938706856696,0.9522690847856635,-233.81296329000543,-3.8775105026023766,13285.025275195201,13518.838238485207,-231.12459297844543,13287.713645506761
GIVEBACK_BASELINE,F04,NEM,10,True,2,0,0,0,0.0,False,2,1236.9478765241583,0.0,0.8421794526336526,-0.06195868030954643,-0.24546343706944096,0.0,2.296766983429719,3.4309771862088048,0.969169171617081,0.9775942229084801,0.9800590284113061,0.8687359173892082,-619.5868030954589,-31.886361233967648,18421.79452633654,19041.381329432,-619.5868030954589,18421.79452633654
GIVEBACK_BASELINE,F04,NEM,25,True,2,0,0,0,0.0,False,2,1233.242590591905,0.0,0.8392353794145626,-0.062051180535988015,-0.24546343706944107,0.0,2.2940964731944384,3.418983248316305,0.969139771391523,0.9776298881962556,0.9800871007116911,0.869275335618628,-620.5118053598817,-31.838609295725632,18392.353794145616,19012.865599505498,-620.5118053598817,18392.353794145616
GIVEBACK_BASELINE,F04,NEM,50,True,2,0,0,0,0.0,False,2,1227.0917451419045,0.0,0.8343438825245986,-0.06220427039552234,-0.24546343706944118,0.0,2.2874708483387995,3.3990556495327007,0.9691141858758892,0.9777127952745932,0.9801338524919964,0.8701744005660892,-622.0427039552123,-31.75926076757429,18343.438825245983,18965.481529201195,-622.0427039552123,18343.438825245983
HERD_GIVEBACK_S1,F04,NEM,10,True,1,0,0,0,0.0,False,1,567.1354964164245,0.0,0.8656447759376831,-0.03849335700551593,-0.24546343706944096,0.0,2.3229869995982337,3.526573188546995,0.9806618760941531,0.9858999267152424,0.9869602327290596,0.8142509299399092,-384.93357005517464,-16.35198011998341,18656.447759376824,19041.381329432,-384.93357005517464,18656.447759376824
HERD_GIVEBACK_S1,F04,NEM,25,True,1,0,0,0,0.0,False,1,565.4366381084591,0.0,0.8627658957638693,-0.03852066418668132,-0.24546343706944107,0.0,2.3206079822926395,3.514844842328981,0.9806510351742525,0.9859228469049072,0.9869790887246463,0.8148152106347246,-385.20664186681825,-16.32749194652598,18627.65895763868,19012.865599505498,-385.20664186681825,18627.65895763868
HERD_GIVEBACK_S1,F04,NEM,50,True,1,0,0,0,0.0,False,1,562.6165008546008,0.0,0.8579823953595727,-0.03856575756054825,-0.24546343706944118,0.0,2.3144138112574444,3.4953572132897777,0.980647642618174,0.9859758085106524,0.9870104884653136,0.8157557059291848,-385.657575605459,-16.286800393627857,18579.823953595736,18965.481529201195,-385.657575605459,18579.823953595736
GIVEBACK_BASELINE,F04,NFLX,10,True,1,0,0,0,0.0,False,1,761.5073577324365,0.0,0.5375256096518304,-0.0007637312729980028,-0.22935682932391666,0.0,1.7950571396980848,2.3436215578856485,0.9993881667644747,0.9994930724273563,0.9990168314525063,0.9498633094635323,-7.637312729979385,-15.732790516146054,15375.256096518344,15382.893409248323,-7.637312729979385,15375.256096518344
GIVEBACK_BASELINE,F04,NFLX,25,True,1,0,0,0,0.0,False,1,759.2262571675185,0.0,0.535108993913745,-0.0008766568199316538,-0.2293568293239162,0.0,1.7896044153176018,2.3330850687599143,0.9993602271047587,0.9994937956011349,0.9990182334040092,0.950476338035195,-8.766568199320318,-15.709229620138217,15351.089939137468,15359.856507336788,-8.766568199320318,15351.089939137468
GIVEBACK_BASELINE,F04,NFLX,50,True,1,0,0,0,0.0,False,1,755.4395866413422,0.0,0.5310937267339244,-0.0010639238658549655,-0.2293568293239161,0.0,1.7811781194406493,2.315578429905269,0.9993138380668635,0.9994951796568786,0.9990205681137636,0.9514980545977648,-10.639238658548493,-15.670078907330037,15310.937267339224,15321.576505997773,-10.639238658548493,15310.937267339224
HERD_GIVEBACK_S1,F04,NFLX,10,False,0,0,0,0,0.0,False,0,0.0,0.0,0.5382893409248284,0.0,-0.22935682932391666,0.0,1.7972752508269518,2.3469514403018352,1.0,1.0,1.0000000000000002,0.8825751739120004,0.0,0.0,15382.893409248323,15382.893409248323,0.0,15382.893409248323
HERD_GIVEBACK_S1,F04,NFLX,25,False,0,0,0,0,0.0,False,0,0.0,0.0,0.5359856507336767,0.0,-0.2293568293239162,0.0,1.7920853687476923,2.336907308640522,1.0,1.0,1.0,0.8832367744921441,0.0,0.0,15359.856507336788,15359.856507336788,0.0,15359.856507336788
HERD_GIVEBACK_S1,F04,NFLX,50,False,0,0,0,0,0.0,False,0,0.0,0.0,0.5321576505997794,0.0,-0.2293568293239161,0.0,1.7840882218110015,2.3202171575550676,1.0,1.0,1.0000000000000002,0.8843394421257174,0.0,0.0,15321.576505997773,15321.576505997773,0.0,15321.576505997773
GIVEBACK_BASELINE,F04,NKE,10,False,0,0,0,0,0.0,False,0,0.0,0.0,0.1939491149787822,0.0,-0.3978366320548915,0.0,0.8238455996655712,0.48750944320286244,1.0,1.0,1.0,0.8898006477656607,0.0,0.0,11939.491149787827,11939.491149787827,0.0,11939.491149787827
GIVEBACK_BASELINE,F04,NKE,25,False,0,0,0,0,0.0,False,0,0.0,0.0,0.19216109708660967,0.0,-0.39783663205489106,0.0,0.8191161682104561,0.48301509112940727,1.0,1.0,0.9999999999999998,0.8904676647429963,0.0,0.0,11921.610970866097,11921.610970866097,0.0,11921.610970866097
GIVEBACK_BASELINE,F04,NKE,50,False,0,0,0,0,0.0,False,0,0.0,0.0,0.18918998024245504,0.0,-0.39783663205489117,0.0,0.811171769272055,0.4755469079487675,1.0,1.0,1.0000000000000002,0.8915793597052225,0.0,0.0,11891.899802424516,11891.899802424516,0.0,11891.899802424516
HERD_GIVEBACK_S1,F04,NKE,10,False,0,0,0,0,0.0,False,0,0.0,0.0,0.1939491149787822,0.0,-0.3978366320548915,0.0,0.8238455996655712,0.48750944320286244,1.0,1.0,1.0,0.8898006477656607,0.0,0.0,11939.491149787827,11939.491149787827,0.0,11939.491149787827
HERD_GIVEBACK_S1,F04,NKE,25,False,0,0,0,0,0.0,False,0,0.0,0.0,0.19216109708660967,0.0,-0.39783663205489106,0.0,0.8191161682104561,0.48301509112940727,1.0,1.0,0.9999999999999998,0.8904676647429963,0.0,0.0,11921.610970866097,11921.610970866097,0.0,11921.610970866097
HERD_GIVEBACK_S1,F04,NKE,50,False,0,0,0,0,0.0,False,0,0.0,0.0,0.18918998024245504,0.0,-0.39783663205489117,0.0,0.811171769272055,0.4755469079487675,1.0,1.0,1.0000000000000002,0.8915793597052225,0.0,0.0,11891.899802424516,11891.899802424516,0.0,11891.899802424516
GIVEBACK_BASELINE,F04,NVDA,10,True,1,0,0,0,0.0,False,1,659.0946943669101,0.0,1.5727623064455911,-0.0660301535637764,-0.3730289599332186,0.0025114533974837094,2.701680296255388,4.216193581128807,0.9817488392741195,0.9859504008404107,0.9869981439409641,0.6685145203971659,-660.3015356377764,-124.87418563367964,25727.623064455915,26387.92460009369,-660.3015356377764,25727.623064455915
GIVEBACK_BASELINE,F04,NVDA,25,True,1,0,0,0,0.0,False,1,657.1203716444985,0.0,1.5688106959848613,-0.0660299975103098,-0.3730795679011881,0.0024608454295140803,2.6987476376780712,4.205029787105276,0.9817751209238597,0.9860032154703512,0.9870169643960913,0.6689695674903634,-660.2999751030875,-124.68717826847251,25688.106959848632,26348.40693495172,-660.2999751030875,25688.106959848632
GIVEBACK_BASELINE,F04,NVDA,50,True,1,0,0,0,0.0,False,1,653.8429581989474,0.0,1.5622447049557762,-0.06602940992409723,-0.37316383009398946,0.0023765832367129702,2.693681910248387,4.186484806317618,0.9818188868488084,0.9860909907272264,0.9870483048246708,0.6697280009314267,-660.2940992409931,-124.37643152752526,25622.44704955777,26282.741148798763,-660.2940992409931,25622.44704955777
HERD_GIVEBACK_S1,F04,NVDA,10,True,1,0,0,0,0.0,False,1,659.0946943669101,0.0,1.5727623064455911,-0.0660301535637764,-0.3730289599332186,0.0025114533974837094,2.701680296255388,4.216193581128807,0.9817488392741195,0.9859504008404107,0.9869981439409641,0.6685145203971659,-660.3015356377764,-124.87418563367964,25727.623064455915,26387.92460009369,-660.3015356377764,25727.623064455915
HERD_GIVEBACK_S1,F04,NVDA,25,True,1,0,0,0,0.0,False,1,657.1203716444985,0.0,1.5688106959848613,-0.0660299975103098,-0.3730795679011881,0.0024608454295140803,2.6987476376780712,4.205029787105276,0.9817751209238597,0.9860032154703512,0.9870169643960913,0.6689695674903634,-660.2999751030875,-124.68717826847251,25688.106959848632,26348.40693495172,-660.2999751030875,25688.106959848632
HERD_GIVEBACK_S1,F04,NVDA,50,True,1,0,0,0,0.0,False,1,653.8429581989474,0.0,1.5622447049557762,-0.06602940992409723,-0.37316383009398946,0.0023765832367129702,2.693681910248387,4.186484806317618,0.9818188868488084,0.9860909907272264,0.9870483048246708,0.6697280009314267,-660.2940992409931,-124.37643152752526,25622.44704955777,26282.741148798763,-660.2940992409931,25622.44704955777
GIVEBACK_BASELINE,F04,ORCL,10,False,0,0,0,0,0.0,False,0,0.0,0.0,0.003598943571961888,0.0,-0.29729058206098957,0.0,0.27961098768602577,0.012105810910698676,1.0,1.0,1.0,1.0422483800822657,0.0,0.0,10035.989435719612,10035.989435719612,0.0,10035.989435719612
GIVEBACK_BASELINE,F04,ORCL,25,False,0,0,0,0,0.0,False,0,0.0,0.0,0.0020959876711097447,0.0,-0.2972905820609897,0.0,0.2747590161607611,0.007050299597717324,1.0,1.0,1.0,1.0430296757195088,0.0,0.0,10020.959876711106,10020.959876711106,0.0,10020.959876711106
GIVEBACK_BASELINE,F04,ORCL,50,False,0,0,0,0,0.0,False,0,0.0,0.0,-0.0004014468414814676,0.0,-0.29729058206099024,0.0,0.26665840391989704,-0.001350351695295579,1.0,1.0,1.0,1.0443318351149142,0.0,0.0,9995.985531585193,9995.985531585193,0.0,9995.985531585193
HERD_GIVEBACK_S1,F04,ORCL,10,False,0,0,0,0,0.0,False,0,0.0,0.0,0.003598943571961888,0.0,-0.29729058206098957,0.0,0.27961098768602577,0.012105810910698676,1.0,1.0,1.0,1.0422483800822657,0.0,0.0,10035.989435719612,10035.989435719612,0.0,10035.989435719612
HERD_GIVEBACK_S1,F04,ORCL,25,False,0,0,0,0,0.0,False,0,0.0,0.0,0.0020959876711097447,0.0,-0.2972905820609897,0.0,0.2747590161607611,0.007050299597717324,1.0,1.0,1.0,1.0430296757195088,0.0,0.0,10020.959876711106,10020.959876711106,0.0,10020.959876711106
HERD_GIVEBACK_S1,F04,ORCL,50,False,0,0,0,0,0.0,False,0,0.0,0.0,-0.0004014468414814676,0.0,-0.29729058206099024,0.0,0.26665840391989704,-0.001350351695295579,1.0,1.0,1.0,1.0443318351149142,0.0,0.0,9995.985531585193,9995.985531585193,0.0,9995.985531585193
GIVEBACK_BASELINE,F04,PEP,10,False,0,0,0,0,0.0,False,0,0.0,0.0,0.11309142202791955,0.0,-0.2881707296248829,0.0,0.5413732102009143,0.3924459023827046,1.0,1.0,1.0,0.9330779565741465,0.0,0.0,11130.914220279203,11130.914220279203,0.0,11130.914220279203
GIVEBACK_BASELINE,F04,PEP,25,False,0,0,0,0,0.0,False,0,0.0,0.0,0.11142449388731235,0.0,-0.2881707296248829,0.0,0.5366396512945255,0.38666138657578325,1.0,1.0,1.0,0.9337774153122081,0.0,0.0,11114.244938873137,11114.244938873137,0.0,11114.244938873137
GIVEBACK_BASELINE,F04,PEP,50,False,0,0,0,0,0.0,False,0,0.0,0.0,0.10865458968320452,0.0,-0.28817072962488266,0.0,0.5287739824658608,0.3770493617607946,1.0,1.0,1.0,0.934943179875644,0.0,0.0,11086.545896832024,11086.545896832024,0.0,11086.545896832024
HERD_GIVEBACK_S1,F04,PEP,10,False,0,0,0,0,0.0,False,0,0.0,0.0,0.11309142202791955,0.0,-0.2881707296248829,0.0,0.5413732102009143,0.3924459023827046,1.0,1.0,1.0,0.9330779565741465,0.0,0.0,11130.914220279203,11130.914220279203,0.0,11130.914220279203
HERD_GIVEBACK_S1,F04,PEP,25,False,0,0,0,0,0.0,False,0,0.0,0.0,0.11142449388731235,0.0,-0.2881707296248829,0.0,0.5366396512945255,0.38666138657578325,1.0,1.0,1.0,0.9337774153122081,0.0,0.0,11114.244938873137,11114.244938873137,0.0,11114.244938873137
HERD_GIVEBACK_S1,F04,PEP,50,False,0,0,0,0,0.0,False,0,0.0,0.0,0.10865458968320452,0.0,-0.28817072962488266,0.0,0.5287739824658608,0.3770493617607946,1.0,1.0,1.0,0.934943179875644,0.0,0.0,11086.545896832024,11086.545896832024,0.0,11086.545896832024
GIVEBACK_BASELINE,F04,PG,10,False,0,0,0,0,0.0,False,0,0.0,0.0,0.15299710707322833,0.0,-0.23155570865597497,0.0,0.7436803879125851,0.6607356301482419,1.0,1.0,1.0000000000000002,0.959837417935986,0.0,0.0,11529.971070732277,11529.971070732277,0.0,11529.971070732277
GIVEBACK_BASELINE,F04,PG,25,False,0,0,0,0,0.0,False,0,0.0,0.0,0.15127041752573533,0.0,-0.23155570865597586,0.0,0.738408400167449,0.6532787224454871,1.0,1.0,1.0,0.9605569362402857,0.0,0.0,11512.704175257362,11512.704175257362,0.0,11512.704175257362
GIVEBACK_BASELINE,F04,PG,50,False,0,0,0,0,0.0,False,0,0.0,0.0,0.14840120887763408,0.0,-0.2315557086559752,0.0,0.7295189009034974,0.640887714403601,1.0,1.0,1.0,0.9617561334141185,0.0,0.0,11484.012088776342,11484.012088776342,0.0,11484.012088776342
HERD_GIVEBACK_S1,F04,PG,10,False,0,0,0,0,0.0,False,0,0.0,0.0,0.15299710707322833,0.0,-0.23155570865597497,0.0,0.7436803879125851,0.6607356301482419,1.0,1.0,1.0000000000000002,0.959837417935986,0.0,0.0,11529.971070732277,11529.971070732277,0.0,11529.971070732277
HERD_GIVEBACK_S1,F04,PG,25,False,0,0,0,0,0.0,False,0,0.0,0.0,0.15127041752573533,0.0,-0.23155570865597586,0.0,0.738408400167449,0.6532787224454871,1.0,1.0,1.0,0.9605569362402857,0.0,0.0,11512.704175257362,11512.704175257362,0.0,11512.704175257362
HERD_GIVEBACK_S1,F04,PG,50,False,0,0,0,0,0.0,False,0,0.0,0.0,0.14840120887763408,0.0,-0.2315557086559752,0.0,0.7295189009034974,0.640887714403601,1.0,1.0,1.0,0.9617561334141185,0.0,0.0,11484.012088776342,11484.012088776342,0.0,11484.012088776342
GIVEBACK_BASELINE,F04,PLD,10,False,0,0,0,0,0.0,False,0,0.0,0.0,0.337919879596418,0.0,-0.361649725257593,0.0,1.021869344882435,0.9343844499141459,1.0,1.0,1.0000000000000002,0.9029447697377405,0.0,0.0,13379.198795964196,13379.198795964196,0.0,13379.198795964196
GIVEBACK_BASELINE,F04,PLD,25,False,0,0,0,0,0.0,False,0,0.0,0.0,0.3359162559469677,0.0,-0.36164972525759276,0.0,1.018329721083125,0.9288442171709219,1.0,1.0,1.0,0.9036216398799725,0.0,0.0,13359.162559469687,13359.162559469687,0.0,13359.162559469687
GIVEBACK_BASELINE,F04,PLD,50,False,0,0,0,0,0.0,False,0,0.0,0.0,0.33258687093337613,0.0,-0.3616497252575933,0.0,1.0123640763742925,0.919638113084376,1.0,1.0,1.0,0.9047497567836926,0.0,0.0,13325.86870933376,13325.86870933376,0.0,13325.86870933376
HERD_GIVEBACK_S1,F04,PLD,10,False,0,0,0,0,0.0,False,0,0.0,0.0,0.337919879596418,0.0,-0.361649725257593,0.0,1.021869344882435,0.9343844499141459,1.0,1.0,1.0000000000000002,0.9029447697377405,0.0,0.0,13379.198795964196,13379.198795964196,0.0,13379.198795964196
HERD_GIVEBACK_S1,F04,PLD,25,False,0,0,0,0,0.0,False,0,0.0,0.0,0.3359162559469677,0.0,-0.36164972525759276,0.0,1.018329721083125,0.9288442171709219,1.0,1.0,1.0,0.9036216398799725,0.0,0.0,13359.162559469687,13359.162559469687,0.0,13359.162559469687
HERD_GIVEBACK_S1,F04,PLD,50,False,0,0,0,0,0.0,False,0,0.0,0.0,0.33258687093337613,0.0,-0.3616497252575933,0.0,1.0123640763742925,0.919638113084376,1.0,1.0,1.0,0.9047497567836926,0.0,0.0,13325.86870933376,13325.86870933376,0.0,13325.86870933376
GIVEBACK_BASELINE,F04,SHW,10,False,0,0,0,0,0.0,False,0,0.0,0.0,0.2824016199597097,0.0,-0.33329795637528636,0.0,0.9622127252747096,0.8472947840152116,1.0,1.0,1.0000000000000002,0.9175101885797313,0.0,0.0,12824.016199597088,12824.016199597088,0.0,12824.016199597088
GIVEBACK_BASELINE,F04,SHW,25,False,0,0,0,0,0.0,False,0,0.0,0.0,0.28048113858184,0.0,-0.33329795637528636,0.0,0.9599233097333635,0.8415327283495979,1.0,1.0,1.0,0.9181979773267926,0.0,0.0,12804.8113858184,12804.8113858184,0.0,12804.8113858184
GIVEBACK_BASELINE,F04,SHW,50,False,0,0,0,0,0.0,False,0,0.0,0.0,0.277289909570289,0.0,-0.33329795637528603,0.0,0.9534361206976444,0.8319580251433248,1.0,1.0,1.0,0.9193442919052279,0.0,0.0,12772.899095702875,12772.899095702875,0.0,12772.899095702875
HERD_GIVEBACK_S1,F04,SHW,10,False,0,0,0,0,0.0,False,0,0.0,0.0,0.2824016199597097,0.0,-0.33329795637528636,0.0,0.9622127252747096,0.8472947840152116,1.0,1.0,1.0000000000000002,0.9175101885797313,0.0,0.0,12824.016199597088,12824.016199597088,0.0,12824.016199597088
HERD_GIVEBACK_S1,F04,SHW,25,False,0,0,0,0,0.0,False,0,0.0,0.0,0.28048113858184,0.0,-0.33329795637528636,0.0,0.9599233097333635,0.8415327283495979,1.0,1.0,1.0,0.9181979773267926,0.0,0.0,12804.8113858184,12804.8113858184,0.0,12804.8113858184
HERD_GIVEBACK_S1,F04,SHW,50,False,0,0,0,0,0.0,False,0,0.0,0.0,0.277289909570289,0.0,-0.33329795637528603,0.0,0.9534361206976444,0.8319580251433248,1.0,1.0,1.0,0.9193442919052279,0.0,0.0,12772.899095702875,12772.899095702875,0.0,12772.899095702875
GIVEBACK_BASELINE,F04,SLB,10,False,0,0,0,0,0.0,False,0,0.0,0.0,-0.504874919356111,0.0,-0.7004411150074985,0.0,-0.7606417472813864,-0.7207956651012785,1.0,1.0,1.0000000000000002,1.3457684579472786,0.0,0.0,4951.250806438894,4951.250806438894,0.0,4951.250806438894
GIVEBACK_BASELINE,F04,SLB,25,False,0,0,0,0,0.0,False,0,0.0,0.0,-0.5056164019636603,0.0,-0.7004411150074983,0.0,-0.7631954501124859,-0.7218542588812018,1.0,1.0,1.0000000000000002,1.3467772798797728,0.0,0.0,4943.835980363407,4943.835980363407,0.0,4943.835980363407
GIVEBACK_BASELINE,F04,SLB,50,False,0,0,0,0,0.0,False,0,0.0,0.0,-0.5068485101403055,0.0,-0.7004411150074981,0.0,-0.7674187062256301,-0.7236133049312501,1.0,1.0,1.0,1.348458649767263,0.0,0.0,4931.514898596935,4931.514898596935,0.0,4931.514898596935
HERD_GIVEBACK_S1,F04,SLB,10,False,0,0,0,0,0.0,False,0,0.0,0.0,-0.504874919356111,0.0,-0.7004411150074985,0.0,-0.7606417472813864,-0.7207956651012785,1.0,1.0,1.0000000000000002,1.3457684579472786,0.0,0.0,4951.250806438894,4951.250806438894,0.0,4951.250806438894
HERD_GIVEBACK_S1,F04,SLB,25,False,0,0,0,0,0.0,False,0,0.0,0.0,-0.5056164019636603,0.0,-0.7004411150074983,0.0,-0.7631954501124859,-0.7218542588812018,1.0,1.0,1.0000000000000002,1.3467772798797728,0.0,0.0,4943.835980363407,4943.835980363407,0.0,4943.835980363407
HERD_GIVEBACK_S1,F04,SLB,50,False,0,0,0,0,0.0,False,0,0.0,0.0,-0.5068485101403055,0.0,-0.7004411150074981,0.0,-0.7674187062256301,-0.7236133049312501,1.0,1.0,1.0,1.348458649767263,0.0,0.0,4931.514898596935,4931.514898596935,0.0,4931.514898596935
GIVEBACK_BASELINE,F04,SO,10,False,0,0,0,0,0.0,False,0,0.0,0.0,-0.007190308501017317,0.0,-0.3843487164669982,0.0,0.25656050719603807,-0.018707772897258283,1.0,1.0,1.0000000000000002,0.9397628890299142,0.0,0.0,9928.096914989854,9928.096914989854,0.0,9928.096914989854
GIVEBACK_BASELINE,F04,SO,25,False,0,0,0,0,0.0,False,0,0.0,0.0,-0.008677106782158717,0.0,-0.3843487164669982,0.0,0.2529974281720709,-0.022576130504402946,1.0,1.0,1.0,0.9404673589617204,0.0,0.0,9913.228932178421,9913.228932178421,0.0,9913.228932178421
GIVEBACK_BASELINE,F04,SO,50,False,0,0,0,0,0.0,False,0,0.0,0.0,-0.011147692471654591,0.0,-0.38434871646699764,0.0,0.24633440271726448,-0.029004110054343828,1.0,1.0,1.0,0.9416414755147314,0.0,0.0,9888.523075283436,9888.523075283436,0.0,9888.523075283436
HERD_GIVEBACK_S1,F04,SO,10,False,0,0,0,0,0.0,False,0,0.0,0.0,-0.007190308501017317,0.0,-0.3843487164669982,0.0,0.25656050719603807,-0.018707772897258283,1.0,1.0,1.0000000000000002,0.9397628890299142,0.0,0.0,9928.096914989854,9928.096914989854,0.0,9928.096914989854
HERD_GIVEBACK_S1,F04,SO,25,False,0,0,0,0,0.0,False,0,0.0,0.0,-0.008677106782158717,0.0,-0.3843487164669982,0.0,0.2529974281720709,-0.022576130504402946,1.0,1.0,1.0,0.9404673589617204,0.0,0.0,9913.228932178421,9913.228932178421,0.0,9913.228932178421
HERD_GIVEBACK_S1,F04,SO,50,False,0,0,0,0,0.0,False,0,0.0,0.0,-0.011147692471654591,0.0,-0.38434871646699764,0.0,0.24633440271726448,-0.029004110054343828,1.0,1.0,1.0,0.9416414755147314,0.0,0.0,9888.523075283436,9888.523075283436,0.0,9888.523075283436
GIVEBACK_BASELINE,F04,TMUS,10,False,0,0,0,0,0.0,False,0,0.0,0.0,0.35121158945282405,0.0,-0.2604238698316791,0.0,1.2692446735866736,1.3486152005951844,1.0,1.0,1.0000000000000002,0.9158834326088255,0.0,0.0,13512.115894528259,13512.115894528259,0.0,13512.115894528259
GIVEBACK_BASELINE,F04,TMUS,25,False,0,0,0,0,0.0,False,0,0.0,0.0,0.34918806058736496,0.0,-0.26042386983167876,0.0,1.2640144170585994,1.3408450646749766,1.0,1.0,1.0000000000000002,0.9165700018986375,0.0,0.0,13491.880605873628,13491.880605873628,0.0,13491.880605873628
GIVEBACK_BASELINE,F04,TMUS,50,False,0,0,0,0,0.0,False,0,0.0,0.0,0.34582559943798885,0.0,-0.26042386983167864,0.0,1.2551746859859043,1.3279335709952718,1.0,1.0,1.0000000000000002,0.9177142840483236,0.0,0.0,13458.255994379895,13458.255994379895,0.0,13458.255994379895
HERD_GIVEBACK_S1,F04,TMUS,10,False,0,0,0,0,0.0,False,0,0.0,0.0,0.35121158945282405,0.0,-0.2604238698316791,0.0,1.2692446735866736,1.3486152005951844,1.0,1.0,1.0000000000000002,0.9158834326088255,0.0,0.0,13512.115894528259,13512.115894528259,0.0,13512.115894528259
HERD_GIVEBACK_S1,F04,TMUS,25,False,0,0,0,0,0.0,False,0,0.0,0.0,0.34918806058736496,0.0,-0.26042386983167876,0.0,1.2640144170585994,1.3408450646749766,1.0,1.0,1.0000000000000002,0.9165700018986375,0.0,0.0,13491.880605873628,13491.880605873628,0.0,13491.880605873628
HERD_GIVEBACK_S1,F04,TMUS,50,False,0,0,0,0,0.0,False,0,0.0,0.0,0.34582559943798885,0.0,-0.26042386983167864,0.0,1.2551746859859043,1.3279335709952718,1.0,1.0,1.0000000000000002,0.9177142840483236,0.0,0.0,13458.255994379895,13458.255994379895,0.0,13458.255994379895
GIVEBACK_BASELINE,F04,TSLA,10,True,2,0,0,0,0.0,False,2,3045.533456554941,0.0,4.880393660938581,-0.29782275488755694,-0.5872267276388663,0.019038657770621192,3.7931619115696105,8.310918817612018,0.9632652318096409,0.9620796813922693,0.9709142636019749,0.5072461741350985,-2978.2275488755477,-63.152738777463924,58803.936609385855,61782.1641582614,-2978.2275488755477,58803.936609385855
GIVEBACK_BASELINE,F04,TSLA,25,True,2,0,0,0,0.0,False,2,3036.4105399899445,0.0,4.871131179041525,-0.29783294842941554,-0.5872848229753567,0.01898056243413082,3.7900383130787456,8.294324982489671,0.9632754506655602,0.9621327083212768,0.970954754454724,0.5074800181770954,-2978.329484294234,-63.058163367626776,58711.3117904152,61689.64127470944,-2978.329484294234,58711.3117904152
GIVEBACK_BASELINE,F04,TSLA,50,True,2,0,0,0,0.0,False,2,3021.266324166789,0.0,4.855741398054654,-0.2978483699652603,-0.5873815516258165,0.018883833783670978,3.7848475204276784,8.266758437704457,0.9632925322067895,0.9622210219936262,0.9710221910451334,0.5078697701224066,-2978.4836996526356,-62.90100912748164,58557.413980546575,61535.89768019921,-2978.4836996526356,58557.413980546575
HERD_GIVEBACK_S1,F04,TSLA,10,True,1,0,0,0,0.0,False,1,935.2359774182429,0.0,4.962829192776658,-0.21538722304948,-0.6062653854094875,0.0,3.7005332497045713,8.185902266916711,0.9865516755785009,0.9907921947715568,0.9903650101210972,0.42600774167547856,-2153.872230494824,-32.38601988587891,59628.29192776658,61782.1641582614,-2153.872230494824,59628.29192776658
HERD_GIVEBACK_S1,F04,TSLA,25,True,1,0,0,0,0.0,False,1,932.4344715696678,0.0,4.9537593682543655,-0.2152047592165749,-0.6062653854094875,0.0,3.6978148233586032,8.170942111280965,0.9865530245521071,0.990805600446574,0.9903790407928833,0.42628089612869374,-2152.0475921658144,-32.33751967570606,59537.59368254362,61689.64127470944,-2152.0475921658144,59537.59368254362
HERD_GIVEBACK_S1,F04,TSLA,50,True,1,0,0,0,0.0,False,1,927.7839183284559,0.0,4.938688671451769,-0.2149010965681457,-0.6062653854094875,0.0,3.6932975908703916,8.14608386080965,0.9865552892951475,0.9908279235053055,0.990402404574213,0.42673616357601285,-2149.010965681504,-32.25692775768289,59386.88671451771,61535.89768019921,-2149.010965681504,59386.88671451771
GIVEBACK_BASELINE,F04,UNH,10,False,0,0,0,0,0.0,False,0,0.0,0.0,0.23238157000518922,0.0,-0.35899907032062117,0.0,0.8533206886533218,0.6473040996948817,1.0,1.0,1.0,0.9159285965173379,0.0,0.0,12323.81570005188,12323.81570005188,0.0,12323.81570005188
GIVEBACK_BASELINE,F04,UNH,25,False,0,0,0,0,0.0,False,0,0.0,0.0,0.2305359969656775,0.0,-0.3589990703206217,0.0,0.8511113579019018,0.6421632144055026,1.0,1.0,1.0,0.916615199663153,0.0,0.0,12305.359969656763,12305.359969656763,0.0,12305.359969656763
GIVEBACK_BASELINE,F04,UNH,50,False,0,0,0,0,0.0,False,0,0.0,0.0,0.22746924177893146,0.0,-0.3589990703206216,0.0,0.8450023648985904,0.6336206987270997,1.0,1.0,1.0,0.9177595382395114,0.0,0.0,12274.6924177893,12274.6924177893,0.0,12274.6924177893
HERD_GIVEBACK_S1,F04,UNH,10,False,0,0,0,0,0.0,False,0,0.0,0.0,0.23238157000518922,0.0,-0.35899907032062117,0.0,0.8533206886533218,0.6473040996948817,1.0,1.0,1.0,0.9159285965173379,0.0,0.0,12323.81570005188,12323.81570005188,0.0,12323.81570005188
HERD_GIVEBACK_S1,F04,UNH,25,False,0,0,0,0,0.0,False,0,0.0,0.0,0.2305359969656775,0.0,-0.3589990703206217,0.0,0.8511113579019018,0.6421632144055026,1.0,1.0,1.0,0.916615199663153,0.0,0.0,12305.359969656763,12305.359969656763,0.0,12305.359969656763
HERD_GIVEBACK_S1,F04,UNH,50,False,0,0,0,0,0.0,False,0,0.0,0.0,0.22746924177893146,0.0,-0.3589990703206216,0.0,0.8450023648985904,0.6336206987270997,1.0,1.0,1.0,0.9177595382395114,0.0,0.0,12274.6924177893,12274.6924177893,0.0,12274.6924177893
GIVEBACK_BASELINE,F04,UNP,10,False,0,0,0,0,0.0,False,0,0.0,0.0,0.01802757058090365,0.0,-0.3871930860870815,0.0,0.3239224893546962,0.04655963969575937,1.0,1.0,1.0000000000000002,1.034179117232945,0.0,0.0,10180.275705809043,10180.275705809043,0.0,10180.275705809043
GIVEBACK_BASELINE,F04,UNP,25,False,0,0,0,0,0.0,False,0,0.0,0.0,0.016503006855291158,0.0,-0.38719308608708136,0.0,0.3194759399527354,0.04262216307131983,1.0,1.0,1.0,1.0349543639475123,0.0,0.0,10165.030068552916,10165.030068552916,0.0,10165.030068552916
GIVEBACK_BASELINE,F04,UNP,50,False,0,0,0,0,0.0,False,0,0.0,0.0,0.013969667012894371,0.0,-0.3871930860870818,0.0,0.3120502576259119,0.03607932970619346,1.0,1.0,1.0,1.0362464418051245,0.0,0.0,10139.696670128948,10139.696670128948,0.0,10139.696670128948
HERD_GIVEBACK_S1,F04,UNP,10,False,0,0,0,0,0.0,False,0,0.0,0.0,0.01802757058090365,0.0,-0.3871930860870815,0.0,0.3239224893546962,0.04655963969575937,1.0,1.0,1.0000000000000002,1.034179117232945,0.0,0.0,10180.275705809043,10180.275705809043,0.0,10180.275705809043
HERD_GIVEBACK_S1,F04,UNP,25,False,0,0,0,0,0.0,False,0,0.0,0.0,0.016503006855291158,0.0,-0.38719308608708136,0.0,0.3194759399527354,0.04262216307131983,1.0,1.0,1.0,1.0349543639475123,0.0,0.0,10165.030068552916,10165.030068552916,0.0,10165.030068552916
HERD_GIVEBACK_S1,F04,UNP,50,False,0,0,0,0,0.0,False,0,0.0,0.0,0.013969667012894371,0.0,-0.3871930860870818,0.0,0.3120502576259119,0.03607932970619346,1.0,1.0,1.0,1.0362464418051245,0.0,0.0,10139.696670128948,10139.696670128948,0.0,10139.696670128948
GIVEBACK_BASELINE,F04,V,10,False,0,0,0,0,0.0,False,0,0.0,0.0,0.07527810241214894,0.0,-0.36364941815302354,0.0,0.48546992240204234,0.20700735008593343,1.0,1.0,1.0000000000000002,0.9660921548335482,0.0,0.0,10752.781024121476,10752.781024121476,0.0,10752.781024121476
GIVEBACK_BASELINE,F04,V,25,False,0,0,0,0,0.0,False,0,0.0,0.0,0.0736678022225894,0.0,-0.36364941815302376,0.0,0.4811339532693946,0.20257918353547308,1.0,1.0,1.0,0.9668163618461667,0.0,0.0,10736.67802222588,10736.67802222588,0.0,10736.67802222588
GIVEBACK_BASELINE,F04,V,50,False,0,0,0,0,0.0,False,0,0.0,0.0,0.07099199565583447,0.0,-0.36364941815302343,0.0,0.47387098025700486,0.19522097963583457,1.0,1.0,1.0,0.9680233735338647,0.0,0.0,10709.919956558337,10709.919956558337,0.0,10709.919956558337
HERD_GIVEBACK_S1,F04,V,10,False,0,0,0,0,0.0,False,0,0.0,0.0,0.07527810241214894,0.0,-0.36364941815302354,0.0,0.48546992240204234,0.20700735008593343,1.0,1.0,1.0000000000000002,0.9660921548335482,0.0,0.0,10752.781024121476,10752.781024121476,0.0,10752.781024121476
HERD_GIVEBACK_S1,F04,V,25,False,0,0,0,0,0.0,False,0,0.0,0.0,0.0736678022225894,0.0,-0.36364941815302376,0.0,0.4811339532693946,0.20257918353547308,1.0,1.0,1.0,0.9668163618461667,0.0,0.0,10736.67802222588,10736.67802222588,0.0,10736.67802222588
HERD_GIVEBACK_S1,F04,V,50,False,0,0,0,0,0.0,False,0,0.0,0.0,0.07099199565583447,0.0,-0.36364941815302343,0.0,0.47387098025700486,0.19522097963583457,1.0,1.0,1.0,0.9680233735338647,0.0,0.0,10709.919956558337,10709.919956558337,0.0,10709.919956558337
GIVEBACK_BASELINE,F04,WMT,10,False,0,0,0,0,0.0,False,0,0.0,0.0,0.19959567384357135,0.0,-0.1420677903361759,0.0,1.117210575922569,1.4049326266796074,1.0,1.0,1.0000000000000002,0.9111698102829371,0.0,0.0,11995.95673843572,11995.95673843572,0.0,11995.95673843572
GIVEBACK_BASELINE,F04,WMT,25,False,0,0,0,0,0.0,False,0,0.0,0.0,0.19779919985544425,0.0,-0.14206779033617634,0.0,1.1102543427400406,1.392287438182787,1.0,1.0,1.0,0.9118528461227291,0.0,0.0,11977.991998554458,11977.991998554458,0.0,11977.991998554458
GIVEBACK_BASELINE,F04,WMT,50,False,0,0,0,0,0.0,False,0,0.0,0.0,0.1948140316702882,0.0,-0.14206779033617578,0.0,1.0984303962352369,1.3712751582135452,1.0,1.0,1.0,0.9129912391890495,0.0,0.0,11948.14031670285,11948.14031670285,0.0,11948.14031670285
HERD_GIVEBACK_S1,F04,WMT,10,False,0,0,0,0,0.0,False,0,0.0,0.0,0.19959567384357135,0.0,-0.1420677903361759,0.0,1.117210575922569,1.4049326266796074,1.0,1.0,1.0000000000000002,0.9111698102829371,0.0,0.0,11995.95673843572,11995.95673843572,0.0,11995.95673843572
HERD_GIVEBACK_S1,F04,WMT,25,False,0,0,0,0,0.0,False,0,0.0,0.0,0.19779919985544425,0.0,-0.14206779033617634,0.0,1.1102543427400406,1.392287438182787,1.0,1.0,1.0,0.9118528461227291,0.0,0.0,11977.991998554458,11977.991998554458,0.0,11977.991998554458
HERD_GIVEBACK_S1,F04,WMT,50,False,0,0,0,0,0.0,False,0,0.0,0.0,0.1948140316702882,0.0,-0.14206779033617578,0.0,1.0984303962352369,1.3712751582135452,1.0,1.0,1.0,0.9129912391890495,0.0,0.0,11948.14031670285,11948.14031670285,0.0,11948.14031670285
GIVEBACK_BASELINE,F04,XOM,10,False,0,0,0,0,0.0,False,0,0.0,0.0,-0.3865932329850097,0.0,-0.5621017632209948,0.0,-1.058093058474143,-0.6877637792305189,1.0,1.0,1.0000000000000002,1.2252147214156588,0.0,0.0,6134.067670149897,6134.067670149897,0.0,6134.067670149897
GIVEBACK_BASELINE,F04,XOM,25,False,0,0,0,0,0.0,False,0,0.0,0.0,-0.38751185025340384,0.0,-0.5621017632209948,0.0,-1.0624063158721988,-0.6893980336102423,1.0,1.0,1.0,1.2261331732308127,0.0,0.0,6124.88149746596,6124.88149746596,0.0,6124.88149746596
GIVEBACK_BASELINE,F04,XOM,50,False,0,0,0,0,0.0,False,0,0.0,0.0,-0.38903829987754046,0.0,-0.5621017632209944,0.0,-1.0695005298551181,-0.6921136444195555,1.0,1.0,1.0,1.2276639262560693,0.0,0.0,6109.617001224585,6109.617001224585,0.0,6109.617001224585
HERD_GIVEBACK_S1,F04,XOM,10,False,0,0,0,0,0.0,False,0,0.0,0.0,-0.3865932329850097,0.0,-0.5621017632209948,0.0,-1.058093058474143,-0.6877637792305189,1.0,1.0,1.0000000000000002,1.2252147214156588,0.0,0.0,6134.067670149897,6134.067670149897,0.0,6134.067670149897
HERD_GIVEBACK_S1,F04,XOM,25,False,0,0,0,0,0.0,False,0,0.0,0.0,-0.38751185025340384,0.0,-0.5621017632209948,0.0,-1.0624063158721988,-0.6893980336102423,1.0,1.0,1.0,1.2261331732308127,0.0,0.0,6124.88149746596,6124.88149746596,0.0,6124.88149746596
HERD_GIVEBACK_S1,F04,XOM,50,False,0,0,0,0,0.0,False,0,0.0,0.0,-0.38903829987754046,0.0,-0.5621017632209944,0.0,-1.0695005298551181,-0.6921136444195555,1.0,1.0,1.0,1.2276639262560693,0.0,0.0,6109.617001224585,6109.617001224585,0.0,6109.617001224585
GIVEBACK_BASELINE,F05,AAPL,10,False,0,0,0,0,0.0,False,0,0.0,0.0,0.35262601782502023,0.0,-0.20375629194199807,0.0,1.5972031240837152,1.7306263991366702,1.0,1.0,1.0000000000000002,0.855153842861772,0.0,0.0,13526.260178250197,13526.260178250197,0.0,13526.260178250197
GIVEBACK_BASELINE,F05,AAPL,25,False,0,0,0,0,0.0,False,0,0.0,0.0,0.35060037075937256,0.0,-0.20375629194199807,0.0,1.590418191152623,1.7206848800486396,1.0,1.0,1.0,0.8557948877214882,0.0,0.0,13506.003707593716,13506.003707593716,0.0,13506.003707593716
GIVEBACK_BASELINE,F05,AAPL,50,False,0,0,0,0,0.0,False,0,0.0,0.0,0.34723438983523547,0.0,-0.20375629194199807,0.0,1.5791437913793882,1.7041652384117805,1.0,1.0,1.0,0.8568632958210155,0.0,0.0,13472.343898352367,13472.343898352367,0.0,13472.343898352367
HERD_GIVEBACK_S1,F05,AAPL,10,False,0,0,0,0,0.0,False,0,0.0,0.0,0.35262601782502023,0.0,-0.20375629194199807,0.0,1.5972031240837152,1.7306263991366702,1.0,1.0,1.0000000000000002,0.855153842861772,0.0,0.0,13526.260178250197,13526.260178250197,0.0,13526.260178250197
HERD_GIVEBACK_S1,F05,AAPL,25,False,0,0,0,0,0.0,False,0,0.0,0.0,0.35060037075937256,0.0,-0.20375629194199807,0.0,1.590418191152623,1.7206848800486396,1.0,1.0,1.0,0.8557948877214882,0.0,0.0,13506.003707593716,13506.003707593716,0.0,13506.003707593716
HERD_GIVEBACK_S1,F05,AAPL,50,False,0,0,0,0,0.0,False,0,0.0,0.0,0.34723438983523547,0.0,-0.20375629194199807,0.0,1.5791437913793882,1.7041652384117805,1.0,1.0,1.0,0.8568632958210155,0.0,0.0,13472.343898352367,13472.343898352367,0.0,13472.343898352367
GIVEBACK_BASELINE,F05,ABBV,10,False,0,0,0,0,0.0,False,0,0.0,0.0,0.2716165245783997,0.0,-0.1532318245535439,0.0,1.9078658596665943,1.7725855929065737,1.0,1.0,1.0000000000000002,0.8951398911977356,0.0,0.0,12716.165245784015,12716.165245784015,0.0,12716.165245784015
GIVEBACK_BASELINE,F05,ABBV,25,False,0,0,0,0,0.0,False,0,0.0,0.0,0.26971219459531826,0.0,-0.15323182455354412,0.0,1.8970092846205726,1.76015782218316,1.0,1.0,1.0000000000000002,0.8958109106064295,0.0,0.0,12697.12194595319,12697.12194595319,0.0,12697.12194595319
GIVEBACK_BASELINE,F05,ABBV,50,False,0,0,0,0,0.0,False,0,0.0,0.0,0.2665478040630196,0.0,-0.15323182455354323,0.0,1.8789691111243947,1.7395068213775708,1.0,1.0,1.0,0.896929276287586,0.0,0.0,12665.478040630209,12665.478040630209,0.0,12665.478040630209
HERD_GIVEBACK_S1,F05,ABBV,10,False,0,0,0,0,0.0,False,0,0.0,0.0,0.2716165245783997,0.0,-0.1532318245535439,0.0,1.9078658596665943,1.7725855929065737,1.0,1.0,1.0000000000000002,0.8951398911977356,0.0,0.0,12716.165245784015,12716.165245784015,0.0,12716.165245784015
HERD_GIVEBACK_S1,F05,ABBV,25,False,0,0,0,0,0.0,False,0,0.0,0.0,0.26971219459531826,0.0,-0.15323182455354412,0.0,1.8970092846205726,1.76015782218316,1.0,1.0,1.0000000000000002,0.8958109106064295,0.0,0.0,12697.12194595319,12697.12194595319,0.0,12697.12194595319
HERD_GIVEBACK_S1,F05,ABBV,50,False,0,0,0,0,0.0,False,0,0.0,0.0,0.2665478040630196,0.0,-0.15323182455354323,0.0,1.8789691111243947,1.7395068213775708,1.0,1.0,1.0,0.896929276287586,0.0,0.0,12665.478040630209,12665.478040630209,0.0,12665.478040630209
GIVEBACK_BASELINE,F05,AMT,10,False,0,0,0,0,0.0,False,0,0.0,0.0,0.11647406492852652,0.0,-0.2388974440442272,0.0,0.9296477911200283,0.4875483929705151,1.0,1.0,1.0,1.0571901715333982,0.0,0.0,11164.74064928527,11164.74064928527,0.0,11164.74064928527
GIVEBACK_BASELINE,F05,AMT,25,False,0,0,0,0,0.0,False,0,0.0,0.0,0.11480207105609463,0.0,-0.23889744404422686,0.0,0.9193423500526009,0.4805495994960977,1.0,1.0,1.0,1.0579826679138578,0.0,0.0,11148.020710560957,11148.020710560957,0.0,11148.020710560957
GIVEBACK_BASELINE,F05,AMT,50,False,0,0,0,0,0.0,False,0,0.0,0.0,0.11202374921745162,0.0,-0.23889744404422686,0.0,0.9017912235485364,0.46891983154375133,1.0,1.0,1.0,1.0593034952146243,0.0,0.0,11120.23749217452,11120.23749217452,0.0,11120.23749217452
HERD_GIVEBACK_S1,F05,AMT,10,False,0,0,0,0,0.0,False,0,0.0,0.0,0.11647406492852652,0.0,-0.2388974440442272,0.0,0.9296477911200283,0.4875483929705151,1.0,1.0,1.0,1.0571901715333982,0.0,0.0,11164.74064928527,11164.74064928527,0.0,11164.74064928527
HERD_GIVEBACK_S1,F05,AMT,25,False,0,0,0,0,0.0,False,0,0.0,0.0,0.11480207105609463,0.0,-0.23889744404422686,0.0,0.9193423500526009,0.4805495994960977,1.0,1.0,1.0,1.0579826679138578,0.0,0.0,11148.020710560957,11148.020710560957,0.0,11148.020710560957
HERD_GIVEBACK_S1,F05,AMT,50,False,0,0,0,0,0.0,False,0,0.0,0.0,0.11202374921745162,0.0,-0.23889744404422686,0.0,0.9017912235485364,0.46891983154375133,1.0,1.0,1.0,1.0593034952146243,0.0,0.0,11120.23749217452,11120.23749217452,0.0,11120.23749217452
GIVEBACK_BASELINE,F05,AMZN,10,False,0,0,0,0,0.0,False,0,0.0,0.0,0.04642059709205282,0.0,-0.16409685371466554,0.0,0.4350163359932856,0.2828853572827774,1.0,1.0,1.0000000000000002,0.9768022525264761,0.0,0.0,10464.205970920539,10464.205970920539,0.0,10464.205970920539
GIVEBACK_BASELINE,F05,AMZN,25,False,0,0,0,0,0.0,False,0,0.0,0.0,0.04485351292835982,0.0,-0.1640968537146652,0.0,0.42756931808256254,0.2733356058511151,1.0,1.0,1.0,0.9775344880980851,0.0,0.0,10448.535129283602,10448.535129283602,0.0,10448.535129283602
GIVEBACK_BASELINE,F05,AMZN,50,False,0,0,0,0,0.0,False,0,0.0,0.0,0.04224951764657758,0.0,-0.16409685371466376,0.0,0.41511889663748985,0.2574669574106658,1.0,1.0,1.0000000000000002,0.9787548807174336,0.0,0.0,10422.495176465769,10422.495176465769,0.0,10422.495176465769
HERD_GIVEBACK_S1,F05,AMZN,10,False,0,0,0,0,0.0,False,0,0.0,0.0,0.04642059709205282,0.0,-0.16409685371466554,0.0,0.4350163359932856,0.2828853572827774,1.0,1.0,1.0000000000000002,0.9768022525264761,0.0,0.0,10464.205970920539,10464.205970920539,0.0,10464.205970920539
HERD_GIVEBACK_S1,F05,AMZN,25,False,0,0,0,0,0.0,False,0,0.0,0.0,0.04485351292835982,0.0,-0.1640968537146652,0.0,0.42756931808256254,0.2733356058511151,1.0,1.0,1.0,0.9775344880980851,0.0,0.0,10448.535129283602,10448.535129283602,0.0,10448.535129283602
HERD_GIVEBACK_S1,F05,AMZN,50,False,0,0,0,0,0.0,False,0,0.0,0.0,0.04224951764657758,0.0,-0.16409685371466376,0.0,0.41511889663748985,0.2574669574106658,1.0,1.0,1.0000000000000002,0.9787548807174336,0.0,0.0,10422.495176465769,10422.495176465769,0.0,10422.495176465769
GIVEBACK_BASELINE,F05,APD,10,False,0,0,0,0,0.0,False,0,0.0,0.0,0.021546683921362275,0.0,-0.1863386996367613,0.0,0.25272755103356404,0.11563182507640242,1.0,1.0,1.0000000000000002,1.0037017294620065,0.0,0.0,10215.466839213632,10215.466839213632,0.0,10215.466839213632
GIVEBACK_BASELINE,F05,APD,25,False,0,0,0,0,0.0,False,0,0.0,0.0,0.02001685009040144,0.0,-0.18633869963676175,0.0,0.24566162359879098,0.10742186206848695,1.0,1.0,0.9999999999999998,1.004454129559054,0.0,0.0,10200.168500904014,10200.168500904014,0.0,10200.168500904014
GIVEBACK_BASELINE,F05,APD,50,False,0,0,0,0,0.0,False,0,0.0,0.0,0.017474753009701915,0.0,-0.18633869963676053,0.0,0.23392084656912918,0.09377951570857979,1.0,1.0,1.0000000000000002,1.005708129720801,0.0,0.0,10174.747530097007,10174.747530097007,0.0,10174.747530097007
HERD_GIVEBACK_S1,F05,APD,10,False,0,0,0,0,0.0,False,0,0.0,0.0,0.021546683921362275,0.0,-0.1863386996367613,0.0,0.25272755103356404,0.11563182507640242,1.0,1.0,1.0000000000000002,1.0037017294620065,0.0,0.0,10215.466839213632,10215.466839213632,0.0,10215.466839213632
HERD_GIVEBACK_S1,F05,APD,25,False,0,0,0,0,0.0,False,0,0.0,0.0,0.02001685009040144,0.0,-0.18633869963676175,0.0,0.24566162359879098,0.10742186206848695,1.0,1.0,0.9999999999999998,1.004454129559054,0.0,0.0,10200.168500904014,10200.168500904014,0.0,10200.168500904014
HERD_GIVEBACK_S1,F05,APD,50,False,0,0,0,0,0.0,False,0,0.0,0.0,0.017474753009701915,0.0,-0.18633869963676053,0.0,0.23392084656912918,0.09377951570857979,1.0,1.0,1.0000000000000002,1.005708129720801,0.0,0.0,10174.747530097007,10174.747530097007,0.0,10174.747530097007
GIVEBACK_BASELINE,F05,AVGO,10,False,0,0,0,0,0.0,False,0,0.0,0.0,0.573939026455595,0.0,-0.14023585145430018,0.0,2.4019455348084824,4.092669745315657,1.0,1.0,1.0,0.7333652690498076,0.0,0.0,15739.390264555956,15739.390264555956,0.0,15739.390264555956
GIVEBACK_BASELINE,F05,AVGO,25,False,0,0,0,0,0.0,False,0,0.0,0.0,0.571581948498767,0.0,-0.14023585145429995,0.0,2.3946576716799868,4.075861789772311,1.0,1.0,1.0,0.7339150181270563,0.0,0.0,15715.819484987665,15715.819484987665,0.0,15715.819484987665
GIVEBACK_BASELINE,F05,AVGO,50,False,0,0,0,0,0.0,False,0,0.0,0.0,0.5676652348846662,0.0,-0.14023585145429984,0.0,2.382547561935678,4.04793231543688,1.0,1.0,1.0,0.7348312665891374,0.0,0.0,15676.652348846665,15676.652348846665,0.0,15676.652348846665
HERD_GIVEBACK_S1,F05,AVGO,10,False,0,0,0,0,0.0,False,0,0.0,0.0,0.573939026455595,0.0,-0.14023585145430018,0.0,2.4019455348084824,4.092669745315657,1.0,1.0,1.0,0.7333652690498076,0.0,0.0,15739.390264555956,15739.390264555956,0.0,15739.390264555956
HERD_GIVEBACK_S1,F05,AVGO,25,False,0,0,0,0,0.0,False,0,0.0,0.0,0.571581948498767,0.0,-0.14023585145429995,0.0,2.3946576716799868,4.075861789772311,1.0,1.0,1.0,0.7339150181270563,0.0,0.0,15715.819484987665,15715.819484987665,0.0,15715.819484987665
HERD_GIVEBACK_S1,F05,AVGO,50,False,0,0,0,0,0.0,False,0,0.0,0.0,0.5676652348846662,0.0,-0.14023585145429984,0.0,2.382547561935678,4.04793231543688,1.0,1.0,1.0,0.7348312665891374,0.0,0.0,15676.652348846665,15676.652348846665,0.0,15676.652348846665
GIVEBACK_BASELINE,F05,BA,10,True,2,0,0,0,0.0,False,2,1387.6060946611924,0.0,0.4368638417135553,-0.001477689862551257,-0.2161916226921643,0.014871924785257451,2.1346431504978174,2.0207251154019352,0.9700377316095803,0.9665169927315904,0.9624946936030307,0.848421304438693,-14.776898625506874,-6.223409143131775,14368.638417135531,14383.415315761038,-14.776898625506874,14368.638417135531
GIVEBACK_BASELINE,F05,BA,25,True,2,0,0,0,0.0,False,2,1383.4495109929262,0.0,0.4345041877643121,-0.0016833320861260326,-0.21626850703889355,0.014795040438529306,2.1265620652459756,2.0090959784827627,0.9700085981742795,0.9665633949524725,0.9625465873023334,0.8489548136353342,-16.833320861247557,-6.214089175673671,14345.041877643123,14361.875198504371,-16.833320861247557,14345.041877643123
GIVEBACK_BASELINE,F05,BA,50,True,2,0,0,0,0.0,False,2,1376.5495026775209,0.0,0.4305838847947674,-0.002024352908294169,-0.2163965392547309,0.014667008222691957,2.113132256906575,1.9897909933203974,0.9699600870193512,0.9666406779879902,0.9626330169316266,0.8498440548527897,-20.243529082965324,-6.198602355087047,14305.838847947654,14326.08237703062,-20.243529082965324,14305.838847947654
HERD_GIVEBACK_S1,F05,BA,10,True,2,0,0,0,0.0,False,2,1416.0520816305848,0.0,0.4397084404104945,0.0013669088343879476,-0.22587856429886422,0.005184983178557534,2.1255518187485745,1.946658558661228,0.99204147689398,0.9905620072681796,0.9892631675828668,0.8480311198453645,13.66908834388596,-6.223409143131775,14397.084404104924,14383.415315761038,13.66908834388596,14397.084404104924
HERD_GIVEBACK_S1,F05,BA,25,True,2,0,0,0,0.0,False,2,1411.8102878113111,0.0,0.4373402654461527,0.0011527455957145438,-0.22594402018034432,0.005119527297078541,2.1176133934258297,1.9356133660765875,0.9919948289597202,0.9905753366238914,0.9892783120458137,0.848524192162182,11.527455957137136,-6.214089175673671,14373.402654461508,14361.875198504371,11.527455957137136,14373.402654461508
HERD_GIVEBACK_S1,F05,BA,50,True,2,0,0,0,0.0,False,2,1404.7688290169954,0.0,0.43340581742871276,0.0007975797256511985,-0.2260530041274671,0.005010543349955765,2.1044200121504004,1.9172751943801785,0.9919170545868795,0.9905975351548176,0.9893035335476339,0.8493459933160897,7.975797256509395,-6.198602355087047,14334.058174287129,14326.08237703062,7.975797256509395,14334.058174287129
GIVEBACK_BASELINE,F05,BAC,10,True,2,0,0,0,0.0,False,2,1315.0998628670886,0.0,0.5297051798300454,-0.019541572018524356,-0.14167714001765952,0.004845015224885008,2.8931623380474623,3.738818977881821,0.9797041033058359,0.9823349206531906,0.9783902384972061,0.8517833628572353,-195.41572018526495,-44.97514462892161,15297.051798300425,15492.46751848569,-195.41572018526495,15297.051798300425
GIVEBACK_BASELINE,F05,BAC,25,True,2,0,0,0,0.0,False,2,1311.1604721183999,0.0,0.5272173508301858,-0.01970930137850435,-0.14174595600211992,0.004776199240424384,2.886587599042274,3.7194525029151513,0.9796963721379409,0.9824213783039919,0.9784211292456705,0.8523055231389237,-197.0930137850737,-44.90779137048651,15272.173508301823,15469.266522086897,-197.0930137850737,15272.173508301823
GIVEBACK_BASELINE,F05,BAC,50,True,2,0,0,0,0.0,False,2,1304.6210081997242,0.0,0.5230840255947453,-0.01998735919724992,-0.14186055042121337,0.0046616048213307115,2.8744649982335178,3.687311405754457,0.9796835088366539,0.9825649322764867,0.9784725719343319,0.8531758242614045,-199.87359197246587,-44.79587168471511,15230.840255947442,15430.713847919907,-199.87359197246587,15230.840255947442
HERD_GIVEBACK_S1,F05,BAC,10,True,1,0,0,0,0.0,False,1,749.1815654107764,0.0,0.5467025707972191,-0.00254418105135068,-0.14677260710356366,-0.00025045186101912975,2.9323919509771237,3.724827006796046,0.9983215682388704,0.9988898859666164,0.9978874289418105,0.8034397099516619,-25.441810513508244,-23.06417673278031,15467.025707972181,15492.46751848569,-25.441810513508244,15467.025707972181
HERD_GIVEBACK_S1,F05,BAC,25,True,1,0,0,0,0.0,False,1,746.9373868421366,0.0,0.5442740582824701,-0.0026525939262200815,-0.14683625021055946,-0.000314094968015155,2.92634553391229,3.706673641570082,0.9983239631977112,0.9989387689704896,0.9978904450111824,0.8039608641935304,-26.52593926220652,-23.02963660024949,15442.74058282469,15469.266522086897,-26.52593926220652,15442.74058282469
HERD_GIVEBACK_S1,F05,BAC,50,True,1,0,0,0,0.0,False,1,743.212007535306,0.0,0.5402390163059263,-0.002832368486068937,-0.14694221589081347,-0.0004200606482693825,2.9151165493202766,3.6765405573259833,0.9983279515807374,0.9990199517668112,0.9978954677342544,0.804829458168646,-28.323684860690264,-22.972241889597512,15402.390163059217,15430.713847919907,-28.323684860690264,15402.390163059217
GIVEBACK_BASELINE,F05,CAT,10,True,1,0,0,0,0.0,False,1,810.704236111975,0.0,0.5844011234197535,0.0019477552002213905,-0.16447457706476643,0.0014642524390818812,2.7077794476238832,3.5531395419830103,0.9960249337512967,0.9938879642939237,0.9940913927910606,0.7326930706984215,19.47755200221036,-4.2029737963114115,15844.011234197507,15824.533682195297,19.47755200221036,15844.011234197507
GIVEBACK_BASELINE,F05,CAT,25,True,1,0,0,0,0.0,False,1,808.2757659570927,0.0,0.5819069390940008,0.0018233996221161952,-0.16453933611697913,0.0013994933868688442,2.7009397595844034,3.5365825147142593,0.9959898797030798,0.9939032597322935,0.9940998173765322,0.7331670191814499,18.233996221151756,-4.196679564627786,15819.069390939965,15800.835394718813,18.233996221151756,15819.069390939965
GIVEBACK_BASELINE,F05,CAT,50,True,1,0,0,0,0.0,False,1,804.2444590955638,0.0,0.5777628021048893,0.001617164004538596,-0.1646471598443906,0.001291669659457817,2.688703952702027,3.509096680750143,0.9959315165380114,0.9939286347858588,0.9941138470836655,0.7339569419797296,16.171640045389722,-4.186220554201697,15777.628021048904,15761.456381003514,16.171640045389722,15777.628021048904
HERD_GIVEBACK_S1,F05,CAT,10,True,1,0,0,0,0.0,False,1,810.704236111975,0.0,0.5844011234197535,0.0019477552002213905,-0.16447457706476643,0.0014642524390818812,2.7077794476238832,3.5531395419830103,0.9960249337512967,0.9938879642939237,0.9940913927910606,0.7326930706984215,19.47755200221036,-4.2029737963114115,15844.011234197507,15824.533682195297,19.47755200221036,15844.011234197507
HERD_GIVEBACK_S1,F05,CAT,25,True,1,0,0,0,0.0,False,1,808.2757659570927,0.0,0.5819069390940008,0.0018233996221161952,-0.16453933611697913,0.0013994933868688442,2.7009397595844034,3.5365825147142593,0.9959898797030798,0.9939032597322935,0.9940998173765322,0.7331670191814499,18.233996221151756,-4.196679564627786,15819.069390939965,15800.835394718813,18.233996221151756,15819.069390939965
HERD_GIVEBACK_S1,F05,CAT,50,True,1,0,0,0,0.0,False,1,804.2444590955638,0.0,0.5777628021048893,0.001617164004538596,-0.1646471598443906,0.001291669659457817,2.688703952702027,3.509096680750143,0.9959315165380114,0.9939286347858588,0.9941138470836655,0.7339569419797296,16.171640045389722,-4.186220554201697,15777.628021048904,15761.456381003514,16.171640045389722,15777.628021048904
GIVEBACK_BASELINE,F05,COP,10,True,2,0,0,0,0.0,False,2,1422.6878642607508,0.0,0.5320894031236201,-0.007878039200529763,-0.3045627843883981,0.0,2.1414471526282064,1.7470598195118459,0.9850344103482611,0.9847503829851847,0.9805813474811449,0.9036841383603934,-78.78039200529383,-32.15808658864114,15320.894031236188,15399.674423241482,-78.78039200529383,15320.894031236188
GIVEBACK_BASELINE,F05,COP,25,True,2,0,0,0,0.0,False,2,1418.4261929086438,0.0,0.5295818875470122,-0.008079351517973343,-0.304562784388398,0.0,2.135031349694302,1.7388266547749163,0.9850555505907118,0.9848414260580912,0.9806088268573298,0.9042245097566843,-80.79351517971554,-32.10992772368019,15295.81887547013,15376.612390649845,-80.79351517971554,15295.81887547013
GIVEBACK_BASELINE,F05,COP,50,True,2,0,0,0,0.0,False,2,1411.3517370299946,0.0,0.5254159030710008,-0.008413159940633408,-0.3045627843883977,0.0,2.124026909658246,1.7251480811291682,0.9850907572396863,0.9849927503058148,0.9806545903049169,0.9051251602391216,-84.13159940634432,-32.029903012793625,15254.159030709969,15338.290630116313,-84.13159940634432,15254.159030709969
HERD_GIVEBACK_S1,F05,COP,10,True,1,0,0,0,0.0,False,1,678.9717561421885,0.0,0.5308662458221591,-0.009101196501990705,-0.3045627843883981,0.0,2.138929245995078,1.7430437106365702,0.9900537930932904,0.9909169261548159,0.9881441137907739,0.8455708529425164,-91.0119650198867,-16.49132645571342,15308.662458221595,15399.674423241482,-91.0119650198867,15308.662458221595
HERD_GIVEBACK_S1,F05,COP,25,True,1,0,0,0,0.0,False,1,676.937891543544,0.0,0.5284719662660902,-0.009189272798895365,-0.304562784388398,0.0,2.132811921658173,1.7351823445117602,0.9900421145689026,0.9909355530661106,0.9881611288690276,0.8461426900438986,-91.89272798894854,-16.46662960188729,15284.719662660897,15376.612390649845,-91.89272798894854,15284.719662660897
HERD_GIVEBACK_S1,F05,COP,50,True,1,0,0,0,0.0,False,1,673.5616374456905,0.0,0.5244937736056214,-0.009335289406012803,-0.3045627843883977,0.0,2.122306445196608,1.722120365621408,0.9900226739872985,0.9909665013070857,0.988189463866454,0.8470957768115928,-93.35289406012271,-16.42559128861211,15244.93773605619,15338.290630116313,-93.35289406012271,15244.93773605619
GIVEBACK_BASELINE,F05,COST,10,False,0,0,0,0,0.0,False,0,0.0,0.0,0.361403307422949,0.0,-0.19487309299071431,0.0,2.5164078909041794,1.8545572499337806,1.0,1.0,1.0,0.8694339819645,0.0,0.0,13614.03307422949,13614.03307422949,0.0,13614.03307422949
GIVEBACK_BASELINE,F05,COST,25,False,0,0,0,0,0.0,False,0,0.0,0.0,0.35936451578467943,0.0,-0.19487309299071476,0.0,2.5046962785555595,1.8440950993773282,1.0,1.0,1.0,0.8700857315761674,0.0,0.0,13593.645157846811,13593.645157846811,0.0,13593.645157846811
GIVEBACK_BASELINE,F05,COST,50,False,0,0,0,0,0.0,False,0,0.0,0.0,0.35597669276305144,0.0,-0.19487309299071431,0.0,2.485235305109173,1.826710333889008,1.0,1.0,1.0,0.8711719809289467,0.0,0.0,13559.766927630539,13559.766927630539,0.0,13559.766927630539
HERD_GIVEBACK_S1,F05,COST,10,False,0,0,0,0,0.0,False,0,0.0,0.0,0.361403307422949,0.0,-0.19487309299071431,0.0,2.5164078909041794,1.8545572499337806,1.0,1.0,1.0,0.8694339819645,0.0,0.0,13614.03307422949,13614.03307422949,0.0,13614.03307422949
HERD_GIVEBACK_S1,F05,COST,25,False,0,0,0,0,0.0,False,0,0.0,0.0,0.35936451578467943,0.0,-0.19487309299071476,0.0,2.5046962785555595,1.8440950993773282,1.0,1.0,1.0,0.8700857315761674,0.0,0.0,13593.645157846811,13593.645157846811,0.0,13593.645157846811
HERD_GIVEBACK_S1,F05,COST,50,False,0,0,0,0,0.0,False,0,0.0,0.0,0.35597669276305144,0.0,-0.19487309299071431,0.0,2.485235305109173,1.826710333889008,1.0,1.0,1.0,0.8711719809289467,0.0,0.0,13559.766927630539,13559.766927630539,0.0,13559.766927630539
GIVEBACK_BASELINE,F05,CRM,10,True,4,0,0,0,0.0,False,4,2137.458572640957,0.0,0.20457473284706573,-0.011903195447488635,-0.25541339648658024,0.01452441308474861,1.1972556752080614,0.8009553753294,0.9089309926259583,0.90479321692566,0.8865821713985645,1.0292338221638764,-119.03195447492908,-9.530552019581073,12045.747328470647,12164.779282945576,-119.03195447492908,12045.747328470647
GIVEBACK_BASELINE,F05,CRM,25,True,4,0,0,0,0.0,False,4,2131.0558006808033,0.0,0.20245062377295575,-0.012205548239079711,-0.2555913930105861,0.01434641656074176,1.1887005178478707,0.7920870158744768,0.9088425892801755,0.9049157527899063,0.8867265444512659,1.029906812686209,-122.05548239077143,-9.516279386585644,12024.506237729584,12146.561720120355,-122.05548239077143,12024.506237729584
GIVEBACK_BASELINE,F05,CRM,50,True,4,0,0,0,0.0,False,4,2120.427076879573,0.0,0.19892209492139123,-0.012706897776250559,-0.2558877569632474,0.014050052608080454,1.174482481428438,0.7773802751726101,0.9086953784684271,0.9051198887239289,0.8869670690051825,1.0310286778653073,-127.06897776250844,-9.492562811662772,11989.220949213908,12116.289926976417,-127.06897776250844,11989.220949213908
HERD_GIVEBACK_S1,F05,CRM,10,True,1,1,1,0,-0.20834182310799942,True,0,0.0,0.0,0.21154514633943644,-0.004932781955117926,-0.2728981901218498,-0.002960380550520947,1.1870760357219008,0.7751797336764342,0.9939014336877157,0.9954489174654583,0.9919722822179322,0.9461217332891985,-49.32781955120117,-0.2083418231080003,12115.451463394375,12164.779282945576,-40.87131662718093,12123.907966318395
HERD_GIVEBACK_S1,F05,CRM,25,True,1,1,1,0,-0.2150905012926425,True,0,0.0,1.1368683772161603e-13,0.20956360573001787,-0.0050925662820175965,-0.2729986675988261,-0.0030608580274982256,1.17965282429893,0.7676360019381978,0.9939055679535356,0.9955351087611402,0.9919837309998598,0.946682738807782,-50.925662820187426,-0.21509050129264295,12095.636057300168,12146.561720120355,-41.65999220412232,12104.901727916233
HERD_GIVEBACK_S1,F05,CRM,50,True,1,1,1,0,-0.22624610966452474,True,0,0.0,1.1368683772161603e-13,0.20627230189729806,-0.005356690800343733,-0.27316546213058257,-0.0032276525592547234,1.1673176107339123,0.7551185288522776,0.9939124832770513,0.9956782535544241,0.9920027969716969,0.9476180082982527,-53.56690800343131,-0.22624610966452252,12062.723018972985,12116.289926976417,-42.96769419506927,12073.322232781347
GIVEBACK_BASELINE,F05,CVX,10,True,1,0,0,0,0.0,False,1,601.6191847902651,0.0,0.2737614868794811,-0.0037117430157342923,-0.2525702094562118,0.0,1.663650548886982,1.0839025214766798,0.9980510663395467,0.9994504670855876,0.9979032092777037,0.9235728113182053,-37.11743015734464,-7.716104804380279,12737.614868794832,12774.732298952176,-37.11743015734464,12737.614868794832
GIVEBACK_BASELINE,F05,CVX,25,True,1,0,0,0,0.0,False,1,599.8170303549134,0.0,0.27176382568804414,-0.0037963034199059997,-0.25257020945621134,0.0,1.6545752724497371,1.0759931912522742,0.998052396926906,0.9994933714451656,0.9979062039135373,0.9241896276885043,-37.96303419905962,-7.704549426286661,12717.63825688043,12755.601291079489,-37.96303419905962,12717.63825688043
GIVEBACK_BASELINE,F05,CVX,50,True,1,0,0,0,0.0,False,1,596.8254195557594,0.0,0.2684446480307854,-0.003936516258908451,-0.25257020945621167,0.0,1.6394946816231717,1.0628515873220032,0.9980546224804532,0.9995648074207908,0.9979111909359235,0.9252176590859263,-39.36516258908705,-7.685348064463142,12684.446480307864,12723.811642896952,-39.36516258908705,12684.446480307864
HERD_GIVEBACK_S1,F05,CVX,10,False,0,0,0,0,0.0,False,0,0.0,0.0,0.2774732298952154,0.0,-0.2525702094562118,0.0,1.6816527857539583,1.0985984075185282,1.0,1.0,1.0000000000000002,0.8710259097440171,0.0,0.0,12774.732298952176,12774.732298952176,0.0,12774.732298952176
HERD_GIVEBACK_S1,F05,CVX,25,False,0,0,0,0,0.0,False,0,0.0,0.0,0.27556012910795014,0.0,-0.25257020945621134,0.0,1.6730657069101653,1.0910238768904557,1.0,1.0,1.0,0.8716788527048442,0.0,0.0,12755.601291079489,12755.601291079489,0.0,12755.601291079489
HERD_GIVEBACK_S1,F05,CVX,50,False,0,0,0,0,0.0,False,0,0.0,0.0,0.27238116428969383,0.0,-0.25257020945621167,0.0,1.6587967140177446,1.0784374169706534,1.0,1.0,1.0,0.8727670909728902,0.0,0.0,12723.811642896952,12723.811642896952,0.0,12723.811642896952
GIVEBACK_BASELINE,F05,DIS,10,True,2,0,0,0,0.0,False,2,1458.4686647731214,0.0,0.5082947441382917,-0.0013427934361998073,-0.16084949698770679,0.0008066295263228218,3.103235576803111,3.1600642442614477,0.99281876525313,0.9913743736501401,0.9883836209915237,0.8168081496182488,-13.427934362009182,-8.647694727447458,15082.947441382928,15096.375375744938,-13.427934362009182,15082.947441382928
GIVEBACK_BASELINE,F05,DIS,25,True,2,0,0,0,0.0,False,2,1454.099811785232,0.0,0.5058175028881062,-0.001559252468774197,-0.16091359072520417,0.000742535788825549,3.090740170427191,3.143410700168281,0.9927879237239107,0.9914450231495205,0.9884000355173865,0.817279754908603,-15.592524687726836,-8.634744231731403,15058.175028881076,15073.767553568803,-15.592524687726836,15058.175028881076
GIVEBACK_BASELINE,F05,DIS,50,True,2,0,0,0,0.0,False,2,1446.8474323431042,0.0,0.5017018425315669,-0.0019182120914320588,-0.16102030670458378,0.0006358198094452705,3.0778275305707337,3.1157675252228603,0.9927400932196728,0.991567921349385,0.9884273719965904,0.8180657774993374,-19.18212091431633,-8.613224628303144,15017.018425315648,15036.200546229964,-19.18212091431633,15017.018425315648
HERD_GIVEBACK_S1,F05,DIS,10,True,1,0,0,0,0.0,False,1,740.7482916632774,0.0,0.5082304898620964,-0.001407047712395082,-0.1616561265140296,0.0,3.102624564012984,3.1438987239248783,0.9938958609148139,0.9928054815989242,0.9905183832481522,0.7656089940923632,-14.070477123968885,-4.434715244844853,15082.304898620969,15096.375375744938,-14.070477123968885,15082.304898620969
HERD_GIVEBACK_S1,F05,DIS,25,True,1,0,0,0,0.0,False,1,738.5293750245643,0.0,0.5058608550914923,-0.0015159002653881704,-0.16165612651402972,0.0,3.090756114027969,3.1292402335743823,0.9938619845248169,0.9928206356548215,0.9905319146808744,0.7661154433920109,-15.159002653876087,-4.42807396499046,15058.608550914927,15073.767553568803,-15.159002653876087,15058.608550914927
HERD_GIVEBACK_S1,F05,DIS,50,True,1,0,0,0,0.0,False,1,734.8459310041293,0.0,0.5019236449922613,-0.0016964096307376941,-0.16165612651402905,0.0,3.0789590716264796,3.1048847687730703,0.9938085835113809,0.9928504673139869,0.9905544488906114,0.766959540528447,-16.96409630736889,-4.417038270924692,15019.236449922595,15036.200546229964,-16.96409630736889,15019.236449922595
GIVEBACK_BASELINE,F05,DUK,10,False,0,0,0,0,0.0,False,0,0.0,0.0,0.3058800902408507,0.0,-0.10238551057728884,0.0,2.6455711259374084,2.9875329870035445,1.0,1.0,1.0000000000000002,0.8831962286982102,0.0,0.0,13058.800902408495,13058.800902408495,0.0,13058.800902408495
GIVEBACK_BASELINE,F05,DUK,25,False,0,0,0,0,0.0,False,0,0.0,0.0,0.30392444829841714,0.0,-0.10238551057728895,0.0,2.6295236075341375,2.9684322184337804,1.0,1.0,1.0,0.8838582948366646,0.0,0.0,13039.244482984166,13039.244482984166,0.0,13039.244482984166
GIVEBACK_BASELINE,F05,DUK,50,False,0,0,0,0,0.0,False,0,0.0,0.0,0.3006747936155729,0.0,-0.10238551057728884,0.0,2.60049596151418,2.936692818351473,1.0,1.0,1.0,0.8849617384007551,0.0,0.0,13006.74793615575,13006.74793615575,0.0,13006.74793615575
HERD_GIVEBACK_S1,F05,DUK,10,False,0,0,0,0,0.0,False,0,0.0,0.0,0.3058800902408507,0.0,-0.10238551057728884,0.0,2.6455711259374084,2.9875329870035445,1.0,1.0,1.0000000000000002,0.8831962286982102,0.0,0.0,13058.800902408495,13058.800902408495,0.0,13058.800902408495
HERD_GIVEBACK_S1,F05,DUK,25,False,0,0,0,0,0.0,False,0,0.0,0.0,0.30392444829841714,0.0,-0.10238551057728895,0.0,2.6295236075341375,2.9684322184337804,1.0,1.0,1.0,0.8838582948366646,0.0,0.0,13039.244482984166,13039.244482984166,0.0,13039.244482984166
HERD_GIVEBACK_S1,F05,DUK,50,False,0,0,0,0,0.0,False,0,0.0,0.0,0.3006747936155729,0.0,-0.10238551057728884,0.0,2.60049596151418,2.936692818351473,1.0,1.0,1.0,0.8849617384007551,0.0,0.0,13006.74793615575,13006.74793615575,0.0,13006.74793615575
GIVEBACK_BASELINE,F05,EOG,10,True,1,0,0,0,0.0,False,1,792.239966867731,0.0,0.588515306509326,-0.00021238804072987172,-0.3547390983818619,0.0,2.0011598880103776,1.6590088580419566,0.9987128939423217,0.9985579275565039,0.9978556244742448,0.8271781153687687,-2.123880407296383,-14.045338287207471,15885.15306509327,15887.276945500565,-2.123880407296383,15885.15306509327
GIVEBACK_BASELINE,F05,EOG,25,True,1,0,0,0,0.0,False,1,789.8668065592688,0.0,0.5860177267598599,-0.0003307428232275367,-0.3547390983818616,0.0,1.9966378386457355,1.651968247743125,0.9987147288350399,0.9985854165459462,0.9978586835917225,0.8277103145056407,-3.3074282322741055,-14.024304462696762,15860.177267598614,15863.484695830888,-3.3074282322741055,15860.177267598614
GIVEBACK_BASELINE,F05,EOG,50,True,1,0,0,0,0.0,False,1,785.9273150996853,0.0,0.581867938460374,-0.0005270162242640986,-0.354739098381862,0.0,1.9889096274498779,1.6402701058737459,0.998717784537034,0.9986311215355429,0.9978637780186496,0.8285973169780252,-5.270162242635706,-13.989352938679986,15818.67938460377,15823.949546846407,-5.270162242635706,15818.67938460377
HERD_GIVEBACK_S1,F05,EOG,10,True,1,0,0,0,0.0,False,1,806.9768105901888,0.0,0.5899889908815721,0.0012612963315161707,-0.3547390983818619,0.0,2.004941251235857,1.6631631347455065,1.0,0.9997301144597543,0.9997985967859353,0.8282638025926049,12.612963315161323,-14.045338287207471,15899.889908815727,15887.276945500565,12.612963315161323,15899.889908815727
HERD_GIVEBACK_S1,F05,EOG,25,True,1,0,0,0,0.0,False,1,804.5595059642765,0.0,0.5874869967003609,0.001138527117273469,-0.3547390983818616,0.0,2.0005062159660008,1.6561100802820332,1.0,0.9997561434405672,0.9997988836154957,0.8287921374088028,11.385271172734065,-14.024304462696762,15874.869967003622,15863.484695830888,11.385271172734065,15874.869967003622
HERD_GIVEBACK_S1,F05,EOG,50,True,1,0,0,0,0.0,False,1,800.5467340941939,0.0,0.5833298803598255,0.0009349256751873813,-0.354739098381862,0.0,1.9929216204646432,1.6443912808615613,1.0,0.9997994222642058,0.9997993612832204,0.8296726957909415,9.349256751873327,-13.989352938679986,15833.29880359828,15823.949546846407,9.349256751873327,15833.29880359828
GIVEBACK_BASELINE,F05,FCX,10,True,1,0,0,0,0.0,False,1,1340.2272618943541,0.0,1.7883921215430005,-0.005680926197595415,-0.27221011449428234,0.003054266863565025,3.903131848116991,6.569895923468946,0.995664447489304,0.9948668826260606,0.9941701322631356,0.5229513790901974,-56.80926197594454,-40.875290735102794,27883.921215430022,27940.730477405967,-56.80926197594454,27883.921215430022
GIVEBACK_BASELINE,F05,FCX,25,True,1,0,0,0,0.0,False,1,1336.2126018478257,0.0,1.7840155615315876,-0.005873176728206975,-0.2722690584256703,0.002995322932176858,3.9001758908362336,6.552399203373399,0.9956500586101622,0.9948771761110702,0.994178449802406,0.5232563863349391,-58.73176728207545,-40.81407727946623,27840.155615315885,27898.88738259796,-58.73176728207545,27840.155615315885
GIVEBACK_BASELINE,F05,FCX,50,True,1,0,0,0,0.0,False,1,1329.5481894564537,0.0,1.7767437788066158,-0.006191968415456994,-0.2723671999853974,0.002897181372449875,3.8947897958156052,6.523339737317392,0.9956261031084981,0.9948942809078276,0.9941923012090854,0.5237647370639673,-61.91968415458177,-40.712359992448455,27767.43778806611,27829.35747222069,-61.91968415458177,27767.43778806611
HERD_GIVEBACK_S1,F05,FCX,10,True,1,0,0,0,0.0,False,1,1208.1317186066979,0.0,1.7751825672142356,-0.01889048052636033,-0.2760827206204809,-0.0008183392626335273,3.882015614334593,6.429893776852856,0.9977421576740061,0.99950180734484,0.998048892906216,0.5169247580695838,-188.9048052636026,-40.875290735102794,27751.825672142364,27940.730477405967,-188.9048052636026,27751.825672142364
HERD_GIVEBACK_S1,F05,FCX,25,True,1,0,0,0,0.0,False,1,1204.5127516750906,0.0,1.7708455765143123,-0.019043161745482262,-0.2761358549172934,-0.0008714735594462786,3.879081512402928,6.412950527720152,0.9977453893119201,0.9995312224618218,0.9980516889582003,0.5172304917831155,-190.4316174548112,-40.81407727946623,27708.45576514315,27898.88738259796,-190.4316174548112,27708.45576514315
HERD_GIVEBACK_S1,F05,FCX,50,True,1,0,0,0,0.0,False,1,1198.5051974155901,0.0,1.7636394796025274,-0.019296267619545393,-0.27622432344393155,-0.0009599420860842978,3.8737353018947354,6.384808758380446,0.9977507709737176,0.9995801226571173,0.9980563452147558,0.5177400497797869,-192.96267619544597,-40.712359992448455,27636.394796025244,27829.35747222069,-192.96267619544597,27636.394796025244
GIVEBACK_BASELINE,F05,GE,10,False,0,0,0,0,0.0,False,0,0.0,0.0,1.0543405642121284,0.0,-0.1631265994605584,0.0,3.723560014671247,6.4633270582401385,1.0,1.0,1.0,0.5693757873398326,0.0,0.0,20543.405642121324,20543.405642121324,0.0,20543.405642121324
GIVEBACK_BASELINE,F05,GE,25,False,0,0,0,0,0.0,False,0,0.0,0.0,1.0512640531285826,0.0,-0.1631265994605572,0.0,3.7189040072235215,6.44446740510134,1.0,1.0,1.0,0.5698026057711221,0.0,0.0,20512.640531285808,20512.640531285808,0.0,20512.640531285808
GIVEBACK_BASELINE,F05,GE,50,False,0,0,0,0,0.0,False,0,0.0,0.0,1.0461518705594997,0.0,-0.16312659946055752,0.0,3.7103408690560307,6.413128662149605,1.0,1.0,1.0,0.5705139698232706,0.0,0.0,20461.51870559497,20461.51870559497,0.0,20461.51870559497
HERD_GIVEBACK_S1,F05,GE,10,False,0,0,0,0,0.0,False,0,0.0,0.0,1.0543405642121284,0.0,-0.1631265994605584,0.0,3.723560014671247,6.4633270582401385,1.0,1.0,1.0,0.5693757873398326,0.0,0.0,20543.405642121324,20543.405642121324,0.0,20543.405642121324
HERD_GIVEBACK_S1,F05,GE,25,False,0,0,0,0,0.0,False,0,0.0,0.0,1.0512640531285826,0.0,-0.1631265994605572,0.0,3.7189040072235215,6.44446740510134,1.0,1.0,1.0,0.5698026057711221,0.0,0.0,20512.640531285808,20512.640531285808,0.0,20512.640531285808
HERD_GIVEBACK_S1,F05,GE,50,False,0,0,0,0,0.0,False,0,0.0,0.0,1.0461518705594997,0.0,-0.16312659946055752,0.0,3.7103408690560307,6.413128662149605,1.0,1.0,1.0,0.5705139698232706,0.0,0.0,20461.51870559497,20461.51870559497,0.0,20461.51870559497
GIVEBACK_BASELINE,F05,GOOGL,10,False,0,0,0,0,0.0,False,0,0.0,0.0,0.8071057686129364,0.0,-0.17934194761883016,0.0,3.526742586329017,4.500373612136426,1.0,1.0,1.0,0.7577086610798611,0.0,0.0,18071.057686129367,18071.057686129367,0.0,18071.057686129367
GIVEBACK_BASELINE,F05,GOOGL,25,False,0,0,0,0,0.0,False,0,0.0,0.0,0.8043995080137274,0.0,-0.17934194761883038,0.0,3.520054632185731,4.485283664496503,1.0,1.0,0.9999999999999998,0.7582766585769225,0.0,0.0,18043.99508013726,18043.99508013726,0.0,18043.99508013726
GIVEBACK_BASELINE,F05,GOOGL,50,False,0,0,0,0,0.0,False,0,0.0,0.0,0.799902563947229,0.0,-0.17934194761883038,0.0,3.507689099643007,4.46020897267897,1.0,1.0,1.0,0.7592233210720247,0.0,0.0,17999.025639472307,17999.025639472307,0.0,17999.025639472307
HERD_GIVEBACK_S1,F05,GOOGL,10,False,0,0,0,0,0.0,False,0,0.0,0.0,0.8071057686129364,0.0,-0.17934194761883016,0.0,3.526742586329017,4.500373612136426,1.0,1.0,1.0,0.7577086610798611,0.0,0.0,18071.057686129367,18071.057686129367,0.0,18071.057686129367
HERD_GIVEBACK_S1,F05,GOOGL,25,False,0,0,0,0,0.0,False,0,0.0,0.0,0.8043995080137274,0.0,-0.17934194761883038,0.0,3.520054632185731,4.485283664496503,1.0,1.0,0.9999999999999998,0.7582766585769225,0.0,0.0,18043.99508013726,18043.99508013726,0.0,18043.99508013726
HERD_GIVEBACK_S1,F05,GOOGL,50,False,0,0,0,0,0.0,False,0,0.0,0.0,0.799902563947229,0.0,-0.17934194761883038,0.0,3.507689099643007,4.46020897267897,1.0,1.0,1.0,0.7592233210720247,0.0,0.0,17999.025639472307,17999.025639472307,0.0,17999.025639472307
GIVEBACK_BASELINE,F05,GS,10,False,0,0,0,0,0.0,False,0,0.0,0.0,0.9394846955973608,0.0,-0.11920596186440147,0.0,4.901047092951523,7.881188834045385,1.0,1.0,1.0,0.6818137600416582,0.0,0.0,19394.846955973593,19394.846955973593,0.0,19394.846955973593
GIVEBACK_BASELINE,F05,GS,25,False,0,0,0,0,0.0,False,0,0.0,0.0,0.9365801887856222,0.0,-0.11920596186440158,0.0,4.890519171811098,7.8568233848152245,1.0,1.0,1.0,0.6823248648093055,0.0,0.0,19365.801887856218,19365.801887856218,0.0,19365.801887856218
GIVEBACK_BASELINE,F05,GS,50,False,0,0,0,0,0.0,False,0,0.0,0.0,0.9317538225897921,0.0,-0.11920596186440169,0.0,4.86184183380743,7.81633576053582,1.0,1.0,1.0,0.6831767060887179,0.0,0.0,19317.538225897904,19317.538225897904,0.0,19317.538225897904
HERD_GIVEBACK_S1,F05,GS,10,False,0,0,0,0,0.0,False,0,0.0,0.0,0.9394846955973608,0.0,-0.11920596186440147,0.0,4.901047092951523,7.881188834045385,1.0,1.0,1.0,0.6818137600416582,0.0,0.0,19394.846955973593,19394.846955973593,0.0,19394.846955973593
HERD_GIVEBACK_S1,F05,GS,25,False,0,0,0,0,0.0,False,0,0.0,0.0,0.9365801887856222,0.0,-0.11920596186440158,0.0,4.890519171811098,7.8568233848152245,1.0,1.0,1.0,0.6823248648093055,0.0,0.0,19365.801887856218,19365.801887856218,0.0,19365.801887856218
HERD_GIVEBACK_S1,F05,GS,50,False,0,0,0,0,0.0,False,0,0.0,0.0,0.9317538225897921,0.0,-0.11920596186440169,0.0,4.86184183380743,7.81633576053582,1.0,1.0,1.0,0.6831767060887179,0.0,0.0,19317.538225897904,19317.538225897904,0.0,19317.538225897904
GIVEBACK_BASELINE,F05,HD,10,False,0,0,0,0,0.0,False,0,0.0,0.0,0.2530372754902124,0.0,-0.13119998072437988,0.0,1.6688996893048074,1.9286380538559973,1.0,1.0,1.0000000000000002,0.9071181741635002,0.0,0.0,12530.372754902108,12530.372754902108,0.0,12530.372754902108
GIVEBACK_BASELINE,F05,HD,25,False,0,0,0,0,0.0,False,0,0.0,0.0,0.2511607691634101,0.0,-0.13119998072437877,0.0,1.6603755671858815,1.9143354120687075,1.0,1.0,1.0,0.9077981727948069,0.0,0.0,12511.607691634097,12511.607691634097,0.0,12511.607691634097
GIVEBACK_BASELINE,F05,HD,50,False,0,0,0,0,0.0,False,0,0.0,0.0,0.2480426126952131,0.0,-0.13119998072438,0.0,1.6453626707587705,1.8905689720815717,1.0,1.0,1.0,0.9089315038469851,0.0,0.0,12480.426126952147,12480.426126952147,0.0,12480.426126952147
HERD_GIVEBACK_S1,F05,HD,10,False,0,0,0,0,0.0,False,0,0.0,0.0,0.2530372754902124,0.0,-0.13119998072437988,0.0,1.6688996893048074,1.9286380538559973,1.0,1.0,1.0000000000000002,0.9071181741635002,0.0,0.0,12530.372754902108,12530.372754902108,0.0,12530.372754902108
HERD_GIVEBACK_S1,F05,HD,25,False,0,0,0,0,0.0,False,0,0.0,0.0,0.2511607691634101,0.0,-0.13119998072437877,0.0,1.6603755671858815,1.9143354120687075,1.0,1.0,1.0,0.9077981727948069,0.0,0.0,12511.607691634097,12511.607691634097,0.0,12511.607691634097
HERD_GIVEBACK_S1,F05,HD,50,False,0,0,0,0,0.0,False,0,0.0,0.0,0.2480426126952131,0.0,-0.13119998072438,0.0,1.6453626707587705,1.8905689720815717,1.0,1.0,1.0,0.9089315038469851,0.0,0.0,12480.426126952147,12480.426126952147,0.0,12480.426126952147
GIVEBACK_BASELINE,F05,HON,10,False,0,0,0,0,0.0,False,0,0.0,0.0,0.576193180742588,0.0,-0.08973560269887304,0.0,3.204402023768931,6.421009759929145,1.0,1.0,1.0000000000000002,0.7344994263637643,0.0,0.0,15761.931807425868,15761.931807425868,0.0,15761.931807425868
GIVEBACK_BASELINE,F05,HON,25,False,0,0,0,0,0.0,False,0,0.0,0.0,0.5738327270403893,0.0,-0.08973560269887315,0.0,3.1937347541540886,6.3947052204687,1.0,1.0,1.0,0.7350500256339019,0.0,0.0,15738.327270403879,15738.327270403879,0.0,15738.327270403879
GIVEBACK_BASELINE,F05,HON,50,False,0,0,0,0,0.0,False,0,0.0,0.0,0.5699104040115401,0.0,-0.08973560269887249,0.0,3.1744904303356525,6.350995445185783,1.0,1.0,1.0,0.7359676910841315,0.0,0.0,15699.104040115419,15699.104040115419,0.0,15699.104040115419
HERD_GIVEBACK_S1,F05,HON,10,False,0,0,0,0,0.0,False,0,0.0,0.0,0.576193180742588,0.0,-0.08973560269887304,0.0,3.204402023768931,6.421009759929145,1.0,1.0,1.0000000000000002,0.7344994263637643,0.0,0.0,15761.931807425868,15761.931807425868,0.0,15761.931807425868
HERD_GIVEBACK_S1,F05,HON,25,False,0,0,0,0,0.0,False,0,0.0,0.0,0.5738327270403893,0.0,-0.08973560269887315,0.0,3.1937347541540886,6.3947052204687,1.0,1.0,1.0,0.7350500256339019,0.0,0.0,15738.327270403879,15738.327270403879,0.0,15738.327270403879
HERD_GIVEBACK_S1,F05,HON,50,False,0,0,0,0,0.0,False,0,0.0,0.0,0.5699104040115401,0.0,-0.08973560269887249,0.0,3.1744904303356525,6.350995445185783,1.0,1.0,1.0,0.7359676910841315,0.0,0.0,15699.104040115419,15699.104040115419,0.0,15699.104040115419
GIVEBACK_BASELINE,F05,JNJ,10,False,0,0,0,0,0.0,False,0,0.0,0.0,0.2065721168843475,0.0,-0.10869173282673283,0.0,1.6985339392409877,1.9005320047077296,1.0,1.0,1.0,0.914661970611442,0.0,0.0,12065.72116884347,12065.72116884347,0.0,12065.72116884347
GIVEBACK_BASELINE,F05,JNJ,25,False,0,0,0,0,0.0,False,0,0.0,0.0,0.20476519521061598,0.0,-0.10869173282673217,0.0,1.6857829369467305,1.8839077258712638,1.0,1.0,1.0,0.9153476242625753,0.0,0.0,12047.651952106165,12047.651952106165,0.0,12047.651952106165
GIVEBACK_BASELINE,F05,JNJ,50,False,0,0,0,0,0.0,False,0,0.0,0.0,0.2017626662961136,0.0,-0.10869173282673317,0.0,1.664594828112823,1.8562834637823464,1.0,1.0,1.0,0.916490380347797,0.0,0.0,12017.626662961156,12017.626662961156,0.0,12017.626662961156
HERD_GIVEBACK_S1,F05,JNJ,10,False,0,0,0,0,0.0,False,0,0.0,0.0,0.2065721168843475,0.0,-0.10869173282673283,0.0,1.6985339392409877,1.9005320047077296,1.0,1.0,1.0,0.914661970611442,0.0,0.0,12065.72116884347,12065.72116884347,0.0,12065.72116884347
HERD_GIVEBACK_S1,F05,JNJ,25,False,0,0,0,0,0.0,False,0,0.0,0.0,0.20476519521061598,0.0,-0.10869173282673217,0.0,1.6857829369467305,1.8839077258712638,1.0,1.0,1.0,0.9153476242625753,0.0,0.0,12047.651952106165,12047.651952106165,0.0,12047.651952106165
HERD_GIVEBACK_S1,F05,JNJ,50,False,0,0,0,0,0.0,False,0,0.0,0.0,0.2017626662961136,0.0,-0.10869173282673317,0.0,1.664594828112823,1.8562834637823464,1.0,1.0,1.0,0.916490380347797,0.0,0.0,12017.626662961156,12017.626662961156,0.0,12017.626662961156
GIVEBACK_BASELINE,F05,JPM,10,True,1,0,0,0,0.0,False,1,784.0390278008929,0.0,0.5991873359930426,-0.0016373305469077337,-0.11155610169015928,0.00033465861037640376,3.8015229594521442,5.37117492378186,0.9957326573947023,0.9950764480685367,0.9942156224728913,0.7790243146022582,-16.37330546908379,-6.000391289876973,15991.87335993041,16008.246665399494,-16.37330546908379,15991.87335993041
GIVEBACK_BASELINE,F05,JPM,25,True,1,0,0,0,0.0,False,1,781.6904334622118,0.0,0.5966750026244871,-0.0017523229315823396,-0.11162322025142568,0.0002675400491101154,3.7898326153869557,5.3454379947156765,0.9956979787602727,0.9950888253825481,0.9942238789917639,0.7795311436086637,-17.52322931582239,-5.991405306427808,15966.750026244876,15984.273255560698,-17.52322931582239,15966.750026244876
GIVEBACK_BASELINE,F05,JPM,50,True,1,0,0,0,0.0,False,1,777.7917219818839,0.0,0.5925006944195925,-0.001943013181884723,-0.1117349725579676,0.00015578774256819194,3.7682873628500166,5.302732715240126,0.9956402407462677,0.9951093586198315,0.9942376287552148,0.780375868241298,-19.430131818853624,-5.976473461000538,15925.006944195908,15944.437076014761,-19.430131818853624,15925.006944195908
HERD_GIVEBACK_S1,F05,JPM,10,True,1,0,0,0,0.0,False,1,784.0390278008929,0.0,0.5991873359930426,-0.0016373305469077337,-0.11155610169015928,0.00033465861037640376,3.8015229594521442,5.37117492378186,0.9957326573947023,0.9950764480685367,0.9942156224728913,0.7790243146022582,-16.37330546908379,-6.000391289876973,15991.87335993041,16008.246665399494,-16.37330546908379,15991.87335993041
HERD_GIVEBACK_S1,F05,JPM,25,True,1,0,0,0,0.0,False,1,781.6904334622118,0.0,0.5966750026244871,-0.0017523229315823396,-0.11162322025142568,0.0002675400491101154,3.7898326153869557,5.3454379947156765,0.9956979787602727,0.9950888253825481,0.9942238789917639,0.7795311436086637,-17.52322931582239,-5.991405306427808,15966.750026244876,15984.273255560698,-17.52322931582239,15966.750026244876
HERD_GIVEBACK_S1,F05,JPM,50,True,1,0,0,0,0.0,False,1,777.7917219818839,0.0,0.5925006944195925,-0.001943013181884723,-0.1117349725579676,0.00015578774256819194,3.7682873628500166,5.302732715240126,0.9956402407462677,0.9951093586198315,0.9942376287552148,0.780375868241298,-19.430131818853624,-5.976473461000538,15925.006944195908,15944.437076014761,-19.430131818853624,15925.006944195908
GIVEBACK_BASELINE,F05,KO,10,False,0,0,0,0,0.0,False,0,0.0,0.0,0.24419695111802953,0.0,-0.12199118098350581,0.0,1.8459011606902331,2.0017590546241775,1.0,1.0,1.0000000000000002,0.892623279650186,0.0,0.0,12441.969511180283,12441.969511180283,0.0,12441.969511180283
GIVEBACK_BASELINE,F05,KO,25,False,0,0,0,0,0.0,False,0,0.0,0.0,0.24233368376259734,0.0,-0.12199118098350614,0.0,1.8302099122055029,1.9864852672863471,1.0,1.0,1.0,0.8932924125434769,0.0,0.0,12423.336837625968,12423.336837625968,0.0,12423.336837625968
GIVEBACK_BASELINE,F05,KO,50,False,0,0,0,0,0.0,False,0,0.0,0.0,0.23923752625258277,0.0,-0.12199118098350581,0.0,1.8031651044315848,1.9611050923831093,1.0,1.0,1.0,0.8944076340322952,0.0,0.0,12392.37526252582,12392.37526252582,0.0,12392.37526252582
HERD_GIVEBACK_S1,F05,KO,10,False,0,0,0,0,0.0,False,0,0.0,0.0,0.24419695111802953,0.0,-0.12199118098350581,0.0,1.8459011606902331,2.0017590546241775,1.0,1.0,1.0000000000000002,0.892623279650186,0.0,0.0,12441.969511180283,12441.969511180283,0.0,12441.969511180283
HERD_GIVEBACK_S1,F05,KO,25,False,0,0,0,0,0.0,False,0,0.0,0.0,0.24233368376259734,0.0,-0.12199118098350614,0.0,1.8302099122055029,1.9864852672863471,1.0,1.0,1.0,0.8932924125434769,0.0,0.0,12423.336837625968,12423.336837625968,0.0,12423.336837625968
HERD_GIVEBACK_S1,F05,KO,50,False,0,0,0,0,0.0,False,0,0.0,0.0,0.23923752625258277,0.0,-0.12199118098350581,0.0,1.8031651044315848,1.9611050923831093,1.0,1.0,1.0,0.8944076340322952,0.0,0.0,12392.37526252582,12392.37526252582,0.0,12392.37526252582
GIVEBACK_BASELINE,F05,LIN,10,False,0,0,0,0,0.0,False,0,0.0,0.0,0.22996671171275485,0.0,-0.16646804402416904,0.0,1.6659810342897385,1.3814465897092334,1.0,1.0,1.0000000000000002,0.9277549250424998,0.0,0.0,12299.667117127545,12299.667117127545,0.0,12299.667117127545
GIVEBACK_BASELINE,F05,LIN,25,False,0,0,0,0,0.0,False,0,0.0,0.0,0.2281247550835055,0.0,-0.16646804402416937,0.0,1.6542388874227085,1.3703816634643957,1.0,1.0,1.0,0.9284503935020518,0.0,0.0,12281.247550835065,12281.247550835065,0.0,12281.247550835065
GIVEBACK_BASELINE,F05,LIN,50,False,0,0,0,0,0.0,False,0,0.0,0.0,0.2250640092199896,0.0,-0.16646804402416904,0.0,1.6339618215871785,1.3519952765667935,1.0,1.0,1.0,0.9296095076013051,0.0,0.0,12250.640092199877,12250.640092199877,0.0,12250.640092199877
HERD_GIVEBACK_S1,F05,LIN,10,False,0,0,0,0,0.0,False,0,0.0,0.0,0.22996671171275485,0.0,-0.16646804402416904,0.0,1.6659810342897385,1.3814465897092334,1.0,1.0,1.0000000000000002,0.9277549250424998,0.0,0.0,12299.667117127545,12299.667117127545,0.0,12299.667117127545
HERD_GIVEBACK_S1,F05,LIN,25,False,0,0,0,0,0.0,False,0,0.0,0.0,0.2281247550835055,0.0,-0.16646804402416937,0.0,1.6542388874227085,1.3703816634643957,1.0,1.0,1.0,0.9284503935020518,0.0,0.0,12281.247550835065,12281.247550835065,0.0,12281.247550835065
HERD_GIVEBACK_S1,F05,LIN,50,False,0,0,0,0,0.0,False,0,0.0,0.0,0.2250640092199896,0.0,-0.16646804402416904,0.0,1.6339618215871785,1.3519952765667935,1.0,1.0,1.0,0.9296095076013051,0.0,0.0,12250.640092199877,12250.640092199877,0.0,12250.640092199877
GIVEBACK_BASELINE,F05,LLY,10,True,1,0,0,0,0.0,False,1,609.6230090471516,0.0,0.6213106828436199,-0.021161298144698026,-0.1684089959772972,0.0,2.7727362319304416,3.689296282767325,0.984451511734896,0.9884059669831302,0.9834884442224793,0.885966655721783,-211.6129814470096,-3.4911199058280005,16213.106828436185,16424.719809883194,-211.6129814470096,16213.106828436185
GIVEBACK_BASELINE,F05,LLY,25,True,1,0,0,0,0.0,False,1,607.7968791007971,0.0,0.6187913447826228,-0.021220925609528818,-0.1684089959772973,0.0,2.7672011055015586,3.6743366421235604,0.9844352910369724,0.9884348381849547,0.9835120968180534,0.8865793645366282,-212.20925609527876,-3.4858917225017336,16187.913447826222,16400.1227039215,-212.20925609527876,16187.913447826222
GIVEBACK_BASELINE,F05,LLY,50,True,1,0,0,0,0.0,False,1,604.7654684952429,0.0,0.614605310136259,-0.021319703849778993,-0.16840899597729753,0.0,2.7572071174455717,3.6494802820338124,0.9844082901719738,0.9884827378808639,0.9835514854686332,0.8876005809323566,-213.19703849777397,-3.477204145261581,16146.05310136258,16359.250139860354,-213.19703849777397,16146.05310136258
HERD_GIVEBACK_S1,F05,LLY,10,False,0,0,0,0,0.0,False,0,0.0,0.0,0.6424719809883179,0.0,-0.1684089959772972,0.0,2.8357006470884683,3.814950485631587,1.0,1.0,1.0000000000000002,0.8328829324294728,0.0,0.0,16424.719809883194,16424.719809883194,0.0,16424.719809883194
HERD_GIVEBACK_S1,F05,LLY,25,False,0,0,0,0,0.0,False,0,0.0,0.0,0.6400122703921516,0.0,-0.1684089959772973,0.0,2.8305636065696222,3.8003449084063754,1.0,1.0,1.0,0.8335072824537823,0.0,0.0,16400.1227039215,16400.1227039215,0.0,16400.1227039215
HERD_GIVEBACK_S1,F05,LLY,50,False,0,0,0,0,0.0,False,0,0.0,0.0,0.635925013986038,0.0,-0.16840899597729753,0.0,2.821220944699487,3.776075086106233,1.0,1.0,1.0,0.8345478658276324,0.0,0.0,16359.250139860354,16359.250139860354,0.0,16359.250139860354
GIVEBACK_BASELINE,F05,MA,10,False,0,0,0,0,0.0,False,0,0.0,0.0,0.21121158790225114,0.0,-0.21070667204022642,0.0,1.170786480379613,1.0023962974553,1.0,1.0,1.0000000000000002,0.8841027639593496,0.0,0.0,12112.115879022525,12112.115879022525,0.0,12112.115879022525
GIVEBACK_BASELINE,F05,MA,25,False,0,0,0,0,0.0,False,0,0.0,0.0,0.2093977183133362,0.0,-0.21070667204022575,0.0,1.16328772435298,0.9937877917475738,1.0,1.0,1.0,0.8847655096594689,0.0,0.0,12093.977183133338,12093.977183133338,0.0,12093.977183133338
GIVEBACK_BASELINE,F05,MA,50,False,0,0,0,0,0.0,False,0,0.0,0.0,0.20638364417440624,0.0,-0.21070667204022497,0.0,1.1508271777116346,0.9794831942246545,1.0,1.0,1.0,0.8858700858263345,0.0,0.0,12063.836441744039,12063.836441744039,0.0,12063.836441744039
HERD_GIVEBACK_S1,F05,MA,10,False,0,0,0,0,0.0,False,0,0.0,0.0,0.21121158790225114,0.0,-0.21070667204022642,0.0,1.170786480379613,1.0023962974553,1.0,1.0,1.0000000000000002,0.8841027639593496,0.0,0.0,12112.115879022525,12112.115879022525,0.0,12112.115879022525
HERD_GIVEBACK_S1,F05,MA,25,False,0,0,0,0,0.0,False,0,0.0,0.0,0.2093977183133362,0.0,-0.21070667204022575,0.0,1.16328772435298,0.9937877917475738,1.0,1.0,1.0,0.8847655096594689,0.0,0.0,12093.977183133338,12093.977183133338,0.0,12093.977183133338
HERD_GIVEBACK_S1,F05,MA,50,False,0,0,0,0,0.0,False,0,0.0,0.0,0.20638364417440624,0.0,-0.21070667204022497,0.0,1.1508271777116346,0.9794831942246545,1.0,1.0,1.0,0.8858700858263345,0.0,0.0,12063.836441744039,12063.836441744039,0.0,12063.836441744039
GIVEBACK_BASELINE,F05,MCD,10,False,0,0,0,0,0.0,False,0,0.0,0.0,0.2635169424515966,0.0,-0.09717238802672945,0.0,2.194176843904562,2.711850020389644,1.0,1.0,1.0000000000000002,0.8668902870234749,0.0,0.0,12635.169424515962,12635.169424515962,0.0,12635.169424515962
GIVEBACK_BASELINE,F05,MCD,25,False,0,0,0,0,0.0,False,0,0.0,0.0,0.2616247421293014,0.0,-0.09717238802672912,0.0,2.184169151307702,2.692377407225359,1.0,1.0,1.0,0.8675401298173455,0.0,0.0,12616.247421293008,12616.247421293008,0.0,12616.247421293008
GIVEBACK_BASELINE,F05,MCD,50,False,0,0,0,0,0.0,False,0,0.0,0.0,0.25848050723394334,0.0,-0.09717238802672934,0.0,2.1656461489419128,2.6600201197365116,1.0,1.0,1.0,0.8686232011404633,0.0,0.0,12584.805072339435,12584.805072339435,0.0,12584.805072339435
HERD_GIVEBACK_S1,F05,MCD,10,False,0,0,0,0,0.0,False,0,0.0,0.0,0.2635169424515966,0.0,-0.09717238802672945,0.0,2.194176843904562,2.711850020389644,1.0,1.0,1.0000000000000002,0.8668902870234749,0.0,0.0,12635.169424515962,12635.169424515962,0.0,12635.169424515962
HERD_GIVEBACK_S1,F05,MCD,25,False,0,0,0,0,0.0,False,0,0.0,0.0,0.2616247421293014,0.0,-0.09717238802672912,0.0,2.184169151307702,2.692377407225359,1.0,1.0,1.0,0.8675401298173455,0.0,0.0,12616.247421293008,12616.247421293008,0.0,12616.247421293008
HERD_GIVEBACK_S1,F05,MCD,50,False,0,0,0,0,0.0,False,0,0.0,0.0,0.25848050723394334,0.0,-0.09717238802672934,0.0,2.1656461489419128,2.6600201197365116,1.0,1.0,1.0,0.8686232011404633,0.0,0.0,12584.805072339435,12584.805072339435,0.0,12584.805072339435
GIVEBACK_BASELINE,F05,META,10,False,0,0,0,0,0.0,False,0,0.0,0.0,0.3916416793572599,0.0,-0.19173445295109914,0.0,1.9775463389433228,2.042625481906197,1.0,1.0,1.0000000000000002,0.8702667408536663,0.0,0.0,13916.416793572605,13916.416793572605,0.0,13916.416793572605
GIVEBACK_BASELINE,F05,META,25,False,0,0,0,0,0.0,False,0,0.0,0.0,0.3895576037538939,0.0,-0.19173445295109948,0.0,1.971428593993993,2.031755888198392,1.0,1.0,1.0,0.8709191147223722,0.0,0.0,13895.57603753897,13895.57603753897,0.0,13895.57603753897
GIVEBACK_BASELINE,F05,META,50,False,0,0,0,0,0.0,False,0,0.0,0.0,0.3860945331902552,0.0,-0.19173445295109937,0.0,1.9607532977231834,2.0136940818285076,1.0,1.0,1.0000000000000002,0.8720064045035488,0.0,0.0,13860.94533190254,13860.94533190254,0.0,13860.94533190254
HERD_GIVEBACK_S1,F05,META,10,False,0,0,0,0,0.0,False,0,0.0,0.0,0.3916416793572599,0.0,-0.19173445295109914,0.0,1.9775463389433228,2.042625481906197,1.0,1.0,1.0000000000000002,0.8702667408536663,0.0,0.0,13916.416793572605,13916.416793572605,0.0,13916.416793572605
HERD_GIVEBACK_S1,F05,META,25,False,0,0,0,0,0.0,False,0,0.0,0.0,0.3895576037538939,0.0,-0.19173445295109948,0.0,1.971428593993993,2.031755888198392,1.0,1.0,1.0,0.8709191147223722,0.0,0.0,13895.57603753897,13895.57603753897,0.0,13895.57603753897
HERD_GIVEBACK_S1,F05,META,50,False,0,0,0,0,0.0,False,0,0.0,0.0,0.3860945331902552,0.0,-0.19173445295109937,0.0,1.9607532977231834,2.0136940818285076,1.0,1.0,1.0000000000000002,0.8720064045035488,0.0,0.0,13860.94533190254,13860.94533190254,0.0,13860.94533190254
GIVEBACK_BASELINE,F05,MRK,10,False,0,0,0,0,0.0,False,0,0.0,0.0,0.002859377097710558,0.0,-0.15714995295373402,0.0,0.14985018366851935,0.01819521446851707,1.0,1.0,1.0000000000000002,1.0158933584760341,0.0,0.0,10028.593770977106,10028.593770977106,0.0,10028.593770977106
GIVEBACK_BASELINE,F05,MRK,25,False,0,0,0,0,0.0,False,0,0.0,0.0,0.0013575287466476293,0.0,-0.15714995295373368,0.0,0.13794946130270552,0.008638429227193581,1.0,1.0,1.0,1.0166548977252663,0.0,0.0,10013.575287466474,10013.575287466474,0.0,10013.575287466474
GIVEBACK_BASELINE,F05,MRK,50,False,0,0,0,0,0.0,False,0,0.0,0.0,-0.0011380653705848065,0.0,-0.1571499529537329,0.0,0.11819787337935304,-0.007241907166971081,1.0,1.0,1.0,1.0179241298073203,0.0,0.0,9988.619346294143,9988.619346294143,0.0,9988.619346294143
HERD_GIVEBACK_S1,F05,MRK,10,False,0,0,0,0,0.0,False,0,0.0,0.0,0.002859377097710558,0.0,-0.15714995295373402,0.0,0.14985018366851935,0.01819521446851707,1.0,1.0,1.0000000000000002,1.0158933584760341,0.0,0.0,10028.593770977106,10028.593770977106,0.0,10028.593770977106
HERD_GIVEBACK_S1,F05,MRK,25,False,0,0,0,0,0.0,False,0,0.0,0.0,0.0013575287466476293,0.0,-0.15714995295373368,0.0,0.13794946130270552,0.008638429227193581,1.0,1.0,1.0,1.0166548977252663,0.0,0.0,10013.575287466474,10013.575287466474,0.0,10013.575287466474
HERD_GIVEBACK_S1,F05,MRK,50,False,0,0,0,0,0.0,False,0,0.0,0.0,-0.0011380653705848065,0.0,-0.1571499529537329,0.0,0.11819787337935304,-0.007241907166971081,1.0,1.0,1.0,1.0179241298073203,0.0,0.0,9988.619346294143,9988.619346294143,0.0,9988.619346294143
GIVEBACK_BASELINE,F05,MSFT,10,False,0,0,0,0,0.0,False,0,0.0,0.0,0.35821882223557333,0.0,-0.13494505308953897,0.0,1.8928344856101307,2.6545531980182138,1.0,1.0,1.0000000000000002,0.8984016134914975,0.0,0.0,13582.188222355719,13582.188222355719,0.0,13582.188222355719
GIVEBACK_BASELINE,F05,MSFT,25,False,0,0,0,0,0.0,False,0,0.0,0.0,0.3561847995748306,0.0,-0.13494505308953886,0.0,1.8842502370001368,2.63948022858233,1.0,1.0,1.0,0.899075077969377,0.0,0.0,13561.847995748269,13561.847995748269,0.0,13561.847995748269
GIVEBACK_BASELINE,F05,MSFT,50,False,0,0,0,0,0.0,False,0,0.0,0.0,0.3528049010764982,0.0,-0.13494505308953886,0.0,1.8699859470557965,2.614433749137916,1.0,1.0,1.0000000000000002,0.9001975187658433,0.0,0.0,13528.04901076499,13528.04901076499,0.0,13528.04901076499
HERD_GIVEBACK_S1,F05,MSFT,10,False,0,0,0,0,0.0,False,0,0.0,0.0,0.35821882223557333,0.0,-0.13494505308953897,0.0,1.8928344856101307,2.6545531980182138,1.0,1.0,1.0000000000000002,0.8984016134914975,0.0,0.0,13582.188222355719,13582.188222355719,0.0,13582.188222355719
HERD_GIVEBACK_S1,F05,MSFT,25,False,0,0,0,0,0.0,False,0,0.0,0.0,0.3561847995748306,0.0,-0.13494505308953886,0.0,1.8842502370001368,2.63948022858233,1.0,1.0,1.0,0.899075077969377,0.0,0.0,13561.847995748269,13561.847995748269,0.0,13561.847995748269
HERD_GIVEBACK_S1,F05,MSFT,50,False,0,0,0,0,0.0,False,0,0.0,0.0,0.3528049010764982,0.0,-0.13494505308953886,0.0,1.8699859470557965,2.614433749137916,1.0,1.0,1.0000000000000002,0.9001975187658433,0.0,0.0,13528.04901076499,13528.04901076499,0.0,13528.04901076499
GIVEBACK_BASELINE,F05,NEE,10,False,0,0,0,0,0.0,False,0,0.0,0.0,0.14304606766661454,0.0,-0.1818699792419649,0.0,0.9419971582540323,0.7865293011129784,1.0,1.0,1.0,0.9268184251336915,0.0,0.0,11430.460676666138,11430.460676666138,0.0,11430.460676666138
GIVEBACK_BASELINE,F05,NEE,25,False,0,0,0,0,0.0,False,0,0.0,0.0,0.14133428045983276,0.0,-0.18186997924196446,0.0,0.933144152097647,0.7771171528633543,1.0,1.0,1.0,0.9275131915693239,0.0,0.0,11413.342804598346,11413.342804598346,0.0,11413.342804598346
GIVEBACK_BASELINE,F05,NEE,50,False,0,0,0,0,0.0,False,0,0.0,0.0,0.13848983476052856,0.0,-0.1818699792419648,0.0,0.918132685506842,0.7614771571303579,1.0,1.0,1.0,0.9286711356287117,0.0,0.0,11384.898347605274,11384.898347605274,0.0,11384.898347605274
HERD_GIVEBACK_S1,F05,NEE,10,False,0,0,0,0,0.0,False,0,0.0,0.0,0.14304606766661454,0.0,-0.1818699792419649,0.0,0.9419971582540323,0.7865293011129784,1.0,1.0,1.0,0.9268184251336915,0.0,0.0,11430.460676666138,11430.460676666138,0.0,11430.460676666138
HERD_GIVEBACK_S1,F05,NEE,25,False,0,0,0,0,0.0,False,0,0.0,0.0,0.14133428045983276,0.0,-0.18186997924196446,0.0,0.933144152097647,0.7771171528633543,1.0,1.0,1.0,0.9275131915693239,0.0,0.0,11413.342804598346,11413.342804598346,0.0,11413.342804598346
HERD_GIVEBACK_S1,F05,NEE,50,False,0,0,0,0,0.0,False,0,0.0,0.0,0.13848983476052856,0.0,-0.1818699792419648,0.0,0.918132685506842,0.7614771571303579,1.0,1.0,1.0,0.9286711356287117,0.0,0.0,11384.898347605274,11384.898347605274,0.0,11384.898347605274
GIVEBACK_BASELINE,F05,NEM,10,False,0,0,0,0,0.0,False,0,0.0,0.0,-0.08010319672867106,0.0,-0.2190710129132165,0.0,-0.17349039579009326,-0.36564945614417455,1.0,1.0,1.0,1.0797828760442438,0.0,0.0,9198.968032713288,9198.968032713288,0.0,9198.968032713288
GIVEBACK_BASELINE,F05,NEM,25,False,0,0,0,0,0.0,False,0,0.0,0.0,-0.08148080312961947,0.0,-0.21907101291321684,0.0,-0.18056830869888899,-0.3719378572549779,1.0,1.0,1.0000000000000002,1.080592308485057,0.0,0.0,9185.191968703799,9185.191968703799,0.0,9185.191968703799
GIVEBACK_BASELINE,F05,NEM,50,False,0,0,0,0,0.0,False,0,0.0,0.0,-0.08376994665575543,0.0,-0.2190710129132175,0.0,-0.19228304805520297,-0.38238717912414977,1.0,1.0,1.0000000000000002,1.0819413625530783,0.0,0.0,9162.300533442463,9162.300533442463,0.0,9162.300533442463
HERD_GIVEBACK_S1,F05,NEM,10,False,0,0,0,0,0.0,False,0,0.0,0.0,-0.08010319672867106,0.0,-0.2190710129132165,0.0,-0.17349039579009326,-0.36564945614417455,1.0,1.0,1.0,1.0797828760442438,0.0,0.0,9198.968032713288,9198.968032713288,0.0,9198.968032713288
HERD_GIVEBACK_S1,F05,NEM,25,False,0,0,0,0,0.0,False,0,0.0,0.0,-0.08148080312961947,0.0,-0.21907101291321684,0.0,-0.18056830869888899,-0.3719378572549779,1.0,1.0,1.0000000000000002,1.080592308485057,0.0,0.0,9185.191968703799,9185.191968703799,0.0,9185.191968703799
HERD_GIVEBACK_S1,F05,NEM,50,False,0,0,0,0,0.0,False,0,0.0,0.0,-0.08376994665575543,0.0,-0.2190710129132175,0.0,-0.19228304805520297,-0.38238717912414977,1.0,1.0,1.0000000000000002,1.0819413625530783,0.0,0.0,9162.300533442463,9162.300533442463,0.0,9162.300533442463
GIVEBACK_BASELINE,F05,NFLX,10,False,0,0,0,0,0.0,False,0,0.0,0.0,0.048435898867998706,0.0,-0.17286894916502182,0.0,0.46016126530659673,0.2801885422567212,1.0,1.0,1.0000000000000002,0.9557423076562378,0.0,0.0,10484.358988679978,10484.358988679978,0.0,10484.358988679978
GIVEBACK_BASELINE,F05,NFLX,25,False,0,0,0,0,0.0,False,0,0.0,0.0,0.046865796656391456,0.0,-0.17286894916502238,0.0,0.45440250461526277,0.2711059266731176,1.0,1.0,1.0,0.9564587561627266,0.0,0.0,10468.657966563924,10468.657966563924,0.0,10468.657966563924
GIVEBACK_BASELINE,F05,NFLX,50,False,0,0,0,0,0.0,False,0,0.0,0.0,0.0442567863392318,0.0,-0.17286894916502138,0.0,0.4448332766078784,0.25601350938382866,1.0,1.0,1.0,0.9576528370068748,0.0,0.0,10442.5678633923,10442.5678633923,0.0,10442.5678633923
HERD_GIVEBACK_S1,F05,NFLX,10,False,0,0,0,0,0.0,False,0,0.0,0.0,0.048435898867998706,0.0,-0.17286894916502182,0.0,0.46016126530659673,0.2801885422567212,1.0,1.0,1.0000000000000002,0.9557423076562378,0.0,0.0,10484.358988679978,10484.358988679978,0.0,10484.358988679978
HERD_GIVEBACK_S1,F05,NFLX,25,False,0,0,0,0,0.0,False,0,0.0,0.0,0.046865796656391456,0.0,-0.17286894916502238,0.0,0.45440250461526277,0.2711059266731176,1.0,1.0,1.0,0.9564587561627266,0.0,0.0,10468.657966563924,10468.657966563924,0.0,10468.657966563924
HERD_GIVEBACK_S1,F05,NFLX,50,False,0,0,0,0,0.0,False,0,0.0,0.0,0.0442567863392318,0.0,-0.17286894916502138,0.0,0.4448332766078784,0.25601350938382866,1.0,1.0,1.0,0.9576528370068748,0.0,0.0,10442.5678633923,10442.5678633923,0.0,10442.5678633923
GIVEBACK_BASELINE,F05,NKE,10,True,2,0,0,0,0.0,False,2,1298.563969882375,0.0,0.694765869682676,-0.03920584521420856,-0.1338427440447072,0.0,3.8672109716123866,5.1909117273522485,0.9786380684650082,0.9892436333807232,0.9826611953457051,0.8260536186704727,-392.05845214208966,-10.882542175979466,16947.65869682678,17339.71714896887,-392.05845214208966,16947.65869682678
GIVEBACK_BASELINE,F05,NKE,25,True,2,0,0,0,0.0,False,2,1294.6741125156627,0.0,0.6920333283440931,-0.03934164904374993,-0.13384274404470675,0.0,3.8561643030925743,5.170495668505848,0.9785664837768324,0.989258795954696,0.9826854451488228,0.8265537150039506,-393.4164904374811,-10.866244848163007,16920.333283440927,17313.749773878408,-393.4164904374811,16920.333283440927
GIVEBACK_BASELINE,F05,NKE,50,True,2,0,0,0,0.0,False,2,1288.2168749575774,0.0,0.687493360825651,-0.03956666502464645,-0.13384274404470675,0.0,3.8419480283454335,5.136575506820239,0.9784705354895356,0.9893014387824014,0.9827258319351092,0.8273872327469061,-395.666650246465,-10.83916387464356,16874.933608256528,17270.600258502993,-395.666650246465,16874.933608256528
HERD_GIVEBACK_S1,F05,NKE,10,False,0,0,0,0,0.0,False,0,0.0,0.0,0.7339717148968845,0.0,-0.1338427440447072,0.0,4.030988318186635,5.483836424122607,1.0,1.0,1.0,0.7291352409401977,0.0,0.0,17339.71714896887,17339.71714896887,0.0,17339.71714896887
HERD_GIVEBACK_S1,F05,NKE,25,False,0,0,0,0,0.0,False,0,0.0,0.0,0.7313749773878431,0.0,-0.13384274404470675,0.0,4.020750132914186,5.464435017437673,1.0,1.0,1.0,0.7296818190818319,0.0,0.0,17313.749773878408,17313.749773878408,0.0,17313.749773878408
HERD_GIVEBACK_S1,F05,NKE,50,False,0,0,0,0,0.0,False,0,0.0,0.0,0.7270600258502975,0.0,-0.13384274404470675,0.0,4.007778456822898,5.432196052461698,1.0,1.0,1.0,0.7305927826512226,0.0,0.0,17270.600258502993,17270.600258502993,0.0,17270.600258502993
GIVEBACK_BASELINE,F05,NVDA,10,True,3,1,3,0,-36.62270350860107,True,0,0.0,0.0,0.7684349374042216,-0.07208050876796013,-0.2231924148016844,0.020573920483248576,2.3444709481424244,3.442925863260217,0.9447637986984146,0.9492746666847427,0.9464282143307683,1.0127032768301816,-720.8050876795714,-36.62270350860092,17684.349374042216,18405.154461721788,-896.8700490990122,17508.284412622776
GIVEBACK_BASELINE,F05,NVDA,25,True,3,1,3,0,-36.857240529436694,True,0,0.0,0.0,0.7652170297326559,-0.07254212263496407,-0.22322067812586766,0.020545657159065422,2.3377185211164497,3.4280741200023246,0.9446785147367526,0.9493426887704441,0.9464998255373271,1.013016797549653,-725.421226349612,-36.85724052943658,17652.170297326567,18377.59152367618,-898.1156156059915,17479.475908070188
GIVEBACK_BASELINE,F05,NVDA,50,True,3,1,3,0,-37.24456686582038,True,0,0.0,0.0,0.7598746138361081,-0.07330445519676299,-0.2232677524037302,0.020498582881202876,2.3265006983345318,3.4034230454474383,0.944536961719191,0.9494559932083034,0.946619109670747,1.013540293175973,-733.0445519676177,-37.24456686582039,17598.74613836105,18331.790690328668,-900.1767433752902,17431.613946953377
HERD_GIVEBACK_S1,F05,NVDA,10,True,2,1,2,0,-12.429523430716344,True,0,0.0,0.0,0.8160517587106872,-0.02446368746149452,-0.2231924148016844,0.020573920483248576,2.4369714468811203,3.6562701265443214,0.966109927524373,0.9642179966228775,0.9662553076857775,0.9251763609303267,-244.6368746149128,-12.429523430716245,18160.517587106875,18405.154461721788,-606.664960113023,17798.489501608765
HERD_GIVEBACK_S1,F05,NVDA,25,True,2,1,2,0,-12.64643931162994,True,0,0.0,0.0,0.81286853282416,-0.024890619543459946,-0.22322067812586766,0.020545657159065422,2.4305713225442753,3.64154674042253,0.9660880444305149,0.964323831364057,0.9663017042306716,0.9255877456819325,-248.90619543455614,-12.64643931162982,18128.685328241623,18377.59152367618,-607.5357494120362,17770.055774264143
HERD_GIVEBACK_S1,F05,NVDA,50,True,2,1,2,0,-13.004931463727168,True,0,0.0,0.0,0.807582868135857,-0.025596200897014088,-0.2232677524037302,0.020498582881202876,2.4199348655483144,3.6171048413454825,0.9660516363565821,0.9644995403608024,0.9663789801249268,0.9262739459370042,-255.96200897012386,-13.004931463727189,18075.828681358544,18331.790690328668,-608.9768079111054,17722.813882417562
GIVEBACK_BASELINE,F05,ORCL,10,False,0,0,0,0,0.0,False,0,0.0,0.0,0.5939665019102052,0.0,-0.0990430469601814,0.0,2.941250137529737,5.997054009747897,1.0,1.0,1.0000000000000002,0.8207603099688516,0.0,0.0,15939.665019102053,15939.665019102053,0.0,15939.665019102053
GIVEBACK_BASELINE,F05,ORCL,25,False,0,0,0,0,0.0,False,0,0.0,0.0,0.5915794314821703,0.0,-0.09904304696018118,0.0,2.9323266093156737,5.972952666934876,1.0,1.0,1.0,0.8213755725700277,0.0,0.0,15915.794314821738,15915.794314821738,0.0,15915.794314821738
GIVEBACK_BASELINE,F05,ORCL,50,False,0,0,0,0,0.0,False,0,0.0,0.0,0.5876128799236244,0.0,-0.09904304696018118,0.0,2.9225117243926224,5.932903903490224,1.0,1.0,1.0,0.8224010102386545,0.0,0.0,15876.128799236232,15876.128799236232,0.0,15876.128799236232
HERD_GIVEBACK_S1,F05,ORCL,10,False,0,0,0,0,0.0,False,0,0.0,0.0,0.5939665019102052,0.0,-0.0990430469601814,0.0,2.941250137529737,5.997054009747897,1.0,1.0,1.0000000000000002,0.8207603099688516,0.0,0.0,15939.665019102053,15939.665019102053,0.0,15939.665019102053
HERD_GIVEBACK_S1,F05,ORCL,25,False,0,0,0,0,0.0,False,0,0.0,0.0,0.5915794314821703,0.0,-0.09904304696018118,0.0,2.9323266093156737,5.972952666934876,1.0,1.0,1.0,0.8213755725700277,0.0,0.0,15915.794314821738,15915.794314821738,0.0,15915.794314821738
HERD_GIVEBACK_S1,F05,ORCL,50,False,0,0,0,0,0.0,False,0,0.0,0.0,0.5876128799236244,0.0,-0.09904304696018118,0.0,2.9225117243926224,5.932903903490224,1.0,1.0,1.0,0.8224010102386545,0.0,0.0,15876.128799236232,15876.128799236232,0.0,15876.128799236232
GIVEBACK_BASELINE,F05,PEP,10,False,0,0,0,0,0.0,False,0,0.0,0.0,0.1730629440996143,0.0,-0.1291976908892397,0.0,1.6079470102443267,1.339520411769433,1.0,1.0,1.0,0.9512424710619016,0.0,0.0,11730.629440996114,11730.629440996114,0.0,11730.629440996114
GIVEBACK_BASELINE,F05,PEP,25,False,0,0,0,0,0.0,False,0,0.0,0.0,0.17130620463192092,0.0,-0.12919769088923994,0.0,1.5953396892837832,1.3259231140499272,1.0,1.0,1.0,0.9519555463775402,0.0,0.0,11713.062046319226,11713.062046319226,0.0,11713.062046319226
GIVEBACK_BASELINE,F05,PEP,50,False,0,0,0,0,0.0,False,0,0.0,0.0,0.16838706257742064,0.0,-0.12919769088923982,0.0,1.5728508183326653,1.3033287314846638,1.0,1.0,1.0,0.953144005236938,0.0,0.0,11683.870625774189,11683.870625774189,0.0,11683.870625774189
HERD_GIVEBACK_S1,F05,PEP,10,False,0,0,0,0,0.0,False,0,0.0,0.0,0.1730629440996143,0.0,-0.1291976908892397,0.0,1.6079470102443267,1.339520411769433,1.0,1.0,1.0,0.9512424710619016,0.0,0.0,11730.629440996114,11730.629440996114,0.0,11730.629440996114
HERD_GIVEBACK_S1,F05,PEP,25,False,0,0,0,0,0.0,False,0,0.0,0.0,0.17130620463192092,0.0,-0.12919769088923994,0.0,1.5953396892837832,1.3259231140499272,1.0,1.0,1.0,0.9519555463775402,0.0,0.0,11713.062046319226,11713.062046319226,0.0,11713.062046319226
HERD_GIVEBACK_S1,F05,PEP,50,False,0,0,0,0,0.0,False,0,0.0,0.0,0.16838706257742064,0.0,-0.12919769088923982,0.0,1.5728508183326653,1.3033287314846638,1.0,1.0,1.0,0.953144005236938,0.0,0.0,11683.870625774189,11683.870625774189,0.0,11683.870625774189
GIVEBACK_BASELINE,F05,PG,10,False,0,0,0,0,0.0,False,0,0.0,0.0,0.11297518902040138,0.0,-0.14827577219006682,0.0,1.0885510457955678,0.7619261552425739,1.0,1.0,1.0000000000000002,0.9521492467656437,0.0,0.0,11129.751890204047,11129.751890204047,0.0,11129.751890204047
GIVEBACK_BASELINE,F05,PG,25,False,0,0,0,0,0.0,False,0,0.0,0.0,0.11130843494642817,0.0,-0.14827577219006605,0.0,1.0747121978832663,0.7506852488601333,1.0,1.0,0.9999999999999998,0.9528630018231886,0.0,0.0,11113.084349464269,11113.084349464269,0.0,11113.084349464269
GIVEBACK_BASELINE,F05,PG,50,False,0,0,0,0,0.0,False,0,0.0,0.0,0.10853881998567028,0.0,-0.1482757721900656,0.0,1.0517164357513564,0.7320064389652345,1.0,1.0,1.0,0.9540525935857646,0.0,0.0,11085.38819985669,11085.38819985669,0.0,11085.38819985669
HERD_GIVEBACK_S1,F05,PG,10,False,0,0,0,0,0.0,False,0,0.0,0.0,0.11297518902040138,0.0,-0.14827577219006682,0.0,1.0885510457955678,0.7619261552425739,1.0,1.0,1.0000000000000002,0.9521492467656437,0.0,0.0,11129.751890204047,11129.751890204047,0.0,11129.751890204047
HERD_GIVEBACK_S1,F05,PG,25,False,0,0,0,0,0.0,False,0,0.0,0.0,0.11130843494642817,0.0,-0.14827577219006605,0.0,1.0747121978832663,0.7506852488601333,1.0,1.0,0.9999999999999998,0.9528630018231886,0.0,0.0,11113.084349464269,11113.084349464269,0.0,11113.084349464269
HERD_GIVEBACK_S1,F05,PG,50,False,0,0,0,0,0.0,False,0,0.0,0.0,0.10853881998567028,0.0,-0.1482757721900656,0.0,1.0517164357513564,0.7320064389652345,1.0,1.0,1.0,0.9540525935857646,0.0,0.0,11085.38819985669,11085.38819985669,0.0,11085.38819985669
GIVEBACK_BASELINE,F05,PLD,10,False,0,0,0,0,0.0,False,0,0.0,0.0,0.24455711187198714,0.0,-0.12772490574371909,0.0,1.5893421353347499,1.914717497327363,1.0,1.0,1.0000000000000002,0.9699376294674323,0.0,0.0,12445.571118719876,12445.571118719876,0.0,12445.571118719876
GIVEBACK_BASELINE,F05,PLD,25,False,0,0,0,0,0.0,False,0,0.0,0.0,0.24269330515196774,0.0,-0.12772490574371842,0.0,1.580714511275003,1.9001251458265689,1.0,1.0,1.0,0.9706647191446942,0.0,0.0,12426.933051519685,12426.933051519685,0.0,12426.933051519685
GIVEBACK_BASELINE,F05,PLD,50,False,0,0,0,0,0.0,False,0,0.0,0.0,0.2395962513896175,0.0,-0.12772490574371886,0.0,1.565599785138254,1.8758773004723874,1.0,1.0,1.0,0.9718765352734638,0.0,0.0,12395.962513896186,12395.962513896186,0.0,12395.962513896186
HERD_GIVEBACK_S1,F05,PLD,10,False,0,0,0,0,0.0,False,0,0.0,0.0,0.24455711187198714,0.0,-0.12772490574371909,0.0,1.5893421353347499,1.914717497327363,1.0,1.0,1.0000000000000002,0.9699376294674323,0.0,0.0,12445.571118719876,12445.571118719876,0.0,12445.571118719876
HERD_GIVEBACK_S1,F05,PLD,25,False,0,0,0,0,0.0,False,0,0.0,0.0,0.24269330515196774,0.0,-0.12772490574371842,0.0,1.580714511275003,1.9001251458265689,1.0,1.0,1.0,0.9706647191446942,0.0,0.0,12426.933051519685,12426.933051519685,0.0,12426.933051519685
HERD_GIVEBACK_S1,F05,PLD,50,False,0,0,0,0,0.0,False,0,0.0,0.0,0.2395962513896175,0.0,-0.12772490574371886,0.0,1.565599785138254,1.8758773004723874,1.0,1.0,1.0,0.9718765352734638,0.0,0.0,12395.962513896186,12395.962513896186,0.0,12395.962513896186
GIVEBACK_BASELINE,F05,SHW,10,False,0,0,0,0,0.0,False,0,0.0,0.0,0.35826701472950107,0.0,-0.11563117334091133,0.0,2.340570781485376,3.098360108076003,1.0,1.0,1.0000000000000002,0.8653565116251364,0.0,0.0,13582.67014729502,13582.67014729502,0.0,13582.67014729502
GIVEBACK_BASELINE,F05,SHW,25,False,0,0,0,0,0.0,False,0,0.0,0.0,0.3562329198973073,0.0,-0.115631173340912,0.0,2.3284563946422496,3.080768875768788,1.0,1.0,1.0,0.8660052046623367,0.0,0.0,13562.329198973048,13562.329198973048,0.0,13562.329198973048
GIVEBACK_BASELINE,F05,SHW,50,False,0,0,0,0,0.0,False,0,0.0,0.0,0.35285290147298487,0.0,-0.11563117334091166,0.0,2.3071205616705024,3.051537844666507,1.0,1.0,1.0000000000000002,0.8670863597243371,0.0,0.0,13528.529014729862,13528.529014729862,0.0,13528.529014729862
HERD_GIVEBACK_S1,F05,SHW,10,False,0,0,0,0,0.0,False,0,0.0,0.0,0.35826701472950107,0.0,-0.11563117334091133,0.0,2.340570781485376,3.098360108076003,1.0,1.0,1.0000000000000002,0.8653565116251364,0.0,0.0,13582.67014729502,13582.67014729502,0.0,13582.67014729502
HERD_GIVEBACK_S1,F05,SHW,25,False,0,0,0,0,0.0,False,0,0.0,0.0,0.3562329198973073,0.0,-0.115631173340912,0.0,2.3284563946422496,3.080768875768788,1.0,1.0,1.0,0.8660052046623367,0.0,0.0,13562.329198973048,13562.329198973048,0.0,13562.329198973048
HERD_GIVEBACK_S1,F05,SHW,50,False,0,0,0,0,0.0,False,0,0.0,0.0,0.35285290147298487,0.0,-0.11563117334091166,0.0,2.3071205616705024,3.051537844666507,1.0,1.0,1.0000000000000002,0.8670863597243371,0.0,0.0,13528.529014729862,13528.529014729862,0.0,13528.529014729862
GIVEBACK_BASELINE,F05,SLB,10,True,2,0,0,0,0.0,False,2,1317.3028843141046,0.0,0.5819450232301346,-0.02494110951083295,-0.2989264266188687,0.0,2.217557009695245,1.9467834604403,0.9709669699726722,0.9724250375233118,0.9693241836310268,0.8322044139353217,-249.4110951083385,-61.34630369536228,15819.45023230134,16068.861327409679,-249.4110951083385,15819.45023230134
GIVEBACK_BASELINE,F05,SLB,25,True,2,0,0,0,0.0,False,2,1313.3568943994112,0.0,0.5793786316046354,-0.025101082705279776,-0.2989264266188679,0.0,2.211187065124548,1.9381980983011078,0.9709708170431115,0.9724921999725129,0.9693671584976604,0.8327292606404312,-251.01082705275803,-61.25443354172694,15793.786316046378,16044.797143099137,-251.01082705275803,15793.786316046378
GIVEBACK_BASELINE,F05,SLB,50,True,2,0,0,0,0.0,False,2,1306.806475739068,0.0,0.575114761378877,-0.025366251147404206,-0.2989264266188686,0.0,2.200599310595582,1.9239341529082963,0.9709772884412811,0.9726040420961485,0.9694387304549077,0.8336040576882777,-253.66251147406,-61.101774576659295,15751.147613788764,16004.810125262824,-253.66251147406,15751.147613788764
HERD_GIVEBACK_S1,F05,SLB,10,True,1,0,0,0,0.0,False,1,894.1689679064351,0.0,0.6159587228945627,0.009072590153595073,-0.2989264266188687,0.0,2.297046063134959,2.060569652076664,0.9958005158490396,0.993080310426546,0.9937829760309932,0.7926129521100623,90.72590153595229,-31.45964292069857,16159.587228945631,16068.861327409679,90.72590153595229,16159.587228945631
HERD_GIVEBACK_S1,F05,SLB,25,True,1,0,0,0,0.0,False,1,891.4904785693167,0.0,0.613404776451351,0.008925062141435847,-0.2989264266188679,0.0,2.2907882112844207,2.0520259228651065,0.9957798660357653,0.9930901507220828,0.9937918144804577,0.7931186600238647,89.25062141435774,-31.412530021398425,16134.047764513494,16044.797143099137,89.25062141435774,16134.047764513494
HERD_GIVEBACK_S1,F05,SLB,50,True,1,0,0,0,0.0,False,1,887.0441350877841,0.0,0.6091613754087444,0.00868036288246321,-0.2989264266188686,0.0,2.2803886665515454,2.0378304531282727,0.9957454486675469,0.9931065382155205,0.9938065335702687,0.7939615172775175,86.80362882464215,-31.3342433726458,16091.613754087466,16004.810125262824,86.80362882464215,16091.613754087466
GIVEBACK_BASELINE,F05,SO,10,False,0,0,0,0,0.0,False,0,0.0,0.0,0.22392916361429394,0.0,-0.10607426754533877,0.0,1.8538054678246292,2.111060192035557,1.0,1.0,1.0000000000000002,0.8850957454783225,0.0,0.0,12239.291636142943,12239.291636142943,0.0,12239.291636142943
GIVEBACK_BASELINE,F05,SO,25,False,0,0,0,0,0.0,False,0,0.0,0.0,0.22209624861327804,0.0,-0.10607426754533955,0.0,1.8398436646178382,2.0937806477744187,1.0,1.0,1.0,0.8857592355423991,0.0,0.0,12220.96248613278,12220.96248613278,0.0,12220.96248613278
GIVEBACK_BASELINE,F05,SO,50,False,0,0,0,0,0.0,False,0,0.0,0.0,0.21905052705911165,0.0,-0.10607426754533844,0.0,1.8153514846888752,2.065067543035211,1.0,1.0,1.0,0.8868650523158604,0.0,0.0,12190.505270591097,12190.505270591097,0.0,12190.505270591097
HERD_GIVEBACK_S1,F05,SO,10,False,0,0,0,0,0.0,False,0,0.0,0.0,0.22392916361429394,0.0,-0.10607426754533877,0.0,1.8538054678246292,2.111060192035557,1.0,1.0,1.0000000000000002,0.8850957454783225,0.0,0.0,12239.291636142943,12239.291636142943,0.0,12239.291636142943
HERD_GIVEBACK_S1,F05,SO,25,False,0,0,0,0,0.0,False,0,0.0,0.0,0.22209624861327804,0.0,-0.10607426754533955,0.0,1.8398436646178382,2.0937806477744187,1.0,1.0,1.0,0.8857592355423991,0.0,0.0,12220.96248613278,12220.96248613278,0.0,12220.96248613278
HERD_GIVEBACK_S1,F05,SO,50,False,0,0,0,0,0.0,False,0,0.0,0.0,0.21905052705911165,0.0,-0.10607426754533844,0.0,1.8153514846888752,2.065067543035211,1.0,1.0,1.0,0.8868650523158604,0.0,0.0,12190.505270591097,12190.505270591097,0.0,12190.505270591097
GIVEBACK_BASELINE,F05,TMUS,10,False,0,0,0,0,0.0,False,0,0.0,0.0,0.340666558900627,0.0,-0.12698040428588764,0.0,1.9621462861423855,2.6828278017893195,1.0,1.0,1.0000000000000002,0.8439097538478934,0.0,0.0,13406.665589006265,13406.665589006265,0.0,13406.665589006265
GIVEBACK_BASELINE,F05,TMUS,25,False,0,0,0,0,0.0,False,0,0.0,0.0,0.3386588219169646,0.0,-0.12698040428588786,0.0,1.9530357013162911,2.667016409512266,1.0,1.0,1.0,0.8445423698552754,0.0,0.0,13386.588219169655,13386.588219169655,0.0,13386.588219169655
GIVEBACK_BASELINE,F05,TMUS,50,False,0,0,0,0,0.0,False,0,0.0,0.0,0.33532260185065477,0.0,-0.12698040428588764,0.0,1.9371387365129322,2.6407429062495265,1.0,1.0,1.0,0.8455967298675788,0.0,0.0,13353.226018506524,13353.226018506524,0.0,13353.226018506524
HERD_GIVEBACK_S1,F05,TMUS,10,False,0,0,0,0,0.0,False,0,0.0,0.0,0.340666558900627,0.0,-0.12698040428588764,0.0,1.9621462861423855,2.6828278017893195,1.0,1.0,1.0000000000000002,0.8439097538478934,0.0,0.0,13406.665589006265,13406.665589006265,0.0,13406.665589006265
HERD_GIVEBACK_S1,F05,TMUS,25,False,0,0,0,0,0.0,False,0,0.0,0.0,0.3386588219169646,0.0,-0.12698040428588786,0.0,1.9530357013162911,2.667016409512266,1.0,1.0,1.0,0.8445423698552754,0.0,0.0,13386.588219169655,13386.588219169655,0.0,13386.588219169655
HERD_GIVEBACK_S1,F05,TMUS,50,False,0,0,0,0,0.0,False,0,0.0,0.0,0.33532260185065477,0.0,-0.12698040428588764,0.0,1.9371387365129322,2.6407429062495265,1.0,1.0,1.0,0.8455967298675788,0.0,0.0,13353.226018506524,13353.226018506524,0.0,13353.226018506524
GIVEBACK_BASELINE,F05,TSLA,10,True,3,0,0,0,0.0,False,3,2935.9297556800184,0.0,1.390768389640026,-0.05527379035359381,-0.3474278230870703,0.015038065723433247,2.524586476522094,4.00304263856116,0.9475131629456828,0.9423075221049154,0.9351458810626622,0.6376690420538517,-552.7379035358754,-14.747703554473503,23907.683896400253,24460.421799936128,-552.7379035358754,23907.683896400253
GIVEBACK_BASELINE,F05,TSLA,25,True,3,0,0,0,0.0,False,3,2927.135157760199,0.0,1.3867482707392584,-0.055630799053112856,-0.34749664536937463,0.014969243441128821,2.5205276914892,3.9906810302159954,0.9475143156001045,0.9423859535315919,0.9352334054892728,0.6379948963724613,-556.3079905311752,-14.7256178914473,23867.482707392563,24423.790697923738,-556.3079905311752,23867.482707392563
GIVEBACK_BASELINE,F05,TSLA,50,True,3,0,0,0,0.0,False,3,2912.535957161714,0.0,1.3800695745023233,-0.05622257162527289,-0.3476112445304709,0.014854644280032692,2.513782092337075,3.970152278492675,0.9475163268678728,0.942516589809487,0.9353791909714543,0.6385380260010446,-562.2257162527785,-14.688918546480565,23800.695745023222,24362.921461276,-562.2257162527785,23800.695745023222
HERD_GIVEBACK_S1,F05,TSLA,10,True,1,0,0,0,0.0,False,1,1188.1230168828781,0.0,1.4425523726822198,-0.0034898073114000283,-0.3553080654869527,0.00715782332355086,2.562797669798332,4.060004578576593,0.9826379810605508,0.9792223803938597,0.9773934856463415,0.5424995706899534,-34.89807311393088,-5.170097652751451,24425.523726822197,24460.421799936128,-34.89807311393088,24425.523726822197
HERD_GIVEBACK_S1,F05,TSLA,25,True,1,0,0,0,0.0,False,1,1184.5639861558818,0.0,1.4387165149183434,-0.00366255487402789,-0.35536662459192314,0.0070992642185803145,2.559094500687952,4.048541464946123,0.9826386088530191,0.9792519280243966,0.9774256056896423,0.5428398633718904,-36.62554874030684,-5.162355089026221,24387.16514918343,24423.790697923738,-36.62554874030684,24387.16514918343
HERD_GIVEBACK_S1,F05,TSLA,50,True,1,0,0,0,0.0,False,1,1178.6559271413257,0.0,1.4323431315353505,-0.003949014592245614,-0.35546412541622574,0.007001763394277827,2.5529405450697524,4.029501232671985,0.9826396837707465,0.9793011350396159,0.977479096840764,0.5434070402969389,-39.490145922478405,-5.149489411561987,24323.431315353522,24362.921461276,-39.490145922478405,24323.431315353522
GIVEBACK_BASELINE,F05,UNH,10,False,0,0,0,0,0.0,False,0,0.0,0.0,0.3880208981616693,0.0,-0.11147037848396701,0.0,2.9807879963514865,3.480932813173134,1.0,1.0,1.0000000000000002,0.8450800116233,0.0,0.0,13880.208981616704,13880.208981616704,0.0,13880.208981616704
GIVEBACK_BASELINE,F05,UNH,25,False,0,0,0,0,0.0,False,0,0.0,0.0,0.38594224491800433,0.0,-0.11147037848396724,0.0,2.97363654267108,3.4622852291966906,1.0,1.0,1.0000000000000002,0.8457135048853865,0.0,0.0,13859.422449180041,13859.422449180041,0.0,13859.422449180041
GIVEBACK_BASELINE,F05,UNH,50,False,0,0,0,0,0.0,False,0,0.0,0.0,0.3824881845909496,0.0,-0.11147037848396668,0.0,2.9593995657292598,3.4312988777190228,1.0,1.0,1.0000000000000002,0.8467693269888641,0.0,0.0,13824.881845909482,13824.881845909482,0.0,13824.881845909482
HERD_GIVEBACK_S1,F05,UNH,10,False,0,0,0,0,0.0,False,0,0.0,0.0,0.3880208981616693,0.0,-0.11147037848396701,0.0,2.9807879963514865,3.480932813173134,1.0,1.0,1.0000000000000002,0.8450800116233,0.0,0.0,13880.208981616704,13880.208981616704,0.0,13880.208981616704
HERD_GIVEBACK_S1,F05,UNH,25,False,0,0,0,0,0.0,False,0,0.0,0.0,0.38594224491800433,0.0,-0.11147037848396724,0.0,2.97363654267108,3.4622852291966906,1.0,1.0,1.0000000000000002,0.8457135048853865,0.0,0.0,13859.422449180041,13859.422449180041,0.0,13859.422449180041
HERD_GIVEBACK_S1,F05,UNH,50,False,0,0,0,0,0.0,False,0,0.0,0.0,0.3824881845909496,0.0,-0.11147037848396668,0.0,2.9593995657292598,3.4312988777190228,1.0,1.0,1.0000000000000002,0.8467693269888641,0.0,0.0,13824.881845909482,13824.881845909482,0.0,13824.881845909482
GIVEBACK_BASELINE,F05,UNP,10,False,0,0,0,0,0.0,False,0,0.0,0.0,0.2739593614052409,0.0,-0.17383866094040568,0.0,1.625001210039131,1.5759403571289474,1.0,1.0,1.0000000000000002,0.8253229551087096,0.0,0.0,12739.593614052412,12739.593614052412,0.0,12739.593614052412
GIVEBACK_BASELINE,F05,UNP,25,False,0,0,0,0,0.0,False,0,0.0,0.0,0.27205152286880896,0.0,-0.17383866094040534,0.0,1.615948765856947,1.5649655916417382,1.0,1.0,1.0,0.8259416379836039,0.0,0.0,12720.515228688098,12720.515228688098,0.0,12720.515228688098
GIVEBACK_BASELINE,F05,UNP,50,False,0,0,0,0,0.0,False,0,0.0,0.0,0.2688813022371641,0.0,-0.17383866094040545,0.0,1.6002753822139932,1.5467290232369009,1.0,1.0,1.0,0.8269727761084271,0.0,0.0,12688.813022371618,12688.813022371618,0.0,12688.813022371618
HERD_GIVEBACK_S1,F05,UNP,10,False,0,0,0,0,0.0,False,0,0.0,0.0,0.2739593614052409,0.0,-0.17383866094040568,0.0,1.625001210039131,1.5759403571289474,1.0,1.0,1.0000000000000002,0.8253229551087096,0.0,0.0,12739.593614052412,12739.593614052412,0.0,12739.593614052412
HERD_GIVEBACK_S1,F05,UNP,25,False,0,0,0,0,0.0,False,0,0.0,0.0,0.27205152286880896,0.0,-0.17383866094040534,0.0,1.615948765856947,1.5649655916417382,1.0,1.0,1.0,0.8259416379836039,0.0,0.0,12720.515228688098,12720.515228688098,0.0,12720.515228688098
HERD_GIVEBACK_S1,F05,UNP,50,False,0,0,0,0,0.0,False,0,0.0,0.0,0.2688813022371641,0.0,-0.17383866094040545,0.0,1.6002753822139932,1.5467290232369009,1.0,1.0,1.0,0.8269727761084271,0.0,0.0,12688.813022371618,12688.813022371618,0.0,12688.813022371618
GIVEBACK_BASELINE,F05,V,10,False,0,0,0,0,0.0,False,0,0.0,0.0,0.2564470676021544,0.0,-0.16449564153751717,0.0,1.5554031773990658,1.5589900449956027,1.0,1.0,1.0,0.8891579418680091,0.0,0.0,12564.47067602154,12564.47067602154,0.0,12564.47067602154
GIVEBACK_BASELINE,F05,V,25,False,0,0,0,0,0.0,False,0,0.0,0.0,0.2545654548857841,0.0,-0.16449564153751728,0.0,1.5469173853128044,1.5475513667498855,1.0,1.0,1.0,0.8898244770568156,0.0,0.0,12545.654548857854,12545.654548857854,0.0,12545.654548857854
GIVEBACK_BASELINE,F05,V,50,False,0,0,0,0,0.0,False,0,0.0,0.0,0.2514388132228278,0.0,-0.16449564153751672,0.0,1.5322026281116248,1.5285439229432827,1.0,1.0,1.0,0.89093536903816,0.0,0.0,12514.388132228261,12514.388132228261,0.0,12514.388132228261
HERD_GIVEBACK_S1,F05,V,10,False,0,0,0,0,0.0,False,0,0.0,0.0,0.2564470676021544,0.0,-0.16449564153751717,0.0,1.5554031773990658,1.5589900449956027,1.0,1.0,1.0,0.8891579418680091,0.0,0.0,12564.47067602154,12564.47067602154,0.0,12564.47067602154
HERD_GIVEBACK_S1,F05,V,25,False,0,0,0,0,0.0,False,0,0.0,0.0,0.2545654548857841,0.0,-0.16449564153751728,0.0,1.5469173853128044,1.5475513667498855,1.0,1.0,1.0,0.8898244770568156,0.0,0.0,12545.654548857854,12545.654548857854,0.0,12545.654548857854
HERD_GIVEBACK_S1,F05,V,50,False,0,0,0,0,0.0,False,0,0.0,0.0,0.2514388132228278,0.0,-0.16449564153751672,0.0,1.5322026281116248,1.5285439229432827,1.0,1.0,1.0,0.89093536903816,0.0,0.0,12514.388132228261,12514.388132228261,0.0,12514.388132228261
GIVEBACK_BASELINE,F05,WMT,10,False,0,0,0,0,0.0,False,0,0.0,0.0,0.11112220243536841,0.0,-0.162273930394343,0.0,0.9257110716939032,0.6847816045703063,1.0,1.0,1.0000000000000002,0.9168803270672184,0.0,0.0,11111.222024353672,11111.222024353672,0.0,11111.222024353672
GIVEBACK_BASELINE,F05,WMT,25,False,0,0,0,0,0.0,False,0,0.0,0.0,0.1094582233315502,0.0,-0.16227393039434368,0.0,0.9148110299279761,0.6745274676317665,1.0,1.0,1.0,0.9175676436542253,0.0,0.0,11094.582233315503,11094.582233315503,0.0,11094.582233315503
GIVEBACK_BASELINE,F05,WMT,50,False,0,0,0,0,0.0,False,0,0.0,0.0,0.10669321948829125,0.0,-0.1622739303943429,0.0,0.8961870685421505,0.6574883545928504,1.0,1.0,1.0,0.9187131712992367,0.0,0.0,11066.9321948829,11066.9321948829,0.0,11066.9321948829
HERD_GIVEBACK_S1,F05,WMT,10,False,0,0,0,0,0.0,False,0,0.0,0.0,0.11112220243536841,0.0,-0.162273930394343,0.0,0.9257110716939032,0.6847816045703063,1.0,1.0,1.0000000000000002,0.9168803270672184,0.0,0.0,11111.222024353672,11111.222024353672,0.0,11111.222024353672
HERD_GIVEBACK_S1,F05,WMT,25,False,0,0,0,0,0.0,False,0,0.0,0.0,0.1094582233315502,0.0,-0.16227393039434368,0.0,0.9148110299279761,0.6745274676317665,1.0,1.0,1.0,0.9175676436542253,0.0,0.0,11094.582233315503,11094.582233315503,0.0,11094.582233315503
HERD_GIVEBACK_S1,F05,WMT,50,False,0,0,0,0,0.0,False,0,0.0,0.0,0.10669321948829125,0.0,-0.1622739303943429,0.0,0.8961870685421505,0.6574883545928504,1.0,1.0,1.0,0.9187131712992367,0.0,0.0,11066.9321948829,11066.9321948829,0.0,11066.9321948829
GIVEBACK_BASELINE,F05,XOM,10,True,2,0,0,0,0.0,False,2,1375.0023755746097,0.0,0.46780461235504833,-0.0062168555647146295,-0.2841270620144073,0.0,2.592052223291963,1.6464627094596405,0.9881537900525519,0.9881589227395345,0.9854763832192163,0.9311583549652471,-62.16855564715843,-29.997029055227813,14678.046123550468,14740.214679197627,-62.16855564715843,14678.046123550468
GIVEBACK_BASELINE,F05,XOM,25,True,2,0,0,0,0.0,False,2,1370.8835464341712,0.0,0.46540051051447473,-0.006413512611350036,-0.2841270620144071,0.0,2.582319715876824,1.6380013477592499,0.9881322858515527,0.98821056070439,0.9854968863083445,0.931712677318473,-64.13512611350598,-29.952106517081177,14654.005105144735,14718.140231258241,-64.13512611350598,14654.005105144735
GIVEBACK_BASELINE,F05,XOM,50,True,2,0,0,0,0.0,False,2,1364.0462113563917,0.0,0.46140634301396344,-0.006739609205786312,-0.2841270620144072,0.0,2.5589641628039317,1.6239436671138596,0.9880976719156587,0.9882980246204403,0.985531031915255,0.9326365725504288,-67.39609205786473,-29.877459551659854,14614.063430139631,14681.459522197496,-67.39609205786473,14614.063430139631
HERD_GIVEBACK_S1,F05,XOM,10,True,1,0,0,0,0.0,False,1,735.8902651814235,0.0,0.473909421041917,-0.00011204687784593936,-0.2841270620144073,0.0,2.5940851777493905,1.6679489017413145,0.9999687604495742,1.0,0.9998018738856462,0.8773292703795494,-1.1204687784575071,-15.383091823193752,14739.094210419169,14740.214679197627,-1.1204687784575071,14739.094210419169
HERD_GIVEBACK_S1,F05,XOM,25,True,1,0,0,0,0.0,False,1,733.6859007946875,0.0,0.4715919120490022,-0.00022211107682257314,-0.2841270620144071,0.0,2.585050676981652,1.6597923080804229,0.9999379424776208,1.0,0.9998021562932332,0.8778969642013646,-2.2211107682251168,-15.360054624144198,14715.919120490016,14718.140231258241,-2.2211107682251168,14715.919120490016
HERD_GIVEBACK_S1,F05,XOM,50,True,1,0,0,0,0.0,False,1,730.0266137906061,0.0,0.46774131598782276,-0.0004046362319269914,-0.2841270620144072,0.0,2.5556498418312117,1.6462399345969554,0.9998865578447728,1.0,0.9998026265953306,0.8788431209496481,-4.046362319269974,-15.321774129056337,14677.413159878226,14681.459522197496,-4.046362319269974,14677.413159878226
GIVEBACK_BASELINE,F06,AAPL,10,False,0,0,0,0,0.0,False,0,0.0,0.0,0.10255398948582517,0.0,-0.28346217767436266,0.0,0.7113960204782999,0.3617907345777811,1.0,1.0,1.0000000000000002,0.9280493944114038,0.0,0.0,11025.539894858237,11025.539894858237,0.0,11025.539894858237
GIVEBACK_BASELINE,F06,AAPL,25,False,0,0,0,0,0.0,False,0,0.0,0.0,0.10090284184849563,0.0,-0.28346217767436244,0.0,0.7038811797827358,0.35596580353803486,1.0,1.0,0.9999999999999998,0.9287450836126112,0.0,0.0,11009.028418484953,11009.028418484953,0.0,11009.028418484953
GIVEBACK_BASELINE,F06,AAPL,50,False,0,0,0,0,0.0,False,0,0.0,0.0,0.09815915981995826,0.0,-0.2834621776743632,0.0,0.6913939055392839,0.3462866214649699,1.0,1.0,1.0000000000000002,0.929904565614625,0.0,0.0,10981.591598199582,10981.591598199582,0.0,10981.591598199582
HERD_GIVEBACK_S1,F06,AAPL,10,False,0,0,0,0,0.0,False,0,0.0,0.0,0.10255398948582517,0.0,-0.28346217767436266,0.0,0.7113960204782999,0.3617907345777811,1.0,1.0,1.0000000000000002,0.9280493944114038,0.0,0.0,11025.539894858237,11025.539894858237,0.0,11025.539894858237
HERD_GIVEBACK_S1,F06,AAPL,25,False,0,0,0,0,0.0,False,0,0.0,0.0,0.10090284184849563,0.0,-0.28346217767436244,0.0,0.7038811797827358,0.35596580353803486,1.0,1.0,0.9999999999999998,0.9287450836126112,0.0,0.0,11009.028418484953,11009.028418484953,0.0,11009.028418484953
HERD_GIVEBACK_S1,F06,AAPL,50,False,0,0,0,0,0.0,False,0,0.0,0.0,0.09815915981995826,0.0,-0.2834621776743632,0.0,0.6913939055392839,0.3462866214649699,1.0,1.0,1.0000000000000002,0.929904565614625,0.0,0.0,10981.591598199582,10981.591598199582,0.0,10981.591598199582
GIVEBACK_BASELINE,F06,ABBV,10,True,2,0,0,0,0.0,False,2,1280.4204371592377,0.0,0.26714835043965257,0.0049806975601758285,-0.2018166493753878,0.004918342390418662,1.4902204983336556,1.323718093955395,0.98201885305604,0.9753497018647233,0.9805987763755123,0.9465455565576414,49.80697560174849,-10.11693239386932,12671.483504396521,12621.676528794773,49.80697560174849,12671.483504396521
GIVEBACK_BASELINE,F06,ABBV,25,True,2,0,0,0,0.0,False,2,1276.5849288704749,0.0,0.26505891245699376,0.004781439249295971,-0.20188353011527083,0.00485146165053596,1.480645014881376,1.312929847747616,0.9819157057201969,0.975383967996611,0.9806256272822477,0.9471247037991972,47.81439249296636,-10.101781617418965,12650.589124569957,12602.77473207699,47.81439249296636,12650.589124569957
GIVEBACK_BASELINE,F06,ABBV,50,True,2,0,0,0,0.0,False,2,1270.217911820315,0.0,0.2615875690635414,0.004450973072948505,-0.2019948864495551,0.004740105316251575,1.4647318820176483,1.2950207486013197,0.981743523100787,0.9754410377056845,0.980670347780939,0.948089981580192,44.50973072948727,-10.07660584747238,12615.875690635408,12571.365959905921,44.50973072948727,12615.875690635408
HERD_GIVEBACK_S1,F06,ABBV,10,True,1,0,0,0,0.0,False,1,674.5740351941848,0.0,0.2665166737549216,0.0043490208754448645,-0.20274375898399744,0.003991232781809018,1.4651832168259218,1.3145493360215235,0.9897833169922717,0.9848816348733839,0.9881269139660573,0.8955287092809221,43.49020875444512,-5.188170458394524,12665.166737549218,12621.676528794773,43.49020875444512,12665.166737549218
HERD_GIVEBACK_S1,F06,ABBV,25,True,1,0,0,0,0.0,False,1,672.5533439991023,0.0,0.2645189339472216,0.004241460739523806,-0.20280924888580865,0.00392574287999814,1.4562118230306056,1.3042745111499252,0.9897867009334748,0.9849693267259055,0.98814382299719,0.8961328722912568,42.41460739525246,-5.180400829445617,12645.189339472243,12602.77473207699,42.41460739525246,12645.189339472243
HERD_GIVEBACK_S1,F06,ABBV,50,True,1,0,0,0,0.0,False,1,669.1989580028855,0.0,0.26119966199135214,0.00406306600075923,-0.20291828947673285,0.0038167022890738256,1.4413022585057316,1.2872159659186462,0.9897923937209394,0.9851153407234207,0.9881719822235147,0.8971398342799699,40.63066000758954,-5.16749017819096,12611.99661991351,12571.365959905921,40.63066000758954,12611.99661991351
GIVEBACK_BASELINE,F06,AMT,10,False,0,0,0,0,0.0,False,0,0.0,0.0,-0.04129813896030088,0.0,-0.2487246520043973,0.0,-0.03816823924144937,-0.1660395888686207,1.0,1.0,1.0000000000000002,1.0751358105080717,0.0,0.0,9587.018610396974,9587.018610396974,0.0,9587.018610396974
GIVEBACK_BASELINE,F06,AMT,25,False,0,0,0,0,0.0,False,0,0.0,0.0,-0.042733858505879074,0.0,-0.24872465200439808,0.0,-0.04661889221609787,-0.17181191394379128,1.0,1.0,1.0,1.075941759391511,0.0,0.0,9572.66141494121,9572.66141494121,0.0,9572.66141494121
GIVEBACK_BASELINE,F06,AMT,50,False,0,0,0,0,0.0,False,0,0.0,0.0,-0.04511956758855784,0.0,-0.24872465200439808,0.0,-0.060842439392677215,-0.18140368164133572,1.0,1.0,1.0,1.0772850075305764,0.0,0.0,9548.804324114428,9548.804324114428,0.0,9548.804324114428
HERD_GIVEBACK_S1,F06,AMT,10,False,0,0,0,0,0.0,False,0,0.0,0.0,-0.04129813896030088,0.0,-0.2487246520043973,0.0,-0.03816823924144937,-0.1660395888686207,1.0,1.0,1.0000000000000002,1.0751358105080717,0.0,0.0,9587.018610396974,9587.018610396974,0.0,9587.018610396974
HERD_GIVEBACK_S1,F06,AMT,25,False,0,0,0,0,0.0,False,0,0.0,0.0,-0.042733858505879074,0.0,-0.24872465200439808,0.0,-0.04661889221609787,-0.17181191394379128,1.0,1.0,1.0,1.075941759391511,0.0,0.0,9572.66141494121,9572.66141494121,0.0,9572.66141494121
HERD_GIVEBACK_S1,F06,AMT,50,False,0,0,0,0,0.0,False,0,0.0,0.0,-0.04511956758855784,0.0,-0.24872465200439808,0.0,-0.060842439392677215,-0.18140368164133572,1.0,1.0,1.0,1.0772850075305764,0.0,0.0,9548.804324114428,9548.804324114428,0.0,9548.804324114428
GIVEBACK_BASELINE,F06,AMZN,10,False,0,0,0,0,0.0,False,0,0.0,0.0,-0.19762238164249568,0.0,-0.4463834405695646,0.0,-0.4065149719692975,-0.44271889071498416,1.0,1.0,1.0000000000000002,1.1089064496206888,0.0,0.0,8023.776183575034,8023.776183575034,0.0,8023.776183575034
GIVEBACK_BASELINE,F06,AMZN,25,False,0,0,0,0,0.0,False,0,0.0,0.0,-0.19882399527904282,0.0,-0.44638344056956514,0.0,-0.41135796711295525,-0.4454107773920833,1.0,1.0,1.0,1.1097377138258016,0.0,0.0,8011.760047209559,8011.760047209559,0.0,8011.760047209559
GIVEBACK_BASELINE,F06,AMZN,50,False,0,0,0,0,0.0,False,0,0.0,0.0,-0.20082069482625997,0.0,-0.4463834405695648,0.0,-0.4194054841487217,-0.4498838365733773,1.0,1.0,1.0,1.1111231541676563,0.0,0.0,7991.793051737395,7991.793051737395,0.0,7991.793051737395
HERD_GIVEBACK_S1,F06,AMZN,10,False,0,0,0,0,0.0,False,0,0.0,0.0,-0.19762238164249568,0.0,-0.4463834405695646,0.0,-0.4065149719692975,-0.44271889071498416,1.0,1.0,1.0000000000000002,1.1089064496206888,0.0,0.0,8023.776183575034,8023.776183575034,0.0,8023.776183575034
HERD_GIVEBACK_S1,F06,AMZN,25,False,0,0,0,0,0.0,False,0,0.0,0.0,-0.19882399527904282,0.0,-0.44638344056956514,0.0,-0.41135796711295525,-0.4454107773920833,1.0,1.0,1.0,1.1097377138258016,0.0,0.0,8011.760047209559,8011.760047209559,0.0,8011.760047209559
HERD_GIVEBACK_S1,F06,AMZN,50,False,0,0,0,0,0.0,False,0,0.0,0.0,-0.20082069482625997,0.0,-0.4463834405695648,0.0,-0.4194054841487217,-0.4498838365733773,1.0,1.0,1.0,1.1111231541676563,0.0,0.0,7991.793051737395,7991.793051737395,0.0,7991.793051737395
GIVEBACK_BASELINE,F06,APD,10,False,0,0,0,0,0.0,False,0,0.0,0.0,-0.1375143895750346,0.0,-0.30202450188559704,0.0,-0.6852226001180183,-0.4553087207047965,1.0,1.0,1.0000000000000002,1.0896857274302496,0.0,0.0,8624.856104249655,8624.856104249655,0.0,8624.856104249655
GIVEBACK_BASELINE,F06,APD,25,False,0,0,0,0,0.0,False,0,0.0,0.0,-0.13880601891152222,0.0,-0.3020245018855964,0.0,-0.6938844359031522,-0.4595852920704442,1.0,1.0,1.0,1.0905025832978883,0.0,0.0,8611.939810884764,8611.939810884764,0.0,8611.939810884764
GIVEBACK_BASELINE,F06,APD,50,False,0,0,0,0,0.0,False,0,0.0,0.0,-0.14095229591179936,0.0,-0.30202450188559726,0.0,-0.7085869642325743,-0.4666915930058885,1.0,1.0,1.0,1.0918640097439531,0.0,0.0,8590.477040882015,8590.477040882015,0.0,8590.477040882015
HERD_GIVEBACK_S1,F06,APD,10,False,0,0,0,0,0.0,False,0,0.0,0.0,-0.1375143895750346,0.0,-0.30202450188559704,0.0,-0.6852226001180183,-0.4553087207047965,1.0,1.0,1.0000000000000002,1.0896857274302496,0.0,0.0,8624.856104249655,8624.856104249655,0.0,8624.856104249655
HERD_GIVEBACK_S1,F06,APD,25,False,0,0,0,0,0.0,False,0,0.0,0.0,-0.13880601891152222,0.0,-0.3020245018855964,0.0,-0.6938844359031522,-0.4595852920704442,1.0,1.0,1.0,1.0905025832978883,0.0,0.0,8611.939810884764,8611.939810884764,0.0,8611.939810884764
HERD_GIVEBACK_S1,F06,APD,50,False,0,0,0,0,0.0,False,0,0.0,0.0,-0.14095229591179936,0.0,-0.30202450188559726,0.0,-0.7085869642325743,-0.4666915930058885,1.0,1.0,1.0,1.0918640097439531,0.0,0.0,8590.477040882015,8590.477040882015,0.0,8590.477040882015
GIVEBACK_BASELINE,F06,AVGO,10,True,2,0,0,0,0.0,False,2,1184.1453252107876,0.0,0.13361520894796386,0.008739113184102809,-0.2686716085537263,0.014272861733361952,0.86865875550994,0.49731793272546254,0.946476382751739,0.9407761771050687,0.9529016003662065,0.9676156420186929,87.3911318410228,-22.037686084427577,11336.152089479629,11248.760957638606,87.3911318410228,11336.152089479629
GIVEBACK_BASELINE,F06,AVGO,25,True,2,0,0,0,0.0,False,2,1180.5982096867479,0.0,0.1317401671312073,0.008548647837542056,-0.26879790298657535,0.014146567300513446,0.860272056975767,0.49010861196259714,0.9465098980035488,0.9409335710990202,0.9529656522882988,0.9682566971534756,85.48647837542376,-22.004683189641923,11317.401671312078,11231.915192936654,85.48647837542376,11317.401671312078
GIVEBACK_BASELINE,F06,AVGO,50,True,2,0,0,0,0.0,False,2,1174.7099301367812,0.0,0.1286250339994719,0.008232744818536641,-0.26900818303292906,0.013936287254160296,0.8463739044812761,0.478145432415069,0.9466267943491545,0.9412686269706597,0.9530723383813307,0.9693252108593967,82.32744818536958,-21.949842879020395,11286.250339994735,11203.922891809365,82.32744818536958,11286.250339994735
HERD_GIVEBACK_S1,F06,AVGO,10,True,1,0,0,0,0.0,False,1,614.9380093015199,0.0,0.13012609190581848,0.005249996141957425,-0.2750787670142102,0.007865703272878055,0.8381168531570108,0.47305029507819607,0.9717844866432326,0.9684984255702372,0.9746911390966279,0.9188376958918864,52.499961419589454,-11.301377479193633,11301.260919058195,11248.760957638606,52.499961419589454,11301.260919058195
HERD_GIVEBACK_S1,F06,AVGO,25,True,1,0,0,0,0.0,False,1,613.0959582350873,0.0,0.12834153915249025,0.005150019858825017,-0.2751443529228551,0.007800117364233694,0.8304752666405166,0.4664516563364635,0.9718038255558893,0.9685832984606111,0.9747271150427536,0.9194821227275456,51.500198588253625,-11.284452917765094,11283.415391524908,11231.915192936654,51.500198588253625,11283.415391524908
HERD_GIVEBACK_S1,F06,AVGO,50,True,1,0,0,0,0.0,False,1,610.0381182659746,0.0,0.12537648654848632,0.004984197367551069,-0.27525355336501967,0.0076909169220696905,0.817813653729594,0.4554945250142579,0.9718682218460764,0.9687634176686227,0.9747870275223469,0.9205562188415262,49.84197367550769,-11.25632968154892,11253.764865484873,11203.922891809365,49.84197367550769,11253.764865484873
GIVEBACK_BASELINE,F06,BA,10,False,0,0,0,0,0.0,False,0,0.0,0.0,-0.2779245436729959,0.0,-0.5162219802947058,0.0,-0.776988097094091,-0.5383818478909629,1.0,1.0,1.0000000000000002,1.194073452047732,0.0,0.0,7220.754563270046,7220.754563270046,0.0,7220.754563270046
GIVEBACK_BASELINE,F06,BA,25,False,0,0,0,0,0.0,False,0,0.0,0.0,-0.2790058995023291,0.0,-0.5162219802947051,0.0,-0.7821567152001359,-0.5404765975734855,1.0,1.0,1.0,1.1949685595829995,0.0,0.0,7209.941004976697,7209.941004976697,0.0,7209.941004976697
GIVEBACK_BASELINE,F06,BA,50,False,0,0,0,0,0.0,False,0,0.0,0.0,-0.2808027688363176,0.0,-0.516221980294706,0.0,-0.7907453139961115,-0.5439574050605325,1.0,1.0,1.0000000000000002,1.1964604054751138,0.0,0.0,7191.972311636826,7191.972311636826,0.0,7191.972311636826
HERD_GIVEBACK_S1,F06,BA,10,False,0,0,0,0,0.0,False,0,0.0,0.0,-0.2779245436729959,0.0,-0.5162219802947058,0.0,-0.776988097094091,-0.5383818478909629,1.0,1.0,1.0000000000000002,1.194073452047732,0.0,0.0,7220.754563270046,7220.754563270046,0.0,7220.754563270046
HERD_GIVEBACK_S1,F06,BA,25,False,0,0,0,0,0.0,False,0,0.0,0.0,-0.2790058995023291,0.0,-0.5162219802947051,0.0,-0.7821567152001359,-0.5404765975734855,1.0,1.0,1.0,1.1949685595829995,0.0,0.0,7209.941004976697,7209.941004976697,0.0,7209.941004976697
HERD_GIVEBACK_S1,F06,BA,50,False,0,0,0,0,0.0,False,0,0.0,0.0,-0.2808027688363176,0.0,-0.516221980294706,0.0,-0.7907453139961115,-0.5439574050605325,1.0,1.0,1.0000000000000002,1.1964604054751138,0.0,0.0,7191.972311636826,7191.972311636826,0.0,7191.972311636826
GIVEBACK_BASELINE,F06,BAC,10,False,0,0,0,0,0.0,False,0,0.0,0.0,-0.11477284069619886,0.0,-0.38331891307217025,0.0,-0.43247360992238304,-0.2994186740652417,1.0,1.0,1.0,0.9148145954467478,0.0,0.0,8852.27159303801,8852.27159303801,0.0,8852.27159303801
GIVEBACK_BASELINE,F06,BAC,25,False,0,0,0,0,0.0,False,0,0.0,0.0,-0.11609852700863588,0.0,-0.38331891307217014,0.0,-0.4409931415507439,-0.3028771162845732,1.0,1.0,1.0,0.9155003635093019,0.0,0.0,8839.014729913646,8839.014729913646,0.0,8839.014729913646
GIVEBACK_BASELINE,F06,BAC,50,False,0,0,0,0,0.0,False,0,0.0,0.0,-0.11830139586704758,0.0,-0.3833189130721709,0.0,-0.45514989246255433,-0.3086239468825111,1.0,1.0,1.0,0.9166433102802247,0.0,0.0,8816.986041329541,8816.986041329541,0.0,8816.986041329541
HERD_GIVEBACK_S1,F06,BAC,10,False,0,0,0,0,0.0,False,0,0.0,0.0,-0.11477284069619886,0.0,-0.38331891307217025,0.0,-0.43247360992238304,-0.2994186740652417,1.0,1.0,1.0,0.9148145954467478,0.0,0.0,8852.27159303801,8852.27159303801,0.0,8852.27159303801
HERD_GIVEBACK_S1,F06,BAC,25,False,0,0,0,0,0.0,False,0,0.0,0.0,-0.11609852700863588,0.0,-0.38331891307217014,0.0,-0.4409931415507439,-0.3028771162845732,1.0,1.0,1.0,0.9155003635093019,0.0,0.0,8839.014729913646,8839.014729913646,0.0,8839.014729913646
HERD_GIVEBACK_S1,F06,BAC,50,False,0,0,0,0,0.0,False,0,0.0,0.0,-0.11830139586704758,0.0,-0.3833189130721709,0.0,-0.45514989246255433,-0.3086239468825111,1.0,1.0,1.0,0.9166433102802247,0.0,0.0,8816.986041329541,8816.986041329541,0.0,8816.986041329541
GIVEBACK_BASELINE,F06,CAT,10,False,0,0,0,0,0.0,False,0,0.0,0.0,-0.087146260002824,0.0,-0.2736303936153268,0.0,-0.1948832553542082,-0.3184816527557803,1.0,1.0,1.0000000000000002,0.9950308967169852,0.0,0.0,9128.537399971776,9128.537399971776,0.0,9128.537399971776
GIVEBACK_BASELINE,F06,CAT,25,False,0,0,0,0,0.0,False,0,0.0,0.0,-0.08851331894995618,0.0,-0.2736303936153267,0.0,-0.2018668646523829,-0.32347765823993,1.0,1.0,1.0,0.9957767969394119,0.0,0.0,9114.866810500456,9114.866810500456,0.0,9114.866810500456
GIVEBACK_BASELINE,F06,CAT,50,False,0,0,0,0,0.0,False,0,0.0,0.0,-0.09078493596372028,0.0,-0.27363039361532615,0.0,-0.21347140133495848,-0.33177942977835695,1.0,1.0,1.0,0.9970199639767893,0.0,0.0,9092.150640362785,9092.150640362785,0.0,9092.150640362785
HERD_GIVEBACK_S1,F06,CAT,10,False,0,0,0,0,0.0,False,0,0.0,0.0,-0.087146260002824,0.0,-0.2736303936153268,0.0,-0.1948832553542082,-0.3184816527557803,1.0,1.0,1.0000000000000002,0.9950308967169852,0.0,0.0,9128.537399971776,9128.537399971776,0.0,9128.537399971776
HERD_GIVEBACK_S1,F06,CAT,25,False,0,0,0,0,0.0,False,0,0.0,0.0,-0.08851331894995618,0.0,-0.2736303936153267,0.0,-0.2018668646523829,-0.32347765823993,1.0,1.0,1.0,0.9957767969394119,0.0,0.0,9114.866810500456,9114.866810500456,0.0,9114.866810500456
HERD_GIVEBACK_S1,F06,CAT,50,False,0,0,0,0,0.0,False,0,0.0,0.0,-0.09078493596372028,0.0,-0.27363039361532615,0.0,-0.21347140133495848,-0.33177942977835695,1.0,1.0,1.0,0.9970199639767893,0.0,0.0,9092.150640362785,9092.150640362785,0.0,9092.150640362785
GIVEBACK_BASELINE,F06,COP,10,True,1,0,0,0,0.0,False,1,888.4141214568998,0.0,0.768397468492489,0.00044372496954259155,-0.32420093077790346,0.005574424665361621,2.3767617756403583,2.370127274615649,0.9924135622469259,0.9907077335517794,0.9936738136219092,0.7066056274453465,4.437249695431092,-10.75449299981588,17683.974684924884,17679.537435229453,4.437249695431092,17683.974684924884
GIVEBACK_BASELINE,F06,COP,25,True,1,0,0,0,0.0,False,1,885.752870802184,0.0,0.7656160969713834,0.00030998129647308303,-0.32425956658446586,0.00551578885879922,2.370796275049341,2.361121076660507,0.992391735091904,0.9907209523524442,0.9936827993294154,0.7070560399697142,3.0998129647305177,-10.738387434123268,17656.160969713845,17653.061156749114,3.0998129647305177,17656.160969713845
GIVEBACK_BASELINE,F06,COP,50,True,1,0,0,0,0.0,False,1,881.3351438628446,0.0,0.7609947849427208,8.81843569995322e-05,-0.32435719511680716,0.0054181603264579214,2.3608828697871553,2.3461627995293033,0.9923553570122977,0.9907429661963643,0.9936977637053861,0.7078067359688712,0.8818435699831753,-10.71162510824081,17609.947849427204,17609.06600585722,0.8818435699831753,17609.947849427204
HERD_GIVEBACK_S1,F06,COP,10,True,1,0,0,0,0.0,False,1,853.9085692292499,0.0,0.7649469132697249,-0.0030068302532215707,-0.32571899779497004,0.004056357648295039,2.3551403511928686,2.3484872495869435,0.9942135983684925,0.9936985623275502,0.9946972131138886,0.7045482758143913,-30.068302532221423,-10.75449299981588,17649.46913269723,17679.537435229453,-30.068302532221423,17649.46913269723
HERD_GIVEBACK_S1,F06,COP,25,True,1,0,0,0,0.0,False,1,851.350680195246,0.0,0.7621758779106895,-0.0031302377642208334,-0.32577535621665443,0.003999999226610651,2.349256481495304,2.3395749965930825,0.9941911703583398,0.9937075371222669,0.9947047590885183,0.7049992539796512,-31.30237764220874,-10.738387434123268,17621.758779106905,17653.061156749114,-31.30237764220874,17621.758779106905
HERD_GIVEBACK_S1,F06,COP,50,True,1,0,0,0,0.0,False,1,847.104535521374,0.0,0.7575717241085738,-0.003334876477147475,-0.32586919290649785,0.0039061625367672326,2.3394786161211436,2.324772456554201,0.9941537863290113,0.9937224831712138,0.99471732571295,0.7057508913539209,-33.34876477148646,-10.71162510824081,17575.717241085735,17609.06600585722,-33.34876477148646,17575.717241085735
GIVEBACK_BASELINE,F06,COST,10,True,2,2,2,0,-0.14132327060264815,True,0,0.0,0.0,0.2637063329218914,-0.007337435376774781,-0.3045304293371155,0.009493918733692874,1.225552115186078,0.865944114339944,0.9741579213194443,0.9749426484918374,0.9784488897558149,1.0548609519636092,-73.37435376776921,-0.14132327060264416,12637.063329218916,12710.437682986685,-74.76652024336363,12635.671162743321
GIVEBACK_BASELINE,F06,COST,25,True,2,2,2,0,-0.1479896491134085,True,0,0.0,1.1368683772161603e-13,0.26145674555392495,-0.007683550502131986,-0.3045961265920215,0.009428221478786969,1.217499362742966,0.8583718659827944,0.9741343448316028,0.9751273365775548,0.9784795377767521,1.0552690709826047,-76.83550502129583,-0.14798964911340917,12614.567455539269,12691.402960560565,-76.39890607946654,12615.004054481098
GIVEBACK_BASELINE,F06,COST,50,True,2,2,2,0,-0.15900787969479846,True,0,0.0,0.0,0.25772171914813824,-0.008255611667374652,-0.30470551242554567,0.009318835645263035,1.204119364071278,0.8458058966396683,0.9740954575178796,0.9754343711390117,0.9785305773177763,1.0559501868192538,-82.55611667375888,-0.1590078796947978,12577.217191481383,12659.773308155141,-79.10561193817375,12580.667696216968
HERD_GIVEBACK_S1,F06,COST,10,True,1,1,1,0,-0.1821729963210812,True,0,0.0,0.0,0.26158543505885756,-0.009458333239808603,-0.3140243480708086,-2.220446049250313e-16,1.182321200796267,0.8330100409917045,0.9908575196355724,0.9943973008071196,0.9920115915474383,0.9478850617319858,-94.58333239810781,-0.18217299632107853,12615.854350588577,12710.437682986685,-82.66595899809909,12627.771723988586
HERD_GIVEBACK_S1,F06,COST,25,True,1,1,1,0,-0.18501646239987535,True,0,0.0,0.0,0.2595343314423726,-0.009605964613684348,-0.3140243480708085,0.0,1.175256740858241,0.8264783703455088,0.9907830558674777,0.9944053211304092,0.9920230273199659,0.9484381497227838,-96.05964613683318,-0.1850164623998758,12595.343314423731,12691.402960560565,-83.37030663012047,12608.032653930444
HERD_GIVEBACK_S1,F06,COST,50,True,1,1,1,0,-0.18971555794908634,True,0,0.0,1.1368683772161603e-13,0.2561273914496567,-0.009849939365856208,-0.3140243480708079,7.771561172376096e-16,1.1635187392152657,0.815629084251466,0.9906591784176538,0.9944186774048295,0.9920420713529908,0.9493602693855371,-98.4993936585688,-0.18971555794908568,12561.273914496573,12659.773308155141,-84.53795468565113,12575.23535346949
GIVEBACK_BASELINE,F06,CRM,10,False,0,0,0,0,0.0,False,0,0.0,0.0,-0.23934731772819684,0.0,-0.4979996070756678,0.0,-0.6136157332378409,-0.4806174830813261,1.0,1.0,1.0000000000000002,1.0673463647534176,0.0,0.0,7606.5268227180295,7606.5268227180295,0.0,7606.5268227180295
GIVEBACK_BASELINE,F06,CRM,25,False,0,0,0,0,0.0,False,0,0.0,0.0,-0.24048644550891207,0.0,-0.4979996070756689,0.0,-0.6190511486059047,-0.482904890068259,1.0,1.0,1.0,1.0681464744721234,0.0,0.0,7595.135544910888,7595.135544910888,0.0,7595.135544910888
GIVEBACK_BASELINE,F06,CRM,50,False,0,0,0,0,0.0,False,0,0.0,0.0,-0.24237931344482078,0.0,-0.49799960707566804,0.0,-0.6280278329735253,-0.4867058326975601,1.0,1.0,1.0,1.0694799906699661,0.0,0.0,7576.206865551786,7576.206865551786,0.0,7576.206865551786
HERD_GIVEBACK_S1,F06,CRM,10,False,0,0,0,0,0.0,False,0,0.0,0.0,-0.23934731772819684,0.0,-0.4979996070756678,0.0,-0.6136157332378409,-0.4806174830813261,1.0,1.0,1.0000000000000002,1.0673463647534176,0.0,0.0,7606.5268227180295,7606.5268227180295,0.0,7606.5268227180295
HERD_GIVEBACK_S1,F06,CRM,25,False,0,0,0,0,0.0,False,0,0.0,0.0,-0.24048644550891207,0.0,-0.4979996070756689,0.0,-0.6190511486059047,-0.482904890068259,1.0,1.0,1.0,1.0681464744721234,0.0,0.0,7595.135544910888,7595.135544910888,0.0,7595.135544910888
HERD_GIVEBACK_S1,F06,CRM,50,False,0,0,0,0,0.0,False,0,0.0,0.0,-0.24237931344482078,0.0,-0.49799960707566804,0.0,-0.6280278329735253,-0.4867058326975601,1.0,1.0,1.0,1.0694799906699661,0.0,0.0,7576.206865551786,7576.206865551786,0.0,7576.206865551786
GIVEBACK_BASELINE,F06,CVX,10,True,1,0,0,0,0.0,False,1,780.0775060741826,0.0,0.6308192589634667,-0.003719170885005285,-0.2450842511758793,0.004405122708658671,2.6580679357516956,2.573887371125994,0.9920363237646946,0.9913430686665144,0.9938176533837514,0.7937851505744506,-37.191708850055875,-6.0364701421294455,16308.192589634698,16345.384298484754,-37.191708850055875,16308.192589634698
GIVEBACK_BASELINE,F06,CVX,25,True,1,0,0,0,0.0,False,1,777.7407785012747,0.0,0.6282601481072827,-0.003830452163407161,-0.2451471550110268,0.004342218873511383,2.65014298350775,2.5627878409562754,0.9920041876587004,0.9913553917888859,0.9938264463080164,0.7943021029141728,-38.304521634070625,-6.027430128209005,16282.601481072847,16320.906002706917,-38.304521634070625,16282.601481072847
GIVEBACK_BASELINE,F06,CVX,50,True,1,0,0,0,0.0,False,1,773.8617660788864,0.0,0.6240081086279983,-0.004014977708958423,-0.24525188980473211,0.004237484079806175,2.636973233385203,2.544355964493604,0.9919506002513765,0.991375913969512,0.9938410895590793,0.7951637001139651,-40.149777089593044,-6.0124085013293325,16240.081086279977,16280.23086336957,-40.149777089593044,16240.081086279977
HERD_GIVEBACK_S1,F06,CVX,10,True,1,0,0,0,0.0,False,1,748.3203455304044,0.0,0.6276435429090885,-0.006894886939383449,-0.24679125913454136,0.002698114749996594,2.634033665993001,2.5432162594013135,0.9933292714567588,0.9941928100268861,0.9948423701892725,0.7916569520800548,-68.94886939383287,-6.0364701421294455,16276.435429090921,16345.384298484754,-68.94886939383287,16276.435429090921
HERD_GIVEBACK_S1,F06,CVX,25,True,1,0,0,0,0.0,False,1,746.0787467518818,0.0,0.6250939449323436,-0.006996655338346258,-0.2468516021380075,0.0026377717465306816,2.6261970077282566,2.532266104486824,0.9932970622818812,0.9942010900582984,0.9948497206852982,0.7921744068850549,-69.96655338346318,-6.027430128209005,16250.939449323454,16320.906002706917,-69.96655338346318,16250.939449323454
HERD_GIVEBACK_S1,F06,CVX,50,True,1,0,0,0,0.0,False,1,742.3576499459418,0.0,0.6208576970147031,-0.007165389322253635,-0.2469520731507011,0.002537300733837178,2.6131738513969287,2.514081736968566,0.9932433491529749,0.9942148790348017,0.9948619617009852,0.793036839897925,-71.65389322253759,-6.0124085013293325,16208.576970147033,16280.23086336957,-71.65389322253759,16208.576970147033
GIVEBACK_BASELINE,F06,DIS,10,False,0,0,0,0,0.0,False,0,0.0,0.0,-0.4057188729876753,0.0,-0.5059975221709031,0.0,-2.3476130213273088,-0.8018198809492229,1.0,1.0,1.0,1.2375379708749275,0.0,0.0,5942.811270123239,5942.811270123239,0.0,5942.811270123239
GIVEBACK_BASELINE,F06,DIS,25,False,0,0,0,0,0.0,False,0,0.0,0.0,-0.4066088483431992,0.0,-0.5059975221709037,0.0,-2.3542742616857693,-0.8035787341382764,1.0,1.0,1.0,1.2384656605082673,0.0,0.0,5933.911516568016,5933.911516568016,0.0,5933.911516568016
GIVEBACK_BASELINE,F06,DIS,50,False,0,0,0,0,0.0,False,0,0.0,0.0,-0.40808770422112417,0.0,-0.505997522170903,0.0,-2.3648293892983143,-0.806501388525161,1.0,1.0,1.0,1.2400118098971664,0.0,0.0,5919.12295778875,5919.12295778875,0.0,5919.12295778875
HERD_GIVEBACK_S1,F06,DIS,10,False,0,0,0,0,0.0,False,0,0.0,0.0,-0.4057188729876753,0.0,-0.5059975221709031,0.0,-2.3476130213273088,-0.8018198809492229,1.0,1.0,1.0,1.2375379708749275,0.0,0.0,5942.811270123239,5942.811270123239,0.0,5942.811270123239
HERD_GIVEBACK_S1,F06,DIS,25,False,0,0,0,0,0.0,False,0,0.0,0.0,-0.4066088483431992,0.0,-0.5059975221709037,0.0,-2.3542742616857693,-0.8035787341382764,1.0,1.0,1.0,1.2384656605082673,0.0,0.0,5933.911516568016,5933.911516568016,0.0,5933.911516568016
HERD_GIVEBACK_S1,F06,DIS,50,False,0,0,0,0,0.0,False,0,0.0,0.0,-0.40808770422112417,0.0,-0.505997522170903,0.0,-2.3648293892983143,-0.806501388525161,1.0,1.0,1.0,1.2400118098971664,0.0,0.0,5919.12295778875,5919.12295778875,0.0,5919.12295778875
GIVEBACK_BASELINE,F06,DUK,10,False,0,0,0,0,0.0,False,0,0.0,0.0,0.06888324518603817,0.0,-0.14493017092896043,0.0,0.632719050039643,0.47528575136920426,1.0,1.0,1.0,0.9911798306481,0.0,0.0,10688.832451860384,10688.832451860384,0.0,10688.832451860384
GIVEBACK_BASELINE,F06,DUK,25,False,0,0,0,0,0.0,False,0,0.0,0.0,0.067282521718798,0.0,-0.14493017092896054,0.0,0.6214926576856352,0.46424096023303135,1.0,1.0,1.0,0.991922844014403,0.0,0.0,10672.825217187983,10672.825217187983,0.0,10672.825217187983
GIVEBACK_BASELINE,F06,DUK,50,False,0,0,0,0,0.0,False,0,0.0,0.0,0.06462262861751844,0.0,-0.14493017092896032,0.0,0.6036045620364008,0.44588803147961636,1.0,1.0,1.0,0.9931611996249079,0.0,0.0,10646.226286175191,10646.226286175191,0.0,10646.226286175191
HERD_GIVEBACK_S1,F06,DUK,10,False,0,0,0,0,0.0,False,0,0.0,0.0,0.06888324518603817,0.0,-0.14493017092896043,0.0,0.632719050039643,0.47528575136920426,1.0,1.0,1.0,0.9911798306481,0.0,0.0,10688.832451860384,10688.832451860384,0.0,10688.832451860384
HERD_GIVEBACK_S1,F06,DUK,25,False,0,0,0,0,0.0,False,0,0.0,0.0,0.067282521718798,0.0,-0.14493017092896054,0.0,0.6214926576856352,0.46424096023303135,1.0,1.0,1.0,0.991922844014403,0.0,0.0,10672.825217187983,10672.825217187983,0.0,10672.825217187983
HERD_GIVEBACK_S1,F06,DUK,50,False,0,0,0,0,0.0,False,0,0.0,0.0,0.06462262861751844,0.0,-0.14493017092896032,0.0,0.6036045620364008,0.44588803147961636,1.0,1.0,1.0,0.9931611996249079,0.0,0.0,10646.226286175191,10646.226286175191,0.0,10646.226286175191
GIVEBACK_BASELINE,F06,EOG,10,True,1,0,0,0,0.0,False,1,853.0234823706189,0.0,0.6149723931228268,0.0047933985062318385,-0.32773743625697127,0.006457839358151918,2.0637444757094006,1.876417903753422,0.9921916202832746,0.9897084782752846,0.9936224189156163,0.7374335416155869,47.9339850623237,-8.861480573229699,16149.723931228276,16101.789946165953,47.9339850623237,16149.723931228276
GIVEBACK_BASELINE,F06,EOG,25,True,1,0,0,0,0.0,False,1,850.468244620431,0.0,0.6124260871234528,0.004658442216705083,-0.3277970658156397,0.0063982097994834675,2.057833210701578,1.8683086305229306,0.9921710612722895,0.9897231112210102,0.9936314734700137,0.7379069608501541,46.58442216705771,-8.848209919047463,16124.260871234545,16077.676449067487,46.58442216705771,16124.260871234545
GIVEBACK_BASELINE,F06,EOG,50,True,1,0,0,0,0.0,False,1,846.2265011283557,0.0,0.6081953615742453,0.004434612667498117,-0.32789634894378616,0.006298926671337357,2.0480098882641404,1.8548402979580383,0.9921367993047011,0.9897474801486347,0.9936465525265714,0.7386960019366632,44.34612667498368,-8.826158314113059,16081.953615742446,16037.607489067463,44.34612667498368,16081.953615742446
HERD_GIVEBACK_S1,F06,EOG,10,True,1,0,0,0,0.0,False,1,813.3323848585081,0.0,0.6110032833716164,0.0008242887550213851,-0.3295869102471557,0.004608365367967493,2.04430426782631,1.8538457213407773,0.9949220695992321,0.993872922057566,0.9956381836707983,0.7349236098941749,8.24288755021189,-8.861480573229699,16110.032833716165,16101.789946165953,8.24288755021189,16110.032833716165
HERD_GIVEBACK_S1,F06,EOG,25,True,1,0,0,0,0.0,False,1,810.8960420658511,0.0,0.6084688668679963,0.0007012219612485548,-0.3296437652484093,0.004551510366713862,2.038333974657087,1.8458376314488247,0.9949265580143949,0.9939122306893224,0.9956443847433613,0.7353966178977706,7.0122196124775655,-8.848209919047463,16084.688668679964,16077.676449067487,7.0122196124775655,16084.688668679964
HERD_GIVEBACK_S1,F06,EOG,50,True,1,0,0,0,0.0,False,1,806.8516664751813,0.0,0.6042578781089283,0.0004971292021811458,-0.32973842874251114,0.0044568468726123855,2.028413437747313,1.8325370215819952,0.9949340535242853,0.9939776821044111,0.9956547116838832,0.7361849706144,4.97129202180804,-8.826158314113059,16042.57878108927,16037.607489067463,4.97129202180804,16042.57878108927
GIVEBACK_BASELINE,F06,FCX,10,True,2,0,0,0,0.0,False,2,1003.4979089568933,0.0,-0.16254616289687351,0.020718051831727813,-0.4900843065805979,0.022485350073410904,-0.2024815677522565,-0.3316697978578133,0.9748630163924376,0.969883109556935,0.9774175083775283,1.028170260026438,207.18051831728008,-28.67872058864259,8374.53837103126,8167.35785271398,207.18051831728008,8374.53837103126
GIVEBACK_BASELINE,F06,FCX,25,True,2,0,0,0,0.0,False,2,1000.4919240195554,0.0,-0.16395062352884993,0.02053670714240352,-0.4901893344071182,0.02238032224689146,-0.20808320390348425,-0.3344638734891029,0.9748608990203081,0.9699478503743418,0.9774480865391294,1.028829818554868,205.36707142402702,-28.63577230475522,8360.493764711508,8155.1266932874805,205.36707142402702,8360.493764711508
GIVEBACK_BASELINE,F06,FCX,50,True,2,0,0,0,0.0,False,2,995.5019315837087,0.0,-0.16628389043100456,0.02023586977882952,-0.4903642055849752,0.02220545106903382,-0.2173924574829395,-0.33910283119592266,0.974857424282935,0.9700556700356294,0.9774990187304071,1.0299291176733898,202.358697788296,-28.564405921765513,8337.161095689959,8134.8023979016625,202.358697788296,8337.161095689959
HERD_GIVEBACK_S1,F06,FCX,10,False,0,0,0,0,0.0,False,0,0.0,0.0,-0.18326421472860133,0.0,-0.5125696566540088,0.0,-0.24998087989185944,-0.35754011644959127,1.0,1.0,1.0,0.9368910660498369,0.0,0.0,8167.35785271398,8167.35785271398,0.0,8167.35785271398
HERD_GIVEBACK_S1,F06,FCX,25,False,0,0,0,0,0.0,False,0,0.0,0.0,-0.18448733067125345,0.0,-0.5125696566540097,0.0,-0.2548110510071957,-0.3599263598152953,1.0,1.0,1.0,0.937593383190804,0.0,0.0,8155.1266932874805,8155.1266932874805,0.0,8155.1266932874805
HERD_GIVEBACK_S1,F06,FCX,50,False,0,0,0,0,0.0,False,0,0.0,0.0,-0.18651976020983407,0.0,-0.512569656654009,0.0,-0.2628372585880917,-0.36389153705939575,1.0,1.0,1.0,0.938763911759082,0.0,0.0,8134.8023979016625,8134.8023979016625,0.0,8134.8023979016625
GIVEBACK_BASELINE,F06,GE,10,False,0,0,0,0,0.0,False,0,0.0,0.0,-0.25584513024639766,0.0,-0.4494429799893257,0.0,-0.93662233436832,-0.569249363406397,1.0,1.0,1.0000000000000002,1.0960738721522,0.0,0.0,7441.548697536016,7441.548697536016,0.0,7441.548697536016
GIVEBACK_BASELINE,F06,GE,25,False,0,0,0,0,0.0,False,0,0.0,0.0,-0.25695955145997873,0.0,-0.44944297998932614,0.0,-0.9426563346002627,-0.5717289242477016,1.0,1.0,1.0,1.0968955167340229,0.0,0.0,7430.4044854002195,7430.4044854002195,0.0,7430.4044854002195
GIVEBACK_BASELINE,F06,GE,50,False,0,0,0,0,0.0,False,0,0.0,0.0,-0.2588113649421855,0.0,-0.4494429799893259,0.0,-0.9526829231513235,-0.5758491654454857,1.0,1.0,1.0,1.098264924370395,0.0,0.0,7411.886350578147,7411.886350578147,0.0,7411.886350578147
HERD_GIVEBACK_S1,F06,GE,10,False,0,0,0,0,0.0,False,0,0.0,0.0,-0.25584513024639766,0.0,-0.4494429799893257,0.0,-0.93662233436832,-0.569249363406397,1.0,1.0,1.0000000000000002,1.0960738721522,0.0,0.0,7441.548697536016,7441.548697536016,0.0,7441.548697536016
HERD_GIVEBACK_S1,F06,GE,25,False,0,0,0,0,0.0,False,0,0.0,0.0,-0.25695955145997873,0.0,-0.44944297998932614,0.0,-0.9426563346002627,-0.5717289242477016,1.0,1.0,1.0,1.0968955167340229,0.0,0.0,7430.4044854002195,7430.4044854002195,0.0,7430.4044854002195
HERD_GIVEBACK_S1,F06,GE,50,False,0,0,0,0,0.0,False,0,0.0,0.0,-0.2588113649421855,0.0,-0.4494429799893259,0.0,-0.9526829231513235,-0.5758491654454857,1.0,1.0,1.0,1.098264924370395,0.0,0.0,7411.886350578147,7411.886350578147,0.0,7411.886350578147
GIVEBACK_BASELINE,F06,GOOGL,10,False,0,0,0,0,0.0,False,0,0.0,0.0,-0.1488884951889774,0.0,-0.29911214955618115,0.0,-0.5132804726866335,-0.4977681294788469,1.0,1.0,1.0,1.023294503452394,0.0,0.0,8511.115048110214,8511.115048110214,0.0,8511.115048110214
GIVEBACK_BASELINE,F06,GOOGL,25,False,0,0,0,0,0.0,False,0,0.0,0.0,-0.15016309104883974,0.0,-0.29911214955618215,0.0,-0.520486122910944,-0.5020293935624124,1.0,1.0,1.0000000000000002,1.0240615907863164,0.0,0.0,8498.369089511603,8498.369089511603,0.0,8498.369089511603
GIVEBACK_BASELINE,F06,GOOGL,50,False,0,0,0,0,0.0,False,0,0.0,0.0,-0.15228106383048967,0.0,-0.2991121495561825,0.0,-0.531811011420018,-0.5091102586653258,1.0,1.0,1.0,1.025340069676187,0.0,0.0,8477.1893616951,8477.1893616951,0.0,8477.1893616951
HERD_GIVEBACK_S1,F06,GOOGL,10,False,0,0,0,0,0.0,False,0,0.0,0.0,-0.1488884951889774,0.0,-0.29911214955618115,0.0,-0.5132804726866335,-0.4977681294788469,1.0,1.0,1.0,1.023294503452394,0.0,0.0,8511.115048110214,8511.115048110214,0.0,8511.115048110214
HERD_GIVEBACK_S1,F06,GOOGL,25,False,0,0,0,0,0.0,False,0,0.0,0.0,-0.15016309104883974,0.0,-0.29911214955618215,0.0,-0.520486122910944,-0.5020293935624124,1.0,1.0,1.0000000000000002,1.0240615907863164,0.0,0.0,8498.369089511603,8498.369089511603,0.0,8498.369089511603
HERD_GIVEBACK_S1,F06,GOOGL,50,False,0,0,0,0,0.0,False,0,0.0,0.0,-0.15228106383048967,0.0,-0.2991121495561825,0.0,-0.531811011420018,-0.5091102586653258,1.0,1.0,1.0,1.025340069676187,0.0,0.0,8477.1893616951,8477.1893616951,0.0,8477.1893616951
GIVEBACK_BASELINE,F06,GS,10,False,0,0,0,0,0.0,False,0,0.0,0.0,-0.11934340099886942,0.0,-0.3284012449820757,0.0,-0.4824834279145658,-0.36340727333534695,1.0,1.0,1.0000000000000002,1.0517810687428875,0.0,0.0,8806.565990011311,8806.565990011311,0.0,8806.565990011311
GIVEBACK_BASELINE,F06,GS,25,False,0,0,0,0,0.0,False,0,0.0,0.0,-0.12066224259447655,0.0,-0.32840124498207457,0.0,-0.49136788587922503,-0.3674232191204475,1.0,1.0,1.0,1.052569510323654,0.0,0.0,8793.377574055225,8793.377574055225,0.0,8793.377574055225
GIVEBACK_BASELINE,F06,GS,50,False,0,0,0,0,0.0,False,0,0.0,0.0,-0.12285373771129982,0.0,-0.3284012449820751,0.0,-0.5060276345296018,-0.37409644326410957,1.0,1.0,1.0,1.0538835796249317,0.0,0.0,8771.462622886995,8771.462622886995,0.0,8771.462622886995
HERD_GIVEBACK_S1,F06,GS,10,False,0,0,0,0,0.0,False,0,0.0,0.0,-0.11934340099886942,0.0,-0.3284012449820757,0.0,-0.4824834279145658,-0.36340727333534695,1.0,1.0,1.0000000000000002,1.0517810687428875,0.0,0.0,8806.565990011311,8806.565990011311,0.0,8806.565990011311
HERD_GIVEBACK_S1,F06,GS,25,False,0,0,0,0,0.0,False,0,0.0,0.0,-0.12066224259447655,0.0,-0.32840124498207457,0.0,-0.49136788587922503,-0.3674232191204475,1.0,1.0,1.0,1.052569510323654,0.0,0.0,8793.377574055225,8793.377574055225,0.0,8793.377574055225
HERD_GIVEBACK_S1,F06,GS,50,False,0,0,0,0,0.0,False,0,0.0,0.0,-0.12285373771129982,0.0,-0.3284012449820751,0.0,-0.5060276345296018,-0.37409644326410957,1.0,1.0,1.0,1.0538835796249317,0.0,0.0,8771.462622886995,8771.462622886995,0.0,8771.462622886995
GIVEBACK_BASELINE,F06,HD,10,False,0,0,0,0,0.0,False,0,0.0,0.0,-0.06519988200156701,0.0,-0.34568638247026784,0.0,-0.13677585281457935,-0.18860992306277727,1.0,1.0,1.0,0.9690687594731268,0.0,0.0,9348.001179984336,9348.001179984336,0.0,9348.001179984336
GIVEBACK_BASELINE,F06,HD,25,False,0,0,0,0,0.0,False,0,0.0,0.0,-0.06659980710358104,0.0,-0.3456863824702676,0.0,-0.1437028288982416,-0.192659620051158,1.0,1.0,0.9999999999999998,0.969795197823556,0.0,0.0,9334.001928964191,9334.001928964191,0.0,9334.001928964191
GIVEBACK_BASELINE,F06,HD,50,False,0,0,0,0,0.0,False,0,0.0,0.0,-0.06892603720975754,0.0,-0.3456863824702684,0.0,-0.1552132591972711,-0.19938892795606633,1.0,1.0,1.0000000000000002,0.9710059284076061,0.0,0.0,9310.739627902427,9310.739627902427,0.0,9310.739627902427
HERD_GIVEBACK_S1,F06,HD,10,False,0,0,0,0,0.0,False,0,0.0,0.0,-0.06519988200156701,0.0,-0.34568638247026784,0.0,-0.13677585281457935,-0.18860992306277727,1.0,1.0,1.0,0.9690687594731268,0.0,0.0,9348.001179984336,9348.001179984336,0.0,9348.001179984336
HERD_GIVEBACK_S1,F06,HD,25,False,0,0,0,0,0.0,False,0,0.0,0.0,-0.06659980710358104,0.0,-0.3456863824702676,0.0,-0.1437028288982416,-0.192659620051158,1.0,1.0,0.9999999999999998,0.969795197823556,0.0,0.0,9334.001928964191,9334.001928964191,0.0,9334.001928964191
HERD_GIVEBACK_S1,F06,HD,50,False,0,0,0,0,0.0,False,0,0.0,0.0,-0.06892603720975754,0.0,-0.3456863824702684,0.0,-0.1552132591972711,-0.19938892795606633,1.0,1.0,1.0000000000000002,0.9710059284076061,0.0,0.0,9310.739627902427,9310.739627902427,0.0,9310.739627902427
GIVEBACK_BASELINE,F06,HON,10,False,0,0,0,0,0.0,False,0,0.0,0.0,-0.1742693091655919,0.0,-0.2638911897978088,0.0,-1.0398028767767655,-0.660383203013013,1.0,1.0,1.0,1.13893977486089,0.0,0.0,8257.30690834408,8257.30690834408,0.0,8257.30690834408
GIVEBACK_BASELINE,F06,HON,25,False,0,0,0,0,0.0,False,0,0.0,0.0,-0.17550589557518392,0.0,-0.263891189797808,0.0,-1.0499984100321331,-0.6650691738123413,1.0,1.0,1.0,1.1397935528030647,0.0,0.0,8244.941044248151,8244.941044248151,0.0,8244.941044248151
GIVEBACK_BASELINE,F06,HON,50,False,0,0,0,0,0.0,False,0,0.0,0.0,-0.17756070874393504,0.0,-0.26389118979780846,0.0,-1.0665733418800716,-0.6728557663481709,1.0,1.0,1.0,1.141216516040022,0.0,0.0,8224.392912560646,8224.392912560646,0.0,8224.392912560646
HERD_GIVEBACK_S1,F06,HON,10,False,0,0,0,0,0.0,False,0,0.0,0.0,-0.1742693091655919,0.0,-0.2638911897978088,0.0,-1.0398028767767655,-0.660383203013013,1.0,1.0,1.0,1.13893977486089,0.0,0.0,8257.30690834408,8257.30690834408,0.0,8257.30690834408
HERD_GIVEBACK_S1,F06,HON,25,False,0,0,0,0,0.0,False,0,0.0,0.0,-0.17550589557518392,0.0,-0.263891189797808,0.0,-1.0499984100321331,-0.6650691738123413,1.0,1.0,1.0,1.1397935528030647,0.0,0.0,8244.941044248151,8244.941044248151,0.0,8244.941044248151
HERD_GIVEBACK_S1,F06,HON,50,False,0,0,0,0,0.0,False,0,0.0,0.0,-0.17756070874393504,0.0,-0.26389118979780846,0.0,-1.0665733418800716,-0.6728557663481709,1.0,1.0,1.0,1.141216516040022,0.0,0.0,8224.392912560646,8224.392912560646,0.0,8224.392912560646
GIVEBACK_BASELINE,F06,JNJ,10,False,0,0,0,0,0.0,False,0,0.0,0.0,0.02568155749373857,0.0,-0.12027609898765168,0.0,0.4194482705063095,0.2135217030640078,1.0,1.0,1.0000000000000002,0.9958248877157593,0.0,0.0,10256.815574937404,10256.815574937404,0.0,10256.815574937404
GIVEBACK_BASELINE,F06,JNJ,25,False,0,0,0,0,0.0,False,0,0.0,0.0,0.02414553141569087,0.0,-0.12027609898765301,0.0,0.40325658704945583,0.20075086919945365,1.0,1.0,1.0,0.9965713831338373,0.0,0.0,10241.455314156914,10241.455314156914,0.0,10241.455314156914
GIVEBACK_BASELINE,F06,JNJ,50,False,0,0,0,0,0.0,False,0,0.0,0.0,0.021593144790514218,0.0,-0.12027609898765246,0.0,0.37635116084285736,0.17952980660547505,1.0,1.0,1.0000000000000002,0.997815542163967,0.0,0.0,10215.931447905159,10215.931447905159,0.0,10215.931447905159
HERD_GIVEBACK_S1,F06,JNJ,10,False,0,0,0,0,0.0,False,0,0.0,0.0,0.02568155749373857,0.0,-0.12027609898765168,0.0,0.4194482705063095,0.2135217030640078,1.0,1.0,1.0000000000000002,0.9958248877157593,0.0,0.0,10256.815574937404,10256.815574937404,0.0,10256.815574937404
HERD_GIVEBACK_S1,F06,JNJ,25,False,0,0,0,0,0.0,False,0,0.0,0.0,0.02414553141569087,0.0,-0.12027609898765301,0.0,0.40325658704945583,0.20075086919945365,1.0,1.0,1.0,0.9965713831338373,0.0,0.0,10241.455314156914,10241.455314156914,0.0,10241.455314156914
HERD_GIVEBACK_S1,F06,JNJ,50,False,0,0,0,0,0.0,False,0,0.0,0.0,0.021593144790514218,0.0,-0.12027609898765246,0.0,0.37635116084285736,0.17952980660547505,1.0,1.0,1.0000000000000002,0.997815542163967,0.0,0.0,10215.931447905159,10215.931447905159,0.0,10215.931447905159
GIVEBACK_BASELINE,F06,JPM,10,False,0,0,0,0,0.0,False,0,0.0,0.0,-0.2397016066689186,0.0,-0.3571958973471131,0.0,-1.3609401584740275,-0.6710648371080903,1.0,1.0,1.0000000000000002,1.0382639184988696,0.0,0.0,7602.983933310818,7602.983933310818,0.0,7602.983933310818
GIVEBACK_BASELINE,F06,JPM,25,False,0,0,0,0,0.0,False,0,0.0,0.0,-0.24084020387847327,0.0,-0.3571958973471123,0.0,-1.3695555105886714,-0.6742524358963505,1.0,1.0,1.0,1.039042227283351,0.0,0.0,7591.597961215263,7591.597961215263,0.0,7591.597961215263
GIVEBACK_BASELINE,F06,JPM,50,False,0,0,0,0,0.0,False,0,0.0,0.0,-0.242732190173931,0.0,-0.35719589734711266,0.0,-1.3838714846615292,-0.679549210885955,1.0,1.0,1.0000000000000002,1.0403394085908213,0.0,0.0,7572.678098260697,7572.678098260697,0.0,7572.678098260697
HERD_GIVEBACK_S1,F06,JPM,10,False,0,0,0,0,0.0,False,0,0.0,0.0,-0.2397016066689186,0.0,-0.3571958973471131,0.0,-1.3609401584740275,-0.6710648371080903,1.0,1.0,1.0000000000000002,1.0382639184988696,0.0,0.0,7602.983933310818,7602.983933310818,0.0,7602.983933310818
HERD_GIVEBACK_S1,F06,JPM,25,False,0,0,0,0,0.0,False,0,0.0,0.0,-0.24084020387847327,0.0,-0.3571958973471123,0.0,-1.3695555105886714,-0.6742524358963505,1.0,1.0,1.0,1.039042227283351,0.0,0.0,7591.597961215263,7591.597961215263,0.0,7591.597961215263
HERD_GIVEBACK_S1,F06,JPM,50,False,0,0,0,0,0.0,False,0,0.0,0.0,-0.242732190173931,0.0,-0.35719589734711266,0.0,-1.3838714846615292,-0.679549210885955,1.0,1.0,1.0000000000000002,1.0403394085908213,0.0,0.0,7572.678098260697,7572.678098260697,0.0,7572.678098260697
GIVEBACK_BASELINE,F06,KO,10,False,0,0,0,0,0.0,False,0,0.0,0.0,0.14942247208409842,0.0,-0.10139291851288634,0.0,1.037148291318515,1.4736973180736272,1.0,1.0,1.0000000000000002,0.9433914513262902,0.0,0.0,11494.224720840974,11494.224720840974,0.0,11494.224720840974
GIVEBACK_BASELINE,F06,KO,25,False,0,0,0,0,0.0,False,0,0.0,0.0,0.1477011357893001,0.0,-0.10139291851288668,0.0,1.028216616312633,1.456720429351561,1.0,1.0,1.0,0.9440986413197877,0.0,0.0,11477.01135789302,11477.01135789302,0.0,11477.01135789302
GIVEBACK_BASELINE,F06,KO,50,False,0,0,0,0,0.0,False,0,0.0,0.0,0.1448408225439397,0.0,-0.10139291851288579,0.0,1.0128206994244144,1.4285102418225808,1.0,1.0,1.0,0.9452772913089512,0.0,0.0,11448.40822543939,11448.40822543939,0.0,11448.40822543939
HERD_GIVEBACK_S1,F06,KO,10,False,0,0,0,0,0.0,False,0,0.0,0.0,0.14942247208409842,0.0,-0.10139291851288634,0.0,1.037148291318515,1.4736973180736272,1.0,1.0,1.0000000000000002,0.9433914513262902,0.0,0.0,11494.224720840974,11494.224720840974,0.0,11494.224720840974
HERD_GIVEBACK_S1,F06,KO,25,False,0,0,0,0,0.0,False,0,0.0,0.0,0.1477011357893001,0.0,-0.10139291851288668,0.0,1.028216616312633,1.456720429351561,1.0,1.0,1.0,0.9440986413197877,0.0,0.0,11477.01135789302,11477.01135789302,0.0,11477.01135789302
HERD_GIVEBACK_S1,F06,KO,50,False,0,0,0,0,0.0,False,0,0.0,0.0,0.1448408225439397,0.0,-0.10139291851288579,0.0,1.0128206994244144,1.4285102418225808,1.0,1.0,1.0,0.9452772913089512,0.0,0.0,11448.40822543939,11448.40822543939,0.0,11448.40822543939
GIVEBACK_BASELINE,F06,LIN,10,False,0,0,0,0,0.0,False,0,0.0,0.0,0.003200677280358999,0.0,-0.21776407436788459,0.0,0.20868080607957504,0.014697912360658092,1.0,1.0,1.0000000000000002,0.9587179408484856,0.0,0.0,10032.006772803587,10032.006772803587,0.0,10032.006772803587
GIVEBACK_BASELINE,F06,LIN,25,False,0,0,0,0,0.0,False,0,0.0,0.0,0.001698317809662342,0.0,-0.21776407436788436,0.0,0.20036243568907217,0.007798888841477372,1.0,1.0,1.0,0.9594366199645639,0.0,0.0,10016.983178096627,10016.983178096627,0.0,10016.983178096627
GIVEBACK_BASELINE,F06,LIN,50,False,0,0,0,0,0.0,False,0,0.0,0.0,-0.0007981256257775238,0.0,-0.21776407436788459,0.0,0.18653995075122265,-0.0036650931890133197,1.0,1.0,1.0,0.9606344184913607,0.0,0.0,9992.018743742226,9992.018743742226,0.0,9992.018743742226
HERD_GIVEBACK_S1,F06,LIN,10,False,0,0,0,0,0.0,False,0,0.0,0.0,0.003200677280358999,0.0,-0.21776407436788459,0.0,0.20868080607957504,0.014697912360658092,1.0,1.0,1.0000000000000002,0.9587179408484856,0.0,0.0,10032.006772803587,10032.006772803587,0.0,10032.006772803587
HERD_GIVEBACK_S1,F06,LIN,25,False,0,0,0,0,0.0,False,0,0.0,0.0,0.001698317809662342,0.0,-0.21776407436788436,0.0,0.20036243568907217,0.007798888841477372,1.0,1.0,1.0,0.9594366199645639,0.0,0.0,10016.983178096627,10016.983178096627,0.0,10016.983178096627
HERD_GIVEBACK_S1,F06,LIN,50,False,0,0,0,0,0.0,False,0,0.0,0.0,-0.0007981256257775238,0.0,-0.21776407436788459,0.0,0.18653995075122265,-0.0036650931890133197,1.0,1.0,1.0,0.9606344184913607,0.0,0.0,9992.018743742226,9992.018743742226,0.0,9992.018743742226
GIVEBACK_BASELINE,F06,LLY,10,False,0,0,0,0,0.0,False,0,0.0,0.0,0.32538640930607876,0.0,-0.18741518666304924,0.0,2.0503175878491553,1.7361795225863195,1.0,1.0,1.0000000000000002,0.8926118591716656,0.0,0.0,13253.864093060793,13253.864093060793,0.0,13253.864093060793
GIVEBACK_BASELINE,F06,LLY,25,False,0,0,0,0,0.0,False,0,0.0,0.0,0.32340155535866044,0.0,-0.1874151866630498,0.0,2.040310042259079,1.7255888443026657,1.0,1.0,1.0,0.8932809835038781,0.0,0.0,13234.01555358661,13234.01555358661,0.0,13234.01555358661
GIVEBACK_BASELINE,F06,LLY,50,False,0,0,0,0,0.0,False,0,0.0,0.0,0.3201033596178995,0.0,-0.18741518666304957,0.0,2.0236806855834333,1.7079905066253123,1.0,1.0,1.0,0.8943961907242324,0.0,0.0,13201.033596179008,13201.033596179008,0.0,13201.033596179008
HERD_GIVEBACK_S1,F06,LLY,10,False,0,0,0,0,0.0,False,0,0.0,0.0,0.32538640930607876,0.0,-0.18741518666304924,0.0,2.0503175878491553,1.7361795225863195,1.0,1.0,1.0000000000000002,0.8926118591716656,0.0,0.0,13253.864093060793,13253.864093060793,0.0,13253.864093060793
HERD_GIVEBACK_S1,F06,LLY,25,False,0,0,0,0,0.0,False,0,0.0,0.0,0.32340155535866044,0.0,-0.1874151866630498,0.0,2.040310042259079,1.7255888443026657,1.0,1.0,1.0,0.8932809835038781,0.0,0.0,13234.01555358661,13234.01555358661,0.0,13234.01555358661
HERD_GIVEBACK_S1,F06,LLY,50,False,0,0,0,0,0.0,False,0,0.0,0.0,0.3201033596178995,0.0,-0.18741518666304957,0.0,2.0236806855834333,1.7079905066253123,1.0,1.0,1.0,0.8943961907242324,0.0,0.0,13201.033596179008,13201.033596179008,0.0,13201.033596179008
GIVEBACK_BASELINE,F06,MA,10,False,0,0,0,0,0.0,False,0,0.0,0.0,-0.0692358653877051,0.0,-0.22064651331269414,0.0,-0.07708831979728639,-0.31378635605080213,1.0,1.0,1.0,1.0761834748149526,0.0,0.0,9307.641346122957,9307.641346122957,0.0,9307.641346122957
GIVEBACK_BASELINE,F06,MA,25,False,0,0,0,0,0.0,False,0,0.0,0.0,-0.0706297463372374,0.0,-0.2206465133126937,0.0,-0.0837698504488776,-0.320103614042353,1.0,1.0,1.0,1.0769902090539445,0.0,0.0,9293.702536627634,9293.702536627634,0.0,9293.702536627634
GIVEBACK_BASELINE,F06,MA,50,False,0,0,0,0,0.0,False,0,0.0,0.0,-0.07294593298505248,0.0,-0.22064651331269447,0.0,-0.09483531462372137,-0.33060088686593203,1.0,1.0,1.0,1.0783347661189306,0.0,0.0,9270.54067014948,9270.54067014948,0.0,9270.54067014948
HERD_GIVEBACK_S1,F06,MA,10,False,0,0,0,0,0.0,False,0,0.0,0.0,-0.0692358653877051,0.0,-0.22064651331269414,0.0,-0.07708831979728639,-0.31378635605080213,1.0,1.0,1.0,1.0761834748149526,0.0,0.0,9307.641346122957,9307.641346122957,0.0,9307.641346122957
HERD_GIVEBACK_S1,F06,MA,25,False,0,0,0,0,0.0,False,0,0.0,0.0,-0.0706297463372374,0.0,-0.2206465133126937,0.0,-0.0837698504488776,-0.320103614042353,1.0,1.0,1.0,1.0769902090539445,0.0,0.0,9293.702536627634,9293.702536627634,0.0,9293.702536627634
HERD_GIVEBACK_S1,F06,MA,50,False,0,0,0,0,0.0,False,0,0.0,0.0,-0.07294593298505248,0.0,-0.22064651331269447,0.0,-0.09483531462372137,-0.33060088686593203,1.0,1.0,1.0,1.0783347661189306,0.0,0.0,9270.54067014948,9270.54067014948,0.0,9270.54067014948
GIVEBACK_BASELINE,F06,MCD,10,False,0,0,0,0,0.0,False,0,0.0,0.0,0.11291050769543931,0.0,-0.17225337657361472,0.0,1.0484623947048262,0.6554908237005476,1.0,1.0,1.0000000000000002,0.9541226069346511,0.0,0.0,11129.105076954393,11129.105076954393,0.0,11129.105076954393
GIVEBACK_BASELINE,F06,MCD,25,False,0,0,0,0,0.0,False,0,0.0,0.0,0.11124385048603047,0.0,-0.17225337657361472,0.0,1.0349299678368007,0.6458152095409808,1.0,1.0,1.0,0.954837841272683,0.0,0.0,11112.438504860302,11112.438504860302,0.0,11112.438504860302
GIVEBACK_BASELINE,F06,MCD,50,False,0,0,0,0,0.0,False,0,0.0,0.0,0.10847439648336676,0.0,-0.1722533765736146,0.0,1.011813297039286,0.6297374172924203,1.0,1.0,1.0,0.9560298985027361,0.0,0.0,11084.743964833668,11084.743964833668,0.0,11084.743964833668
HERD_GIVEBACK_S1,F06,MCD,10,False,0,0,0,0,0.0,False,0,0.0,0.0,0.11291050769543931,0.0,-0.17225337657361472,0.0,1.0484623947048262,0.6554908237005476,1.0,1.0,1.0000000000000002,0.9541226069346511,0.0,0.0,11129.105076954393,11129.105076954393,0.0,11129.105076954393
HERD_GIVEBACK_S1,F06,MCD,25,False,0,0,0,0,0.0,False,0,0.0,0.0,0.11124385048603047,0.0,-0.17225337657361472,0.0,1.0349299678368007,0.6458152095409808,1.0,1.0,1.0,0.954837841272683,0.0,0.0,11112.438504860302,11112.438504860302,0.0,11112.438504860302
HERD_GIVEBACK_S1,F06,MCD,50,False,0,0,0,0,0.0,False,0,0.0,0.0,0.10847439648336676,0.0,-0.1722533765736146,0.0,1.011813297039286,0.6297374172924203,1.0,1.0,1.0,0.9560298985027361,0.0,0.0,11084.743964833668,11084.743964833668,0.0,11084.743964833668
GIVEBACK_BASELINE,F06,META,10,False,0,0,0,0,0.0,False,0,0.0,0.0,-0.5463104887458353,0.0,-0.5922077809407018,0.0,-1.4150243192893097,-0.9224979919683591,1.0,1.0,1.0000000000000002,1.3146165226672755,0.0,0.0,4536.895112541645,4536.895112541645,0.0,4536.895112541645
GIVEBACK_BASELINE,F06,META,25,False,0,0,0,0,0.0,False,0,0.0,0.0,-0.5469899188433466,0.0,-0.5922077809407014,0.0,-1.4186899521517709,-0.9236452752688797,1.0,1.0,1.0,1.315601992324447,0.0,0.0,4530.100811566533,4530.100811566533,0.0,4530.100811566533
GIVEBACK_BASELINE,F06,META,50,False,0,0,0,0,0.0,False,0,0.0,0.0,-0.5481189154915243,0.0,-0.5922077809407014,0.0,-1.4247185299698883,-0.9255516950838716,1.0,1.0,1.0,1.3172444417530669,0.0,0.0,4518.81084508476,4518.81084508476,0.0,4518.81084508476
HERD_GIVEBACK_S1,F06,META,10,False,0,0,0,0,0.0,False,0,0.0,0.0,-0.5463104887458353,0.0,-0.5922077809407018,0.0,-1.4150243192893097,-0.9224979919683591,1.0,1.0,1.0000000000000002,1.3146165226672755,0.0,0.0,4536.895112541645,4536.895112541645,0.0,4536.895112541645
HERD_GIVEBACK_S1,F06,META,25,False,0,0,0,0,0.0,False,0,0.0,0.0,-0.5469899188433466,0.0,-0.5922077809407014,0.0,-1.4186899521517709,-0.9236452752688797,1.0,1.0,1.0,1.315601992324447,0.0,0.0,4530.100811566533,4530.100811566533,0.0,4530.100811566533
HERD_GIVEBACK_S1,F06,META,50,False,0,0,0,0,0.0,False,0,0.0,0.0,-0.5481189154915243,0.0,-0.5922077809407014,0.0,-1.4247185299698883,-0.9255516950838716,1.0,1.0,1.0,1.3172444417530669,0.0,0.0,4518.81084508476,4518.81084508476,0.0,4518.81084508476
GIVEBACK_BASELINE,F06,MRK,10,False,0,0,0,0,0.0,False,0,0.0,0.0,0.18744913163386112,0.0,-0.20167901364141205,0.0,1.0724851451308706,0.9294429214491705,1.0,1.0,1.0000000000000002,0.9141771243975445,0.0,0.0,11874.491316338623,11874.491316338623,0.0,11874.491316338623
GIVEBACK_BASELINE,F06,MRK,25,False,0,0,0,0,0.0,False,0,0.0,0.0,0.18567084789733723,0.0,-0.20167901364141172,0.0,1.0653551638121772,0.9206255254077291,1.0,1.0,1.0,0.9148624145957434,0.0,0.0,11856.70847897336,11856.70847897336,0.0,11856.70847897336
GIVEBACK_BASELINE,F06,MRK,50,False,0,0,0,0,0.0,False,0,0.0,0.0,0.18271590612275035,0.0,-0.2016790136414116,0.0,1.05317717230134,0.9059738186126894,1.0,1.0,1.0,0.9160045649260752,0.0,0.0,11827.159061227521,11827.159061227521,0.0,11827.159061227521
HERD_GIVEBACK_S1,F06,MRK,10,False,0,0,0,0,0.0,False,0,0.0,0.0,0.18744913163386112,0.0,-0.20167901364141205,0.0,1.0724851451308706,0.9294429214491705,1.0,1.0,1.0000000000000002,0.9141771243975445,0.0,0.0,11874.491316338623,11874.491316338623,0.0,11874.491316338623
HERD_GIVEBACK_S1,F06,MRK,25,False,0,0,0,0,0.0,False,0,0.0,0.0,0.18567084789733723,0.0,-0.20167901364141172,0.0,1.0653551638121772,0.9206255254077291,1.0,1.0,1.0,0.9148624145957434,0.0,0.0,11856.70847897336,11856.70847897336,0.0,11856.70847897336
HERD_GIVEBACK_S1,F06,MRK,50,False,0,0,0,0,0.0,False,0,0.0,0.0,0.18271590612275035,0.0,-0.2016790136414116,0.0,1.05317717230134,0.9059738186126894,1.0,1.0,1.0,0.9160045649260752,0.0,0.0,11827.159061227521,11827.159061227521,0.0,11827.159061227521
GIVEBACK_BASELINE,F06,MSFT,10,False,0,0,0,0,0.0,False,0,0.0,0.0,-0.030245936884615965,0.0,-0.29082112072402866,0.0,0.07130976603027187,-0.10400185794386474,1.0,1.0,1.0000000000000002,0.96231609834456,0.0,0.0,9697.540631153825,9697.540631153825,0.0,9697.540631153825
GIVEBACK_BASELINE,F06,MSFT,25,False,0,0,0,0,0.0,False,0,0.0,0.0,-0.0316982078349497,0.0,-0.290821120724029,0.0,0.06377061027380232,-0.1089955494155093,1.0,1.0,1.0,0.9630374747301257,0.0,0.0,9683.017921650506,9683.017921650506,0.0,9683.017921650506
GIVEBACK_BASELINE,F06,MSFT,50,False,0,0,0,0,0.0,False,0,0.0,0.0,-0.0341114200861804,0.0,-0.2908211207240299,0.0,0.051242932135451336,-0.11729347580140129,1.0,1.0,1.0,0.9642397687060682,0.0,0.0,9658.885799138201,9658.885799138201,0.0,9658.885799138201
HERD_GIVEBACK_S1,F06,MSFT,10,False,0,0,0,0,0.0,False,0,0.0,0.0,-0.030245936884615965,0.0,-0.29082112072402866,0.0,0.07130976603027187,-0.10400185794386474,1.0,1.0,1.0000000000000002,0.96231609834456,0.0,0.0,9697.540631153825,9697.540631153825,0.0,9697.540631153825
HERD_GIVEBACK_S1,F06,MSFT,25,False,0,0,0,0,0.0,False,0,0.0,0.0,-0.0316982078349497,0.0,-0.290821120724029,0.0,0.06377061027380232,-0.1089955494155093,1.0,1.0,1.0,0.9630374747301257,0.0,0.0,9683.017921650506,9683.017921650506,0.0,9683.017921650506
HERD_GIVEBACK_S1,F06,MSFT,50,False,0,0,0,0,0.0,False,0,0.0,0.0,-0.0341114200861804,0.0,-0.2908211207240299,0.0,0.051242932135451336,-0.11729347580140129,1.0,1.0,1.0,0.9642397687060682,0.0,0.0,9658.885799138201,9658.885799138201,0.0,9658.885799138201
GIVEBACK_BASELINE,F06,NEE,10,False,0,0,0,0,0.0,False,0,0.0,0.0,0.10894827995339362,0.0,-0.26210956291959475,0.0,0.7001012152516354,0.4156593095644313,1.0,1.0,1.0000000000000002,0.9595222614827748,0.0,0.0,11089.482799533927,11089.482799533927,0.0,11089.482799533927
GIVEBACK_BASELINE,F06,NEE,25,False,0,0,0,0,0.0,False,0,0.0,0.0,0.1072875564425011,0.0,-0.2621095629195954,0.0,0.6926437141289129,0.40932331978826947,1.0,1.0,1.0,0.9602415435378594,0.0,0.0,11072.875564425029,11072.875564425029,0.0,11072.875564425029
GIVEBACK_BASELINE,F06,NEE,50,False,0,0,0,0,0.0,False,0,0.0,0.0,0.10452796235885708,0.0,-0.26210956291959464,0.0,0.6802517200118487,0.3987949206985719,1.0,1.0,1.0000000000000002,0.9614403469630006,0.0,0.0,11045.279623588569,11045.279623588569,0.0,11045.279623588569
HERD_GIVEBACK_S1,F06,NEE,10,False,0,0,0,0,0.0,False,0,0.0,0.0,0.10894827995339362,0.0,-0.26210956291959475,0.0,0.7001012152516354,0.4156593095644313,1.0,1.0,1.0000000000000002,0.9595222614827748,0.0,0.0,11089.482799533927,11089.482799533927,0.0,11089.482799533927
HERD_GIVEBACK_S1,F06,NEE,25,False,0,0,0,0,0.0,False,0,0.0,0.0,0.1072875564425011,0.0,-0.2621095629195954,0.0,0.6926437141289129,0.40932331978826947,1.0,1.0,1.0,0.9602415435378594,0.0,0.0,11072.875564425029,11072.875564425029,0.0,11072.875564425029
HERD_GIVEBACK_S1,F06,NEE,50,False,0,0,0,0,0.0,False,0,0.0,0.0,0.10452796235885708,0.0,-0.26210956291959464,0.0,0.6802517200118487,0.3987949206985719,1.0,1.0,1.0000000000000002,0.9614403469630006,0.0,0.0,11045.279623588569,11045.279623588569,0.0,11045.279623588569
GIVEBACK_BASELINE,F06,NEM,10,True,2,0,0,0,0.0,False,2,1092.8833663274772,0.0,-0.21715306120646927,0.03652161783975416,-0.44753951106741763,0.026185483942435916,-0.8015505933166333,-0.4852153962642132,0.985472957486807,0.9656939538519155,0.9780506722972612,1.0771464165945663,365.21617839754526,-18.123799449591843,7828.469387935307,7463.253209537762,365.21617839754526,7828.469387935307
GIVEBACK_BASELINE,F06,NEM,25,True,2,0,0,0,0.0,False,2,1089.609626633428,0.0,-0.21848913380212487,0.036303216852132225,-0.44765577152900493,0.02606922348084806,-0.8086828580095567,-0.4880739793789709,0.9854401188358125,0.9657763372518384,0.9780805054905591,1.0778292251757264,363.03216852132755,-18.096657859315087,7815.108661978767,7452.076493457439,363.03216852132755,7815.108661978767
GIVEBACK_BASELINE,F06,NEM,50,True,2,0,0,0,0.0,False,2,1084.1751561850488,0.0,-0.2207087170267199,0.03594084823114663,-0.4478493450278538,0.025875649981999538,-0.8205327627621697,-0.49281911311714216,0.985385356602086,0.9659135365743022,0.9781301961612976,1.0789672792117808,359.4084823114699,-18.051557171899447,7792.912829732796,7433.504347421326,359.4084823114699,7792.912829732796
HERD_GIVEBACK_S1,F06,NEM,10,True,2,0,0,0,0.0,False,2,1007.4128676766811,0.0,-0.22570011107154786,0.027974567974675568,-0.4536002974392206,0.020124697570632955,-0.8355700919490958,-0.4975748745001433,0.9894485107038625,0.974270562892307,0.9847194275624989,1.0702307522452414,279.7456797467494,-18.123799449591843,7742.998889284511,7463.253209537762,279.7456797467494,7742.998889284511
HERD_GIVEBACK_S1,F06,NEM,25,True,2,0,0,0,0.0,False,2,1004.3951554533799,0.0,-0.22701058092013016,0.027781769734126938,-0.4537074655859915,0.02001752942386148,-0.8426117556639221,-0.5003457032097363,0.9894121796418258,0.9743403720697412,0.9847403969728211,1.0709089933508424,277.8176973412792,-18.096657859315087,7729.894190798718,7452.076493457439,277.8176973412792,7729.894190798718
HERD_GIVEBACK_S1,F06,NEM,50,True,2,0,0,0,0.0,False,2,999.3856954987432,0.0,-0.22918766309534977,0.02746190216251676,-0.45388590039393995,0.019839094615913377,-0.854312796634097,-0.5049455444560661,0.9893515891973022,0.9744566380152642,0.9847753227477277,1.0720394215581563,274.61902162516435,-18.051557171899447,7708.123369046491,7433.504347421326,274.61902162516435,7708.123369046491
GIVEBACK_BASELINE,F06,NFLX,10,True,3,0,0,0,0.0,False,3,1286.84090611442,0.0,-0.5026262390043932,0.06735227636616825,-0.6979839323572412,0.06148925016853857,-1.1202624571311568,-0.7201114749259582,0.8342962286777058,0.8424550601280762,0.8789347932105591,1.3062462176320015,673.5227636616828,-27.69931067260748,4973.737609956067,4300.214846294384,673.5227636616828,4973.737609956067
GIVEBACK_BASELINE,F06,NFLX,25,True,3,0,0,0,0.0,False,3,1282.9861652664285,0.0,-0.5035638502942343,0.06705865073609285,-0.6981276418819712,0.061345540643808594,-1.1238511979888295,-0.7213062770824498,0.8344007784554852,0.8427071830521115,0.8790736376639756,1.3071576442215036,670.586507360933,-27.657829119949866,4964.361497057659,4293.774989696726,670.586507360933,4964.361497057659
GIVEBACK_BASELINE,F06,NFLX,50,True,3,0,0,0,0.0,False,3,1276.5872218004438,0.0,-0.5051212210024318,0.06657137929787593,-0.6983669180308868,0.061106264494893314,-1.129772106659045,-0.7232891592669797,0.8345751242961448,0.8431265098324516,0.8793050236792913,1.3086769112563472,665.7137929787577,-27.588899977594906,4948.787789975681,4283.073996996924,665.7137929787577,4948.787789975681
HERD_GIVEBACK_S1,F06,NFLX,10,True,1,0,0,0,0.0,False,1,593.6908186433993,0.0,-0.5321105077376944,0.03786800763286702,-0.7273042790048649,0.03216890352091484,-1.0868304530025084,-0.7316202077976983,0.9118134018436871,0.9147335965774042,0.9341451031560528,1.240620688878901,378.6800763286792,-9.710538360248023,4678.894922623063,4300.214846294384,378.6800763286792,4678.894922623063
HERD_GIVEBACK_S1,F06,NFLX,25,True,1,0,0,0,0.0,False,1,591.9124136837588,0.0,-0.5329001346104348,0.03772236641989235,-0.7273705801497676,0.032102602376012146,-1.0898822700528068,-0.7326391101777985,0.9119286122831207,0.9149069044164895,0.9342322853450383,1.2415285565075516,377.22366419892205,-9.695996185784367,4670.998653895648,4293.774989696726,377.22366419892205,4670.998653895648
HERD_GIVEBACK_S1,F06,NFLX,50,True,1,0,0,0,0.0,False,1,588.9602274681027,0.0,-0.5342119475384814,0.03748065276182633,-0.7274809714592576,0.0319922110665225,-1.0949192046603355,-0.7343311625964637,0.9121205357729382,0.9151950810647593,0.9343775110394624,1.2430417991959142,374.80652761825695,-9.6718317187011,4657.880524615181,4283.073996996924,374.80652761825695,4657.880524615181
GIVEBACK_BASELINE,F06,NKE,10,False,0,0,0,0,0.0,False,0,0.0,0.0,-0.3347271433696578,0.0,-0.42625858301398956,0.0,-1.5179577419282897,-0.7852678085749473,1.0,1.0,1.0,1.1863437471074547,0.0,0.0,6652.728566303431,6652.728566303431,0.0,6652.728566303431
GIVEBACK_BASELINE,F06,NKE,25,False,0,0,0,0,0.0,False,0,0.0,0.0,-0.33572343354309,0.0,-0.4262585830139889,0.0,-1.5245284141553144,-0.7876050991613047,1.0,1.0,1.0000000000000002,1.187233060261209,0.0,0.0,6642.765664569102,6642.765664569102,0.0,6642.765664569102
GIVEBACK_BASELINE,F06,NKE,50,False,0,0,0,0,0.0,False,0,0.0,0.0,-0.33737895082226,0.0,-0.42625858301399,0.0,-1.5354467808096188,-0.7914889324614187,1.0,1.0,1.0000000000000002,1.1887152488507986,0.0,0.0,6626.210491777415,6626.210491777415,0.0,6626.210491777415
HERD_GIVEBACK_S1,F06,NKE,10,False,0,0,0,0,0.0,False,0,0.0,0.0,-0.3347271433696578,0.0,-0.42625858301398956,0.0,-1.5179577419282897,-0.7852678085749473,1.0,1.0,1.0,1.1863437471074547,0.0,0.0,6652.728566303431,6652.728566303431,0.0,6652.728566303431
HERD_GIVEBACK_S1,F06,NKE,25,False,0,0,0,0,0.0,False,0,0.0,0.0,-0.33572343354309,0.0,-0.4262585830139889,0.0,-1.5245284141553144,-0.7876050991613047,1.0,1.0,1.0000000000000002,1.187233060261209,0.0,0.0,6642.765664569102,6642.765664569102,0.0,6642.765664569102
HERD_GIVEBACK_S1,F06,NKE,50,False,0,0,0,0,0.0,False,0,0.0,0.0,-0.33737895082226,0.0,-0.42625858301399,0.0,-1.5354467808096188,-0.7914889324614187,1.0,1.0,1.0000000000000002,1.1887152488507986,0.0,0.0,6626.210491777415,6626.210491777415,0.0,6626.210491777415
GIVEBACK_BASELINE,F06,NVDA,10,True,3,0,0,0,0.0,False,3,1772.408939324565,0.0,-0.018369238303869717,0.04343001200821828,-0.5218254053731975,0.0428221009395342,0.43195882810131553,-0.03520188575474293,0.908419331928813,0.9020499355329269,0.9181555532564032,1.005349492506608,434.30012008218,-72.42923227917049,9816.307616961305,9382.007496879125,434.30012008218,9816.307616961305
GIVEBACK_BASELINE,F06,NVDA,25,True,3,0,0,0,0.0,False,3,1767.0996760696462,0.0,-0.020104791742694306,0.043099476342634446,-0.5219827964004513,0.04266470991228022,0.4257894736249995,-0.03851619609177779,0.9084783232320278,0.9022120233248055,0.9182587253859239,1.0059852925551107,430.9947634263481,-72.32076470579835,9798.952082573047,9367.957319146699,430.9947634263481,9798.952082573047
GIVEBACK_BASELINE,F06,NVDA,50,True,3,0,0,0,0.0,False,3,1758.2861976144186,0.0,-0.022987846575057147,0.042551114015696445,-0.5222448522310986,0.04240265408163235,0.4139812241024741,-0.04401737322416879,0.9086061890781144,0.9025141991579178,0.9184306146192253,1.007045083954439,425.5111401569811,-72.14052610991996,9770.121534249432,9344.610394092451,425.5111401569811,9770.121534249432
HERD_GIVEBACK_S1,F06,NVDA,10,True,1,0,0,0,0.0,False,1,749.9893609151297,0.0,-0.03371035170497072,0.028088898607117274,-0.5420209904427533,0.022626515869978436,0.4028805093106868,-0.06219381223120936,0.9538247338114825,0.9490199833058827,0.9578731528155247,0.9209544570615843,280.88898607117335,-25.391492472978257,9662.896482950298,9382.007496879125,280.88898607117335,9662.896482950298
HERD_GIVEBACK_S1,F06,NVDA,25,True,1,0,0,0,0.0,False,1,747.7427625894612,0.0,-0.03526977842211643,0.027934489663212325,-0.5420875899691519,0.022559916343579678,0.39756053782689377,-0.06506287742931635,0.9538494615633504,0.9490910721463626,0.9579317525211635,0.9216016124666272,279.3448966321266,-25.353467030954732,9647.302215778825,9367.957319146699,279.3448966321266,9647.302215778825
HERD_GIVEBACK_S1,F06,NVDA,50,True,1,0,0,0,0.0,False,1,744.0133664397249,0.0,-0.037860675917244624,0.027678284673508968,-0.5421984780833957,0.022449028229335255,0.3873279206267314,-0.06982807486121578,0.9539055489480694,0.9492262187699231,0.9580293493011132,0.9226802820807636,276.7828467351028,-25.290280844844858,9621.393240827554,9344.610394092451,276.7828467351028,9621.393240827554
GIVEBACK_BASELINE,F06,ORCL,10,False,0,0,0,0,0.0,False,0,0.0,0.0,-0.11847031419217036,0.0,-0.3773331391732383,0.0,-0.4023588430570291,-0.3139674253147937,1.0,1.0,1.0000000000000002,1.0526618677826571,0.0,0.0,8815.296858078287,8815.296858078287,0.0,8815.296858078287
GIVEBACK_BASELINE,F06,ORCL,25,False,0,0,0,0,0.0,False,0,0.0,0.0,-0.11979046329311038,0.0,-0.3773331391732384,0.0,-0.410605864455076,-0.3174660554744254,1.0,1.0,1.0,1.0534509696325693,0.0,0.0,8802.095367068898,8802.095367068898,0.0,8802.095367068898
GIVEBACK_BASELINE,F06,ORCL,50,False,0,0,0,0,0.0,False,0,0.0,0.0,-0.12198413106778527,0.0,-0.3773331391732385,0.0,-0.42430979006853536,-0.3232796656425684,1.0,1.0,1.0,1.0547661393824224,0.0,0.0,8780.158689322163,8780.158689322163,0.0,8780.158689322163
HERD_GIVEBACK_S1,F06,ORCL,10,False,0,0,0,0,0.0,False,0,0.0,0.0,-0.11847031419217036,0.0,-0.3773331391732383,0.0,-0.4023588430570291,-0.3139674253147937,1.0,1.0,1.0000000000000002,1.0526618677826571,0.0,0.0,8815.296858078287,8815.296858078287,0.0,8815.296858078287
HERD_GIVEBACK_S1,F06,ORCL,25,False,0,0,0,0,0.0,False,0,0.0,0.0,-0.11979046329311038,0.0,-0.3773331391732384,0.0,-0.410605864455076,-0.3174660554744254,1.0,1.0,1.0,1.0534509696325693,0.0,0.0,8802.095367068898,8802.095367068898,0.0,8802.095367068898
HERD_GIVEBACK_S1,F06,ORCL,50,False,0,0,0,0,0.0,False,0,0.0,0.0,-0.12198413106778527,0.0,-0.3773331391732385,0.0,-0.42430979006853536,-0.3232796656425684,1.0,1.0,1.0,1.0547661393824224,0.0,0.0,8780.158689322163,8780.158689322163,0.0,8780.158689322163
GIVEBACK_BASELINE,F06,PEP,10,False,0,0,0,0,0.0,False,0,0.0,0.0,0.1472747218387629,0.0,-0.11898689080548841,0.0,1.072425253198087,1.2377390554688708,1.0,1.0,1.0000000000000002,0.9378615261647899,0.0,0.0,11472.747218387609,11472.747218387609,0.0,11472.747218387609
GIVEBACK_BASELINE,F06,PEP,25,False,0,0,0,0,0.0,False,0,0.0,0.0,0.1455566019422334,0.0,-0.11898689080548908,0.0,1.0628303951950684,1.223299482462976,1.0,1.0,1.0,0.9385645707871024,0.0,0.0,11455.566019422342,11455.566019422342,0.0,11455.566019422342
GIVEBACK_BASELINE,F06,PEP,50,False,0,0,0,0,0.0,False,0,0.0,0.0,0.14270163332743557,0.0,-0.11898689080548897,0.0,1.046279547841896,1.1993055063579543,1.0,1.0,1.0,0.9397363118242896,0.0,0.0,11427.016333274347,11427.016333274347,0.0,11427.016333274347
HERD_GIVEBACK_S1,F06,PEP,10,False,0,0,0,0,0.0,False,0,0.0,0.0,0.1472747218387629,0.0,-0.11898689080548841,0.0,1.072425253198087,1.2377390554688708,1.0,1.0,1.0000000000000002,0.9378615261647899,0.0,0.0,11472.747218387609,11472.747218387609,0.0,11472.747218387609
HERD_GIVEBACK_S1,F06,PEP,25,False,0,0,0,0,0.0,False,0,0.0,0.0,0.1455566019422334,0.0,-0.11898689080548908,0.0,1.0628303951950684,1.223299482462976,1.0,1.0,1.0,0.9385645707871024,0.0,0.0,11455.566019422342,11455.566019422342,0.0,11455.566019422342
HERD_GIVEBACK_S1,F06,PEP,50,False,0,0,0,0,0.0,False,0,0.0,0.0,0.14270163332743557,0.0,-0.11898689080548897,0.0,1.046279547841896,1.1993055063579543,1.0,1.0,1.0,0.9397363118242896,0.0,0.0,11427.016333274347,11427.016333274347,0.0,11427.016333274347
GIVEBACK_BASELINE,F06,PG,10,False,0,0,0,0,0.0,False,0,0.0,0.0,0.023537516275528914,0.0,-0.19001283444753525,0.0,0.27794150545604535,0.12387329700103966,1.0,1.0,1.0000000000000002,0.9393303990101198,0.0,0.0,10235.37516275529,10235.37516275529,0.0,10235.37516275529
GIVEBACK_BASELINE,F06,PG,25,False,0,0,0,0,0.0,False,0,0.0,0.0,0.022004701041236308,0.0,-0.1900128344475347,0.0,0.26840696109209927,0.11580639331661634,1.0,1.0,1.0,0.9400345447365138,0.0,0.0,10220.047010412354,10220.047010412354,0.0,10220.047010412354
GIVEBACK_BASELINE,F06,PG,50,False,0,0,0,0,0.0,False,0,0.0,0.0,0.019457649816787326,0.0,-0.19001283444753503,0.0,0.25256358195977346,0.10240176603522975,1.0,1.0,1.0000000000000002,0.9412081209471714,0.0,0.0,10194.576498167884,10194.576498167884,0.0,10194.576498167884
HERD_GIVEBACK_S1,F06,PG,10,False,0,0,0,0,0.0,False,0,0.0,0.0,0.023537516275528914,0.0,-0.19001283444753525,0.0,0.27794150545604535,0.12387329700103966,1.0,1.0,1.0000000000000002,0.9393303990101198,0.0,0.0,10235.37516275529,10235.37516275529,0.0,10235.37516275529
HERD_GIVEBACK_S1,F06,PG,25,False,0,0,0,0,0.0,False,0,0.0,0.0,0.022004701041236308,0.0,-0.1900128344475347,0.0,0.26840696109209927,0.11580639331661634,1.0,1.0,1.0,0.9400345447365138,0.0,0.0,10220.047010412354,10220.047010412354,0.0,10220.047010412354
HERD_GIVEBACK_S1,F06,PG,50,False,0,0,0,0,0.0,False,0,0.0,0.0,0.019457649816787326,0.0,-0.19001283444753503,0.0,0.25256358195977346,0.10240176603522975,1.0,1.0,1.0000000000000002,0.9412081209471714,0.0,0.0,10194.576498167884,10194.576498167884,0.0,10194.576498167884
GIVEBACK_BASELINE,F06,PLD,10,True,2,0,0,0,0.0,False,2,1088.518200706071,0.0,0.03171867434547826,0.009151522794374811,-0.34896579378569437,0.024307370279560203,0.33213439637245723,0.09089336235905465,0.9537171091831629,0.9495006849090556,0.963174679188021,0.9948347228413786,91.51522794374432,-8.71628271602988,10317.186743454764,10225.67151551102,91.51522794374432,10317.186743454764
GIVEBACK_BASELINE,F06,PLD,25,True,2,0,0,0,0.0,False,2,1085.2575368958778,0.0,0.030010553715383192,0.008974764213118824,-0.3490457447762304,0.0242274192890245,0.324092812713854,0.08597885567870953,0.953738865139509,0.9496561795754029,0.9632248148323391,0.9954855858344998,89.74764213117123,-8.703229505257326,10300.105537153813,10210.357895022642,89.74764213117123,10300.105537153813
GIVEBACK_BASELINE,F06,PLD,50,True,2,0,0,0,0.0,False,2,1079.844772664559,0.0,0.027172742857699772,0.008681589848012594,-0.3491788855687822,0.024094278496472166,0.3108754031244881,0.07781897468811072,0.9537850617271586,0.9499260474465074,0.9633083212033776,0.9965704214325914,86.8158984801139,-8.681539222086016,10271.727428576976,10184.911530096862,86.8158984801139,10271.727428576976
HERD_GIVEBACK_S1,F06,PLD,10,True,1,0,0,0,0.0,False,1,569.546050475455,0.0,0.0283933990210945,0.005826247469991053,-0.35748801067430236,0.01578515339095221,0.315710518498222,0.07942475879831103,0.9699941425837801,0.9673005074915723,0.9755097371801014,0.9494416351549276,58.26247469990267,-4.469888572323015,10283.933990210922,10225.67151551102,58.26247469990267,10283.933990210922
HERD_GIVEBACK_S1,F06,PLD,25,True,1,0,0,0,0.0,False,1,567.8399713361084,0.0,0.026767997160763946,0.005732207658499577,-0.3575106913798529,0.015762472685401985,0.30828410598760864,0.07487327737654456,0.9700101350951749,0.9673926020476253,0.9755445126980489,0.9501104179337609,57.32207658497646,-4.463194618080678,10267.679971607618,10210.357895022642,57.32207658497646,10267.679971607618
HERD_GIVEBACK_S1,F06,PLD,50,True,1,0,0,0,0.0,False,1,565.0078473641779,0.0,0.024067380095620594,0.005576227085933416,-0.3575484611071882,0.01572470295806616,0.29609943325693794,0.06731221838039325,0.970043224124802,0.9675530280366323,0.9756024262724383,0.9512251053006253,55.76227085933351,-4.4520713959415446,10240.673800956196,10184.911530096862,55.76227085933351,10240.673800956196
GIVEBACK_BASELINE,F06,SHW,10,False,0,0,0,0,0.0,False,0,0.0,0.0,-0.1581195833478094,0.0,-0.3753783148415174,0.0,-0.6111119536051779,-0.4212272715182458,1.0,1.0,1.0,1.0213018763230493,0.0,0.0,8418.804166521904,8418.804166521904,0.0,8418.804166521904
GIVEBACK_BASELINE,F06,SHW,25,False,0,0,0,0,0.0,False,0,0.0,0.0,-0.15938035504164405,0.0,-0.3753783148415172,0.0,-0.6184129703954064,-0.4245859410097614,1.0,1.0,1.0,1.0220674699334864,0.0,0.0,8406.196449583558,8406.196449583558,0.0,8406.196449583558
GIVEBACK_BASELINE,F06,SHW,50,False,0,0,0,0,0.0,False,0,0.0,0.0,-0.16147535645778677,0.0,-0.37537831484151796,0.0,-0.6305449373404144,-0.43016698107870327,1.0,1.0,1.0,1.0233434592842148,0.0,0.0,8385.246435422137,8385.246435422137,0.0,8385.246435422137
HERD_GIVEBACK_S1,F06,SHW,10,False,0,0,0,0,0.0,False,0,0.0,0.0,-0.1581195833478094,0.0,-0.3753783148415174,0.0,-0.6111119536051779,-0.4212272715182458,1.0,1.0,1.0,1.0213018763230493,0.0,0.0,8418.804166521904,8418.804166521904,0.0,8418.804166521904
HERD_GIVEBACK_S1,F06,SHW,25,False,0,0,0,0,0.0,False,0,0.0,0.0,-0.15938035504164405,0.0,-0.3753783148415172,0.0,-0.6184129703954064,-0.4245859410097614,1.0,1.0,1.0,1.0220674699334864,0.0,0.0,8406.196449583558,8406.196449583558,0.0,8406.196449583558
HERD_GIVEBACK_S1,F06,SHW,50,False,0,0,0,0,0.0,False,0,0.0,0.0,-0.16147535645778677,0.0,-0.37537831484151796,0.0,-0.6305449373404144,-0.43016698107870327,1.0,1.0,1.0,1.0233434592842148,0.0,0.0,8385.246435422137,8385.246435422137,0.0,8385.246435422137
GIVEBACK_BASELINE,F06,SLB,10,True,2,0,0,0,0.0,False,2,1292.2238489201545,0.0,0.3158352122128638,0.0010287553476571176,-0.34935619008009233,0.018608318797062595,1.279000843743617,0.9040492803074605,0.9798719633604391,0.9784805633386201,0.9824453784409888,0.8901819194799073,10.287553476577159,-38.39494922168012,13158.352122128646,13148.06456865207,10.287553476577159,13158.352122128646
GIVEBACK_BASELINE,F06,SLB,25,True,2,0,0,0,0.0,False,2,1288.3529834297015,0.0,0.313671094348402,0.0008336472509697934,-0.34942858558418755,0.018535923292967493,1.2732570263624772,0.8976686719090116,0.9798409271490979,0.9785104534626663,0.9824695807622879,0.8907212004828512,8.336472509705345,-38.33745024176869,13136.71094348402,13128.374470974315,8.336472509705345,13136.71094348402
GIVEBACK_BASELINE,F06,SLB,50,True,2,0,0,0,0.0,False,2,1281.9272727491134,0.0,0.3100756626311625,0.0005100832890576612,-0.3495491427622681,0.018415366114886922,1.263711775194325,0.8870731599592223,0.9797892218434536,0.9785602350670839,0.9825098905200471,0.8916200275961182,5.100832890560923,-38.241905231573526,13100.75662631161,13095.655793421049,5.100832890560923,13100.75662631161
HERD_GIVEBACK_S1,F06,SLB,10,True,1,0,0,0,0.0,False,1,594.2753885292997,0.0,0.3084936728748766,-0.006312783990330084,-0.3679645088771549,0.0,1.2373428228377816,0.8383788801160368,0.9972847155343263,0.9988266496153433,0.9977562552792204,0.8350280971760565,-63.12783990330354,-19.68971754957954,13084.936728748766,13148.06456865207,-63.12783990330354,13084.936728748766
HERD_GIVEBACK_S1,F06,SLB,25,True,1,0,0,0,0.0,False,1,592.4952324865167,0.0,0.30644509799121233,-0.006392349106219886,-0.36796450887715504,0.0,1.2320613631905108,0.8328115636106607,0.9972618474090387,0.9988283282343355,0.9977594627599167,0.8355865260207196,-63.92349106219808,-19.660230893214703,13064.450979912117,13128.374470974315,-63.92349106219808,13064.450979912117
HERD_GIVEBACK_S1,F06,SLB,50,True,1,0,0,0,0.0,False,1,589.5401394393836,0.0,0.30304131431893766,-0.006524265023167164,-0.36796450887715504,0.0,1.2232844881021097,0.8235612593281598,0.9972237267468631,0.9988311236514869,0.9977648042179077,0.836517244399014,-65.24265023166845,-19.61123345208898,13030.41314318938,13095.655793421049,-65.24265023166845,13030.41314318938
GIVEBACK_BASELINE,F06,SO,10,False,0,0,0,0,0.0,False,0,0.0,0.0,0.23176117047248623,0.0,-0.14039720836508107,0.0,1.7702225316734315,1.6507534100665835,1.0,1.0,1.0000000000000002,0.9184135148121048,0.0,0.0,12317.611704724877,12317.611704724877,0.0,12317.611704724877
GIVEBACK_BASELINE,F06,SO,25,False,0,0,0,0,0.0,False,0,0.0,0.0,0.22991652652237327,0.0,-0.14039720836508085,0.0,1.7608369472721193,1.6376146591498566,1.0,1.0,1.0,0.9191019807152621,0.0,0.0,12299.16526522374,12299.16526522374,0.0,12299.16526522374
GIVEBACK_BASELINE,F06,SO,50,False,0,0,0,0,0.0,False,0,0.0,0.0,0.22685131518660073,0.0,-0.14039720836508063,0.0,1.74409029192094,1.6157822354751523,1.0,1.0,1.0,0.9202494238871911,0.0,0.0,12268.513151866,12268.513151866,0.0,12268.513151866
HERD_GIVEBACK_S1,F06,SO,10,False,0,0,0,0,0.0,False,0,0.0,0.0,0.23176117047248623,0.0,-0.14039720836508107,0.0,1.7702225316734315,1.6507534100665835,1.0,1.0,1.0000000000000002,0.9184135148121048,0.0,0.0,12317.611704724877,12317.611704724877,0.0,12317.611704724877
HERD_GIVEBACK_S1,F06,SO,25,False,0,0,0,0,0.0,False,0,0.0,0.0,0.22991652652237327,0.0,-0.14039720836508085,0.0,1.7608369472721193,1.6376146591498566,1.0,1.0,1.0,0.9191019807152621,0.0,0.0,12299.16526522374,12299.16526522374,0.0,12299.16526522374
HERD_GIVEBACK_S1,F06,SO,50,False,0,0,0,0,0.0,False,0,0.0,0.0,0.22685131518660073,0.0,-0.14039720836508063,0.0,1.74409029192094,1.6157822354751523,1.0,1.0,1.0,0.9202494238871911,0.0,0.0,12268.513151866,12268.513151866,0.0,12268.513151866
GIVEBACK_BASELINE,F06,TMUS,10,False,0,0,0,0,0.0,False,0,0.0,0.0,-0.019797651350229595,0.0,-0.2988822315079014,0.0,0.12197959965784552,-0.06623897061510736,1.0,1.0,1.0000000000000002,1.1530279402294716,0.0,0.0,9802.0234864977,9802.0234864977,0.0,9802.0234864977
GIVEBACK_BASELINE,F06,TMUS,25,False,0,0,0,0,0.0,False,0,0.0,0.0,-0.021265569300290776,0.0,-0.2988822315079013,0.0,0.11360149934016307,-0.07115032965661125,1.0,1.0,1.0,1.1538922790152506,0.0,0.0,9787.344306997096,9787.344306997096,0.0,9787.344306997096
GIVEBACK_BASELINE,F06,TMUS,50,False,0,0,0,0,0.0,False,0,0.0,0.0,-0.02370478188667302,0.0,-0.2988822315079016,0.0,0.09963072750270757,-0.07931144573927719,1.0,1.0,1.0,1.1553328436582158,0.0,0.0,9762.95218113327,9762.95218113327,0.0,9762.95218113327
HERD_GIVEBACK_S1,F06,TMUS,10,False,0,0,0,0,0.0,False,0,0.0,0.0,-0.019797651350229595,0.0,-0.2988822315079014,0.0,0.12197959965784552,-0.06623897061510736,1.0,1.0,1.0000000000000002,1.1530279402294716,0.0,0.0,9802.0234864977,9802.0234864977,0.0,9802.0234864977
HERD_GIVEBACK_S1,F06,TMUS,25,False,0,0,0,0,0.0,False,0,0.0,0.0,-0.021265569300290776,0.0,-0.2988822315079013,0.0,0.11360149934016307,-0.07115032965661125,1.0,1.0,1.0,1.1538922790152506,0.0,0.0,9787.344306997096,9787.344306997096,0.0,9787.344306997096
HERD_GIVEBACK_S1,F06,TMUS,50,False,0,0,0,0,0.0,False,0,0.0,0.0,-0.02370478188667302,0.0,-0.2988822315079016,0.0,0.09963072750270757,-0.07931144573927719,1.0,1.0,1.0,1.1553328436582158,0.0,0.0,9762.95218113327,9762.95218113327,0.0,9762.95218113327
GIVEBACK_BASELINE,F06,TSLA,10,True,3,0,0,0,0.0,False,3,1901.9229844941958,0.0,0.264425823843798,0.011492713601047866,-0.4508104314301722,0.038452996656966,1.0110653715125177,0.5865565776837086,0.897277831248684,0.8937019554766548,0.9092943467862501,0.9684393044884594,114.92713601047035,-5.945026933756672,12644.258238437995,12529.331102427524,114.92713601047035,12644.258238437995
GIVEBACK_BASELINE,F06,TSLA,25,True,3,0,0,0,0.0,False,3,1896.2257610198503,0.0,0.26224736563008677,0.011190605719779478,-0.45097739747776666,0.038286030609371524,1.0069341533416478,0.581508889573597,0.8973895176120015,0.8939235001449479,0.9094104236035583,0.96906189809756,111.90605719777159,-5.936123862098384,12622.473656300868,12510.567599103097,111.90605719777159,12622.473656300868
GIVEBACK_BASELINE,F06,TSLA,50,True,3,0,0,0,0.0,False,3,1886.768261187036,0.0,0.2586284084876247,0.010689545832517577,-0.45125539570330675,0.03800803238383088,0.9999935154853217,0.5731308942789213,0.8975756001078816,0.8942919462161296,0.9096038035753752,0.970099707046576,106.89545832519434,-5.921329789687533,12586.284084876253,12479.38862655106,106.89545832519434,12586.284084876253
HERD_GIVEBACK_S1,F06,TSLA,10,True,1,0,0,0,0.0,False,1,745.1493925538625,0.0,0.26480139398599944,0.01186828374324933,-0.4711955767048084,0.018067851382329803,0.9928846532673703,0.5619776735550523,0.9581877113523446,0.9554714075213545,0.9625549239450655,0.8768323737520475,118.68283743248685,-2.0841461643318766,12648.013939860011,12529.331102427524,118.68283743248685,12648.013939860011
HERD_GIVEBACK_S1,F06,TSLA,25,True,1,0,0,0,0.0,False,1,742.9172923869459,0.0,0.26279565115348724,0.01173889124317995,-0.4712609918924666,0.018002436194671567,0.9894047045379265,0.5576435471524291,0.9582265217099698,0.9555530001517806,0.962607515065601,0.8774463570641143,117.38891243179205,-2.081025017387688,12627.956511534889,12510.567599103097,117.38891243179205,12627.956511534889
HERD_GIVEBACK_S1,F06,TSLA,50,True,1,0,0,0,0.0,False,1,739.2119634577758,0.0,0.2594631158681282,0.011524253213021085,-0.4713699080844368,0.017893520002700836,0.9835577902296185,0.5504448023051366,0.9582911666172133,0.9556886609540197,0.9626951015416869,0.8784697316823297,115.24253213022348,-2.0758386642199937,12594.631158681283,12479.38862655106,115.24253213022348,12594.631158681283
GIVEBACK_BASELINE,F06,UNH,10,True,1,0,0,0,0.0,False,1,588.1985577691396,0.0,0.2972634378929593,-0.006361385387089191,-0.16625197656300128,0.0028619071502401505,2.0131221568652524,1.788029496180523,0.9868942987783662,0.9883562448633673,0.9896509800656339,0.9271973823188729,-63.61385387088558,-1.311390151608233,12972.634378929606,13036.248232800492,-63.61385387088558,12972.634378929606
GIVEBACK_BASELINE,F06,UNH,25,True,1,0,0,0,0.0,False,1,586.436604914992,0.0,0.2952325913033207,-0.0064399674459671985,-0.1663185942002774,0.0027952895129639277,2.0019963813061974,1.7751027341405239,0.9868532397135776,0.9883728673080411,0.9896657554323154,0.9278304679352982,-64.3996744596534,-1.3094262579838905,12952.325913033237,13016.72558749289,-64.3996744596534,12952.325913033237
GIVEBACK_BASELINE,F06,UNH,50,True,1,0,0,0,0.0,False,1,583.5117295088287,0.0,0.2918582633884388,-0.006570252861620274,-0.16642951246910398,0.002684371244137451,1.9835082517159552,1.7536448858048506,0.9867847507449506,0.9884005490173507,0.9896903611554752,0.9288856315726816,-65.70252861620065,-1.3061628916311498,12918.582633884382,12984.285162500582,-65.70252861620065,12918.582633884382
HERD_GIVEBACK_S1,F06,UNH,10,True,1,0,0,0,0.0,False,1,588.1985577691396,0.0,0.2972634378929593,-0.006361385387089191,-0.16625197656300128,0.0028619071502401505,2.0131221568652524,1.788029496180523,0.9868942987783662,0.9883562448633673,0.9896509800656339,0.9271973823188729,-63.61385387088558,-1.311390151608233,12972.634378929606,13036.248232800492,-63.61385387088558,12972.634378929606
HERD_GIVEBACK_S1,F06,UNH,25,True,1,0,0,0,0.0,False,1,586.436604914992,0.0,0.2952325913033207,-0.0064399674459671985,-0.1663185942002774,0.0027952895129639277,2.0019963813061974,1.7751027341405239,0.9868532397135776,0.9883728673080411,0.9896657554323154,0.9278304679352982,-64.3996744596534,-1.3094262579838905,12952.325913033237,13016.72558749289,-64.3996744596534,12952.325913033237
HERD_GIVEBACK_S1,F06,UNH,50,True,1,0,0,0,0.0,False,1,583.5117295088287,0.0,0.2918582633884388,-0.006570252861620274,-0.16642951246910398,0.002684371244137451,1.9835082517159552,1.7536448858048506,0.9867847507449506,0.9884005490173507,0.9896903611554752,0.9288856315726816,-65.70252861620065,-1.3061628916311498,12918.582633884382,12984.285162500582,-65.70252861620065,12918.582633884382
GIVEBACK_BASELINE,F06,UNP,10,False,0,0,0,0,0.0,False,0,0.0,0.0,0.04105005370225112,0.0,-0.25283011894877283,0.0,0.4364244344416815,0.16236219748236752,1.0,1.0,1.0000000000000002,0.927294581269332,0.0,0.0,10410.500537022504,10410.500537022504,0.0,10410.500537022504
GIVEBACK_BASELINE,F06,UNP,25,False,0,0,0,0,0.0,False,0,0.0,0.0,0.039491012283050964,0.0,-0.25283011894877316,0.0,0.4263900486331416,0.1561958379296273,1.0,1.0,1.0,0.9279897046435966,0.0,0.0,10394.910122830519,10394.910122830519,0.0,10394.910122830519
GIVEBACK_BASELINE,F06,UNP,50,False,0,0,0,0,0.0,False,0,0.0,0.0,0.03690038148366348,0.0,-0.2528301189487724,0.0,0.4097160920541667,0.14594931030009173,1.0,1.0,1.0,0.9291482436007046,0.0,0.0,10369.003814836637,10369.003814836637,0.0,10369.003814836637
HERD_GIVEBACK_S1,F06,UNP,10,False,0,0,0,0,0.0,False,0,0.0,0.0,0.04105005370225112,0.0,-0.25283011894877283,0.0,0.4364244344416815,0.16236219748236752,1.0,1.0,1.0000000000000002,0.927294581269332,0.0,0.0,10410.500537022504,10410.500537022504,0.0,10410.500537022504
HERD_GIVEBACK_S1,F06,UNP,25,False,0,0,0,0,0.0,False,0,0.0,0.0,0.039491012283050964,0.0,-0.25283011894877316,0.0,0.4263900486331416,0.1561958379296273,1.0,1.0,1.0,0.9279897046435966,0.0,0.0,10394.910122830519,10394.910122830519,0.0,10394.910122830519
HERD_GIVEBACK_S1,F06,UNP,50,False,0,0,0,0,0.0,False,0,0.0,0.0,0.03690038148366348,0.0,-0.2528301189487724,0.0,0.4097160920541667,0.14594931030009173,1.0,1.0,1.0,0.9291482436007046,0.0,0.0,10369.003814836637,10369.003814836637,0.0,10369.003814836637
GIVEBACK_BASELINE,F06,V,10,False,0,0,0,0,0.0,False,0,0.0,0.0,-0.1379725730093151,0.0,-0.21163092055000432,0.0,-0.5122194522581148,-0.6519490282929371,1.0,1.0,1.0000000000000002,1.1152976592115182,0.0,0.0,8620.274269906857,8620.274269906857,0.0,8620.274269906857
GIVEBACK_BASELINE,F06,V,25,False,0,0,0,0,0.0,False,0,0.0,0.0,-0.13926351618575805,0.0,-0.21163092055000365,0.0,-0.5196460403934442,-0.6580490025929514,1.0,1.0,1.0,1.1161337144283188,0.0,0.0,8607.364838142415,8607.364838142415,0.0,8607.364838142415
GIVEBACK_BASELINE,F06,V,50,False,0,0,0,0,0.0,False,0,0.0,0.0,-0.14140865300635297,0.0,-0.2116309205500032,0.0,-0.5318533651925986,-0.6681852190542334,1.0,1.0,1.0,1.117527139789652,0.0,0.0,8585.913469936462,8585.913469936462,0.0,8585.913469936462
HERD_GIVEBACK_S1,F06,V,10,False,0,0,0,0,0.0,False,0,0.0,0.0,-0.1379725730093151,0.0,-0.21163092055000432,0.0,-0.5122194522581148,-0.6519490282929371,1.0,1.0,1.0000000000000002,1.1152976592115182,0.0,0.0,8620.274269906857,8620.274269906857,0.0,8620.274269906857
HERD_GIVEBACK_S1,F06,V,25,False,0,0,0,0,0.0,False,0,0.0,0.0,-0.13926351618575805,0.0,-0.21163092055000365,0.0,-0.5196460403934442,-0.6580490025929514,1.0,1.0,1.0,1.1161337144283188,0.0,0.0,8607.364838142415,8607.364838142415,0.0,8607.364838142415
HERD_GIVEBACK_S1,F06,V,50,False,0,0,0,0,0.0,False,0,0.0,0.0,-0.14140865300635297,0.0,-0.2116309205500032,0.0,-0.5318533651925986,-0.6681852190542334,1.0,1.0,1.0,1.117527139789652,0.0,0.0,8585.913469936462,8585.913469936462,0.0,8585.913469936462
GIVEBACK_BASELINE,F06,WMT,10,False,0,0,0,0,0.0,False,0,0.0,0.0,-0.05521723491141206,0.0,-0.25739664117728744,0.0,-0.11981288355779159,-0.21452197145564153,1.0,1.0,1.0,1.0050487313928362,0.0,0.0,9447.827650885887,9447.827650885887,0.0,9447.827650885887
GIVEBACK_BASELINE,F06,WMT,25,False,0,0,0,0,0.0,False,0,0.0,0.0,-0.056632109688738996,0.0,-0.257396641177288,0.0,-0.12651645861087696,-0.22001883719116713,1.0,1.0,1.0000000000000002,1.0058021412364597,0.0,0.0,9433.678903112617,9433.678903112617,0.0,9433.678903112617
GIVEBACK_BASELINE,F06,WMT,50,False,0,0,0,0,0.0,False,0,0.0,0.0,-0.05898318139875458,0.0,-0.257396641177288,0.0,-0.13765566747644684,-0.22915287910897222,1.0,1.0,1.0,1.007057824309164,0.0,0.0,9410.16818601246,9410.16818601246,0.0,9410.16818601246
HERD_GIVEBACK_S1,F06,WMT,10,False,0,0,0,0,0.0,False,0,0.0,0.0,-0.05521723491141206,0.0,-0.25739664117728744,0.0,-0.11981288355779159,-0.21452197145564153,1.0,1.0,1.0,1.0050487313928362,0.0,0.0,9447.827650885887,9447.827650885887,0.0,9447.827650885887
HERD_GIVEBACK_S1,F06,WMT,25,False,0,0,0,0,0.0,False,0,0.0,0.0,-0.056632109688738996,0.0,-0.257396641177288,0.0,-0.12651645861087696,-0.22001883719116713,1.0,1.0,1.0000000000000002,1.0058021412364597,0.0,0.0,9433.678903112617,9433.678903112617,0.0,9433.678903112617
HERD_GIVEBACK_S1,F06,WMT,50,False,0,0,0,0,0.0,False,0,0.0,0.0,-0.05898318139875458,0.0,-0.257396641177288,0.0,-0.13765566747644684,-0.22915287910897222,1.0,1.0,1.0,1.007057824309164,0.0,0.0,9410.16818601246,9410.16818601246,0.0,9410.16818601246
GIVEBACK_BASELINE,F06,XOM,10,True,1,0,0,0,0.0,False,1,806.8201104748256,0.0,0.7102791648818207,-0.005086260206956794,-0.2025282879890402,0.00255829351967074,2.6666397108600037,3.5070615168595975,0.992409034134692,0.9920285687930835,0.9940163306433857,0.8108031120123745,-50.86260206956649,-10.427522172494008,17102.791648818187,17153.654250887754,-50.86260206956649,17102.791648818187
GIVEBACK_BASELINE,F06,XOM,25,True,1,0,0,0,0.0,False,1,804.403275245194,0.0,0.7075970516692329,-0.005199500062046392,-0.2025917518597583,0.0024948296489523125,2.6594582344628037,3.492723890156488,0.9923809380356854,0.9920399341581084,0.9940248561403688,0.8113288013447283,-51.99500062044899,-10.411906267275327,17075.97051669235,17127.965517312798,-51.99500062044899,17075.97051669235
GIVEBACK_BASELINE,F06,XOM,50,True,1,0,0,0,0.0,False,1,800.3912825819075,0.0,0.7031406347288833,-0.005387266819212977,-0.202697419111871,0.002389162396840172,2.647523991560446,3.4689175511446058,0.9923340971352511,0.9920588612334633,0.9940390539369428,0.8122049608480614,-53.87266819213983,-10.385957601305506,17031.406347288812,17085.27901548095,-53.87266819213983,17031.406347288812
HERD_GIVEBACK_S1,F06,XOM,10,True,1,0,0,0,0.0,False,1,802.9946681170738,0.0,0.709896620646046,-0.005468804442731567,-0.20508658150871095,0.0,2.651782729241905,3.4614484059547963,0.997893929110102,0.999113804933296,0.9986771144071106,0.8106121223369279,-54.68804442731562,-10.427522172494008,17098.966206460438,17153.654250887754,-54.68804442731562,17098.966206460438
HERD_GIVEBACK_S1,F06,XOM,25,True,1,0,0,0,0.0,False,1,800.5892920265229,0.0,0.7072156533473675,-0.0055808983839118476,-0.20508658150871062,0.0,2.644676423822524,3.4483760377922628,0.9978624761805894,0.9991150730586393,0.9986790045474712,0.8111313512871622,-55.80898383912063,-10.411906267275327,17072.156533473677,17127.965517312798,-55.80898383912063,17072.156533473677
HERD_GIVEBACK_S1,F06,XOM,50,True,1,0,0,0,0.0,False,1,796.5963217530774,0.0,0.702761138646,-0.005766762902096323,-0.20508658150871117,0.0,2.6328669365518347,3.4266558712723474,0.9978100222165379,0.9991171848755435,0.9986821522280797,0.8119967352652109,-57.66762902096889,-10.385957601305506,17027.611386459983,17085.27901548095,-57.66762902096889,17027.611386459983
GIVEBACK_BASELINE,F07,AAPL,10,False,0,0,0,0,0.0,False,0,0.0,0.0,0.20417257228466323,0.0,-0.28257012434196827,0.0,1.2648695758068915,0.7225554108387348,1.0,1.0,1.0000000000000002,1.0079757892374115,0.0,0.0,12032.85096162337,12032.85096162337,0.0,12032.85096162337
GIVEBACK_BASELINE,F07,AAPL,25,False,0,0,0,0,0.0,False,0,0.0,0.0,0.2023620649172475,0.0,-0.2825701243419686,0.0,1.2562153092659791,0.7161481256679044,1.0,1.0,1.0,1.0087313932773192,0.0,0.0,12014.830970198847,12014.830970198847,0.0,12014.830970198847
GIVEBACK_BASELINE,F07,AAPL,50,False,0,0,0,0,0.0,False,0,0.0,0.0,0.19935360165273064,0.0,-0.2825701243419687,0.0,1.2418346717980173,0.7055013410103868,1.0,1.0,1.0,1.0099907333438327,0.0,0.0,11984.88747786169,11984.88747786169,0.0,11984.88747786169
HERD_GIVEBACK_S1,F07,AAPL,10,False,0,0,0,0,0.0,False,0,0.0,0.0,0.20417257228466323,0.0,-0.28257012434196827,0.0,1.2648695758068915,0.7225554108387348,1.0,1.0,1.0000000000000002,1.0079757892374115,0.0,0.0,12032.85096162337,12032.85096162337,0.0,12032.85096162337
HERD_GIVEBACK_S1,F07,AAPL,25,False,0,0,0,0,0.0,False,0,0.0,0.0,0.2023620649172475,0.0,-0.2825701243419686,0.0,1.2562153092659791,0.7161481256679044,1.0,1.0,1.0,1.0087313932773192,0.0,0.0,12014.830970198847,12014.830970198847,0.0,12014.830970198847
HERD_GIVEBACK_S1,F07,AAPL,50,False,0,0,0,0,0.0,False,0,0.0,0.0,0.19935360165273064,0.0,-0.2825701243419687,0.0,1.2418346717980173,0.7055013410103868,1.0,1.0,1.0,1.0099907333438327,0.0,0.0,11984.88747786169,11984.88747786169,0.0,11984.88747786169
GIVEBACK_BASELINE,F07,ABBV,10,False,0,0,0,0,0.0,False,0,0.0,0.0,0.09611516295803013,0.0,-0.19642211921858177,0.0,0.6929295839227728,0.4893296301882966,1.0,1.0,1.0000000000000002,0.9405364993071208,0.0,0.0,10957.160572049841,10957.160572049841,0.0,10957.160572049841
GIVEBACK_BASELINE,F07,ABBV,25,False,0,0,0,0,0.0,False,0,0.0,0.0,0.0944671229480305,0.0,-0.1964221192185811,0.0,0.6843615381326067,0.4809393327179525,1.0,1.0,1.0,0.9412415491566763,0.0,0.0,10940.751498242213,10940.751498242213,0.0,10940.751498242213
GIVEBACK_BASELINE,F07,ABBV,50,False,0,0,0,0,0.0,False,0,0.0,0.0,0.0917286265918309,0.0,-0.196422119218582,0.0,0.6698660117535741,0.46699743876479444,1.0,1.0,1.0,0.9424166322392687,0.0,0.0,10913.484838439597,10913.484838439597,0.0,10913.484838439597
HERD_GIVEBACK_S1,F07,ABBV,10,False,0,0,0,0,0.0,False,0,0.0,0.0,0.09611516295803013,0.0,-0.19642211921858177,0.0,0.6929295839227728,0.4893296301882966,1.0,1.0,1.0000000000000002,0.9405364993071208,0.0,0.0,10957.160572049841,10957.160572049841,0.0,10957.160572049841
HERD_GIVEBACK_S1,F07,ABBV,25,False,0,0,0,0,0.0,False,0,0.0,0.0,0.0944671229480305,0.0,-0.1964221192185811,0.0,0.6843615381326067,0.4809393327179525,1.0,1.0,1.0,0.9412415491566763,0.0,0.0,10940.751498242213,10940.751498242213,0.0,10940.751498242213
HERD_GIVEBACK_S1,F07,ABBV,50,False,0,0,0,0,0.0,False,0,0.0,0.0,0.0917286265918309,0.0,-0.196422119218582,0.0,0.6698660117535741,0.46699743876479444,1.0,1.0,1.0,0.9424166322392687,0.0,0.0,10913.484838439597,10913.484838439597,0.0,10913.484838439597
GIVEBACK_BASELINE,F07,AMT,10,False,0,0,0,0,0.0,False,0,0.0,0.0,-0.26811530898931013,0.0,-0.34239091221552087,0.0,-1.5706114095094572,-0.7830678310192494,1.0,1.0,1.0,1.2478269803372228,0.0,0.0,7327.917798640604,7327.917798640604,0.0,7327.917798640604
GIVEBACK_BASELINE,F07,AMT,25,False,0,0,0,0,0.0,False,0,0.0,0.0,-0.2692157182293746,0.0,-0.34239091221552065,0.0,-1.5793887761543004,-0.7862817283535688,1.0,1.0,1.0,1.2487623828712089,0.0,0.0,7316.943756303317,7316.943756303317,0.0,7316.943756303317
GIVEBACK_BASELINE,F07,AMT,50,False,0,0,0,0,0.0,False,0,0.0,0.0,-0.27104423372411623,0.0,-0.34239091221552054,0.0,-1.5904301071891933,-0.7916221606766987,1.0,1.0,1.0,1.2503213870945187,0.0,0.0,7298.708389543543,7298.708389543543,0.0,7298.708389543543
HERD_GIVEBACK_S1,F07,AMT,10,False,0,0,0,0,0.0,False,0,0.0,0.0,-0.26811530898931013,0.0,-0.34239091221552087,0.0,-1.5706114095094572,-0.7830678310192494,1.0,1.0,1.0,1.2478269803372228,0.0,0.0,7327.917798640604,7327.917798640604,0.0,7327.917798640604
HERD_GIVEBACK_S1,F07,AMT,25,False,0,0,0,0,0.0,False,0,0.0,0.0,-0.2692157182293746,0.0,-0.34239091221552065,0.0,-1.5793887761543004,-0.7862817283535688,1.0,1.0,1.0,1.2487623828712089,0.0,0.0,7316.943756303317,7316.943756303317,0.0,7316.943756303317
HERD_GIVEBACK_S1,F07,AMT,50,False,0,0,0,0,0.0,False,0,0.0,0.0,-0.27104423372411623,0.0,-0.34239091221552054,0.0,-1.5904301071891933,-0.7916221606766987,1.0,1.0,1.0,1.2503213870945187,0.0,0.0,7298.708389543543,7298.708389543543,0.0,7298.708389543543
GIVEBACK_BASELINE,F07,AMZN,10,False,0,0,0,0,0.0,False,0,0.0,0.0,-0.059903873245904404,0.0,-0.4348666917519004,0.0,0.05952584603031742,-0.13775226841259364,1.0,1.0,1.0000000000000002,1.237151575798134,0.0,0.0,9403.266022065327,9403.266022065327,0.0,9403.266022065327
GIVEBACK_BASELINE,F07,AMZN,25,False,0,0,0,0,0.0,False,0,0.0,0.0,-0.06131733424206154,0.0,-0.4348666917518995,0.0,0.05314825302658086,-0.1410026001187609,1.0,1.0,1.0,1.2380789757799913,0.0,0.0,9389.184008283179,9389.184008283179,0.0,9389.184008283179
GIVEBACK_BASELINE,F07,AMZN,50,False,0,0,0,0,0.0,False,0,0.0,0.0,-0.06366603801388437,0.0,-0.43486669175189974,0.0,0.04255072260950813,-0.14640357429399797,1.0,1.0,1.0,1.2396246424164206,0.0,0.0,9365.784181843546,9365.784181843546,0.0,9365.784181843546
HERD_GIVEBACK_S1,F07,AMZN,10,False,0,0,0,0,0.0,False,0,0.0,0.0,-0.059903873245904404,0.0,-0.4348666917519004,0.0,0.05952584603031742,-0.13775226841259364,1.0,1.0,1.0000000000000002,1.237151575798134,0.0,0.0,9403.266022065327,9403.266022065327,0.0,9403.266022065327
HERD_GIVEBACK_S1,F07,AMZN,25,False,0,0,0,0,0.0,False,0,0.0,0.0,-0.06131733424206154,0.0,-0.4348666917518995,0.0,0.05314825302658086,-0.1410026001187609,1.0,1.0,1.0,1.2380789757799913,0.0,0.0,9389.184008283179,9389.184008283179,0.0,9389.184008283179
HERD_GIVEBACK_S1,F07,AMZN,50,False,0,0,0,0,0.0,False,0,0.0,0.0,-0.06366603801388437,0.0,-0.43486669175189974,0.0,0.04255072260950813,-0.14640357429399797,1.0,1.0,1.0,1.2396246424164206,0.0,0.0,9365.784181843546,9365.784181843546,0.0,9365.784181843546
GIVEBACK_BASELINE,F07,APD,10,True,2,0,0,0,0.0,False,2,1137.7912379589698,0.0,0.24200789118518817,-0.008030583908251065,-0.1723899002511572,0.0025955208424383036,1.5616120916912881,1.4038403110194018,0.9692157767576652,0.9692282565438959,0.9610246179955019,0.959661437140678,-79.91737970505528,-4.396300712043988,12409.401775823411,12489.319155528467,-79.91737970505528,12409.401775823411
GIVEBACK_BASELINE,F07,APD,25,True,2,0,0,0,0.0,False,2,1134.3829764243796,0.0,0.23996923779306933,-0.008189769256669477,-0.17245567783878046,0.002529743254814809,1.5518824132932016,1.3914835440640212,0.9692049639082455,0.9693482938137502,0.961078100863669,0.9602911102509104,-81.5020419182656,-4.389716960497218,12389.113530826824,12470.61557274509,-81.5020419182656,12389.113530826824
GIVEBACK_BASELINE,F07,APD,50,True,2,0,0,0,0.0,False,2,1128.7251971501905,0.0,0.23658224335323141,-0.008453710640736523,-0.17256519742615994,0.0024202236674353284,1.5372065190920399,1.370973098179105,0.9692017296979046,0.9695649473859785,0.961167180042681,0.9613406369589685,-84.12957933387952,-4.378776860174959,12355.406589733511,12439.53616906739,-84.12957933387952,12355.406589733511
HERD_GIVEBACK_S1,F07,APD,10,True,1,0,0,0,0.0,False,1,575.5544081824545,0.0,0.2451235210028131,-0.004914954090626145,-0.17307996897972822,0.0019054521138672786,1.5659638246559573,1.416244308615071,0.9820836887075987,0.9822500698004237,0.9781268528621057,0.9110918855966628,-48.91154959396954,-2.2545131856635834,12440.407605934497,12489.319155528467,-48.91154959396954,12440.407605934497
HERD_GIVEBACK_S1,F07,APD,25,True,1,0,0,0,0.0,False,1,573.8303309659776,0.0,0.24316480980280253,-0.004994197246936283,-0.17314471133499998,0.0018407097585952936,1.556711396085174,1.4044021785472143,0.9821040970924894,0.9823432705329711,0.9781580729505046,0.9117309620828998,-49.70044767127729,-2.251136902819084,12420.915125073812,12470.61557274509,-49.70044767127729,12420.915125073812
HERD_GIVEBACK_S1,F07,APD,50,True,1,0,0,0,0.0,False,1,570.9683298420947,0.0,0.2399103701358254,-0.005125583858142546,-0.1732525072620269,0.0017329138315683723,1.5429283279324668,1.384744001268537,0.9821466756410305,0.9825080139860215,0.9782100644616073,0.9127961337107103,-51.00847861127477,-2.245526594961518,12388.527690456116,12439.53616906739,-51.00847861127477,12388.527690456116
GIVEBACK_BASELINE,F07,AVGO,10,False,0,0,0,0,0.0,False,0,0.0,0.0,0.7182161666005149,0.0,-0.22949534372398184,0.0,3.6261286930318706,3.1295457020876483,1.0,1.0,1.0,0.856325421309912,0.0,0.0,17145.294629613767,17145.294629613767,0.0,17145.294629613767
GIVEBACK_BASELINE,F07,AVGO,25,False,0,0,0,0,0.0,False,0,0.0,0.0,0.7156327802154969,0.0,-0.22949534372398184,0.0,3.6168150982295453,3.1182888881449435,1.0,1.0,1.0,0.8569673444143421,0.0,0.0,17119.618415125453,17119.618415125453,0.0,17119.618415125453
GIVEBACK_BASELINE,F07,AVGO,50,False,0,0,0,0,0.0,False,0,0.0,0.0,0.711340048146452,0.0,-0.22949534372398184,0.0,3.6013388669692397,3.0995837937435167,1.0,1.0,1.0,0.8580372162550591,0.0,0.0,17076.952716032403,17076.952716032403,0.0,17076.952716032403
HERD_GIVEBACK_S1,F07,AVGO,10,False,0,0,0,0,0.0,False,0,0.0,0.0,0.7182161666005149,0.0,-0.22949534372398184,0.0,3.6261286930318706,3.1295457020876483,1.0,1.0,1.0,0.856325421309912,0.0,0.0,17145.294629613767,17145.294629613767,0.0,17145.294629613767
HERD_GIVEBACK_S1,F07,AVGO,25,False,0,0,0,0,0.0,False,0,0.0,0.0,0.7156327802154969,0.0,-0.22949534372398184,0.0,3.6168150982295453,3.1182888881449435,1.0,1.0,1.0,0.8569673444143421,0.0,0.0,17119.618415125453,17119.618415125453,0.0,17119.618415125453
HERD_GIVEBACK_S1,F07,AVGO,50,False,0,0,0,0,0.0,False,0,0.0,0.0,0.711340048146452,0.0,-0.22949534372398184,0.0,3.6013388669692397,3.0995837937435167,1.0,1.0,1.0,0.8580372162550591,0.0,0.0,17076.952716032403,17076.952716032403,0.0,17076.952716032403
GIVEBACK_BASELINE,F07,BA,10,False,0,0,0,0,0.0,False,0,0.0,0.0,0.4069795844424644,0.0,-0.29637377653723374,0.0,1.5690881301674222,1.3731970122239716,1.0,1.0,1.0000000000000002,0.8717020689529442,0.0,0.0,14050.74500288102,14050.74500288102,0.0,14050.74500288102
GIVEBACK_BASELINE,F07,BA,25,False,0,0,0,0,0.0,False,0,0.0,0.0,0.4048641510219815,0.0,-0.2963737765372342,0.0,1.5631387588593588,1.3660592909140779,1.0,1.0,1.0,0.8723555187797449,0.0,0.0,14029.703081455451,14029.703081455451,0.0,14029.703081455451
GIVEBACK_BASELINE,F07,BA,50,False,0,0,0,0,0.0,False,0,0.0,0.0,0.4013490017060617,0.0,-0.29637377653723396,0.0,1.55325279665344,1.354198763451123,1.0,1.0,1.0,0.8734446018244142,0.0,0.0,13994.738102942298,13994.738102942298,0.0,13994.738102942298
HERD_GIVEBACK_S1,F07,BA,10,False,0,0,0,0,0.0,False,0,0.0,0.0,0.4069795844424644,0.0,-0.29637377653723374,0.0,1.5690881301674222,1.3731970122239716,1.0,1.0,1.0000000000000002,0.8717020689529442,0.0,0.0,14050.74500288102,14050.74500288102,0.0,14050.74500288102
HERD_GIVEBACK_S1,F07,BA,25,False,0,0,0,0,0.0,False,0,0.0,0.0,0.4048641510219815,0.0,-0.2963737765372342,0.0,1.5631387588593588,1.3660592909140779,1.0,1.0,1.0,0.8723555187797449,0.0,0.0,14029.703081455451,14029.703081455451,0.0,14029.703081455451
HERD_GIVEBACK_S1,F07,BA,50,False,0,0,0,0,0.0,False,0,0.0,0.0,0.4013490017060617,0.0,-0.29637377653723396,0.0,1.55325279665344,1.354198763451123,1.0,1.0,1.0,0.8734446018244142,0.0,0.0,13994.738102942298,13994.738102942298,0.0,13994.738102942298
GIVEBACK_BASELINE,F07,BAC,10,False,0,0,0,0,0.0,False,0,0.0,0.0,-0.04249042583892082,0.0,-0.28915360894478104,0.0,-0.01129772446547542,-0.14694758953202314,1.0,1.0,1.0000000000000002,1.024324556003926,0.0,0.0,9576.745671180874,9576.745671180874,0.0,9576.745671180874
GIVEBACK_BASELINE,F07,BAC,25,False,0,0,0,0,0.0,False,0,0.0,0.0,-0.04393006844354996,0.0,-0.28915360894477915,0.0,-0.019568829297706883,-0.15192640549729217,1.0,1.0,1.0,1.0250924154911853,0.0,0.0,9562.403860132114,9562.403860132114,0.0,9562.403860132114
GIVEBACK_BASELINE,F07,BAC,50,False,0,0,0,0,0.0,False,0,0.0,0.0,-0.046322277372392806,0.0,-0.28915360894478004,0.0,-0.033312773916191585,-0.16019954771250675,1.0,1.0,1.0,1.026372181303284,0.0,0.0,9538.572333294916,9538.572333294916,0.0,9538.572333294916
HERD_GIVEBACK_S1,F07,BAC,10,False,0,0,0,0,0.0,False,0,0.0,0.0,-0.04249042583892082,0.0,-0.28915360894478104,0.0,-0.01129772446547542,-0.14694758953202314,1.0,1.0,1.0000000000000002,1.024324556003926,0.0,0.0,9576.745671180874,9576.745671180874,0.0,9576.745671180874
HERD_GIVEBACK_S1,F07,BAC,25,False,0,0,0,0,0.0,False,0,0.0,0.0,-0.04393006844354996,0.0,-0.28915360894477915,0.0,-0.019568829297706883,-0.15192640549729217,1.0,1.0,1.0,1.0250924154911853,0.0,0.0,9562.403860132114,9562.403860132114,0.0,9562.403860132114
HERD_GIVEBACK_S1,F07,BAC,50,False,0,0,0,0,0.0,False,0,0.0,0.0,-0.046322277372392806,0.0,-0.28915360894478004,0.0,-0.033312773916191585,-0.16019954771250675,1.0,1.0,1.0,1.026372181303284,0.0,0.0,9538.572333294916,9538.572333294916,0.0,9538.572333294916
GIVEBACK_BASELINE,F07,CAT,10,True,2,1,2,1,-0.15701285303180468,True,0,0.0,0.0,0.6002704569016668,-0.004354261625555633,-0.20933739662842088,0.008675568052995075,3.1152341229075455,2.8674783701794184,0.9759355946503158,0.971160068522597,0.9745673044084308,1.0157773541012964,-43.28875215822882,-0.15701285303180867,15972.875127158371,16016.1638793166,-323.30351775925374,15692.860361557347
GIVEBACK_BASELINE,F07,CAT,25,True,2,1,2,1,-0.17324923035583506,True,0,0.0,2.2737367544323206e-13,0.5974076245968258,-0.004804495485872584,-0.20946479149084196,0.00854817319057355,3.1074250812320567,2.8520670244619377,0.9758261230831149,0.9712278745499902,0.9746022003768798,1.016160168748544,-47.76515329581525,-0.17324923035582884,15944.413459629675,15992.17861292549,-324.6742080187687,15667.504404906722
GIVEBACK_BASELINE,F07,CAT,50,True,2,1,2,0,-0.20009234091793981,True,0,0.0,0.0,0.5926543408148714,-0.005548840158825952,-0.2096769037508288,0.008336060930586808,3.0932266456783726,2.826512268223671,0.9756445141999728,0.971340407764233,0.9746603218484757,1.0167990202824628,-55.16585163255331,-0.2000923409179336,15897.156879929453,15952.322731562006,-326.9456916603067,15625.3770399017
HERD_GIVEBACK_S1,F07,CAT,10,True,2,0,0,0,0.0,False,2,1151.5113823616466,0.0,0.5633796787380094,-0.04124503978921301,-0.21528737177725077,0.002725592904165186,2.9176094651075175,2.6168728527231773,0.9701661198318252,0.9786870011862469,0.9730138774204782,0.9109399357459638,-410.0645958717232,-5.664000169654827,15606.099283444877,16016.1638793166,-410.0645958717232,15606.099283444877
HERD_GIVEBACK_S1,F07,CAT,25,True,2,0,0,0,0.0,False,2,1148.0620220394612,0.0,0.5608556103102429,-0.04135650977245553,-0.2154058405624465,0.0026071241189690175,2.910861379023596,2.6037158920379877,0.9701347058589013,0.97873732949523,0.9730512311768112,0.9115201637191883,-411.17539272077374,-5.655517954192234,15581.003220204717,15992.17861292549,-411.17539272077374,15581.003220204717
HERD_GIVEBACK_S1,F07,CAT,50,True,2,0,0,0,0.0,False,2,1142.336017992528,0.0,0.5566620243259941,-0.0415411566477033,-0.21560309091687846,0.0024098737645371626,2.898542733542813,2.581883320683024,0.9700824117502458,0.9788208551216583,0.9731134442937928,0.9124872550772516,-413.0154483347669,-5.641423210875075,15539.30728322724,15952.322731562006,-413.0154483347669,15539.30728322724
GIVEBACK_BASELINE,F07,COP,10,True,3,0,0,0,0.0,False,3,1665.6827078108822,0.0,0.25988890442517953,-0.015188916220482573,-0.27972704292980355,0.01057713878804245,1.352672010861367,0.9290803695744129,0.9378456040638068,0.9374811161683186,0.9286921669504844,0.9798076374378162,-151.14419664867637,-17.218115998594413,12587.344178177325,12738.488374826002,-151.14419664867637,12587.344178177325
GIVEBACK_BASELINE,F07,COP,25,True,3,0,0,0,0.0,False,3,1660.6931437217368,0.0,0.257743894372499,-0.015416810868409625,-0.27984671659377436,0.010457465124072196,1.3424924775952276,0.9210181113064128,0.9378625614870923,0.9376438332417186,0.9287856750043394,0.9804338624756886,-153.41294209370972,-17.19233072928202,12565.998702536943,12719.411644630653,-153.41294209370972,12565.998702536943
GIVEBACK_BASELINE,F07,COP,50,True,3,0,0,0,0.0,False,3,1652.4103719906657,0.0,0.2541804359359823,-0.015794658810962092,-0.2800459730696073,0.010258208648240563,1.3253962413850349,0.9076382464989204,0.9378908394204242,0.9379141699566348,0.9289414435610343,0.9814776898592784,-157.17457891958475,-17.1494838157693,12530.537609758767,12687.712188678352,-157.17457891958475,12530.537609758767
HERD_GIVEBACK_S1,F07,COP,10,True,1,0,0,0,0.0,False,1,593.6331329266043,0.0,0.270727280731653,-0.004350539914009133,-0.28458083271188084,0.0057233490059651615,1.38806691399638,0.9513194481574462,0.97081861689983,0.9696875494796028,0.9675240185083397,0.8901388720218545,-43.291285814695584,-6.0361493421891055,12695.197089011306,12738.488374826002,-43.291285814695584,12695.197089011306
HERD_GIVEBACK_S1,F07,COP,25,True,1,0,0,0,0.0,False,1,591.854900764928,0.0,0.2687273451157861,-0.004433360125122521,-0.28464265264055155,0.005661529077295002,1.3786157183616854,0.944086708800935,0.9708270949038011,0.9697523981188931,0.9675702512528511,0.8907737602777044,-44.115681466606475,-6.027109808687825,12675.295963164046,12719.411644630653,-44.115681466606475,12675.295963164046
HERD_GIVEBACK_S1,F07,COP,50,True,1,0,0,0,0.0,False,1,588.9030013971943,0.0,0.26540441324136954,-0.004570681505574825,-0.2847455827315547,0.005558598986293184,1.3627229574960669,0.9320756118333918,0.970841224977872,0.9698601082565383,0.9676472444395714,0.8918319710413506,-45.48260803672383,-6.01208898011194,12642.229580641628,12687.712188678352,-45.48260803672383,12642.229580641628
GIVEBACK_BASELINE,F07,COST,10,False,0,0,0,0,0.0,False,0,0.0,0.0,0.01825914003389406,0.0,-0.19601607446359193,0.0,0.27135736713632835,0.09315123815157067,1.0,1.0,1.0000000000000002,1.0779635913807097,0.0,0.0,10181.860282432612,10181.860282432612,0.0,10181.860282432612
GIVEBACK_BASELINE,F07,COST,25,False,0,0,0,0,0.0,False,0,0.0,0.0,0.01672815874649136,0.0,-0.1960160744635926,0.0,0.26234390630598314,0.08534074969243605,1.0,1.0,1.0,1.0787716600399155,0.0,0.0,10166.612272168019,10166.612272168019,0.0,10166.612272168019
GIVEBACK_BASELINE,F07,COST,50,False,0,0,0,0,0.0,False,0,0.0,0.0,0.014184175195417259,0.0,-0.1960160744635926,0.0,0.24756096032900002,0.07236230617429176,1.0,1.0,1.0000000000000002,1.0801184411385925,0.0,0.0,10141.274930559002,10141.274930559002,0.0,10141.274930559002
HERD_GIVEBACK_S1,F07,COST,10,False,0,0,0,0,0.0,False,0,0.0,0.0,0.01825914003389406,0.0,-0.19601607446359193,0.0,0.27135736713632835,0.09315123815157067,1.0,1.0,1.0000000000000002,1.0779635913807097,0.0,0.0,10181.860282432612,10181.860282432612,0.0,10181.860282432612
HERD_GIVEBACK_S1,F07,COST,25,False,0,0,0,0,0.0,False,0,0.0,0.0,0.01672815874649136,0.0,-0.1960160744635926,0.0,0.26234390630598314,0.08534074969243605,1.0,1.0,1.0,1.0787716600399155,0.0,0.0,10166.612272168019,10166.612272168019,0.0,10166.612272168019
HERD_GIVEBACK_S1,F07,COST,50,False,0,0,0,0,0.0,False,0,0.0,0.0,0.014184175195417259,0.0,-0.1960160744635926,0.0,0.24756096032900002,0.07236230617429176,1.0,1.0,1.0000000000000002,1.0801184411385925,0.0,0.0,10141.274930559002,10141.274930559002,0.0,10141.274930559002
GIVEBACK_BASELINE,F07,CRM,10,False,0,0,0,0,0.0,False,0,0.0,0.0,0.1881116444737838,0.0,-0.3293773132479899,0.0,1.0203984302333675,0.571112936160705,1.0,1.0,1.0,1.0532898788538803,0.0,0.0,11872.992672017108,11872.992672017108,0.0,11872.992672017108
GIVEBACK_BASELINE,F07,CRM,25,False,0,0,0,0,0.0,False,0,0.0,0.0,0.18632528516354552,0.0,-0.3293773132479898,0.0,1.0139188028398267,0.5656894924735156,1.0,1.0,1.0,1.0540794514767093,0.0,0.0,11855.212078970992,11855.212078970992,0.0,11855.212078970992
GIVEBACK_BASELINE,F07,CRM,50,False,0,0,0,0,0.0,False,0,0.0,0.0,0.18335694796769197,0.0,-0.3293773132479897,0.0,1.0031517237311203,0.5566775263287235,1.0,1.0,1.0,1.0553954058480908,0.0,0.0,11825.666390569504,11825.666390569504,0.0,11825.666390569504
HERD_GIVEBACK_S1,F07,CRM,10,False,0,0,0,0,0.0,False,0,0.0,0.0,0.1881116444737838,0.0,-0.3293773132479899,0.0,1.0203984302333675,0.571112936160705,1.0,1.0,1.0,1.0532898788538803,0.0,0.0,11872.992672017108,11872.992672017108,0.0,11872.992672017108
HERD_GIVEBACK_S1,F07,CRM,25,False,0,0,0,0,0.0,False,0,0.0,0.0,0.18632528516354552,0.0,-0.3293773132479898,0.0,1.0139188028398267,0.5656894924735156,1.0,1.0,1.0,1.0540794514767093,0.0,0.0,11855.212078970992,11855.212078970992,0.0,11855.212078970992
HERD_GIVEBACK_S1,F07,CRM,50,False,0,0,0,0,0.0,False,0,0.0,0.0,0.18335694796769197,0.0,-0.3293773132479897,0.0,1.0031517237311203,0.5566775263287235,1.0,1.0,1.0,1.0553954058480908,0.0,0.0,11825.666390569504,11825.666390569504,0.0,11825.666390569504
GIVEBACK_BASELINE,F07,CVX,10,False,0,0,0,0,0.0,False,0,0.0,0.0,0.03777340636244131,0.0,-0.18291964673172023,0.0,0.42363847740564187,0.2065027296813109,1.0,1.0,1.0,0.948276288697604,0.0,0.0,10376.207271000436,10376.207271000436,0.0,10376.207271000436
GIVEBACK_BASELINE,F07,CVX,25,False,0,0,0,0,0.0,False,0,0.0,0.0,0.03621308482616392,0.0,-0.18291964673171945,0.0,0.4145184134594779,0.19797263701955498,1.0,1.0,1.0,0.9489871404882321,0.0,0.0,10360.668213246056,10360.668213246056,0.0,10360.668213246056
GIVEBACK_BASELINE,F07,CVX,50,False,0,0,0,0,0.0,False,0,0.0,0.0,0.0336203475044643,0.0,-0.18291964673171945,0.0,0.3992888837457903,0.18379844978475082,1.0,1.0,1.0,0.950171893472612,0.0,0.0,10334.847243311428,10334.847243311428,0.0,10334.847243311428
HERD_GIVEBACK_S1,F07,CVX,10,False,0,0,0,0,0.0,False,0,0.0,0.0,0.03777340636244131,0.0,-0.18291964673172023,0.0,0.42363847740564187,0.2065027296813109,1.0,1.0,1.0,0.948276288697604,0.0,0.0,10376.207271000436,10376.207271000436,0.0,10376.207271000436
HERD_GIVEBACK_S1,F07,CVX,25,False,0,0,0,0,0.0,False,0,0.0,0.0,0.03621308482616392,0.0,-0.18291964673171945,0.0,0.4145184134594779,0.19797263701955498,1.0,1.0,1.0,0.9489871404882321,0.0,0.0,10360.668213246056,10360.668213246056,0.0,10360.668213246056
HERD_GIVEBACK_S1,F07,CVX,50,False,0,0,0,0,0.0,False,0,0.0,0.0,0.0336203475044643,0.0,-0.18291964673171945,0.0,0.3992888837457903,0.18379844978475082,1.0,1.0,1.0,0.950171893472612,0.0,0.0,10334.847243311428,10334.847243311428,0.0,10334.847243311428
GIVEBACK_BASELINE,F07,DIS,10,False,0,0,0,0,0.0,False,0,0.0,0.0,-0.18524814752080954,0.0,-0.32642447462146973,0.0,-0.5673435867660378,-0.567506917903837,1.0,1.0,1.0000000000000002,1.0729534022929423,0.0,0.0,8154.145011171217,8154.145011171217,0.0,8154.145011171217
GIVEBACK_BASELINE,F07,DIS,25,False,0,0,0,0,0.0,False,0,0.0,0.0,-0.18647314987136976,0.0,-0.32642447462146895,0.0,-0.5733632645430832,-0.5712597074334248,1.0,1.0,0.9999999999999998,1.0737577151882138,0.0,0.0,8141.933638850208,8141.933638850208,0.0,8141.933638850208
GIVEBACK_BASELINE,F07,DIS,50,False,0,0,0,0,0.0,False,0,0.0,0.0,-0.1885086978271151,0.0,-0.3264244746214692,0.0,-0.5833660537310961,-0.5774956000027724,1.0,1.0,1.0,1.0750982366803343,0.0,0.0,8121.642223338056,8121.642223338056,0.0,8121.642223338056
HERD_GIVEBACK_S1,F07,DIS,10,False,0,0,0,0,0.0,False,0,0.0,0.0,-0.18524814752080954,0.0,-0.32642447462146973,0.0,-0.5673435867660378,-0.567506917903837,1.0,1.0,1.0000000000000002,1.0729534022929423,0.0,0.0,8154.145011171217,8154.145011171217,0.0,8154.145011171217
HERD_GIVEBACK_S1,F07,DIS,25,False,0,0,0,0,0.0,False,0,0.0,0.0,-0.18647314987136976,0.0,-0.32642447462146895,0.0,-0.5733632645430832,-0.5712597074334248,1.0,1.0,0.9999999999999998,1.0737577151882138,0.0,0.0,8141.933638850208,8141.933638850208,0.0,8141.933638850208
HERD_GIVEBACK_S1,F07,DIS,50,False,0,0,0,0,0.0,False,0,0.0,0.0,-0.1885086978271151,0.0,-0.3264244746214692,0.0,-0.5833660537310961,-0.5774956000027724,1.0,1.0,1.0,1.0750982366803343,0.0,0.0,8121.642223338056,8121.642223338056,0.0,8121.642223338056
GIVEBACK_BASELINE,F07,DUK,10,False,0,0,0,0,0.0,False,0,0.0,0.0,-0.12130780133924479,0.0,-0.24081594497305914,0.0,-0.8033941056760002,-0.5037365833596106,1.0,1.0,1.0000000000000002,1.0927587312426952,0.0,0.0,8791.432390467104,8791.432390467104,0.0,8791.432390467104
GIVEBACK_BASELINE,F07,DUK,25,False,0,0,0,0,0.0,False,0,0.0,0.0,-0.12262893980061029,0.0,-0.24081594497305858,0.0,-0.8147580769481125,-0.5092226754932256,1.0,1.0,1.0,1.0935778907113927,0.0,0.0,8778.26663807885,8778.26663807885,0.0,8778.26663807885
GIVEBACK_BASELINE,F07,DUK,50,False,0,0,0,0,0.0,False,0,0.0,0.0,-0.12482423411417576,0.0,-0.24081594497305914,0.0,-0.8336413815341144,-0.5183387425950564,1.0,1.0,1.0000000000000002,1.0949431564925556,0.0,0.0,8756.389346549506,8756.389346549506,0.0,8756.389346549506
HERD_GIVEBACK_S1,F07,DUK,10,False,0,0,0,0,0.0,False,0,0.0,0.0,-0.12130780133924479,0.0,-0.24081594497305914,0.0,-0.8033941056760002,-0.5037365833596106,1.0,1.0,1.0000000000000002,1.0927587312426952,0.0,0.0,8791.432390467104,8791.432390467104,0.0,8791.432390467104
HERD_GIVEBACK_S1,F07,DUK,25,False,0,0,0,0,0.0,False,0,0.0,0.0,-0.12262893980061029,0.0,-0.24081594497305858,0.0,-0.8147580769481125,-0.5092226754932256,1.0,1.0,1.0,1.0935778907113927,0.0,0.0,8778.26663807885,8778.26663807885,0.0,8778.26663807885
HERD_GIVEBACK_S1,F07,DUK,50,False,0,0,0,0,0.0,False,0,0.0,0.0,-0.12482423411417576,0.0,-0.24081594497305914,0.0,-0.8336413815341144,-0.5183387425950564,1.0,1.0,1.0000000000000002,1.0949431564925556,0.0,0.0,8756.389346549506,8756.389346549506,0.0,8756.389346549506
GIVEBACK_BASELINE,F07,EOG,10,True,3,1,3,0,-1.4349614110536937,True,0,0.0,0.0,0.2538542842725855,-0.016861318637176215,-0.2830685518094469,0.013456617467482168,1.2277278829425256,0.896794372422806,0.9381008689954112,0.9386180954514534,0.9295917557504159,1.1487557008865734,-167.78893244373285,-1.4349614110537061,12527.2919522861,12695.080884729832,-146.79706956472,12548.283815165112
GIVEBACK_BASELINE,F07,EOG,25,True,3,1,3,0,-1.4748360832184026,True,0,0.0,0.0,0.25147530265694984,-0.01732974356524486,-0.2831916352977544,0.013333533979175693,1.2178433848201384,0.8880039920407351,0.9380344665664907,0.938776474069139,0.9296839229383855,1.1490962912095855,-172.45144714449088,-1.474836083218392,12503.617712981913,12676.069160126404,-149.06956311835165,12526.999597008053
GIVEBACK_BASELINE,F07,EOG,50,True,3,1,3,0,-1.5407466394548113,True,0,0.0,0.0,0.24752632619716008,-0.01810400794556677,-0.2833965691261323,0.013128600150797531,1.2013049029441987,0.8734273917303236,0.9379247233606587,0.9390396188084259,0.9298374587273618,1.149665298980423,-180.15831771431476,-1.5407466394548237,12464.319405070777,12644.477722785092,-152.8374372919261,12491.640285493166
HERD_GIVEBACK_S1,F07,EOG,10,False,0,0,0,0,0.0,False,0,0.0,0.0,0.2707156029097617,0.0,-0.29652516927692907,0.0,1.2606517850380656,0.9129599472783255,1.0,1.0,1.0000000000000002,0.8633251286176598,0.0,0.0,12695.080884729832,12695.080884729832,0.0,12695.080884729832
HERD_GIVEBACK_S1,F07,EOG,25,False,0,0,0,0,0.0,False,0,0.0,0.0,0.2688050462221947,0.0,-0.29652516927693007,0.0,1.2528936119103105,0.9065167954466387,1.0,1.0,1.0,0.8639722988789922,0.0,0.0,12676.069160126404,12676.069160126404,0.0,12676.069160126404
HERD_GIVEBACK_S1,F07,EOG,50,False,0,0,0,0,0.0,False,0,0.0,0.0,0.26563033414272685,0.0,-0.29652516927692985,0.0,1.239871521347114,0.8958104122845983,1.0,1.0,1.0000000000000002,0.8650509159812133,0.0,0.0,12644.477722785092,12644.477722785092,0.0,12644.477722785092
GIVEBACK_BASELINE,F07,FCX,10,True,2,0,0,0,0.0,False,2,1317.8135440069984,0.0,0.45133028277907017,-0.010600020578970248,-0.27201499233574333,0.013328381452232363,1.992710952542996,1.6592110563597213,0.9703660432987641,0.9695085502012687,0.9642267457071217,0.8962027066146353,-105.42210441586758,-34.75877078544573,14491.866597357128,14597.288701772995,-105.42210441586758,14491.866597357128
GIVEBACK_BASELINE,F07,FCX,25,True,2,0,0,0,0.0,False,2,1313.866024407658,0.0,0.44894968780873534,-0.010782562175732036,-0.2721395189878095,0.01320385480016506,1.984652713311161,1.6497041277891213,0.9703814029853487,0.9695957795234376,0.9642756039633694,0.896768324949686,-107.23823435024497,-34.70671722361914,14468.190060602608,14575.428294952853,-107.23823435024497,14468.190060602608
GIVEBACK_BASELINE,F07,FCX,50,True,2,0,0,0,0.0,False,2,1307.3130664415703,0.0,0.44499459067727987,-0.011085223008465928,-0.2723468556817411,0.012996518106234367,1.9709640165571896,1.6339259344976296,0.9704070011713829,0.9697407708449339,0.9643569819126556,0.8977110793813311,-110.2495008361966,-34.62022076571549,14428.853753294756,14539.103254130952,-110.2495008361966,14428.853753294756
HERD_GIVEBACK_S1,F07,FCX,10,False,0,0,0,0,0.0,False,0,0.0,0.0,0.4619303033580404,0.0,-0.2853433737879757,0.0,1.9855861910754202,1.6188576493851845,1.0,1.0,1.0,0.7923790068251647,0.0,0.0,14597.288701772995,14597.288701772995,0.0,14597.288701772995
HERD_GIVEBACK_S1,F07,FCX,25,False,0,0,0,0,0.0,False,0,0.0,0.0,0.4597322499844674,0.0,-0.2853433737879746,0.0,1.9783916311785905,1.6111544623639065,1.0,1.0,1.0,0.7929729940866528,0.0,0.0,14575.428294952853,14575.428294952853,0.0,14575.428294952853
HERD_GIVEBACK_S1,F07,FCX,50,False,0,0,0,0,0.0,False,0,0.0,0.0,0.4560798136857458,0.0,-0.2853433737879755,0.0,1.9661539553158798,1.5983543182770248,1.0,1.0,1.0,0.7939629728557999,0.0,0.0,14539.103254130952,14539.103254130952,0.0,14539.103254130952
GIVEBACK_BASELINE,F07,GE,10,False,0,0,0,0,0.0,False,0,0.0,0.0,0.9249920377571021,0.0,-0.23539143848751165,0.0,4.239101894735829,3.9295908283689607,1.0,1.0,1.0,0.725319296675731,0.0,0.0,19199.956786698385,19199.956786698385,0.0,19199.956786698385
GIVEBACK_BASELINE,F07,GE,25,False,0,0,0,0,0.0,False,0,0.0,0.0,0.9220977580277718,0.0,-0.23539143848751165,0.0,4.234510328414887,3.917295225147674,1.0,1.0,1.0,0.7258630142894309,0.0,0.0,19171.203579519886,19171.203579519886,0.0,19171.203579519886
GIVEBACK_BASELINE,F07,GE,50,False,0,0,0,0,0.0,False,0,0.0,0.0,0.9172884242467423,0.0,-0.2353914384875121,0.0,4.2250842673275955,3.896864007207322,1.0,1.0,1.0,0.726769210312264,0.0,0.0,19123.42489758077,19123.42489758077,0.0,19123.42489758077
HERD_GIVEBACK_S1,F07,GE,10,False,0,0,0,0,0.0,False,0,0.0,0.0,0.9249920377571021,0.0,-0.23539143848751165,0.0,4.239101894735829,3.9295908283689607,1.0,1.0,1.0,0.725319296675731,0.0,0.0,19199.956786698385,19199.956786698385,0.0,19199.956786698385
HERD_GIVEBACK_S1,F07,GE,25,False,0,0,0,0,0.0,False,0,0.0,0.0,0.9220977580277718,0.0,-0.23539143848751165,0.0,4.234510328414887,3.917295225147674,1.0,1.0,1.0,0.7258630142894309,0.0,0.0,19171.203579519886,19171.203579519886,0.0,19171.203579519886
HERD_GIVEBACK_S1,F07,GE,50,False,0,0,0,0,0.0,False,0,0.0,0.0,0.9172884242467423,0.0,-0.2353914384875121,0.0,4.2250842673275955,3.896864007207322,1.0,1.0,1.0,0.726769210312264,0.0,0.0,19123.42489758077,19123.42489758077,0.0,19123.42489758077
GIVEBACK_BASELINE,F07,GOOGL,10,False,0,0,0,0,0.0,False,0,0.0,0.0,0.10884371313686825,0.0,-0.31659557788444603,0.0,0.7267496629327052,0.3437941675123303,1.0,1.0,1.0000000000000002,1.1003986690643162,0.0,0.0,11083.891901974232,11083.891901974232,0.0,11083.891901974232
GIVEBACK_BASELINE,F07,GOOGL,25,False,0,0,0,0,0.0,False,0,0.0,0.0,0.10717653539328498,0.0,-0.3165955778844465,0.0,0.7200025323776664,0.3385282135317857,1.0,1.0,1.0,1.1012235556228351,0.0,0.0,11067.293039604796,11067.293039604796,0.0,11067.293039604796
GIVEBACK_BASELINE,F07,GOOGL,50,False,0,0,0,0,0.0,False,0,0.0,0.0,0.10440623846588415,0.0,-0.3165955778844465,0.0,0.7087909481258788,0.3297779430892467,1.0,1.0,1.0,1.1025983665537,0.0,0.0,11039.711011597374,11039.711011597374,0.0,11039.711011597374
HERD_GIVEBACK_S1,F07,GOOGL,10,False,0,0,0,0,0.0,False,0,0.0,0.0,0.10884371313686825,0.0,-0.31659557788444603,0.0,0.7267496629327052,0.3437941675123303,1.0,1.0,1.0000000000000002,1.1003986690643162,0.0,0.0,11083.891901974232,11083.891901974232,0.0,11083.891901974232
HERD_GIVEBACK_S1,F07,GOOGL,25,False,0,0,0,0,0.0,False,0,0.0,0.0,0.10717653539328498,0.0,-0.3165955778844465,0.0,0.7200025323776664,0.3385282135317857,1.0,1.0,1.0,1.1012235556228351,0.0,0.0,11067.293039604796,11067.293039604796,0.0,11067.293039604796
HERD_GIVEBACK_S1,F07,GOOGL,50,False,0,0,0,0,0.0,False,0,0.0,0.0,0.10440623846588415,0.0,-0.3165955778844465,0.0,0.7087909481258788,0.3297779430892467,1.0,1.0,1.0,1.1025983665537,0.0,0.0,11039.711011597374,11039.711011597374,0.0,11039.711011597374
GIVEBACK_BASELINE,F07,GS,10,False,0,0,0,0,0.0,False,0,0.0,0.0,0.08745112309309966,0.0,-0.20866567418673687,0.0,0.6642489988880284,0.4190968324518906,1.0,1.0,1.0000000000000002,0.9629242488063231,0.0,0.0,10870.894049394761,10870.894049394761,0.0,10870.894049394761
GIVEBACK_BASELINE,F07,GS,25,False,0,0,0,0,0.0,False,0,0.0,0.0,0.0858161097109833,0.0,-0.2086656741867361,0.0,0.6556394479572067,0.4112612677933122,1.0,1.0,1.0,0.9636460810767926,0.0,0.0,10854.614165419485,10854.614165419485,0.0,10854.614165419485
GIVEBACK_BASELINE,F07,GS,50,False,0,0,0,0,0.0,False,0,0.0,0.0,0.08309925929345963,0.0,-0.2086656741867362,0.0,0.6414976825418933,0.3982411559416025,1.0,1.0,1.0,0.9648491348609085,0.0,0.0,10827.562178013985,10827.562178013985,0.0,10827.562178013985
HERD_GIVEBACK_S1,F07,GS,10,False,0,0,0,0,0.0,False,0,0.0,0.0,0.08745112309309966,0.0,-0.20866567418673687,0.0,0.6642489988880284,0.4190968324518906,1.0,1.0,1.0000000000000002,0.9629242488063231,0.0,0.0,10870.894049394761,10870.894049394761,0.0,10870.894049394761
HERD_GIVEBACK_S1,F07,GS,25,False,0,0,0,0,0.0,False,0,0.0,0.0,0.0858161097109833,0.0,-0.2086656741867361,0.0,0.6556394479572067,0.4112612677933122,1.0,1.0,1.0,0.9636460810767926,0.0,0.0,10854.614165419485,10854.614165419485,0.0,10854.614165419485
HERD_GIVEBACK_S1,F07,GS,50,False,0,0,0,0,0.0,False,0,0.0,0.0,0.08309925929345963,0.0,-0.2086656741867362,0.0,0.6414976825418933,0.3982411559416025,1.0,1.0,1.0,0.9648491348609085,0.0,0.0,10827.562178013985,10827.562178013985,0.0,10827.562178013985
GIVEBACK_BASELINE,F07,HD,10,False,0,0,0,0,0.0,False,0,0.0,0.0,0.11181566502911089,0.0,-0.1804039881643742,0.0,0.7931691295519089,0.6198070572987034,1.0,1.0,1.0000000000000002,0.9887359400479873,0.0,0.0,11113.481195184382,11113.481195184382,0.0,11113.481195184382
GIVEBACK_BASELINE,F07,HD,25,False,0,0,0,0,0.0,False,0,0.0,0.0,0.11014401887217917,0.0,-0.18040398816437409,0.0,0.7847016129052291,0.6105409309012729,1.0,1.0,1.0,0.9894771214123409,0.0,0.0,11096.838020888239,11096.838020888239,0.0,11096.838020888239
GIVEBACK_BASELINE,F07,HD,50,False,0,0,0,0,0.0,False,0,0.0,0.0,0.10736629692257171,0.0,-0.18040398816437409,0.0,0.7706312943433892,0.5951436995103762,1.0,1.0,1.0,0.990712423686264,0.0,0.0,11069.182360557326,11069.182360557326,0.0,11069.182360557326
HERD_GIVEBACK_S1,F07,HD,10,False,0,0,0,0,0.0,False,0,0.0,0.0,0.11181566502911089,0.0,-0.1804039881643742,0.0,0.7931691295519089,0.6198070572987034,1.0,1.0,1.0000000000000002,0.9887359400479873,0.0,0.0,11113.481195184382,11113.481195184382,0.0,11113.481195184382
HERD_GIVEBACK_S1,F07,HD,25,False,0,0,0,0,0.0,False,0,0.0,0.0,0.11014401887217917,0.0,-0.18040398816437409,0.0,0.7847016129052291,0.6105409309012729,1.0,1.0,1.0,0.9894771214123409,0.0,0.0,11096.838020888239,11096.838020888239,0.0,11096.838020888239
HERD_GIVEBACK_S1,F07,HD,50,False,0,0,0,0,0.0,False,0,0.0,0.0,0.10736629692257171,0.0,-0.18040398816437409,0.0,0.7706312943433892,0.5951436995103762,1.0,1.0,1.0,0.990712423686264,0.0,0.0,11069.182360557326,11069.182360557326,0.0,11069.182360557326
GIVEBACK_BASELINE,F07,HON,10,False,0,0,0,0,0.0,False,0,0.0,0.0,0.03878868503987887,0.0,-0.18039456477967808,0.0,0.41727830637230906,0.21502136213057632,1.0,1.0,1.0000000000000002,0.9443201257151019,0.0,0.0,10386.31826154761,10386.31826154761,0.0,10386.31826154761
GIVEBACK_BASELINE,F07,HON,25,False,0,0,0,0,0.0,False,0,0.0,0.0,0.037226837003526025,0.0,-0.18039456477967797,0.0,0.406982500784579,0.206363407062693,1.0,1.0,1.0,0.9450280118663125,0.0,0.0,10370.76406191509,10370.76406191509,0.0,10370.76406191509
GIVEBACK_BASELINE,F07,HON,50,False,0,0,0,0,0.0,False,0,0.0,0.0,0.034631563144559285,0.0,-0.18039456477967852,0.0,0.38987414770836665,0.19197675488092386,1.0,1.0,1.0000000000000002,0.9462078221183304,0.0,0.0,10344.917930996673,10344.917930996673,0.0,10344.917930996673
HERD_GIVEBACK_S1,F07,HON,10,False,0,0,0,0,0.0,False,0,0.0,0.0,0.03878868503987887,0.0,-0.18039456477967808,0.0,0.41727830637230906,0.21502136213057632,1.0,1.0,1.0000000000000002,0.9443201257151019,0.0,0.0,10386.31826154761,10386.31826154761,0.0,10386.31826154761
HERD_GIVEBACK_S1,F07,HON,25,False,0,0,0,0,0.0,False,0,0.0,0.0,0.037226837003526025,0.0,-0.18039456477967797,0.0,0.406982500784579,0.206363407062693,1.0,1.0,1.0,0.9450280118663125,0.0,0.0,10370.76406191509,10370.76406191509,0.0,10370.76406191509
HERD_GIVEBACK_S1,F07,HON,50,False,0,0,0,0,0.0,False,0,0.0,0.0,0.034631563144559285,0.0,-0.18039456477967852,0.0,0.38987414770836665,0.19197675488092386,1.0,1.0,1.0000000000000002,0.9462078221183304,0.0,0.0,10344.917930996673,10344.917930996673,0.0,10344.917930996673
GIVEBACK_BASELINE,F07,JNJ,10,False,0,0,0,0,0.0,False,0,0.0,0.0,0.011507091999451768,0.0,-0.1559699253640019,0.0,0.22215440772427117,0.07377763355721668,1.0,1.0,1.0000000000000002,1.0280789869378153,0.0,0.0,10114.611682559304,10114.611682559304,0.0,10114.611682559304
GIVEBACK_BASELINE,F07,JNJ,25,False,0,0,0,0,0.0,False,0,0.0,0.0,0.009986262606380913,0.0,-0.15596992536400145,0.0,0.20908405427832716,0.06402684737506316,1.0,1.0,0.9999999999999998,1.0288496608410669,0.0,0.0,10099.464381527869,10099.464381527869,0.0,10099.464381527869
GIVEBACK_BASELINE,F07,JNJ,50,False,0,0,0,0,0.0,False,0,0.0,0.0,0.007459148139471239,0.0,-0.15596992536400256,0.0,0.18736528543807238,0.047824272032336246,1.0,1.0,1.0000000000000002,1.0301341173464869,0.0,0.0,10074.29438662176,10074.29438662176,0.0,10074.29438662176
HERD_GIVEBACK_S1,F07,JNJ,10,False,0,0,0,0,0.0,False,0,0.0,0.0,0.011507091999451768,0.0,-0.1559699253640019,0.0,0.22215440772427117,0.07377763355721668,1.0,1.0,1.0000000000000002,1.0280789869378153,0.0,0.0,10114.611682559304,10114.611682559304,0.0,10114.611682559304
HERD_GIVEBACK_S1,F07,JNJ,25,False,0,0,0,0,0.0,False,0,0.0,0.0,0.009986262606380913,0.0,-0.15596992536400145,0.0,0.20908405427832716,0.06402684737506316,1.0,1.0,0.9999999999999998,1.0288496608410669,0.0,0.0,10099.464381527869,10099.464381527869,0.0,10099.464381527869
HERD_GIVEBACK_S1,F07,JNJ,50,False,0,0,0,0,0.0,False,0,0.0,0.0,0.007459148139471239,0.0,-0.15596992536400256,0.0,0.18736528543807238,0.047824272032336246,1.0,1.0,1.0000000000000002,1.0301341173464869,0.0,0.0,10074.29438662176,10074.29438662176,0.0,10074.29438662176
GIVEBACK_BASELINE,F07,JPM,10,False,0,0,0,0,0.0,False,0,0.0,0.0,0.41331991084222786,0.0,-0.16790236194348074,0.0,2.4009441372691738,2.461668234192915,1.0,1.0,1.0,0.8450384644786352,0.0,0.0,14113.810594719695,14113.810594719695,0.0,14113.810594719695
GIVEBACK_BASELINE,F07,JPM,25,False,0,0,0,0,0.0,False,0,0.0,0.0,0.4111949445624876,0.0,-0.16790236194348018,0.0,2.3896253755323444,2.449012270005501,1.0,1.0,1.0,0.8456719265959357,0.0,0.0,14092.6742283926,14092.6742283926,0.0,14092.6742283926
GIVEBACK_BASELINE,F07,JPM,50,False,0,0,0,0,0.0,False,0,0.0,0.0,0.4076639547935461,0.0,-0.16790236194348063,0.0,2.3789065738813107,2.427982251558642,1.0,1.0,1.0,0.8467276967914362,0.0,0.0,14057.552312502597,14057.552312502597,0.0,14057.552312502597
HERD_GIVEBACK_S1,F07,JPM,10,False,0,0,0,0,0.0,False,0,0.0,0.0,0.41331991084222786,0.0,-0.16790236194348074,0.0,2.4009441372691738,2.461668234192915,1.0,1.0,1.0,0.8450384644786352,0.0,0.0,14113.810594719695,14113.810594719695,0.0,14113.810594719695
HERD_GIVEBACK_S1,F07,JPM,25,False,0,0,0,0,0.0,False,0,0.0,0.0,0.4111949445624876,0.0,-0.16790236194348018,0.0,2.3896253755323444,2.449012270005501,1.0,1.0,1.0,0.8456719265959357,0.0,0.0,14092.6742283926,14092.6742283926,0.0,14092.6742283926
HERD_GIVEBACK_S1,F07,JPM,50,False,0,0,0,0,0.0,False,0,0.0,0.0,0.4076639547935461,0.0,-0.16790236194348063,0.0,2.3789065738813107,2.427982251558642,1.0,1.0,1.0,0.8467276967914362,0.0,0.0,14057.552312502597,14057.552312502597,0.0,14057.552312502597
GIVEBACK_BASELINE,F07,KO,10,False,0,0,0,0,0.0,False,0,0.0,0.0,0.0032399278226469264,0.0,-0.15997329898365342,0.0,0.14956678382648977,0.020252928727674688,1.0,1.0,1.0,1.0236096700610415,0.0,0.0,10032.270502436691,10032.270502436691,0.0,10032.270502436691
GIVEBACK_BASELINE,F07,KO,25,False,0,0,0,0,0.0,False,0,0.0,0.0,0.0017315283436882822,0.0,-0.1599732989836531,0.0,0.13398449827662187,0.010823858448185274,1.0,1.0,1.0,1.0243769936517917,0.0,0.0,10017.246512777136,10017.246512777136,0.0,10017.246512777136
GIVEBACK_BASELINE,F07,KO,50,False,0,0,0,0,0.0,False,0,0.0,0.0,-0.0007749317250892451,0.0,-0.1599732989836532,0.0,0.10809169749966721,-0.004844131677052126,1.0,1.0,1.0000000000000002,1.0256558663030426,0.0,0.0,9992.28142213718,9992.28142213718,0.0,9992.28142213718
HERD_GIVEBACK_S1,F07,KO,10,False,0,0,0,0,0.0,False,0,0.0,0.0,0.0032399278226469264,0.0,-0.15997329898365342,0.0,0.14956678382648977,0.020252928727674688,1.0,1.0,1.0,1.0236096700610415,0.0,0.0,10032.270502436691,10032.270502436691,0.0,10032.270502436691
HERD_GIVEBACK_S1,F07,KO,25,False,0,0,0,0,0.0,False,0,0.0,0.0,0.0017315283436882822,0.0,-0.1599732989836531,0.0,0.13398449827662187,0.010823858448185274,1.0,1.0,1.0,1.0243769936517917,0.0,0.0,10017.246512777136,10017.246512777136,0.0,10017.246512777136
HERD_GIVEBACK_S1,F07,KO,50,False,0,0,0,0,0.0,False,0,0.0,0.0,-0.0007749317250892451,0.0,-0.1599732989836532,0.0,0.10809169749966721,-0.004844131677052126,1.0,1.0,1.0000000000000002,1.0256558663030426,0.0,0.0,9992.28142213718,9992.28142213718,0.0,9992.28142213718
GIVEBACK_BASELINE,F07,LIN,10,False,0,0,0,0,0.0,False,0,0.0,0.0,0.2991444192793391,0.0,-0.15031706226034902,0.0,1.985943634980421,1.990089579859013,1.0,1.0,1.0000000000000002,0.8925491800713209,0.0,0.0,12977.959379794007,12977.959379794007,0.0,12977.959379794007
GIVEBACK_BASELINE,F07,LIN,25,False,0,0,0,0,0.0,False,0,0.0,0.0,0.2971911190659151,0.0,-0.1503170622603489,0.0,1.9782245524932762,1.9770950456121912,1.0,1.0,1.0,0.8932182574177012,0.0,0.0,12958.524025905092,12958.524025905092,0.0,12958.524025905092
GIVEBACK_BASELINE,F07,LIN,50,False,0,0,0,0,0.0,False,0,0.0,0.0,0.293945381411149,0.0,-0.1503170622603487,0.0,1.9644037649392736,1.9555024359246491,1.0,1.0,1.0,0.8943333863283348,0.0,0.0,12926.228651477188,12926.228651477188,0.0,12926.228651477188
HERD_GIVEBACK_S1,F07,LIN,10,False,0,0,0,0,0.0,False,0,0.0,0.0,0.2991444192793391,0.0,-0.15031706226034902,0.0,1.985943634980421,1.990089579859013,1.0,1.0,1.0000000000000002,0.8925491800713209,0.0,0.0,12977.959379794007,12977.959379794007,0.0,12977.959379794007
HERD_GIVEBACK_S1,F07,LIN,25,False,0,0,0,0,0.0,False,0,0.0,0.0,0.2971911190659151,0.0,-0.1503170622603489,0.0,1.9782245524932762,1.9770950456121912,1.0,1.0,1.0,0.8932182574177012,0.0,0.0,12958.524025905092,12958.524025905092,0.0,12958.524025905092
HERD_GIVEBACK_S1,F07,LIN,50,False,0,0,0,0,0.0,False,0,0.0,0.0,0.293945381411149,0.0,-0.1503170622603487,0.0,1.9644037649392736,1.9555024359246491,1.0,1.0,1.0,0.8943333863283348,0.0,0.0,12926.228651477188,12926.228651477188,0.0,12926.228651477188
GIVEBACK_BASELINE,F07,LLY,10,False,0,0,0,0,0.0,False,0,0.0,0.0,0.43501107382760074,0.0,-0.1684412370906332,0.0,2.6344949465777305,2.5825687423177395,1.0,1.0,1.0000000000000002,0.8656427486145324,0.0,0.0,14329.558539910957,14329.558539910957,0.0,14329.558539910957
GIVEBACK_BASELINE,F07,LLY,25,False,0,0,0,0,0.0,False,0,0.0,0.0,0.4328534942735689,0.0,-0.16844123709063197,0.0,2.6201857558350437,2.569759648824394,1.0,1.0,1.0,0.8662916562221896,0.0,0.0,14308.099076743834,14308.099076743834,0.0,14308.099076743834
GIVEBACK_BASELINE,F07,LLY,50,False,0,0,0,0,0.0,False,0,0.0,0.0,0.4292683120503997,0.0,-0.16844123709063163,0.0,2.5953265602675923,2.5484751802162746,1.0,1.0,0.9999999999999998,0.8673731689016178,0.0,0.0,14272.440276705247,14272.440276705247,0.0,14272.440276705247
HERD_GIVEBACK_S1,F07,LLY,10,False,0,0,0,0,0.0,False,0,0.0,0.0,0.43501107382760074,0.0,-0.1684412370906332,0.0,2.6344949465777305,2.5825687423177395,1.0,1.0,1.0000000000000002,0.8656427486145324,0.0,0.0,14329.558539910957,14329.558539910957,0.0,14329.558539910957
HERD_GIVEBACK_S1,F07,LLY,25,False,0,0,0,0,0.0,False,0,0.0,0.0,0.4328534942735689,0.0,-0.16844123709063197,0.0,2.6201857558350437,2.569759648824394,1.0,1.0,1.0,0.8662916562221896,0.0,0.0,14308.099076743834,14308.099076743834,0.0,14308.099076743834
HERD_GIVEBACK_S1,F07,LLY,50,False,0,0,0,0,0.0,False,0,0.0,0.0,0.4292683120503997,0.0,-0.16844123709063163,0.0,2.5953265602675923,2.5484751802162746,1.0,1.0,0.9999999999999998,0.8673731689016178,0.0,0.0,14272.440276705247,14272.440276705247,0.0,14272.440276705247
GIVEBACK_BASELINE,F07,MA,10,False,0,0,0,0,0.0,False,0,0.0,0.0,0.12071157554283807,0.0,-0.21145374124381533,0.0,1.0232955146067089,0.570865168110941,1.0,1.0,1.0000000000000002,0.983487793925575,0.0,0.0,11202.048624660572,11202.048624660572,0.0,11202.048624660572
GIVEBACK_BASELINE,F07,MA,25,False,0,0,0,0,0.0,False,0,0.0,0.0,0.11902655413397434,0.0,-0.21145374124381466,0.0,1.0122251869060592,0.5628964209090628,1.0,1.0,1.0,0.9842250411474077,0.0,0.0,11185.272814771688,11185.272814771688,0.0,11185.272814771688
GIVEBACK_BASELINE,F07,MA,50,False,0,0,0,0,0.0,False,0,0.0,0.0,0.11622660694804754,0.0,-0.211453741243815,0.0,0.9938298245074292,0.5496550038054584,1.0,1.0,1.0000000000000002,0.9854537865171302,0.0,0.0,11157.396756286233,11157.396756286233,0.0,11157.396756286233
HERD_GIVEBACK_S1,F07,MA,10,False,0,0,0,0,0.0,False,0,0.0,0.0,0.12071157554283807,0.0,-0.21145374124381533,0.0,1.0232955146067089,0.570865168110941,1.0,1.0,1.0000000000000002,0.983487793925575,0.0,0.0,11202.048624660572,11202.048624660572,0.0,11202.048624660572
HERD_GIVEBACK_S1,F07,MA,25,False,0,0,0,0,0.0,False,0,0.0,0.0,0.11902655413397434,0.0,-0.21145374124381466,0.0,1.0122251869060592,0.5628964209090628,1.0,1.0,1.0,0.9842250411474077,0.0,0.0,11185.272814771688,11185.272814771688,0.0,11185.272814771688
HERD_GIVEBACK_S1,F07,MA,50,False,0,0,0,0,0.0,False,0,0.0,0.0,0.11622660694804754,0.0,-0.211453741243815,0.0,0.9938298245074292,0.5496550038054584,1.0,1.0,1.0000000000000002,0.9854537865171302,0.0,0.0,11157.396756286233,11157.396756286233,0.0,11157.396756286233
GIVEBACK_BASELINE,F07,MCD,10,False,0,0,0,0,0.0,False,0,0.0,0.0,0.1336950180501688,0.0,-0.13048856341334536,0.0,1.4608292633995497,1.024572687084204,1.0,1.0,1.0,0.9457632967432162,0.0,0.0,11331.306404255052,11331.306404255052,0.0,11331.306404255052
GIVEBACK_BASELINE,F07,MCD,25,False,0,0,0,0,0.0,False,0,0.0,0.0,0.13199047566992772,0.0,-0.1304885634133448,0.0,1.444835573164025,1.0115099148714308,1.0,1.0,1.0,0.9464722647317797,0.0,0.0,11314.337022278616,11314.337022278616,0.0,11314.337022278616
GIVEBACK_BASELINE,F07,MCD,50,False,0,0,0,0,0.0,False,0,0.0,0.0,0.12915809109858878,0.0,-0.13048856341334514,0.0,1.41734373158055,0.9898039162976923,1.0,1.0,1.0,0.9476538780460514,0.0,0.0,11286.13930857237,11286.13930857237,0.0,11286.13930857237
HERD_GIVEBACK_S1,F07,MCD,10,False,0,0,0,0,0.0,False,0,0.0,0.0,0.1336950180501688,0.0,-0.13048856341334536,0.0,1.4608292633995497,1.024572687084204,1.0,1.0,1.0,0.9457632967432162,0.0,0.0,11331.306404255052,11331.306404255052,0.0,11331.306404255052
HERD_GIVEBACK_S1,F07,MCD,25,False,0,0,0,0,0.0,False,0,0.0,0.0,0.13199047566992772,0.0,-0.1304885634133448,0.0,1.444835573164025,1.0115099148714308,1.0,1.0,1.0,0.9464722647317797,0.0,0.0,11314.337022278616,11314.337022278616,0.0,11314.337022278616
HERD_GIVEBACK_S1,F07,MCD,50,False,0,0,0,0,0.0,False,0,0.0,0.0,0.12915809109858878,0.0,-0.13048856341334514,0.0,1.41734373158055,0.9898039162976923,1.0,1.0,1.0,0.9476538780460514,0.0,0.0,11286.13930857237,11286.13930857237,0.0,11286.13930857237
GIVEBACK_BASELINE,F07,META,10,False,0,0,0,0,0.0,False,0,0.0,0.0,0.9350882848305242,0.0,-0.5084857323134636,0.0,1.9507858040788681,1.8389666128411153,1.0,1.0,1.0,0.8755767142561399,0.0,0.0,19300.256560337635,19300.256560337635,0.0,19300.256560337635
GIVEBACK_BASELINE,F07,META,25,False,0,0,0,0,0.0,False,0,0.0,0.0,0.9321788251094447,0.0,-0.5084857323134642,0.0,1.94702552955628,1.833244800927449,1.0,1.0,1.0,0.8762330686146527,0.0,0.0,19271.353147603808,19271.353147603808,0.0,19271.353147603808
GIVEBACK_BASELINE,F07,META,50,False,0,0,0,0,0.0,False,0,0.0,0.0,0.9273442672126007,0.0,-0.5084857323134637,0.0,1.9407771497041388,1.823737045665866,1.0,1.0,1.0,0.8773269925455073,0.0,0.0,19223.32487182255,19223.32487182255,0.0,19223.32487182255
HERD_GIVEBACK_S1,F07,META,10,False,0,0,0,0,0.0,False,0,0.0,0.0,0.9350882848305242,0.0,-0.5084857323134636,0.0,1.9507858040788681,1.8389666128411153,1.0,1.0,1.0,0.8755767142561399,0.0,0.0,19300.256560337635,19300.256560337635,0.0,19300.256560337635
HERD_GIVEBACK_S1,F07,META,25,False,0,0,0,0,0.0,False,0,0.0,0.0,0.9321788251094447,0.0,-0.5084857323134642,0.0,1.94702552955628,1.833244800927449,1.0,1.0,1.0,0.8762330686146527,0.0,0.0,19271.353147603808,19271.353147603808,0.0,19271.353147603808
HERD_GIVEBACK_S1,F07,META,50,False,0,0,0,0,0.0,False,0,0.0,0.0,0.9273442672126007,0.0,-0.5084857323134637,0.0,1.9407771497041388,1.823737045665866,1.0,1.0,1.0,0.8773269925455073,0.0,0.0,19223.32487182255,19223.32487182255,0.0,19223.32487182255
GIVEBACK_BASELINE,F07,MRK,10,True,1,0,0,0,0.0,False,1,600.2574675357047,0.0,0.24374856065840111,-0.002229593191611645,-0.10362257709987144,0.0011810950707150658,1.890129073467954,2.352272713922915,0.9779966237410522,0.975656424663393,0.9771584196576864,0.8730110709038024,-22.1881627854018,-6.45876951421846,12426.72444363673,12448.912606422131,-22.1881627854018,12426.72444363673
GIVEBACK_BASELINE,F07,MRK,25,True,1,0,0,0,0.0,False,1,598.4593921338213,0.0,0.24178819882163927,-0.0023165917919891754,-0.103622577099871,0.001181095070715843,1.8774830248227832,2.3333544251520095,0.9779471769187459,0.9756912515962375,0.9771910894886167,0.8736230423388233,-23.054084622315713,-6.449097079013342,12407.215450500436,12430.269535122752,-23.054084622315713,12407.215450500436
GIVEBACK_BASELINE,F07,MRK,50,True,1,0,0,0,0.0,False,1,595.4745526081693,0.0,0.23853102875941867,-0.002460852965132876,-0.10362257709987166,0.001181095070715732,1.8541894466889786,2.301921409747626,0.9778772486253586,0.9757659201502625,0.9772454948594049,0.8746430405783319,-24.489981505757896,-6.433024569175629,12374.800700772792,12399.29068227855,-24.489981505757896,12374.800700772792
HERD_GIVEBACK_S1,F07,MRK,10,True,1,0,0,0,0.0,False,1,600.2574675357047,0.0,0.24374856065840111,-0.002229593191611645,-0.10362257709987144,0.0011810950707150658,1.890129073467954,2.352272713922915,0.9779966237410522,0.975656424663393,0.9771584196576864,0.8730110709038024,-22.1881627854018,-6.45876951421846,12426.72444363673,12448.912606422131,-22.1881627854018,12426.72444363673
HERD_GIVEBACK_S1,F07,MRK,25,True,1,0,0,0,0.0,False,1,598.4593921338213,0.0,0.24178819882163927,-0.0023165917919891754,-0.103622577099871,0.001181095070715843,1.8774830248227832,2.3333544251520095,0.9779471769187459,0.9756912515962375,0.9771910894886167,0.8736230423388233,-23.054084622315713,-6.449097079013342,12407.215450500436,12430.269535122752,-23.054084622315713,12407.215450500436
HERD_GIVEBACK_S1,F07,MRK,50,True,1,0,0,0,0.0,False,1,595.4745526081693,0.0,0.23853102875941867,-0.002460852965132876,-0.10362257709987166,0.001181095070715732,1.8541894466889786,2.301921409747626,0.9778772486253586,0.9757659201502625,0.9772454948594049,0.8746430405783319,-24.489981505757896,-6.433024569175629,12374.800700772792,12399.29068227855,-24.489981505757896,12374.800700772792
GIVEBACK_BASELINE,F07,MSFT,10,False,0,0,0,0,0.0,False,0,0.0,0.0,0.19442209998609483,0.0,-0.2683927778541334,0.0,1.1899021509303864,0.7243939331771427,1.0,1.0,1.0,1.001813781759047,0.0,0.0,11935.803174653509,11935.803174653509,0.0,11935.803174653509
GIVEBACK_BASELINE,F07,MSFT,25,False,0,0,0,0,0.0,False,0,0.0,0.0,0.1926262527283169,0.0,-0.26839277785413285,0.0,1.1818837834144202,0.7177028169998158,1.0,1.0,1.0,1.0025647666029445,0.0,0.0,11917.928518718849,11917.928518718849,0.0,11917.928518718849
GIVEBACK_BASELINE,F07,MSFT,50,False,0,0,0,0,0.0,False,0,0.0,0.0,0.18964214970783777,0.0,-0.26839277785413296,0.0,1.1685598078022992,0.7065843992676477,1.0,1.0,1.0000000000000002,1.00381640800944,0.0,0.0,11888.226527724535,11888.226527724535,0.0,11888.226527724535
HERD_GIVEBACK_S1,F07,MSFT,10,False,0,0,0,0,0.0,False,0,0.0,0.0,0.19442209998609483,0.0,-0.2683927778541334,0.0,1.1899021509303864,0.7243939331771427,1.0,1.0,1.0,1.001813781759047,0.0,0.0,11935.803174653509,11935.803174653509,0.0,11935.803174653509
HERD_GIVEBACK_S1,F07,MSFT,25,False,0,0,0,0,0.0,False,0,0.0,0.0,0.1926262527283169,0.0,-0.26839277785413285,0.0,1.1818837834144202,0.7177028169998158,1.0,1.0,1.0,1.0025647666029445,0.0,0.0,11917.928518718849,11917.928518718849,0.0,11917.928518718849
HERD_GIVEBACK_S1,F07,MSFT,50,False,0,0,0,0,0.0,False,0,0.0,0.0,0.18964214970783777,0.0,-0.26839277785413296,0.0,1.1685598078022992,0.7065843992676477,1.0,1.0,1.0000000000000002,1.00381640800944,0.0,0.0,11888.226527724535,11888.226527724535,0.0,11888.226527724535
GIVEBACK_BASELINE,F07,NEE,10,False,0,0,0,0,0.0,False,0,0.0,0.0,-0.14369594702879673,0.0,-0.22211218058286253,0.0,-0.6999436446855105,-0.646952124155067,1.0,1.0,1.0000000000000002,1.074169489038794,0.0,0.0,8568.313511503227,8568.313511503227,0.0,8568.313511503227
GIVEBACK_BASELINE,F07,NEE,25,False,0,0,0,0,0.0,False,0,0.0,0.0,-0.14498342428274857,0.0,-0.22211218058286253,0.0,-0.7085457102862694,-0.6527486421603977,1.0,1.0,1.0000000000000002,1.0749747135433214,0.0,0.0,8555.481894416607,8555.481894416607,0.0,8555.481894416607
GIVEBACK_BASELINE,F07,NEE,50,False,0,0,0,0,0.0,False,0,0.0,0.0,-0.1471227848245119,0.0,-0.22211218058286264,0.0,-0.7228396064004484,-0.6623805341896831,1.0,1.0,1.0,1.076316754384199,0.0,0.0,8534.159829446942,8534.159829446942,0.0,8534.159829446942
HERD_GIVEBACK_S1,F07,NEE,10,False,0,0,0,0,0.0,False,0,0.0,0.0,-0.14369594702879673,0.0,-0.22211218058286253,0.0,-0.6999436446855105,-0.646952124155067,1.0,1.0,1.0000000000000002,1.074169489038794,0.0,0.0,8568.313511503227,8568.313511503227,0.0,8568.313511503227
HERD_GIVEBACK_S1,F07,NEE,25,False,0,0,0,0,0.0,False,0,0.0,0.0,-0.14498342428274857,0.0,-0.22211218058286253,0.0,-0.7085457102862694,-0.6527486421603977,1.0,1.0,1.0000000000000002,1.0749747135433214,0.0,0.0,8555.481894416607,8555.481894416607,0.0,8555.481894416607
HERD_GIVEBACK_S1,F07,NEE,50,False,0,0,0,0,0.0,False,0,0.0,0.0,-0.1471227848245119,0.0,-0.22211218058286264,0.0,-0.7228396064004484,-0.6623805341896831,1.0,1.0,1.0,1.076316754384199,0.0,0.0,8534.159829446942,8534.159829446942,0.0,8534.159829446942
GIVEBACK_BASELINE,F07,NEM,10,False,0,0,0,0,0.0,False,0,0.0,0.0,-0.06054626406080743,0.0,-0.25968680324772186,0.0,-0.009255223305048191,-0.2331511008784332,1.0,1.0,1.0,0.969963817204608,0.0,0.0,9396.866028290302,9396.866028290302,0.0,9396.866028290302
GIVEBACK_BASELINE,F07,NEM,25,False,0,0,0,0,0.0,False,0,0.0,0.0,-0.061958759204286284,0.0,-0.259686803247721,0.0,-0.016857557268487974,-0.23859032661425794,1.0,1.0,1.0,0.9706909265128574,0.0,0.0,9382.793598922795,9382.793598922795,0.0,9382.793598922795
GIVEBACK_BASELINE,F07,NEM,50,False,0,0,0,0,0.0,False,0,0.0,0.0,-0.06430585804903244,0.0,-0.2596868032477214,0.0,-0.029475361640966046,-0.24762851729392482,1.0,1.0,1.0,0.9719027753599397,0.0,0.0,9359.40969873083,9359.40969873083,0.0,9359.40969873083
HERD_GIVEBACK_S1,F07,NEM,10,False,0,0,0,0,0.0,False,0,0.0,0.0,-0.06054626406080743,0.0,-0.25968680324772186,0.0,-0.009255223305048191,-0.2331511008784332,1.0,1.0,1.0,0.969963817204608,0.0,0.0,9396.866028290302,9396.866028290302,0.0,9396.866028290302
HERD_GIVEBACK_S1,F07,NEM,25,False,0,0,0,0,0.0,False,0,0.0,0.0,-0.061958759204286284,0.0,-0.259686803247721,0.0,-0.016857557268487974,-0.23859032661425794,1.0,1.0,1.0,0.9706909265128574,0.0,0.0,9382.793598922795,9382.793598922795,0.0,9382.793598922795
HERD_GIVEBACK_S1,F07,NEM,50,False,0,0,0,0,0.0,False,0,0.0,0.0,-0.06430585804903244,0.0,-0.2596868032477214,0.0,-0.029475361640966046,-0.24762851729392482,1.0,1.0,1.0,0.9719027753599397,0.0,0.0,9359.40969873083,9359.40969873083,0.0,9359.40969873083
GIVEBACK_BASELINE,F07,NFLX,10,True,3,0,0,0,0.0,False,3,1924.0408107721942,0.0,0.8341011135447431,-0.0804789416781424,-0.19298758240128022,0.011382514015470191,2.7422068082777793,4.322045507624381,0.9478980215663859,0.9532899765783439,0.9418438058266487,0.8498149272657074,-799.6000969419692,-63.38470631568117,18296.918099125774,19096.518196067744,-799.6000969419692,18296.918099125774
GIVEBACK_BASELINE,F07,NFLX,25,True,3,0,0,0,0.0,False,3,1918.2773331960261,0.0,0.8310534372420075,-0.08064799296044733,-0.19306158169372112,0.011308514723030072,2.735700941898309,4.304602862730175,0.947896317421371,0.9533865174218304,0.9419228981671458,0.8503284991332835,-801.2847418327619,-63.289783519088985,18266.63515319818,19067.919895030944,-801.2847418327619,18266.63515319818
GIVEBACK_BASELINE,F07,NFLX,50,True,3,0,0,0,0.0,False,3,1908.7098502881709,0.0,0.8259901778613499,-0.08092793149849764,-0.1931848081247054,0.011185288292045237,2.7248874953217754,4.275647686168746,0.9478935859606767,0.9535472944315276,0.942054635541665,0.8511845358507644,-804.0745025773977,-63.13205203268484,18216.32411523553,19020.398617812927,-804.0745025773977,18216.32411523553
HERD_GIVEBACK_S1,F07,NFLX,10,False,0,0,0,0,0.0,False,0,0.0,0.0,0.9145800552228855,0.0,-0.2043700964167504,0.0,2.857601863997003,4.475116816297228,1.0,1.0,1.0,0.7013691337684279,0.0,0.0,19096.518196067744,19096.518196067744,0.0,19096.518196067744
HERD_GIVEBACK_S1,F07,NFLX,25,False,0,0,0,0,0.0,False,0,0.0,0.0,0.9117014302024549,0.0,-0.2043700964167512,0.0,2.851885427557089,4.461031462955885,1.0,1.0,1.0,0.7018948977367702,0.0,0.0,19067.919895030944,19067.919895030944,0.0,19067.919895030944
HERD_GIVEBACK_S1,F07,NFLX,50,False,0,0,0,0,0.0,False,0,0.0,0.0,0.9069181093598475,0.0,-0.20437009641675064,0.0,2.8423865289892842,4.437626273417536,1.0,1.0,1.0,0.7027711710173404,0.0,0.0,19020.398617812927,19020.398617812927,0.0,19020.398617812927
GIVEBACK_BASELINE,F07,NKE,10,False,0,0,0,0,0.0,False,0,0.0,0.0,-0.04172079300910336,0.0,-0.29392884550406073,0.0,0.07528606333555939,-0.1419418122694153,1.0,1.0,1.0,1.006489844919847,0.0,0.0,9584.412767197107,9584.412767197107,0.0,9584.412767197107
GIVEBACK_BASELINE,F07,NKE,25,False,0,0,0,0,0.0,False,0,0.0,0.0,-0.04316159277836262,0.0,-0.2939288455040604,0.0,0.06898523478993145,-0.14684367811653376,1.0,1.0,1.0,1.0072443350584677,0.0,0.0,9570.059474164158,9570.059474164158,0.0,9570.059474164158
GIVEBACK_BASELINE,F07,NKE,50,False,0,0,0,0,0.0,False,0,0.0,0.0,-0.04555572453135015,0.0,-0.29392884550406073,0.0,0.05851526247810325,-0.15498895473571606,1.0,1.0,1.0,1.0085018186228352,0.0,0.0,9546.208867922462,9546.208867922462,0.0,9546.208867922462
HERD_GIVEBACK_S1,F07,NKE,10,False,0,0,0,0,0.0,False,0,0.0,0.0,-0.04172079300910336,0.0,-0.29392884550406073,0.0,0.07528606333555939,-0.1419418122694153,1.0,1.0,1.0,1.006489844919847,0.0,0.0,9584.412767197107,9584.412767197107,0.0,9584.412767197107
HERD_GIVEBACK_S1,F07,NKE,25,False,0,0,0,0,0.0,False,0,0.0,0.0,-0.04316159277836262,0.0,-0.2939288455040604,0.0,0.06898523478993145,-0.14684367811653376,1.0,1.0,1.0,1.0072443350584677,0.0,0.0,9570.059474164158,9570.059474164158,0.0,9570.059474164158
HERD_GIVEBACK_S1,F07,NKE,50,False,0,0,0,0,0.0,False,0,0.0,0.0,-0.04555572453135015,0.0,-0.29392884550406073,0.0,0.05851526247810325,-0.15498895473571606,1.0,1.0,1.0,1.0085018186228352,0.0,0.0,9546.208867922462,9546.208867922462,0.0,9546.208867922462
GIVEBACK_BASELINE,F07,NVDA,10,False,0,0,0,0,0.0,False,0,0.0,0.0,1.442722511421989,0.0,-0.4155433182017376,0.0,3.344315455787607,3.471894380747995,1.0,1.0,1.0,0.765929226157201,0.0,0.0,24340.80581540485,24340.80581540485,0.0,24340.80581540485
GIVEBACK_BASELINE,F07,NVDA,25,False,0,0,0,0,0.0,False,0,0.0,0.0,1.439049809348155,0.0,-0.41554331820173795,0.0,3.3393711633177454,3.4630560673569177,1.0,1.0,1.0,0.7665033859968988,0.0,0.0,24304.353846253194,24304.353846253194,0.0,24304.353846253194
GIVEBACK_BASELINE,F07,NVDA,50,False,0,0,0,0,0.0,False,0,0.0,0.0,1.432946995590258,0.0,-0.4155433182017386,0.0,3.3311553223555452,3.4483697194105494,1.0,1.0,1.0,0.7674603190630622,0.0,0.0,24243.782271425385,24243.782271425385,0.0,24243.782271425385
HERD_GIVEBACK_S1,F07,NVDA,10,False,0,0,0,0,0.0,False,0,0.0,0.0,1.442722511421989,0.0,-0.4155433182017376,0.0,3.344315455787607,3.471894380747995,1.0,1.0,1.0,0.765929226157201,0.0,0.0,24340.80581540485,24340.80581540485,0.0,24340.80581540485
HERD_GIVEBACK_S1,F07,NVDA,25,False,0,0,0,0,0.0,False,0,0.0,0.0,1.439049809348155,0.0,-0.41554331820173795,0.0,3.3393711633177454,3.4630560673569177,1.0,1.0,1.0,0.7665033859968988,0.0,0.0,24304.353846253194,24304.353846253194,0.0,24304.353846253194
HERD_GIVEBACK_S1,F07,NVDA,50,False,0,0,0,0,0.0,False,0,0.0,0.0,1.432946995590258,0.0,-0.4155433182017386,0.0,3.3311553223555452,3.4483697194105494,1.0,1.0,1.0,0.7674603190630622,0.0,0.0,24243.782271425385,24243.782271425385,0.0,24243.782271425385
GIVEBACK_BASELINE,F07,ORCL,10,False,0,0,0,0,0.0,False,0,0.0,0.0,0.5344562679984157,0.0,-0.23201716583855458,0.0,3.0418724717406542,2.3035203712914436,1.0,1.0,1.0000000000000002,0.8571482921019489,0.0,0.0,15318.512694407278,15318.512694407278,0.0,15318.512694407278
GIVEBACK_BASELINE,F07,ORCL,25,False,0,0,0,0,0.0,False,0,0.0,0.0,0.5321491697949381,0.0,-0.2320171658385548,0.0,3.031881598557887,2.2935767182210345,1.0,1.0,1.0,0.8577908320510509,0.0,0.0,15295.572206881081,15295.572206881081,0.0,15295.572206881081
GIVEBACK_BASELINE,F07,ORCL,50,False,0,0,0,0,0.0,False,0,0.0,0.0,0.5283155371250654,0.0,-0.23201716583855492,0.0,3.0152799461185937,2.277053662023803,1.0,1.0,1.0,0.8588617319662208,0.0,0.0,15257.452415574387,15257.452415574387,0.0,15257.452415574387
HERD_GIVEBACK_S1,F07,ORCL,10,False,0,0,0,0,0.0,False,0,0.0,0.0,0.5344562679984157,0.0,-0.23201716583855458,0.0,3.0418724717406542,2.3035203712914436,1.0,1.0,1.0000000000000002,0.8571482921019489,0.0,0.0,15318.512694407278,15318.512694407278,0.0,15318.512694407278
HERD_GIVEBACK_S1,F07,ORCL,25,False,0,0,0,0,0.0,False,0,0.0,0.0,0.5321491697949381,0.0,-0.2320171658385548,0.0,3.031881598557887,2.2935767182210345,1.0,1.0,1.0,0.8577908320510509,0.0,0.0,15295.572206881081,15295.572206881081,0.0,15295.572206881081
HERD_GIVEBACK_S1,F07,ORCL,50,False,0,0,0,0,0.0,False,0,0.0,0.0,0.5283155371250654,0.0,-0.23201716583855492,0.0,3.0152799461185937,2.277053662023803,1.0,1.0,1.0,0.8588617319662208,0.0,0.0,15257.452415574387,15257.452415574387,0.0,15257.452415574387
GIVEBACK_BASELINE,F07,PEP,10,False,0,0,0,0,0.0,False,0,0.0,0.0,0.10390274089550822,0.0,-0.09813691556643556,0.0,1.0683101391003558,1.0587528688444399,1.0,1.0,1.0,0.9622983165836055,0.0,0.0,11034.697987334623,11034.697987334623,0.0,11034.697987334623
GIVEBACK_BASELINE,F07,PEP,25,False,0,0,0,0,0.0,False,0,0.0,0.0,0.10224299204280718,0.0,-0.09813691556643589,0.0,1.0537901429150325,1.0418402845929227,1.0,1.0,1.0,0.9630196796395156,0.0,0.0,11018.172796111181,11018.172796111181,0.0,11018.172796111181
GIVEBACK_BASELINE,F07,PEP,50,False,0,0,0,0,0.0,False,0,0.0,0.0,0.09948503947021536,0.0,-0.09813691556643545,0.0,1.029662529073923,1.0137371741917778,1.0,1.0,1.0000000000000002,0.9642219513993651,0.0,0.0,10990.7131861085,10990.7131861085,0.0,10990.7131861085
HERD_GIVEBACK_S1,F07,PEP,10,False,0,0,0,0,0.0,False,0,0.0,0.0,0.10390274089550822,0.0,-0.09813691556643556,0.0,1.0683101391003558,1.0587528688444399,1.0,1.0,1.0,0.9622983165836055,0.0,0.0,11034.697987334623,11034.697987334623,0.0,11034.697987334623
HERD_GIVEBACK_S1,F07,PEP,25,False,0,0,0,0,0.0,False,0,0.0,0.0,0.10224299204280718,0.0,-0.09813691556643589,0.0,1.0537901429150325,1.0418402845929227,1.0,1.0,1.0,0.9630196796395156,0.0,0.0,11018.172796111181,11018.172796111181,0.0,11018.172796111181
HERD_GIVEBACK_S1,F07,PEP,50,False,0,0,0,0,0.0,False,0,0.0,0.0,0.09948503947021536,0.0,-0.09813691556643545,0.0,1.029662529073923,1.0137371741917778,1.0,1.0,1.0000000000000002,0.9642219513993651,0.0,0.0,10990.7131861085,10990.7131861085,0.0,10990.7131861085
GIVEBACK_BASELINE,F07,PG,10,False,0,0,0,0,0.0,False,0,0.0,0.0,0.13377089368477657,0.0,-0.17454811462262831,0.0,1.3156323848486045,0.766384065356353,1.0,1.0,1.0000000000000002,0.9691367953424603,0.0,0.0,11332.061773336736,11332.061773336736,0.0,11332.061773336736
GIVEBACK_BASELINE,F07,PG,25,False,0,0,0,0,0.0,False,0,0.0,0.0,0.1320662372233834,0.0,-0.17454811462262831,0.0,1.3010970585841717,0.7566179532154191,1.0,1.0,1.0,0.9698632846942911,0.0,0.0,11315.091260145062,11315.091260145062,0.0,11315.091260145062
GIVEBACK_BASELINE,F07,PG,50,False,0,0,0,0,0.0,False,0,0.0,0.0,0.1292336630869757,0.0,-0.17454811462262831,0.0,1.2769439710291894,0.7403899112080236,1.0,1.0,1.0,0.9710741002806762,0.0,0.0,11286.891666719006,11286.891666719006,0.0,11286.891666719006
HERD_GIVEBACK_S1,F07,PG,10,False,0,0,0,0,0.0,False,0,0.0,0.0,0.13377089368477657,0.0,-0.17454811462262831,0.0,1.3156323848486045,0.766384065356353,1.0,1.0,1.0000000000000002,0.9691367953424603,0.0,0.0,11332.061773336736,11332.061773336736,0.0,11332.061773336736
HERD_GIVEBACK_S1,F07,PG,25,False,0,0,0,0,0.0,False,0,0.0,0.0,0.1320662372233834,0.0,-0.17454811462262831,0.0,1.3010970585841717,0.7566179532154191,1.0,1.0,1.0,0.9698632846942911,0.0,0.0,11315.091260145062,11315.091260145062,0.0,11315.091260145062
HERD_GIVEBACK_S1,F07,PG,50,False,0,0,0,0,0.0,False,0,0.0,0.0,0.1292336630869757,0.0,-0.17454811462262831,0.0,1.2769439710291894,0.7403899112080236,1.0,1.0,1.0,0.9710741002806762,0.0,0.0,11286.891666719006,11286.891666719006,0.0,11286.891666719006
GIVEBACK_BASELINE,F07,PLD,10,False,0,0,0,0,0.0,False,0,0.0,0.0,-0.02981335471607427,0.0,-0.28075863287575464,0.0,0.06640744862676369,-0.10618855922862291,1.0,1.0,1.0,1.0746318049867987,0.0,0.0,9703.03177889432,9703.03177889432,0.0,9703.03177889432
GIVEBACK_BASELINE,F07,PLD,25,False,0,0,0,0,0.0,False,0,0.0,0.0,-0.03127205765407726,0.0,-0.2807586328757543,0.0,0.058252344835743736,-0.11138413566757983,1.0,1.0,1.0000000000000002,1.075437376055005,0.0,0.0,9688.500846033503,9688.500846033503,0.0,9688.500846033503
GIVEBACK_BASELINE,F07,PLD,50,False,0,0,0,0,0.0,False,0,0.0,0.0,-0.03369593854062081,0.0,-0.28075863287575475,0.0,0.04464666409304186,-0.1200174619582665,1.0,1.0,1.0,1.0767799945020147,0.0,0.0,9664.355058917454,9664.355058917454,0.0,9664.355058917454
HERD_GIVEBACK_S1,F07,PLD,10,False,0,0,0,0,0.0,False,0,0.0,0.0,-0.02981335471607427,0.0,-0.28075863287575464,0.0,0.06640744862676369,-0.10618855922862291,1.0,1.0,1.0,1.0746318049867987,0.0,0.0,9703.03177889432,9703.03177889432,0.0,9703.03177889432
HERD_GIVEBACK_S1,F07,PLD,25,False,0,0,0,0,0.0,False,0,0.0,0.0,-0.03127205765407726,0.0,-0.2807586328757543,0.0,0.058252344835743736,-0.11138413566757983,1.0,1.0,1.0000000000000002,1.075437376055005,0.0,0.0,9688.500846033503,9688.500846033503,0.0,9688.500846033503
HERD_GIVEBACK_S1,F07,PLD,50,False,0,0,0,0,0.0,False,0,0.0,0.0,-0.03369593854062081,0.0,-0.28075863287575475,0.0,0.04464666409304186,-0.1200174619582665,1.0,1.0,1.0,1.0767799945020147,0.0,0.0,9664.355058917454,9664.355058917454,0.0,9664.355058917454
GIVEBACK_BASELINE,F07,SHW,10,False,0,0,0,0,0.0,False,0,0.0,0.0,0.155005881666066,0.0,-0.21620721656072583,0.0,0.9082676814500475,0.7169320438595522,1.0,1.0,1.0,1.0269477001727625,0.0,0.0,11543.455838655305,11543.455838655305,0.0,11543.455838655305
GIVEBACK_BASELINE,F07,SHW,25,False,0,0,0,0,0.0,False,0,0.0,0.0,0.15326929780234688,0.0,-0.2162072165607256,0.0,0.9010888774756052,0.7089000091692059,1.0,1.0,1.0,1.0277175260349611,0.0,0.0,11526.168748847133,11526.168748847133,0.0,11526.168748847133
GIVEBACK_BASELINE,F07,SHW,50,False,0,0,0,0,0.0,False,0,0.0,0.0,0.15038367090361993,0.0,-0.21620721656072595,0.0,0.8889758969512623,0.6955534292324687,1.0,1.0,1.0,1.0290005691386253,0.0,0.0,11497.443105809463,11497.443105809463,0.0,11497.443105809463
HERD_GIVEBACK_S1,F07,SHW,10,False,0,0,0,0,0.0,False,0,0.0,0.0,0.155005881666066,0.0,-0.21620721656072583,0.0,0.9082676814500475,0.7169320438595522,1.0,1.0,1.0,1.0269477001727625,0.0,0.0,11543.455838655305,11543.455838655305,0.0,11543.455838655305
HERD_GIVEBACK_S1,F07,SHW,25,False,0,0,0,0,0.0,False,0,0.0,0.0,0.15326929780234688,0.0,-0.2162072165607256,0.0,0.9010888774756052,0.7089000091692059,1.0,1.0,1.0,1.0277175260349611,0.0,0.0,11526.168748847133,11526.168748847133,0.0,11526.168748847133
HERD_GIVEBACK_S1,F07,SHW,50,False,0,0,0,0,0.0,False,0,0.0,0.0,0.15038367090361993,0.0,-0.21620721656072595,0.0,0.8889758969512623,0.6955534292324687,1.0,1.0,1.0,1.0290005691386253,0.0,0.0,11497.443105809463,11497.443105809463,0.0,11497.443105809463
GIVEBACK_BASELINE,F07,SLB,10,True,3,1,3,0,-4.466819756758646,True,0,0.0,0.0,0.5629633686202462,-0.023926650671629135,-0.24485780123540124,0.019038174336893476,2.1060985141240893,2.2991440982475573,0.9539350958536077,0.9527185646269486,0.9502116468625355,1.0373355387374572,-237.88788610313168,-4.466819756758639,15601.960046583243,15839.847932686374,-398.8702435453961,15440.977689140978
GIVEBACK_BASELINE,F07,SLB,25,True,3,1,3,0,-4.57364976996357,True,0,0.0,0.0,0.5600053618300129,-0.024498723636983133,-0.24498850680175843,0.018907468770537506,2.0964577476193007,2.28584340196482,0.9538747202091749,0.9528427116206873,0.9502782232806335,1.0375926796057815,-243.57729543630376,-4.573649769963595,15572.54941566899,15816.126711105293,-401.0595101105464,15415.067200994747
GIVEBACK_BASELINE,F07,SLB,50,True,3,1,3,0,-4.75022595349116,True,0,0.0,5.684341886080801e-13,0.555095186825018,-0.025444267294491674,-0.24520616671538575,0.018689808856909185,2.080163450985452,2.263789668346004,0.9537748563146963,0.9530490178226126,0.9503891203632207,1.038022418567673,-252.9811526149988,-4.750225953491167,15523.728435590096,15776.709588205094,-404.68810905577084,15372.021479149324
HERD_GIVEBACK_S1,F07,SLB,10,True,1,1,1,0,-2.3308809034214466,True,0,0.0,0.0,0.5744044075744106,-0.012485611717464762,-0.2621643154788662,0.001731660093428511,2.085462373789011,2.191009125422773,0.9862705316930748,0.9873614501305478,0.985731305577321,0.8477464961871117,-124.13492396555557,-2.3308809034214164,15715.713008720819,15839.847932686374,-177.3258622191006,15662.522070467274
HERD_GIVEBACK_S1,F07,SLB,25,True,1,1,1,0,-2.3648987246471815,True,0,0.0,0.0,0.5718363325101758,-0.01266775295682021,-0.2622221279892658,0.0016738475830301303,2.077464434382304,2.180732560196385,0.98623972680211,0.9873875732072949,0.9857517015965627,0.8482002132705901,-125.94659939055964,-2.364898724647219,15690.180111714733,15816.126711105293,-177.98103900157912,15638.145672103714
HERD_GIVEBACK_S1,F07,SLB,50,True,1,1,1,0,-2.421114497964025,True,0,0.0,0.0,0.5675707116374074,-0.012968742482102336,-0.2623183857346968,0.0015775898375981479,2.063906496751713,2.1636711054307733,0.9861886636245549,0.9874309732871721,0.9857856673526195,0.8489568448967201,-128.94046352840815,-2.4211144979640267,15647.769124676686,15776.709588205094,-179.06667289000507,15597.64291531509
GIVEBACK_BASELINE,F07,SO,10,False,0,0,0,0,0.0,False,0,0.0,0.0,-0.028627687752067033,0.0,-0.23278447022969373,0.0,-0.04598699276186306,-0.12297937110589655,1.0,1.0,1.0,1.0553648231303443,0.0,0.0,9714.842788126123,9714.842788126123,0.0,9714.842788126123
GIVEBACK_BASELINE,F07,SO,25,False,0,0,0,0,0.0,False,0,0.0,0.0,-0.030088173373734817,0.0,-0.23278447022969317,0.0,-0.05726912606189629,-0.12925335330164509,1.0,1.0,1.0,1.0561559511836653,0.0,0.0,9700.29416749657,9700.29416749657,0.0,9700.29416749657
GIVEBACK_BASELINE,F07,SO,50,False,0,0,0,0,0.0,False,0,0.0,0.0,-0.032515016489766735,0.0,-0.23278447022969317,0.0,-0.076016441976637,-0.13967863258955165,1.0,1.0,1.0000000000000002,1.0574744979392008,0.0,0.0,9676.118988936583,9676.118988936583,0.0,9676.118988936583
HERD_GIVEBACK_S1,F07,SO,10,False,0,0,0,0,0.0,False,0,0.0,0.0,-0.028627687752067033,0.0,-0.23278447022969373,0.0,-0.04598699276186306,-0.12297937110589655,1.0,1.0,1.0,1.0553648231303443,0.0,0.0,9714.842788126123,9714.842788126123,0.0,9714.842788126123
HERD_GIVEBACK_S1,F07,SO,25,False,0,0,0,0,0.0,False,0,0.0,0.0,-0.030088173373734817,0.0,-0.23278447022969317,0.0,-0.05726912606189629,-0.12925335330164509,1.0,1.0,1.0,1.0561559511836653,0.0,0.0,9700.29416749657,9700.29416749657,0.0,9700.29416749657
HERD_GIVEBACK_S1,F07,SO,50,False,0,0,0,0,0.0,False,0,0.0,0.0,-0.032515016489766735,0.0,-0.23278447022969317,0.0,-0.076016441976637,-0.13967863258955165,1.0,1.0,1.0000000000000002,1.0574744979392008,0.0,0.0,9676.118988936583,9676.118988936583,0.0,9676.118988936583
GIVEBACK_BASELINE,F07,TMUS,10,False,0,0,0,0,0.0,False,0,0.0,0.0,-0.04869927514595984,0.0,-0.1696739733860675,0.0,-0.16349237088837157,-0.28701676617869964,1.0,1.0,1.0,1.0007168622220477,0.0,0.0,9514.892107196943,9514.892107196943,0.0,9514.892107196943
GIVEBACK_BASELINE,F07,TMUS,25,False,0,0,0,0,0.0,False,0,0.0,0.0,-0.05012958257083888,0.0,-0.16967397338606782,0.0,-0.1734326443610629,-0.2954465058514101,1.0,1.0,1.0,1.0014670247874318,0.0,0.0,9500.642925957702,9500.642925957702,0.0,9500.642925957702
GIVEBACK_BASELINE,F07,TMUS,50,False,0,0,0,0,0.0,False,0,0.0,0.0,-0.05250627952450082,0.0,-0.16967397338606827,0.0,-0.18995021618155086,-0.3094539396742391,1.0,1.0,1.0000000000000002,1.0027172957297383,0.0,0.0,9476.965320391955,9476.965320391955,0.0,9476.965320391955
HERD_GIVEBACK_S1,F07,TMUS,10,False,0,0,0,0,0.0,False,0,0.0,0.0,-0.04869927514595984,0.0,-0.1696739733860675,0.0,-0.16349237088837157,-0.28701676617869964,1.0,1.0,1.0,1.0007168622220477,0.0,0.0,9514.892107196943,9514.892107196943,0.0,9514.892107196943
HERD_GIVEBACK_S1,F07,TMUS,25,False,0,0,0,0,0.0,False,0,0.0,0.0,-0.05012958257083888,0.0,-0.16967397338606782,0.0,-0.1734326443610629,-0.2954465058514101,1.0,1.0,1.0,1.0014670247874318,0.0,0.0,9500.642925957702,9500.642925957702,0.0,9500.642925957702
HERD_GIVEBACK_S1,F07,TMUS,50,False,0,0,0,0,0.0,False,0,0.0,0.0,-0.05250627952450082,0.0,-0.16967397338606827,0.0,-0.18995021618155086,-0.3094539396742391,1.0,1.0,1.0000000000000002,1.0027172957297383,0.0,0.0,9476.965320391955,9476.965320391955,0.0,9476.965320391955
GIVEBACK_BASELINE,F07,TSLA,10,False,0,0,0,0,0.0,False,0,0.0,0.0,-0.16829338978664532,0.0,-0.6505237425681392,0.0,-0.010453646079901962,-0.25870445423291744,1.0,1.0,1.0000000000000002,1.4350097569440003,0.0,0.0,8323.150198522124,8323.150198522124,0.0,8323.150198522124
GIVEBACK_BASELINE,F07,TSLA,25,False,0,0,0,0,0.0,False,0,0.0,0.0,-0.16954388409283994,0.0,-0.6505237425681385,0.0,-0.014128692994077043,-0.2606267427281199,1.0,1.0,1.0,1.4360854764019788,0.0,0.0,8310.685729737403,8310.685729737403,0.0,8310.685729737403
GIVEBACK_BASELINE,F07,TSLA,50,False,0,0,0,0,0.0,False,0,0.0,0.0,-0.17162179123112697,0.0,-0.6505237425681385,0.0,-0.02023545167785394,-0.26382094918411164,1.0,1.0,1.0,1.437878342165277,0.0,0.0,8289.973748430119,8289.973748430119,0.0,8289.973748430119
HERD_GIVEBACK_S1,F07,TSLA,10,False,0,0,0,0,0.0,False,0,0.0,0.0,-0.16829338978664532,0.0,-0.6505237425681392,0.0,-0.010453646079901962,-0.25870445423291744,1.0,1.0,1.0000000000000002,1.4350097569440003,0.0,0.0,8323.150198522124,8323.150198522124,0.0,8323.150198522124
HERD_GIVEBACK_S1,F07,TSLA,25,False,0,0,0,0,0.0,False,0,0.0,0.0,-0.16954388409283994,0.0,-0.6505237425681385,0.0,-0.014128692994077043,-0.2606267427281199,1.0,1.0,1.0,1.4360854764019788,0.0,0.0,8310.685729737403,8310.685729737403,0.0,8310.685729737403
HERD_GIVEBACK_S1,F07,TSLA,50,False,0,0,0,0,0.0,False,0,0.0,0.0,-0.17162179123112697,0.0,-0.6505237425681385,0.0,-0.02023545167785394,-0.26382094918411164,1.0,1.0,1.0,1.437878342165277,0.0,0.0,8289.973748430119,8289.973748430119,0.0,8289.973748430119
GIVEBACK_BASELINE,F07,UNH,10,False,0,0,0,0,0.0,False,0,0.0,0.0,-0.048441358949887214,0.0,-0.1847606435998579,0.0,-0.14127003158259388,-0.2621844025115989,1.0,1.0,1.0000000000000002,1.0595152119541007,0.0,0.0,9517.461542000014,9517.461542000014,0.0,9517.461542000014
GIVEBACK_BASELINE,F07,UNH,25,False,0,0,0,0,0.0,False,0,0.0,0.0,-0.04987205415903195,0.0,-0.184760643599858,0.0,-0.15050633414340522,-0.2699279088193774,1.0,1.0,1.0,1.0603094512434212,0.0,0.0,9503.208512861944,9503.208512861944,0.0,9503.208512861944
GIVEBACK_BASELINE,F07,UNH,50,False,0,0,0,0,0.0,False,0,0.0,0.0,-0.05224939548162999,0.0,-0.18476064359985822,0.0,-0.16585413029034082,-0.2827950501990462,1.0,1.0,1.0,1.0616331833922896,0.0,0.0,9479.52451331263,9479.52451331263,0.0,9479.52451331263
HERD_GIVEBACK_S1,F07,UNH,10,False,0,0,0,0,0.0,False,0,0.0,0.0,-0.048441358949887214,0.0,-0.1847606435998579,0.0,-0.14127003158259388,-0.2621844025115989,1.0,1.0,1.0000000000000002,1.0595152119541007,0.0,0.0,9517.461542000014,9517.461542000014,0.0,9517.461542000014
HERD_GIVEBACK_S1,F07,UNH,25,False,0,0,0,0,0.0,False,0,0.0,0.0,-0.04987205415903195,0.0,-0.184760643599858,0.0,-0.15050633414340522,-0.2699279088193774,1.0,1.0,1.0,1.0603094512434212,0.0,0.0,9503.208512861944,9503.208512861944,0.0,9503.208512861944
HERD_GIVEBACK_S1,F07,UNH,50,False,0,0,0,0,0.0,False,0,0.0,0.0,-0.05224939548162999,0.0,-0.18476064359985822,0.0,-0.16585413029034082,-0.2827950501990462,1.0,1.0,1.0,1.0616331833922896,0.0,0.0,9479.52451331263,9479.52451331263,0.0,9479.52451331263
GIVEBACK_BASELINE,F07,UNP,10,False,0,0,0,0,0.0,False,0,0.0,0.0,0.05527467679255227,0.0,-0.22492350036022402,0.0,0.5590571595061845,0.24574878438236847,1.0,1.0,1.0000000000000002,1.065331535790384,0.0,0.0,10550.494035073467,10550.494035073467,0.0,10550.494035073467
GIVEBACK_BASELINE,F07,UNP,25,False,0,0,0,0,0.0,False,0,0.0,0.0,0.05368804160341467,0.0,-0.22492350036022424,0.0,0.5498003849785607,0.23869467404442427,1.0,1.0,1.0,1.0661301351425505,0.0,0.0,10534.693971344359,10534.693971344359,0.0,10534.693971344359
GIVEBACK_BASELINE,F07,UNP,50,False,0,0,0,0,0.0,False,0,0.0,0.0,0.05105157971067986,0.0,-0.22492350036022501,0.0,0.5344185709363175,0.22697308030916502,1.0,1.0,1.0,1.0674611340628284,0.0,0.0,10508.439292523852,10508.439292523852,0.0,10508.439292523852
HERD_GIVEBACK_S1,F07,UNP,10,False,0,0,0,0,0.0,False,0,0.0,0.0,0.05527467679255227,0.0,-0.22492350036022402,0.0,0.5590571595061845,0.24574878438236847,1.0,1.0,1.0000000000000002,1.065331535790384,0.0,0.0,10550.494035073467,10550.494035073467,0.0,10550.494035073467
HERD_GIVEBACK_S1,F07,UNP,25,False,0,0,0,0,0.0,False,0,0.0,0.0,0.05368804160341467,0.0,-0.22492350036022424,0.0,0.5498003849785607,0.23869467404442427,1.0,1.0,1.0,1.0661301351425505,0.0,0.0,10534.693971344359,10534.693971344359,0.0,10534.693971344359
HERD_GIVEBACK_S1,F07,UNP,50,False,0,0,0,0,0.0,False,0,0.0,0.0,0.05105157971067986,0.0,-0.22492350036022501,0.0,0.5344185709363175,0.22697308030916502,1.0,1.0,1.0,1.0674611340628284,0.0,0.0,10508.439292523852,10508.439292523852,0.0,10508.439292523852
GIVEBACK_BASELINE,F07,V,10,False,0,0,0,0,0.0,False,0,0.0,0.0,0.15072753457138366,0.0,-0.1818642341892437,0.0,1.3302537656358007,0.8287915171629628,1.0,1.0,1.0,0.9553771960257141,0.0,0.0,11500.866191531555,11500.866191531555,0.0,11500.866191531555
GIVEBACK_BASELINE,F07,V,25,False,0,0,0,0,0.0,False,0,0.0,0.0,0.14899738332298273,0.0,-0.1818642341892428,0.0,1.3155123055176374,0.8192780949328401,1.0,1.0,1.0,0.9560933708353285,0.0,0.0,11483.642882541279,11483.642882541279,0.0,11483.642882541279
GIVEBACK_BASELINE,F07,V,50,False,0,0,0,0,0.0,False,0,0.0,0.0,0.1461224452992289,0.0,-0.1818642341892428,0.0,1.2986066574085189,0.8034699398188322,1.0,1.0,1.0,0.9572869955180193,0.0,0.0,11455.023222929842,11455.023222929842,0.0,11455.023222929842
HERD_GIVEBACK_S1,F07,V,10,False,0,0,0,0,0.0,False,0,0.0,0.0,0.15072753457138366,0.0,-0.1818642341892437,0.0,1.3302537656358007,0.8287915171629628,1.0,1.0,1.0,0.9553771960257141,0.0,0.0,11500.866191531555,11500.866191531555,0.0,11500.866191531555
HERD_GIVEBACK_S1,F07,V,25,False,0,0,0,0,0.0,False,0,0.0,0.0,0.14899738332298273,0.0,-0.1818642341892428,0.0,1.3155123055176374,0.8192780949328401,1.0,1.0,1.0,0.9560933708353285,0.0,0.0,11483.642882541279,11483.642882541279,0.0,11483.642882541279
HERD_GIVEBACK_S1,F07,V,50,False,0,0,0,0,0.0,False,0,0.0,0.0,0.1461224452992289,0.0,-0.1818642341892428,0.0,1.2986066574085189,0.8034699398188322,1.0,1.0,1.0,0.9572869955180193,0.0,0.0,11455.023222929842,11455.023222929842,0.0,11455.023222929842
GIVEBACK_BASELINE,F07,WMT,10,False,0,0,0,0,0.0,False,0,0.0,0.0,0.22392855043767113,0.0,-0.10438192797449408,0.0,1.8665006277356173,2.1452808429864265,1.0,1.0,1.0000000000000002,0.9073316741933896,0.0,0.0,12229.475385946424,12229.475385946424,0.0,12229.475385946424
GIVEBACK_BASELINE,F07,WMT,25,False,0,0,0,0,0.0,False,0,0.0,0.0,0.22208833940084793,0.0,-0.1043819279744943,0.0,1.8512525930924146,2.127651248740253,1.0,1.0,1.0,0.9080118328696964,0.0,0.0,12211.160936421202,12211.160936421202,0.0,12211.160936421202
GIVEBACK_BASELINE,F07,WMT,50,False,0,0,0,0,0.0,False,0,0.0,0.0,0.21903051848121313,0.0,-0.10438192797449464,0.0,1.8246389846733884,2.0983567053363155,1.0,1.0,1.0,0.909145430663541,0.0,0.0,12180.728148408249,12180.728148408249,0.0,12180.728148408249
HERD_GIVEBACK_S1,F07,WMT,10,False,0,0,0,0,0.0,False,0,0.0,0.0,0.22392855043767113,0.0,-0.10438192797449408,0.0,1.8665006277356173,2.1452808429864265,1.0,1.0,1.0000000000000002,0.9073316741933896,0.0,0.0,12229.475385946424,12229.475385946424,0.0,12229.475385946424
HERD_GIVEBACK_S1,F07,WMT,25,False,0,0,0,0,0.0,False,0,0.0,0.0,0.22208833940084793,0.0,-0.1043819279744943,0.0,1.8512525930924146,2.127651248740253,1.0,1.0,1.0,0.9080118328696964,0.0,0.0,12211.160936421202,12211.160936421202,0.0,12211.160936421202
HERD_GIVEBACK_S1,F07,WMT,50,False,0,0,0,0,0.0,False,0,0.0,0.0,0.21903051848121313,0.0,-0.10438192797449464,0.0,1.8246389846733884,2.0983567053363155,1.0,1.0,1.0,0.909145430663541,0.0,0.0,12180.728148408249,12180.728148408249,0.0,12180.728148408249
GIVEBACK_BASELINE,F07,XOM,10,True,2,0,0,0,0.0,False,2,1088.1018382421876,0.0,0.1496032623133714,-0.0035775641156636784,-0.16120677448368026,0.0,1.0074341829589846,0.9280209395202338,0.9761497042913251,0.9763454290596559,0.9722088141077246,0.9702915291069069,-35.61374607310245,-11.798100279832283,11489.674298186283,11525.288044259385,-35.61374607310245,11489.674298186283
GIVEBACK_BASELINE,F07,XOM,25,True,2,0,0,0,0.0,False,2,1084.8424216486387,0.0,0.14771107133775208,-0.003735915249497568,-0.16120677448368015,0.0,0.9962076276813724,0.9162832753824851,0.9761030114111905,0.9763983175339651,0.9722470734460062,0.9709170317036621,-37.190324139226504,-11.780431843104651,11470.837837787609,11508.028161926835,-37.190324139226504,11470.837837787609
GIVEBACK_BASELINE,F07,XOM,50,True,2,0,0,0,0.0,False,2,1079.4317278207827,0.0,0.1445674237605481,-0.003998495583097839,-0.1612067744836807,0.0,0.9773819208222466,0.8967825590678447,0.9760252727003259,0.9764861264234319,0.9723107960620115,0.9719595850869519,-39.804675762283296,-11.751072522819811,11439.543053294783,11479.347729057066,-39.804675762283296,11439.543053294783
HERD_GIVEBACK_S1,F07,XOM,10,True,1,0,0,0,0.0,False,1,540.0551350763997,0.0,0.14954343986669416,-0.0036373865623409163,-0.16120677448368026,0.0,1.0060003938704196,0.9276498481261602,0.9841108870852563,0.9849230520940833,0.982689263274923,0.9223293778227905,-36.20926713656809,-6.050307835811424,11489.078777122817,11525.288044259385,-36.20926713656809,11489.078777122817
HERD_GIVEBACK_S1,F07,XOM,25,True,1,0,0,0,0.0,False,1,538.4373961784092,0.0,0.1477338051502921,-0.0037131814369575356,-0.16120677448368015,0.0,0.9952414191995301,0.9164242980697317,0.984092382144767,0.9849575427122678,0.9827140322377389,0.9229743407729407,-36.9640119179312,-6.041247099028027,11471.064150008904,11508.028161926835,-36.9640119179312,11471.064150008904
HERD_GIVEBACK_S1,F07,XOM,50,True,1,0,0,0,0.0,False,1,535.7519186951799,0.0,0.14472706327097362,-0.003838856072672314,-0.1612067744836807,0.0,0.9771897225332338,0.8977728369946676,0.984061578174788,0.9850148025502088,0.9827552801577023,0.9240493142234327,-38.21546775767456,-6.026191037343494,11441.132261299392,11479.347729057066,-38.21546775767456,11441.132261299392
GIVEBACK_BASELINE,F08,AAPL,10,False,0,0,0,0,0.0,False,0,0.0,0.0,0.15261641124058944,0.0,-0.16606652202190308,0.0,1.171176939313481,0.9190076927152141,1.0,1.0,1.0000000000000002,1.0206409291367224,0.0,0.0,11526.164112405892,11526.164112405892,0.0,11526.164112405892
GIVEBACK_BASELINE,F08,AAPL,25,False,0,0,0,0,0.0,False,0,0.0,0.0,0.15089029181032565,0.0,-0.16606652202190308,0.0,1.1620729840517465,0.9086135481925984,1.0,1.0,1.0000000000000002,1.021406027284501,0.0,0.0,11508.902918103257,11508.902918103257,0.0,11508.902918103257
GIVEBACK_BASELINE,F08,AAPL,50,False,0,0,0,0,0.0,False,0,0.0,0.0,0.1480220305156632,0.0,-0.16606652202190353,0.0,1.1462944759925788,0.8913417870950514,1.0,1.0,1.0,1.022681190864132,0.0,0.0,11480.220305156634,11480.220305156634,0.0,11480.220305156634
HERD_GIVEBACK_S1,F08,AAPL,10,False,0,0,0,0,0.0,False,0,0.0,0.0,0.15261641124058944,0.0,-0.16606652202190308,0.0,1.171176939313481,0.9190076927152141,1.0,1.0,1.0000000000000002,1.0206409291367224,0.0,0.0,11526.164112405892,11526.164112405892,0.0,11526.164112405892
HERD_GIVEBACK_S1,F08,AAPL,25,False,0,0,0,0,0.0,False,0,0.0,0.0,0.15089029181032565,0.0,-0.16606652202190308,0.0,1.1620729840517465,0.9086135481925984,1.0,1.0,1.0000000000000002,1.021406027284501,0.0,0.0,11508.902918103257,11508.902918103257,0.0,11508.902918103257
HERD_GIVEBACK_S1,F08,AAPL,50,False,0,0,0,0,0.0,False,0,0.0,0.0,0.1480220305156632,0.0,-0.16606652202190353,0.0,1.1462944759925788,0.8913417870950514,1.0,1.0,1.0,1.022681190864132,0.0,0.0,11480.220305156634,11480.220305156634,0.0,11480.220305156634
GIVEBACK_BASELINE,F08,ABBV,10,False,0,0,0,0,0.0,False,0,0.0,0.0,0.3185215062484945,0.0,-0.14203419354985314,0.0,2.051030233374269,2.2425691890642896,1.0,1.0,1.0000000000000002,0.9116944595298813,0.0,0.0,13185.215062484924,13185.215062484924,0.0,13185.215062484924
GIVEBACK_BASELINE,F08,ABBV,25,False,0,0,0,0,0.0,False,0,0.0,0.0,0.3165469329481636,0.0,-0.14203419354985392,0.0,2.0433422978974027,2.228667090907626,1.0,1.0,1.0,0.9123778886599632,0.0,0.0,13165.469329481646,13165.469329481646,0.0,13165.469329481646
GIVEBACK_BASELINE,F08,ABBV,50,False,0,0,0,0,0.0,False,0,0.0,0.0,0.3132658203718812,0.0,-0.1420341935498537,0.0,2.0293702367105753,2.2055662269939638,1.0,1.0,1.0,0.9135169372101004,0.0,0.0,13132.65820371881,13132.65820371881,0.0,13132.65820371881
HERD_GIVEBACK_S1,F08,ABBV,10,False,0,0,0,0,0.0,False,0,0.0,0.0,0.3185215062484945,0.0,-0.14203419354985314,0.0,2.051030233374269,2.2425691890642896,1.0,1.0,1.0000000000000002,0.9116944595298813,0.0,0.0,13185.215062484924,13185.215062484924,0.0,13185.215062484924
HERD_GIVEBACK_S1,F08,ABBV,25,False,0,0,0,0,0.0,False,0,0.0,0.0,0.3165469329481636,0.0,-0.14203419354985392,0.0,2.0433422978974027,2.228667090907626,1.0,1.0,1.0,0.9123778886599632,0.0,0.0,13165.469329481646,13165.469329481646,0.0,13165.469329481646
HERD_GIVEBACK_S1,F08,ABBV,50,False,0,0,0,0,0.0,False,0,0.0,0.0,0.3132658203718812,0.0,-0.1420341935498537,0.0,2.0293702367105753,2.2055662269939638,1.0,1.0,1.0,0.9135169372101004,0.0,0.0,13132.65820371881,13132.65820371881,0.0,13132.65820371881
GIVEBACK_BASELINE,F08,AMT,10,False,0,0,0,0,0.0,False,0,0.0,0.0,0.28230551993033437,0.0,-0.21147985148018333,0.0,1.9172122305162882,1.3349050415650956,1.0,1.0,1.0,0.9747423369036532,0.0,0.0,12823.05519930334,12823.05519930334,0.0,12823.05519930334
GIVEBACK_BASELINE,F08,AMT,25,False,0,0,0,0,0.0,False,0,0.0,0.0,0.2803851824686241,0.0,-0.21147985148018367,0.0,1.904602614676789,1.3258245667668112,1.0,1.0,1.0,0.9754730283106272,0.0,0.0,12803.851824686255,12803.851824686255,0.0,12803.851824686255
GIVEBACK_BASELINE,F08,AMT,50,False,0,0,0,0,0.0,False,0,0.0,0.0,0.2771941925999417,0.0,-0.2114798514801841,0.0,1.8829001737381335,1.3107357067815755,1.0,1.0,1.0,0.9766908473222512,0.0,0.0,12771.941925999412,12771.941925999412,0.0,12771.941925999412
HERD_GIVEBACK_S1,F08,AMT,10,False,0,0,0,0,0.0,False,0,0.0,0.0,0.28230551993033437,0.0,-0.21147985148018333,0.0,1.9172122305162882,1.3349050415650956,1.0,1.0,1.0,0.9747423369036532,0.0,0.0,12823.05519930334,12823.05519930334,0.0,12823.05519930334
HERD_GIVEBACK_S1,F08,AMT,25,False,0,0,0,0,0.0,False,0,0.0,0.0,0.2803851824686241,0.0,-0.21147985148018367,0.0,1.904602614676789,1.3258245667668112,1.0,1.0,1.0,0.9754730283106272,0.0,0.0,12803.851824686255,12803.851824686255,0.0,12803.851824686255
HERD_GIVEBACK_S1,F08,AMT,50,False,0,0,0,0,0.0,False,0,0.0,0.0,0.2771941925999417,0.0,-0.2114798514801841,0.0,1.8829001737381335,1.3107357067815755,1.0,1.0,1.0,0.9766908473222512,0.0,0.0,12771.941925999412,12771.941925999412,0.0,12771.941925999412
GIVEBACK_BASELINE,F08,AMZN,10,False,0,0,0,0,0.0,False,0,0.0,0.0,0.3157531791154444,0.0,-0.1745254079074563,0.0,1.6428908067757269,1.8092103774533244,1.0,1.0,1.0000000000000002,0.7898668107740647,0.0,0.0,13157.53179115446,13157.53179115446,0.0,13157.53179115446
GIVEBACK_BASELINE,F08,AMZN,25,False,0,0,0,0,0.0,False,0,0.0,0.0,0.3137827515683844,0.0,-0.17452540790745585,0.0,1.6350398444649057,1.7979201729456573,1.0,1.0,1.0,0.7904589148301173,0.0,0.0,13137.827515683859,13137.827515683859,0.0,13137.827515683859
GIVEBACK_BASELINE,F08,AMZN,50,False,0,0,0,0,0.0,False,0,0.0,0.0,0.31050852791498285,0.0,-0.17452540790745574,0.0,1.6219940430405477,1.779159445251856,1.0,1.0,1.0,0.791445754923538,0.0,0.0,13105.08527914982,13105.08527914982,0.0,13105.08527914982
HERD_GIVEBACK_S1,F08,AMZN,10,False,0,0,0,0,0.0,False,0,0.0,0.0,0.3157531791154444,0.0,-0.1745254079074563,0.0,1.6428908067757269,1.8092103774533244,1.0,1.0,1.0000000000000002,0.7898668107740647,0.0,0.0,13157.53179115446,13157.53179115446,0.0,13157.53179115446
HERD_GIVEBACK_S1,F08,AMZN,25,False,0,0,0,0,0.0,False,0,0.0,0.0,0.3137827515683844,0.0,-0.17452540790745585,0.0,1.6350398444649057,1.7979201729456573,1.0,1.0,1.0,0.7904589148301173,0.0,0.0,13137.827515683859,13137.827515683859,0.0,13137.827515683859
HERD_GIVEBACK_S1,F08,AMZN,50,False,0,0,0,0,0.0,False,0,0.0,0.0,0.31050852791498285,0.0,-0.17452540790745574,0.0,1.6219940430405477,1.779159445251856,1.0,1.0,1.0,0.791445754923538,0.0,0.0,13105.08527914982,13105.08527914982,0.0,13105.08527914982
GIVEBACK_BASELINE,F08,APD,10,False,0,0,0,0,0.0,False,0,0.0,0.0,-0.0031795338685320917,0.0,-0.28750829014960577,0.0,0.13982702476316256,-0.011058929350794066,1.0,1.0,1.0,1.0876540600448612,0.0,0.0,9968.204661314685,9968.204661314685,0.0,9968.204661314685
GIVEBACK_BASELINE,F08,APD,25,False,0,0,0,0,0.0,False,0,0.0,0.0,-0.0046723385503780746,0.0,-0.28750829014960455,0.0,0.13503099263334042,-0.016251143742487668,1.0,1.0,1.0,1.088469392923456,0.0,0.0,9953.276614496212,9953.276614496212,0.0,9953.276614496212
GIVEBACK_BASELINE,F08,APD,50,False,0,0,0,0,0.0,False,0,0.0,0.0,-0.007152904966793994,0.0,-0.287508290149605,0.0,0.12706071278495099,-0.024878952057597985,1.0,1.0,1.0,1.0898282810544464,0.0,0.0,9928.470950332065,9928.470950332065,0.0,9928.470950332065
HERD_GIVEBACK_S1,F08,APD,10,False,0,0,0,0,0.0,False,0,0.0,0.0,-0.0031795338685320917,0.0,-0.28750829014960577,0.0,0.13982702476316256,-0.011058929350794066,1.0,1.0,1.0,1.0876540600448612,0.0,0.0,9968.204661314685,9968.204661314685,0.0,9968.204661314685
HERD_GIVEBACK_S1,F08,APD,25,False,0,0,0,0,0.0,False,0,0.0,0.0,-0.0046723385503780746,0.0,-0.28750829014960455,0.0,0.13503099263334042,-0.016251143742487668,1.0,1.0,1.0,1.088469392923456,0.0,0.0,9953.276614496212,9953.276614496212,0.0,9953.276614496212
HERD_GIVEBACK_S1,F08,APD,50,False,0,0,0,0,0.0,False,0,0.0,0.0,-0.007152904966793994,0.0,-0.287508290149605,0.0,0.12706071278495099,-0.024878952057597985,1.0,1.0,1.0,1.0898282810544464,0.0,0.0,9928.470950332065,9928.470950332065,0.0,9928.470950332065
GIVEBACK_BASELINE,F08,AVGO,10,True,1,0,0,0,0.0,False,1,712.8625316070027,0.0,0.6378385584751278,-0.011163868171636837,-0.2053881879083692,0.00737309059156821,2.3355230627307115,3.1055269778206025,0.9803346746126548,0.9800006164654222,0.983286268351287,0.7996656689150051,-111.6386817163766,-5.840686080329974,16378.385584751279,16490.024266467655,-111.6386817163766,16378.385584751279
GIVEBACK_BASELINE,F08,AVGO,25,True,1,0,0,0,0.0,False,1,710.7271469556977,0.0,0.6352790041574066,-0.01125393211821013,-0.20539886616880176,0.007362412331136103,2.330798610778116,3.092904143079928,0.9803349136015461,0.9800435263033512,0.9833102322075962,0.8002095714379842,-112.53932118210832,-5.8319392660116876,16352.790041574064,16465.329362756172,-112.53932118210832,16352.790041574064
GIVEBACK_BASELINE,F08,AVGO,50,True,1,0,0,0,0.0,False,1,707.1823676305318,0.0,0.6310261943084137,-0.011403234686701236,-0.20541664792045766,0.007344630579479983,2.3225401747566097,3.0719330721079743,0.9803353200079439,0.9801147974184629,0.9833501390626356,0.8011161085331602,-114.0323468670249,-5.817404843583631,16310.2619430841,16424.294289951125,-114.0323468670249,16310.2619430841
HERD_GIVEBACK_S1,F08,AVGO,10,True,1,0,0,0,0.0,False,1,712.8625316070027,0.0,0.6378385584751278,-0.011163868171636837,-0.2053881879083692,0.00737309059156821,2.3355230627307115,3.1055269778206025,0.9803346746126548,0.9800006164654222,0.983286268351287,0.7996656689150051,-111.6386817163766,-5.840686080329974,16378.385584751279,16490.024266467655,-111.6386817163766,16378.385584751279
HERD_GIVEBACK_S1,F08,AVGO,25,True,1,0,0,0,0.0,False,1,710.7271469556977,0.0,0.6352790041574066,-0.01125393211821013,-0.20539886616880176,0.007362412331136103,2.330798610778116,3.092904143079928,0.9803349136015461,0.9800435263033512,0.9833102322075962,0.8002095714379842,-112.53932118210832,-5.8319392660116876,16352.790041574064,16465.329362756172,-112.53932118210832,16352.790041574064
HERD_GIVEBACK_S1,F08,AVGO,50,True,1,0,0,0,0.0,False,1,707.1823676305318,0.0,0.6310261943084137,-0.011403234686701236,-0.20541664792045766,0.007344630579479983,2.3225401747566097,3.0719330721079743,0.9803353200079439,0.9801147974184629,0.9833501390626356,0.8011161085331602,-114.0323468670249,-5.817404843583631,16310.2619430841,16424.294289951125,-114.0323468670249,16310.2619430841
GIVEBACK_BASELINE,F08,BA,10,False,0,0,0,0,0.0,False,0,0.0,0.0,-0.26502089055984557,0.0,-0.3781738046691332,0.0,-1.0616179861271025,-0.7007912427771514,1.0,1.0,1.0,1.151228413978274,0.0,0.0,7349.791094401548,7349.791094401548,0.0,7349.791094401548
GIVEBACK_BASELINE,F08,BA,25,False,0,0,0,0,0.0,False,0,0.0,0.0,-0.26612157046451235,0.0,-0.3781738046691334,0.0,-1.068339969446152,-0.703701756120691,1.0,1.0,0.9999999999999998,1.1520914037938497,0.0,0.0,7338.784295354876,7338.784295354876,0.0,7338.784295354876
GIVEBACK_BASELINE,F08,BA,50,False,0,0,0,0,0.0,False,0,0.0,0.0,-0.26795055026337267,0.0,-0.3781738046691334,0.0,-1.0797522287685375,-0.7085381032612882,1.0,1.0,1.0000000000000002,1.1535297201531438,0.0,0.0,7320.494497366282,7320.494497366282,0.0,7320.494497366282
HERD_GIVEBACK_S1,F08,BA,10,False,0,0,0,0,0.0,False,0,0.0,0.0,-0.26502089055984557,0.0,-0.3781738046691332,0.0,-1.0616179861271025,-0.7007912427771514,1.0,1.0,1.0,1.151228413978274,0.0,0.0,7349.791094401548,7349.791094401548,0.0,7349.791094401548
HERD_GIVEBACK_S1,F08,BA,25,False,0,0,0,0,0.0,False,0,0.0,0.0,-0.26612157046451235,0.0,-0.3781738046691334,0.0,-1.068339969446152,-0.703701756120691,1.0,1.0,0.9999999999999998,1.1520914037938497,0.0,0.0,7338.784295354876,7338.784295354876,0.0,7338.784295354876
HERD_GIVEBACK_S1,F08,BA,50,False,0,0,0,0,0.0,False,0,0.0,0.0,-0.26795055026337267,0.0,-0.3781738046691334,0.0,-1.0797522287685375,-0.7085381032612882,1.0,1.0,1.0000000000000002,1.1535297201531438,0.0,0.0,7320.494497366282,7320.494497366282,0.0,7320.494497366282
GIVEBACK_BASELINE,F08,BAC,10,False,0,0,0,0,0.0,False,0,0.0,0.0,0.24951357653607276,0.0,-0.2038973037605667,0.0,1.8096349871260546,1.2237218047231881,1.0,1.0,1.0000000000000002,0.8981487929779142,0.0,0.0,12495.135765360721,12495.135765360721,0.0,12495.135765360721
GIVEBACK_BASELINE,F08,BAC,25,False,0,0,0,0,0.0,False,0,0.0,0.0,0.24764234718187894,0.0,-0.20389730376056636,0.0,1.7986880500327063,1.2145444918324264,1.0,1.0,0.9999999999999998,0.8988220679351685,0.0,0.0,12476.423471818804,12476.423471818804,0.0,12476.423471818804
GIVEBACK_BASELINE,F08,BAC,50,False,0,0,0,0,0.0,False,0,0.0,0.0,0.24453295936318953,0.0,-0.20389730376056647,0.0,1.7804977235643094,1.199294717748406,1.0,1.0,1.0000000000000002,0.899944192863927,0.0,0.0,12445.329593631905,12445.329593631905,0.0,12445.329593631905
HERD_GIVEBACK_S1,F08,BAC,10,False,0,0,0,0,0.0,False,0,0.0,0.0,0.24951357653607276,0.0,-0.2038973037605667,0.0,1.8096349871260546,1.2237218047231881,1.0,1.0,1.0000000000000002,0.8981487929779142,0.0,0.0,12495.135765360721,12495.135765360721,0.0,12495.135765360721
HERD_GIVEBACK_S1,F08,BAC,25,False,0,0,0,0,0.0,False,0,0.0,0.0,0.24764234718187894,0.0,-0.20389730376056636,0.0,1.7986880500327063,1.2145444918324264,1.0,1.0,0.9999999999999998,0.8988220679351685,0.0,0.0,12476.423471818804,12476.423471818804,0.0,12476.423471818804
HERD_GIVEBACK_S1,F08,BAC,50,False,0,0,0,0,0.0,False,0,0.0,0.0,0.24453295936318953,0.0,-0.20389730376056647,0.0,1.7804977235643094,1.199294717748406,1.0,1.0,1.0000000000000002,0.899944192863927,0.0,0.0,12445.329593631905,12445.329593631905,0.0,12445.329593631905
GIVEBACK_BASELINE,F08,CAT,10,True,2,0,0,0,0.0,False,2,1167.5989998982457,0.0,0.14777780035776278,0.00537569468691812,-0.20622506096775672,0.0,0.9105845562265991,0.7165850729503134,0.9843335076642714,0.9799457686696414,0.9831799175673979,1.032607540917289,53.7569468691745,-3.558010719710566,11477.778003577598,11424.021056708423,53.7569468691745,11477.778003577598
GIVEBACK_BASELINE,F08,CAT,25,True,2,0,0,0,0.0,False,2,1164.101449006293,0.0,0.14588402766355713,0.005192744823748541,-0.2062250609677576,0.0,0.9014941275517961,0.7074020343549102,0.984306991869041,0.9800437846496359,0.9832032348669071,1.0332485198212906,51.92744823747853,-3.5526823629593665,11458.840276635585,11406.912828398106,51.92744823747853,11458.840276635585
GIVEBACK_BASELINE,F08,CAT,50,True,2,0,0,0,0.0,False,2,1158.2954476926968,0.0,0.14273776153188034,0.004889321905717781,-0.2062250609677574,0.0,0.8861277685113931,0.6921455659271059,0.984262854770762,0.9802064935502228,0.9832420698502926,1.034316849525478,48.893219057190436,-3.5438283293591013,11427.377615318801,11378.48439626161,48.893219057190436,11427.377615318801
HERD_GIVEBACK_S1,F08,CAT,10,True,1,0,0,0,0.0,False,1,569.3782735212213,0.0,0.1422198277394251,-0.00018227793141956106,-0.20622506096775672,0.0,0.8808912767524917,0.6896340681002934,0.9932165641258995,0.9928536135040297,0.9937310497162772,0.9775371425150565,-1.822779314199579,-1.8246208819028524,11422.198277394224,11424.021056708423,-1.822779314199579,11422.198277394224
HERD_GIVEBACK_S1,F08,CAT,25,True,1,0,0,0,0.0,False,1,567.6726969589031,0.0,0.14042398839370795,-0.0002672944461006299,-0.2062250609677576,0.0,0.8723114627335468,0.6809259152827339,0.9931787771117903,0.9928712409230068,0.9937400043294169,0.9782009877964872,-2.6729444610009523,-1.8218883912612114,11404.239883937105,11406.912828398106,-2.6729444610009523,11404.239883937105
HERD_GIVEBACK_S1,F08,CAT,50,True,1,0,0,0,0.0,False,1,564.8414072744434,0.0,0.13744015837229795,-0.00040828125386460634,-0.2062250609677574,0.0,0.8578065102187695,0.6664571111160261,0.9931158648251623,0.9929004882597153,0.9937549166038067,0.9793074102281885,-4.0828125386360625,-1.8173478612097966,11374.401583722974,11378.48439626161,-4.0828125386360625,11374.401583722974
GIVEBACK_BASELINE,F08,COP,10,False,0,0,0,0,0.0,False,0,0.0,0.0,-0.05451109869846571,0.0,-0.20279444036540395,0.0,-0.2523605343417051,-0.2687997688706121,1.0,1.0,1.0000000000000002,0.9637544683443086,0.0,0.0,9454.889013015329,9454.889013015329,0.0,9454.889013015329
GIVEBACK_BASELINE,F08,COP,25,False,0,0,0,0,0.0,False,0,0.0,0.0,-0.05592703096154994,0.0,-0.20279444036540384,0.0,-0.2640928762400951,-0.27578187479290944,1.0,1.0,1.0,0.9644769229682546,0.0,0.0,9440.729690384494,9440.729690384494,0.0,9440.729690384494
GIVEBACK_BASELINE,F08,COP,50,False,0,0,0,0,0.0,False,0,0.0,0.0,-0.05827985987643458,0.0,-0.2027944403654044,0.0,-0.28351018561392344,-0.28738391334310365,1.0,1.0,1.0,0.9656810140081651,0.0,0.0,9417.201401235661,9417.201401235661,0.0,9417.201401235661
HERD_GIVEBACK_S1,F08,COP,10,False,0,0,0,0,0.0,False,0,0.0,0.0,-0.05451109869846571,0.0,-0.20279444036540395,0.0,-0.2523605343417051,-0.2687997688706121,1.0,1.0,1.0000000000000002,0.9637544683443086,0.0,0.0,9454.889013015329,9454.889013015329,0.0,9454.889013015329
HERD_GIVEBACK_S1,F08,COP,25,False,0,0,0,0,0.0,False,0,0.0,0.0,-0.05592703096154994,0.0,-0.20279444036540384,0.0,-0.2640928762400951,-0.27578187479290944,1.0,1.0,1.0,0.9644769229682546,0.0,0.0,9440.729690384494,9440.729690384494,0.0,9440.729690384494
HERD_GIVEBACK_S1,F08,COP,50,False,0,0,0,0,0.0,False,0,0.0,0.0,-0.05827985987643458,0.0,-0.2027944403654044,0.0,-0.28351018561392344,-0.28738391334310365,1.0,1.0,1.0,0.9656810140081651,0.0,0.0,9417.201401235661,9417.201401235661,0.0,9417.201401235661
GIVEBACK_BASELINE,F08,COST,10,False,0,0,0,0,0.0,False,0,0.0,0.0,0.5299335793199549,0.0,-0.10273802346984995,0.0,2.842516663643837,5.1581056499054805,1.0,1.0,1.0,0.7909807386403893,0.0,0.0,15299.335793199545,15299.335793199545,0.0,15299.335793199545
GIVEBACK_BASELINE,F08,COST,25,False,0,0,0,0,0.0,False,0,0.0,0.0,0.5276424024353259,0.0,-0.10273802346984973,0.0,2.8328486814541574,5.13580449199679,1.0,1.0,1.0000000000000002,0.7915736777248276,0.0,0.0,15276.424024353275,15276.424024353275,0.0,15276.424024353275
GIVEBACK_BASELINE,F08,COST,50,False,0,0,0,0,0.0,False,0,0.0,0.0,0.5238351954355189,0.0,-0.10273802346985006,0.0,2.8167835711112863,5.098747063099242,1.0,1.0,1.0,0.7925619095322242,0.0,0.0,15238.351954355205,15238.351954355205,0.0,15238.351954355205
HERD_GIVEBACK_S1,F08,COST,10,False,0,0,0,0,0.0,False,0,0.0,0.0,0.5299335793199549,0.0,-0.10273802346984995,0.0,2.842516663643837,5.1581056499054805,1.0,1.0,1.0,0.7909807386403893,0.0,0.0,15299.335793199545,15299.335793199545,0.0,15299.335793199545
HERD_GIVEBACK_S1,F08,COST,25,False,0,0,0,0,0.0,False,0,0.0,0.0,0.5276424024353259,0.0,-0.10273802346984973,0.0,2.8328486814541574,5.13580449199679,1.0,1.0,1.0000000000000002,0.7915736777248276,0.0,0.0,15276.424024353275,15276.424024353275,0.0,15276.424024353275
HERD_GIVEBACK_S1,F08,COST,50,False,0,0,0,0,0.0,False,0,0.0,0.0,0.5238351954355189,0.0,-0.10273802346985006,0.0,2.8167835711112863,5.098747063099242,1.0,1.0,1.0,0.7925619095322242,0.0,0.0,15238.351954355205,15238.351954355205,0.0,15238.351954355205
GIVEBACK_BASELINE,F08,CRM,10,True,2,0,0,0,0.0,False,2,1151.2723903629712,0.0,0.13544686492743319,0.004898802998195784,-0.30145866233798746,0.00965358084759893,0.5911576292039188,0.44930493579771064,0.9764544152365985,0.9735349102895928,0.9788562569740228,0.9556601014367699,48.98802998196334,-4.583149710773064,11354.468649274335,11305.480619292372,48.98802998196334,11354.468649274335
GIVEBACK_BASELINE,F08,CRM,25,True,2,0,0,0,0.0,False,2,1147.823745942973,0.0,0.13357400425515564,0.004719012941183376,-0.30152481755111094,0.009587425634475566,0.5859988779257942,0.4429950587152374,0.9764426603535128,0.9736425115194349,0.9788854033574325,0.9562591926015197,47.19012941184883,-4.5762861404729875,11335.740042551579,11288.54991313973,47.19012941184883,11335.740042551579
GIVEBACK_BASELINE,F08,CRM,50,True,2,0,0,0,0.0,False,2,1142.0989303073507,0.0,0.1304624791185658,0.004420832483851278,-0.30163496588439964,0.009477277301187192,0.5773581040580732,0.4325177578005495,0.9764231072883636,0.9738211597738291,0.9789339477027437,0.9572577122435322,44.20832483850245,-4.564881070412511,11304.62479118567,11260.416466347167,44.20832483850245,11304.62479118567
HERD_GIVEBACK_S1,F08,CRM,10,True,2,0,0,0,0.0,False,2,1169.2167845070426,0.0,0.1372413043418408,0.006693242412603384,-0.30216892555384545,0.008943317631740944,0.5963073501001356,0.4541873526216873,0.9780086120308915,0.9741679136624017,0.9805556509369676,0.9571539761435613,66.9324241260365,-4.583149710773064,11372.413043418408,11305.480619292372,66.9324241260365,11372.413043418408
HERD_GIVEBACK_S1,F08,CRM,25,True,2,0,0,0,0.0,False,2,1165.714387530088,0.0,0.13536306841386847,0.006508077099896203,-0.30223401523910354,0.008878227946482964,0.5911390909933111,0.4478750292444084,0.9779952807439672,0.974273594334942,0.9805824745906333,0.957749426689647,65.080770998964,-4.5762861404729875,11353.630684138694,11288.54991313973,65.080770998964,11353.630684138694
HERD_GIVEBACK_S1,F08,CRM,50,True,2,0,0,0,0.0,False,2,1159.9003416227874,0.0,0.13224262025011035,0.006200973615395844,-0.3023423894700531,0.008769853715533737,0.5824824133947817,0.43739358044336996,0.9779731004139339,0.9744490530076055,0.9806271502207743,0.9587418752910397,62.00973615393923,-4.564881070412511,11322.426202501107,11260.416466347167,62.00973615393923,11322.426202501107
GIVEBACK_BASELINE,F08,CVX,10,False,0,0,0,0,0.0,False,0,0.0,0.0,-0.033232139449487,0.0,-0.17013566567227012,0.0,-0.07708218869589466,-0.19532729553309292,1.0,1.0,1.0000000000000002,1.003343981760117,0.0,0.0,9667.678605505133,9667.678605505133,0.0,9667.678605505133
GIVEBACK_BASELINE,F08,CVX,25,False,0,0,0,0,0.0,False,0,0.0,0.0,-0.0346799383636589,0.0,-0.17013566567227056,0.0,-0.08626313730640785,-0.20383696873095544,1.0,1.0,0.9999999999999998,1.0040961136804765,0.0,0.0,9653.20061636342,9653.20061636342,0.0,9653.20061636342
GIVEBACK_BASELINE,F08,CVX,50,False,0,0,0,0,0.0,False,0,0.0,0.0,-0.0370857195136568,0.0,-0.1701356656722709,0.0,-0.10151133039946912,-0.21797733806792938,1.0,1.0,1.0000000000000002,1.0053496668810766,0.0,0.0,9629.142804863443,9629.142804863443,0.0,9629.142804863443
HERD_GIVEBACK_S1,F08,CVX,10,False,0,0,0,0,0.0,False,0,0.0,0.0,-0.033232139449487,0.0,-0.17013566567227012,0.0,-0.07708218869589466,-0.19532729553309292,1.0,1.0,1.0000000000000002,1.003343981760117,0.0,0.0,9667.678605505133,9667.678605505133,0.0,9667.678605505133
HERD_GIVEBACK_S1,F08,CVX,25,False,0,0,0,0,0.0,False,0,0.0,0.0,-0.0346799383636589,0.0,-0.17013566567227056,0.0,-0.08626313730640785,-0.20383696873095544,1.0,1.0,0.9999999999999998,1.0040961136804765,0.0,0.0,9653.20061636342,9653.20061636342,0.0,9653.20061636342
HERD_GIVEBACK_S1,F08,CVX,50,False,0,0,0,0,0.0,False,0,0.0,0.0,-0.0370857195136568,0.0,-0.1701356656722709,0.0,-0.10151133039946912,-0.21797733806792938,1.0,1.0,1.0000000000000002,1.0053496668810766,0.0,0.0,9629.142804863443,9629.142804863443,0.0,9629.142804863443
GIVEBACK_BASELINE,F08,DIS,10,True,2,0,0,0,0.0,False,2,1159.8291363020803,0.0,0.06439943538120074,0.01352240297012619,-0.2605869934420575,0.009714552667041576,0.5216106776203701,0.24713219386185598,0.9906936825467458,0.9811834200192925,0.9841339956877356,0.9848303653424986,135.22402970128314,-11.705925719801115,10643.994353812006,10508.770324110723,135.22402970128314,10643.994353812006
GIVEBACK_BASELINE,F08,DIS,25,True,2,0,0,0,0.0,False,2,1156.3548600903503,0.0,0.06263169119138268,0.013328416751108518,-0.26070829881603697,0.009593247293062879,0.5129729346782337,0.24023666095714638,0.9906543737250842,0.9812821931447457,0.9841559175506153,0.9854387696353172,133.28416751108125,-11.688395320583197,10626.316911913827,10493.032744402746,133.28416751108125,10626.316911913827
GIVEBACK_BASELINE,F08,DIS,50,True,2,0,0,0,0.0,False,2,1150.5874951906685,0.0,0.059694840465637666,0.013006651051153506,-0.2609102720866553,0.009391274022443774,0.4984646266534786,0.2287945200019239,0.9905889315527455,0.9814461348598896,0.9841924288574161,0.9864528023741199,130.06651051154404,-11.65926537472015,10596.948404656396,10466.881894144852,130.06651051154404,10596.948404656396
HERD_GIVEBACK_S1,F08,DIS,10,True,2,0,0,0,0.0,False,2,1094.5119941925839,0.0,0.057867721170253184,0.0069906887591786315,-0.2655640851248797,0.004737460984219344,0.4878857048292491,0.2179049216803593,0.9927592420546977,0.987778790551835,0.9894881277249801,0.9796505033963103,69.90688759178738,-11.705925719801115,10578.67721170251,10508.770324110723,69.90688759178738,10578.67721170251
HERD_GIVEBACK_S1,F08,DIS,25,True,2,0,0,0,0.0,False,2,1091.2333759324836,0.0,0.0561195427755965,0.00681626833532234,-0.265625926421856,0.004675619687243837,0.47928518007842275,0.21127283594474805,0.992666615558415,0.9878093572530573,0.9895029439620113,0.9802553970923635,68.16268335321365,-11.688395320583197,10561.19542775596,10493.032744402746,68.16268335321365,10561.19542775596
HERD_GIVEBACK_S1,F08,DIS,50,True,2,0,0,0,0.0,False,2,1085.790806971237,0.0,0.053215171643695935,0.006526982229211775,-0.26572889209105643,0.004572654018042632,0.46485022665499404,0.20026114294512193,0.9925123777829722,0.9878600650713167,0.9895276189087825,0.9812635700119545,65.26982229211353,-11.65926537472015,10532.151716436965,10466.881894144852,65.26982229211353,10532.151716436965
GIVEBACK_BASELINE,F08,DUK,10,False,0,0,0,0,0.0,False,0,0.0,0.0,0.28860275976844685,0.0,-0.10487172743603623,0.0,2.6560778325960284,2.7519596255766126,1.0,1.0,1.0,0.9398090470057343,0.0,0.0,12886.027597684488,12886.027597684488,0.0,12886.027597684488
GIVEBACK_BASELINE,F08,DUK,25,False,0,0,0,0,0.0,False,0,0.0,0.0,0.28667299177292604,0.0,-0.10487172743603579,0.0,2.629599585048033,2.7335584030288427,1.0,1.0,1.0,0.9405135515387225,0.0,0.0,12866.729917729252,12866.729917729252,0.0,12866.729917729252
GIVEBACK_BASELINE,F08,DUK,50,False,0,0,0,0,0.0,False,0,0.0,0.0,0.2834663313575496,0.0,-0.1048717274360359,0.0,2.5837111505057693,2.7029814258608775,1.0,1.0,1.0,0.9416877257603685,0.0,0.0,12834.663313575486,12834.663313575486,0.0,12834.663313575486
HERD_GIVEBACK_S1,F08,DUK,10,False,0,0,0,0,0.0,False,0,0.0,0.0,0.28860275976844685,0.0,-0.10487172743603623,0.0,2.6560778325960284,2.7519596255766126,1.0,1.0,1.0,0.9398090470057343,0.0,0.0,12886.027597684488,12886.027597684488,0.0,12886.027597684488
HERD_GIVEBACK_S1,F08,DUK,25,False,0,0,0,0,0.0,False,0,0.0,0.0,0.28667299177292604,0.0,-0.10487172743603579,0.0,2.629599585048033,2.7335584030288427,1.0,1.0,1.0,0.9405135515387225,0.0,0.0,12866.729917729252,12866.729917729252,0.0,12866.729917729252
HERD_GIVEBACK_S1,F08,DUK,50,False,0,0,0,0,0.0,False,0,0.0,0.0,0.2834663313575496,0.0,-0.1048717274360359,0.0,2.5837111505057693,2.7029814258608775,1.0,1.0,1.0,0.9416877257603685,0.0,0.0,12834.663313575486,12834.663313575486,0.0,12834.663313575486
GIVEBACK_BASELINE,F08,EOG,10,False,0,0,0,0,0.0,False,0,0.0,0.0,-0.01909239752461489,0.0,-0.17834717190845628,0.0,0.046689630198903265,-0.10705186586538538,1.0,1.0,1.0,1.026009516559476,0.0,0.0,9809.076024753844,9809.076024753844,0.0,9809.076024753844
GIVEBACK_BASELINE,F08,EOG,25,False,0,0,0,0,0.0,False,0,0.0,0.0,-0.020561371638999515,0.0,-0.17834717190845673,0.0,0.03637333448693682,-0.11528846473412765,1.0,1.0,0.9999999999999998,1.0267786391356073,0.0,0.0,9794.386283610012,9794.386283610012,0.0,9794.386283610012
GIVEBACK_BASELINE,F08,EOG,50,False,0,0,0,0,0.0,False,0,0.0,0.0,-0.023002339234446056,0.0,-0.17834717190845595,0.0,0.019230933343595217,-0.1289750714199884,1.0,1.0,1.0,1.0280605100958269,0.0,0.0,9769.976607655528,9769.976607655528,0.0,9769.976607655528
HERD_GIVEBACK_S1,F08,EOG,10,False,0,0,0,0,0.0,False,0,0.0,0.0,-0.01909239752461489,0.0,-0.17834717190845628,0.0,0.046689630198903265,-0.10705186586538538,1.0,1.0,1.0,1.026009516559476,0.0,0.0,9809.076024753844,9809.076024753844,0.0,9809.076024753844
HERD_GIVEBACK_S1,F08,EOG,25,False,0,0,0,0,0.0,False,0,0.0,0.0,-0.020561371638999515,0.0,-0.17834717190845673,0.0,0.03637333448693682,-0.11528846473412765,1.0,1.0,0.9999999999999998,1.0267786391356073,0.0,0.0,9794.386283610012,9794.386283610012,0.0,9794.386283610012
HERD_GIVEBACK_S1,F08,EOG,50,False,0,0,0,0,0.0,False,0,0.0,0.0,-0.023002339234446056,0.0,-0.17834717190845595,0.0,0.019230933343595217,-0.1289750714199884,1.0,1.0,1.0,1.0280605100958269,0.0,0.0,9769.976607655528,9769.976607655528,0.0,9769.976607655528
GIVEBACK_BASELINE,F08,FCX,10,False,0,0,0,0,0.0,False,0,0.0,0.0,-0.0006798099120496337,0.0,-0.23271724152351025,0.0,0.28355706925245294,-0.002921184127137206,1.0,1.0,1.0000000000000002,0.9923145084390848,0.0,0.0,9993.201900879505,9993.201900879505,0.0,9993.201900879505
GIVEBACK_BASELINE,F08,FCX,25,False,0,0,0,0,0.0,False,0,0.0,0.0,-0.0021763580961142726,0.0,-0.23271724152351103,0.0,0.2759298652594693,-0.009351941789385634,1.0,1.0,1.0,0.9930583723884394,0.0,0.0,9978.23641903886,9978.23641903886,0.0,9978.23641903886
GIVEBACK_BASELINE,F08,FCX,50,False,0,0,0,0,0.0,False,0,0.0,0.0,-0.004663145022145376,0.0,-0.23271724152351048,0.0,0.2632558789662769,-0.020037814953535696,1.0,1.0,1.0,0.9942981456373635,0.0,0.0,9953.368549778532,9953.368549778532,0.0,9953.368549778532
HERD_GIVEBACK_S1,F08,FCX,10,False,0,0,0,0,0.0,False,0,0.0,0.0,-0.0006798099120496337,0.0,-0.23271724152351025,0.0,0.28355706925245294,-0.002921184127137206,1.0,1.0,1.0000000000000002,0.9923145084390848,0.0,0.0,9993.201900879505,9993.201900879505,0.0,9993.201900879505
HERD_GIVEBACK_S1,F08,FCX,25,False,0,0,0,0,0.0,False,0,0.0,0.0,-0.0021763580961142726,0.0,-0.23271724152351103,0.0,0.2759298652594693,-0.009351941789385634,1.0,1.0,1.0,0.9930583723884394,0.0,0.0,9978.23641903886,9978.23641903886,0.0,9978.23641903886
HERD_GIVEBACK_S1,F08,FCX,50,False,0,0,0,0,0.0,False,0,0.0,0.0,-0.004663145022145376,0.0,-0.23271724152351048,0.0,0.2632558789662769,-0.020037814953535696,1.0,1.0,1.0,0.9942981456373635,0.0,0.0,9953.368549778532,9953.368549778532,0.0,9953.368549778532
GIVEBACK_BASELINE,F08,GE,10,False,0,0,0,0,0.0,False,0,0.0,0.0,0.8027243730703251,0.0,-0.08933380024152093,0.0,3.8613985188950335,8.985673629691078,1.0,1.0,1.0,0.7312363846114884,0.0,0.0,18027.24373070328,18027.24373070328,0.0,18027.24373070328
GIVEBACK_BASELINE,F08,GE,25,False,0,0,0,0,0.0,False,0,0.0,0.0,0.8000246739011891,0.0,-0.08933380024152038,0.0,3.8521619850845115,8.95545327455302,1.0,1.0,1.0,0.7317845378233412,0.0,0.0,18000.246739011855,18000.246739011855,0.0,18000.246739011855
GIVEBACK_BASELINE,F08,GE,50,False,0,0,0,0,0.0,False,0,0.0,0.0,0.7955386328438161,0.0,-0.08933380024152049,0.0,3.830064164266972,8.90523665950647,1.0,1.0,1.0,0.7326981265097622,0.0,0.0,17955.38632843817,17955.38632843817,0.0,17955.38632843817
HERD_GIVEBACK_S1,F08,GE,10,False,0,0,0,0,0.0,False,0,0.0,0.0,0.8027243730703251,0.0,-0.08933380024152093,0.0,3.8613985188950335,8.985673629691078,1.0,1.0,1.0,0.7312363846114884,0.0,0.0,18027.24373070328,18027.24373070328,0.0,18027.24373070328
HERD_GIVEBACK_S1,F08,GE,25,False,0,0,0,0,0.0,False,0,0.0,0.0,0.8000246739011891,0.0,-0.08933380024152038,0.0,3.8521619850845115,8.95545327455302,1.0,1.0,1.0,0.7317845378233412,0.0,0.0,18000.246739011855,18000.246739011855,0.0,18000.246739011855
HERD_GIVEBACK_S1,F08,GE,50,False,0,0,0,0,0.0,False,0,0.0,0.0,0.7955386328438161,0.0,-0.08933380024152049,0.0,3.830064164266972,8.90523665950647,1.0,1.0,1.0,0.7326981265097622,0.0,0.0,17955.38632843817,17955.38632843817,0.0,17955.38632843817
GIVEBACK_BASELINE,F08,GOOGL,10,True,1,0,0,0,0.0,False,1,659.0845457038674,0.0,0.3033105518663912,0.0007820283969126596,-0.1440295102755581,0.0,1.3814824140679711,2.1058917112617803,0.9994955103760457,0.9989754442389166,0.9990139284294718,0.9157507382109822,7.8202839691275585,-3.9378729904326946,13033.105518663908,13025.28523469478,7.8202839691275585,13033.105518663908
GIVEBACK_BASELINE,F08,GOOGL,25,True,1,0,0,0,0.0,False,1,657.1102533818463,0.0,0.3012600310224769,0.000682130302168904,-0.14402951027555855,0.0,1.3742786826281097,2.0916549007637637,0.9994503874258543,0.9989769054714176,0.9990153343018658,0.9163537378264418,6.821303021692074,-3.93197576476733,13012.600310224772,13005.77900720308,6.821303021692074,13012.600310224772
GIVEBACK_BASELINE,F08,GOOGL,50,True,1,0,0,0,0.0,False,1,653.8328904015242,0.0,0.2978530460628812,0.0005164597231666068,-0.14402951027555866,0.0,1.3641302801172428,2.0680001306192453,0.9993755460582879,0.9989802643567282,0.9990176755425768,0.9173587391241979,5.164597231665539,-3.9221764520284097,12978.530460628817,12973.365863397152,5.164597231665539,12978.530460628817
HERD_GIVEBACK_S1,F08,GOOGL,10,False,0,0,0,0,0.0,False,0,0.0,0.0,0.30252852346947856,0.0,-0.1440295102755581,0.0,1.3781976849105808,2.100462071214984,1.0,1.0,1.0,0.8590675917708381,0.0,0.0,13025.28523469478,13025.28523469478,0.0,13025.28523469478
HERD_GIVEBACK_S1,F08,GOOGL,25,False,0,0,0,0,0.0,False,0,0.0,0.0,0.300577900720308,0.0,-0.14402951027555855,0.0,1.3713494609662158,2.086918855345961,1.0,1.0,0.9999999999999998,0.8597115704753138,0.0,0.0,13005.77900720308,13005.77900720308,0.0,13005.77900720308
HERD_GIVEBACK_S1,F08,GOOGL,50,False,0,0,0,0,0.0,False,0,0.0,0.0,0.2973365863397146,0.0,-0.14402951027555866,0.0,1.3617842226919765,2.064414339608927,1.0,1.0,1.0000000000000002,0.8607848683161075,0.0,0.0,12973.365863397152,12973.365863397152,0.0,12973.365863397152
GIVEBACK_BASELINE,F08,GS,10,False,0,0,0,0,0.0,False,0,0.0,0.0,0.383706626256598,0.0,-0.177839623098478,0.0,2.5546691608083982,2.157599187241428,1.0,1.0,1.0000000000000002,0.8876187760454586,0.0,0.0,13837.066262565984,13837.066262565984,0.0,13837.066262565984
GIVEBACK_BASELINE,F08,GS,25,False,0,0,0,0,0.0,False,0,0.0,0.0,0.38163443392090723,0.0,-0.1778396230984779,0.0,2.5436293199777227,2.145947158859974,1.0,1.0,1.0,0.8882841574367968,0.0,0.0,13816.344339209063,13816.344339209063,0.0,13816.344339209063
GIVEBACK_BASELINE,F08,GS,50,False,0,0,0,0,0.0,False,0,0.0,0.0,0.378191109567243,0.0,-0.177839623098478,0.0,2.525284617056984,2.12658519500922,1.0,1.0,1.0000000000000002,0.8893931264223611,0.0,0.0,13781.911095672407,13781.911095672407,0.0,13781.911095672407
HERD_GIVEBACK_S1,F08,GS,10,False,0,0,0,0,0.0,False,0,0.0,0.0,0.383706626256598,0.0,-0.177839623098478,0.0,2.5546691608083982,2.157599187241428,1.0,1.0,1.0000000000000002,0.8876187760454586,0.0,0.0,13837.066262565984,13837.066262565984,0.0,13837.066262565984
HERD_GIVEBACK_S1,F08,GS,25,False,0,0,0,0,0.0,False,0,0.0,0.0,0.38163443392090723,0.0,-0.1778396230984779,0.0,2.5436293199777227,2.145947158859974,1.0,1.0,1.0,0.8882841574367968,0.0,0.0,13816.344339209063,13816.344339209063,0.0,13816.344339209063
HERD_GIVEBACK_S1,F08,GS,50,False,0,0,0,0,0.0,False,0,0.0,0.0,0.378191109567243,0.0,-0.177839623098478,0.0,2.525284617056984,2.12658519500922,1.0,1.0,1.0000000000000002,0.8893931264223611,0.0,0.0,13781.911095672407,13781.911095672407,0.0,13781.911095672407
GIVEBACK_BASELINE,F08,HD,10,False,0,0,0,0,0.0,False,0,0.0,0.0,0.11208858710003011,0.0,-0.1773784482144085,0.0,1.0358831497207603,0.6319177342477457,1.0,1.0,1.0,0.9578014890623237,0.0,0.0,11120.8858710003,11120.8858710003,0.0,11120.8858710003
GIVEBACK_BASELINE,F08,HD,25,False,0,0,0,0,0.0,False,0,0.0,0.0,0.11042316077116054,0.0,-0.1773784482144083,0.0,1.023521970342598,0.6225286210514439,1.0,1.0,1.0,0.9585194811830601,0.0,0.0,11104.231607711601,11104.231607711601,0.0,11104.231607711601
GIVEBACK_BASELINE,F08,HD,50,False,0,0,0,0,0.0,False,0,0.0,0.0,0.10765575210032496,0.0,-0.17737844821440807,0.0,1.0029816231654614,0.6069269022479831,1.0,1.0,1.0000000000000002,0.9597161347176209,0.0,0.0,11076.557521003244,11076.557521003244,0.0,11076.557521003244
HERD_GIVEBACK_S1,F08,HD,10,False,0,0,0,0,0.0,False,0,0.0,0.0,0.11208858710003011,0.0,-0.1773784482144085,0.0,1.0358831497207603,0.6319177342477457,1.0,1.0,1.0,0.9578014890623237,0.0,0.0,11120.8858710003,11120.8858710003,0.0,11120.8858710003
HERD_GIVEBACK_S1,F08,HD,25,False,0,0,0,0,0.0,False,0,0.0,0.0,0.11042316077116054,0.0,-0.1773784482144083,0.0,1.023521970342598,0.6225286210514439,1.0,1.0,1.0,0.9585194811830601,0.0,0.0,11104.231607711601,11104.231607711601,0.0,11104.231607711601
HERD_GIVEBACK_S1,F08,HD,50,False,0,0,0,0,0.0,False,0,0.0,0.0,0.10765575210032496,0.0,-0.17737844821440807,0.0,1.0029816231654614,0.6069269022479831,1.0,1.0,1.0000000000000002,0.9597161347176209,0.0,0.0,11076.557521003244,11076.557521003244,0.0,11076.557521003244
GIVEBACK_BASELINE,F08,HON,10,False,0,0,0,0,0.0,False,0,0.0,0.0,0.07911004447158243,0.0,-0.09874588096802717,0.0,0.8201270611364825,0.8011477916450752,1.0,1.0,1.0,0.9638033248937119,0.0,0.0,10791.100444715828,10791.100444715828,0.0,10791.100444715828
GIVEBACK_BASELINE,F08,HON,25,False,0,0,0,0,0.0,False,0,0.0,0.0,0.0774940056949458,0.0,-0.09874588096802706,0.0,0.8052959615900647,0.7847821593696409,1.0,1.0,1.0,0.9645258161417581,0.0,0.0,10774.940056949445,10774.940056949445,0.0,10774.940056949445
GIVEBACK_BASELINE,F08,HON,50,False,0,0,0,0,0.0,False,0,0.0,0.0,0.07480866342230952,0.0,-0.0987458809680275,0.0,0.7800773563078526,0.7575876855717303,1.0,1.0,1.0,0.9657299682218352,0.0,0.0,10748.086634223078,10748.086634223078,0.0,10748.086634223078
HERD_GIVEBACK_S1,F08,HON,10,False,0,0,0,0,0.0,False,0,0.0,0.0,0.07911004447158243,0.0,-0.09874588096802717,0.0,0.8201270611364825,0.8011477916450752,1.0,1.0,1.0,0.9638033248937119,0.0,0.0,10791.100444715828,10791.100444715828,0.0,10791.100444715828
HERD_GIVEBACK_S1,F08,HON,25,False,0,0,0,0,0.0,False,0,0.0,0.0,0.0774940056949458,0.0,-0.09874588096802706,0.0,0.8052959615900647,0.7847821593696409,1.0,1.0,1.0,0.9645258161417581,0.0,0.0,10774.940056949445,10774.940056949445,0.0,10774.940056949445
HERD_GIVEBACK_S1,F08,HON,50,False,0,0,0,0,0.0,False,0,0.0,0.0,0.07480866342230952,0.0,-0.0987458809680275,0.0,0.7800773563078526,0.7575876855717303,1.0,1.0,1.0,0.9657299682218352,0.0,0.0,10748.086634223078,10748.086634223078,0.0,10748.086634223078
GIVEBACK_BASELINE,F08,JNJ,10,False,0,0,0,0,0.0,False,0,0.0,0.0,-0.0049466212573046064,0.0,-0.1571912786566364,0.0,0.07433353818311642,-0.03146880221077562,1.0,1.0,1.0,1.0747242904554901,0.0,0.0,9950.533787426946,9950.533787426946,0.0,9950.533787426946
GIVEBACK_BASELINE,F08,JNJ,25,False,0,0,0,0,0.0,False,0,0.0,0.0,-0.006436779608726795,0.0,-0.1571912786566365,0.0,0.05928851159347054,-0.04094870697494029,1.0,1.0,1.0000000000000002,1.0755299308531334,0.0,0.0,9935.63220391272,9935.63220391272,0.0,9935.63220391272
GIVEBACK_BASELINE,F08,JNJ,50,False,0,0,0,0,0.0,False,0,0.0,0.0,-0.008912948665958487,0.0,-0.15719127865663607,0.0,0.034264874008490744,-0.056701292477095155,1.0,1.0,1.0,1.076872664849204,0.0,0.0,9910.870513340413,9910.870513340413,0.0,9910.870513340413
HERD_GIVEBACK_S1,F08,JNJ,10,False,0,0,0,0,0.0,False,0,0.0,0.0,-0.0049466212573046064,0.0,-0.1571912786566364,0.0,0.07433353818311642,-0.03146880221077562,1.0,1.0,1.0,1.0747242904554901,0.0,0.0,9950.533787426946,9950.533787426946,0.0,9950.533787426946
HERD_GIVEBACK_S1,F08,JNJ,25,False,0,0,0,0,0.0,False,0,0.0,0.0,-0.006436779608726795,0.0,-0.1571912786566365,0.0,0.05928851159347054,-0.04094870697494029,1.0,1.0,1.0000000000000002,1.0755299308531334,0.0,0.0,9935.63220391272,9935.63220391272,0.0,9935.63220391272
HERD_GIVEBACK_S1,F08,JNJ,50,False,0,0,0,0,0.0,False,0,0.0,0.0,-0.008912948665958487,0.0,-0.15719127865663607,0.0,0.034264874008490744,-0.056701292477095155,1.0,1.0,1.0,1.076872664849204,0.0,0.0,9910.870513340413,9910.870513340413,0.0,9910.870513340413
GIVEBACK_BASELINE,F08,JPM,10,False,0,0,0,0,0.0,False,0,0.0,0.0,0.3157731227830891,0.0,-0.1280224227000073,0.0,1.8686940649425932,2.4665454388645243,1.0,1.0,1.0000000000000002,0.8770202758864496,0.0,0.0,13157.7312278309,13157.7312278309,0.0,13157.7312278309
GIVEBACK_BASELINE,F08,JPM,25,False,0,0,0,0,0.0,False,0,0.0,0.0,0.3138026653690682,0.0,-0.1280224227000062,0.0,1.8590085381902521,2.4511539365599977,1.0,1.0,0.9999999999999998,0.8776777123751197,0.0,0.0,13138.026653690667,13138.026653690667,0.0,13138.026653690667
GIVEBACK_BASELINE,F08,JPM,50,False,0,0,0,0,0.0,False,0,0.0,0.0,0.3105283920862729,0.0,-0.12802242270000685,0.0,1.8429142743663978,2.425578156835305,1.0,1.0,1.0000000000000002,0.8787734398562376,0.0,0.0,13105.283920862721,13105.283920862721,0.0,13105.283920862721
HERD_GIVEBACK_S1,F08,JPM,10,False,0,0,0,0,0.0,False,0,0.0,0.0,0.3157731227830891,0.0,-0.1280224227000073,0.0,1.8686940649425932,2.4665454388645243,1.0,1.0,1.0000000000000002,0.8770202758864496,0.0,0.0,13157.7312278309,13157.7312278309,0.0,13157.7312278309
HERD_GIVEBACK_S1,F08,JPM,25,False,0,0,0,0,0.0,False,0,0.0,0.0,0.3138026653690682,0.0,-0.1280224227000062,0.0,1.8590085381902521,2.4511539365599977,1.0,1.0,0.9999999999999998,0.8776777123751197,0.0,0.0,13138.026653690667,13138.026653690667,0.0,13138.026653690667
HERD_GIVEBACK_S1,F08,JPM,50,False,0,0,0,0,0.0,False,0,0.0,0.0,0.3105283920862729,0.0,-0.12802242270000685,0.0,1.8429142743663978,2.425578156835305,1.0,1.0,1.0000000000000002,0.8787734398562376,0.0,0.0,13105.283920862721,13105.283920862721,0.0,13105.283920862721
GIVEBACK_BASELINE,F08,KO,10,False,0,0,0,0,0.0,False,0,0.0,0.0,0.15531424002222538,0.0,-0.14348524059057222,0.0,1.6518549201641881,1.08244053104672,1.0,1.0,1.0000000000000002,1.013653401443318,0.0,0.0,11553.142400222276,11553.142400222276,0.0,11553.142400222276
GIVEBACK_BASELINE,F08,KO,25,False,0,0,0,0,0.0,False,0,0.0,0.0,0.15358408041464888,0.0,-0.14348524059057144,0.0,1.6363162248470111,1.0703824294576334,1.0,1.0,1.0,1.0144132615643398,0.0,0.0,11535.840804146477,11535.840804146477,0.0,11535.840804146477
GIVEBACK_BASELINE,F08,KO,50,False,0,0,0,0,0.0,False,0,0.0,0.0,0.15070910563074613,0.0,-0.14348524059057222,0.0,1.6084068740441246,1.0503457011358182,1.0,1.0,1.0,1.015679695099376,0.0,0.0,11507.09105630746,11507.09105630746,0.0,11507.09105630746
HERD_GIVEBACK_S1,F08,KO,10,False,0,0,0,0,0.0,False,0,0.0,0.0,0.15531424002222538,0.0,-0.14348524059057222,0.0,1.6518549201641881,1.08244053104672,1.0,1.0,1.0000000000000002,1.013653401443318,0.0,0.0,11553.142400222276,11553.142400222276,0.0,11553.142400222276
HERD_GIVEBACK_S1,F08,KO,25,False,0,0,0,0,0.0,False,0,0.0,0.0,0.15358408041464888,0.0,-0.14348524059057144,0.0,1.6363162248470111,1.0703824294576334,1.0,1.0,1.0,1.0144132615643398,0.0,0.0,11535.840804146477,11535.840804146477,0.0,11535.840804146477
HERD_GIVEBACK_S1,F08,KO,50,False,0,0,0,0,0.0,False,0,0.0,0.0,0.15070910563074613,0.0,-0.14348524059057222,0.0,1.6084068740441246,1.0503457011358182,1.0,1.0,1.0,1.015679695099376,0.0,0.0,11507.09105630746,11507.09105630746,0.0,11507.09105630746
GIVEBACK_BASELINE,F08,LIN,10,False,0,0,0,0,0.0,False,0,0.0,0.0,0.20256461081816513,0.0,-0.11638481790171029,0.0,1.6304478696967468,1.7404728079674077,1.0,1.0,1.0000000000000002,0.9086719932656262,0.0,0.0,12025.646108181669,12025.646108181669,0.0,12025.646108181669
GIVEBACK_BASELINE,F08,LIN,25,False,0,0,0,0,0.0,False,0,0.0,0.0,0.20076369065024346,0.0,-0.11638481790170951,0.0,1.618698644816353,1.724998966959715,1.0,1.0,1.0,0.9093531566788687,0.0,0.0,12007.636906502456,12007.636906502456,0.0,12007.636906502456
GIVEBACK_BASELINE,F08,LIN,50,False,0,0,0,0,0.0,False,0,0.0,0.0,0.19777113432890325,0.0,-0.11638481790170951,0.0,1.5980131206063841,1.6992863665081037,1.0,1.0,1.0000000000000002,0.9104884290342732,0.0,0.0,11977.711343289036,11977.711343289036,0.0,11977.711343289036
HERD_GIVEBACK_S1,F08,LIN,10,False,0,0,0,0,0.0,False,0,0.0,0.0,0.20256461081816513,0.0,-0.11638481790171029,0.0,1.6304478696967468,1.7404728079674077,1.0,1.0,1.0000000000000002,0.9086719932656262,0.0,0.0,12025.646108181669,12025.646108181669,0.0,12025.646108181669
HERD_GIVEBACK_S1,F08,LIN,25,False,0,0,0,0,0.0,False,0,0.0,0.0,0.20076369065024346,0.0,-0.11638481790170951,0.0,1.618698644816353,1.724998966959715,1.0,1.0,1.0,0.9093531566788687,0.0,0.0,12007.636906502456,12007.636906502456,0.0,12007.636906502456
HERD_GIVEBACK_S1,F08,LIN,50,False,0,0,0,0,0.0,False,0,0.0,0.0,0.19777113432890325,0.0,-0.11638481790170951,0.0,1.5980131206063841,1.6992863665081037,1.0,1.0,1.0000000000000002,0.9104884290342732,0.0,0.0,11977.711343289036,11977.711343289036,0.0,11977.711343289036
GIVEBACK_BASELINE,F08,LLY,10,True,1,0,0,0,0.0,False,1,907.8171920743825,0.0,0.7971041972159953,0.0009752729964613849,-0.16739337939938193,0.0012092146328424036,3.2908266451741297,4.761862148168917,0.9988101758630126,0.9979553482112618,0.9990014261601005,0.7084528045950913,9.752729964617174,-1.1319484806804887,17971.041972159946,17961.28924219533,9.752729964617174,17971.041972159946
GIVEBACK_BASELINE,F08,LLY,25,True,1,0,0,0,0.0,False,1,905.0978193872301,0.0,0.7942769290020828,0.0008378268301245662,-0.16745755603982548,0.001145037992398179,3.284969734983527,4.74315371480272,0.9987736966908084,0.9979605338024325,0.9990028489022602,0.708896599330832,8.378268301246862,-1.130253312845376,17942.769290020817,17934.39102171957,8.378268301246862,17942.769290020817
GIVEBACK_BASELINE,F08,LLY,50,True,1,0,0,0,0.0,False,1,900.5836087634218,0.0,0.7895793609369703,0.0006098871889415047,-0.16756441005249234,0.001038183979731766,3.274198167354926,4.71209465476363,0.9987129595776393,0.9979691357555194,0.9990052182427335,0.7096362586084419,6.0988718894077465,-1.127436483253998,17895.793609369735,17889.694737480328,6.0988718894077465,17895.793609369735
HERD_GIVEBACK_S1,F08,LLY,10,True,1,0,0,0,0.0,False,1,907.8171920743825,0.0,0.7971041972159953,0.0009752729964613849,-0.16739337939938193,0.0012092146328424036,3.2908266451741297,4.761862148168917,0.9988101758630126,0.9979553482112618,0.9990014261601005,0.7084528045950913,9.752729964617174,-1.1319484806804887,17971.041972159946,17961.28924219533,9.752729964617174,17971.041972159946
HERD_GIVEBACK_S1,F08,LLY,25,True,1,0,0,0,0.0,False,1,905.0978193872301,0.0,0.7942769290020828,0.0008378268301245662,-0.16745755603982548,0.001145037992398179,3.284969734983527,4.74315371480272,0.9987736966908084,0.9979605338024325,0.9990028489022602,0.708896599330832,8.378268301246862,-1.130253312845376,17942.769290020817,17934.39102171957,8.378268301246862,17942.769290020817
HERD_GIVEBACK_S1,F08,LLY,50,True,1,0,0,0,0.0,False,1,900.5836087634218,0.0,0.7895793609369703,0.0006098871889415047,-0.16756441005249234,0.001038183979731766,3.274198167354926,4.71209465476363,0.9987129595776393,0.9979691357555194,0.9990052182427335,0.7096362586084419,6.0988718894077465,-1.127436483253998,17895.793609369735,17889.694737480328,6.0988718894077465,17895.793609369735
GIVEBACK_BASELINE,F08,MA,10,False,0,0,0,0,0.0,False,0,0.0,0.0,0.19796651908244733,0.0,-0.12591333748779443,0.0,1.5364649791391118,1.5722442358549782,1.0,1.0,1.0,0.8929672617135708,0.0,0.0,11979.665190824493,11979.665190824493,0.0,11979.665190824493
GIVEBACK_BASELINE,F08,MA,25,False,0,0,0,0,0.0,False,0,0.0,0.0,0.1961724848615023,0.0,-0.1259133374877941,0.0,1.5243980521759004,1.5579960691655803,1.0,1.0,1.0,0.8936366524644805,0.0,0.0,11961.724848615004,11961.724848615004,0.0,11961.724848615004
GIVEBACK_BASELINE,F08,MA,50,False,0,0,0,0,0.0,False,0,0.0,0.0,0.19319137079312876,0.0,-0.1259133374877942,0.0,1.5043466588903034,1.5343201494588001,1.0,1.0,1.0,0.8947523037159969,0.0,0.0,11931.913707931286,11931.913707931286,0.0,11931.913707931286
HERD_GIVEBACK_S1,F08,MA,10,False,0,0,0,0,0.0,False,0,0.0,0.0,0.19796651908244733,0.0,-0.12591333748779443,0.0,1.5364649791391118,1.5722442358549782,1.0,1.0,1.0,0.8929672617135708,0.0,0.0,11979.665190824493,11979.665190824493,0.0,11979.665190824493
HERD_GIVEBACK_S1,F08,MA,25,False,0,0,0,0,0.0,False,0,0.0,0.0,0.1961724848615023,0.0,-0.1259133374877941,0.0,1.5243980521759004,1.5579960691655803,1.0,1.0,1.0,0.8936366524644805,0.0,0.0,11961.724848615004,11961.724848615004,0.0,11961.724848615004
HERD_GIVEBACK_S1,F08,MA,50,False,0,0,0,0,0.0,False,0,0.0,0.0,0.19319137079312876,0.0,-0.1259133374877942,0.0,1.5043466588903034,1.5343201494588001,1.0,1.0,1.0,0.8947523037159969,0.0,0.0,11931.913707931286,11931.913707931286,0.0,11931.913707931286
GIVEBACK_BASELINE,F08,MCD,10,False,0,0,0,0,0.0,False,0,0.0,0.0,-0.020149797473049902,0.0,-0.1720503496312682,0.0,-0.05424625137803672,-0.11711570198046203,1.0,1.0,1.0000000000000002,1.0386175864592395,0.0,0.0,9798.502025269501,9798.502025269501,0.0,9798.502025269501
GIVEBACK_BASELINE,F08,MCD,25,False,0,0,0,0,0.0,False,0,0.0,0.0,-0.021617188060964243,0.0,-0.17205034963126942,0.0,-0.06762494715090135,-0.12564454595583927,1.0,1.0,1.0,1.0393961603621322,0.0,0.0,9783.828119390366,9783.828119390366,0.0,9783.828119390366
GIVEBACK_BASELINE,F08,MCD,50,False,0,0,0,0,0.0,False,0,0.0,0.0,-0.024055524339246737,0.0,-0.17205034963126775,0.0,-0.08985608283337125,-0.13981677102546836,1.0,1.0,1.0,1.0406937835336203,0.0,0.0,9759.444756607514,9759.444756607514,0.0,9759.444756607514
HERD_GIVEBACK_S1,F08,MCD,10,False,0,0,0,0,0.0,False,0,0.0,0.0,-0.020149797473049902,0.0,-0.1720503496312682,0.0,-0.05424625137803672,-0.11711570198046203,1.0,1.0,1.0000000000000002,1.0386175864592395,0.0,0.0,9798.502025269501,9798.502025269501,0.0,9798.502025269501
HERD_GIVEBACK_S1,F08,MCD,25,False,0,0,0,0,0.0,False,0,0.0,0.0,-0.021617188060964243,0.0,-0.17205034963126942,0.0,-0.06762494715090135,-0.12564454595583927,1.0,1.0,1.0,1.0393961603621322,0.0,0.0,9783.828119390366,9783.828119390366,0.0,9783.828119390366
HERD_GIVEBACK_S1,F08,MCD,50,False,0,0,0,0,0.0,False,0,0.0,0.0,-0.024055524339246737,0.0,-0.17205034963126775,0.0,-0.08985608283337125,-0.13981677102546836,1.0,1.0,1.0,1.0406937835336203,0.0,0.0,9759.444756607514,9759.444756607514,0.0,9759.444756607514
GIVEBACK_BASELINE,F08,META,10,True,2,0,0,0,0.0,False,2,1454.2358133242888,0.0,0.5683595497777005,-0.008300803070244278,-0.18341582525975741,0.0008486474647964037,2.3106565943316024,3.0987486983349313,0.9858827855680373,0.9855965052854695,0.9859468507756518,0.8743849318840677,-83.0080307024582,-3.1703262001663326,15683.595497776996,15766.603528479454,-83.0080307024582,15683.595497776996
GIVEBACK_BASELINE,F08,META,25,True,2,0,0,0,0.0,False,2,1449.8796398722347,0.0,0.565792991558149,-0.008506207966423984,-0.1834782861943257,0.0007861865302278837,2.3031329898586925,3.083705452529166,0.9858597490821557,0.985660301351384,0.9859666930950589,0.8748955745852217,-85.06207966422153,-3.1655784266650926,15657.929915581488,15742.99199524571,-85.06207966422153,15657.929915581488
GIVEBACK_BASELINE,F08,META,50,True,2,0,0,0,0.0,False,2,1442.6483087018805,0.0,0.561528912708199,-0.008846801239735136,-0.18358228355921358,0.0006821891653401302,2.290629109718087,3.0587314953356084,0.985821353392173,0.9857665299151468,0.9859997382409981,0.8757466659472231,-88.46801239735032,-3.1576891377024268,15615.28912708195,15703.7571394793,-88.46801239735032,15615.28912708195
HERD_GIVEBACK_S1,F08,META,10,True,1,0,0,0,0.0,False,1,708.4618895478317,0.0,0.5686735241603325,-0.007986828687612357,-0.18341582525975741,0.0008486474647964037,2.3027072224056857,3.10046051563416,0.9882569123872145,0.9883824709023894,0.9878816163766106,0.8174485272413624,-79.8682868761407,-1.625808307777607,15686.735241603314,15766.603528479454,-79.8682868761407,15686.735241603314
HERD_GIVEBACK_S1,F08,META,25,True,1,0,0,0,0.0,False,1,706.3396870502976,0.0,0.5662182082533731,-0.008080991271199878,-0.1834782861943257,0.0007861865302278837,2.2955543810129515,3.086022983960508,0.988265661483713,0.9884426677536823,0.9878989669544895,0.817997761640204,-80.80991271198582,-1.623373552135945,15662.182082533724,15742.99199524571,-80.80991271198582,15662.182082533724
HERD_GIVEBACK_S1,F08,META,50,True,1,0,0,0,0.0,False,1,702.8167903522824,0.0,0.5621386072857661,-0.008237106662168037,-0.18358228355921358,0.0006821891653401302,2.283667584354252,3.062052592370391,0.9882802873215503,0.988542900180041,0.9879278609176448,0.8189131755049307,-82.37106662168117,-1.6193277629243212,15621.386072857618,15703.7571394793,-82.37106662168117,15621.386072857618
GIVEBACK_BASELINE,F08,MRK,10,False,0,0,0,0,0.0,False,0,0.0,0.0,0.12439484581669125,0.0,-0.14914270294898757,0.0,0.8042405207849338,0.8340659204710738,1.0,1.0,1.0,0.8830632300782025,0.0,0.0,11243.948458166911,11243.948458166911,0.0,11243.948458166911
GIVEBACK_BASELINE,F08,MRK,25,False,0,0,0,0,0.0,False,0,0.0,0.0,0.12271099005017372,0.0,-0.14914270294898768,0.0,0.7954853462247078,0.8227756881417485,1.0,1.0,1.0,0.8837251965175417,0.0,0.0,11227.109900501719,11227.109900501719,0.0,11227.109900501719
GIVEBACK_BASELINE,F08,MRK,50,False,0,0,0,0,0.0,False,0,0.0,0.0,0.11991295751764697,0.0,-0.14914270294898757,0.0,0.7809370317344717,0.8040149142171691,1.0,1.0,1.0,0.8848284739164398,0.0,0.0,11199.129575176466,11199.129575176466,0.0,11199.129575176466
HERD_GIVEBACK_S1,F08,MRK,10,False,0,0,0,0,0.0,False,0,0.0,0.0,0.12439484581669125,0.0,-0.14914270294898757,0.0,0.8042405207849338,0.8340659204710738,1.0,1.0,1.0,0.8830632300782025,0.0,0.0,11243.948458166911,11243.948458166911,0.0,11243.948458166911
HERD_GIVEBACK_S1,F08,MRK,25,False,0,0,0,0,0.0,False,0,0.0,0.0,0.12271099005017372,0.0,-0.14914270294898768,0.0,0.7954853462247078,0.8227756881417485,1.0,1.0,1.0,0.8837251965175417,0.0,0.0,11227.109900501719,11227.109900501719,0.0,11227.109900501719
HERD_GIVEBACK_S1,F08,MRK,50,False,0,0,0,0,0.0,False,0,0.0,0.0,0.11991295751764697,0.0,-0.14914270294898757,0.0,0.7809370317344717,0.8040149142171691,1.0,1.0,1.0,0.8848284739164398,0.0,0.0,11199.129575176466,11199.129575176466,0.0,11199.129575176466
GIVEBACK_BASELINE,F08,MSFT,10,False,0,0,0,0,0.0,False,0,0.0,0.0,0.26157697626514187,0.0,-0.1263367354428906,0.0,1.8210366321042442,2.070474398029585,1.0,1.0,1.0000000000000002,0.8373904600264045,0.0,0.0,12615.769762651422,12615.769762651422,0.0,12615.769762651422
GIVEBACK_BASELINE,F08,MSFT,25,False,0,0,0,0,0.0,False,0,0.0,0.0,0.25968768117072205,0.0,-0.1263367354428908,0.0,1.8094705372064597,2.055519958311026,1.0,1.0,0.9999999999999998,0.8380181890069337,0.0,0.0,12596.87681170723,12596.87681170723,0.0,12596.87681170723
GIVEBACK_BASELINE,F08,MSFT,50,False,0,0,0,0,0.0,False,0,0.0,0.0,0.2565482738397409,0.0,-0.12633673544289026,0.0,1.7955051369351562,2.0306704375443667,1.0,1.0,1.0,0.839064403974483,0.0,0.0,12565.482738397413,12565.482738397413,0.0,12565.482738397413
HERD_GIVEBACK_S1,F08,MSFT,10,False,0,0,0,0,0.0,False,0,0.0,0.0,0.26157697626514187,0.0,-0.1263367354428906,0.0,1.8210366321042442,2.070474398029585,1.0,1.0,1.0000000000000002,0.8373904600264045,0.0,0.0,12615.769762651422,12615.769762651422,0.0,12615.769762651422
HERD_GIVEBACK_S1,F08,MSFT,25,False,0,0,0,0,0.0,False,0,0.0,0.0,0.25968768117072205,0.0,-0.1263367354428908,0.0,1.8094705372064597,2.055519958311026,1.0,1.0,0.9999999999999998,0.8380181890069337,0.0,0.0,12596.87681170723,12596.87681170723,0.0,12596.87681170723
HERD_GIVEBACK_S1,F08,MSFT,50,False,0,0,0,0,0.0,False,0,0.0,0.0,0.2565482738397409,0.0,-0.12633673544289026,0.0,1.7955051369351562,2.0306704375443667,1.0,1.0,1.0,0.839064403974483,0.0,0.0,12565.482738397413,12565.482738397413,0.0,12565.482738397413
GIVEBACK_BASELINE,F08,NEE,10,False,0,0,0,0,0.0,False,0,0.0,0.0,0.14575130397326186,0.0,-0.2915592517354969,0.0,0.7539748516400417,0.4999028605872803,1.0,1.0,1.0000000000000002,1.0926264596485935,0.0,0.0,11457.513039732637,11457.513039732637,0.0,11457.513039732637
GIVEBACK_BASELINE,F08,NEE,25,False,0,0,0,0,0.0,False,0,0.0,0.0,0.14403546549590707,0.0,-0.29155925173549657,0.0,0.7477786165907462,0.494017818465855,1.0,1.0,1.0,1.0934455199631723,0.0,0.0,11440.354654959085,11440.354654959085,0.0,11440.354654959085
GIVEBACK_BASELINE,F08,NEE,50,False,0,0,0,0,0.0,False,0,0.0,0.0,0.14118428787389403,0.0,-0.29155925173549635,0.0,0.7373552209176506,0.484238750900544,1.0,1.0,1.0,1.0948106204874706,0.0,0.0,11411.842878738944,11411.842878738944,0.0,11411.842878738944
HERD_GIVEBACK_S1,F08,NEE,10,False,0,0,0,0,0.0,False,0,0.0,0.0,0.14575130397326186,0.0,-0.2915592517354969,0.0,0.7539748516400417,0.4999028605872803,1.0,1.0,1.0000000000000002,1.0926264596485935,0.0,0.0,11457.513039732637,11457.513039732637,0.0,11457.513039732637
HERD_GIVEBACK_S1,F08,NEE,25,False,0,0,0,0,0.0,False,0,0.0,0.0,0.14403546549590707,0.0,-0.29155925173549657,0.0,0.7477786165907462,0.494017818465855,1.0,1.0,1.0,1.0934455199631723,0.0,0.0,11440.354654959085,11440.354654959085,0.0,11440.354654959085
HERD_GIVEBACK_S1,F08,NEE,50,False,0,0,0,0,0.0,False,0,0.0,0.0,0.14118428787389403,0.0,-0.29155925173549635,0.0,0.7373552209176506,0.484238750900544,1.0,1.0,1.0,1.0948106204874706,0.0,0.0,11411.842878738944,11411.842878738944,0.0,11411.842878738944
GIVEBACK_BASELINE,F08,NEM,10,False,0,0,0,0,0.0,False,0,0.0,0.0,0.23322127998723663,0.0,-0.29542223935651546,0.0,1.1988397143090208,0.789450653732894,1.0,1.0,1.0000000000000002,1.0208285065198954,0.0,0.0,12332.212799872392,12332.212799872392,0.0,12332.212799872392
GIVEBACK_BASELINE,F08,NEM,25,False,0,0,0,0,0.0,False,0,0.0,0.0,0.23137444942640384,0.0,-0.29542223935651524,0.0,1.1928974562491428,0.7831991590422596,1.0,1.0,0.9999999999999998,1.0215937452804045,0.0,0.0,12313.744494264034,12313.744494264034,0.0,12313.744494264034
GIVEBACK_BASELINE,F08,NEM,50,False,0,0,0,0,0.0,False,0,0.0,0.0,0.22830560463931926,0.0,-0.2954222393565158,0.0,1.1827686317664512,0.7728111639009001,1.0,1.0,0.9999999999999998,1.0228691432145873,0.0,0.0,12283.05604639321,12283.05604639321,0.0,12283.05604639321
HERD_GIVEBACK_S1,F08,NEM,10,False,0,0,0,0,0.0,False,0,0.0,0.0,0.23322127998723663,0.0,-0.29542223935651546,0.0,1.1988397143090208,0.789450653732894,1.0,1.0,1.0000000000000002,1.0208285065198954,0.0,0.0,12332.212799872392,12332.212799872392,0.0,12332.212799872392
HERD_GIVEBACK_S1,F08,NEM,25,False,0,0,0,0,0.0,False,0,0.0,0.0,0.23137444942640384,0.0,-0.29542223935651524,0.0,1.1928974562491428,0.7831991590422596,1.0,1.0,0.9999999999999998,1.0215937452804045,0.0,0.0,12313.744494264034,12313.744494264034,0.0,12313.744494264034
HERD_GIVEBACK_S1,F08,NEM,50,False,0,0,0,0,0.0,False,0,0.0,0.0,0.22830560463931926,0.0,-0.2954222393565158,0.0,1.1827686317664512,0.7728111639009001,1.0,1.0,0.9999999999999998,1.0228691432145873,0.0,0.0,12283.05604639321,12283.05604639321,0.0,12283.05604639321
GIVEBACK_BASELINE,F08,NFLX,10,True,1,0,0,0,0.0,False,1,642.3092742276117,0.0,0.42555743617797503,-0.007417836195934946,-0.22842561609938494,0.0,2.11001040459023,1.8630022474923331,0.9890485402727741,0.9899508545603215,0.9875035904744214,0.8593211644197299,-74.17836195934433,-11.676025923209636,14255.574361779742,14329.752723739086,-74.17836195934433,14255.574361779742
GIVEBACK_BASELINE,F08,NFLX,25,True,1,0,0,0,0.0,False,1,640.3852323474972,0.0,0.42332635536278596,-0.00750294161409526,-0.22842561609938583,0.0,2.101923893386053,1.8532350381342548,0.9890556758770601,0.9900146945417945,0.9875215158329946,0.8599065886538863,-75.0294161409438,-11.658540300917792,14233.263553627878,14308.292969768821,-75.0294161409438,14233.263553627878
GIVEBACK_BASELINE,F08,NFLX,50,True,1,0,0,0,0.0,False,1,637.1912860609505,0.0,0.41961932882434905,-0.007644039826443905,-0.22842561609938572,0.0,2.088483159994747,1.8370064443288043,0.9890676145637756,0.9901209923073863,0.9875513667658228,0.860882321640143,-76.44039826444714,-11.629484760059285,14196.193288243478,14272.633686507925,-76.44039826444714,14196.193288243478
HERD_GIVEBACK_S1,F08,NFLX,10,True,1,0,0,0,0.0,False,1,652.247272266489,0.0,0.4265512359818626,-0.006424036392047361,-0.22842561609938494,0.0,2.108911699604385,1.867352897042317,0.9904311349579294,0.9911417355594457,0.9883042805338227,0.859920563301996,-64.24036392046582,-11.676025923209636,14265.51235981862,14329.752723739086,-64.24036392046582,14265.51235981862
HERD_GIVEBACK_S1,F08,NFLX,25,True,1,0,0,0,0.0,False,1,650.29346104441,0.0,0.42431717823247683,-0.006512118744404383,-0.22842561609938583,0.0,2.100831721232524,1.8575726552833742,0.9904373705408334,0.9912037684258433,0.9883210535711054,0.8605042063402517,-65.12118744403051,-11.658540300917792,14243.171782324791,14308.292969768821,-65.12118744403051,14243.171782324791
HERD_GIVEBACK_S1,F08,NFLX,50,True,1,0,0,0,0.0,False,1,647.050097081355,0.0,0.4206052099263895,-0.006658158724403451,-0.22842561609938572,0.0,2.0874019531480896,1.841322427443463,0.9904478033795314,0.9913070567514167,0.988348985578292,0.861476969046285,-66.58158724404166,-11.629484760059285,14206.052099263883,14272.633686507925,-66.58158724404166,14206.052099263883
GIVEBACK_BASELINE,F08,NKE,10,False,0,0,0,0,0.0,False,0,0.0,0.0,-0.29914343468097815,0.0,-0.4159916685751395,0.0,-0.8789210635363954,-0.7191091968394666,1.0,1.0,1.0000000000000002,1.0844805652620648,0.0,0.0,7008.565653190212,7008.565653190212,0.0,7008.565653190212
GIVEBACK_BASELINE,F08,NKE,25,False,0,0,0,0,0.0,False,0,0.0,0.0,-0.30019301381539476,0.0,-0.41599166857514003,0.0,-0.8834112162946257,-0.721632274135729,1.0,1.0,1.0000000000000002,1.085293519209038,0.0,0.0,6998.069861846042,6998.069861846042,0.0,6998.069861846042
GIVEBACK_BASELINE,F08,NKE,50,False,0,0,0,0,0.0,False,0,0.0,0.0,-0.30193708039280176,0.0,-0.41599166857514036,0.0,-0.8908724215494657,-0.7258248258360565,1.0,1.0,1.0,1.0866484424539928,0.0,0.0,6980.629196071983,6980.629196071983,0.0,6980.629196071983
HERD_GIVEBACK_S1,F08,NKE,10,False,0,0,0,0,0.0,False,0,0.0,0.0,-0.29914343468097815,0.0,-0.4159916685751395,0.0,-0.8789210635363954,-0.7191091968394666,1.0,1.0,1.0000000000000002,1.0844805652620648,0.0,0.0,7008.565653190212,7008.565653190212,0.0,7008.565653190212
HERD_GIVEBACK_S1,F08,NKE,25,False,0,0,0,0,0.0,False,0,0.0,0.0,-0.30019301381539476,0.0,-0.41599166857514003,0.0,-0.8834112162946257,-0.721632274135729,1.0,1.0,1.0000000000000002,1.085293519209038,0.0,0.0,6998.069861846042,6998.069861846042,0.0,6998.069861846042
HERD_GIVEBACK_S1,F08,NKE,50,False,0,0,0,0,0.0,False,0,0.0,0.0,-0.30193708039280176,0.0,-0.41599166857514036,0.0,-0.8908724215494657,-0.7258248258360565,1.0,1.0,1.0,1.0866484424539928,0.0,0.0,6980.629196071983,6980.629196071983,0.0,6980.629196071983
GIVEBACK_BASELINE,F08,NVDA,10,True,1,0,0,0,0.0,False,1,890.0100443577509,0.0,1.4140042341605006,-0.033367586602366384,-0.22801093407811068,0.0069057304713757706,3.5418647565982986,6.201475555887592,0.9861923093176881,0.9875931537748982,0.989543485369529,0.656081369799123,-333.67586602368465,-11.426334862637844,24140.04234160503,24473.718207628714,-333.67586602368465,24140.04234160503
GIVEBACK_BASELINE,F08,NVDA,25,True,1,0,0,0,0.0,False,1,887.3440131049306,0.0,1.4102557846801673,-0.033450934656330755,-0.22802098986620378,0.006895674683282116,3.53619079924693,6.184763014613985,0.9861827924796349,0.9876111093373319,0.9895585847877687,0.6565077761267389,-334.5093465633181,-11.409223169249884,24102.55784680167,24437.067193364986,-334.5093465633181,24102.55784680167
GIVEBACK_BASELINE,F08,NVDA,50,True,1,0,0,0,0.0,False,1,882.9183502813884,0.0,1.4040274975727827,-0.03358898931631504,-0.2280377347066752,0.006878929842811021,3.526762177613772,6.156996338254203,0.9861669536743608,0.9876410095448386,0.9895837290625864,0.6572184717072113,-335.8898931631629,-11.380788979256806,24040.274975727843,24376.164868891006,-335.8898931631629,24040.274975727843
HERD_GIVEBACK_S1,F08,NVDA,10,False,0,0,0,0,0.0,False,0,0.0,0.0,1.447371820762867,0.0,-0.23491666454948645,0.0,3.5428016174930392,6.161213907657753,1.0,1.0,1.0,0.5985728513968556,0.0,0.0,24473.718207628714,24473.718207628714,0.0,24473.718207628714
HERD_GIVEBACK_S1,F08,NVDA,25,False,0,0,0,0,0.0,False,0,0.0,0.0,1.443706719336498,0.0,-0.2349166645494859,0.0,3.537493801753271,6.145612198713884,1.0,1.0,1.0,0.5990215566827602,0.0,0.0,24437.067193364986,24437.067193364986,0.0,24437.067193364986
HERD_GIVEBACK_S1,F08,NVDA,50,False,0,0,0,0,0.0,False,0,0.0,0.0,1.4376164868890977,0.0,-0.23491666454948623,0.0,3.5286739007784766,6.119687122435954,1.0,1.0,1.0,0.5997693988259348,0.0,0.0,24376.164868891006,24376.164868891006,0.0,24376.164868891006
GIVEBACK_BASELINE,F08,ORCL,10,False,0,0,0,0,0.0,False,0,0.0,0.0,0.17116249966173136,0.0,-0.20545289640699116,0.0,0.7238953534806909,0.8330984992427054,1.0,1.0,1.0000000000000002,0.9693096847540276,0.0,0.0,11711.62499661732,11711.62499661732,0.0,11711.62499661732
GIVEBACK_BASELINE,F08,ORCL,25,False,0,0,0,0,0.0,False,0,0.0,0.0,0.16940860623548404,0.0,-0.20545289640699027,0.0,0.719094653628451,0.8245617813043405,1.0,1.0,1.0,0.9700363037081158,0.0,0.0,11694.086062354827,11694.086062354827,0.0,11694.086062354827
GIVEBACK_BASELINE,F08,ORCL,50,False,0,0,0,0,0.0,False,0,0.0,0.0,0.16649419339633043,0.0,-0.20545289640699016,0.0,0.7110257462941089,0.8103764722134419,1.0,1.0,1.0000000000000002,0.9712473352982636,0.0,0.0,11664.941933963282,11664.941933963282,0.0,11664.941933963282
HERD_GIVEBACK_S1,F08,ORCL,10,False,0,0,0,0,0.0,False,0,0.0,0.0,0.17116249966173136,0.0,-0.20545289640699116,0.0,0.7238953534806909,0.8330984992427054,1.0,1.0,1.0000000000000002,0.9693096847540276,0.0,0.0,11711.62499661732,11711.62499661732,0.0,11711.62499661732
HERD_GIVEBACK_S1,F08,ORCL,25,False,0,0,0,0,0.0,False,0,0.0,0.0,0.16940860623548404,0.0,-0.20545289640699027,0.0,0.719094653628451,0.8245617813043405,1.0,1.0,1.0,0.9700363037081158,0.0,0.0,11694.086062354827,11694.086062354827,0.0,11694.086062354827
HERD_GIVEBACK_S1,F08,ORCL,50,False,0,0,0,0,0.0,False,0,0.0,0.0,0.16649419339633043,0.0,-0.20545289640699016,0.0,0.7110257462941089,0.8103764722134419,1.0,1.0,1.0000000000000002,0.9712473352982636,0.0,0.0,11664.941933963282,11664.941933963282,0.0,11664.941933963282
GIVEBACK_BASELINE,F08,PEP,10,False,0,0,0,0,0.0,False,0,0.0,0.0,-0.02593201868494066,0.0,-0.14925126264847954,0.0,-0.09902907907764294,-0.17374739901542022,1.0,1.0,1.0000000000000002,1.0873145229547903,0.0,0.0,9740.679813150584,9740.679813150584,0.0,9740.679813150584
GIVEBACK_BASELINE,F08,PEP,25,False,0,0,0,0,0.0,False,0,0.0,0.0,-0.02739075001354907,0.0,-0.149251262648479,0.0,-0.11140807936435479,-0.18352106057595358,1.0,1.0,1.0,1.0881296013078294,0.0,0.0,9726.092499864497,9726.092499864497,0.0,9726.092499864497
GIVEBACK_BASELINE,F08,PEP,50,False,0,0,0,0,0.0,False,0,0.0,0.0,-0.0298146973579847,0.0,-0.14925126264847965,0.0,-0.1318951393922904,-0.19976177640925577,1.0,1.0,1.0,1.089488065229562,0.0,0.0,9701.853026420173,9701.853026420173,0.0,9701.853026420173
HERD_GIVEBACK_S1,F08,PEP,10,False,0,0,0,0,0.0,False,0,0.0,0.0,-0.02593201868494066,0.0,-0.14925126264847954,0.0,-0.09902907907764294,-0.17374739901542022,1.0,1.0,1.0000000000000002,1.0873145229547903,0.0,0.0,9740.679813150584,9740.679813150584,0.0,9740.679813150584
HERD_GIVEBACK_S1,F08,PEP,25,False,0,0,0,0,0.0,False,0,0.0,0.0,-0.02739075001354907,0.0,-0.149251262648479,0.0,-0.11140807936435479,-0.18352106057595358,1.0,1.0,1.0,1.0881296013078294,0.0,0.0,9726.092499864497,9726.092499864497,0.0,9726.092499864497
HERD_GIVEBACK_S1,F08,PEP,50,False,0,0,0,0,0.0,False,0,0.0,0.0,-0.0298146973579847,0.0,-0.14925126264847965,0.0,-0.1318951393922904,-0.19976177640925577,1.0,1.0,1.0,1.089488065229562,0.0,0.0,9701.853026420173,9701.853026420173,0.0,9701.853026420173
GIVEBACK_BASELINE,F08,PG,10,False,0,0,0,0,0.0,False,0,0.0,0.0,0.11134768969045816,0.0,-0.08969372299079537,0.0,1.0791741921982239,1.2414212051593063,1.0,1.0,1.0,0.9905502735090236,0.0,0.0,11113.476896904594,11113.476896904594,0.0,11113.476896904594
GIVEBACK_BASELINE,F08,PG,25,False,0,0,0,0,0.0,False,0,0.0,0.0,0.109683372904543,0.0,-0.08969372299079503,0.0,1.0664938871097907,1.2228656504290656,1.0,1.0,1.0000000000000002,0.9912928149434385,0.0,0.0,11096.833729045407,11096.833729045407,0.0,11096.833729045407
GIVEBACK_BASELINE,F08,PG,50,False,0,0,0,0,0.0,False,0,0.0,0.0,0.10691780794106553,0.0,-0.08969372299079559,0.0,1.0456645577906931,1.1920322222775555,1.0,1.0,1.0,0.9925303840007959,0.0,0.0,11069.178079410674,11069.178079410674,0.0,11069.178079410674
HERD_GIVEBACK_S1,F08,PG,10,False,0,0,0,0,0.0,False,0,0.0,0.0,0.11134768969045816,0.0,-0.08969372299079537,0.0,1.0791741921982239,1.2414212051593063,1.0,1.0,1.0,0.9905502735090236,0.0,0.0,11113.476896904594,11113.476896904594,0.0,11113.476896904594
HERD_GIVEBACK_S1,F08,PG,25,False,0,0,0,0,0.0,False,0,0.0,0.0,0.109683372904543,0.0,-0.08969372299079503,0.0,1.0664938871097907,1.2228656504290656,1.0,1.0,1.0000000000000002,0.9912928149434385,0.0,0.0,11096.833729045407,11096.833729045407,0.0,11096.833729045407
HERD_GIVEBACK_S1,F08,PG,50,False,0,0,0,0,0.0,False,0,0.0,0.0,0.10691780794106553,0.0,-0.08969372299079559,0.0,1.0456645577906931,1.1920322222775555,1.0,1.0,1.0,0.9925303840007959,0.0,0.0,11069.178079410674,11069.178079410674,0.0,11069.178079410674
GIVEBACK_BASELINE,F08,PLD,10,False,0,0,0,0,0.0,False,0,0.0,0.0,0.042538803520448365,0.0,-0.24672618581481442,0.0,0.42375954058106,0.17241300666957485,1.0,1.0,1.0000000000000002,1.0151327058018054,0.0,0.0,10425.38803520447,10425.38803520447,0.0,10425.38803520447
GIVEBACK_BASELINE,F08,PLD,25,False,0,0,0,0,0.0,False,0,0.0,0.0,0.040977532599774324,0.0,-0.2467261858148151,0.0,0.415139461096805,0.16608505685947242,1.0,1.0,1.0,1.0158936748466338,0.0,0.0,10409.775325997743,10409.775325997743,0.0,10409.775325997743
GIVEBACK_BASELINE,F08,PLD,50,False,0,0,0,0,0.0,False,0,0.0,0.0,0.03838319707829663,0.0,-0.2467261858148142,0.0,0.4008156316397585,0.15557001763528247,1.0,1.0,1.0,1.0171619565880154,0.0,0.0,10383.831970782952,10383.831970782952,0.0,10383.831970782952
HERD_GIVEBACK_S1,F08,PLD,10,False,0,0,0,0,0.0,False,0,0.0,0.0,0.042538803520448365,0.0,-0.24672618581481442,0.0,0.42375954058106,0.17241300666957485,1.0,1.0,1.0000000000000002,1.0151327058018054,0.0,0.0,10425.38803520447,10425.38803520447,0.0,10425.38803520447
HERD_GIVEBACK_S1,F08,PLD,25,False,0,0,0,0,0.0,False,0,0.0,0.0,0.040977532599774324,0.0,-0.2467261858148151,0.0,0.415139461096805,0.16608505685947242,1.0,1.0,1.0,1.0158936748466338,0.0,0.0,10409.775325997743,10409.775325997743,0.0,10409.775325997743
HERD_GIVEBACK_S1,F08,PLD,50,False,0,0,0,0,0.0,False,0,0.0,0.0,0.03838319707829663,0.0,-0.2467261858148142,0.0,0.4008156316397585,0.15557001763528247,1.0,1.0,1.0,1.0171619565880154,0.0,0.0,10383.831970782952,10383.831970782952,0.0,10383.831970782952
GIVEBACK_BASELINE,F08,SHW,10,False,0,0,0,0,0.0,False,0,0.0,0.0,0.26354380950298717,0.0,-0.157540974760928,0.0,1.90853734115184,1.6728588223027114,1.0,1.0,1.0,0.9311181655106577,0.0,0.0,12635.438095029886,12635.438095029886,0.0,12635.438095029886
GIVEBACK_BASELINE,F08,SHW,25,False,0,0,0,0,0.0,False,0,0.0,0.0,0.2616515689455028,0.0,-0.15754097476092732,0.0,1.8957176432877458,1.6608477213154615,1.0,1.0,1.0,0.9318161551399758,0.0,0.0,12616.51568945504,12616.51568945504,0.0,12616.51568945504
GIVEBACK_BASELINE,F08,SHW,50,False,0,0,0,0,0.0,False,0,0.0,0.0,0.25850726719206585,0.0,-0.15754097476092743,0.0,1.8733886997359377,1.6408890930398101,1.0,1.0,1.0,0.9329794711888398,0.0,0.0,12585.07267192064,12585.07267192064,0.0,12585.07267192064
HERD_GIVEBACK_S1,F08,SHW,10,False,0,0,0,0,0.0,False,0,0.0,0.0,0.26354380950298717,0.0,-0.157540974760928,0.0,1.90853734115184,1.6728588223027114,1.0,1.0,1.0,0.9311181655106577,0.0,0.0,12635.438095029886,12635.438095029886,0.0,12635.438095029886
HERD_GIVEBACK_S1,F08,SHW,25,False,0,0,0,0,0.0,False,0,0.0,0.0,0.2616515689455028,0.0,-0.15754097476092732,0.0,1.8957176432877458,1.6608477213154615,1.0,1.0,1.0,0.9318161551399758,0.0,0.0,12616.51568945504,12616.51568945504,0.0,12616.51568945504
HERD_GIVEBACK_S1,F08,SHW,50,False,0,0,0,0,0.0,False,0,0.0,0.0,0.25850726719206585,0.0,-0.15754097476092743,0.0,1.8733886997359377,1.6408890930398101,1.0,1.0,1.0,0.9329794711888398,0.0,0.0,12585.07267192064,12585.07267192064,0.0,12585.07267192064
GIVEBACK_BASELINE,F08,SLB,10,False,0,0,0,0,0.0,False,0,0.0,0.0,-0.20570899283345523,0.0,-0.2958006355294437,0.0,-0.9863542344064388,-0.6954312064450557,1.0,1.0,1.0,1.0987634740529726,0.0,0.0,7942.910071665459,7942.910071665459,0.0,7942.910071665459
GIVEBACK_BASELINE,F08,SLB,25,False,0,0,0,0,0.0,False,0,0.0,0.0,-0.2068984962340522,0.0,-0.2958006355294446,0.0,-0.9939065857684406,-0.6994525074759589,1.0,1.0,1.0,1.099587134828125,0.0,0.0,7931.015037659498,7931.015037659498,0.0,7931.015037659498
GIVEBACK_BASELINE,F08,SLB,50,False,0,0,0,0,0.0,False,0,0.0,0.0,-0.20887507242222259,0.0,-0.2958006355294427,0.0,-1.0062507383297639,-0.7061346303342614,1.0,1.0,1.0000000000000002,1.1009599027867123,0.0,0.0,7911.24927577778,7911.24927577778,0.0,7911.24927577778
HERD_GIVEBACK_S1,F08,SLB,10,False,0,0,0,0,0.0,False,0,0.0,0.0,-0.20570899283345523,0.0,-0.2958006355294437,0.0,-0.9863542344064388,-0.6954312064450557,1.0,1.0,1.0,1.0987634740529726,0.0,0.0,7942.910071665459,7942.910071665459,0.0,7942.910071665459
HERD_GIVEBACK_S1,F08,SLB,25,False,0,0,0,0,0.0,False,0,0.0,0.0,-0.2068984962340522,0.0,-0.2958006355294446,0.0,-0.9939065857684406,-0.6994525074759589,1.0,1.0,1.0,1.099587134828125,0.0,0.0,7931.015037659498,7931.015037659498,0.0,7931.015037659498
HERD_GIVEBACK_S1,F08,SLB,50,False,0,0,0,0,0.0,False,0,0.0,0.0,-0.20887507242222259,0.0,-0.2958006355294427,0.0,-1.0062507383297639,-0.7061346303342614,1.0,1.0,1.0000000000000002,1.1009599027867123,0.0,0.0,7911.24927577778,7911.24927577778,0.0,7911.24927577778
GIVEBACK_BASELINE,F08,SO,10,False,0,0,0,0,0.0,False,0,0.0,0.0,0.29063080274036235,0.0,-0.11924147858725886,0.0,2.3534461820479216,2.437329746189651,1.0,1.0,1.0000000000000002,0.9723300747506929,0.0,0.0,12906.308027403627,12906.308027403627,0.0,12906.308027403627
GIVEBACK_BASELINE,F08,SO,25,False,0,0,0,0,0.0,False,0,0.0,0.0,0.28869799761614257,0.0,-0.11924147858725898,0.0,2.323640229134115,2.4211205784812377,1.0,1.0,1.0,0.9730589578651982,0.0,0.0,12886.979976161425,12886.979976161425,0.0,12886.979976161425
GIVEBACK_BASELINE,F08,SO,50,False,0,0,0,0,0.0,False,0,0.0,0.0,0.28548629045918994,0.0,-0.1192414785872592,0.0,2.2737177061950273,2.394186099011471,1.0,1.0,1.0,0.9742737630560414,0.0,0.0,12854.862904591926,12854.862904591926,0.0,12854.862904591926
HERD_GIVEBACK_S1,F08,SO,10,False,0,0,0,0,0.0,False,0,0.0,0.0,0.29063080274036235,0.0,-0.11924147858725886,0.0,2.3534461820479216,2.437329746189651,1.0,1.0,1.0000000000000002,0.9723300747506929,0.0,0.0,12906.308027403627,12906.308027403627,0.0,12906.308027403627
HERD_GIVEBACK_S1,F08,SO,25,False,0,0,0,0,0.0,False,0,0.0,0.0,0.28869799761614257,0.0,-0.11924147858725898,0.0,2.323640229134115,2.4211205784812377,1.0,1.0,1.0,0.9730589578651982,0.0,0.0,12886.979976161425,12886.979976161425,0.0,12886.979976161425
HERD_GIVEBACK_S1,F08,SO,50,False,0,0,0,0,0.0,False,0,0.0,0.0,0.28548629045918994,0.0,-0.1192414785872592,0.0,2.2737177061950273,2.394186099011471,1.0,1.0,1.0,0.9742737630560414,0.0,0.0,12854.862904591926,12854.862904591926,0.0,12854.862904591926
GIVEBACK_BASELINE,F08,TMUS,10,False,0,0,0,0,0.0,False,0,0.0,0.0,0.40888648466429234,0.0,-0.0467438237867257,0.0,3.8987742995943657,8.747390597095478,1.0,1.0,1.0000000000000002,0.8535404808382577,0.0,0.0,14088.864846642913,14088.864846642913,0.0,14088.864846642913
GIVEBACK_BASELINE,F08,TMUS,25,False,0,0,0,0,0.0,False,0,0.0,0.0,0.4067765838226074,0.0,-0.046743823786726035,0.0,3.8877723485135083,8.702253065101635,1.0,1.0,0.9999999999999998,0.8541803162811646,0.0,0.0,14067.76583822608,14067.76583822608,0.0,14067.76583822608
GIVEBACK_BASELINE,F08,TMUS,50,False,0,0,0,0,0.0,False,0,0.0,0.0,0.40327059992967995,0.0,-0.046743823786725924,0.0,3.864109079935781,8.627248848310924,1.0,1.0,1.0000000000000002,0.8552467086860105,0.0,0.0,14032.705999296788,14032.705999296788,0.0,14032.705999296788
HERD_GIVEBACK_S1,F08,TMUS,10,False,0,0,0,0,0.0,False,0,0.0,0.0,0.40888648466429234,0.0,-0.0467438237867257,0.0,3.8987742995943657,8.747390597095478,1.0,1.0,1.0000000000000002,0.8535404808382577,0.0,0.0,14088.864846642913,14088.864846642913,0.0,14088.864846642913
HERD_GIVEBACK_S1,F08,TMUS,25,False,0,0,0,0,0.0,False,0,0.0,0.0,0.4067765838226074,0.0,-0.046743823786726035,0.0,3.8877723485135083,8.702253065101635,1.0,1.0,0.9999999999999998,0.8541803162811646,0.0,0.0,14067.76583822608,14067.76583822608,0.0,14067.76583822608
HERD_GIVEBACK_S1,F08,TMUS,50,False,0,0,0,0,0.0,False,0,0.0,0.0,0.40327059992967995,0.0,-0.046743823786725924,0.0,3.864109079935781,8.627248848310924,1.0,1.0,1.0000000000000002,0.8552467086860105,0.0,0.0,14032.705999296788,14032.705999296788,0.0,14032.705999296788
GIVEBACK_BASELINE,F08,TSLA,10,False,0,0,0,0,0.0,False,0,0.0,0.0,-0.1768668093734298,0.0,-0.4854006711856773,0.0,-0.14906388517312316,-0.3643728158459304,1.0,1.0,1.0,1.1807817340764728,0.0,0.0,8231.331906265708,8231.331906265708,0.0,8231.331906265708
GIVEBACK_BASELINE,F08,TSLA,25,False,0,0,0,0,0.0,False,0,0.0,0.0,-0.17809950585439238,0.0,-0.48540067118567787,0.0,-0.1536482401050442,-0.3669123600907937,1.0,1.0,1.0,1.181666877805166,0.0,0.0,8219.004941456089,8219.004941456089,0.0,8219.004941456089
GIVEBACK_BASELINE,F08,TSLA,50,False,0,0,0,0,0.0,False,0,0.0,0.0,-0.18014785519941146,0.0,-0.4854006711856764,0.0,-0.16126597940029114,-0.37113227462040516,1.0,1.0,1.0,1.1831421173529875,0.0,0.0,8198.521448005871,8198.521448005871,0.0,8198.521448005871
HERD_GIVEBACK_S1,F08,TSLA,10,False,0,0,0,0,0.0,False,0,0.0,0.0,-0.1768668093734298,0.0,-0.4854006711856773,0.0,-0.14906388517312316,-0.3643728158459304,1.0,1.0,1.0,1.1807817340764728,0.0,0.0,8231.331906265708,8231.331906265708,0.0,8231.331906265708
HERD_GIVEBACK_S1,F08,TSLA,25,False,0,0,0,0,0.0,False,0,0.0,0.0,-0.17809950585439238,0.0,-0.48540067118567787,0.0,-0.1536482401050442,-0.3669123600907937,1.0,1.0,1.0,1.181666877805166,0.0,0.0,8219.004941456089,8219.004941456089,0.0,8219.004941456089
HERD_GIVEBACK_S1,F08,TSLA,50,False,0,0,0,0,0.0,False,0,0.0,0.0,-0.18014785519941146,0.0,-0.4854006711856764,0.0,-0.16126597940029114,-0.37113227462040516,1.0,1.0,1.0,1.1831421173529875,0.0,0.0,8198.521448005871,8198.521448005871,0.0,8198.521448005871
GIVEBACK_BASELINE,F08,UNH,10,False,0,0,0,0,0.0,False,0,0.0,0.0,0.1899625016560511,0.0,-0.1998922476999313,0.0,1.3151310859288912,0.9503245065372107,1.0,1.0,1.0000000000000002,0.9775583902804423,0.0,0.0,11899.625016560505,11899.625016560505,0.0,11899.625016560505
GIVEBACK_BASELINE,F08,UNH,25,False,0,0,0,0,0.0,False,0,0.0,0.0,0.18818045398142047,0.0,-0.19989224769992953,0.0,1.305177587235234,0.9414094650829564,1.0,1.0,1.0,0.9782911926719569,0.0,0.0,11881.804539814191,11881.804539814191,0.0,11881.804539814191
GIVEBACK_BASELINE,F08,UNH,50,False,0,0,0,0,0.0,False,0,0.0,0.0,0.18521925773927328,0.0,-0.1998922476999314,0.0,1.2900355356669375,0.9265955026796011,1.0,1.0,1.0,0.9795125299911479,0.0,0.0,11852.192577392749,11852.192577392749,0.0,11852.192577392749
HERD_GIVEBACK_S1,F08,UNH,10,False,0,0,0,0,0.0,False,0,0.0,0.0,0.1899625016560511,0.0,-0.1998922476999313,0.0,1.3151310859288912,0.9503245065372107,1.0,1.0,1.0000000000000002,0.9775583902804423,0.0,0.0,11899.625016560505,11899.625016560505,0.0,11899.625016560505
HERD_GIVEBACK_S1,F08,UNH,25,False,0,0,0,0,0.0,False,0,0.0,0.0,0.18818045398142047,0.0,-0.19989224769992953,0.0,1.305177587235234,0.9414094650829564,1.0,1.0,1.0,0.9782911926719569,0.0,0.0,11881.804539814191,11881.804539814191,0.0,11881.804539814191
HERD_GIVEBACK_S1,F08,UNH,50,False,0,0,0,0,0.0,False,0,0.0,0.0,0.18521925773927328,0.0,-0.1998922476999314,0.0,1.2900355356669375,0.9265955026796011,1.0,1.0,1.0,0.9795125299911479,0.0,0.0,11852.192577392749,11852.192577392749,0.0,11852.192577392749
GIVEBACK_BASELINE,F08,UNP,10,False,0,0,0,0,0.0,False,0,0.0,0.0,0.06767416582376673,0.0,-0.1289121501865469,0.0,0.8469470912207301,0.5249634400313425,1.0,1.0,1.0000000000000002,0.9815213558361506,0.0,0.0,10676.741658237652,10676.741658237652,0.0,10676.741658237652
GIVEBACK_BASELINE,F08,UNP,25,False,0,0,0,0,0.0,False,0,0.0,0.0,0.06607525303296269,0.0,-0.12891215018654834,0.0,0.8306037094171203,0.5125603206318832,1.0,1.0,1.0,0.9822571289664623,0.0,0.0,10660.752530329653,10660.752530329653,0.0,10660.752530329653
GIVEBACK_BASELINE,F08,UNP,50,False,0,0,0,0,0.0,False,0,0.0,0.0,0.0634183686998282,0.0,-0.1289121501865481,0.0,0.8065874048506455,0.4919502824835037,1.0,1.0,1.0,0.9834834175169824,0.0,0.0,10634.183686998269,10634.183686998269,0.0,10634.183686998269
HERD_GIVEBACK_S1,F08,UNP,10,False,0,0,0,0,0.0,False,0,0.0,0.0,0.06767416582376673,0.0,-0.1289121501865469,0.0,0.8469470912207301,0.5249634400313425,1.0,1.0,1.0000000000000002,0.9815213558361506,0.0,0.0,10676.741658237652,10676.741658237652,0.0,10676.741658237652
HERD_GIVEBACK_S1,F08,UNP,25,False,0,0,0,0,0.0,False,0,0.0,0.0,0.06607525303296269,0.0,-0.12891215018654834,0.0,0.8306037094171203,0.5125603206318832,1.0,1.0,1.0,0.9822571289664623,0.0,0.0,10660.752530329653,10660.752530329653,0.0,10660.752530329653
HERD_GIVEBACK_S1,F08,UNP,50,False,0,0,0,0,0.0,False,0,0.0,0.0,0.0634183686998282,0.0,-0.1289121501865481,0.0,0.8065874048506455,0.4919502824835037,1.0,1.0,1.0,0.9834834175169824,0.0,0.0,10634.183686998269,10634.183686998269,0.0,10634.183686998269
GIVEBACK_BASELINE,F08,V,10,False,0,0,0,0,0.0,False,0,0.0,0.0,0.13718946440094681,0.0,-0.12453211342056247,0.0,1.3107262301957583,1.1016392529823908,1.0,1.0,1.0000000000000002,0.8989172828805726,0.0,0.0,11371.894644009495,11371.894644009495,0.0,11371.894644009495
GIVEBACK_BASELINE,F08,V,25,False,0,0,0,0,0.0,False,0,0.0,0.0,0.13548644784552888,0.0,-0.12453211342056181,0.0,1.2964742192455063,1.0879639325478465,1.0,1.0,1.0,0.8995911339172147,0.0,0.0,11354.86447845528,11354.86447845528,0.0,11354.86447845528
GIVEBACK_BASELINE,F08,V,50,False,0,0,0,0,0.0,False,0,0.0,0.0,0.1326565761782228,0.0,-0.12453211342056247,0.0,1.2727919116003688,1.0652399010544602,1.0,1.0,1.0,0.9007142189782849,0.0,0.0,11326.565761782243,11326.565761782243,0.0,11326.565761782243
HERD_GIVEBACK_S1,F08,V,10,False,0,0,0,0,0.0,False,0,0.0,0.0,0.13718946440094681,0.0,-0.12453211342056247,0.0,1.3107262301957583,1.1016392529823908,1.0,1.0,1.0000000000000002,0.8989172828805726,0.0,0.0,11371.894644009495,11371.894644009495,0.0,11371.894644009495
HERD_GIVEBACK_S1,F08,V,25,False,0,0,0,0,0.0,False,0,0.0,0.0,0.13548644784552888,0.0,-0.12453211342056181,0.0,1.2964742192455063,1.0879639325478465,1.0,1.0,1.0,0.8995911339172147,0.0,0.0,11354.86447845528,11354.86447845528,0.0,11354.86447845528
HERD_GIVEBACK_S1,F08,V,50,False,0,0,0,0,0.0,False,0,0.0,0.0,0.1326565761782228,0.0,-0.12453211342056247,0.0,1.2727919116003688,1.0652399010544602,1.0,1.0,1.0,0.9007142189782849,0.0,0.0,11326.565761782243,11326.565761782243,0.0,11326.565761782243
GIVEBACK_BASELINE,F08,WMT,10,False,0,0,0,0,0.0,False,0,0.0,0.0,0.3085810666707074,0.0,-0.10813827484319405,0.0,2.0683775178085617,2.853578597570245,1.0,1.0,1.0000000000000002,0.9037596336487386,0.0,0.0,13085.810666707075,13085.810666707075,0.0,13085.810666707075
GIVEBACK_BASELINE,F08,WMT,25,False,0,0,0,0,0.0,False,0,0.0,0.0,0.3066213798371471,0.0,-0.10813827484319394,0.0,2.06237888116653,2.8354565511773133,1.0,1.0,1.0,0.9044371146334828,0.0,0.0,13066.21379837146,13066.21379837146,0.0,13066.21379837146
GIVEBACK_BASELINE,F08,WMT,50,False,0,0,0,0,0.0,False,0,0.0,0.0,0.3033650038322082,0.0,-0.10813827484319405,0.0,2.0469983578190383,2.8053434759533826,1.0,1.0,1.0000000000000002,0.9055662496080563,0.0,0.0,13033.650038322101,13033.650038322101,0.0,13033.650038322101
HERD_GIVEBACK_S1,F08,WMT,10,False,0,0,0,0,0.0,False,0,0.0,0.0,0.3085810666707074,0.0,-0.10813827484319405,0.0,2.0683775178085617,2.853578597570245,1.0,1.0,1.0000000000000002,0.9037596336487386,0.0,0.0,13085.810666707075,13085.810666707075,0.0,13085.810666707075
HERD_GIVEBACK_S1,F08,WMT,25,False,0,0,0,0,0.0,False,0,0.0,0.0,0.3066213798371471,0.0,-0.10813827484319394,0.0,2.06237888116653,2.8354565511773133,1.0,1.0,1.0,0.9044371146334828,0.0,0.0,13066.21379837146,13066.21379837146,0.0,13066.21379837146
HERD_GIVEBACK_S1,F08,WMT,50,False,0,0,0,0,0.0,False,0,0.0,0.0,0.3033650038322082,0.0,-0.10813827484319405,0.0,2.0469983578190383,2.8053434759533826,1.0,1.0,1.0000000000000002,0.9055662496080563,0.0,0.0,13033.650038322101,13033.650038322101,0.0,13033.650038322101
GIVEBACK_BASELINE,F08,XOM,10,False,0,0,0,0,0.0,False,0,0.0,0.0,0.14151265530697832,0.0,-0.1873112996939974,0.0,1.300859832122095,0.7554944925274748,1.0,1.0,1.0000000000000002,0.943255154591731,0.0,0.0,11415.12655306979,11415.12655306979,0.0,11415.12655306979
GIVEBACK_BASELINE,F08,XOM,25,False,0,0,0,0,0.0,False,0,0.0,0.0,0.1398031644867872,0.0,-0.1873112996939974,0.0,1.2879564917280104,0.7463680232595564,1.0,1.0,1.0,0.9439622424137636,0.0,0.0,11398.031644867882,11398.031644867882,0.0,11398.031644867882
GIVEBACK_BASELINE,F08,XOM,50,False,0,0,0,0,0.0,False,0,0.0,0.0,0.1369625346513521,0.0,-0.18731129969399762,0.0,1.2665152454414967,0.7312027350998145,1.0,1.0,1.0,0.9451407221171515,0.0,0.0,11369.625346513514,11369.625346513514,0.0,11369.625346513514
HERD_GIVEBACK_S1,F08,XOM,10,False,0,0,0,0,0.0,False,0,0.0,0.0,0.14151265530697832,0.0,-0.1873112996939974,0.0,1.300859832122095,0.7554944925274748,1.0,1.0,1.0000000000000002,0.943255154591731,0.0,0.0,11415.12655306979,11415.12655306979,0.0,11415.12655306979
HERD_GIVEBACK_S1,F08,XOM,25,False,0,0,0,0,0.0,False,0,0.0,0.0,0.1398031644867872,0.0,-0.1873112996939974,0.0,1.2879564917280104,0.7463680232595564,1.0,1.0,1.0,0.9439622424137636,0.0,0.0,11398.031644867882,11398.031644867882,0.0,11398.031644867882
HERD_GIVEBACK_S1,F08,XOM,50,False,0,0,0,0,0.0,False,0,0.0,0.0,0.1369625346513521,0.0,-0.18731129969399762,0.0,1.2665152454414967,0.7312027350998145,1.0,1.0,1.0,0.9451407221171515,0.0,0.0,11369.625346513514,11369.625346513514,0.0,11369.625346513514
GIVEBACK_BASELINE,F09,AAPL,10,False,0,0,0,0,0.0,False,0,0.0,0.0,0.025352500645400733,0.0,-0.33360514026513743,0.0,0.3103041238478264,0.07599553359774815,1.0,1.0,1.0,0.8952744016632661,0.0,0.0,10251.48781256288,10251.48781256288,0.0,10251.48781256288
GIVEBACK_BASELINE,F09,AAPL,25,False,0,0,0,0,0.0,False,0,0.0,0.0,0.02380469236186311,0.0,-0.33360514026513777,0.0,0.30371483287912454,0.07135589200737126,1.0,1.0,1.0,0.8959455219043931,0.0,0.0,10236.135530459482,10236.135530459482,0.0,10236.135530459482
GIVEBACK_BASELINE,F09,AAPL,50,False,0,0,0,0,0.0,False,0,0.0,0.0,0.021232768542539526,0.0,-0.33360514026513755,0.0,0.29276552780009074,0.06364640702377809,1.0,1.0,1.0,0.8970640556396046,0.0,0.0,10210.62492223048,10210.62492223048,0.0,10210.62492223048
HERD_GIVEBACK_S1,F09,AAPL,10,False,0,0,0,0,0.0,False,0,0.0,0.0,0.025352500645400733,0.0,-0.33360514026513743,0.0,0.3103041238478264,0.07599553359774815,1.0,1.0,1.0,0.8952744016632661,0.0,0.0,10251.48781256288,10251.48781256288,0.0,10251.48781256288
HERD_GIVEBACK_S1,F09,AAPL,25,False,0,0,0,0,0.0,False,0,0.0,0.0,0.02380469236186311,0.0,-0.33360514026513777,0.0,0.30371483287912454,0.07135589200737126,1.0,1.0,1.0,0.8959455219043931,0.0,0.0,10236.135530459482,10236.135530459482,0.0,10236.135530459482
HERD_GIVEBACK_S1,F09,AAPL,50,False,0,0,0,0,0.0,False,0,0.0,0.0,0.021232768542539526,0.0,-0.33360514026513755,0.0,0.29276552780009074,0.06364640702377809,1.0,1.0,1.0,0.8970640556396046,0.0,0.0,10210.62492223048,10210.62492223048,0.0,10210.62492223048
GIVEBACK_BASELINE,F09,ABBV,10,False,0,0,0,0,0.0,False,0,0.0,0.0,0.08923243304595951,0.0,-0.2073639317132706,0.0,0.5010395307879528,0.43031800327428366,1.0,1.0,1.0,0.9770632716390122,0.0,0.0,10884.93792771735,10884.93792771735,0.0,10884.93792771735
GIVEBACK_BASELINE,F09,ABBV,25,False,0,0,0,0,0.0,False,0,0.0,0.0,0.08758819559444642,0.0,-0.20736393171327083,0.0,0.494913041748575,0.4223887677610087,1.0,1.0,1.0000000000000002,0.9777957028771226,0.0,0.0,10868.637012103958,10868.637012103958,0.0,10868.637012103958
GIVEBACK_BASELINE,F09,ABBV,50,False,0,0,0,0,0.0,False,0,0.0,0.0,0.08485603973822209,0.0,-0.20736393171327072,0.0,0.48466553206020946,0.4092131116396629,1.0,1.0,1.0,0.9790164216073063,0.0,0.0,10841.55007680753,10841.55007680753,0.0,10841.55007680753
HERD_GIVEBACK_S1,F09,ABBV,10,False,0,0,0,0,0.0,False,0,0.0,0.0,0.08923243304595951,0.0,-0.2073639317132706,0.0,0.5010395307879528,0.43031800327428366,1.0,1.0,1.0,0.9770632716390122,0.0,0.0,10884.93792771735,10884.93792771735,0.0,10884.93792771735
HERD_GIVEBACK_S1,F09,ABBV,25,False,0,0,0,0,0.0,False,0,0.0,0.0,0.08758819559444642,0.0,-0.20736393171327083,0.0,0.494913041748575,0.4223887677610087,1.0,1.0,1.0000000000000002,0.9777957028771226,0.0,0.0,10868.637012103958,10868.637012103958,0.0,10868.637012103958
HERD_GIVEBACK_S1,F09,ABBV,50,False,0,0,0,0,0.0,False,0,0.0,0.0,0.08485603973822209,0.0,-0.20736393171327072,0.0,0.48466553206020946,0.4092131116396629,1.0,1.0,1.0,0.9790164216073063,0.0,0.0,10841.55007680753,10841.55007680753,0.0,10841.55007680753
GIVEBACK_BASELINE,F09,AMT,10,False,0,0,0,0,0.0,False,0,0.0,0.0,-0.05287623445306222,0.0,-0.2740839632701628,0.0,-0.0911731179980797,-0.19291984041015364,1.0,1.0,1.0000000000000002,1.0799789505882864,0.0,0.0,9475.322105295269,9475.322105295269,0.0,9475.322105295269
GIVEBACK_BASELINE,F09,AMT,25,False,0,0,0,0,0.0,False,0,0.0,0.0,-0.05430595350960843,0.0,-0.2740839632701625,0.0,-0.09831473943942606,-0.19813619469621965,1.0,1.0,1.0,1.0807885300115159,0.0,0.0,9461.132182755167,9461.132182755167,0.0,9461.132182755167
GIVEBACK_BASELINE,F09,AMT,50,False,0,0,0,0,0.0,False,0,0.0,0.0,-0.05668165374043055,0.0,-0.27408396327016304,0.0,-0.110123139679614,-0.20680397738031742,1.0,1.0,1.0,1.0821378290502315,0.0,0.0,9437.553046293087,9437.553046293087,0.0,9437.553046293087
HERD_GIVEBACK_S1,F09,AMT,10,False,0,0,0,0,0.0,False,0,0.0,0.0,-0.05287623445306222,0.0,-0.2740839632701628,0.0,-0.0911731179980797,-0.19291984041015364,1.0,1.0,1.0000000000000002,1.0799789505882864,0.0,0.0,9475.322105295269,9475.322105295269,0.0,9475.322105295269
HERD_GIVEBACK_S1,F09,AMT,25,False,0,0,0,0,0.0,False,0,0.0,0.0,-0.05430595350960843,0.0,-0.2740839632701625,0.0,-0.09831473943942606,-0.19813619469621965,1.0,1.0,1.0,1.0807885300115159,0.0,0.0,9461.132182755167,9461.132182755167,0.0,9461.132182755167
HERD_GIVEBACK_S1,F09,AMT,50,False,0,0,0,0,0.0,False,0,0.0,0.0,-0.05668165374043055,0.0,-0.27408396327016304,0.0,-0.110123139679614,-0.20680397738031742,1.0,1.0,1.0,1.0821378290502315,0.0,0.0,9437.553046293087,9437.553046293087,0.0,9437.553046293087
GIVEBACK_BASELINE,F09,AMZN,10,True,2,0,0,0,0.0,False,2,1274.7790930973847,0.0,0.3683034753880421,-0.006270415320230205,-0.2993024700973139,0.009463914439740151,1.6634405049434995,1.2305393780021043,0.964979364653673,0.9627841885518164,0.9658525356293189,0.8544628140581593,-62.05075592427784,-6.316229093081311,13649.024618656878,13711.075374581156,-62.05075592427784,13649.024618656878
GIVEBACK_BASELINE,F09,AMZN,25,True,2,0,0,0,0.0,False,2,1270.9604834938364,0.0,0.3660450104904329,-0.006453909070806896,-0.2993685167366674,0.009397867800387538,1.6555269347539392,1.2227238003534484,0.9650016254490468,0.9629182735741292,0.965899457595746,0.8550024896089822,-63.86737427137086,-6.306770121599357,13626.67475665382,13690.54213092519,-63.86737427137086,13626.67475665382
GIVEBACK_BASELINE,F09,AMZN,50,True,2,0,0,0,0.0,False,2,1264.6215185840401,0.0,0.3622928675419943,-0.006758165240109193,-0.29947848429478796,0.009287900242266,1.6423763173882093,1.2097458967548926,0.9650388755738015,0.9631415649750108,0.9659776087980042,0.855901999044301,-66.8796666853541,-6.291052320551913,13589.54274633405,13656.422413019403,-66.8796666853541,13589.54274633405
HERD_GIVEBACK_S1,F09,AMZN,10,True,1,0,0,0,0.0,False,1,643.1906261419423,0.0,0.3702929432177158,-0.004280947490556519,-0.302311109605621,0.006455274931433053,1.652700433071527,1.224873752409497,0.9784711751595887,0.9774949529291497,0.9810193972961216,0.8066402773622712,-42.36314258711536,-3.239091842605802,13668.71223199404,13711.075374581156,-42.36314258711536,13668.71223199404
HERD_GIVEBACK_S1,F09,AMZN,25,True,1,0,0,0,0.0,False,1,641.2639441660635,0.0,0.36812707549256585,-0.004371844068673969,-0.3023726427221569,0.006393741814898046,1.6453010616697517,1.2174615804473725,0.9784858528807214,0.9775698230405663,0.9810464715292655,0.8071946796433427,-43.26316238019717,-3.2342410879996706,13647.278968544993,13690.54213092519,-43.26316238019717,13647.278968544993
HERD_GIVEBACK_S1,F09,AMZN,50,True,1,0,0,0,0.0,False,1,638.0656152700999,0.0,0.3645284763587062,-0.004522556423397273,-0.3024750952713744,0.006291289265679567,1.6330047916086152,1.2051520341919681,0.9785104031625882,0.9776944921409579,0.9810915589616999,0.8081187151261875,-44.75550538087191,-3.2261806772061092,13611.666907638531,13656.422413019403,-44.75550538087191,13611.666907638531
GIVEBACK_BASELINE,F09,APD,10,False,0,0,0,0,0.0,False,0,0.0,0.0,0.06843407595513695,0.0,-0.26012908418010405,0.0,0.5909098849311334,0.2630773724162103,1.0,1.0,1.0000000000000002,0.9235898503039898,0.0,0.0,10678.729215603234,10678.729215603234,0.0,10678.729215603234
GIVEBACK_BASELINE,F09,APD,25,False,0,0,0,0,0.0,False,0,0.0,0.0,0.06682123440831567,0.0,-0.2601290841801044,0.0,0.5816720010332955,0.2568772139375655,1.0,1.0,1.0,0.9242821965186103,0.0,0.0,10662.737111196413,10662.737111196413,0.0,10662.737111196413
GIVEBACK_BASELINE,F09,APD,50,False,0,0,0,0,0.0,False,0,0.0,0.0,0.06414124772315732,0.0,-0.26012908418010394,0.0,0.5663215772073418,0.2465746878144093,1.0,1.0,1.0000000000000002,0.9254361068763115,0.0,0.0,10636.163321871027,10636.163321871027,0.0,10636.163321871027
HERD_GIVEBACK_S1,F09,APD,10,False,0,0,0,0,0.0,False,0,0.0,0.0,0.06843407595513695,0.0,-0.26012908418010405,0.0,0.5909098849311334,0.2630773724162103,1.0,1.0,1.0000000000000002,0.9235898503039898,0.0,0.0,10678.729215603234,10678.729215603234,0.0,10678.729215603234
HERD_GIVEBACK_S1,F09,APD,25,False,0,0,0,0,0.0,False,0,0.0,0.0,0.06682123440831567,0.0,-0.2601290841801044,0.0,0.5816720010332955,0.2568772139375655,1.0,1.0,1.0,0.9242821965186103,0.0,0.0,10662.737111196413,10662.737111196413,0.0,10662.737111196413
HERD_GIVEBACK_S1,F09,APD,50,False,0,0,0,0,0.0,False,0,0.0,0.0,0.06414124772315732,0.0,-0.26012908418010394,0.0,0.5663215772073418,0.2465746878144093,1.0,1.0,1.0000000000000002,0.9254361068763115,0.0,0.0,10636.163321871027,10636.163321871027,0.0,10636.163321871027
GIVEBACK_BASELINE,F09,AVGO,10,True,2,0,0,0,0.0,False,2,1462.9236099735103,0.0,1.2554174567512053,-0.08116909548889639,-0.39712865024605304,0.014368152330755501,2.493080070000225,3.1612361786876204,0.9672153621044325,0.9713563333646699,0.9676608957089934,0.7260868541881978,-799.9548872131782,-7.656384628006194,22409.05534034255,23209.01022755573,-799.9548872131782,22409.05534034255
GIVEBACK_BASELINE,F09,AVGO,25,True,2,0,0,0,0.0,False,2,1458.5414121664144,0.0,1.2517905009164636,-0.0812688857698527,-0.397194348417381,0.01430245415942788,2.488509093918225,3.151581853831045,0.9672456424740277,0.9714513566611401,0.9677057933806756,0.7265306529185287,-800.9482745676069,-7.644918684832817,22373.30492270443,23174.253197272035,-800.9482745676069,22373.30492270443
GIVEBACK_BASELINE,F09,AVGO,50,True,2,0,0,0,0.0,False,2,1451.266880069404,0.0,1.2457644960703629,-0.08143395732147107,-0.39730373577674716,0.014193066800060827,2.4809127730749894,3.1355468974758964,0.967296194605848,0.9716095980873243,0.9677805701947866,0.7272703578390662,-802.591681908194,-7.625865935391303,22313.906389656873,23116.498071565067,-802.591681908194,22313.906389656873
HERD_GIVEBACK_S1,F09,AVGO,10,False,0,0,0,0,0.0,False,0,0.0,0.0,1.3365865522401017,0.0,-0.41149680257680854,0.0,2.5499913004096344,3.2481092049083884,1.0,1.0,1.0,0.6293470938377996,0.0,0.0,23209.01022755573,23209.01022755573,0.0,23209.01022755573
HERD_GIVEBACK_S1,F09,AVGO,25,False,0,0,0,0,0.0,False,0,0.0,0.0,1.3330593866863163,0.0,-0.4114968025768089,0.0,2.545865436824465,3.239537654578716,1.0,1.0,1.0,0.6298188682709615,0.0,0.0,23174.253197272035,23174.253197272035,0.0,23174.253197272035
HERD_GIVEBACK_S1,F09,AVGO,50,False,0,0,0,0,0.0,False,0,0.0,0.0,1.327198453391834,0.0,-0.411496802576808,0.0,2.539009564269585,3.2252946926461368,1.0,1.0,1.0,0.6306051589928977,0.0,0.0,23116.498071565067,23116.498071565067,0.0,23116.498071565067
GIVEBACK_BASELINE,F09,BA,10,False,0,0,0,0,0.0,False,0,0.0,0.0,0.3701306942094793,0.0,-0.2666308923489934,0.0,1.4221019223024065,1.388176332264661,1.0,1.0,1.0000000000000002,0.9211262830831165,0.0,0.0,13667.106637382523,13667.106637382523,0.0,13667.106637382523
GIVEBACK_BASELINE,F09,BA,25,False,0,0,0,0,0.0,False,0,0.0,0.0,0.3680624302351956,0.0,-0.26663089234899295,0.0,1.4164282898713834,1.3804193017268194,1.0,1.0,1.0,0.9218167825456973,0.0,0.0,13646.639239823196,13646.639239823196,0.0,13646.639239823196
GIVEBACK_BASELINE,F09,BA,50,False,0,0,0,0,0.0,False,0,0.0,0.0,0.36462568846511867,0.0,-0.2666308923489936,0.0,1.407000517947406,1.367529790913573,1.0,1.0,1.0,0.9229676149833326,0.0,0.0,13612.628937179812,13612.628937179812,0.0,13612.628937179812
HERD_GIVEBACK_S1,F09,BA,10,False,0,0,0,0,0.0,False,0,0.0,0.0,0.3701306942094793,0.0,-0.2666308923489934,0.0,1.4221019223024065,1.388176332264661,1.0,1.0,1.0000000000000002,0.9211262830831165,0.0,0.0,13667.106637382523,13667.106637382523,0.0,13667.106637382523
HERD_GIVEBACK_S1,F09,BA,25,False,0,0,0,0,0.0,False,0,0.0,0.0,0.3680624302351956,0.0,-0.26663089234899295,0.0,1.4164282898713834,1.3804193017268194,1.0,1.0,1.0,0.9218167825456973,0.0,0.0,13646.639239823196,13646.639239823196,0.0,13646.639239823196
HERD_GIVEBACK_S1,F09,BA,50,False,0,0,0,0,0.0,False,0,0.0,0.0,0.36462568846511867,0.0,-0.2666308923489936,0.0,1.407000517947406,1.367529790913573,1.0,1.0,1.0,0.9229676149833326,0.0,0.0,13612.628937179812,13612.628937179812,0.0,13612.628937179812
GIVEBACK_BASELINE,F09,BAC,10,True,2,0,0,0,0.0,False,2,1129.202058575697,0.0,0.30363787854344615,-0.01557766287197282,-0.26880221472625865,0.006291670810698147,1.3348268488074457,1.1295958958249777,0.9675187253949321,0.9707556840222245,0.9699324664058643,0.9088506249663676,-154.20814487716598,-28.60125062248119,13008.973428998357,13163.181573875523,-154.20814487716598,13008.973428998357
GIVEBACK_BASELINE,F09,BAC,25,True,2,0,0,0,0.0,False,2,1125.819525987445,0.0,0.3014991299822807,-0.015725005802893932,-0.2688660281587568,0.006227857378199642,1.3272392854104111,1.1213730944255071,0.9674878518621947,0.9708527325353439,0.9699740534975134,0.9094352073030786,-155.66868566695666,-28.558418355000185,12987.800151814079,13143.468837481036,-155.66868566695666,12987.800151814079
GIVEBACK_BASELINE,F09,BAC,50,True,2,0,0,0,0.0,False,2,1120.2044572558193,0.0,0.2979458401593136,-0.01596926592958514,-0.2689722774307236,0.006121608106232523,1.3146327973623095,1.1077195129749102,0.9674364272788507,0.9710143367776071,0.9700433175013149,0.9104095607373125,-158.0900155485724,-28.487244754364838,12952.622526034918,13110.71254158349,-158.0900155485724,12952.622526034918
HERD_GIVEBACK_S1,F09,BAC,10,True,1,0,0,0,0.0,False,1,581.3698764258272,0.0,0.3114583336917749,-0.007757207723644077,-0.2684021206099383,0.0066917649270185064,1.3580200140814378,1.1604168140847482,0.9797255040388945,0.9809049772478508,0.9835868793090952,0.8626862431665091,-76.78920226794799,-14.667308011528803,13086.392371607575,13163.181573875523,-76.78920226794799,13086.392371607575
HERD_GIVEBACK_S1,F09,BAC,25,True,1,0,0,0,0.0,False,1,579.6283789339448,0.0,0.30939066738973775,-0.00783346839543686,-0.2684665342585534,0.006627351278403082,1.3508424206658252,1.1524366276944276,0.97968743065432,0.9809322244298792,0.9836103326012051,0.8632831411793251,-77.54506294010571,-14.645342746153915,13065.92377454093,13143.468837481036,-77.54506294010571,13065.92377454093
HERD_GIVEBACK_S1,F09,BAC,50,True,1,0,0,0,0.0,False,1,576.7374598200128,0.0,0.30595521368641454,-0.007959892402484181,-0.26857378288947875,0.006520102647477377,1.3389160601960632,1.1391849583930487,0.9796239500974082,0.9809775998157698,0.983649389722038,0.8642780011860913,-78.79816725916135,-14.60884346377685,13031.91437432433,13110.71254158349,-78.79816725916135,13031.91437432433
GIVEBACK_BASELINE,F09,CAT,10,False,0,0,0,0,0.0,False,0,0.0,0.0,0.42838926349302686,0.0,-0.34047140363575956,0.0,1.970886019155189,1.2582239181277113,1.0,1.0,1.0000000000000002,0.8459989774255111,0.0,0.0,14243.530046928421,14243.530046928421,0.0,14243.530046928421
GIVEBACK_BASELINE,F09,CAT,25,False,0,0,0,0,0.0,False,0,0.0,0.0,0.4262330560104697,0.0,-0.34047140363576,0.0,1.9632997758650945,1.2518909120087467,1.0,1.0,1.0,0.8466331595675093,0.0,0.0,14222.199417128451,14222.199417128451,0.0,14222.199417128451
GIVEBACK_BASELINE,F09,CAT,50,False,0,0,0,0,0.0,False,0,0.0,0.0,0.42265018244481145,0.0,-0.34047140363576067,0.0,1.9506938532276576,1.2413676389015225,1.0,1.0,1.0,0.8476901298041727,0.0,0.0,14186.75469715523,14186.75469715523,0.0,14186.75469715523
HERD_GIVEBACK_S1,F09,CAT,10,False,0,0,0,0,0.0,False,0,0.0,0.0,0.42838926349302686,0.0,-0.34047140363575956,0.0,1.970886019155189,1.2582239181277113,1.0,1.0,1.0000000000000002,0.8459989774255111,0.0,0.0,14243.530046928421,14243.530046928421,0.0,14243.530046928421
HERD_GIVEBACK_S1,F09,CAT,25,False,0,0,0,0,0.0,False,0,0.0,0.0,0.4262330560104697,0.0,-0.34047140363576,0.0,1.9632997758650945,1.2518909120087467,1.0,1.0,1.0,0.8466331595675093,0.0,0.0,14222.199417128451,14222.199417128451,0.0,14222.199417128451
HERD_GIVEBACK_S1,F09,CAT,50,False,0,0,0,0,0.0,False,0,0.0,0.0,0.42265018244481145,0.0,-0.34047140363576067,0.0,1.9506938532276576,1.2413676389015225,1.0,1.0,1.0,0.8476901298041727,0.0,0.0,14186.75469715523,14186.75469715523,0.0,14186.75469715523
GIVEBACK_BASELINE,F09,COP,10,False,0,0,0,0,0.0,False,0,0.0,0.0,-0.08088746557483717,0.0,-0.2685399744157222,0.0,-0.10022607645573633,-0.301212010430956,1.0,1.0,1.0000000000000002,1.024891619597695,0.0,0.0,9197.280111960958,9197.280111960958,0.0,9197.280111960958
GIVEBACK_BASELINE,F09,COP,25,False,0,0,0,0,0.0,False,0,0.0,0.0,-0.08227490062121534,0.0,-0.2685399744157234,0.0,-0.10582453764792044,-0.30637859707935544,1.0,1.0,1.0,1.0256599041701067,0.0,0.0,9183.506575724612,9183.506575724612,0.0,9183.506575724612
GIVEBACK_BASELINE,F09,COP,50,False,0,0,0,0,0.0,False,0,0.0,0.0,-0.0845803394029383,0.0,-0.26853997441572286,0.0,-0.11512739889013036,-0.31496368310514805,1.0,1.0,1.0,1.0269403784574602,0.0,0.0,9160.619340817979,9160.619340817979,0.0,9160.619340817979
HERD_GIVEBACK_S1,F09,COP,10,False,0,0,0,0,0.0,False,0,0.0,0.0,-0.08088746557483717,0.0,-0.2685399744157222,0.0,-0.10022607645573633,-0.301212010430956,1.0,1.0,1.0000000000000002,1.024891619597695,0.0,0.0,9197.280111960958,9197.280111960958,0.0,9197.280111960958
HERD_GIVEBACK_S1,F09,COP,25,False,0,0,0,0,0.0,False,0,0.0,0.0,-0.08227490062121534,0.0,-0.2685399744157234,0.0,-0.10582453764792044,-0.30637859707935544,1.0,1.0,1.0,1.0256599041701067,0.0,0.0,9183.506575724612,9183.506575724612,0.0,9183.506575724612
HERD_GIVEBACK_S1,F09,COP,50,False,0,0,0,0,0.0,False,0,0.0,0.0,-0.0845803394029383,0.0,-0.26853997441572286,0.0,-0.11512739889013036,-0.31496368310514805,1.0,1.0,1.0,1.0269403784574602,0.0,0.0,9160.619340817979,9160.619340817979,0.0,9160.619340817979
GIVEBACK_BASELINE,F09,COST,10,True,2,1,1,0,-0.03461005930590688,True,1,595.5833230354466,0.0,0.2002070543352248,-0.00371180661720083,-0.16998049241037594,0.0029667169693371465,1.3556484570127902,1.1778237108048508,0.9877914107761618,0.9889141205560914,0.9899197830995421,0.9887677277809028,-36.769732295120775,-0.6646983974391318,11984.699737868745,12021.469470163865,-5.810955787781495,12015.658514376084
GIVEBACK_BASELINE,F09,COST,25,True,2,1,1,0,-0.036344492431278796,True,1,593.7149535018957,0.0,0.19813376685662254,-0.003967733154550901,-0.17004697974668603,0.0029002296330272737,1.3440593060057655,1.1651707495880055,0.9877419623451319,0.9890598307723325,0.9899341435609382,0.9892526855201731,-39.305485541717644,-0.6653999183392028,11964.161037735044,12003.466523276762,-7.549275227156613,11995.917248049605
GIVEBACK_BASELINE,F09,COST,50,True,2,1,1,0,-0.039211756650723184,True,1,590.614542719399,0.0,0.19469046345125296,-0.0043912091414815,-0.17015768106459517,0.0027895283151175843,1.325368119987293,1.144176755543258,0.9876618462167993,0.9893043804157592,0.9899580585311191,0.9900613607044029,-43.50148924079076,-0.6665515516708602,11930.049864296958,11973.551353537749,-10.432000158232768,11963.119353379516
HERD_GIVEBACK_S1,F09,COST,10,False,0,0,0,0,0.0,False,0,0.0,0.0,0.20391886095242562,0.0,-0.17294720937971308,0.0,1.352218137210367,1.1790815340923653,1.0,1.0,1.0000000000000002,0.8377799849113878,0.0,0.0,12021.469470163865,12021.469470163865,0.0,12021.469470163865
HERD_GIVEBACK_S1,F09,COST,25,False,0,0,0,0,0.0,False,0,0.0,0.0,0.20210150001117344,0.0,-0.1729472093797133,0.0,1.342427393198642,1.1685733510012908,1.0,1.0,1.0,0.8384080058895822,0.0,0.0,12003.466523276762,12003.466523276762,0.0,12003.466523276762
HERD_GIVEBACK_S1,F09,COST,50,False,0,0,0,0,0.0,False,0,0.0,0.0,0.19908167259273446,0.0,-0.17294720937971275,0.0,1.3268160855920375,1.151112372999569,1.0,1.0,1.0000000000000002,0.8394547075199063,0.0,0.0,11973.551353537749,11973.551353537749,0.0,11973.551353537749
GIVEBACK_BASELINE,F09,CRM,10,True,2,0,0,0,0.0,False,2,1244.2563251210163,0.0,0.11032106362297811,0.0181737660125858,-0.34027377285200866,0.015745374716364613,0.8419648502120123,0.324212655880942,0.9518079906788478,0.9415833222376582,0.9491155492583567,0.8983513408879166,180.15738155398867,-4.252953488152606,11093.992700190174,10913.835318636186,180.15738155398867,11093.992700190174
GIVEBACK_BASELINE,F09,CRM,25,True,2,0,0,0,0.0,False,2,1240.5291466803667,0.0,0.1084569650914542,0.0179583050306098,-0.3403915878240418,0.015627559744332387,0.8322153886079375,0.31862410521002277,0.9517929972569661,0.9417020941020287,0.9491843982759341,0.8989413405650702,178.02376177197038,-4.246584408569568,11075.514889037573,10897.491127265603,178.02376177197038,11075.514889037573
GIVEBACK_BASELINE,F09,CRM,50,True,2,0,0,0,0.0,False,2,1234.341959248096,0.0,0.10536010665168094,0.017600913893216275,-0.3405877495805103,0.015431397987863305,0.8160191219293108,0.309347904560423,0.95176815394844,0.9418999138102346,0.9492990766023661,0.8999247554564674,174.4845618086947,-4.23600102474898,11044.816843238441,10870.332281429746,174.4845618086947,11044.816843238441
HERD_GIVEBACK_S1,F09,CRM,10,True,2,0,0,0,0.0,False,2,1244.2563251210163,0.0,0.11032106362297811,0.0181737660125858,-0.34027377285200866,0.015745374716364613,0.8419648502120123,0.324212655880942,0.9518079906788478,0.9415833222376582,0.9491155492583567,0.8983513408879166,180.15738155398867,-4.252953488152606,11093.992700190174,10913.835318636186,180.15738155398867,11093.992700190174
HERD_GIVEBACK_S1,F09,CRM,25,True,2,0,0,0,0.0,False,2,1240.5291466803667,0.0,0.1084569650914542,0.0179583050306098,-0.3403915878240418,0.015627559744332387,0.8322153886079375,0.31862410521002277,0.9517929972569661,0.9417020941020287,0.9491843982759341,0.8989413405650702,178.02376177197038,-4.246584408569568,11075.514889037573,10897.491127265603,178.02376177197038,11075.514889037573
HERD_GIVEBACK_S1,F09,CRM,50,True,2,0,0,0,0.0,False,2,1234.341959248096,0.0,0.10536010665168094,0.017600913893216275,-0.3405877495805103,0.015431397987863305,0.8160191219293108,0.309347904560423,0.95176815394844,0.9418999138102346,0.9492990766023661,0.8999247554564674,174.4845618086947,-4.23600102474898,11044.816843238441,10870.332281429746,174.4845618086947,11044.816843238441
GIVEBACK_BASELINE,F09,CVX,10,False,0,0,0,0,0.0,False,0,0.0,0.0,0.08468853625475559,0.0,-0.2063972901000073,0.0,0.5225528574994912,0.4103180628666238,1.0,1.0,1.0,0.9500761062805638,0.0,0.0,10839.889408696612,10839.889408696612,0.0,10839.889408696612
GIVEBACK_BASELINE,F09,CVX,25,False,0,0,0,0,0.0,False,0,0.0,0.0,0.08305115798687557,0.0,-0.20639729010000674,0.0,0.5157284352761807,0.4023849244659868,1.0,1.0,0.9999999999999998,0.9507883072597842,0.0,0.0,10823.65595622467,10823.65595622467,0.0,10823.65595622467
GIVEBACK_BASELINE,F09,CVX,50,False,0,0,0,0,0.0,False,0,0.0,0.0,0.08033039972941536,0.0,-0.20639729010000663,0.0,0.5042570907130377,0.3892027830912533,1.0,1.0,1.0,0.951975308891819,0.0,0.0,10796.68112320462,10796.68112320462,0.0,10796.68112320462
HERD_GIVEBACK_S1,F09,CVX,10,False,0,0,0,0,0.0,False,0,0.0,0.0,0.08468853625475559,0.0,-0.2063972901000073,0.0,0.5225528574994912,0.4103180628666238,1.0,1.0,1.0,0.9500761062805638,0.0,0.0,10839.889408696612,10839.889408696612,0.0,10839.889408696612
HERD_GIVEBACK_S1,F09,CVX,25,False,0,0,0,0,0.0,False,0,0.0,0.0,0.08305115798687557,0.0,-0.20639729010000674,0.0,0.5157284352761807,0.4023849244659868,1.0,1.0,0.9999999999999998,0.9507883072597842,0.0,0.0,10823.65595622467,10823.65595622467,0.0,10823.65595622467
HERD_GIVEBACK_S1,F09,CVX,50,False,0,0,0,0,0.0,False,0,0.0,0.0,0.08033039972941536,0.0,-0.20639729010000663,0.0,0.5042570907130377,0.3892027830912533,1.0,1.0,1.0,0.951975308891819,0.0,0.0,10796.68112320462,10796.68112320462,0.0,10796.68112320462
GIVEBACK_BASELINE,F09,DIS,10,True,1,0,0,0,0.0,False,1,569.5671111844556,0.0,0.3753846804069283,-0.01238108006093741,-0.2947965917510166,0.007226300126736307,1.7433896236992927,1.2733684544222137,0.9759048529786751,0.9781819355956946,0.9818946822484468,0.8777807213634348,-122.51349456679418,-5.882715396925775,13719.098620458162,13841.612115024956,-122.51349456679418,13719.098620458162
GIVEBACK_BASELINE,F09,DIS,25,True,1,0,0,0,0.0,False,1,567.860968957609,0.0,0.3732222682561044,-0.012448607439635717,-0.2948597873748744,0.007163104502878936,1.7356352210171573,1.2657618442273468,0.9758708936642652,0.9782130445823514,0.9819205568687496,0.8783919040747474,-123.18320024003333,-5.873905640921677,13697.700183712808,13820.883383952842,-123.18320024003333,13697.700183712808
GIVEBACK_BASELINE,F09,DIS,50,True,1,0,0,0,0.0,False,1,565.0287402592235,0.0,0.3696293737268328,-0.012560525609323303,-0.29496500799635605,0.007057883881396831,1.7227504142564671,1.2531295703095708,0.9758142979179583,0.9782648512719838,0.9819636462396145,0.8794105763443253,-124.2932011487519,-5.859266629437926,13662.145627010785,13786.438828159537,-124.2932011487519,13662.145627010785
HERD_GIVEBACK_S1,F09,DIS,10,True,1,0,0,0,0.0,False,1,569.5671111844556,0.0,0.3753846804069283,-0.01238108006093741,-0.2947965917510166,0.007226300126736307,1.7433896236992927,1.2733684544222137,0.9759048529786751,0.9781819355956946,0.9818946822484468,0.8777807213634348,-122.51349456679418,-5.882715396925775,13719.098620458162,13841.612115024956,-122.51349456679418,13719.098620458162
HERD_GIVEBACK_S1,F09,DIS,25,True,1,0,0,0,0.0,False,1,567.860968957609,0.0,0.3732222682561044,-0.012448607439635717,-0.2948597873748744,0.007163104502878936,1.7356352210171573,1.2657618442273468,0.9758708936642652,0.9782130445823514,0.9819205568687496,0.8783919040747474,-123.18320024003333,-5.873905640921677,13697.700183712808,13820.883383952842,-123.18320024003333,13697.700183712808
HERD_GIVEBACK_S1,F09,DIS,50,True,1,0,0,0,0.0,False,1,565.0287402592235,0.0,0.3696293737268328,-0.012560525609323303,-0.29496500799635605,0.007057883881396831,1.7227504142564671,1.2531295703095708,0.9758142979179583,0.9782648512719838,0.9819636462396145,0.8794105763443253,-124.2932011487519,-5.859266629437926,13662.145627010785,13786.438828159537,-124.2932011487519,13662.145627010785
GIVEBACK_BASELINE,F09,DUK,10,False,0,0,0,0,0.0,False,0,0.0,0.0,0.12917642534997498,0.0,-0.11586563784267612,0.0,1.1248393591178314,1.114881234463771,1.0,1.0,1.0000000000000002,0.9678853649002518,0.0,0.0,11280.882040694238,11280.882040694238,0.0,11280.882040694238
GIVEBACK_BASELINE,F09,DUK,25,False,0,0,0,0,0.0,False,0,0.0,0.0,0.12747189093509248,0.0,-0.11586563784267712,0.0,1.108280302380686,1.1001699322466458,1.0,1.0,1.0,0.9686109161483029,0.0,0.0,11263.988172542566,11263.988172542566,0.0,11263.988172542566
GIVEBACK_BASELINE,F09,DUK,50,False,0,0,0,0,0.0,False,0,0.0,0.0,0.12463954231084284,0.0,-0.11586563784267712,0.0,1.080400868398754,1.0757248191226374,1.0,1.0,1.0,0.9698201682283881,0.0,0.0,11235.915938786891,11235.915938786891,0.0,11235.915938786891
HERD_GIVEBACK_S1,F09,DUK,10,False,0,0,0,0,0.0,False,0,0.0,0.0,0.12917642534997498,0.0,-0.11586563784267612,0.0,1.1248393591178314,1.114881234463771,1.0,1.0,1.0000000000000002,0.9678853649002518,0.0,0.0,11280.882040694238,11280.882040694238,0.0,11280.882040694238
HERD_GIVEBACK_S1,F09,DUK,25,False,0,0,0,0,0.0,False,0,0.0,0.0,0.12747189093509248,0.0,-0.11586563784267712,0.0,1.108280302380686,1.1001699322466458,1.0,1.0,1.0,0.9686109161483029,0.0,0.0,11263.988172542566,11263.988172542566,0.0,11263.988172542566
HERD_GIVEBACK_S1,F09,DUK,50,False,0,0,0,0,0.0,False,0,0.0,0.0,0.12463954231084284,0.0,-0.11586563784267712,0.0,1.080400868398754,1.0757248191226374,1.0,1.0,1.0,0.9698201682283881,0.0,0.0,11235.915938786891,11235.915938786891,0.0,11235.915938786891
GIVEBACK_BASELINE,F09,EOG,10,False,0,0,0,0,0.0,False,0,0.0,0.0,0.0004795445463730008,0.0,-0.23684098845025991,0.0,0.19617522941227605,0.0020247531878280108,1.0,1.0,1.0000000000000002,0.9654821682917123,0.0,0.0,10004.757377321115,10004.757377321115,0.0,10004.757377321115
GIVEBACK_BASELINE,F09,EOG,25,False,0,0,0,0,0.0,False,0,0.0,0.0,-0.0010307170715434522,0.0,-0.23684098845026103,0.0,0.18938786568383537,-0.004351937045558789,1.0,1.0,1.0,0.9662059180430551,0.0,0.0,9989.774590389012,9989.774590389012,0.0,9989.774590389012
GIVEBACK_BASELINE,F09,EOG,50,False,0,0,0,0,0.0,False,0,0.0,0.0,-0.0035402512753851534,0.0,-0.23684098845026103,0.0,0.1781094266988166,-0.01494779809251067,1.0,1.0,1.0,0.9674121676286271,0.0,0.0,9964.877965572632,9964.877965572632,0.0,9964.877965572632
HERD_GIVEBACK_S1,F09,EOG,10,False,0,0,0,0,0.0,False,0,0.0,0.0,0.0004795445463730008,0.0,-0.23684098845025991,0.0,0.19617522941227605,0.0020247531878280108,1.0,1.0,1.0000000000000002,0.9654821682917123,0.0,0.0,10004.757377321115,10004.757377321115,0.0,10004.757377321115
HERD_GIVEBACK_S1,F09,EOG,25,False,0,0,0,0,0.0,False,0,0.0,0.0,-0.0010307170715434522,0.0,-0.23684098845026103,0.0,0.18938786568383537,-0.004351937045558789,1.0,1.0,1.0,0.9662059180430551,0.0,0.0,9989.774590389012,9989.774590389012,0.0,9989.774590389012
HERD_GIVEBACK_S1,F09,EOG,50,False,0,0,0,0,0.0,False,0,0.0,0.0,-0.0035402512753851534,0.0,-0.23684098845026103,0.0,0.1781094266988166,-0.01494779809251067,1.0,1.0,1.0,0.9674121676286271,0.0,0.0,9964.877965572632,9964.877965572632,0.0,9964.877965572632
GIVEBACK_BASELINE,F09,FCX,10,False,0,0,0,0,0.0,False,0,0.0,0.0,0.024561279183651363,0.0,-0.434574766222078,0.0,0.38832280427714244,0.05651795983731823,1.0,1.0,1.0,0.9638598939141014,0.0,0.0,10243.63992880272,10243.63992880272,0.0,10243.63992880272
GIVEBACK_BASELINE,F09,FCX,25,False,0,0,0,0,0.0,False,0,0.0,0.0,0.023014665278761948,0.0,-0.43457476622207825,0.0,0.383631890219669,0.05295904656139398,1.0,1.0,1.0000000000000002,0.9645824275677104,0.0,0.0,10228.299399425132,10228.299399425132,0.0,10228.299399425132
GIVEBACK_BASELINE,F09,FCX,50,False,0,0,0,0,0.0,False,0,0.0,0.0,0.020444726105037336,0.0,-0.4345747662220776,0.0,0.37583708356160805,0.04704535949652819,1.0,1.0,1.0,0.9657866503237246,0.0,0.0,10202.80832048707,10202.80832048707,0.0,10202.80832048707
HERD_GIVEBACK_S1,F09,FCX,10,False,0,0,0,0,0.0,False,0,0.0,0.0,0.024561279183651363,0.0,-0.434574766222078,0.0,0.38832280427714244,0.05651795983731823,1.0,1.0,1.0,0.9638598939141014,0.0,0.0,10243.63992880272,10243.63992880272,0.0,10243.63992880272
HERD_GIVEBACK_S1,F09,FCX,25,False,0,0,0,0,0.0,False,0,0.0,0.0,0.023014665278761948,0.0,-0.43457476622207825,0.0,0.383631890219669,0.05295904656139398,1.0,1.0,1.0000000000000002,0.9645824275677104,0.0,0.0,10228.299399425132,10228.299399425132,0.0,10228.299399425132
HERD_GIVEBACK_S1,F09,FCX,50,False,0,0,0,0,0.0,False,0,0.0,0.0,0.020444726105037336,0.0,-0.4345747662220776,0.0,0.37583708356160805,0.04704535949652819,1.0,1.0,1.0,0.9657866503237246,0.0,0.0,10202.80832048707,10202.80832048707,0.0,10202.80832048707
GIVEBACK_BASELINE,F09,GE,10,True,1,1,1,0,-1.1181899261346921,True,0,0.0,0.0,0.7989515899470212,-0.031124374635749685,-0.21364255538789234,0.0,2.3170285073402286,3.739665014287223,0.9894036352366908,0.9971299202636628,0.9939231582317561,0.8463046222983989,-307.31693398710195,-1.11818992613469,17905.873519623536,18213.190453610638,-373.91972563175295,17839.270727978885
GIVEBACK_BASELINE,F09,GE,25,True,1,1,1,0,-1.1230815386847985,True,0,0.0,0.0,0.79605325247827,-0.03126014339208516,-0.21364255538789212,0.0,2.310996829407012,3.726098721450629,0.9893504147449528,0.9971340431385761,0.9939319067122799,0.8467813574787932,-308.66131684731226,-1.1230815386848008,17877.25367753641,18185.914994383722,-374.1637604503703,17811.75123393335
GIVEBACK_BASELINE,F09,GE,50,True,1,1,1,0,-1.1311553953175282,True,0,0.0,0.0,0.7912387352412134,-0.031484223719373094,-0.21364255538789212,0.0,2.300974731366011,3.7035633364552782,0.9892618947327011,0.997140908885878,0.9939464752725585,0.8475762531122609,-310.88028949929867,-1.1311553953175206,17829.711569866613,18140.59185936591,-374.5665953370153,17766.025264028896
HERD_GIVEBACK_S1,F09,GE,10,False,0,0,0,0,0.0,False,0,0.0,0.0,0.8300759645827709,0.0,-0.21364255538789234,0.0,2.3808646966688083,3.8853493540913404,1.0,1.0,1.0,0.7600139917113377,0.0,0.0,18213.190453610638,18213.190453610638,0.0,18213.190453610638
HERD_GIVEBACK_S1,F09,GE,25,False,0,0,0,0,0.0,False,0,0.0,0.0,0.8273133958703551,0.0,-0.21364255538789212,0.0,2.3752045318466344,3.872418556163937,1.0,1.0,1.0,0.7605837173423057,0.0,0.0,18185.914994383722,18185.914994383722,0.0,18185.914994383722
HERD_GIVEBACK_S1,F09,GE,50,False,0,0,0,0,0.0,False,0,0.0,0.0,0.8227229589605864,0.0,-0.21364255538789212,0.0,2.365799138803587,3.8509320274083048,1.0,1.0,1.0,0.7615332600605856,0.0,0.0,18140.59185936591,18140.59185936591,0.0,18140.59185936591
GIVEBACK_BASELINE,F09,GOOGL,10,False,0,0,0,0,0.0,False,0,0.0,0.0,0.2614157259482728,0.0,-0.2980586455318329,0.0,1.3064547396507593,0.8770613765684356,1.0,1.0,1.0000000000000002,0.8999337780517978,0.0,0.0,12590.929110409044,12590.929110409044,0.0,12590.929110409044
GIVEBACK_BASELINE,F09,GOOGL,25,False,0,0,0,0,0.0,False,0,0.0,0.0,0.25951157132010594,0.0,-0.2980586455318326,0.0,1.2992712131110746,0.8706728531797954,1.0,1.0,1.0,0.900608391078823,0.0,0.0,12572.07335998714,12572.07335998714,0.0,12572.07335998714
GIVEBACK_BASELINE,F09,GOOGL,50,False,0,0,0,0,0.0,False,0,0.0,0.0,0.2563475227128298,0.0,-0.29805864553183237,0.0,1.287334477580676,0.8600573295078339,1.0,1.0,1.0000000000000002,0.9017327461238652,0.0,0.0,12540.7411021093,12540.7411021093,0.0,12540.7411021093
HERD_GIVEBACK_S1,F09,GOOGL,10,False,0,0,0,0,0.0,False,0,0.0,0.0,0.2614157259482728,0.0,-0.2980586455318329,0.0,1.3064547396507593,0.8770613765684356,1.0,1.0,1.0000000000000002,0.8999337780517978,0.0,0.0,12590.929110409044,12590.929110409044,0.0,12590.929110409044
HERD_GIVEBACK_S1,F09,GOOGL,25,False,0,0,0,0,0.0,False,0,0.0,0.0,0.25951157132010594,0.0,-0.2980586455318326,0.0,1.2992712131110746,0.8706728531797954,1.0,1.0,1.0,0.900608391078823,0.0,0.0,12572.07335998714,12572.07335998714,0.0,12572.07335998714
HERD_GIVEBACK_S1,F09,GOOGL,50,False,0,0,0,0,0.0,False,0,0.0,0.0,0.2563475227128298,0.0,-0.29805864553183237,0.0,1.287334477580676,0.8600573295078339,1.0,1.0,1.0000000000000002,0.9017327461238652,0.0,0.0,12540.7411021093,12540.7411021093,0.0,12540.7411021093
GIVEBACK_BASELINE,F09,GS,10,True,2,0,0,0,0.0,False,2,1214.9894044193215,0.0,0.620847316820955,-0.04028717542330318,-0.3030115647990588,0.005945658138234555,2.270247140431858,2.048922843036265,0.967106733367911,0.9733654762385849,0.9709714563639389,0.8620725314739486,-398.10642153329536,-2.266529269786332,16146.466152339679,16544.572573872974,-398.10642153329536,16146.466152339679
GIVEBACK_BASELINE,F09,GS,25,True,2,0,0,0,0.0,False,2,1211.3498952423606,0.0,0.6182164302294859,-0.040410516828561116,-0.30307231908028043,0.005884903857013235,2.262926254715289,2.0398313910869814,0.9671276230221512,0.9734991500035687,0.971011737076802,0.8626185508408682,-399.33021285225914,-2.263134992059861,16120.465767605368,16519.795980457628,-399.33021285225914,16120.465767605368
GIVEBACK_BASELINE,F09,GS,50,True,2,0,0,0,0.0,False,2,1205.3082404630413,0.0,0.6138454211904785,-0.040614850148720016,-0.30317347486983515,0.005783748067457739,2.2507614023507543,2.024733270131985,0.9671625792058504,0.9737217480692175,0.9710788244847075,0.8635286288629617,-401.3577131591628,-2.257494782433877,16077.267452196767,16478.62516535593,-401.3577131591628,16077.267452196767
HERD_GIVEBACK_S1,F09,GS,10,True,1,0,0,0,0.0,False,1,612.9979394139108,0.0,0.6394540134029103,-0.021680478841347828,-0.30309147324767105,0.005865749689622279,2.317488289916638,2.109772361957477,0.9785519554167081,0.9810375049254632,0.9825144148669633,0.814150982958436,-214.23068927973873,-1.162322702454528,16330.341884593236,16544.572573872974,-214.23068927973873,16330.341884593236
HERD_GIVEBACK_S1,F09,GS,25,True,1,0,0,0,0.0,False,1,611.1616998402651,0.0,0.6368862749431619,-0.021740672114885173,-0.3031521076512512,0.005805115286042439,2.310622684689831,2.1008802474691723,0.9785288226129961,0.9810645998221184,0.9825394489531036,0.8147129975144134,-214.8280991826141,-1.160582047210184,16304.967881275013,16519.795980457628,-214.8280991826141,16304.967881275013
HERD_GIVEBACK_S1,F09,GS,50,True,1,0,0,0,0.0,False,1,608.1135070602277,0.0,0.6326198902745923,-0.021840381064606174,-0.3032530638447102,0.005704159092582706,2.2992144229160867,2.0861121145953017,0.9784902924494523,0.981109721368644,0.9825811382849231,0.8156497195852521,-215.81775120757084,-1.157689632017373,16262.80741414836,16478.62516535593,-215.81775120757084,16262.80741414836
GIVEBACK_BASELINE,F09,HD,10,False,0,0,0,0,0.0,False,0,0.0,0.0,0.11132092218317235,0.0,-0.21791637655569007,0.0,0.9358515617542157,0.5108423879961289,1.0,1.0,1.0000000000000002,0.9057208386275436,0.0,0.0,11103.903661540886,11103.903661540886,0.0,11103.903661540886
GIVEBACK_BASELINE,F09,HD,25,False,0,0,0,0,0.0,False,0,0.0,0.0,0.10964334132396547,0.0,-0.21791637655568907,0.0,0.9258927726650868,0.5031441099423101,1.0,1.0,1.0,0.9063997897809375,0.0,0.0,11087.274830235832,11087.274830235832,0.0,11087.274830235832
GIVEBACK_BASELINE,F09,HD,50,False,0,0,0,0,0.0,False,0,0.0,0.0,0.10685578021802877,0.0,-0.2179163765556884,0.0,0.9088345149589658,0.49035222550482266,1.0,1.0,1.0,0.9075313750365939,0.0,0.0,11059.64300339261,11059.64300339261,0.0,11059.64300339261
HERD_GIVEBACK_S1,F09,HD,10,False,0,0,0,0,0.0,False,0,0.0,0.0,0.11132092218317235,0.0,-0.21791637655569007,0.0,0.9358515617542157,0.5108423879961289,1.0,1.0,1.0000000000000002,0.9057208386275436,0.0,0.0,11103.903661540886,11103.903661540886,0.0,11103.903661540886
HERD_GIVEBACK_S1,F09,HD,25,False,0,0,0,0,0.0,False,0,0.0,0.0,0.10964334132396547,0.0,-0.21791637655568907,0.0,0.9258927726650868,0.5031441099423101,1.0,1.0,1.0,0.9063997897809375,0.0,0.0,11087.274830235832,11087.274830235832,0.0,11087.274830235832
HERD_GIVEBACK_S1,F09,HD,50,False,0,0,0,0,0.0,False,0,0.0,0.0,0.10685578021802877,0.0,-0.2179163765556884,0.0,0.9088345149589658,0.49035222550482266,1.0,1.0,1.0,0.9075313750365939,0.0,0.0,11059.64300339261,11059.64300339261,0.0,11059.64300339261
GIVEBACK_BASELINE,F09,HON,10,False,0,0,0,0,0.0,False,0,0.0,0.0,0.11290636113082653,0.0,-0.22102263077564943,0.0,0.7214521981906887,0.5108362014088635,1.0,1.0,1.0,0.9259526226878535,0.0,0.0,11119.618963414383,11119.618963414383,0.0,11119.618963414383
GIVEBACK_BASELINE,F09,HON,25,False,0,0,0,0,0.0,False,0,0.0,0.0,0.1112263869917165,0.0,-0.2210226307756501,0.0,0.7133418605499972,0.5032352868182864,1.0,1.0,1.0,0.9266467400961653,0.0,0.0,11102.966597403723,11102.966597403723,0.0,11102.966597403723
GIVEBACK_BASELINE,F09,HON,50,False,0,0,0,0,0.0,False,0,0.0,0.0,0.10843484907957102,0.0,-0.22102263077564932,0.0,0.6996951637336798,0.49060518689436206,1.0,1.0,1.0,0.9278036024433514,0.0,0.0,11075.295663367806,11075.295663367806,0.0,11075.295663367806
HERD_GIVEBACK_S1,F09,HON,10,False,0,0,0,0,0.0,False,0,0.0,0.0,0.11290636113082653,0.0,-0.22102263077564943,0.0,0.7214521981906887,0.5108362014088635,1.0,1.0,1.0,0.9259526226878535,0.0,0.0,11119.618963414383,11119.618963414383,0.0,11119.618963414383
HERD_GIVEBACK_S1,F09,HON,25,False,0,0,0,0,0.0,False,0,0.0,0.0,0.1112263869917165,0.0,-0.2210226307756501,0.0,0.7133418605499972,0.5032352868182864,1.0,1.0,1.0,0.9266467400961653,0.0,0.0,11102.966597403723,11102.966597403723,0.0,11102.966597403723
HERD_GIVEBACK_S1,F09,HON,50,False,0,0,0,0,0.0,False,0,0.0,0.0,0.10843484907957102,0.0,-0.22102263077564932,0.0,0.6996951637336798,0.49060518689436206,1.0,1.0,1.0,0.9278036024433514,0.0,0.0,11075.295663367806,11075.295663367806,0.0,11075.295663367806
GIVEBACK_BASELINE,F09,JNJ,10,False,0,0,0,0,0.0,False,0,0.0,0.0,0.07785166004499144,0.0,-0.14446254000902414,0.0,0.6271405990023465,0.5389055186218399,1.0,1.0,1.0000000000000002,1.0252833701444546,0.0,0.0,10772.105302904874,10772.105302904874,0.0,10772.105302904874
GIVEBACK_BASELINE,F09,JNJ,25,False,0,0,0,0,0.0,False,0,0.0,0.0,0.07622460229968575,0.0,-0.1444625400090237,0.0,0.6164431423224488,0.527642683666814,1.0,1.0,1.0,1.0260519483829436,0.0,0.0,10755.973361621673,10755.973361621673,0.0,10755.973361621673
GIVEBACK_BASELINE,F09,JNJ,50,False,0,0,0,0,0.0,False,0,0.0,0.0,0.07352099319313976,0.0,-0.14446254000902414,0.0,0.5984441614839334,0.5089277344046915,1.0,1.0,1.0,1.027332912113759,0.0,0.0,10729.167207899558,10729.167207899558,0.0,10729.167207899558
HERD_GIVEBACK_S1,F09,JNJ,10,False,0,0,0,0,0.0,False,0,0.0,0.0,0.07785166004499144,0.0,-0.14446254000902414,0.0,0.6271405990023465,0.5389055186218399,1.0,1.0,1.0000000000000002,1.0252833701444546,0.0,0.0,10772.105302904874,10772.105302904874,0.0,10772.105302904874
HERD_GIVEBACK_S1,F09,JNJ,25,False,0,0,0,0,0.0,False,0,0.0,0.0,0.07622460229968575,0.0,-0.1444625400090237,0.0,0.6164431423224488,0.527642683666814,1.0,1.0,1.0,1.0260519483829436,0.0,0.0,10755.973361621673,10755.973361621673,0.0,10755.973361621673
HERD_GIVEBACK_S1,F09,JNJ,50,False,0,0,0,0,0.0,False,0,0.0,0.0,0.07352099319313976,0.0,-0.14446254000902414,0.0,0.5984441614839334,0.5089277344046915,1.0,1.0,1.0,1.027332912113759,0.0,0.0,10729.167207899558,10729.167207899558,0.0,10729.167207899558
GIVEBACK_BASELINE,F09,JPM,10,True,1,0,0,0,0.0,False,1,614.294358808915,0.0,0.5381471743886792,-0.016200445955903753,-0.23988145165330432,0.004357673697866105,2.2463388033917626,2.243388018038394,0.9784632023856926,0.9800324078490183,0.9814513151571407,0.8304800790790863,-160.1637539515068,-2.68223386811443,15328.998501256898,15489.162255208405,-160.1637539515068,15328.998501256898
GIVEBACK_BASELINE,F09,JPM,25,True,1,0,0,0,0.0,False,1,612.4542358019918,0.0,0.5357322130358746,-0.016269060934413382,-0.23994467812385967,0.004294447227310871,2.238429280189633,2.232732216545887,0.9784743577056845,0.9801222469190544,0.9814778685535207,0.831054923954603,-160.84407463102616,-2.6782170452138416,15305.122134029303,15465.96620866033,-160.84407463102616,15305.122134029303
GIVEBACK_BASELINE,F09,JPM,50,True,1,0,0,0,0.0,False,1,609.3995964485065,0.0,0.5317196917620668,-0.01638276334762745,-0.2400499501050477,0.00418917524612239,2.2291294442136835,2.215037709982369,0.9785011903344639,0.9802822999234256,0.9815220880166902,0.8320130330952936,-161.97149153001192,-2.6715423635833204,15265.450268040318,15427.42175957033,-161.97149153001192,15265.450268040318
HERD_GIVEBACK_S1,F09,JPM,10,True,1,0,0,0,0.0,False,1,638.402159710662,0.0,0.5405855744978276,-0.013762045846755333,-0.23822745540524992,0.006011669945920506,2.253726090966816,2.2691992976973823,0.980423988899116,0.9813736267795983,0.9828536331473247,0.8318068569226292,-136.0559530497594,-2.68223386811443,15353.106302158645,15489.162255208405,-136.0559530497594,15353.106302158645
HERD_GIVEBACK_S1,F09,JPM,25,True,1,0,0,0,0.0,False,1,636.4898216191468,0.0,0.5381632785618826,-0.013837995408405357,-0.23829316317999105,0.005945962171179486,2.2460538534897636,2.258408388139064,0.9803873832936622,0.9814002154429361,0.9828781504306783,0.8323784037869766,-136.808488813871,-2.6782170452138416,15329.157719846458,15465.96620866033,-136.808488813871,15329.157719846458
HERD_GIVEBACK_S1,F09,JPM,50,True,1,0,0,0,0.0,False,1,633.3153038453171,0.0,0.5341385819926276,-0.013963873117066594,-0.2384025665290267,0.005836558822143401,2.237141975667513,2.240490065896978,0.9803338003474295,0.9814543346540391,0.9829189793296851,0.8333310136041261,-138.0557841332011,-2.6715423635833204,15289.36597543713,15427.42175957033,-138.0557841332011,15289.36597543713
GIVEBACK_BASELINE,F09,KO,10,False,0,0,0,0,0.0,False,0,0.0,0.0,0.027994755899337864,0.0,-0.15502977801448115,0.0,0.399926504422315,0.18057663668152132,1.0,1.0,1.0,0.9941716231089252,0.0,0.0,10277.695186510453,10277.695186510453,0.0,10277.695186510453
GIVEBACK_BASELINE,F09,KO,25,False,0,0,0,0,0.0,False,0,0.0,0.0,0.026442959031810265,0.0,-0.1550297780144808,0.0,0.38509475250667574,0.17056696700772103,1.0,1.0,0.9999999999999998,0.9949168791982125,0.0,0.0,10262.303657128474,10262.303657128474,0.0,10262.303657128474
GIVEBACK_BASELINE,F09,KO,50,False,0,0,0,0,0.0,False,0,0.0,0.0,0.023864407560805878,0.0,-0.1550297780144806,0.0,0.3602492344424824,0.15393434646198628,1.0,1.0,1.0,0.9961589726803574,0.0,0.0,10236.72783240976,10236.72783240976,0.0,10236.72783240976
HERD_GIVEBACK_S1,F09,KO,10,False,0,0,0,0,0.0,False,0,0.0,0.0,0.027994755899337864,0.0,-0.15502977801448115,0.0,0.399926504422315,0.18057663668152132,1.0,1.0,1.0,0.9941716231089252,0.0,0.0,10277.695186510453,10277.695186510453,0.0,10277.695186510453
HERD_GIVEBACK_S1,F09,KO,25,False,0,0,0,0,0.0,False,0,0.0,0.0,0.026442959031810265,0.0,-0.1550297780144808,0.0,0.38509475250667574,0.17056696700772103,1.0,1.0,0.9999999999999998,0.9949168791982125,0.0,0.0,10262.303657128474,10262.303657128474,0.0,10262.303657128474
HERD_GIVEBACK_S1,F09,KO,50,False,0,0,0,0,0.0,False,0,0.0,0.0,0.023864407560805878,0.0,-0.1550297780144806,0.0,0.3602492344424824,0.15393434646198628,1.0,1.0,1.0,0.9961589726803574,0.0,0.0,10236.72783240976,10236.72783240976,0.0,10236.72783240976
GIVEBACK_BASELINE,F09,LIN,10,False,0,0,0,0,0.0,False,0,0.0,0.0,0.0417633519441587,0.0,-0.1486024878760932,0.0,0.43333768486770546,0.28104073182799977,1.0,1.0,1.0000000000000002,0.986963667209628,0.0,0.0,10414.25124737938,10414.25124737938,0.0,10414.25124737938
GIVEBACK_BASELINE,F09,LIN,25,False,0,0,0,0,0.0,False,0,0.0,0.0,0.04019077086144818,0.0,-0.14860248787609254,0.0,0.42121793412124053,0.2704582637604289,1.0,1.0,0.9999999999999998,0.9877035200336227,0.0,0.0,10398.655216250174,10398.655216250174,0.0,10398.655216250174
GIVEBACK_BASELINE,F09,LIN,50,False,0,0,0,0,0.0,False,0,0.0,0.0,0.037577683189377264,0.0,-0.14860248787609331,0.0,0.40102148522835457,0.2528738497346695,1.0,1.0,1.0,0.9889366080736148,0.0,0.0,10372.739574693762,10372.739574693762,0.0,10372.739574693762
HERD_GIVEBACK_S1,F09,LIN,10,False,0,0,0,0,0.0,False,0,0.0,0.0,0.0417633519441587,0.0,-0.1486024878760932,0.0,0.43333768486770546,0.28104073182799977,1.0,1.0,1.0000000000000002,0.986963667209628,0.0,0.0,10414.25124737938,10414.25124737938,0.0,10414.25124737938
HERD_GIVEBACK_S1,F09,LIN,25,False,0,0,0,0,0.0,False,0,0.0,0.0,0.04019077086144818,0.0,-0.14860248787609254,0.0,0.42121793412124053,0.2704582637604289,1.0,1.0,0.9999999999999998,0.9877035200336227,0.0,0.0,10398.655216250174,10398.655216250174,0.0,10398.655216250174
HERD_GIVEBACK_S1,F09,LIN,50,False,0,0,0,0,0.0,False,0,0.0,0.0,0.037577683189377264,0.0,-0.14860248787609331,0.0,0.40102148522835457,0.2528738497346695,1.0,1.0,1.0,0.9889366080736148,0.0,0.0,10372.739574693762,10372.739574693762,0.0,10372.739574693762
GIVEBACK_BASELINE,F09,LLY,10,False,0,0,0,0,0.0,False,0,0.0,0.0,0.020599768585377376,0.0,-0.2525239006830131,0.0,0.33022195513645947,0.0815755202959412,1.0,1.0,1.0,0.9158054634075725,0.0,0.0,10204.346192366487,10204.346192366487,0.0,10204.346192366487
GIVEBACK_BASELINE,F09,LLY,25,False,0,0,0,0,0.0,False,0,0.0,0.0,0.01905913473019405,0.0,-0.25252390068301145,0.0,0.3248092081606622,0.0754745775692679,1.0,1.0,1.0,0.9164919742497073,0.0,0.0,10189.064507962203,10189.064507962203,0.0,10189.064507962203
GIVEBACK_BASELINE,F09,LLY,50,False,0,0,0,0,0.0,False,0,0.0,0.0,0.01649913233768352,0.0,-0.25252390068301167,0.0,0.315814944857492,0.06533691382501872,1.0,1.0,1.0000000000000002,0.9176361589865987,0.0,0.0,10163.671210647099,10163.671210647099,0.0,10163.671210647099
HERD_GIVEBACK_S1,F09,LLY,10,False,0,0,0,0,0.0,False,0,0.0,0.0,0.020599768585377376,0.0,-0.2525239006830131,0.0,0.33022195513645947,0.0815755202959412,1.0,1.0,1.0,0.9158054634075725,0.0,0.0,10204.346192366487,10204.346192366487,0.0,10204.346192366487
HERD_GIVEBACK_S1,F09,LLY,25,False,0,0,0,0,0.0,False,0,0.0,0.0,0.01905913473019405,0.0,-0.25252390068301145,0.0,0.3248092081606622,0.0754745775692679,1.0,1.0,1.0,0.9164919742497073,0.0,0.0,10189.064507962203,10189.064507962203,0.0,10189.064507962203
HERD_GIVEBACK_S1,F09,LLY,50,False,0,0,0,0,0.0,False,0,0.0,0.0,0.01649913233768352,0.0,-0.25252390068301167,0.0,0.315814944857492,0.06533691382501872,1.0,1.0,1.0000000000000002,0.9176361589865987,0.0,0.0,10163.671210647099,10163.671210647099,0.0,10163.671210647099
GIVEBACK_BASELINE,F09,MA,10,True,1,0,0,0,0.0,False,1,526.2457661648905,0.0,0.2502024515772092,-0.010390379738375755,-0.16741846160481366,-0.00016470187332295882,1.355029216539237,1.4944734838610854,0.9816402764964616,0.9859372847352609,0.9858121479031224,0.9031400335417143,-102.8932580794717,-1.1110012205023736,12479.887226807736,12582.780484887207,-102.8932580794717,12479.887226807736
GIVEBACK_BASELINE,F09,MA,25,True,1,0,0,0,0.0,False,1,524.6693933271296,0.0,0.24823562471454252,-0.01045429416337007,-0.16748067828835245,-0.0002269185568618548,1.343726076693886,1.482174703682259,0.9816665852310061,0.9860481661960734,0.9858325111965137,0.9037693469993242,-103.5274535514618,-1.1093374225770134,12460.40948402036,12563.936937571822,-103.5274535514618,12460.40948402036
GIVEBACK_BASELINE,F09,MA,50,True,1,0,0,0,0.0,False,1,522.0525842943246,0.0,0.24496770332714313,-0.010560231035894319,-0.1675842689756324,-0.0003305092441416857,1.3246250608256438,1.461758342978855,0.9817103970949806,0.9862320432618853,0.9858664219255568,0.9048182313834038,-104.57866357439525,-1.106572719794709,12428.046293799965,12532.62495737436,-104.57866357439525,12428.046293799965
HERD_GIVEBACK_S1,F09,MA,10,True,1,0,0,0,0.0,False,1,526.2457661648905,0.0,0.2502024515772092,-0.010390379738375755,-0.16741846160481366,-0.00016470187332295882,1.355029216539237,1.4944734838610854,0.9816402764964616,0.9859372847352609,0.9858121479031224,0.9031400335417143,-102.8932580794717,-1.1110012205023736,12479.887226807736,12582.780484887207,-102.8932580794717,12479.887226807736
HERD_GIVEBACK_S1,F09,MA,25,True,1,0,0,0,0.0,False,1,524.6693933271296,0.0,0.24823562471454252,-0.01045429416337007,-0.16748067828835245,-0.0002269185568618548,1.343726076693886,1.482174703682259,0.9816665852310061,0.9860481661960734,0.9858325111965137,0.9037693469993242,-103.5274535514618,-1.1093374225770134,12460.40948402036,12563.936937571822,-103.5274535514618,12460.40948402036
HERD_GIVEBACK_S1,F09,MA,50,True,1,0,0,0,0.0,False,1,522.0525842943246,0.0,0.24496770332714313,-0.010560231035894319,-0.1675842689756324,-0.0003305092441416857,1.3246250608256438,1.461758342978855,0.9817103970949806,0.9862320432618853,0.9858664219255568,0.9048182313834038,-104.57866357439525,-1.106572719794709,12428.046293799965,12532.62495737436,-104.57866357439525,12428.046293799965
GIVEBACK_BASELINE,F09,MCD,10,False,0,0,0,0,0.0,False,0,0.0,0.0,0.1362532871829698,0.0,-0.1109970248026485,0.0,1.0623921862787191,1.2275399942045895,1.0,1.0,1.0000000000000002,0.9046275840849728,0.0,0.0,11351.019602048615,11351.019602048615,0.0,11351.019602048615
GIVEBACK_BASELINE,F09,MCD,25,False,0,0,0,0,0.0,False,0,0.0,0.0,0.13453806997816486,0.0,-0.11099702480264839,0.0,1.049153869053284,1.212087172763164,1.0,1.0,1.0,0.9053057157072251,0.0,0.0,11334.020698252592,11334.020698252592,0.0,11334.020698252592
GIVEBACK_BASELINE,F09,MCD,50,False,0,0,0,0,0.0,False,0,0.0,0.0,0.13168797023953727,0.0,-0.11099702480264795,0.0,1.0267430365914152,1.1864099102987462,1.0,1.0,1.0,0.9064359350776462,0.0,0.0,11305.773928675133,11305.773928675133,0.0,11305.773928675133
HERD_GIVEBACK_S1,F09,MCD,10,False,0,0,0,0,0.0,False,0,0.0,0.0,0.1362532871829698,0.0,-0.1109970248026485,0.0,1.0623921862787191,1.2275399942045895,1.0,1.0,1.0000000000000002,0.9046275840849728,0.0,0.0,11351.019602048615,11351.019602048615,0.0,11351.019602048615
HERD_GIVEBACK_S1,F09,MCD,25,False,0,0,0,0,0.0,False,0,0.0,0.0,0.13453806997816486,0.0,-0.11099702480264839,0.0,1.049153869053284,1.212087172763164,1.0,1.0,1.0,0.9053057157072251,0.0,0.0,11334.020698252592,11334.020698252592,0.0,11334.020698252592
HERD_GIVEBACK_S1,F09,MCD,50,False,0,0,0,0,0.0,False,0,0.0,0.0,0.13168797023953727,0.0,-0.11099702480264795,0.0,1.0267430365914152,1.1864099102987462,1.0,1.0,1.0,0.9064359350776462,0.0,0.0,11305.773928675133,11305.773928675133,0.0,11305.773928675133
GIVEBACK_BASELINE,F09,META,10,True,2,0,0,0,0.0,False,2,1296.0536229953657,0.0,0.6928177535988458,-0.038985245904623156,-0.33320249744406694,0.00830568086737915,2.656160511835475,2.079269389975523,0.9637912165291025,0.967401707799307,0.9697985312044427,0.8345882323051054,-385.1110602584449,-2.1725138917808273,16857.60363978066,17242.714700039105,-385.1110602584449,16857.60363978066
GIVEBACK_BASELINE,F09,META,25,True,2,0,0,0,0.0,False,2,1292.1712853901427,0.0,0.6900658702383191,-0.03912290730109391,-0.3332643505749304,0.008243827736516107,2.648125214547426,2.0706261232197596,0.9637857896211316,0.9674894650825013,0.9698403239470949,0.8351100698427739,-386.475742382685,-2.1692604083109153,16830.41685015911,17216.892592541793,-386.475742382685,16830.41685015911
GIVEBACK_BASELINE,F09,META,50,True,2,0,0,0,0.0,False,2,1285.7265307798205,0.0,0.68549384771875,-0.039350994069793144,-0.3333673359475354,0.008140842363910772,2.634774227476036,2.0562717873074146,0.9637768344118195,0.9676356014511732,0.9699099303514915,0.8359798433399701,-388.7369546246118,-2.1638541539429035,16785.24751106187,17173.98446568648,-388.7369546246118,16785.24751106187
HERD_GIVEBACK_S1,F09,META,10,True,1,0,0,0,0.0,False,1,681.6985081033419,0.0,0.7135362497677942,-0.01826674973567477,-0.3326975478967432,0.008810630414702869,2.7017388956383357,2.1446994553420904,0.9773763322296642,0.9778657628031953,0.9821628713802716,0.7875266395220644,-180.4372268986117,-1.1141096880927321,17062.277473140493,17242.714700039105,-180.4372268986117,17062.277473140493
HERD_GIVEBACK_S1,F09,META,25,True,1,0,0,0,0.0,False,1,679.6564755003101,0.0,0.7108462312090209,-0.018342546330392118,-0.3327601585465112,0.008748019764935333,2.6942310568208616,2.1362119621350737,0.9773594123955219,0.9778972800432232,0.9821883168067338,0.7880634052598896,-181.1881541267794,-1.1124412350312376,17035.704438415014,17216.892592541793,-181.1881541267794,17035.704438415014
HERD_GIVEBACK_S1,F09,META,50,True,1,0,0,0,0.0,False,1,676.2666623590952,0.0,0.7063766942086349,-0.018468147579908223,-0.3328644051869868,0.008643773124459408,2.6817556894255317,2.1221154416070034,0.9773312520216403,0.9779497668785828,0.9822306917267829,0.7889580445143334,-182.43256092523006,-1.1096687968937964,16991.55190476125,17173.98446568648,-182.43256092523006,16991.55190476125
GIVEBACK_BASELINE,F09,MRK,10,False,0,0,0,0,0.0,False,0,0.0,0.0,-0.28442756203497466,0.0,-0.37038182012777376,0.0,-1.4007699185195053,-0.767930677420542,1.0,1.0,1.0000000000000002,1.1951726506677949,0.0,0.0,7174.756181771301,7174.756181771301,0.0,7174.756181771301
GIVEBACK_BASELINE,F09,MRK,25,False,0,0,0,0,0.0,False,0,0.0,0.0,-0.2855077456267203,0.0,-0.37038182012777443,0.0,-1.4066542220277614,-0.770847082959487,1.0,1.0,1.0000000000000002,1.1960685821900345,0.0,0.0,7164.011509101382,7164.011509101382,0.0,7164.011509101382
GIVEBACK_BASELINE,F09,MRK,50,False,0,0,0,0,0.0,False,0,0.0,0.0,-0.28730263840407766,0.0,-0.3703818201277741,0.0,-1.4161297603324072,-0.7756931436455606,1.0,1.0,1.0,1.197561801393767,0.0,0.0,7146.1572817503575,7146.1572817503575,0.0,7146.1572817503575
HERD_GIVEBACK_S1,F09,MRK,10,False,0,0,0,0,0.0,False,0,0.0,0.0,-0.28442756203497466,0.0,-0.37038182012777376,0.0,-1.4007699185195053,-0.767930677420542,1.0,1.0,1.0000000000000002,1.1951726506677949,0.0,0.0,7174.756181771301,7174.756181771301,0.0,7174.756181771301
HERD_GIVEBACK_S1,F09,MRK,25,False,0,0,0,0,0.0,False,0,0.0,0.0,-0.2855077456267203,0.0,-0.37038182012777443,0.0,-1.4066542220277614,-0.770847082959487,1.0,1.0,1.0000000000000002,1.1960685821900345,0.0,0.0,7164.011509101382,7164.011509101382,0.0,7164.011509101382
HERD_GIVEBACK_S1,F09,MRK,50,False,0,0,0,0,0.0,False,0,0.0,0.0,-0.28730263840407766,0.0,-0.3703818201277741,0.0,-1.4161297603324072,-0.7756931436455606,1.0,1.0,1.0,1.197561801393767,0.0,0.0,7146.1572817503575,7146.1572817503575,0.0,7146.1572817503575
GIVEBACK_BASELINE,F09,MSFT,10,False,0,0,0,0,0.0,False,0,0.0,0.0,0.3891508721619785,0.0,-0.21825691058929308,0.0,2.075442862358002,1.782994504555536,1.0,1.0,1.0,0.9007219663528737,0.0,0.0,13855.317557176504,13855.317557176504,0.0,13855.317557176504
GIVEBACK_BASELINE,F09,MSFT,25,False,0,0,0,0,0.0,False,0,0.0,0.0,0.387053896511498,0.0,-0.2182569105892933,0.0,2.0666033235453973,1.7733866729188694,1.0,1.0,1.0,0.9013971702257018,0.0,0.0,13834.568301296858,13834.568301296858,0.0,13834.568301296858
GIVEBACK_BASELINE,F09,MSFT,50,False,0,0,0,0,0.0,False,0,0.0,0.0,0.3835694458328318,0.0,-0.21825691058929197,0.0,2.0519148225098665,1.757421768672512,1.0,1.0,1.0,0.9025225100137491,0.0,0.0,13800.089639803802,13800.089639803802,0.0,13800.089639803802
HERD_GIVEBACK_S1,F09,MSFT,10,False,0,0,0,0,0.0,False,0,0.0,0.0,0.3891508721619785,0.0,-0.21825691058929308,0.0,2.075442862358002,1.782994504555536,1.0,1.0,1.0,0.9007219663528737,0.0,0.0,13855.317557176504,13855.317557176504,0.0,13855.317557176504
HERD_GIVEBACK_S1,F09,MSFT,25,False,0,0,0,0,0.0,False,0,0.0,0.0,0.387053896511498,0.0,-0.2182569105892933,0.0,2.0666033235453973,1.7733866729188694,1.0,1.0,1.0,0.9013971702257018,0.0,0.0,13834.568301296858,13834.568301296858,0.0,13834.568301296858
HERD_GIVEBACK_S1,F09,MSFT,50,False,0,0,0,0,0.0,False,0,0.0,0.0,0.3835694458328318,0.0,-0.21825691058929197,0.0,2.0519148225098665,1.757421768672512,1.0,1.0,1.0,0.9025225100137491,0.0,0.0,13800.089639803802,13800.089639803802,0.0,13800.089639803802
GIVEBACK_BASELINE,F09,NEE,10,False,0,0,0,0,0.0,False,0,0.0,0.0,-0.07682008069323143,0.0,-0.23830684708219851,0.0,-0.18647297138546046,-0.32235784088374975,1.0,1.0,1.0000000000000002,1.0454780857295685,0.0,0.0,9237.657465200773,9237.657465200773,0.0,9237.657465200773
GIVEBACK_BASELINE,F09,NEE,25,False,0,0,0,0,0.0,False,0,0.0,0.0,-0.07821365561053761,0.0,-0.23830684708219796,0.0,-0.1932183387916241,-0.3282056582434653,1.0,1.0,0.9999999999999998,1.0462618024355124,0.0,0.0,9223.823461203174,9223.823461203174,0.0,9223.823461203174
GIVEBACK_BASELINE,F09,NEE,50,False,0,0,0,0,0.0,False,0,0.0,0.0,-0.0805292967412613,0.0,-0.23830684708219718,0.0,-0.2043601090799014,-0.33792271488315656,1.0,1.0,1.0000000000000002,1.0475679969454197,0.0,0.0,9200.835748116333,9200.835748116333,0.0,9200.835748116333
HERD_GIVEBACK_S1,F09,NEE,10,False,0,0,0,0,0.0,False,0,0.0,0.0,-0.07682008069323143,0.0,-0.23830684708219851,0.0,-0.18647297138546046,-0.32235784088374975,1.0,1.0,1.0000000000000002,1.0454780857295685,0.0,0.0,9237.657465200773,9237.657465200773,0.0,9237.657465200773
HERD_GIVEBACK_S1,F09,NEE,25,False,0,0,0,0,0.0,False,0,0.0,0.0,-0.07821365561053761,0.0,-0.23830684708219796,0.0,-0.1932183387916241,-0.3282056582434653,1.0,1.0,0.9999999999999998,1.0462618024355124,0.0,0.0,9223.823461203174,9223.823461203174,0.0,9223.823461203174
HERD_GIVEBACK_S1,F09,NEE,50,False,0,0,0,0,0.0,False,0,0.0,0.0,-0.0805292967412613,0.0,-0.23830684708219718,0.0,-0.2043601090799014,-0.33792271488315656,1.0,1.0,1.0000000000000002,1.0475679969454197,0.0,0.0,9200.835748116333,9200.835748116333,0.0,9200.835748116333
GIVEBACK_BASELINE,F09,NEM,10,False,0,0,0,0,0.0,False,0,0.0,0.0,0.46058982106495394,0.0,-0.36570818537987193,0.0,1.443308380023231,1.259446300296849,1.0,1.0,1.0000000000000002,0.9147952416134503,0.0,0.0,14562.04905680169,14562.04905680169,0.0,14562.04905680169
GIVEBACK_BASELINE,F09,NEM,25,False,0,0,0,0,0.0,False,0,0.0,0.0,0.4583850056259011,0.0,-0.36570818537987215,0.0,1.4383867982996228,1.2534174075151279,1.0,1.0,1.0,0.9154809951678831,0.0,0.0,14540.241423684323,14540.241423684323,0.0,14540.241423684323
GIVEBACK_BASELINE,F09,NEM,50,False,0,0,0,0,0.0,False,0,0.0,0.0,0.4547213623922923,0.0,-0.3657081853798717,0.0,1.430208695371849,1.2433994659429348,1.0,1.0,1.0000000000000002,0.9166239177586049,0.0,0.0,14504.004075965455,14504.004075965455,0.0,14504.004075965455
HERD_GIVEBACK_S1,F09,NEM,10,False,0,0,0,0,0.0,False,0,0.0,0.0,0.46058982106495394,0.0,-0.36570818537987193,0.0,1.443308380023231,1.259446300296849,1.0,1.0,1.0000000000000002,0.9147952416134503,0.0,0.0,14562.04905680169,14562.04905680169,0.0,14562.04905680169
HERD_GIVEBACK_S1,F09,NEM,25,False,0,0,0,0,0.0,False,0,0.0,0.0,0.4583850056259011,0.0,-0.36570818537987215,0.0,1.4383867982996228,1.2534174075151279,1.0,1.0,1.0,0.9154809951678831,0.0,0.0,14540.241423684323,14540.241423684323,0.0,14540.241423684323
HERD_GIVEBACK_S1,F09,NEM,50,False,0,0,0,0,0.0,False,0,0.0,0.0,0.4547213623922923,0.0,-0.3657081853798717,0.0,1.430208695371849,1.2433994659429348,1.0,1.0,1.0000000000000002,0.9166239177586049,0.0,0.0,14504.004075965455,14504.004075965455,0.0,14504.004075965455
GIVEBACK_BASELINE,F09,NFLX,10,True,2,0,0,0,0.0,False,2,1413.4677409258475,0.0,0.9501069391363892,-0.053658692321134405,-0.18308937465633468,0.008427741771869668,3.4047942615377234,5.189306812149935,0.9571896934837951,0.9571612323854349,0.9621029615675039,0.7177580616971099,-529.4567761590151,-16.592153081384282,19397.97416830115,19927.430944460164,-529.4567761590151,19397.97416830115
GIVEBACK_BASELINE,F09,NFLX,25,True,2,0,0,0,0.0,False,2,1409.2336885170564,0.0,0.9469486246020882,-0.053792247038020324,-0.18315975906721504,0.008357357360989526,3.3966069342536622,5.170069175809418,0.9571857903206203,0.9572679942091987,0.9621557349382269,0.7182090337870035,-530.7811703955267,-16.567305233007005,19366.807126143776,19897.588296539303,-530.7811703955267,19366.807126143776
GIVEBACK_BASELINE,F09,NFLX,50,True,2,0,0,0,0.0,False,2,1402.205080612068,0.0,0.9417013140608781,-0.054013449433360616,-0.18327696759449263,0.008240148833711713,3.383001528230287,5.138132338289384,0.9571794072730714,0.9574457952541847,0.9622436276798987,0.7189607059222538,-532.9748521824586,-16.526016014829708,19315.024458530643,19847.9993107131,-532.9748521824586,19315.024458530643
HERD_GIVEBACK_S1,F09,NFLX,10,True,1,0,0,0,0.0,False,1,743.8348901492429,0.0,0.9781704353438871,-0.025595196113636476,-0.1906511046661702,0.0008660117620341579,3.3720886125169796,5.130683281676559,0.9815545638483031,0.9822632853074676,0.9837157930977343,0.6707541565382981,-252.53665707376422,-8.508796451991941,19674.8942873864,19927.430944460164,-252.53665707376422,19674.8942873864
HERD_GIVEBACK_S1,F09,NFLX,25,True,1,0,0,0,0.0,False,1,741.6067275833847,0.0,0.9750713906679782,-0.025669480972130287,-0.1907130476342337,0.0008040687939708802,3.3645348060857976,5.112767074741819,0.9815683876125084,0.9823381796749664,0.983739233867487,0.671206334363398,-253.27268724358146,-8.49605396564462,19644.31560929572,19897.588296539303,-253.27268724358146,19644.31560929572
HERD_GIVEBACK_S1,F09,NFLX,50,True,1,0,0,0,0.0,False,1,737.9079351472129,0.0,0.9699222252708808,-0.02579253822335792,-0.19081618258564692,0.0007009338425574274,3.3519818028923334,5.083018704849815,0.981591495966664,0.982462885544275,0.9837782690351752,0.6719599893470155,-254.49203038843916,-8.47488000760498,19593.507280324662,19847.9993107131,-254.49203038843916,19593.507280324662
GIVEBACK_BASELINE,F09,NKE,10,False,0,0,0,0,0.0,False,0,0.0,0.0,0.07503038861540134,0.0,-0.3983353303317031,0.0,0.5405912422230896,0.1883598639189795,1.0,1.0,1.0000000000000002,0.9656724279355147,0.0,0.0,10744.132856593531,10744.132856593531,0.0,10744.132856593531
GIVEBACK_BASELINE,F09,NKE,25,False,0,0,0,0,0.0,False,0,0.0,0.0,0.07340758968576111,0.0,-0.39833533033170254,0.0,0.5351761526650105,0.1842859121349668,1.0,1.0,1.0,0.9663963203102788,0.0,0.0,10728.0428059017,10728.0428059017,0.0,10728.0428059017
GIVEBACK_BASELINE,F09,NKE,50,False,0,0,0,0,0.0,False,0,0.0,0.0,0.07071105726278115,0.0,-0.3983353303317021,0.0,0.5261779967354393,0.1775164086095466,1.0,1.0,1.0000000000000002,0.9676028076015527,0.0,0.0,10701.306261014135,10701.306261014135,0.0,10701.306261014135
HERD_GIVEBACK_S1,F09,NKE,10,False,0,0,0,0,0.0,False,0,0.0,0.0,0.07503038861540134,0.0,-0.3983353303317031,0.0,0.5405912422230896,0.1883598639189795,1.0,1.0,1.0000000000000002,0.9656724279355147,0.0,0.0,10744.132856593531,10744.132856593531,0.0,10744.132856593531
HERD_GIVEBACK_S1,F09,NKE,25,False,0,0,0,0,0.0,False,0,0.0,0.0,0.07340758968576111,0.0,-0.39833533033170254,0.0,0.5351761526650105,0.1842859121349668,1.0,1.0,1.0,0.9663963203102788,0.0,0.0,10728.0428059017,10728.0428059017,0.0,10728.0428059017
HERD_GIVEBACK_S1,F09,NKE,50,False,0,0,0,0,0.0,False,0,0.0,0.0,0.07071105726278115,0.0,-0.3983353303317021,0.0,0.5261779967354393,0.1775164086095466,1.0,1.0,1.0000000000000002,0.9676028076015527,0.0,0.0,10701.306261014135,10701.306261014135,0.0,10701.306261014135
GIVEBACK_BASELINE,F09,NVDA,10,True,2,1,2,0,-1.9206315228133084,True,0,0.0,3.410605131648481e-13,0.9294225237796367,-0.03498609148757792,-0.35860597026749685,0.010204340920177746,2.0616074920217597,2.591765338112881,0.9728383298987671,0.9747069587454459,0.9778082371839473,0.8659525318056887,-345.25385494526563,-1.9206315228133093,19193.847845662272,19539.101700607538,-741.4899777070859,18797.611722900452
GIVEBACK_BASELINE,F09,NVDA,25,True,2,1,2,0,-1.9437087700808764,True,0,0.0,0.0,0.9260372600934743,-0.03540600625710333,-0.35871360170964717,0.010096709478026655,2.0566740412198223,2.5815504504984865,0.9728271403455757,0.974795140089517,0.9778388740028319,0.86630685769543,-349.40223452042846,-1.9437087700808746,19160.438366933573,19509.840601454,-742.1225098378163,18767.718091616185
GIVEBACK_BASELINE,F09,NVDA,50,True,2,1,2,0,-1.9818406046620827,True,0,0.0,0.0,0.9204160531889818,-0.0360998254531657,-0.3588928079037276,0.009917503283946139,2.048477047951129,2.5645987685433975,0.9728088872970355,0.9749419894600185,0.9778899004252498,0.866897990334929,-356.2568355872754,-1.9818406046620822,19104.96112906078,19461.217964648054,-743.1677815867297,18718.050183061325
HERD_GIVEBACK_S1,F09,NVDA,10,False,0,0,0,0,0.0,False,0,0.0,0.0,0.9644086152672147,0.0,-0.3688103111876746,0.0,2.0727941135400387,2.614917712472689,1.0,1.0,1.0,0.6989066575834054,0.0,0.0,19539.101700607538,19539.101700607538,0.0,19539.101700607538
HERD_GIVEBACK_S1,F09,NVDA,25,False,0,0,0,0,0.0,False,0,0.0,0.0,0.9614432663505776,0.0,-0.3688103111876738,0.0,2.06865101632009,2.606877403330882,1.0,1.0,1.0,0.6994305756175758,0.0,0.0,19509.840601454,19509.840601454,0.0,19509.840601454
HERD_GIVEBACK_S1,F09,NVDA,50,False,0,0,0,0,0.0,False,0,0.0,0.0,0.9565158786421475,0.0,-0.3688103111876737,0.0,2.0617665069474107,2.5935171811273263,1.0,1.0,1.0,0.7003037723411933,0.0,0.0,19461.217964648054,19461.217964648054,0.0,19461.217964648054
GIVEBACK_BASELINE,F09,ORCL,10,True,3,1,3,0,-3.026592464891838,True,0,0.0,0.0,0.9277013640297731,-0.0765835140102491,-0.3326233611679832,0.025251287339074224,2.615638462762447,2.7890445240292685,0.9402269107026171,0.9422828677719733,0.9522376869850384,1.0107893178234637,-755.6922384205063,-3.0265924648918343,19176.861619949723,19932.55385837023,-1082.7364047068513,18849.817453663378
GIVEBACK_BASELINE,F09,ORCL,25,True,3,1,3,0,-3.0470628237142274,True,0,0.0,0.0,0.9241588714369529,-0.07710046296334583,-0.3327986346758953,0.025076013831161648,2.6106853948891353,2.776931078268903,0.940278996010487,0.942557455627495,0.9523009801229756,1.0110803273057183,-760.8033630463688,-3.047062823714228,19141.90017550005,19902.70353854642,-1083.7515266538248,18818.952011892594
GIVEBACK_BASELINE,F09,ORCL,50,True,3,1,3,0,-3.080870721875737,True,0,0.0,2.2737367544323206e-13,0.918277735412677,-0.07795418839926826,-0.3330904648107391,0.024784183696317963,2.6020642863434817,2.75684185656422,0.9403657735346832,0.9430128847583835,0.9524064117722287,1.011566313224898,-769.2446601599804,-3.0808707218757405,19083.857144298516,19853.101804458496,-1085.4295696072222,18767.672234851274
HERD_GIVEBACK_S1,F09,ORCL,10,True,1,1,1,1,0.22327414500126475,True,0,0.0,0.0,1.0099354360766961,0.005650558036673914,-0.34595959563217027,0.011915052874887144,2.72956218089617,2.9192294384297854,0.9757600872025398,0.9675152168447746,0.9774042509298854,0.8405223662956349,55.74802038088819,0.22327414500126963,19988.301878751117,19932.55385837023,-333.43383347881536,19599.120024891414
HERD_GIVEBACK_S1,F09,ORCL,25,True,1,1,1,1,0.21033313989148805,True,0,0.0,0.0,1.0065823180088556,0.005322983608556875,-0.3460256358585778,0.011849012648479151,2.7255083594413354,2.9089819183808974,0.9757644780268666,0.9676246625256033,0.9774362943566435,0.8409890135139266,52.516856214500876,0.21033313989148894,19955.22039476092,19902.70353854642,-333.92791928740917,19568.77561925901
HERD_GIVEBACK_S1,F09,ORCL,50,True,1,1,1,1,0.18893384170557148,True,0,0.0,0.0,1.001013246492139,0.0047813226801938224,-0.3461355927391532,0.011739055767903905,2.7183857778823675,2.8919685449583334,0.9757720894006866,0.9678064513357214,0.9774896582975571,0.841767135682859,47.17379013132813,0.1889338417055768,19900.275594589824,19853.101804458496,-334.74562953162604,19518.35617492687
GIVEBACK_BASELINE,F09,PEP,10,False,0,0,0,0,0.0,False,0,0.0,0.0,-0.19647583946849456,0.0,-0.26657445437568283,0.0,-1.3266479793602308,-0.7370392633031579,1.0,1.0,1.0000000000000002,1.159487635918897,0.0,0.0,8049.203667836189,8049.203667836189,0.0,8049.203667836189
GIVEBACK_BASELINE,F09,PEP,25,False,0,0,0,0,0.0,False,0,0.0,0.0,-0.19768878950363955,0.0,-0.2665744543756826,0.0,-1.3327169098618286,-0.7415893993542131,1.0,1.0,1.0,1.1603568170552683,0.0,0.0,8037.149452128603,8037.149452128603,0.0,8037.149452128603
GIVEBACK_BASELINE,F09,PEP,50,False,0,0,0,0,0.0,False,0,0.0,0.0,-0.1997042943437507,0.0,-0.2665744543756823,0.0,-1.34219637065731,-0.749150156985066,1.0,1.0,1.0000000000000002,1.1618054522825532,0.0,0.0,8017.119180905535,8017.119180905535,0.0,8017.119180905535
HERD_GIVEBACK_S1,F09,PEP,10,False,0,0,0,0,0.0,False,0,0.0,0.0,-0.19647583946849456,0.0,-0.26657445437568283,0.0,-1.3266479793602308,-0.7370392633031579,1.0,1.0,1.0000000000000002,1.159487635918897,0.0,0.0,8049.203667836189,8049.203667836189,0.0,8049.203667836189
HERD_GIVEBACK_S1,F09,PEP,25,False,0,0,0,0,0.0,False,0,0.0,0.0,-0.19768878950363955,0.0,-0.2665744543756826,0.0,-1.3327169098618286,-0.7415893993542131,1.0,1.0,1.0,1.1603568170552683,0.0,0.0,8037.149452128603,8037.149452128603,0.0,8037.149452128603
HERD_GIVEBACK_S1,F09,PEP,50,False,0,0,0,0,0.0,False,0,0.0,0.0,-0.1997042943437507,0.0,-0.2665744543756823,0.0,-1.34219637065731,-0.749150156985066,1.0,1.0,1.0000000000000002,1.1618054522825532,0.0,0.0,8017.119180905535,8017.119180905535,0.0,8017.119180905535
GIVEBACK_BASELINE,F09,PG,10,False,0,0,0,0,0.0,False,0,0.0,0.0,-0.09707143409868246,0.0,-0.14650588680086551,0.0,-0.5900570641079071,-0.6625770214313941,1.0,1.0,1.0,1.015068678331799,0.0,0.0,9036.606060900345,9036.606060900345,0.0,9036.606060900345
GIVEBACK_BASELINE,F09,PG,25,False,0,0,0,0,0.0,False,0,0.0,0.0,-0.09843443883399694,0.0,-0.14650588680086618,0.0,-0.5995677664455504,-0.6718804341820821,1.0,1.0,1.0,1.0158295993800237,0.0,0.0,9023.073144699225,9023.073144699225,0.0,9023.073144699225
GIVEBACK_BASELINE,F09,PG,50,False,0,0,0,0,0.0,False,0,0.0,0.0,-0.10069928286014707,0.0,-0.1465058868008644,0.0,-0.6150234631291374,-0.6873394991767179,1.0,1.0,1.0,1.017097801127065,0.0,0.0,9000.585743733196,9000.585743733196,0.0,9000.585743733196
HERD_GIVEBACK_S1,F09,PG,10,False,0,0,0,0,0.0,False,0,0.0,0.0,-0.09707143409868246,0.0,-0.14650588680086551,0.0,-0.5900570641079071,-0.6625770214313941,1.0,1.0,1.0,1.015068678331799,0.0,0.0,9036.606060900345,9036.606060900345,0.0,9036.606060900345
HERD_GIVEBACK_S1,F09,PG,25,False,0,0,0,0,0.0,False,0,0.0,0.0,-0.09843443883399694,0.0,-0.14650588680086618,0.0,-0.5995677664455504,-0.6718804341820821,1.0,1.0,1.0,1.0158295993800237,0.0,0.0,9023.073144699225,9023.073144699225,0.0,9023.073144699225
HERD_GIVEBACK_S1,F09,PG,50,False,0,0,0,0,0.0,False,0,0.0,0.0,-0.10069928286014707,0.0,-0.1465058868008644,0.0,-0.6150234631291374,-0.6873394991767179,1.0,1.0,1.0,1.017097801127065,0.0,0.0,9000.585743733196,9000.585743733196,0.0,9000.585743733196
GIVEBACK_BASELINE,F09,PLD,10,False,0,0,0,0,0.0,False,0,0.0,0.0,-0.09413380587403841,0.0,-0.304924019892277,0.0,-0.2756626340282495,-0.30871233400141396,1.0,1.0,1.0000000000000002,1.0387010744627572,0.0,0.0,9065.7724494064,9065.7724494064,0.0,9065.7724494064
GIVEBACK_BASELINE,F09,PLD,25,False,0,0,0,0,0.0,False,0,0.0,0.0,-0.09550124506998403,0.0,-0.3049240198922756,0.0,-0.2829005630558378,-0.31319685836400485,1.0,1.0,1.0,1.0394797109503604,0.0,0.0,9052.195854606382,9052.195854606382,0.0,9052.195854606382
GIVEBACK_BASELINE,F09,PLD,50,False,0,0,0,0,0.0,False,0,0.0,0.0,-0.09777345764110379,0.0,-0.30492401989227746,0.0,-0.29486731313000797,-0.32064859198578344,1.0,1.0,1.0,1.0407774384296993,0.0,0.0,9029.635873706178,9029.635873706178,0.0,9029.635873706178
HERD_GIVEBACK_S1,F09,PLD,10,False,0,0,0,0,0.0,False,0,0.0,0.0,-0.09413380587403841,0.0,-0.304924019892277,0.0,-0.2756626340282495,-0.30871233400141396,1.0,1.0,1.0000000000000002,1.0387010744627572,0.0,0.0,9065.7724494064,9065.7724494064,0.0,9065.7724494064
HERD_GIVEBACK_S1,F09,PLD,25,False,0,0,0,0,0.0,False,0,0.0,0.0,-0.09550124506998403,0.0,-0.3049240198922756,0.0,-0.2829005630558378,-0.31319685836400485,1.0,1.0,1.0,1.0394797109503604,0.0,0.0,9052.195854606382,9052.195854606382,0.0,9052.195854606382
HERD_GIVEBACK_S1,F09,PLD,50,False,0,0,0,0,0.0,False,0,0.0,0.0,-0.09777345764110379,0.0,-0.30492401989227746,0.0,-0.29486731313000797,-0.32064859198578344,1.0,1.0,1.0,1.0407774384296993,0.0,0.0,9029.635873706178,9029.635873706178,0.0,9029.635873706178
GIVEBACK_BASELINE,F09,SHW,10,False,0,0,0,0,0.0,False,0,0.0,0.0,0.027461101874114213,0.0,-0.21394214146916102,0.0,0.362913125039968,0.12835760961134735,1.0,1.0,1.0,0.9518811140395094,0.0,0.0,10272.402148821575,10272.402148821575,0.0,10272.402148821575
GIVEBACK_BASELINE,F09,SHW,25,False,0,0,0,0,0.0,False,0,0.0,0.0,0.02591011057746928,0.0,-0.21394214146916013,0.0,0.3531710182405749,0.12110802668208422,1.0,1.0,1.0,0.9525946680980095,0.0,0.0,10257.018546114174,10257.018546114174,0.0,10257.018546114174
GIVEBACK_BASELINE,F09,SHW,50,False,0,0,0,0,0.0,False,0,0.0,0.0,0.02333289768758684,0.0,-0.21394214146916046,0.0,0.3368380133350498,0.10906171887108203,1.0,1.0,1.0,0.9537839248621769,0.0,0.0,10231.45589300657,10231.45589300657,0.0,10231.45589300657
HERD_GIVEBACK_S1,F09,SHW,10,False,0,0,0,0,0.0,False,0,0.0,0.0,0.027461101874114213,0.0,-0.21394214146916102,0.0,0.362913125039968,0.12835760961134735,1.0,1.0,1.0,0.9518811140395094,0.0,0.0,10272.402148821575,10272.402148821575,0.0,10272.402148821575
HERD_GIVEBACK_S1,F09,SHW,25,False,0,0,0,0,0.0,False,0,0.0,0.0,0.02591011057746928,0.0,-0.21394214146916013,0.0,0.3531710182405749,0.12110802668208422,1.0,1.0,1.0,0.9525946680980095,0.0,0.0,10257.018546114174,10257.018546114174,0.0,10257.018546114174
HERD_GIVEBACK_S1,F09,SHW,50,False,0,0,0,0,0.0,False,0,0.0,0.0,0.02333289768758684,0.0,-0.21394214146916046,0.0,0.3368380133350498,0.10906171887108203,1.0,1.0,1.0,0.9537839248621769,0.0,0.0,10231.45589300657,10231.45589300657,0.0,10231.45589300657
GIVEBACK_BASELINE,F09,SLB,10,False,0,0,0,0,0.0,False,0,0.0,0.0,-0.22452666876688288,0.0,-0.2898350773534081,0.0,-0.6902265140562917,-0.7746704464384346,1.0,1.0,1.0,1.0885571372122922,0.0,0.0,7770.399008693822,7770.399008693822,0.0,7770.399008693822
GIVEBACK_BASELINE,F09,SLB,25,False,0,0,0,0,0.0,False,0,0.0,0.0,-0.22569727501691816,0.0,-0.28983507735340797,0.0,-0.6957864764206515,-0.7787093166149661,1.0,1.0,1.0,1.0893731470602777,0.0,0.0,7758.7623214325595,7758.7623214325595,0.0,7758.7623214325595
GIVEBACK_BASELINE,F09,SLB,50,False,0,0,0,0,0.0,False,0,0.0,0.0,-0.22764241908258576,0.0,-0.2898350773534082,0.0,-0.7050253648601502,-0.7854205266017947,1.0,1.0,1.0,1.0907331634735864,0.0,0.0,7739.425849642495,7739.425849642495,0.0,7739.425849642495
HERD_GIVEBACK_S1,F09,SLB,10,False,0,0,0,0,0.0,False,0,0.0,0.0,-0.22452666876688288,0.0,-0.2898350773534081,0.0,-0.6902265140562917,-0.7746704464384346,1.0,1.0,1.0,1.0885571372122922,0.0,0.0,7770.399008693822,7770.399008693822,0.0,7770.399008693822
HERD_GIVEBACK_S1,F09,SLB,25,False,0,0,0,0,0.0,False,0,0.0,0.0,-0.22569727501691816,0.0,-0.28983507735340797,0.0,-0.6957864764206515,-0.7787093166149661,1.0,1.0,1.0,1.0893731470602777,0.0,0.0,7758.7623214325595,7758.7623214325595,0.0,7758.7623214325595
HERD_GIVEBACK_S1,F09,SLB,50,False,0,0,0,0,0.0,False,0,0.0,0.0,-0.22764241908258576,0.0,-0.2898350773534082,0.0,-0.7050253648601502,-0.7854205266017947,1.0,1.0,1.0,1.0907331634735864,0.0,0.0,7739.425849642495,7739.425849642495,0.0,7739.425849642495
GIVEBACK_BASELINE,F09,SO,10,False,0,0,0,0,0.0,False,0,0.0,0.0,0.11517693717676614,0.0,-0.132996317996824,0.0,0.9949274120813658,0.8660159838373617,1.0,1.0,1.0,0.9855496794598434,0.0,0.0,11142.125221087159,11142.125221087159,0.0,11142.125221087159
GIVEBACK_BASELINE,F09,SO,25,False,0,0,0,0,0.0,False,0,0.0,0.0,0.11349353551744668,0.0,-0.13299631799682443,0.0,0.9794206224082086,0.8533584780907737,1.0,1.0,1.0,0.9862884723230071,0.0,0.0,11125.439150464716,11125.439150464716,0.0,11125.439150464716
GIVEBACK_BASELINE,F09,SO,50,False,0,0,0,0,0.0,False,0,0.0,0.0,0.11069630224822613,0.0,-0.1329963179968242,0.0,0.9533504873170406,0.8323260667326852,1.0,1.0,1.0000000000000002,0.9875197937616128,0.0,0.0,11097.712210087799,11097.712210087799,0.0,11097.712210087799
HERD_GIVEBACK_S1,F09,SO,10,False,0,0,0,0,0.0,False,0,0.0,0.0,0.11517693717676614,0.0,-0.132996317996824,0.0,0.9949274120813658,0.8660159838373617,1.0,1.0,1.0,0.9855496794598434,0.0,0.0,11142.125221087159,11142.125221087159,0.0,11142.125221087159
HERD_GIVEBACK_S1,F09,SO,25,False,0,0,0,0,0.0,False,0,0.0,0.0,0.11349353551744668,0.0,-0.13299631799682443,0.0,0.9794206224082086,0.8533584780907737,1.0,1.0,1.0,0.9862884723230071,0.0,0.0,11125.439150464716,11125.439150464716,0.0,11125.439150464716
HERD_GIVEBACK_S1,F09,SO,50,False,0,0,0,0,0.0,False,0,0.0,0.0,0.11069630224822613,0.0,-0.1329963179968242,0.0,0.9533504873170406,0.8323260667326852,1.0,1.0,1.0000000000000002,0.9875197937616128,0.0,0.0,11097.712210087799,11097.712210087799,0.0,11097.712210087799
GIVEBACK_BASELINE,F09,TMUS,10,True,3,0,0,0,0.0,False,3,1680.4517489930047,0.0,0.25841644640496253,-0.013085446631673436,-0.17774259000062131,0.009276017514219914,1.103822674186934,1.4538802793638779,0.9520004626210553,0.9523547865923063,0.9544850180358949,0.964285046738116,-129.57401106766338,-7.651688603687205,12561.228864029039,12690.802875096702,-129.57401106766338,12561.228864029039
GIVEBACK_BASELINE,F09,TMUS,25,True,3,0,0,0,0.0,False,3,1675.417944138696,0.0,0.256262623779945,-0.013319889178780686,-0.1778144562394618,0.009204151275379102,1.0956717281556767,1.4411799197858104,0.9519340903307633,0.9524704465842483,0.9545469722324681,0.9648677139624557,-131.89718244213327,-7.6402296931213485,12539.90037465396,12671.797557096093,-131.89718244213327,12539.90037465396
GIVEBACK_BASELINE,F09,TMUS,50,True,3,0,0,0,0.0,False,3,1667.0617318920781,0.0,0.25268456587866117,-0.013708599023709578,-0.17793413281153392,0.009084474703307421,1.081958564749169,1.4201017077836446,0.9518235777738574,0.952662348927441,0.9546501634930646,0.9658388950662113,-135.74918428597266,-7.621188629635931,12504.467581204308,12640.21676549028,-135.74918428597266,12504.467581204308
HERD_GIVEBACK_S1,F09,TMUS,10,True,1,0,0,0,0.0,False,1,557.4894551727846,0.0,0.2637205528789901,-0.007781340157645866,-0.17965311635093784,0.007365491163903393,1.1203555160693137,1.4679431018821478,0.9716857858635982,0.972162738697821,0.9746585887307487,0.8716185220020611,-77.0506885820505,-2.682449992528383,12613.752186514652,12690.802875096702,-77.0506885820505,12613.752186514652
HERD_GIVEBACK_S1,F09,TMUS,25,True,1,0,0,0,0.0,False,1,555.8194916481808,0.0,0.2617285868650321,-0.00785392609369362,-0.17966373141934322,0.0073548760954976755,1.1127726533749163,1.4567691809436252,0.9717263746963245,0.9722851170081036,0.9746949287909653,0.8722375104664233,-77.77038620662279,-2.6784328459671656,12594.02717088947,12671.797557096093,-77.77038620662279,12594.02717088947
HERD_GIVEBACK_S1,F09,TMUS,50,True,1,0,0,0,0.0,False,1,553.0473202868391,0.0,0.2584189087469293,-0.00797425615544145,-0.17968140827607237,0.0073371992387689655,1.1000017291347914,1.438206162931895,0.9717939670687145,0.9724882177051517,0.9747554456230032,0.8732692094130305,-78.96351798767319,-2.6717576265156637,12561.253247502607,12640.21676549028,-78.96351798767319,12561.253247502607
GIVEBACK_BASELINE,F09,TSLA,10,True,3,0,0,0,0.0,False,3,2048.8378111845923,0.0,0.6414472849945638,-0.033415798848902334,-0.5111970681889186,0.026459733065174795,1.844078401236692,1.2547945301546795,0.9277912500266695,0.9285732636086949,0.9320307826712447,0.7475837342712637,-330.1781407893686,-7.692607762356616,16350.038875680119,16680.217016469487,-330.1781407893686,16350.038875680119
GIVEBACK_BASELINE,F09,TSLA,25,True,3,0,0,0,0.0,False,3,2042.700503329242,0.0,0.6386588842119256,-0.03367593061836471,-0.5113018649782678,0.026354936275825414,1.8393171409931146,1.2490838151726102,0.927844654429224,0.928705344530533,0.9321217570317873,0.7480296736073709,-332.75271466005506,-7.681087572639974,16322.48457185561,16655.237286515665,-332.75271466005506,16322.48457185561
GIVEBACK_BASELINE,F09,TSLA,50,True,3,0,0,0,0.0,False,3,2032.5124550146068,0.0,0.6340265652458581,-0.03410713800891818,-0.5114763679108387,0.026180433343254816,1.8314054001999058,1.2396008985431415,0.9279338148508094,0.9289253427836582,0.9322732937447227,0.7487729806841169,-337.0206326452171,-7.661944682703123,16276.70829047363,16613.728923118848,-337.0206326452171,16276.70829047363
HERD_GIVEBACK_S1,F09,TSLA,10,True,1,0,0,0,0.0,False,1,809.145650024925,0.0,0.6723464065803453,-0.002516677263120881,-0.5295107031038669,0.008146098150226488,1.853507559908677,1.2697503613037642,0.9757216849347907,0.9748549507253935,0.9779396300957455,0.6614734795958972,-24.86520079854745,-2.696795008713977,16655.35181567094,16680.217016469487,-24.86520079854745,16655.35181567094
HERD_GIVEBACK_S1,F09,TSLA,25,True,1,0,0,0,0.0,False,1,806.7218486254627,0.0,0.6696992635970664,-0.0026355512332238984,-0.5295576038469891,0.008099197407104075,1.8493240558131903,1.2646391227923337,0.9757474024159786,0.9749102712085329,0.9779709942977303,0.6619160471453817,-26.04001570032051,-2.6927563795407465,16629.197270815344,16655.237286515665,-26.04001570032051,16629.197270815344
HERD_GIVEBACK_S1,F09,TSLA,50,True,1,0,0,0,0.0,False,1,802.6982919871435,0.0,0.6653010357638607,-0.002832667490915597,-0.5296356935158322,0.008021107738261368,1.8423722854760476,1.2561484127843683,0.9757903043305592,0.975002391854994,0.9780232265731909,0.6626536871342847,-27.988154168797337,-2.6860454628231807,16585.74076895005,16613.728923118848,-27.988154168797337,16585.74076895005
GIVEBACK_BASELINE,F09,UNH,10,False,0,0,0,0,0.0,False,0,0.0,0.0,-0.5815385379652456,0.0,-0.6139086383907241,0.0,-1.5705670166656118,-0.9472721209619526,1.0,1.0,1.0,1.1958527692685774,0.0,0.0,4213.6475128140455,4213.6475128140455,0.0,4213.6475128140455
GIVEBACK_BASELINE,F09,UNH,25,False,0,0,0,0,0.0,False,0,0.0,0.0,-0.5821702213296209,0.0,-0.6139086383907237,0.0,-1.5735632799029935,-0.9483010743352616,1.0,1.0,1.0,1.196749210624851,0.0,0.0,4207.33729653288,4207.33729653288,0.0,4207.33729653288
GIVEBACK_BASELINE,F09,UNH,50,False,0,0,0,0,0.0,False,0,0.0,0.0,-0.5832198613324475,0.0,-0.613908638390724,0.0,-1.5784769456607997,-0.9500108401492398,1.0,1.0,0.9999999999999998,1.1982432795519726,0.0,0.0,4196.8517247915015,4196.8517247915015,0.0,4196.8517247915015
HERD_GIVEBACK_S1,F09,UNH,10,False,0,0,0,0,0.0,False,0,0.0,0.0,-0.5815385379652456,0.0,-0.6139086383907241,0.0,-1.5705670166656118,-0.9472721209619526,1.0,1.0,1.0,1.1958527692685774,0.0,0.0,4213.6475128140455,4213.6475128140455,0.0,4213.6475128140455
HERD_GIVEBACK_S1,F09,UNH,25,False,0,0,0,0,0.0,False,0,0.0,0.0,-0.5821702213296209,0.0,-0.6139086383907237,0.0,-1.5735632799029935,-0.9483010743352616,1.0,1.0,1.0,1.196749210624851,0.0,0.0,4207.33729653288,4207.33729653288,0.0,4207.33729653288
HERD_GIVEBACK_S1,F09,UNH,50,False,0,0,0,0,0.0,False,0,0.0,0.0,-0.5832198613324475,0.0,-0.613908638390724,0.0,-1.5784769456607997,-0.9500108401492398,1.0,1.0,0.9999999999999998,1.1982432795519726,0.0,0.0,4196.8517247915015,4196.8517247915015,0.0,4196.8517247915015
GIVEBACK_BASELINE,F09,UNP,10,False,0,0,0,0,0.0,False,0,0.0,0.0,-0.0429693742388495,0.0,-0.1775414352872149,0.0,-0.09746973911318557,-0.24202448385829745,1.0,1.0,1.0,0.9973473590152805,0.0,0.0,9573.642765762419,9573.642765762419,0.0,9573.642765762419
GIVEBACK_BASELINE,F09,UNP,25,False,0,0,0,0,0.0,False,0,0.0,0.0,-0.04441404807464644,0.0,-0.177541435287214,0.0,-0.1068308227504038,-0.25016159187175957,1.0,1.0,0.9999999999999998,0.9980949957161913,0.0,0.0,9559.305601520071,9559.305601520071,0.0,9559.305601520071
GIVEBACK_BASELINE,F09,UNP,50,False,0,0,0,0,0.0,False,0,0.0,0.0,-0.04681459799349541,0.0,-0.1775414352872141,0.0,-0.12233836869283994,-0.2636826604322649,1.0,1.0,1.0,0.9993410568843765,0.0,0.0,9535.481796196664,9535.481796196664,0.0,9535.481796196664
HERD_GIVEBACK_S1,F09,UNP,10,False,0,0,0,0,0.0,False,0,0.0,0.0,-0.0429693742388495,0.0,-0.1775414352872149,0.0,-0.09746973911318557,-0.24202448385829745,1.0,1.0,1.0,0.9973473590152805,0.0,0.0,9573.642765762419,9573.642765762419,0.0,9573.642765762419
HERD_GIVEBACK_S1,F09,UNP,25,False,0,0,0,0,0.0,False,0,0.0,0.0,-0.04441404807464644,0.0,-0.177541435287214,0.0,-0.1068308227504038,-0.25016159187175957,1.0,1.0,0.9999999999999998,0.9980949957161913,0.0,0.0,9559.305601520071,9559.305601520071,0.0,9559.305601520071
HERD_GIVEBACK_S1,F09,UNP,50,False,0,0,0,0,0.0,False,0,0.0,0.0,-0.04681459799349541,0.0,-0.1775414352872141,0.0,-0.12233836869283994,-0.2636826604322649,1.0,1.0,1.0,0.9993410568843765,0.0,0.0,9535.481796196664,9535.481796196664,0.0,9535.481796196664
GIVEBACK_BASELINE,F09,V,10,True,1,0,0,0,0.0,False,1,579.7562763752437,0.0,0.31181487401696484,-0.00794757938176427,-0.15098873006124347,-0.0008963035439802924,1.5657410095397468,2.065153299126946,0.9835189935639547,0.9854238258538188,0.9857618183598126,0.8571679386399124,-78.67349175634808,-1.9395896208795875,13089.9218708755,13168.595362631848,-78.67349175634808,13089.9218708755
GIVEBACK_BASELINE,F09,V,25,True,1,0,0,0,0.0,False,1,578.0196124334897,0.0,0.3097469134777642,-0.00802330870644874,-0.1510511364659558,-0.0009587099486926265,1.5558590785340571,2.050609619528255,0.9835426106200313,0.9855379852338665,0.9857822511318004,0.8577598033837612,-79.42411350301518,-1.936684956935295,13069.450405227044,13148.87451873006,-79.42411350301518,13069.450405227044
GIVEBACK_BASELINE,F09,V,50,True,1,0,0,0,0.0,False,1,575.1367171051334,0.0,0.3063109700354152,-0.00814885061604853,-0.15115504303871274,-0.0010626165214491223,1.5389996973191833,2.0264687428057893,0.9835819400365772,0.9857272801249193,0.9858162775804035,0.8587462723271306,-80.66852043161452,-1.9318583296351406,13035.43623030334,13116.104750734954,-80.66852043161452,13035.43623030334
HERD_GIVEBACK_S1,F09,V,10,True,1,0,0,0,0.0,False,1,579.7562763752437,0.0,0.31181487401696484,-0.00794757938176427,-0.15098873006124347,-0.0008963035439802924,1.5657410095397468,2.065153299126946,0.9835189935639547,0.9854238258538188,0.9857618183598126,0.8571679386399124,-78.67349175634808,-1.9395896208795875,13089.9218708755,13168.595362631848,-78.67349175634808,13089.9218708755
HERD_GIVEBACK_S1,F09,V,25,True,1,0,0,0,0.0,False,1,578.0196124334897,0.0,0.3097469134777642,-0.00802330870644874,-0.1510511364659558,-0.0009587099486926265,1.5558590785340571,2.050609619528255,0.9835426106200313,0.9855379852338665,0.9857822511318004,0.8577598033837612,-79.42411350301518,-1.936684956935295,13069.450405227044,13148.87451873006,-79.42411350301518,13069.450405227044
HERD_GIVEBACK_S1,F09,V,50,True,1,0,0,0,0.0,False,1,575.1367171051334,0.0,0.3063109700354152,-0.00814885061604853,-0.15115504303871274,-0.0010626165214491223,1.5389996973191833,2.0264687428057893,0.9835819400365772,0.9857272801249193,0.9858162775804035,0.8587462723271306,-80.66852043161452,-1.9318583296351406,13035.43623030334,13116.104750734954,-80.66852043161452,13035.43623030334
GIVEBACK_BASELINE,F09,WMT,10,True,1,0,0,0,0.0,False,1,661.0501265065617,0.0,0.4727750259259331,-0.007778009131423458,-0.21563643987551862,0.003643814056471961,2.5156223849978807,2.1924635103364443,0.9800565907046072,0.9784644058737406,0.980558664287528,0.8053463097888168,-76.9244527058363,-7.472082493889502,14682.56713154215,14759.491584247986,-76.9244527058363,14682.56713154215
GIVEBACK_BASELINE,F09,WMT,25,True,1,0,0,0,0.0,False,1,659.0699462736309,0.0,0.47045169696959,-0.007866387424032784,-0.21570046757200867,0.003579786359981574,2.505990218977754,2.181041618801944,0.9800850299433329,0.9785877500819049,0.9805864384483893,0.8058996858000759,-77.79946711968296,-7.460892555370975,14659.588800746611,14737.388267866294,-77.79946711968296,14659.588800746611
GIVEBACK_BASELINE,F09,WMT,50,True,1,0,0,0,0.0,False,1,655.7828092486895,0.0,0.4665914607987831,-0.008012906005776754,-0.2158070735932095,0.003473180338780968,2.4889217846836127,2.162076770839752,0.9801323906096803,0.9787923113058207,0.9806326912194665,0.80682201320593,-79.25017018328799,-7.4422984378495585,14621.409418456216,14700.659588639504,-79.25017018328799,14621.409418456216
HERD_GIVEBACK_S1,F09,WMT,10,True,1,0,0,0,0.0,False,1,626.9518641367365,0.0,0.46932737601942853,-0.011225659037928049,-0.21783794775866772,0.0014423061733228604,2.489648318096817,2.1544794231139837,0.981247005738181,0.9820482833123361,0.9825049072160901,0.8036038724575014,-111.02271507566184,-7.472082493889502,14648.468869172324,14759.491584247986,-111.02271507566184,14648.468869172324
HERD_GIVEBACK_S1,F09,WMT,25,True,1,0,0,0,0.0,False,1,625.0738254849273,0.0,0.46701441754537054,-0.011303666848252236,-0.21789867278096364,0.0013815811510266007,2.4805714044610077,2.1432641676290674,0.9812238953770975,0.9820977213517736,0.982529968566641,0.8041572938332813,-111.79558790838564,-7.460892555370975,14625.592679957908,14737.388267866294,-111.79558790838564,14625.592679957908
HERD_GIVEBACK_S1,F09,WMT,50,True,1,0,0,0,0.0,False,1,621.9562454364203,0.0,0.4631713962149706,-0.011432970589589253,-0.21799977985445185,0.001280474077538618,2.464440215983621,2.124641577730988,0.9811854246218682,0.982179675448358,0.9825717032193545,0.8050796936244617,-113.07673399555642,-7.4422984378495585,14587.582854643948,14700.659588639504,-113.07673399555642,14587.582854643948
GIVEBACK_BASELINE,F09,XOM,10,False,0,0,0,0,0.0,False,0,0.0,0.0,-0.039576676378942244,0.0,-0.18918138000272244,0.0,-0.057578634303827696,-0.20919963887763537,1.0,1.0,1.0000000000000002,1.0104818278386503,0.0,0.0,9607.311743675687,9607.311743675687,0.0,9607.311743675687
GIVEBACK_BASELINE,F09,XOM,25,False,0,0,0,0,0.0,False,0,0.0,0.0,-0.04102647162015671,0.0,-0.18918138000272156,0.0,-0.06557613543217738,-0.21686315862357336,1.0,1.0,1.0,1.0112393104682145,0.0,0.0,9592.924157908532,9592.924157908532,0.0,9592.924157908532
GIVEBACK_BASELINE,F09,XOM,50,False,0,0,0,0,0.0,False,0,0.0,0.0,-0.04343553154939783,0.0,-0.18918138000272022,0.0,-0.0788528707517564,-0.22959728673494864,1.0,1.0,1.0,1.0125017815174882,0.0,0.0,9569.016568053483,9569.016568053483,0.0,9569.016568053483
HERD_GIVEBACK_S1,F09,XOM,10,False,0,0,0,0,0.0,False,0,0.0,0.0,-0.039576676378942244,0.0,-0.18918138000272244,0.0,-0.057578634303827696,-0.20919963887763537,1.0,1.0,1.0000000000000002,1.0104818278386503,0.0,0.0,9607.311743675687,9607.311743675687,0.0,9607.311743675687
HERD_GIVEBACK_S1,F09,XOM,25,False,0,0,0,0,0.0,False,0,0.0,0.0,-0.04102647162015671,0.0,-0.18918138000272156,0.0,-0.06557613543217738,-0.21686315862357336,1.0,1.0,1.0,1.0112393104682145,0.0,0.0,9592.924157908532,9592.924157908532,0.0,9592.924157908532
HERD_GIVEBACK_S1,F09,XOM,50,False,0,0,0,0,0.0,False,0,0.0,0.0,-0.04343553154939783,0.0,-0.18918138000272022,0.0,-0.0788528707517564,-0.22959728673494864,1.0,1.0,1.0,1.0125017815174882,0.0,0.0,9569.016568053483,9569.016568053483,0.0,9569.016568053483
