ticker,cik,accession_number,accepted_at,document_name,source_url,source_sha256,metric,fiscal_period,accounting_basis,metric_subtype,unit,lower_bound,upper_bound,midpoint,numeric_role,sign,source_structure,range_offset,range_role,semantic_role,table_index,row_index,column_index,row_header,header_path,source_excerpt,candidate_status,block_path,source_kind,review_priority
APH,0000820313,0001104659-16-133459,2016-07-20T14:02:06.000Z,a16-15212_1ex99d1.htm,https://www.sec.gov/Archives/edgar/data/820313/000110465916133459/a16-15212_1ex99d1.htm,464127560789296a2d9d5e907df9ad97b227610d6c45189e75fcab68c95ff7ca,EPS,Q3-2016,UNSPECIFIED,NOT_APPLICABLE,USD_PER_SHARE,0.67,0.69,0.68,CURRENT_GUIDANCE_RANGE,AS_REPORTED,NARRATIVE_CLAUSE,265,CURRENT_CANDIDATE,CURRENT_GUIDANCE_RANGE,,,,,,"Considering this environment and based on current currency exchange rates, we expect third quarter 2016 sales in the range of $1.543 billion to $1.583 billion and diluted EPS in the range of $0.67 to $0.69. For the full year 2016, we now expect to achieve sales in the range of $6.120 billion to $6.200 billion, an increase over 2015 of 10% to 11% and adjusted diluted EPS of $2.60 to $2.64 for the full year 2016, an increase of 7% to 9% over 2015. This compares to our prior full year 2016 guidance of $6.080 billion to $6.200 billion in sales and $2.56 to $2.62 in adjusted diluted EPS.",V9_SEVEN_GRAMMAR_CORRECTED_NOT_SOURCE_REVIEWED,/html/body/document/type/sequence/filename/description/text/div[2]/p[6],HTML_P,ad41629b255052bf23f5f543ec4cbe665ec69b1f2074adf8361a4850cf387d56
APH,0000820313,0001104659-16-133459,2016-07-20T14:02:06.000Z,a16-15212_1ex99d1.htm,https://www.sec.gov/Archives/edgar/data/820313/000110465916133459/a16-15212_1ex99d1.htm,464127560789296a2d9d5e907df9ad97b227610d6c45189e75fcab68c95ff7ca,EPS,FY2016,NON_GAAP,NOT_APPLICABLE,USD_PER_SHARE,2.6,2.64,2.62,CURRENT_GUIDANCE_RANGE,AS_REPORTED,NARRATIVE_CLAUSE,451,CURRENT_CANDIDATE,CURRENT_GUIDANCE_RANGE,,,,,,"Considering this environment and based on current currency exchange rates, we expect third quarter 2016 sales in the range of $1.543 billion to $1.583 billion and diluted EPS in the range of $0.67 to $0.69. For the full year 2016, we now expect to achieve sales in the range of $6.120 billion to $6.200 billion, an increase over 2015 of 10% to 11% and adjusted diluted EPS of $2.60 to $2.64 for the full year 2016, an increase of 7% to 9% over 2015. This compares to our prior full year 2016 guidance of $6.080 billion to $6.200 billion in sales and $2.56 to $2.62 in adjusted diluted EPS.",V9_SEVEN_GRAMMAR_CORRECTED_NOT_SOURCE_REVIEWED,/html/body/document/type/sequence/filename/description/text/div[2]/p[6],HTML_P,030198c3abec3d96fad2ebf24bda812cb65ff600603a8f504c56388df0693b37
WST,0000105770,0000105770-16-000084,2016-07-28T12:54:14.000Z,exh991q22016earningsrelease.htm,https://www.sec.gov/Archives/edgar/data/105770/000010577016000084/exh991q22016earningsrelease.htm,a9a14f3f44a87f535ba1e0afc0d0c1dd89ab437f4d380fb82784023b1cee2c21,EPS,FY2016,NON_GAAP,NOT_APPLICABLE,USD_PER_SHARE,2.15,2.25,2.2,CURRENT_GUIDANCE_RANGE,AS_REPORTED,HTML_TABLE_GRID,0,CURRENT_CANDIDATE,CURRENT_GUIDANCE_RANGE,24,3,1,Adjusted diluted EPS guidance,Full Year 2016 Guidance(2) (3),| Adjusted diluted EPS guidance | $2.15 to $2.25,V9_SEVEN_GRAMMAR_CORRECTED_NOT_SOURCE_REVIEWED,,,214a769391ef7bbaf2097a181622916fcdc0e19c23cc671dfacbb684bfadc8cc
WST,0000105770,0000105770-16-000084,2016-07-28T12:54:14.000Z,exh991q22016earningsrelease.htm,https://www.sec.gov/Archives/edgar/data/105770/000010577016000084/exh991q22016earningsrelease.htm,a9a14f3f44a87f535ba1e0afc0d0c1dd89ab437f4d380fb82784023b1cee2c21,EPS,FY2016,UNSPECIFIED,NOT_APPLICABLE,USD_PER_SHARE,1.79,1.99,1.89,CURRENT_GUIDANCE_RANGE,AS_REPORTED,HTML_TABLE_GRID,0,CURRENT_CANDIDATE,CURRENT_GUIDANCE_RANGE,24,6,1,Reported diluted EPS guidance,Full Year 2016 Guidance(2) (3) | $2.15 to $2.25 | (0.23 to 0.28) | (0.03 to 0.08),| Reported diluted EPS guidance | $1.79 to $1.99,V9_SEVEN_GRAMMAR_CORRECTED_NOT_SOURCE_REVIEWED,,,214a769391ef7bbaf2097a181622916fcdc0e19c23cc671dfacbb684bfadc8cc
APH,0000820313,0001558370-16-008636,2016-10-19T14:58:38.000Z,aph-20161019ex9912949d3.htm,https://www.sec.gov/Archives/edgar/data/820313/000155837016008636/aph-20161019ex9912949d3.htm,183440bc513bf7ef7a9776afce4c16d702fe6c3cab222bdf02d3f265879c5330,EPS,Q4-2016,GAAP,NOT_APPLICABLE,USD_PER_SHARE,0.71,0.73,0.72,CURRENT_GUIDANCE_RANGE,AS_REPORTED,NARRATIVE_CLAUSE,271,CURRENT_CANDIDATE,CURRENT_GUIDANCE_RANGE,,,,,,"Considering this environment and based on current currency exchange rates, we expect fourth quarter 2016 sales in the range of $1.585 billion to $1.625 billion and GAAP Diluted EPS in the range of $0.71 to $0.73. For the full year 2016, we now expect to achieve sales in the range of $6.220 billion to $6.260 billion, an increase over 2015 of 12% and GAAP Diluted EPS of $2.57 to $2.59, an increase of 7% over 2015. We expect Adjusted Diluted EPS of $2.68 to $2.70 for the full year 2016, an increase of 10% to 11% over 2015. This compares to our prior full year 2016 guidance of $6.120 billion to $6.200 billion in sales, GAAP Diluted EPS of $2.51 to $2.55 and Adjusted Diluted EPS of $2.60 to $2.64.”",V9_SEVEN_GRAMMAR_CORRECTED_NOT_SOURCE_REVIEWED,/html/body/document/type/sequence/filename/description/text/div[6]/p[3],HTML_P,e336efe4914ce5d4a937a154f74cc36b8f2c22ff6bf2fb322a52581bc9360ad3
APH,0000820313,0001558370-16-008636,2016-10-19T14:58:38.000Z,aph-20161019ex9912949d3.htm,https://www.sec.gov/Archives/edgar/data/820313/000155837016008636/aph-20161019ex9912949d3.htm,183440bc513bf7ef7a9776afce4c16d702fe6c3cab222bdf02d3f265879c5330,EPS,FY2016,GAAP,NOT_APPLICABLE,USD_PER_SHARE,2.57,2.59,2.58,CURRENT_GUIDANCE_RANGE,AS_REPORTED,NARRATIVE_CLAUSE,446,CURRENT_CANDIDATE,CURRENT_GUIDANCE_RANGE,,,,,,"Considering this environment and based on current currency exchange rates, we expect fourth quarter 2016 sales in the range of $1.585 billion to $1.625 billion and GAAP Diluted EPS in the range of $0.71 to $0.73. For the full year 2016, we now expect to achieve sales in the range of $6.220 billion to $6.260 billion, an increase over 2015 of 12% and GAAP Diluted EPS of $2.57 to $2.59, an increase of 7% over 2015. We expect Adjusted Diluted EPS of $2.68 to $2.70 for the full year 2016, an increase of 10% to 11% over 2015. This compares to our prior full year 2016 guidance of $6.120 billion to $6.200 billion in sales, GAAP Diluted EPS of $2.51 to $2.55 and Adjusted Diluted EPS of $2.60 to $2.64.”",V9_SEVEN_GRAMMAR_CORRECTED_NOT_SOURCE_REVIEWED,/html/body/document/type/sequence/filename/description/text/div[6]/p[3],HTML_P,204428ea70fddf26b415739c17379ab1831802b3f4e69600db5b58ffe1ab355e
APH,0000820313,0001558370-16-008636,2016-10-19T14:58:38.000Z,aph-20161019ex9912949d3.htm,https://www.sec.gov/Archives/edgar/data/820313/000155837016008636/aph-20161019ex9912949d3.htm,183440bc513bf7ef7a9776afce4c16d702fe6c3cab222bdf02d3f265879c5330,EPS,FY2016,NON_GAAP,NOT_APPLICABLE,USD_PER_SHARE,2.68,2.7,2.69,CURRENT_GUIDANCE_RANGE,AS_REPORTED,NARRATIVE_CLAUSE,526,CURRENT_CANDIDATE,CURRENT_GUIDANCE_RANGE,,,,,,"Considering this environment and based on current currency exchange rates, we expect fourth quarter 2016 sales in the range of $1.585 billion to $1.625 billion and GAAP Diluted EPS in the range of $0.71 to $0.73. For the full year 2016, we now expect to achieve sales in the range of $6.220 billion to $6.260 billion, an increase over 2015 of 12% and GAAP Diluted EPS of $2.57 to $2.59, an increase of 7% over 2015. We expect Adjusted Diluted EPS of $2.68 to $2.70 for the full year 2016, an increase of 10% to 11% over 2015. This compares to our prior full year 2016 guidance of $6.120 billion to $6.200 billion in sales, GAAP Diluted EPS of $2.51 to $2.55 and Adjusted Diluted EPS of $2.60 to $2.64.”",V9_SEVEN_GRAMMAR_CORRECTED_NOT_SOURCE_REVIEWED,/html/body/document/type/sequence/filename/description/text/div[6]/p[3],HTML_P,ab8742fdb5875e3cecdb142cfbcb6951cf3b191c9ea2996028d19cc93bd48890
MCO,0001059556,0001157523-16-006927,2016-10-21T12:00:22.000Z,a51444103ex99_1.htm,https://www.sec.gov/Archives/edgar/data/1059556/000115752316006927/a51444103ex99_1.htm,b577b084ef257f575e93c8034ab410a366027bd4d426e89f5156631340cf6f62,EPS,FY2016,GAAP,NOT_APPLICABLE,USD_PER_SHARE,4.76,4.86,4.81,CURRENT_GUIDANCE_RANGE,AS_REPORTED,HTML_TABLE_GRID,0,CURRENT_CANDIDATE,CURRENT_GUIDANCE_RANGE,11,9,2,GAAP EPS,"Full-year 2016 Moody's Corporation guidance | Current guidance as of October 21, 2016 | increase in the low-single-digit percent range | increase in the mid-single-digit percent range | Approximately $130 million | Approximately 41% | Approximately 45% | 31% - 31.5%",| GAAP EPS | | $4.76 to $4.86 | | $4.70 to $4.80,V9_SEVEN_GRAMMAR_CORRECTED_NOT_SOURCE_REVIEWED,,,ce2080ad95770f128c8796d7111814eb9bdc4998f7493d5dabf8b9d7d2b1b409
MCO,0001059556,0001157523-16-006927,2016-10-21T12:00:22.000Z,a51444103ex99_1.htm,https://www.sec.gov/Archives/edgar/data/1059556/000115752316006927/a51444103ex99_1.htm,b577b084ef257f575e93c8034ab410a366027bd4d426e89f5156631340cf6f62,EPS,FY2016,NON_GAAP,NOT_APPLICABLE,USD_PER_SHARE,4.62,4.72,4.67,CURRENT_GUIDANCE_RANGE,AS_REPORTED,HTML_TABLE_GRID,0,CURRENT_CANDIDATE,CURRENT_GUIDANCE_RANGE,11,10,2,Non-GAAP EPS,"Full-year 2016 Moody's Corporation guidance | Current guidance as of October 21, 2016 | increase in the low-single-digit percent range | increase in the mid-single-digit percent range | Approximately $130 million | Approximately 41% | Approximately 45% | 31% - 31.5% | $4.76 to $4.86",| Non-GAAP EPS | | $4.62 to $4.72 | | $4.55 to $4.65,V9_SEVEN_GRAMMAR_CORRECTED_NOT_SOURCE_REVIEWED,,,ce2080ad95770f128c8796d7111814eb9bdc4998f7493d5dabf8b9d7d2b1b409
MMM,0000066740,0001104659-16-151786,2016-10-25T11:41:15.000Z,a16-20374_1ex99.htm,https://www.sec.gov/Archives/edgar/data/66740/000110465916151786/a16-20374_1ex99.htm,c591c8b811dfe5b4acf4ee79d9a383a51d49e6f836acc595fc021e136178bcb6,EPS,FY2016,UNSPECIFIED,NOT_APPLICABLE,USD_PER_SHARE,8.15,8.2,8.175,CURRENT_GUIDANCE_RANGE,AS_REPORTED,NARRATIVE_CLAUSE,89,CURRENT_CANDIDATE,CURRENT_GUIDANCE_RANGE,,,,,,"For full-year 2016, 3M updated its forecast for earnings per share to be in the range of $8.15 to $8.20 versus a prior range of $8.15 to $8.30. The company now expects organic local-currency sales growth to be approximately flat versus a previous range of 0 to 1 percent. 3M also updated its tax rate to be approximately 29 percent versus a prior range of 29.0 to 29.5 percent.",V9_SEVEN_GRAMMAR_CORRECTED_NOT_SOURCE_REVIEWED,/html/body/document/type/sequence/filename/description/text/div[1]/p[20],HTML_P,c0fe2c70cdb36e6879d8a176bf0223382139f62600fab24531f23ffa5403685d
WST,0000105770,0000105770-16-000099,2016-10-27T13:03:39.000Z,exh991q32016earningsrelease.htm,https://www.sec.gov/Archives/edgar/data/105770/000010577016000099/exh991q32016earningsrelease.htm,bf2eb920b81ea3ff096a40f2da2e73e79ce59c9594b561a57a6a4affe60c402d,EPS,FY2016,NON_GAAP,NOT_APPLICABLE,USD_PER_SHARE,2.17,2.22,2.195,CURRENT_GUIDANCE_RANGE,AS_REPORTED,HTML_TABLE_GRID,0,CURRENT_CANDIDATE,CURRENT_GUIDANCE_RANGE,25,3,1,Adjusted diluted EPS guidance,Full Year 2016 Guidance(2) (3),| Adjusted diluted EPS guidance | $2.17 to $2.22,V9_SEVEN_GRAMMAR_CORRECTED_NOT_SOURCE_REVIEWED,,,3f4a5765d6c32edc9ee1d368a8ad986fa5795c56ea7f1218db9b72a6162e23ba
WST,0000105770,0000105770-16-000099,2016-10-27T13:03:39.000Z,exh991q32016earningsrelease.htm,https://www.sec.gov/Archives/edgar/data/105770/000010577016000099/exh991q32016earningsrelease.htm,bf2eb920b81ea3ff096a40f2da2e73e79ce59c9594b561a57a6a4affe60c402d,EPS,FY2016,UNSPECIFIED,NOT_APPLICABLE,USD_PER_SHARE,1.8,1.95,1.875,CURRENT_GUIDANCE_RANGE,AS_REPORTED,HTML_TABLE_GRID,0,CURRENT_CANDIDATE,CURRENT_GUIDANCE_RANGE,25,7,1,Reported diluted EPS guidance,Full Year 2016 Guidance(2) (3) | $2.17 to $2.22 | (0.23 to 0.28) | (0.03 to 0.08) | (0.01),| Reported diluted EPS guidance | $1.80 to $1.95,V9_SEVEN_GRAMMAR_CORRECTED_NOT_SOURCE_REVIEWED,,,3f4a5765d6c32edc9ee1d368a8ad986fa5795c56ea7f1218db9b72a6162e23ba
GEN,0000849399,0001157523-16-007247,2016-11-03T16:28:12.000Z,a51451690ex99_01.htm,https://www.sec.gov/Archives/edgar/data/849399/000115752316007247/a51451690ex99_01.htm,ff76e25f64abc5bd37c10c0d0d684db2542e91729cd041c4ea79d5db3af31565,MARGIN,FY2017,GAAP,NOT_APPLICABLE,PERCENT,1,3,2,CURRENT_GUIDANCE_RANGE,AS_REPORTED,HTML_TABLE_GRID,0,CURRENT_CANDIDATE,CURRENT_GUIDANCE_RANGE,13,3,1,GAAP operating margin,"Year Ended March 31, 2017 | Range","SYMANTEC CORPORATION Guidance and Reconciliation of GAAP to Non-GAAP Revenue, Operating Margin and Earnings Per Share (1) (Dollars in millions, except per share data, unaudited) Fiscal Year 2017 Revenue Guidance Year Ended March 31, 2017 Year-Over-Year Growth Rate (2) Range Actual Constant Currency (3) GAAP revenue range $3,925 - $4,005 9% - 11% 7% - 10% Add back: Deferred revenue fair value adjustment $115 3% 3% Non-GAAP revenue range (4) $4,040 - $4,120 12% - 14% 11% - 13% | GAAP operating margin | 1% - 3% | | -- | -- | --",V9_SEVEN_GRAMMAR_CORRECTED_NOT_SOURCE_REVIEWED,,,1affebe7bfd7a1da1559df94a8137eef4adf4e11e20f32e0eb511198424ecf5f
GEN,0000849399,0001157523-16-007247,2016-11-03T16:28:12.000Z,a51451690ex99_01.htm,https://www.sec.gov/Archives/edgar/data/849399/000115752316007247/a51451690ex99_01.htm,ff76e25f64abc5bd37c10c0d0d684db2542e91729cd041c4ea79d5db3af31565,MARGIN,FY2017,NON_GAAP,NOT_APPLICABLE,PERCENT,27,29,28,CURRENT_GUIDANCE_RANGE,AS_REPORTED,HTML_TABLE_GRID,0,CURRENT_CANDIDATE,CURRENT_GUIDANCE_RANGE,13,8,1,Non-GAAP operating margin,"Year Ended March 31, 2017 | Range | 1% - 3% | 2% | 8% | 16%","SYMANTEC CORPORATION Guidance and Reconciliation of GAAP to Non-GAAP Revenue, Operating Margin and Earnings Per Share (1) (Dollars in millions, except per share data, unaudited) Fiscal Year 2017 Revenue Guidance Year Ended March 31, 2017 Year-Over-Year Growth Rate (2) Range Actual Constant Currency (3) GAAP revenue range $3,925 - $4,005 9% - 11% 7% - 10% Add back: Deferred revenue fair value adjustment $115 3% 3% Non-GAAP revenue range (4) $4,040 - $4,120 12% - 14% 11% - 13% | Non-GAAP operating margin | 27% - 29% | | -- | -- | --",V9_SEVEN_GRAMMAR_CORRECTED_NOT_SOURCE_REVIEWED,,,1affebe7bfd7a1da1559df94a8137eef4adf4e11e20f32e0eb511198424ecf5f
GEN,0000849399,0001157523-16-007247,2016-11-03T16:28:12.000Z,a51451690ex99_01.htm,https://www.sec.gov/Archives/edgar/data/849399/000115752316007247/a51451690ex99_01.htm,ff76e25f64abc5bd37c10c0d0d684db2542e91729cd041c4ea79d5db3af31565,EPS,FY2017,GAAP,NOT_APPLICABLE,USD_PER_SHARE,-0.07,-0.01,-0.04,CURRENT_GUIDANCE_RANGE,AS_REPORTED,HTML_TABLE_GRID,0,CURRENT_CANDIDATE,CURRENT_GUIDANCE_RANGE,13,13,1,GAAP diluted earnings per share range,"Year Ended March 31, 2017 | Range | 1% - 3% | 2% | 8% | 16% | 27% - 29%","SYMANTEC CORPORATION Guidance and Reconciliation of GAAP to Non-GAAP Revenue, Operating Margin and Earnings Per Share (1) (Dollars in millions, except per share data, unaudited) Fiscal Year 2017 Revenue Guidance Year Ended March 31, 2017 Year-Over-Year Growth Rate (2) Range Actual Constant Currency (3) GAAP revenue range $3,925 - $4,005 9% - 11% 7% - 10% Add back: Deferred revenue fair value adjustment $115 3% 3% Non-GAAP revenue range (4) $4,040 - $4,120 12% - 14% 11% - 13% | GAAP diluted earnings per share range | ($0.07) - ($0.01) | | -- | -- | --",V9_SEVEN_GRAMMAR_CORRECTED_NOT_SOURCE_REVIEWED,,,256677619c6194b7a1de2c59058096c722d78744c5b4cbb0eb14c11dbb965557
GEN,0000849399,0001157523-16-007247,2016-11-03T16:28:12.000Z,a51451690ex99_01.htm,https://www.sec.gov/Archives/edgar/data/849399/000115752316007247/a51451690ex99_01.htm,ff76e25f64abc5bd37c10c0d0d684db2542e91729cd041c4ea79d5db3af31565,EPS,FY2017,NON_GAAP,NOT_APPLICABLE,USD_PER_SHARE,1.12,1.18,1.15,CURRENT_GUIDANCE_RANGE,AS_REPORTED,HTML_TABLE_GRID,0,CURRENT_CANDIDATE,CURRENT_GUIDANCE_RANGE,13,18,1,Non-GAAP diluted earnings per share range,"Year Ended March 31, 2017 | Range | 1% - 3% | 2% | 8% | 16% | 27% - 29% | ($0.07) - ($0.01) | $0.14 | $0.36 | $0.69","SYMANTEC CORPORATION Guidance and Reconciliation of GAAP to Non-GAAP Revenue, Operating Margin and Earnings Per Share (1) (Dollars in millions, except per share data, unaudited) Fiscal Year 2017 Revenue Guidance Year Ended March 31, 2017 Year-Over-Year Growth Rate (2) Range Actual Constant Currency (3) GAAP revenue range $3,925 - $4,005 9% - 11% 7% - 10% Add back: Deferred revenue fair value adjustment $115 3% 3% Non-GAAP revenue range (4) $4,040 - $4,120 12% - 14% 11% - 13% | Non-GAAP diluted earnings per share range | $1.12 - $1.18 | | -- | -- | --",V9_SEVEN_GRAMMAR_CORRECTED_NOT_SOURCE_REVIEWED,,,256677619c6194b7a1de2c59058096c722d78744c5b4cbb0eb14c11dbb965557
GEN,0000849399,0001157523-16-007247,2016-11-03T16:28:12.000Z,a51451690ex99_01.htm,https://www.sec.gov/Archives/edgar/data/849399/000115752316007247/a51451690ex99_01.htm,ff76e25f64abc5bd37c10c0d0d684db2542e91729cd041c4ea79d5db3af31565,EPS,FY2018,GAAP,NOT_APPLICABLE,USD_PER_SHARE,0.48,0.58,0.53,CURRENT_GUIDANCE_RANGE,AS_REPORTED,HTML_TABLE_GRID,0,CURRENT_CANDIDATE,CURRENT_GUIDANCE_RANGE,13,23,1,GAAP diluted earnings per share range,"Year Ended March 31, 2017 | Range | 1% - 3% | 2% | 8% | 16% | 27% - 29% | ($0.07) - ($0.01) | $0.14 | $0.36 | $0.69 | $1.12 - $1.18 | Year Ended March 30, 2018","SYMANTEC CORPORATION Guidance and Reconciliation of GAAP to Non-GAAP Revenue, Operating Margin and Earnings Per Share (1) (Dollars in millions, except per share data, unaudited) Fiscal Year 2017 Revenue Guidance Year Ended March 31, 2017 Year-Over-Year Growth Rate (2) Range Actual Constant Currency (3) GAAP revenue range $3,925 - $4,005 9% - 11% 7% - 10% Add back: Deferred revenue fair value adjustment $115 3% 3% Non-GAAP revenue range (4) $4,040 - $4,120 12% - 14% 11% - 13% | GAAP diluted earnings per share range | $0.48 - $0.58 | | -- | -- | --",V9_SEVEN_GRAMMAR_CORRECTED_NOT_SOURCE_REVIEWED,,,256677619c6194b7a1de2c59058096c722d78744c5b4cbb0eb14c11dbb965557
GEN,0000849399,0001157523-16-007247,2016-11-03T16:28:12.000Z,a51451690ex99_01.htm,https://www.sec.gov/Archives/edgar/data/849399/000115752316007247/a51451690ex99_01.htm,ff76e25f64abc5bd37c10c0d0d684db2542e91729cd041c4ea79d5db3af31565,EPS,FY2018,NON_GAAP,NOT_APPLICABLE,USD_PER_SHARE,1.7,1.8,1.75,CURRENT_GUIDANCE_RANGE,AS_REPORTED,HTML_TABLE_GRID,0,CURRENT_CANDIDATE,CURRENT_GUIDANCE_RANGE,13,26,1,Non-GAAP diluted earnings per share range,"Year Ended March 31, 2017 | Range | 1% - 3% | 2% | 8% | 16% | 27% - 29% | ($0.07) - ($0.01) | $0.14 | $0.36 | $0.69 | $1.12 - $1.18 | Year Ended March 30, 2018 | $0.48 - $0.58 | $1.22","SYMANTEC CORPORATION Guidance and Reconciliation of GAAP to Non-GAAP Revenue, Operating Margin and Earnings Per Share (1) (Dollars in millions, except per share data, unaudited) Fiscal Year 2017 Revenue Guidance Year Ended March 31, 2017 Year-Over-Year Growth Rate (2) Range Actual Constant Currency (3) GAAP revenue range $3,925 - $4,005 9% - 11% 7% - 10% Add back: Deferred revenue fair value adjustment $115 3% 3% Non-GAAP revenue range (4) $4,040 - $4,120 12% - 14% 11% - 13% | Non-GAAP diluted earnings per share range | $1.70 - $1.80 | | -- | -- | --",V9_SEVEN_GRAMMAR_CORRECTED_NOT_SOURCE_REVIEWED,,,256677619c6194b7a1de2c59058096c722d78744c5b4cbb0eb14c11dbb965557
TEL,0001385157,0001104659-17-003908,2017-01-25T11:20:24.000Z,a17-2774_1ex99d1.htm,https://www.sec.gov/Archives/edgar/data/1385157/000110465917003908/a17-2774_1ex99d1.htm,804deca3fe95ebc4c14d6ed7ac89104168eaeef044e8b45eb49703b02538ea4d,REVENUE,Q2-2017,UNSPECIFIED,NOT_APPLICABLE,USD,3025000000,3125000000,3075000000,CURRENT_GUIDANCE_RANGE,AS_REPORTED,NARRATIVE_CLAUSE,69,CURRENT_CANDIDATE,CURRENT_GUIDANCE_RANGE,,,,,,"For the fiscal second quarter 2017, the company expects net sales of $3.025 billion to $3.125 billion, reflecting an increase of 4 percent year over year at the midpoint.",V9_SEVEN_GRAMMAR_CORRECTED_NOT_SOURCE_REVIEWED,/html/body/document/type/sequence/filename/description/text/div[2]/p[8],HTML_P,0e5dd3ff4503b77161bc660a02eed7f379b4dca031fcdb55760c2458225b7f6a
APH,0000820313,0001558370-17-000189,2017-01-25T15:19:50.000Z,aph-20170125ex991f4567d.htm,https://www.sec.gov/Archives/edgar/data/820313/000155837017000189/aph-20170125ex991f4567d.htm,2a5696dc380155e0fe3951e8a1e62ac8d3b15729046cd30bbbe35eda2321ef01,EPS,FY2017,UNSPECIFIED,NOT_APPLICABLE,USD_PER_SHARE,2.84,2.92,2.88,CURRENT_GUIDANCE_RANGE,AS_REPORTED,NARRATIVE_CLAUSE,245,CURRENT_CANDIDATE,CURRENT_GUIDANCE_RANGE,,,,,,"range of $1.495 billion to $1.535 billion and diluted EPS in the range of $0.65 to $0.67. For the full year 2017, we expect to achieve sales in the range of $6.340 billion to $6.500 billion, an increase over 2016 of 1% to 3% and diluted EPS of $2.84 to $2.92, an increase of 9% to 12% over 2016 GAAP Diluted EPS and an increase of 4% to 7% over 2016 Adjusted Diluted EPS.”",V9_SEVEN_GRAMMAR_CORRECTED_NOT_SOURCE_REVIEWED,/html/body/document/type/sequence/filename/description/text/div[6]/p[1],HTML_P,26fd6eba36740b54efdffeead7678c7080842ab152fecdf8d01e5cf8225f7b6d
MCO,0001059556,0001157523-17-000540,2017-02-17T13:00:31.000Z,a51511890ex99_1.htm,https://www.sec.gov/Archives/edgar/data/1059556/000115752317000540/a51511890ex99_1.htm,7c8b03ae729d5678a6fce6b06fe2efc90e8c63a50aff43366aeb340d777360f2,EPS,FY2017,UNSPECIFIED,NOT_APPLICABLE,USD_PER_SHARE,5.15,5.3,5.225,CURRENT_GUIDANCE_RANGE,AS_REPORTED,HTML_TABLE_GRID,0,CURRENT_CANDIDATE,CURRENT_GUIDANCE_RANGE,14,11,3,EPS,"Full Year 2017 Moody's Corporation Guidance as of February 17, 2017 | increase in the mid-single-digit percent range | decrease in the 25% to 30% range | increase in the low-single-digit percent range | Approximately $135 million | Approximately 43% | Approximately 46% | 31% - 32%",| EPS | | | $5.15 to $5.30,V9_SEVEN_GRAMMAR_CORRECTED_NOT_SOURCE_REVIEWED,,,9407980cca29dbfc7c700f36f6e0d4a66ce7a826eabaaf8f39eabfd30084b223
MCO,0001059556,0001157523-17-001453,2017-05-05T12:00:18.000Z,a51553863ex99_1.htm,https://www.sec.gov/Archives/edgar/data/1059556/000115752317001453/a51553863ex99_1.htm,5fe017588b96cd82c0ffb0a9d928b8f7db041da9856867a669e8c9089d475def,EPS,FY2017,UNSPECIFIED,NOT_APPLICABLE,USD_PER_SHARE,5.46,5.61,5.535,CURRENT_GUIDANCE_RANGE,AS_REPORTED,HTML_TABLE_GRID,0,CURRENT_CANDIDATE,CURRENT_GUIDANCE_RANGE,19,10,2,EPS(3),Full-year 2017 Moody's Corporation guidance | Current guidance | increase in the mid-single-digit percent range | decrease in the 25% to 30% range | approximately $135 million | approximately 43% | approximately 46% | approximately 30%,| EPS(3) | | $5.46 - $5.61 | | $5.15 - $5.30,V9_SEVEN_GRAMMAR_CORRECTED_NOT_SOURCE_REVIEWED,,,d18a7b1068607874d27098e5fd934c0450f3bdcc64e1c92b864552efd1c10f3e
MCO,0001059556,0001157523-17-001453,2017-05-05T12:00:18.000Z,a51553863ex99_1.htm,https://www.sec.gov/Archives/edgar/data/1059556/000115752317001453/a51553863ex99_1.htm,5fe017588b96cd82c0ffb0a9d928b8f7db041da9856867a669e8c9089d475def,EPS,FY2017,NON_GAAP,NOT_APPLICABLE,USD_PER_SHARE,5.15,5.3,5.225,CURRENT_GUIDANCE_RANGE,AS_REPORTED,HTML_TABLE_GRID,0,CURRENT_CANDIDATE,CURRENT_GUIDANCE_RANGE,19,11,2,"Adjusted EPS(3,4)",Full-year 2017 Moody's Corporation guidance | Current guidance | increase in the mid-single-digit percent range | decrease in the 25% to 30% range | approximately $135 million | approximately 43% | approximately 46% | approximately 30% | $5.46 - $5.61,"| Adjusted EPS(3,4) | | $5.15 - $5.30 | | N/A",V9_SEVEN_GRAMMAR_CORRECTED_NOT_SOURCE_REVIEWED,,,d18a7b1068607874d27098e5fd934c0450f3bdcc64e1c92b864552efd1c10f3e
GEN,0000849399,0001157523-17-001528,2017-05-10T17:12:38.000Z,a51555340ex99_01.htm,https://www.sec.gov/Archives/edgar/data/849399/000115752317001528/a51555340ex99_01.htm,a5646d6a406aba8736d9d3f931e34bc0972dd98b44f10a1c9fec218a3f293f05,MARGIN,FY2018,GAAP,NOT_APPLICABLE,PERCENT,4,5,4.5,CURRENT_GUIDANCE_RANGE,AS_REPORTED,HTML_TABLE_GRID,0,CURRENT_CANDIDATE,CURRENT_GUIDANCE_RANGE,25,28,1,GAAP operating margin,"SYMANTEC CORPORATION | Guidance and Reconciliation of GAAP to Non-GAAP Revenue, Operating Margin and Earnings Per Share (1) | (Dollars in millions, except per share data, unaudited) | Fiscal Year 2018 | Year Ending March 30, 2018 | Range | $4,977 - $5,077 | $123 | $5,100 - $5,200 | $2,198 - $2,228 | $62 | $2,260 - $2,290 | $2,780 - $2,850 | $60 | $2,840 - $2,910",| GAAP operating margin | 4% - 5% | | -- | -- | --,V9_SEVEN_GRAMMAR_CORRECTED_NOT_SOURCE_REVIEWED,,,8681819693824ae559a178eb43e98fa5e06a46584f2471095017172062f6419b
GEN,0000849399,0001157523-17-001528,2017-05-10T17:12:38.000Z,a51555340ex99_01.htm,https://www.sec.gov/Archives/edgar/data/849399/000115752317001528/a51555340ex99_01.htm,a5646d6a406aba8736d9d3f931e34bc0972dd98b44f10a1c9fec218a3f293f05,MARGIN,FY2018,NON_GAAP,NOT_APPLICABLE,PERCENT,36,37,36.5,CURRENT_GUIDANCE_RANGE,AS_REPORTED,HTML_TABLE_GRID,0,CURRENT_CANDIDATE,CURRENT_GUIDANCE_RANGE,25,33,1,Non-GAAP operating margin,"SYMANTEC CORPORATION | Guidance and Reconciliation of GAAP to Non-GAAP Revenue, Operating Margin and Earnings Per Share (1) | (Dollars in millions, except per share data, unaudited) | Fiscal Year 2018 | Year Ending March 30, 2018 | Range | $4,977 - $5,077 | $123 | $5,100 - $5,200 | $2,198 - $2,228 | $62 | $2,260 - $2,290 | $2,780 - $2,850 | $60 | $2,840 - $2,910 | 4% - 5% | 2% | 12% | 18%",| Non-GAAP operating margin | 36% - 37% | | -- | -- | --,V9_SEVEN_GRAMMAR_CORRECTED_NOT_SOURCE_REVIEWED,,,8681819693824ae559a178eb43e98fa5e06a46584f2471095017172062f6419b
GEN,0000849399,0001157523-17-001528,2017-05-10T17:12:38.000Z,a51555340ex99_01.htm,https://www.sec.gov/Archives/edgar/data/849399/000115752317001528/a51555340ex99_01.htm,a5646d6a406aba8736d9d3f931e34bc0972dd98b44f10a1c9fec218a3f293f05,EPS,FY2018,GAAP,NOT_APPLICABLE,USD_PER_SHARE,0.03,0.13,0.08,CURRENT_GUIDANCE_RANGE,AS_REPORTED,HTML_TABLE_GRID,0,CURRENT_CANDIDATE,CURRENT_GUIDANCE_RANGE,25,38,1,GAAP diluted earnings per share range,"SYMANTEC CORPORATION | Guidance and Reconciliation of GAAP to Non-GAAP Revenue, Operating Margin and Earnings Per Share (1) | (Dollars in millions, except per share data, unaudited) | Fiscal Year 2018 | Year Ending March 30, 2018 | Range | $4,977 - $5,077 | $123 | $5,100 - $5,200 | $2,198 - $2,228 | $62 | $2,260 - $2,290 | $2,780 - $2,850 | $60 | $2,840 - $2,910 | 4% - 5% | 2% | 12% | 18% | 36% - 37%",| GAAP diluted earnings per share range | $0.03 - $0.13 | | -- | -- | --,V9_SEVEN_GRAMMAR_CORRECTED_NOT_SOURCE_REVIEWED,,,8e7a2a7150bc811df629896adf634d6e07b22549a3d60db619648c6ee3339076
GEN,0000849399,0001157523-17-001528,2017-05-10T17:12:38.000Z,a51555340ex99_01.htm,https://www.sec.gov/Archives/edgar/data/849399/000115752317001528/a51555340ex99_01.htm,a5646d6a406aba8736d9d3f931e34bc0972dd98b44f10a1c9fec218a3f293f05,EPS,FY2018,NON_GAAP,NOT_APPLICABLE,USD_PER_SHARE,1.75,1.85,1.8,CURRENT_GUIDANCE_RANGE,AS_REPORTED,HTML_TABLE_GRID,0,CURRENT_CANDIDATE,CURRENT_GUIDANCE_RANGE,25,43,1,Non-GAAP diluted earnings per share range,"SYMANTEC CORPORATION | Guidance and Reconciliation of GAAP to Non-GAAP Revenue, Operating Margin and Earnings Per Share (1) | (Dollars in millions, except per share data, unaudited) | Fiscal Year 2018 | Year Ending March 30, 2018 | Range | $4,977 - $5,077 | $123 | $5,100 - $5,200 | $2,198 - $2,228 | $62 | $2,260 - $2,290 | $2,780 - $2,850 | $60 | $2,840 - $2,910 | 4% - 5% | 2% | 12% | 18% | 36% - 37% | $0.03 - $0.13 | $0.12 | $0.57 | $1.03",| Non-GAAP diluted earnings per share range | $1.75 - $1.85 | | -- | -- | --,V9_SEVEN_GRAMMAR_CORRECTED_NOT_SOURCE_REVIEWED,,,8e7a2a7150bc811df629896adf634d6e07b22549a3d60db619648c6ee3339076
MCO,0001059556,0001157523-17-002025,2017-07-21T12:01:29.000Z,a51592937ex99_1.htm,https://www.sec.gov/Archives/edgar/data/1059556/000115752317002025/a51592937ex99_1.htm,c61a57c25c5b17154dca6a87055b1865d1541612848f0e8305b54be346d21c10,EPS,FY2017,UNSPECIFIED,NOT_APPLICABLE,USD_PER_SHARE,5.69,5.84,5.765,CURRENT_GUIDANCE_RANGE,AS_REPORTED,HTML_TABLE_GRID,0,CURRENT_CANDIDATE,CURRENT_GUIDANCE_RANGE,19,10,2,Diluted EPS,Full-year 2017 Moody's Corporation guidance | Current guidance | increase in the high-single-digit percent range | decrease in the 25% to 30% range | increase in the mid-single-digit % range | approximately $135 million | approximately 43% | approximately 47% | approximately 30%,| Diluted EPS | | $5.69 - $5.84 | | $5.46 - $5.61,V9_SEVEN_GRAMMAR_CORRECTED_NOT_SOURCE_REVIEWED,,,436b7b5a499e03dd16348e6af1e2a3ed27b81c5e58bd638fdc3dc98671f11dc6
MCO,0001059556,0001157523-17-002025,2017-07-21T12:01:29.000Z,a51592937ex99_1.htm,https://www.sec.gov/Archives/edgar/data/1059556/000115752317002025/a51592937ex99_1.htm,c61a57c25c5b17154dca6a87055b1865d1541612848f0e8305b54be346d21c10,EPS,FY2017,NON_GAAP,NOT_APPLICABLE,USD_PER_SHARE,5.35,5.5,5.425,CURRENT_GUIDANCE_RANGE,AS_REPORTED,HTML_TABLE_GRID,0,CURRENT_CANDIDATE,CURRENT_GUIDANCE_RANGE,19,11,2,Adjusted diluted EPS (1),Full-year 2017 Moody's Corporation guidance | Current guidance | increase in the high-single-digit percent range | decrease in the 25% to 30% range | increase in the mid-single-digit % range | approximately $135 million | approximately 43% | approximately 47% | approximately 30% | $5.69 - $5.84,| Adjusted diluted EPS (1) | | $5.35 - $5.50 | | $5.15 - $5.30,V9_SEVEN_GRAMMAR_CORRECTED_NOT_SOURCE_REVIEWED,,,436b7b5a499e03dd16348e6af1e2a3ed27b81c5e58bd638fdc3dc98671f11dc6
MCO,0001059556,0001157523-17-002025,2017-07-21T12:01:29.000Z,a51592937ex99_1.htm,https://www.sec.gov/Archives/edgar/data/1059556/000115752317002025/a51592937ex99_1.htm,c61a57c25c5b17154dca6a87055b1865d1541612848f0e8305b54be346d21c10,EPS,FY2017,UNSPECIFIED,NOT_APPLICABLE,USD_PER_SHARE,5.69,5.84,5.765,CURRENT_GUIDANCE_RANGE,AS_REPORTED,NARRATIVE_CLAUSE,42,CURRENT_CANDIDATE,CURRENT_GUIDANCE_RANGE,,,,,,FY 2017 diluted EPS guidance range is now $5.69 to $5.84; adjusted diluted EPS guidance range is now $5.35 to $5.50; both ranges exclude Bureau van Dijk’s projected financial results as the acquisition has not yet closed,V9_SEVEN_GRAMMAR_CORRECTED_NOT_SOURCE_REVIEWED,/html/body/document/type/sequence/filename/description/text/div/ul/li[4],HTML_LI,eb73686aef5d03d7153d4df5134bdb64ef760283bc72200fb0c8adbd0b0caf97
MCO,0001059556,0001157523-17-002025,2017-07-21T12:01:29.000Z,a51592937ex99_1.htm,https://www.sec.gov/Archives/edgar/data/1059556/000115752317002025/a51592937ex99_1.htm,c61a57c25c5b17154dca6a87055b1865d1541612848f0e8305b54be346d21c10,EPS,FY2017,NON_GAAP,NOT_APPLICABLE,USD_PER_SHARE,5.35,5.5,5.425,CURRENT_GUIDANCE_RANGE,AS_REPORTED,NARRATIVE_CLAUSE,101,CURRENT_CANDIDATE,CURRENT_GUIDANCE_RANGE,,,,,,FY 2017 diluted EPS guidance range is now $5.69 to $5.84; adjusted diluted EPS guidance range is now $5.35 to $5.50; both ranges exclude Bureau van Dijk’s projected financial results as the acquisition has not yet closed,V9_SEVEN_GRAMMAR_CORRECTED_NOT_SOURCE_REVIEWED,/html/body/document/type/sequence/filename/description/text/div/ul/li[4],HTML_LI,6d4ccab560146562866d26d41961cf3664793189ea22dac8956b9cd55eaf9abd
MCO,0001059556,0001157523-17-002025,2017-07-21T12:01:29.000Z,a51592937ex99_1.htm,https://www.sec.gov/Archives/edgar/data/1059556/000115752317002025/a51592937ex99_1.htm,c61a57c25c5b17154dca6a87055b1865d1541612848f0e8305b54be346d21c10,EPS,FY2017,UNSPECIFIED,NOT_APPLICABLE,USD_PER_SHARE,5.69,5.84,5.765,CURRENT_GUIDANCE_RANGE,AS_REPORTED,NARRATIVE_CLAUSE,351,CURRENT_CANDIDATE,CURRENT_GUIDANCE_RANGE,,,,,,"“In the second quarter, Moody’s recorded $1.0 billion in quarterly revenue, as well as double-digit EPS growth,” said Raymond McDaniel, President and Chief Executive Officer of Moody’s. “Given the strength of the first half and a supportive market environment, we are raising our full year 2017 diluted EPS and adjusted diluted EPS guidance ranges to $5.69 to $5.84 and $5.35 to $5.50, respectively.”",V9_SEVEN_GRAMMAR_CORRECTED_NOT_SOURCE_REVIEWED,/html/body/document/type/sequence/filename/description/text/div/p[4],HTML_P,7899aa4c24ff0df3c6be8389517c245afa7aeca0aca733fa098e21b1e92e7e10
MCO,0001059556,0001157523-17-002025,2017-07-21T12:01:29.000Z,a51592937ex99_1.htm,https://www.sec.gov/Archives/edgar/data/1059556/000115752317002025/a51592937ex99_1.htm,c61a57c25c5b17154dca6a87055b1865d1541612848f0e8305b54be346d21c10,EPS,FY2017,NON_GAAP,NOT_APPLICABLE,USD_PER_SHARE,5.35,5.5,5.425,CURRENT_GUIDANCE_RANGE,AS_REPORTED,NARRATIVE_CLAUSE,370,CURRENT_CANDIDATE,CURRENT_GUIDANCE_RANGE,,,,,,"“In the second quarter, Moody’s recorded $1.0 billion in quarterly revenue, as well as double-digit EPS growth,” said Raymond McDaniel, President and Chief Executive Officer of Moody’s. “Given the strength of the first half and a supportive market environment, we are raising our full year 2017 diluted EPS and adjusted diluted EPS guidance ranges to $5.69 to $5.84 and $5.35 to $5.50, respectively.”",V9_SEVEN_GRAMMAR_CORRECTED_NOT_SOURCE_REVIEWED,/html/body/document/type/sequence/filename/description/text/div/p[4],HTML_P,80182c01d0d048f13294cc4ed663a8a40081d64d63d021ddc577918140a217de
MCO,0001059556,0001157523-17-002025,2017-07-21T12:01:29.000Z,a51592937ex99_1.htm,https://www.sec.gov/Archives/edgar/data/1059556/000115752317002025/a51592937ex99_1.htm,c61a57c25c5b17154dca6a87055b1865d1541612848f0e8305b54be346d21c10,EPS,FY2017,NON_GAAP,NOT_APPLICABLE,USD_PER_SHARE,5.35,5.5,5.425,CURRENT_GUIDANCE_RANGE,AS_REPORTED,NARRATIVE_CLAUSE,239,CURRENT_CANDIDATE,CURRENT_GUIDANCE_RANGE,,,,,,"Excluding these items, full year 2017 adjusted diluted EPS is now expected to be $5.35 to $5.50. Please refer to Table 11 – 2017 Outlook for a reconciliation of diluted EPS to adjusted diluted EPS.",V9_SEVEN_GRAMMAR_CORRECTED_NOT_SOURCE_REVIEWED,/html/body/document/type/sequence/filename/description/text/div/p[47],HTML_P,a9bb3fdadbe264aa4b954662b356769747791980af2c1e67966468e9fdc1e12a
WST,0000105770,0000105770-17-000039,2017-07-27T13:14:03.000Z,exh991q22017earningsrelease.htm,https://www.sec.gov/Archives/edgar/data/105770/000010577017000039/exh991q22017earningsrelease.htm,4930c9f625d1747dc18c4e83283e7fbacb8dffbc54f1204908e69b52276c0e84,EPS,FY2017,UNSPECIFIED,NOT_APPLICABLE,USD_PER_SHARE,2.51,2.58,2.545,CURRENT_GUIDANCE_RANGE,AS_REPORTED,HTML_TABLE_GRID,0,CURRENT_CANDIDATE,CURRENT_GUIDANCE_RANGE,24,3,1,Reported diluted EPS guidance,Full Year 2017 Guidance(2) (3),| Reported diluted EPS guidance | $2.51 to $2.58,V9_SEVEN_GRAMMAR_CORRECTED_NOT_SOURCE_REVIEWED,,,29c8fc59f0047989949987149ec60976799844cb2564054e59029e0dd44d2e5a
WST,0000105770,0000105770-17-000039,2017-07-27T13:14:03.000Z,exh991q22017earningsrelease.htm,https://www.sec.gov/Archives/edgar/data/105770/000010577017000039/exh991q22017earningsrelease.htm,4930c9f625d1747dc18c4e83283e7fbacb8dffbc54f1204908e69b52276c0e84,EPS,FY2017,NON_GAAP,NOT_APPLICABLE,USD_PER_SHARE,2.66,2.73,2.695,CURRENT_GUIDANCE_RANGE,AS_REPORTED,HTML_TABLE_GRID,0,CURRENT_CANDIDATE,CURRENT_GUIDANCE_RANGE,24,5,1,Adjusted diluted EPS guidance,Full Year 2017 Guidance(2) (3) | $2.51 to $2.58 | 0.15,| Adjusted diluted EPS guidance | $2.66 to $2.73,V9_SEVEN_GRAMMAR_CORRECTED_NOT_SOURCE_REVIEWED,,,29c8fc59f0047989949987149ec60976799844cb2564054e59029e0dd44d2e5a
WST,0000105770,0000105770-17-000047,2017-10-26T14:01:07.000Z,exh991q32017earningsrelease.htm,https://www.sec.gov/Archives/edgar/data/105770/000010577017000047/exh991q32017earningsrelease.htm,e408a2c4ec6f21e75ab89f3c99b89f7415f0c8077c015ce4f56839c6f9e1d67c,EPS,FY2017,UNSPECIFIED,NOT_APPLICABLE,USD_PER_SHARE,2.59,2.64,2.615,CURRENT_GUIDANCE_RANGE,AS_REPORTED,HTML_TABLE_GRID,0,CURRENT_CANDIDATE,CURRENT_GUIDANCE_RANGE,26,3,1,Reported diluted EPS guidance,Full Year 2017 Guidance(2) (3),| Reported diluted EPS guidance | $2.59 to $2.64,V9_SEVEN_GRAMMAR_CORRECTED_NOT_SOURCE_REVIEWED,,,705fded4c6eab7fa110783c42634db34be3ea6c1a5a1869b2e98de4952ad7ca0
WST,0000105770,0000105770-17-000047,2017-10-26T14:01:07.000Z,exh991q32017earningsrelease.htm,https://www.sec.gov/Archives/edgar/data/105770/000010577017000047/exh991q32017earningsrelease.htm,e408a2c4ec6f21e75ab89f3c99b89f7415f0c8077c015ce4f56839c6f9e1d67c,EPS,FY2017,NON_GAAP,NOT_APPLICABLE,USD_PER_SHARE,2.74,2.79,2.765,CURRENT_GUIDANCE_RANGE,AS_REPORTED,HTML_TABLE_GRID,0,CURRENT_CANDIDATE,CURRENT_GUIDANCE_RANGE,26,5,1,Adjusted diluted EPS guidance,Full Year 2017 Guidance(2) (3) | $2.59 to $2.64 | 0.15,| Adjusted diluted EPS guidance | $2.74 to $2.79,V9_SEVEN_GRAMMAR_CORRECTED_NOT_SOURCE_REVIEWED,,,705fded4c6eab7fa110783c42634db34be3ea6c1a5a1869b2e98de4952ad7ca0
MCO,0001059556,0001157523-17-003007,2017-11-03T12:01:34.000Z,a51710503ex99_1.htm,https://www.sec.gov/Archives/edgar/data/1059556/000115752317003007/a51710503ex99_1.htm,52081190b5e2f7322e551e4d8e26ddfbd2df6da6a006986695f1fc5367b6af9e,EPS,FY2017,UNSPECIFIED,NOT_APPLICABLE,USD_PER_SHARE,6.18,6.33,6.255,CURRENT_GUIDANCE_RANGE,AS_REPORTED,HTML_TABLE_GRID,0,CURRENT_CANDIDATE,CURRENT_GUIDANCE_RANGE,14,9,2,Diluted EPS,Full-year 2017 Moody's Corporation guidance | Current guidance | increase in the low-teens percent range | decrease in the 20% to 25% range | increase in the low-double-digit percent range | approximately $160 million | approximately 43% | approximately 47% | approximately 30%,| Diluted EPS | | $6.18 - $6.33 | | $5.69 - $5.84,V9_SEVEN_GRAMMAR_CORRECTED_NOT_SOURCE_REVIEWED,,,1a38a79c3fce01e10d4cb0bdd74bde7d88e31a189dbb52ba948d01e087310c15
MCO,0001059556,0001157523-17-003007,2017-11-03T12:01:34.000Z,a51710503ex99_1.htm,https://www.sec.gov/Archives/edgar/data/1059556/000115752317003007/a51710503ex99_1.htm,52081190b5e2f7322e551e4d8e26ddfbd2df6da6a006986695f1fc5367b6af9e,EPS,FY2017,NON_GAAP,NOT_APPLICABLE,USD_PER_SHARE,5.85,6,5.925,CURRENT_GUIDANCE_RANGE,AS_REPORTED,HTML_TABLE_GRID,0,CURRENT_CANDIDATE,CURRENT_GUIDANCE_RANGE,14,10,2,Adjusted Diluted EPS(2),Full-year 2017 Moody's Corporation guidance | Current guidance | increase in the low-teens percent range | decrease in the 20% to 25% range | increase in the low-double-digit percent range | approximately $160 million | approximately 43% | approximately 47% | approximately 30% | $6.18 - $6.33,| Adjusted Diluted EPS(2) | | $5.85 - $6.00 | | $5.35 - $5.50,V9_SEVEN_GRAMMAR_CORRECTED_NOT_SOURCE_REVIEWED,,,1a38a79c3fce01e10d4cb0bdd74bde7d88e31a189dbb52ba948d01e087310c15
CDNS,0000813672,0000813672-18-000003,2018-01-31T21:10:57.000Z,cfocommentary1312018ex9902.htm,https://www.sec.gov/Archives/edgar/data/813672/000081367218000003/cfocommentary1312018ex9902.htm,c4790aa930d9d9ef18a7fbdeb03a1089362c67118dab5c6324769d8fb9704d31,REVENUE,Q1-2018,UNSPECIFIED,NOT_APPLICABLE,USD,500000000,510000000,505000000,CURRENT_GUIDANCE_RANGE,AS_REPORTED,HTML_TABLE_GRID,50,CURRENT_CANDIDATE,CURRENT_GUIDANCE_RANGE,0,7,3,"January 31, 2018Q4 2017 Key Takeaways• Strong, consistent financial results for Q4 with key metrics meeting or exceeding expectations.• Double digit revenue growth for digital, custom/analog and IP product groups for fiscal 2017.• Repurchased $50 million of Cadence shares in Q4.","CADENCE REPORTS FOURTH QUARTERAND FISCAL YEAR 2017 | CADENCE DESIGN SYSTEMS, INC.","| | January 31, 2018Q4 2017 Key Takeaways• Strong, consistent financial results for Q4 with key metrics meeting or exceeding expectations.• Double digit revenue growth for digital, custom/analog and IP product groups for fiscal 2017.• Repurchased $50 million of Cadence shares in Q4. | | Q1 2018 Outlook *(ASC Topic 606 Basis)• Revenue : $500 - $510 million.• GAAP operating margin: approximately 14%.• Non-GAAP operating margin: approximately 26%.• GAAP EPS: $0.20 - $0.22.• Non-GAAP EPS: $0.36 - $0.38. | Q4 2017 KEY METRICS",V9_SEVEN_GRAMMAR_CORRECTED_NOT_SOURCE_REVIEWED,,,34441888f81d48d024b801a28edd0d9c706f6966153e04bf9902f3906d0a8caa
MCO,0001059556,0001157523-18-000268,2018-02-09T13:00:37.000Z,a51756134_ex991.htm,https://www.sec.gov/Archives/edgar/data/1059556/000115752318000268/a51756134_ex991.htm,5c89ccc8ee8257d39f078c67364cb134d99c1e931fa6ec43e75f46975f0295b5,MARGIN,FY2018,UNSPECIFIED,NOT_APPLICABLE,PERCENT,43,44,43.5,CURRENT_GUIDANCE_RANGE,AS_REPORTED,HTML_TABLE_GRID,0,CURRENT_CANDIDATE,CURRENT_GUIDANCE_RANGE,17,6,2,Operating margin,"Full Year 2018 Moody's Corporation Guidance as of February 9, 2018 | increase in the low-double-digit percent range | approximately $200 million",| Operating margin | | 43% - 44%,V9_SEVEN_GRAMMAR_CORRECTED_NOT_SOURCE_REVIEWED,,,ce922eec8b2cd6491f5d972a58060a36277d47e9474d522b5cb5d42ea573ce92
MCO,0001059556,0001157523-18-000268,2018-02-09T13:00:37.000Z,a51756134_ex991.htm,https://www.sec.gov/Archives/edgar/data/1059556/000115752318000268/a51756134_ex991.htm,5c89ccc8ee8257d39f078c67364cb134d99c1e931fa6ec43e75f46975f0295b5,EPS,FY2018,UNSPECIFIED,NOT_APPLICABLE,USD_PER_SHARE,7.2,7.4,7.3,CURRENT_GUIDANCE_RANGE,AS_REPORTED,HTML_TABLE_GRID,0,CURRENT_CANDIDATE,CURRENT_GUIDANCE_RANGE,17,9,2,Diluted EPS,"Full Year 2018 Moody's Corporation Guidance as of February 9, 2018 | increase in the low-double-digit percent range | approximately $200 million | 43% - 44% | approximately 48% | 22% - 23%",| Diluted EPS | | $7.20 to $7.40,V9_SEVEN_GRAMMAR_CORRECTED_NOT_SOURCE_REVIEWED,,,8a00eabaa000de7ec942868b6c66476b32092570ceca2b98d2176b3c08d18b2f
MCO,0001059556,0001157523-18-000268,2018-02-09T13:00:37.000Z,a51756134_ex991.htm,https://www.sec.gov/Archives/edgar/data/1059556/000115752318000268/a51756134_ex991.htm,5c89ccc8ee8257d39f078c67364cb134d99c1e931fa6ec43e75f46975f0295b5,EPS,FY2018,NON_GAAP,NOT_APPLICABLE,USD_PER_SHARE,7.65,7.85,7.75,CURRENT_GUIDANCE_RANGE,AS_REPORTED,HTML_TABLE_GRID,0,CURRENT_CANDIDATE,CURRENT_GUIDANCE_RANGE,17,10,2,Adjusted diluted EPS(1),"Full Year 2018 Moody's Corporation Guidance as of February 9, 2018 | increase in the low-double-digit percent range | approximately $200 million | 43% - 44% | approximately 48% | 22% - 23% | $7.20 to $7.40",| Adjusted diluted EPS(1) | | $7.65 to $7.85,V9_SEVEN_GRAMMAR_CORRECTED_NOT_SOURCE_REVIEWED,,,8a00eabaa000de7ec942868b6c66476b32092570ceca2b98d2176b3c08d18b2f
WST,0000105770,0000105770-18-000010,2018-04-26T13:30:26.000Z,exh991q12018earningsrelease.htm,https://www.sec.gov/Archives/edgar/data/105770/000010577018000010/exh991q12018earningsrelease.htm,24e959310bf34554a6520b6d822b1b2c22b9df0ee2f8fe2c92a168ad849eddfe,EPS,FY2018,UNSPECIFIED,NOT_APPLICABLE,USD_PER_SHARE,2.66,2.81,2.735,CURRENT_GUIDANCE_RANGE,AS_REPORTED,HTML_TABLE_GRID,0,CURRENT_CANDIDATE,CURRENT_GUIDANCE_RANGE,26,3,1,Reported-diluted EPS guidance,Full-Year 2018 Guidance (2) (3),| Reported-diluted EPS guidance | $2.66 to $2.81,V9_SEVEN_GRAMMAR_CORRECTED_NOT_SOURCE_REVIEWED,,,003c3db003e4ed07ce8a1e3e3955a9a6ec9930693f2905a9ea4d12898963b0da
WST,0000105770,0000105770-18-000010,2018-04-26T13:30:26.000Z,exh991q12018earningsrelease.htm,https://www.sec.gov/Archives/edgar/data/105770/000010577018000010/exh991q12018earningsrelease.htm,24e959310bf34554a6520b6d822b1b2c22b9df0ee2f8fe2c92a168ad849eddfe,EPS,FY2018,NON_GAAP,NOT_APPLICABLE,USD_PER_SHARE,2.8,2.9,2.85,CURRENT_GUIDANCE_RANGE,AS_REPORTED,HTML_TABLE_GRID,0,CURRENT_CANDIDATE,CURRENT_GUIDANCE_RANGE,26,6,1,Adjusted-diluted EPS guidance,Full-Year 2018 Guidance (2) (3) | $2.66 to $2.81 | 0.08 to 0.13 | 0.01,| Adjusted-diluted EPS guidance | $2.80 to $2.90,V9_SEVEN_GRAMMAR_CORRECTED_NOT_SOURCE_REVIEWED,,,003c3db003e4ed07ce8a1e3e3955a9a6ec9930693f2905a9ea4d12898963b0da
MCO,0001059556,0001157523-18-000848,2018-04-27T11:30:27.000Z,a51796588ex99_1.htm,https://www.sec.gov/Archives/edgar/data/1059556/000115752318000848/a51796588ex99_1.htm,cc3df7fe3cbc0da3d4cc3dd477765f05853097df18b82d5a7fbd6eba9104a129,MARGIN,FY2018,UNSPECIFIED,NOT_APPLICABLE,PERCENT,43,44,43.5,CURRENT_GUIDANCE_RANGE,AS_REPORTED,HTML_TABLE_GRID,0,CURRENT_CANDIDATE,CURRENT_GUIDANCE_RANGE,22,7,2,Operating margin,"Full Year 2018 Moody's Corporation Guidance as of April 27, 2018 | Current guidance | increase in the low-double-digit percent range | approximately $200 million",| Operating margin | | 43% - 44% | | NC,V9_SEVEN_GRAMMAR_CORRECTED_NOT_SOURCE_REVIEWED,,,6daed393d337f807c597159bb116b97a664ce0341c11b46ce33e3140a7761831
MCO,0001059556,0001157523-18-000848,2018-04-27T11:30:27.000Z,a51796588ex99_1.htm,https://www.sec.gov/Archives/edgar/data/1059556/000115752318000848/a51796588ex99_1.htm,cc3df7fe3cbc0da3d4cc3dd477765f05853097df18b82d5a7fbd6eba9104a129,EPS,FY2018,UNSPECIFIED,NOT_APPLICABLE,USD_PER_SHARE,7.2,7.4,7.3,CURRENT_GUIDANCE_RANGE,AS_REPORTED,HTML_TABLE_GRID,0,CURRENT_CANDIDATE,CURRENT_GUIDANCE_RANGE,22,10,2,Diluted EPS,"Full Year 2018 Moody's Corporation Guidance as of April 27, 2018 | Current guidance | increase in the low-double-digit percent range | approximately $200 million | 43% - 44% | approximately 48% | 22% - 23%",| Diluted EPS | | $7.20 to $7.40 | | NC,V9_SEVEN_GRAMMAR_CORRECTED_NOT_SOURCE_REVIEWED,,,fea569fc2fb9924f6b1db31ca84d541450065f79e954a842bd804021ab6e0dfb
MCO,0001059556,0001157523-18-000848,2018-04-27T11:30:27.000Z,a51796588ex99_1.htm,https://www.sec.gov/Archives/edgar/data/1059556/000115752318000848/a51796588ex99_1.htm,cc3df7fe3cbc0da3d4cc3dd477765f05853097df18b82d5a7fbd6eba9104a129,EPS,FY2018,NON_GAAP,NOT_APPLICABLE,USD_PER_SHARE,7.65,7.85,7.75,CURRENT_GUIDANCE_RANGE,AS_REPORTED,HTML_TABLE_GRID,0,CURRENT_CANDIDATE,CURRENT_GUIDANCE_RANGE,22,11,2,Adjusted Diluted EPS(1),"Full Year 2018 Moody's Corporation Guidance as of April 27, 2018 | Current guidance | increase in the low-double-digit percent range | approximately $200 million | 43% - 44% | approximately 48% | 22% - 23% | $7.20 to $7.40",| Adjusted Diluted EPS(1) | | $7.65 to $7.85 | | NC,V9_SEVEN_GRAMMAR_CORRECTED_NOT_SOURCE_REVIEWED,,,fea569fc2fb9924f6b1db31ca84d541450065f79e954a842bd804021ab6e0dfb
GEN,0000849399,0001193125-18-163279,2018-05-15T06:10:32.000Z,d589355dex9901.htm,https://www.sec.gov/Archives/edgar/data/849399/000119312518163279/d589355dex9901.htm,ea389595c1b36bd9809f029190a4074afdca65d9c8fb407fa2b592144c8b83e5,MARGIN,FY2019,UNSPECIFIED,NOT_APPLICABLE,PERCENT,30,32,31,CURRENT_GUIDANCE_RANGE,AS_REPORTED,NARRATIVE_CLAUSE,553,CURRENT_CANDIDATE,CURRENT_GUIDANCE_RANGE,,,,,,Our fiscal year 2019 operating margin forecast is in the range of 30% to 32%.,V9_SEVEN_GRAMMAR_CORRECTED_NOT_SOURCE_REVIEWED,/html/body/document/type/sequence/filename/description/text/p[40],HTML_P,1ba19242c80b15528613918bfb37a5f8de96e2b7127050f4037b615738cd483e
WST,0000105770,0000105770-18-000030,2018-07-26T13:09:51.000Z,exh991q22018earningsrelease.htm,https://www.sec.gov/Archives/edgar/data/105770/000010577018000030/exh991q22018earningsrelease.htm,b177ac9d32e327e779189570384ad5224d3f1cb360af806bfd8bb37a2c829db8,EPS,FY2018,UNSPECIFIED,NOT_APPLICABLE,USD_PER_SHARE,2.73,2.88,2.805,CURRENT_GUIDANCE_RANGE,AS_REPORTED,HTML_TABLE_GRID,0,CURRENT_CANDIDATE,CURRENT_GUIDANCE_RANGE,24,3,1,Reported-diluted EPS guidance,Full-Year 2018 Guidance (2) (3),| Reported-diluted EPS guidance | $2.73 to $2.88,V9_SEVEN_GRAMMAR_CORRECTED_NOT_SOURCE_REVIEWED,,,dc5b5d06dc9019db1a38b0d60a5fc8715ca82f9b8b00c50637977b0daa9524b5
WST,0000105770,0000105770-18-000030,2018-07-26T13:09:51.000Z,exh991q22018earningsrelease.htm,https://www.sec.gov/Archives/edgar/data/105770/000010577018000030/exh991q22018earningsrelease.htm,b177ac9d32e327e779189570384ad5224d3f1cb360af806bfd8bb37a2c829db8,EPS,FY2018,NON_GAAP,NOT_APPLICABLE,USD_PER_SHARE,2.8,2.9,2.85,CURRENT_GUIDANCE_RANGE,AS_REPORTED,HTML_TABLE_GRID,0,CURRENT_CANDIDATE,CURRENT_GUIDANCE_RANGE,24,6,1,Adjusted-diluted EPS guidance,Full-Year 2018 Guidance (2) (3) | $2.73 to $2.88 | 0.08 to 0.13 | (0.06),| Adjusted-diluted EPS guidance | $2.80 to $2.90,V9_SEVEN_GRAMMAR_CORRECTED_NOT_SOURCE_REVIEWED,,,dc5b5d06dc9019db1a38b0d60a5fc8715ca82f9b8b00c50637977b0daa9524b5
WST,0000105770,0000105770-18-000035,2018-10-25T13:55:48.000Z,exh991q32018earningsrelease.htm,https://www.sec.gov/Archives/edgar/data/105770/000010577018000035/exh991q32018earningsrelease.htm,20eb340515d1181b1346e2deb8ae2607e2173910e5153ab9421508d03c66f75a,EPS,FY2018,UNSPECIFIED,NOT_APPLICABLE,USD_PER_SHARE,2.71,2.86,2.785,CURRENT_GUIDANCE_RANGE,AS_REPORTED,HTML_TABLE_GRID,0,CURRENT_CANDIDATE,CURRENT_GUIDANCE_RANGE,20,3,1,Reported-diluted EPS guidance,Full-Year 2018 Guidance (2) (3),| Reported-diluted EPS guidance | $2.71 to $2.86,V9_SEVEN_GRAMMAR_CORRECTED_NOT_SOURCE_REVIEWED,,,8e77a10364ce8b1c6f04aa83102fbce0366131cce4cd165d291709df8f7a12df
WST,0000105770,0000105770-18-000035,2018-10-25T13:55:48.000Z,exh991q32018earningsrelease.htm,https://www.sec.gov/Archives/edgar/data/105770/000010577018000035/exh991q32018earningsrelease.htm,20eb340515d1181b1346e2deb8ae2607e2173910e5153ab9421508d03c66f75a,EPS,FY2018,NON_GAAP,NOT_APPLICABLE,USD_PER_SHARE,2.8,2.9,2.85,CURRENT_GUIDANCE_RANGE,AS_REPORTED,HTML_TABLE_GRID,0,CURRENT_CANDIDATE,CURRENT_GUIDANCE_RANGE,20,7,1,Adjusted-diluted EPS guidance,Full-Year 2018 Guidance (2) (3) | $2.71 to $2.86 | 0.08 to 0.13 | 0.02 | (0.06),| Adjusted-diluted EPS guidance | $2.80 to $2.90,V9_SEVEN_GRAMMAR_CORRECTED_NOT_SOURCE_REVIEWED,,,8e77a10364ce8b1c6f04aa83102fbce0366131cce4cd165d291709df8f7a12df
BAX,0000010456,0001193125-18-312933,2018-10-31T11:28:35.000Z,d645305dex991.htm,https://www.sec.gov/Archives/edgar/data/10456/000119312518312933/d645305dex991.htm,1a8b24d3787345d2ce027a49c3b4be53971a714d116b7d60ad0a88bbf47ef3bc,EPS,FY2018,GAAP,NOT_APPLICABLE,USD_PER_SHARE,2.9,2.94,2.92,CURRENT_GUIDANCE_RANGE,AS_REPORTED,NARRATIVE_CLAUSE,43,CURRENT_CANDIDATE,CURRENT_GUIDANCE_RANGE,,,,,,Company expects full-year 2018 GAAP EPS of $2.90 to $2.94; Adjusted EPS of $2.98 to $3.00,V9_SEVEN_GRAMMAR_CORRECTED_NOT_SOURCE_REVIEWED,/html/body/document/type/sequence/filename/description/text/table[4]/tr/td[4]/p,HTML_P,742255e1c1605a832d46d655543abb86bb4ddcfe204ec4b2597dffd0da5081f4
BAX,0000010456,0001193125-18-312933,2018-10-31T11:28:35.000Z,d645305dex991.htm,https://www.sec.gov/Archives/edgar/data/10456/000119312518312933/d645305dex991.htm,1a8b24d3787345d2ce027a49c3b4be53971a714d116b7d60ad0a88bbf47ef3bc,EPS,FY2018,NON_GAAP,NOT_APPLICABLE,USD_PER_SHARE,2.98,3,2.99,CURRENT_GUIDANCE_RANGE,AS_REPORTED,NARRATIVE_CLAUSE,75,CURRENT_CANDIDATE,CURRENT_GUIDANCE_RANGE,,,,,,Company expects full-year 2018 GAAP EPS of $2.90 to $2.94; Adjusted EPS of $2.98 to $3.00,V9_SEVEN_GRAMMAR_CORRECTED_NOT_SOURCE_REVIEWED,/html/body/document/type/sequence/filename/description/text/table[4]/tr/td[4]/p,HTML_P,ccab9333628303cdfdbebcb4a58876627e99e760620204ed00e1098fc4dafe58
GEN,0000849399,0001157523-18-002271,2018-11-01T16:24:10.000Z,a51892559ex99_01.htm,https://www.sec.gov/Archives/edgar/data/849399/000115752318002271/a51892559ex99_01.htm,995a175e8312c0081025c574580d61cbb4a579461dabba61254daf95a9f47468,MARGIN,FY2019,UNSPECIFIED,NOT_APPLICABLE,PERCENT,5,7,6,CURRENT_GUIDANCE_RANGE,AS_REPORTED,HTML_TABLE_GRID,0,CURRENT_CANDIDATE,CURRENT_GUIDANCE_RANGE,5,6,2,Operating Margin,"GAAP | $1,153M - $1,183M | 6% | $0.02 - $0.05 | $4,640M - $4,760M","· GAAP diluted EPS was $(0.01), non-GAAP diluted EPS was $0.42 | · Cash flow from operating activities was $240 million | Third Quarter and Fiscal Year 2019 Guidance | Operating Margin | | 5% - 7% | | 30%",V9_SEVEN_GRAMMAR_CORRECTED_NOT_SOURCE_REVIEWED,,,3c78b0be69ca398d08f0c797546a5e835980136b5eab30a2f2224ce48cd6a631
TEL,0001385157,0001104659-19-002827,2019-01-23T11:28:33.000Z,a19-3115_1ex99d1.htm,https://www.sec.gov/Archives/edgar/data/1385157/000110465919002827/a19-3115_1ex99d1.htm,e7800fb4ab442f7935851d94271ed211f01e29d984b15dd11608a2f7aed38436,REVENUE,Q2-2019,UNSPECIFIED,NOT_APPLICABLE,USD,3300000000,3400000000,3350000000,CURRENT_GUIDANCE_RANGE,AS_REPORTED,NARRATIVE_CLAUSE,72,CURRENT_CANDIDATE,CURRENT_GUIDANCE_RANGE,,,,,,"For the fiscal second quarter of 2019, the company expects net sales of $3.3 billion to $3.4 billion.",V9_SEVEN_GRAMMAR_CORRECTED_NOT_SOURCE_REVIEWED,/html/body/document/type/sequence/filename/description/text/div[3]/p[4],HTML_P,101df014e17f816a57c35f4f1fe33ab05675941e4cac7204d87ebd6e02587192
BDX,0000010795,0000010795-19-000007,2019-02-05T11:30:43.000Z,ex99112312018.htm,https://www.sec.gov/Archives/edgar/data/10795/000001079519000007/ex99112312018.htm,b6c08da8e81875bade51bc440455e5485f97ec5a3659b88f683962fa732d49b4,EPS,FY2019,NON_GAAP,NOT_APPLICABLE,USD_PER_SHARE,12.05,12.15,12.1,CURRENT_GUIDANCE_RANGE,AS_REPORTED,HTML_TABLE_GRID,0,CURRENT_CANDIDATE,CURRENT_GUIDANCE_RANGE,45,17,6,Adjusted Fully Diluted Earnings per Share | $ | 11.01,FY2019 Outlook | Full Year FY2019 Outlook,| Adjusted Fully Diluted Earnings per Share | | $ | 11.01 | | | $12.05 to 12.15 | | ~10% | | |,V9_SEVEN_GRAMMAR_CORRECTED_NOT_SOURCE_REVIEWED,,,bcdc285c83f3f1c39f8618495a16dcb89f2655ad06d584c8c88ceaaa5f06dc6c
HUM,0000049071,0001193125-19-028836,2019-02-06T12:31:03.000Z,d689286dex992.htm,https://www.sec.gov/Archives/edgar/data/49071/000119312519028836/d689286dex992.htm,5b6009b0494001dca28c12bdce9985e03b86c2fe373b0c6b99f7b351c25b9e8a,EPS,FY2019,GAAP,NOT_APPLICABLE,USD_PER_SHARE,16.6,17.1,16.85,CURRENT_GUIDANCE_RANGE,AS_REPORTED,HTML_TABLE_GRID,0,CURRENT_CANDIDATE,CURRENT_GUIDANCE_RANGE,173,2,4,Diluted earnings per common share (EPS) | GAAP,"Humana Inc. Full-Year 2019 Projections As of February 6, 2019",| Diluted earnings per common share (EPS) | | GAAP | | $16.60 to $17.10 | | • GAAP EPS guidance excludes the impact of future fair value changes of the Kindred at Home put/call option • See footnote (e) for detail of non-GAAP adjustments,V9_SEVEN_GRAMMAR_CORRECTED_NOT_SOURCE_REVIEWED,,,281317c39a6f0f9dbd943d8453c2b7bc14ba66d6a60a963b177cb93551a22080
HUM,0000049071,0001193125-19-028836,2019-02-06T12:31:03.000Z,d689286dex992.htm,https://www.sec.gov/Archives/edgar/data/49071/000119312519028836/d689286dex992.htm,5b6009b0494001dca28c12bdce9985e03b86c2fe373b0c6b99f7b351c25b9e8a,EPS,FY2019,NON_GAAP,NOT_APPLICABLE,USD_PER_SHARE,17,17.5,17.25,CURRENT_GUIDANCE_RANGE,AS_REPORTED,HTML_TABLE_GRID,0,CURRENT_CANDIDATE,CURRENT_GUIDANCE_RANGE,173,4,4,Diluted earnings per common share (EPS) | Non-GAAP,"Humana Inc. Full-Year 2019 Projections As of February 6, 2019 | $16.60 to $17.10 | ~$0.40",| Diluted earnings per common share (EPS) | | Non-GAAP | | $17.00 to $17.50 | | • GAAP EPS guidance excludes the impact of future fair value changes of the Kindred at Home put/call option • See footnote (e) for detail of non-GAAP adjustments,V9_SEVEN_GRAMMAR_CORRECTED_NOT_SOURCE_REVIEWED,,,281317c39a6f0f9dbd943d8453c2b7bc14ba66d6a60a963b177cb93551a22080
MCO,0001059556,0001157523-19-000357,2019-02-15T12:30:35.000Z,a51940399ex99_1.htm,https://www.sec.gov/Archives/edgar/data/1059556/000115752319000357/a51940399ex99_1.htm,987854c20114a6dcf892dc0ccd0e1c6aa8a387d12a3f8ae9b2887f00953121cb,EPS,FY2019,UNSPECIFIED,NOT_APPLICABLE,USD_PER_SHARE,7.3,7.55,7.425,CURRENT_GUIDANCE_RANGE,AS_REPORTED,HTML_TABLE_GRID,0,CURRENT_CANDIDATE,CURRENT_GUIDANCE_RANGE,18,10,3,Diluted EPS,"Full Year 2019 Moody's Corporation Guidance as of February 15, 2019 | increase in the mid-single-digit percent range | approximately 43% | approximately 48% | $200 - $225 million | 21% - 22%",| Diluted EPS | | | $7.30 to $7.55,V9_SEVEN_GRAMMAR_CORRECTED_NOT_SOURCE_REVIEWED,,,11e786acf2170333dba24a8b4bf98ad8c2dfbc160cd0de89326b5d243926d511
MCO,0001059556,0001157523-19-000357,2019-02-15T12:30:35.000Z,a51940399ex99_1.htm,https://www.sec.gov/Archives/edgar/data/1059556/000115752319000357/a51940399ex99_1.htm,987854c20114a6dcf892dc0ccd0e1c6aa8a387d12a3f8ae9b2887f00953121cb,EPS,FY2019,NON_GAAP,NOT_APPLICABLE,USD_PER_SHARE,7.85,8.1,7.975,CURRENT_GUIDANCE_RANGE,AS_REPORTED,HTML_TABLE_GRID,0,CURRENT_CANDIDATE,CURRENT_GUIDANCE_RANGE,18,11,3,Adjusted diluted EPS (1),"Full Year 2019 Moody's Corporation Guidance as of February 15, 2019 | increase in the mid-single-digit percent range | approximately 43% | approximately 48% | $200 - $225 million | 21% - 22% | $7.30 to $7.55",| Adjusted diluted EPS (1) | | | $7.85 to $8.10,V9_SEVEN_GRAMMAR_CORRECTED_NOT_SOURCE_REVIEWED,,,11e786acf2170333dba24a8b4bf98ad8c2dfbc160cd0de89326b5d243926d511
MCO,0001059556,0001157523-19-000357,2019-02-15T12:30:35.000Z,a51940399ex99_1.htm,https://www.sec.gov/Archives/edgar/data/1059556/000115752319000357/a51940399ex99_1.htm,987854c20114a6dcf892dc0ccd0e1c6aa8a387d12a3f8ae9b2887f00953121cb,FREE_CASH_FLOW,FY2019,NON_GAAP,NOT_APPLICABLE,USD,1600000000,1700000000,1650000000,CURRENT_GUIDANCE_RANGE,AS_REPORTED,HTML_TABLE_GRID,0,CURRENT_CANDIDATE,CURRENT_GUIDANCE_RANGE,18,13,3,Free cash flow (1),"Full Year 2019 Moody's Corporation Guidance as of February 15, 2019 | increase in the mid-single-digit percent range | approximately 43% | approximately 48% | $200 - $225 million | 21% - 22% | $7.30 to $7.55 | $7.85 to $8.10 | $1.7 to $1.8 billion",| Free cash flow (1) | | | $1.6 to $1.7 billion,V9_SEVEN_GRAMMAR_CORRECTED_NOT_SOURCE_REVIEWED,,,51d02d2a3faa27cd071095f12caf357f6c8967a3f26b9737dac31bddbe78192a
MCO,0001059556,0001157523-19-000357,2019-02-15T12:30:35.000Z,a51940399ex99_1.htm,https://www.sec.gov/Archives/edgar/data/1059556/000115752319000357/a51940399ex99_1.htm,987854c20114a6dcf892dc0ccd0e1c6aa8a387d12a3f8ae9b2887f00953121cb,MARGIN,FY2019,NON_GAAP,NOT_APPLICABLE,PERCENT,29,30,29.5,CURRENT_GUIDANCE_RANGE,AS_REPORTED,HTML_TABLE_GRID,0,CURRENT_CANDIDATE,CURRENT_GUIDANCE_RANGE,18,30,3,MA adjusted operating margin,"Full Year 2019 Moody's Corporation Guidance as of February 15, 2019 | increase in the mid-single-digit percent range | approximately 43% | approximately 48% | $200 - $225 million | 21% - 22% | $7.30 to $7.55 | $7.85 to $8.10 | $1.7 to $1.8 billion | $1.6 to $1.7 billion | approximately $1 billion (subject to available cash, market conditions and other ongoing capital allocation decisions) | (1) These metrics are adjusted measures. See below for a reconciliation of these measures to their compara",| MA adjusted operating margin | | | 29% - 30%,V9_SEVEN_GRAMMAR_CORRECTED_NOT_SOURCE_REVIEWED,,,8b02c0f8624be0e39b4cfa62c60643bc3530cca34600418935c691706ce7ba62
MCO,0001059556,0001157523-19-000868,2019-04-24T11:30:49.000Z,a51973633_ex991.htm,https://www.sec.gov/Archives/edgar/data/1059556/000115752319000868/a51973633_ex991.htm,8bec16cadc65d56da7f71fa4d321e3a550bd883f23393cacbd0fd336e788d62b,EPS,FY2019,UNSPECIFIED,NOT_APPLICABLE,USD_PER_SHARE,7.3,7.55,7.425,CURRENT_GUIDANCE_RANGE,AS_REPORTED,HTML_TABLE_GRID,0,CURRENT_CANDIDATE,CURRENT_GUIDANCE_RANGE,16,10,3,Diluted EPS,"Full Year 2019 Moody's Corporation Guidance as of April 24, 2019 | increase in the mid-single-digit percent range | approximately 43% | approximately 48% | $200 - $225 million | 21% - 22%",| Diluted EPS | | | $7.30 to $7.55,V9_SEVEN_GRAMMAR_CORRECTED_NOT_SOURCE_REVIEWED,,,3e246417cf4fcbe643eb09959d94834eb7b20f1390cfaf163a61338374ab366d
MCO,0001059556,0001157523-19-000868,2019-04-24T11:30:49.000Z,a51973633_ex991.htm,https://www.sec.gov/Archives/edgar/data/1059556/000115752319000868/a51973633_ex991.htm,8bec16cadc65d56da7f71fa4d321e3a550bd883f23393cacbd0fd336e788d62b,EPS,FY2019,NON_GAAP,NOT_APPLICABLE,USD_PER_SHARE,7.85,8.1,7.975,CURRENT_GUIDANCE_RANGE,AS_REPORTED,HTML_TABLE_GRID,0,CURRENT_CANDIDATE,CURRENT_GUIDANCE_RANGE,16,11,3,Adjusted diluted EPS(2),"Full Year 2019 Moody's Corporation Guidance as of April 24, 2019 | increase in the mid-single-digit percent range | approximately 43% | approximately 48% | $200 - $225 million | 21% - 22% | $7.30 to $7.55",| Adjusted diluted EPS(2) | | | $7.85 to $8.10,V9_SEVEN_GRAMMAR_CORRECTED_NOT_SOURCE_REVIEWED,,,3e246417cf4fcbe643eb09959d94834eb7b20f1390cfaf163a61338374ab366d
MCO,0001059556,0001157523-19-000868,2019-04-24T11:30:49.000Z,a51973633_ex991.htm,https://www.sec.gov/Archives/edgar/data/1059556/000115752319000868/a51973633_ex991.htm,8bec16cadc65d56da7f71fa4d321e3a550bd883f23393cacbd0fd336e788d62b,FREE_CASH_FLOW,FY2019,NON_GAAP,NOT_APPLICABLE,USD,1600000000,1700000000,1650000000,CURRENT_GUIDANCE_RANGE,AS_REPORTED,HTML_TABLE_GRID,0,CURRENT_CANDIDATE,CURRENT_GUIDANCE_RANGE,16,13,3,Free cash flow(2),"Full Year 2019 Moody's Corporation Guidance as of April 24, 2019 | increase in the mid-single-digit percent range | approximately 43% | approximately 48% | $200 - $225 million | 21% - 22% | $7.30 to $7.55 | $7.85 to $8.10 | $1.7 to $1.8 billion",| Free cash flow(2) | | | $1.6 to $1.7 billion,V9_SEVEN_GRAMMAR_CORRECTED_NOT_SOURCE_REVIEWED,,,2c557e036d935ef96b490427cc891e5efebe538a78e6613de2fda75011e89543
MCO,0001059556,0001157523-19-000868,2019-04-24T11:30:49.000Z,a51973633_ex991.htm,https://www.sec.gov/Archives/edgar/data/1059556/000115752319000868/a51973633_ex991.htm,8bec16cadc65d56da7f71fa4d321e3a550bd883f23393cacbd0fd336e788d62b,MARGIN,FY2019,NON_GAAP,NOT_APPLICABLE,PERCENT,29,30,29.5,CURRENT_GUIDANCE_RANGE,AS_REPORTED,HTML_TABLE_GRID,0,CURRENT_CANDIDATE,CURRENT_GUIDANCE_RANGE,16,31,3,MA adjusted operating margin,"Full Year 2019 Moody's Corporation Guidance as of April 24, 2019 | increase in the mid-single-digit percent range | approximately 43% | approximately 48% | $200 - $225 million | 21% - 22% | $7.30 to $7.55 | $7.85 to $8.10 | $1.7 to $1.8 billion | $1.6 to $1.7 billion | approximately $1 billion (subject to available cash, market conditions and other ongoing capital allocation decisions) | (1) Includes depreciation and amortization, Acquisition-Related Expenses and restructuring charges. | (2) The",| MA adjusted operating margin | | | 29% - 30%,V9_SEVEN_GRAMMAR_CORRECTED_NOT_SOURCE_REVIEWED,,,b24f3a1e4fe7b9fb486bb4d210b5d4380003c0866f01e7dab62b0f499b10dea0
HUM,0000049071,0001193125-19-130862,2019-05-01T11:31:04.000Z,d739159dex992.htm,https://www.sec.gov/Archives/edgar/data/49071/000119312519130862/d739159dex992.htm,0a6ef580e6edc8ee3363330fca78e7e217f4453e6b09181ffd1ed8841caa27f1,EPS,FY2019,GAAP,NOT_APPLICABLE,USD_PER_SHARE,16.63,16.88,16.755,CURRENT_GUIDANCE_RANGE,AS_REPORTED,HTML_TABLE_GRID,0,CURRENT_CANDIDATE,CURRENT_GUIDANCE_RANGE,111,2,4,Diluted earnings per common share (EPS) | GAAP,"Humana Inc. Full-Year 2019 Projections As of May 1, 2019","| Diluted earnings per common share (EPS) | | GAAP | | $16.63 to $16.88 (was $16.60 to $17.10) | | • GAAP EPS guidance excludes the impact of future fair value changes of the Kindred at Home put/call option, which cannot be estimated • See footnote (d) for detail of non-GAAP adjustments",V9_SEVEN_GRAMMAR_CORRECTED_NOT_SOURCE_REVIEWED,,,9f6b509a52137b95bc80e58de9b5d3f7e976cfd6953e780408591a8ecf0b0084
DVA,0000927066,0001193125-19-198406,2019-07-22T10:08:03.000Z,d755798dex991.htm,https://www.sec.gov/Archives/edgar/data/927066/000119312519198406/d755798dex991.htm,769877f9d0da852cf65cdddaf56462bbc8b437e8edeabb05369f798903aca1a4,OPERATING_INCOME,FY2019,NON_GAAP,NOT_APPLICABLE,USD,1640000000,1700000000,1670000000,CURRENT_GUIDANCE_RANGE,AS_REPORTED,NARRATIVE_CLAUSE,129,CURRENT_CANDIDATE,CURRENT_GUIDANCE_RANGE,,,,,,adjusted operating income (a non-GAAP financial measure) guidance for fiscal year 2019 to a range of $1.64 billion to $1.70 billion.,V9_SEVEN_GRAMMAR_CORRECTED_NOT_SOURCE_REVIEWED,/html/body/document/type/sequence/filename/description/text/center[1]/div/p[20],HTML_P,02f07e15c363408e15c31fc6788559cd1b6667cc6d7df7ebf9c4f4278e853e69
TEL,0001385157,0001104659-19-041505,2019-07-24T10:16:00.000Z,a19-13010_1ex99d1.htm,https://www.sec.gov/Archives/edgar/data/1385157/000110465919041505/a19-13010_1ex99d1.htm,68c41f780534d7fb854651f37f10ee947cf6f119a07904d004df5d1879e1319b,REVENUE,Q4-2019,UNSPECIFIED,NOT_APPLICABLE,USD,3200000000,3300000000,3250000000,CURRENT_GUIDANCE_RANGE,AS_REPORTED,NARRATIVE_CLAUSE,72,CURRENT_CANDIDATE,CURRENT_GUIDANCE_RANGE,,,,,,"For the fiscal fourth quarter of 2019, the company expects net sales of $3.2 billion to $3.3 billion.",V9_SEVEN_GRAMMAR_CORRECTED_NOT_SOURCE_REVIEWED,/html/body/document/type/sequence/filename/description/text/div[3]/p[4],HTML_P,5e554089eb14a9a40e78c08ad9550af68746691ec85a20766a16ef45d31c84ee
TEL,0001385157,0001104659-19-041505,2019-07-24T10:16:00.000Z,a19-13010_1ex99d2.htm,https://www.sec.gov/Archives/edgar/data/1385157/000110465919041505/a19-13010_1ex99d2.htm,5baea1cce31283f0042d4271dde670411bb8c735d98f65bc794f0de6c063294e,EPS,FY2019,NON_GAAP,NOT_APPLICABLE,USD_PER_SHARE,5.47,5.53,5.5,CURRENT_GUIDANCE_RANGE,AS_REPORTED,NARRATIVE_CLAUSE,73,CURRENT_CANDIDATE,CURRENT_GUIDANCE_RANGE,,,,,,Y/Y FY 2019 15 Guidance Range Sales of $13.35B - $13.45B Adjusted EPS of $5.47 - $5.53 Adjusted EPS is a non-GAAP financial measure;,V9_SEVEN_GRAMMAR_CORRECTED_NOT_SOURCE_REVIEWED,/html/body/document/type/sequence/filename/description/text/div[29]/div/div/div/p[1],HTML_P,6b15c23ec3ad38b96899847dd15f024b1eef71b51f552fd5e21cdba385a219e6
WM,0000823768,0001104659-19-041717,2019-07-25T11:33:27.000Z,a19-13158_1ex99d1.htm,https://www.sec.gov/Archives/edgar/data/823768/000110465919041717/a19-13158_1ex99d1.htm,b670838454250c0501414f9235b132ead86489a7dadf5ffad0aa4e1e716e1643,FREE_CASH_FLOW,FY2019,UNSPECIFIED,NOT_APPLICABLE,USD,2025000000,2075000000,2050000000,CURRENT_GUIDANCE_RANGE,AS_REPORTED,NARRATIVE_CLAUSE,336,CURRENT_CANDIDATE,CURRENT_GUIDANCE_RANGE,,,,,,"Despite our updated expectation for a full-year recycling headwind of $0.01 to $0.02 per diluted share we are reaffirming our full-year 2019 guidance of adjusted earnings per diluted share of $4.28 to $4.38, adjusted operating EBITDA of $4.40 to $4.45 billion, and free cash flow of $2.025 to $2.075 billion.” (b)",V9_SEVEN_GRAMMAR_CORRECTED_NOT_SOURCE_REVIEWED,/html/body/document/type/sequence/filename/description/text/div[5]/table/tr[1]/td[1]/p[1],HTML_P,0b1491e959790abe5a4ffa635586f9ebd7c1e424d9cf8d239b3ca0b46936f9d9
TEL,0001385157,0001104659-19-057468,2019-10-30T10:11:40.000Z,tm1920914d1_ex99-2.htm,https://www.sec.gov/Archives/edgar/data/1385157/000110465919057468/tm1920914d1_ex99-2.htm,f7f4bb6f7b4db86059274285e4aea657e5e0dd266926640450b05c188038f770,EPS,FY2020,NON_GAAP,NOT_APPLICABLE,USD_PER_SHARE,4.85,5.25,5.05,CURRENT_GUIDANCE_RANGE,AS_REPORTED,NARRATIVE_CLAUSE,147,CURRENT_CANDIDATE,CURRENT_GUIDANCE_RANGE,,,,,,Y/Y FY 2020 17 Guidance Range Sales of $12.7B - $13.3B Adjusted EPS of $4.85 - $5.25 Adjusted EPS is a non - GAAP financial measure;,V9_SEVEN_GRAMMAR_CORRECTED_NOT_SOURCE_REVIEWED,/html/body/document/type/sequence/filename/description/text/p[36],HTML_P,15950b7da6cdabd8317c53f3c1fc2a2821b651219e5d546f5b5eca88ef95a7ca
MCO,0001059556,0001157523-19-002132,2019-10-30T11:30:52.000Z,a52119892ex99_1.htm,https://www.sec.gov/Archives/edgar/data/1059556/000115752319002132/a52119892ex99_1.htm,6056ff5788c2efa93df4e69d23eae73fd55693de7fb11407bcc9307d246f4812,EPS,FY2019,UNSPECIFIED,NOT_APPLICABLE,USD_PER_SHARE,7.2,7.35,7.275,CURRENT_GUIDANCE_RANGE,AS_REPORTED,HTML_TABLE_GRID,0,CURRENT_CANDIDATE,CURRENT_GUIDANCE_RANGE,16,9,1,Diluted EPS,"Full Year 2019 Moody's Corporation Guidance as of October 30, 2019 | Current guidance | increase in the high-single-digit percent range | approximately 42% | approximately 48% | approximately $195 million | 21.5% - 22.5%","Note: The tax impacts in the table above were calculated using tax rates in effect in the jurisdiction for which the item relates. | Table 12 - 2019 Outlook | Moody's outlook for 2019 is based on assumptions about many geopolitical conditions and macroeconomic and capital market factors, including interest rates, foreign currency exchange rates, corporate profitability and business investment spending, mergers and acquisitions, consumer borrowing and securitization, and the level of debt capital markets activity. These assumptions are subject to uncertainty, and results for the year could differ materially from our current outlook. Our guidance assumes foreign currency translation at end-of-quarter exchange rates. Specifically, our forecast for the remainder of 2019 reflects exchange rates for the British pound (£) of $1.23 to £1 and for the euro (€) of $1.09 to €1. | Diluted EPS | $7.20 to $7.35 | $7.15 to $7.35",V9_SEVEN_GRAMMAR_CORRECTED_NOT_SOURCE_REVIEWED,,,a2dcefe33c10e77207d9b310a0fd11b54bca8bb8eed569ec151b8f69fc3ba35e
MCO,0001059556,0001157523-19-002132,2019-10-30T11:30:52.000Z,a52119892ex99_1.htm,https://www.sec.gov/Archives/edgar/data/1059556/000115752319002132/a52119892ex99_1.htm,6056ff5788c2efa93df4e69d23eae73fd55693de7fb11407bcc9307d246f4812,EPS,FY2019,NON_GAAP,NOT_APPLICABLE,USD_PER_SHARE,8.05,8.2,8.125,CURRENT_GUIDANCE_RANGE,AS_REPORTED,HTML_TABLE_GRID,0,CURRENT_CANDIDATE,CURRENT_GUIDANCE_RANGE,16,10,1,Adjusted Diluted EPS(2),"Full Year 2019 Moody's Corporation Guidance as of October 30, 2019 | Current guidance | increase in the high-single-digit percent range | approximately 42% | approximately 48% | approximately $195 million | 21.5% - 22.5% | $7.20 to $7.35","Note: The tax impacts in the table above were calculated using tax rates in effect in the jurisdiction for which the item relates. | Table 12 - 2019 Outlook | Moody's outlook for 2019 is based on assumptions about many geopolitical conditions and macroeconomic and capital market factors, including interest rates, foreign currency exchange rates, corporate profitability and business investment spending, mergers and acquisitions, consumer borrowing and securitization, and the level of debt capital markets activity. These assumptions are subject to uncertainty, and results for the year could differ materially from our current outlook. Our guidance assumes foreign currency translation at end-of-quarter exchange rates. Specifically, our forecast for the remainder of 2019 reflects exchange rates for the British pound (£) of $1.23 to £1 and for the euro (€) of $1.09 to €1. | Adjusted Diluted EPS(2) | $8.05 to $8.20 | $7.95 to $8.15",V9_SEVEN_GRAMMAR_CORRECTED_NOT_SOURCE_REVIEWED,,,a2dcefe33c10e77207d9b310a0fd11b54bca8bb8eed569ec151b8f69fc3ba35e
MCO,0001059556,0001157523-19-002132,2019-10-30T11:30:52.000Z,a52119892ex99_1.htm,https://www.sec.gov/Archives/edgar/data/1059556/000115752319002132/a52119892ex99_1.htm,6056ff5788c2efa93df4e69d23eae73fd55693de7fb11407bcc9307d246f4812,FREE_CASH_FLOW,FY2019,NON_GAAP,NOT_APPLICABLE,USD,1600000000,1700000000,1650000000,CURRENT_GUIDANCE_RANGE,AS_REPORTED,HTML_TABLE_GRID,0,CURRENT_CANDIDATE,CURRENT_GUIDANCE_RANGE,16,12,1,Free cash flow(2),"Full Year 2019 Moody's Corporation Guidance as of October 30, 2019 | Current guidance | increase in the high-single-digit percent range | approximately 42% | approximately 48% | approximately $195 million | 21.5% - 22.5% | $7.20 to $7.35 | $8.05 to $8.20 | $1.7 to $1.8 billion","Note: The tax impacts in the table above were calculated using tax rates in effect in the jurisdiction for which the item relates. | Table 12 - 2019 Outlook | Moody's outlook for 2019 is based on assumptions about many geopolitical conditions and macroeconomic and capital market factors, including interest rates, foreign currency exchange rates, corporate profitability and business investment spending, mergers and acquisitions, consumer borrowing and securitization, and the level of debt capital markets activity. These assumptions are subject to uncertainty, and results for the year could differ materially from our current outlook. Our guidance assumes foreign currency translation at end-of-quarter exchange rates. Specifically, our forecast for the remainder of 2019 reflects exchange rates for the British pound (£) of $1.23 to £1 and for the euro (€) of $1.09 to €1. | Free cash flow(2) | $1.6 to $1.7 billion | NC",V9_SEVEN_GRAMMAR_CORRECTED_NOT_SOURCE_REVIEWED,,,2c2fe80d538ac760f38a606683472720d3cc9088d85167e858a937c465514063
MCO,0001059556,0001157523-19-002132,2019-10-30T11:30:52.000Z,a52119892ex99_1.htm,https://www.sec.gov/Archives/edgar/data/1059556/000115752319002132/a52119892ex99_1.htm,6056ff5788c2efa93df4e69d23eae73fd55693de7fb11407bcc9307d246f4812,MARGIN,FY2019,NON_GAAP,NOT_APPLICABLE,PERCENT,28,29,28.5,CURRENT_GUIDANCE_RANGE,AS_REPORTED,HTML_TABLE_GRID,0,CURRENT_CANDIDATE,CURRENT_GUIDANCE_RANGE,16,28,1,MA adjusted operating margin,"Full Year 2019 Moody's Corporation Guidance as of October 30, 2019 | Current guidance | increase in the high-single-digit percent range | approximately 42% | approximately 48% | approximately $195 million | 21.5% - 22.5% | $7.20 to $7.35 | $8.05 to $8.20 | $1.7 to $1.8 billion | $1.6 to $1.7 billion | approximately $1.0 billion (subject to available cash, market conditions and other ongoing capital allocation decisions) | NC - There is no difference between the Company's current guidance and the","Note: The tax impacts in the table above were calculated using tax rates in effect in the jurisdiction for which the item relates. | Table 12 - 2019 Outlook | Moody's outlook for 2019 is based on assumptions about many geopolitical conditions and macroeconomic and capital market factors, including interest rates, foreign currency exchange rates, corporate profitability and business investment spending, mergers and acquisitions, consumer borrowing and securitization, and the level of debt capital markets activity. These assumptions are subject to uncertainty, and results for the year could differ materially from our current outlook. Our guidance assumes foreign currency translation at end-of-quarter exchange rates. Specifically, our forecast for the remainder of 2019 reflects exchange rates for the British pound (£) of $1.23 to £1 and for the euro (€) of $1.09 to €1. | MA adjusted operating margin | 28% - 29% | NC",V9_SEVEN_GRAMMAR_CORRECTED_NOT_SOURCE_REVIEWED,,,8465a7da16b7fdd478cd9072f6de39987dc9fe90208ed0d9f1b070223ad30cd0
MCO,0001059556,0001157523-19-002132,2019-10-30T11:30:52.000Z,a52119892ex99_1.htm,https://www.sec.gov/Archives/edgar/data/1059556/000115752319002132/a52119892ex99_1.htm,6056ff5788c2efa93df4e69d23eae73fd55693de7fb11407bcc9307d246f4812,EPS,FY2019,UNSPECIFIED,NOT_APPLICABLE,USD_PER_SHARE,7.2,7.35,7.275,CURRENT_GUIDANCE_RANGE,AS_REPORTED,NARRATIVE_CLAUSE,74,CURRENT_CANDIDATE,CURRENT_GUIDANCE_RANGE,,,,,,"FY 2019 diluted EPS and adjusted diluted EPS guidance ranges increased to $7.20 to $7.35 and $8.05 to $8.20, respectively",V9_SEVEN_GRAMMAR_CORRECTED_NOT_SOURCE_REVIEWED,/html/body/document/type/sequence/filename/description/text/div[3]/div/div/div/div[1]/ul/b/li[4],HTML_LI,f2baf769b48156cf40ee7e7cc1f976158849f4d6aefe2409cae84604c02e256c
MCO,0001059556,0001157523-19-002132,2019-10-30T11:30:52.000Z,a52119892ex99_1.htm,https://www.sec.gov/Archives/edgar/data/1059556/000115752319002132/a52119892ex99_1.htm,6056ff5788c2efa93df4e69d23eae73fd55693de7fb11407bcc9307d246f4812,EPS,FY2019,NON_GAAP,NOT_APPLICABLE,USD_PER_SHARE,8.05,8.2,8.125,CURRENT_GUIDANCE_RANGE,AS_REPORTED,NARRATIVE_CLAUSE,93,CURRENT_CANDIDATE,CURRENT_GUIDANCE_RANGE,,,,,,"FY 2019 diluted EPS and adjusted diluted EPS guidance ranges increased to $7.20 to $7.35 and $8.05 to $8.20, respectively",V9_SEVEN_GRAMMAR_CORRECTED_NOT_SOURCE_REVIEWED,/html/body/document/type/sequence/filename/description/text/div[3]/div/div/div/div[1]/ul/b/li[4],HTML_LI,ef3c1c995f237ed2ef8ffa6a8321a19035113e34cc6db5ffdd121390f44ada6a
MCO,0001059556,0001157523-19-002132,2019-10-30T11:30:52.000Z,a52119892ex99_1.htm,https://www.sec.gov/Archives/edgar/data/1059556/000115752319002132/a52119892ex99_1.htm,6056ff5788c2efa93df4e69d23eae73fd55693de7fb11407bcc9307d246f4812,EPS,FY2019,NON_GAAP,NOT_APPLICABLE,USD_PER_SHARE,8.05,8.2,8.125,CURRENT_GUIDANCE_RANGE,AS_REPORTED,NARRATIVE_CLAUSE,599,CURRENT_CANDIDATE,CURRENT_GUIDANCE_RANGE,,,,,,"top-line growth and disciplined expense management, we are raising our full year 2019 adjusted diluted EPS guidance range to $8.05 to $8.20.""",V9_SEVEN_GRAMMAR_CORRECTED_NOT_SOURCE_REVIEWED,/html/body/document/type/sequence/filename/description/text/div[3]/div/div/div/div[2]/div[1]/p[2],HTML_P,9a2323e23001281d48c912cea0db76f2284bf0eb8dcd371846f70ae161199552
TEL,0001385157,0001104659-20-007813,2020-01-29T11:11:00.000Z,tm205755d1_ex99-1.htm,https://www.sec.gov/Archives/edgar/data/1385157/000110465920007813/tm205755d1_ex99-1.htm,b23a7b6ccb9f74c215bc7fa051d4e45a447b104c5205d2f7647bd4f7a0b41bed,REVENUE,Q2-2020,UNSPECIFIED,NOT_APPLICABLE,USD,3100000000,3300000000,3200000000,CURRENT_GUIDANCE_RANGE,AS_REPORTED,NARRATIVE_CLAUSE,72,CURRENT_CANDIDATE,CURRENT_GUIDANCE_RANGE,,,,,,"For the fiscal second quarter of 2020, the company expects net sales of $3.1 billion to $3.3 billion,",V9_SEVEN_GRAMMAR_CORRECTED_NOT_SOURCE_REVIEWED,/html/body/document/type/sequence/filename/description/text/p[28],HTML_P,4c499486d3b8bb66fc4699c898f684df887ac91986e0dfe222ff1e5642f5ead1
TEL,0001385157,0001104659-20-007813,2020-01-29T11:11:00.000Z,tm205755d1_ex99-2.htm,https://www.sec.gov/Archives/edgar/data/1385157/000110465920007813/tm205755d1_ex99-2.htm,136bccbb04baa011490cbe29f1956dbb7df3bda415df0e6903068a38b306071f,EPS,FY2020,NON_GAAP,NOT_APPLICABLE,USD_PER_SHARE,4.95,5.25,5.1,CURRENT_GUIDANCE_RANGE,AS_REPORTED,NARRATIVE_CLAUSE,149,CURRENT_CANDIDATE,CURRENT_GUIDANCE_RANGE,,,,,,Y/Y FY 2020 15 Guidance Range Sales of $12.85B - $13.25B Adjusted EPS of $4.95 - $5.25 Adjusted EPS is a non - GAAP financial measure;,V9_SEVEN_GRAMMAR_CORRECTED_NOT_SOURCE_REVIEWED,/html/body/document/type/sequence/filename/description/text/p[34],HTML_P,1b7912c3e693fedfd15866948ee661725ad49b8f2b5b68b90579618f0d811fe7
MCO,0001059556,0001157523-20-000613,2020-04-30T11:30:50.000Z,a52212295ex99_1.htm,https://www.sec.gov/Archives/edgar/data/1059556/000115752320000613/a52212295ex99_1.htm,846db49290543ab0d53a70f0b4c5d9254bca28a63e81fa6cbe34a1373225c6b5,EPS,FY2020,UNSPECIFIED,NOT_APPLICABLE,USD_PER_SHARE,7.25,7.85,7.55,CURRENT_GUIDANCE_RANGE,AS_REPORTED,NARRATIVE_CLAUSE,72,CURRENT_CANDIDATE,CURRENT_GUIDANCE_RANGE,,,,,,"FY 2020 diluted EPS and adjusted diluted EPS guidance ranges reduced to $7.25 to $7.85 and $7.80 to $8.40, respectively due to anticipated COVID-19 impacts",V9_SEVEN_GRAMMAR_CORRECTED_NOT_SOURCE_REVIEWED,/html/body/document/type/sequence/filename/description/text/div[3]/div/div[1]/ul/b/li[4],HTML_LI,18fb8abfb5beeb04e91c81c0eb008d5d7a00fb5cb3dbad5af2cc8293ad6701df
MCO,0001059556,0001157523-20-000613,2020-04-30T11:30:50.000Z,a52212295ex99_1.htm,https://www.sec.gov/Archives/edgar/data/1059556/000115752320000613/a52212295ex99_1.htm,846db49290543ab0d53a70f0b4c5d9254bca28a63e81fa6cbe34a1373225c6b5,EPS,FY2020,NON_GAAP,NOT_APPLICABLE,USD_PER_SHARE,7.8,8.4,8.1,CURRENT_GUIDANCE_RANGE,AS_REPORTED,NARRATIVE_CLAUSE,91,CURRENT_CANDIDATE,CURRENT_GUIDANCE_RANGE,,,,,,"FY 2020 diluted EPS and adjusted diluted EPS guidance ranges reduced to $7.25 to $7.85 and $7.80 to $8.40, respectively due to anticipated COVID-19 impacts",V9_SEVEN_GRAMMAR_CORRECTED_NOT_SOURCE_REVIEWED,/html/body/document/type/sequence/filename/description/text/div[3]/div/div[1]/ul/b/li[4],HTML_LI,2413f17b959629e69bfe35b18e2fe611af53c96029394a395a07a7c1d822a13b
MCO,0001059556,0001157523-20-000613,2020-04-30T11:30:50.000Z,a52212295ex99_1.htm,https://www.sec.gov/Archives/edgar/data/1059556/000115752320000613/a52212295ex99_1.htm,846db49290543ab0d53a70f0b4c5d9254bca28a63e81fa6cbe34a1373225c6b5,EPS,FY2020,UNSPECIFIED,NOT_APPLICABLE,USD_PER_SHARE,7.25,7.85,7.55,CURRENT_GUIDANCE_RANGE,AS_REPORTED,NARRATIVE_CLAUSE,45,CURRENT_CANDIDATE,CURRENT_GUIDANCE_RANGE,,,,,,Full year 2020 diluted EPS is expected to be $7.25 to $7.85. The company expects full year 2020 adjusted diluted EPS to be $7.80 to $8.40.,V9_SEVEN_GRAMMAR_CORRECTED_NOT_SOURCE_REVIEWED,/html/body/document/type/sequence/filename/description/text/div[3]/div/div[2]/div[1]/p[31],HTML_P,1a09b845f0d5996575b019aecc48b391e8849631f69e8e340b49a642bd1feca3
MCO,0001059556,0001157523-20-000613,2020-04-30T11:30:50.000Z,a52212295ex99_1.htm,https://www.sec.gov/Archives/edgar/data/1059556/000115752320000613/a52212295ex99_1.htm,846db49290543ab0d53a70f0b4c5d9254bca28a63e81fa6cbe34a1373225c6b5,EPS,FY2020,NON_GAAP,NOT_APPLICABLE,USD_PER_SHARE,7.8,8.4,8.1,CURRENT_GUIDANCE_RANGE,AS_REPORTED,NARRATIVE_CLAUSE,123,CURRENT_CANDIDATE,CURRENT_GUIDANCE_RANGE,,,,,,Full year 2020 diluted EPS is expected to be $7.25 to $7.85. The company expects full year 2020 adjusted diluted EPS to be $7.80 to $8.40.,V9_SEVEN_GRAMMAR_CORRECTED_NOT_SOURCE_REVIEWED,/html/body/document/type/sequence/filename/description/text/div[3]/div/div[2]/div[1]/p[31],HTML_P,1e8efd8942e139ace62efbb5daf0fe48e53abe44d458ca6fc02cbf14255a5949
APH,0000820313,0001558370-20-008288,2020-07-22T14:35:44.000Z,aph-20200722xex99d1.htm,https://www.sec.gov/Archives/edgar/data/820313/000155837020008288/aph-20200722xex99d1.htm,bdadac9ded8f2e41e2c11fff86e9ca930444fd32e842d858e459f7288c1b51b8,EPS,Q3-2020,NON_GAAP,NOT_APPLICABLE,USD_PER_SHARE,0.84,0.86,0.85,CURRENT_GUIDANCE_RANGE,AS_REPORTED,NARRATIVE_CLAUSE,574,CURRENT_CANDIDATE,CURRENT_GUIDANCE_RANGE,,,,,,"However, considering the current demand environment and assuming no new material disruptions from the pandemic as well as constant exchange rates, for the third quarter 2020, we expect sales to be in the range of $1.960 billion to $2.000 billion and Adjusted Diluted EPS in the range of $0.84 to $0.86.”",V9_SEVEN_GRAMMAR_CORRECTED_NOT_SOURCE_REVIEWED,/html/body/document/type/sequence/filename/description/text/div[3]/div/p[3],HTML_P,902105d3ed73b6e8d8a4524fc54ae92f39e5b4a47ef247973c174ce4ad14f746
APH,0000820313,0001558370-20-011602,2020-10-21T14:25:55.000Z,aph-20201021xex99d1.htm,https://www.sec.gov/Archives/edgar/data/820313/000155837020011602/aph-20201021xex99d1.htm,5c762ae1a71bb43c23629a1d94c4fa8fe0e3d07d6989fcca839efa64aa130ddf,EPS,Q4-2020,NON_GAAP,NOT_APPLICABLE,USD_PER_SHARE,0.98,1,0.99,CURRENT_GUIDANCE_RANGE,AS_REPORTED,NARRATIVE_CLAUSE,426,CURRENT_CANDIDATE,CURRENT_GUIDANCE_RANGE,,,,,,"Given the current demand environment and assuming no new material disruptions from the pandemic as well as constant exchange rates, for the fourth quarter 2020, we expect sales to be in the range of $2.160 billion to $2.200 billion and Adjusted Diluted EPS in the range of $0.98 to $1.00. For the full year 2020, we expect sales in the range of $8.333 billion to $8.373 billion, an increase of 1% to 2% over 2019, and Adjusted Diluted EPS to be in the range of $3.59 to $3.61, which is a decrease of 3% to 4% over 2019.”",V9_SEVEN_GRAMMAR_CORRECTED_NOT_SOURCE_REVIEWED,/html/body/document/type/sequence/filename/description/text/div[3]/div/p[3],HTML_P,22f55faee11cf5103c7d0b426ad4494b3b986e2b620ed43b69e594d3b6f95c1c
APH,0000820313,0001558370-20-011602,2020-10-21T14:25:55.000Z,aph-20201021xex99d1.htm,https://www.sec.gov/Archives/edgar/data/820313/000155837020011602/aph-20201021xex99d1.htm,5c762ae1a71bb43c23629a1d94c4fa8fe0e3d07d6989fcca839efa64aa130ddf,EPS,Q4-2020,NON_GAAP,NOT_APPLICABLE,USD_PER_SHARE,3.59,3.61,3.6,CURRENT_GUIDANCE_RANGE,AS_REPORTED,NARRATIVE_CLAUSE,614,CURRENT_CANDIDATE,CURRENT_GUIDANCE_RANGE,,,,,,"Given the current demand environment and assuming no new material disruptions from the pandemic as well as constant exchange rates, for the fourth quarter 2020, we expect sales to be in the range of $2.160 billion to $2.200 billion and Adjusted Diluted EPS in the range of $0.98 to $1.00. For the full year 2020, we expect sales in the range of $8.333 billion to $8.373 billion, an increase of 1% to 2% over 2019, and Adjusted Diluted EPS to be in the range of $3.59 to $3.61, which is a decrease of 3% to 4% over 2019.”",V9_SEVEN_GRAMMAR_CORRECTED_NOT_SOURCE_REVIEWED,/html/body/document/type/sequence/filename/description/text/div[3]/div/p[3],HTML_P,de7493263b98e59263006a8baa661b45b0635b605e56e793c262112f16051055
MCO,0001059556,0001157523-20-001368,2020-10-29T11:00:53.000Z,a52316204ex99_1.htm,https://www.sec.gov/Archives/edgar/data/1059556/000115752320001368/a52316204ex99_1.htm,f8580486e6e708c4e4eed441e5ba810333044009994e28875ddb485075268387,EPS,FY2020,UNSPECIFIED,NOT_APPLICABLE,USD_PER_SHARE,9.3,9.5,9.4,CURRENT_GUIDANCE_RANGE,AS_REPORTED,NARRATIVE_CLAUSE,49,CURRENT_CANDIDATE,CURRENT_GUIDANCE_RANGE,,,,,,FY 2020 guidance range for diluted EPS raised to $9.30 to $9.50; adjusted diluted EPS guidance raised to $9.95 to $10.15,V9_SEVEN_GRAMMAR_CORRECTED_NOT_SOURCE_REVIEWED,/html/body/document/type/sequence/filename/description/text/div[4]/div/div/div[1]/ul/b/li[4],HTML_LI,a83f4939cccb115cc7e948347c7c7bb680b3c31938f26beee1272712291c6b3c
MCO,0001059556,0001157523-20-001368,2020-10-29T11:00:53.000Z,a52316204ex99_1.htm,https://www.sec.gov/Archives/edgar/data/1059556/000115752320001368/a52316204ex99_1.htm,f8580486e6e708c4e4eed441e5ba810333044009994e28875ddb485075268387,EPS,FY2020,NON_GAAP,NOT_APPLICABLE,USD_PER_SHARE,9.95,10.15,10.05,CURRENT_GUIDANCE_RANGE,AS_REPORTED,NARRATIVE_CLAUSE,105,CURRENT_CANDIDATE,CURRENT_GUIDANCE_RANGE,,,,,,FY 2020 guidance range for diluted EPS raised to $9.30 to $9.50; adjusted diluted EPS guidance raised to $9.95 to $10.15,V9_SEVEN_GRAMMAR_CORRECTED_NOT_SOURCE_REVIEWED,/html/body/document/type/sequence/filename/description/text/div[4]/div/div/div[1]/ul/b/li[4],HTML_LI,0aee485e05db98aa4f818799f7c76254ba9663b3159cc68eaf7801adb5ee2676
MCO,0001059556,0001157523-20-001368,2020-10-29T11:00:53.000Z,a52316204ex99_1.htm,https://www.sec.gov/Archives/edgar/data/1059556/000115752320001368/a52316204ex99_1.htm,f8580486e6e708c4e4eed441e5ba810333044009994e28875ddb485075268387,EPS,FY2020,UNSPECIFIED,NOT_APPLICABLE,USD_PER_SHARE,9.3,9.5,9.4,CURRENT_GUIDANCE_RANGE,AS_REPORTED,NARRATIVE_CLAUSE,45,CURRENT_CANDIDATE,CURRENT_GUIDANCE_RANGE,,,,,,Full year 2020 diluted EPS is expected to be $9.30 to $9.50. The company expects full year 2020 adjusted diluted EPS to be $9.95 to $10.15.,V9_SEVEN_GRAMMAR_CORRECTED_NOT_SOURCE_REVIEWED,/html/body/document/type/sequence/filename/description/text/div[4]/div/div/div[2]/div[1]/p[43],HTML_P,f119dc4b42feaa00120b7b5003c34b06bbdd2142c9ec30761f4e70f3d11cc649
MCO,0001059556,0001157523-20-001368,2020-10-29T11:00:53.000Z,a52316204ex99_1.htm,https://www.sec.gov/Archives/edgar/data/1059556/000115752320001368/a52316204ex99_1.htm,f8580486e6e708c4e4eed441e5ba810333044009994e28875ddb485075268387,EPS,FY2020,NON_GAAP,NOT_APPLICABLE,USD_PER_SHARE,9.95,10.15,10.05,CURRENT_GUIDANCE_RANGE,AS_REPORTED,NARRATIVE_CLAUSE,123,CURRENT_CANDIDATE,CURRENT_GUIDANCE_RANGE,,,,,,Full year 2020 diluted EPS is expected to be $9.30 to $9.50. The company expects full year 2020 adjusted diluted EPS to be $9.95 to $10.15.,V9_SEVEN_GRAMMAR_CORRECTED_NOT_SOURCE_REVIEWED,/html/body/document/type/sequence/filename/description/text/div[4]/div/div/div[2]/div[1]/p[43],HTML_P,d436db8dc0b51de47c8c5f6602014ac068193caa8578a3637926534127d738e1
APH,0000820313,0001558370-21-000424,2021-01-27T15:55:04.000Z,aph-20210127xex99d1.htm,https://www.sec.gov/Archives/edgar/data/820313/000155837021000424/aph-20210127xex99d1.htm,4d538b32672574e56d8cce1de8f3a0c66f2d2619ac36417827422b0a230b0860,EPS,Q1-2021,NON_GAAP,NOT_APPLICABLE,USD_PER_SHARE,0.9,0.94,0.92,CURRENT_GUIDANCE_RANGE,AS_REPORTED,NARRATIVE_CLAUSE,601,CURRENT_CANDIDATE,CURRENT_GUIDANCE_RANGE,,,,,,"Given the current demand environment and assuming no new material disruptions from the pandemic as well as constant exchange rates, for the first quarter 2021, Amphenol expects sales to be in the range of $2.120 billion to $2.180 billion, representing 14% to 17% growth over 2020, and Adjusted Diluted EPS in the range of $0.90 to $0.94, representing 27% to 32% growth over 2020. On a post-split basis, this would represent Adjusted Diluted EPS in the range of $0.45 to $0.47.",V9_SEVEN_GRAMMAR_CORRECTED_NOT_SOURCE_REVIEWED,/html/body/document/type/sequence/filename/description/text/div[3]/div/p[9],HTML_P,dcb45a0cf2e9bca62f5f77103172480107de819972cfb78f4ae0d8fc15186d7e
APH,0000820313,0001558370-21-000424,2021-01-27T15:55:04.000Z,aph-20210127xex99d1.htm,https://www.sec.gov/Archives/edgar/data/820313/000155837021000424/aph-20210127xex99d1.htm,4d538b32672574e56d8cce1de8f3a0c66f2d2619ac36417827422b0a230b0860,EPS,Q1-2021,NON_GAAP,NOT_APPLICABLE,USD_PER_SHARE,0.45,0.47,0.46,CURRENT_GUIDANCE_RANGE,AS_REPORTED,NARRATIVE_CLAUSE,740,CURRENT_CANDIDATE,CURRENT_GUIDANCE_RANGE,,,,,,"Given the current demand environment and assuming no new material disruptions from the pandemic as well as constant exchange rates, for the first quarter 2021, Amphenol expects sales to be in the range of $2.120 billion to $2.180 billion, representing 14% to 17% growth over 2020, and Adjusted Diluted EPS in the range of $0.90 to $0.94, representing 27% to 32% growth over 2020. On a post-split basis, this would represent Adjusted Diluted EPS in the range of $0.45 to $0.47.",V9_SEVEN_GRAMMAR_CORRECTED_NOT_SOURCE_REVIEWED,/html/body/document/type/sequence/filename/description/text/div[3]/div/p[9],HTML_P,9c35cfd23c603bf10192b9e302cd58104ac2fb012c3e687d5f883be71d20b8b2
HUM,0000049071,0000049071-21-000022,2021-02-03T11:58:31.000Z,hum-2020q48kxex99x2.htm,https://www.sec.gov/Archives/edgar/data/49071/000004907121000022/hum-2020q48kxex99x2.htm,72a49ffe3df9e24c4b54fac8dc2e0268f4d2fd5a35069ad7f8a4d1e46a587b6c,EPS,FY2021,GAAP,NOT_APPLICABLE,USD_PER_SHARE,20.82,21.32,21.07,CURRENT_GUIDANCE_RANGE,AS_REPORTED,HTML_TABLE_GRID,0,CURRENT_CANDIDATE,CURRENT_GUIDANCE_RANGE,17,2,12,Diluted earningsper commonshare (EPS) | Diluted earningsper commonshare (EPS) | Diluted earningsper commonshare (EPS) | GAAP | GAAP | GAAP | GAAP | GAAP | GAAP | GAAP | GAAP | GAAP,"Humana Inc.Full-Year 2021 ProjectionsAs of February 3, 2021",| Diluted earningsper commonshare (EPS) | Diluted earningsper commonshare (EPS) | Diluted earningsper commonshare (EPS) | GAAP | GAAP | GAAP | GAAP | GAAP | GAAP | GAAP | GAAP | GAAP | $20.82 to $21.32 | $20.82 to $21.32 | $20.82 to $21.32 | $20.82 to $21.32 | $20.82 to $21.32 | $20.82 to $21.32 | $20.82 to $21.32 | $20.82 to $21.32 | $20.82 to $21.32 | • Non-GAAP adjustments noted in footnote (f). | • Non-GAAP adjustments noted in footnote (f). | • Non-GAAP adjustments noted in footnote (f). | | | | | | | | | | | | | | | | | | | | | | | |,V9_SEVEN_GRAMMAR_CORRECTED_NOT_SOURCE_REVIEWED,,,403a556eba7d93a8d30c4caa6db09abe4536c9858d5c82982bde396718726e52
HUM,0000049071,0000049071-21-000022,2021-02-03T11:58:31.000Z,hum-2020q48kxex99x2.htm,https://www.sec.gov/Archives/edgar/data/49071/000004907121000022/hum-2020q48kxex99x2.htm,72a49ffe3df9e24c4b54fac8dc2e0268f4d2fd5a35069ad7f8a4d1e46a587b6c,EPS,FY2021,NON_GAAP,NOT_APPLICABLE,USD_PER_SHARE,21.25,21.75,21.5,CURRENT_GUIDANCE_RANGE,AS_REPORTED,HTML_TABLE_GRID,0,CURRENT_CANDIDATE,CURRENT_GUIDANCE_RANGE,17,4,12,Diluted earningsper commonshare (EPS) | Diluted earningsper commonshare (EPS) | Diluted earningsper commonshare (EPS) | Non-GAAP | Non-GAAP | Non-GAAP | Non-GAAP | Non-GAAP | Non-GAAP | Non-GAAP | Non-GAAP | Non-GAAP,"Humana Inc.Full-Year 2021 ProjectionsAs of February 3, 2021 | $20.82 to $21.32 | ~$0.43",| Diluted earningsper commonshare (EPS) | Diluted earningsper commonshare (EPS) | Diluted earningsper commonshare (EPS) | Non-GAAP | Non-GAAP | Non-GAAP | Non-GAAP | Non-GAAP | Non-GAAP | Non-GAAP | Non-GAAP | Non-GAAP | $21.25 to $21.75 | $21.25 to $21.75 | $21.25 to $21.75 | $21.25 to $21.75 | $21.25 to $21.75 | $21.25 to $21.75 | $21.25 to $21.75 | $21.25 to $21.75 | $21.25 to $21.75 | • Non-GAAP adjustments noted in footnote (f). | • Non-GAAP adjustments noted in footnote (f). | • Non-GAAP adjustments noted in footnote (f). | | | | | | | | | | | | | | | | | | | | | | | |,V9_SEVEN_GRAMMAR_CORRECTED_NOT_SOURCE_REVIEWED,,,403a556eba7d93a8d30c4caa6db09abe4536c9858d5c82982bde396718726e52
HUM,0000049071,0000049071-21-000022,2021-02-03T11:58:31.000Z,hum-2020q48kxex99x2.htm,https://www.sec.gov/Archives/edgar/data/49071/000004907121000022/hum-2020q48kxex99x2.htm,72a49ffe3df9e24c4b54fac8dc2e0268f4d2fd5a35069ad7f8a4d1e46a587b6c,CAPEX,FY2021,NOT_APPLICABLE,NOT_APPLICABLE,USD,1100000000,1200000000,1150000000,CURRENT_GUIDANCE_RANGE,AS_REPORTED,HTML_TABLE_GRID,0,CURRENT_CANDIDATE,CURRENT_GUIDANCE_RANGE,18,12,3,Capital expenditures | Capital expenditures | Capital expenditures,"Humana Inc.Full-Year 2021 ProjectionsAs of February 3, 2021 | Retail segment earnings | Group and Specialty segment earnings | Healthcare Services Adjusted EBITDA | 22.1% to 22.7% | 128.6 million to 129.6 million | $4.0 billion to $4.5 billion",| Capital expenditures | Capital expenditures | Capital expenditures | $1.1 billion to $1.2 billion | $1.1 billion to $1.2 billion | $1.1 billion to $1.2 billion | $1.1 billion to $1.2 billion | $1.1 billion to $1.2 billion | $1.1 billion to $1.2 billion | $1.1 billion to $1.2 billion | $1.1 billion to $1.2 billion | $1.1 billion to $1.2 billion | $1.1 billion to $1.2 billion | $1.1 billion to $1.2 billion | $1.1 billion to $1.2 billion | $1.1 billion to $1.2 billion | $1.1 billion to $1.2 billion | $1.1 billion to $1.2 billion | $1.1 billion to $1.2 billion | $1.1 billion to $1.2 billion | $1.1 billion to $1.2 billion | | |,V9_SEVEN_GRAMMAR_CORRECTED_NOT_SOURCE_REVIEWED,,,70a249eef3e67771578ea64508ecbc586df0bd59dcbc13eef4f00703ddd7afd0
MCO,0001059556,0001157523-21-000173,2021-02-12T12:30:27.000Z,a52378147ex99_1.htm,https://www.sec.gov/Archives/edgar/data/1059556/000115752321000173/a52378147ex99_1.htm,a20c13311739d28481c13ef34f0fece61e5c8d5309a563dbbccc2b3b0c6accc0,EPS,FY2021,UNSPECIFIED,NOT_APPLICABLE,USD_PER_SHARE,9.7,10.1,9.9,CURRENT_GUIDANCE_RANGE,AS_REPORTED,NARRATIVE_CLAUSE,45,CURRENT_CANDIDATE,CURRENT_GUIDANCE_RANGE,,,,,,Full year 2021 diluted EPS is expected to be $9.70 to $10.10. The company expects full year 2021 adjusted diluted EPS to be $10.30 to $10.70.,V9_SEVEN_GRAMMAR_CORRECTED_NOT_SOURCE_REVIEWED,/html/body/document/type/sequence/filename/description/text/div[3]/div[2]/div/div[2]/div[1]/p[43],HTML_P,54ce4d68a0a3c546e0831c33e7955de9afef34c733669eeffecb8cf8010cbb0a
MCO,0001059556,0001157523-21-000173,2021-02-12T12:30:27.000Z,a52378147ex99_1.htm,https://www.sec.gov/Archives/edgar/data/1059556/000115752321000173/a52378147ex99_1.htm,a20c13311739d28481c13ef34f0fece61e5c8d5309a563dbbccc2b3b0c6accc0,EPS,FY2021,NON_GAAP,NOT_APPLICABLE,USD_PER_SHARE,10.3,10.7,10.5,CURRENT_GUIDANCE_RANGE,AS_REPORTED,NARRATIVE_CLAUSE,124,CURRENT_CANDIDATE,CURRENT_GUIDANCE_RANGE,,,,,,Full year 2021 diluted EPS is expected to be $9.70 to $10.10. The company expects full year 2021 adjusted diluted EPS to be $10.30 to $10.70.,V9_SEVEN_GRAMMAR_CORRECTED_NOT_SOURCE_REVIEWED,/html/body/document/type/sequence/filename/description/text/div[3]/div[2]/div/div[2]/div[1]/p[43],HTML_P,0788b613b670a3c1d6f71140517ee16a7d1c2441cd9797659fe27860aefe3df9
HUM,0000049071,0000049071-21-000079,2021-04-28T11:13:15.000Z,hum-2021q18kxex99x2.htm,https://www.sec.gov/Archives/edgar/data/49071/000004907121000079/hum-2021q18kxex99x2.htm,7898050bac2c5b6e6d3f8c44e575a14926f882fcb542dbeaa862e1f0579e8493,EPS,FY2021,GAAP,NOT_APPLICABLE,USD_PER_SHARE,19.62,20.12,19.87,CURRENT_GUIDANCE_RANGE,AS_REPORTED,HTML_TABLE_GRID,0,CURRENT_CANDIDATE,CURRENT_GUIDANCE_RANGE,12,2,12,Diluted earningsper commonshare (EPS) | Diluted earningsper commonshare (EPS) | Diluted earningsper commonshare (EPS) | GAAP | GAAP | GAAP | GAAP | GAAP | GAAP | GAAP | GAAP | GAAP,"Humana Inc.Full-Year 2021 ProjectionsAs of April 28, 2021",| Diluted earningsper commonshare (EPS) | Diluted earningsper commonshare (EPS) | Diluted earningsper commonshare (EPS) | GAAP | GAAP | GAAP | GAAP | GAAP | GAAP | GAAP | GAAP | GAAP | $19.62 to $20.12(was $20.82 to $21.32) | $19.62 to $20.12(was $20.82 to $21.32) | $19.62 to $20.12(was $20.82 to $21.32) | $19.62 to $20.12(was $20.82 to $21.32) | $19.62 to $20.12(was $20.82 to $21.32) | $19.62 to $20.12(was $20.82 to $21.32) | $19.62 to $20.12(was $20.82 to $21.32) | $19.62 to $20.12(was $20.82 to $21.32) | $19.62 to $20.12(was $20.82 to $21.32) | • Non-GAAP adjustments noted in footnote (d). | • Non-GAAP adjustments noted in footnote (d). | • Non-GAAP adjustments noted in footnote (d). | | | | | | | | | | | | | | | | | | | | | | | |,V9_SEVEN_GRAMMAR_CORRECTED_NOT_SOURCE_REVIEWED,,,39ea4af15b731bacafbdde6f9469258fd840f18ecb8d3d9b60583a9447c6239a
HUM,0000049071,0000049071-21-000079,2021-04-28T11:13:15.000Z,hum-2021q18kxex99x2.htm,https://www.sec.gov/Archives/edgar/data/49071/000004907121000079/hum-2021q18kxex99x2.htm,7898050bac2c5b6e6d3f8c44e575a14926f882fcb542dbeaa862e1f0579e8493,EPS,FY2021,NON_GAAP,NOT_APPLICABLE,USD_PER_SHARE,21.25,21.75,21.5,CURRENT_GUIDANCE_RANGE,AS_REPORTED,HTML_TABLE_GRID,0,CURRENT_CANDIDATE,CURRENT_GUIDANCE_RANGE,12,4,12,Diluted earningsper commonshare (EPS) | Diluted earningsper commonshare (EPS) | Diluted earningsper commonshare (EPS) | Non-GAAP | Non-GAAP | Non-GAAP | Non-GAAP | Non-GAAP | Non-GAAP | Non-GAAP | Non-GAAP | Non-GAAP,"Humana Inc.Full-Year 2021 ProjectionsAs of April 28, 2021 | $19.62 to $20.12(was $20.82 to $21.32) | $1.63(was ~$0.43)",| Diluted earningsper commonshare (EPS) | Diluted earningsper commonshare (EPS) | Diluted earningsper commonshare (EPS) | Non-GAAP | Non-GAAP | Non-GAAP | Non-GAAP | Non-GAAP | Non-GAAP | Non-GAAP | Non-GAAP | Non-GAAP | $21.25 to $21.75(no change) | $21.25 to $21.75(no change) | $21.25 to $21.75(no change) | $21.25 to $21.75(no change) | $21.25 to $21.75(no change) | $21.25 to $21.75(no change) | $21.25 to $21.75(no change) | $21.25 to $21.75(no change) | $21.25 to $21.75(no change) | • Non-GAAP adjustments noted in footnote (d). | • Non-GAAP adjustments noted in footnote (d). | • Non-GAAP adjustments noted in footnote (d). | | | | | | | | | | | | | | | | | | | | | | | |,V9_SEVEN_GRAMMAR_CORRECTED_NOT_SOURCE_REVIEWED,,,39ea4af15b731bacafbdde6f9469258fd840f18ecb8d3d9b60583a9447c6239a
APH,0000820313,0001558370-21-004999,2021-04-28T14:15:21.000Z,aph-20210428xex99d1.htm,https://www.sec.gov/Archives/edgar/data/820313/000155837021004999/aph-20210428xex99d1.htm,60a2b1dc6b45f4a5257298951e809740e9f7f67b18eb62e5e07bcdbfff5bb3a8,EPS,Q2-2021,NON_GAAP,NOT_APPLICABLE,USD_PER_SHARE,0.53,0.55,0.54,CURRENT_GUIDANCE_RANGE,AS_REPORTED,NARRATIVE_CLAUSE,389,CURRENT_CANDIDATE,CURRENT_GUIDANCE_RANGE,,,,,,"Given the current dynamic market environment and assuming no new material disruptions from the COVID-19 pandemic as well as constant exchange rates, for the second quarter 2021, Amphenol expects sales to be in the range of $2.415 billion to $2.475 billion, representing 22% to 25% growth over the second quarter of 2020, and Adjusted Diluted EPS from continuing operations in the range of $0.53 to $0.55, representing 33% to 38% growth over the second quarter of 2020. The Company’s guidance excludes cash and non-cash costs related to the MTS acquisition.",V9_SEVEN_GRAMMAR_CORRECTED_NOT_SOURCE_REVIEWED,/html/body/document/type/sequence/filename/description/text/div[3]/div/p[3],HTML_P,3319051e750d84d4d1596da19890b9fb7833b408aba1056f2768ed3bce633819
CDNS,0000813672,0000813672-21-000027,2021-07-26T20:09:07.000Z,cfocommentary07262021ex9902.htm,https://www.sec.gov/Archives/edgar/data/813672/000081367221000027/cfocommentary07262021ex9902.htm,bd6863a0713e6236aaffd99b3e303771f4f6d0e93d17e9bea6bc4b0bcf526ba2,MARGIN,FY2021,GAAP,NOT_APPLICABLE,PERCENT,24.5,25.25,24.875,CURRENT_GUIDANCE_RANGE,AS_REPORTED,HTML_TABLE_GRID,0,CURRENT_CANDIDATE,CURRENT_GUIDANCE_RANGE,8,16,18,GAAP Operating Margin | GAAP Operating Margin | GAAP Operating Margin | 24.1% | 24.1% | 24.1%,"Current | FY 2021E | 85% - 90% | $2,925 - $2,965 | 9% - 11% | ~75%",Fiscal Year 2021 Financial Outlook | GAAP Operating Margin | GAAP Operating Margin | GAAP Operating Margin | 24.1% | 24.1% | 24.1% | | | | 23% - 24% | 23% - 24% | 23% - 24% | | | | | | | 24.5% - 25.25% | 24.5% - 25.25% | 24.5% - 25.25% | | |,V9_SEVEN_GRAMMAR_CORRECTED_NOT_SOURCE_REVIEWED,,,bc97af612c920899f369e75cf226d0e72cc9c90dfe994b408d6f04eb725890fb
CDNS,0000813672,0000813672-21-000027,2021-07-26T20:09:07.000Z,cfocommentary07262021ex9902.htm,https://www.sec.gov/Archives/edgar/data/813672/000081367221000027/cfocommentary07262021ex9902.htm,bd6863a0713e6236aaffd99b3e303771f4f6d0e93d17e9bea6bc4b0bcf526ba2,MARGIN,FY2021,NON_GAAP,NOT_APPLICABLE,PERCENT,36,36.75,36.375,CURRENT_GUIDANCE_RANGE,AS_REPORTED,HTML_TABLE_GRID,0,CURRENT_CANDIDATE,CURRENT_GUIDANCE_RANGE,8,18,18,Non-GAAP Operating Margin | Non-GAAP Operating Margin | Non-GAAP Operating Margin | 35.2% | 35.2% | 35.2%,"Current | FY 2021E | 85% - 90% | $2,925 - $2,965 | 9% - 11% | ~75% | 24.5% - 25.25%",Fiscal Year 2021 Financial Outlook | Non-GAAP Operating Margin | Non-GAAP Operating Margin | Non-GAAP Operating Margin | 35.2% | 35.2% | 35.2% | | | | 35% - 36% | 35% - 36% | 35% - 36% | | | | | | | 36% - 36.75% | 36% - 36.75% | 36% - 36.75% | | |,V9_SEVEN_GRAMMAR_CORRECTED_NOT_SOURCE_REVIEWED,,,bc97af612c920899f369e75cf226d0e72cc9c90dfe994b408d6f04eb725890fb
CDNS,0000813672,0000813672-21-000027,2021-07-26T20:09:07.000Z,cfocommentary07262021ex9902.htm,https://www.sec.gov/Archives/edgar/data/813672/000081367221000027/cfocommentary07262021ex9902.htm,bd6863a0713e6236aaffd99b3e303771f4f6d0e93d17e9bea6bc4b0bcf526ba2,EPS,FY2021,GAAP,NOT_APPLICABLE,USD_PER_SHARE,2.15,2.21,2.18,CURRENT_GUIDANCE_RANGE,AS_REPORTED,HTML_TABLE_GRID,0,CURRENT_CANDIDATE,CURRENT_GUIDANCE_RANGE,8,30,18,GAAP EPS | GAAP EPS | GAAP EPS | $ | 2.11,"Current | FY 2021E | 85% - 90% | $2,925 - $2,965 | 9% - 11% | ~75% | 24.5% - 25.25% | 36% - 36.75% | $(10) - $(14) | $(15) - $(19) | ~15% | 16% | 278 - 280",Fiscal Year 2021 Financial Outlook | GAAP EPS | GAAP EPS | GAAP EPS | $ | 2.11 | | | | | $2.01 - $2.09 | $2.01 - $2.09 | $2.01 - $2.09 | | | | | | | $2.15 - $2.21 | $2.15 - $2.21 | $2.15 - $2.21 | | |,V9_SEVEN_GRAMMAR_CORRECTED_NOT_SOURCE_REVIEWED,,,479a756c89a9ba7f13d63e880d0a15500b6786e7b147f2ea2be98d479afa06c5
CDNS,0000813672,0000813672-21-000027,2021-07-26T20:09:07.000Z,cfocommentary07262021ex9902.htm,https://www.sec.gov/Archives/edgar/data/813672/000081367221000027/cfocommentary07262021ex9902.htm,bd6863a0713e6236aaffd99b3e303771f4f6d0e93d17e9bea6bc4b0bcf526ba2,EPS,FY2021,NON_GAAP,NOT_APPLICABLE,USD_PER_SHARE,3.14,3.2,3.17,CURRENT_GUIDANCE_RANGE,AS_REPORTED,HTML_TABLE_GRID,0,CURRENT_CANDIDATE,CURRENT_GUIDANCE_RANGE,8,33,18,Non-GAAP EPS | Non-GAAP EPS | Non-GAAP EPS | $ | 2.80,"Current | FY 2021E | 85% - 90% | $2,925 - $2,965 | 9% - 11% | ~75% | 24.5% - 25.25% | 36% - 36.75% | $(10) - $(14) | $(15) - $(19) | ~15% | 16% | 278 - 280 | $2.15 - $2.21",Fiscal Year 2021 Financial Outlook | Non-GAAP EPS | Non-GAAP EPS | Non-GAAP EPS | $ | 2.80 | | | | | $2.99 - $3.07 | $2.99 - $3.07 | $2.99 - $3.07 | | | | | | | $3.14 - $3.20 | $3.14 - $3.20 | $3.14 - $3.20 | | |,V9_SEVEN_GRAMMAR_CORRECTED_NOT_SOURCE_REVIEWED,,,479a756c89a9ba7f13d63e880d0a15500b6786e7b147f2ea2be98d479afa06c5
ALB,0000915913,0000915913-21-000147,2021-08-04T20:25:25.000Z,a2q21earningsreleaseex991.htm,https://www.sec.gov/Archives/edgar/data/915913/000091591321000147/a2q21earningsreleaseex991.htm,bf1398289220c40ab15a41fa7a5b8430382554e02d5e1167c1adeeb77123e6f4,REVENUE,FY2021,UNSPECIFIED,NOT_APPLICABLE,USD,3300000000,3400000000,3350000000,CURRENT_GUIDANCE_RANGE,AS_REPORTED,HTML_TABLE_GRID,0,CURRENT_CANDIDATE,CURRENT_GUIDANCE_RANGE,2,3,3,Net sales | Net sales | Net sales,Revised | FY 2021 Guidance,| Net sales | Net sales | Net sales | $3.3 - $3.4 billion | $3.3 - $3.4 billion | $3.3 - $3.4 billion | | | | $95 - $105 million | $95 - $105 million | $95 - $105 million | | | | $3.2 - $3.3 billion | $3.2 - $3.3 billion | $3.2 - $3.3 billion,V9_SEVEN_GRAMMAR_CORRECTED_NOT_SOURCE_REVIEWED,,,4fffb878770e8369d596df183b9777df0ee605a9c48550e6deccfc26fc6e15d5
ALB,0000915913,0000915913-21-000147,2021-08-04T20:25:25.000Z,a2q21earningsreleaseex991.htm,https://www.sec.gov/Archives/edgar/data/915913/000091591321000147/a2q21earningsreleaseex991.htm,bf1398289220c40ab15a41fa7a5b8430382554e02d5e1167c1adeeb77123e6f4,REVENUE,FY2021,UNSPECIFIED,NOT_APPLICABLE,USD,3200000000,3300000000,3250000000,CURRENT_GUIDANCE_RANGE,AS_REPORTED,HTML_TABLE_GRID,0,CURRENT_CANDIDATE,CURRENT_GUIDANCE_RANGE,2,3,15,Net sales | Net sales | Net sales,Pro Forma Revised | FY 2021 Guidance,| Net sales | Net sales | Net sales | $3.3 - $3.4 billion | $3.3 - $3.4 billion | $3.3 - $3.4 billion | | | | $95 - $105 million | $95 - $105 million | $95 - $105 million | | | | $3.2 - $3.3 billion | $3.2 - $3.3 billion | $3.2 - $3.3 billion,V9_SEVEN_GRAMMAR_CORRECTED_NOT_SOURCE_REVIEWED,,,4fffb878770e8369d596df183b9777df0ee605a9c48550e6deccfc26fc6e15d5
ALB,0000915913,0000915913-21-000147,2021-08-04T20:25:25.000Z,a2q21earningsreleaseex991.htm,https://www.sec.gov/Archives/edgar/data/915913/000091591321000147/a2q21earningsreleaseex991.htm,bf1398289220c40ab15a41fa7a5b8430382554e02d5e1167c1adeeb77123e6f4,MARGIN,FY2021,NON_GAAP,NOT_APPLICABLE,PERCENT,24,25,24.5,CURRENT_GUIDANCE_RANGE,AS_REPORTED,HTML_TABLE_GRID,0,CURRENT_CANDIDATE,CURRENT_GUIDANCE_RANGE,2,5,3,Adjusted EBITDA Margin | Adjusted EBITDA Margin | Adjusted EBITDA Margin,Revised | FY 2021 Guidance | $3.3 - $3.4 billion | $810 - $860 million,| Adjusted EBITDA Margin | Adjusted EBITDA Margin | Adjusted EBITDA Margin | 24% - 25% | 24% - 25% | 24% - 25% | | | | | | | | | | 24% - 25% | 24% - 25% | 24% - 25%,V9_SEVEN_GRAMMAR_CORRECTED_NOT_SOURCE_REVIEWED,,,685d53ec39d3c55a35e2916460663e5a0d7feef02b691b94b9e5569fa48d13b4
ALB,0000915913,0000915913-21-000147,2021-08-04T20:25:25.000Z,a2q21earningsreleaseex991.htm,https://www.sec.gov/Archives/edgar/data/915913/000091591321000147/a2q21earningsreleaseex991.htm,bf1398289220c40ab15a41fa7a5b8430382554e02d5e1167c1adeeb77123e6f4,EPS,FY2021,NON_GAAP,NOT_APPLICABLE,USD_PER_SHARE,3.6,4,3.8,CURRENT_GUIDANCE_RANGE,AS_REPORTED,HTML_TABLE_GRID,0,CURRENT_CANDIDATE,CURRENT_GUIDANCE_RANGE,2,6,3,Adjusted Diluted EPS | Adjusted Diluted EPS | Adjusted Diluted EPS,Revised | FY 2021 Guidance | $3.3 - $3.4 billion | $810 - $860 million | 24% - 25%,| Adjusted Diluted EPS | Adjusted Diluted EPS | Adjusted Diluted EPS | $3.60 - $4.00 | $3.60 - $4.00 | $3.60 - $4.00 | | | | $0.25 - $0.30 | $0.25 - $0.30 | $0.25 - $0.30 | | | | $3.35 - $3.70 | $3.35 - $3.70 | $3.35 - $3.70,V9_SEVEN_GRAMMAR_CORRECTED_NOT_SOURCE_REVIEWED,,,1bacb4262a155792b10b2893601cbbe83ee81b1a3436e2a20634b18c5510accb
ALB,0000915913,0000915913-21-000147,2021-08-04T20:25:25.000Z,a2q21earningsreleaseex991.htm,https://www.sec.gov/Archives/edgar/data/915913/000091591321000147/a2q21earningsreleaseex991.htm,bf1398289220c40ab15a41fa7a5b8430382554e02d5e1167c1adeeb77123e6f4,EPS,FY2021,NON_GAAP,NOT_APPLICABLE,USD_PER_SHARE,3.35,3.7,3.525,CURRENT_GUIDANCE_RANGE,AS_REPORTED,HTML_TABLE_GRID,0,CURRENT_CANDIDATE,CURRENT_GUIDANCE_RANGE,2,6,15,Adjusted Diluted EPS | Adjusted Diluted EPS | Adjusted Diluted EPS,Pro Forma Revised | FY 2021 Guidance | $3.2 - $3.3 billion | $775 - $815 million | 24% - 25%,| Adjusted Diluted EPS | Adjusted Diluted EPS | Adjusted Diluted EPS | $3.60 - $4.00 | $3.60 - $4.00 | $3.60 - $4.00 | | | | $0.25 - $0.30 | $0.25 - $0.30 | $0.25 - $0.30 | | | | $3.35 - $3.70 | $3.35 - $3.70 | $3.35 - $3.70,V9_SEVEN_GRAMMAR_CORRECTED_NOT_SOURCE_REVIEWED,,,1bacb4262a155792b10b2893601cbbe83ee81b1a3436e2a20634b18c5510accb
ALB,0000915913,0000915913-21-000147,2021-08-04T20:25:25.000Z,a2q21earningsreleaseex991.htm,https://www.sec.gov/Archives/edgar/data/915913/000091591321000147/a2q21earningsreleaseex991.htm,bf1398289220c40ab15a41fa7a5b8430382554e02d5e1167c1adeeb77123e6f4,CAPEX,FY2021,NOT_APPLICABLE,NOT_APPLICABLE,USD,850000000,950000000,900000000,CURRENT_GUIDANCE_RANGE,AS_REPORTED,HTML_TABLE_GRID,0,CURRENT_CANDIDATE,CURRENT_GUIDANCE_RANGE,2,8,3,Capital Expenditures | Capital Expenditures | Capital Expenditures,Revised | FY 2021 Guidance | $3.3 - $3.4 billion | $810 - $860 million | 24% - 25% | $3.60 - $4.00 | $590 - $690 million,| Capital Expenditures | Capital Expenditures | Capital Expenditures | $850 - $950 million | $850 - $950 million | $850 - $950 million | | | | $4 - $8 million | $4 - $8 million | $4 - $8 million | | | | $850 - $950 million | $850 - $950 million | $850 - $950 million,V9_SEVEN_GRAMMAR_CORRECTED_NOT_SOURCE_REVIEWED,,,e35e6b5395c17c8f66500a0b3662970264c6693f6af3d66107e4b06e94ba6fb0
CDNS,0000813672,0000813672-21-000036,2021-10-25T20:06:08.000Z,cfocommentary10252021ex9902.htm,https://www.sec.gov/Archives/edgar/data/813672/000081367221000036/cfocommentary10252021ex9902.htm,41c3ae2204fc9d21ae301701034e08082115cf0fd798c5971f2baf489cdf9816,EPS,FY2021,GAAP,NOT_APPLICABLE,USD_PER_SHARE,2.36,2.4,2.38,CURRENT_GUIDANCE_RANGE,AS_REPORTED,HTML_TABLE_GRID,0,CURRENT_CANDIDATE,CURRENT_GUIDANCE_RANGE,8,30,18,GAAP EPS | GAAP EPS | GAAP EPS | $ | 2.11,"Current | FY 2021E | 85% - 90% | $2,960 - $2,980 | 10% - 11% | ~70% | ~26% | ~37% | $(13) - $(15) | $(17) - $(19) | ~12% | 16% | 278 - 280",Fiscal Year 2021 Financial Outlook | GAAP EPS | GAAP EPS | GAAP EPS | $ | 2.11 | | | | | $2.15 - $2.21 | $2.15 - $2.21 | $2.15 - $2.21 | | | | | | | $2.36 - $2.40 | $2.36 - $2.40 | $2.36 - $2.40 | | |,V9_SEVEN_GRAMMAR_CORRECTED_NOT_SOURCE_REVIEWED,,,492847cb2ec0166998529aa7345011bc53a20d6d8990047ed2fb8c9638610ab6
CDNS,0000813672,0000813672-21-000036,2021-10-25T20:06:08.000Z,cfocommentary10252021ex9902.htm,https://www.sec.gov/Archives/edgar/data/813672/000081367221000036/cfocommentary10252021ex9902.htm,41c3ae2204fc9d21ae301701034e08082115cf0fd798c5971f2baf489cdf9816,EPS,FY2021,NON_GAAP,NOT_APPLICABLE,USD_PER_SHARE,3.24,3.28,3.26,CURRENT_GUIDANCE_RANGE,AS_REPORTED,HTML_TABLE_GRID,0,CURRENT_CANDIDATE,CURRENT_GUIDANCE_RANGE,8,33,18,Non-GAAP EPS | Non-GAAP EPS | Non-GAAP EPS | $ | 2.80,"Current | FY 2021E | 85% - 90% | $2,960 - $2,980 | 10% - 11% | ~70% | ~26% | ~37% | $(13) - $(15) | $(17) - $(19) | ~12% | 16% | 278 - 280 | $2.36 - $2.40",Fiscal Year 2021 Financial Outlook | Non-GAAP EPS | Non-GAAP EPS | Non-GAAP EPS | $ | 2.80 | | | | | $3.14 - $3.20 | $3.14 - $3.20 | $3.14 - $3.20 | | | | | | | $3.24 - $3.28 | $3.24 - $3.28 | $3.24 - $3.28 | | |,V9_SEVEN_GRAMMAR_CORRECTED_NOT_SOURCE_REVIEWED,,,492847cb2ec0166998529aa7345011bc53a20d6d8990047ed2fb8c9638610ab6
CVS,0000064803,0000947871-21-001217,2021-11-18T14:06:48.000Z,ss621297_ex9901.htm,https://www.sec.gov/Archives/edgar/data/64803/000094787121001217/ss621297_ex9901.htm,309aa678c263d1ced8d8cc06e5ba9cc61bfadbe003395b8e5d4b1a001712505e,EPS,FY2021,GAAP,NOT_APPLICABLE,USD_PER_SHARE,5.46,5.67,5.565,CURRENT_GUIDANCE_RANGE,AS_REPORTED,NARRATIVE_CLAUSE,432,CURRENT_CANDIDATE,CURRENT_GUIDANCE_RANGE,,,,,,"store closures, the company has revised its full year 2021 GAAP EPS guidance range to $5.46 to $5.67 from $6.13 to $6.23. These",V9_SEVEN_GRAMMAR_CORRECTED_NOT_SOURCE_REVIEWED,/html/body/document/type/sequence/filename/description/text/p[32],HTML_P,b1955aed42ee4682598c23cc035e047a8fc1993cbf167f53d472bd1075696046
MCO,0001059556,0001157523-22-000174,2022-02-10T12:15:32.000Z,a52577033ex99_1.htm,https://www.sec.gov/Archives/edgar/data/1059556/000115752322000174/a52577033ex99_1.htm,ed711fdfcdd5dd5a37c78c3ed0f56e61b766525e2537ccd5ae418b583ca7540a,EPS,FY2022,UNSPECIFIED,NOT_APPLICABLE,USD_PER_SHARE,11.5,12,11.75,CURRENT_GUIDANCE_RANGE,AS_REPORTED,NARRATIVE_CLAUSE,46,CURRENT_CANDIDATE,CURRENT_GUIDANCE_RANGE,,,,,,Full year 2022 diluted EPS is projected to be $11.50 to $12.00. The Company expects full year 2022 adjusted diluted EPS1 to be $12.40 to $12.90.,V9_SEVEN_GRAMMAR_CORRECTED_NOT_SOURCE_REVIEWED,/html/body/document/type/sequence/filename/description/text/div[3]/div/div/div/div/div[2]/div[1]/p[39],HTML_P,d405545a6a88dec2b298c49de404440b17d79b1cc6994bd133e8bc7740622f2e
MCO,0001059556,0001157523-22-000174,2022-02-10T12:15:32.000Z,a52577033ex99_1.htm,https://www.sec.gov/Archives/edgar/data/1059556/000115752322000174/a52577033ex99_1.htm,ed711fdfcdd5dd5a37c78c3ed0f56e61b766525e2537ccd5ae418b583ca7540a,EPS,FY2022,NON_GAAP,NOT_APPLICABLE,USD_PER_SHARE,12.4,12.9,12.65,CURRENT_GUIDANCE_RANGE,AS_REPORTED,NARRATIVE_CLAUSE,127,CURRENT_CANDIDATE,CURRENT_GUIDANCE_RANGE,,,,,,Full year 2022 diluted EPS is projected to be $11.50 to $12.00. The Company expects full year 2022 adjusted diluted EPS1 to be $12.40 to $12.90.,V9_SEVEN_GRAMMAR_CORRECTED_NOT_SOURCE_REVIEWED,/html/body/document/type/sequence/filename/description/text/div[3]/div/div/div/div/div[2]/div[1]/p[39],HTML_P,0515ce2851dda9ceb04119176244944274b2f08f78cab5e7667c41616a777c99
CDNS,0000813672,0000813672-22-000021,2022-04-25T20:05:56.000Z,cfocommentary04252022ex9902.htm,https://www.sec.gov/Archives/edgar/data/813672/000081367222000021/cfocommentary04252022ex9902.htm,176979a44cbdda8b82512ced08659625eda9d254a91daaa564b345d0a1aa69ac,MARGIN,FY2022,GAAP,NOT_APPLICABLE,PERCENT,28.5,30,29.25,CURRENT_GUIDANCE_RANGE,AS_REPORTED,HTML_TABLE_GRID,0,CURRENT_CANDIDATE,CURRENT_GUIDANCE_RANGE,8,16,18,GAAP Operating Margin | GAAP Operating Margin | GAAP Operating Margin | 26.1% | 26.1% | 26.1%,"Current | FY 2022E | 85% - 90% | $3,395 - $3,435 | 14% - 15% | ~75%",Fiscal Year 2022 Financial Outlook | GAAP Operating Margin | GAAP Operating Margin | GAAP Operating Margin | 26.1% | 26.1% | 26.1% | | | | 27.5% - 29% | 27.5% - 29% | 27.5% - 29% | | | | | | | 28.5% - 30% | 28.5% - 30% | 28.5% - 30% | | |,V9_SEVEN_GRAMMAR_CORRECTED_NOT_SOURCE_REVIEWED,,,f16970d0741cb7f3b3464f6347f597f8dc9e7c6b6776720dad70a82b5d12a9ad
CDNS,0000813672,0000813672-22-000021,2022-04-25T20:05:56.000Z,cfocommentary04252022ex9902.htm,https://www.sec.gov/Archives/edgar/data/813672/000081367222000021/cfocommentary04252022ex9902.htm,176979a44cbdda8b82512ced08659625eda9d254a91daaa564b345d0a1aa69ac,MARGIN,FY2022,NON_GAAP,NOT_APPLICABLE,PERCENT,38.5,40,39.25,CURRENT_GUIDANCE_RANGE,AS_REPORTED,HTML_TABLE_GRID,0,CURRENT_CANDIDATE,CURRENT_GUIDANCE_RANGE,8,18,18,Non-GAAP Operating Margin | Non-GAAP Operating Margin | Non-GAAP Operating Margin | 37.2% | 37.2% | 37.2%,"Current | FY 2022E | 85% - 90% | $3,395 - $3,435 | 14% - 15% | ~75% | 28.5% - 30%",Fiscal Year 2022 Financial Outlook | Non-GAAP Operating Margin | Non-GAAP Operating Margin | Non-GAAP Operating Margin | 37.2% | 37.2% | 37.2% | | | | 37.5% - 39% | 37.5% - 39% | 37.5% - 39% | | | | | | | 38.5% - 40% | 38.5% - 40% | 38.5% - 40% | | |,V9_SEVEN_GRAMMAR_CORRECTED_NOT_SOURCE_REVIEWED,,,f16970d0741cb7f3b3464f6347f597f8dc9e7c6b6776720dad70a82b5d12a9ad
CDNS,0000813672,0000813672-22-000021,2022-04-25T20:05:56.000Z,cfocommentary04252022ex9902.htm,https://www.sec.gov/Archives/edgar/data/813672/000081367222000021/cfocommentary04252022ex9902.htm,176979a44cbdda8b82512ced08659625eda9d254a91daaa564b345d0a1aa69ac,EPS,FY2022,GAAP,NOT_APPLICABLE,USD_PER_SHARE,2.51,2.59,2.55,CURRENT_GUIDANCE_RANGE,AS_REPORTED,HTML_TABLE_GRID,0,CURRENT_CANDIDATE,CURRENT_GUIDANCE_RANGE,8,30,18,GAAP EPS | GAAP EPS | GAAP EPS | $ | 2.50,"Current | FY 2022E | 85% - 90% | $3,395 - $3,435 | 14% - 15% | ~75% | 28.5% - 30% | 38.5% - 40% | $(21) - $(27) | $(16) - $(22) | ~28% | 17.5% | 276 - 279",Fiscal Year 2022 Financial Outlook | GAAP EPS | GAAP EPS | GAAP EPS | $ | 2.50 | | | | | $2.46 - $2.56 | $2.46 - $2.56 | $2.46 - $2.56 | | | | | | | $2.51 - $2.59 | $2.51 - $2.59 | $2.51 - $2.59 | | |,V9_SEVEN_GRAMMAR_CORRECTED_NOT_SOURCE_REVIEWED,,,7ba773e2a6f1fea87b7d91bd8494e4dc4b2b1a51cf2c1375e5d2e47441e17165
CDNS,0000813672,0000813672-22-000021,2022-04-25T20:05:56.000Z,cfocommentary04252022ex9902.htm,https://www.sec.gov/Archives/edgar/data/813672/000081367222000021/cfocommentary04252022ex9902.htm,176979a44cbdda8b82512ced08659625eda9d254a91daaa564b345d0a1aa69ac,EPS,FY2022,NON_GAAP,NOT_APPLICABLE,USD_PER_SHARE,3.89,3.97,3.93,CURRENT_GUIDANCE_RANGE,AS_REPORTED,HTML_TABLE_GRID,0,CURRENT_CANDIDATE,CURRENT_GUIDANCE_RANGE,8,33,18,Non-GAAP EPS | Non-GAAP EPS | Non-GAAP EPS | $ | 3.29,"Current | FY 2022E | 85% - 90% | $3,395 - $3,435 | 14% - 15% | ~75% | 28.5% - 30% | 38.5% - 40% | $(21) - $(27) | $(16) - $(22) | ~28% | 17.5% | 276 - 279 | $2.51 - $2.59",Fiscal Year 2022 Financial Outlook | Non-GAAP EPS | Non-GAAP EPS | Non-GAAP EPS | $ | 3.29 | | | | | $3.70 - $3.80 | $3.70 - $3.80 | $3.70 - $3.80 | | | | | | | $3.89 - $3.97 | $3.89 - $3.97 | $3.89 - $3.97 | | |,V9_SEVEN_GRAMMAR_CORRECTED_NOT_SOURCE_REVIEWED,,,7ba773e2a6f1fea87b7d91bd8494e4dc4b2b1a51cf2c1375e5d2e47441e17165
MCO,0001059556,0001157523-22-000521,2022-05-02T11:15:33.000Z,a52702931ex99_1.htm,https://www.sec.gov/Archives/edgar/data/1059556/000115752322000521/a52702931ex99_1.htm,523379de16a43402e807c7fc535743b4ec3ce83fb9a3de2970525c8141b72f33,EPS,FY2022,UNSPECIFIED,NOT_APPLICABLE,USD_PER_SHARE,9.85,10.35,10.1,CURRENT_GUIDANCE_RANGE,AS_REPORTED,NARRATIVE_CLAUSE,73,CURRENT_CANDIDATE,CURRENT_GUIDANCE_RANGE,,,,,,"FY 2022 diluted EPS and adjusted diluted EPS1 guidance ranges reduced to $9.85 to $10.35 and $10.75 to $11.25, respectively",V9_SEVEN_GRAMMAR_CORRECTED_NOT_SOURCE_REVIEWED,/html/body/document/type/sequence/filename/description/text/div/div[2]/div/div/div[1]/ul/b/li[4],HTML_LI,9e90c4357c3d7c6287a25f335d75b9927462cdbc8c312114a592e09cf90183f4
MCO,0001059556,0001157523-22-000521,2022-05-02T11:15:33.000Z,a52702931ex99_1.htm,https://www.sec.gov/Archives/edgar/data/1059556/000115752322000521/a52702931ex99_1.htm,523379de16a43402e807c7fc535743b4ec3ce83fb9a3de2970525c8141b72f33,EPS,FY2022,NON_GAAP,NOT_APPLICABLE,USD_PER_SHARE,10.75,11.25,11,CURRENT_GUIDANCE_RANGE,AS_REPORTED,NARRATIVE_CLAUSE,93,CURRENT_CANDIDATE,CURRENT_GUIDANCE_RANGE,,,,,,"FY 2022 diluted EPS and adjusted diluted EPS1 guidance ranges reduced to $9.85 to $10.35 and $10.75 to $11.25, respectively",V9_SEVEN_GRAMMAR_CORRECTED_NOT_SOURCE_REVIEWED,/html/body/document/type/sequence/filename/description/text/div/div[2]/div/div/div[1]/ul/b/li[4],HTML_LI,d3892e9662e75b7f588dd1750826d5c665b1046c20c2a76120450f2f9caa0b0b
MCO,0001059556,0001157523-22-000521,2022-05-02T11:15:33.000Z,a52702931ex99_1.htm,https://www.sec.gov/Archives/edgar/data/1059556/000115752322000521/a52702931ex99_1.htm,523379de16a43402e807c7fc535743b4ec3ce83fb9a3de2970525c8141b72f33,EPS,FY2022,UNSPECIFIED,NOT_APPLICABLE,USD_PER_SHARE,9.85,10.35,10.1,CURRENT_GUIDANCE_RANGE,AS_REPORTED,NARRATIVE_CLAUSE,46,CURRENT_CANDIDATE,CURRENT_GUIDANCE_RANGE,,,,,,Full year 2022 diluted EPS is projected to be $9.85 to $10.35. The Company expects full year 2022 adjusted diluted EPS1 to be $10.75 to $11.25.,V9_SEVEN_GRAMMAR_CORRECTED_NOT_SOURCE_REVIEWED,/html/body/document/type/sequence/filename/description/text/div/div[2]/div/div/div[2]/div[1]/p[30],HTML_P,d3d91afeaf515ee04cf4d6a9959cc999f51e2e43a0687fcbc21b7b4e781b5a67
MCO,0001059556,0001157523-22-000521,2022-05-02T11:15:33.000Z,a52702931ex99_1.htm,https://www.sec.gov/Archives/edgar/data/1059556/000115752322000521/a52702931ex99_1.htm,523379de16a43402e807c7fc535743b4ec3ce83fb9a3de2970525c8141b72f33,EPS,FY2022,NON_GAAP,NOT_APPLICABLE,USD_PER_SHARE,10.75,11.25,11,CURRENT_GUIDANCE_RANGE,AS_REPORTED,NARRATIVE_CLAUSE,126,CURRENT_CANDIDATE,CURRENT_GUIDANCE_RANGE,,,,,,Full year 2022 diluted EPS is projected to be $9.85 to $10.35. The Company expects full year 2022 adjusted diluted EPS1 to be $10.75 to $11.25.,V9_SEVEN_GRAMMAR_CORRECTED_NOT_SOURCE_REVIEWED,/html/body/document/type/sequence/filename/description/text/div/div[2]/div/div/div[2]/div[1]/p[30],HTML_P,8af76d7777ae39fb63730396290b487b75dd3c3211d63a3c68ee4951f6759444
CDNS,0000813672,0000813672-22-000036,2022-07-25T20:06:05.000Z,cfocommentary07252022ex9902.htm,https://www.sec.gov/Archives/edgar/data/813672/000081367222000036/cfocommentary07252022ex9902.htm,81443f333497cedb41bdbc1b9ad65e2978ebb570852ce39dfe23241a8717bdea,MARGIN,FY2022,GAAP,NOT_APPLICABLE,PERCENT,29.25,30.25,29.75,CURRENT_GUIDANCE_RANGE,AS_REPORTED,HTML_TABLE_GRID,0,CURRENT_CANDIDATE,CURRENT_GUIDANCE_RANGE,8,16,18,GAAP Operating Margin | GAAP Operating Margin | GAAP Operating Margin | 26.1% | 26.1% | 26.1%,"Current | FY 2022E | 85% - 90% | $3,470 - $3,510 | 16% - 17% | ~70%",Fiscal Year 2022 Financial Outlook | GAAP Operating Margin | GAAP Operating Margin | GAAP Operating Margin | 26.1% | 26.1% | 26.1% | | | | 28.5% - 30% | 28.5% - 30% | 28.5% - 30% | | | | | | | 29.25% - 30.25% | 29.25% - 30.25% | 29.25% - 30.25% | | |,V9_SEVEN_GRAMMAR_CORRECTED_NOT_SOURCE_REVIEWED,,,ca7c4954f746640cf8440d9f40b7663138b61c46e236faaafd5229c6e34aee0d
CDNS,0000813672,0000813672-22-000036,2022-07-25T20:06:05.000Z,cfocommentary07252022ex9902.htm,https://www.sec.gov/Archives/edgar/data/813672/000081367222000036/cfocommentary07252022ex9902.htm,81443f333497cedb41bdbc1b9ad65e2978ebb570852ce39dfe23241a8717bdea,MARGIN,FY2022,NON_GAAP,NOT_APPLICABLE,PERCENT,39.25,40.25,39.75,CURRENT_GUIDANCE_RANGE,AS_REPORTED,HTML_TABLE_GRID,0,CURRENT_CANDIDATE,CURRENT_GUIDANCE_RANGE,8,18,18,Non-GAAP Operating Margin | Non-GAAP Operating Margin | Non-GAAP Operating Margin | 37.2% | 37.2% | 37.2%,"Current | FY 2022E | 85% - 90% | $3,470 - $3,510 | 16% - 17% | ~70% | 29.25% - 30.25%",Fiscal Year 2022 Financial Outlook | Non-GAAP Operating Margin | Non-GAAP Operating Margin | Non-GAAP Operating Margin | 37.2% | 37.2% | 37.2% | | | | 38.5% - 40% | 38.5% - 40% | 38.5% - 40% | | | | | | | 39.25% - 40.25% | 39.25% - 40.25% | 39.25% - 40.25% | | |,V9_SEVEN_GRAMMAR_CORRECTED_NOT_SOURCE_REVIEWED,,,ca7c4954f746640cf8440d9f40b7663138b61c46e236faaafd5229c6e34aee0d
CDNS,0000813672,0000813672-22-000036,2022-07-25T20:06:05.000Z,cfocommentary07252022ex9902.htm,https://www.sec.gov/Archives/edgar/data/813672/000081367222000036/cfocommentary07252022ex9902.htm,81443f333497cedb41bdbc1b9ad65e2978ebb570852ce39dfe23241a8717bdea,EPS,FY2022,GAAP,NOT_APPLICABLE,USD_PER_SHARE,2.59,2.65,2.62,CURRENT_GUIDANCE_RANGE,AS_REPORTED,HTML_TABLE_GRID,0,CURRENT_CANDIDATE,CURRENT_GUIDANCE_RANGE,8,30,18,GAAP EPS | GAAP EPS | GAAP EPS | $ | 2.50,"Current | FY 2022E | 85% - 90% | $3,470 - $3,510 | 16% - 17% | ~70% | 29.25% - 30.25% | 39.25% - 40.25% | $(28) - $(32) | $(16) - $(20) | ~28% | 17.5% | 275 - 277",Fiscal Year 2022 Financial Outlook | GAAP EPS | GAAP EPS | GAAP EPS | $ | 2.50 | | | | | $2.51 - $2.59 | $2.51 - $2.59 | $2.51 - $2.59 | | | | | | | $2.59 - $2.65 | $2.59 - $2.65 | $2.59 - $2.65 | | |,V9_SEVEN_GRAMMAR_CORRECTED_NOT_SOURCE_REVIEWED,,,a8a25b44421a2809cacffe5f94bf22864317d60af7093942c7f38e60cd9fc248
CDNS,0000813672,0000813672-22-000036,2022-07-25T20:06:05.000Z,cfocommentary07252022ex9902.htm,https://www.sec.gov/Archives/edgar/data/813672/000081367222000036/cfocommentary07252022ex9902.htm,81443f333497cedb41bdbc1b9ad65e2978ebb570852ce39dfe23241a8717bdea,EPS,FY2022,NON_GAAP,NOT_APPLICABLE,USD_PER_SHARE,4.06,4.12,4.09,CURRENT_GUIDANCE_RANGE,AS_REPORTED,HTML_TABLE_GRID,0,CURRENT_CANDIDATE,CURRENT_GUIDANCE_RANGE,8,33,18,Non-GAAP EPS | Non-GAAP EPS | Non-GAAP EPS | $ | 3.29,"Current | FY 2022E | 85% - 90% | $3,470 - $3,510 | 16% - 17% | ~70% | 29.25% - 30.25% | 39.25% - 40.25% | $(28) - $(32) | $(16) - $(20) | ~28% | 17.5% | 275 - 277 | $2.59 - $2.65",Fiscal Year 2022 Financial Outlook | Non-GAAP EPS | Non-GAAP EPS | Non-GAAP EPS | $ | 3.29 | | | | | $3.89 - $3.97 | $3.89 - $3.97 | $3.89 - $3.97 | | | | | | | $4.06 - $4.12 | $4.06 - $4.12 | $4.06 - $4.12 | | |,V9_SEVEN_GRAMMAR_CORRECTED_NOT_SOURCE_REVIEWED,,,a8a25b44421a2809cacffe5f94bf22864317d60af7093942c7f38e60cd9fc248
MCO,0001059556,0001059556-22-000043,2022-07-26T11:16:34.000Z,a2q22earningsprnew.htm,https://www.sec.gov/Archives/edgar/data/1059556/000105955622000043/a2q22earningsprnew.htm,a1f202d3832e54e1ca1dd4b81df4077ef8b15e4e5afe45f4e9c1a663ed769d82,MARGIN,FY2022,UNSPECIFIED,NOT_APPLICABLE,PERCENT,37,38,37.5,CURRENT_GUIDANCE_RANGE,AS_REPORTED,HTML_TABLE_GRID,0,CURRENT_CANDIDATE,CURRENT_GUIDANCE_RANGE,39,5,3,Operating margin | Operating margin | Operating margin,"Full Year 2022 Moody's Corporation Guidance as of July 26, 2022 | Current guidance | Decline in the high-single-digit percent range | Increase in the high-single-digit percent range",| Operating margin | Operating margin | Operating margin | 37% to 38% | 37% to 38% | 37% to 38% | 41% to 42% | 41% to 42% | 41% to 42%,V9_SEVEN_GRAMMAR_CORRECTED_NOT_SOURCE_REVIEWED,,,7b74d703c4f8ad42a79b0d3219445bb453ccb8337e6baebf4d513c3fcf3fe7ee
MCO,0001059556,0001059556-22-000043,2022-07-26T11:16:34.000Z,a2q22earningsprnew.htm,https://www.sec.gov/Archives/edgar/data/1059556/000105955622000043/a2q22earningsprnew.htm,a1f202d3832e54e1ca1dd4b81df4077ef8b15e4e5afe45f4e9c1a663ed769d82,EPS,FY2022,UNSPECIFIED,NOT_APPLICABLE,USD_PER_SHARE,8.1,8.6,8.35,CURRENT_GUIDANCE_RANGE,AS_REPORTED,HTML_TABLE_GRID,0,CURRENT_CANDIDATE,CURRENT_GUIDANCE_RANGE,39,9,3,Diluted EPS | Diluted EPS | Diluted EPS,"Full Year 2022 Moody's Corporation Guidance as of July 26, 2022 | Current guidance | Decline in the high-single-digit percent range | Increase in the high-single-digit percent range | 37% to 38% | Approximately 44% | $220 to $240 million | 20.5% to 22.5%",| Diluted EPS | Diluted EPS | Diluted EPS | $8.10 to $8.60 | $8.10 to $8.60 | $8.10 to $8.60 | $9.85 to $10.35 | $9.85 to $10.35 | $9.85 to $10.35,V9_SEVEN_GRAMMAR_CORRECTED_NOT_SOURCE_REVIEWED,,,46002de63d7ffec391aaaa95d1ea6d659fab9bdf781577b74817134a5d5f003c
MCO,0001059556,0001059556-22-000043,2022-07-26T11:16:34.000Z,a2q22earningsprnew.htm,https://www.sec.gov/Archives/edgar/data/1059556/000105955622000043/a2q22earningsprnew.htm,a1f202d3832e54e1ca1dd4b81df4077ef8b15e4e5afe45f4e9c1a663ed769d82,EPS,FY2022,NON_GAAP,NOT_APPLICABLE,USD_PER_SHARE,9.2,9.7,9.45,CURRENT_GUIDANCE_RANGE,AS_REPORTED,HTML_TABLE_GRID,0,CURRENT_CANDIDATE,CURRENT_GUIDANCE_RANGE,39,10,3,Adjusted Diluted EPS (1) | Adjusted Diluted EPS (1) | Adjusted Diluted EPS (1),"Full Year 2022 Moody's Corporation Guidance as of July 26, 2022 | Current guidance | Decline in the high-single-digit percent range | Increase in the high-single-digit percent range | 37% to 38% | Approximately 44% | $220 to $240 million | 20.5% to 22.5% | $8.10 to $8.60",| Adjusted Diluted EPS (1) | Adjusted Diluted EPS (1) | Adjusted Diluted EPS (1) | $9.20 to $9.70 | $9.20 to $9.70 | $9.20 to $9.70 | $10.75 to $11.25 | $10.75 to $11.25 | $10.75 to $11.25,V9_SEVEN_GRAMMAR_CORRECTED_NOT_SOURCE_REVIEWED,,,46002de63d7ffec391aaaa95d1ea6d659fab9bdf781577b74817134a5d5f003c
MCO,0001059556,0001059556-22-000043,2022-07-26T11:16:34.000Z,a2q22earningsprnew.htm,https://www.sec.gov/Archives/edgar/data/1059556/000105955622000043/a2q22earningsprnew.htm,a1f202d3832e54e1ca1dd4b81df4077ef8b15e4e5afe45f4e9c1a663ed769d82,FREE_CASH_FLOW,FY2022,NON_GAAP,NOT_APPLICABLE,USD,1400000000,1600000000,1500000000,CURRENT_GUIDANCE_RANGE,AS_REPORTED,HTML_TABLE_GRID,0,CURRENT_CANDIDATE,CURRENT_GUIDANCE_RANGE,39,12,3,Free Cash Flow (1) | Free Cash Flow (1) | Free Cash Flow (1),"Full Year 2022 Moody's Corporation Guidance as of July 26, 2022 | Current guidance | Decline in the high-single-digit percent range | Increase in the high-single-digit percent range | 37% to 38% | Approximately 44% | $220 to $240 million | 20.5% to 22.5% | $8.10 to $8.60 | $9.20 to $9.70 | $1.7 to $1.9 billion",| Free Cash Flow (1) | Free Cash Flow (1) | Free Cash Flow (1) | $1.4 to $1.6 billion | $1.4 to $1.6 billion | $1.4 to $1.6 billion | $1.8 to $2.0 billion | $1.8 to $2.0 billion | $1.8 to $2.0 billion,V9_SEVEN_GRAMMAR_CORRECTED_NOT_SOURCE_REVIEWED,,,ad6840f8950c48c4166e1cab3a884725a3fb1b871e75b825e2fc12e649bc475d
MCO,0001059556,0001059556-22-000043,2022-07-26T11:16:34.000Z,a2q22earningsprnew.htm,https://www.sec.gov/Archives/edgar/data/1059556/000105955622000043/a2q22earningsprnew.htm,a1f202d3832e54e1ca1dd4b81df4077ef8b15e4e5afe45f4e9c1a663ed769d82,MARGIN,FY2022,NON_GAAP,NOT_APPLICABLE,PERCENT,54,55,54.5,CURRENT_GUIDANCE_RANGE,AS_REPORTED,HTML_TABLE_GRID,0,CURRENT_CANDIDATE,CURRENT_GUIDANCE_RANGE,39,16,3,MIS Adjusted Operating Margin | MIS Adjusted Operating Margin | MIS Adjusted Operating Margin,"Full Year 2022 Moody's Corporation Guidance as of July 26, 2022 | Current guidance | Decline in the high-single-digit percent range | Increase in the high-single-digit percent range | 37% to 38% | Approximately 44% | $220 to $240 million | 20.5% to 22.5% | $8.10 to $8.60 | $9.20 to $9.70 | $1.7 to $1.9 billion | $1.4 to $1.6 billion | Approximately $1.0 billion (subject to available cash, market conditions, M&A opportunities and other ongoing capital allocation decisions) | Decrease in the low-t",| MIS Adjusted Operating Margin | MIS Adjusted Operating Margin | MIS Adjusted Operating Margin | 54% to 55% | 54% to 55% | 54% to 55% | Approximately 59% | Approximately 59% | Approximately 59%,V9_SEVEN_GRAMMAR_CORRECTED_NOT_SOURCE_REVIEWED,,,7b74d703c4f8ad42a79b0d3219445bb453ccb8337e6baebf4d513c3fcf3fe7ee
MCO,0001059556,0001059556-22-000043,2022-07-26T11:16:34.000Z,a2q22earningsprnew.htm,https://www.sec.gov/Archives/edgar/data/1059556/000105955622000043/a2q22earningsprnew.htm,a1f202d3832e54e1ca1dd4b81df4077ef8b15e4e5afe45f4e9c1a663ed769d82,EPS,FY2022,NON_GAAP,NOT_APPLICABLE,USD_PER_SHARE,9.2,9.7,9.45,CURRENT_GUIDANCE_RANGE,AS_REPORTED,NARRATIVE_CLAUSE,688,CURRENT_CANDIDATE,CURRENT_GUIDANCE_RANGE,,,,,,"Given year-to-date performance and our expectation for continued cyclical market disruption, we have lowered our full year 2022 adjusted diluted EPS guidance range to $9.20 to $9.70.”",V9_SEVEN_GRAMMAR_CORRECTED_NOT_SOURCE_REVIEWED,/html/body/document/type/sequence/filename/description/text/div[8]/table/tr[2],HTML_SINGLE_CELL_ROW,bc23f13074cdf2309a4c1e9dd864427645a6655be686868a7eb30ce32f087e00
CDNS,0000813672,0000813672-22-000053,2022-10-24T20:05:48.000Z,cfocommentary10242022ex9902.htm,https://www.sec.gov/Archives/edgar/data/813672/000081367222000053/cfocommentary10242022ex9902.htm,a012251c9344e3c1c19640ffa3067885c1e8d6b6b420ba6e1f621cbcb03d53eb,MARGIN,FY2022,GAAP,NOT_APPLICABLE,PERCENT,29.7,30.7,30.2,CURRENT_GUIDANCE_RANGE,AS_REPORTED,HTML_TABLE_GRID,0,CURRENT_CANDIDATE,CURRENT_GUIDANCE_RANGE,8,16,18,GAAP Operating Margin | GAAP Operating Margin | GAAP Operating Margin | 26.1% | 26.1% | 26.1%,"Current | FY 2022E | ~85% | $3,532 - $3,552 | 18% - 19% | ~70%",Fiscal Year 2022 Financial Outlook | GAAP Operating Margin | GAAP Operating Margin | GAAP Operating Margin | 26.1% | 26.1% | 26.1% | | | | 29.25% - 30.25% | 29.25% - 30.25% | 29.25% - 30.25% | | | | | | | 29.7% - 30.7% | 29.7% - 30.7% | 29.7% - 30.7% | | |,V9_SEVEN_GRAMMAR_CORRECTED_NOT_SOURCE_REVIEWED,,,4ecafc4a6224d5d58b51ecdc8353b8888c4bb53e61fb33321aa792691987daf9
CDNS,0000813672,0000813672-22-000053,2022-10-24T20:05:48.000Z,cfocommentary10242022ex9902.htm,https://www.sec.gov/Archives/edgar/data/813672/000081367222000053/cfocommentary10242022ex9902.htm,a012251c9344e3c1c19640ffa3067885c1e8d6b6b420ba6e1f621cbcb03d53eb,MARGIN,FY2022,NON_GAAP,NOT_APPLICABLE,PERCENT,39.7,40.7,40.2,CURRENT_GUIDANCE_RANGE,AS_REPORTED,HTML_TABLE_GRID,0,CURRENT_CANDIDATE,CURRENT_GUIDANCE_RANGE,8,18,18,Non-GAAP Operating Margin | Non-GAAP Operating Margin | Non-GAAP Operating Margin | 37.2% | 37.2% | 37.2%,"Current | FY 2022E | ~85% | $3,532 - $3,552 | 18% - 19% | ~70% | 29.7% - 30.7%",Fiscal Year 2022 Financial Outlook | Non-GAAP Operating Margin | Non-GAAP Operating Margin | Non-GAAP Operating Margin | 37.2% | 37.2% | 37.2% | | | | 39.25% - 40.25% | 39.25% - 40.25% | 39.25% - 40.25% | | | | | | | 39.7% - 40.7% | 39.7% - 40.7% | 39.7% - 40.7% | | |,V9_SEVEN_GRAMMAR_CORRECTED_NOT_SOURCE_REVIEWED,,,4ecafc4a6224d5d58b51ecdc8353b8888c4bb53e61fb33321aa792691987daf9
CDNS,0000813672,0000813672-22-000053,2022-10-24T20:05:48.000Z,cfocommentary10242022ex9902.htm,https://www.sec.gov/Archives/edgar/data/813672/000081367222000053/cfocommentary10242022ex9902.htm,a012251c9344e3c1c19640ffa3067885c1e8d6b6b420ba6e1f621cbcb03d53eb,EPS,FY2022,GAAP,NOT_APPLICABLE,USD_PER_SHARE,2.71,2.75,2.73,CURRENT_GUIDANCE_RANGE,AS_REPORTED,HTML_TABLE_GRID,0,CURRENT_CANDIDATE,CURRENT_GUIDANCE_RANGE,8,30,18,GAAP EPS | GAAP EPS | GAAP EPS | $ | 2.50,"Current | FY 2022E | ~85% | $3,532 - $3,552 | 18% - 19% | ~70% | 29.7% - 30.7% | 39.7% - 40.7% | $(32) - $(34) | $(15) - $(17) | ~28% | 17.5% | 275 - 276",Fiscal Year 2022 Financial Outlook | GAAP EPS | GAAP EPS | GAAP EPS | $ | 2.50 | | | | | $2.59 - $2.65 | $2.59 - $2.65 | $2.59 - $2.65 | | | | | | | $2.71 - $2.75 | $2.71 - $2.75 | $2.71 - $2.75 | | |,V9_SEVEN_GRAMMAR_CORRECTED_NOT_SOURCE_REVIEWED,,,558177b49008207958c8887928118e9e80f8025271b453921efa3d47c84fe4bb
CDNS,0000813672,0000813672-22-000053,2022-10-24T20:05:48.000Z,cfocommentary10242022ex9902.htm,https://www.sec.gov/Archives/edgar/data/813672/000081367222000053/cfocommentary10242022ex9902.htm,a012251c9344e3c1c19640ffa3067885c1e8d6b6b420ba6e1f621cbcb03d53eb,EPS,FY2022,NON_GAAP,NOT_APPLICABLE,USD_PER_SHARE,4.2,4.24,4.22,CURRENT_GUIDANCE_RANGE,AS_REPORTED,HTML_TABLE_GRID,0,CURRENT_CANDIDATE,CURRENT_GUIDANCE_RANGE,8,33,18,Non-GAAP EPS | Non-GAAP EPS | Non-GAAP EPS | $ | 3.29,"Current | FY 2022E | ~85% | $3,532 - $3,552 | 18% - 19% | ~70% | 29.7% - 30.7% | 39.7% - 40.7% | $(32) - $(34) | $(15) - $(17) | ~28% | 17.5% | 275 - 276 | $2.71 - $2.75",Fiscal Year 2022 Financial Outlook | Non-GAAP EPS | Non-GAAP EPS | Non-GAAP EPS | $ | 3.29 | | | | | $4.06 - $4.12 | $4.06 - $4.12 | $4.06 - $4.12 | | | | | | | $4.20 - $4.24 | $4.20 - $4.24 | $4.20 - $4.24 | | |,V9_SEVEN_GRAMMAR_CORRECTED_NOT_SOURCE_REVIEWED,,,558177b49008207958c8887928118e9e80f8025271b453921efa3d47c84fe4bb
MCO,0001059556,0001059556-22-000059,2022-10-25T11:03:11.000Z,a3q22earningsprnew.htm,https://www.sec.gov/Archives/edgar/data/1059556/000105955622000059/a3q22earningsprnew.htm,7895f316007edbca3607629b82cf843b9c6299400291d04c22e4d4318ec46fa2,MARGIN,FY2022,UNSPECIFIED,NOT_APPLICABLE,PERCENT,34,35,34.5,CURRENT_GUIDANCE_RANGE,AS_REPORTED,HTML_TABLE_GRID,0,CURRENT_CANDIDATE,CURRENT_GUIDANCE_RANGE,41,5,3,Operating margin | Operating margin | Operating margin,"Full Year 2022 Moody's Corporation Guidance as of October 25, 2022 | Current guidance | Decline in the low-double-digit percent range | Increase in the mid-single-digit percent range",| Operating margin | Operating margin | Operating margin | 34% to 35% | 34% to 35% | 34% to 35% | 37% to 38% | 37% to 38% | 37% to 38%,V9_SEVEN_GRAMMAR_CORRECTED_NOT_SOURCE_REVIEWED,,,61150138d454e7f6250a79c71ee6f1a67316c855655e76d79a3e861a21664d63
MCO,0001059556,0001059556-22-000059,2022-10-25T11:03:11.000Z,a3q22earningsprnew.htm,https://www.sec.gov/Archives/edgar/data/1059556/000105955622000059/a3q22earningsprnew.htm,7895f316007edbca3607629b82cf843b9c6299400291d04c22e4d4318ec46fa2,EPS,FY2022,UNSPECIFIED,NOT_APPLICABLE,USD_PER_SHARE,6.9,7.2,7.05,CURRENT_GUIDANCE_RANGE,AS_REPORTED,HTML_TABLE_GRID,0,CURRENT_CANDIDATE,CURRENT_GUIDANCE_RANGE,41,9,3,Diluted EPS | Diluted EPS | Diluted EPS,"Full Year 2022 Moody's Corporation Guidance as of October 25, 2022 | Current guidance | Decline in the low-double-digit percent range | Increase in the mid-single-digit percent range | 34% to 35% | Approximately 42% | $220 to $240 million | 20.5% to 22.5%",| Diluted EPS | Diluted EPS | Diluted EPS | $6.90 to $7.20 | $6.90 to $7.20 | $6.90 to $7.20 | $8.10 to $8.60 | $8.10 to $8.60 | $8.10 to $8.60,V9_SEVEN_GRAMMAR_CORRECTED_NOT_SOURCE_REVIEWED,,,614040f98536909aca24fb1c71f02e20aec5ab56e8c38eebbc642a3d30d45678
MCO,0001059556,0001059556-22-000059,2022-10-25T11:03:11.000Z,a3q22earningsprnew.htm,https://www.sec.gov/Archives/edgar/data/1059556/000105955622000059/a3q22earningsprnew.htm,7895f316007edbca3607629b82cf843b9c6299400291d04c22e4d4318ec46fa2,EPS,FY2022,NON_GAAP,NOT_APPLICABLE,USD_PER_SHARE,8.2,8.5,8.35,CURRENT_GUIDANCE_RANGE,AS_REPORTED,HTML_TABLE_GRID,0,CURRENT_CANDIDATE,CURRENT_GUIDANCE_RANGE,41,10,3,Adjusted Diluted EPS (1) | Adjusted Diluted EPS (1) | Adjusted Diluted EPS (1),"Full Year 2022 Moody's Corporation Guidance as of October 25, 2022 | Current guidance | Decline in the low-double-digit percent range | Increase in the mid-single-digit percent range | 34% to 35% | Approximately 42% | $220 to $240 million | 20.5% to 22.5% | $6.90 to $7.20",| Adjusted Diluted EPS (1) | Adjusted Diluted EPS (1) | Adjusted Diluted EPS (1) | $8.20 to $8.50 | $8.20 to $8.50 | $8.20 to $8.50 | $9.20 to $9.70 | $9.20 to $9.70 | $9.20 to $9.70,V9_SEVEN_GRAMMAR_CORRECTED_NOT_SOURCE_REVIEWED,,,614040f98536909aca24fb1c71f02e20aec5ab56e8c38eebbc642a3d30d45678
MCO,0001059556,0001059556-23-000005,2023-01-31T11:56:49.000Z,a4q22earningsprnew.htm,https://www.sec.gov/Archives/edgar/data/1059556/000105955623000005/a4q22earningsprnew.htm,166a82cf9fb02e35aa4edcbcd970143df2a0f40b10ce174a8d5699c8ea9b484a,MARGIN,FY2023,NON_GAAP,NOT_APPLICABLE,PERCENT,44,45,44.5,CURRENT_GUIDANCE_RANGE,AS_REPORTED,HTML_TABLE_GRID,0,CURRENT_CANDIDATE,CURRENT_GUIDANCE_RANGE,41,6,3,Adjusted Operating Margin (1) | Adjusted Operating Margin (1) | Adjusted Operating Margin (1),"Full Year 2023 Moody's Corporation Guidance as of January 31, 2023 | Current guidance | Increase in the mid-to-high-single-digit percent range | Increase in the low-single-digit percent range | Approximately 37%",| Adjusted Operating Margin (1) | Adjusted Operating Margin (1) | Adjusted Operating Margin (1) | 44% to 45% | 44% to 45% | 44% to 45%,V9_SEVEN_GRAMMAR_CORRECTED_NOT_SOURCE_REVIEWED,,,69622a533f9ddffd958ffd3ca1b0cecfba87df9ef223735aea41a1ad87fcbace
MCO,0001059556,0001059556-23-000005,2023-01-31T11:56:49.000Z,a4q22earningsprnew.htm,https://www.sec.gov/Archives/edgar/data/1059556/000105955623000005/a4q22earningsprnew.htm,166a82cf9fb02e35aa4edcbcd970143df2a0f40b10ce174a8d5699c8ea9b484a,EPS,FY2023,UNSPECIFIED,NOT_APPLICABLE,USD_PER_SHARE,8.05,8.55,8.3,CURRENT_GUIDANCE_RANGE,AS_REPORTED,HTML_TABLE_GRID,0,CURRENT_CANDIDATE,CURRENT_GUIDANCE_RANGE,41,9,3,Diluted EPS | Diluted EPS | Diluted EPS,"Full Year 2023 Moody's Corporation Guidance as of January 31, 2023 | Current guidance | Increase in the mid-to-high-single-digit percent range | Increase in the low-single-digit percent range | Approximately 37% | 44% to 45% | $290 to $310 million | 20% to 22%",| Diluted EPS | Diluted EPS | Diluted EPS | $8.05 to $8.55 | $8.05 to $8.55 | $8.05 to $8.55,V9_SEVEN_GRAMMAR_CORRECTED_NOT_SOURCE_REVIEWED,,,a930d570e81acc112ece5dfff8241a437ed336947f1450a25d4a781ecd300b32
MCO,0001059556,0001059556-23-000005,2023-01-31T11:56:49.000Z,a4q22earningsprnew.htm,https://www.sec.gov/Archives/edgar/data/1059556/000105955623000005/a4q22earningsprnew.htm,166a82cf9fb02e35aa4edcbcd970143df2a0f40b10ce174a8d5699c8ea9b484a,EPS,FY2023,NON_GAAP,NOT_APPLICABLE,USD_PER_SHARE,9,9.5,9.25,CURRENT_GUIDANCE_RANGE,AS_REPORTED,HTML_TABLE_GRID,0,CURRENT_CANDIDATE,CURRENT_GUIDANCE_RANGE,41,10,3,Adjusted Diluted EPS (1) | Adjusted Diluted EPS (1) | Adjusted Diluted EPS (1),"Full Year 2023 Moody's Corporation Guidance as of January 31, 2023 | Current guidance | Increase in the mid-to-high-single-digit percent range | Increase in the low-single-digit percent range | Approximately 37% | 44% to 45% | $290 to $310 million | 20% to 22% | $8.05 to $8.55",| Adjusted Diluted EPS (1) | Adjusted Diluted EPS (1) | Adjusted Diluted EPS (1) | $9.00 to $9.50 | $9.00 to $9.50 | $9.00 to $9.50,V9_SEVEN_GRAMMAR_CORRECTED_NOT_SOURCE_REVIEWED,,,a930d570e81acc112ece5dfff8241a437ed336947f1450a25d4a781ecd300b32
MCO,0001059556,0001059556-23-000005,2023-01-31T11:56:49.000Z,a4q22earningsprnew.htm,https://www.sec.gov/Archives/edgar/data/1059556/000105955623000005/a4q22earningsprnew.htm,166a82cf9fb02e35aa4edcbcd970143df2a0f40b10ce174a8d5699c8ea9b484a,FREE_CASH_FLOW,FY2023,NON_GAAP,NOT_APPLICABLE,USD,1400000000,1600000000,1500000000,CURRENT_GUIDANCE_RANGE,AS_REPORTED,HTML_TABLE_GRID,0,CURRENT_CANDIDATE,CURRENT_GUIDANCE_RANGE,41,12,3,Free Cash Flow (1) | Free Cash Flow (1) | Free Cash Flow (1),"Full Year 2023 Moody's Corporation Guidance as of January 31, 2023 | Current guidance | Increase in the mid-to-high-single-digit percent range | Increase in the low-single-digit percent range | Approximately 37% | 44% to 45% | $290 to $310 million | 20% to 22% | $8.05 to $8.55 | $9.00 to $9.50 | $1.7 to $1.9 billion",| Free Cash Flow (1) | Free Cash Flow (1) | Free Cash Flow (1) | $1.4 to $1.6 billion | $1.4 to $1.6 billion | $1.4 to $1.6 billion,V9_SEVEN_GRAMMAR_CORRECTED_NOT_SOURCE_REVIEWED,,,eed32630470c13d5e981f9bc5c69cfa6eb45e230153b15866ada89d2575adb35
MCO,0001059556,0001059556-23-000023,2023-04-25T10:58:45.000Z,a1q23earningspr.htm,https://www.sec.gov/Archives/edgar/data/1059556/000105955623000023/a1q23earningspr.htm,5565da0c241cf40a32d48cd4c66e0911e490a7b79a596ce132064ab0ae18e60d,MARGIN,FY2023,NON_GAAP,NOT_APPLICABLE,PERCENT,44,45,44.5,CURRENT_GUIDANCE_RANGE,AS_REPORTED,HTML_TABLE_GRID,0,CURRENT_CANDIDATE,CURRENT_GUIDANCE_RANGE,41,6,3,Adjusted Operating Margin (1) | Adjusted Operating Margin (1) | Adjusted Operating Margin (1),"Full Year 2023 Moody's Corporation Guidance as of April 25, 2023 | Current guidance | Increase in the mid-to-high-single-digitpercent range | Increase in the mid-single-digitpercent range | Approximately 37%",| Adjusted Operating Margin (1) | Adjusted Operating Margin (1) | Adjusted Operating Margin (1) | 44% to 45% | 44% to 45% | 44% to 45% | NC | NC | NC,V9_SEVEN_GRAMMAR_CORRECTED_NOT_SOURCE_REVIEWED,,,9b1411bab4258f0732b021f4615d631455b02703a7bbad488ef5f1edbc9d9b1e
MCO,0001059556,0001059556-23-000023,2023-04-25T10:58:45.000Z,a1q23earningspr.htm,https://www.sec.gov/Archives/edgar/data/1059556/000105955623000023/a1q23earningspr.htm,5565da0c241cf40a32d48cd4c66e0911e490a7b79a596ce132064ab0ae18e60d,EPS,FY2023,UNSPECIFIED,NOT_APPLICABLE,USD_PER_SHARE,8.45,8.95,8.7,CURRENT_GUIDANCE_RANGE,AS_REPORTED,HTML_TABLE_GRID,0,CURRENT_CANDIDATE,CURRENT_GUIDANCE_RANGE,41,9,3,Diluted EPS | Diluted EPS | Diluted EPS,"Full Year 2023 Moody's Corporation Guidance as of April 25, 2023 | Current guidance | Increase in the mid-to-high-single-digitpercent range | Increase in the mid-single-digitpercent range | Approximately 37% | 44% to 45% | $275 to $295 million | 15% to 17%",| Diluted EPS | Diluted EPS | Diluted EPS | $8.45 to $8.95 | $8.45 to $8.95 | $8.45 to $8.95 | $8.05 to $8.55 | $8.05 to $8.55 | $8.05 to $8.55,V9_SEVEN_GRAMMAR_CORRECTED_NOT_SOURCE_REVIEWED,,,8734626e1e5c214dbe2e402deec1d27db954264bd1233515af90c9c4b4b8ae46
MCO,0001059556,0001059556-23-000023,2023-04-25T10:58:45.000Z,a1q23earningspr.htm,https://www.sec.gov/Archives/edgar/data/1059556/000105955623000023/a1q23earningspr.htm,5565da0c241cf40a32d48cd4c66e0911e490a7b79a596ce132064ab0ae18e60d,EPS,FY2023,NON_GAAP,NOT_APPLICABLE,USD_PER_SHARE,9.5,10,9.75,CURRENT_GUIDANCE_RANGE,AS_REPORTED,HTML_TABLE_GRID,0,CURRENT_CANDIDATE,CURRENT_GUIDANCE_RANGE,41,10,3,Adjusted Diluted EPS (1) | Adjusted Diluted EPS (1) | Adjusted Diluted EPS (1),"Full Year 2023 Moody's Corporation Guidance as of April 25, 2023 | Current guidance | Increase in the mid-to-high-single-digitpercent range | Increase in the mid-single-digitpercent range | Approximately 37% | 44% to 45% | $275 to $295 million | 15% to 17% | $8.45 to $8.95",| Adjusted Diluted EPS (1) | Adjusted Diluted EPS (1) | Adjusted Diluted EPS (1) | $9.50 to $10.00 | $9.50 to $10.00 | $9.50 to $10.00 | $9.00 to $9.50 | $9.00 to $9.50 | $9.00 to $9.50,V9_SEVEN_GRAMMAR_CORRECTED_NOT_SOURCE_REVIEWED,,,8734626e1e5c214dbe2e402deec1d27db954264bd1233515af90c9c4b4b8ae46
MCO,0001059556,0001059556-23-000023,2023-04-25T10:58:45.000Z,a1q23earningspr.htm,https://www.sec.gov/Archives/edgar/data/1059556/000105955623000023/a1q23earningspr.htm,5565da0c241cf40a32d48cd4c66e0911e490a7b79a596ce132064ab0ae18e60d,FREE_CASH_FLOW,FY2023,NON_GAAP,NOT_APPLICABLE,USD,1400000000,1600000000,1500000000,CURRENT_GUIDANCE_RANGE,AS_REPORTED,HTML_TABLE_GRID,0,CURRENT_CANDIDATE,CURRENT_GUIDANCE_RANGE,41,12,3,Free Cash Flow (1) | Free Cash Flow (1) | Free Cash Flow (1),"Full Year 2023 Moody's Corporation Guidance as of April 25, 2023 | Current guidance | Increase in the mid-to-high-single-digitpercent range | Increase in the mid-single-digitpercent range | Approximately 37% | 44% to 45% | $275 to $295 million | 15% to 17% | $8.45 to $8.95 | $9.50 to $10.00 | $1.7 to $1.9 billion",| Free Cash Flow (1) | Free Cash Flow (1) | Free Cash Flow (1) | $1.4 to $1.6 billion | $1.4 to $1.6 billion | $1.4 to $1.6 billion | NC | NC | NC,V9_SEVEN_GRAMMAR_CORRECTED_NOT_SOURCE_REVIEWED,,,c9751078eeba39763e9e71525d654ac056124259cc2241154ed711181411c9cb
EIX,0000827052,0000827052-23-000036,2023-05-02T20:07:43.000Z,eix-20230502xex99d2.htm,https://www.sec.gov/Archives/edgar/data/827052/000082705223000036/eix-20230502xex99d2.htm,4e716e36d590be99175d7cb4fed225f24c670e9667c46fddd0cbd509b8124988,EPS,FY2023,NON_GAAP,NOT_APPLICABLE,USD_PER_SHARE,4.55,4.85,4.7,CURRENT_GUIDANCE_RANGE,AS_REPORTED,NARRATIVE_CLAUSE,169,CURRENT_CANDIDATE,CURRENT_GUIDANCE_RANGE,,,,,,Edison International’s core EPS for first quarter 2023 was $1.09. We are pleased with our start to the year and are confident in affirming our 2023 core EPS guidance of $4.55 to $4.85. We also remain confident in delivering our long-term EPS growth target of 5 to 7% from 2021 through 2025. Maria will discuss our financial performance and outlook.,V9_SEVEN_GRAMMAR_CORRECTED_NOT_SOURCE_REVIEWED,/html/body/document/type/sequence/filename/description/text/div[2]/div[2]/p[6],HTML_P,cdbbf8f58a752b590e6ffde6379632c543fd32d144c444761bd1df23b6820b0a
HST,0001070750,0000950170-23-017303,2023-05-03T21:24:21.000Z,hst-ex99_1.htm,https://www.sec.gov/Archives/edgar/data/1070750/000095017023017303/hst-ex99_1.htm,65ed446acdfb3114b9f950ff88d89f47c8cdc1c82d2d9156db3649aae59bb66f,MARGIN,FY2023,UNSPECIFIED,NOT_APPLICABLE,PERCENT,29.8,30.5,30.15,CURRENT_GUIDANCE_RANGE,AS_REPORTED,HTML_TABLE_GRID,0,CURRENT_CANDIDATE,CURRENT_GUIDANCE_RANGE,7,6,1,Comparable hotel EBITDA margin,"Current Full Year 2023 Guidance | $343 to $352 | $211 to $216 | $5,266 to $5,405 | 14.4% to 15.5%","HOST HOTELS & RESORTS, INC. NEWS RELEASE May 3, 2023 | the forecast does not include any expected gains from business interruption proceeds related to Hurricane Ian at this time, as timing of any recognition is uncertain. | The Company anticipates its 2023 operating results as compared to 2022 will be in the following range: | Comparable hotel EBITDA margin | 29.8% to 30.5% | | (200) bps to (130) bps | | (360) bps to (210) bps | | 120 bps",V9_SEVEN_GRAMMAR_CORRECTED_NOT_SOURCE_REVIEWED,,,5c41217e8d72075f95db81e872d31ec95ad2627620437df3b125402ec039e5f4
CAH,0000721371,0001193125-23-135011,2023-05-04T11:06:03.000Z,d358353dex991.htm,https://www.sec.gov/Archives/edgar/data/721371/000119312523135011/d358353dex991.htm,c50eb058a38aee12aae6ac13bd2d1c72a888247f294e8c9814d477af47a00618,FREE_CASH_FLOW,FY2023,NON_GAAP,NOT_APPLICABLE,USD,2000000000,2300000000,2150000000,CURRENT_GUIDANCE_RANGE,AS_REPORTED,NARRATIVE_CLAUSE,73,CURRENT_CANDIDATE,CURRENT_GUIDANCE_RANGE,,,,,,"Fiscal year 2023 adjusted free cash flow guidance raised and narrowed to $2.0 to $2.3 billion, from $1.5",V9_SEVEN_GRAMMAR_CORRECTED_NOT_SOURCE_REVIEWED,/html/body/document/type/sequence/filename/description/text/center[1]/div/table[5]/tr/td[4]/p,HTML_P,0fd4af8323a8d3638b321d907df2d6274687c29991c2ee55a728bb848a0c23e4
CDNS,0000813672,0000813672-23-000040,2023-07-24T20:05:55.000Z,cfocommentary07242023ex9902.htm,https://www.sec.gov/Archives/edgar/data/813672/000081367223000040/cfocommentary07242023ex9902.htm,a2d8de6986e04f79408c41134f124d1ee3b1b563f28dd3e1fda9c4e36e1094bb,MARGIN,FY2023,GAAP,NOT_APPLICABLE,PERCENT,30.2,31.2,30.7,CURRENT_GUIDANCE_RANGE,AS_REPORTED,HTML_TABLE_GRID,0,CURRENT_CANDIDATE,CURRENT_GUIDANCE_RANGE,8,16,18,GAAP Operating Margin | GAAP Operating Margin | GAAP Operating Margin | 30.1% | 30.1% | 30.1%,"Current | FY 2023E | ~85% | $4,050 - $4,090 | 14% - 15% | ~75%",Fiscal Year 2023 Financial Outlook | GAAP Operating Margin | GAAP Operating Margin | GAAP Operating Margin | 30.1% | 30.1% | 30.1% | | | | 30% - 31% | 30% - 31% | 30% - 31% | | | | | | | 30.2% - 31.2% | 30.2% - 31.2% | 30.2% - 31.2% | | |,V9_SEVEN_GRAMMAR_CORRECTED_NOT_SOURCE_REVIEWED,,,cde534e0db96c07dbd3427106f5d5bcfcb5802b2ec07df47783f3089cbc9729b
CDNS,0000813672,0000813672-23-000040,2023-07-24T20:05:55.000Z,cfocommentary07242023ex9902.htm,https://www.sec.gov/Archives/edgar/data/813672/000081367223000040/cfocommentary07242023ex9902.htm,a2d8de6986e04f79408c41134f124d1ee3b1b563f28dd3e1fda9c4e36e1094bb,MARGIN,FY2023,NON_GAAP,NOT_APPLICABLE,PERCENT,41.2,42.2,41.7,CURRENT_GUIDANCE_RANGE,AS_REPORTED,HTML_TABLE_GRID,0,CURRENT_CANDIDATE,CURRENT_GUIDANCE_RANGE,8,18,18,Non-GAAP Operating Margin | Non-GAAP Operating Margin | Non-GAAP Operating Margin | 40.3% | 40.3% | 40.3%,"Current | FY 2023E | ~85% | $4,050 - $4,090 | 14% - 15% | ~75% | 30.2% - 31.2%",Fiscal Year 2023 Financial Outlook | Non-GAAP Operating Margin | Non-GAAP Operating Margin | Non-GAAP Operating Margin | 40.3% | 40.3% | 40.3% | | | | 41% - 42% | 41% - 42% | 41% - 42% | | | | | | | 41.2% - 42.2% | 41.2% - 42.2% | 41.2% - 42.2% | | |,V9_SEVEN_GRAMMAR_CORRECTED_NOT_SOURCE_REVIEWED,,,cde534e0db96c07dbd3427106f5d5bcfcb5802b2ec07df47783f3089cbc9729b
CDNS,0000813672,0000813672-23-000040,2023-07-24T20:05:55.000Z,cfocommentary07242023ex9902.htm,https://www.sec.gov/Archives/edgar/data/813672/000081367223000040/cfocommentary07242023ex9902.htm,a2d8de6986e04f79408c41134f124d1ee3b1b563f28dd3e1fda9c4e36e1094bb,EPS,FY2023,GAAP,NOT_APPLICABLE,USD_PER_SHARE,3.35,3.41,3.38,CURRENT_GUIDANCE_RANGE,AS_REPORTED,HTML_TABLE_GRID,0,CURRENT_CANDIDATE,CURRENT_GUIDANCE_RANGE,8,30,18,GAAP EPS | GAAP EPS | GAAP EPS | $ | 3.09,"Current | FY 2023E | ~85% | $4,050 - $4,090 | 14% - 15% | ~75% | 30.2% - 31.2% | 41.2% - 42.2% | $(7) - $(11) | $(13) - $(17) | ~26% | 17.5% | 272 - 274",Fiscal Year 2023 Financial Outlook | GAAP EPS | GAAP EPS | GAAP EPS | $ | 3.09 | | | | | $3.26 - $3.34 | $3.26 - $3.34 | $3.26 - $3.34 | | | | | | | $3.35 - $3.41 | $3.35 - $3.41 | $3.35 - $3.41 | | |,V9_SEVEN_GRAMMAR_CORRECTED_NOT_SOURCE_REVIEWED,,,65737efba9784ed2eb44bb0e231f3db0cc21c86912f6fc07471e7851324ad743
CDNS,0000813672,0000813672-23-000040,2023-07-24T20:05:55.000Z,cfocommentary07242023ex9902.htm,https://www.sec.gov/Archives/edgar/data/813672/000081367223000040/cfocommentary07242023ex9902.htm,a2d8de6986e04f79408c41134f124d1ee3b1b563f28dd3e1fda9c4e36e1094bb,EPS,FY2023,NON_GAAP,NOT_APPLICABLE,USD_PER_SHARE,5.05,5.11,5.08,CURRENT_GUIDANCE_RANGE,AS_REPORTED,HTML_TABLE_GRID,0,CURRENT_CANDIDATE,CURRENT_GUIDANCE_RANGE,8,33,18,Non-GAAP EPS | Non-GAAP EPS | Non-GAAP EPS | $ | 4.27,"Current | FY 2023E | ~85% | $4,050 - $4,090 | 14% - 15% | ~75% | 30.2% - 31.2% | 41.2% - 42.2% | $(7) - $(11) | $(13) - $(17) | ~26% | 17.5% | 272 - 274 | $3.35 - $3.41 | 8% - 10%",Fiscal Year 2023 Financial Outlook | Non-GAAP EPS | Non-GAAP EPS | Non-GAAP EPS | $ | 4.27 | | | | | $4.96 - $5.04 | $4.96 - $5.04 | $4.96 - $5.04 | | | | | | | $5.05 - $5.11 | $5.05 - $5.11 | $5.05 - $5.11 | | |,V9_SEVEN_GRAMMAR_CORRECTED_NOT_SOURCE_REVIEWED,,,65737efba9784ed2eb44bb0e231f3db0cc21c86912f6fc07471e7851324ad743
MCO,0001059556,0001059556-23-000046,2023-07-25T10:58:11.000Z,a2q23earningspr.htm,https://www.sec.gov/Archives/edgar/data/1059556/000105955623000046/a2q23earningspr.htm,e56ac807ad769ceccd95ab5d60c6bd80175bbeb54dc4ca04727dc7e1aefb8d5f,MARGIN,FY2023,NON_GAAP,NOT_APPLICABLE,PERCENT,44,45,44.5,CURRENT_GUIDANCE_RANGE,AS_REPORTED,HTML_TABLE_GRID,0,CURRENT_CANDIDATE,CURRENT_GUIDANCE_RANGE,41,6,3,Adjusted Operating Margin (1) | Adjusted Operating Margin (1) | Adjusted Operating Margin (1),"Full Year 2023 Moody's Corporation Guidance as of July 25, 2023 | Current guidance | Increase in the high-single-digitpercent range | Increase in the mid-single-digitpercent range | Approximately 37%",| Adjusted Operating Margin (1) | Adjusted Operating Margin (1) | Adjusted Operating Margin (1) | 44% to 45% | 44% to 45% | 44% to 45% | NC | NC | NC,V9_SEVEN_GRAMMAR_CORRECTED_NOT_SOURCE_REVIEWED,,,9b16df4e6abcf5b9bc03783350926368fc7eb1042a08504978a728ff630b927e
MCO,0001059556,0001059556-23-000046,2023-07-25T10:58:11.000Z,a2q23earningspr.htm,https://www.sec.gov/Archives/edgar/data/1059556/000105955623000046/a2q23earningspr.htm,e56ac807ad769ceccd95ab5d60c6bd80175bbeb54dc4ca04727dc7e1aefb8d5f,EPS,FY2023,UNSPECIFIED,NOT_APPLICABLE,USD_PER_SHARE,8.7,9.2,8.95,CURRENT_GUIDANCE_RANGE,AS_REPORTED,HTML_TABLE_GRID,0,CURRENT_CANDIDATE,CURRENT_GUIDANCE_RANGE,41,9,3,Diluted EPS | Diluted EPS | Diluted EPS,"Full Year 2023 Moody's Corporation Guidance as of July 25, 2023 | Current guidance | Increase in the high-single-digitpercent range | Increase in the mid-single-digitpercent range | Approximately 37% | 44% to 45% | $260 to $280 million | 16% to 18%",| Diluted EPS | Diluted EPS | Diluted EPS | $8.70 to $9.20 | $8.70 to $9.20 | $8.70 to $9.20 | $8.45 to $8.95 | $8.45 to $8.95 | $8.45 to $8.95,V9_SEVEN_GRAMMAR_CORRECTED_NOT_SOURCE_REVIEWED,,,2fbe361fe84904dc69aa4aa3cccb81edf859ba21c9208658e16ee51018201ea8
MCO,0001059556,0001059556-23-000046,2023-07-25T10:58:11.000Z,a2q23earningspr.htm,https://www.sec.gov/Archives/edgar/data/1059556/000105955623000046/a2q23earningspr.htm,e56ac807ad769ceccd95ab5d60c6bd80175bbeb54dc4ca04727dc7e1aefb8d5f,EPS,FY2023,NON_GAAP,NOT_APPLICABLE,USD_PER_SHARE,9.75,10.25,10,CURRENT_GUIDANCE_RANGE,AS_REPORTED,HTML_TABLE_GRID,0,CURRENT_CANDIDATE,CURRENT_GUIDANCE_RANGE,41,10,3,Adjusted Diluted EPS (1) | Adjusted Diluted EPS (1) | Adjusted Diluted EPS (1),"Full Year 2023 Moody's Corporation Guidance as of July 25, 2023 | Current guidance | Increase in the high-single-digitpercent range | Increase in the mid-single-digitpercent range | Approximately 37% | 44% to 45% | $260 to $280 million | 16% to 18% | $8.70 to $9.20",| Adjusted Diluted EPS (1) | Adjusted Diluted EPS (1) | Adjusted Diluted EPS (1) | $9.75 to $10.25 | $9.75 to $10.25 | $9.75 to $10.25 | $9.50 to $10.00 | $9.50 to $10.00 | $9.50 to $10.00,V9_SEVEN_GRAMMAR_CORRECTED_NOT_SOURCE_REVIEWED,,,2fbe361fe84904dc69aa4aa3cccb81edf859ba21c9208658e16ee51018201ea8
MCO,0001059556,0001059556-23-000046,2023-07-25T10:58:11.000Z,a2q23earningspr.htm,https://www.sec.gov/Archives/edgar/data/1059556/000105955623000046/a2q23earningspr.htm,e56ac807ad769ceccd95ab5d60c6bd80175bbeb54dc4ca04727dc7e1aefb8d5f,FREE_CASH_FLOW,FY2023,NON_GAAP,NOT_APPLICABLE,USD,1600000000,1800000000,1700000000,CURRENT_GUIDANCE_RANGE,AS_REPORTED,HTML_TABLE_GRID,0,CURRENT_CANDIDATE,CURRENT_GUIDANCE_RANGE,41,12,3,Free Cash Flow (1) | Free Cash Flow (1) | Free Cash Flow (1),"Full Year 2023 Moody's Corporation Guidance as of July 25, 2023 | Current guidance | Increase in the high-single-digitpercent range | Increase in the mid-single-digitpercent range | Approximately 37% | 44% to 45% | $260 to $280 million | 16% to 18% | $8.70 to $9.20 | $9.75 to $10.25 | $1.9 to $2.1 billion",| Free Cash Flow (1) | Free Cash Flow (1) | Free Cash Flow (1) | $1.6 to $1.8 billion | $1.6 to $1.8 billion | $1.6 to $1.8 billion | $1.4 to $1.6 billion | $1.4 to $1.6 billion | $1.4 to $1.6 billion,V9_SEVEN_GRAMMAR_CORRECTED_NOT_SOURCE_REVIEWED,,,016c51b79722aa35e40d2ea42a39e112bfdab9e6ac679a6d543c6f9b0fee6f6f
MCO,0001059556,0001059556-23-000046,2023-07-25T10:58:11.000Z,a2q23earningspr.htm,https://www.sec.gov/Archives/edgar/data/1059556/000105955623000046/a2q23earningspr.htm,e56ac807ad769ceccd95ab5d60c6bd80175bbeb54dc4ca04727dc7e1aefb8d5f,MARGIN,FY2023,NON_GAAP,NOT_APPLICABLE,PERCENT,30,31,30.5,CURRENT_GUIDANCE_RANGE,AS_REPORTED,HTML_TABLE_GRID,0,CURRENT_CANDIDATE,CURRENT_GUIDANCE_RANGE,41,17,3,MA Adjusted Operating Margin | MA Adjusted Operating Margin | MA Adjusted Operating Margin,"Full Year 2023 Moody's Corporation Guidance as of July 25, 2023 | Current guidance | Increase in the high-single-digitpercent range | Increase in the mid-single-digitpercent range | Approximately 37% | 44% to 45% | $260 to $280 million | 16% to 18% | $8.70 to $9.20 | $9.75 to $10.25 | $1.9 to $2.1 billion | $1.6 to $1.8 billion | Approximately $500 million (subject to available cash, market conditions, M&A opportunities, and other ongoing capital allocation decisions) | Increase of approximately",| MA Adjusted Operating Margin | MA Adjusted Operating Margin | MA Adjusted Operating Margin | 30% to 31% | 30% to 31% | 30% to 31% | Approximately 31% | Approximately 31% | Approximately 31%,V9_SEVEN_GRAMMAR_CORRECTED_NOT_SOURCE_REVIEWED,,,9b16df4e6abcf5b9bc03783350926368fc7eb1042a08504978a728ff630b927e
MCO,0001059556,0001059556-23-000046,2023-07-25T10:58:11.000Z,a2q23earningspr.htm,https://www.sec.gov/Archives/edgar/data/1059556/000105955623000046/a2q23earningspr.htm,e56ac807ad769ceccd95ab5d60c6bd80175bbeb54dc4ca04727dc7e1aefb8d5f,MARGIN,FY2023,NON_GAAP,NOT_APPLICABLE,PERCENT,55,56,55.5,CURRENT_GUIDANCE_RANGE,AS_REPORTED,HTML_TABLE_GRID,0,CURRENT_CANDIDATE,CURRENT_GUIDANCE_RANGE,41,20,3,MIS Adjusted Operating Margin | MIS Adjusted Operating Margin | MIS Adjusted Operating Margin,"Full Year 2023 Moody's Corporation Guidance as of July 25, 2023 | Current guidance | Increase in the high-single-digitpercent range | Increase in the mid-single-digitpercent range | Approximately 37% | 44% to 45% | $260 to $280 million | 16% to 18% | $8.70 to $9.20 | $9.75 to $10.25 | $1.9 to $2.1 billion | $1.6 to $1.8 billion | Approximately $500 million (subject to available cash, market conditions, M&A opportunities, and other ongoing capital allocation decisions) | Increase of approximately",| MIS Adjusted Operating Margin | MIS Adjusted Operating Margin | MIS Adjusted Operating Margin | 55% to 56% | 55% to 56% | 55% to 56% | Mid-50s percent range | Mid-50s percent range | Mid-50s percent range,V9_SEVEN_GRAMMAR_CORRECTED_NOT_SOURCE_REVIEWED,,,9b16df4e6abcf5b9bc03783350926368fc7eb1042a08504978a728ff630b927e
HST,0001070750,0000950170-23-037240,2023-08-02T20:32:55.000Z,hst-ex99_1.htm,https://www.sec.gov/Archives/edgar/data/1070750/000095017023037240/hst-ex99_1.htm,f90b83a08dae968ebfe6ce82f36f3336d67e1f5fca4b76d35357285b5b2a8981,MARGIN,FY2023,UNSPECIFIED,NOT_APPLICABLE,PERCENT,29.7,30.1,29.9,CURRENT_GUIDANCE_RANGE,AS_REPORTED,HTML_TABLE_GRID,0,CURRENT_CANDIDATE,CURRENT_GUIDANCE_RANGE,7,6,1,Comparable hotel EBITDA margin,"Current Full Year 2023 Guidance | $341 to $347 | $210 to $214 | $5,246 to $5,338 | 14.1% to 14.8%","PAGE 3 OF 22 | HOST HOTELS & RESORTS, INC. NEWS RELEASE August 2, 2023 | The Company anticipates its 2023 operating results as compared to 2022 will be in the following range: | Comparable hotel EBITDA margin | 29.7% to 30.1% | | (210) bps to (170) bps | | (200) bps to (130) bps | | (30) bps",V9_SEVEN_GRAMMAR_CORRECTED_NOT_SOURCE_REVIEWED,,,337748a2b1953684f16921d15dcf88e189b6481273f4bc550b04275d8b6fa767
ALB,0000915913,0000915913-23-000164,2023-08-02T20:35:22.000Z,a2q23earningsreleaseex991.htm,https://www.sec.gov/Archives/edgar/data/915913/000091591323000164/a2q23earningsreleaseex991.htm,df3d4dcf672537702f943f4dc3a7987fc3c12ca35308257f376ba564ee8557bd,REVENUE,FY2023,UNSPECIFIED,NOT_APPLICABLE,USD,10400000000,11500000000,10950000000,CURRENT_GUIDANCE_RANGE,AS_REPORTED,HTML_TABLE_GRID,0,CURRENT_CANDIDATE,CURRENT_GUIDANCE_RANGE,2,2,9,Net sales | Net sales | Net sales,"FY 2023 Guidance as of August 2, 2023",| Net sales | Net sales | Net sales | $9.8 - $11.5 billion | $9.8 - $11.5 billion | $9.8 - $11.5 billion | | | | $10.4 - $11.5 billion | $10.4 - $11.5 billion | $10.4 - $11.5 billion,V9_SEVEN_GRAMMAR_CORRECTED_NOT_SOURCE_REVIEWED,,,5b74a2297ccbb57ab1f94b2090a59430b6bf7afb6080e4ba539745b97c48a893
ALB,0000915913,0000915913-23-000164,2023-08-02T20:35:22.000Z,a2q23earningsreleaseex991.htm,https://www.sec.gov/Archives/edgar/data/915913/000091591323000164/a2q23earningsreleaseex991.htm,df3d4dcf672537702f943f4dc3a7987fc3c12ca35308257f376ba564ee8557bd,MARGIN,FY2023,NON_GAAP,NOT_APPLICABLE,PERCENT,37,38,37.5,CURRENT_GUIDANCE_RANGE,AS_REPORTED,HTML_TABLE_GRID,0,CURRENT_CANDIDATE,CURRENT_GUIDANCE_RANGE,2,4,9,Adjusted EBITDA Margin(a) | Adjusted EBITDA Margin(a) | Adjusted EBITDA Margin(a),"FY 2023 Guidance as of August 2, 2023 | $10.4 - $11.5 billion | $3.8 - $4.4 billion",| Adjusted EBITDA Margin(a) | Adjusted EBITDA Margin(a) | Adjusted EBITDA Margin(a) | 34% - 35% | 34% - 35% | 34% - 35% | | | | 37% - 38% | 37% - 38% | 37% - 38%,V9_SEVEN_GRAMMAR_CORRECTED_NOT_SOURCE_REVIEWED,,,9c73b1df272944cf427b4995f9c3f6fb125e8dad0d8a9238000f2a700bd23563
ALB,0000915913,0000915913-23-000164,2023-08-02T20:35:22.000Z,a2q23earningsreleaseex991.htm,https://www.sec.gov/Archives/edgar/data/915913/000091591323000164/a2q23earningsreleaseex991.htm,df3d4dcf672537702f943f4dc3a7987fc3c12ca35308257f376ba564ee8557bd,EPS,FY2023,NON_GAAP,NOT_APPLICABLE,USD_PER_SHARE,25,29.5,27.25,CURRENT_GUIDANCE_RANGE,AS_REPORTED,HTML_TABLE_GRID,0,CURRENT_CANDIDATE,CURRENT_GUIDANCE_RANGE,2,5,9,Adjusted Diluted EPS(a) | Adjusted Diluted EPS(a) | Adjusted Diluted EPS(a),"FY 2023 Guidance as of August 2, 2023 | $10.4 - $11.5 billion | $3.8 - $4.4 billion | 37% - 38%",| Adjusted Diluted EPS(a) | Adjusted Diluted EPS(a) | Adjusted Diluted EPS(a) | $20.75 - $25.75 | $20.75 - $25.75 | $20.75 - $25.75 | | | | $25.00 - $29.50 | $25.00 - $29.50 | $25.00 - $29.50,V9_SEVEN_GRAMMAR_CORRECTED_NOT_SOURCE_REVIEWED,,,1b169b5822780bd208bd64ab2aa6aa1d8d74b2a8dc43bd914e5c2bdbe4542f21
ALB,0000915913,0000915913-23-000164,2023-08-02T20:35:22.000Z,a2q23earningsreleaseex991.htm,https://www.sec.gov/Archives/edgar/data/915913/000091591323000164/a2q23earningsreleaseex991.htm,df3d4dcf672537702f943f4dc3a7987fc3c12ca35308257f376ba564ee8557bd,CAPEX,FY2023,NOT_APPLICABLE,NOT_APPLICABLE,USD,1900000000,2100000000,2000000000,CURRENT_GUIDANCE_RANGE,AS_REPORTED,HTML_TABLE_GRID,0,CURRENT_CANDIDATE,CURRENT_GUIDANCE_RANGE,2,7,9,Capital Expenditures | Capital Expenditures | Capital Expenditures,"FY 2023 Guidance as of August 2, 2023 | $10.4 - $11.5 billion | $3.8 - $4.4 billion | 37% - 38% | $25.00 - $29.50 | $1.2 - $1.8 billion",| Capital Expenditures | Capital Expenditures | Capital Expenditures | $1.7 - $1.9 billion | $1.7 - $1.9 billion | $1.7 - $1.9 billion | | | | $1.9 - $2.1 billion | $1.9 - $2.1 billion | $1.9 - $2.1 billion,V9_SEVEN_GRAMMAR_CORRECTED_NOT_SOURCE_REVIEWED,,,ee8051aef66afdb7b858f4affca95d06133ae3bac15a33ea1df5f6c06df9c9ef
CDNS,0000813672,0000813672-23-000067,2023-10-23T20:05:55.000Z,cfocommentary10232023ex9902.htm,https://www.sec.gov/Archives/edgar/data/813672/000081367223000067/cfocommentary10232023ex9902.htm,421527364fc8fa7e393ebba35ea60bbbb6acb6a363b83ba8b9d30f0553ed5711,MARGIN,FY2023,GAAP,NOT_APPLICABLE,PERCENT,30.5,31,30.75,CURRENT_GUIDANCE_RANGE,AS_REPORTED,HTML_TABLE_GRID,0,CURRENT_CANDIDATE,CURRENT_GUIDANCE_RANGE,8,16,18,GAAP Operating Margin | GAAP Operating Margin | GAAP Operating Margin | 30.1% | 30.1% | 30.1%,"Current | FY 2023E | ~85% | $4,060 - $4,100 | 14% - 15% | ~75%",Fiscal Year 2023 Financial Outlook | GAAP Operating Margin | GAAP Operating Margin | GAAP Operating Margin | 30.1% | 30.1% | 30.1% | | | | 30.2% - 31.2% | 30.2% - 31.2% | 30.2% - 31.2% | | | | | | | 30.5% - 31.0% | 30.5% - 31.0% | 30.5% - 31.0% | | |,V9_SEVEN_GRAMMAR_CORRECTED_NOT_SOURCE_REVIEWED,,,901d3690f6019ef130c46657d34cf6417334ada39b237ad3d7dd42ff3870d893
CDNS,0000813672,0000813672-23-000067,2023-10-23T20:05:55.000Z,cfocommentary10232023ex9902.htm,https://www.sec.gov/Archives/edgar/data/813672/000081367223000067/cfocommentary10232023ex9902.htm,421527364fc8fa7e393ebba35ea60bbbb6acb6a363b83ba8b9d30f0553ed5711,MARGIN,FY2023,NON_GAAP,NOT_APPLICABLE,PERCENT,41.5,42,41.75,CURRENT_GUIDANCE_RANGE,AS_REPORTED,HTML_TABLE_GRID,0,CURRENT_CANDIDATE,CURRENT_GUIDANCE_RANGE,8,18,18,Non-GAAP Operating Margin | Non-GAAP Operating Margin | Non-GAAP Operating Margin | 40.3% | 40.3% | 40.3%,"Current | FY 2023E | ~85% | $4,060 - $4,100 | 14% - 15% | ~75% | 30.5% - 31.0%",Fiscal Year 2023 Financial Outlook | Non-GAAP Operating Margin | Non-GAAP Operating Margin | Non-GAAP Operating Margin | 40.3% | 40.3% | 40.3% | | | | 41.2% - 42.2% | 41.2% - 42.2% | 41.2% - 42.2% | | | | | | | 41.5% - 42.0% | 41.5% - 42.0% | 41.5% - 42.0% | | |,V9_SEVEN_GRAMMAR_CORRECTED_NOT_SOURCE_REVIEWED,,,901d3690f6019ef130c46657d34cf6417334ada39b237ad3d7dd42ff3870d893
CDNS,0000813672,0000813672-23-000067,2023-10-23T20:05:55.000Z,cfocommentary10232023ex9902.htm,https://www.sec.gov/Archives/edgar/data/813672/000081367223000067/cfocommentary10232023ex9902.htm,421527364fc8fa7e393ebba35ea60bbbb6acb6a363b83ba8b9d30f0553ed5711,EPS,FY2023,GAAP,NOT_APPLICABLE,USD_PER_SHARE,3.48,3.54,3.51,CURRENT_GUIDANCE_RANGE,AS_REPORTED,HTML_TABLE_GRID,0,CURRENT_CANDIDATE,CURRENT_GUIDANCE_RANGE,8,30,18,GAAP EPS | GAAP EPS | GAAP EPS | $ | 3.09,"Current | FY 2023E | ~85% | $4,060 - $4,100 | 14% - 15% | ~75% | 30.5% - 31.0% | 41.5% - 42.0% | $0 - $3 | $(15) - $(18) | ~23% | 17.5% | 272.2 - 273.2",Fiscal Year 2023 Financial Outlook | GAAP EPS | GAAP EPS | GAAP EPS | $ | 3.09 | | | | | $3.35 - $3.41 | $3.35 - $3.41 | $3.35 - $3.41 | | | | | | | $3.48 - $3.54 | $3.48 - $3.54 | $3.48 - $3.54 | | |,V9_SEVEN_GRAMMAR_CORRECTED_NOT_SOURCE_REVIEWED,,,fd16531dc8ba43a1f325a8557c8efb095b3d2020be4ac6a8d7056c8861f33570
CDNS,0000813672,0000813672-23-000067,2023-10-23T20:05:55.000Z,cfocommentary10232023ex9902.htm,https://www.sec.gov/Archives/edgar/data/813672/000081367223000067/cfocommentary10232023ex9902.htm,421527364fc8fa7e393ebba35ea60bbbb6acb6a363b83ba8b9d30f0553ed5711,EPS,FY2023,NON_GAAP,NOT_APPLICABLE,USD_PER_SHARE,5.07,5.13,5.1,CURRENT_GUIDANCE_RANGE,AS_REPORTED,HTML_TABLE_GRID,0,CURRENT_CANDIDATE,CURRENT_GUIDANCE_RANGE,8,33,18,Non-GAAP EPS | Non-GAAP EPS | Non-GAAP EPS | $ | 4.27,"Current | FY 2023E | ~85% | $4,060 - $4,100 | 14% - 15% | ~75% | 30.5% - 31.0% | 41.5% - 42.0% | $0 - $3 | $(15) - $(18) | ~23% | 17.5% | 272.2 - 273.2 | $3.48 - $3.54 | 13% - 15%",Fiscal Year 2023 Financial Outlook | Non-GAAP EPS | Non-GAAP EPS | Non-GAAP EPS | $ | 4.27 | | | | | $5.05 - $5.11 | $5.05 - $5.11 | $5.05 - $5.11 | | | | | | | $5.07 - $5.13 | $5.07 - $5.13 | $5.07 - $5.13 | | |,V9_SEVEN_GRAMMAR_CORRECTED_NOT_SOURCE_REVIEWED,,,fd16531dc8ba43a1f325a8557c8efb095b3d2020be4ac6a8d7056c8861f33570
MCO,0001059556,0001059556-23-000097,2023-10-25T10:51:20.000Z,a3q23earningsrelease.htm,https://www.sec.gov/Archives/edgar/data/1059556/000105955623000097/a3q23earningsrelease.htm,35744029a00dcf9ff00e57e720cf4d0a2f08ee4c713d69eb4978b02ac23431e9,MARGIN,FY2023,NON_GAAP,NOT_APPLICABLE,PERCENT,44,45,44.5,CURRENT_GUIDANCE_RANGE,AS_REPORTED,HTML_TABLE_GRID,0,CURRENT_CANDIDATE,CURRENT_GUIDANCE_RANGE,41,6,3,Adjusted Operating Margin (1) | Adjusted Operating Margin (1) | Adjusted Operating Margin (1),"Full Year 2023 Moody's Corporation Guidance as of October 25, 2023 | Current guidance | Increase in the high-single-digitpercent range | Increase in the mid-single-digitpercent range | Approximately 37%",| Adjusted Operating Margin (1) | Adjusted Operating Margin (1) | Adjusted Operating Margin (1) | 44% to 45% | 44% to 45% | 44% to 45% | NC | NC | NC,V9_SEVEN_GRAMMAR_CORRECTED_NOT_SOURCE_REVIEWED,,,14950c519f226079599887df1a3ee8de201fc5fa2f7ffbd7bd78306594b73f83
MCO,0001059556,0001059556-23-000097,2023-10-25T10:51:20.000Z,a3q23earningsrelease.htm,https://www.sec.gov/Archives/edgar/data/1059556/000105955623000097/a3q23earningsrelease.htm,35744029a00dcf9ff00e57e720cf4d0a2f08ee4c713d69eb4978b02ac23431e9,EPS,FY2023,UNSPECIFIED,NOT_APPLICABLE,USD_PER_SHARE,8.6,9.1,8.85,CURRENT_GUIDANCE_RANGE,AS_REPORTED,HTML_TABLE_GRID,0,CURRENT_CANDIDATE,CURRENT_GUIDANCE_RANGE,41,9,3,Diluted EPS | Diluted EPS | Diluted EPS,"Full Year 2023 Moody's Corporation Guidance as of October 25, 2023 | Current guidance | Increase in the high-single-digitpercent range | Increase in the mid-single-digitpercent range | Approximately 37% | 44% to 45% | $250 to $260 million | 16% to 18%",| Diluted EPS | Diluted EPS | Diluted EPS | $8.60 to $9.10 | $8.60 to $9.10 | $8.60 to $9.10 | $8.70 to $9.20 | $8.70 to $9.20 | $8.70 to $9.20,V9_SEVEN_GRAMMAR_CORRECTED_NOT_SOURCE_REVIEWED,,,c5419a2f6e25bc6453343cdfa1bcae8a37a764b72ae9e1d24315bd6b43ce0723
MCO,0001059556,0001059556-23-000097,2023-10-25T10:51:20.000Z,a3q23earningsrelease.htm,https://www.sec.gov/Archives/edgar/data/1059556/000105955623000097/a3q23earningsrelease.htm,35744029a00dcf9ff00e57e720cf4d0a2f08ee4c713d69eb4978b02ac23431e9,EPS,FY2023,NON_GAAP,NOT_APPLICABLE,USD_PER_SHARE,9.75,10.25,10,CURRENT_GUIDANCE_RANGE,AS_REPORTED,HTML_TABLE_GRID,0,CURRENT_CANDIDATE,CURRENT_GUIDANCE_RANGE,41,10,3,Adjusted Diluted EPS (1) | Adjusted Diluted EPS (1) | Adjusted Diluted EPS (1),"Full Year 2023 Moody's Corporation Guidance as of October 25, 2023 | Current guidance | Increase in the high-single-digitpercent range | Increase in the mid-single-digitpercent range | Approximately 37% | 44% to 45% | $250 to $260 million | 16% to 18% | $8.60 to $9.10",| Adjusted Diluted EPS (1) | Adjusted Diluted EPS (1) | Adjusted Diluted EPS (1) | $9.75 to $10.25 | $9.75 to $10.25 | $9.75 to $10.25 | NC | NC | NC,V9_SEVEN_GRAMMAR_CORRECTED_NOT_SOURCE_REVIEWED,,,c5419a2f6e25bc6453343cdfa1bcae8a37a764b72ae9e1d24315bd6b43ce0723
MCO,0001059556,0001059556-23-000097,2023-10-25T10:51:20.000Z,a3q23earningsrelease.htm,https://www.sec.gov/Archives/edgar/data/1059556/000105955623000097/a3q23earningsrelease.htm,35744029a00dcf9ff00e57e720cf4d0a2f08ee4c713d69eb4978b02ac23431e9,MARGIN,FY2023,NON_GAAP,NOT_APPLICABLE,PERCENT,30,31,30.5,CURRENT_GUIDANCE_RANGE,AS_REPORTED,HTML_TABLE_GRID,0,CURRENT_CANDIDATE,CURRENT_GUIDANCE_RANGE,41,17,3,MA Adjusted Operating Margin | MA Adjusted Operating Margin | MA Adjusted Operating Margin,"Full Year 2023 Moody's Corporation Guidance as of October 25, 2023 | Current guidance | Increase in the high-single-digitpercent range | Increase in the mid-single-digitpercent range | Approximately 37% | 44% to 45% | $250 to $260 million | 16% to 18% | $8.60 to $9.10 | $9.75 to $10.25 | Approximately $2.1 billion | Approximately $1.8 billion | Approximately $500 million (subject to available cash, market conditions, M&A opportunities, and other ongoing capital allocation decisions) | Increase o",| MA Adjusted Operating Margin | MA Adjusted Operating Margin | MA Adjusted Operating Margin | 30% to 31% | 30% to 31% | 30% to 31% | NC | NC | NC,V9_SEVEN_GRAMMAR_CORRECTED_NOT_SOURCE_REVIEWED,,,14950c519f226079599887df1a3ee8de201fc5fa2f7ffbd7bd78306594b73f83
CDNS,0000813672,0000813672-24-000083,2024-04-22T20:02:59.000Z,cfocommentary04222024ex9902.htm,https://www.sec.gov/Archives/edgar/data/813672/000081367224000083/cfocommentary04222024ex9902.htm,b0024555ecf6a98a1fdba503194ebbf3075098d6b5d774f1e8e42b4521375d73,MARGIN,FY2024,GAAP,NOT_APPLICABLE,PERCENT,31,32,31.5,CURRENT_GUIDANCE_RANGE,AS_REPORTED,HTML_TABLE_GRID,0,CURRENT_CANDIDATE,CURRENT_GUIDANCE_RANGE,8,16,18,GAAP Operating Margin | GAAP Operating Margin | GAAP Operating Margin | 30.6% | 30.6% | 30.6%,"Current | FY 2024E | 80% - 85% | $4,560 - $4,620 | 11% - 13% | ~70%",Fiscal Year 2024 Financial Outlook | GAAP Operating Margin | GAAP Operating Margin | GAAP Operating Margin | 30.6% | 30.6% | 30.6% | | | | 32% - 33% | 32% - 33% | 32% - 33% | | | | | | | 31% - 32% | 31% - 32% | 31% - 32% | | |,V9_SEVEN_GRAMMAR_CORRECTED_NOT_SOURCE_REVIEWED,,,13697ca50abb34ce490d0eae81c902467fc9fa353d4e0e24d1e0e9ec385eb2b1
CDNS,0000813672,0000813672-24-000083,2024-04-22T20:02:59.000Z,cfocommentary04222024ex9902.htm,https://www.sec.gov/Archives/edgar/data/813672/000081367224000083/cfocommentary04222024ex9902.htm,b0024555ecf6a98a1fdba503194ebbf3075098d6b5d774f1e8e42b4521375d73,MARGIN,FY2024,NON_GAAP,NOT_APPLICABLE,PERCENT,42,43,42.5,CURRENT_GUIDANCE_RANGE,AS_REPORTED,HTML_TABLE_GRID,0,CURRENT_CANDIDATE,CURRENT_GUIDANCE_RANGE,8,18,18,Non-GAAP Operating Margin | Non-GAAP Operating Margin | Non-GAAP Operating Margin | 42.0% | 42.0% | 42.0%,"Current | FY 2024E | 80% - 85% | $4,560 - $4,620 | 11% - 13% | ~70% | 31% - 32%",Fiscal Year 2024 Financial Outlook | Non-GAAP Operating Margin | Non-GAAP Operating Margin | Non-GAAP Operating Margin | 42.0% | 42.0% | 42.0% | | | | 42% - 43% | 42% - 43% | 42% - 43% | | | | | | | 42% - 43% | 42% - 43% | 42% - 43% | | |,V9_SEVEN_GRAMMAR_CORRECTED_NOT_SOURCE_REVIEWED,,,13697ca50abb34ce490d0eae81c902467fc9fa353d4e0e24d1e0e9ec385eb2b1
CDNS,0000813672,0000813672-24-000083,2024-04-22T20:02:59.000Z,cfocommentary04222024ex9902.htm,https://www.sec.gov/Archives/edgar/data/813672/000081367224000083/cfocommentary04222024ex9902.htm,b0024555ecf6a98a1fdba503194ebbf3075098d6b5d774f1e8e42b4521375d73,EPS,FY2024,GAAP,NOT_APPLICABLE,USD_PER_SHARE,4.04,4.14,4.09,CURRENT_GUIDANCE_RANGE,AS_REPORTED,HTML_TABLE_GRID,0,CURRENT_CANDIDATE,CURRENT_GUIDANCE_RANGE,8,30,18,GAAP EPS | GAAP EPS | GAAP EPS | $ | 3.82,"Current | FY 2024E | 80% - 85% | $4,560 - $4,620 | 11% - 13% | ~70% | 31% - 32% | 42% - 43% | $49 - $55 | $(5) - $(11) | ~25% | 16.5% | 272.5 - 274.5",Fiscal Year 2024 Financial Outlook | GAAP EPS | GAAP EPS | GAAP EPS | $ | 3.82 | | | | | $4.08 - $4.18 | $4.08 - $4.18 | $4.08 - $4.18 | | | | | | | $4.04 - $4.14 | $4.04 - $4.14 | $4.04 - $4.14 | | |,V9_SEVEN_GRAMMAR_CORRECTED_NOT_SOURCE_REVIEWED,,,3896627f3f45e327b1953b5b1bd23ab5812adbaab061f0a16f629f0c5b1e173b
CDNS,0000813672,0000813672-24-000083,2024-04-22T20:02:59.000Z,cfocommentary04222024ex9902.htm,https://www.sec.gov/Archives/edgar/data/813672/000081367224000083/cfocommentary04222024ex9902.htm,b0024555ecf6a98a1fdba503194ebbf3075098d6b5d774f1e8e42b4521375d73,EPS,FY2024,NON_GAAP,NOT_APPLICABLE,USD_PER_SHARE,5.88,5.98,5.93,CURRENT_GUIDANCE_RANGE,AS_REPORTED,HTML_TABLE_GRID,0,CURRENT_CANDIDATE,CURRENT_GUIDANCE_RANGE,8,33,18,Non-GAAP EPS | Non-GAAP EPS | Non-GAAP EPS | $ | 5.15,"Current | FY 2024E | 80% - 85% | $4,560 - $4,620 | 11% - 13% | ~70% | 31% - 32% | 42% - 43% | $49 - $55 | $(5) - $(11) | ~25% | 16.5% | 272.5 - 274.5 | $4.04 - $4.14 | 6% - 8%",Fiscal Year 2024 Financial Outlook | Non-GAAP EPS | Non-GAAP EPS | Non-GAAP EPS | $ | 5.15 | | | | | $5.87 - $5.97 | $5.87 - $5.97 | $5.87 - $5.97 | | | | | | | $5.88 - $5.98 | $5.88 - $5.98 | $5.88 - $5.98 | | |,V9_SEVEN_GRAMMAR_CORRECTED_NOT_SOURCE_REVIEWED,,,3896627f3f45e327b1953b5b1bd23ab5812adbaab061f0a16f629f0c5b1e173b
EIX,0000827052,0000827052-24-000034,2024-04-30T20:08:35.000Z,eix-20240430xex99d2.htm,https://www.sec.gov/Archives/edgar/data/827052/000082705224000034/eix-20240430xex99d2.htm,2fd62d0237b15f471ba7743ff9f13aea22d33951e9f4f4ea2bb69848b287c4af,EPS,FY2024,NON_GAAP,NOT_APPLICABLE,USD_PER_SHARE,4.7,5.05,4.875,CURRENT_GUIDANCE_RANGE,AS_REPORTED,NARRATIVE_CLAUSE,169,CURRENT_CANDIDATE,CURRENT_GUIDANCE_RANGE,,,,,,"Edison International’s core EPS for first quarter 2024 was $1.13. We are pleased with our start to the year and are confident in affirming our 2024 core EPS guidance of $4.70 to $5.05. We also remain confident in delivering on our long-term EPS growth targets of 5 to 7% for 2021 through 2025, and 2025 through 2028. Our conviction remains grounded in the drivers that continue to support our outlook.",V9_SEVEN_GRAMMAR_CORRECTED_NOT_SOURCE_REVIEWED,/html/body/document/type/sequence/filename/description/text/div[2]/div[2]/p[6],HTML_P,e682b88c9d9684230f93c1edae456fb905f57fcbc8cdcbb2ac92a3a7c8f84e38
MCO,0001059556,0001059556-24-000087,2024-05-02T11:00:11.000Z,a1q24earningsrelease.htm,https://www.sec.gov/Archives/edgar/data/1059556/000105955624000087/a1q24earningsrelease.htm,4bff169dfb09306f47e2000c0a8c72dd61af8e405983fecaee5c660b3bb106f5,MARGIN,FY2024,UNSPECIFIED,NOT_APPLICABLE,PERCENT,37,39,38,CURRENT_GUIDANCE_RANGE,AS_REPORTED,HTML_TABLE_GRID,0,CURRENT_CANDIDATE,CURRENT_GUIDANCE_RANGE,41,5,3,Operating Margin | Operating Margin | Operating Margin,"Full Year 2024 Moody's Corporation Guidance as of May 2, 2024 | Current Guidance | Increase in the high-single-digit to low-double-digit percent range | Increase in the mid-to-high-single-digit percent range",| Operating Margin | Operating Margin | Operating Margin | 37% to 39% | 37% to 39% | 37% to 39% | NC | NC | NC,V9_SEVEN_GRAMMAR_CORRECTED_NOT_SOURCE_REVIEWED,,,c5b3748fab814099917bea0a04d240a6b65351f42eae767e2ec32e8e8c7e329b
MCO,0001059556,0001059556-24-000087,2024-05-02T11:00:11.000Z,a1q24earningsrelease.htm,https://www.sec.gov/Archives/edgar/data/1059556/000105955624000087/a1q24earningsrelease.htm,4bff169dfb09306f47e2000c0a8c72dd61af8e405983fecaee5c660b3bb106f5,MARGIN,FY2024,NON_GAAP,NOT_APPLICABLE,PERCENT,44,46,45,CURRENT_GUIDANCE_RANGE,AS_REPORTED,HTML_TABLE_GRID,0,CURRENT_CANDIDATE,CURRENT_GUIDANCE_RANGE,41,6,3,Adjusted Operating Margin (1) | Adjusted Operating Margin (1) | Adjusted Operating Margin (1),"Full Year 2024 Moody's Corporation Guidance as of May 2, 2024 | Current Guidance | Increase in the high-single-digit to low-double-digit percent range | Increase in the mid-to-high-single-digit percent range | 37% to 39%",| Adjusted Operating Margin (1) | Adjusted Operating Margin (1) | Adjusted Operating Margin (1) | 44% to 46% | 44% to 46% | 44% to 46% | NC | NC | NC,V9_SEVEN_GRAMMAR_CORRECTED_NOT_SOURCE_REVIEWED,,,c5b3748fab814099917bea0a04d240a6b65351f42eae767e2ec32e8e8c7e329b
MCO,0001059556,0001059556-24-000087,2024-05-02T11:00:11.000Z,a1q24earningsrelease.htm,https://www.sec.gov/Archives/edgar/data/1059556/000105955624000087/a1q24earningsrelease.htm,4bff169dfb09306f47e2000c0a8c72dd61af8e405983fecaee5c660b3bb106f5,EPS,FY2024,UNSPECIFIED,NOT_APPLICABLE,USD_PER_SHARE,9.55,10.15,9.85,CURRENT_GUIDANCE_RANGE,AS_REPORTED,HTML_TABLE_GRID,0,CURRENT_CANDIDATE,CURRENT_GUIDANCE_RANGE,41,9,3,Diluted EPS | Diluted EPS | Diluted EPS,"Full Year 2024 Moody's Corporation Guidance as of May 2, 2024 | Current Guidance | Increase in the high-single-digit to low-double-digit percent range | Increase in the mid-to-high-single-digit percent range | 37% to 39% | 44% to 46% | $240 - $260 million | 22% to 24%",| Diluted EPS | Diluted EPS | Diluted EPS | $9.55 to $10.15 | $9.55 to $10.15 | $9.55 to $10.15 | $9.45 to $10.20 | $9.45 to $10.20 | $9.45 to $10.20,V9_SEVEN_GRAMMAR_CORRECTED_NOT_SOURCE_REVIEWED,,,7437e7555763f2249ca2b6e4a862e53a055aa6ed28aa1d54fdc5c1e39e3d5762
MCO,0001059556,0001059556-24-000087,2024-05-02T11:00:11.000Z,a1q24earningsrelease.htm,https://www.sec.gov/Archives/edgar/data/1059556/000105955624000087/a1q24earningsrelease.htm,4bff169dfb09306f47e2000c0a8c72dd61af8e405983fecaee5c660b3bb106f5,EPS,FY2024,NON_GAAP,NOT_APPLICABLE,USD_PER_SHARE,10.4,11,10.7,CURRENT_GUIDANCE_RANGE,AS_REPORTED,HTML_TABLE_GRID,0,CURRENT_CANDIDATE,CURRENT_GUIDANCE_RANGE,41,10,3,Adjusted Diluted EPS (1) | Adjusted Diluted EPS (1) | Adjusted Diluted EPS (1),"Full Year 2024 Moody's Corporation Guidance as of May 2, 2024 | Current Guidance | Increase in the high-single-digit to low-double-digit percent range | Increase in the mid-to-high-single-digit percent range | 37% to 39% | 44% to 46% | $240 - $260 million | 22% to 24% | $9.55 to $10.15",| Adjusted Diluted EPS (1) | Adjusted Diluted EPS (1) | Adjusted Diluted EPS (1) | $10.40 to $11.00 | $10.40 to $11.00 | $10.40 to $11.00 | $10.25 to $11.00 | $10.25 to $11.00 | $10.25 to $11.00,V9_SEVEN_GRAMMAR_CORRECTED_NOT_SOURCE_REVIEWED,,,7437e7555763f2249ca2b6e4a862e53a055aa6ed28aa1d54fdc5c1e39e3d5762
MCO,0001059556,0001059556-24-000087,2024-05-02T11:00:11.000Z,a1q24earningsrelease.htm,https://www.sec.gov/Archives/edgar/data/1059556/000105955624000087/a1q24earningsrelease.htm,4bff169dfb09306f47e2000c0a8c72dd61af8e405983fecaee5c660b3bb106f5,FREE_CASH_FLOW,FY2024,NON_GAAP,NOT_APPLICABLE,USD,1900000000,2100000000,2000000000,CURRENT_GUIDANCE_RANGE,AS_REPORTED,HTML_TABLE_GRID,0,CURRENT_CANDIDATE,CURRENT_GUIDANCE_RANGE,41,12,3,Free Cash Flow (1) | Free Cash Flow (1) | Free Cash Flow (1),"Full Year 2024 Moody's Corporation Guidance as of May 2, 2024 | Current Guidance | Increase in the high-single-digit to low-double-digit percent range | Increase in the mid-to-high-single-digit percent range | 37% to 39% | 44% to 46% | $240 - $260 million | 22% to 24% | $9.55 to $10.15 | $10.40 to $11.00 | $2.3 to $2.5 billion",| Free Cash Flow (1) | Free Cash Flow (1) | Free Cash Flow (1) | $1.9 to $2.1 billion | $1.9 to $2.1 billion | $1.9 to $2.1 billion | NC | NC | NC,V9_SEVEN_GRAMMAR_CORRECTED_NOT_SOURCE_REVIEWED,,,7b2eeab11bed767d4f9cd5009a66bdaad365e8d55672553d29f77ef63cd8ac20
MCO,0001059556,0001059556-24-000087,2024-05-02T11:00:11.000Z,a1q24earningsrelease.htm,https://www.sec.gov/Archives/edgar/data/1059556/000105955624000087/a1q24earningsrelease.htm,4bff169dfb09306f47e2000c0a8c72dd61af8e405983fecaee5c660b3bb106f5,MARGIN,FY2024,NON_GAAP,NOT_APPLICABLE,PERCENT,30,31,30.5,CURRENT_GUIDANCE_RANGE,AS_REPORTED,HTML_TABLE_GRID,0,CURRENT_CANDIDATE,CURRENT_GUIDANCE_RANGE,41,17,3,MA Adjusted Operating Margin | MA Adjusted Operating Margin | MA Adjusted Operating Margin,"Full Year 2024 Moody's Corporation Guidance as of May 2, 2024 | Current Guidance | Increase in the high-single-digit to low-double-digit percent range | Increase in the mid-to-high-single-digit percent range | 37% to 39% | 44% to 46% | $240 - $260 million | 22% to 24% | $9.55 to $10.15 | $10.40 to $11.00 | $2.3 to $2.5 billion | $1.9 to $2.1 billion | Approximately $1.0 billion (subject to available cash, market conditions, M&A opportunities, and other ongoing capital allocation decisions) | Inc",| MA Adjusted Operating Margin | MA Adjusted Operating Margin | MA Adjusted Operating Margin | 30% to 31% | 30% to 31% | 30% to 31% | NC | NC | NC,V9_SEVEN_GRAMMAR_CORRECTED_NOT_SOURCE_REVIEWED,,,c5b3748fab814099917bea0a04d240a6b65351f42eae767e2ec32e8e8c7e329b
MCO,0001059556,0001059556-24-000087,2024-05-02T11:00:11.000Z,a1q24earningsrelease.htm,https://www.sec.gov/Archives/edgar/data/1059556/000105955624000087/a1q24earningsrelease.htm,4bff169dfb09306f47e2000c0a8c72dd61af8e405983fecaee5c660b3bb106f5,MARGIN,FY2024,NON_GAAP,NOT_APPLICABLE,PERCENT,56,58,57,CURRENT_GUIDANCE_RANGE,AS_REPORTED,HTML_TABLE_GRID,0,CURRENT_CANDIDATE,CURRENT_GUIDANCE_RANGE,41,20,3,MIS Adjusted Operating Margin | MIS Adjusted Operating Margin | MIS Adjusted Operating Margin,"Full Year 2024 Moody's Corporation Guidance as of May 2, 2024 | Current Guidance | Increase in the high-single-digit to low-double-digit percent range | Increase in the mid-to-high-single-digit percent range | 37% to 39% | 44% to 46% | $240 - $260 million | 22% to 24% | $9.55 to $10.15 | $10.40 to $11.00 | $2.3 to $2.5 billion | $1.9 to $2.1 billion | Approximately $1.0 billion (subject to available cash, market conditions, M&A opportunities, and other ongoing capital allocation decisions) | Inc",| MIS Adjusted Operating Margin | MIS Adjusted Operating Margin | MIS Adjusted Operating Margin | 56% to 58% | 56% to 58% | 56% to 58% | 55.5% to 57.5% | 55.5% to 57.5% | 55.5% to 57.5%,V9_SEVEN_GRAMMAR_CORRECTED_NOT_SOURCE_REVIEWED,,,c5b3748fab814099917bea0a04d240a6b65351f42eae767e2ec32e8e8c7e329b
CDNS,0000813672,0000813672-24-000150,2024-07-22T20:04:10.000Z,cfocommentary07222024ex9902.htm,https://www.sec.gov/Archives/edgar/data/813672/000081367224000150/cfocommentary07222024ex9902.htm,a18e4065b75d7e0c101c12eccbc44333c0368ecb30c7197f82b58d7d1c1a5aee,MARGIN,FY2024,GAAP,NOT_APPLICABLE,PERCENT,29.7,31.3,30.5,CURRENT_GUIDANCE_RANGE,AS_REPORTED,HTML_TABLE_GRID,0,CURRENT_CANDIDATE,CURRENT_GUIDANCE_RANGE,8,16,18,GAAP Operating Margin | GAAP Operating Margin | GAAP Operating Margin | 30.6% | 30.6% | 30.6%,"Current | FY 2024E | 80% - 85% | $4,600 - $4,660 | 12% - 14% | ~70%",Fiscal Year 2024 Financial Outlook | GAAP Operating Margin | GAAP Operating Margin | GAAP Operating Margin | 30.6% | 30.6% | 30.6% | | | | 31% - 32% | 31% - 32% | 31% - 32% | | | | | | | 29.7% - 31.3% | 29.7% - 31.3% | 29.7% - 31.3% | | |,V9_SEVEN_GRAMMAR_CORRECTED_NOT_SOURCE_REVIEWED,,,dc10ec2ebc8fce8ace25993ad9a2a31827fa72afd346a300a440c361f273250a
CDNS,0000813672,0000813672-24-000150,2024-07-22T20:04:10.000Z,cfocommentary07222024ex9902.htm,https://www.sec.gov/Archives/edgar/data/813672/000081367224000150/cfocommentary07222024ex9902.htm,a18e4065b75d7e0c101c12eccbc44333c0368ecb30c7197f82b58d7d1c1a5aee,MARGIN,FY2024,NON_GAAP,NOT_APPLICABLE,PERCENT,41.7,43.3,42.5,CURRENT_GUIDANCE_RANGE,AS_REPORTED,HTML_TABLE_GRID,0,CURRENT_CANDIDATE,CURRENT_GUIDANCE_RANGE,8,18,18,Non-GAAP Operating Margin | Non-GAAP Operating Margin | Non-GAAP Operating Margin | 42.0% | 42.0% | 42.0%,"Current | FY 2024E | 80% - 85% | $4,600 - $4,660 | 12% - 14% | ~70% | 29.7% - 31.3%",Fiscal Year 2024 Financial Outlook | Non-GAAP Operating Margin | Non-GAAP Operating Margin | Non-GAAP Operating Margin | 42.0% | 42.0% | 42.0% | | | | 42% - 43% | 42% - 43% | 42% - 43% | | | | | | | 41.7% - 43.3% | 41.7% - 43.3% | 41.7% - 43.3% | | |,V9_SEVEN_GRAMMAR_CORRECTED_NOT_SOURCE_REVIEWED,,,dc10ec2ebc8fce8ace25993ad9a2a31827fa72afd346a300a440c361f273250a
CDNS,0000813672,0000813672-24-000150,2024-07-22T20:04:10.000Z,cfocommentary07222024ex9902.htm,https://www.sec.gov/Archives/edgar/data/813672/000081367224000150/cfocommentary07222024ex9902.htm,a18e4065b75d7e0c101c12eccbc44333c0368ecb30c7197f82b58d7d1c1a5aee,EPS,FY2024,GAAP,NOT_APPLICABLE,USD_PER_SHARE,3.82,4.02,3.92,CURRENT_GUIDANCE_RANGE,AS_REPORTED,HTML_TABLE_GRID,0,CURRENT_CANDIDATE,CURRENT_GUIDANCE_RANGE,8,30,18,GAAP EPS | GAAP EPS | GAAP EPS | $ | 3.82,"Current | FY 2024E | 80% - 85% | $4,600 - $4,660 | 12% - 14% | ~70% | 29.7% - 31.3% | 41.7% - 43.3% | $42 - $56 | $(31) - $(45) | ~25% | 16.5% | 273.5 - 275.5",Fiscal Year 2024 Financial Outlook | GAAP EPS | GAAP EPS | GAAP EPS | $ | 3.82 | | | | | $4.04 - $4.14 | $4.04 - $4.14 | $4.04 - $4.14 | | | | | | | $3.82 - $4.02 | $3.82 - $4.02 | $3.82 - $4.02 | | |,V9_SEVEN_GRAMMAR_CORRECTED_NOT_SOURCE_REVIEWED,,,8da2db87eed288bd9df58c35b73b01534cac63148e6691087ea86d018b51c62e
CDNS,0000813672,0000813672-24-000150,2024-07-22T20:04:10.000Z,cfocommentary07222024ex9902.htm,https://www.sec.gov/Archives/edgar/data/813672/000081367224000150/cfocommentary07222024ex9902.htm,a18e4065b75d7e0c101c12eccbc44333c0368ecb30c7197f82b58d7d1c1a5aee,EPS,FY2024,NON_GAAP,NOT_APPLICABLE,USD_PER_SHARE,5.77,5.97,5.87,CURRENT_GUIDANCE_RANGE,AS_REPORTED,HTML_TABLE_GRID,0,CURRENT_CANDIDATE,CURRENT_GUIDANCE_RANGE,8,33,18,Non-GAAP EPS | Non-GAAP EPS | Non-GAAP EPS | $ | 5.15,"Current | FY 2024E | 80% - 85% | $4,600 - $4,660 | 12% - 14% | ~70% | 29.7% - 31.3% | 41.7% - 43.3% | $42 - $56 | $(31) - $(45) | ~25% | 16.5% | 273.5 - 275.5 | $3.82 - $4.02 | 0% - 5%",Fiscal Year 2024 Financial Outlook | Non-GAAP EPS | Non-GAAP EPS | Non-GAAP EPS | $ | 5.15 | | | | | $5.88 - $5.98 | $5.88 - $5.98 | $5.88 - $5.98 | | | | | | | $5.77 - $5.97 | $5.77 - $5.97 | $5.77 - $5.97 | | |,V9_SEVEN_GRAMMAR_CORRECTED_NOT_SOURCE_REVIEWED,,,8da2db87eed288bd9df58c35b73b01534cac63148e6691087ea86d018b51c62e
MSCI,0001408198,0001408198-24-000129,2024-07-23T10:47:38.000Z,earningsrelease-20240630xf.htm,https://www.sec.gov/Archives/edgar/data/1408198/000140819824000129/earningsrelease-20240630xf.htm,f47ec5dd42add896c4fdbb663a92d97d43cfb2b517ac29a3a48523115f93d85c,CAPEX,FY2024,NOT_APPLICABLE,NOT_APPLICABLE,USD,95000000,105000000,100000000,CURRENT_GUIDANCE_RANGE,AS_REPORTED,HTML_TABLE_GRID,0,CURRENT_CANDIDATE,CURRENT_GUIDANCE_RANGE,5,7,3,Capital Expenditures | Capital Expenditures | Capital Expenditures,"Current Guidance for Full-Year 2024 | $1,305 to $1,345 million | $1,130 to $1,160 million | $185 to $189 million | $175 to $185 million | 18% to 21%",| Capital Expenditures | Capital Expenditures | Capital Expenditures | $95 to $105 million | $95 to $105 million | $95 to $105 million | $95 to $105 million | $95 to $105 million | $95 to $105 million,V9_SEVEN_GRAMMAR_CORRECTED_NOT_SOURCE_REVIEWED,,,77056d877f9f61b18dcf1a3bb96c633503e528fddff719b1c40a23dc361d2d42
MSCI,0001408198,0001408198-24-000129,2024-07-23T10:47:38.000Z,earningsrelease-20240630xf.htm,https://www.sec.gov/Archives/edgar/data/1408198/000140819824000129/earningsrelease-20240630xf.htm,f47ec5dd42add896c4fdbb663a92d97d43cfb2b517ac29a3a48523115f93d85c,FREE_CASH_FLOW,FY2024,NON_GAAP,NOT_APPLICABLE,USD,1225000000,1285000000,1255000000,CURRENT_GUIDANCE_RANGE,AS_REPORTED,HTML_TABLE_GRID,0,CURRENT_CANDIDATE,CURRENT_GUIDANCE_RANGE,5,9,3,Free Cash Flow | Free Cash Flow | Free Cash Flow,"Current Guidance for Full-Year 2024 | $1,305 to $1,345 million | $1,130 to $1,160 million | $185 to $189 million | $175 to $185 million | 18% to 21% | $95 to $105 million | $1,330 to $1,380 million","| Free Cash Flow | Free Cash Flow | Free Cash Flow | $1,225 to $1,285 million | $1,225 to $1,285 million | $1,225 to $1,285 million | $1,225 to $1,285 million | $1,225 to $1,285 million | $1,225 to $1,285 million",V9_SEVEN_GRAMMAR_CORRECTED_NOT_SOURCE_REVIEWED,,,5e47ee62f57804f071f8efecdd413e50e32c01369b8aa4ef7087ca76194f7c89
MCO,0001059556,0001059556-24-000123,2024-07-23T10:58:05.000Z,a2q24earningsrelease.htm,https://www.sec.gov/Archives/edgar/data/1059556/000105955624000123/a2q24earningsrelease.htm,5c23fcbae0dd8ef7edecbfb56947268f9581bd579a1cbbc9badb18aba57b0fa8,MARGIN,FY2024,NON_GAAP,NOT_APPLICABLE,PERCENT,46,47,46.5,CURRENT_GUIDANCE_RANGE,AS_REPORTED,HTML_TABLE_GRID,0,CURRENT_CANDIDATE,CURRENT_GUIDANCE_RANGE,46,6,6,Adjusted Operating Margin (1) | Adjusted Operating Margin (1) | Adjusted Operating Margin (1),"Full Year 2024 Moody's Corporation Guidance as of July 23, 2024 | Current Guidance | Increase in the low-teens percent range | Increase in the high-single-digit percent range | Approximately 39%",| Adjusted Operating Margin (1) | Adjusted Operating Margin (1) | Adjusted Operating Margin (1) | 44% to 46% | 44% to 46% | 44% to 46% | 46% to 47% | 46% to 47% | 46% to 47%,V9_SEVEN_GRAMMAR_CORRECTED_NOT_SOURCE_REVIEWED,,,1ebaf96664023da7ada69f2a4f01a5f8d29d73fed5d3ba5206a02b01ae8893e2
MCO,0001059556,0001059556-24-000123,2024-07-23T10:58:05.000Z,a2q24earningsrelease.htm,https://www.sec.gov/Archives/edgar/data/1059556/000105955624000123/a2q24earningsrelease.htm,5c23fcbae0dd8ef7edecbfb56947268f9581bd579a1cbbc9badb18aba57b0fa8,EPS,FY2024,UNSPECIFIED,NOT_APPLICABLE,USD_PER_SHARE,9.95,10.35,10.15,CURRENT_GUIDANCE_RANGE,AS_REPORTED,HTML_TABLE_GRID,0,CURRENT_CANDIDATE,CURRENT_GUIDANCE_RANGE,46,9,6,Diluted EPS (2) | Diluted EPS (2) | Diluted EPS (2),"Full Year 2024 Moody's Corporation Guidance as of July 23, 2024 | Current Guidance | Increase in the low-teens percent range | Increase in the high-single-digit percent range | Approximately 39% | 46% to 47% | NC",| Diluted EPS (2) | Diluted EPS (2) | Diluted EPS (2) | $9.55 to $10.15 | $9.55 to $10.15 | $9.55 to $10.15 | $9.95 to $10.35 | $9.95 to $10.35 | $9.95 to $10.35,V9_SEVEN_GRAMMAR_CORRECTED_NOT_SOURCE_REVIEWED,,,e9dfda820e958eaf9338f8ae084687d825338de17c3290d58bde34edad74f2a2
MCO,0001059556,0001059556-24-000123,2024-07-23T10:58:05.000Z,a2q24earningsrelease.htm,https://www.sec.gov/Archives/edgar/data/1059556/000105955624000123/a2q24earningsrelease.htm,5c23fcbae0dd8ef7edecbfb56947268f9581bd579a1cbbc9badb18aba57b0fa8,EPS,FY2024,NON_GAAP,NOT_APPLICABLE,USD_PER_SHARE,11,11.4,11.2,CURRENT_GUIDANCE_RANGE,AS_REPORTED,HTML_TABLE_GRID,0,CURRENT_CANDIDATE,CURRENT_GUIDANCE_RANGE,46,10,6,Adjusted Diluted EPS (1) | Adjusted Diluted EPS (1) | Adjusted Diluted EPS (1),"Full Year 2024 Moody's Corporation Guidance as of July 23, 2024 | Current Guidance | Increase in the low-teens percent range | Increase in the high-single-digit percent range | Approximately 39% | 46% to 47% | NC | $9.95 to $10.35",| Adjusted Diluted EPS (1) | Adjusted Diluted EPS (1) | Adjusted Diluted EPS (1) | $10.40 to $11.00 | $10.40 to $11.00 | $10.40 to $11.00 | $11.00 to $11.40 | $11.00 to $11.40 | $11.00 to $11.40,V9_SEVEN_GRAMMAR_CORRECTED_NOT_SOURCE_REVIEWED,,,e9dfda820e958eaf9338f8ae084687d825338de17c3290d58bde34edad74f2a2
MCO,0001059556,0001059556-24-000123,2024-07-23T10:58:05.000Z,a2q24earningsrelease.htm,https://www.sec.gov/Archives/edgar/data/1059556/000105955624000123/a2q24earningsrelease.htm,5c23fcbae0dd8ef7edecbfb56947268f9581bd579a1cbbc9badb18aba57b0fa8,FREE_CASH_FLOW,FY2024,NON_GAAP,NOT_APPLICABLE,USD,2000000000,2200000000,2100000000,CURRENT_GUIDANCE_RANGE,AS_REPORTED,HTML_TABLE_GRID,0,CURRENT_CANDIDATE,CURRENT_GUIDANCE_RANGE,46,12,6,Free Cash Flow (1) | Free Cash Flow (1) | Free Cash Flow (1),"Full Year 2024 Moody's Corporation Guidance as of July 23, 2024 | Current Guidance | Increase in the low-teens percent range | Increase in the high-single-digit percent range | Approximately 39% | 46% to 47% | NC | $9.95 to $10.35 | $11.00 to $11.40 | $2.4 to $2.6 billion",| Free Cash Flow (1) | Free Cash Flow (1) | Free Cash Flow (1) | $1.9 to $2.1 billion | $1.9 to $2.1 billion | $1.9 to $2.1 billion | $2.0 to $2.2 billion | $2.0 to $2.2 billion | $2.0 to $2.2 billion,V9_SEVEN_GRAMMAR_CORRECTED_NOT_SOURCE_REVIEWED,,,464cd9fdcc7d0540f258da72a4755504bec6a2b8da120fc2f0766cc3f72b5e1d
MCO,0001059556,0001059556-24-000123,2024-07-23T10:58:05.000Z,a2q24earningsrelease.htm,https://www.sec.gov/Archives/edgar/data/1059556/000105955624000123/a2q24earningsrelease.htm,5c23fcbae0dd8ef7edecbfb56947268f9581bd579a1cbbc9badb18aba57b0fa8,MARGIN,FY2024,NON_GAAP,NOT_APPLICABLE,PERCENT,30,31,30.5,CURRENT_GUIDANCE_RANGE,AS_REPORTED,HTML_TABLE_GRID,0,CURRENT_CANDIDATE,CURRENT_GUIDANCE_RANGE,46,17,3,MA Adjusted Operating Margin | MA Adjusted Operating Margin | MA Adjusted Operating Margin,"Full Year 2024 Moody's Corporation Guidance as of July 23, 2024 | Last Publicly Disclosed Guidance | Increase in the high-single-digit to low-double-digit percent range | Increase in the mid-to-high-single-digit percent range | 37% to 39% | 44% to 46% | $240 - $260 million | 22% to 24% | $9.55 to $10.15 | $10.40 to $11.00 | $2.3 to $2.5 billion | $1.9 to $2.1 billion | Approximately $1.0 billion (subject to available cash, market conditions, M&A opportunities, and other ongoing capital allocatio",| MA Adjusted Operating Margin | MA Adjusted Operating Margin | MA Adjusted Operating Margin | 30% to 31% | 30% to 31% | 30% to 31% | NC | NC | NC,V9_SEVEN_GRAMMAR_CORRECTED_NOT_SOURCE_REVIEWED,,,1ebaf96664023da7ada69f2a4f01a5f8d29d73fed5d3ba5206a02b01ae8893e2
MCO,0001059556,0001059556-24-000123,2024-07-23T10:58:05.000Z,a2q24earningsrelease.htm,https://www.sec.gov/Archives/edgar/data/1059556/000105955624000123/a2q24earningsrelease.htm,5c23fcbae0dd8ef7edecbfb56947268f9581bd579a1cbbc9badb18aba57b0fa8,MARGIN,FY2024,NON_GAAP,NOT_APPLICABLE,PERCENT,58,59,58.5,CURRENT_GUIDANCE_RANGE,AS_REPORTED,HTML_TABLE_GRID,0,CURRENT_CANDIDATE,CURRENT_GUIDANCE_RANGE,46,20,6,MIS Adjusted Operating Margin | MIS Adjusted Operating Margin | MIS Adjusted Operating Margin,"Full Year 2024 Moody's Corporation Guidance as of July 23, 2024 | Current Guidance | Increase in the low-teens percent range | Increase in the high-single-digit percent range | Approximately 39% | 46% to 47% | NC | $9.95 to $10.35 | $11.00 to $11.40 | $2.4 to $2.6 billion | $2.0 to $2.2 billion | Approximately $1.3 billion (subject to available cash, market conditions, M&A opportunities, and other ongoing capital allocation decisions) | Increase in the high-single-digit to low-double-digit perce",| MIS Adjusted Operating Margin | MIS Adjusted Operating Margin | MIS Adjusted Operating Margin | 56% to 58% | 56% to 58% | 56% to 58% | 58% to 59% | 58% to 59% | 58% to 59%,V9_SEVEN_GRAMMAR_CORRECTED_NOT_SOURCE_REVIEWED,,,1ebaf96664023da7ada69f2a4f01a5f8d29d73fed5d3ba5206a02b01ae8893e2
HST,0001070750,0001070750-24-000163,2024-07-31T20:43:49.000Z,hst-ex991.htm,https://www.sec.gov/Archives/edgar/data/1070750/000107075024000163/hst-ex991.htm,ef8a53ad0eece3eb37dec38011d94f2a048ff94ce988db8b89697147eea217a6,MARGIN,FY2024,UNSPECIFIED,NOT_APPLICABLE,PERCENT,29.1,29.6,29.35,CURRENT_GUIDANCE_RANGE,AS_REPORTED,HTML_TABLE_GRID,0,CURRENT_CANDIDATE,CURRENT_GUIDANCE_RANGE,12,6,3,Comparable hotel EBITDA margin | Comparable hotel EBITDA margin | Comparable hotel EBITDA margin,"Current Full Year 2024 Guidance | $344 to $351 | $208 to $213 | $5,619 to $5,725 | 15.3% to 16.0%",| Comparable hotel EBITDA margin | Comparable hotel EBITDA margin | Comparable hotel EBITDA margin | 29.1% to 29.6% | 29.1% to 29.6% | 29.1% to 29.6% | | | | (110) bps to (60) bps | (110) bps to (60) bps | (110) bps to (60) bps | | | | (80) bps to (30) bps | (80) bps to (30) bps | (80) bps to (30) bps | | | | (30) bps | (30) bps | (30) bps,V9_SEVEN_GRAMMAR_CORRECTED_NOT_SOURCE_REVIEWED,,,40f061ccb6eb2066fb5f958b1a8d0489be27c80b1a17b671660e0e594a760ffa
COHR,0000820318,0001193125-24-201297,2024-08-15T20:02:06.000Z,d873258dex992.htm,https://www.sec.gov/Archives/edgar/data/820318/000119312524201297/d873258dex992.htm,34fc071ba761c2cdd2acbeade81bf34ee1b4517461c7cc0b6aa7ed9c12b30af4,REVENUE,Q1-2025,UNSPECIFIED,NOT_APPLICABLE,USD,1270000000,1350000000,1310000000,CURRENT_GUIDANCE_RANGE,AS_REPORTED,NARRATIVE_CLAUSE,42,CURRENT_CANDIDATE,CURRENT_GUIDANCE_RANGE,,,,,,FIRST QUARTER FISCAL 2025 OUTLOOK REVENUE $1.27 – 1.35 billion,V9_SEVEN_GRAMMAR_CORRECTED_NOT_SOURCE_REVIEWED,/html/body/document/type/sequence/filename/description/text/p[47],HTML_P,b1a9fc912bc662912493d92705b38e117c19eef38fd17638b22b4e72ddcf70b8
MCO,0001059556,0001059556-24-000180,2024-10-22T10:58:04.000Z,a3q24earningsrelease.htm,https://www.sec.gov/Archives/edgar/data/1059556/000105955624000180/a3q24earningsrelease.htm,9c92d1797df6a1e630ddef23e95dcc5e95704359a679732b1f9085c1dcd2dab5,MARGIN,FY2024,UNSPECIFIED,NOT_APPLICABLE,PERCENT,40,41,40.5,CURRENT_GUIDANCE_RANGE,AS_REPORTED,HTML_TABLE_GRID,0,CURRENT_CANDIDATE,CURRENT_GUIDANCE_RANGE,46,5,6,Operating Margin | Operating Margin | Operating Margin | Approximately 39% | Approximately 39% | Approximately 39%,"Full Year 2024 Moody's Corporation Guidance as of October 22, 2024 | Current Guidance | Increase in the high-teens percent range | Approximately 10%",| Operating Margin | Operating Margin | Operating Margin | Approximately 39% | Approximately 39% | Approximately 39% | 40% to 41% | 40% to 41% | 40% to 41%,V9_SEVEN_GRAMMAR_CORRECTED_NOT_SOURCE_REVIEWED,,,4ffe2a7309109171532cd8202d6b03c539bf17ff9770874b813807471c136e03
MCO,0001059556,0001059556-24-000180,2024-10-22T10:58:04.000Z,a3q24earningsrelease.htm,https://www.sec.gov/Archives/edgar/data/1059556/000105955624000180/a3q24earningsrelease.htm,9c92d1797df6a1e630ddef23e95dcc5e95704359a679732b1f9085c1dcd2dab5,MARGIN,FY2024,NON_GAAP,NOT_APPLICABLE,PERCENT,47,48,47.5,CURRENT_GUIDANCE_RANGE,AS_REPORTED,HTML_TABLE_GRID,0,CURRENT_CANDIDATE,CURRENT_GUIDANCE_RANGE,46,6,6,Adjusted Operating Margin (1) | Adjusted Operating Margin (1) | Adjusted Operating Margin (1),"Full Year 2024 Moody's Corporation Guidance as of October 22, 2024 | Current Guidance | Increase in the high-teens percent range | Approximately 10% | 40% to 41%",| Adjusted Operating Margin (1) | Adjusted Operating Margin (1) | Adjusted Operating Margin (1) | 46% to 47% | 46% to 47% | 46% to 47% | 47% to 48% | 47% to 48% | 47% to 48%,V9_SEVEN_GRAMMAR_CORRECTED_NOT_SOURCE_REVIEWED,,,4ffe2a7309109171532cd8202d6b03c539bf17ff9770874b813807471c136e03
MCO,0001059556,0001059556-24-000180,2024-10-22T10:58:04.000Z,a3q24earningsrelease.htm,https://www.sec.gov/Archives/edgar/data/1059556/000105955624000180/a3q24earningsrelease.htm,9c92d1797df6a1e630ddef23e95dcc5e95704359a679732b1f9085c1dcd2dab5,EPS,FY2024,UNSPECIFIED,NOT_APPLICABLE,USD_PER_SHARE,10.85,11.05,10.95,CURRENT_GUIDANCE_RANGE,AS_REPORTED,HTML_TABLE_GRID,0,CURRENT_CANDIDATE,CURRENT_GUIDANCE_RANGE,46,9,6,Diluted EPS | Diluted EPS | Diluted EPS,"Full Year 2024 Moody's Corporation Guidance as of October 22, 2024 | Current Guidance | Increase in the high-teens percent range | Approximately 10% | 40% to 41% | 47% to 48% | Approximately $245 million | 23% to 24%",| Diluted EPS | Diluted EPS | Diluted EPS | $9.95 to $10.35 | $9.95 to $10.35 | $9.95 to $10.35 | $10.85 to $11.05 | $10.85 to $11.05 | $10.85 to $11.05,V9_SEVEN_GRAMMAR_CORRECTED_NOT_SOURCE_REVIEWED,,,5397d799d444ffb0e34ba303ac1d73e0b1e905fb5b1f4e16d94801a14d7dbfb3
MCO,0001059556,0001059556-24-000180,2024-10-22T10:58:04.000Z,a3q24earningsrelease.htm,https://www.sec.gov/Archives/edgar/data/1059556/000105955624000180/a3q24earningsrelease.htm,9c92d1797df6a1e630ddef23e95dcc5e95704359a679732b1f9085c1dcd2dab5,EPS,FY2024,NON_GAAP,NOT_APPLICABLE,USD_PER_SHARE,11.9,12.1,12,CURRENT_GUIDANCE_RANGE,AS_REPORTED,HTML_TABLE_GRID,0,CURRENT_CANDIDATE,CURRENT_GUIDANCE_RANGE,46,10,6,Adjusted Diluted EPS (1) | Adjusted Diluted EPS (1) | Adjusted Diluted EPS (1),"Full Year 2024 Moody's Corporation Guidance as of October 22, 2024 | Current Guidance | Increase in the high-teens percent range | Approximately 10% | 40% to 41% | 47% to 48% | Approximately $245 million | 23% to 24% | $10.85 to $11.05",| Adjusted Diluted EPS (1) | Adjusted Diluted EPS (1) | Adjusted Diluted EPS (1) | $11.00 to $11.40 | $11.00 to $11.40 | $11.00 to $11.40 | $11.90 to $12.10 | $11.90 to $12.10 | $11.90 to $12.10,V9_SEVEN_GRAMMAR_CORRECTED_NOT_SOURCE_REVIEWED,,,5397d799d444ffb0e34ba303ac1d73e0b1e905fb5b1f4e16d94801a14d7dbfb3
MCO,0001059556,0001059556-24-000180,2024-10-22T10:58:04.000Z,a3q24earningsrelease.htm,https://www.sec.gov/Archives/edgar/data/1059556/000105955624000180/a3q24earningsrelease.htm,9c92d1797df6a1e630ddef23e95dcc5e95704359a679732b1f9085c1dcd2dab5,MARGIN,FY2024,NON_GAAP,NOT_APPLICABLE,PERCENT,30,31,30.5,CURRENT_GUIDANCE_RANGE,AS_REPORTED,HTML_TABLE_GRID,0,CURRENT_CANDIDATE,CURRENT_GUIDANCE_RANGE,46,17,3,MA Adjusted Operating Margin | MA Adjusted Operating Margin | MA Adjusted Operating Margin,"Full Year 2024 Moody's Corporation Guidance as of October 22, 2024 | Last Publicly Disclosed Guidance | Increase in the low-teens percent range | Increase in the high-single-digit percent range | Approximately 39% | 46% to 47% | $240 - $260 million | 22% to 24% | $9.95 to $10.35 | $11.00 to $11.40 | $2.4 to $2.6 billion | $2.0 to $2.2 billion | Approximately $1.3 billion (subject to available cash, market conditions, M&A opportunities, and other ongoing capital allocation decisions) | Increase i",| MA Adjusted Operating Margin | MA Adjusted Operating Margin | MA Adjusted Operating Margin | 30% to 31% | 30% to 31% | 30% to 31% | NC | NC | NC,V9_SEVEN_GRAMMAR_CORRECTED_NOT_SOURCE_REVIEWED,,,4ffe2a7309109171532cd8202d6b03c539bf17ff9770874b813807471c136e03
MCO,0001059556,0001059556-24-000180,2024-10-22T10:58:04.000Z,a3q24earningsrelease.htm,https://www.sec.gov/Archives/edgar/data/1059556/000105955624000180/a3q24earningsrelease.htm,9c92d1797df6a1e630ddef23e95dcc5e95704359a679732b1f9085c1dcd2dab5,MARGIN,FY2024,NON_GAAP,NOT_APPLICABLE,PERCENT,59,60,59.5,CURRENT_GUIDANCE_RANGE,AS_REPORTED,HTML_TABLE_GRID,0,CURRENT_CANDIDATE,CURRENT_GUIDANCE_RANGE,46,20,6,MIS Adjusted Operating Margin | MIS Adjusted Operating Margin | MIS Adjusted Operating Margin,"Full Year 2024 Moody's Corporation Guidance as of October 22, 2024 | Current Guidance | Increase in the high-teens percent range | Approximately 10% | 40% to 41% | 47% to 48% | Approximately $245 million | 23% to 24% | $10.85 to $11.05 | $11.90 to $12.10 | Approximately $2.7 billion | Approximately $2.3 billion | NC | Increase in the high-twenties percent range",| MIS Adjusted Operating Margin | MIS Adjusted Operating Margin | MIS Adjusted Operating Margin | 58% to 59% | 58% to 59% | 58% to 59% | 59% to 60% | 59% to 60% | 59% to 60%,V9_SEVEN_GRAMMAR_CORRECTED_NOT_SOURCE_REVIEWED,,,4ffe2a7309109171532cd8202d6b03c539bf17ff9770874b813807471c136e03
CDNS,0000813672,0000813672-24-000188,2024-10-28T20:03:44.000Z,cfocommentary10282024ex9902.htm,https://www.sec.gov/Archives/edgar/data/813672/000081367224000188/cfocommentary10282024ex9902.htm,ee0bf4b442c2570812d8d4faf0814374670ddedaf82a8b0eb6bf357a2313726e,MARGIN,FY2024,GAAP,NOT_APPLICABLE,PERCENT,29,30,29.5,CURRENT_GUIDANCE_RANGE,AS_REPORTED,HTML_TABLE_GRID,0,CURRENT_CANDIDATE,CURRENT_GUIDANCE_RANGE,8,16,18,GAAP Operating Margin | GAAP Operating Margin | GAAP Operating Margin | 30.6% | 30.6% | 30.6%,"Current | FY 2024E | 80% - 85% | $4,610 - $4,650 | 13% - 14% | ~70%",Fiscal Year 2024 Financial Outlook | GAAP Operating Margin | GAAP Operating Margin | GAAP Operating Margin | 30.6% | 30.6% | 30.6% | | | | 29.7% - 31.3% | 29.7% - 31.3% | 29.7% - 31.3% | | | | | | | 29% - 30% | 29% - 30% | 29% - 30% | | |,V9_SEVEN_GRAMMAR_CORRECTED_NOT_SOURCE_REVIEWED,,,a77f35e64906c83eb77adce8534e668b28402bdaf6499517158e940de8cb38c7
CDNS,0000813672,0000813672-24-000188,2024-10-28T20:03:44.000Z,cfocommentary10282024ex9902.htm,https://www.sec.gov/Archives/edgar/data/813672/000081367224000188/cfocommentary10282024ex9902.htm,ee0bf4b442c2570812d8d4faf0814374670ddedaf82a8b0eb6bf357a2313726e,MARGIN,FY2024,NON_GAAP,NOT_APPLICABLE,PERCENT,42,43,42.5,CURRENT_GUIDANCE_RANGE,AS_REPORTED,HTML_TABLE_GRID,0,CURRENT_CANDIDATE,CURRENT_GUIDANCE_RANGE,8,18,18,Non-GAAP Operating Margin | Non-GAAP Operating Margin | Non-GAAP Operating Margin | 42.0% | 42.0% | 42.0%,"Current | FY 2024E | 80% - 85% | $4,610 - $4,650 | 13% - 14% | ~70% | 29% - 30%",Fiscal Year 2024 Financial Outlook | Non-GAAP Operating Margin | Non-GAAP Operating Margin | Non-GAAP Operating Margin | 42.0% | 42.0% | 42.0% | | | | 41.7% - 43.3% | 41.7% - 43.3% | 41.7% - 43.3% | | | | | | | 42% - 43% | 42% - 43% | 42% - 43% | | |,V9_SEVEN_GRAMMAR_CORRECTED_NOT_SOURCE_REVIEWED,,,a77f35e64906c83eb77adce8534e668b28402bdaf6499517158e940de8cb38c7
CDNS,0000813672,0000813672-24-000188,2024-10-28T20:03:44.000Z,cfocommentary10282024ex9902.htm,https://www.sec.gov/Archives/edgar/data/813672/000081367224000188/cfocommentary10282024ex9902.htm,ee0bf4b442c2570812d8d4faf0814374670ddedaf82a8b0eb6bf357a2313726e,EPS,FY2024,GAAP,NOT_APPLICABLE,USD_PER_SHARE,3.7,3.76,3.73,CURRENT_GUIDANCE_RANGE,AS_REPORTED,HTML_TABLE_GRID,0,CURRENT_CANDIDATE,CURRENT_GUIDANCE_RANGE,8,30,18,GAAP EPS | GAAP EPS | GAAP EPS | $ | 3.82,"Current | FY 2024E | 80% - 85% | $4,610 - $4,650 | 13% - 14% | ~70% | 29% - 30% | 42% - 43% | $40 - $50 | $(25) - $(35) | ~27% | 16.5% | 273 - 275",Fiscal Year 2024 Financial Outlook | GAAP EPS | GAAP EPS | GAAP EPS | $ | 3.82 | | | | | $3.82 - $4.02 | $3.82 - $4.02 | $3.82 - $4.02 | | | | | | | $3.70 - $3.76 | $3.70 - $3.76 | $3.70 - $3.76 | | |,V9_SEVEN_GRAMMAR_CORRECTED_NOT_SOURCE_REVIEWED,,,51a5fdf2e7ff7815589df0b7b108377c921ccdcd5d7b9a1710f3816dd9af1415
CDNS,0000813672,0000813672-24-000188,2024-10-28T20:03:44.000Z,cfocommentary10282024ex9902.htm,https://www.sec.gov/Archives/edgar/data/813672/000081367224000188/cfocommentary10282024ex9902.htm,ee0bf4b442c2570812d8d4faf0814374670ddedaf82a8b0eb6bf357a2313726e,EPS,FY2024,NON_GAAP,NOT_APPLICABLE,USD_PER_SHARE,5.87,5.93,5.9,CURRENT_GUIDANCE_RANGE,AS_REPORTED,HTML_TABLE_GRID,0,CURRENT_CANDIDATE,CURRENT_GUIDANCE_RANGE,8,33,18,Non-GAAP EPS | Non-GAAP EPS | Non-GAAP EPS | $ | 5.15,"Current | FY 2024E | 80% - 85% | $4,610 - $4,650 | 13% - 14% | ~70% | 29% - 30% | 42% - 43% | $40 - $50 | $(25) - $(35) | ~27% | 16.5% | 273 - 275 | $3.70 - $3.76 | (3)% - (2)%",Fiscal Year 2024 Financial Outlook | Non-GAAP EPS | Non-GAAP EPS | Non-GAAP EPS | $ | 5.15 | | | | | $5.77 - $5.97 | $5.77 - $5.97 | $5.77 - $5.97 | | | | | | | $5.87 - $5.93 | $5.87 - $5.93 | $5.87 - $5.93 | | |,V9_SEVEN_GRAMMAR_CORRECTED_NOT_SOURCE_REVIEWED,,,51a5fdf2e7ff7815589df0b7b108377c921ccdcd5d7b9a1710f3816dd9af1415
MSCI,0001408198,0001408198-24-000165,2024-10-29T10:55:53.000Z,earningsrelease-20240930xf.htm,https://www.sec.gov/Archives/edgar/data/1408198/000140819824000165/earningsrelease-20240930xf.htm,7fc51f7a8e488f627632860238fcced9ed0a98cbf91e71265e2b46b019837f96,CAPEX,FY2024,NOT_APPLICABLE,NOT_APPLICABLE,USD,105000000,115000000,110000000,CURRENT_GUIDANCE_RANGE,AS_REPORTED,HTML_TABLE_GRID,0,CURRENT_CANDIDATE,CURRENT_GUIDANCE_RANGE,5,7,3,Capital Expenditures | Capital Expenditures | Capital Expenditures,"Current Guidance for Full-Year 2024 | $1,305 to $1,345 million | $1,130 to $1,160 million | $183 to $186 million | $175 to $185 million | 18.0% to 19.5%",| Capital Expenditures | Capital Expenditures | Capital Expenditures | $105 to $115 million | $105 to $115 million | $105 to $115 million | $95 to $105 million | $95 to $105 million | $95 to $105 million,V9_SEVEN_GRAMMAR_CORRECTED_NOT_SOURCE_REVIEWED,,,86a2db5b810a5df628f5d7696e98adb3ab357f3377aabf054631fbd7c91dcb1d
MSCI,0001408198,0001408198-24-000165,2024-10-29T10:55:53.000Z,earningsrelease-20240930xf.htm,https://www.sec.gov/Archives/edgar/data/1408198/000140819824000165/earningsrelease-20240930xf.htm,7fc51f7a8e488f627632860238fcced9ed0a98cbf91e71265e2b46b019837f96,FREE_CASH_FLOW,FY2024,NON_GAAP,NOT_APPLICABLE,USD,1305000000,1365000000,1335000000,CURRENT_GUIDANCE_RANGE,AS_REPORTED,HTML_TABLE_GRID,0,CURRENT_CANDIDATE,CURRENT_GUIDANCE_RANGE,5,9,3,Free Cash Flow | Free Cash Flow | Free Cash Flow,"Current Guidance for Full-Year 2024 | $1,305 to $1,345 million | $1,130 to $1,160 million | $183 to $186 million | $175 to $185 million | 18.0% to 19.5% | $105 to $115 million | $1,420 to $1,470 million","| Free Cash Flow | Free Cash Flow | Free Cash Flow | $1,305 to $1,365 million | $1,305 to $1,365 million | $1,305 to $1,365 million | $1,225 to $1,285 million | $1,225 to $1,285 million | $1,225 to $1,285 million",V9_SEVEN_GRAMMAR_CORRECTED_NOT_SOURCE_REVIEWED,,,750d3d2769092180ba5ad36a8986c9e66dbf5ec589cbf8fcd6209af35e7f332c
MSCI,0001408198,0001408198-25-000109,2025-04-22T10:45:56.000Z,earningsrelease-20250331xf.htm,https://www.sec.gov/Archives/edgar/data/1408198/000140819825000109/earningsrelease-20250331xf.htm,e47699f0db268b3a67e341df97547507d8a42faf55ecddf60d0f269847669634,CAPEX,FY2025,NOT_APPLICABLE,NOT_APPLICABLE,USD,115000000,125000000,120000000,CURRENT_GUIDANCE_RANGE,AS_REPORTED,HTML_TABLE_GRID,0,CURRENT_CANDIDATE,CURRENT_GUIDANCE_RANGE,10,7,3,Capital Expenditures | Capital Expenditures | Capital Expenditures,"Current Guidance for Full-Year 2025 | $1,405 to $1,445 million | $1,220 to $1,250 million | $182 to $186 million | $185 to $195 million | 17.5% to 20.0%",| Capital Expenditures | Capital Expenditures | Capital Expenditures | $115 to $125 million | $115 to $125 million | $115 to $125 million,V9_SEVEN_GRAMMAR_CORRECTED_NOT_SOURCE_REVIEWED,,,e267d0fa246323d9d713c8f4a5e469627f585e1e1c51a5f0ba9cc307c82effdf
MSCI,0001408198,0001408198-25-000109,2025-04-22T10:45:56.000Z,earningsrelease-20250331xf.htm,https://www.sec.gov/Archives/edgar/data/1408198/000140819825000109/earningsrelease-20250331xf.htm,e47699f0db268b3a67e341df97547507d8a42faf55ecddf60d0f269847669634,FREE_CASH_FLOW,FY2025,NON_GAAP,NOT_APPLICABLE,USD,1400000000,1460000000,1430000000,CURRENT_GUIDANCE_RANGE,AS_REPORTED,HTML_TABLE_GRID,0,CURRENT_CANDIDATE,CURRENT_GUIDANCE_RANGE,10,9,3,Free Cash Flow | Free Cash Flow | Free Cash Flow,"Current Guidance for Full-Year 2025 | $1,405 to $1,445 million | $1,220 to $1,250 million | $182 to $186 million | $185 to $195 million | 17.5% to 20.0% | $115 to $125 million | $1,525 to $1,575 million","| Free Cash Flow | Free Cash Flow | Free Cash Flow | $1,400 to $1,460 million | $1,400 to $1,460 million | $1,400 to $1,460 million",V9_SEVEN_GRAMMAR_CORRECTED_NOT_SOURCE_REVIEWED,,,d6f26c294d4e7adeefb4802694d7b33437aeb3a825ae542a87a69f4203139bf0
MCO,0001059556,0001059556-25-000117,2025-04-22T10:57:52.000Z,a1q25earningsrelease.htm,https://www.sec.gov/Archives/edgar/data/1059556/000105955625000117/a1q25earningsrelease.htm,01bfbd38554dc6527f4e595ae92caf6d310a4919fb4598108f501da8db5e6380,MARGIN,FY2025,UNSPECIFIED,NOT_APPLICABLE,PERCENT,42,43,42.5,CURRENT_GUIDANCE_RANGE,AS_REPORTED,HTML_TABLE_GRID,0,CURRENT_CANDIDATE,CURRENT_GUIDANCE_RANGE,46,5,6,Operating Margin | Operating Margin | Operating Margin | Approximately 43% | Approximately 43% | Approximately 43%,"Full Year 2025 Moody's Corporation Guidance as of April 22, 2025 | Current Guidance | Increase in the mid-single-digit percent range | NC",| Operating Margin | Operating Margin | Operating Margin | Approximately 43% | Approximately 43% | Approximately 43% | 42% to 43% | 42% to 43% | 42% to 43%,V9_SEVEN_GRAMMAR_CORRECTED_NOT_SOURCE_REVIEWED,,,1c19b117a80fcb81784e82cd2d2e68cc77bd3abfd8eb7c9ab5cda3e0a9cceaa8
MCO,0001059556,0001059556-25-000117,2025-04-22T10:57:52.000Z,a1q25earningsrelease.htm,https://www.sec.gov/Archives/edgar/data/1059556/000105955625000117/a1q25earningsrelease.htm,01bfbd38554dc6527f4e595ae92caf6d310a4919fb4598108f501da8db5e6380,MARGIN,FY2025,NON_GAAP,NOT_APPLICABLE,PERCENT,49,50,49.5,CURRENT_GUIDANCE_RANGE,AS_REPORTED,HTML_TABLE_GRID,0,CURRENT_CANDIDATE,CURRENT_GUIDANCE_RANGE,46,6,6,Adjusted Operating Margin (1) | Adjusted Operating Margin (1) | Adjusted Operating Margin (1) | Approximately 50% | Approximately 50% | Approximately 50%,"Full Year 2025 Moody's Corporation Guidance as of April 22, 2025 | Current Guidance | Increase in the mid-single-digit percent range | NC | 42% to 43%",| Adjusted Operating Margin (1) | Adjusted Operating Margin (1) | Adjusted Operating Margin (1) | Approximately 50% | Approximately 50% | Approximately 50% | 49% to 50% | 49% to 50% | 49% to 50%,V9_SEVEN_GRAMMAR_CORRECTED_NOT_SOURCE_REVIEWED,,,1c19b117a80fcb81784e82cd2d2e68cc77bd3abfd8eb7c9ab5cda3e0a9cceaa8
MCO,0001059556,0001059556-25-000117,2025-04-22T10:57:52.000Z,a1q25earningsrelease.htm,https://www.sec.gov/Archives/edgar/data/1059556/000105955625000117/a1q25earningsrelease.htm,01bfbd38554dc6527f4e595ae92caf6d310a4919fb4598108f501da8db5e6380,EPS,FY2025,UNSPECIFIED,NOT_APPLICABLE,USD_PER_SHARE,12,12.75,12.375,CURRENT_GUIDANCE_RANGE,AS_REPORTED,HTML_TABLE_GRID,0,CURRENT_CANDIDATE,CURRENT_GUIDANCE_RANGE,46,9,6,Diluted EPS | Diluted EPS | Diluted EPS,"Full Year 2025 Moody's Corporation Guidance as of April 22, 2025 | Current Guidance | Increase in the mid-single-digit percent range | NC | 42% to 43% | 49% to 50%",| Diluted EPS | Diluted EPS | Diluted EPS | $12.75 to $13.25 | $12.75 to $13.25 | $12.75 to $13.25 | $12.00 to $12.75 | $12.00 to $12.75 | $12.00 to $12.75,V9_SEVEN_GRAMMAR_CORRECTED_NOT_SOURCE_REVIEWED,,,d2884cf2712141d0b177405f98c43136f5b5dd70203072d95727c4d9e98b2397
MCO,0001059556,0001059556-25-000117,2025-04-22T10:57:52.000Z,a1q25earningsrelease.htm,https://www.sec.gov/Archives/edgar/data/1059556/000105955625000117/a1q25earningsrelease.htm,01bfbd38554dc6527f4e595ae92caf6d310a4919fb4598108f501da8db5e6380,EPS,FY2025,NON_GAAP,NOT_APPLICABLE,USD_PER_SHARE,13.25,14,13.625,CURRENT_GUIDANCE_RANGE,AS_REPORTED,HTML_TABLE_GRID,0,CURRENT_CANDIDATE,CURRENT_GUIDANCE_RANGE,46,10,6,Adjusted Diluted EPS (1) | Adjusted Diluted EPS (1) | Adjusted Diluted EPS (1),"Full Year 2025 Moody's Corporation Guidance as of April 22, 2025 | Current Guidance | Increase in the mid-single-digit percent range | NC | 42% to 43% | 49% to 50% | $12.00 to $12.75",| Adjusted Diluted EPS (1) | Adjusted Diluted EPS (1) | Adjusted Diluted EPS (1) | $14.00 to $14.50 | $14.00 to $14.50 | $14.00 to $14.50 | $13.25 to $14.00 | $13.25 to $14.00 | $13.25 to $14.00,V9_SEVEN_GRAMMAR_CORRECTED_NOT_SOURCE_REVIEWED,,,d2884cf2712141d0b177405f98c43136f5b5dd70203072d95727c4d9e98b2397
MCO,0001059556,0001059556-25-000117,2025-04-22T10:57:52.000Z,a1q25earningsrelease.htm,https://www.sec.gov/Archives/edgar/data/1059556/000105955625000117/a1q25earningsrelease.htm,01bfbd38554dc6527f4e595ae92caf6d310a4919fb4598108f501da8db5e6380,FREE_CASH_FLOW,FY2025,NON_GAAP,NOT_APPLICABLE,USD,2300000000,2500000000,2400000000,CURRENT_GUIDANCE_RANGE,AS_REPORTED,HTML_TABLE_GRID,0,CURRENT_CANDIDATE,CURRENT_GUIDANCE_RANGE,46,12,6,Free Cash Flow (1) | Free Cash Flow (1) | Free Cash Flow (1),"Full Year 2025 Moody's Corporation Guidance as of April 22, 2025 | Current Guidance | Increase in the mid-single-digit percent range | NC | 42% to 43% | 49% to 50% | $12.00 to $12.75 | $13.25 to $14.00 | $2.65 to $2.85 billion",| Free Cash Flow (1) | Free Cash Flow (1) | Free Cash Flow (1) | $2.40 to $2.60 billion | $2.40 to $2.60 billion | $2.40 to $2.60 billion | $2.30 to $2.50 billion | $2.30 to $2.50 billion | $2.30 to $2.50 billion,V9_SEVEN_GRAMMAR_CORRECTED_NOT_SOURCE_REVIEWED,,,4a95f6f83da510f39d350a952545719916dff229f79666ab53867be3ee9cb913
MCO,0001059556,0001059556-25-000117,2025-04-22T10:57:52.000Z,a1q25earningsrelease.htm,https://www.sec.gov/Archives/edgar/data/1059556/000105955625000117/a1q25earningsrelease.htm,01bfbd38554dc6527f4e595ae92caf6d310a4919fb4598108f501da8db5e6380,MARGIN,FY2025,NON_GAAP,NOT_APPLICABLE,PERCENT,32,33,32.5,CURRENT_GUIDANCE_RANGE,AS_REPORTED,HTML_TABLE_GRID,0,CURRENT_CANDIDATE,CURRENT_GUIDANCE_RANGE,46,17,3,MA Adjusted Operating Margin | MA Adjusted Operating Margin | MA Adjusted Operating Margin,"Full Year 2025 Moody's Corporation Guidance as of April 22, 2025 | Last Publicly Disclosed Guidance | Increase in the high-single-digit percent range | Increase in the low-to-mid-single-digit percent range | Approximately 43% | Approximately 50% | $220 million to $240 million | 23% to 25% | $12.75 to $13.25 | $14.00 to $14.50 | $2.75 to $2.95 billion | $2.40 to $2.60 billion | At least $1.3 billion(subject to available cash, market conditions, M&A opportunitiesand other ongoing capital allocatio",| MA Adjusted Operating Margin | MA Adjusted Operating Margin | MA Adjusted Operating Margin | 32% to 33% | 32% to 33% | 32% to 33% | NC | NC | NC,V9_SEVEN_GRAMMAR_CORRECTED_NOT_SOURCE_REVIEWED,,,1c19b117a80fcb81784e82cd2d2e68cc77bd3abfd8eb7c9ab5cda3e0a9cceaa8
MCO,0001059556,0001059556-25-000117,2025-04-22T10:57:52.000Z,a1q25earningsrelease.htm,https://www.sec.gov/Archives/edgar/data/1059556/000105955625000117/a1q25earningsrelease.htm,01bfbd38554dc6527f4e595ae92caf6d310a4919fb4598108f501da8db5e6380,MARGIN,FY2025,NON_GAAP,NOT_APPLICABLE,PERCENT,61,62,61.5,CURRENT_GUIDANCE_RANGE,AS_REPORTED,HTML_TABLE_GRID,0,CURRENT_CANDIDATE,CURRENT_GUIDANCE_RANGE,46,20,6,MIS Adjusted Operating Margin | MIS Adjusted Operating Margin | MIS Adjusted Operating Margin,"Full Year 2025 Moody's Corporation Guidance as of April 22, 2025 | Current Guidance | Increase in the mid-single-digit percent range | NC | 42% to 43% | 49% to 50% | $12.00 to $12.75 | $13.25 to $14.00 | $2.65 to $2.85 billion | $2.30 to $2.50 billion | Increase in the high-single-digit percent range | Flat to increase in the mid-single-digit percent range",| MIS Adjusted Operating Margin | MIS Adjusted Operating Margin | MIS Adjusted Operating Margin | 62% to 63% | 62% to 63% | 62% to 63% | 61% to 62% | 61% to 62% | 61% to 62%,V9_SEVEN_GRAMMAR_CORRECTED_NOT_SOURCE_REVIEWED,,,1c19b117a80fcb81784e82cd2d2e68cc77bd3abfd8eb7c9ab5cda3e0a9cceaa8
CDNS,0000813672,0000813672-25-000046,2025-04-28T20:03:44.000Z,cfocommentary4282025ex9902.htm,https://www.sec.gov/Archives/edgar/data/813672/000081367225000046/cfocommentary4282025ex9902.htm,aff54eb430bdba3ead311c1dd45558ce13ed124b839f218ba9beb50596ff1abe,MARGIN,FY2025,GAAP,NOT_APPLICABLE,PERCENT,30.25,31.25,30.75,CURRENT_GUIDANCE_RANGE,AS_REPORTED,HTML_TABLE_GRID,0,CURRENT_CANDIDATE,CURRENT_GUIDANCE_RANGE,8,16,18,GAAP Operating Margin | GAAP Operating Margin | GAAP Operating Margin | 29.1% | 29.1% | 29.1%,"Current | FY 2025E | ~80% | $5,150 - $5,230 | 11% - 13% | ~70%",Fiscal Year 2025 Financial Outlook | GAAP Operating Margin | GAAP Operating Margin | GAAP Operating Margin | 29.1% | 29.1% | 29.1% | | | | 30.25% - 31.25% | 30.25% - 31.25% | 30.25% - 31.25% | | | | | | | 30.25% - 31.25% | 30.25% - 31.25% | 30.25% - 31.25% | | |,V9_SEVEN_GRAMMAR_CORRECTED_NOT_SOURCE_REVIEWED,,,b54c7b2f5e4f2b4d0cdc4bda1ba56b6c199aecb5ae7c26f73301a9ed5894560b
CDNS,0000813672,0000813672-25-000046,2025-04-28T20:03:44.000Z,cfocommentary4282025ex9902.htm,https://www.sec.gov/Archives/edgar/data/813672/000081367225000046/cfocommentary4282025ex9902.htm,aff54eb430bdba3ead311c1dd45558ce13ed124b839f218ba9beb50596ff1abe,MARGIN,FY2025,NON_GAAP,NOT_APPLICABLE,PERCENT,43.25,44.25,43.75,CURRENT_GUIDANCE_RANGE,AS_REPORTED,HTML_TABLE_GRID,0,CURRENT_CANDIDATE,CURRENT_GUIDANCE_RANGE,8,18,18,Non-GAAP Operating Margin | Non-GAAP Operating Margin | Non-GAAP Operating Margin | 42.5% | 42.5% | 42.5%,"Current | FY 2025E | ~80% | $5,150 - $5,230 | 11% - 13% | ~70% | 30.25% - 31.25%",Fiscal Year 2025 Financial Outlook | Non-GAAP Operating Margin | Non-GAAP Operating Margin | Non-GAAP Operating Margin | 42.5% | 42.5% | 42.5% | | | | 43.25% - 44.25% | 43.25% - 44.25% | 43.25% - 44.25% | | | | | | | 43.25% - 44.25% | 43.25% - 44.25% | 43.25% - 44.25% | | |,V9_SEVEN_GRAMMAR_CORRECTED_NOT_SOURCE_REVIEWED,,,b54c7b2f5e4f2b4d0cdc4bda1ba56b6c199aecb5ae7c26f73301a9ed5894560b
CDNS,0000813672,0000813672-25-000046,2025-04-28T20:03:44.000Z,cfocommentary4282025ex9902.htm,https://www.sec.gov/Archives/edgar/data/813672/000081367225000046/cfocommentary4282025ex9902.htm,aff54eb430bdba3ead311c1dd45558ce13ed124b839f218ba9beb50596ff1abe,EPS,FY2025,GAAP,NOT_APPLICABLE,USD_PER_SHARE,4.21,4.31,4.26,CURRENT_GUIDANCE_RANGE,AS_REPORTED,HTML_TABLE_GRID,0,CURRENT_CANDIDATE,CURRENT_GUIDANCE_RANGE,8,30,18,GAAP EPS | GAAP EPS | GAAP EPS | $ | 3.85,"Current | FY 2025E | ~80% | $5,150 - $5,230 | 11% - 13% | ~70% | 30.25% - 31.25% | 43.25% - 44.25% | $(43) - $(57) | $(40) - $(54) | ~26% | 16.5% | 273 - 275",Fiscal Year 2025 Financial Outlook | GAAP EPS | GAAP EPS | GAAP EPS | $ | 3.85 | | | | | $4.19 - $4.29 | $4.19 - $4.29 | $4.19 - $4.29 | | | | | | | $4.21 - $4.31 | $4.21 - $4.31 | $4.21 - $4.31 | | |,V9_SEVEN_GRAMMAR_CORRECTED_NOT_SOURCE_REVIEWED,,,607ef0aace847acc5b3113a626a502f3bafbcab1b803d651dc9cc747e55f3acc
CDNS,0000813672,0000813672-25-000046,2025-04-28T20:03:44.000Z,cfocommentary4282025ex9902.htm,https://www.sec.gov/Archives/edgar/data/813672/000081367225000046/cfocommentary4282025ex9902.htm,aff54eb430bdba3ead311c1dd45558ce13ed124b839f218ba9beb50596ff1abe,EPS,FY2025,NON_GAAP,NOT_APPLICABLE,USD_PER_SHARE,6.73,6.83,6.78,CURRENT_GUIDANCE_RANGE,AS_REPORTED,HTML_TABLE_GRID,0,CURRENT_CANDIDATE,CURRENT_GUIDANCE_RANGE,8,33,18,Non-GAAP EPS | Non-GAAP EPS | Non-GAAP EPS | $ | 5.97,"Current | FY 2025E | ~80% | $5,150 - $5,230 | 11% - 13% | ~70% | 30.25% - 31.25% | 43.25% - 44.25% | $(43) - $(57) | $(40) - $(54) | ~26% | 16.5% | 273 - 275 | $4.21 - $4.31 | 9% - 12%",Fiscal Year 2025 Financial Outlook | Non-GAAP EPS | Non-GAAP EPS | Non-GAAP EPS | $ | 5.97 | | | | | $6.65 - $6.75 | $6.65 - $6.75 | $6.65 - $6.75 | | | | | | | $6.73 - $6.83 | $6.73 - $6.83 | $6.73 - $6.83 | | |,V9_SEVEN_GRAMMAR_CORRECTED_NOT_SOURCE_REVIEWED,,,607ef0aace847acc5b3113a626a502f3bafbcab1b803d651dc9cc747e55f3acc
HST,0001070750,0001070750-25-000094,2025-04-30T20:37:11.000Z,hst-ex991.htm,https://www.sec.gov/Archives/edgar/data/1070750/000107075025000094/hst-ex991.htm,0bb962306afe62770c513fe1af76f7582104cb0031f6326684872e18c2ead470,MARGIN,FY2025,UNSPECIFIED,NOT_APPLICABLE,PERCENT,27.7,28.3,28,CURRENT_GUIDANCE_RANGE,AS_REPORTED,HTML_TABLE_GRID,0,CURRENT_CANDIDATE,CURRENT_GUIDANCE_RANGE,7,6,3,Comparable hotel EBITDA margin | Comparable hotel EBITDA margin | Comparable hotel EBITDA margin,"Current Full Year 2025 Guidance | $366 to $374 | $221 to $225 | $5,987 to $6,104 | 12.2% to 13.1%",| Comparable hotel EBITDA margin | Comparable hotel EBITDA margin | Comparable hotel EBITDA margin | 27.7% to 28.3% | 27.7% to 28.3% | 27.7% to 28.3% | | | | (160) bps to (100) bps | (160) bps to (100) bps | (160) bps to (100) bps | | | | (210) bps to (150) bps | (210) bps to (150) bps | (210) bps to (150) bps | | | | 50 bps | 50 bps | 50 bps,V9_SEVEN_GRAMMAR_CORRECTED_NOT_SOURCE_REVIEWED,,,502644f20ffabbc41e535f3f88c0612b8f24b6ce563286c82fae45b28700f058
MSCI,0001408198,0001408198-25-000175,2025-07-22T10:46:08.000Z,exhibit991earningsrelease-.htm,https://www.sec.gov/Archives/edgar/data/1408198/000140819825000175/exhibit991earningsrelease-.htm,434dd7eb3438ef8418ab1d384c443e88161453b4087b07ef64d17bda4b6b6c23,CAPEX,FY2025,NOT_APPLICABLE,NOT_APPLICABLE,USD,115000000,125000000,120000000,CURRENT_GUIDANCE_RANGE,AS_REPORTED,HTML_TABLE_GRID,0,CURRENT_CANDIDATE,CURRENT_GUIDANCE_RANGE,5,7,3,Capital Expenditures | Capital Expenditures | Capital Expenditures,"Current Guidance for Full-Year 2025 | $1,405 to $1,445 million | $1,220 to $1,250 million | $182 to $186 million | $185 to $195 million | 17.5% to 20.0%",| Capital Expenditures | Capital Expenditures | Capital Expenditures | $115 to $125 million | $115 to $125 million | $115 to $125 million | | |,V9_SEVEN_GRAMMAR_CORRECTED_NOT_SOURCE_REVIEWED,,,e97b8b962fd65b769fb74e1b7089b61cd9495a95f8427d38d5b4aa3da2d5e2e1
MSCI,0001408198,0001408198-25-000175,2025-07-22T10:46:08.000Z,exhibit991earningsrelease-.htm,https://www.sec.gov/Archives/edgar/data/1408198/000140819825000175/exhibit991earningsrelease-.htm,434dd7eb3438ef8418ab1d384c443e88161453b4087b07ef64d17bda4b6b6c23,FREE_CASH_FLOW,FY2025,NON_GAAP,NOT_APPLICABLE,USD,1400000000,1460000000,1430000000,CURRENT_GUIDANCE_RANGE,AS_REPORTED,HTML_TABLE_GRID,0,CURRENT_CANDIDATE,CURRENT_GUIDANCE_RANGE,5,9,3,Free Cash Flow | Free Cash Flow | Free Cash Flow,"Current Guidance for Full-Year 2025 | $1,405 to $1,445 million | $1,220 to $1,250 million | $182 to $186 million | $185 to $195 million | 17.5% to 20.0% | $115 to $125 million | $1,525 to $1,575 million","| Free Cash Flow | Free Cash Flow | Free Cash Flow | $1,400 to $1,460 million | $1,400 to $1,460 million | $1,400 to $1,460 million | | |",V9_SEVEN_GRAMMAR_CORRECTED_NOT_SOURCE_REVIEWED,,,ac4037ef39aa40712340db95611e2bac72cdd57a0bad40a777462b344dd8c8ef
CDNS,0000813672,0000813672-25-000108,2025-07-28T20:03:12.000Z,cfocommentary7282025ex9902.htm,https://www.sec.gov/Archives/edgar/data/813672/000081367225000108/cfocommentary7282025ex9902.htm,19798f71b8a40e72cfe9984d5ad9121a97557f89b4a92ce3c17b9040b5e7d501,MARGIN,FY2025,GAAP,NOT_APPLICABLE,PERCENT,28.5,29.5,29,CURRENT_GUIDANCE_RANGE,AS_REPORTED,HTML_TABLE_GRID,0,CURRENT_CANDIDATE,CURRENT_GUIDANCE_RANGE,8,16,18,GAAP Operating Margin | GAAP Operating Margin | GAAP Operating Margin | 29.1% | 29.1% | 29.1%,"Current | FY 2025E | ~80% | $5,210 - $5,270 | 12% - 14% | ~70%",Fiscal Year 2025 Financial Outlook | GAAP Operating Margin | GAAP Operating Margin | GAAP Operating Margin | 29.1% | 29.1% | 29.1% | | | | 30.25% - 31.25% | 30.25% - 31.25% | 30.25% - 31.25% | | | | | | | 28.5% - 29.5% | 28.5% - 29.5% | 28.5% - 29.5% | | |,V9_SEVEN_GRAMMAR_CORRECTED_NOT_SOURCE_REVIEWED,,,bc3cc9bd89f346c528c7575bdc93707e662e2e402fe0f3ac09e14c05fb52cfcf
CDNS,0000813672,0000813672-25-000108,2025-07-28T20:03:12.000Z,cfocommentary7282025ex9902.htm,https://www.sec.gov/Archives/edgar/data/813672/000081367225000108/cfocommentary7282025ex9902.htm,19798f71b8a40e72cfe9984d5ad9121a97557f89b4a92ce3c17b9040b5e7d501,MARGIN,FY2025,NON_GAAP,NOT_APPLICABLE,PERCENT,43.5,44.5,44,CURRENT_GUIDANCE_RANGE,AS_REPORTED,HTML_TABLE_GRID,0,CURRENT_CANDIDATE,CURRENT_GUIDANCE_RANGE,8,18,18,Non-GAAP Operating Margin | Non-GAAP Operating Margin | Non-GAAP Operating Margin | 42.5% | 42.5% | 42.5%,"Current | FY 2025E | ~80% | $5,210 - $5,270 | 12% - 14% | ~70% | 28.5% - 29.5%",Fiscal Year 2025 Financial Outlook | Non-GAAP Operating Margin | Non-GAAP Operating Margin | Non-GAAP Operating Margin | 42.5% | 42.5% | 42.5% | | | | 43.25% - 44.25% | 43.25% - 44.25% | 43.25% - 44.25% | | | | | | | 43.5% - 44.5% | 43.5% - 44.5% | 43.5% - 44.5% | | |,V9_SEVEN_GRAMMAR_CORRECTED_NOT_SOURCE_REVIEWED,,,bc3cc9bd89f346c528c7575bdc93707e662e2e402fe0f3ac09e14c05fb52cfcf
CDNS,0000813672,0000813672-25-000108,2025-07-28T20:03:12.000Z,cfocommentary7282025ex9902.htm,https://www.sec.gov/Archives/edgar/data/813672/000081367225000108/cfocommentary7282025ex9902.htm,19798f71b8a40e72cfe9984d5ad9121a97557f89b4a92ce3c17b9040b5e7d501,EPS,FY2025,GAAP,NOT_APPLICABLE,USD_PER_SHARE,3.97,4.07,4.02,CURRENT_GUIDANCE_RANGE,AS_REPORTED,HTML_TABLE_GRID,0,CURRENT_CANDIDATE,CURRENT_GUIDANCE_RANGE,8,30,18,GAAP EPS | GAAP EPS | GAAP EPS | $ | 3.85,"Current | FY 2025E | ~80% | $5,210 - $5,270 | 12% - 14% | ~70% | 28.5% - 29.5% | 43.5% - 44.5% | $(9) - $11 | $(52) - $(32) | ~28% | 16.5% | 273 - 275",Fiscal Year 2025 Financial Outlook | GAAP EPS | GAAP EPS | GAAP EPS | $ | 3.85 | | | | | $4.21 - $4.31 | $4.21 - $4.31 | $4.21 - $4.31 | | | | | | | $3.97 - $4.07 | $3.97 - $4.07 | $3.97 - $4.07 | | |,V9_SEVEN_GRAMMAR_CORRECTED_NOT_SOURCE_REVIEWED,,,821601f947c0c17c97605b475c4565d174b1ee05e374fa674db91f17eb82d618
CDNS,0000813672,0000813672-25-000108,2025-07-28T20:03:12.000Z,cfocommentary7282025ex9902.htm,https://www.sec.gov/Archives/edgar/data/813672/000081367225000108/cfocommentary7282025ex9902.htm,19798f71b8a40e72cfe9984d5ad9121a97557f89b4a92ce3c17b9040b5e7d501,EPS,FY2025,NON_GAAP,NOT_APPLICABLE,USD_PER_SHARE,6.85,6.95,6.9,CURRENT_GUIDANCE_RANGE,AS_REPORTED,HTML_TABLE_GRID,0,CURRENT_CANDIDATE,CURRENT_GUIDANCE_RANGE,8,33,18,Non-GAAP EPS | Non-GAAP EPS | Non-GAAP EPS | $ | 5.97,"Current | FY 2025E | ~80% | $5,210 - $5,270 | 12% - 14% | ~70% | 28.5% - 29.5% | 43.5% - 44.5% | $(9) - $11 | $(52) - $(32) | ~28% | 16.5% | 273 - 275 | $3.97 - $4.07 | 3% - 6%",Fiscal Year 2025 Financial Outlook | Non-GAAP EPS | Non-GAAP EPS | Non-GAAP EPS | $ | 5.97 | | | | | $6.73 - $6.83 | $6.73 - $6.83 | $6.73 - $6.83 | | | | | | | $6.85 - $6.95 | $6.85 - $6.95 | $6.85 - $6.95 | | |,V9_SEVEN_GRAMMAR_CORRECTED_NOT_SOURCE_REVIEWED,,,821601f947c0c17c97605b475c4565d174b1ee05e374fa674db91f17eb82d618
HST,0001070750,0001070750-25-000136,2025-07-30T20:35:43.000Z,hst-ex991.htm,https://www.sec.gov/Archives/edgar/data/1070750/000107075025000136/hst-ex991.htm,5905c6f3f6063ad733ab86cf18fd1ef64d4908802975040d80f92bc547a624e8,MARGIN,FY2025,UNSPECIFIED,NOT_APPLICABLE,PERCENT,28.4,28.7,28.55,CURRENT_GUIDANCE_RANGE,AS_REPORTED,HTML_TABLE_GRID,0,CURRENT_CANDIDATE,CURRENT_GUIDANCE_RANGE,9,6,3,Comparable hotel EBITDA margin | Comparable hotel EBITDA margin | Comparable hotel EBITDA margin,"Current Full Year 2025 Guidance | $373 to $377 | $224 to $226 | $6,054 to $6,109 | 13.3% to 13.7%",| Comparable hotel EBITDA margin | Comparable hotel EBITDA margin | Comparable hotel EBITDA margin | 28.4% to 28.7% | 28.4% to 28.7% | 28.4% to 28.7% | | | | (90) bps to (60) bps | (90) bps to (60) bps | (90) bps to (60) bps | | | | (160) bps to (100) bps | (160) bps to (100) bps | (160) bps to (100) bps | | | | 60 bps | 60 bps | 60 bps,V9_SEVEN_GRAMMAR_CORRECTED_NOT_SOURCE_REVIEWED,,,767a438a8a05dba9534fdbbfc947e9cd4c08ec6d0afcf02192d21412a6d9ba6d
CDNS,0000813672,0000813672-25-000144,2025-10-27T20:03:04.000Z,cfocommentary10272025ex9902.htm,https://www.sec.gov/Archives/edgar/data/813672/000081367225000144/cfocommentary10272025ex9902.htm,78f9b7d3e5119b8abc262bb79c127d7a452de82f3764e92251fe93952fcbc598,MARGIN,FY2025,GAAP,NOT_APPLICABLE,PERCENT,27.9,28.9,28.4,CURRENT_GUIDANCE_RANGE,AS_REPORTED,HTML_TABLE_GRID,0,CURRENT_CANDIDATE,CURRENT_GUIDANCE_RANGE,8,16,18,GAAP Operating Margin | GAAP Operating Margin | GAAP Operating Margin | 29.1% | 29.1% | 29.1%,"Current | FY 2025E | ~80% | $5,262 - $5,292 | 13% - 14% | ~70%",Fiscal Year 2025 Financial Outlook | GAAP Operating Margin | GAAP Operating Margin | GAAP Operating Margin | 29.1% | 29.1% | 29.1% | | | | 28.5% - 29.5% | 28.5% - 29.5% | 28.5% - 29.5% | | | | | | | 27.9% - 28.9% | 27.9% - 28.9% | 27.9% - 28.9% | | |,V9_SEVEN_GRAMMAR_CORRECTED_NOT_SOURCE_REVIEWED,,,4f141a0a88764ece132a10a5717124578f49befd482c72fba4db3e5542bd4680
CDNS,0000813672,0000813672-25-000144,2025-10-27T20:03:04.000Z,cfocommentary10272025ex9902.htm,https://www.sec.gov/Archives/edgar/data/813672/000081367225000144/cfocommentary10272025ex9902.htm,78f9b7d3e5119b8abc262bb79c127d7a452de82f3764e92251fe93952fcbc598,MARGIN,FY2025,NON_GAAP,NOT_APPLICABLE,PERCENT,43.9,44.9,44.4,CURRENT_GUIDANCE_RANGE,AS_REPORTED,HTML_TABLE_GRID,0,CURRENT_CANDIDATE,CURRENT_GUIDANCE_RANGE,8,18,18,Non-GAAP Operating Margin | Non-GAAP Operating Margin | Non-GAAP Operating Margin | 42.5% | 42.5% | 42.5%,"Current | FY 2025E | ~80% | $5,262 - $5,292 | 13% - 14% | ~70% | 27.9% - 28.9%",Fiscal Year 2025 Financial Outlook | Non-GAAP Operating Margin | Non-GAAP Operating Margin | Non-GAAP Operating Margin | 42.5% | 42.5% | 42.5% | | | | 43.5% - 44.5% | 43.5% - 44.5% | 43.5% - 44.5% | | | | | | | 43.9% - 44.9% | 43.9% - 44.9% | 43.9% - 44.9% | | |,V9_SEVEN_GRAMMAR_CORRECTED_NOT_SOURCE_REVIEWED,,,4f141a0a88764ece132a10a5717124578f49befd482c72fba4db3e5542bd4680
CDNS,0000813672,0000813672-25-000144,2025-10-27T20:03:04.000Z,cfocommentary10272025ex9902.htm,https://www.sec.gov/Archives/edgar/data/813672/000081367225000144/cfocommentary10272025ex9902.htm,78f9b7d3e5119b8abc262bb79c127d7a452de82f3764e92251fe93952fcbc598,EPS,FY2025,GAAP,NOT_APPLICABLE,USD_PER_SHARE,3.8,3.86,3.83,CURRENT_GUIDANCE_RANGE,AS_REPORTED,HTML_TABLE_GRID,0,CURRENT_CANDIDATE,CURRENT_GUIDANCE_RANGE,8,30,18,GAAP EPS | GAAP EPS | GAAP EPS | $ | 3.85,"Current | FY 2025E | ~80% | $5,262 - $5,292 | 13% - 14% | ~70% | 27.9% - 28.9% | 43.9% - 44.9% | $(18) - $(10) | $(33) - $(25) | ~29% | 16.5% | 273 - 275",Fiscal Year 2025 Financial Outlook | GAAP EPS | GAAP EPS | GAAP EPS | $ | 3.85 | | | | | $3.97 - $4.07 | $3.97 - $4.07 | $3.97 - $4.07 | | | | | | | $3.80 - $3.86 | $3.80 - $3.86 | $3.80 - $3.86 | | |,V9_SEVEN_GRAMMAR_CORRECTED_NOT_SOURCE_REVIEWED,,,654373b8af1f6c5d65162814556b39f16175b7b7afdc4abfd9eb167285982951
CDNS,0000813672,0000813672-25-000144,2025-10-27T20:03:04.000Z,cfocommentary10272025ex9902.htm,https://www.sec.gov/Archives/edgar/data/813672/000081367225000144/cfocommentary10272025ex9902.htm,78f9b7d3e5119b8abc262bb79c127d7a452de82f3764e92251fe93952fcbc598,EPS,FY2025,NON_GAAP,NOT_APPLICABLE,USD_PER_SHARE,7.02,7.08,7.05,CURRENT_GUIDANCE_RANGE,AS_REPORTED,HTML_TABLE_GRID,0,CURRENT_CANDIDATE,CURRENT_GUIDANCE_RANGE,8,33,18,Non-GAAP EPS | Non-GAAP EPS | Non-GAAP EPS | $ | 5.97,"Current | FY 2025E | ~80% | $5,262 - $5,292 | 13% - 14% | ~70% | 27.9% - 28.9% | 43.9% - 44.9% | $(18) - $(10) | $(33) - $(25) | ~29% | 16.5% | 273 - 275 | $3.80 - $3.86 | (1)% - 0%",Fiscal Year 2025 Financial Outlook | Non-GAAP EPS | Non-GAAP EPS | Non-GAAP EPS | $ | 5.97 | | | | | $6.85 - $6.95 | $6.85 - $6.95 | $6.85 - $6.95 | | | | | | | $7.02 - $7.08 | $7.02 - $7.08 | $7.02 - $7.08 | | |,V9_SEVEN_GRAMMAR_CORRECTED_NOT_SOURCE_REVIEWED,,,654373b8af1f6c5d65162814556b39f16175b7b7afdc4abfd9eb167285982951
GPC,0000040987,0001193125-26-053013,2026-02-17T12:09:25.000Z,d44894dex991.htm,https://www.sec.gov/Archives/edgar/data/40987/000119312526053013/d44894dex991.htm,ef5ec7129b97ef2149d3a749deb72d223bf52def773413664eea5c11b791eec0,EPS,FY2026,UNSPECIFIED,NOT_APPLICABLE,USD_PER_SHARE,6.1,6.6,6.35,CURRENT_GUIDANCE_RANGE,AS_REPORTED,HTML_TABLE_GRID,0,CURRENT_CANDIDATE,CURRENT_GUIDANCE_RANGE,1,6,2,Diluted earnings per share,Year Ended 12/31/2026 | 3% to 5.5% | 3% to 5% | 3% to 6%,"The company’s Board of Directors approved a 3.2% increase to its regular quarterly cash dividend for 2026. This increased the cash dividend payable to an annual rate of $4.25 per share from $4.12 per share in 2025. The quarterly cash dividend of $1.0625 per share is payable April 2, 2026 to shareholders of record March 6, 2026. The company has paid a cash dividend every year since going public in 1948, and 2026 marks the 70th consecutive year of increased dividends paid to shareholders. | 2026 Outlook | In consideration of several factors, the company is establishing full-year 2026 guidance. The company considered its recent business trends and financial results, current growth plans, strategic initiatives, global economic outlook, geopolitical conflicts and the potential impact on results in establishing its guidance, which is outlined in the table below. | Diluted earnings per share | | $6.10 to $6.60",V9_SEVEN_GRAMMAR_CORRECTED_NOT_SOURCE_REVIEWED,,,50a80a53b98287e91b5f3b53786146eb4feff030ebcc6471b620eb8751c457e0
GPC,0000040987,0001193125-26-053013,2026-02-17T12:09:25.000Z,d44894dex991.htm,https://www.sec.gov/Archives/edgar/data/40987/000119312526053013/d44894dex991.htm,ef5ec7129b97ef2149d3a749deb72d223bf52def773413664eea5c11b791eec0,EPS,FY2026,NON_GAAP,NOT_APPLICABLE,USD_PER_SHARE,7.5,8,7.75,CURRENT_GUIDANCE_RANGE,AS_REPORTED,HTML_TABLE_GRID,0,CURRENT_CANDIDATE,CURRENT_GUIDANCE_RANGE,1,7,2,Adjusted diluted earnings per share,Year Ended 12/31/2026 | 3% to 5.5% | 3% to 5% | 3% to 6% | $6.10 to $6.60,"The company’s Board of Directors approved a 3.2% increase to its regular quarterly cash dividend for 2026. This increased the cash dividend payable to an annual rate of $4.25 per share from $4.12 per share in 2025. The quarterly cash dividend of $1.0625 per share is payable April 2, 2026 to shareholders of record March 6, 2026. The company has paid a cash dividend every year since going public in 1948, and 2026 marks the 70th consecutive year of increased dividends paid to shareholders. | 2026 Outlook | In consideration of several factors, the company is establishing full-year 2026 guidance. The company considered its recent business trends and financial results, current growth plans, strategic initiatives, global economic outlook, geopolitical conflicts and the potential impact on results in establishing its guidance, which is outlined in the table below. | Adjusted diluted earnings per share | | $7.50 to $8.00",V9_SEVEN_GRAMMAR_CORRECTED_NOT_SOURCE_REVIEWED,,,50a80a53b98287e91b5f3b53786146eb4feff030ebcc6471b620eb8751c457e0
GPC,0000040987,0001193125-26-053013,2026-02-17T12:09:25.000Z,d44894dex991.htm,https://www.sec.gov/Archives/edgar/data/40987/000119312526053013/d44894dex991.htm,ef5ec7129b97ef2149d3a749deb72d223bf52def773413664eea5c11b791eec0,FREE_CASH_FLOW,FY2026,NON_GAAP,NOT_APPLICABLE,USD,550000000,700000000,625000000,CURRENT_GUIDANCE_RANGE,AS_REPORTED,HTML_TABLE_GRID,0,CURRENT_CANDIDATE,CURRENT_GUIDANCE_RANGE,1,10,2,Free cash flow,Year Ended 12/31/2026 | 3% to 5.5% | 3% to 5% | 3% to 6% | $6.10 to $6.60 | $7.50 to $8.00 | Approx. 24% | $1.0 billion to $1.2 billion,"The company’s Board of Directors approved a 3.2% increase to its regular quarterly cash dividend for 2026. This increased the cash dividend payable to an annual rate of $4.25 per share from $4.12 per share in 2025. The quarterly cash dividend of $1.0625 per share is payable April 2, 2026 to shareholders of record March 6, 2026. The company has paid a cash dividend every year since going public in 1948, and 2026 marks the 70th consecutive year of increased dividends paid to shareholders. | 2026 Outlook | In consideration of several factors, the company is establishing full-year 2026 guidance. The company considered its recent business trends and financial results, current growth plans, strategic initiatives, global economic outlook, geopolitical conflicts and the potential impact on results in establishing its guidance, which is outlined in the table below. | Free cash flow | | $550 million to $700 million",V9_SEVEN_GRAMMAR_CORRECTED_NOT_SOURCE_REVIEWED,,,13fc8ef3764272d0b3bd9c5772c0e7b665ed2dd08c6b99b162aab42524d419ae
MSCI,0001408198,0001408198-26-000032,2026-04-21T10:49:03.000Z,earningsrelease-20260331xe.htm,https://www.sec.gov/Archives/edgar/data/1408198/000140819826000032/earningsrelease-20260331xe.htm,c7343412c00785073d8c5d2c8dfc83c8d1fbaff9e38a63d1ae6e75f9effdfed1,CAPEX,FY2026,NOT_APPLICABLE,NOT_APPLICABLE,USD,160000000,170000000,165000000,CURRENT_GUIDANCE_RANGE,AS_REPORTED,HTML_TABLE_GRID,0,CURRENT_CANDIDATE,CURRENT_GUIDANCE_RANGE,10,7,3,Capital Expenditures | Capital Expenditures | Capital Expenditures,"Current Guidance for Full-Year 2026 | $1,490 to $1,530 million | $1,305 to $1,335 million | $274 to $280 million | $190 to $200 million | 18.0% to 20.0%",| Capital Expenditures | Capital Expenditures | Capital Expenditures | $160 to $170 million | $160 to $170 million | $160 to $170 million | $160 to $170 million | $160 to $170 million | $160 to $170 million,V9_SEVEN_GRAMMAR_CORRECTED_NOT_SOURCE_REVIEWED,,,fcd31c186525578328c6099a4bd7a00a1617745d17995455aaa6b83aa847aa71
MSCI,0001408198,0001408198-26-000032,2026-04-21T10:49:03.000Z,earningsrelease-20260331xe.htm,https://www.sec.gov/Archives/edgar/data/1408198/000140819826000032/earningsrelease-20260331xe.htm,c7343412c00785073d8c5d2c8dfc83c8d1fbaff9e38a63d1ae6e75f9effdfed1,FREE_CASH_FLOW,FY2026,NON_GAAP,NOT_APPLICABLE,USD,1470000000,1530000000,1500000000,CURRENT_GUIDANCE_RANGE,AS_REPORTED,HTML_TABLE_GRID,0,CURRENT_CANDIDATE,CURRENT_GUIDANCE_RANGE,10,9,3,Free Cash Flow | Free Cash Flow | Free Cash Flow,"Current Guidance for Full-Year 2026 | $1,490 to $1,530 million | $1,305 to $1,335 million | $274 to $280 million | $190 to $200 million | 18.0% to 20.0% | $160 to $170 million | $1,640 to $1,690 million","| Free Cash Flow | Free Cash Flow | Free Cash Flow | $1,470 to $1,530 million | $1,470 to $1,530 million | $1,470 to $1,530 million | $1,470 to $1,530 million | $1,470 to $1,530 million | $1,470 to $1,530 million",V9_SEVEN_GRAMMAR_CORRECTED_NOT_SOURCE_REVIEWED,,,e1a9101b8b23014e5d4247868a751badb02f82fea031c9660d102fddc622d526
CDNS,0000813672,0000813672-26-000044,2026-04-27T20:03:41.000Z,cfocommentary04272026ex9902.htm,https://www.sec.gov/Archives/edgar/data/813672/000081367226000044/cfocommentary04272026ex9902.htm,ff517810547bf265888593ed6d1f053caf7a6a2574251a9ff66aed1ccb2fe230,MARGIN,FY2026,GAAP,NOT_APPLICABLE,PERCENT,27.5,28.5,28,CURRENT_GUIDANCE_RANGE,AS_REPORTED,HTML_TABLE_GRID,0,CURRENT_CANDIDATE,CURRENT_GUIDANCE_RANGE,8,16,18,GAAP Operating Margin | GAAP Operating Margin | GAAP Operating Margin | 28.2% | 28.2% | 28.2%,"Current | FY 2026E | ~80% | $6,125 - $6,225 | 16% - 18% | ~66%",Fiscal Year 2026 Financial Outlook | GAAP Operating Margin | GAAP Operating Margin | GAAP Operating Margin | 28.2% | 28.2% | 28.2% | | | | 31.75% - 32.75% | 31.75% - 32.75% | 31.75% - 32.75% | | | | | | | 27.5% - 28.5% | 27.5% - 28.5% | 27.5% - 28.5% | | |,V9_SEVEN_GRAMMAR_CORRECTED_NOT_SOURCE_REVIEWED,,,a6305c2a0877e69b37d7bb3135f05a480ab70707fe6bf5055c413c0b73322baa
CDNS,0000813672,0000813672-26-000044,2026-04-27T20:03:41.000Z,cfocommentary04272026ex9902.htm,https://www.sec.gov/Archives/edgar/data/813672/000081367226000044/cfocommentary04272026ex9902.htm,ff517810547bf265888593ed6d1f053caf7a6a2574251a9ff66aed1ccb2fe230,MARGIN,FY2026,NON_GAAP,NOT_APPLICABLE,PERCENT,43.5,44.5,44,CURRENT_GUIDANCE_RANGE,AS_REPORTED,HTML_TABLE_GRID,0,CURRENT_CANDIDATE,CURRENT_GUIDANCE_RANGE,8,18,18,Non-GAAP Operating Margin | Non-GAAP Operating Margin | Non-GAAP Operating Margin | 44.6% | 44.6% | 44.6%,"Current | FY 2026E | ~80% | $6,125 - $6,225 | 16% - 18% | ~66% | 27.5% - 28.5%",Fiscal Year 2026 Financial Outlook | Non-GAAP Operating Margin | Non-GAAP Operating Margin | Non-GAAP Operating Margin | 44.6% | 44.6% | 44.6% | | | | 44.75% - 45.75% | 44.75% - 45.75% | 44.75% - 45.75% | | | | | | | 43.5% - 44.5% | 43.5% - 44.5% | 43.5% - 44.5% | | |,V9_SEVEN_GRAMMAR_CORRECTED_NOT_SOURCE_REVIEWED,,,a6305c2a0877e69b37d7bb3135f05a480ab70707fe6bf5055c413c0b73322baa
CDNS,0000813672,0000813672-26-000044,2026-04-27T20:03:41.000Z,cfocommentary04272026ex9902.htm,https://www.sec.gov/Archives/edgar/data/813672/000081367226000044/cfocommentary04272026ex9902.htm,ff517810547bf265888593ed6d1f053caf7a6a2574251a9ff66aed1ccb2fe230,EPS,FY2026,GAAP,NOT_APPLICABLE,USD_PER_SHARE,4.39,4.49,4.44,CURRENT_GUIDANCE_RANGE,AS_REPORTED,HTML_TABLE_GRID,0,CURRENT_CANDIDATE,CURRENT_GUIDANCE_RANGE,8,30,18,GAAP EPS | GAAP EPS | GAAP EPS | $ | 4.06,"Current | FY 2026E | ~80% | $6,125 - $6,225 | 16% - 18% | ~66% | 27.5% - 28.5% | 43.5% - 44.5% | $(101) - $(81) | $(115) - $(95) | ~26% | 16.5% | 275 - 277",Fiscal Year 2026 Financial Outlook | GAAP EPS | GAAP EPS | GAAP EPS | $ | 4.06 | | | | | $4.95 - $5.05 | $4.95 - $5.05 | $4.95 - $5.05 | | | | | | | $4.39 - $4.49 | $4.39 - $4.49 | $4.39 - $4.49 | | |,V9_SEVEN_GRAMMAR_CORRECTED_NOT_SOURCE_REVIEWED,,,c2a62fddaeab1efe3137d0fba390234543bc7b9ab84c70e0f94f0a3aee750510
CDNS,0000813672,0000813672-26-000044,2026-04-27T20:03:41.000Z,cfocommentary04272026ex9902.htm,https://www.sec.gov/Archives/edgar/data/813672/000081367226000044/cfocommentary04272026ex9902.htm,ff517810547bf265888593ed6d1f053caf7a6a2574251a9ff66aed1ccb2fe230,EPS,FY2026,NON_GAAP,NOT_APPLICABLE,USD_PER_SHARE,7.85,7.95,7.9,CURRENT_GUIDANCE_RANGE,AS_REPORTED,HTML_TABLE_GRID,0,CURRENT_CANDIDATE,CURRENT_GUIDANCE_RANGE,8,33,18,Non-GAAP EPS | Non-GAAP EPS | Non-GAAP EPS | $ | 7.14,"Current | FY 2026E | ~80% | $6,125 - $6,225 | 16% - 18% | ~66% | 27.5% - 28.5% | 43.5% - 44.5% | $(101) - $(81) | $(115) - $(95) | ~26% | 16.5% | 275 - 277 | $4.39 - $4.49 | 8% - 11%",Fiscal Year 2026 Financial Outlook | Non-GAAP EPS | Non-GAAP EPS | Non-GAAP EPS | $ | 7.14 | | | | | $8.05 - $8.15 | $8.05 - $8.15 | $8.05 - $8.15 | | | | | | | $7.85 - $7.95 | $7.85 - $7.95 | $7.85 - $7.95 | | |,V9_SEVEN_GRAMMAR_CORRECTED_NOT_SOURCE_REVIEWED,,,c2a62fddaeab1efe3137d0fba390234543bc7b9ab84c70e0f94f0a3aee750510
HST,0001070750,0001070750-26-000077,2026-05-06T20:37:21.000Z,hst-ex991.htm,https://www.sec.gov/Archives/edgar/data/1070750/000107075026000077/hst-ex991.htm,5ef1a7cf2fe73c6b9ca22d91884a9b87b65787fe87de9aac103ff138f114f3fd,MARGIN,FY2026,UNSPECIFIED,NOT_APPLICABLE,PERCENT,29.4,29.7,29.55,CURRENT_GUIDANCE_RANGE,AS_REPORTED,HTML_TABLE_GRID,0,CURRENT_CANDIDATE,CURRENT_GUIDANCE_RANGE,7,6,3,Comparable hotel EBITDA margin | Comparable hotel EBITDA margin | Comparable hotel EBITDA margin,"Current Full Year 2026 Guidance | $386 to $391 | $230 to $233 | $6,097 to $6,184 | 14.4% to 15.1%",| Comparable hotel EBITDA margin | Comparable hotel EBITDA margin | Comparable hotel EBITDA margin | 29.4% to 29.7% | 29.4% to 29.7% | 29.4% to 29.7% | | | | 20 bps to 50 bps | 20 bps to 50 bps | 20 bps to 50 bps | | | | (20) bps to 20 bps | (20) bps to 20 bps | (20) bps to 20 bps | | | | 30 bps | 30 bps | 30 bps,V9_SEVEN_GRAMMAR_CORRECTED_NOT_SOURCE_REVIEWED,,,b21665bb49d1c6ae7d521eb486c7f1e585e98ecd7cc34b17ea8fcf13b7f56596
PFE,0000078003,0000078003-26-000087,2026-06-18T17:17:22.000Z,pfe-20260618.htm,https://www.sec.gov/Archives/edgar/data/78003/000007800326000087/pfe-20260618.htm,a0714fa6f0c4047095bfd9bb6d45465edceaf1093e831af54f163c14a1a7473a,EPS,FY2026,NON_GAAP,NOT_APPLICABLE,USD_PER_SHARE,2.8,3,2.9,CURRENT_GUIDANCE_RANGE,AS_REPORTED,NARRATIVE_CLAUSE,446,CURRENT_CANDIDATE,CURRENT_GUIDANCE_RANGE,,,,,,"Following the disclosure of Pfizer’s Chief Financial Officer transition announcement on June 18, 2026, Pfizer today is reaffirming its fiscal year 2026 guidance introduced December 16, 2025 and reaffirmed on its first quarter earnings call on May 5, 2026. The company is reaffirming all components of its full-year 2026 guidance previously announced, including Revenues in a range of $59.5 to $62.5 billion and Adjusted Diluted EPS in a Range of $2.80 to $3.00. Additional information, including defined terms, can be found in Pfizer’s 2026 First Quarter Earnings Release, issued on May 5, 2026.Following the disclosure of Pfizer’s Chief Financial Officer transition announcement on June 18, 2026, Pfizer today is reaffirming its fiscal year 2026 guidance introduced December 16, 2025 and reaffirmed on its first quarter earnings call on May 5, 2026. The company is reaffirming all components of its full-year 2026 guidance previously announced, including Revenues in a range of $59.5 to $62.5 billio",V9_SEVEN_GRAMMAR_CORRECTED_NOT_SOURCE_REVIEWED,/html/body/div[51]/table/tr[2],HTML_SINGLE_CELL_ROW,f054d26b55a427fb3b8262f2c0332e10eba371945c46f6aefa371b7f00565164
MCO,0001059556,0001157523-16-006151,2016-07-22T12:00:21.000Z,a51386522_ex991.htm,https://www.sec.gov/Archives/edgar/data/1059556/000115752316006151/a51386522_ex991.htm,332f2d533e43197241d914a2e9081d77f4f355ad90a24221a0c3f402b1308e33,EPS,FY2016,UNSPECIFIED,NOT_APPLICABLE,USD_PER_SHARE,4.55,4.65,4.6,CURRENT_GUIDANCE_RANGE,AS_REPORTED,HTML_TABLE_GRID,0,CURRENT_CANDIDATE,CURRENT_GUIDANCE_RANGE,10,9,2,EPS,"Full-year 2016 Moody's Corporation guidance | Current guidance as of July 22, 2016 | increase in the low-single-digit percent range | increase in the mid-single-digit percent range | Approximately $130 million | Approximately 41% | Approximately 45% | 32% - 32.5%",| EPS | | $4.55 to $4.65* | | NC,V9_SEVEN_GRAMMAR_CORRECTED_NOT_SOURCE_REVIEWED,,,24f8c38c76f41b1a260f58ab88373370eb978c1506d4aaa222ff92430441c57b
MCO,0001059556,0001157523-16-006151,2016-07-22T12:00:21.000Z,a51386522_ex991.htm,https://www.sec.gov/Archives/edgar/data/1059556/000115752316006151/a51386522_ex991.htm,332f2d533e43197241d914a2e9081d77f4f355ad90a24221a0c3f402b1308e33,EPS,FY2016,UNSPECIFIED,NOT_APPLICABLE,USD_PER_SHARE,4.55,4.65,4.6,CURRENT_GUIDANCE_RANGE,AS_REPORTED,NARRATIVE_CLAUSE,37,CURRENT_CANDIDATE,CURRENT_GUIDANCE_RANGE,,,,,,FY 2016 EPS guidance of $4.55 to $4.65; expecting to be toward the,V9_SEVEN_GRAMMAR_CORRECTED_NOT_SOURCE_REVIEWED,/html/body/document/type/sequence/filename/description/text/ul/li[3],HTML_LI,a105eeaf7da46ee267fa7847b90596c362089d2cc55bbc83c7c8db1c19af78e7
TEL,0001385157,0001104659-17-026104,2017-04-26T10:19:04.000Z,a17-11631_1ex99d1.htm,https://www.sec.gov/Archives/edgar/data/1385157/000110465917026104/a17-11631_1ex99d1.htm,d15bd80c7a8bb4c63ddd66f98c30dc563fe01fce714f005f944387d2f2a4e228,REVENUE,Q3-2017,UNSPECIFIED,NOT_APPLICABLE,USD,3200000000,3300000000,3250000000,CURRENT_GUIDANCE_RANGE,AS_REPORTED,NARRATIVE_CLAUSE,71,CURRENT_CANDIDATE,CURRENT_GUIDANCE_RANGE,,,,,,"For the fiscal third quarter of 2017, the company expects net sales of $3.2 billion to $3.3 billion, reflecting an increase of 4 percent on an as reported basis and 5 percent organically, year over year at the midpoint.",V9_SEVEN_GRAMMAR_CORRECTED_NOT_SOURCE_REVIEWED,/html/body/document/type/sequence/filename/description/text/div[2]/p[8],HTML_P,a5dbebda55b656e21149e23d1b24d673e21610d686d59adaff6bbd35f9c312ce
TEL,0001385157,0001104659-17-026104,2017-04-26T10:19:04.000Z,a17-11631_1ex99d1.htm,https://www.sec.gov/Archives/edgar/data/1385157/000110465917026104/a17-11631_1ex99d1.htm,d15bd80c7a8bb4c63ddd66f98c30dc563fe01fce714f005f944387d2f2a4e228,EPS,FY2016,NON_GAAP,NOT_APPLICABLE,USD_PER_SHARE,4.58,4.66,4.62,CURRENT_GUIDANCE_RANGE,AS_REPORTED,NARRATIVE_CLAUSE,377,CURRENT_CANDIDATE,CURRENT_GUIDANCE_RANGE,,,,,,"For the full year, the company expects net sales of $12.6 to $12.8 billion, reflecting 6 percent growth at the mid-point versus the prior year, excluding the additional week in fiscal year 2016. GAAP EPS are expected to be $4.39 to $4.47 including net restructuring, acquisition-related and other charges of $0.33 and a tax related benefit of $0.14. TE expects adjusted EPS of $4.58 to $4.66, reflecting 17 percent growth at the mid-point compared to 2016, when excluding the additional week.",V9_SEVEN_GRAMMAR_CORRECTED_NOT_SOURCE_REVIEWED,/html/body/document/type/sequence/filename/description/text/div[2]/p[10],HTML_P,8bee00971bd912b563f793a424dfcba95bf7048bc0302509c7bd89a6cd23d22e
GEN,0000849399,0001157523-17-002237,2017-08-02T16:07:50.000Z,a51604136ex99_01.htm,https://www.sec.gov/Archives/edgar/data/849399/000115752317002237/a51604136ex99_01.htm,12dbd8305c1b08b301582d278fee651d1f1ca6d863717423c19b12247752b090,MARGIN,FY2018,UNSPECIFIED,NOT_APPLICABLE,PERCENT,3,4,3.5,CURRENT_GUIDANCE_RANGE,AS_REPORTED,HTML_TABLE_GRID,0,CURRENT_CANDIDATE,CURRENT_GUIDANCE_RANGE,11,5,1,Operating Margin,"FY18 | $5,037 - $5,137 | $2,820 – $2,890 | $2,218 – $2,248","2Q18 FX Adj. Y/Y Growth GAAP Revenue $1,225 – $1,255 26% – 29% Enterprise Security $685 – $705 20% – 23% Consumer Digital Safety $540 – $550 34% – 37% Operating Margin (4%) – (2%) N/A EPS ($0.15) – ($0.11) N/A Non-GAAP Revenue $1,260 – $1,290 25% – 28% Enterprise Security $700 – $720 15% – 18% Consumer Digital Safety $560 – $570 40% – 42% Operating Margin 34% – 36% N/A EPS (Diluted) $0.40 – $0.44 N/A Non-GAAP Tax Rate 29.5% N/A Basic Share Count ~ 615 million N/A GAAP Fully Diluted Share Count ~ 615 million N/A Non-GAAP Fully Diluted Share Count ~ 670 million N/A FX Rate ($/€) $1.14 N/A | Fiscal Year 2018 Guidance (Dollars in millions, except EPS and FX rate) | This guidance does not contemplate the impact of the pending acquisition of Symantec’s Website Security and related PKI solutions by DigiCert. | Operating Margin | 3% – 4% | N/A",V9_SEVEN_GRAMMAR_CORRECTED_NOT_SOURCE_REVIEWED,,,766aca17212f83ed22dea7c43e70d2df0be2d261ac021b5caa9288b584eb94eb
GEN,0000849399,0001157523-17-002237,2017-08-02T16:07:50.000Z,a51604136ex99_01.htm,https://www.sec.gov/Archives/edgar/data/849399/000115752317002237/a51604136ex99_01.htm,12dbd8305c1b08b301582d278fee651d1f1ca6d863717423c19b12247752b090,EPS,FY2018,UNSPECIFIED,NOT_APPLICABLE,USD_PER_SHARE,0.01,0.11,0.06,CURRENT_GUIDANCE_RANGE,AS_REPORTED,HTML_TABLE_GRID,0,CURRENT_CANDIDATE,CURRENT_GUIDANCE_RANGE,11,6,1,EPS,"FY18 | $5,037 - $5,137 | $2,820 – $2,890 | $2,218 – $2,248 | 3% – 4%","2Q18 FX Adj. Y/Y Growth GAAP Revenue $1,225 – $1,255 26% – 29% Enterprise Security $685 – $705 20% – 23% Consumer Digital Safety $540 – $550 34% – 37% Operating Margin (4%) – (2%) N/A EPS ($0.15) – ($0.11) N/A Non-GAAP Revenue $1,260 – $1,290 25% – 28% Enterprise Security $700 – $720 15% – 18% Consumer Digital Safety $560 – $570 40% – 42% Operating Margin 34% – 36% N/A EPS (Diluted) $0.40 – $0.44 N/A Non-GAAP Tax Rate 29.5% N/A Basic Share Count ~ 615 million N/A GAAP Fully Diluted Share Count ~ 615 million N/A Non-GAAP Fully Diluted Share Count ~ 670 million N/A FX Rate ($/€) $1.14 N/A | Fiscal Year 2018 Guidance (Dollars in millions, except EPS and FX rate) | This guidance does not contemplate the impact of the pending acquisition of Symantec’s Website Security and related PKI solutions by DigiCert. | EPS | $0.01 – $0.11 | N/A",V9_SEVEN_GRAMMAR_CORRECTED_NOT_SOURCE_REVIEWED,,,491e40166d520a63f87e9a682a50f9f0b0f55c175e07c71827f3b5c4594eb1cb
GEN,0000849399,0001157523-17-002237,2017-08-02T16:07:50.000Z,a51604136ex99_01.htm,https://www.sec.gov/Archives/edgar/data/849399/000115752317002237/a51604136ex99_01.htm,12dbd8305c1b08b301582d278fee651d1f1ca6d863717423c19b12247752b090,MARGIN,FY2018,UNSPECIFIED,NOT_APPLICABLE,PERCENT,36,37,36.5,CURRENT_GUIDANCE_RANGE,AS_REPORTED,HTML_TABLE_GRID,0,CURRENT_CANDIDATE,CURRENT_GUIDANCE_RANGE,11,11,1,Operating Margin,"FY18 | $5,037 - $5,137 | $2,820 – $2,890 | $2,218 – $2,248 | 3% – 4% | $0.01 – $0.11 | $5,160 - $5,260 | $2,880 – $2,950 | $2,280 – $2,310","2Q18 FX Adj. Y/Y Growth GAAP Revenue $1,225 – $1,255 26% – 29% Enterprise Security $685 – $705 20% – 23% Consumer Digital Safety $540 – $550 34% – 37% Operating Margin (4%) – (2%) N/A EPS ($0.15) – ($0.11) N/A Non-GAAP Revenue $1,260 – $1,290 25% – 28% Enterprise Security $700 – $720 15% – 18% Consumer Digital Safety $560 – $570 40% – 42% Operating Margin 34% – 36% N/A EPS (Diluted) $0.40 – $0.44 N/A Non-GAAP Tax Rate 29.5% N/A Basic Share Count ~ 615 million N/A GAAP Fully Diluted Share Count ~ 615 million N/A Non-GAAP Fully Diluted Share Count ~ 670 million N/A FX Rate ($/€) $1.14 N/A | Fiscal Year 2018 Guidance (Dollars in millions, except EPS and FX rate) | This guidance does not contemplate the impact of the pending acquisition of Symantec’s Website Security and related PKI solutions by DigiCert. | Operating Margin | 36% – 37% | N/A",V9_SEVEN_GRAMMAR_CORRECTED_NOT_SOURCE_REVIEWED,,,766aca17212f83ed22dea7c43e70d2df0be2d261ac021b5caa9288b584eb94eb
GEN,0000849399,0001157523-17-002237,2017-08-02T16:07:50.000Z,a51604136ex99_01.htm,https://www.sec.gov/Archives/edgar/data/849399/000115752317002237/a51604136ex99_01.htm,12dbd8305c1b08b301582d278fee651d1f1ca6d863717423c19b12247752b090,EPS,FY2018,UNSPECIFIED,NOT_APPLICABLE,USD_PER_SHARE,1.79,1.89,1.84,CURRENT_GUIDANCE_RANGE,AS_REPORTED,HTML_TABLE_GRID,0,CURRENT_CANDIDATE,CURRENT_GUIDANCE_RANGE,11,12,1,EPS (Diluted),"FY18 | $5,037 - $5,137 | $2,820 – $2,890 | $2,218 – $2,248 | 3% – 4% | $0.01 – $0.11 | $5,160 - $5,260 | $2,880 – $2,950 | $2,280 – $2,310 | 36% – 37%","2Q18 FX Adj. Y/Y Growth GAAP Revenue $1,225 – $1,255 26% – 29% Enterprise Security $685 – $705 20% – 23% Consumer Digital Safety $540 – $550 34% – 37% Operating Margin (4%) – (2%) N/A EPS ($0.15) – ($0.11) N/A Non-GAAP Revenue $1,260 – $1,290 25% – 28% Enterprise Security $700 – $720 15% – 18% Consumer Digital Safety $560 – $570 40% – 42% Operating Margin 34% – 36% N/A EPS (Diluted) $0.40 – $0.44 N/A Non-GAAP Tax Rate 29.5% N/A Basic Share Count ~ 615 million N/A GAAP Fully Diluted Share Count ~ 615 million N/A Non-GAAP Fully Diluted Share Count ~ 670 million N/A FX Rate ($/€) $1.14 N/A | Fiscal Year 2018 Guidance (Dollars in millions, except EPS and FX rate) | This guidance does not contemplate the impact of the pending acquisition of Symantec’s Website Security and related PKI solutions by DigiCert. | EPS (Diluted) | $1.79 – $1.89 | N/A",V9_SEVEN_GRAMMAR_CORRECTED_NOT_SOURCE_REVIEWED,,,491e40166d520a63f87e9a682a50f9f0b0f55c175e07c71827f3b5c4594eb1cb
MAR,0001048286,0001628280-18-001699,2018-02-14T22:32:46.000Z,mar-2017q4earningsreleasee.htm,https://www.sec.gov/Archives/edgar/data/1048286/000162828018001699/mar-2017q4earningsreleasee.htm,e034e2af2b67762a97e01662049d9bcbe9f9c37f79b2827fd8be70d97c6295b2,REVENUE,FY2018,UNSPECIFIED,NOT_APPLICABLE,USD,285000000,295000000,290000000,CURRENT_GUIDANCE_RANGE,AS_REPORTED,HTML_TABLE_GRID,0,CURRENT_CANDIDATE,CURRENT_GUIDANCE_RANGE,10,6,1,"Owned, leased, and other revenue, net of direct expenses","2018 Full Year Outlook Both Including and Excluding the Impact of the New Revenue Standard | Full Year 2018 Outlook1 | $3,535 million to $3,620 million | Approx. $55 million","| Owned, leased, and other revenue, net of direct expenses | $285 million to $295 million | $310 million to $320 million",V9_SEVEN_GRAMMAR_CORRECTED_NOT_SOURCE_REVIEWED,,,3a34c13a158244e65eca9f6e6a0683b8af721cbf67ab94cb3832ef60b98b1c54
MAR,0001048286,0001628280-18-001699,2018-02-14T22:32:46.000Z,mar-2017q4earningsreleasee.htm,https://www.sec.gov/Archives/edgar/data/1048286/000162828018001699/mar-2017q4earningsreleasee.htm,e034e2af2b67762a97e01662049d9bcbe9f9c37f79b2827fd8be70d97c6295b2,REVENUE,FY2018,UNSPECIFIED,NOT_APPLICABLE,USD,310000000,320000000,315000000,CURRENT_GUIDANCE_RANGE,AS_REPORTED,HTML_TABLE_GRID,0,CURRENT_CANDIDATE,CURRENT_GUIDANCE_RANGE,10,6,2,"Owned, leased, and other revenue, net of direct expenses","2018 Full Year Outlook Both Including and Excluding the Impact of the New Revenue Standard | Full Year 2018 Excluding the Impact of the New Revenue Standard1 | $3,560 million to $3,645 million | Approx. $0","| Owned, leased, and other revenue, net of direct expenses | $285 million to $295 million | $310 million to $320 million",V9_SEVEN_GRAMMAR_CORRECTED_NOT_SOURCE_REVIEWED,,,3a34c13a158244e65eca9f6e6a0683b8af721cbf67ab94cb3832ef60b98b1c54
MAR,0001048286,0001628280-18-001699,2018-02-14T22:32:46.000Z,mar-2017q4earningsreleasee.htm,https://www.sec.gov/Archives/edgar/data/1048286/000162828018001699/mar-2017q4earningsreleasee.htm,e034e2af2b67762a97e01662049d9bcbe9f9c37f79b2827fd8be70d97c6295b2,OPERATING_INCOME,FY2018,UNSPECIFIED,NOT_APPLICABLE,USD,2590000000,2695000000,2642500000,CURRENT_GUIDANCE_RANGE,AS_REPORTED,HTML_TABLE_GRID,0,CURRENT_CANDIDATE,CURRENT_GUIDANCE_RANGE,10,9,1,Operating income,"2018 Full Year Outlook Both Including and Excluding the Impact of the New Revenue Standard | Full Year 2018 Outlook1 | $3,535 million to $3,620 million | Approx. $55 million | $285 million to $295 million | Approx. $230 million | $935 million to $945 million","| Operating income | $2,590 million to $2,695 million | $2,640 million to $2,745 million",V9_SEVEN_GRAMMAR_CORRECTED_NOT_SOURCE_REVIEWED,,,87b33b6432c9c90ef07c0cd502e72d4c45960e168b61baf4dc211dd21730324a
MAR,0001048286,0001628280-18-001699,2018-02-14T22:32:46.000Z,mar-2017q4earningsreleasee.htm,https://www.sec.gov/Archives/edgar/data/1048286/000162828018001699/mar-2017q4earningsreleasee.htm,e034e2af2b67762a97e01662049d9bcbe9f9c37f79b2827fd8be70d97c6295b2,OPERATING_INCOME,FY2018,UNSPECIFIED,NOT_APPLICABLE,USD,2640000000,2745000000,2692500000,CURRENT_GUIDANCE_RANGE,AS_REPORTED,HTML_TABLE_GRID,0,CURRENT_CANDIDATE,CURRENT_GUIDANCE_RANGE,10,9,2,Operating income,"2018 Full Year Outlook Both Including and Excluding the Impact of the New Revenue Standard | Full Year 2018 Excluding the Impact of the New Revenue Standard1 | $3,560 million to $3,645 million | Approx. $0 | $310 million to $320 million | Approx. $295 million | $925 million to $935 million","| Operating income | $2,590 million to $2,695 million | $2,640 million to $2,745 million",V9_SEVEN_GRAMMAR_CORRECTED_NOT_SOURCE_REVIEWED,,,87b33b6432c9c90ef07c0cd502e72d4c45960e168b61baf4dc211dd21730324a
MCO,0001059556,0001157523-18-001569,2018-07-27T11:30:44.000Z,a51843924ex99_1.htm,https://www.sec.gov/Archives/edgar/data/1059556/000115752318001569/a51843924ex99_1.htm,e2d51f2772ca94168a8a30c96b4cb95c816001e9399d3b508abf0c63163cba37,MARGIN,FY2018,NON_GAAP,NOT_APPLICABLE,PERCENT,48,49,48.5,CURRENT_GUIDANCE_RANGE,AS_REPORTED,HTML_TABLE_GRID,0,CURRENT_CANDIDATE,CURRENT_GUIDANCE_RANGE,15,8,2,Adjusted operating margin(1),"Full Year 2018 Moody's Corporation Guidance as of July 27, 2018 | Current guidance | increase in the high-single-digit percent range | approximately $195 million | approximately 44%",| Adjusted operating margin(1) | | 48% - 49% | | approximately 48%,V9_SEVEN_GRAMMAR_CORRECTED_NOT_SOURCE_REVIEWED,,,0426f6f2d4a2a6a342192e69c35c19f9ceee68f67d32738fb0f9e18116bbfc0f
MCO,0001059556,0001157523-18-001569,2018-07-27T11:30:44.000Z,a51843924ex99_1.htm,https://www.sec.gov/Archives/edgar/data/1059556/000115752318001569/a51843924ex99_1.htm,e2d51f2772ca94168a8a30c96b4cb95c816001e9399d3b508abf0c63163cba37,EPS,FY2018,UNSPECIFIED,NOT_APPLICABLE,USD_PER_SHARE,7.2,7.4,7.3,CURRENT_GUIDANCE_RANGE,AS_REPORTED,HTML_TABLE_GRID,0,CURRENT_CANDIDATE,CURRENT_GUIDANCE_RANGE,15,10,2,Diluted EPS,"Full Year 2018 Moody's Corporation Guidance as of July 27, 2018 | Current guidance | increase in the high-single-digit percent range | approximately $195 million | approximately 44% | 48% - 49% | 22% - 23%",| Diluted EPS | | $7.20 to $7.40 | | NC,V9_SEVEN_GRAMMAR_CORRECTED_NOT_SOURCE_REVIEWED,,,2c1f34fe6e5e26be8d88dbe2845e3f71774a1716dacbade33d8c2165593fc71e
MCO,0001059556,0001157523-18-001569,2018-07-27T11:30:44.000Z,a51843924ex99_1.htm,https://www.sec.gov/Archives/edgar/data/1059556/000115752318001569/a51843924ex99_1.htm,e2d51f2772ca94168a8a30c96b4cb95c816001e9399d3b508abf0c63163cba37,EPS,FY2018,NON_GAAP,NOT_APPLICABLE,USD_PER_SHARE,7.65,7.85,7.75,CURRENT_GUIDANCE_RANGE,AS_REPORTED,HTML_TABLE_GRID,0,CURRENT_CANDIDATE,CURRENT_GUIDANCE_RANGE,15,11,2,Adjusted Diluted EPS(1),"Full Year 2018 Moody's Corporation Guidance as of July 27, 2018 | Current guidance | increase in the high-single-digit percent range | approximately $195 million | approximately 44% | 48% - 49% | 22% - 23% | $7.20 to $7.40",| Adjusted Diluted EPS(1) | | $7.65 to $7.85 | | NC,V9_SEVEN_GRAMMAR_CORRECTED_NOT_SOURCE_REVIEWED,,,2c1f34fe6e5e26be8d88dbe2845e3f71774a1716dacbade33d8c2165593fc71e
MCO,0001059556,0001157523-18-002164,2018-10-26T11:30:57.000Z,a51889491ex99_1.htm,https://www.sec.gov/Archives/edgar/data/1059556/000115752318002164/a51889491ex99_1.htm,a4c6e8e8222546ee133fbf58d8ae3d472deca0a272f5e56b1f8e52aa0a06705d,EPS,FY2018,UNSPECIFIED,NOT_APPLICABLE,USD_PER_SHARE,6.95,7.1,7.025,CURRENT_GUIDANCE_RANGE,AS_REPORTED,HTML_TABLE_GRID,0,CURRENT_CANDIDATE,CURRENT_GUIDANCE_RANGE,17,11,2,Diluted EPS,"Full Year 2018 Moody's Corporation Guidance as of October 26, 2018 | Current guidance | increase in the high-single-digit percent range | approximately $30 million - $40 million | approximately $195 million | approximately 43% | approximately 48% | 22% - 23%",| Diluted EPS | | $6.95 to $7.10 | | $7.20 to $7.40,V9_SEVEN_GRAMMAR_CORRECTED_NOT_SOURCE_REVIEWED,,,7c6c6cd6e289ba50913fa7c9411f3a8f7fca0670eff7f06c829563e09e375a0f
MCO,0001059556,0001157523-18-002164,2018-10-26T11:30:57.000Z,a51889491ex99_1.htm,https://www.sec.gov/Archives/edgar/data/1059556/000115752318002164/a51889491ex99_1.htm,a4c6e8e8222546ee133fbf58d8ae3d472deca0a272f5e56b1f8e52aa0a06705d,EPS,FY2018,NON_GAAP,NOT_APPLICABLE,USD_PER_SHARE,7.5,7.65,7.575,CURRENT_GUIDANCE_RANGE,AS_REPORTED,HTML_TABLE_GRID,0,CURRENT_CANDIDATE,CURRENT_GUIDANCE_RANGE,17,12,2,Adjusted Diluted EPS(1),"Full Year 2018 Moody's Corporation Guidance as of October 26, 2018 | Current guidance | increase in the high-single-digit percent range | approximately $30 million - $40 million | approximately $195 million | approximately 43% | approximately 48% | 22% - 23% | $6.95 to $7.10",| Adjusted Diluted EPS(1) | | $7.50 to $7.65 | | $7.65 to $7.85,V9_SEVEN_GRAMMAR_CORRECTED_NOT_SOURCE_REVIEWED,,,7c6c6cd6e289ba50913fa7c9411f3a8f7fca0670eff7f06c829563e09e375a0f
URI,0001067701,0001193125-18-313096,2018-10-31T13:28:38.000Z,d646480dex991.htm,https://www.sec.gov/Archives/edgar/data/1067701/000119312518313096/d646480dex991.htm,e57e423a4591b0ce12d9a37c851e234607efd4ad391bd1d34bf5a60210fe239e,REVENUE,FY2018,UNSPECIFIED,NOT_APPLICABLE,USD,7890000000,7990000000,7940000000,CURRENT_GUIDANCE_RANGE,AS_REPORTED,HTML_TABLE_GRID,0,CURRENT_CANDIDATE,CURRENT_GUIDANCE_RANGE,1,2,4,Total revenue,Current Outlook,"2018 Guidance | The company has updated its full-year 2018 guidance solely to reflect the expected impact of the BlueLine acquisition. The new guidance adds $120 million of total revenue and $50 million of adjusted EBITDA to the guidance previously released on October 17, 2018: | Total revenue | | $7.77 billion to $7.87 billion | | $7.89 billion to $7.99 billion",V9_SEVEN_GRAMMAR_CORRECTED_NOT_SOURCE_REVIEWED,,,d8a808c1bc1af13bed1da0c84e7ffc8d8a6412abbff9f576b0760f547352c987
URI,0001067701,0001193125-18-313096,2018-10-31T13:28:38.000Z,d646480dex991.htm,https://www.sec.gov/Archives/edgar/data/1067701/000119312518313096/d646480dex991.htm,e57e423a4591b0ce12d9a37c851e234607efd4ad391bd1d34bf5a60210fe239e,CAPEX,FY2018,NOT_APPLICABLE,NOT_APPLICABLE,USD,1350000000,1450000000,1400000000,CURRENT_GUIDANCE_RANGE,AS_REPORTED,HTML_TABLE_GRID,0,CURRENT_CANDIDATE,CURRENT_GUIDANCE_RANGE,1,4,4,Net rental capital expenditures after gross purchases,Current Outlook | $7.89 billion to $7.99 billion | $3.815 billion to $3.865 billion,"2018 Guidance | The company has updated its full-year 2018 guidance solely to reflect the expected impact of the BlueLine acquisition. The new guidance adds $120 million of total revenue and $50 million of adjusted EBITDA to the guidance previously released on October 17, 2018: | Net rental capital expenditures after gross purchases | | $1.35 billion to $1.45 billion, after gross purchases of $2.0 billion to $2.1 billion | | $1.35 billion to $1.45 billion, after gross purchases of $2.0billion to $2.1 billion",V9_SEVEN_GRAMMAR_CORRECTED_NOT_SOURCE_REVIEWED,,,352a4b7f67a1e9e5f6008ba228bb638f6a5ef4f7995e9d81bb491d49eaf0bb6b
URI,0001067701,0001193125-18-313096,2018-10-31T13:28:38.000Z,d646480dex991.htm,https://www.sec.gov/Archives/edgar/data/1067701/000119312518313096/d646480dex991.htm,e57e423a4591b0ce12d9a37c851e234607efd4ad391bd1d34bf5a60210fe239e,CAPEX,FY2018,NOT_APPLICABLE,NOT_APPLICABLE,USD,2000000000,2100000000,2050000000,CURRENT_GUIDANCE_RANGE,AS_REPORTED,HTML_TABLE_GRID,57,CURRENT_CANDIDATE,CURRENT_GUIDANCE_RANGE,1,4,4,Net rental capital expenditures after gross purchases,Current Outlook | $7.89 billion to $7.99 billion | $3.815 billion to $3.865 billion,"2018 Guidance | The company has updated its full-year 2018 guidance solely to reflect the expected impact of the BlueLine acquisition. The new guidance adds $120 million of total revenue and $50 million of adjusted EBITDA to the guidance previously released on October 17, 2018: | Net rental capital expenditures after gross purchases | | $1.35 billion to $1.45 billion, after gross purchases of $2.0 billion to $2.1 billion | | $1.35 billion to $1.45 billion, after gross purchases of $2.0billion to $2.1 billion",V9_SEVEN_GRAMMAR_CORRECTED_NOT_SOURCE_REVIEWED,,,f26b4f66a910439ac598cf5bb096bc414227a60542cd1f1b2e9ff54b0a407b56
URI,0001067701,0001193125-18-313096,2018-10-31T13:28:38.000Z,d646480dex991.htm,https://www.sec.gov/Archives/edgar/data/1067701/000119312518313096/d646480dex991.htm,e57e423a4591b0ce12d9a37c851e234607efd4ad391bd1d34bf5a60210fe239e,FREE_CASH_FLOW,FY2018,NON_GAAP,NOT_APPLICABLE,USD,1250000000,1350000000,1300000000,CURRENT_GUIDANCE_RANGE,AS_REPORTED,HTML_TABLE_GRID,0,CURRENT_CANDIDATE,CURRENT_GUIDANCE_RANGE,1,6,4,Free cash flow (excluding the impact of merger and restructuring related costs)2,"Current Outlook | $7.89 billion to $7.99 billion | $3.815 billion to $3.865 billion | $1.35 billion to $1.45 billion, after gross purchases of $2.0billion to $2.1 billion | $2.725 billion to $2.875 billion","2018 Guidance | The company has updated its full-year 2018 guidance solely to reflect the expected impact of the BlueLine acquisition. The new guidance adds $120 million of total revenue and $50 million of adjusted EBITDA to the guidance previously released on October 17, 2018: | Free cash flow (excluding the impact of merger and restructuring related costs)2 | | $1.25 billion to $1.35 billion | | $1.25 billion to $1.35 billion",V9_SEVEN_GRAMMAR_CORRECTED_NOT_SOURCE_REVIEWED,,,ec2ec105896c0620d638752de00f29dd1b63373071381bee5116a827fa585353
BDX,0000010795,0000010795-19-000002,2019-01-17T11:36:28.000Z,ex99112312018preliminary.htm,https://www.sec.gov/Archives/edgar/data/10795/000001079519000002/ex99112312018preliminary.htm,0609c269bf356bbc07f84151f8b24e0a9a45c62c0cec0c48b415451156e92c83,EPS,FY2019,NON_GAAP,NOT_APPLICABLE,USD_PER_SHARE,12.05,12.15,12.1,CURRENT_GUIDANCE_RANGE,AS_REPORTED,HTML_TABLE_GRID,0,CURRENT_CANDIDATE,CURRENT_GUIDANCE_RANGE,16,10,6,Adjusted Fully Diluted Earnings per Share | $ | 11.01,FY2019 Outlook | Full Year FY2019 Outlook,| Adjusted Fully Diluted Earnings per Share | | $ | 11.01 | | | $12.05 to 12.15 | | ~10%,V9_SEVEN_GRAMMAR_CORRECTED_NOT_SOURCE_REVIEWED,,,bc2a36316004267123785ebfb0fb515f1e27f0402a235e41c7b3324a7e23e666
GEN,0000849399,0001157523-19-000204,2019-01-31T16:20:25.000Z,a51933078ex99_01.htm,https://www.sec.gov/Archives/edgar/data/849399/000115752319000204/a51933078ex99_01.htm,799969c410d92163b3c01e658e9a6e4e7067b002b95128fc8f5bedccf2aa002d,MARGIN,FY2019,UNSPECIFIED,NOT_APPLICABLE,PERCENT,9,10,9.5,CURRENT_GUIDANCE_RANGE,AS_REPORTED,HTML_TABLE_GRID,0,CURRENT_CANDIDATE,CURRENT_GUIDANCE_RANGE,5,2,1,Operating Margin,"GAAP | $1,185M - $1,215M","· GAAP diluted EPS was $0.10, non-GAAP diluted EPS was $0.44 | · Cash flow from operating activities of $377 million | Fourth Quarter and Fiscal Year 2019 Guidance | Operating Margin | 9% - 10% | 30%",V9_SEVEN_GRAMMAR_CORRECTED_NOT_SOURCE_REVIEWED,,,e156ea468922408dfb46cdd2db700566b34f53fcba52cac82988aff4aaa49c8b
TEL,0001385157,0001104659-19-023211,2019-04-24T10:20:17.000Z,a19-8585_1ex99d1.htm,https://www.sec.gov/Archives/edgar/data/1385157/000110465919023211/a19-8585_1ex99d1.htm,b015cc9206eea0ff93421b4a462cd2c7d513eff4bdcca63174a96f8fc9681f98,REVENUE,Q3-2019,UNSPECIFIED,NOT_APPLICABLE,USD,3400000000,3500000000,3450000000,CURRENT_GUIDANCE_RANGE,AS_REPORTED,NARRATIVE_CLAUSE,71,CURRENT_CANDIDATE,CURRENT_GUIDANCE_RANGE,,,,,,"For the fiscal third quarter of 2019, the company expects net sales of $3.4 billion to $3.5 billion.",V9_SEVEN_GRAMMAR_CORRECTED_NOT_SOURCE_REVIEWED,/html/body/document/type/sequence/filename/description/text/div[3]/p[4],HTML_P,064d77e26676fa6d9665c7669a8b5dc1cff6a9d987e8825568096329b8cd9869
TEL,0001385157,0001104659-19-023211,2019-04-24T10:20:17.000Z,a19-8585_1ex99d2.htm,https://www.sec.gov/Archives/edgar/data/1385157/000110465919023211/a19-8585_1ex99d2.htm,2bea0c63428b529edc291abb9d4ca84b76fb62aba5653ac94904cc04725a6ce8,EPS,FY2019,NON_GAAP,NOT_APPLICABLE,USD_PER_SHARE,5.55,5.65,5.6,CURRENT_GUIDANCE_RANGE,AS_REPORTED,NARRATIVE_CLAUSE,73,CURRENT_CANDIDATE,CURRENT_GUIDANCE_RANGE,,,,,,Y/Y FY 2019 15 Guidance Range Sales of $13.55B - $13.75B Adjusted EPS of $5.55 - $5.65 Adjusted EPS is a non-GAAP financial measure;,V9_SEVEN_GRAMMAR_CORRECTED_NOT_SOURCE_REVIEWED,/html/body/document/type/sequence/filename/description/text/div[29]/div/div/div/p[1],HTML_P,3182d2b61c01dcdd171de4764f381d72699f727fd905ab4139ff398b2ae3ec36
MCO,0001059556,0001157523-19-001632,2019-07-31T11:30:12.000Z,a52021921ex99_1.htm,https://www.sec.gov/Archives/edgar/data/1059556/000115752319001632/a52021921ex99_1.htm,2bc2e33e50aa4e9122d16fdbf75f365ec9228346fc91505a1d861a9503fea3e5,EPS,FY2019,UNSPECIFIED,NOT_APPLICABLE,USD_PER_SHARE,7.15,7.35,7.25,CURRENT_GUIDANCE_RANGE,AS_REPORTED,HTML_TABLE_GRID,0,CURRENT_CANDIDATE,CURRENT_GUIDANCE_RANGE,17,10,3,Diluted EPS | Diluted EPS | Diluted EPS,"Full Year 2019 Moody's Corporation Guidance as of July 31, 2019 | Current guidance | increase in the mid-single-digit percent range | increase in the high-single-digit percent range | approximately 42% | approximately 48% | approximately $195 million | 21% - 22%","Three Months Ended June 30, 2019 Amounts in millions Reported change FX impact Change on a constant currency basis $ % $ % $ % MIS Revenue $ (13.9) (1.8%) $ (10.6) (1.4%) $ (3.3) (0.4%) | Table 13 - 2019 Outlook | Moody’s outlook for 2019 is based on assumptions about many geopolitical conditions and macroeconomic and capital market factors, including interest rates, foreign currency exchange rates, corporate profitability and business investment spending, mergers and acquisitions, consumer borrowing and securitization, and the level of debt capital markets activity. These assumptions are subject to uncertainty, and results for the year could differ materially from our current outlook. Our guidance assumes foreign currency translation at end-of-quarter exchange rates. Specifically, our forecast for the remainder of 2019 reflects exchange rates for the British pound (£) of $1.27 to £1 and for the euro (€) of $1.14 to €1. | Diluted EPS | Diluted EPS | Diluted EPS | $7.15 to $7.35 | $7.15 to $7.35 | $7.15 to $7.35 | $7.15 to $7.35 | $7.30 to $7.55 | $7.30 to $7.55 | $7.30 to $7.55 | $7.30 to $7.55 |",V9_SEVEN_GRAMMAR_CORRECTED_NOT_SOURCE_REVIEWED,,,517f489c0dde05ad6eb85bdbf4c7365b7ff6e2ac44448548cd12651ab742b637
MCO,0001059556,0001157523-19-001632,2019-07-31T11:30:12.000Z,a52021921ex99_1.htm,https://www.sec.gov/Archives/edgar/data/1059556/000115752319001632/a52021921ex99_1.htm,2bc2e33e50aa4e9122d16fdbf75f365ec9228346fc91505a1d861a9503fea3e5,EPS,FY2019,NON_GAAP,NOT_APPLICABLE,USD_PER_SHARE,7.95,8.15,8.05,CURRENT_GUIDANCE_RANGE,AS_REPORTED,HTML_TABLE_GRID,0,CURRENT_CANDIDATE,CURRENT_GUIDANCE_RANGE,17,11,3,Adjusted Diluted EPS(2) | Adjusted Diluted EPS(2) | Adjusted Diluted EPS(2),"Full Year 2019 Moody's Corporation Guidance as of July 31, 2019 | Current guidance | increase in the mid-single-digit percent range | increase in the high-single-digit percent range | approximately 42% | approximately 48% | approximately $195 million | 21% - 22% | $7.15 to $7.35","Three Months Ended June 30, 2019 Amounts in millions Reported change FX impact Change on a constant currency basis $ % $ % $ % MIS Revenue $ (13.9) (1.8%) $ (10.6) (1.4%) $ (3.3) (0.4%) | Table 13 - 2019 Outlook | Moody’s outlook for 2019 is based on assumptions about many geopolitical conditions and macroeconomic and capital market factors, including interest rates, foreign currency exchange rates, corporate profitability and business investment spending, mergers and acquisitions, consumer borrowing and securitization, and the level of debt capital markets activity. These assumptions are subject to uncertainty, and results for the year could differ materially from our current outlook. Our guidance assumes foreign currency translation at end-of-quarter exchange rates. Specifically, our forecast for the remainder of 2019 reflects exchange rates for the British pound (£) of $1.27 to £1 and for the euro (€) of $1.14 to €1. | Adjusted Diluted EPS(2) | Adjusted Diluted EPS(2) | Adjusted Diluted EPS(2) | $7.95 to $8.15 | $7.95 to $8.15 | $7.95 to $8.15 | $7.95 to $8.15 | $7.85 to $8.10 | $7.85 to $8.10 | $7.85 to $8.10 | $7.85 to $8.10 |",V9_SEVEN_GRAMMAR_CORRECTED_NOT_SOURCE_REVIEWED,,,517f489c0dde05ad6eb85bdbf4c7365b7ff6e2ac44448548cd12651ab742b637
MCO,0001059556,0001157523-19-001632,2019-07-31T11:30:12.000Z,a52021921ex99_1.htm,https://www.sec.gov/Archives/edgar/data/1059556/000115752319001632/a52021921ex99_1.htm,2bc2e33e50aa4e9122d16fdbf75f365ec9228346fc91505a1d861a9503fea3e5,FREE_CASH_FLOW,FY2019,NON_GAAP,NOT_APPLICABLE,USD,1600000000,1700000000,1650000000,CURRENT_GUIDANCE_RANGE,AS_REPORTED,HTML_TABLE_GRID,0,CURRENT_CANDIDATE,CURRENT_GUIDANCE_RANGE,17,13,3,Free cash flow(2) | Free cash flow(2) | Free cash flow(2),"Full Year 2019 Moody's Corporation Guidance as of July 31, 2019 | Current guidance | increase in the mid-single-digit percent range | increase in the high-single-digit percent range | approximately 42% | approximately 48% | approximately $195 million | 21% - 22% | $7.15 to $7.35 | $7.95 to $8.15 | $1.7 to $1.8 billion","Three Months Ended June 30, 2019 Amounts in millions Reported change FX impact Change on a constant currency basis $ % $ % $ % MIS Revenue $ (13.9) (1.8%) $ (10.6) (1.4%) $ (3.3) (0.4%) | Table 13 - 2019 Outlook | Moody’s outlook for 2019 is based on assumptions about many geopolitical conditions and macroeconomic and capital market factors, including interest rates, foreign currency exchange rates, corporate profitability and business investment spending, mergers and acquisitions, consumer borrowing and securitization, and the level of debt capital markets activity. These assumptions are subject to uncertainty, and results for the year could differ materially from our current outlook. Our guidance assumes foreign currency translation at end-of-quarter exchange rates. Specifically, our forecast for the remainder of 2019 reflects exchange rates for the British pound (£) of $1.27 to £1 and for the euro (€) of $1.14 to €1. | Free cash flow(2) | Free cash flow(2) | Free cash flow(2) | $1.6 to $1.7 billion | $1.6 to $1.7 billion | $1.6 to $1.7 billion | $1.6 to $1.7 billion | NC | NC | NC | NC |",V9_SEVEN_GRAMMAR_CORRECTED_NOT_SOURCE_REVIEWED,,,185bc2e3ed4e5d345ce9fbbe1a0e7fac666032d99ff490b42009d42feddc65ca
MCO,0001059556,0001157523-19-001632,2019-07-31T11:30:12.000Z,a52021921ex99_1.htm,https://www.sec.gov/Archives/edgar/data/1059556/000115752319001632/a52021921ex99_1.htm,2bc2e33e50aa4e9122d16fdbf75f365ec9228346fc91505a1d861a9503fea3e5,MARGIN,FY2019,NON_GAAP,NOT_APPLICABLE,PERCENT,28,29,28.5,CURRENT_GUIDANCE_RANGE,AS_REPORTED,HTML_TABLE_GRID,0,CURRENT_CANDIDATE,CURRENT_GUIDANCE_RANGE,17,29,3,MA adjusted operating margin | MA adjusted operating margin | MA adjusted operating margin,"Full Year 2019 Moody's Corporation Guidance as of July 31, 2019 | Current guidance | increase in the mid-single-digit percent range | increase in the high-single-digit percent range | approximately 42% | approximately 48% | approximately $195 million | 21% - 22% | $7.15 to $7.35 | $7.95 to $8.15 | $1.7 to $1.8 billion | $1.6 to $1.7 billion | $1.0 to $1.3 billion (subject to available cash, market conditions and other ongoing capital allocation decisions) | NC - There is no difference between th","Three Months Ended June 30, 2019 Amounts in millions Reported change FX impact Change on a constant currency basis $ % $ % $ % MIS Revenue $ (13.9) (1.8%) $ (10.6) (1.4%) $ (3.3) (0.4%) | Table 13 - 2019 Outlook | Moody’s outlook for 2019 is based on assumptions about many geopolitical conditions and macroeconomic and capital market factors, including interest rates, foreign currency exchange rates, corporate profitability and business investment spending, mergers and acquisitions, consumer borrowing and securitization, and the level of debt capital markets activity. These assumptions are subject to uncertainty, and results for the year could differ materially from our current outlook. Our guidance assumes foreign currency translation at end-of-quarter exchange rates. Specifically, our forecast for the remainder of 2019 reflects exchange rates for the British pound (£) of $1.27 to £1 and for the euro (€) of $1.14 to €1. | MA adjusted operating margin | MA adjusted operating margin | MA adjusted operating margin | 28% - 29% | 28% - 29% | 28% - 29% | 28% - 29% | 29% - 30% | 29% - 30% | 29% - 30% | 29% - 30% |",V9_SEVEN_GRAMMAR_CORRECTED_NOT_SOURCE_REVIEWED,,,79d01f8cc229e35a3b30b80b8ee38d0bc3ed46037c6b59813d2f211cfd891495
MCO,0001059556,0001157523-19-001632,2019-07-31T11:30:12.000Z,a52021921ex99_1.htm,https://www.sec.gov/Archives/edgar/data/1059556/000115752319001632/a52021921ex99_1.htm,2bc2e33e50aa4e9122d16fdbf75f365ec9228346fc91505a1d861a9503fea3e5,EPS,FY2019,UNSPECIFIED,NOT_APPLICABLE,USD_PER_SHARE,7.15,7.35,7.25,CURRENT_GUIDANCE_RANGE,AS_REPORTED,NARRATIVE_CLAUSE,42,CURRENT_CANDIDATE,CURRENT_GUIDANCE_RANGE,,,,,,FY 2019 diluted EPS guidance range is now $7.15 to $7.35; adjusted diluted EPS guidance range is now $7.95 to $8.15,V9_SEVEN_GRAMMAR_CORRECTED_NOT_SOURCE_REVIEWED,/html/body/document/type/sequence/filename/description/text/div[3]/div/div/div/div[1]/ul/b/li[4],HTML_LI,94b72ba0369330224bbeda25345f3658519a81e34204ab5d05189ed2e1e723fc
MCO,0001059556,0001157523-19-001632,2019-07-31T11:30:12.000Z,a52021921ex99_1.htm,https://www.sec.gov/Archives/edgar/data/1059556/000115752319001632/a52021921ex99_1.htm,2bc2e33e50aa4e9122d16fdbf75f365ec9228346fc91505a1d861a9503fea3e5,EPS,FY2019,NON_GAAP,NOT_APPLICABLE,USD_PER_SHARE,7.95,8.15,8.05,CURRENT_GUIDANCE_RANGE,AS_REPORTED,NARRATIVE_CLAUSE,101,CURRENT_CANDIDATE,CURRENT_GUIDANCE_RANGE,,,,,,FY 2019 diluted EPS guidance range is now $7.15 to $7.35; adjusted diluted EPS guidance range is now $7.95 to $8.15,V9_SEVEN_GRAMMAR_CORRECTED_NOT_SOURCE_REVIEWED,/html/body/document/type/sequence/filename/description/text/div[3]/div/div/div/div[1]/ul/b/li[4],HTML_LI,f409f6e62751d433b72bccd82a7e8fa451750bcded49e21890e65d3312e94424
MCO,0001059556,0001157523-19-001632,2019-07-31T11:30:12.000Z,a52021921ex99_1.htm,https://www.sec.gov/Archives/edgar/data/1059556/000115752319001632/a52021921ex99_1.htm,2bc2e33e50aa4e9122d16fdbf75f365ec9228346fc91505a1d861a9503fea3e5,EPS,FY2019,NON_GAAP,NOT_APPLICABLE,USD_PER_SHARE,7.95,8.15,8.05,CURRENT_GUIDANCE_RANGE,AS_REPORTED,NARRATIVE_CLAUSE,431,CURRENT_CANDIDATE,CURRENT_GUIDANCE_RANGE,,,,,,"McDaniel, President and Chief Executive Officer of Moody’s. “In light of first half performance exceeding our expectations, we are increasing our full year 2019 adjusted diluted EPS guidance range to $7.95 to $8.15.”",V9_SEVEN_GRAMMAR_CORRECTED_NOT_SOURCE_REVIEWED,/html/body/document/type/sequence/filename/description/text/div[3]/div/div/div/div[2]/div[1]/p[2],HTML_P,5bd53ba19e49ddcd6dae7a2beecae8e5304c76202701de9eada53870197a840d
APH,0000820313,0001558370-19-009028,2019-10-23T14:19:40.000Z,aph-20191023ex991023d5e.htm,https://www.sec.gov/Archives/edgar/data/820313/000155837019009028/aph-20191023ex991023d5e.htm,5ab23e9b0d35026c4c554af929724799c3b04638793ea62c15ac2d84de45fb43,EPS,Q4-2019,NON_GAAP,NOT_APPLICABLE,USD_PER_SHARE,0.89,0.91,0.9,CURRENT_GUIDANCE_RANGE,AS_REPORTED,NARRATIVE_CLAUSE,365,CURRENT_CANDIDATE,CURRENT_GUIDANCE_RANGE,,,,,,"Given the current demand environment, together with contributions from the acquisitions just completed, we expect fourth quarter 2019 sales to be in the range of $1.960 billion to $2.000 billion and Adjusted Diluted EPS in the range of $0.89 to $0.91. For the full year 2019, we now expect sales in the range of $8.035 billion to $8.075 billion, a decrease of 2% over 2018, and Adjusted Diluted EPS to be in the range of $3.65 to $3.67, which is a decrease of 3% over 2018. This compares to our prior full-year 2019 guidance for sales in the range of $7.920 billion to $8.000 billion and Adjusted Diluted EPS in the range of $3.56 to $3.60.”",V9_SEVEN_GRAMMAR_CORRECTED_NOT_SOURCE_REVIEWED,/html/body/document/type/sequence/filename/description/text/div[6]/p[3],HTML_P,3c27a049a1a663364d3279217b34e1afcf52688fbf1a758cfaeec58f5ae99ce8
APH,0000820313,0001558370-19-009028,2019-10-23T14:19:40.000Z,aph-20191023ex991023d5e.htm,https://www.sec.gov/Archives/edgar/data/820313/000155837019009028/aph-20191023ex991023d5e.htm,5ab23e9b0d35026c4c554af929724799c3b04638793ea62c15ac2d84de45fb43,EPS,FY2019,NON_GAAP,NOT_APPLICABLE,USD_PER_SHARE,3.65,3.67,3.66,CURRENT_GUIDANCE_RANGE,AS_REPORTED,NARRATIVE_CLAUSE,551,CURRENT_CANDIDATE,CURRENT_GUIDANCE_RANGE,,,,,,"Given the current demand environment, together with contributions from the acquisitions just completed, we expect fourth quarter 2019 sales to be in the range of $1.960 billion to $2.000 billion and Adjusted Diluted EPS in the range of $0.89 to $0.91. For the full year 2019, we now expect sales in the range of $8.035 billion to $8.075 billion, a decrease of 2% over 2018, and Adjusted Diluted EPS to be in the range of $3.65 to $3.67, which is a decrease of 3% over 2018. This compares to our prior full-year 2019 guidance for sales in the range of $7.920 billion to $8.000 billion and Adjusted Diluted EPS in the range of $3.56 to $3.60.”",V9_SEVEN_GRAMMAR_CORRECTED_NOT_SOURCE_REVIEWED,/html/body/document/type/sequence/filename/description/text/div[6]/p[3],HTML_P,fa70b455e04b227cb052fef61dce20fb8ae7417b63e2a1fff69e68d74c9b10d3
CNP,0001130310,0001130310-19-000043,2019-11-07T11:36:55.000Z,q32019earningsreleasep.htm,https://www.sec.gov/Archives/edgar/data/1130310/000113031019000043/q32019earningsreleasep.htm,cf08e7d618cf48c83dd967ebf48a7b3bc249aa5fb832de59d04173f815298eac,EPS,FY2019,UNSPECIFIED,NOT_APPLICABLE,USD_PER_SHARE,1.6,1.7,1.65,CURRENT_GUIDANCE_RANGE,AS_REPORTED,NARRATIVE_CLAUSE,88,CURRENT_CANDIDATE,CURRENT_GUIDANCE_RANGE,,,,,,"• Reiterate full-year 2019 EPS guidance, anticipate achieving near the upper end of the $1.60 - $1.70 range",V9_SEVEN_GRAMMAR_CORRECTED_NOT_SOURCE_REVIEWED,/html/body/document/type/sequence/filename/description/text/div[10]/div/table/tr[3],HTML_SINGLE_CELL_ROW,fe1b3b63a6b512c5858db213bc16f0c3a32edc6e80449a5c33e8d31b064a0e25
HUM,0000049071,0000049071-20-000018,2020-02-05T11:57:09.000Z,hum-2019q48kxex99x2.htm,https://www.sec.gov/Archives/edgar/data/49071/000004907120000018/hum-2019q48kxex99x2.htm,4634c6875889788e3b1b210ef29515352c2e7b17b4be9bf6eea6dd17b360c66a,EPS,FY2020,GAAP,NOT_APPLICABLE,USD_PER_SHARE,17.76,18.26,18.01,CURRENT_GUIDANCE_RANGE,AS_REPORTED,HTML_TABLE_GRID,0,CURRENT_CANDIDATE,CURRENT_GUIDANCE_RANGE,145,3,3,Diluted earningsper commonshare (EPS) | GAAP,"Humana Inc.Full-Year 2020 ProjectionsAs of February 5, 2020",| Diluted earningsper commonshare (EPS) | | GAAP | $17.76 to $18.26 | | • GAAP EPS guidance excludes the impact of future fair value changes of put/call options related to the company's minority interest in certain investments. The future value change of these put/call options cannot be estimated.• See footnote (f) for detail of non-GAAP adjustments.,V9_SEVEN_GRAMMAR_CORRECTED_NOT_SOURCE_REVIEWED,,,e6fb5a6d4d5f0898ca4d48a087bd568330666401d5075828624a92d08c63c277
HUM,0000049071,0000049071-20-000018,2020-02-05T11:57:09.000Z,hum-2019q48kxex99x2.htm,https://www.sec.gov/Archives/edgar/data/49071/000004907120000018/hum-2019q48kxex99x2.htm,4634c6875889788e3b1b210ef29515352c2e7b17b4be9bf6eea6dd17b360c66a,EPS,FY2020,NON_GAAP,NOT_APPLICABLE,USD_PER_SHARE,18.25,18.75,18.5,CURRENT_GUIDANCE_RANGE,AS_REPORTED,HTML_TABLE_GRID,0,CURRENT_CANDIDATE,CURRENT_GUIDANCE_RANGE,145,5,3,Diluted earningsper commonshare (EPS) | Non-GAAP,"Humana Inc.Full-Year 2020 ProjectionsAs of February 5, 2020 | $17.76 to $18.26 | ~0.49",| Diluted earningsper commonshare (EPS) | | Non-GAAP | $18.25 to $18.75 | | • GAAP EPS guidance excludes the impact of future fair value changes of put/call options related to the company's minority interest in certain investments. The future value change of these put/call options cannot be estimated.• See footnote (f) for detail of non-GAAP adjustments.,V9_SEVEN_GRAMMAR_CORRECTED_NOT_SOURCE_REVIEWED,,,e6fb5a6d4d5f0898ca4d48a087bd568330666401d5075828624a92d08c63c277
HUM,0000049071,0000049071-20-000018,2020-02-05T11:57:09.000Z,hum-2019q48kxex99x2.htm,https://www.sec.gov/Archives/edgar/data/49071/000004907120000018/hum-2019q48kxex99x2.htm,4634c6875889788e3b1b210ef29515352c2e7b17b4be9bf6eea6dd17b360c66a,CAPEX,FY2020,NOT_APPLICABLE,NOT_APPLICABLE,USD,850000000,900000000,875000000,CURRENT_GUIDANCE_RANGE,AS_REPORTED,HTML_TABLE_GRID,0,CURRENT_CANDIDATE,CURRENT_GUIDANCE_RANGE,146,10,2,Capital expenditures,"Humana Inc.Full-Year 2020 ProjectionsAs of February 5, 2020 | Retail segment earnings | Group and Specialty segment earnings | Healthcare Services Adjusted EBITDA | GAAP: 30.8% to 31.3%Adjustment: ~0.2% Non-GAAP: 30.6% to 31.1% | 132.2 million to 133.2 million | $3.2 billion to $3.6 billion",| Capital expenditures | | $850 million to $900 million | $850 million to $900 million | $850 million to $900 million | $850 million to $900 million | |,V9_SEVEN_GRAMMAR_CORRECTED_NOT_SOURCE_REVIEWED,,,607eacf4431b2610b3111a450b3c9cfc54a6890e1fd250c15e30f5c2a40ab8ec
MCO,0001059556,0001157523-20-000190,2020-02-12T12:30:39.000Z,a52172350_ex991.htm,https://www.sec.gov/Archives/edgar/data/1059556/000115752320000190/a52172350_ex991.htm,d8b99bb935e4533cdf2836a9633e8b1b55491ebd93c0d6f7bb3d50d5f3cc046e,MARGIN,FY2020,NON_GAAP,NOT_APPLICABLE,PERCENT,48,49,48.5,CURRENT_GUIDANCE_RANGE,AS_REPORTED,HTML_TABLE_GRID,0,CURRENT_CANDIDATE,CURRENT_GUIDANCE_RANGE,17,5,1,Adjusted operating margin(1),"Full Year 2020 Moody's Corporation Guidance as of February 12, 2020 | MOODY'S CORPORATION | increase in the mid-single-digit percent range | increase in the low-single-digit percent range | approximately 44%","Note: The tax impacts in the table above were calculated using tax rates in effect in the jurisdiction for which the item relates. | Table 12 - 2020 Outlook | Moody's outlook for 2020 is based on assumptions about many geopolitical conditions and macroeconomic and capital market factors, including interest rates, foreign currency exchange rates, corporate profitability and business investment spending, mergers and acquisitions, consumer borrowing and securitization, and the amount of debt issued. These assumptions are subject to uncertainty, and results for the year could differ materially from our current outlook. Our guidance assumes timely closing of the recently announced acquisition of Regulatory DataCorp and assumes foreign currency translation at end-of-quarter exchange rates. Specifically, our forecast reflects exchange rates for the British pound (£) of $1.31 to £1 and for the euro (€) of $1.11 to €1. | Adjusted operating margin(1) | 48% - 49%",V9_SEVEN_GRAMMAR_CORRECTED_NOT_SOURCE_REVIEWED,,,34aaa5fc25980b5e66df3ae321783166b2f6c275b81095be7ec479236b197c6d
MCO,0001059556,0001157523-20-000190,2020-02-12T12:30:39.000Z,a52172350_ex991.htm,https://www.sec.gov/Archives/edgar/data/1059556/000115752320000190/a52172350_ex991.htm,d8b99bb935e4533cdf2836a9633e8b1b55491ebd93c0d6f7bb3d50d5f3cc046e,EPS,FY2020,UNSPECIFIED,NOT_APPLICABLE,USD_PER_SHARE,8.6,8.8,8.7,CURRENT_GUIDANCE_RANGE,AS_REPORTED,HTML_TABLE_GRID,0,CURRENT_CANDIDATE,CURRENT_GUIDANCE_RANGE,17,8,1,Diluted EPS,"Full Year 2020 Moody's Corporation Guidance as of February 12, 2020 | MOODY'S CORPORATION | increase in the mid-single-digit percent range | increase in the low-single-digit percent range | approximately 44% | 48% - 49% | $180 - $200 million | 20% - 22%","Note: The tax impacts in the table above were calculated using tax rates in effect in the jurisdiction for which the item relates. | Table 12 - 2020 Outlook | Moody's outlook for 2020 is based on assumptions about many geopolitical conditions and macroeconomic and capital market factors, including interest rates, foreign currency exchange rates, corporate profitability and business investment spending, mergers and acquisitions, consumer borrowing and securitization, and the amount of debt issued. These assumptions are subject to uncertainty, and results for the year could differ materially from our current outlook. Our guidance assumes timely closing of the recently announced acquisition of Regulatory DataCorp and assumes foreign currency translation at end-of-quarter exchange rates. Specifically, our forecast reflects exchange rates for the British pound (£) of $1.31 to £1 and for the euro (€) of $1.11 to €1. | Diluted EPS | $8.60 to $8.80",V9_SEVEN_GRAMMAR_CORRECTED_NOT_SOURCE_REVIEWED,,,f9f824e1ad8c0af0937c4d451df69ec9c72cf5ca77d53f4478cefb54bbcfb55e
MCO,0001059556,0001157523-20-000190,2020-02-12T12:30:39.000Z,a52172350_ex991.htm,https://www.sec.gov/Archives/edgar/data/1059556/000115752320000190/a52172350_ex991.htm,d8b99bb935e4533cdf2836a9633e8b1b55491ebd93c0d6f7bb3d50d5f3cc046e,EPS,FY2020,NON_GAAP,NOT_APPLICABLE,USD_PER_SHARE,9.1,9.3,9.2,CURRENT_GUIDANCE_RANGE,AS_REPORTED,HTML_TABLE_GRID,0,CURRENT_CANDIDATE,CURRENT_GUIDANCE_RANGE,17,9,1,Adjusted Diluted EPS(1),"Full Year 2020 Moody's Corporation Guidance as of February 12, 2020 | MOODY'S CORPORATION | increase in the mid-single-digit percent range | increase in the low-single-digit percent range | approximately 44% | 48% - 49% | $180 - $200 million | 20% - 22% | $8.60 to $8.80","Note: The tax impacts in the table above were calculated using tax rates in effect in the jurisdiction for which the item relates. | Table 12 - 2020 Outlook | Moody's outlook for 2020 is based on assumptions about many geopolitical conditions and macroeconomic and capital market factors, including interest rates, foreign currency exchange rates, corporate profitability and business investment spending, mergers and acquisitions, consumer borrowing and securitization, and the amount of debt issued. These assumptions are subject to uncertainty, and results for the year could differ materially from our current outlook. Our guidance assumes timely closing of the recently announced acquisition of Regulatory DataCorp and assumes foreign currency translation at end-of-quarter exchange rates. Specifically, our forecast reflects exchange rates for the British pound (£) of $1.31 to £1 and for the euro (€) of $1.11 to €1. | Adjusted Diluted EPS(1) | $9.10 to $9.30",V9_SEVEN_GRAMMAR_CORRECTED_NOT_SOURCE_REVIEWED,,,f9f824e1ad8c0af0937c4d451df69ec9c72cf5ca77d53f4478cefb54bbcfb55e
MCO,0001059556,0001157523-20-000190,2020-02-12T12:30:39.000Z,a52172350_ex991.htm,https://www.sec.gov/Archives/edgar/data/1059556/000115752320000190/a52172350_ex991.htm,d8b99bb935e4533cdf2836a9633e8b1b55491ebd93c0d6f7bb3d50d5f3cc046e,FREE_CASH_FLOW,FY2020,NON_GAAP,NOT_APPLICABLE,USD,1700000000,1800000000,1750000000,CURRENT_GUIDANCE_RANGE,AS_REPORTED,HTML_TABLE_GRID,0,CURRENT_CANDIDATE,CURRENT_GUIDANCE_RANGE,17,11,1,Free cash flow(1),"Full Year 2020 Moody's Corporation Guidance as of February 12, 2020 | MOODY'S CORPORATION | increase in the mid-single-digit percent range | increase in the low-single-digit percent range | approximately 44% | 48% - 49% | $180 - $200 million | 20% - 22% | $8.60 to $8.80 | $9.10 to $9.30 | $1.8 to $1.9 billion","Note: The tax impacts in the table above were calculated using tax rates in effect in the jurisdiction for which the item relates. | Table 12 - 2020 Outlook | Moody's outlook for 2020 is based on assumptions about many geopolitical conditions and macroeconomic and capital market factors, including interest rates, foreign currency exchange rates, corporate profitability and business investment spending, mergers and acquisitions, consumer borrowing and securitization, and the amount of debt issued. These assumptions are subject to uncertainty, and results for the year could differ materially from our current outlook. Our guidance assumes timely closing of the recently announced acquisition of Regulatory DataCorp and assumes foreign currency translation at end-of-quarter exchange rates. Specifically, our forecast reflects exchange rates for the British pound (£) of $1.31 to £1 and for the euro (€) of $1.11 to €1. | Free cash flow(1) | $1.7 to $1.8 billion",V9_SEVEN_GRAMMAR_CORRECTED_NOT_SOURCE_REVIEWED,,,b6286e75ee3e5c81ba0c9db4a18e39a23a5ba01d8aeebd6b9efaa676cd9bcdce
MCO,0001059556,0001157523-20-000190,2020-02-12T12:30:39.000Z,a52172350_ex991.htm,https://www.sec.gov/Archives/edgar/data/1059556/000115752320000190/a52172350_ex991.htm,d8b99bb935e4533cdf2836a9633e8b1b55491ebd93c0d6f7bb3d50d5f3cc046e,MARGIN,FY2020,NON_GAAP,NOT_APPLICABLE,PERCENT,58,59,58.5,CURRENT_GUIDANCE_RANGE,AS_REPORTED,HTML_TABLE_GRID,0,CURRENT_CANDIDATE,CURRENT_GUIDANCE_RANGE,17,15,1,MIS adjusted operating margin,"Full Year 2020 Moody's Corporation Guidance as of February 12, 2020 | MOODY'S CORPORATION | increase in the mid-single-digit percent range | increase in the low-single-digit percent range | approximately 44% | 48% - 49% | $180 - $200 million | 20% - 22% | $8.60 to $8.80 | $9.10 to $9.30 | $1.8 to $1.9 billion | $1.7 to $1.8 billion | approximately $1.3 billion (subject to available cash, market conditions and other ongoing capital allocation decisions) | Moody's Investors Service (MIS)","Note: The tax impacts in the table above were calculated using tax rates in effect in the jurisdiction for which the item relates. | Table 12 - 2020 Outlook | Moody's outlook for 2020 is based on assumptions about many geopolitical conditions and macroeconomic and capital market factors, including interest rates, foreign currency exchange rates, corporate profitability and business investment spending, mergers and acquisitions, consumer borrowing and securitization, and the amount of debt issued. These assumptions are subject to uncertainty, and results for the year could differ materially from our current outlook. Our guidance assumes timely closing of the recently announced acquisition of Regulatory DataCorp and assumes foreign currency translation at end-of-quarter exchange rates. Specifically, our forecast reflects exchange rates for the British pound (£) of $1.31 to £1 and for the euro (€) of $1.11 to €1. | MIS adjusted operating margin | 58% - 59%",V9_SEVEN_GRAMMAR_CORRECTED_NOT_SOURCE_REVIEWED,,,34aaa5fc25980b5e66df3ae321783166b2f6c275b81095be7ec479236b197c6d
MCO,0001059556,0001157523-20-000190,2020-02-12T12:30:39.000Z,a52172350_ex991.htm,https://www.sec.gov/Archives/edgar/data/1059556/000115752320000190/a52172350_ex991.htm,d8b99bb935e4533cdf2836a9633e8b1b55491ebd93c0d6f7bb3d50d5f3cc046e,EPS,FY2020,UNSPECIFIED,NOT_APPLICABLE,USD_PER_SHARE,8.6,8.8,8.7,CURRENT_GUIDANCE_RANGE,AS_REPORTED,NARRATIVE_CLAUSE,45,CURRENT_CANDIDATE,CURRENT_GUIDANCE_RANGE,,,,,,Full year 2020 diluted EPS is expected to be $8.60 to $8.80. The Company expects full year 2020 adjusted diluted EPS to be $9.10 to $9.30.,V9_SEVEN_GRAMMAR_CORRECTED_NOT_SOURCE_REVIEWED,/html/body/document/type/sequence/filename/description/text/div[4]/div/div[2]/div[1]/p[40],HTML_P,927f80e434df71e32a3c39614d791ad8485a077770ce6474b52c5f6547fbac43
MCO,0001059556,0001157523-20-000190,2020-02-12T12:30:39.000Z,a52172350_ex991.htm,https://www.sec.gov/Archives/edgar/data/1059556/000115752320000190/a52172350_ex991.htm,d8b99bb935e4533cdf2836a9633e8b1b55491ebd93c0d6f7bb3d50d5f3cc046e,EPS,FY2020,NON_GAAP,NOT_APPLICABLE,USD_PER_SHARE,9.1,9.3,9.2,CURRENT_GUIDANCE_RANGE,AS_REPORTED,NARRATIVE_CLAUSE,123,CURRENT_CANDIDATE,CURRENT_GUIDANCE_RANGE,,,,,,Full year 2020 diluted EPS is expected to be $8.60 to $8.80. The Company expects full year 2020 adjusted diluted EPS to be $9.10 to $9.30.,V9_SEVEN_GRAMMAR_CORRECTED_NOT_SOURCE_REVIEWED,/html/body/document/type/sequence/filename/description/text/div[4]/div/div[2]/div[1]/p[40],HTML_P,52f95e9d1022e4380f40298be7acd8aeecf0f95538ef7d9d5adb43cb9590cb29
MCO,0001059556,0001157523-20-000328,2020-03-11T11:01:09.000Z,a52187115ex99_1.htm,https://www.sec.gov/Archives/edgar/data/1059556/000115752320000328/a52187115ex99_1.htm,4c2dc5157b3817c1f4b25cbe43502c3d9b3d476bb2fa4e8dbceb5758f7091fb6,EPS,FY2020,NON_GAAP,NOT_APPLICABLE,USD_PER_SHARE,9.1,9.3,9.2,CURRENT_GUIDANCE_RANGE,AS_REPORTED,NARRATIVE_CLAUSE,150,CURRENT_CANDIDATE,CURRENT_GUIDANCE_RANGE,,,,,,"NEW YORK--(BUSINESS WIRE)--March 11, 2020--Moody's Corporation (NYSE: MCO) today reaffirmed its full year 2020 adjusted diluted EPS guidance range of $9.10 to $9.30, though the Company now expects to be toward the lower end of that range.",V9_SEVEN_GRAMMAR_CORRECTED_NOT_SOURCE_REVIEWED,/html/body/document/type/sequence/filename/description/text/div/div[2]/div/div[1]/p[1],HTML_P,5f570bd06ec9cda72c1874f3fb6015742f4f1ba6390d4296afe7c0ca896eaccf
MCO,0001059556,0001157523-20-001069,2020-07-30T11:32:47.000Z,a52258353_ex991.htm,https://www.sec.gov/Archives/edgar/data/1059556/000115752320001069/a52258353_ex991.htm,5625fa5b80f4c7974f87eb9d36c45421a3fb0a26d97b984d7fd9d6c63d6a466c,EPS,FY2020,UNSPECIFIED,NOT_APPLICABLE,USD_PER_SHARE,8.15,8.55,8.35,CURRENT_GUIDANCE_RANGE,AS_REPORTED,NARRATIVE_CLAUSE,49,CURRENT_CANDIDATE,CURRENT_GUIDANCE_RANGE,,,,,,FY 2020 guidance range for diluted EPS raised to $8.15 to $8.55; adjusted diluted EPS guidance raised to $8.80 to $9.20,V9_SEVEN_GRAMMAR_CORRECTED_NOT_SOURCE_REVIEWED,/html/body/document/type/sequence/filename/description/text/div[3]/div/div[1]/ul/b/li[4],HTML_LI,746db4ce200c2f01cb54f9e6659402b43ad764938c613dc1528be4d2b4cdb9e9
MCO,0001059556,0001157523-20-001069,2020-07-30T11:32:47.000Z,a52258353_ex991.htm,https://www.sec.gov/Archives/edgar/data/1059556/000115752320001069/a52258353_ex991.htm,5625fa5b80f4c7974f87eb9d36c45421a3fb0a26d97b984d7fd9d6c63d6a466c,EPS,FY2020,NON_GAAP,NOT_APPLICABLE,USD_PER_SHARE,8.8,9.2,9,CURRENT_GUIDANCE_RANGE,AS_REPORTED,NARRATIVE_CLAUSE,105,CURRENT_CANDIDATE,CURRENT_GUIDANCE_RANGE,,,,,,FY 2020 guidance range for diluted EPS raised to $8.15 to $8.55; adjusted diluted EPS guidance raised to $8.80 to $9.20,V9_SEVEN_GRAMMAR_CORRECTED_NOT_SOURCE_REVIEWED,/html/body/document/type/sequence/filename/description/text/div[3]/div/div[1]/ul/b/li[4],HTML_LI,918d1d3a7ff12ac42f506165a5667cf8217d66920f586f9a6624f05f802f2cf3
MCO,0001059556,0001157523-20-001069,2020-07-30T11:32:47.000Z,a52258353_ex991.htm,https://www.sec.gov/Archives/edgar/data/1059556/000115752320001069/a52258353_ex991.htm,5625fa5b80f4c7974f87eb9d36c45421a3fb0a26d97b984d7fd9d6c63d6a466c,EPS,FY2020,NON_GAAP,NOT_APPLICABLE,USD_PER_SHARE,8.8,9.2,9,CURRENT_GUIDANCE_RANGE,AS_REPORTED,NARRATIVE_CLAUSE,837,CURRENT_CANDIDATE,CURRENT_GUIDANCE_RANGE,,,,,,"our expectations, we are raising and narrowing our full year 2020 adjusted diluted EPS guidance range to $8.80 to $9.20, while still expecting debt issuance to taper in the second half of the year.”",V9_SEVEN_GRAMMAR_CORRECTED_NOT_SOURCE_REVIEWED,/html/body/document/type/sequence/filename/description/text/div[3]/div/div[2]/div[1]/p[2],HTML_P,8e3a4a8acdcfaf90c3bb66ceb34965c7fc3b4e542d49c41c231acda4fcf23923
MCO,0001059556,0001157523-20-001069,2020-07-30T11:32:47.000Z,a52258353_ex991.htm,https://www.sec.gov/Archives/edgar/data/1059556/000115752320001069/a52258353_ex991.htm,5625fa5b80f4c7974f87eb9d36c45421a3fb0a26d97b984d7fd9d6c63d6a466c,EPS,FY2020,UNSPECIFIED,NOT_APPLICABLE,USD_PER_SHARE,8.15,8.55,8.35,CURRENT_GUIDANCE_RANGE,AS_REPORTED,NARRATIVE_CLAUSE,45,CURRENT_CANDIDATE,CURRENT_GUIDANCE_RANGE,,,,,,Full year 2020 diluted EPS is expected to be $8.15 to $8.55. The company expects full year 2020 adjusted diluted EPS to be $8.80 to $9.20.,V9_SEVEN_GRAMMAR_CORRECTED_NOT_SOURCE_REVIEWED,/html/body/document/type/sequence/filename/description/text/div[3]/div/div[2]/div[1]/p[36],HTML_P,af5e1c1aee6990f8050360f30dc9e83dd852218518ca6286cc1122c6b6fcabc7
MCO,0001059556,0001157523-20-001069,2020-07-30T11:32:47.000Z,a52258353_ex991.htm,https://www.sec.gov/Archives/edgar/data/1059556/000115752320001069/a52258353_ex991.htm,5625fa5b80f4c7974f87eb9d36c45421a3fb0a26d97b984d7fd9d6c63d6a466c,EPS,FY2020,NON_GAAP,NOT_APPLICABLE,USD_PER_SHARE,8.8,9.2,9,CURRENT_GUIDANCE_RANGE,AS_REPORTED,NARRATIVE_CLAUSE,123,CURRENT_CANDIDATE,CURRENT_GUIDANCE_RANGE,,,,,,Full year 2020 diluted EPS is expected to be $8.15 to $8.55. The company expects full year 2020 adjusted diluted EPS to be $8.80 to $9.20.,V9_SEVEN_GRAMMAR_CORRECTED_NOT_SOURCE_REVIEWED,/html/body/document/type/sequence/filename/description/text/div[3]/div/div[2]/div[1]/p[36],HTML_P,5bb24c74267839b0b6fafc8e3f607c15068e0ebd3a0f58673b182d7e49b20d10
MCO,0001059556,0001157523-21-000516,2021-04-28T11:30:32.000Z,a52419301ex99_1.htm,https://www.sec.gov/Archives/edgar/data/1059556/000115752321000516/a52419301ex99_1.htm,673705d703819843a5d0e9786c6fa59acdd6c584b4c0a1bc69e9fa04d4472927,EPS,FY2021,UNSPECIFIED,NOT_APPLICABLE,USD_PER_SHARE,10.4,10.7,10.55,CURRENT_GUIDANCE_RANGE,AS_REPORTED,NARRATIVE_CLAUSE,71,CURRENT_CANDIDATE,CURRENT_GUIDANCE_RANGE,,,,,,"FY 2021 diluted EPS and adjusted diluted EPS guidance ranges raised to $10.40 to $10.70 and $11.00 to $11.301, respectively",V9_SEVEN_GRAMMAR_CORRECTED_NOT_SOURCE_REVIEWED,/html/body/document/type/sequence/filename/description/text/div/div[3]/div/div[1]/ul/b/li[4],HTML_LI,782010740daeaa723ba25d1d5af2f5c393ffc0d7f5f73a1c2896a2271617aa0f
MCO,0001059556,0001157523-21-000516,2021-04-28T11:30:32.000Z,a52419301ex99_1.htm,https://www.sec.gov/Archives/edgar/data/1059556/000115752321000516/a52419301ex99_1.htm,673705d703819843a5d0e9786c6fa59acdd6c584b4c0a1bc69e9fa04d4472927,EPS,FY2021,NON_GAAP,NOT_APPLICABLE,USD_PER_SHARE,11,11.301,11.1505,CURRENT_GUIDANCE_RANGE,AS_REPORTED,NARRATIVE_CLAUSE,92,CURRENT_CANDIDATE,CURRENT_GUIDANCE_RANGE,,,,,,"FY 2021 diluted EPS and adjusted diluted EPS guidance ranges raised to $10.40 to $10.70 and $11.00 to $11.301, respectively",V9_SEVEN_GRAMMAR_CORRECTED_NOT_SOURCE_REVIEWED,/html/body/document/type/sequence/filename/description/text/div/div[3]/div/div[1]/ul/b/li[4],HTML_LI,292a843fe5939afb6c8df4c7284991f2e9cfe1e9ead720dcedf02e37944e6290
MCO,0001059556,0001157523-21-000516,2021-04-28T11:30:32.000Z,a52419301ex99_1.htm,https://www.sec.gov/Archives/edgar/data/1059556/000115752321000516/a52419301ex99_1.htm,673705d703819843a5d0e9786c6fa59acdd6c584b4c0a1bc69e9fa04d4472927,EPS,FY2021,UNSPECIFIED,NOT_APPLICABLE,USD_PER_SHARE,10.4,10.7,10.55,CURRENT_GUIDANCE_RANGE,AS_REPORTED,NARRATIVE_CLAUSE,46,CURRENT_CANDIDATE,CURRENT_GUIDANCE_RANGE,,,,,,Full year 2021 diluted EPS is projected to be $10.40 to $10.70. The company expects full year 2021 adjusted diluted EPS to be $11.00 to $11.30.,V9_SEVEN_GRAMMAR_CORRECTED_NOT_SOURCE_REVIEWED,/html/body/document/type/sequence/filename/description/text/div/div[3]/div/div[2]/div[1]/p[35],HTML_P,1d32230f0eca7dc307b46dfd566f6e995eb3621e6e911c02cb1ad48642ec8dd0
MCO,0001059556,0001157523-21-000516,2021-04-28T11:30:32.000Z,a52419301ex99_1.htm,https://www.sec.gov/Archives/edgar/data/1059556/000115752321000516/a52419301ex99_1.htm,673705d703819843a5d0e9786c6fa59acdd6c584b4c0a1bc69e9fa04d4472927,EPS,FY2021,NON_GAAP,NOT_APPLICABLE,USD_PER_SHARE,11,11.3,11.15,CURRENT_GUIDANCE_RANGE,AS_REPORTED,NARRATIVE_CLAUSE,126,CURRENT_CANDIDATE,CURRENT_GUIDANCE_RANGE,,,,,,Full year 2021 diluted EPS is projected to be $10.40 to $10.70. The company expects full year 2021 adjusted diluted EPS to be $11.00 to $11.30.,V9_SEVEN_GRAMMAR_CORRECTED_NOT_SOURCE_REVIEWED,/html/body/document/type/sequence/filename/description/text/div/div[3]/div/div[2]/div[1]/p[35],HTML_P,7e1b19bee15272a375cd7d9e6539404bb086ecda4bb07524068d313d663eeeb0
MCO,0001059556,0001157523-21-000934,2021-07-28T11:15:47.000Z,a52467066ex99_1.htm,https://www.sec.gov/Archives/edgar/data/1059556/000115752321000934/a52467066ex99_1.htm,ff37af8c6dc7c6120f76f04a1a6fc6e27e7c0091fba51f60e6e81a649e819c42,EPS,FY2021,UNSPECIFIED,NOT_APPLICABLE,USD_PER_SHARE,10.95,11.25,11.1,CURRENT_GUIDANCE_RANGE,AS_REPORTED,NARRATIVE_CLAUSE,72,CURRENT_CANDIDATE,CURRENT_GUIDANCE_RANGE,,,,,,"FY 2021 diluted EPS and adjusted diluted EPS1 guidance ranges raised to $10.95 to $11.25 and $11.55 to $11.85, respectively",V9_SEVEN_GRAMMAR_CORRECTED_NOT_SOURCE_REVIEWED,/html/body/document/type/sequence/filename/description/text/div/div[2]/div/div[1]/ul/b/li[4],HTML_LI,895e25fe90ea39b7d9b48a5451a74193be8d2a67c565d76e045cd0a26c35e7d9
MCO,0001059556,0001157523-21-000934,2021-07-28T11:15:47.000Z,a52467066ex99_1.htm,https://www.sec.gov/Archives/edgar/data/1059556/000115752321000934/a52467066ex99_1.htm,ff37af8c6dc7c6120f76f04a1a6fc6e27e7c0091fba51f60e6e81a649e819c42,EPS,FY2021,NON_GAAP,NOT_APPLICABLE,USD_PER_SHARE,11.55,11.85,11.7,CURRENT_GUIDANCE_RANGE,AS_REPORTED,NARRATIVE_CLAUSE,93,CURRENT_CANDIDATE,CURRENT_GUIDANCE_RANGE,,,,,,"FY 2021 diluted EPS and adjusted diluted EPS1 guidance ranges raised to $10.95 to $11.25 and $11.55 to $11.85, respectively",V9_SEVEN_GRAMMAR_CORRECTED_NOT_SOURCE_REVIEWED,/html/body/document/type/sequence/filename/description/text/div/div[2]/div/div[1]/ul/b/li[4],HTML_LI,616c464541b438438546e7d7272770d4d20bbee30313fb3ae5067fb7d32e7f70
MCO,0001059556,0001157523-21-000934,2021-07-28T11:15:47.000Z,a52467066ex99_1.htm,https://www.sec.gov/Archives/edgar/data/1059556/000115752321000934/a52467066ex99_1.htm,ff37af8c6dc7c6120f76f04a1a6fc6e27e7c0091fba51f60e6e81a649e819c42,EPS,FY2021,NON_GAAP,NOT_APPLICABLE,USD_PER_SHARE,11.55,11.85,11.7,CURRENT_GUIDANCE_RANGE,AS_REPORTED,NARRATIVE_CLAUSE,836,CURRENT_CANDIDATE,CURRENT_GUIDANCE_RANGE,,,,,,the low-double-digit percent range and are raising our full year 2021 adjusted diluted EPS guidance range to $11.55 to $11.85.”,V9_SEVEN_GRAMMAR_CORRECTED_NOT_SOURCE_REVIEWED,/html/body/document/type/sequence/filename/description/text/div/div[2]/div/div[2]/div[1]/p[2],HTML_P,48c269d5d26af1385486a00a1359b35c2d5f606677f99e142e65d1427caf4ad5
MCO,0001059556,0001157523-21-000934,2021-07-28T11:15:47.000Z,a52467066ex99_1.htm,https://www.sec.gov/Archives/edgar/data/1059556/000115752321000934/a52467066ex99_1.htm,ff37af8c6dc7c6120f76f04a1a6fc6e27e7c0091fba51f60e6e81a649e819c42,EPS,FY2021,UNSPECIFIED,NOT_APPLICABLE,USD_PER_SHARE,10.95,11.25,11.1,CURRENT_GUIDANCE_RANGE,AS_REPORTED,NARRATIVE_CLAUSE,46,CURRENT_CANDIDATE,CURRENT_GUIDANCE_RANGE,,,,,,Full year 2021 diluted EPS is projected to be $10.95 to $11.25. The company expects full year 2021 adjusted diluted EPS1 to be $11.55 to $11.85.,V9_SEVEN_GRAMMAR_CORRECTED_NOT_SOURCE_REVIEWED,/html/body/document/type/sequence/filename/description/text/div/div[2]/div/div[2]/div[1]/p[44],HTML_P,5ae216b0aa0ef3e5fa8152a1381eed3dd8da3c10f7718eea918121c201264f56
MCO,0001059556,0001157523-21-000934,2021-07-28T11:15:47.000Z,a52467066ex99_1.htm,https://www.sec.gov/Archives/edgar/data/1059556/000115752321000934/a52467066ex99_1.htm,ff37af8c6dc7c6120f76f04a1a6fc6e27e7c0091fba51f60e6e81a649e819c42,EPS,FY2021,NON_GAAP,NOT_APPLICABLE,USD_PER_SHARE,11.55,11.85,11.7,CURRENT_GUIDANCE_RANGE,AS_REPORTED,NARRATIVE_CLAUSE,127,CURRENT_CANDIDATE,CURRENT_GUIDANCE_RANGE,,,,,,Full year 2021 diluted EPS is projected to be $10.95 to $11.25. The company expects full year 2021 adjusted diluted EPS1 to be $11.55 to $11.85.,V9_SEVEN_GRAMMAR_CORRECTED_NOT_SOURCE_REVIEWED,/html/body/document/type/sequence/filename/description/text/div/div[2]/div/div[2]/div[1]/p[44],HTML_P,2162c16d86a6616d7bc0b9b86d286d6a1bb956690266b53685e3c887969ee5f6
MCO,0001059556,0001157523-21-001272,2021-10-28T11:17:25.000Z,a52517052ex99_1.htm,https://www.sec.gov/Archives/edgar/data/1059556/000115752321001272/a52517052ex99_1.htm,c4d7d477ed45516a94a5c1af48b065ef949d6d3ba0b689862dfd460fd1bb1c2b,EPS,FY2021,UNSPECIFIED,NOT_APPLICABLE,USD_PER_SHARE,11.65,11.85,11.75,CURRENT_GUIDANCE_RANGE,AS_REPORTED,NARRATIVE_CLAUSE,85,CURRENT_CANDIDATE,CURRENT_GUIDANCE_RANGE,,,,,,"FY 2021 diluted EPS and adjusted diluted EPS1 guidance ranges raised and narrowed to $11.65 to $11.85 and $12.15 to $12.35, respectively",V9_SEVEN_GRAMMAR_CORRECTED_NOT_SOURCE_REVIEWED,/html/body/document/type/sequence/filename/description/text/div[3]/div/div/div[1]/ul/b/li[4],HTML_LI,28023e3ebc80bc72aa2a86c458202fb675cd96fb2e661abf24b8e2ed2b0eba6b
MCO,0001059556,0001157523-21-001272,2021-10-28T11:17:25.000Z,a52517052ex99_1.htm,https://www.sec.gov/Archives/edgar/data/1059556/000115752321001272/a52517052ex99_1.htm,c4d7d477ed45516a94a5c1af48b065ef949d6d3ba0b689862dfd460fd1bb1c2b,EPS,FY2021,NON_GAAP,NOT_APPLICABLE,USD_PER_SHARE,12.15,12.35,12.25,CURRENT_GUIDANCE_RANGE,AS_REPORTED,NARRATIVE_CLAUSE,106,CURRENT_CANDIDATE,CURRENT_GUIDANCE_RANGE,,,,,,"FY 2021 diluted EPS and adjusted diluted EPS1 guidance ranges raised and narrowed to $11.65 to $11.85 and $12.15 to $12.35, respectively",V9_SEVEN_GRAMMAR_CORRECTED_NOT_SOURCE_REVIEWED,/html/body/document/type/sequence/filename/description/text/div[3]/div/div/div[1]/ul/b/li[4],HTML_LI,55a15976410509a0399aa1762a98283e8dbb1c90c7c002e63d9bfd04140ee187
MCO,0001059556,0001157523-21-001272,2021-10-28T11:17:25.000Z,a52517052ex99_1.htm,https://www.sec.gov/Archives/edgar/data/1059556/000115752321001272/a52517052ex99_1.htm,c4d7d477ed45516a94a5c1af48b065ef949d6d3ba0b689862dfd460fd1bb1c2b,EPS,FY2021,UNSPECIFIED,NOT_APPLICABLE,USD_PER_SHARE,11.65,11.85,11.75,CURRENT_GUIDANCE_RANGE,AS_REPORTED,NARRATIVE_CLAUSE,46,CURRENT_CANDIDATE,CURRENT_GUIDANCE_RANGE,,,,,,Full year 2021 diluted EPS is projected to be $11.65 to $11.85. The company expects full year 2021 adjusted diluted EPS1 to be $12.15 to $12.35.,V9_SEVEN_GRAMMAR_CORRECTED_NOT_SOURCE_REVIEWED,/html/body/document/type/sequence/filename/description/text/div[3]/div/div/div[2]/div[1]/p[44],HTML_P,8526b4c250d6d6332d968d59cd454dcec7a8006ec28e5f095e5ae794f6da9013
MCO,0001059556,0001157523-21-001272,2021-10-28T11:17:25.000Z,a52517052ex99_1.htm,https://www.sec.gov/Archives/edgar/data/1059556/000115752321001272/a52517052ex99_1.htm,c4d7d477ed45516a94a5c1af48b065ef949d6d3ba0b689862dfd460fd1bb1c2b,EPS,FY2021,NON_GAAP,NOT_APPLICABLE,USD_PER_SHARE,12.15,12.35,12.25,CURRENT_GUIDANCE_RANGE,AS_REPORTED,NARRATIVE_CLAUSE,127,CURRENT_CANDIDATE,CURRENT_GUIDANCE_RANGE,,,,,,Full year 2021 diluted EPS is projected to be $11.65 to $11.85. The company expects full year 2021 adjusted diluted EPS1 to be $12.15 to $12.35.,V9_SEVEN_GRAMMAR_CORRECTED_NOT_SOURCE_REVIEWED,/html/body/document/type/sequence/filename/description/text/div[3]/div/div/div[2]/div[1]/p[44],HTML_P,ee97d97fcea3038e005bd853c197e75ebda119f658ea19b9e07b03ad87441b5f
HSIC,0001000228,0001000228-22-000013,2022-02-15T11:48:01.000Z,exhibit991.htm,https://www.sec.gov/Archives/edgar/data/1000228/000100022822000013/exhibit991.htm,4930895800aff1d81d5a24de7894e0840727f5ae187d6397b867eeaa8ea0ed1b,EPS,FY2022,GAAP,NOT_APPLICABLE,USD_PER_SHARE,4.75,4.91,4.83,CURRENT_GUIDANCE_RANGE,AS_REPORTED,NARRATIVE_CLAUSE,67,CURRENT_CANDIDATE,CURRENT_GUIDANCE_RANGE,,,,,,"full-year 2022 GAAP diluted EPS guidance to be $4.75 to $4.91, reflecting",V9_SEVEN_GRAMMAR_CORRECTED_NOT_SOURCE_REVIEWED,/html/body/document/type/sequence/filename/description/text/div/div[1]/p[15],HTML_P,17576ff92d8c616aeaf4537dab6db005846885e103704a695e84f05f22bf9528
MSCI,0001408198,0001157523-22-000470,2022-04-26T11:00:58.000Z,a52697045ex99_1.htm,https://www.sec.gov/Archives/edgar/data/1408198/000115752322000470/a52697045ex99_1.htm,b7026c38757294796ca3788829a51422bcc552d26df75eae66d1e7ae0f03782d,CAPEX,FY2022,NOT_APPLICABLE,NOT_APPLICABLE,USD,60000000,70000000,65000000,CURRENT_GUIDANCE_RANGE,AS_REPORTED,HTML_TABLE_GRID,0,CURRENT_CANDIDATE,CURRENT_GUIDANCE_RANGE,5,6,1,Capital Expenditures,"Current Guidance for Full-Year 2022 | $1,075 to $1,115 million | $975 to $1,005 million | ~$162 million | $100 to $110 million | 15.5% to 18.5%","Full-Year 2022 Guidance | MSCI's guidance for the year ending December 31, 2022 (“Full-Year 2022”) is based on assumptions about a number of macroeconomic and capital market factors, in particular related to equity markets. These assumptions are subject to uncertainty, and actual results for the year could differ materially from our current guidance, including as a result of ongoing uncertainty related to the duration, magnitude and impact of the ongoing COVID-19 pandemic as well as the economic and market impacts of elevated inflation levels and Russia’s invasion of Ukraine. | There were no changes to MSCI’s previously published guidance on January 27, 2022. | Capital Expenditures | $60 to $70 million",V9_SEVEN_GRAMMAR_CORRECTED_NOT_SOURCE_REVIEWED,,,fa98bf1dc15a1be192429fd60df10be4c8999012f7fc0625ec724b7cf0dd8416
MSCI,0001408198,0001157523-22-000470,2022-04-26T11:00:58.000Z,a52697045ex99_1.htm,https://www.sec.gov/Archives/edgar/data/1408198/000115752322000470/a52697045ex99_1.htm,b7026c38757294796ca3788829a51422bcc552d26df75eae66d1e7ae0f03782d,FREE_CASH_FLOW,FY2022,NON_GAAP,NOT_APPLICABLE,USD,1050000000,1100000000,1075000000,CURRENT_GUIDANCE_RANGE,AS_REPORTED,HTML_TABLE_GRID,0,CURRENT_CANDIDATE,CURRENT_GUIDANCE_RANGE,5,8,1,Free Cash Flow,"Current Guidance for Full-Year 2022 | $1,075 to $1,115 million | $975 to $1,005 million | ~$162 million | $100 to $110 million | 15.5% to 18.5% | $60 to $70 million | $1,120 to $1,160 million","Full-Year 2022 Guidance | MSCI's guidance for the year ending December 31, 2022 (“Full-Year 2022”) is based on assumptions about a number of macroeconomic and capital market factors, in particular related to equity markets. These assumptions are subject to uncertainty, and actual results for the year could differ materially from our current guidance, including as a result of ongoing uncertainty related to the duration, magnitude and impact of the ongoing COVID-19 pandemic as well as the economic and market impacts of elevated inflation levels and Russia’s invasion of Ukraine. | There were no changes to MSCI’s previously published guidance on January 27, 2022. | Free Cash Flow | $1,050 to $1,100 million",V9_SEVEN_GRAMMAR_CORRECTED_NOT_SOURCE_REVIEWED,,,b53d0c0279bac17cd37f765922cbdc22c8d1e246df968cb9e37467ea804c447b
ALB,0000915913,0000915913-22-000134,2022-08-03T20:27:49.000Z,a2q22earningsreleaseex991.htm,https://www.sec.gov/Archives/edgar/data/915913/000091591322000134/a2q22earningsreleaseex991.htm,5c6fa060f08eff54f13b42fb0d7a87917f319377511ca709b0f11399f00d55c6,REVENUE,FY2022,UNSPECIFIED,NOT_APPLICABLE,USD,7100000000,7500000000,7300000000,CURRENT_GUIDANCE_RANGE,AS_REPORTED,HTML_TABLE_GRID,0,CURRENT_CANDIDATE,CURRENT_GUIDANCE_RANGE,2,2,9,Net sales | Net sales | Net sales,FY 2022 GuidanceFurther Updated,| Net sales | Net sales | Net sales | | | | $5.8 - $6.2 billion | $5.8 - $6.2 billion | $5.8 - $6.2 billion | $7.1 - $7.5 billion | $7.1 - $7.5 billion | $7.1 - $7.5 billion,V9_SEVEN_GRAMMAR_CORRECTED_NOT_SOURCE_REVIEWED,,,ae0e5f769840b081c43b9d6e40938fe4a650cbc3f44ebc41f29c4c5adacb7810
ALB,0000915913,0000915913-22-000134,2022-08-03T20:27:49.000Z,a2q22earningsreleaseex991.htm,https://www.sec.gov/Archives/edgar/data/915913/000091591322000134/a2q22earningsreleaseex991.htm,5c6fa060f08eff54f13b42fb0d7a87917f319377511ca709b0f11399f00d55c6,MARGIN,FY2022,NON_GAAP,NOT_APPLICABLE,PERCENT,45,47,46,CURRENT_GUIDANCE_RANGE,AS_REPORTED,HTML_TABLE_GRID,0,CURRENT_CANDIDATE,CURRENT_GUIDANCE_RANGE,2,4,9,Adjusted EBITDA Margin | Adjusted EBITDA Margin | Adjusted EBITDA Margin,FY 2022 GuidanceFurther Updated | $7.1 - $7.5 billion | $3.2 - $3.5 billion,| Adjusted EBITDA Margin | Adjusted EBITDA Margin | Adjusted EBITDA Margin | | | | 38% - 40% | 38% - 40% | 38% - 40% | 45% - 47% | 45% - 47% | 45% - 47%,V9_SEVEN_GRAMMAR_CORRECTED_NOT_SOURCE_REVIEWED,,,c358c3ccffd34436b548ef2de64ed05bd3688800ad64eb61f57c0707505c9c63
ALB,0000915913,0000915913-22-000134,2022-08-03T20:27:49.000Z,a2q22earningsreleaseex991.htm,https://www.sec.gov/Archives/edgar/data/915913/000091591322000134/a2q22earningsreleaseex991.htm,5c6fa060f08eff54f13b42fb0d7a87917f319377511ca709b0f11399f00d55c6,EPS,FY2022,NON_GAAP,NOT_APPLICABLE,USD_PER_SHARE,19.25,22.25,20.75,CURRENT_GUIDANCE_RANGE,AS_REPORTED,HTML_TABLE_GRID,0,CURRENT_CANDIDATE,CURRENT_GUIDANCE_RANGE,2,5,9,Adjusted Diluted EPS | Adjusted Diluted EPS | Adjusted Diluted EPS,FY 2022 GuidanceFurther Updated | $7.1 - $7.5 billion | $3.2 - $3.5 billion | 45% - 47%,| Adjusted Diluted EPS | Adjusted Diluted EPS | Adjusted Diluted EPS | | | | $12.30 - $15.00 | $12.30 - $15.00 | $12.30 - $15.00 | $19.25 - $22.25 | $19.25 - $22.25 | $19.25 - $22.25,V9_SEVEN_GRAMMAR_CORRECTED_NOT_SOURCE_REVIEWED,,,7b5e6c870f5a993718636412c5c259e472efad5d1438a5d7c6cf7a43f1f96e1d
ALB,0000915913,0000915913-22-000134,2022-08-03T20:27:49.000Z,a2q22earningsreleaseex991.htm,https://www.sec.gov/Archives/edgar/data/915913/000091591322000134/a2q22earningsreleaseex991.htm,5c6fa060f08eff54f13b42fb0d7a87917f319377511ca709b0f11399f00d55c6,CAPEX,FY2022,NOT_APPLICABLE,NOT_APPLICABLE,USD,1300000000,1500000000,1400000000,CURRENT_GUIDANCE_RANGE,AS_REPORTED,HTML_TABLE_GRID,0,CURRENT_CANDIDATE,CURRENT_GUIDANCE_RANGE,2,7,9,Capital Expenditures | Capital Expenditures | Capital Expenditures,FY 2022 GuidanceFurther Updated | $7.1 - $7.5 billion | $3.2 - $3.5 billion | 45% - 47% | $19.25 - $22.25 | $1.4 - $1.7 billion,| Capital Expenditures | Capital Expenditures | Capital Expenditures | | | | $1.3 - $1.5 billion | $1.3 - $1.5 billion | $1.3 - $1.5 billion | $1.3 - $1.5 billion | $1.3 - $1.5 billion | $1.3 - $1.5 billion,V9_SEVEN_GRAMMAR_CORRECTED_NOT_SOURCE_REVIEWED,,,7548f44c6e07f78b1a12c7935c16e148c3e8843f08c76701dccd4f0de34afaed
CDNS,0000813672,0000813672-23-000024,2023-04-24T20:06:18.000Z,cfocommentary04242023ex9902.htm,https://www.sec.gov/Archives/edgar/data/813672/000081367223000024/cfocommentary04242023ex9902.htm,0dcee8933ef16d1d854708a2dea21f276f9ddcbe878bcc1c6f499da85d99f749,MARGIN,FY2023,GAAP,NOT_APPLICABLE,PERCENT,30,31,30.5,CURRENT_GUIDANCE_RANGE,AS_REPORTED,HTML_TABLE_GRID,0,CURRENT_CANDIDATE,CURRENT_GUIDANCE_RANGE,8,16,18,GAAP Operating Margin | GAAP Operating Margin | GAAP Operating Margin | 30.1% | 30.1% | 30.1%,"Current | FY 2023E | ~85% | $4,030 - $4,070 | 13% - 14% | ~75%",Fiscal Year 2023 Financial Outlook | GAAP Operating Margin | GAAP Operating Margin | GAAP Operating Margin | 30.1% | 30.1% | 30.1% | | | | 30.5% - 32.0% | 30.5% - 32.0% | 30.5% - 32.0% | | | | | | | 30% - 31% | 30% - 31% | 30% - 31% | | |,V9_SEVEN_GRAMMAR_CORRECTED_NOT_SOURCE_REVIEWED,,,ce4a75614f28987453fb73dea4c1b02dd1d8de00b35d66c8fdaddb78d1396282
CDNS,0000813672,0000813672-23-000024,2023-04-24T20:06:18.000Z,cfocommentary04242023ex9902.htm,https://www.sec.gov/Archives/edgar/data/813672/000081367223000024/cfocommentary04242023ex9902.htm,0dcee8933ef16d1d854708a2dea21f276f9ddcbe878bcc1c6f499da85d99f749,MARGIN,FY2023,NON_GAAP,NOT_APPLICABLE,PERCENT,41,42,41.5,CURRENT_GUIDANCE_RANGE,AS_REPORTED,HTML_TABLE_GRID,0,CURRENT_CANDIDATE,CURRENT_GUIDANCE_RANGE,8,18,18,Non-GAAP Operating Margin | Non-GAAP Operating Margin | Non-GAAP Operating Margin | 40.3% | 40.3% | 40.3%,"Current | FY 2023E | ~85% | $4,030 - $4,070 | 13% - 14% | ~75% | 30% - 31%",Fiscal Year 2023 Financial Outlook | Non-GAAP Operating Margin | Non-GAAP Operating Margin | Non-GAAP Operating Margin | 40.3% | 40.3% | 40.3% | | | | 40.5% - 42.0% | 40.5% - 42.0% | 40.5% - 42.0% | | | | | | | 41% - 42% | 41% - 42% | 41% - 42% | | |,V9_SEVEN_GRAMMAR_CORRECTED_NOT_SOURCE_REVIEWED,,,ce4a75614f28987453fb73dea4c1b02dd1d8de00b35d66c8fdaddb78d1396282
CDNS,0000813672,0000813672-23-000024,2023-04-24T20:06:18.000Z,cfocommentary04242023ex9902.htm,https://www.sec.gov/Archives/edgar/data/813672/000081367223000024/cfocommentary04242023ex9902.htm,0dcee8933ef16d1d854708a2dea21f276f9ddcbe878bcc1c6f499da85d99f749,EPS,FY2023,GAAP,NOT_APPLICABLE,USD_PER_SHARE,3.26,3.34,3.3,CURRENT_GUIDANCE_RANGE,AS_REPORTED,HTML_TABLE_GRID,0,CURRENT_CANDIDATE,CURRENT_GUIDANCE_RANGE,8,30,18,GAAP EPS | GAAP EPS | GAAP EPS | $ | 3.09,"Current | FY 2023E | ~85% | $4,030 - $4,070 | 13% - 14% | ~75% | 30% - 31% | 41% - 42% | $(18) - $(24) | $(21) - $(27) | ~26% | 17.5% | 272 - 274",Fiscal Year 2023 Financial Outlook | GAAP EPS | GAAP EPS | GAAP EPS | $ | 3.09 | | | | | $3.24 - $3.34 | $3.24 - $3.34 | $3.24 - $3.34 | | | | | | | $3.26 - $3.34 | $3.26 - $3.34 | $3.26 - $3.34 | | |,V9_SEVEN_GRAMMAR_CORRECTED_NOT_SOURCE_REVIEWED,,,cae8ecf2f89270c380d7f62d6482867a13e48ba236ba8dc91fcff7aacaced088
CDNS,0000813672,0000813672-23-000024,2023-04-24T20:06:18.000Z,cfocommentary04242023ex9902.htm,https://www.sec.gov/Archives/edgar/data/813672/000081367223000024/cfocommentary04242023ex9902.htm,0dcee8933ef16d1d854708a2dea21f276f9ddcbe878bcc1c6f499da85d99f749,EPS,FY2023,NON_GAAP,NOT_APPLICABLE,USD_PER_SHARE,4.96,5.04,5,CURRENT_GUIDANCE_RANGE,AS_REPORTED,HTML_TABLE_GRID,0,CURRENT_CANDIDATE,CURRENT_GUIDANCE_RANGE,8,33,18,Non-GAAP EPS | Non-GAAP EPS | Non-GAAP EPS | $ | 4.27,"Current | FY 2023E | ~85% | $4,030 - $4,070 | 13% - 14% | ~75% | 30% - 31% | 41% - 42% | $(18) - $(24) | $(21) - $(27) | ~26% | 17.5% | 272 - 274 | $3.26 - $3.34 | 6% - 8%",Fiscal Year 2023 Financial Outlook | Non-GAAP EPS | Non-GAAP EPS | Non-GAAP EPS | $ | 4.27 | | | | | $4.90 - $5.00 | $4.90 - $5.00 | $4.90 - $5.00 | | | | | | | $4.96 - $5.04 | $4.96 - $5.04 | $4.96 - $5.04 | | |,V9_SEVEN_GRAMMAR_CORRECTED_NOT_SOURCE_REVIEWED,,,cae8ecf2f89270c380d7f62d6482867a13e48ba236ba8dc91fcff7aacaced088
ALB,0000915913,0000915913-23-000113,2023-05-03T20:25:28.000Z,a1q23earningsreleaseex991.htm,https://www.sec.gov/Archives/edgar/data/915913/000091591323000113/a1q23earningsreleaseex991.htm,9375c7fe0bfee4e13798a1b97b1226b02855b53d644de8f16533bd901e87581c,REVENUE,FY2023,UNSPECIFIED,NOT_APPLICABLE,USD,9800000000,11500000000,10650000000,CURRENT_GUIDANCE_RANGE,AS_REPORTED,HTML_TABLE_GRID,0,CURRENT_CANDIDATE,CURRENT_GUIDANCE_RANGE,2,2,9,Net sales | Net sales | Net sales,"FY 2023 Guidance as of May 3, 2023",| Net sales | Net sales | Net sales | $11.3 - $12.9 billion | $11.3 - $12.9 billion | $11.3 - $12.9 billion | | | | $9.8 - $11.5 billion | $9.8 - $11.5 billion | $9.8 - $11.5 billion,V9_SEVEN_GRAMMAR_CORRECTED_NOT_SOURCE_REVIEWED,,,0ab1db80bba0ffc1da865c852d76191d70cff18d3d4e5fc48c84c31f31e2f7a6
ALB,0000915913,0000915913-23-000113,2023-05-03T20:25:28.000Z,a1q23earningsreleaseex991.htm,https://www.sec.gov/Archives/edgar/data/915913/000091591323000113/a1q23earningsreleaseex991.htm,9375c7fe0bfee4e13798a1b97b1226b02855b53d644de8f16533bd901e87581c,MARGIN,FY2023,NON_GAAP,NOT_APPLICABLE,PERCENT,34,35,34.5,CURRENT_GUIDANCE_RANGE,AS_REPORTED,HTML_TABLE_GRID,0,CURRENT_CANDIDATE,CURRENT_GUIDANCE_RANGE,2,4,9,Adjusted EBITDA Margin(a) | Adjusted EBITDA Margin(a) | Adjusted EBITDA Margin(a),"FY 2023 Guidance as of May 3, 2023 | $9.8 - $11.5 billion | $3.3 - $4.0 billion",| Adjusted EBITDA Margin(a) | Adjusted EBITDA Margin(a) | Adjusted EBITDA Margin(a) | 37% - 40% | 37% - 40% | 37% - 40% | | | | 34% - 35% | 34% - 35% | 34% - 35%,V9_SEVEN_GRAMMAR_CORRECTED_NOT_SOURCE_REVIEWED,,,97f9e77d5a61ba68476d7180b68b2bace0d049d5231bf78c978bf64ab188d58d
ALB,0000915913,0000915913-23-000113,2023-05-03T20:25:28.000Z,a1q23earningsreleaseex991.htm,https://www.sec.gov/Archives/edgar/data/915913/000091591323000113/a1q23earningsreleaseex991.htm,9375c7fe0bfee4e13798a1b97b1226b02855b53d644de8f16533bd901e87581c,EPS,FY2023,NON_GAAP,NOT_APPLICABLE,USD_PER_SHARE,20.75,25.75,23.25,CURRENT_GUIDANCE_RANGE,AS_REPORTED,HTML_TABLE_GRID,0,CURRENT_CANDIDATE,CURRENT_GUIDANCE_RANGE,2,5,9,Adjusted Diluted EPS(a) | Adjusted Diluted EPS(a) | Adjusted Diluted EPS(a),"FY 2023 Guidance as of May 3, 2023 | $9.8 - $11.5 billion | $3.3 - $4.0 billion | 34% - 35%",| Adjusted Diluted EPS(a) | Adjusted Diluted EPS(a) | Adjusted Diluted EPS(a) | $26.00 - $33.00 | $26.00 - $33.00 | $26.00 - $33.00 | | | | $20.75 - $25.75 | $20.75 - $25.75 | $20.75 - $25.75,V9_SEVEN_GRAMMAR_CORRECTED_NOT_SOURCE_REVIEWED,,,64e3656bae0ee1e69cfe9ad530ca6c70e73a1b7329f63139f8f32d5b83a544ed
ALB,0000915913,0000915913-23-000113,2023-05-03T20:25:28.000Z,a1q23earningsreleaseex991.htm,https://www.sec.gov/Archives/edgar/data/915913/000091591323000113/a1q23earningsreleaseex991.htm,9375c7fe0bfee4e13798a1b97b1226b02855b53d644de8f16533bd901e87581c,CAPEX,FY2023,NOT_APPLICABLE,NOT_APPLICABLE,USD,1700000000,1900000000,1800000000,CURRENT_GUIDANCE_RANGE,AS_REPORTED,HTML_TABLE_GRID,0,CURRENT_CANDIDATE,CURRENT_GUIDANCE_RANGE,2,7,9,Capital Expenditures | Capital Expenditures | Capital Expenditures,"FY 2023 Guidance as of May 3, 2023 | $9.8 - $11.5 billion | $3.3 - $4.0 billion | 34% - 35% | $20.75 - $25.75 | $1.7 - $2.3 billion",| Capital Expenditures | Capital Expenditures | Capital Expenditures | $1.7 - $1.9 billion | $1.7 - $1.9 billion | $1.7 - $1.9 billion | | | | $1.7 - $1.9 billion | $1.7 - $1.9 billion | $1.7 - $1.9 billion,V9_SEVEN_GRAMMAR_CORRECTED_NOT_SOURCE_REVIEWED,,,1ccccbf1812c5ce39cc38812950c80443c8a18222a0758fc93f24c8308d1e076
CVS,0000064803,0000947871-23-000994,2023-10-16T10:45:19.000Z,ss2584510_8k.htm,https://www.sec.gov/Archives/edgar/data/64803/000094787123000994/ss2584510_8k.htm,c006e7508b1f49a0cfb47bb01cf550f57b12d1a5463234572fc4f9876f43f144,EPS,FY2023,NON_GAAP,NOT_APPLICABLE,USD_PER_SHARE,8.5,8.7,8.6,CURRENT_GUIDANCE_RANGE,AS_REPORTED,NARRATIVE_CLAUSE,232,CURRENT_CANDIDATE,CURRENT_GUIDANCE_RANGE,,,,,,$6.75 and its full year 2023 Adjusted EPS guidance range of $8.50 to $8.70.,V9_SEVEN_GRAMMAR_CORRECTED_NOT_SOURCE_REVIEWED,/html/body/p[42],HTML_P,969869ea4da8ee7b2043b24dd3fcc3330ea79eaf5597865967cc457e7cd01cb9
ALB,0000915913,0000915913-23-000178,2023-11-01T20:26:53.000Z,a3q23earningsreleaseex991.htm,https://www.sec.gov/Archives/edgar/data/915913/000091591323000178/a3q23earningsreleaseex991.htm,f2fbb25d5edea1dcb277b711cc2d020825003559b14cd51f96dba517a4acf7d2,REVENUE,FY2023,UNSPECIFIED,NOT_APPLICABLE,USD,9500000000,9800000000,9650000000,CURRENT_GUIDANCE_RANGE,AS_REPORTED,HTML_TABLE_GRID,0,CURRENT_CANDIDATE,CURRENT_GUIDANCE_RANGE,2,2,9,Net sales | Net sales | Net sales,"FY 2023 Outlook as of November 1, 2023",| Net sales | Net sales | Net sales | $10.4 - $11.5 billion | $10.4 - $11.5 billion | $10.4 - $11.5 billion | | | | $9.5 - $9.8 billion | $9.5 - $9.8 billion | $9.5 - $9.8 billion,V9_SEVEN_GRAMMAR_CORRECTED_NOT_SOURCE_REVIEWED,,,009919e31ead8862cb191fe2ae09e1ef12600fb8aa76d9025f4bc396a1360abc
ALB,0000915913,0000915913-23-000178,2023-11-01T20:26:53.000Z,a3q23earningsreleaseex991.htm,https://www.sec.gov/Archives/edgar/data/915913/000091591323000178/a3q23earningsreleaseex991.htm,f2fbb25d5edea1dcb277b711cc2d020825003559b14cd51f96dba517a4acf7d2,MARGIN,FY2023,NON_GAAP,NOT_APPLICABLE,PERCENT,34,35,34.5,CURRENT_GUIDANCE_RANGE,AS_REPORTED,HTML_TABLE_GRID,0,CURRENT_CANDIDATE,CURRENT_GUIDANCE_RANGE,2,4,9,Adjusted EBITDA Margin(a) | Adjusted EBITDA Margin(a) | Adjusted EBITDA Margin(a),"FY 2023 Outlook as of November 1, 2023 | $9.5 - $9.8 billion | $3.2 - $3.4 billion",| Adjusted EBITDA Margin(a) | Adjusted EBITDA Margin(a) | Adjusted EBITDA Margin(a) | 37% - 38% | 37% - 38% | 37% - 38% | | | | 34% - 35% | 34% - 35% | 34% - 35%,V9_SEVEN_GRAMMAR_CORRECTED_NOT_SOURCE_REVIEWED,,,2f0e556bcc784c7b6c2773d0e6b0f3e9a83f47776b73de34dff90444e2959ce1
ALB,0000915913,0000915913-23-000178,2023-11-01T20:26:53.000Z,a3q23earningsreleaseex991.htm,https://www.sec.gov/Archives/edgar/data/915913/000091591323000178/a3q23earningsreleaseex991.htm,f2fbb25d5edea1dcb277b711cc2d020825003559b14cd51f96dba517a4acf7d2,EPS,FY2023,NON_GAAP,NOT_APPLICABLE,USD_PER_SHARE,21.5,23.5,22.5,CURRENT_GUIDANCE_RANGE,AS_REPORTED,HTML_TABLE_GRID,0,CURRENT_CANDIDATE,CURRENT_GUIDANCE_RANGE,2,5,9,Adjusted Diluted EPS(a) | Adjusted Diluted EPS(a) | Adjusted Diluted EPS(a),"FY 2023 Outlook as of November 1, 2023 | $9.5 - $9.8 billion | $3.2 - $3.4 billion | 34% - 35%",| Adjusted Diluted EPS(a) | Adjusted Diluted EPS(a) | Adjusted Diluted EPS(a) | $25.00 - $29.50 | $25.00 - $29.50 | $25.00 - $29.50 | | | | $21.50 - $23.50 | $21.50 - $23.50 | $21.50 - $23.50,V9_SEVEN_GRAMMAR_CORRECTED_NOT_SOURCE_REVIEWED,,,b6a41781943e33a203a0bd8e4d6c3fc6c3f40bf9009f139728850e6dca3c30cf
ALB,0000915913,0000915913-23-000178,2023-11-01T20:26:53.000Z,a3q23earningsreleaseex991.htm,https://www.sec.gov/Archives/edgar/data/915913/000091591323000178/a3q23earningsreleaseex991.htm,f2fbb25d5edea1dcb277b711cc2d020825003559b14cd51f96dba517a4acf7d2,CAPEX,FY2023,NOT_APPLICABLE,NOT_APPLICABLE,USD,1900000000,2100000000,2000000000,CURRENT_GUIDANCE_RANGE,AS_REPORTED,HTML_TABLE_GRID,0,CURRENT_CANDIDATE,CURRENT_GUIDANCE_RANGE,2,7,9,Capital Expenditures | Capital Expenditures | Capital Expenditures,"FY 2023 Outlook as of November 1, 2023 | $9.5 - $9.8 billion | $3.2 - $3.4 billion | 34% - 35% | $21.50 - $23.50 | $600 - $800 million",| Capital Expenditures | Capital Expenditures | Capital Expenditures | $1.9 - $2.1 billion | $1.9 - $2.1 billion | $1.9 - $2.1 billion | | | | $1.9 - $2.1 billion | $1.9 - $2.1 billion | $1.9 - $2.1 billion,V9_SEVEN_GRAMMAR_CORRECTED_NOT_SOURCE_REVIEWED,,,2f4750b10c1e16fb3f05048bc8bdc031265984805f42dc780027a779039973bb
CVS,0000064803,0000947871-24-000009,2024-01-05T11:41:14.000Z,ss2874786_8k.htm,https://www.sec.gov/Archives/edgar/data/64803/000094787124000009/ss2874786_8k.htm,823e5bb96eff61093991e96784fa65638fe6f67aa56f98feb2b8ac90f96c8d54,EPS,FY2023,NON_GAAP,NOT_APPLICABLE,USD_PER_SHARE,8.5,8.7,8.6,CURRENT_GUIDANCE_RANGE,AS_REPORTED,NARRATIVE_CLAUSE,469,CURRENT_CANDIDATE,CURRENT_GUIDANCE_RANGE,,,,,,guidance range of $6.37 to $6.61 and its full-year 2023 Adjusted EPS guidance range of $8.50 to $8.70. The Company expects its full-year,V9_SEVEN_GRAMMAR_CORRECTED_NOT_SOURCE_REVIEWED,/html/body/p[35],HTML_P,b14b8ad28f43d6cd08f63400f2f0c04991fafbbb78444f0dc8245bb77da17d49
MCO,0001059556,0001059556-24-000012,2024-02-13T12:00:40.000Z,a4q23earningsrelease.htm,https://www.sec.gov/Archives/edgar/data/1059556/000105955624000012/a4q23earningsrelease.htm,7bb39baf191e5fd70514b5f3668acb7ff034f3c21bd1330ecaba5a5c5038a45c,MARGIN,FY2024,UNSPECIFIED,NOT_APPLICABLE,PERCENT,37,39,38,CURRENT_GUIDANCE_RANGE,AS_REPORTED,HTML_TABLE_GRID,0,CURRENT_CANDIDATE,CURRENT_GUIDANCE_RANGE,43,5,3,Operating Margin | Operating Margin | Operating Margin,"Full Year 2024 Moody's Corporation Guidance as of February 13, 2024 | Current guidance | Increase in the high-single-digit to low-double-digit percent range | Increase in the mid-to-high-single-digit percent range",| Operating Margin | Operating Margin | Operating Margin | 37% to 39% | 37% to 39% | 37% to 39%,V9_SEVEN_GRAMMAR_CORRECTED_NOT_SOURCE_REVIEWED,,,c37d69d9217b08c2fe2a864ed2c6975e0e1b04254154186082d81a8e3682fb2c
MCO,0001059556,0001059556-24-000012,2024-02-13T12:00:40.000Z,a4q23earningsrelease.htm,https://www.sec.gov/Archives/edgar/data/1059556/000105955624000012/a4q23earningsrelease.htm,7bb39baf191e5fd70514b5f3668acb7ff034f3c21bd1330ecaba5a5c5038a45c,MARGIN,FY2024,NON_GAAP,NOT_APPLICABLE,PERCENT,44,46,45,CURRENT_GUIDANCE_RANGE,AS_REPORTED,HTML_TABLE_GRID,0,CURRENT_CANDIDATE,CURRENT_GUIDANCE_RANGE,43,6,3,Adjusted Operating Margin (1) | Adjusted Operating Margin (1) | Adjusted Operating Margin (1),"Full Year 2024 Moody's Corporation Guidance as of February 13, 2024 | Current guidance | Increase in the high-single-digit to low-double-digit percent range | Increase in the mid-to-high-single-digit percent range | 37% to 39%",| Adjusted Operating Margin (1) | Adjusted Operating Margin (1) | Adjusted Operating Margin (1) | 44% to 46% | 44% to 46% | 44% to 46%,V9_SEVEN_GRAMMAR_CORRECTED_NOT_SOURCE_REVIEWED,,,c37d69d9217b08c2fe2a864ed2c6975e0e1b04254154186082d81a8e3682fb2c
MCO,0001059556,0001059556-24-000012,2024-02-13T12:00:40.000Z,a4q23earningsrelease.htm,https://www.sec.gov/Archives/edgar/data/1059556/000105955624000012/a4q23earningsrelease.htm,7bb39baf191e5fd70514b5f3668acb7ff034f3c21bd1330ecaba5a5c5038a45c,EPS,FY2024,UNSPECIFIED,NOT_APPLICABLE,USD_PER_SHARE,9.45,10.2,9.825,CURRENT_GUIDANCE_RANGE,AS_REPORTED,HTML_TABLE_GRID,0,CURRENT_CANDIDATE,CURRENT_GUIDANCE_RANGE,43,9,3,Diluted EPS | Diluted EPS | Diluted EPS,"Full Year 2024 Moody's Corporation Guidance as of February 13, 2024 | Current guidance | Increase in the high-single-digit to low-double-digit percent range | Increase in the mid-to-high-single-digit percent range | 37% to 39% | 44% to 46% | $240 - $260 million | 22% to 24%",| Diluted EPS | Diluted EPS | Diluted EPS | $9.45 to $10.20 | $9.45 to $10.20 | $9.45 to $10.20,V9_SEVEN_GRAMMAR_CORRECTED_NOT_SOURCE_REVIEWED,,,3284947bf03d70562487d11a33e956651eac4e43786ff98f5ea8131f269bf958
MCO,0001059556,0001059556-24-000012,2024-02-13T12:00:40.000Z,a4q23earningsrelease.htm,https://www.sec.gov/Archives/edgar/data/1059556/000105955624000012/a4q23earningsrelease.htm,7bb39baf191e5fd70514b5f3668acb7ff034f3c21bd1330ecaba5a5c5038a45c,EPS,FY2024,NON_GAAP,NOT_APPLICABLE,USD_PER_SHARE,10.25,11,10.625,CURRENT_GUIDANCE_RANGE,AS_REPORTED,HTML_TABLE_GRID,0,CURRENT_CANDIDATE,CURRENT_GUIDANCE_RANGE,43,10,3,Adjusted Diluted EPS (1) | Adjusted Diluted EPS (1) | Adjusted Diluted EPS (1),"Full Year 2024 Moody's Corporation Guidance as of February 13, 2024 | Current guidance | Increase in the high-single-digit to low-double-digit percent range | Increase in the mid-to-high-single-digit percent range | 37% to 39% | 44% to 46% | $240 - $260 million | 22% to 24% | $9.45 to $10.20",| Adjusted Diluted EPS (1) | Adjusted Diluted EPS (1) | Adjusted Diluted EPS (1) | $10.25 to $11.00 | $10.25 to $11.00 | $10.25 to $11.00,V9_SEVEN_GRAMMAR_CORRECTED_NOT_SOURCE_REVIEWED,,,3284947bf03d70562487d11a33e956651eac4e43786ff98f5ea8131f269bf958
MCO,0001059556,0001059556-24-000012,2024-02-13T12:00:40.000Z,a4q23earningsrelease.htm,https://www.sec.gov/Archives/edgar/data/1059556/000105955624000012/a4q23earningsrelease.htm,7bb39baf191e5fd70514b5f3668acb7ff034f3c21bd1330ecaba5a5c5038a45c,FREE_CASH_FLOW,FY2024,NON_GAAP,NOT_APPLICABLE,USD,1900000000,2100000000,2000000000,CURRENT_GUIDANCE_RANGE,AS_REPORTED,HTML_TABLE_GRID,0,CURRENT_CANDIDATE,CURRENT_GUIDANCE_RANGE,43,12,3,Free Cash Flow (1) | Free Cash Flow (1) | Free Cash Flow (1),"Full Year 2024 Moody's Corporation Guidance as of February 13, 2024 | Current guidance | Increase in the high-single-digit to low-double-digit percent range | Increase in the mid-to-high-single-digit percent range | 37% to 39% | 44% to 46% | $240 - $260 million | 22% to 24% | $9.45 to $10.20 | $10.25 to $11.00 | $2.3 to $2.5 billion",| Free Cash Flow (1) | Free Cash Flow (1) | Free Cash Flow (1) | $1.9 to $2.1 billion | $1.9 to $2.1 billion | $1.9 to $2.1 billion,V9_SEVEN_GRAMMAR_CORRECTED_NOT_SOURCE_REVIEWED,,,1e6c2d5d328640fbf0c89da1ed19f87daeccb8948f8e7595128be605e2b3a2a7
MCO,0001059556,0001059556-24-000012,2024-02-13T12:00:40.000Z,a4q23earningsrelease.htm,https://www.sec.gov/Archives/edgar/data/1059556/000105955624000012/a4q23earningsrelease.htm,7bb39baf191e5fd70514b5f3668acb7ff034f3c21bd1330ecaba5a5c5038a45c,MARGIN,FY2024,NON_GAAP,NOT_APPLICABLE,PERCENT,30,31,30.5,CURRENT_GUIDANCE_RANGE,AS_REPORTED,HTML_TABLE_GRID,0,CURRENT_CANDIDATE,CURRENT_GUIDANCE_RANGE,43,17,3,MA Adjusted Operating Margin | MA Adjusted Operating Margin | MA Adjusted Operating Margin,"Full Year 2024 Moody's Corporation Guidance as of February 13, 2024 | Current guidance | Increase in the high-single-digit to low-double-digit percent range | Increase in the mid-to-high-single-digit percent range | 37% to 39% | 44% to 46% | $240 - $260 million | 22% to 24% | $9.45 to $10.20 | $10.25 to $11.00 | $2.3 to $2.5 billion | $1.9 to $2.1 billion | Approximately $1.0 billion (subject to available cash, market conditions, M&A opportunities, and other ongoing capital allocation decisions)",| MA Adjusted Operating Margin | MA Adjusted Operating Margin | MA Adjusted Operating Margin | 30% to 31% | 30% to 31% | 30% to 31%,V9_SEVEN_GRAMMAR_CORRECTED_NOT_SOURCE_REVIEWED,,,c37d69d9217b08c2fe2a864ed2c6975e0e1b04254154186082d81a8e3682fb2c
MCO,0001059556,0001059556-24-000012,2024-02-13T12:00:40.000Z,a4q23earningsrelease.htm,https://www.sec.gov/Archives/edgar/data/1059556/000105955624000012/a4q23earningsrelease.htm,7bb39baf191e5fd70514b5f3668acb7ff034f3c21bd1330ecaba5a5c5038a45c,MARGIN,FY2024,NON_GAAP,NOT_APPLICABLE,PERCENT,55.5,57.5,56.5,CURRENT_GUIDANCE_RANGE,AS_REPORTED,HTML_TABLE_GRID,0,CURRENT_CANDIDATE,CURRENT_GUIDANCE_RANGE,43,20,3,MIS Adjusted Operating Margin | MIS Adjusted Operating Margin | MIS Adjusted Operating Margin,"Full Year 2024 Moody's Corporation Guidance as of February 13, 2024 | Current guidance | Increase in the high-single-digit to low-double-digit percent range | Increase in the mid-to-high-single-digit percent range | 37% to 39% | 44% to 46% | $240 - $260 million | 22% to 24% | $9.45 to $10.20 | $10.25 to $11.00 | $2.3 to $2.5 billion | $1.9 to $2.1 billion | Approximately $1.0 billion (subject to available cash, market conditions, M&A opportunities, and other ongoing capital allocation decisions)",| MIS Adjusted Operating Margin | MIS Adjusted Operating Margin | MIS Adjusted Operating Margin | 55.5% to 57.5% | 55.5% to 57.5% | 55.5% to 57.5%,V9_SEVEN_GRAMMAR_CORRECTED_NOT_SOURCE_REVIEWED,,,c37d69d9217b08c2fe2a864ed2c6975e0e1b04254154186082d81a8e3682fb2c
MSCI,0001408198,0001408198-24-000072,2024-04-23T10:51:39.000Z,earningsrelease-20240331.htm,https://www.sec.gov/Archives/edgar/data/1408198/000140819824000072/earningsrelease-20240331.htm,4cc57dc8aa84d27cb333900942b250e3fd85cf01e88497cca8ae245b6f9c5e62,CAPEX,FY2024,NOT_APPLICABLE,NOT_APPLICABLE,USD,95000000,105000000,100000000,CURRENT_GUIDANCE_RANGE,AS_REPORTED,HTML_TABLE_GRID,0,CURRENT_CANDIDATE,CURRENT_GUIDANCE_RANGE,10,7,3,Capital Expenditures | Capital Expenditures | Capital Expenditures,"Current Guidance for Full-Year 2024 | $1,300 to $1,340 million | $1,130 to $1,160 million | $185 to $189 million | $170 to $180 million | 18% to 21%",| Capital Expenditures | Capital Expenditures | Capital Expenditures | $95 to $105 million | $95 to $105 million | $95 to $105 million,V9_SEVEN_GRAMMAR_CORRECTED_NOT_SOURCE_REVIEWED,,,725223205058e0dd3b7d6ffb963319142e265a774ed16aa30841f9935bb30e18
MSCI,0001408198,0001408198-24-000072,2024-04-23T10:51:39.000Z,earningsrelease-20240331.htm,https://www.sec.gov/Archives/edgar/data/1408198/000140819824000072/earningsrelease-20240331.htm,4cc57dc8aa84d27cb333900942b250e3fd85cf01e88497cca8ae245b6f9c5e62,FREE_CASH_FLOW,FY2024,NON_GAAP,NOT_APPLICABLE,USD,1225000000,1285000000,1255000000,CURRENT_GUIDANCE_RANGE,AS_REPORTED,HTML_TABLE_GRID,0,CURRENT_CANDIDATE,CURRENT_GUIDANCE_RANGE,10,9,3,Free Cash Flow | Free Cash Flow | Free Cash Flow,"Current Guidance for Full-Year 2024 | $1,300 to $1,340 million | $1,130 to $1,160 million | $185 to $189 million | $170 to $180 million | 18% to 21% | $95 to $105 million | $1,330 to $1,380 million","| Free Cash Flow | Free Cash Flow | Free Cash Flow | $1,225 to $1,285 million | $1,225 to $1,285 million | $1,225 to $1,285 million",V9_SEVEN_GRAMMAR_CORRECTED_NOT_SOURCE_REVIEWED,,,3d2373beffc1238cb75b84cccba7b181c75ea5140424d4dff4b2d5a99485089c
COHR,0000820318,0001193125-24-131935,2024-05-06T20:15:45.000Z,d819783dex993.htm,https://www.sec.gov/Archives/edgar/data/820318/000119312524131935/d819783dex993.htm,c9293b689e7fa0bfd3f1e0af331f909f8bdaa73855c4317e511dee75abf69867,REVENUE,Q4-2024,UNSPECIFIED,NOT_APPLICABLE,USD,1230000000,1320000000,1275000000,CURRENT_GUIDANCE_RANGE,AS_REPORTED,NARRATIVE_CLAUSE,43,CURRENT_CANDIDATE,CURRENT_GUIDANCE_RANGE,,,,,,FOURTH QUARTER FISCAL 2024 OUTLOOK Revenue $1.23 – 1.32 billion,V9_SEVEN_GRAMMAR_CORRECTED_NOT_SOURCE_REVIEWED,/html/body/document/type/sequence/filename/description/text/p[74],HTML_P,286e46cb7dd188c949130a02440d5666bdcbf01010af793e08362a5f3bdcc911
CVS,0000064803,0001193125-24-239193,2024-10-18T10:46:01.000Z,d837701dex991.htm,https://www.sec.gov/Archives/edgar/data/64803/000119312524239193/d837701dex991.htm,0df507c3d86f862417be2abdecd27a9889597b4cc4761a6e4d4a3aeac7e912cd,EPS,Q3-2024,GAAP,NOT_APPLICABLE,USD_PER_SHARE,0.03,0.08,0.055,CURRENT_GUIDANCE_RANGE,AS_REPORTED,NARRATIVE_CLAUSE,102,CURRENT_CANDIDATE,CURRENT_GUIDANCE_RANGE,,,,,,Company provides preliminary guidance for third quarter 2024 GAAP diluted Earnings per Share (EPS) of $0.03 to $0.08 and Adjusted EPS of $1.05 to $1.10,V9_SEVEN_GRAMMAR_CORRECTED_NOT_SOURCE_REVIEWED,/html/body/document/type/sequence/filename/description/text/center[1]/div/p[5],HTML_P,888a1db762fcb52b350291919c4919ecbf68c526815d68979e10686255785e26
CVS,0000064803,0001193125-24-239193,2024-10-18T10:46:01.000Z,d837701dex991.htm,https://www.sec.gov/Archives/edgar/data/64803/000119312524239193/d837701dex991.htm,0df507c3d86f862417be2abdecd27a9889597b4cc4761a6e4d4a3aeac7e912cd,EPS,Q3-2024,NON_GAAP,NOT_APPLICABLE,USD_PER_SHARE,1.05,1.1,1.075,CURRENT_GUIDANCE_RANGE,AS_REPORTED,NARRATIVE_CLAUSE,137,CURRENT_CANDIDATE,CURRENT_GUIDANCE_RANGE,,,,,,Company provides preliminary guidance for third quarter 2024 GAAP diluted Earnings per Share (EPS) of $0.03 to $0.08 and Adjusted EPS of $1.05 to $1.10,V9_SEVEN_GRAMMAR_CORRECTED_NOT_SOURCE_REVIEWED,/html/body/document/type/sequence/filename/description/text/center[1]/div/p[5],HTML_P,0733ea69f04c94a95487679d34695532dc34bbf289fdfda3317aa2c28fbec80f
EIX,0000827052,0000827052-24-000074,2024-10-29T20:06:32.000Z,eix-20241029xex99d2.htm,https://www.sec.gov/Archives/edgar/data/827052/000082705224000074/eix-20241029xex99d2.htm,3f8e7616a8247b313f1372afe16b671a0cd9e5e032d8d17245b71ab1e4b4d205,EPS,Q3-2024,NON_GAAP,NOT_APPLICABLE,USD_PER_SHARE,4.8,5,4.9,CURRENT_GUIDANCE_RANGE,AS_REPORTED,NARRATIVE_CLAUSE,210,CURRENT_CANDIDATE,CURRENT_GUIDANCE_RANGE,,,,,,"Edison International’s core EPS for third quarter 2024 was $1.51, bringing year-to-date core EPS to $3.88. With this strong year-to-date performance, we are confident in narrowing our 2024 core EPS guidance to $4.80 to $5.00. Additionally, we remain confident in our ability to meet our 2025 EPS guidance and delivering a 5 to 7% EPS CAGR through 2028.",V9_SEVEN_GRAMMAR_CORRECTED_NOT_SOURCE_REVIEWED,/html/body/document/type/sequence/filename/description/text/div[2]/div[2]/p[6],HTML_P,1bf9143ac61107a82cd6941dd051063ab63562f31fb3b6990bd28e549c959e39
COHR,0000820318,0001193125-24-252062,2024-11-06T21:20:03.000Z,d857703dex992.htm,https://www.sec.gov/Archives/edgar/data/820318/000119312524252062/d857703dex992.htm,fa7e32159f61b975d98d4aa99777343d49c4a22dfd79cbbefab3f9b34f11a1c3,REVENUE,Q2-2025,UNSPECIFIED,NOT_APPLICABLE,USD,1330000000,1410000000,1370000000,CURRENT_GUIDANCE_RANGE,AS_REPORTED,NARRATIVE_CLAUSE,43,CURRENT_CANDIDATE,CURRENT_GUIDANCE_RANGE,,,,,,SECOND QUARTER FISCAL 2025 OUTLOOK REVENUE $1.33 – 1.41 billion,V9_SEVEN_GRAMMAR_CORRECTED_NOT_SOURCE_REVIEWED,/html/body/document/type/sequence/filename/description/text/p[44],HTML_P,1acb33ee7d025798fd12fe0fad98761fa0cb047711c4405da940ca6892d7a87e
FIS,0001136893,0001193125-25-083595,2025-04-17T12:34:42.000Z,d934755d8k.htm,https://www.sec.gov/Archives/edgar/data/1136893/000119312525083595/d934755d8k.htm,8146b1627b9d405b5fbf7804fb8deb59e3ac2f2b8a922da9ba1898bb2cfb5e20,EPS,FY2025,NON_GAAP,NOT_APPLICABLE,USD_PER_SHARE,5.7,5.8,5.75,CURRENT_GUIDANCE_RANGE,AS_REPORTED,HTML_TABLE_GRID,0,CURRENT_CANDIDATE,CURRENT_GUIDANCE_RANGE,9,4,2,Adjusted EPS (Non-GAAP)1,"FY 2025 | $10,435 - $10,495 | $4,305 - $4,335","Full-Year 2025 Outlook | The Company previously provided full-year outlook on February 11, 2025 and is re-affirming the guidance for the metrics below: | Adjusted EPS (Non-GAAP)1 | | $5.70 - $5.80",V9_SEVEN_GRAMMAR_CORRECTED_NOT_SOURCE_REVIEWED,,,59bb61f024c177e54314aa31a8ecfd45bcf10473f3765fd1e3b84651df0ddcd2
MCO,0001059556,0001059556-25-000165,2025-07-23T10:59:13.000Z,a2q25earningsrelease.htm,https://www.sec.gov/Archives/edgar/data/1059556/000105955625000165/a2q25earningsrelease.htm,ae0ea13de4d1ea2c67d261d52b23d94c9ef63130f02233bf950310b191f23f65,MARGIN,FY2025,UNSPECIFIED,NOT_APPLICABLE,PERCENT,42,43,42.5,CURRENT_GUIDANCE_RANGE,AS_REPORTED,HTML_TABLE_GRID,0,CURRENT_CANDIDATE,CURRENT_GUIDANCE_RANGE,48,5,3,Operating Margin | Operating Margin | Operating Margin,"Full Year 2025 Moody's Corporation Guidance as of July 23, 2025 | Last Publicly Disclosed Guidance | Increase in the mid-single-digit percent range | Increase in the low-to-mid-single-digit percent range",| Operating Margin | Operating Margin | Operating Margin | 42% to 43% | 42% to 43% | 42% to 43% | NC | NC | NC,V9_SEVEN_GRAMMAR_CORRECTED_NOT_SOURCE_REVIEWED,,,3160b440482798bd00c648dbc55a063ac7c1450ccfb87ac596ce89fb80e6e946
MCO,0001059556,0001059556-25-000165,2025-07-23T10:59:13.000Z,a2q25earningsrelease.htm,https://www.sec.gov/Archives/edgar/data/1059556/000105955625000165/a2q25earningsrelease.htm,ae0ea13de4d1ea2c67d261d52b23d94c9ef63130f02233bf950310b191f23f65,MARGIN,FY2025,NON_GAAP,NOT_APPLICABLE,PERCENT,49,50,49.5,CURRENT_GUIDANCE_RANGE,AS_REPORTED,HTML_TABLE_GRID,0,CURRENT_CANDIDATE,CURRENT_GUIDANCE_RANGE,48,6,3,Adjusted Operating Margin (1) | Adjusted Operating Margin (1) | Adjusted Operating Margin (1),"Full Year 2025 Moody's Corporation Guidance as of July 23, 2025 | Last Publicly Disclosed Guidance | Increase in the mid-single-digit percent range | Increase in the low-to-mid-single-digit percent range | 42% to 43%",| Adjusted Operating Margin (1) | Adjusted Operating Margin (1) | Adjusted Operating Margin (1) | 49% to 50% | 49% to 50% | 49% to 50% | NC | NC | NC,V9_SEVEN_GRAMMAR_CORRECTED_NOT_SOURCE_REVIEWED,,,3160b440482798bd00c648dbc55a063ac7c1450ccfb87ac596ce89fb80e6e946
MCO,0001059556,0001059556-25-000165,2025-07-23T10:59:13.000Z,a2q25earningsrelease.htm,https://www.sec.gov/Archives/edgar/data/1059556/000105955625000165/a2q25earningsrelease.htm,ae0ea13de4d1ea2c67d261d52b23d94c9ef63130f02233bf950310b191f23f65,EPS,FY2025,UNSPECIFIED,NOT_APPLICABLE,USD_PER_SHARE,12.25,12.75,12.5,CURRENT_GUIDANCE_RANGE,AS_REPORTED,HTML_TABLE_GRID,0,CURRENT_CANDIDATE,CURRENT_GUIDANCE_RANGE,48,9,6,Diluted EPS | Diluted EPS | Diluted EPS,"Full Year 2025 Moody's Corporation Guidance as of July 23, 2025 | Current Guidance | NC",| Diluted EPS | Diluted EPS | Diluted EPS | $12.00 to $12.75 | $12.00 to $12.75 | $12.00 to $12.75 | $12.25 to $12.75 | $12.25 to $12.75 | $12.25 to $12.75,V9_SEVEN_GRAMMAR_CORRECTED_NOT_SOURCE_REVIEWED,,,c69f7517b8035d6286bc45ca90628e39384940edcc60482806325053eb2dfc3c
MCO,0001059556,0001059556-25-000165,2025-07-23T10:59:13.000Z,a2q25earningsrelease.htm,https://www.sec.gov/Archives/edgar/data/1059556/000105955625000165/a2q25earningsrelease.htm,ae0ea13de4d1ea2c67d261d52b23d94c9ef63130f02233bf950310b191f23f65,EPS,FY2025,NON_GAAP,NOT_APPLICABLE,USD_PER_SHARE,13.5,14,13.75,CURRENT_GUIDANCE_RANGE,AS_REPORTED,HTML_TABLE_GRID,0,CURRENT_CANDIDATE,CURRENT_GUIDANCE_RANGE,48,10,6,Adjusted Diluted EPS (1) | Adjusted Diluted EPS (1) | Adjusted Diluted EPS (1),"Full Year 2025 Moody's Corporation Guidance as of July 23, 2025 | Current Guidance | NC | $12.25 to $12.75",| Adjusted Diluted EPS (1) | Adjusted Diluted EPS (1) | Adjusted Diluted EPS (1) | $13.25 to $14.00 | $13.25 to $14.00 | $13.25 to $14.00 | $13.50 to $14.00 | $13.50 to $14.00 | $13.50 to $14.00,V9_SEVEN_GRAMMAR_CORRECTED_NOT_SOURCE_REVIEWED,,,c69f7517b8035d6286bc45ca90628e39384940edcc60482806325053eb2dfc3c
MCO,0001059556,0001059556-25-000165,2025-07-23T10:59:13.000Z,a2q25earningsrelease.htm,https://www.sec.gov/Archives/edgar/data/1059556/000105955625000165/a2q25earningsrelease.htm,ae0ea13de4d1ea2c67d261d52b23d94c9ef63130f02233bf950310b191f23f65,FREE_CASH_FLOW,FY2025,NON_GAAP,NOT_APPLICABLE,USD,2300000000,2500000000,2400000000,CURRENT_GUIDANCE_RANGE,AS_REPORTED,HTML_TABLE_GRID,0,CURRENT_CANDIDATE,CURRENT_GUIDANCE_RANGE,48,12,3,Free Cash Flow (1) | Free Cash Flow (1) | Free Cash Flow (1),"Full Year 2025 Moody's Corporation Guidance as of July 23, 2025 | Last Publicly Disclosed Guidance | Increase in the mid-single-digit percent range | Increase in the low-to-mid-single-digit percent range | 42% to 43% | 49% to 50% | $220 million to $240 million | 23% to 25% | $12.00 to $12.75 | $13.25 to $14.00 | $2.65 to $2.85 billion",| Free Cash Flow (1) | Free Cash Flow (1) | Free Cash Flow (1) | $2.30 to $2.50 billion | $2.30 to $2.50 billion | $2.30 to $2.50 billion | NC | NC | NC,V9_SEVEN_GRAMMAR_CORRECTED_NOT_SOURCE_REVIEWED,,,84cb1b1c5fca3b042672c17fda88adb8e88d0be7648109b367f516f125c30c8d
MCO,0001059556,0001059556-25-000165,2025-07-23T10:59:13.000Z,a2q25earningsrelease.htm,https://www.sec.gov/Archives/edgar/data/1059556/000105955625000165/a2q25earningsrelease.htm,ae0ea13de4d1ea2c67d261d52b23d94c9ef63130f02233bf950310b191f23f65,MARGIN,FY2025,NON_GAAP,NOT_APPLICABLE,PERCENT,32,33,32.5,CURRENT_GUIDANCE_RANGE,AS_REPORTED,HTML_TABLE_GRID,0,CURRENT_CANDIDATE,CURRENT_GUIDANCE_RANGE,48,17,3,MA Adjusted Operating Margin | MA Adjusted Operating Margin | MA Adjusted Operating Margin,"Full Year 2025 Moody's Corporation Guidance as of July 23, 2025 | Last Publicly Disclosed Guidance | Increase in the mid-single-digit percent range | Increase in the low-to-mid-single-digit percent range | 42% to 43% | 49% to 50% | $220 million to $240 million | 23% to 25% | $12.00 to $12.75 | $13.25 to $14.00 | $2.65 to $2.85 billion | $2.30 to $2.50 billion | At least $1.3 billion(subject to available cash, market conditions, M&A opportunitiesand other ongoing capital allocation decisions) | I",| MA Adjusted Operating Margin | MA Adjusted Operating Margin | MA Adjusted Operating Margin | 32% to 33% | 32% to 33% | 32% to 33% | NC | NC | NC,V9_SEVEN_GRAMMAR_CORRECTED_NOT_SOURCE_REVIEWED,,,3160b440482798bd00c648dbc55a063ac7c1450ccfb87ac596ce89fb80e6e946
MCO,0001059556,0001059556-25-000165,2025-07-23T10:59:13.000Z,a2q25earningsrelease.htm,https://www.sec.gov/Archives/edgar/data/1059556/000105955625000165/a2q25earningsrelease.htm,ae0ea13de4d1ea2c67d261d52b23d94c9ef63130f02233bf950310b191f23f65,MARGIN,FY2025,NON_GAAP,NOT_APPLICABLE,PERCENT,61,62,61.5,CURRENT_GUIDANCE_RANGE,AS_REPORTED,HTML_TABLE_GRID,0,CURRENT_CANDIDATE,CURRENT_GUIDANCE_RANGE,48,20,3,MIS Adjusted Operating Margin | MIS Adjusted Operating Margin | MIS Adjusted Operating Margin,"Full Year 2025 Moody's Corporation Guidance as of July 23, 2025 | Last Publicly Disclosed Guidance | Increase in the mid-single-digit percent range | Increase in the low-to-mid-single-digit percent range | 42% to 43% | 49% to 50% | $220 million to $240 million | 23% to 25% | $12.00 to $12.75 | $13.25 to $14.00 | $2.65 to $2.85 billion | $2.30 to $2.50 billion | At least $1.3 billion(subject to available cash, market conditions, M&A opportunitiesand other ongoing capital allocation decisions) | I",| MIS Adjusted Operating Margin | MIS Adjusted Operating Margin | MIS Adjusted Operating Margin | 61% to 62% | 61% to 62% | 61% to 62% | NC | NC | NC,V9_SEVEN_GRAMMAR_CORRECTED_NOT_SOURCE_REVIEWED,,,3160b440482798bd00c648dbc55a063ac7c1450ccfb87ac596ce89fb80e6e946
MCO,0001059556,0001628280-25-045770,2025-10-22T10:56:01.000Z,a3q25earningsrelease.htm,https://www.sec.gov/Archives/edgar/data/1059556/000162828025045770/a3q25earningsrelease.htm,943e4b7c3b3b9251af07a569c7d965585a1884b957b3313f15a4d98632521a13,MARGIN,FY2025,UNSPECIFIED,NOT_APPLICABLE,PERCENT,43,44,43.5,CURRENT_GUIDANCE_RANGE,AS_REPORTED,HTML_TABLE_GRID,0,CURRENT_CANDIDATE,CURRENT_GUIDANCE_RANGE,47,5,6,Operating Margin | Operating Margin | Operating Margin,"Full Year 2025 Moody's Corporation Guidance as of October 22, 2025 | Current Guidance | Increase in the high-single-digit percent range | NC",| Operating Margin | Operating Margin | Operating Margin | 42% to 43% | 42% to 43% | 42% to 43% | 43% to 44% | 43% to 44% | 43% to 44%,V9_SEVEN_GRAMMAR_CORRECTED_NOT_SOURCE_REVIEWED,,,385544b9be01004517a23d01347155f398b1701d60ae1f399ff1620c091ef460
MCO,0001059556,0001628280-25-045770,2025-10-22T10:56:01.000Z,a3q25earningsrelease.htm,https://www.sec.gov/Archives/edgar/data/1059556/000162828025045770/a3q25earningsrelease.htm,943e4b7c3b3b9251af07a569c7d965585a1884b957b3313f15a4d98632521a13,EPS,FY2025,UNSPECIFIED,NOT_APPLICABLE,USD_PER_SHARE,13.15,13.4,13.275,CURRENT_GUIDANCE_RANGE,AS_REPORTED,HTML_TABLE_GRID,0,CURRENT_CANDIDATE,CURRENT_GUIDANCE_RANGE,47,9,6,Diluted EPS | Diluted EPS | Diluted EPS,"Full Year 2025 Moody's Corporation Guidance as of October 22, 2025 | Current Guidance | Increase in the high-single-digit percent range | NC | 43% to 44% | Approximately 51% | $215 million to $225 million | 22% to 23%(2)",| Diluted EPS | Diluted EPS | Diluted EPS | $12.25 to $12.75 | $12.25 to $12.75 | $12.25 to $12.75 | $13.15 to $13.40 | $13.15 to $13.40 | $13.15 to $13.40,V9_SEVEN_GRAMMAR_CORRECTED_NOT_SOURCE_REVIEWED,,,7e3a3ed1b96d4168789c1bcb884b84067c224a6e7a2825a936455689f1dfea9a
MCO,0001059556,0001628280-25-045770,2025-10-22T10:56:01.000Z,a3q25earningsrelease.htm,https://www.sec.gov/Archives/edgar/data/1059556/000162828025045770/a3q25earningsrelease.htm,943e4b7c3b3b9251af07a569c7d965585a1884b957b3313f15a4d98632521a13,EPS,FY2025,NON_GAAP,NOT_APPLICABLE,USD_PER_SHARE,14.5,14.75,14.625,CURRENT_GUIDANCE_RANGE,AS_REPORTED,HTML_TABLE_GRID,0,CURRENT_CANDIDATE,CURRENT_GUIDANCE_RANGE,47,10,6,Adjusted Diluted EPS (1) | Adjusted Diluted EPS (1) | Adjusted Diluted EPS (1),"Full Year 2025 Moody's Corporation Guidance as of October 22, 2025 | Current Guidance | Increase in the high-single-digit percent range | NC | 43% to 44% | Approximately 51% | $215 million to $225 million | 22% to 23%(2) | $13.15 to $13.40",| Adjusted Diluted EPS (1) | Adjusted Diluted EPS (1) | Adjusted Diluted EPS (1) | $13.50 to $14.00 | $13.50 to $14.00 | $13.50 to $14.00 | $14.50 to $14.75 | $14.50 to $14.75 | $14.50 to $14.75,V9_SEVEN_GRAMMAR_CORRECTED_NOT_SOURCE_REVIEWED,,,7e3a3ed1b96d4168789c1bcb884b84067c224a6e7a2825a936455689f1dfea9a
MCO,0001059556,0001628280-25-045770,2025-10-22T10:56:01.000Z,a3q25earningsrelease.htm,https://www.sec.gov/Archives/edgar/data/1059556/000162828025045770/a3q25earningsrelease.htm,943e4b7c3b3b9251af07a569c7d965585a1884b957b3313f15a4d98632521a13,MARGIN,FY2025,NON_GAAP,NOT_APPLICABLE,PERCENT,63,64,63.5,CURRENT_GUIDANCE_RANGE,AS_REPORTED,HTML_TABLE_GRID,0,CURRENT_CANDIDATE,CURRENT_GUIDANCE_RANGE,47,20,6,MIS Adjusted Operating Margin | MIS Adjusted Operating Margin | MIS Adjusted Operating Margin,"Full Year 2025 Moody's Corporation Guidance as of October 22, 2025 | Current Guidance | Increase in the high-single-digit percent range | NC | 43% to 44% | Approximately 51% | $215 million to $225 million | 22% to 23%(2) | $13.15 to $13.40 | $14.50 to $14.75 | Approximately $2.85 billion | Approximately $2.5 billion | At least $1.5 billion(subject to available cash, market conditions, M&A opportunitiesand other ongoing capital allocation decisions) | Approximately 33%",| MIS Adjusted Operating Margin | MIS Adjusted Operating Margin | MIS Adjusted Operating Margin | 61% to 62% | 61% to 62% | 61% to 62% | 63% to 64% | 63% to 64% | 63% to 64%,V9_SEVEN_GRAMMAR_CORRECTED_NOT_SOURCE_REVIEWED,,,385544b9be01004517a23d01347155f398b1701d60ae1f399ff1620c091ef460
MSCI,0001408198,0001408198-25-000194,2025-10-28T10:46:17.000Z,exhibit991earningsrelease-.htm,https://www.sec.gov/Archives/edgar/data/1408198/000140819825000194/exhibit991earningsrelease-.htm,19c5b3bbaddea85cf90e16d153b7a3fac24baf57fe4c1404c9b151ee9335eaac,CAPEX,FY2025,NOT_APPLICABLE,NOT_APPLICABLE,USD,120000000,130000000,125000000,CURRENT_GUIDANCE_RANGE,AS_REPORTED,HTML_TABLE_GRID,0,CURRENT_CANDIDATE,CURRENT_GUIDANCE_RANGE,5,7,3,Capital Expenditures | Capital Expenditures | Capital Expenditures,"Current Guidance for Full-Year 2025 | $1,415 to $1,445 million | $1,230 to $1,250 million | $205 to $209 million | $185 to $195 million | 16.0% to 18.0%",| Capital Expenditures | Capital Expenditures | Capital Expenditures | $120 to $130 million | $120 to $130 million | $120 to $130 million | $115 to $125 million | $115 to $125 million | $115 to $125 million,V9_SEVEN_GRAMMAR_CORRECTED_NOT_SOURCE_REVIEWED,,,fec66d72239a1ed96fc1715e4b2f3fa64d63cebfcd65debc09ff4d3ae6ede708
MSCI,0001408198,0001408198-25-000194,2025-10-28T10:46:17.000Z,exhibit991earningsrelease-.htm,https://www.sec.gov/Archives/edgar/data/1408198/000140819825000194/exhibit991earningsrelease-.htm,19c5b3bbaddea85cf90e16d153b7a3fac24baf57fe4c1404c9b151ee9335eaac,FREE_CASH_FLOW,FY2025,NON_GAAP,NOT_APPLICABLE,USD,1410000000,1470000000,1440000000,CURRENT_GUIDANCE_RANGE,AS_REPORTED,HTML_TABLE_GRID,0,CURRENT_CANDIDATE,CURRENT_GUIDANCE_RANGE,5,9,3,Free Cash Flow | Free Cash Flow | Free Cash Flow,"Current Guidance for Full-Year 2025 | $1,415 to $1,445 million | $1,230 to $1,250 million | $205 to $209 million | $185 to $195 million | 16.0% to 18.0% | $120 to $130 million | $1,540 to $1,590 million","| Free Cash Flow | Free Cash Flow | Free Cash Flow | $1,410 to $1,470 million | $1,410 to $1,470 million | $1,410 to $1,470 million | $1,400 to $1,460 million | $1,400 to $1,460 million | $1,400 to $1,460 million",V9_SEVEN_GRAMMAR_CORRECTED_NOT_SOURCE_REVIEWED,,,163b779d6776a3123fec0f754a0848cf2a7a866b5f2feb752cb82555f6aedc03
AXP,0000004962,0000004962-26-000037,2026-01-30T12:00:34.000Z,q425exhibit991.htm,https://www.sec.gov/Archives/edgar/data/4962/000000496226000037/q425exhibit991.htm,d19d5854aaf0d1031f47a6bfb7d1027b63365ee70662975d8b8d48417d56f476,EPS,FY2026,UNSPECIFIED,NOT_APPLICABLE,USD_PER_SHARE,17.3,17.9,17.6,CURRENT_GUIDANCE_RANGE,AS_REPORTED,NARRATIVE_CLAUSE,1161,CURRENT_CANDIDATE,CURRENT_GUIDANCE_RANGE,,,,,,"For the full year 2026, we expect revenue growth of 9 to 10 percent and EPS in the range of $17.30 to $17.90, and we plan to increase our quarterly common stock dividend by approximately 16 percent.""",V9_SEVEN_GRAMMAR_CORRECTED_NOT_SOURCE_REVIEWED,/html/body/document/type/sequence/filename/description/text/div[3]/div[9]/table/tr[2],HTML_SINGLE_CELL_ROW,dd05852eeacef2d7adc4dd8b912de83a460dac086fcec418fcb6332ce1d39fd4
MCO,0001059556,0001628280-26-026383,2026-04-22T10:59:06.000Z,a1q26earningsrelease.htm,https://www.sec.gov/Archives/edgar/data/1059556/000162828026026383/a1q26earningsrelease.htm,8505f6ea5cc1b4b306e868c8d57fff26e54de5fde51fd63b43eb1172b9423617,MARGIN,FY2026,NON_GAAP,NOT_APPLICABLE,PERCENT,52,53,52.5,CURRENT_GUIDANCE_RANGE,AS_REPORTED,HTML_TABLE_GRID,0,CURRENT_CANDIDATE,CURRENT_GUIDANCE_RANGE,11,6,3,Adjusted Operating Margin (1) | Adjusted Operating Margin (1) | Adjusted Operating Margin (1),"Full Year 2026 Moody's Corporation Guidance as of April 22, 2026 | Last Publicly Disclosed Guidance | Increase in the high-single-digit percent range | Increase in the mid-single-digit percent range | 45% to 46%",| Adjusted Operating Margin (1) | Adjusted Operating Margin (1) | Adjusted Operating Margin (1) | 52% to 53% | 52% to 53% | 52% to 53% | NC | NC | NC,V9_SEVEN_GRAMMAR_CORRECTED_NOT_SOURCE_REVIEWED,,,5b686ce55e6e773007f80547aa8ab1edbb079573423d6f5b8a94a130265820dd
MCO,0001059556,0001628280-26-026383,2026-04-22T10:59:06.000Z,a1q26earningsrelease.htm,https://www.sec.gov/Archives/edgar/data/1059556/000162828026026383/a1q26earningsrelease.htm,8505f6ea5cc1b4b306e868c8d57fff26e54de5fde51fd63b43eb1172b9423617,EPS,FY2026,UNSPECIFIED,NOT_APPLICABLE,USD_PER_SHARE,16,16.6,16.3,CURRENT_GUIDANCE_RANGE,AS_REPORTED,HTML_TABLE_GRID,0,CURRENT_CANDIDATE,CURRENT_GUIDANCE_RANGE,11,10,6,Diluted EPS | Diluted EPS | Diluted EPS,"Full Year 2026 Moody's Corporation Guidance as of April 22, 2026 | Current Guidance | NC | Approximately 45% | $220 to $240 million | $70 to $90 million",| Diluted EPS | Diluted EPS | Diluted EPS | $15.00 to $15.60 | $15.00 to $15.60 | $15.00 to $15.60 | $16.00 to $16.60 | $16.00 to $16.60 | $16.00 to $16.60,V9_SEVEN_GRAMMAR_CORRECTED_NOT_SOURCE_REVIEWED,,,e5f07276f6557528c0c5fddd258bac151f9bd68342ff1461794f9386d00bc2d2
MCO,0001059556,0001628280-26-026383,2026-04-22T10:59:06.000Z,a1q26earningsrelease.htm,https://www.sec.gov/Archives/edgar/data/1059556/000162828026026383/a1q26earningsrelease.htm,8505f6ea5cc1b4b306e868c8d57fff26e54de5fde51fd63b43eb1172b9423617,EPS,FY2026,NON_GAAP,NOT_APPLICABLE,USD_PER_SHARE,16.4,17,16.7,CURRENT_GUIDANCE_RANGE,AS_REPORTED,HTML_TABLE_GRID,0,CURRENT_CANDIDATE,CURRENT_GUIDANCE_RANGE,11,11,3,Adjusted Diluted EPS (1) | Adjusted Diluted EPS (1) | Adjusted Diluted EPS (1),"Full Year 2026 Moody's Corporation Guidance as of April 22, 2026 | Last Publicly Disclosed Guidance | Increase in the high-single-digit percent range | Increase in the mid-single-digit percent range | 45% to 46% | 52% to 53% | $210 to $230 million | ($180 to $200 million) | 23% to 25% | $15.00 to $15.60",| Adjusted Diluted EPS (1) | Adjusted Diluted EPS (1) | Adjusted Diluted EPS (1) | $16.40 to $17.00 | $16.40 to $17.00 | $16.40 to $17.00 | NC | NC | NC,V9_SEVEN_GRAMMAR_CORRECTED_NOT_SOURCE_REVIEWED,,,e5f07276f6557528c0c5fddd258bac151f9bd68342ff1461794f9386d00bc2d2
MCO,0001059556,0001628280-26-026383,2026-04-22T10:59:06.000Z,a1q26earningsrelease.htm,https://www.sec.gov/Archives/edgar/data/1059556/000162828026026383/a1q26earningsrelease.htm,8505f6ea5cc1b4b306e868c8d57fff26e54de5fde51fd63b43eb1172b9423617,FREE_CASH_FLOW,FY2026,NON_GAAP,NOT_APPLICABLE,USD,2800000000,3000000000,2900000000,CURRENT_GUIDANCE_RANGE,AS_REPORTED,HTML_TABLE_GRID,0,CURRENT_CANDIDATE,CURRENT_GUIDANCE_RANGE,11,13,3,Free Cash Flow (1) | Free Cash Flow (1) | Free Cash Flow (1),"Full Year 2026 Moody's Corporation Guidance as of April 22, 2026 | Last Publicly Disclosed Guidance | Increase in the high-single-digit percent range | Increase in the mid-single-digit percent range | 45% to 46% | 52% to 53% | $210 to $230 million | ($180 to $200 million) | 23% to 25% | $15.00 to $15.60 | $16.40 to $17.00 | $3.25 to $3.45 billion",| Free Cash Flow (1) | Free Cash Flow (1) | Free Cash Flow (1) | $2.8 to $3.0 billion | $2.8 to $3.0 billion | $2.8 to $3.0 billion | NC | NC | NC,V9_SEVEN_GRAMMAR_CORRECTED_NOT_SOURCE_REVIEWED,,,53e8e10b6b85aca822799c08c93943ee3a02960b7f32ea1ae1c32726ab0a9321
MCO,0001059556,0001628280-26-026383,2026-04-22T10:59:06.000Z,a1q26earningsrelease.htm,https://www.sec.gov/Archives/edgar/data/1059556/000162828026026383/a1q26earningsrelease.htm,8505f6ea5cc1b4b306e868c8d57fff26e54de5fde51fd63b43eb1172b9423617,MARGIN,FY2026,NON_GAAP,NOT_APPLICABLE,PERCENT,34,35,34.5,CURRENT_GUIDANCE_RANGE,AS_REPORTED,HTML_TABLE_GRID,0,CURRENT_CANDIDATE,CURRENT_GUIDANCE_RANGE,11,19,3,MA Adjusted Operating Margin | MA Adjusted Operating Margin | MA Adjusted Operating Margin,"Full Year 2026 Moody's Corporation Guidance as of April 22, 2026 | Last Publicly Disclosed Guidance | Increase in the high-single-digit percent range | Increase in the mid-single-digit percent range | 45% to 46% | 52% to 53% | $210 to $230 million | ($180 to $200 million) | 23% to 25% | $15.00 to $15.60 | $16.40 to $17.00 | $3.25 to $3.45 billion | $2.8 to $3.0 billion | Approximately $2.0 billion(subject to available cash, market conditions, M&A opportunitiesand other ongoing capital allocation",| MA Adjusted Operating Margin | MA Adjusted Operating Margin | MA Adjusted Operating Margin | 34% to 35% | 34% to 35% | 34% to 35% | NC | NC | NC,V9_SEVEN_GRAMMAR_CORRECTED_NOT_SOURCE_REVIEWED,,,5b686ce55e6e773007f80547aa8ab1edbb079573423d6f5b8a94a130265820dd
CVS,0000064803,0000064803-26-000051,2026-05-06T10:31:25.000Z,cvs_ex99x1q1-26.htm,https://www.sec.gov/Archives/edgar/data/64803/000006480326000051/cvs_ex99x1q1-26.htm,ad45035d450a66a025a877c25253698ed01fb7df32f04c22e245383194aa9138,EPS,FY2026,NON_GAAP,NOT_APPLICABLE,USD_PER_SHARE,6.24,6.44,6.34,CURRENT_GUIDANCE_RANGE,AS_REPORTED,NARRATIVE_CLAUSE,216,CURRENT_CANDIDATE,CURRENT_GUIDANCE_RANGE,,,,,,"•First quarter total revenues increased to $100.4 billion, up 6.2% year-over-year•First quarter GAAP diluted EPS of $2.30 and Adjusted EPS of $2.57•Raising full-year 2026 guidance:◦GAAP diluted EPS guidance range to $6.24 to $6.44 from $5.94 to $6.14◦Adjusted EPS guidance range to $7.30 to $7.50 from $7.00 to $7.20◦Cash flow from operations guidance to at least $9.5 billion from at least $9.0 billion",V9_SEVEN_GRAMMAR_CORRECTED_NOT_SOURCE_REVIEWED,/html/body/document/type/sequence/filename/description/text/div[6]/table/tr[4],HTML_SINGLE_CELL_ROW,6c7dbcf5143e1d615f97a908298c4548c14ebdf7155541a038865e6f2ed69303
CVS,0000064803,0000064803-26-000051,2026-05-06T10:31:25.000Z,cvs_ex99x1q1-26.htm,https://www.sec.gov/Archives/edgar/data/64803/000006480326000051/cvs_ex99x1q1-26.htm,ad45035d450a66a025a877c25253698ed01fb7df32f04c22e245383194aa9138,EPS,FY2026,NON_GAAP,NOT_APPLICABLE,USD_PER_SHARE,7.3,7.5,7.4,CURRENT_GUIDANCE_RANGE,AS_REPORTED,NARRATIVE_CLAUSE,282,CURRENT_CANDIDATE,CURRENT_GUIDANCE_RANGE,,,,,,"•First quarter total revenues increased to $100.4 billion, up 6.2% year-over-year•First quarter GAAP diluted EPS of $2.30 and Adjusted EPS of $2.57•Raising full-year 2026 guidance:◦GAAP diluted EPS guidance range to $6.24 to $6.44 from $5.94 to $6.14◦Adjusted EPS guidance range to $7.30 to $7.50 from $7.00 to $7.20◦Cash flow from operations guidance to at least $9.5 billion from at least $9.0 billion",V9_SEVEN_GRAMMAR_CORRECTED_NOT_SOURCE_REVIEWED,/html/body/document/type/sequence/filename/description/text/div[6]/table/tr[4],HTML_SINGLE_CELL_ROW,f63d5e5b51ebe31d6b153aeb61ce7d317b9544b92e877baff754f1c3a14394b3
COHR,0000820318,0001193125-26-208972,2026-05-06T20:10:58.000Z,d57080dex992.htm,https://www.sec.gov/Archives/edgar/data/820318/000119312526208972/d57080dex992.htm,4527944e28a8db20dc61b2f2adc346087ea253638ee19f12a5909d03a7a34812,REVENUE,Q4-2026,UNSPECIFIED,NOT_APPLICABLE,USD,1910000000,2050000000,1980000000,CURRENT_GUIDANCE_RANGE,AS_REPORTED,NARRATIVE_CLAUSE,47,CURRENT_CANDIDATE,CURRENT_GUIDANCE_RANGE,,,,,,(1) FOURTH QUARTER FISCAL 2026 OUTLOOK REVENUE $1.91 billion to $2.05,V9_SEVEN_GRAMMAR_CORRECTED_NOT_SOURCE_REVIEWED,/html/body/document/type/sequence/filename/description/text/p[26],HTML_P,088972f9aab17c4899b5cef23e8c2fdb2b89d73624913eff62aff6a4985adfc0
HUM,0000049071,0001193125-18-147566,2018-05-02T11:31:04.000Z,d573775dex992.htm,https://www.sec.gov/Archives/edgar/data/49071/000119312518147566/d573775dex992.htm,c95bdb32bd90dacef56609ef5876d92753976d8f56c6e9f6de49c1618d44c829,EPS,FY2018,GAAP,NOT_APPLICABLE,USD_PER_SHARE,13.54,13.94,13.74,CURRENT_GUIDANCE_RANGE,AS_REPORTED,HTML_TABLE_GRID,1,CURRENT_CANDIDATE,CURRENT_GUIDANCE_RANGE,130,2,5,Diluted earnings per common share (EPS) | GAAP,"Humana Inc. Full-Year 2018 Projections As of May 2, 2018","• Corporate Governance information | 17 | The company’s earnings guidance for FY18 does not include any potential impact from the previously announced pending sale of KMG, whose subsidiary, KIC, includes Humana’s closed block of non-strategic long-term care insurance policies, to CGIC, a Texas-based insurance company wholly-owned by HC2 Holdings, Inc., a diversified holding company (NYSE: HCHC). | Diluted earnings per common share (EPS) | | GAAP | | | ~$13.54 - $13.94 (was ~$13.16 - $13.66) | | | • See footnote (c) for detail of non-GAAP adjustments",V9_SEVEN_GRAMMAR_CORRECTED_NOT_SOURCE_REVIEWED,,,c7f16db7bd1b17fa1a8bd525ec793d0f1d039ab7e0cf829cb8c05f741c751af2
HUM,0000049071,0001193125-18-147566,2018-05-02T11:31:04.000Z,d573775dex992.htm,https://www.sec.gov/Archives/edgar/data/49071/000119312518147566/d573775dex992.htm,c95bdb32bd90dacef56609ef5876d92753976d8f56c6e9f6de49c1618d44c829,EPS,FY2018,NON_GAAP,NOT_APPLICABLE,USD_PER_SHARE,13.7,14.1,13.9,CURRENT_GUIDANCE_RANGE,AS_REPORTED,HTML_TABLE_GRID,1,CURRENT_CANDIDATE,CURRENT_GUIDANCE_RANGE,130,4,5,Diluted earnings per common share (EPS) | Non-GAAP,"Humana Inc. Full-Year 2018 Projections As of May 2, 2018 | ~$13.54 - $13.94 (was ~$13.16 - $13.66) | ~$0.16 (was ~$0.34)","• Corporate Governance information | 17 | The company’s earnings guidance for FY18 does not include any potential impact from the previously announced pending sale of KMG, whose subsidiary, KIC, includes Humana’s closed block of non-strategic long-term care insurance policies, to CGIC, a Texas-based insurance company wholly-owned by HC2 Holdings, Inc., a diversified holding company (NYSE: HCHC). | Diluted earnings per common share (EPS) | | Non-GAAP | | | ~$13.70 - $14.10 (was ~$13.50 - $14.00) | | | • See footnote (c) for detail of non-GAAP adjustments",V9_SEVEN_GRAMMAR_CORRECTED_NOT_SOURCE_REVIEWED,,,c7f16db7bd1b17fa1a8bd525ec793d0f1d039ab7e0cf829cb8c05f741c751af2
HUM,0000049071,0001193125-18-233903,2018-08-01T11:30:10.000Z,d594073dex992.htm,https://www.sec.gov/Archives/edgar/data/49071/000119312518233903/d594073dex992.htm,13b1b6fa6388a6b4663563e8991993b581d3e7538b92d5e1cd71cf75f6137c76,CAPEX,FY2018,NOT_APPLICABLE,NOT_APPLICABLE,USD,550000000,600000000,575000000,CURRENT_GUIDANCE_RANGE,AS_REPORTED,HTML_TABLE_GRID,0,CURRENT_CANDIDATE,CURRENT_GUIDANCE_RANGE,153,13,2,Capital expenditures,"Humana Inc. Full-Year 2018 Projections As of August 1, 2018 | Retail segment pretax income | Group and Specialty segment pretax income | Healthcare Services segment earnings | GAAP 22.5% to 23.5% (was 32.1% to 33.1%) Adjustments ~9.8% (was ~0.2%) Non-GAAP 32.3% to 33.3% (no change) | 138.5 million to 139.5 million (no change) | $2.1 billion to $2.5 billion (was $2.2 billion to $2.6 billion)",| Capital expenditures | | $550 million to $600 million (no change) | $550 million to $600 million (no change) | $550 million to $600 million (no change) | |,V9_SEVEN_GRAMMAR_CORRECTED_NOT_SOURCE_REVIEWED,,,5e91aa36eabe484e12ed0b60f1f23a9698cd02838e50ef18e9d174607db6cfe6
CF,0001324404,0001104659-23-022431,2023-02-15T21:55:52.000Z,tm236855d1_ex99-1.htm,https://www.sec.gov/Archives/edgar/data/1324404/000110465923022431/tm236855d1_ex99-1.htm,41be0ea1a643464dfb9b6c68c0a2c26d48bcee8e4ce0f405622a48f505e6fbac,CAPEX,FY2023,NOT_APPLICABLE,NOT_APPLICABLE,USD,500000000,550000000,525000000,CURRENT_GUIDANCE_RANGE,AS_REPORTED,NARRATIVE_CLAUSE,1522,CURRENT_CANDIDATE,CURRENT_GUIDANCE_RANGE,,,,,,The Company expects capex for full year 2023 to be in the range of $500-$550 million,V9_SEVEN_GRAMMAR_CORRECTED_NOT_SOURCE_REVIEWED,/html/body/document/type/sequence/filename/description/text/div/div/div[25]/table/tr/td[2]/p,HTML_P,284fb15ffe442fe41288e651166994f2183f3a76a69e8dc4ad11e03e07d4e2ac
EIX,0000827052,0000827052-24-000054,2024-07-25T20:07:55.000Z,eix-20240725xex99d2.htm,https://www.sec.gov/Archives/edgar/data/827052/000082705224000054/eix-20240725xex99d2.htm,8b4d310a20792382d2afdaec98cf8899f7b760f7c25569639054a718868cd747,EPS,FY2024,NON_GAAP,NOT_APPLICABLE,USD_PER_SHARE,4.75,5.05,4.9,CURRENT_GUIDANCE_RANGE,AS_REPORTED,NARRATIVE_CLAUSE,221,CURRENT_CANDIDATE,CURRENT_GUIDANCE_RANGE,,,,,,"Edison International’s core EPS for second quarter 2024 was $1.23, bring year-to-date core EPS to $2.37. With this strong start to the first half of the year, we are confident in reaffirming our 2024 core EPS guidance of $4.75 to $5.05. Based on the progress in SCE’s 2025 General Rate Case, including many partial settlements, we are also confident in getting a strong outcome for customers.",V9_SEVEN_GRAMMAR_CORRECTED_NOT_SOURCE_REVIEWED,/html/body/document/type/sequence/filename/description/text/div[2]/div[2]/p[6],HTML_P,96a5527c69097e7e0aea29589ecc923650006ec8d2d11b6bb32c4fe8d14cdfc1
