review_id,ticker,cik,accession_number,accepted_at,document_name,source_url,source_sha256,metric,fiscal_period,accounting_basis,metric_subtype,unit,lower_bound,upper_bound,midpoint,numeric_role,sign,source_structure,range_offset,range_role,semantic_role,table_index,row_index,column_index,row_header,header_path,source_excerpt,candidate_status,block_path,source_kind,review_priority,candidate_source,v10_candidate_origin,source_path,source_available,review_decision,review_reason,reviewer,reviewed_at,source_integrity_passed
SGA2-0001,ALB,0000915913,0000915913-23-000164,2023-08-02T20:35:22.000Z,a2q23earningsreleaseex991.htm,https://www.sec.gov/Archives/edgar/data/915913/000091591323000164/a2q23earningsreleaseex991.htm,df3d4dcf672537702f943f4dc3a7987fc3c12ca35308257f376ba564ee8557bd,EPS,FY2023,NON_GAAP,NOT_APPLICABLE,USD_PER_SHARE,25,29.5,27.25,CURRENT_GUIDANCE_RANGE,AS_REPORTED,HTML_TABLE_GRID,0,CURRENT_CANDIDATE,CURRENT_GUIDANCE_RANGE,2,5,9,Adjusted Diluted EPS(a) | Adjusted Diluted EPS(a) | Adjusted Diluted EPS(a),"FY 2023 Guidance as of August 2, 2023 | $10.4 - $11.5 billion | $3.8 - $4.4 billion | 37% - 38%",| Adjusted Diluted EPS(a) | Adjusted Diluted EPS(a) | Adjusted Diluted EPS(a) | $20.75 - $25.75 | $20.75 - $25.75 | $20.75 - $25.75 | | | | $25.00 - $29.50 | $25.00 - $29.50 | $25.00 - $29.50,V10_SIX_GRAMMAR_CORRECTED_NOT_SOURCE_REVIEWED,,,5c73179702d4b10d2d18f943d432bd92f485f95654e1ebb13e1d43cb775c92a9,data/reports/sec_guidance_structure_v10_candidates.csv,,data/reference/sec/sec-8k-guidance-v7-independent-200-20260722/raw/df3d4dcf672537702f943f4dc3a7987fc3c12ca35308257f376ba564ee8557bd.gz,True,VALID,SOURCE_CONFIRMS_CURRENT_RANGE_AND_SEMANTICS,CODEX_SOURCE_AUDIT,2026-07-23,True
SGA2-0002,ALB,0000915913,0000915913-23-000164,2023-08-02T20:35:22.000Z,a2q23earningsreleaseex991.htm,https://www.sec.gov/Archives/edgar/data/915913/000091591323000164/a2q23earningsreleaseex991.htm,df3d4dcf672537702f943f4dc3a7987fc3c12ca35308257f376ba564ee8557bd,MARGIN,FY2023,NON_GAAP,NOT_APPLICABLE,PERCENT,37,38,37.5,CURRENT_GUIDANCE_RANGE,AS_REPORTED,HTML_TABLE_GRID,0,CURRENT_CANDIDATE,CURRENT_GUIDANCE_RANGE,2,4,9,Adjusted EBITDA Margin(a) | Adjusted EBITDA Margin(a) | Adjusted EBITDA Margin(a),"FY 2023 Guidance as of August 2, 2023 | $10.4 - $11.5 billion | $3.8 - $4.4 billion",| Adjusted EBITDA Margin(a) | Adjusted EBITDA Margin(a) | Adjusted EBITDA Margin(a) | 34% - 35% | 34% - 35% | 34% - 35% | | | | 37% - 38% | 37% - 38% | 37% - 38%,V10_SIX_GRAMMAR_CORRECTED_NOT_SOURCE_REVIEWED,,,352a6ec48ce319d0dc3d0698064151728157055d98334186c162e7bd45b7313b,data/reports/sec_guidance_structure_v10_candidates.csv,,data/reference/sec/sec-8k-guidance-v7-independent-200-20260722/raw/df3d4dcf672537702f943f4dc3a7987fc3c12ca35308257f376ba564ee8557bd.gz,True,VALID,SOURCE_CONFIRMS_CURRENT_RANGE_AND_SEMANTICS,CODEX_SOURCE_AUDIT,2026-07-23,True
SGA2-0003,APH,0000820313,0001558370-16-008636,2016-10-19T14:58:38.000Z,aph-20161019ex9912949d3.htm,https://www.sec.gov/Archives/edgar/data/820313/000155837016008636/aph-20161019ex9912949d3.htm,183440bc513bf7ef7a9776afce4c16d702fe6c3cab222bdf02d3f265879c5330,EPS,FY2016,NON_GAAP,NOT_APPLICABLE,USD_PER_SHARE,2.68,2.7,2.69,CURRENT_GUIDANCE_RANGE,AS_REPORTED,NARRATIVE_CLAUSE,526,CURRENT_CANDIDATE,CURRENT_GUIDANCE_RANGE,,,,,,"Considering this environment and based on current currency exchange rates, we expect fourth quarter 2016 sales in the range of $1.585 billion to $1.625 billion and GAAP Diluted EPS in the range of $0.71 to $0.73. For the full year 2016, we now expect to achieve sales in the range of $6.220 billion to $6.260 billion, an increase over 2015 of 12% and GAAP Diluted EPS of $2.57 to $2.59, an increase of 7% over 2015. We expect Adjusted Diluted EPS of $2.68 to $2.70 for the full year 2016, an increase of 10% to 11% over 2015. This compares to our prior full year 2016 guidance of $6.120 billion to $6.200 billion in sales, GAAP Diluted EPS of $2.51 to $2.55 and Adjusted Diluted EPS of $2.60 to $2.64.”",V10_SIX_GRAMMAR_CORRECTED_NOT_SOURCE_REVIEWED,/html/body/document/type/sequence/filename/description/text/div[6]/p[3],HTML_P,57256872346aec76e440784356539647a9d0896b722d432b3ee6ab18798eb51a,data/reports/sec_guidance_structure_v10_candidates.csv,,data/reference/sec/sec-8k-guidance-v7-independent-200-20260722/raw/183440bc513bf7ef7a9776afce4c16d702fe6c3cab222bdf02d3f265879c5330.gz,True,VALID,SOURCE_CONFIRMS_CURRENT_RANGE_AND_SEMANTICS,CODEX_SOURCE_AUDIT,2026-07-23,True
SGA2-0004,BDX,0000010795,0001193125-13-426319,2013-11-05T11:16:24.000Z,d621183dex991.htm,https://www.sec.gov/Archives/edgar/data/10795/000119312513426319/d621183dex991.htm,01729495e44bd7d739d4e6288dcc54a295573e4be5671c3d9f802d88fa38a019,EPS,FY2014,GAAP,NOT_APPLICABLE,USD_PER_SHARE,6.16,6.22,6.19,CURRENT_GUIDANCE_RANGE,AS_REPORTED,HTML_TABLE_GRID,0,CURRENT_CANDIDATE,CURRENT_GUIDANCE_RANGE,18,7,3,Reported Fully Diluted Earnings per Share from Continuing Operations | $,ReportedBasis | 4.0% - 5.0% | Full Year2014 | (estimated),BECTON DICKINSON AND COMPANY | SUPPLEMENTAL INFORMATION | FY2014 Outlook Reconciliation | Reported Fully Diluted Earnings per Share from Continuing Operations | | $ | 6.16 - 6.22 | | | $ | 4.67 | | | NM,V10_SIX_GRAMMAR_CORRECTED_NOT_SOURCE_REVIEWED,,,e2a193513aba51762ed31fdfddcb9a9cf48daf2cdf410957c9813eba47128e68,data/reports/sec_guidance_structure_v10_candidates.csv,,data/reference/sec/sec-8k-guidance-v9-historical-169-20260723/raw/01729495e44bd7d739d4e6288dcc54a295573e4be5671c3d9f802d88fa38a019.gz,True,VALID,SOURCE_CONFIRMS_CURRENT_RANGE_AND_SEMANTICS,CODEX_SOURCE_AUDIT,2026-07-23,True
SGA2-0005,BDX,0000010795,0001193125-14-033873,2014-02-04T11:17:00.000Z,d666188dex991.htm,https://www.sec.gov/Archives/edgar/data/10795/000119312514033873/d666188dex991.htm,9dc35cb7ae4f8d903dbb2ae5f1c07c5c25a0c6742728a4e6f0ca31adf5f4cec8,EPS,FY2014,GAAP,NOT_APPLICABLE,USD_PER_SHARE,6.19,6.22,6.205,CURRENT_GUIDANCE_RANGE,AS_REPORTED,HTML_TABLE_GRID,0,CURRENT_CANDIDATE,CURRENT_GUIDANCE_RANGE,11,4,2,Reported Fully Diluted Earnings per Share from Continuing Operations,Full Year2014 | (estimated),SUPPLEMENTAL INFORMATION | FY2014 Outlook Reconciliation | ReportedBasis FX Impact FXN Basis Revenues - Full Year 2014 estimated growth 4.5% - 5.0% 0.0 % 4.5% - 5.0% | Reported Fully Diluted Earnings per Share from Continuing Operations | | $6.19 - 6.22 | | $ | 4.67 | | | NM,V10_SIX_GRAMMAR_CORRECTED_NOT_SOURCE_REVIEWED,,,d9f410a603c0f535079502a23a6ef04d4d5814f73b03b52f21bdc33537f2b9e2,data/reports/sec_guidance_structure_v10_candidates.csv,,data/reference/sec/sec-8k-guidance-v9-historical-169-20260723/raw/9dc35cb7ae4f8d903dbb2ae5f1c07c5c25a0c6742728a4e6f0ca31adf5f4cec8.gz,True,VALID,SOURCE_CONFIRMS_CURRENT_RANGE_AND_SEMANTICS,CODEX_SOURCE_AUDIT,2026-07-23,True
SGA2-0006,BDX,0000010795,0001193125-14-174360,2014-05-01T10:19:34.000Z,d717312dex991.htm,https://www.sec.gov/Archives/edgar/data/10795/000119312514174360/d717312dex991.htm,a7bb8f288deedbf57efde9178a1ed58f5b6ab108d427363b5554534e99a5c72e,EPS,FY2014,GAAP,NOT_APPLICABLE,USD_PER_SHARE,6.14,6.17,6.155,CURRENT_GUIDANCE_RANGE,AS_REPORTED,HTML_TABLE_GRID,0,CURRENT_CANDIDATE,CURRENT_GUIDANCE_RANGE,15,7,3,Reported Fully Diluted Earnings per Share from Continuing Operations,ReportedBasis | 4.0% - 4.5% | Full Year2014 | (estimated),BECTON DICKINSON AND COMPANY | SUPPLEMENTAL INFORMATION | FY2014 Outlook Reconciliation | Reported Fully Diluted Earnings per Share from Continuing Operations | | | $6.14 - 6.17 | | | $ | 4.67 | | | NM,V10_SIX_GRAMMAR_CORRECTED_NOT_SOURCE_REVIEWED,,,69af5e9aa2dba91fc6f34e63c0ec841d8e4b6b0cbce44e8e1b5f319059c878cc,data/reports/sec_guidance_structure_v10_candidates.csv,,data/reference/sec/sec-8k-guidance-v9-historical-169-20260723/raw/a7bb8f288deedbf57efde9178a1ed58f5b6ab108d427363b5554534e99a5c72e.gz,True,VALID,SOURCE_CONFIRMS_CURRENT_RANGE_AND_SEMANTICS,CODEX_SOURCE_AUDIT,2026-07-23,True
SGA2-0007,BDX,0000010795,0001193125-14-288153,2014-07-31T10:17:06.000Z,d760783dex991.htm,https://www.sec.gov/Archives/edgar/data/10795/000119312514288153/d760783dex991.htm,2fc5966be811d5f893a84fff4b025effa37c8fd1ebbcb101cac9fb450a7a578a,EPS,FY2014,GAAP,NOT_APPLICABLE,USD_PER_SHARE,6.12,6.15,6.135,CURRENT_GUIDANCE_RANGE,AS_REPORTED,HTML_TABLE_GRID,0,CURRENT_CANDIDATE,CURRENT_GUIDANCE_RANGE,16,6,3,Reported Fully Diluted Earnings per Share from Continuing Operations | $,ReportedBasis | 4.0% - 4.5% | Full Year2014 | (estimated),BECTON DICKINSON AND COMPANY | SUPPLEMENTAL INFORMATION | FY2014 Outlook Reconciliation | Reported Fully Diluted Earnings per Share from Continuing Operations | | $ | 6.12 - 6.15 | | | $ | 4.67 | | | | NM |,V10_SIX_GRAMMAR_CORRECTED_NOT_SOURCE_REVIEWED,,,6bf8f12ac228f8259b33c3c4f045c067d918b30ebda7d389296c4f8673f2ea65,data/reports/sec_guidance_structure_v10_candidates.csv,,data/reference/sec/sec-8k-guidance-v9-historical-169-20260723/raw/2fc5966be811d5f893a84fff4b025effa37c8fd1ebbcb101cac9fb450a7a578a.gz,True,VALID,SOURCE_CONFIRMS_CURRENT_RANGE_AND_SEMANTICS,CODEX_SOURCE_AUDIT,2026-07-23,True
SGA2-0008,CCL,0000815097,0001193125-12-105614,2012-03-09T14:19:54.000Z,d312730dex991.htm,https://www.sec.gov/Archives/edgar/data/815097/000119312512105614/d312730dex991.htm,0e6f22d772e7bcdcfaf27efddf53f9441947412e6fbf2588f1b3c4885d392d46,EPS,FY2012,NON_GAAP,NOT_APPLICABLE,USD_PER_SHARE,2.55,2.85,2.7,CURRENT_GUIDANCE_RANGE,AS_REPORTED,NARRATIVE_CLAUSE,249,CURRENT_CANDIDATE,CURRENT_GUIDANCE_RANGE,,,,,,"consideration, the company forecasts full year 2012 non-GAAP diluted earnings per share to be in the range of $1.40 to $1.70, compared to 2011 non-GAAP earnings of $2.42 per share and the December guidance range of $2.55 to $2.85 per share.",V10_SIX_GRAMMAR_CORRECTED_NOT_SOURCE_REVIEWED,/html/body/document/type/sequence/filename/description/text/p[20],HTML_P,332be546cdc40c4f62d63eb35c3fa94270a3c0732def6ac7aa5b023e677f4196,data/reports/sec_guidance_structure_v10_candidates.csv,,data/reference/sec/sec-8k-guidance-v9-historical-169-20260723/raw/0e6f22d772e7bcdcfaf27efddf53f9441947412e6fbf2588f1b3c4885d392d46.gz,True,INVALID,PRIOR_RANGE_SELECTED_INSTEAD_OF_CURRENT_RANGE,CODEX_SOURCE_AUDIT,2026-07-23,True
SGA2-0009,CCL,0000815097,0001193125-12-402536,2012-09-25T13:38:39.000Z,d414320dex991.htm,https://www.sec.gov/Archives/edgar/data/815097/000119312512402536/d414320dex991.htm,8ffdb8742ba62e52a9dcb72620829174316c33f76765a97268b8222325ced283,EPS,FY2012,NON_GAAP,NOT_APPLICABLE,USD_PER_SHARE,1.8,1.9,1.85,CURRENT_GUIDANCE_RANGE,AS_REPORTED,NARRATIVE_CLAUSE,435,CURRENT_CANDIDATE,CURRENT_GUIDANCE_RANGE,,,,,,"Taking all the above factors into consideration, the company forecasts full year 2012 non-GAAP diluted earnings per share to be in the range of $1.83 to $1.87, in line with the midpoint of the June guidance range of $1.80 to $1.90",V10_SIX_GRAMMAR_CORRECTED_NOT_SOURCE_REVIEWED,/html/body/document/type/sequence/filename/description/text/p[19],HTML_P,65c152158f3cc60ec375e8f19250a8dcc477670e9e6a331a9496cdcbd53b5679,data/reports/sec_guidance_structure_v10_candidates.csv,,data/reference/sec/sec-8k-guidance-v9-historical-169-20260723/raw/8ffdb8742ba62e52a9dcb72620829174316c33f76765a97268b8222325ced283.gz,True,INVALID,PRIOR_RANGE_SELECTED_INSTEAD_OF_CURRENT_RANGE,CODEX_SOURCE_AUDIT,2026-07-23,True
SGA2-0010,CCL,0000815097,0001193125-14-246353,2014-06-24T13:26:36.000Z,d744623dex991.htm,https://www.sec.gov/Archives/edgar/data/815097/000119312514246353/d744623dex991.htm,32145e10e63255cfd804b458200632bb52cd6d4395798e3a800642929a21fa3c,EPS,FY2014,NON_GAAP,NOT_APPLICABLE,USD_PER_SHARE,1.6,1.75,1.675,CURRENT_GUIDANCE_RANGE,AS_REPORTED,NARRATIVE_CLAUSE,157,CURRENT_CANDIDATE,CURRENT_GUIDANCE_RANGE,,,,,,"its full year 2014 non-GAAP diluted earnings per share guidance to be in the range of $1.60 to $1.75, compared to 2013 non-GAAP diluted earnings of $1.58 per share.",V10_SIX_GRAMMAR_CORRECTED_NOT_SOURCE_REVIEWED,/html/body/document/type/sequence/filename/description/text/p[17],HTML_P,6f5387d5a9fc906ce5095a6939c3cc3f032bb1a0810bbc43559c42dd49c1754a,data/reports/sec_guidance_structure_v10_candidates.csv,,data/reference/sec/sec-8k-guidance-v9-historical-169-20260723/raw/32145e10e63255cfd804b458200632bb52cd6d4395798e3a800642929a21fa3c.gz,True,VALID,SOURCE_CONFIRMS_CURRENT_RANGE_AND_SEMANTICS,CODEX_SOURCE_AUDIT,2026-07-23,True
SGA2-0011,CCL,0000815097,0001193125-14-349332,2014-09-23T13:26:54.000Z,d792292dex991.htm,https://www.sec.gov/Archives/edgar/data/815097/000119312514349332/d792292dex991.htm,fb8eca9c16d36000cbeaea51cee14bf5d0de61a5c37a75e51f605687d938e215,EPS,FY2014,NON_GAAP,NOT_APPLICABLE,USD_PER_SHARE,1.84,1.88,1.86,CURRENT_GUIDANCE_RANGE,AS_REPORTED,NARRATIVE_CLAUSE,584,CURRENT_CANDIDATE,CURRENT_GUIDANCE_RANGE,,,,,,"Taking the above factors into consideration, the company has increased its forecast for full year 2014 non-GAAP diluted earnings per share to be in the range of $1.84 to $1.88, better than both June guidance of $1.60",V10_SIX_GRAMMAR_CORRECTED_NOT_SOURCE_REVIEWED,/html/body/document/type/sequence/filename/description/text/p[12],HTML_P,f4f37c7591f36412b2c48eacd2a80d64224427f06f11a68da14d663cdd4d52f1,data/reports/sec_guidance_structure_v10_candidates.csv,,data/reference/sec/sec-8k-guidance-v9-historical-169-20260723/raw/fb8eca9c16d36000cbeaea51cee14bf5d0de61a5c37a75e51f605687d938e215.gz,True,VALID,SOURCE_CONFIRMS_CURRENT_RANGE_AND_SEMANTICS,CODEX_SOURCE_AUDIT,2026-07-23,True
SGA2-0012,CDNS,0000813672,0000813672-21-000027,2021-07-26T20:09:07.000Z,cfocommentary07262021ex9902.htm,https://www.sec.gov/Archives/edgar/data/813672/000081367221000027/cfocommentary07262021ex9902.htm,bd6863a0713e6236aaffd99b3e303771f4f6d0e93d17e9bea6bc4b0bcf526ba2,EPS,FY2021,NON_GAAP,NOT_APPLICABLE,USD_PER_SHARE,3.14,3.2,3.17,CURRENT_GUIDANCE_RANGE,AS_REPORTED,HTML_TABLE_GRID,0,CURRENT_CANDIDATE,CURRENT_GUIDANCE_RANGE,8,33,18,Non-GAAP EPS | Non-GAAP EPS | Non-GAAP EPS | $ | 2.80,"Current | FY 2021E | 85% - 90% | $2,925 - $2,965 | 9% - 11% | ~75% | 24.5% - 25.25% | 36% - 36.75% | $(10) - $(14) | $(15) - $(19) | ~15% | 16% | 278 - 280 | $2.15 - $2.21",Fiscal Year 2021 Financial Outlook | Non-GAAP EPS | Non-GAAP EPS | Non-GAAP EPS | $ | 2.80 | | | | | $2.99 - $3.07 | $2.99 - $3.07 | $2.99 - $3.07 | | | | | | | $3.14 - $3.20 | $3.14 - $3.20 | $3.14 - $3.20 | | |,V10_SIX_GRAMMAR_CORRECTED_NOT_SOURCE_REVIEWED,,,59ace2369c3cb70d0d23a91ba167f687ffb3f7ff348c338c3a5fdad787d3cbc6,data/reports/sec_guidance_structure_v10_candidates.csv,,data/reference/sec/sec-8k-guidance-v7-independent-200-20260722/raw/bd6863a0713e6236aaffd99b3e303771f4f6d0e93d17e9bea6bc4b0bcf526ba2.gz,True,VALID,SOURCE_CONFIRMS_CURRENT_RANGE_AND_SEMANTICS,CODEX_SOURCE_AUDIT,2026-07-23,True
SGA2-0013,CDNS,0000813672,0000813672-21-000027,2021-07-26T20:09:07.000Z,cfocommentary07262021ex9902.htm,https://www.sec.gov/Archives/edgar/data/813672/000081367221000027/cfocommentary07262021ex9902.htm,bd6863a0713e6236aaffd99b3e303771f4f6d0e93d17e9bea6bc4b0bcf526ba2,EPS,FY2021,GAAP,NOT_APPLICABLE,USD_PER_SHARE,2.15,2.21,2.18,CURRENT_GUIDANCE_RANGE,AS_REPORTED,HTML_TABLE_GRID,0,CURRENT_CANDIDATE,CURRENT_GUIDANCE_RANGE,8,30,18,GAAP EPS | GAAP EPS | GAAP EPS | $ | 2.11,"Current | FY 2021E | 85% - 90% | $2,925 - $2,965 | 9% - 11% | ~75% | 24.5% - 25.25% | 36% - 36.75% | $(10) - $(14) | $(15) - $(19) | ~15% | 16% | 278 - 280",Fiscal Year 2021 Financial Outlook | GAAP EPS | GAAP EPS | GAAP EPS | $ | 2.11 | | | | | $2.01 - $2.09 | $2.01 - $2.09 | $2.01 - $2.09 | | | | | | | $2.15 - $2.21 | $2.15 - $2.21 | $2.15 - $2.21 | | |,V10_SIX_GRAMMAR_CORRECTED_NOT_SOURCE_REVIEWED,,,ded374a10c32f47245d5810f59851088f4e10d5546bd4a1a7a306b84ec3918e3,data/reports/sec_guidance_structure_v10_candidates.csv,,data/reference/sec/sec-8k-guidance-v7-independent-200-20260722/raw/bd6863a0713e6236aaffd99b3e303771f4f6d0e93d17e9bea6bc4b0bcf526ba2.gz,True,VALID,SOURCE_CONFIRMS_CURRENT_RANGE_AND_SEMANTICS,CODEX_SOURCE_AUDIT,2026-07-23,True
SGA2-0014,CDNS,0000813672,0000813672-21-000036,2021-10-25T20:06:08.000Z,cfocommentary10252021ex9902.htm,https://www.sec.gov/Archives/edgar/data/813672/000081367221000036/cfocommentary10252021ex9902.htm,41c3ae2204fc9d21ae301701034e08082115cf0fd798c5971f2baf489cdf9816,EPS,FY2021,NON_GAAP,NOT_APPLICABLE,USD_PER_SHARE,3.24,3.28,3.26,CURRENT_GUIDANCE_RANGE,AS_REPORTED,HTML_TABLE_GRID,0,CURRENT_CANDIDATE,CURRENT_GUIDANCE_RANGE,8,33,18,Non-GAAP EPS | Non-GAAP EPS | Non-GAAP EPS | $ | 2.80,"Current | FY 2021E | 85% - 90% | $2,960 - $2,980 | 10% - 11% | ~70% | ~26% | ~37% | $(13) - $(15) | $(17) - $(19) | ~12% | 16% | 278 - 280 | $2.36 - $2.40",Fiscal Year 2021 Financial Outlook | Non-GAAP EPS | Non-GAAP EPS | Non-GAAP EPS | $ | 2.80 | | | | | $3.14 - $3.20 | $3.14 - $3.20 | $3.14 - $3.20 | | | | | | | $3.24 - $3.28 | $3.24 - $3.28 | $3.24 - $3.28 | | |,V10_SIX_GRAMMAR_CORRECTED_NOT_SOURCE_REVIEWED,,,4ecc79b3767300b8c3d42a954513645219780ba1706197bdc2332847eca85c9b,data/reports/sec_guidance_structure_v10_candidates.csv,,data/reference/sec/sec-8k-guidance-v7-independent-200-20260722/raw/41c3ae2204fc9d21ae301701034e08082115cf0fd798c5971f2baf489cdf9816.gz,True,VALID,SOURCE_CONFIRMS_CURRENT_RANGE_AND_SEMANTICS,CODEX_SOURCE_AUDIT,2026-07-23,True
SGA2-0015,CDNS,0000813672,0000813672-21-000036,2021-10-25T20:06:08.000Z,cfocommentary10252021ex9902.htm,https://www.sec.gov/Archives/edgar/data/813672/000081367221000036/cfocommentary10252021ex9902.htm,41c3ae2204fc9d21ae301701034e08082115cf0fd798c5971f2baf489cdf9816,EPS,FY2021,GAAP,NOT_APPLICABLE,USD_PER_SHARE,2.36,2.4,2.38,CURRENT_GUIDANCE_RANGE,AS_REPORTED,HTML_TABLE_GRID,0,CURRENT_CANDIDATE,CURRENT_GUIDANCE_RANGE,8,30,18,GAAP EPS | GAAP EPS | GAAP EPS | $ | 2.11,"Current | FY 2021E | 85% - 90% | $2,960 - $2,980 | 10% - 11% | ~70% | ~26% | ~37% | $(13) - $(15) | $(17) - $(19) | ~12% | 16% | 278 - 280",Fiscal Year 2021 Financial Outlook | GAAP EPS | GAAP EPS | GAAP EPS | $ | 2.11 | | | | | $2.15 - $2.21 | $2.15 - $2.21 | $2.15 - $2.21 | | | | | | | $2.36 - $2.40 | $2.36 - $2.40 | $2.36 - $2.40 | | |,V10_SIX_GRAMMAR_CORRECTED_NOT_SOURCE_REVIEWED,,,7e29bf8f9b84f5746a23471eebb2bd5428ad37104d9498ad406b3d2cbc25a253,data/reports/sec_guidance_structure_v10_candidates.csv,,data/reference/sec/sec-8k-guidance-v7-independent-200-20260722/raw/41c3ae2204fc9d21ae301701034e08082115cf0fd798c5971f2baf489cdf9816.gz,True,VALID,SOURCE_CONFIRMS_CURRENT_RANGE_AND_SEMANTICS,CODEX_SOURCE_AUDIT,2026-07-23,True
SGA2-0016,CDNS,0000813672,0000813672-22-000021,2022-04-25T20:05:56.000Z,cfocommentary04252022ex9902.htm,https://www.sec.gov/Archives/edgar/data/813672/000081367222000021/cfocommentary04252022ex9902.htm,176979a44cbdda8b82512ced08659625eda9d254a91daaa564b345d0a1aa69ac,EPS,FY2022,NON_GAAP,NOT_APPLICABLE,USD_PER_SHARE,3.89,3.97,3.93,CURRENT_GUIDANCE_RANGE,AS_REPORTED,HTML_TABLE_GRID,0,CURRENT_CANDIDATE,CURRENT_GUIDANCE_RANGE,8,33,18,Non-GAAP EPS | Non-GAAP EPS | Non-GAAP EPS | $ | 3.29,"Current | FY 2022E | 85% - 90% | $3,395 - $3,435 | 14% - 15% | ~75% | 28.5% - 30% | 38.5% - 40% | $(21) - $(27) | $(16) - $(22) | ~28% | 17.5% | 276 - 279 | $2.51 - $2.59",Fiscal Year 2022 Financial Outlook | Non-GAAP EPS | Non-GAAP EPS | Non-GAAP EPS | $ | 3.29 | | | | | $3.70 - $3.80 | $3.70 - $3.80 | $3.70 - $3.80 | | | | | | | $3.89 - $3.97 | $3.89 - $3.97 | $3.89 - $3.97 | | |,V10_SIX_GRAMMAR_CORRECTED_NOT_SOURCE_REVIEWED,,,346091e03bcc5320146bef48f80d12564b6d1041b226b97f7c3278271c9867bd,data/reports/sec_guidance_structure_v10_candidates.csv,,data/reference/sec/sec-8k-guidance-v7-independent-200-20260722/raw/176979a44cbdda8b82512ced08659625eda9d254a91daaa564b345d0a1aa69ac.gz,True,VALID,SOURCE_CONFIRMS_CURRENT_RANGE_AND_SEMANTICS,CODEX_SOURCE_AUDIT,2026-07-23,True
SGA2-0017,CDNS,0000813672,0000813672-22-000021,2022-04-25T20:05:56.000Z,cfocommentary04252022ex9902.htm,https://www.sec.gov/Archives/edgar/data/813672/000081367222000021/cfocommentary04252022ex9902.htm,176979a44cbdda8b82512ced08659625eda9d254a91daaa564b345d0a1aa69ac,EPS,FY2022,GAAP,NOT_APPLICABLE,USD_PER_SHARE,2.51,2.59,2.55,CURRENT_GUIDANCE_RANGE,AS_REPORTED,HTML_TABLE_GRID,0,CURRENT_CANDIDATE,CURRENT_GUIDANCE_RANGE,8,30,18,GAAP EPS | GAAP EPS | GAAP EPS | $ | 2.50,"Current | FY 2022E | 85% - 90% | $3,395 - $3,435 | 14% - 15% | ~75% | 28.5% - 30% | 38.5% - 40% | $(21) - $(27) | $(16) - $(22) | ~28% | 17.5% | 276 - 279",Fiscal Year 2022 Financial Outlook | GAAP EPS | GAAP EPS | GAAP EPS | $ | 2.50 | | | | | $2.46 - $2.56 | $2.46 - $2.56 | $2.46 - $2.56 | | | | | | | $2.51 - $2.59 | $2.51 - $2.59 | $2.51 - $2.59 | | |,V10_SIX_GRAMMAR_CORRECTED_NOT_SOURCE_REVIEWED,,,54ffd8ac2ba057014a58fa9ba77d69189008d6938ca4cbd17941b13b58f181dc,data/reports/sec_guidance_structure_v10_candidates.csv,,data/reference/sec/sec-8k-guidance-v7-independent-200-20260722/raw/176979a44cbdda8b82512ced08659625eda9d254a91daaa564b345d0a1aa69ac.gz,True,VALID,SOURCE_CONFIRMS_CURRENT_RANGE_AND_SEMANTICS,CODEX_SOURCE_AUDIT,2026-07-23,True
SGA2-0018,CDNS,0000813672,0000813672-22-000036,2022-07-25T20:06:05.000Z,cfocommentary07252022ex9902.htm,https://www.sec.gov/Archives/edgar/data/813672/000081367222000036/cfocommentary07252022ex9902.htm,81443f333497cedb41bdbc1b9ad65e2978ebb570852ce39dfe23241a8717bdea,EPS,FY2022,NON_GAAP,NOT_APPLICABLE,USD_PER_SHARE,4.06,4.12,4.09,CURRENT_GUIDANCE_RANGE,AS_REPORTED,HTML_TABLE_GRID,0,CURRENT_CANDIDATE,CURRENT_GUIDANCE_RANGE,8,33,18,Non-GAAP EPS | Non-GAAP EPS | Non-GAAP EPS | $ | 3.29,"Current | FY 2022E | 85% - 90% | $3,470 - $3,510 | 16% - 17% | ~70% | 29.25% - 30.25% | 39.25% - 40.25% | $(28) - $(32) | $(16) - $(20) | ~28% | 17.5% | 275 - 277 | $2.59 - $2.65",Fiscal Year 2022 Financial Outlook | Non-GAAP EPS | Non-GAAP EPS | Non-GAAP EPS | $ | 3.29 | | | | | $3.89 - $3.97 | $3.89 - $3.97 | $3.89 - $3.97 | | | | | | | $4.06 - $4.12 | $4.06 - $4.12 | $4.06 - $4.12 | | |,V10_SIX_GRAMMAR_CORRECTED_NOT_SOURCE_REVIEWED,,,333e1b330d7d25b073e652949ec576402b02a5075907f29fffdb7f9ec91a72e8,data/reports/sec_guidance_structure_v10_candidates.csv,,data/reference/sec/sec-8k-guidance-v7-independent-200-20260722/raw/81443f333497cedb41bdbc1b9ad65e2978ebb570852ce39dfe23241a8717bdea.gz,True,VALID,SOURCE_CONFIRMS_CURRENT_RANGE_AND_SEMANTICS,CODEX_SOURCE_AUDIT,2026-07-23,True
SGA2-0019,CDNS,0000813672,0000813672-22-000036,2022-07-25T20:06:05.000Z,cfocommentary07252022ex9902.htm,https://www.sec.gov/Archives/edgar/data/813672/000081367222000036/cfocommentary07252022ex9902.htm,81443f333497cedb41bdbc1b9ad65e2978ebb570852ce39dfe23241a8717bdea,EPS,FY2022,GAAP,NOT_APPLICABLE,USD_PER_SHARE,2.59,2.65,2.62,CURRENT_GUIDANCE_RANGE,AS_REPORTED,HTML_TABLE_GRID,0,CURRENT_CANDIDATE,CURRENT_GUIDANCE_RANGE,8,30,18,GAAP EPS | GAAP EPS | GAAP EPS | $ | 2.50,"Current | FY 2022E | 85% - 90% | $3,470 - $3,510 | 16% - 17% | ~70% | 29.25% - 30.25% | 39.25% - 40.25% | $(28) - $(32) | $(16) - $(20) | ~28% | 17.5% | 275 - 277",Fiscal Year 2022 Financial Outlook | GAAP EPS | GAAP EPS | GAAP EPS | $ | 2.50 | | | | | $2.51 - $2.59 | $2.51 - $2.59 | $2.51 - $2.59 | | | | | | | $2.59 - $2.65 | $2.59 - $2.65 | $2.59 - $2.65 | | |,V10_SIX_GRAMMAR_CORRECTED_NOT_SOURCE_REVIEWED,,,7234c0d0a951cd4fd6bff2d01db2cbd65f3850ffe5a2ff85201ef80300c0ff0f,data/reports/sec_guidance_structure_v10_candidates.csv,,data/reference/sec/sec-8k-guidance-v7-independent-200-20260722/raw/81443f333497cedb41bdbc1b9ad65e2978ebb570852ce39dfe23241a8717bdea.gz,True,VALID,SOURCE_CONFIRMS_CURRENT_RANGE_AND_SEMANTICS,CODEX_SOURCE_AUDIT,2026-07-23,True
SGA2-0020,CDNS,0000813672,0000813672-22-000053,2022-10-24T20:05:48.000Z,cfocommentary10242022ex9902.htm,https://www.sec.gov/Archives/edgar/data/813672/000081367222000053/cfocommentary10242022ex9902.htm,a012251c9344e3c1c19640ffa3067885c1e8d6b6b420ba6e1f621cbcb03d53eb,EPS,FY2022,NON_GAAP,NOT_APPLICABLE,USD_PER_SHARE,4.2,4.24,4.22,CURRENT_GUIDANCE_RANGE,AS_REPORTED,HTML_TABLE_GRID,0,CURRENT_CANDIDATE,CURRENT_GUIDANCE_RANGE,8,33,18,Non-GAAP EPS | Non-GAAP EPS | Non-GAAP EPS | $ | 3.29,"Current | FY 2022E | ~85% | $3,532 - $3,552 | 18% - 19% | ~70% | 29.7% - 30.7% | 39.7% - 40.7% | $(32) - $(34) | $(15) - $(17) | ~28% | 17.5% | 275 - 276 | $2.71 - $2.75",Fiscal Year 2022 Financial Outlook | Non-GAAP EPS | Non-GAAP EPS | Non-GAAP EPS | $ | 3.29 | | | | | $4.06 - $4.12 | $4.06 - $4.12 | $4.06 - $4.12 | | | | | | | $4.20 - $4.24 | $4.20 - $4.24 | $4.20 - $4.24 | | |,V10_SIX_GRAMMAR_CORRECTED_NOT_SOURCE_REVIEWED,,,97e7475104f43cc4194d0753c4ba05a82b0e74babc49aaf27dc3966197c93a4f,data/reports/sec_guidance_structure_v10_candidates.csv,,data/reference/sec/sec-8k-guidance-v7-independent-200-20260722/raw/a012251c9344e3c1c19640ffa3067885c1e8d6b6b420ba6e1f621cbcb03d53eb.gz,True,VALID,SOURCE_CONFIRMS_CURRENT_RANGE_AND_SEMANTICS,CODEX_SOURCE_AUDIT,2026-07-23,True
SGA2-0021,CDNS,0000813672,0000813672-22-000053,2022-10-24T20:05:48.000Z,cfocommentary10242022ex9902.htm,https://www.sec.gov/Archives/edgar/data/813672/000081367222000053/cfocommentary10242022ex9902.htm,a012251c9344e3c1c19640ffa3067885c1e8d6b6b420ba6e1f621cbcb03d53eb,EPS,FY2022,GAAP,NOT_APPLICABLE,USD_PER_SHARE,2.71,2.75,2.73,CURRENT_GUIDANCE_RANGE,AS_REPORTED,HTML_TABLE_GRID,0,CURRENT_CANDIDATE,CURRENT_GUIDANCE_RANGE,8,30,18,GAAP EPS | GAAP EPS | GAAP EPS | $ | 2.50,"Current | FY 2022E | ~85% | $3,532 - $3,552 | 18% - 19% | ~70% | 29.7% - 30.7% | 39.7% - 40.7% | $(32) - $(34) | $(15) - $(17) | ~28% | 17.5% | 275 - 276",Fiscal Year 2022 Financial Outlook | GAAP EPS | GAAP EPS | GAAP EPS | $ | 2.50 | | | | | $2.59 - $2.65 | $2.59 - $2.65 | $2.59 - $2.65 | | | | | | | $2.71 - $2.75 | $2.71 - $2.75 | $2.71 - $2.75 | | |,V10_SIX_GRAMMAR_CORRECTED_NOT_SOURCE_REVIEWED,,,d7c7acd8065971e2864d6d94abc1677f34d0fdc701cf2adaf4d51a23ee65e714,data/reports/sec_guidance_structure_v10_candidates.csv,,data/reference/sec/sec-8k-guidance-v7-independent-200-20260722/raw/a012251c9344e3c1c19640ffa3067885c1e8d6b6b420ba6e1f621cbcb03d53eb.gz,True,VALID,SOURCE_CONFIRMS_CURRENT_RANGE_AND_SEMANTICS,CODEX_SOURCE_AUDIT,2026-07-23,True
SGA2-0022,CDNS,0000813672,0000813672-23-000024,2023-04-24T20:06:18.000Z,cfocommentary04242023ex9902.htm,https://www.sec.gov/Archives/edgar/data/813672/000081367223000024/cfocommentary04242023ex9902.htm,0dcee8933ef16d1d854708a2dea21f276f9ddcbe878bcc1c6f499da85d99f749,EPS,FY2023,NON_GAAP,NOT_APPLICABLE,USD_PER_SHARE,4.96,5.04,5,CURRENT_GUIDANCE_RANGE,AS_REPORTED,HTML_TABLE_GRID,0,CURRENT_CANDIDATE,CURRENT_GUIDANCE_RANGE,8,33,18,Non-GAAP EPS | Non-GAAP EPS | Non-GAAP EPS | $ | 4.27,"Current | FY 2023E | ~85% | $4,030 - $4,070 | 13% - 14% | ~75% | 30% - 31% | 41% - 42% | $(18) - $(24) | $(21) - $(27) | ~26% | 17.5% | 272 - 274 | $3.26 - $3.34 | 6% - 8%",Fiscal Year 2023 Financial Outlook | Non-GAAP EPS | Non-GAAP EPS | Non-GAAP EPS | $ | 4.27 | | | | | $4.90 - $5.00 | $4.90 - $5.00 | $4.90 - $5.00 | | | | | | | $4.96 - $5.04 | $4.96 - $5.04 | $4.96 - $5.04 | | |,V10_SIX_GRAMMAR_CORRECTED_NOT_SOURCE_REVIEWED,,,3bfc3cce60d556e5c68da4b76398e83e0fc4d0396491aa88f50cd02c94707ec0,data/reports/sec_guidance_structure_v10_candidates.csv,,data/reference/sec/sec-8k-guidance-v8-second-wave-200-20260722/raw/0dcee8933ef16d1d854708a2dea21f276f9ddcbe878bcc1c6f499da85d99f749.gz,True,VALID,SOURCE_CONFIRMS_CURRENT_RANGE_AND_SEMANTICS,CODEX_SOURCE_AUDIT,2026-07-23,True
SGA2-0023,CDNS,0000813672,0000813672-23-000024,2023-04-24T20:06:18.000Z,cfocommentary04242023ex9902.htm,https://www.sec.gov/Archives/edgar/data/813672/000081367223000024/cfocommentary04242023ex9902.htm,0dcee8933ef16d1d854708a2dea21f276f9ddcbe878bcc1c6f499da85d99f749,EPS,FY2023,GAAP,NOT_APPLICABLE,USD_PER_SHARE,3.26,3.34,3.3,CURRENT_GUIDANCE_RANGE,AS_REPORTED,HTML_TABLE_GRID,0,CURRENT_CANDIDATE,CURRENT_GUIDANCE_RANGE,8,30,18,GAAP EPS | GAAP EPS | GAAP EPS | $ | 3.09,"Current | FY 2023E | ~85% | $4,030 - $4,070 | 13% - 14% | ~75% | 30% - 31% | 41% - 42% | $(18) - $(24) | $(21) - $(27) | ~26% | 17.5% | 272 - 274",Fiscal Year 2023 Financial Outlook | GAAP EPS | GAAP EPS | GAAP EPS | $ | 3.09 | | | | | $3.24 - $3.34 | $3.24 - $3.34 | $3.24 - $3.34 | | | | | | | $3.26 - $3.34 | $3.26 - $3.34 | $3.26 - $3.34 | | |,V10_SIX_GRAMMAR_CORRECTED_NOT_SOURCE_REVIEWED,,,47ffcd36bd3ff83804e565a6c8b663336341dedaa25b9efdf647f314dd1cc706,data/reports/sec_guidance_structure_v10_candidates.csv,,data/reference/sec/sec-8k-guidance-v8-second-wave-200-20260722/raw/0dcee8933ef16d1d854708a2dea21f276f9ddcbe878bcc1c6f499da85d99f749.gz,True,VALID,SOURCE_CONFIRMS_CURRENT_RANGE_AND_SEMANTICS,CODEX_SOURCE_AUDIT,2026-07-23,True
SGA2-0024,CDNS,0000813672,0000813672-23-000040,2023-07-24T20:05:55.000Z,cfocommentary07242023ex9902.htm,https://www.sec.gov/Archives/edgar/data/813672/000081367223000040/cfocommentary07242023ex9902.htm,a2d8de6986e04f79408c41134f124d1ee3b1b563f28dd3e1fda9c4e36e1094bb,EPS,FY2023,NON_GAAP,NOT_APPLICABLE,USD_PER_SHARE,5.05,5.11,5.08,CURRENT_GUIDANCE_RANGE,AS_REPORTED,HTML_TABLE_GRID,0,CURRENT_CANDIDATE,CURRENT_GUIDANCE_RANGE,8,33,18,Non-GAAP EPS | Non-GAAP EPS | Non-GAAP EPS | $ | 4.27,"Current | FY 2023E | ~85% | $4,050 - $4,090 | 14% - 15% | ~75% | 30.2% - 31.2% | 41.2% - 42.2% | $(7) - $(11) | $(13) - $(17) | ~26% | 17.5% | 272 - 274 | $3.35 - $3.41 | 8% - 10%",Fiscal Year 2023 Financial Outlook | Non-GAAP EPS | Non-GAAP EPS | Non-GAAP EPS | $ | 4.27 | | | | | $4.96 - $5.04 | $4.96 - $5.04 | $4.96 - $5.04 | | | | | | | $5.05 - $5.11 | $5.05 - $5.11 | $5.05 - $5.11 | | |,V10_SIX_GRAMMAR_CORRECTED_NOT_SOURCE_REVIEWED,,,150a463928c480f382b77945a431856680953b8ee1711f53e6883899cb247063,data/reports/sec_guidance_structure_v10_candidates.csv,,data/reference/sec/sec-8k-guidance-v7-independent-200-20260722/raw/a2d8de6986e04f79408c41134f124d1ee3b1b563f28dd3e1fda9c4e36e1094bb.gz,True,VALID,SOURCE_CONFIRMS_CURRENT_RANGE_AND_SEMANTICS,CODEX_SOURCE_AUDIT,2026-07-23,True
SGA2-0025,CDNS,0000813672,0000813672-23-000040,2023-07-24T20:05:55.000Z,cfocommentary07242023ex9902.htm,https://www.sec.gov/Archives/edgar/data/813672/000081367223000040/cfocommentary07242023ex9902.htm,a2d8de6986e04f79408c41134f124d1ee3b1b563f28dd3e1fda9c4e36e1094bb,EPS,FY2023,GAAP,NOT_APPLICABLE,USD_PER_SHARE,3.35,3.41,3.38,CURRENT_GUIDANCE_RANGE,AS_REPORTED,HTML_TABLE_GRID,0,CURRENT_CANDIDATE,CURRENT_GUIDANCE_RANGE,8,30,18,GAAP EPS | GAAP EPS | GAAP EPS | $ | 3.09,"Current | FY 2023E | ~85% | $4,050 - $4,090 | 14% - 15% | ~75% | 30.2% - 31.2% | 41.2% - 42.2% | $(7) - $(11) | $(13) - $(17) | ~26% | 17.5% | 272 - 274",Fiscal Year 2023 Financial Outlook | GAAP EPS | GAAP EPS | GAAP EPS | $ | 3.09 | | | | | $3.26 - $3.34 | $3.26 - $3.34 | $3.26 - $3.34 | | | | | | | $3.35 - $3.41 | $3.35 - $3.41 | $3.35 - $3.41 | | |,V10_SIX_GRAMMAR_CORRECTED_NOT_SOURCE_REVIEWED,,,ca4b61dee73906ad7fa7e335309dba9417fa29323e9f47014cf02181b08c7560,data/reports/sec_guidance_structure_v10_candidates.csv,,data/reference/sec/sec-8k-guidance-v7-independent-200-20260722/raw/a2d8de6986e04f79408c41134f124d1ee3b1b563f28dd3e1fda9c4e36e1094bb.gz,True,VALID,SOURCE_CONFIRMS_CURRENT_RANGE_AND_SEMANTICS,CODEX_SOURCE_AUDIT,2026-07-23,True
SGA2-0026,CDNS,0000813672,0000813672-23-000067,2023-10-23T20:05:55.000Z,cfocommentary10232023ex9902.htm,https://www.sec.gov/Archives/edgar/data/813672/000081367223000067/cfocommentary10232023ex9902.htm,421527364fc8fa7e393ebba35ea60bbbb6acb6a363b83ba8b9d30f0553ed5711,EPS,FY2023,NON_GAAP,NOT_APPLICABLE,USD_PER_SHARE,5.07,5.13,5.1,CURRENT_GUIDANCE_RANGE,AS_REPORTED,HTML_TABLE_GRID,0,CURRENT_CANDIDATE,CURRENT_GUIDANCE_RANGE,8,33,18,Non-GAAP EPS | Non-GAAP EPS | Non-GAAP EPS | $ | 4.27,"Current | FY 2023E | ~85% | $4,060 - $4,100 | 14% - 15% | ~75% | 30.5% - 31.0% | 41.5% - 42.0% | $0 - $3 | $(15) - $(18) | ~23% | 17.5% | 272.2 - 273.2 | $3.48 - $3.54 | 13% - 15%",Fiscal Year 2023 Financial Outlook | Non-GAAP EPS | Non-GAAP EPS | Non-GAAP EPS | $ | 4.27 | | | | | $5.05 - $5.11 | $5.05 - $5.11 | $5.05 - $5.11 | | | | | | | $5.07 - $5.13 | $5.07 - $5.13 | $5.07 - $5.13 | | |,V10_SIX_GRAMMAR_CORRECTED_NOT_SOURCE_REVIEWED,,,581e37f9c7a318af3378978c5980464ac80701788b6252047d07bd2e123c7095,data/reports/sec_guidance_structure_v10_candidates.csv,,data/reference/sec/sec-8k-guidance-v7-independent-200-20260722/raw/421527364fc8fa7e393ebba35ea60bbbb6acb6a363b83ba8b9d30f0553ed5711.gz,True,VALID,SOURCE_CONFIRMS_CURRENT_RANGE_AND_SEMANTICS,CODEX_SOURCE_AUDIT,2026-07-23,True
SGA2-0027,CDNS,0000813672,0000813672-24-000083,2024-04-22T20:02:59.000Z,cfocommentary04222024ex9902.htm,https://www.sec.gov/Archives/edgar/data/813672/000081367224000083/cfocommentary04222024ex9902.htm,b0024555ecf6a98a1fdba503194ebbf3075098d6b5d774f1e8e42b4521375d73,EPS,FY2024,NON_GAAP,NOT_APPLICABLE,USD_PER_SHARE,5.88,5.98,5.93,CURRENT_GUIDANCE_RANGE,AS_REPORTED,HTML_TABLE_GRID,0,CURRENT_CANDIDATE,CURRENT_GUIDANCE_RANGE,8,33,18,Non-GAAP EPS | Non-GAAP EPS | Non-GAAP EPS | $ | 5.15,"Current | FY 2024E | 80% - 85% | $4,560 - $4,620 | 11% - 13% | ~70% | 31% - 32% | 42% - 43% | $49 - $55 | $(5) - $(11) | ~25% | 16.5% | 272.5 - 274.5 | $4.04 - $4.14 | 6% - 8%",Fiscal Year 2024 Financial Outlook | Non-GAAP EPS | Non-GAAP EPS | Non-GAAP EPS | $ | 5.15 | | | | | $5.87 - $5.97 | $5.87 - $5.97 | $5.87 - $5.97 | | | | | | | $5.88 - $5.98 | $5.88 - $5.98 | $5.88 - $5.98 | | |,V10_SIX_GRAMMAR_CORRECTED_NOT_SOURCE_REVIEWED,,,5bb4b5f75163691936ff074aebd08b156fff4281d7f608d9598d394fe9b09e8c,data/reports/sec_guidance_structure_v10_candidates.csv,,data/reference/sec/sec-8k-guidance-v7-independent-200-20260722/raw/b0024555ecf6a98a1fdba503194ebbf3075098d6b5d774f1e8e42b4521375d73.gz,True,VALID,SOURCE_CONFIRMS_CURRENT_RANGE_AND_SEMANTICS,CODEX_SOURCE_AUDIT,2026-07-23,True
SGA2-0028,CDNS,0000813672,0000813672-24-000083,2024-04-22T20:02:59.000Z,cfocommentary04222024ex9902.htm,https://www.sec.gov/Archives/edgar/data/813672/000081367224000083/cfocommentary04222024ex9902.htm,b0024555ecf6a98a1fdba503194ebbf3075098d6b5d774f1e8e42b4521375d73,EPS,FY2024,GAAP,NOT_APPLICABLE,USD_PER_SHARE,4.04,4.14,4.09,CURRENT_GUIDANCE_RANGE,AS_REPORTED,HTML_TABLE_GRID,0,CURRENT_CANDIDATE,CURRENT_GUIDANCE_RANGE,8,30,18,GAAP EPS | GAAP EPS | GAAP EPS | $ | 3.82,"Current | FY 2024E | 80% - 85% | $4,560 - $4,620 | 11% - 13% | ~70% | 31% - 32% | 42% - 43% | $49 - $55 | $(5) - $(11) | ~25% | 16.5% | 272.5 - 274.5",Fiscal Year 2024 Financial Outlook | GAAP EPS | GAAP EPS | GAAP EPS | $ | 3.82 | | | | | $4.08 - $4.18 | $4.08 - $4.18 | $4.08 - $4.18 | | | | | | | $4.04 - $4.14 | $4.04 - $4.14 | $4.04 - $4.14 | | |,V10_SIX_GRAMMAR_CORRECTED_NOT_SOURCE_REVIEWED,,,bd23686884a3c3e1ffc5696a485ef81eb1fba7d7d7c38d68b5ba519ba69f22ce,data/reports/sec_guidance_structure_v10_candidates.csv,,data/reference/sec/sec-8k-guidance-v7-independent-200-20260722/raw/b0024555ecf6a98a1fdba503194ebbf3075098d6b5d774f1e8e42b4521375d73.gz,True,VALID,SOURCE_CONFIRMS_CURRENT_RANGE_AND_SEMANTICS,CODEX_SOURCE_AUDIT,2026-07-23,True
SGA2-0029,CDNS,0000813672,0000813672-24-000150,2024-07-22T20:04:10.000Z,cfocommentary07222024ex9902.htm,https://www.sec.gov/Archives/edgar/data/813672/000081367224000150/cfocommentary07222024ex9902.htm,a18e4065b75d7e0c101c12eccbc44333c0368ecb30c7197f82b58d7d1c1a5aee,EPS,FY2024,GAAP,NOT_APPLICABLE,USD_PER_SHARE,3.82,4.02,3.92,CURRENT_GUIDANCE_RANGE,AS_REPORTED,HTML_TABLE_GRID,0,CURRENT_CANDIDATE,CURRENT_GUIDANCE_RANGE,8,30,18,GAAP EPS | GAAP EPS | GAAP EPS | $ | 3.82,"Current | FY 2024E | 80% - 85% | $4,600 - $4,660 | 12% - 14% | ~70% | 29.7% - 31.3% | 41.7% - 43.3% | $42 - $56 | $(31) - $(45) | ~25% | 16.5% | 273.5 - 275.5",Fiscal Year 2024 Financial Outlook | GAAP EPS | GAAP EPS | GAAP EPS | $ | 3.82 | | | | | $4.04 - $4.14 | $4.04 - $4.14 | $4.04 - $4.14 | | | | | | | $3.82 - $4.02 | $3.82 - $4.02 | $3.82 - $4.02 | | |,V10_SIX_GRAMMAR_CORRECTED_NOT_SOURCE_REVIEWED,,,2d7e504add94a9372e81281c5ee6a7a41939e47999dfe2c2d3277ba468b2039b,data/reports/sec_guidance_structure_v10_candidates.csv,,data/reference/sec/sec-8k-guidance-v7-independent-200-20260722/raw/a18e4065b75d7e0c101c12eccbc44333c0368ecb30c7197f82b58d7d1c1a5aee.gz,True,VALID,SOURCE_CONFIRMS_CURRENT_RANGE_AND_SEMANTICS,CODEX_SOURCE_AUDIT,2026-07-23,True
SGA2-0030,CDNS,0000813672,0000813672-24-000150,2024-07-22T20:04:10.000Z,cfocommentary07222024ex9902.htm,https://www.sec.gov/Archives/edgar/data/813672/000081367224000150/cfocommentary07222024ex9902.htm,a18e4065b75d7e0c101c12eccbc44333c0368ecb30c7197f82b58d7d1c1a5aee,EPS,FY2024,NON_GAAP,NOT_APPLICABLE,USD_PER_SHARE,5.77,5.97,5.87,CURRENT_GUIDANCE_RANGE,AS_REPORTED,HTML_TABLE_GRID,0,CURRENT_CANDIDATE,CURRENT_GUIDANCE_RANGE,8,33,18,Non-GAAP EPS | Non-GAAP EPS | Non-GAAP EPS | $ | 5.15,"Current | FY 2024E | 80% - 85% | $4,600 - $4,660 | 12% - 14% | ~70% | 29.7% - 31.3% | 41.7% - 43.3% | $42 - $56 | $(31) - $(45) | ~25% | 16.5% | 273.5 - 275.5 | $3.82 - $4.02 | 0% - 5%",Fiscal Year 2024 Financial Outlook | Non-GAAP EPS | Non-GAAP EPS | Non-GAAP EPS | $ | 5.15 | | | | | $5.88 - $5.98 | $5.88 - $5.98 | $5.88 - $5.98 | | | | | | | $5.77 - $5.97 | $5.77 - $5.97 | $5.77 - $5.97 | | |,V10_SIX_GRAMMAR_CORRECTED_NOT_SOURCE_REVIEWED,,,e2237ee04079a2bcc12b5ecf35f8afe8d7c2aade3f5d1e9a8609d2fc29731956,data/reports/sec_guidance_structure_v10_candidates.csv,,data/reference/sec/sec-8k-guidance-v7-independent-200-20260722/raw/a18e4065b75d7e0c101c12eccbc44333c0368ecb30c7197f82b58d7d1c1a5aee.gz,True,VALID,SOURCE_CONFIRMS_CURRENT_RANGE_AND_SEMANTICS,CODEX_SOURCE_AUDIT,2026-07-23,True
SGA2-0031,CDNS,0000813672,0000813672-24-000188,2024-10-28T20:03:44.000Z,cfocommentary10282024ex9902.htm,https://www.sec.gov/Archives/edgar/data/813672/000081367224000188/cfocommentary10282024ex9902.htm,ee0bf4b442c2570812d8d4faf0814374670ddedaf82a8b0eb6bf357a2313726e,EPS,FY2024,GAAP,NOT_APPLICABLE,USD_PER_SHARE,3.7,3.76,3.73,CURRENT_GUIDANCE_RANGE,AS_REPORTED,HTML_TABLE_GRID,0,CURRENT_CANDIDATE,CURRENT_GUIDANCE_RANGE,8,30,18,GAAP EPS | GAAP EPS | GAAP EPS | $ | 3.82,"Current | FY 2024E | 80% - 85% | $4,610 - $4,650 | 13% - 14% | ~70% | 29% - 30% | 42% - 43% | $40 - $50 | $(25) - $(35) | ~27% | 16.5% | 273 - 275",Fiscal Year 2024 Financial Outlook | GAAP EPS | GAAP EPS | GAAP EPS | $ | 3.82 | | | | | $3.82 - $4.02 | $3.82 - $4.02 | $3.82 - $4.02 | | | | | | | $3.70 - $3.76 | $3.70 - $3.76 | $3.70 - $3.76 | | |,V10_SIX_GRAMMAR_CORRECTED_NOT_SOURCE_REVIEWED,,,59c7aa1309bd2714c6bdd30e53ff0c1c01712484eba8b2e1ee77db412de31951,data/reports/sec_guidance_structure_v10_candidates.csv,,data/reference/sec/sec-8k-guidance-v7-independent-200-20260722/raw/ee0bf4b442c2570812d8d4faf0814374670ddedaf82a8b0eb6bf357a2313726e.gz,True,VALID,SOURCE_CONFIRMS_CURRENT_RANGE_AND_SEMANTICS,CODEX_SOURCE_AUDIT,2026-07-23,True
SGA2-0032,CDNS,0000813672,0000813672-24-000188,2024-10-28T20:03:44.000Z,cfocommentary10282024ex9902.htm,https://www.sec.gov/Archives/edgar/data/813672/000081367224000188/cfocommentary10282024ex9902.htm,ee0bf4b442c2570812d8d4faf0814374670ddedaf82a8b0eb6bf357a2313726e,EPS,FY2024,NON_GAAP,NOT_APPLICABLE,USD_PER_SHARE,5.87,5.93,5.9,CURRENT_GUIDANCE_RANGE,AS_REPORTED,HTML_TABLE_GRID,0,CURRENT_CANDIDATE,CURRENT_GUIDANCE_RANGE,8,33,18,Non-GAAP EPS | Non-GAAP EPS | Non-GAAP EPS | $ | 5.15,"Current | FY 2024E | 80% - 85% | $4,610 - $4,650 | 13% - 14% | ~70% | 29% - 30% | 42% - 43% | $40 - $50 | $(25) - $(35) | ~27% | 16.5% | 273 - 275 | $3.70 - $3.76 | (3)% - (2)%",Fiscal Year 2024 Financial Outlook | Non-GAAP EPS | Non-GAAP EPS | Non-GAAP EPS | $ | 5.15 | | | | | $5.77 - $5.97 | $5.77 - $5.97 | $5.77 - $5.97 | | | | | | | $5.87 - $5.93 | $5.87 - $5.93 | $5.87 - $5.93 | | |,V10_SIX_GRAMMAR_CORRECTED_NOT_SOURCE_REVIEWED,,,7332ebd5ab64d106f8ecc7ad4afc56f34b9412fa93dbd4caedc24e8faf318ef2,data/reports/sec_guidance_structure_v10_candidates.csv,,data/reference/sec/sec-8k-guidance-v7-independent-200-20260722/raw/ee0bf4b442c2570812d8d4faf0814374670ddedaf82a8b0eb6bf357a2313726e.gz,True,VALID,SOURCE_CONFIRMS_CURRENT_RANGE_AND_SEMANTICS,CODEX_SOURCE_AUDIT,2026-07-23,True
SGA2-0033,CDNS,0000813672,0000813672-25-000046,2025-04-28T20:03:44.000Z,cfocommentary4282025ex9902.htm,https://www.sec.gov/Archives/edgar/data/813672/000081367225000046/cfocommentary4282025ex9902.htm,aff54eb430bdba3ead311c1dd45558ce13ed124b839f218ba9beb50596ff1abe,EPS,FY2025,GAAP,NOT_APPLICABLE,USD_PER_SHARE,4.21,4.31,4.26,CURRENT_GUIDANCE_RANGE,AS_REPORTED,HTML_TABLE_GRID,0,CURRENT_CANDIDATE,CURRENT_GUIDANCE_RANGE,8,30,18,GAAP EPS | GAAP EPS | GAAP EPS | $ | 3.85,"Current | FY 2025E | ~80% | $5,150 - $5,230 | 11% - 13% | ~70% | 30.25% - 31.25% | 43.25% - 44.25% | $(43) - $(57) | $(40) - $(54) | ~26% | 16.5% | 273 - 275",Fiscal Year 2025 Financial Outlook | GAAP EPS | GAAP EPS | GAAP EPS | $ | 3.85 | | | | | $4.19 - $4.29 | $4.19 - $4.29 | $4.19 - $4.29 | | | | | | | $4.21 - $4.31 | $4.21 - $4.31 | $4.21 - $4.31 | | |,V10_SIX_GRAMMAR_CORRECTED_NOT_SOURCE_REVIEWED,,,969fa1b2e11ac8a1ec8a89536170a0b1f990efd7ff15827ea1ed23c049b1153d,data/reports/sec_guidance_structure_v10_candidates.csv,,data/reference/sec/sec-8k-guidance-v7-independent-200-20260722/raw/aff54eb430bdba3ead311c1dd45558ce13ed124b839f218ba9beb50596ff1abe.gz,True,VALID,SOURCE_CONFIRMS_CURRENT_RANGE_AND_SEMANTICS,CODEX_SOURCE_AUDIT,2026-07-23,True
SGA2-0034,CDNS,0000813672,0000813672-25-000046,2025-04-28T20:03:44.000Z,cfocommentary4282025ex9902.htm,https://www.sec.gov/Archives/edgar/data/813672/000081367225000046/cfocommentary4282025ex9902.htm,aff54eb430bdba3ead311c1dd45558ce13ed124b839f218ba9beb50596ff1abe,EPS,FY2025,NON_GAAP,NOT_APPLICABLE,USD_PER_SHARE,6.73,6.83,6.78,CURRENT_GUIDANCE_RANGE,AS_REPORTED,HTML_TABLE_GRID,0,CURRENT_CANDIDATE,CURRENT_GUIDANCE_RANGE,8,33,18,Non-GAAP EPS | Non-GAAP EPS | Non-GAAP EPS | $ | 5.97,"Current | FY 2025E | ~80% | $5,150 - $5,230 | 11% - 13% | ~70% | 30.25% - 31.25% | 43.25% - 44.25% | $(43) - $(57) | $(40) - $(54) | ~26% | 16.5% | 273 - 275 | $4.21 - $4.31 | 9% - 12%",Fiscal Year 2025 Financial Outlook | Non-GAAP EPS | Non-GAAP EPS | Non-GAAP EPS | $ | 5.97 | | | | | $6.65 - $6.75 | $6.65 - $6.75 | $6.65 - $6.75 | | | | | | | $6.73 - $6.83 | $6.73 - $6.83 | $6.73 - $6.83 | | |,V10_SIX_GRAMMAR_CORRECTED_NOT_SOURCE_REVIEWED,,,e582e3f93b1d559bfefd30fd45010911b7cd016e853233723b77132969113996,data/reports/sec_guidance_structure_v10_candidates.csv,,data/reference/sec/sec-8k-guidance-v7-independent-200-20260722/raw/aff54eb430bdba3ead311c1dd45558ce13ed124b839f218ba9beb50596ff1abe.gz,True,VALID,SOURCE_CONFIRMS_CURRENT_RANGE_AND_SEMANTICS,CODEX_SOURCE_AUDIT,2026-07-23,True
SGA2-0035,CDNS,0000813672,0000813672-25-000108,2025-07-28T20:03:12.000Z,cfocommentary7282025ex9902.htm,https://www.sec.gov/Archives/edgar/data/813672/000081367225000108/cfocommentary7282025ex9902.htm,19798f71b8a40e72cfe9984d5ad9121a97557f89b4a92ce3c17b9040b5e7d501,EPS,FY2025,NON_GAAP,NOT_APPLICABLE,USD_PER_SHARE,6.85,6.95,6.9,CURRENT_GUIDANCE_RANGE,AS_REPORTED,HTML_TABLE_GRID,0,CURRENT_CANDIDATE,CURRENT_GUIDANCE_RANGE,8,33,18,Non-GAAP EPS | Non-GAAP EPS | Non-GAAP EPS | $ | 5.97,"Current | FY 2025E | ~80% | $5,210 - $5,270 | 12% - 14% | ~70% | 28.5% - 29.5% | 43.5% - 44.5% | $(9) - $11 | $(52) - $(32) | ~28% | 16.5% | 273 - 275 | $3.97 - $4.07 | 3% - 6%",Fiscal Year 2025 Financial Outlook | Non-GAAP EPS | Non-GAAP EPS | Non-GAAP EPS | $ | 5.97 | | | | | $6.73 - $6.83 | $6.73 - $6.83 | $6.73 - $6.83 | | | | | | | $6.85 - $6.95 | $6.85 - $6.95 | $6.85 - $6.95 | | |,V10_SIX_GRAMMAR_CORRECTED_NOT_SOURCE_REVIEWED,,,3ef83b4be491611c8c86f9b360a8a5a7573423122c959153b14c962deba5d858,data/reports/sec_guidance_structure_v10_candidates.csv,,data/reference/sec/sec-8k-guidance-v7-independent-200-20260722/raw/19798f71b8a40e72cfe9984d5ad9121a97557f89b4a92ce3c17b9040b5e7d501.gz,True,VALID,SOURCE_CONFIRMS_CURRENT_RANGE_AND_SEMANTICS,CODEX_SOURCE_AUDIT,2026-07-23,True
SGA2-0036,CDNS,0000813672,0000813672-25-000108,2025-07-28T20:03:12.000Z,cfocommentary7282025ex9902.htm,https://www.sec.gov/Archives/edgar/data/813672/000081367225000108/cfocommentary7282025ex9902.htm,19798f71b8a40e72cfe9984d5ad9121a97557f89b4a92ce3c17b9040b5e7d501,EPS,FY2025,GAAP,NOT_APPLICABLE,USD_PER_SHARE,3.97,4.07,4.02,CURRENT_GUIDANCE_RANGE,AS_REPORTED,HTML_TABLE_GRID,0,CURRENT_CANDIDATE,CURRENT_GUIDANCE_RANGE,8,30,18,GAAP EPS | GAAP EPS | GAAP EPS | $ | 3.85,"Current | FY 2025E | ~80% | $5,210 - $5,270 | 12% - 14% | ~70% | 28.5% - 29.5% | 43.5% - 44.5% | $(9) - $11 | $(52) - $(32) | ~28% | 16.5% | 273 - 275",Fiscal Year 2025 Financial Outlook | GAAP EPS | GAAP EPS | GAAP EPS | $ | 3.85 | | | | | $4.21 - $4.31 | $4.21 - $4.31 | $4.21 - $4.31 | | | | | | | $3.97 - $4.07 | $3.97 - $4.07 | $3.97 - $4.07 | | |,V10_SIX_GRAMMAR_CORRECTED_NOT_SOURCE_REVIEWED,,,430b3f4f64f82df0c4b3a642cbc06a54d614bc1abb893edf55020e32a6566935,data/reports/sec_guidance_structure_v10_candidates.csv,,data/reference/sec/sec-8k-guidance-v7-independent-200-20260722/raw/19798f71b8a40e72cfe9984d5ad9121a97557f89b4a92ce3c17b9040b5e7d501.gz,True,VALID,SOURCE_CONFIRMS_CURRENT_RANGE_AND_SEMANTICS,CODEX_SOURCE_AUDIT,2026-07-23,True
SGA2-0037,CDNS,0000813672,0000813672-25-000144,2025-10-27T20:03:04.000Z,cfocommentary10272025ex9902.htm,https://www.sec.gov/Archives/edgar/data/813672/000081367225000144/cfocommentary10272025ex9902.htm,78f9b7d3e5119b8abc262bb79c127d7a452de82f3764e92251fe93952fcbc598,EPS,FY2025,NON_GAAP,NOT_APPLICABLE,USD_PER_SHARE,7.02,7.08,7.05,CURRENT_GUIDANCE_RANGE,AS_REPORTED,HTML_TABLE_GRID,0,CURRENT_CANDIDATE,CURRENT_GUIDANCE_RANGE,8,33,18,Non-GAAP EPS | Non-GAAP EPS | Non-GAAP EPS | $ | 5.97,"Current | FY 2025E | ~80% | $5,262 - $5,292 | 13% - 14% | ~70% | 27.9% - 28.9% | 43.9% - 44.9% | $(18) - $(10) | $(33) - $(25) | ~29% | 16.5% | 273 - 275 | $3.80 - $3.86 | (1)% - 0%",Fiscal Year 2025 Financial Outlook | Non-GAAP EPS | Non-GAAP EPS | Non-GAAP EPS | $ | 5.97 | | | | | $6.85 - $6.95 | $6.85 - $6.95 | $6.85 - $6.95 | | | | | | | $7.02 - $7.08 | $7.02 - $7.08 | $7.02 - $7.08 | | |,V10_SIX_GRAMMAR_CORRECTED_NOT_SOURCE_REVIEWED,,,ab9a03f13dc593dff2ad99922f0de6bd4cd5eef21a6db06125c74e26f9f93bd1,data/reports/sec_guidance_structure_v10_candidates.csv,,data/reference/sec/sec-8k-guidance-v7-independent-200-20260722/raw/78f9b7d3e5119b8abc262bb79c127d7a452de82f3764e92251fe93952fcbc598.gz,True,VALID,SOURCE_CONFIRMS_CURRENT_RANGE_AND_SEMANTICS,CODEX_SOURCE_AUDIT,2026-07-23,True
SGA2-0038,CDNS,0000813672,0000813672-25-000144,2025-10-27T20:03:04.000Z,cfocommentary10272025ex9902.htm,https://www.sec.gov/Archives/edgar/data/813672/000081367225000144/cfocommentary10272025ex9902.htm,78f9b7d3e5119b8abc262bb79c127d7a452de82f3764e92251fe93952fcbc598,EPS,FY2025,GAAP,NOT_APPLICABLE,USD_PER_SHARE,3.8,3.86,3.83,CURRENT_GUIDANCE_RANGE,AS_REPORTED,HTML_TABLE_GRID,0,CURRENT_CANDIDATE,CURRENT_GUIDANCE_RANGE,8,30,18,GAAP EPS | GAAP EPS | GAAP EPS | $ | 3.85,"Current | FY 2025E | ~80% | $5,262 - $5,292 | 13% - 14% | ~70% | 27.9% - 28.9% | 43.9% - 44.9% | $(18) - $(10) | $(33) - $(25) | ~29% | 16.5% | 273 - 275",Fiscal Year 2025 Financial Outlook | GAAP EPS | GAAP EPS | GAAP EPS | $ | 3.85 | | | | | $3.97 - $4.07 | $3.97 - $4.07 | $3.97 - $4.07 | | | | | | | $3.80 - $3.86 | $3.80 - $3.86 | $3.80 - $3.86 | | |,V10_SIX_GRAMMAR_CORRECTED_NOT_SOURCE_REVIEWED,,,f841318c9d9bce35cfb44333bec553b9bbfc46ad1b7eac58fe2c10441567a872,data/reports/sec_guidance_structure_v10_candidates.csv,,data/reference/sec/sec-8k-guidance-v7-independent-200-20260722/raw/78f9b7d3e5119b8abc262bb79c127d7a452de82f3764e92251fe93952fcbc598.gz,True,VALID,SOURCE_CONFIRMS_CURRENT_RANGE_AND_SEMANTICS,CODEX_SOURCE_AUDIT,2026-07-23,True
SGA2-0039,CDNS,0000813672,0000813672-22-000021,2022-04-25T20:05:56.000Z,cfocommentary04252022ex9902.htm,https://www.sec.gov/Archives/edgar/data/813672/000081367222000021/cfocommentary04252022ex9902.htm,176979a44cbdda8b82512ced08659625eda9d254a91daaa564b345d0a1aa69ac,MARGIN,FY2022,GAAP,NOT_APPLICABLE,PERCENT,28.5,30,29.25,CURRENT_GUIDANCE_RANGE,AS_REPORTED,HTML_TABLE_GRID,0,CURRENT_CANDIDATE,CURRENT_GUIDANCE_RANGE,8,16,18,GAAP Operating Margin | GAAP Operating Margin | GAAP Operating Margin | 26.1% | 26.1% | 26.1%,"Current | FY 2022E | 85% - 90% | $3,395 - $3,435 | 14% - 15% | ~75%",Fiscal Year 2022 Financial Outlook | GAAP Operating Margin | GAAP Operating Margin | GAAP Operating Margin | 26.1% | 26.1% | 26.1% | | | | 27.5% - 29% | 27.5% - 29% | 27.5% - 29% | | | | | | | 28.5% - 30% | 28.5% - 30% | 28.5% - 30% | | |,V10_SIX_GRAMMAR_CORRECTED_NOT_SOURCE_REVIEWED,,,2b111c6362312c76df491ee6ec56ff0d0ed4c67182d505c9a9d86b63b26cf788,data/reports/sec_guidance_structure_v10_candidates.csv,,data/reference/sec/sec-8k-guidance-v7-independent-200-20260722/raw/176979a44cbdda8b82512ced08659625eda9d254a91daaa564b345d0a1aa69ac.gz,True,VALID,SOURCE_CONFIRMS_CURRENT_RANGE_AND_SEMANTICS,CODEX_SOURCE_AUDIT,2026-07-23,True
SGA2-0040,CDNS,0000813672,0000813672-22-000021,2022-04-25T20:05:56.000Z,cfocommentary04252022ex9902.htm,https://www.sec.gov/Archives/edgar/data/813672/000081367222000021/cfocommentary04252022ex9902.htm,176979a44cbdda8b82512ced08659625eda9d254a91daaa564b345d0a1aa69ac,MARGIN,FY2022,NON_GAAP,NOT_APPLICABLE,PERCENT,38.5,40,39.25,CURRENT_GUIDANCE_RANGE,AS_REPORTED,HTML_TABLE_GRID,0,CURRENT_CANDIDATE,CURRENT_GUIDANCE_RANGE,8,18,18,Non-GAAP Operating Margin | Non-GAAP Operating Margin | Non-GAAP Operating Margin | 37.2% | 37.2% | 37.2%,"Current | FY 2022E | 85% - 90% | $3,395 - $3,435 | 14% - 15% | ~75% | 28.5% - 30%",Fiscal Year 2022 Financial Outlook | Non-GAAP Operating Margin | Non-GAAP Operating Margin | Non-GAAP Operating Margin | 37.2% | 37.2% | 37.2% | | | | 37.5% - 39% | 37.5% - 39% | 37.5% - 39% | | | | | | | 38.5% - 40% | 38.5% - 40% | 38.5% - 40% | | |,V10_SIX_GRAMMAR_CORRECTED_NOT_SOURCE_REVIEWED,,,44ce9e009960c4faa3a808beec80d5bc3c3379bcd8ebc2385bac24fc245a1d5f,data/reports/sec_guidance_structure_v10_candidates.csv,,data/reference/sec/sec-8k-guidance-v7-independent-200-20260722/raw/176979a44cbdda8b82512ced08659625eda9d254a91daaa564b345d0a1aa69ac.gz,True,VALID,SOURCE_CONFIRMS_CURRENT_RANGE_AND_SEMANTICS,CODEX_SOURCE_AUDIT,2026-07-23,True
SGA2-0041,CDNS,0000813672,0000813672-22-000036,2022-07-25T20:06:05.000Z,cfocommentary07252022ex9902.htm,https://www.sec.gov/Archives/edgar/data/813672/000081367222000036/cfocommentary07252022ex9902.htm,81443f333497cedb41bdbc1b9ad65e2978ebb570852ce39dfe23241a8717bdea,MARGIN,FY2022,NON_GAAP,NOT_APPLICABLE,PERCENT,39.25,40.25,39.75,CURRENT_GUIDANCE_RANGE,AS_REPORTED,HTML_TABLE_GRID,0,CURRENT_CANDIDATE,CURRENT_GUIDANCE_RANGE,8,18,18,Non-GAAP Operating Margin | Non-GAAP Operating Margin | Non-GAAP Operating Margin | 37.2% | 37.2% | 37.2%,"Current | FY 2022E | 85% - 90% | $3,470 - $3,510 | 16% - 17% | ~70% | 29.25% - 30.25%",Fiscal Year 2022 Financial Outlook | Non-GAAP Operating Margin | Non-GAAP Operating Margin | Non-GAAP Operating Margin | 37.2% | 37.2% | 37.2% | | | | 38.5% - 40% | 38.5% - 40% | 38.5% - 40% | | | | | | | 39.25% - 40.25% | 39.25% - 40.25% | 39.25% - 40.25% | | |,V10_SIX_GRAMMAR_CORRECTED_NOT_SOURCE_REVIEWED,,,934301c3eab4b1d70098c8ac7a83febaf6909a8c748a316e0db6c72fcaeb6d12,data/reports/sec_guidance_structure_v10_candidates.csv,,data/reference/sec/sec-8k-guidance-v7-independent-200-20260722/raw/81443f333497cedb41bdbc1b9ad65e2978ebb570852ce39dfe23241a8717bdea.gz,True,VALID,SOURCE_CONFIRMS_CURRENT_RANGE_AND_SEMANTICS,CODEX_SOURCE_AUDIT,2026-07-23,True
SGA2-0042,CDNS,0000813672,0000813672-22-000036,2022-07-25T20:06:05.000Z,cfocommentary07252022ex9902.htm,https://www.sec.gov/Archives/edgar/data/813672/000081367222000036/cfocommentary07252022ex9902.htm,81443f333497cedb41bdbc1b9ad65e2978ebb570852ce39dfe23241a8717bdea,MARGIN,FY2022,GAAP,NOT_APPLICABLE,PERCENT,29.25,30.25,29.75,CURRENT_GUIDANCE_RANGE,AS_REPORTED,HTML_TABLE_GRID,0,CURRENT_CANDIDATE,CURRENT_GUIDANCE_RANGE,8,16,18,GAAP Operating Margin | GAAP Operating Margin | GAAP Operating Margin | 26.1% | 26.1% | 26.1%,"Current | FY 2022E | 85% - 90% | $3,470 - $3,510 | 16% - 17% | ~70%",Fiscal Year 2022 Financial Outlook | GAAP Operating Margin | GAAP Operating Margin | GAAP Operating Margin | 26.1% | 26.1% | 26.1% | | | | 28.5% - 30% | 28.5% - 30% | 28.5% - 30% | | | | | | | 29.25% - 30.25% | 29.25% - 30.25% | 29.25% - 30.25% | | |,V10_SIX_GRAMMAR_CORRECTED_NOT_SOURCE_REVIEWED,,,e0642d76ba99d0e1c7d890febd7c28151cc4a4caf72d3fb67a533afffd135079,data/reports/sec_guidance_structure_v10_candidates.csv,,data/reference/sec/sec-8k-guidance-v7-independent-200-20260722/raw/81443f333497cedb41bdbc1b9ad65e2978ebb570852ce39dfe23241a8717bdea.gz,True,VALID,SOURCE_CONFIRMS_CURRENT_RANGE_AND_SEMANTICS,CODEX_SOURCE_AUDIT,2026-07-23,True
SGA2-0043,CDNS,0000813672,0000813672-22-000053,2022-10-24T20:05:48.000Z,cfocommentary10242022ex9902.htm,https://www.sec.gov/Archives/edgar/data/813672/000081367222000053/cfocommentary10242022ex9902.htm,a012251c9344e3c1c19640ffa3067885c1e8d6b6b420ba6e1f621cbcb03d53eb,MARGIN,FY2022,GAAP,NOT_APPLICABLE,PERCENT,29.7,30.7,30.2,CURRENT_GUIDANCE_RANGE,AS_REPORTED,HTML_TABLE_GRID,0,CURRENT_CANDIDATE,CURRENT_GUIDANCE_RANGE,8,16,18,GAAP Operating Margin | GAAP Operating Margin | GAAP Operating Margin | 26.1% | 26.1% | 26.1%,"Current | FY 2022E | ~85% | $3,532 - $3,552 | 18% - 19% | ~70%",Fiscal Year 2022 Financial Outlook | GAAP Operating Margin | GAAP Operating Margin | GAAP Operating Margin | 26.1% | 26.1% | 26.1% | | | | 29.25% - 30.25% | 29.25% - 30.25% | 29.25% - 30.25% | | | | | | | 29.7% - 30.7% | 29.7% - 30.7% | 29.7% - 30.7% | | |,V10_SIX_GRAMMAR_CORRECTED_NOT_SOURCE_REVIEWED,,,45c3eab91a8051bbef76c6fe0817e09128e54b63f82fdde806c6a5699009c337,data/reports/sec_guidance_structure_v10_candidates.csv,,data/reference/sec/sec-8k-guidance-v7-independent-200-20260722/raw/a012251c9344e3c1c19640ffa3067885c1e8d6b6b420ba6e1f621cbcb03d53eb.gz,True,VALID,SOURCE_CONFIRMS_CURRENT_RANGE_AND_SEMANTICS,CODEX_SOURCE_AUDIT,2026-07-23,True
SGA2-0044,CDNS,0000813672,0000813672-22-000053,2022-10-24T20:05:48.000Z,cfocommentary10242022ex9902.htm,https://www.sec.gov/Archives/edgar/data/813672/000081367222000053/cfocommentary10242022ex9902.htm,a012251c9344e3c1c19640ffa3067885c1e8d6b6b420ba6e1f621cbcb03d53eb,MARGIN,FY2022,NON_GAAP,NOT_APPLICABLE,PERCENT,39.7,40.7,40.2,CURRENT_GUIDANCE_RANGE,AS_REPORTED,HTML_TABLE_GRID,0,CURRENT_CANDIDATE,CURRENT_GUIDANCE_RANGE,8,18,18,Non-GAAP Operating Margin | Non-GAAP Operating Margin | Non-GAAP Operating Margin | 37.2% | 37.2% | 37.2%,"Current | FY 2022E | ~85% | $3,532 - $3,552 | 18% - 19% | ~70% | 29.7% - 30.7%",Fiscal Year 2022 Financial Outlook | Non-GAAP Operating Margin | Non-GAAP Operating Margin | Non-GAAP Operating Margin | 37.2% | 37.2% | 37.2% | | | | 39.25% - 40.25% | 39.25% - 40.25% | 39.25% - 40.25% | | | | | | | 39.7% - 40.7% | 39.7% - 40.7% | 39.7% - 40.7% | | |,V10_SIX_GRAMMAR_CORRECTED_NOT_SOURCE_REVIEWED,,,8894f97129a1fb74dfec649bb4fc537a3f897486579f7d5d92657bfd36e54605,data/reports/sec_guidance_structure_v10_candidates.csv,,data/reference/sec/sec-8k-guidance-v7-independent-200-20260722/raw/a012251c9344e3c1c19640ffa3067885c1e8d6b6b420ba6e1f621cbcb03d53eb.gz,True,VALID,SOURCE_CONFIRMS_CURRENT_RANGE_AND_SEMANTICS,CODEX_SOURCE_AUDIT,2026-07-23,True
SGA2-0045,CDNS,0000813672,0000813672-23-000024,2023-04-24T20:06:18.000Z,cfocommentary04242023ex9902.htm,https://www.sec.gov/Archives/edgar/data/813672/000081367223000024/cfocommentary04242023ex9902.htm,0dcee8933ef16d1d854708a2dea21f276f9ddcbe878bcc1c6f499da85d99f749,MARGIN,FY2023,NON_GAAP,NOT_APPLICABLE,PERCENT,41,42,41.5,CURRENT_GUIDANCE_RANGE,AS_REPORTED,HTML_TABLE_GRID,0,CURRENT_CANDIDATE,CURRENT_GUIDANCE_RANGE,8,18,18,Non-GAAP Operating Margin | Non-GAAP Operating Margin | Non-GAAP Operating Margin | 40.3% | 40.3% | 40.3%,"Current | FY 2023E | ~85% | $4,030 - $4,070 | 13% - 14% | ~75% | 30% - 31%",Fiscal Year 2023 Financial Outlook | Non-GAAP Operating Margin | Non-GAAP Operating Margin | Non-GAAP Operating Margin | 40.3% | 40.3% | 40.3% | | | | 40.5% - 42.0% | 40.5% - 42.0% | 40.5% - 42.0% | | | | | | | 41% - 42% | 41% - 42% | 41% - 42% | | |,V10_SIX_GRAMMAR_CORRECTED_NOT_SOURCE_REVIEWED,,,daddb061d864e0f264a757bb166c1cfd586f5e414d0d3797695b4a9094d10810,data/reports/sec_guidance_structure_v10_candidates.csv,,data/reference/sec/sec-8k-guidance-v8-second-wave-200-20260722/raw/0dcee8933ef16d1d854708a2dea21f276f9ddcbe878bcc1c6f499da85d99f749.gz,True,VALID,SOURCE_CONFIRMS_CURRENT_RANGE_AND_SEMANTICS,CODEX_SOURCE_AUDIT,2026-07-23,True
SGA2-0046,CDNS,0000813672,0000813672-23-000024,2023-04-24T20:06:18.000Z,cfocommentary04242023ex9902.htm,https://www.sec.gov/Archives/edgar/data/813672/000081367223000024/cfocommentary04242023ex9902.htm,0dcee8933ef16d1d854708a2dea21f276f9ddcbe878bcc1c6f499da85d99f749,MARGIN,FY2023,GAAP,NOT_APPLICABLE,PERCENT,30,31,30.5,CURRENT_GUIDANCE_RANGE,AS_REPORTED,HTML_TABLE_GRID,0,CURRENT_CANDIDATE,CURRENT_GUIDANCE_RANGE,8,16,18,GAAP Operating Margin | GAAP Operating Margin | GAAP Operating Margin | 30.1% | 30.1% | 30.1%,"Current | FY 2023E | ~85% | $4,030 - $4,070 | 13% - 14% | ~75%",Fiscal Year 2023 Financial Outlook | GAAP Operating Margin | GAAP Operating Margin | GAAP Operating Margin | 30.1% | 30.1% | 30.1% | | | | 30.5% - 32.0% | 30.5% - 32.0% | 30.5% - 32.0% | | | | | | | 30% - 31% | 30% - 31% | 30% - 31% | | |,V10_SIX_GRAMMAR_CORRECTED_NOT_SOURCE_REVIEWED,,,fa1fdb651621182f17bb1c8e881c85ab1c8e4af25425fce03ac538e75c13c2a6,data/reports/sec_guidance_structure_v10_candidates.csv,,data/reference/sec/sec-8k-guidance-v8-second-wave-200-20260722/raw/0dcee8933ef16d1d854708a2dea21f276f9ddcbe878bcc1c6f499da85d99f749.gz,True,VALID,SOURCE_CONFIRMS_CURRENT_RANGE_AND_SEMANTICS,CODEX_SOURCE_AUDIT,2026-07-23,True
SGA2-0047,CDNS,0000813672,0000813672-23-000040,2023-07-24T20:05:55.000Z,cfocommentary07242023ex9902.htm,https://www.sec.gov/Archives/edgar/data/813672/000081367223000040/cfocommentary07242023ex9902.htm,a2d8de6986e04f79408c41134f124d1ee3b1b563f28dd3e1fda9c4e36e1094bb,MARGIN,FY2023,GAAP,NOT_APPLICABLE,PERCENT,30.2,31.2,30.7,CURRENT_GUIDANCE_RANGE,AS_REPORTED,HTML_TABLE_GRID,0,CURRENT_CANDIDATE,CURRENT_GUIDANCE_RANGE,8,16,18,GAAP Operating Margin | GAAP Operating Margin | GAAP Operating Margin | 30.1% | 30.1% | 30.1%,"Current | FY 2023E | ~85% | $4,050 - $4,090 | 14% - 15% | ~75%",Fiscal Year 2023 Financial Outlook | GAAP Operating Margin | GAAP Operating Margin | GAAP Operating Margin | 30.1% | 30.1% | 30.1% | | | | 30% - 31% | 30% - 31% | 30% - 31% | | | | | | | 30.2% - 31.2% | 30.2% - 31.2% | 30.2% - 31.2% | | |,V10_SIX_GRAMMAR_CORRECTED_NOT_SOURCE_REVIEWED,,,31dd7da4a1ceaf4e9deecac467beedfecbf6f8b10188d49ad4999eb4697db7ba,data/reports/sec_guidance_structure_v10_candidates.csv,,data/reference/sec/sec-8k-guidance-v7-independent-200-20260722/raw/a2d8de6986e04f79408c41134f124d1ee3b1b563f28dd3e1fda9c4e36e1094bb.gz,True,VALID,SOURCE_CONFIRMS_CURRENT_RANGE_AND_SEMANTICS,CODEX_SOURCE_AUDIT,2026-07-23,True
SGA2-0048,CDNS,0000813672,0000813672-23-000040,2023-07-24T20:05:55.000Z,cfocommentary07242023ex9902.htm,https://www.sec.gov/Archives/edgar/data/813672/000081367223000040/cfocommentary07242023ex9902.htm,a2d8de6986e04f79408c41134f124d1ee3b1b563f28dd3e1fda9c4e36e1094bb,MARGIN,FY2023,NON_GAAP,NOT_APPLICABLE,PERCENT,41.2,42.2,41.7,CURRENT_GUIDANCE_RANGE,AS_REPORTED,HTML_TABLE_GRID,0,CURRENT_CANDIDATE,CURRENT_GUIDANCE_RANGE,8,18,18,Non-GAAP Operating Margin | Non-GAAP Operating Margin | Non-GAAP Operating Margin | 40.3% | 40.3% | 40.3%,"Current | FY 2023E | ~85% | $4,050 - $4,090 | 14% - 15% | ~75% | 30.2% - 31.2%",Fiscal Year 2023 Financial Outlook | Non-GAAP Operating Margin | Non-GAAP Operating Margin | Non-GAAP Operating Margin | 40.3% | 40.3% | 40.3% | | | | 41% - 42% | 41% - 42% | 41% - 42% | | | | | | | 41.2% - 42.2% | 41.2% - 42.2% | 41.2% - 42.2% | | |,V10_SIX_GRAMMAR_CORRECTED_NOT_SOURCE_REVIEWED,,,87e187ed391bebdab52452ef9d9f84af3fa2174de09192ec19593861c177302f,data/reports/sec_guidance_structure_v10_candidates.csv,,data/reference/sec/sec-8k-guidance-v7-independent-200-20260722/raw/a2d8de6986e04f79408c41134f124d1ee3b1b563f28dd3e1fda9c4e36e1094bb.gz,True,VALID,SOURCE_CONFIRMS_CURRENT_RANGE_AND_SEMANTICS,CODEX_SOURCE_AUDIT,2026-07-23,True
SGA2-0049,CDNS,0000813672,0000813672-23-000067,2023-10-23T20:05:55.000Z,cfocommentary10232023ex9902.htm,https://www.sec.gov/Archives/edgar/data/813672/000081367223000067/cfocommentary10232023ex9902.htm,421527364fc8fa7e393ebba35ea60bbbb6acb6a363b83ba8b9d30f0553ed5711,MARGIN,FY2023,GAAP,NOT_APPLICABLE,PERCENT,30.5,31,30.75,CURRENT_GUIDANCE_RANGE,AS_REPORTED,HTML_TABLE_GRID,0,CURRENT_CANDIDATE,CURRENT_GUIDANCE_RANGE,8,16,18,GAAP Operating Margin | GAAP Operating Margin | GAAP Operating Margin | 30.1% | 30.1% | 30.1%,"Current | FY 2023E | ~85% | $4,060 - $4,100 | 14% - 15% | ~75%",Fiscal Year 2023 Financial Outlook | GAAP Operating Margin | GAAP Operating Margin | GAAP Operating Margin | 30.1% | 30.1% | 30.1% | | | | 30.2% - 31.2% | 30.2% - 31.2% | 30.2% - 31.2% | | | | | | | 30.5% - 31.0% | 30.5% - 31.0% | 30.5% - 31.0% | | |,V10_SIX_GRAMMAR_CORRECTED_NOT_SOURCE_REVIEWED,,,63c5f6c129e82ffd05dfbde498b7ee764fce70b5e5548efc41d693ab628f4d40,data/reports/sec_guidance_structure_v10_candidates.csv,,data/reference/sec/sec-8k-guidance-v7-independent-200-20260722/raw/421527364fc8fa7e393ebba35ea60bbbb6acb6a363b83ba8b9d30f0553ed5711.gz,True,VALID,SOURCE_CONFIRMS_CURRENT_RANGE_AND_SEMANTICS,CODEX_SOURCE_AUDIT,2026-07-23,True
SGA2-0050,CDNS,0000813672,0000813672-23-000067,2023-10-23T20:05:55.000Z,cfocommentary10232023ex9902.htm,https://www.sec.gov/Archives/edgar/data/813672/000081367223000067/cfocommentary10232023ex9902.htm,421527364fc8fa7e393ebba35ea60bbbb6acb6a363b83ba8b9d30f0553ed5711,MARGIN,FY2023,NON_GAAP,NOT_APPLICABLE,PERCENT,41.5,42,41.75,CURRENT_GUIDANCE_RANGE,AS_REPORTED,HTML_TABLE_GRID,0,CURRENT_CANDIDATE,CURRENT_GUIDANCE_RANGE,8,18,18,Non-GAAP Operating Margin | Non-GAAP Operating Margin | Non-GAAP Operating Margin | 40.3% | 40.3% | 40.3%,"Current | FY 2023E | ~85% | $4,060 - $4,100 | 14% - 15% | ~75% | 30.5% - 31.0%",Fiscal Year 2023 Financial Outlook | Non-GAAP Operating Margin | Non-GAAP Operating Margin | Non-GAAP Operating Margin | 40.3% | 40.3% | 40.3% | | | | 41.2% - 42.2% | 41.2% - 42.2% | 41.2% - 42.2% | | | | | | | 41.5% - 42.0% | 41.5% - 42.0% | 41.5% - 42.0% | | |,V10_SIX_GRAMMAR_CORRECTED_NOT_SOURCE_REVIEWED,,,983527209feab62e253f714c45758260c88cd28c1bfd1fffed1c05fb341f0568,data/reports/sec_guidance_structure_v10_candidates.csv,,data/reference/sec/sec-8k-guidance-v7-independent-200-20260722/raw/421527364fc8fa7e393ebba35ea60bbbb6acb6a363b83ba8b9d30f0553ed5711.gz,True,VALID,SOURCE_CONFIRMS_CURRENT_RANGE_AND_SEMANTICS,CODEX_SOURCE_AUDIT,2026-07-23,True
SGA2-0051,CDNS,0000813672,0000813672-24-000150,2024-07-22T20:04:10.000Z,cfocommentary07222024ex9902.htm,https://www.sec.gov/Archives/edgar/data/813672/000081367224000150/cfocommentary07222024ex9902.htm,a18e4065b75d7e0c101c12eccbc44333c0368ecb30c7197f82b58d7d1c1a5aee,MARGIN,FY2024,GAAP,NOT_APPLICABLE,PERCENT,29.7,31.3,30.5,CURRENT_GUIDANCE_RANGE,AS_REPORTED,HTML_TABLE_GRID,0,CURRENT_CANDIDATE,CURRENT_GUIDANCE_RANGE,8,16,18,GAAP Operating Margin | GAAP Operating Margin | GAAP Operating Margin | 30.6% | 30.6% | 30.6%,"Current | FY 2024E | 80% - 85% | $4,600 - $4,660 | 12% - 14% | ~70%",Fiscal Year 2024 Financial Outlook | GAAP Operating Margin | GAAP Operating Margin | GAAP Operating Margin | 30.6% | 30.6% | 30.6% | | | | 31% - 32% | 31% - 32% | 31% - 32% | | | | | | | 29.7% - 31.3% | 29.7% - 31.3% | 29.7% - 31.3% | | |,V10_SIX_GRAMMAR_CORRECTED_NOT_SOURCE_REVIEWED,,,dc8743316f0fbd65aa81225a45cf702841c638ca7413bb3f978df91066d3cf0e,data/reports/sec_guidance_structure_v10_candidates.csv,,data/reference/sec/sec-8k-guidance-v7-independent-200-20260722/raw/a18e4065b75d7e0c101c12eccbc44333c0368ecb30c7197f82b58d7d1c1a5aee.gz,True,VALID,SOURCE_CONFIRMS_CURRENT_RANGE_AND_SEMANTICS,CODEX_SOURCE_AUDIT,2026-07-23,True
SGA2-0052,CDNS,0000813672,0000813672-24-000150,2024-07-22T20:04:10.000Z,cfocommentary07222024ex9902.htm,https://www.sec.gov/Archives/edgar/data/813672/000081367224000150/cfocommentary07222024ex9902.htm,a18e4065b75d7e0c101c12eccbc44333c0368ecb30c7197f82b58d7d1c1a5aee,MARGIN,FY2024,NON_GAAP,NOT_APPLICABLE,PERCENT,41.7,43.3,42.5,CURRENT_GUIDANCE_RANGE,AS_REPORTED,HTML_TABLE_GRID,0,CURRENT_CANDIDATE,CURRENT_GUIDANCE_RANGE,8,18,18,Non-GAAP Operating Margin | Non-GAAP Operating Margin | Non-GAAP Operating Margin | 42.0% | 42.0% | 42.0%,"Current | FY 2024E | 80% - 85% | $4,600 - $4,660 | 12% - 14% | ~70% | 29.7% - 31.3%",Fiscal Year 2024 Financial Outlook | Non-GAAP Operating Margin | Non-GAAP Operating Margin | Non-GAAP Operating Margin | 42.0% | 42.0% | 42.0% | | | | 42% - 43% | 42% - 43% | 42% - 43% | | | | | | | 41.7% - 43.3% | 41.7% - 43.3% | 41.7% - 43.3% | | |,V10_SIX_GRAMMAR_CORRECTED_NOT_SOURCE_REVIEWED,,,ffd7d5bd092d5abeb6e995423d7c233076becf2c04f28de1b2a45d3ffb0ef1e3,data/reports/sec_guidance_structure_v10_candidates.csv,,data/reference/sec/sec-8k-guidance-v7-independent-200-20260722/raw/a18e4065b75d7e0c101c12eccbc44333c0368ecb30c7197f82b58d7d1c1a5aee.gz,True,VALID,SOURCE_CONFIRMS_CURRENT_RANGE_AND_SEMANTICS,CODEX_SOURCE_AUDIT,2026-07-23,True
SGA2-0053,CDNS,0000813672,0000813672-25-000046,2025-04-28T20:03:44.000Z,cfocommentary4282025ex9902.htm,https://www.sec.gov/Archives/edgar/data/813672/000081367225000046/cfocommentary4282025ex9902.htm,aff54eb430bdba3ead311c1dd45558ce13ed124b839f218ba9beb50596ff1abe,MARGIN,FY2025,GAAP,NOT_APPLICABLE,PERCENT,30.25,31.25,30.75,CURRENT_GUIDANCE_RANGE,AS_REPORTED,HTML_TABLE_GRID,0,CURRENT_CANDIDATE,CURRENT_GUIDANCE_RANGE,8,16,18,GAAP Operating Margin | GAAP Operating Margin | GAAP Operating Margin | 29.1% | 29.1% | 29.1%,"Current | FY 2025E | ~80% | $5,150 - $5,230 | 11% - 13% | ~70%",Fiscal Year 2025 Financial Outlook | GAAP Operating Margin | GAAP Operating Margin | GAAP Operating Margin | 29.1% | 29.1% | 29.1% | | | | 30.25% - 31.25% | 30.25% - 31.25% | 30.25% - 31.25% | | | | | | | 30.25% - 31.25% | 30.25% - 31.25% | 30.25% - 31.25% | | |,V10_SIX_GRAMMAR_CORRECTED_NOT_SOURCE_REVIEWED,,,3aeac8eb2b6c84307a8792f0112f79b059cd0070a0bc756014f5f6333c38d51a,data/reports/sec_guidance_structure_v10_candidates.csv,,data/reference/sec/sec-8k-guidance-v7-independent-200-20260722/raw/aff54eb430bdba3ead311c1dd45558ce13ed124b839f218ba9beb50596ff1abe.gz,True,VALID,SOURCE_CONFIRMS_CURRENT_RANGE_AND_SEMANTICS,CODEX_SOURCE_AUDIT,2026-07-23,True
SGA2-0054,CDNS,0000813672,0000813672-25-000046,2025-04-28T20:03:44.000Z,cfocommentary4282025ex9902.htm,https://www.sec.gov/Archives/edgar/data/813672/000081367225000046/cfocommentary4282025ex9902.htm,aff54eb430bdba3ead311c1dd45558ce13ed124b839f218ba9beb50596ff1abe,MARGIN,FY2025,NON_GAAP,NOT_APPLICABLE,PERCENT,43.25,44.25,43.75,CURRENT_GUIDANCE_RANGE,AS_REPORTED,HTML_TABLE_GRID,0,CURRENT_CANDIDATE,CURRENT_GUIDANCE_RANGE,8,18,18,Non-GAAP Operating Margin | Non-GAAP Operating Margin | Non-GAAP Operating Margin | 42.5% | 42.5% | 42.5%,"Current | FY 2025E | ~80% | $5,150 - $5,230 | 11% - 13% | ~70% | 30.25% - 31.25%",Fiscal Year 2025 Financial Outlook | Non-GAAP Operating Margin | Non-GAAP Operating Margin | Non-GAAP Operating Margin | 42.5% | 42.5% | 42.5% | | | | 43.25% - 44.25% | 43.25% - 44.25% | 43.25% - 44.25% | | | | | | | 43.25% - 44.25% | 43.25% - 44.25% | 43.25% - 44.25% | | |,V10_SIX_GRAMMAR_CORRECTED_NOT_SOURCE_REVIEWED,,,d34423cd3fb688c72e8f788cdf1b7b9eafc3b2575b12a3bfcbdbfc621ef00667,data/reports/sec_guidance_structure_v10_candidates.csv,,data/reference/sec/sec-8k-guidance-v7-independent-200-20260722/raw/aff54eb430bdba3ead311c1dd45558ce13ed124b839f218ba9beb50596ff1abe.gz,True,VALID,SOURCE_CONFIRMS_CURRENT_RANGE_AND_SEMANTICS,CODEX_SOURCE_AUDIT,2026-07-23,True
SGA2-0055,CDNS,0000813672,0000813672-25-000108,2025-07-28T20:03:12.000Z,cfocommentary7282025ex9902.htm,https://www.sec.gov/Archives/edgar/data/813672/000081367225000108/cfocommentary7282025ex9902.htm,19798f71b8a40e72cfe9984d5ad9121a97557f89b4a92ce3c17b9040b5e7d501,MARGIN,FY2025,NON_GAAP,NOT_APPLICABLE,PERCENT,43.5,44.5,44,CURRENT_GUIDANCE_RANGE,AS_REPORTED,HTML_TABLE_GRID,0,CURRENT_CANDIDATE,CURRENT_GUIDANCE_RANGE,8,18,18,Non-GAAP Operating Margin | Non-GAAP Operating Margin | Non-GAAP Operating Margin | 42.5% | 42.5% | 42.5%,"Current | FY 2025E | ~80% | $5,210 - $5,270 | 12% - 14% | ~70% | 28.5% - 29.5%",Fiscal Year 2025 Financial Outlook | Non-GAAP Operating Margin | Non-GAAP Operating Margin | Non-GAAP Operating Margin | 42.5% | 42.5% | 42.5% | | | | 43.25% - 44.25% | 43.25% - 44.25% | 43.25% - 44.25% | | | | | | | 43.5% - 44.5% | 43.5% - 44.5% | 43.5% - 44.5% | | |,V10_SIX_GRAMMAR_CORRECTED_NOT_SOURCE_REVIEWED,,,25e542a7e47219627a2a4264f2349823f098ba9326251397e2c285a6aa1a4f2a,data/reports/sec_guidance_structure_v10_candidates.csv,,data/reference/sec/sec-8k-guidance-v7-independent-200-20260722/raw/19798f71b8a40e72cfe9984d5ad9121a97557f89b4a92ce3c17b9040b5e7d501.gz,True,VALID,SOURCE_CONFIRMS_CURRENT_RANGE_AND_SEMANTICS,CODEX_SOURCE_AUDIT,2026-07-23,True
SGA2-0056,CDNS,0000813672,0000813672-25-000108,2025-07-28T20:03:12.000Z,cfocommentary7282025ex9902.htm,https://www.sec.gov/Archives/edgar/data/813672/000081367225000108/cfocommentary7282025ex9902.htm,19798f71b8a40e72cfe9984d5ad9121a97557f89b4a92ce3c17b9040b5e7d501,MARGIN,FY2025,GAAP,NOT_APPLICABLE,PERCENT,28.5,29.5,29,CURRENT_GUIDANCE_RANGE,AS_REPORTED,HTML_TABLE_GRID,0,CURRENT_CANDIDATE,CURRENT_GUIDANCE_RANGE,8,16,18,GAAP Operating Margin | GAAP Operating Margin | GAAP Operating Margin | 29.1% | 29.1% | 29.1%,"Current | FY 2025E | ~80% | $5,210 - $5,270 | 12% - 14% | ~70%",Fiscal Year 2025 Financial Outlook | GAAP Operating Margin | GAAP Operating Margin | GAAP Operating Margin | 29.1% | 29.1% | 29.1% | | | | 30.25% - 31.25% | 30.25% - 31.25% | 30.25% - 31.25% | | | | | | | 28.5% - 29.5% | 28.5% - 29.5% | 28.5% - 29.5% | | |,V10_SIX_GRAMMAR_CORRECTED_NOT_SOURCE_REVIEWED,,,dd97db810f82044bc1481a671d25616cc2a95e73c531c4891b2649d264d89a19,data/reports/sec_guidance_structure_v10_candidates.csv,,data/reference/sec/sec-8k-guidance-v7-independent-200-20260722/raw/19798f71b8a40e72cfe9984d5ad9121a97557f89b4a92ce3c17b9040b5e7d501.gz,True,VALID,SOURCE_CONFIRMS_CURRENT_RANGE_AND_SEMANTICS,CODEX_SOURCE_AUDIT,2026-07-23,True
SGA2-0057,CDNS,0000813672,0000813672-25-000144,2025-10-27T20:03:04.000Z,cfocommentary10272025ex9902.htm,https://www.sec.gov/Archives/edgar/data/813672/000081367225000144/cfocommentary10272025ex9902.htm,78f9b7d3e5119b8abc262bb79c127d7a452de82f3764e92251fe93952fcbc598,MARGIN,FY2025,GAAP,NOT_APPLICABLE,PERCENT,27.9,28.9,28.4,CURRENT_GUIDANCE_RANGE,AS_REPORTED,HTML_TABLE_GRID,0,CURRENT_CANDIDATE,CURRENT_GUIDANCE_RANGE,8,16,18,GAAP Operating Margin | GAAP Operating Margin | GAAP Operating Margin | 29.1% | 29.1% | 29.1%,"Current | FY 2025E | ~80% | $5,262 - $5,292 | 13% - 14% | ~70%",Fiscal Year 2025 Financial Outlook | GAAP Operating Margin | GAAP Operating Margin | GAAP Operating Margin | 29.1% | 29.1% | 29.1% | | | | 28.5% - 29.5% | 28.5% - 29.5% | 28.5% - 29.5% | | | | | | | 27.9% - 28.9% | 27.9% - 28.9% | 27.9% - 28.9% | | |,V10_SIX_GRAMMAR_CORRECTED_NOT_SOURCE_REVIEWED,,,11fad987ef0a0a46ef3e448432d31e2c2eccd15c2093875524ec99a82b65ebde,data/reports/sec_guidance_structure_v10_candidates.csv,,data/reference/sec/sec-8k-guidance-v7-independent-200-20260722/raw/78f9b7d3e5119b8abc262bb79c127d7a452de82f3764e92251fe93952fcbc598.gz,True,VALID,SOURCE_CONFIRMS_CURRENT_RANGE_AND_SEMANTICS,CODEX_SOURCE_AUDIT,2026-07-23,True
SGA2-0058,CVS,0000064803,0000947871-23-000994,2023-10-16T10:45:19.000Z,ss2584510_8k.htm,https://www.sec.gov/Archives/edgar/data/64803/000094787123000994/ss2584510_8k.htm,c006e7508b1f49a0cfb47bb01cf550f57b12d1a5463234572fc4f9876f43f144,EPS,FY2023,NON_GAAP,NOT_APPLICABLE,USD_PER_SHARE,8.5,8.7,8.6,CURRENT_GUIDANCE_RANGE,AS_REPORTED,NARRATIVE_CLAUSE,232,CURRENT_CANDIDATE,CURRENT_GUIDANCE_RANGE,,,,,,$6.75 and its full year 2023 Adjusted EPS guidance range of $8.50 to $8.70.,V10_SIX_GRAMMAR_CORRECTED_NOT_SOURCE_REVIEWED,/html/body/p[42],HTML_P,e1a8440e0edceb738bbbd89a61ff7d9c0168be8457e042036f3555b71052da82,data/reports/sec_guidance_structure_v10_candidates.csv,,data/reference/sec/sec-8k-guidance-v8-second-wave-200-20260722/raw/c006e7508b1f49a0cfb47bb01cf550f57b12d1a5463234572fc4f9876f43f144.gz,True,VALID,SOURCE_CONFIRMS_CURRENT_RANGE_AND_SEMANTICS,CODEX_SOURCE_AUDIT,2026-07-23,True
SGA2-0059,EIX,0000827052,0000827052-24-000034,2024-04-30T20:08:35.000Z,eix-20240430xex99d2.htm,https://www.sec.gov/Archives/edgar/data/827052/000082705224000034/eix-20240430xex99d2.htm,2fd62d0237b15f471ba7743ff9f13aea22d33951e9f4f4ea2bb69848b287c4af,EPS,FY2024,NON_GAAP,NOT_APPLICABLE,USD_PER_SHARE,4.7,5.05,4.875,CURRENT_GUIDANCE_RANGE,AS_REPORTED,NARRATIVE_CLAUSE,169,CURRENT_CANDIDATE,CURRENT_GUIDANCE_RANGE,,,,,,"Edison International’s core EPS for first quarter 2024 was $1.13. We are pleased with our start to the year and are confident in affirming our 2024 core EPS guidance of $4.70 to $5.05. We also remain confident in delivering on our long-term EPS growth targets of 5 to 7% for 2021 through 2025, and 2025 through 2028. Our conviction remains grounded in the drivers that continue to support our outlook.",V10_SIX_GRAMMAR_CORRECTED_NOT_SOURCE_REVIEWED,/html/body/document/type/sequence/filename/description/text/div[2]/div[2]/p[6],HTML_P,83a08195ae2ffbdc5969f866a2f2ecae29391f3c3f5bc03c3b21aa1a33771ce8,data/reports/sec_guidance_structure_v10_candidates.csv,,data/reference/sec/sec-8k-guidance-v7-independent-200-20260722/raw/2fd62d0237b15f471ba7743ff9f13aea22d33951e9f4f4ea2bb69848b287c4af.gz,True,VALID,SOURCE_CONFIRMS_CURRENT_RANGE_AND_SEMANTICS,CODEX_SOURCE_AUDIT,2026-07-23,True
SGA2-0060,EIX,0000827052,0000827052-24-000054,2024-07-25T20:07:55.000Z,eix-20240725xex99d2.htm,https://www.sec.gov/Archives/edgar/data/827052/000082705224000054/eix-20240725xex99d2.htm,8b4d310a20792382d2afdaec98cf8899f7b760f7c25569639054a718868cd747,EPS,FY2024,NON_GAAP,NOT_APPLICABLE,USD_PER_SHARE,4.75,5.05,4.9,CURRENT_GUIDANCE_RANGE,AS_REPORTED,NARRATIVE_CLAUSE,221,CURRENT_CANDIDATE,CURRENT_GUIDANCE_RANGE,,,,,,"Edison International’s core EPS for second quarter 2024 was $1.23, bring year-to-date core EPS to $2.37. With this strong start to the first half of the year, we are confident in reaffirming our 2024 core EPS guidance of $4.75 to $5.05. Based on the progress in SCE’s 2025 General Rate Case, including many partial settlements, we are also confident in getting a strong outcome for customers.",V10_SIX_GRAMMAR_CORRECTED_NOT_SOURCE_REVIEWED,/html/body/document/type/sequence/filename/description/text/div[2]/div[2]/p[6],HTML_P,76079408606a887c03ad2eeca1b847841a74aeb92fb25ab03fbc4df56efdf61e,data/reports/sec_guidance_structure_v10_candidates.csv,,data/reference/sec/sec-8k-guidance-v8-coverage-completion-20260722/raw/8b4d310a20792382d2afdaec98cf8899f7b760f7c25569639054a718868cd747.gz,True,VALID,SOURCE_CONFIRMS_CURRENT_RANGE_AND_SEMANTICS,CODEX_SOURCE_AUDIT,2026-07-23,True
SGA2-0061,EIX,0000827052,0000827052-24-000074,2024-10-29T20:06:32.000Z,eix-20241029xex99d2.htm,https://www.sec.gov/Archives/edgar/data/827052/000082705224000074/eix-20241029xex99d2.htm,3f8e7616a8247b313f1372afe16b671a0cd9e5e032d8d17245b71ab1e4b4d205,EPS,FY2024,NON_GAAP,NOT_APPLICABLE,USD_PER_SHARE,4.8,5,4.9,CURRENT_GUIDANCE_RANGE,AS_REPORTED,NARRATIVE_CLAUSE,210,CURRENT_CANDIDATE,CURRENT_GUIDANCE_RANGE,,,,,,"Edison International’s core EPS for third quarter 2024 was $1.51, bringing year-to-date core EPS to $3.88. With this strong year-to-date performance, we are confident in narrowing our 2024 core EPS guidance to $4.80 to $5.00. Additionally, we remain confident in our ability to meet our 2025 EPS guidance and delivering a 5 to 7% EPS CAGR through 2028.",V10_SIX_GRAMMAR_CORRECTED_NOT_SOURCE_REVIEWED,/html/body/document/type/sequence/filename/description/text/div[2]/div[2]/p[6],HTML_P,2aaa347890641d586348c833040fe36b3ad4abfa4bff1354b3a04086415e12c0,data/reports/sec_guidance_structure_v10_candidates.csv,,data/reference/sec/sec-8k-guidance-v8-second-wave-200-20260722/raw/3f8e7616a8247b313f1372afe16b671a0cd9e5e032d8d17245b71ab1e4b4d205.gz,True,VALID,SOURCE_CONFIRMS_CURRENT_RANGE_AND_SEMANTICS,CODEX_SOURCE_AUDIT,2026-07-23,True
SGA2-0062,GEN,0000849399,0001193125-14-298229,2014-08-06T16:11:55.000Z,d768389dex9901.htm,https://www.sec.gov/Archives/edgar/data/849399/000119312514298229/d768389dex9901.htm,10b391d073b1945f5d4580c7270ae4de80314d231616bd9a966dec1c31dfe1a0,EPS,FY2015,NON_GAAP,NOT_APPLICABLE,USD_PER_SHARE,1.84,1.92,1.88,CURRENT_GUIDANCE_RANGE,AS_REPORTED,HTML_TABLE_GRID,0,CURRENT_CANDIDATE,CURRENT_GUIDANCE_RANGE,23,9,3,Non-GAAP diluted earnings per share range,"Year Ended April 3, 2015 | Range | $1.43 - $1.51 | 0.20 | 0.21","(Dollars in millions, except per share data, unaudited) | Fiscal Year 2015 | Revenue Guidance Year Ended April 3, 2015 Year-Over-Year Growth Rate (3)(4) Range Actual Constant Currency (5) Revenue range $6,630 - $6,770 (1.1%) - 1.0% (1.8%) - 0.3% Year Ended April 3, 2015 Year-Over-Year Increase (3) Operating Margin Guidance and Reconciliation Range Actual Constant Currency (5) GAAP operating margin 21.8% - 22.3% 410 bps - 460 bps 397 bps - 459 bps Add back: Stock-based compensation 2.9% Other non-GAAP adjustments 3.0% Non-GAAP operating margin 27.7% - 28.2% 30 bps - 80 bps 24 bps - 75 bps | Non-GAAP diluted earnings per share range | | | $1.84 - $1.92 | | | | (5.6%) - (1.5%) |",V10_SIX_GRAMMAR_CORRECTED_NOT_SOURCE_REVIEWED,,,953c840899318991b715254f96c6993eede3ad1a4eaf2f7a254acb3097c8e472,data/reports/sec_guidance_structure_v10_candidates.csv,,data/reference/sec/sec-8k-guidance-v9-historical-169-20260723/raw/10b391d073b1945f5d4580c7270ae4de80314d231616bd9a966dec1c31dfe1a0.gz,True,VALID,SOURCE_CONFIRMS_CURRENT_RANGE_AND_SEMANTICS,CODEX_SOURCE_AUDIT,2026-07-23,True
SGA2-0063,GEN,0000849399,0001193125-14-298229,2014-08-06T16:11:55.000Z,d768389dex9901.htm,https://www.sec.gov/Archives/edgar/data/849399/000119312514298229/d768389dex9901.htm,10b391d073b1945f5d4580c7270ae4de80314d231616bd9a966dec1c31dfe1a0,EPS,FY2015,GAAP,NOT_APPLICABLE,USD_PER_SHARE,1.43,1.51,1.47,CURRENT_GUIDANCE_RANGE,AS_REPORTED,HTML_TABLE_GRID,0,CURRENT_CANDIDATE,CURRENT_GUIDANCE_RANGE,23,4,3,GAAP diluted earnings per share range,"Year Ended April 3, 2015 | Range","(Dollars in millions, except per share data, unaudited) | Fiscal Year 2015 | Revenue Guidance Year Ended April 3, 2015 Year-Over-Year Growth Rate (3)(4) Range Actual Constant Currency (5) Revenue range $6,630 - $6,770 (1.1%) - 1.0% (1.8%) - 0.3% Year Ended April 3, 2015 Year-Over-Year Increase (3) Operating Margin Guidance and Reconciliation Range Actual Constant Currency (5) GAAP operating margin 21.8% - 22.3% 410 bps - 460 bps 397 bps - 459 bps Add back: Stock-based compensation 2.9% Other non-GAAP adjustments 3.0% Non-GAAP operating margin 27.7% - 28.2% 30 bps - 80 bps 24 bps - 75 bps | GAAP diluted earnings per share range | | | $1.43 - $1.51 | | | | 11.7% - 18.0% |",V10_SIX_GRAMMAR_CORRECTED_NOT_SOURCE_REVIEWED,,,b5b677f8d1e5db40d7c888ab54b9949a08e450d0d4ce53487015605706293e78,data/reports/sec_guidance_structure_v10_candidates.csv,,data/reference/sec/sec-8k-guidance-v9-historical-169-20260723/raw/10b391d073b1945f5d4580c7270ae4de80314d231616bd9a966dec1c31dfe1a0.gz,True,VALID,SOURCE_CONFIRMS_CURRENT_RANGE_AND_SEMANTICS,CODEX_SOURCE_AUDIT,2026-07-23,True
SGA2-0064,GEN,0000849399,0001157523-16-007247,2016-11-03T16:28:12.000Z,a51451690ex99_01.htm,https://www.sec.gov/Archives/edgar/data/849399/000115752316007247/a51451690ex99_01.htm,ff76e25f64abc5bd37c10c0d0d684db2542e91729cd041c4ea79d5db3af31565,EPS,FY2018,GAAP,NOT_APPLICABLE,USD_PER_SHARE,0.48,0.58,0.53,CURRENT_GUIDANCE_RANGE,AS_REPORTED,HTML_TABLE_GRID,0,CURRENT_CANDIDATE,CURRENT_GUIDANCE_RANGE,13,23,1,GAAP diluted earnings per share range,"Year Ended March 31, 2017 | Range | 1% - 3% | 2% | 8% | 16% | 27% - 29% | ($0.07) - ($0.01) | $0.14 | $0.36 | $0.69 | $1.12 - $1.18 | Year Ended March 30, 2018","SYMANTEC CORPORATION Guidance and Reconciliation of GAAP to Non-GAAP Revenue, Operating Margin and Earnings Per Share (1) (Dollars in millions, except per share data, unaudited) Fiscal Year 2017 Revenue Guidance Year Ended March 31, 2017 Year-Over-Year Growth Rate (2) Range Actual Constant Currency (3) GAAP revenue range $3,925 - $4,005 9% - 11% 7% - 10% Add back: Deferred revenue fair value adjustment $115 3% 3% Non-GAAP revenue range (4) $4,040 - $4,120 12% - 14% 11% - 13% | GAAP diluted earnings per share range | $0.48 - $0.58 | | -- | -- | --",V10_SIX_GRAMMAR_CORRECTED_NOT_SOURCE_REVIEWED,,,34df6b33a9e2b42aca40b44b81bb0fffd1cf6a171738a2a70edd2abaea640fef,data/reports/sec_guidance_structure_v10_candidates.csv,,data/reference/sec/sec-8k-guidance-v7-independent-200-20260722/raw/ff76e25f64abc5bd37c10c0d0d684db2542e91729cd041c4ea79d5db3af31565.gz,True,VALID,SOURCE_CONFIRMS_CURRENT_RANGE_AND_SEMANTICS,CODEX_SOURCE_AUDIT,2026-07-23,True
SGA2-0065,GEN,0000849399,0001157523-16-007247,2016-11-03T16:28:12.000Z,a51451690ex99_01.htm,https://www.sec.gov/Archives/edgar/data/849399/000115752316007247/a51451690ex99_01.htm,ff76e25f64abc5bd37c10c0d0d684db2542e91729cd041c4ea79d5db3af31565,EPS,FY2018,NON_GAAP,NOT_APPLICABLE,USD_PER_SHARE,1.7,1.8,1.75,CURRENT_GUIDANCE_RANGE,AS_REPORTED,HTML_TABLE_GRID,0,CURRENT_CANDIDATE,CURRENT_GUIDANCE_RANGE,13,26,1,Non-GAAP diluted earnings per share range,"Year Ended March 31, 2017 | Range | 1% - 3% | 2% | 8% | 16% | 27% - 29% | ($0.07) - ($0.01) | $0.14 | $0.36 | $0.69 | $1.12 - $1.18 | Year Ended March 30, 2018 | $0.48 - $0.58 | $1.22","SYMANTEC CORPORATION Guidance and Reconciliation of GAAP to Non-GAAP Revenue, Operating Margin and Earnings Per Share (1) (Dollars in millions, except per share data, unaudited) Fiscal Year 2017 Revenue Guidance Year Ended March 31, 2017 Year-Over-Year Growth Rate (2) Range Actual Constant Currency (3) GAAP revenue range $3,925 - $4,005 9% - 11% 7% - 10% Add back: Deferred revenue fair value adjustment $115 3% 3% Non-GAAP revenue range (4) $4,040 - $4,120 12% - 14% 11% - 13% | Non-GAAP diluted earnings per share range | $1.70 - $1.80 | | -- | -- | --",V10_SIX_GRAMMAR_CORRECTED_NOT_SOURCE_REVIEWED,,,49d21a15b3e85b99cd1acc801d14221107e3906fdfc33dbe29b1848ca15e7c52,data/reports/sec_guidance_structure_v10_candidates.csv,,data/reference/sec/sec-8k-guidance-v7-independent-200-20260722/raw/ff76e25f64abc5bd37c10c0d0d684db2542e91729cd041c4ea79d5db3af31565.gz,True,VALID,SOURCE_CONFIRMS_CURRENT_RANGE_AND_SEMANTICS,CODEX_SOURCE_AUDIT,2026-07-23,True
SGA2-0066,GEN,0000849399,0001157523-17-001528,2017-05-10T17:12:38.000Z,a51555340ex99_01.htm,https://www.sec.gov/Archives/edgar/data/849399/000115752317001528/a51555340ex99_01.htm,a5646d6a406aba8736d9d3f931e34bc0972dd98b44f10a1c9fec218a3f293f05,EPS,FY2018,NON_GAAP,NOT_APPLICABLE,USD_PER_SHARE,1.75,1.85,1.8,CURRENT_GUIDANCE_RANGE,AS_REPORTED,HTML_TABLE_GRID,0,CURRENT_CANDIDATE,CURRENT_GUIDANCE_RANGE,25,43,1,Non-GAAP diluted earnings per share range,"SYMANTEC CORPORATION | Guidance and Reconciliation of GAAP to Non-GAAP Revenue, Operating Margin and Earnings Per Share (1) | (Dollars in millions, except per share data, unaudited) | Fiscal Year 2018 | Year Ending March 30, 2018 | Range | $4,977 - $5,077 | $123 | $5,100 - $5,200 | $2,198 - $2,228 | $62 | $2,260 - $2,290 | $2,780 - $2,850 | $60 | $2,840 - $2,910 | 4% - 5% | 2% | 12% | 18% | 36% - 37% | $0.03 - $0.13 | $0.12 | $0.57 | $1.03",| Non-GAAP diluted earnings per share range | $1.75 - $1.85 | | -- | -- | --,V10_SIX_GRAMMAR_CORRECTED_NOT_SOURCE_REVIEWED,,,15fc6d7125e2c1b19656c7a2c7af559a73960a1845ba1e582f4a4b8c2a841280,data/reports/sec_guidance_structure_v10_candidates.csv,,data/reference/sec/sec-8k-guidance-v7-independent-200-20260722/raw/a5646d6a406aba8736d9d3f931e34bc0972dd98b44f10a1c9fec218a3f293f05.gz,True,VALID,SOURCE_CONFIRMS_CURRENT_RANGE_AND_SEMANTICS,CODEX_SOURCE_AUDIT,2026-07-23,True
SGA2-0067,GEN,0000849399,0001157523-17-001528,2017-05-10T17:12:38.000Z,a51555340ex99_01.htm,https://www.sec.gov/Archives/edgar/data/849399/000115752317001528/a51555340ex99_01.htm,a5646d6a406aba8736d9d3f931e34bc0972dd98b44f10a1c9fec218a3f293f05,EPS,FY2018,GAAP,NOT_APPLICABLE,USD_PER_SHARE,0.03,0.13,0.08,CURRENT_GUIDANCE_RANGE,AS_REPORTED,HTML_TABLE_GRID,0,CURRENT_CANDIDATE,CURRENT_GUIDANCE_RANGE,25,38,1,GAAP diluted earnings per share range,"SYMANTEC CORPORATION | Guidance and Reconciliation of GAAP to Non-GAAP Revenue, Operating Margin and Earnings Per Share (1) | (Dollars in millions, except per share data, unaudited) | Fiscal Year 2018 | Year Ending March 30, 2018 | Range | $4,977 - $5,077 | $123 | $5,100 - $5,200 | $2,198 - $2,228 | $62 | $2,260 - $2,290 | $2,780 - $2,850 | $60 | $2,840 - $2,910 | 4% - 5% | 2% | 12% | 18% | 36% - 37%",| GAAP diluted earnings per share range | $0.03 - $0.13 | | -- | -- | --,V10_SIX_GRAMMAR_CORRECTED_NOT_SOURCE_REVIEWED,,,a79f34f254f4af6f467d1fa821867b39ecb84d2c0f5f03d35aa2d1e52a87edfd,data/reports/sec_guidance_structure_v10_candidates.csv,,data/reference/sec/sec-8k-guidance-v7-independent-200-20260722/raw/a5646d6a406aba8736d9d3f931e34bc0972dd98b44f10a1c9fec218a3f293f05.gz,True,VALID,SOURCE_CONFIRMS_CURRENT_RANGE_AND_SEMANTICS,CODEX_SOURCE_AUDIT,2026-07-23,True
SGA2-0068,GEN,0000849399,0001193125-14-190091,2014-05-08T16:30:09.000Z,d722139dex9901.htm,https://www.sec.gov/Archives/edgar/data/849399/000119312514190091/d722139dex9901.htm,67e8aaf494cb8fbdff9d731ce4624556f99dc98eacd05e36bb601a3a5a266599,MARGIN,FY2015,GAAP,NOT_APPLICABLE,PERCENT,21.8,22.3,22.05,CURRENT_GUIDANCE_RANGE,AS_REPORTED,HTML_TABLE_GRID,0,CURRENT_CANDIDATE,CURRENT_GUIDANCE_RANGE,65,9,3,GAAP operating margin,"Year Ended April 3, 2015 | Range | $6,630 - $6,770","(Dollars in millions, except per share data, unaudited) | We include certain non-GAAP measures in the tracking and forecasting of our earnings and management of our business. For a detailed explanation of these non-GAAP measures, please see our Explanation of non-GAAP Measures and Other Items in Appendix A. | Fiscal Year 2015 | GAAP operating margin | | | 21.8% - 22.3% | | | | 410 bps - 460 bps | | | | 397 bps - 459 bps |",V10_SIX_GRAMMAR_CORRECTED_NOT_SOURCE_REVIEWED,,,021113b27cfe2728ae0ee8b3d07aacec38bf54a30ddc3ab2966dbe25168783f8,data/reports/sec_guidance_structure_v10_candidates.csv,,data/reference/sec/sec-8k-guidance-v9-historical-169-20260723/raw/67e8aaf494cb8fbdff9d731ce4624556f99dc98eacd05e36bb601a3a5a266599.gz,True,VALID,SOURCE_CONFIRMS_CURRENT_RANGE_AND_SEMANTICS,CODEX_SOURCE_AUDIT,2026-07-23,True
SGA2-0069,GEN,0000849399,0001193125-14-190091,2014-05-08T16:30:09.000Z,d722139dex9901.htm,https://www.sec.gov/Archives/edgar/data/849399/000119312514190091/d722139dex9901.htm,67e8aaf494cb8fbdff9d731ce4624556f99dc98eacd05e36bb601a3a5a266599,MARGIN,FY2015,NON_GAAP,NOT_APPLICABLE,PERCENT,27.7,28.2,27.95,CURRENT_GUIDANCE_RANGE,AS_REPORTED,HTML_TABLE_GRID,0,CURRENT_CANDIDATE,CURRENT_GUIDANCE_RANGE,65,14,3,Non-GAAP operating margin,"Year Ended April 3, 2015 | Range | $6,630 - $6,770 | 21.8% - 22.3% | 2.9% | 3.0%","(Dollars in millions, except per share data, unaudited) | We include certain non-GAAP measures in the tracking and forecasting of our earnings and management of our business. For a detailed explanation of these non-GAAP measures, please see our Explanation of non-GAAP Measures and Other Items in Appendix A. | Fiscal Year 2015 | Non-GAAP operating margin | | | 27.7% - 28.2% | | | | 20 bps - 70 bps | | | | 13 bps - 64 bps |",V10_SIX_GRAMMAR_CORRECTED_NOT_SOURCE_REVIEWED,,,90a703791d8561922bafc112a70fbbbe341cf036d7e2f271943c59001a36452f,data/reports/sec_guidance_structure_v10_candidates.csv,,data/reference/sec/sec-8k-guidance-v9-historical-169-20260723/raw/67e8aaf494cb8fbdff9d731ce4624556f99dc98eacd05e36bb601a3a5a266599.gz,True,VALID,SOURCE_CONFIRMS_CURRENT_RANGE_AND_SEMANTICS,CODEX_SOURCE_AUDIT,2026-07-23,True
SGA2-0070,HUM,0000049071,0000049071-21-000022,2021-02-03T11:58:31.000Z,hum-2020q48kxex99x2.htm,https://www.sec.gov/Archives/edgar/data/49071/000004907121000022/hum-2020q48kxex99x2.htm,72a49ffe3df9e24c4b54fac8dc2e0268f4d2fd5a35069ad7f8a4d1e46a587b6c,EPS,FY2021,GAAP,NOT_APPLICABLE,USD_PER_SHARE,20.82,21.32,21.07,CURRENT_GUIDANCE_RANGE,AS_REPORTED,HTML_TABLE_GRID,0,CURRENT_CANDIDATE,CURRENT_GUIDANCE_RANGE,17,2,12,Diluted earningsper commonshare (EPS) | Diluted earningsper commonshare (EPS) | Diluted earningsper commonshare (EPS) | GAAP | GAAP | GAAP | GAAP | GAAP | GAAP | GAAP | GAAP | GAAP,"Humana Inc.Full-Year 2021 ProjectionsAs of February 3, 2021",| Diluted earningsper commonshare (EPS) | Diluted earningsper commonshare (EPS) | Diluted earningsper commonshare (EPS) | GAAP | GAAP | GAAP | GAAP | GAAP | GAAP | GAAP | GAAP | GAAP | $20.82 to $21.32 | $20.82 to $21.32 | $20.82 to $21.32 | $20.82 to $21.32 | $20.82 to $21.32 | $20.82 to $21.32 | $20.82 to $21.32 | $20.82 to $21.32 | $20.82 to $21.32 | • Non-GAAP adjustments noted in footnote (f). | • Non-GAAP adjustments noted in footnote (f). | • Non-GAAP adjustments noted in footnote (f). | | | | | | | | | | | | | | | | | | | | | | | |,V10_SIX_GRAMMAR_CORRECTED_NOT_SOURCE_REVIEWED,,,7d484188f279e2a0adf5674090bd197b21312f3074047321dcb4a1004c669e94,data/reports/sec_guidance_structure_v10_candidates.csv,,data/reference/sec/sec-8k-guidance-v7-independent-200-20260722/raw/72a49ffe3df9e24c4b54fac8dc2e0268f4d2fd5a35069ad7f8a4d1e46a587b6c.gz,True,VALID,SOURCE_CONFIRMS_CURRENT_RANGE_AND_SEMANTICS,CODEX_SOURCE_AUDIT,2026-07-23,True
SGA2-0071,HUM,0000049071,0000049071-21-000022,2021-02-03T11:58:31.000Z,hum-2020q48kxex99x2.htm,https://www.sec.gov/Archives/edgar/data/49071/000004907121000022/hum-2020q48kxex99x2.htm,72a49ffe3df9e24c4b54fac8dc2e0268f4d2fd5a35069ad7f8a4d1e46a587b6c,EPS,FY2021,NON_GAAP,NOT_APPLICABLE,USD_PER_SHARE,21.25,21.75,21.5,CURRENT_GUIDANCE_RANGE,AS_REPORTED,HTML_TABLE_GRID,0,CURRENT_CANDIDATE,CURRENT_GUIDANCE_RANGE,17,4,12,Diluted earningsper commonshare (EPS) | Diluted earningsper commonshare (EPS) | Diluted earningsper commonshare (EPS) | Non-GAAP | Non-GAAP | Non-GAAP | Non-GAAP | Non-GAAP | Non-GAAP | Non-GAAP | Non-GAAP | Non-GAAP,"Humana Inc.Full-Year 2021 ProjectionsAs of February 3, 2021 | $20.82 to $21.32 | ~$0.43",| Diluted earningsper commonshare (EPS) | Diluted earningsper commonshare (EPS) | Diluted earningsper commonshare (EPS) | Non-GAAP | Non-GAAP | Non-GAAP | Non-GAAP | Non-GAAP | Non-GAAP | Non-GAAP | Non-GAAP | Non-GAAP | $21.25 to $21.75 | $21.25 to $21.75 | $21.25 to $21.75 | $21.25 to $21.75 | $21.25 to $21.75 | $21.25 to $21.75 | $21.25 to $21.75 | $21.25 to $21.75 | $21.25 to $21.75 | • Non-GAAP adjustments noted in footnote (f). | • Non-GAAP adjustments noted in footnote (f). | • Non-GAAP adjustments noted in footnote (f). | | | | | | | | | | | | | | | | | | | | | | | |,V10_SIX_GRAMMAR_CORRECTED_NOT_SOURCE_REVIEWED,,,cf12321a342ed146987c1ea4a431f602d3c6eb120df23d484e7faeea885ac270,data/reports/sec_guidance_structure_v10_candidates.csv,,data/reference/sec/sec-8k-guidance-v7-independent-200-20260722/raw/72a49ffe3df9e24c4b54fac8dc2e0268f4d2fd5a35069ad7f8a4d1e46a587b6c.gz,True,VALID,SOURCE_CONFIRMS_CURRENT_RANGE_AND_SEMANTICS,CODEX_SOURCE_AUDIT,2026-07-23,True
SGA2-0072,MCO,0001059556,0001157523-14-002998,2014-07-25T12:02:37.000Z,a50912387_ex991.htm,https://www.sec.gov/Archives/edgar/data/1059556/000115752314002998/a50912387_ex991.htm,7ca957d3f609c1c90f8fdd07098d05c5b40b7e65f5c8039f8d60de0a6edd467e,EPS,FY2014,NON_GAAP,NOT_APPLICABLE,USD_PER_SHARE,3.9,4,3.95,CURRENT_GUIDANCE_RANGE,AS_REPORTED,HTML_TABLE_GRID,0,CURRENT_CANDIDATE,CURRENT_GUIDANCE_RANGE,17,10,2,Non-GAAP EPS,"Full-year 2014 Moody's Corporation guidance | Current guidance as of July 25, 2014 | growth in the low-double-digit percent range | growth in the high-single-digit percent range | Less than $5 million | Approximately $100 million | 42% to 43% | 45% to 46% | Approximately 33%",| Non-GAAP EPS | | $3.90 to $4.00 | | NC |,V10_SIX_GRAMMAR_CORRECTED_NOT_SOURCE_REVIEWED,,,1773aeca2a443aee0885db60d0ca517cac4d897c19af62e422b3773be690323d,data/reports/sec_guidance_structure_v10_candidates.csv,,data/reference/sec/sec-8k-guidance-v9-historical-169-20260723/raw/7ca957d3f609c1c90f8fdd07098d05c5b40b7e65f5c8039f8d60de0a6edd467e.gz,True,VALID,SOURCE_CONFIRMS_CURRENT_RANGE_AND_SEMANTICS,CODEX_SOURCE_AUDIT,2026-07-23,True
SGA2-0073,MCO,0001059556,0001157523-14-002998,2014-07-25T12:02:37.000Z,a50912387_ex991.htm,https://www.sec.gov/Archives/edgar/data/1059556/000115752314002998/a50912387_ex991.htm,7ca957d3f609c1c90f8fdd07098d05c5b40b7e65f5c8039f8d60de0a6edd467e,EPS,FY2014,NON_GAAP,NOT_APPLICABLE,USD_PER_SHARE,3.9,4,3.95,CURRENT_GUIDANCE_RANGE,AS_REPORTED,NARRATIVE_CLAUSE,130,CURRENT_CANDIDATE,CURRENT_GUIDANCE_RANGE,,,,,,"Full-year 2014 non-GAAP EPS guidance is in the range of $3.90 to $4.00,",V10_SIX_GRAMMAR_CORRECTED_NOT_SOURCE_REVIEWED,/html/body/document/type/sequence/filename/description/text/p[29],HTML_P,b72bd860d6019327f95cf6103a5ff01aa9c5f7d04e1e2315d592d6d638f76fa6,data/reports/sec_guidance_structure_v10_candidates.csv,,data/reference/sec/sec-8k-guidance-v9-historical-169-20260723/raw/7ca957d3f609c1c90f8fdd07098d05c5b40b7e65f5c8039f8d60de0a6edd467e.gz,True,VALID,SOURCE_CONFIRMS_CURRENT_RANGE_AND_SEMANTICS,CODEX_SOURCE_AUDIT,2026-07-23,True
SGA2-0074,MCO,0001059556,0001157523-14-004065,2014-10-24T12:00:33.000Z,a50968914ex99_1.htm,https://www.sec.gov/Archives/edgar/data/1059556/000115752314004065/a50968914ex99_1.htm,5bd41fae8a09ec34451408ae431e26adc8bc1b787137e765935852849ba78e0b,EPS,FY2014,NON_GAAP,NOT_APPLICABLE,USD_PER_SHARE,3.95,4.05,4,CURRENT_GUIDANCE_RANGE,AS_REPORTED,NARRATIVE_CLAUSE,49,CURRENT_CANDIDATE,CURRENT_GUIDANCE_RANGE,,,,,,FY 2014 non-GAAP EPS guidance range of $3.95 to $4.05,V10_SIX_GRAMMAR_CORRECTED_NOT_SOURCE_REVIEWED,/html/body/document/type/sequence/filename/description/text/ul/li[4],HTML_LI,fe9a4bc94bd853464fdb6e6aec6f0d699ce164d5b5d8a3d9a61876d0592c9104,data/reports/sec_guidance_structure_v10_candidates.csv,,data/reference/sec/sec-8k-guidance-v9-historical-169-20260723/raw/5bd41fae8a09ec34451408ae431e26adc8bc1b787137e765935852849ba78e0b.gz,True,VALID,SOURCE_CONFIRMS_CURRENT_RANGE_AND_SEMANTICS,CODEX_SOURCE_AUDIT,2026-07-23,True
SGA2-0075,MCO,0001059556,0001157523-15-000439,2015-02-06T13:00:32.000Z,a51034713_ex991.htm,https://www.sec.gov/Archives/edgar/data/1059556/000115752315000439/a51034713_ex991.htm,752c83f3fd06bb73dad8c48b52fb258609f98f58fe63675e5181e3949523a9d1,EPS,FY2015,GAAP,NOT_APPLICABLE,USD_PER_SHARE,4.55,4.65,4.6,CURRENT_GUIDANCE_RANGE,AS_REPORTED,HTML_TABLE_GRID,0,CURRENT_CANDIDATE,CURRENT_GUIDANCE_RANGE,20,9,4,GAAP EPS,"Full-year 2015 Moody's Corporation Guidance | Guidance as of February 6, 2015 | growth in the mid-single-digit percent range | Approximately $120 million | Approximately 43% | Approximately 46% | Approximately 32% - 33%",| GAAP EPS | | | | $4.55 to $4.65 |,V10_SIX_GRAMMAR_CORRECTED_NOT_SOURCE_REVIEWED,,,69640d0187bf6dc5da026a41d5d3c71937ed51981c4e9bfa9bc9f1933a8ceb78,data/reports/sec_guidance_structure_v10_candidates.csv,,data/reference/sec/sec-8k-guidance-v9-historical-169-20260723/raw/752c83f3fd06bb73dad8c48b52fb258609f98f58fe63675e5181e3949523a9d1.gz,True,VALID,SOURCE_CONFIRMS_CURRENT_RANGE_AND_SEMANTICS,CODEX_SOURCE_AUDIT,2026-07-23,True
SGA2-0076,MCO,0001059556,0001157523-15-001511,2015-05-01T12:00:17.000Z,a51093218ex99_1.htm,https://www.sec.gov/Archives/edgar/data/1059556/000115752315001511/a51093218ex99_1.htm,308ae5258b3cdae4b1adc8cda67f0843e1fcca0ab32760374c3e6ee09c663c78,EPS,FY2015,GAAP,NOT_APPLICABLE,USD_PER_SHARE,4.55,4.65,4.6,CURRENT_GUIDANCE_RANGE,AS_REPORTED,NARRATIVE_CLAUSE,58,CURRENT_CANDIDATE,CURRENT_GUIDANCE_RANGE,,,,,,FY 2015 guidance of GAAP EPS in the range of $4.55 to $4.65,V10_SIX_GRAMMAR_CORRECTED_NOT_SOURCE_REVIEWED,/html/body/document/type/sequence/filename/description/text/ul/li[4],HTML_LI,c5985c1ecf765fa4fdcde84cde348b6b37859fb2e8a79f79ce9cd1acf4607147,data/reports/sec_guidance_structure_v10_candidates.csv,,data/reference/sec/sec-8k-guidance-v9-historical-169-20260723/raw/308ae5258b3cdae4b1adc8cda67f0843e1fcca0ab32760374c3e6ee09c663c78.gz,True,VALID,SOURCE_CONFIRMS_CURRENT_RANGE_AND_SEMANTICS,CODEX_SOURCE_AUDIT,2026-07-23,True
SGA2-0077,MCO,0001059556,0001157523-15-001511,2015-05-01T12:00:17.000Z,a51093218ex99_1.htm,https://www.sec.gov/Archives/edgar/data/1059556/000115752315001511/a51093218ex99_1.htm,308ae5258b3cdae4b1adc8cda67f0843e1fcca0ab32760374c3e6ee09c663c78,EPS,FY2015,GAAP,NOT_APPLICABLE,USD_PER_SHARE,4.55,4.65,4.6,CURRENT_GUIDANCE_RANGE,AS_REPORTED,HTML_TABLE_GRID,0,CURRENT_CANDIDATE,CURRENT_GUIDANCE_RANGE,13,9,2,GAAP EPS | GAAP EPS,"Full-year 2015 Moody's Corporation guidance | Current guidance as of May 1, 2015 | growth in the mid-single-digit percent range | Approximately $120 million | Approximately 43% | Approximately 46% | Approximately 32% - 33%",| GAAP EPS | GAAP EPS | $4.55 to $4.65 | $4.55 to $4.65 | $4.55 to $4.65 | $4.55 to $4.65 | $4.55 to $4.65 | NC,V10_SIX_GRAMMAR_CORRECTED_NOT_SOURCE_REVIEWED,,,f3435c44b854977a30168fb8fcc88ad3cea1ff80a43a94de8df33e3d22f6947b,data/reports/sec_guidance_structure_v10_candidates.csv,,data/reference/sec/sec-8k-guidance-v9-historical-169-20260723/raw/308ae5258b3cdae4b1adc8cda67f0843e1fcca0ab32760374c3e6ee09c663c78.gz,True,VALID,SOURCE_CONFIRMS_CURRENT_RANGE_AND_SEMANTICS,CODEX_SOURCE_AUDIT,2026-07-23,True
SGA2-0078,MCO,0001059556,0001157523-17-001453,2017-05-05T12:00:18.000Z,a51553863ex99_1.htm,https://www.sec.gov/Archives/edgar/data/1059556/000115752317001453/a51553863ex99_1.htm,5fe017588b96cd82c0ffb0a9d928b8f7db041da9856867a669e8c9089d475def,EPS,FY2017,NON_GAAP,NOT_APPLICABLE,USD_PER_SHARE,5.15,5.3,5.225,CURRENT_GUIDANCE_RANGE,AS_REPORTED,HTML_TABLE_GRID,0,CURRENT_CANDIDATE,CURRENT_GUIDANCE_RANGE,19,11,2,"Adjusted EPS(3,4)",Full-year 2017 Moody's Corporation guidance | Current guidance | increase in the mid-single-digit percent range | decrease in the 25% to 30% range | approximately $135 million | approximately 43% | approximately 46% | approximately 30% | $5.46 - $5.61,"| Adjusted EPS(3,4) | | $5.15 - $5.30 | | N/A",V10_SIX_GRAMMAR_CORRECTED_NOT_SOURCE_REVIEWED,,,0e07a03f94093e2ccbf2e0787033c8cbd027450d0d259a827a4829b302a7c70a,data/reports/sec_guidance_structure_v10_candidates.csv,,data/reference/sec/sec-8k-guidance-v7-independent-200-20260722/raw/5fe017588b96cd82c0ffb0a9d928b8f7db041da9856867a669e8c9089d475def.gz,True,VALID,SOURCE_CONFIRMS_CURRENT_RANGE_AND_SEMANTICS,CODEX_SOURCE_AUDIT,2026-07-23,True
SGA2-0079,MCO,0001059556,0001157523-17-002025,2017-07-21T12:01:29.000Z,a51592937ex99_1.htm,https://www.sec.gov/Archives/edgar/data/1059556/000115752317002025/a51592937ex99_1.htm,c61a57c25c5b17154dca6a87055b1865d1541612848f0e8305b54be346d21c10,EPS,FY2017,NON_GAAP,NOT_APPLICABLE,USD_PER_SHARE,5.35,5.5,5.425,CURRENT_GUIDANCE_RANGE,AS_REPORTED,NARRATIVE_CLAUSE,370,CURRENT_CANDIDATE,CURRENT_GUIDANCE_RANGE,,,,,,"“In the second quarter, Moody’s recorded $1.0 billion in quarterly revenue, as well as double-digit EPS growth,” said Raymond McDaniel, President and Chief Executive Officer of Moody’s. “Given the strength of the first half and a supportive market environment, we are raising our full year 2017 diluted EPS and adjusted diluted EPS guidance ranges to $5.69 to $5.84 and $5.35 to $5.50, respectively.”",V10_SIX_GRAMMAR_CORRECTED_NOT_SOURCE_REVIEWED,/html/body/document/type/sequence/filename/description/text/div/p[4],HTML_P,1359a4a83fd86c8e543f4b8ce014c8c3b9383641dab583819b6c00f4e45f3d77,data/reports/sec_guidance_structure_v10_candidates.csv,,data/reference/sec/sec-8k-guidance-v7-independent-200-20260722/raw/c61a57c25c5b17154dca6a87055b1865d1541612848f0e8305b54be346d21c10.gz,True,VALID,SOURCE_CONFIRMS_CURRENT_RANGE_AND_SEMANTICS,CODEX_SOURCE_AUDIT,2026-07-23,True
SGA2-0080,MCO,0001059556,0001157523-17-002025,2017-07-21T12:01:29.000Z,a51592937ex99_1.htm,https://www.sec.gov/Archives/edgar/data/1059556/000115752317002025/a51592937ex99_1.htm,c61a57c25c5b17154dca6a87055b1865d1541612848f0e8305b54be346d21c10,EPS,FY2017,NON_GAAP,NOT_APPLICABLE,USD_PER_SHARE,5.35,5.5,5.425,CURRENT_GUIDANCE_RANGE,AS_REPORTED,NARRATIVE_CLAUSE,101,CURRENT_CANDIDATE,CURRENT_GUIDANCE_RANGE,,,,,,FY 2017 diluted EPS guidance range is now $5.69 to $5.84; adjusted diluted EPS guidance range is now $5.35 to $5.50; both ranges exclude Bureau van Dijk’s projected financial results as the acquisition has not yet closed,V10_SIX_GRAMMAR_CORRECTED_NOT_SOURCE_REVIEWED,/html/body/document/type/sequence/filename/description/text/div/ul/li[4],HTML_LI,2406323cb14119105f640d86b8f4a047ec32a2d1f564af9cd95b2c940a4fd031,data/reports/sec_guidance_structure_v10_candidates.csv,,data/reference/sec/sec-8k-guidance-v7-independent-200-20260722/raw/c61a57c25c5b17154dca6a87055b1865d1541612848f0e8305b54be346d21c10.gz,True,VALID,SOURCE_CONFIRMS_CURRENT_RANGE_AND_SEMANTICS,CODEX_SOURCE_AUDIT,2026-07-23,True
SGA2-0081,MCO,0001059556,0001157523-17-002025,2017-07-21T12:01:29.000Z,a51592937ex99_1.htm,https://www.sec.gov/Archives/edgar/data/1059556/000115752317002025/a51592937ex99_1.htm,c61a57c25c5b17154dca6a87055b1865d1541612848f0e8305b54be346d21c10,EPS,FY2017,NON_GAAP,NOT_APPLICABLE,USD_PER_SHARE,5.35,5.5,5.425,CURRENT_GUIDANCE_RANGE,AS_REPORTED,HTML_TABLE_GRID,0,CURRENT_CANDIDATE,CURRENT_GUIDANCE_RANGE,19,11,2,Adjusted diluted EPS (1),Full-year 2017 Moody's Corporation guidance | Current guidance | increase in the high-single-digit percent range | decrease in the 25% to 30% range | increase in the mid-single-digit % range | approximately $135 million | approximately 43% | approximately 47% | approximately 30% | $5.69 - $5.84,| Adjusted diluted EPS (1) | | $5.35 - $5.50 | | $5.15 - $5.30,V10_SIX_GRAMMAR_CORRECTED_NOT_SOURCE_REVIEWED,,,e4c07122d23dde89101ff212f6ce2e6d6800ddc072e4c02a95b3a2f0525dabef,data/reports/sec_guidance_structure_v10_candidates.csv,,data/reference/sec/sec-8k-guidance-v7-independent-200-20260722/raw/c61a57c25c5b17154dca6a87055b1865d1541612848f0e8305b54be346d21c10.gz,True,VALID,SOURCE_CONFIRMS_CURRENT_RANGE_AND_SEMANTICS,CODEX_SOURCE_AUDIT,2026-07-23,True
SGA2-0082,MCO,0001059556,0001157523-18-002164,2018-10-26T11:30:57.000Z,a51889491ex99_1.htm,https://www.sec.gov/Archives/edgar/data/1059556/000115752318002164/a51889491ex99_1.htm,a4c6e8e8222546ee133fbf58d8ae3d472deca0a272f5e56b1f8e52aa0a06705d,EPS,FY2018,NON_GAAP,NOT_APPLICABLE,USD_PER_SHARE,7.5,7.65,7.575,CURRENT_GUIDANCE_RANGE,AS_REPORTED,HTML_TABLE_GRID,0,CURRENT_CANDIDATE,CURRENT_GUIDANCE_RANGE,17,12,2,Adjusted Diluted EPS(1),"Full Year 2018 Moody's Corporation Guidance as of October 26, 2018 | Current guidance | increase in the high-single-digit percent range | approximately $30 million - $40 million | approximately $195 million | approximately 43% | approximately 48% | 22% - 23% | $6.95 to $7.10",| Adjusted Diluted EPS(1) | | $7.50 to $7.65 | | $7.65 to $7.85,V10_SIX_GRAMMAR_CORRECTED_NOT_SOURCE_REVIEWED,,,20188efb994b061bf45c8739c3730fa79439ee7792ff300546596fda0759bdb3,data/reports/sec_guidance_structure_v10_candidates.csv,,data/reference/sec/sec-8k-guidance-v8-second-wave-200-20260722/raw/a4c6e8e8222546ee133fbf58d8ae3d472deca0a272f5e56b1f8e52aa0a06705d.gz,True,VALID,SOURCE_CONFIRMS_CURRENT_RANGE_AND_SEMANTICS,CODEX_SOURCE_AUDIT,2026-07-23,True
SGA2-0083,MCO,0001059556,0001157523-19-001632,2019-07-31T11:30:12.000Z,a52021921ex99_1.htm,https://www.sec.gov/Archives/edgar/data/1059556/000115752319001632/a52021921ex99_1.htm,2bc2e33e50aa4e9122d16fdbf75f365ec9228346fc91505a1d861a9503fea3e5,EPS,FY2019,NON_GAAP,NOT_APPLICABLE,USD_PER_SHARE,7.95,8.15,8.05,CURRENT_GUIDANCE_RANGE,AS_REPORTED,NARRATIVE_CLAUSE,101,CURRENT_CANDIDATE,CURRENT_GUIDANCE_RANGE,,,,,,FY 2019 diluted EPS guidance range is now $7.15 to $7.35; adjusted diluted EPS guidance range is now $7.95 to $8.15,V10_SIX_GRAMMAR_CORRECTED_NOT_SOURCE_REVIEWED,/html/body/document/type/sequence/filename/description/text/div[3]/div/div/div/div[1]/ul/b/li[4],HTML_LI,5bb748ded618f027b695c7d20af579a97226974f0d7386b3b98ed9087a61ae52,data/reports/sec_guidance_structure_v10_candidates.csv,,data/reference/sec/sec-8k-guidance-v8-second-wave-200-20260722/raw/2bc2e33e50aa4e9122d16fdbf75f365ec9228346fc91505a1d861a9503fea3e5.gz,True,VALID,SOURCE_CONFIRMS_CURRENT_RANGE_AND_SEMANTICS,CODEX_SOURCE_AUDIT,2026-07-23,True
SGA2-0084,MCO,0001059556,0001157523-19-001632,2019-07-31T11:30:12.000Z,a52021921ex99_1.htm,https://www.sec.gov/Archives/edgar/data/1059556/000115752319001632/a52021921ex99_1.htm,2bc2e33e50aa4e9122d16fdbf75f365ec9228346fc91505a1d861a9503fea3e5,EPS,FY2019,NON_GAAP,NOT_APPLICABLE,USD_PER_SHARE,7.95,8.15,8.05,CURRENT_GUIDANCE_RANGE,AS_REPORTED,NARRATIVE_CLAUSE,431,CURRENT_CANDIDATE,CURRENT_GUIDANCE_RANGE,,,,,,"McDaniel, President and Chief Executive Officer of Moody’s. “In light of first half performance exceeding our expectations, we are increasing our full year 2019 adjusted diluted EPS guidance range to $7.95 to $8.15.”",V10_SIX_GRAMMAR_CORRECTED_NOT_SOURCE_REVIEWED,/html/body/document/type/sequence/filename/description/text/div[3]/div/div/div/div[2]/div[1]/p[2],HTML_P,d439e9d43ea5d791ef4c544367eccfa4ebae8aab3d68f71d7f19d3fbad773879,data/reports/sec_guidance_structure_v10_candidates.csv,,data/reference/sec/sec-8k-guidance-v8-second-wave-200-20260722/raw/2bc2e33e50aa4e9122d16fdbf75f365ec9228346fc91505a1d861a9503fea3e5.gz,True,VALID,SOURCE_CONFIRMS_CURRENT_RANGE_AND_SEMANTICS,CODEX_SOURCE_AUDIT,2026-07-23,True
SGA2-0085,MCO,0001059556,0001157523-19-001632,2019-07-31T11:30:12.000Z,a52021921ex99_1.htm,https://www.sec.gov/Archives/edgar/data/1059556/000115752319001632/a52021921ex99_1.htm,2bc2e33e50aa4e9122d16fdbf75f365ec9228346fc91505a1d861a9503fea3e5,EPS,FY2019,NON_GAAP,NOT_APPLICABLE,USD_PER_SHARE,7.95,8.15,8.05,CURRENT_GUIDANCE_RANGE,AS_REPORTED,HTML_TABLE_GRID,0,CURRENT_CANDIDATE,CURRENT_GUIDANCE_RANGE,17,11,3,Adjusted Diluted EPS(2) | Adjusted Diluted EPS(2) | Adjusted Diluted EPS(2),"Full Year 2019 Moody's Corporation Guidance as of July 31, 2019 | Current guidance | increase in the mid-single-digit percent range | increase in the high-single-digit percent range | approximately 42% | approximately 48% | approximately $195 million | 21% - 22% | $7.15 to $7.35","Three Months Ended June 30, 2019 Amounts in millions Reported change FX impact Change on a constant currency basis $ % $ % $ % MIS Revenue $ (13.9) (1.8%) $ (10.6) (1.4%) $ (3.3) (0.4%) | Table 13 - 2019 Outlook | Moody’s outlook for 2019 is based on assumptions about many geopolitical conditions and macroeconomic and capital market factors, including interest rates, foreign currency exchange rates, corporate profitability and business investment spending, mergers and acquisitions, consumer borrowing and securitization, and the level of debt capital markets activity. These assumptions are subject to uncertainty, and results for the year could differ materially from our current outlook. Our guidance assumes foreign currency translation at end-of-quarter exchange rates. Specifically, our forecast for the remainder of 2019 reflects exchange rates for the British pound (£) of $1.27 to £1 and for the euro (€) of $1.14 to €1. | Adjusted Diluted EPS(2) | Adjusted Diluted EPS(2) | Adjusted Diluted EPS(2) | $7.95 to $8.15 | $7.95 to $8.15 | $7.95 to $8.15 | $7.95 to $8.15 | $7.85 to $8.10 | $7.85 to $8.10 | $7.85 to $8.10 | $7.85 to $8.10 |",V10_SIX_GRAMMAR_CORRECTED_NOT_SOURCE_REVIEWED,,,fbbe9a58608746d731b8f1a307e45df4d576fcf00174fa0a45c385b50a2d0a3c,data/reports/sec_guidance_structure_v10_candidates.csv,,data/reference/sec/sec-8k-guidance-v8-second-wave-200-20260722/raw/2bc2e33e50aa4e9122d16fdbf75f365ec9228346fc91505a1d861a9503fea3e5.gz,True,VALID,SOURCE_CONFIRMS_CURRENT_RANGE_AND_SEMANTICS,CODEX_SOURCE_AUDIT,2026-07-23,True
SGA2-0086,MCO,0001059556,0001157523-19-002132,2019-10-30T11:30:52.000Z,a52119892ex99_1.htm,https://www.sec.gov/Archives/edgar/data/1059556/000115752319002132/a52119892ex99_1.htm,6056ff5788c2efa93df4e69d23eae73fd55693de7fb11407bcc9307d246f4812,EPS,FY2019,NON_GAAP,NOT_APPLICABLE,USD_PER_SHARE,8.05,8.2,8.125,CURRENT_GUIDANCE_RANGE,AS_REPORTED,HTML_TABLE_GRID,0,CURRENT_CANDIDATE,CURRENT_GUIDANCE_RANGE,16,10,1,Adjusted Diluted EPS(2),"Full Year 2019 Moody's Corporation Guidance as of October 30, 2019 | Current guidance | increase in the high-single-digit percent range | approximately 42% | approximately 48% | approximately $195 million | 21.5% - 22.5% | $7.20 to $7.35","Note: The tax impacts in the table above were calculated using tax rates in effect in the jurisdiction for which the item relates. | Table 12 - 2019 Outlook | Moody's outlook for 2019 is based on assumptions about many geopolitical conditions and macroeconomic and capital market factors, including interest rates, foreign currency exchange rates, corporate profitability and business investment spending, mergers and acquisitions, consumer borrowing and securitization, and the level of debt capital markets activity. These assumptions are subject to uncertainty, and results for the year could differ materially from our current outlook. Our guidance assumes foreign currency translation at end-of-quarter exchange rates. Specifically, our forecast for the remainder of 2019 reflects exchange rates for the British pound (£) of $1.23 to £1 and for the euro (€) of $1.09 to €1. | Adjusted Diluted EPS(2) | $8.05 to $8.20 | $7.95 to $8.15",V10_SIX_GRAMMAR_CORRECTED_NOT_SOURCE_REVIEWED,,,443323aa3e713b0838707321c25dd619bbd2c7501f3bc47aa7cd4a321b1166bb,data/reports/sec_guidance_structure_v10_candidates.csv,,data/reference/sec/sec-8k-guidance-v7-independent-200-20260722/raw/6056ff5788c2efa93df4e69d23eae73fd55693de7fb11407bcc9307d246f4812.gz,True,VALID,SOURCE_CONFIRMS_CURRENT_RANGE_AND_SEMANTICS,CODEX_SOURCE_AUDIT,2026-07-23,True
SGA2-0087,MCO,0001059556,0001157523-19-002132,2019-10-30T11:30:52.000Z,a52119892ex99_1.htm,https://www.sec.gov/Archives/edgar/data/1059556/000115752319002132/a52119892ex99_1.htm,6056ff5788c2efa93df4e69d23eae73fd55693de7fb11407bcc9307d246f4812,EPS,FY2019,NON_GAAP,NOT_APPLICABLE,USD_PER_SHARE,8.05,8.2,8.125,CURRENT_GUIDANCE_RANGE,AS_REPORTED,NARRATIVE_CLAUSE,93,CURRENT_CANDIDATE,CURRENT_GUIDANCE_RANGE,,,,,,"FY 2019 diluted EPS and adjusted diluted EPS guidance ranges increased to $7.20 to $7.35 and $8.05 to $8.20, respectively",V10_SIX_GRAMMAR_CORRECTED_NOT_SOURCE_REVIEWED,/html/body/document/type/sequence/filename/description/text/div[3]/div/div/div/div[1]/ul/b/li[4],HTML_LI,e7750d5b8f87f168cf61e571bf34c45ecbee2bf115cedc1d8d74257f2882eec2,data/reports/sec_guidance_structure_v10_candidates.csv,,data/reference/sec/sec-8k-guidance-v7-independent-200-20260722/raw/6056ff5788c2efa93df4e69d23eae73fd55693de7fb11407bcc9307d246f4812.gz,True,VALID,SOURCE_CONFIRMS_CURRENT_RANGE_AND_SEMANTICS,CODEX_SOURCE_AUDIT,2026-07-23,True
SGA2-0088,MCO,0001059556,0001157523-20-000190,2020-02-12T12:30:39.000Z,a52172350_ex991.htm,https://www.sec.gov/Archives/edgar/data/1059556/000115752320000190/a52172350_ex991.htm,d8b99bb935e4533cdf2836a9633e8b1b55491ebd93c0d6f7bb3d50d5f3cc046e,EPS,FY2020,NON_GAAP,NOT_APPLICABLE,USD_PER_SHARE,9.1,9.3,9.2,CURRENT_GUIDANCE_RANGE,AS_REPORTED,NARRATIVE_CLAUSE,123,CURRENT_CANDIDATE,CURRENT_GUIDANCE_RANGE,,,,,,Full year 2020 diluted EPS is expected to be $8.60 to $8.80. The Company expects full year 2020 adjusted diluted EPS to be $9.10 to $9.30.,V10_SIX_GRAMMAR_CORRECTED_NOT_SOURCE_REVIEWED,/html/body/document/type/sequence/filename/description/text/div[4]/div/div[2]/div[1]/p[40],HTML_P,29cf0029ff29b4725bafc0f4e783b74005d13bbb16455b215a41fbbca6bbd8f0,data/reports/sec_guidance_structure_v10_candidates.csv,,data/reference/sec/sec-8k-guidance-v8-second-wave-200-20260722/raw/d8b99bb935e4533cdf2836a9633e8b1b55491ebd93c0d6f7bb3d50d5f3cc046e.gz,True,VALID,SOURCE_CONFIRMS_CURRENT_RANGE_AND_SEMANTICS,CODEX_SOURCE_AUDIT,2026-07-23,True
SGA2-0089,MCO,0001059556,0001157523-20-000190,2020-02-12T12:30:39.000Z,a52172350_ex991.htm,https://www.sec.gov/Archives/edgar/data/1059556/000115752320000190/a52172350_ex991.htm,d8b99bb935e4533cdf2836a9633e8b1b55491ebd93c0d6f7bb3d50d5f3cc046e,EPS,FY2020,NON_GAAP,NOT_APPLICABLE,USD_PER_SHARE,9.1,9.3,9.2,CURRENT_GUIDANCE_RANGE,AS_REPORTED,HTML_TABLE_GRID,0,CURRENT_CANDIDATE,CURRENT_GUIDANCE_RANGE,17,9,1,Adjusted Diluted EPS(1),"Full Year 2020 Moody's Corporation Guidance as of February 12, 2020 | MOODY'S CORPORATION | increase in the mid-single-digit percent range | increase in the low-single-digit percent range | approximately 44% | 48% - 49% | $180 - $200 million | 20% - 22% | $8.60 to $8.80","Note: The tax impacts in the table above were calculated using tax rates in effect in the jurisdiction for which the item relates. | Table 12 - 2020 Outlook | Moody's outlook for 2020 is based on assumptions about many geopolitical conditions and macroeconomic and capital market factors, including interest rates, foreign currency exchange rates, corporate profitability and business investment spending, mergers and acquisitions, consumer borrowing and securitization, and the amount of debt issued. These assumptions are subject to uncertainty, and results for the year could differ materially from our current outlook. Our guidance assumes timely closing of the recently announced acquisition of Regulatory DataCorp and assumes foreign currency translation at end-of-quarter exchange rates. Specifically, our forecast reflects exchange rates for the British pound (£) of $1.31 to £1 and for the euro (€) of $1.11 to €1. | Adjusted Diluted EPS(1) | $9.10 to $9.30",V10_SIX_GRAMMAR_CORRECTED_NOT_SOURCE_REVIEWED,,,2f6984e71cdb8a2b54201cca6e81190aac8139f865fd547dd2095d309573ad38,data/reports/sec_guidance_structure_v10_candidates.csv,,data/reference/sec/sec-8k-guidance-v8-second-wave-200-20260722/raw/d8b99bb935e4533cdf2836a9633e8b1b55491ebd93c0d6f7bb3d50d5f3cc046e.gz,True,VALID,SOURCE_CONFIRMS_CURRENT_RANGE_AND_SEMANTICS,CODEX_SOURCE_AUDIT,2026-07-23,True
SGA2-0090,MCO,0001059556,0001157523-20-001069,2020-07-30T11:32:47.000Z,a52258353_ex991.htm,https://www.sec.gov/Archives/edgar/data/1059556/000115752320001069/a52258353_ex991.htm,5625fa5b80f4c7974f87eb9d36c45421a3fb0a26d97b984d7fd9d6c63d6a466c,EPS,FY2020,NON_GAAP,NOT_APPLICABLE,USD_PER_SHARE,8.8,9.2,9,CURRENT_GUIDANCE_RANGE,AS_REPORTED,NARRATIVE_CLAUSE,837,CURRENT_CANDIDATE,CURRENT_GUIDANCE_RANGE,,,,,,"our expectations, we are raising and narrowing our full year 2020 adjusted diluted EPS guidance range to $8.80 to $9.20, while still expecting debt issuance to taper in the second half of the year.”",V10_SIX_GRAMMAR_CORRECTED_NOT_SOURCE_REVIEWED,/html/body/document/type/sequence/filename/description/text/div[3]/div/div[2]/div[1]/p[2],HTML_P,a246ae301fbca0cd19ecc5274c0411ffdb4a300c97f1852aadc5841c288cdfab,data/reports/sec_guidance_structure_v10_candidates.csv,,data/reference/sec/sec-8k-guidance-v8-second-wave-200-20260722/raw/5625fa5b80f4c7974f87eb9d36c45421a3fb0a26d97b984d7fd9d6c63d6a466c.gz,True,VALID,SOURCE_CONFIRMS_CURRENT_RANGE_AND_SEMANTICS,CODEX_SOURCE_AUDIT,2026-07-23,True
SGA2-0091,MCO,0001059556,0001157523-20-001069,2020-07-30T11:32:47.000Z,a52258353_ex991.htm,https://www.sec.gov/Archives/edgar/data/1059556/000115752320001069/a52258353_ex991.htm,5625fa5b80f4c7974f87eb9d36c45421a3fb0a26d97b984d7fd9d6c63d6a466c,EPS,FY2020,NON_GAAP,NOT_APPLICABLE,USD_PER_SHARE,8.8,9.2,9,CURRENT_GUIDANCE_RANGE,AS_REPORTED,NARRATIVE_CLAUSE,105,CURRENT_CANDIDATE,CURRENT_GUIDANCE_RANGE,,,,,,FY 2020 guidance range for diluted EPS raised to $8.15 to $8.55; adjusted diluted EPS guidance raised to $8.80 to $9.20,V10_SIX_GRAMMAR_CORRECTED_NOT_SOURCE_REVIEWED,/html/body/document/type/sequence/filename/description/text/div[3]/div/div[1]/ul/b/li[4],HTML_LI,aabc7e08d99180e252f7eba6a76acf1448e4292827cd32644a3ad533b736d7af,data/reports/sec_guidance_structure_v10_candidates.csv,,data/reference/sec/sec-8k-guidance-v8-second-wave-200-20260722/raw/5625fa5b80f4c7974f87eb9d36c45421a3fb0a26d97b984d7fd9d6c63d6a466c.gz,True,VALID,SOURCE_CONFIRMS_CURRENT_RANGE_AND_SEMANTICS,CODEX_SOURCE_AUDIT,2026-07-23,True
SGA2-0092,MCO,0001059556,0001157523-20-001368,2020-10-29T11:00:53.000Z,a52316204ex99_1.htm,https://www.sec.gov/Archives/edgar/data/1059556/000115752320001368/a52316204ex99_1.htm,f8580486e6e708c4e4eed441e5ba810333044009994e28875ddb485075268387,EPS,FY2020,NON_GAAP,NOT_APPLICABLE,USD_PER_SHARE,9.95,10.15,10.05,CURRENT_GUIDANCE_RANGE,AS_REPORTED,NARRATIVE_CLAUSE,123,CURRENT_CANDIDATE,CURRENT_GUIDANCE_RANGE,,,,,,Full year 2020 diluted EPS is expected to be $9.30 to $9.50. The company expects full year 2020 adjusted diluted EPS to be $9.95 to $10.15.,V10_SIX_GRAMMAR_CORRECTED_NOT_SOURCE_REVIEWED,/html/body/document/type/sequence/filename/description/text/div[4]/div/div/div[2]/div[1]/p[43],HTML_P,1c9b558e5081c911e671a053641e6685ab275aab675d8188559962941f237219,data/reports/sec_guidance_structure_v10_candidates.csv,,data/reference/sec/sec-8k-guidance-v7-independent-200-20260722/raw/f8580486e6e708c4e4eed441e5ba810333044009994e28875ddb485075268387.gz,True,VALID,SOURCE_CONFIRMS_CURRENT_RANGE_AND_SEMANTICS,CODEX_SOURCE_AUDIT,2026-07-23,True
SGA2-0093,MCO,0001059556,0001157523-20-001368,2020-10-29T11:00:53.000Z,a52316204ex99_1.htm,https://www.sec.gov/Archives/edgar/data/1059556/000115752320001368/a52316204ex99_1.htm,f8580486e6e708c4e4eed441e5ba810333044009994e28875ddb485075268387,EPS,FY2020,NON_GAAP,NOT_APPLICABLE,USD_PER_SHARE,9.95,10.15,10.05,CURRENT_GUIDANCE_RANGE,AS_REPORTED,NARRATIVE_CLAUSE,105,CURRENT_CANDIDATE,CURRENT_GUIDANCE_RANGE,,,,,,FY 2020 guidance range for diluted EPS raised to $9.30 to $9.50; adjusted diluted EPS guidance raised to $9.95 to $10.15,V10_SIX_GRAMMAR_CORRECTED_NOT_SOURCE_REVIEWED,/html/body/document/type/sequence/filename/description/text/div[4]/div/div/div[1]/ul/b/li[4],HTML_LI,f0317c101a9203810c65d80da560737e2203a1d54607cac282044043c8967ab7,data/reports/sec_guidance_structure_v10_candidates.csv,,data/reference/sec/sec-8k-guidance-v7-independent-200-20260722/raw/f8580486e6e708c4e4eed441e5ba810333044009994e28875ddb485075268387.gz,True,VALID,SOURCE_CONFIRMS_CURRENT_RANGE_AND_SEMANTICS,CODEX_SOURCE_AUDIT,2026-07-23,True
SGA2-0094,MCO,0001059556,0001157523-21-000516,2021-04-28T11:30:32.000Z,a52419301ex99_1.htm,https://www.sec.gov/Archives/edgar/data/1059556/000115752321000516/a52419301ex99_1.htm,673705d703819843a5d0e9786c6fa59acdd6c584b4c0a1bc69e9fa04d4472927,EPS,FY2021,NON_GAAP,NOT_APPLICABLE,USD_PER_SHARE,11,11.3,11.15,CURRENT_GUIDANCE_RANGE,AS_REPORTED,NARRATIVE_CLAUSE,126,CURRENT_CANDIDATE,CURRENT_GUIDANCE_RANGE,,,,,,Full year 2021 diluted EPS is projected to be $10.40 to $10.70. The company expects full year 2021 adjusted diluted EPS to be $11.00 to $11.30.,V10_SIX_GRAMMAR_CORRECTED_NOT_SOURCE_REVIEWED,/html/body/document/type/sequence/filename/description/text/div/div[3]/div/div[2]/div[1]/p[35],HTML_P,1acecef57c968c0bce4cdfbfcebb969e93a621efe7e366b7ec091bd9873dc33b,data/reports/sec_guidance_structure_v10_candidates.csv,,data/reference/sec/sec-8k-guidance-v8-second-wave-200-20260722/raw/673705d703819843a5d0e9786c6fa59acdd6c584b4c0a1bc69e9fa04d4472927.gz,True,VALID,SOURCE_CONFIRMS_CURRENT_RANGE_AND_SEMANTICS,CODEX_SOURCE_AUDIT,2026-07-23,True
SGA2-0095,MCO,0001059556,0001157523-21-000516,2021-04-28T11:30:32.000Z,a52419301ex99_1.htm,https://www.sec.gov/Archives/edgar/data/1059556/000115752321000516/a52419301ex99_1.htm,673705d703819843a5d0e9786c6fa59acdd6c584b4c0a1bc69e9fa04d4472927,EPS,FY2021,NON_GAAP,NOT_APPLICABLE,USD_PER_SHARE,11,11.301,11.1505,CURRENT_GUIDANCE_RANGE,AS_REPORTED,NARRATIVE_CLAUSE,92,CURRENT_CANDIDATE,CURRENT_GUIDANCE_RANGE,,,,,,"FY 2021 diluted EPS and adjusted diluted EPS guidance ranges raised to $10.40 to $10.70 and $11.00 to $11.301, respectively",V10_SIX_GRAMMAR_CORRECTED_NOT_SOURCE_REVIEWED,/html/body/document/type/sequence/filename/description/text/div/div[3]/div/div[1]/ul/b/li[4],HTML_LI,d0b0b49b3c5ad0950cacc57afb786b1b8d6b6cef8df73fd7725e92887f7abc67,data/reports/sec_guidance_structure_v10_candidates.csv,,data/reference/sec/sec-8k-guidance-v8-second-wave-200-20260722/raw/673705d703819843a5d0e9786c6fa59acdd6c584b4c0a1bc69e9fa04d4472927.gz,True,INVALID,FOOTNOTE_DIGIT_CONTAMINATED_UPPER_BOUND,CODEX_SOURCE_AUDIT,2026-07-23,True
SGA2-0096,MCO,0001059556,0001157523-21-000934,2021-07-28T11:15:47.000Z,a52467066ex99_1.htm,https://www.sec.gov/Archives/edgar/data/1059556/000115752321000934/a52467066ex99_1.htm,ff37af8c6dc7c6120f76f04a1a6fc6e27e7c0091fba51f60e6e81a649e819c42,EPS,FY2021,NON_GAAP,NOT_APPLICABLE,USD_PER_SHARE,11.55,11.85,11.7,CURRENT_GUIDANCE_RANGE,AS_REPORTED,NARRATIVE_CLAUSE,127,CURRENT_CANDIDATE,CURRENT_GUIDANCE_RANGE,,,,,,Full year 2021 diluted EPS is projected to be $10.95 to $11.25. The company expects full year 2021 adjusted diluted EPS1 to be $11.55 to $11.85.,V10_SIX_GRAMMAR_CORRECTED_NOT_SOURCE_REVIEWED,/html/body/document/type/sequence/filename/description/text/div/div[2]/div/div[2]/div[1]/p[44],HTML_P,826cc8848b4749e1884a60558941151dc729944a8dd686b9d01be406a817b754,data/reports/sec_guidance_structure_v10_candidates.csv,,data/reference/sec/sec-8k-guidance-v8-second-wave-200-20260722/raw/ff37af8c6dc7c6120f76f04a1a6fc6e27e7c0091fba51f60e6e81a649e819c42.gz,True,VALID,SOURCE_CONFIRMS_CURRENT_RANGE_AND_SEMANTICS,CODEX_SOURCE_AUDIT,2026-07-23,True
SGA2-0097,MCO,0001059556,0001157523-21-001272,2021-10-28T11:17:25.000Z,a52517052ex99_1.htm,https://www.sec.gov/Archives/edgar/data/1059556/000115752321001272/a52517052ex99_1.htm,c4d7d477ed45516a94a5c1af48b065ef949d6d3ba0b689862dfd460fd1bb1c2b,EPS,FY2021,NON_GAAP,NOT_APPLICABLE,USD_PER_SHARE,12.15,12.35,12.25,CURRENT_GUIDANCE_RANGE,AS_REPORTED,NARRATIVE_CLAUSE,127,CURRENT_CANDIDATE,CURRENT_GUIDANCE_RANGE,,,,,,Full year 2021 diluted EPS is projected to be $11.65 to $11.85. The company expects full year 2021 adjusted diluted EPS1 to be $12.15 to $12.35.,V10_SIX_GRAMMAR_CORRECTED_NOT_SOURCE_REVIEWED,/html/body/document/type/sequence/filename/description/text/div[3]/div/div/div[2]/div[1]/p[44],HTML_P,291221936f9cf65237dec497b4d4fe7bb09bc6ebbdcc1a5fc318ee13bbf2e594,data/reports/sec_guidance_structure_v10_candidates.csv,,data/reference/sec/sec-8k-guidance-v8-second-wave-200-20260722/raw/c4d7d477ed45516a94a5c1af48b065ef949d6d3ba0b689862dfd460fd1bb1c2b.gz,True,VALID,SOURCE_CONFIRMS_CURRENT_RANGE_AND_SEMANTICS,CODEX_SOURCE_AUDIT,2026-07-23,True
SGA2-0098,MCO,0001059556,0001157523-21-001272,2021-10-28T11:17:25.000Z,a52517052ex99_1.htm,https://www.sec.gov/Archives/edgar/data/1059556/000115752321001272/a52517052ex99_1.htm,c4d7d477ed45516a94a5c1af48b065ef949d6d3ba0b689862dfd460fd1bb1c2b,EPS,FY2021,NON_GAAP,NOT_APPLICABLE,USD_PER_SHARE,12.15,12.35,12.25,CURRENT_GUIDANCE_RANGE,AS_REPORTED,NARRATIVE_CLAUSE,106,CURRENT_CANDIDATE,CURRENT_GUIDANCE_RANGE,,,,,,"FY 2021 diluted EPS and adjusted diluted EPS1 guidance ranges raised and narrowed to $11.65 to $11.85 and $12.15 to $12.35, respectively",V10_SIX_GRAMMAR_CORRECTED_NOT_SOURCE_REVIEWED,/html/body/document/type/sequence/filename/description/text/div[3]/div/div/div[1]/ul/b/li[4],HTML_LI,b047ab0db4f1ee215376efd46b3ac974e7763f974fa777e94bf81d662e77cf06,data/reports/sec_guidance_structure_v10_candidates.csv,,data/reference/sec/sec-8k-guidance-v8-second-wave-200-20260722/raw/c4d7d477ed45516a94a5c1af48b065ef949d6d3ba0b689862dfd460fd1bb1c2b.gz,True,VALID,SOURCE_CONFIRMS_CURRENT_RANGE_AND_SEMANTICS,CODEX_SOURCE_AUDIT,2026-07-23,True
SGA2-0099,MCO,0001059556,0001157523-22-000174,2022-02-10T12:15:32.000Z,a52577033ex99_1.htm,https://www.sec.gov/Archives/edgar/data/1059556/000115752322000174/a52577033ex99_1.htm,ed711fdfcdd5dd5a37c78c3ed0f56e61b766525e2537ccd5ae418b583ca7540a,EPS,FY2022,NON_GAAP,NOT_APPLICABLE,USD_PER_SHARE,12.4,12.9,12.65,CURRENT_GUIDANCE_RANGE,AS_REPORTED,NARRATIVE_CLAUSE,127,CURRENT_CANDIDATE,CURRENT_GUIDANCE_RANGE,,,,,,Full year 2022 diluted EPS is projected to be $11.50 to $12.00. The Company expects full year 2022 adjusted diluted EPS1 to be $12.40 to $12.90.,V10_SIX_GRAMMAR_CORRECTED_NOT_SOURCE_REVIEWED,/html/body/document/type/sequence/filename/description/text/div[3]/div/div/div/div/div[2]/div[1]/p[39],HTML_P,edf3c292fb1311d401f17eeee0b75fa57e290c94db528c31d887e1fba874b167,data/reports/sec_guidance_structure_v10_candidates.csv,,data/reference/sec/sec-8k-guidance-v7-independent-200-20260722/raw/ed711fdfcdd5dd5a37c78c3ed0f56e61b766525e2537ccd5ae418b583ca7540a.gz,True,VALID,SOURCE_CONFIRMS_CURRENT_RANGE_AND_SEMANTICS,CODEX_SOURCE_AUDIT,2026-07-23,True
SGA2-0100,MCO,0001059556,0001157523-22-000521,2022-05-02T11:15:33.000Z,a52702931ex99_1.htm,https://www.sec.gov/Archives/edgar/data/1059556/000115752322000521/a52702931ex99_1.htm,523379de16a43402e807c7fc535743b4ec3ce83fb9a3de2970525c8141b72f33,EPS,FY2022,NON_GAAP,NOT_APPLICABLE,USD_PER_SHARE,10.75,11.25,11,CURRENT_GUIDANCE_RANGE,AS_REPORTED,NARRATIVE_CLAUSE,93,CURRENT_CANDIDATE,CURRENT_GUIDANCE_RANGE,,,,,,"FY 2022 diluted EPS and adjusted diluted EPS1 guidance ranges reduced to $9.85 to $10.35 and $10.75 to $11.25, respectively",V10_SIX_GRAMMAR_CORRECTED_NOT_SOURCE_REVIEWED,/html/body/document/type/sequence/filename/description/text/div/div[2]/div/div/div[1]/ul/b/li[4],HTML_LI,4dd3a8c8417411286c4c636fb1f0fceda2de624e860938a043cc8b757c8ba66d,data/reports/sec_guidance_structure_v10_candidates.csv,,data/reference/sec/sec-8k-guidance-v7-independent-200-20260722/raw/523379de16a43402e807c7fc535743b4ec3ce83fb9a3de2970525c8141b72f33.gz,True,VALID,SOURCE_CONFIRMS_CURRENT_RANGE_AND_SEMANTICS,CODEX_SOURCE_AUDIT,2026-07-23,True
SGA2-0101,MCO,0001059556,0001157523-22-000521,2022-05-02T11:15:33.000Z,a52702931ex99_1.htm,https://www.sec.gov/Archives/edgar/data/1059556/000115752322000521/a52702931ex99_1.htm,523379de16a43402e807c7fc535743b4ec3ce83fb9a3de2970525c8141b72f33,EPS,FY2022,NON_GAAP,NOT_APPLICABLE,USD_PER_SHARE,10.75,11.25,11,CURRENT_GUIDANCE_RANGE,AS_REPORTED,NARRATIVE_CLAUSE,126,CURRENT_CANDIDATE,CURRENT_GUIDANCE_RANGE,,,,,,Full year 2022 diluted EPS is projected to be $9.85 to $10.35. The Company expects full year 2022 adjusted diluted EPS1 to be $10.75 to $11.25.,V10_SIX_GRAMMAR_CORRECTED_NOT_SOURCE_REVIEWED,/html/body/document/type/sequence/filename/description/text/div/div[2]/div/div/div[2]/div[1]/p[30],HTML_P,d2d4eca061a851a47e51e2e47f26b9feda5f37daf63577b6cb6ee8f30f0312d9,data/reports/sec_guidance_structure_v10_candidates.csv,,data/reference/sec/sec-8k-guidance-v7-independent-200-20260722/raw/523379de16a43402e807c7fc535743b4ec3ce83fb9a3de2970525c8141b72f33.gz,True,VALID,SOURCE_CONFIRMS_CURRENT_RANGE_AND_SEMANTICS,CODEX_SOURCE_AUDIT,2026-07-23,True
SGA2-0102,MCO,0001059556,0001059556-22-000059,2022-10-25T11:03:11.000Z,a3q22earningsprnew.htm,https://www.sec.gov/Archives/edgar/data/1059556/000105955622000059/a3q22earningsprnew.htm,7895f316007edbca3607629b82cf843b9c6299400291d04c22e4d4318ec46fa2,EPS,FY2022,NON_GAAP,NOT_APPLICABLE,USD_PER_SHARE,8.2,8.5,8.35,CURRENT_GUIDANCE_RANGE,AS_REPORTED,HTML_TABLE_GRID,0,CURRENT_CANDIDATE,CURRENT_GUIDANCE_RANGE,41,10,3,Adjusted Diluted EPS (1) | Adjusted Diluted EPS (1) | Adjusted Diluted EPS (1),"Full Year 2022 Moody's Corporation Guidance as of October 25, 2022 | Current guidance | Decline in the low-double-digit percent range | Increase in the mid-single-digit percent range | 34% to 35% | Approximately 42% | $220 to $240 million | 20.5% to 22.5% | $6.90 to $7.20",| Adjusted Diluted EPS (1) | Adjusted Diluted EPS (1) | Adjusted Diluted EPS (1) | $8.20 to $8.50 | $8.20 to $8.50 | $8.20 to $8.50 | $9.20 to $9.70 | $9.20 to $9.70 | $9.20 to $9.70,V10_SIX_GRAMMAR_CORRECTED_NOT_SOURCE_REVIEWED,,,b498565bee76fe2bf8ccd3b3bf5c2214d63a27fc6cd1cca8177a825f5f07c3bc,data/reports/sec_guidance_structure_v10_candidates.csv,,data/reference/sec/sec-8k-guidance-v7-independent-200-20260722/raw/7895f316007edbca3607629b82cf843b9c6299400291d04c22e4d4318ec46fa2.gz,True,VALID,SOURCE_CONFIRMS_CURRENT_RANGE_AND_SEMANTICS,CODEX_SOURCE_AUDIT,2026-07-23,True
SGA2-0103,MCO,0001059556,0001059556-23-000005,2023-01-31T11:56:49.000Z,a4q22earningsprnew.htm,https://www.sec.gov/Archives/edgar/data/1059556/000105955623000005/a4q22earningsprnew.htm,166a82cf9fb02e35aa4edcbcd970143df2a0f40b10ce174a8d5699c8ea9b484a,EPS,FY2023,NON_GAAP,NOT_APPLICABLE,USD_PER_SHARE,9,9.5,9.25,CURRENT_GUIDANCE_RANGE,AS_REPORTED,HTML_TABLE_GRID,0,CURRENT_CANDIDATE,CURRENT_GUIDANCE_RANGE,41,10,3,Adjusted Diluted EPS (1) | Adjusted Diluted EPS (1) | Adjusted Diluted EPS (1),"Full Year 2023 Moody's Corporation Guidance as of January 31, 2023 | Current guidance | Increase in the mid-to-high-single-digit percent range | Increase in the low-single-digit percent range | Approximately 37% | 44% to 45% | $290 to $310 million | 20% to 22% | $8.05 to $8.55",| Adjusted Diluted EPS (1) | Adjusted Diluted EPS (1) | Adjusted Diluted EPS (1) | $9.00 to $9.50 | $9.00 to $9.50 | $9.00 to $9.50,V10_SIX_GRAMMAR_CORRECTED_NOT_SOURCE_REVIEWED,,,c2b7d71444b803d2bc7f5286460496354726b6e25a17013d18a31e96d458f441,data/reports/sec_guidance_structure_v10_candidates.csv,,data/reference/sec/sec-8k-guidance-v7-independent-200-20260722/raw/166a82cf9fb02e35aa4edcbcd970143df2a0f40b10ce174a8d5699c8ea9b484a.gz,True,VALID,SOURCE_CONFIRMS_CURRENT_RANGE_AND_SEMANTICS,CODEX_SOURCE_AUDIT,2026-07-23,True
SGA2-0104,MCO,0001059556,0001059556-23-000023,2023-04-25T10:58:45.000Z,a1q23earningspr.htm,https://www.sec.gov/Archives/edgar/data/1059556/000105955623000023/a1q23earningspr.htm,5565da0c241cf40a32d48cd4c66e0911e490a7b79a596ce132064ab0ae18e60d,EPS,FY2023,NON_GAAP,NOT_APPLICABLE,USD_PER_SHARE,9.5,10,9.75,CURRENT_GUIDANCE_RANGE,AS_REPORTED,HTML_TABLE_GRID,0,CURRENT_CANDIDATE,CURRENT_GUIDANCE_RANGE,41,10,3,Adjusted Diluted EPS (1) | Adjusted Diluted EPS (1) | Adjusted Diluted EPS (1),"Full Year 2023 Moody's Corporation Guidance as of April 25, 2023 | Current guidance | Increase in the mid-to-high-single-digitpercent range | Increase in the mid-single-digitpercent range | Approximately 37% | 44% to 45% | $275 to $295 million | 15% to 17% | $8.45 to $8.95",| Adjusted Diluted EPS (1) | Adjusted Diluted EPS (1) | Adjusted Diluted EPS (1) | $9.50 to $10.00 | $9.50 to $10.00 | $9.50 to $10.00 | $9.00 to $9.50 | $9.00 to $9.50 | $9.00 to $9.50,V10_SIX_GRAMMAR_CORRECTED_NOT_SOURCE_REVIEWED,,,110f5638819d8a33b47d44b974e6f42362df27e360687ee81f35befa6289cb96,data/reports/sec_guidance_structure_v10_candidates.csv,,data/reference/sec/sec-8k-guidance-v7-independent-200-20260722/raw/5565da0c241cf40a32d48cd4c66e0911e490a7b79a596ce132064ab0ae18e60d.gz,True,VALID,SOURCE_CONFIRMS_CURRENT_RANGE_AND_SEMANTICS,CODEX_SOURCE_AUDIT,2026-07-23,True
SGA2-0105,MCO,0001059556,0001059556-23-000046,2023-07-25T10:58:11.000Z,a2q23earningspr.htm,https://www.sec.gov/Archives/edgar/data/1059556/000105955623000046/a2q23earningspr.htm,e56ac807ad769ceccd95ab5d60c6bd80175bbeb54dc4ca04727dc7e1aefb8d5f,EPS,FY2023,NON_GAAP,NOT_APPLICABLE,USD_PER_SHARE,9.75,10.25,10,CURRENT_GUIDANCE_RANGE,AS_REPORTED,HTML_TABLE_GRID,0,CURRENT_CANDIDATE,CURRENT_GUIDANCE_RANGE,41,10,3,Adjusted Diluted EPS (1) | Adjusted Diluted EPS (1) | Adjusted Diluted EPS (1),"Full Year 2023 Moody's Corporation Guidance as of July 25, 2023 | Current guidance | Increase in the high-single-digitpercent range | Increase in the mid-single-digitpercent range | Approximately 37% | 44% to 45% | $260 to $280 million | 16% to 18% | $8.70 to $9.20",| Adjusted Diluted EPS (1) | Adjusted Diluted EPS (1) | Adjusted Diluted EPS (1) | $9.75 to $10.25 | $9.75 to $10.25 | $9.75 to $10.25 | $9.50 to $10.00 | $9.50 to $10.00 | $9.50 to $10.00,V10_SIX_GRAMMAR_CORRECTED_NOT_SOURCE_REVIEWED,,,d753a8db7002f1c2cafd2dda4cfa561e6cd9973909e9606cb0a615b62f9dc99e,data/reports/sec_guidance_structure_v10_candidates.csv,,data/reference/sec/sec-8k-guidance-v7-independent-200-20260722/raw/e56ac807ad769ceccd95ab5d60c6bd80175bbeb54dc4ca04727dc7e1aefb8d5f.gz,True,VALID,SOURCE_CONFIRMS_CURRENT_RANGE_AND_SEMANTICS,CODEX_SOURCE_AUDIT,2026-07-23,True
SGA2-0106,MCO,0001059556,0001059556-23-000097,2023-10-25T10:51:20.000Z,a3q23earningsrelease.htm,https://www.sec.gov/Archives/edgar/data/1059556/000105955623000097/a3q23earningsrelease.htm,35744029a00dcf9ff00e57e720cf4d0a2f08ee4c713d69eb4978b02ac23431e9,EPS,FY2023,NON_GAAP,NOT_APPLICABLE,USD_PER_SHARE,9.75,10.25,10,CURRENT_GUIDANCE_RANGE,AS_REPORTED,HTML_TABLE_GRID,0,CURRENT_CANDIDATE,CURRENT_GUIDANCE_RANGE,41,10,3,Adjusted Diluted EPS (1) | Adjusted Diluted EPS (1) | Adjusted Diluted EPS (1),"Full Year 2023 Moody's Corporation Guidance as of October 25, 2023 | Current guidance | Increase in the high-single-digitpercent range | Increase in the mid-single-digitpercent range | Approximately 37% | 44% to 45% | $250 to $260 million | 16% to 18% | $8.60 to $9.10",| Adjusted Diluted EPS (1) | Adjusted Diluted EPS (1) | Adjusted Diluted EPS (1) | $9.75 to $10.25 | $9.75 to $10.25 | $9.75 to $10.25 | NC | NC | NC,V10_SIX_GRAMMAR_CORRECTED_NOT_SOURCE_REVIEWED,,,0f6c213677c5a9557e2a829f827e6d9912ff833747f6fbcbdce40535912b082d,data/reports/sec_guidance_structure_v10_candidates.csv,,data/reference/sec/sec-8k-guidance-v7-independent-200-20260722/raw/35744029a00dcf9ff00e57e720cf4d0a2f08ee4c713d69eb4978b02ac23431e9.gz,True,VALID,SOURCE_CONFIRMS_CURRENT_RANGE_AND_SEMANTICS,CODEX_SOURCE_AUDIT,2026-07-23,True
SGA2-0107,MCO,0001059556,0001059556-24-000087,2024-05-02T11:00:11.000Z,a1q24earningsrelease.htm,https://www.sec.gov/Archives/edgar/data/1059556/000105955624000087/a1q24earningsrelease.htm,4bff169dfb09306f47e2000c0a8c72dd61af8e405983fecaee5c660b3bb106f5,EPS,FY2024,NON_GAAP,NOT_APPLICABLE,USD_PER_SHARE,10.4,11,10.7,CURRENT_GUIDANCE_RANGE,AS_REPORTED,HTML_TABLE_GRID,0,CURRENT_CANDIDATE,CURRENT_GUIDANCE_RANGE,41,10,3,Adjusted Diluted EPS (1) | Adjusted Diluted EPS (1) | Adjusted Diluted EPS (1),"Full Year 2024 Moody's Corporation Guidance as of May 2, 2024 | Current Guidance | Increase in the high-single-digit to low-double-digit percent range | Increase in the mid-to-high-single-digit percent range | 37% to 39% | 44% to 46% | $240 - $260 million | 22% to 24% | $9.55 to $10.15",| Adjusted Diluted EPS (1) | Adjusted Diluted EPS (1) | Adjusted Diluted EPS (1) | $10.40 to $11.00 | $10.40 to $11.00 | $10.40 to $11.00 | $10.25 to $11.00 | $10.25 to $11.00 | $10.25 to $11.00,V10_SIX_GRAMMAR_CORRECTED_NOT_SOURCE_REVIEWED,,,025a1ddf82b36908a8cd4072be2b25203d3105ec04352e2593aabbf8492167dc,data/reports/sec_guidance_structure_v10_candidates.csv,,data/reference/sec/sec-8k-guidance-v7-independent-200-20260722/raw/4bff169dfb09306f47e2000c0a8c72dd61af8e405983fecaee5c660b3bb106f5.gz,True,VALID,SOURCE_CONFIRMS_CURRENT_RANGE_AND_SEMANTICS,CODEX_SOURCE_AUDIT,2026-07-23,True
SGA2-0108,MCO,0001059556,0001059556-24-000123,2024-07-23T10:58:05.000Z,a2q24earningsrelease.htm,https://www.sec.gov/Archives/edgar/data/1059556/000105955624000123/a2q24earningsrelease.htm,5c23fcbae0dd8ef7edecbfb56947268f9581bd579a1cbbc9badb18aba57b0fa8,EPS,FY2024,NON_GAAP,NOT_APPLICABLE,USD_PER_SHARE,11,11.4,11.2,CURRENT_GUIDANCE_RANGE,AS_REPORTED,HTML_TABLE_GRID,0,CURRENT_CANDIDATE,CURRENT_GUIDANCE_RANGE,46,10,6,Adjusted Diluted EPS (1) | Adjusted Diluted EPS (1) | Adjusted Diluted EPS (1),"Full Year 2024 Moody's Corporation Guidance as of July 23, 2024 | Current Guidance | Increase in the low-teens percent range | Increase in the high-single-digit percent range | Approximately 39% | 46% to 47% | NC | $9.95 to $10.35",| Adjusted Diluted EPS (1) | Adjusted Diluted EPS (1) | Adjusted Diluted EPS (1) | $10.40 to $11.00 | $10.40 to $11.00 | $10.40 to $11.00 | $11.00 to $11.40 | $11.00 to $11.40 | $11.00 to $11.40,V10_SIX_GRAMMAR_CORRECTED_NOT_SOURCE_REVIEWED,,,047033b386bee3f6a1df90bbef3fbb5384279cc479414cc6f6bcf974d2f1ea6d,data/reports/sec_guidance_structure_v10_candidates.csv,,data/reference/sec/sec-8k-guidance-v7-independent-200-20260722/raw/5c23fcbae0dd8ef7edecbfb56947268f9581bd579a1cbbc9badb18aba57b0fa8.gz,True,VALID,SOURCE_CONFIRMS_CURRENT_RANGE_AND_SEMANTICS,CODEX_SOURCE_AUDIT,2026-07-23,True
SGA2-0109,MCO,0001059556,0001059556-24-000180,2024-10-22T10:58:04.000Z,a3q24earningsrelease.htm,https://www.sec.gov/Archives/edgar/data/1059556/000105955624000180/a3q24earningsrelease.htm,9c92d1797df6a1e630ddef23e95dcc5e95704359a679732b1f9085c1dcd2dab5,EPS,FY2024,NON_GAAP,NOT_APPLICABLE,USD_PER_SHARE,11.9,12.1,12,CURRENT_GUIDANCE_RANGE,AS_REPORTED,HTML_TABLE_GRID,0,CURRENT_CANDIDATE,CURRENT_GUIDANCE_RANGE,46,10,6,Adjusted Diluted EPS (1) | Adjusted Diluted EPS (1) | Adjusted Diluted EPS (1),"Full Year 2024 Moody's Corporation Guidance as of October 22, 2024 | Current Guidance | Increase in the high-teens percent range | Approximately 10% | 40% to 41% | 47% to 48% | Approximately $245 million | 23% to 24% | $10.85 to $11.05",| Adjusted Diluted EPS (1) | Adjusted Diluted EPS (1) | Adjusted Diluted EPS (1) | $11.00 to $11.40 | $11.00 to $11.40 | $11.00 to $11.40 | $11.90 to $12.10 | $11.90 to $12.10 | $11.90 to $12.10,V10_SIX_GRAMMAR_CORRECTED_NOT_SOURCE_REVIEWED,,,0fd718e9de6766a890e36b8d313964e8c9b26a10c5281d91493cab4bf4c5780b,data/reports/sec_guidance_structure_v10_candidates.csv,,data/reference/sec/sec-8k-guidance-v7-independent-200-20260722/raw/9c92d1797df6a1e630ddef23e95dcc5e95704359a679732b1f9085c1dcd2dab5.gz,True,VALID,SOURCE_CONFIRMS_CURRENT_RANGE_AND_SEMANTICS,CODEX_SOURCE_AUDIT,2026-07-23,True
SGA2-0110,MCO,0001059556,0001059556-25-000117,2025-04-22T10:57:52.000Z,a1q25earningsrelease.htm,https://www.sec.gov/Archives/edgar/data/1059556/000105955625000117/a1q25earningsrelease.htm,01bfbd38554dc6527f4e595ae92caf6d310a4919fb4598108f501da8db5e6380,EPS,FY2025,NON_GAAP,NOT_APPLICABLE,USD_PER_SHARE,13.25,14,13.625,CURRENT_GUIDANCE_RANGE,AS_REPORTED,HTML_TABLE_GRID,0,CURRENT_CANDIDATE,CURRENT_GUIDANCE_RANGE,46,10,6,Adjusted Diluted EPS (1) | Adjusted Diluted EPS (1) | Adjusted Diluted EPS (1),"Full Year 2025 Moody's Corporation Guidance as of April 22, 2025 | Current Guidance | Increase in the mid-single-digit percent range | NC | 42% to 43% | 49% to 50% | $12.00 to $12.75",| Adjusted Diluted EPS (1) | Adjusted Diluted EPS (1) | Adjusted Diluted EPS (1) | $14.00 to $14.50 | $14.00 to $14.50 | $14.00 to $14.50 | $13.25 to $14.00 | $13.25 to $14.00 | $13.25 to $14.00,V10_SIX_GRAMMAR_CORRECTED_NOT_SOURCE_REVIEWED,,,012fd85afcad9569284e941e5b617dd99912161bd5d6a921552223e74a255480,data/reports/sec_guidance_structure_v10_candidates.csv,,data/reference/sec/sec-8k-guidance-v7-independent-200-20260722/raw/01bfbd38554dc6527f4e595ae92caf6d310a4919fb4598108f501da8db5e6380.gz,True,VALID,SOURCE_CONFIRMS_CURRENT_RANGE_AND_SEMANTICS,CODEX_SOURCE_AUDIT,2026-07-23,True
SGA2-0111,MCO,0001059556,0001059556-25-000165,2025-07-23T10:59:13.000Z,a2q25earningsrelease.htm,https://www.sec.gov/Archives/edgar/data/1059556/000105955625000165/a2q25earningsrelease.htm,ae0ea13de4d1ea2c67d261d52b23d94c9ef63130f02233bf950310b191f23f65,EPS,FY2025,NON_GAAP,NOT_APPLICABLE,USD_PER_SHARE,13.5,14,13.75,CURRENT_GUIDANCE_RANGE,AS_REPORTED,HTML_TABLE_GRID,0,CURRENT_CANDIDATE,CURRENT_GUIDANCE_RANGE,48,10,6,Adjusted Diluted EPS (1) | Adjusted Diluted EPS (1) | Adjusted Diluted EPS (1),"Full Year 2025 Moody's Corporation Guidance as of July 23, 2025 | Current Guidance | NC | $12.25 to $12.75",| Adjusted Diluted EPS (1) | Adjusted Diluted EPS (1) | Adjusted Diluted EPS (1) | $13.25 to $14.00 | $13.25 to $14.00 | $13.25 to $14.00 | $13.50 to $14.00 | $13.50 to $14.00 | $13.50 to $14.00,V10_SIX_GRAMMAR_CORRECTED_NOT_SOURCE_REVIEWED,,,e9183cdb17ffa5689f438a566e2aaf1cb73cbb11dcf0d8666c98855f739f7fc3,data/reports/sec_guidance_structure_v10_candidates.csv,,data/reference/sec/sec-8k-guidance-v8-second-wave-200-20260722/raw/ae0ea13de4d1ea2c67d261d52b23d94c9ef63130f02233bf950310b191f23f65.gz,True,VALID,SOURCE_CONFIRMS_CURRENT_RANGE_AND_SEMANTICS,CODEX_SOURCE_AUDIT,2026-07-23,True
SGA2-0112,MCO,0001059556,0001628280-25-045770,2025-10-22T10:56:01.000Z,a3q25earningsrelease.htm,https://www.sec.gov/Archives/edgar/data/1059556/000162828025045770/a3q25earningsrelease.htm,943e4b7c3b3b9251af07a569c7d965585a1884b957b3313f15a4d98632521a13,EPS,FY2025,NON_GAAP,NOT_APPLICABLE,USD_PER_SHARE,14.5,14.75,14.625,CURRENT_GUIDANCE_RANGE,AS_REPORTED,HTML_TABLE_GRID,0,CURRENT_CANDIDATE,CURRENT_GUIDANCE_RANGE,47,10,6,Adjusted Diluted EPS (1) | Adjusted Diluted EPS (1) | Adjusted Diluted EPS (1),"Full Year 2025 Moody's Corporation Guidance as of October 22, 2025 | Current Guidance | Increase in the high-single-digit percent range | NC | 43% to 44% | Approximately 51% | $215 million to $225 million | 22% to 23%(2) | $13.15 to $13.40",| Adjusted Diluted EPS (1) | Adjusted Diluted EPS (1) | Adjusted Diluted EPS (1) | $13.50 to $14.00 | $13.50 to $14.00 | $13.50 to $14.00 | $14.50 to $14.75 | $14.50 to $14.75 | $14.50 to $14.75,V10_SIX_GRAMMAR_CORRECTED_NOT_SOURCE_REVIEWED,,,dad9086bc47be1d4cf4b167c58a16f18238b502d9e3f980f37cafef0d6e28afa,data/reports/sec_guidance_structure_v10_candidates.csv,,data/reference/sec/sec-8k-guidance-v8-second-wave-200-20260722/raw/943e4b7c3b3b9251af07a569c7d965585a1884b957b3313f15a4d98632521a13.gz,True,VALID,SOURCE_CONFIRMS_CURRENT_RANGE_AND_SEMANTICS,CODEX_SOURCE_AUDIT,2026-07-23,True
SGA2-0113,MCO,0001059556,0001157523-14-004065,2014-10-24T12:00:33.000Z,a50968914ex99_1.htm,https://www.sec.gov/Archives/edgar/data/1059556/000115752314004065/a50968914ex99_1.htm,5bd41fae8a09ec34451408ae431e26adc8bc1b787137e765935852849ba78e0b,MARGIN,FY2014,NON_GAAP,NOT_APPLICABLE,PERCENT,45,46,45.5,CURRENT_GUIDANCE_RANGE,AS_REPORTED,HTML_TABLE_GRID,0,CURRENT_CANDIDATE,CURRENT_GUIDANCE_RANGE,16,8,3,Adjusted operating margin,"Full-year 2014 Moody’s Corporation guidance | Current guidance as of October 24, 2014 | growth in the low-double-digit percent range | growth in the high-single-digit percent range | Less than $5 million | Approximately $100 million | 42% to 43%",| Adjusted operating margin | | | 45% to 46% | | | NC |,V10_SIX_GRAMMAR_CORRECTED_NOT_SOURCE_REVIEWED,,,4d2c8118954888bb3bed9f0324fe0532a5ab78b35fa83ebdade1f2ab9566c8b4,data/reports/sec_guidance_structure_v10_candidates.csv,,data/reference/sec/sec-8k-guidance-v9-historical-169-20260723/raw/5bd41fae8a09ec34451408ae431e26adc8bc1b787137e765935852849ba78e0b.gz,True,VALID,SOURCE_CONFIRMS_CURRENT_RANGE_AND_SEMANTICS,CODEX_SOURCE_AUDIT,2026-07-23,True
SGA2-0114,MCO,0001059556,0001157523-19-000357,2019-02-15T12:30:35.000Z,a51940399ex99_1.htm,https://www.sec.gov/Archives/edgar/data/1059556/000115752319000357/a51940399ex99_1.htm,987854c20114a6dcf892dc0ccd0e1c6aa8a387d12a3f8ae9b2887f00953121cb,MARGIN,FY2019,NON_GAAP,NOT_APPLICABLE,PERCENT,29,30,29.5,CURRENT_GUIDANCE_RANGE,AS_REPORTED,HTML_TABLE_GRID,0,CURRENT_CANDIDATE,CURRENT_GUIDANCE_RANGE,18,30,3,MA adjusted operating margin,"Full Year 2019 Moody's Corporation Guidance as of February 15, 2019 | increase in the mid-single-digit percent range | approximately 43% | approximately 48% | $200 - $225 million | 21% - 22% | $7.30 to $7.55 | $7.85 to $8.10 | $1.7 to $1.8 billion | $1.6 to $1.7 billion | approximately $1 billion (subject to available cash, market conditions and other ongoing capital allocation decisions) | (1) These metrics are adjusted measures. See below for a reconciliation of these measures to their compara",| MA adjusted operating margin | | | 29% - 30%,V10_SIX_GRAMMAR_CORRECTED_NOT_SOURCE_REVIEWED,,,80c0437f34d99ef6d59bf5f2e6636ba3700809fb92081ea37e0f646ce0a58fdf,data/reports/sec_guidance_structure_v10_candidates.csv,,data/reference/sec/sec-8k-guidance-v7-independent-200-20260722/raw/987854c20114a6dcf892dc0ccd0e1c6aa8a387d12a3f8ae9b2887f00953121cb.gz,True,AMBIGUOUS,BUSINESS_SEGMENT_SCOPE_NOT_ENCODED_IN_BINDING_IDENTITY,CODEX_SOURCE_AUDIT,2026-07-23,True
SGA2-0115,MCO,0001059556,0001157523-19-000868,2019-04-24T11:30:49.000Z,a51973633_ex991.htm,https://www.sec.gov/Archives/edgar/data/1059556/000115752319000868/a51973633_ex991.htm,8bec16cadc65d56da7f71fa4d321e3a550bd883f23393cacbd0fd336e788d62b,MARGIN,FY2019,NON_GAAP,NOT_APPLICABLE,PERCENT,29,30,29.5,CURRENT_GUIDANCE_RANGE,AS_REPORTED,HTML_TABLE_GRID,0,CURRENT_CANDIDATE,CURRENT_GUIDANCE_RANGE,16,31,3,MA adjusted operating margin,"Full Year 2019 Moody's Corporation Guidance as of April 24, 2019 | increase in the mid-single-digit percent range | approximately 43% | approximately 48% | $200 - $225 million | 21% - 22% | $7.30 to $7.55 | $7.85 to $8.10 | $1.7 to $1.8 billion | $1.6 to $1.7 billion | approximately $1 billion (subject to available cash, market conditions and other ongoing capital allocation decisions) | (1) Includes depreciation and amortization, Acquisition-Related Expenses and restructuring charges. | (2) The",| MA adjusted operating margin | | | 29% - 30%,V10_SIX_GRAMMAR_CORRECTED_NOT_SOURCE_REVIEWED,,,8a2be1b6d135170f7ea7ba6649303db9d3028476d01ac85e1064bdda2235eb6c,data/reports/sec_guidance_structure_v10_candidates.csv,,data/reference/sec/sec-8k-guidance-v7-independent-200-20260722/raw/8bec16cadc65d56da7f71fa4d321e3a550bd883f23393cacbd0fd336e788d62b.gz,True,AMBIGUOUS,BUSINESS_SEGMENT_SCOPE_NOT_ENCODED_IN_BINDING_IDENTITY,CODEX_SOURCE_AUDIT,2026-07-23,True
SGA2-0116,MCO,0001059556,0001157523-19-002132,2019-10-30T11:30:52.000Z,a52119892ex99_1.htm,https://www.sec.gov/Archives/edgar/data/1059556/000115752319002132/a52119892ex99_1.htm,6056ff5788c2efa93df4e69d23eae73fd55693de7fb11407bcc9307d246f4812,MARGIN,FY2019,NON_GAAP,NOT_APPLICABLE,PERCENT,28,29,28.5,CURRENT_GUIDANCE_RANGE,AS_REPORTED,HTML_TABLE_GRID,0,CURRENT_CANDIDATE,CURRENT_GUIDANCE_RANGE,16,28,1,MA adjusted operating margin,"Full Year 2019 Moody's Corporation Guidance as of October 30, 2019 | Current guidance | increase in the high-single-digit percent range | approximately 42% | approximately 48% | approximately $195 million | 21.5% - 22.5% | $7.20 to $7.35 | $8.05 to $8.20 | $1.7 to $1.8 billion | $1.6 to $1.7 billion | approximately $1.0 billion (subject to available cash, market conditions and other ongoing capital allocation decisions) | NC - There is no difference between the Company's current guidance and the","Note: The tax impacts in the table above were calculated using tax rates in effect in the jurisdiction for which the item relates. | Table 12 - 2019 Outlook | Moody's outlook for 2019 is based on assumptions about many geopolitical conditions and macroeconomic and capital market factors, including interest rates, foreign currency exchange rates, corporate profitability and business investment spending, mergers and acquisitions, consumer borrowing and securitization, and the level of debt capital markets activity. These assumptions are subject to uncertainty, and results for the year could differ materially from our current outlook. Our guidance assumes foreign currency translation at end-of-quarter exchange rates. Specifically, our forecast for the remainder of 2019 reflects exchange rates for the British pound (£) of $1.23 to £1 and for the euro (€) of $1.09 to €1. | MA adjusted operating margin | 28% - 29% | NC",V10_SIX_GRAMMAR_CORRECTED_NOT_SOURCE_REVIEWED,,,9798fd4b91413cbc0bf1b9e100583a8c563c714770f63244aa1b855d1c8e0155,data/reports/sec_guidance_structure_v10_candidates.csv,,data/reference/sec/sec-8k-guidance-v7-independent-200-20260722/raw/6056ff5788c2efa93df4e69d23eae73fd55693de7fb11407bcc9307d246f4812.gz,True,AMBIGUOUS,BUSINESS_SEGMENT_SCOPE_NOT_ENCODED_IN_BINDING_IDENTITY,CODEX_SOURCE_AUDIT,2026-07-23,True
SGA2-0117,MCO,0001059556,0001059556-23-000005,2023-01-31T11:56:49.000Z,a4q22earningsprnew.htm,https://www.sec.gov/Archives/edgar/data/1059556/000105955623000005/a4q22earningsprnew.htm,166a82cf9fb02e35aa4edcbcd970143df2a0f40b10ce174a8d5699c8ea9b484a,MARGIN,FY2023,NON_GAAP,NOT_APPLICABLE,PERCENT,44,45,44.5,CURRENT_GUIDANCE_RANGE,AS_REPORTED,HTML_TABLE_GRID,0,CURRENT_CANDIDATE,CURRENT_GUIDANCE_RANGE,41,6,3,Adjusted Operating Margin (1) | Adjusted Operating Margin (1) | Adjusted Operating Margin (1),"Full Year 2023 Moody's Corporation Guidance as of January 31, 2023 | Current guidance | Increase in the mid-to-high-single-digit percent range | Increase in the low-single-digit percent range | Approximately 37%",| Adjusted Operating Margin (1) | Adjusted Operating Margin (1) | Adjusted Operating Margin (1) | 44% to 45% | 44% to 45% | 44% to 45%,V10_SIX_GRAMMAR_CORRECTED_NOT_SOURCE_REVIEWED,,,ecb578677264e4036e5ce9b9b99cacd2a3c144483f4d0915fad2708c5c821573,data/reports/sec_guidance_structure_v10_candidates.csv,,data/reference/sec/sec-8k-guidance-v7-independent-200-20260722/raw/166a82cf9fb02e35aa4edcbcd970143df2a0f40b10ce174a8d5699c8ea9b484a.gz,True,VALID,SOURCE_CONFIRMS_CURRENT_RANGE_AND_SEMANTICS,CODEX_SOURCE_AUDIT,2026-07-23,True
SGA2-0118,MCO,0001059556,0001059556-23-000046,2023-07-25T10:58:11.000Z,a2q23earningspr.htm,https://www.sec.gov/Archives/edgar/data/1059556/000105955623000046/a2q23earningspr.htm,e56ac807ad769ceccd95ab5d60c6bd80175bbeb54dc4ca04727dc7e1aefb8d5f,MARGIN,FY2023,NON_GAAP,NOT_APPLICABLE,PERCENT,44,45,44.5,CURRENT_GUIDANCE_RANGE,AS_REPORTED,HTML_TABLE_GRID,0,CURRENT_CANDIDATE,CURRENT_GUIDANCE_RANGE,41,6,3,Adjusted Operating Margin (1) | Adjusted Operating Margin (1) | Adjusted Operating Margin (1),"Full Year 2023 Moody's Corporation Guidance as of July 25, 2023 | Current guidance | Increase in the high-single-digitpercent range | Increase in the mid-single-digitpercent range | Approximately 37%",| Adjusted Operating Margin (1) | Adjusted Operating Margin (1) | Adjusted Operating Margin (1) | 44% to 45% | 44% to 45% | 44% to 45% | NC | NC | NC,V10_SIX_GRAMMAR_CORRECTED_NOT_SOURCE_REVIEWED,,,9a67a19c577386629564a558cd4e0631be24cb6c2dca63c263e5ead195dc3a5b,data/reports/sec_guidance_structure_v10_candidates.csv,,data/reference/sec/sec-8k-guidance-v7-independent-200-20260722/raw/e56ac807ad769ceccd95ab5d60c6bd80175bbeb54dc4ca04727dc7e1aefb8d5f.gz,True,VALID,SOURCE_CONFIRMS_CURRENT_RANGE_AND_SEMANTICS,CODEX_SOURCE_AUDIT,2026-07-23,True
SGA2-0119,MCO,0001059556,0001059556-23-000046,2023-07-25T10:58:11.000Z,a2q23earningspr.htm,https://www.sec.gov/Archives/edgar/data/1059556/000105955623000046/a2q23earningspr.htm,e56ac807ad769ceccd95ab5d60c6bd80175bbeb54dc4ca04727dc7e1aefb8d5f,MARGIN,FY2023,NON_GAAP,NOT_APPLICABLE,PERCENT,30,31,30.5,CURRENT_GUIDANCE_RANGE,AS_REPORTED,HTML_TABLE_GRID,0,CURRENT_CANDIDATE,CURRENT_GUIDANCE_RANGE,41,17,3,MA Adjusted Operating Margin | MA Adjusted Operating Margin | MA Adjusted Operating Margin,"Full Year 2023 Moody's Corporation Guidance as of July 25, 2023 | Current guidance | Increase in the high-single-digitpercent range | Increase in the mid-single-digitpercent range | Approximately 37% | 44% to 45% | $260 to $280 million | 16% to 18% | $8.70 to $9.20 | $9.75 to $10.25 | $1.9 to $2.1 billion | $1.6 to $1.8 billion | Approximately $500 million (subject to available cash, market conditions, M&A opportunities, and other ongoing capital allocation decisions) | Increase of approximately",| MA Adjusted Operating Margin | MA Adjusted Operating Margin | MA Adjusted Operating Margin | 30% to 31% | 30% to 31% | 30% to 31% | Approximately 31% | Approximately 31% | Approximately 31%,V10_SIX_GRAMMAR_CORRECTED_NOT_SOURCE_REVIEWED,,,9a67a19c577386629564a558cd4e0631be24cb6c2dca63c263e5ead195dc3a5b,data/reports/sec_guidance_structure_v10_candidates.csv,,data/reference/sec/sec-8k-guidance-v7-independent-200-20260722/raw/e56ac807ad769ceccd95ab5d60c6bd80175bbeb54dc4ca04727dc7e1aefb8d5f.gz,True,AMBIGUOUS,BUSINESS_SEGMENT_SCOPE_NOT_ENCODED_IN_BINDING_IDENTITY,CODEX_SOURCE_AUDIT,2026-07-23,True
SGA2-0120,MCO,0001059556,0001059556-23-000046,2023-07-25T10:58:11.000Z,a2q23earningspr.htm,https://www.sec.gov/Archives/edgar/data/1059556/000105955623000046/a2q23earningspr.htm,e56ac807ad769ceccd95ab5d60c6bd80175bbeb54dc4ca04727dc7e1aefb8d5f,MARGIN,FY2023,NON_GAAP,NOT_APPLICABLE,PERCENT,55,56,55.5,CURRENT_GUIDANCE_RANGE,AS_REPORTED,HTML_TABLE_GRID,0,CURRENT_CANDIDATE,CURRENT_GUIDANCE_RANGE,41,20,3,MIS Adjusted Operating Margin | MIS Adjusted Operating Margin | MIS Adjusted Operating Margin,"Full Year 2023 Moody's Corporation Guidance as of July 25, 2023 | Current guidance | Increase in the high-single-digitpercent range | Increase in the mid-single-digitpercent range | Approximately 37% | 44% to 45% | $260 to $280 million | 16% to 18% | $8.70 to $9.20 | $9.75 to $10.25 | $1.9 to $2.1 billion | $1.6 to $1.8 billion | Approximately $500 million (subject to available cash, market conditions, M&A opportunities, and other ongoing capital allocation decisions) | Increase of approximately",| MIS Adjusted Operating Margin | MIS Adjusted Operating Margin | MIS Adjusted Operating Margin | 55% to 56% | 55% to 56% | 55% to 56% | Mid-50s percent range | Mid-50s percent range | Mid-50s percent range,V10_SIX_GRAMMAR_CORRECTED_NOT_SOURCE_REVIEWED,,,9a67a19c577386629564a558cd4e0631be24cb6c2dca63c263e5ead195dc3a5b,data/reports/sec_guidance_structure_v10_candidates.csv,,data/reference/sec/sec-8k-guidance-v7-independent-200-20260722/raw/e56ac807ad769ceccd95ab5d60c6bd80175bbeb54dc4ca04727dc7e1aefb8d5f.gz,True,AMBIGUOUS,BUSINESS_SEGMENT_SCOPE_NOT_ENCODED_IN_BINDING_IDENTITY,CODEX_SOURCE_AUDIT,2026-07-23,True
SGA2-0121,MCO,0001059556,0001059556-23-000097,2023-10-25T10:51:20.000Z,a3q23earningsrelease.htm,https://www.sec.gov/Archives/edgar/data/1059556/000105955623000097/a3q23earningsrelease.htm,35744029a00dcf9ff00e57e720cf4d0a2f08ee4c713d69eb4978b02ac23431e9,MARGIN,FY2023,NON_GAAP,NOT_APPLICABLE,PERCENT,44,45,44.5,CURRENT_GUIDANCE_RANGE,AS_REPORTED,HTML_TABLE_GRID,0,CURRENT_CANDIDATE,CURRENT_GUIDANCE_RANGE,41,6,3,Adjusted Operating Margin (1) | Adjusted Operating Margin (1) | Adjusted Operating Margin (1),"Full Year 2023 Moody's Corporation Guidance as of October 25, 2023 | Current guidance | Increase in the high-single-digitpercent range | Increase in the mid-single-digitpercent range | Approximately 37%",| Adjusted Operating Margin (1) | Adjusted Operating Margin (1) | Adjusted Operating Margin (1) | 44% to 45% | 44% to 45% | 44% to 45% | NC | NC | NC,V10_SIX_GRAMMAR_CORRECTED_NOT_SOURCE_REVIEWED,,,42df1f837477f5e804272559a6ece2093b87e602bcec84a792372c7523523894,data/reports/sec_guidance_structure_v10_candidates.csv,,data/reference/sec/sec-8k-guidance-v7-independent-200-20260722/raw/35744029a00dcf9ff00e57e720cf4d0a2f08ee4c713d69eb4978b02ac23431e9.gz,True,VALID,SOURCE_CONFIRMS_CURRENT_RANGE_AND_SEMANTICS,CODEX_SOURCE_AUDIT,2026-07-23,True
SGA2-0122,MCO,0001059556,0001059556-23-000097,2023-10-25T10:51:20.000Z,a3q23earningsrelease.htm,https://www.sec.gov/Archives/edgar/data/1059556/000105955623000097/a3q23earningsrelease.htm,35744029a00dcf9ff00e57e720cf4d0a2f08ee4c713d69eb4978b02ac23431e9,MARGIN,FY2023,NON_GAAP,NOT_APPLICABLE,PERCENT,30,31,30.5,CURRENT_GUIDANCE_RANGE,AS_REPORTED,HTML_TABLE_GRID,0,CURRENT_CANDIDATE,CURRENT_GUIDANCE_RANGE,41,17,3,MA Adjusted Operating Margin | MA Adjusted Operating Margin | MA Adjusted Operating Margin,"Full Year 2023 Moody's Corporation Guidance as of October 25, 2023 | Current guidance | Increase in the high-single-digitpercent range | Increase in the mid-single-digitpercent range | Approximately 37% | 44% to 45% | $250 to $260 million | 16% to 18% | $8.60 to $9.10 | $9.75 to $10.25 | Approximately $2.1 billion | Approximately $1.8 billion | Approximately $500 million (subject to available cash, market conditions, M&A opportunities, and other ongoing capital allocation decisions) | Increase o",| MA Adjusted Operating Margin | MA Adjusted Operating Margin | MA Adjusted Operating Margin | 30% to 31% | 30% to 31% | 30% to 31% | NC | NC | NC,V10_SIX_GRAMMAR_CORRECTED_NOT_SOURCE_REVIEWED,,,42df1f837477f5e804272559a6ece2093b87e602bcec84a792372c7523523894,data/reports/sec_guidance_structure_v10_candidates.csv,,data/reference/sec/sec-8k-guidance-v7-independent-200-20260722/raw/35744029a00dcf9ff00e57e720cf4d0a2f08ee4c713d69eb4978b02ac23431e9.gz,True,AMBIGUOUS,BUSINESS_SEGMENT_SCOPE_NOT_ENCODED_IN_BINDING_IDENTITY,CODEX_SOURCE_AUDIT,2026-07-23,True
SGA2-0123,MCO,0001059556,0001059556-24-000012,2024-02-13T12:00:40.000Z,a4q23earningsrelease.htm,https://www.sec.gov/Archives/edgar/data/1059556/000105955624000012/a4q23earningsrelease.htm,7bb39baf191e5fd70514b5f3668acb7ff034f3c21bd1330ecaba5a5c5038a45c,MARGIN,FY2024,NON_GAAP,NOT_APPLICABLE,PERCENT,44,46,45,CURRENT_GUIDANCE_RANGE,AS_REPORTED,HTML_TABLE_GRID,0,CURRENT_CANDIDATE,CURRENT_GUIDANCE_RANGE,43,6,3,Adjusted Operating Margin (1) | Adjusted Operating Margin (1) | Adjusted Operating Margin (1),"Full Year 2024 Moody's Corporation Guidance as of February 13, 2024 | Current guidance | Increase in the high-single-digit to low-double-digit percent range | Increase in the mid-to-high-single-digit percent range | 37% to 39%",| Adjusted Operating Margin (1) | Adjusted Operating Margin (1) | Adjusted Operating Margin (1) | 44% to 46% | 44% to 46% | 44% to 46%,V10_SIX_GRAMMAR_CORRECTED_NOT_SOURCE_REVIEWED,,,e2f7a65afc453948de02de85e1c298f8df678f1ca5c535f7f90092073544e205,data/reports/sec_guidance_structure_v10_candidates.csv,,data/reference/sec/sec-8k-guidance-v8-second-wave-200-20260722/raw/7bb39baf191e5fd70514b5f3668acb7ff034f3c21bd1330ecaba5a5c5038a45c.gz,True,VALID,SOURCE_CONFIRMS_CURRENT_RANGE_AND_SEMANTICS,CODEX_SOURCE_AUDIT,2026-07-23,True
SGA2-0124,MCO,0001059556,0001059556-24-000012,2024-02-13T12:00:40.000Z,a4q23earningsrelease.htm,https://www.sec.gov/Archives/edgar/data/1059556/000105955624000012/a4q23earningsrelease.htm,7bb39baf191e5fd70514b5f3668acb7ff034f3c21bd1330ecaba5a5c5038a45c,MARGIN,FY2024,NON_GAAP,NOT_APPLICABLE,PERCENT,30,31,30.5,CURRENT_GUIDANCE_RANGE,AS_REPORTED,HTML_TABLE_GRID,0,CURRENT_CANDIDATE,CURRENT_GUIDANCE_RANGE,43,17,3,MA Adjusted Operating Margin | MA Adjusted Operating Margin | MA Adjusted Operating Margin,"Full Year 2024 Moody's Corporation Guidance as of February 13, 2024 | Current guidance | Increase in the high-single-digit to low-double-digit percent range | Increase in the mid-to-high-single-digit percent range | 37% to 39% | 44% to 46% | $240 - $260 million | 22% to 24% | $9.45 to $10.20 | $10.25 to $11.00 | $2.3 to $2.5 billion | $1.9 to $2.1 billion | Approximately $1.0 billion (subject to available cash, market conditions, M&A opportunities, and other ongoing capital allocation decisions)",| MA Adjusted Operating Margin | MA Adjusted Operating Margin | MA Adjusted Operating Margin | 30% to 31% | 30% to 31% | 30% to 31%,V10_SIX_GRAMMAR_CORRECTED_NOT_SOURCE_REVIEWED,,,e2f7a65afc453948de02de85e1c298f8df678f1ca5c535f7f90092073544e205,data/reports/sec_guidance_structure_v10_candidates.csv,,data/reference/sec/sec-8k-guidance-v8-second-wave-200-20260722/raw/7bb39baf191e5fd70514b5f3668acb7ff034f3c21bd1330ecaba5a5c5038a45c.gz,True,AMBIGUOUS,BUSINESS_SEGMENT_SCOPE_NOT_ENCODED_IN_BINDING_IDENTITY,CODEX_SOURCE_AUDIT,2026-07-23,True
SGA2-0125,MCO,0001059556,0001059556-24-000087,2024-05-02T11:00:11.000Z,a1q24earningsrelease.htm,https://www.sec.gov/Archives/edgar/data/1059556/000105955624000087/a1q24earningsrelease.htm,4bff169dfb09306f47e2000c0a8c72dd61af8e405983fecaee5c660b3bb106f5,MARGIN,FY2024,NON_GAAP,NOT_APPLICABLE,PERCENT,44,46,45,CURRENT_GUIDANCE_RANGE,AS_REPORTED,HTML_TABLE_GRID,0,CURRENT_CANDIDATE,CURRENT_GUIDANCE_RANGE,41,6,3,Adjusted Operating Margin (1) | Adjusted Operating Margin (1) | Adjusted Operating Margin (1),"Full Year 2024 Moody's Corporation Guidance as of May 2, 2024 | Current Guidance | Increase in the high-single-digit to low-double-digit percent range | Increase in the mid-to-high-single-digit percent range | 37% to 39%",| Adjusted Operating Margin (1) | Adjusted Operating Margin (1) | Adjusted Operating Margin (1) | 44% to 46% | 44% to 46% | 44% to 46% | NC | NC | NC,V10_SIX_GRAMMAR_CORRECTED_NOT_SOURCE_REVIEWED,,,f31a2b0dab3060af399efc22fe7b3bc39eeb2b97117b2b3fd6a5981966cfb6f2,data/reports/sec_guidance_structure_v10_candidates.csv,,data/reference/sec/sec-8k-guidance-v7-independent-200-20260722/raw/4bff169dfb09306f47e2000c0a8c72dd61af8e405983fecaee5c660b3bb106f5.gz,True,VALID,SOURCE_CONFIRMS_CURRENT_RANGE_AND_SEMANTICS,CODEX_SOURCE_AUDIT,2026-07-23,True
SGA2-0126,MCO,0001059556,0001059556-24-000087,2024-05-02T11:00:11.000Z,a1q24earningsrelease.htm,https://www.sec.gov/Archives/edgar/data/1059556/000105955624000087/a1q24earningsrelease.htm,4bff169dfb09306f47e2000c0a8c72dd61af8e405983fecaee5c660b3bb106f5,MARGIN,FY2024,NON_GAAP,NOT_APPLICABLE,PERCENT,30,31,30.5,CURRENT_GUIDANCE_RANGE,AS_REPORTED,HTML_TABLE_GRID,0,CURRENT_CANDIDATE,CURRENT_GUIDANCE_RANGE,41,17,3,MA Adjusted Operating Margin | MA Adjusted Operating Margin | MA Adjusted Operating Margin,"Full Year 2024 Moody's Corporation Guidance as of May 2, 2024 | Current Guidance | Increase in the high-single-digit to low-double-digit percent range | Increase in the mid-to-high-single-digit percent range | 37% to 39% | 44% to 46% | $240 - $260 million | 22% to 24% | $9.55 to $10.15 | $10.40 to $11.00 | $2.3 to $2.5 billion | $1.9 to $2.1 billion | Approximately $1.0 billion (subject to available cash, market conditions, M&A opportunities, and other ongoing capital allocation decisions) | Inc",| MA Adjusted Operating Margin | MA Adjusted Operating Margin | MA Adjusted Operating Margin | 30% to 31% | 30% to 31% | 30% to 31% | NC | NC | NC,V10_SIX_GRAMMAR_CORRECTED_NOT_SOURCE_REVIEWED,,,f31a2b0dab3060af399efc22fe7b3bc39eeb2b97117b2b3fd6a5981966cfb6f2,data/reports/sec_guidance_structure_v10_candidates.csv,,data/reference/sec/sec-8k-guidance-v7-independent-200-20260722/raw/4bff169dfb09306f47e2000c0a8c72dd61af8e405983fecaee5c660b3bb106f5.gz,True,AMBIGUOUS,BUSINESS_SEGMENT_SCOPE_NOT_ENCODED_IN_BINDING_IDENTITY,CODEX_SOURCE_AUDIT,2026-07-23,True
SGA2-0127,MCO,0001059556,0001059556-24-000087,2024-05-02T11:00:11.000Z,a1q24earningsrelease.htm,https://www.sec.gov/Archives/edgar/data/1059556/000105955624000087/a1q24earningsrelease.htm,4bff169dfb09306f47e2000c0a8c72dd61af8e405983fecaee5c660b3bb106f5,MARGIN,FY2024,NON_GAAP,NOT_APPLICABLE,PERCENT,56,58,57,CURRENT_GUIDANCE_RANGE,AS_REPORTED,HTML_TABLE_GRID,0,CURRENT_CANDIDATE,CURRENT_GUIDANCE_RANGE,41,20,3,MIS Adjusted Operating Margin | MIS Adjusted Operating Margin | MIS Adjusted Operating Margin,"Full Year 2024 Moody's Corporation Guidance as of May 2, 2024 | Current Guidance | Increase in the high-single-digit to low-double-digit percent range | Increase in the mid-to-high-single-digit percent range | 37% to 39% | 44% to 46% | $240 - $260 million | 22% to 24% | $9.55 to $10.15 | $10.40 to $11.00 | $2.3 to $2.5 billion | $1.9 to $2.1 billion | Approximately $1.0 billion (subject to available cash, market conditions, M&A opportunities, and other ongoing capital allocation decisions) | Inc",| MIS Adjusted Operating Margin | MIS Adjusted Operating Margin | MIS Adjusted Operating Margin | 56% to 58% | 56% to 58% | 56% to 58% | 55.5% to 57.5% | 55.5% to 57.5% | 55.5% to 57.5%,V10_SIX_GRAMMAR_CORRECTED_NOT_SOURCE_REVIEWED,,,f31a2b0dab3060af399efc22fe7b3bc39eeb2b97117b2b3fd6a5981966cfb6f2,data/reports/sec_guidance_structure_v10_candidates.csv,,data/reference/sec/sec-8k-guidance-v7-independent-200-20260722/raw/4bff169dfb09306f47e2000c0a8c72dd61af8e405983fecaee5c660b3bb106f5.gz,True,AMBIGUOUS,BUSINESS_SEGMENT_SCOPE_NOT_ENCODED_IN_BINDING_IDENTITY,CODEX_SOURCE_AUDIT,2026-07-23,True
SGA2-0128,MCO,0001059556,0001059556-25-000117,2025-04-22T10:57:52.000Z,a1q25earningsrelease.htm,https://www.sec.gov/Archives/edgar/data/1059556/000105955625000117/a1q25earningsrelease.htm,01bfbd38554dc6527f4e595ae92caf6d310a4919fb4598108f501da8db5e6380,MARGIN,FY2025,NON_GAAP,NOT_APPLICABLE,PERCENT,49,50,49.5,CURRENT_GUIDANCE_RANGE,AS_REPORTED,HTML_TABLE_GRID,0,CURRENT_CANDIDATE,CURRENT_GUIDANCE_RANGE,46,6,6,Adjusted Operating Margin (1) | Adjusted Operating Margin (1) | Adjusted Operating Margin (1) | Approximately 50% | Approximately 50% | Approximately 50%,"Full Year 2025 Moody's Corporation Guidance as of April 22, 2025 | Current Guidance | Increase in the mid-single-digit percent range | NC | 42% to 43%",| Adjusted Operating Margin (1) | Adjusted Operating Margin (1) | Adjusted Operating Margin (1) | Approximately 50% | Approximately 50% | Approximately 50% | 49% to 50% | 49% to 50% | 49% to 50%,V10_SIX_GRAMMAR_CORRECTED_NOT_SOURCE_REVIEWED,,,a4cdd9550e393a371e629e5fa006e0284d4c7143984f8f9d620c6abf2600c091,data/reports/sec_guidance_structure_v10_candidates.csv,,data/reference/sec/sec-8k-guidance-v7-independent-200-20260722/raw/01bfbd38554dc6527f4e595ae92caf6d310a4919fb4598108f501da8db5e6380.gz,True,VALID,SOURCE_CONFIRMS_CURRENT_RANGE_AND_SEMANTICS,CODEX_SOURCE_AUDIT,2026-07-23,True
SGA2-0129,MCO,0001059556,0001059556-25-000117,2025-04-22T10:57:52.000Z,a1q25earningsrelease.htm,https://www.sec.gov/Archives/edgar/data/1059556/000105955625000117/a1q25earningsrelease.htm,01bfbd38554dc6527f4e595ae92caf6d310a4919fb4598108f501da8db5e6380,MARGIN,FY2025,NON_GAAP,NOT_APPLICABLE,PERCENT,32,33,32.5,CURRENT_GUIDANCE_RANGE,AS_REPORTED,HTML_TABLE_GRID,0,CURRENT_CANDIDATE,CURRENT_GUIDANCE_RANGE,46,17,3,MA Adjusted Operating Margin | MA Adjusted Operating Margin | MA Adjusted Operating Margin,"Full Year 2025 Moody's Corporation Guidance as of April 22, 2025 | Last Publicly Disclosed Guidance | Increase in the high-single-digit percent range | Increase in the low-to-mid-single-digit percent range | Approximately 43% | Approximately 50% | $220 million to $240 million | 23% to 25% | $12.75 to $13.25 | $14.00 to $14.50 | $2.75 to $2.95 billion | $2.40 to $2.60 billion | At least $1.3 billion(subject to available cash, market conditions, M&A opportunitiesand other ongoing capital allocatio",| MA Adjusted Operating Margin | MA Adjusted Operating Margin | MA Adjusted Operating Margin | 32% to 33% | 32% to 33% | 32% to 33% | NC | NC | NC,V10_SIX_GRAMMAR_CORRECTED_NOT_SOURCE_REVIEWED,,,a4cdd9550e393a371e629e5fa006e0284d4c7143984f8f9d620c6abf2600c091,data/reports/sec_guidance_structure_v10_candidates.csv,,data/reference/sec/sec-8k-guidance-v7-independent-200-20260722/raw/01bfbd38554dc6527f4e595ae92caf6d310a4919fb4598108f501da8db5e6380.gz,True,AMBIGUOUS,BUSINESS_SEGMENT_SCOPE_NOT_ENCODED_IN_BINDING_IDENTITY,CODEX_SOURCE_AUDIT,2026-07-23,True
SGA2-0130,MCO,0001059556,0001059556-25-000117,2025-04-22T10:57:52.000Z,a1q25earningsrelease.htm,https://www.sec.gov/Archives/edgar/data/1059556/000105955625000117/a1q25earningsrelease.htm,01bfbd38554dc6527f4e595ae92caf6d310a4919fb4598108f501da8db5e6380,MARGIN,FY2025,NON_GAAP,NOT_APPLICABLE,PERCENT,61,62,61.5,CURRENT_GUIDANCE_RANGE,AS_REPORTED,HTML_TABLE_GRID,0,CURRENT_CANDIDATE,CURRENT_GUIDANCE_RANGE,46,20,6,MIS Adjusted Operating Margin | MIS Adjusted Operating Margin | MIS Adjusted Operating Margin,"Full Year 2025 Moody's Corporation Guidance as of April 22, 2025 | Current Guidance | Increase in the mid-single-digit percent range | NC | 42% to 43% | 49% to 50% | $12.00 to $12.75 | $13.25 to $14.00 | $2.65 to $2.85 billion | $2.30 to $2.50 billion | Increase in the high-single-digit percent range | Flat to increase in the mid-single-digit percent range",| MIS Adjusted Operating Margin | MIS Adjusted Operating Margin | MIS Adjusted Operating Margin | 62% to 63% | 62% to 63% | 62% to 63% | 61% to 62% | 61% to 62% | 61% to 62%,V10_SIX_GRAMMAR_CORRECTED_NOT_SOURCE_REVIEWED,,,a4cdd9550e393a371e629e5fa006e0284d4c7143984f8f9d620c6abf2600c091,data/reports/sec_guidance_structure_v10_candidates.csv,,data/reference/sec/sec-8k-guidance-v7-independent-200-20260722/raw/01bfbd38554dc6527f4e595ae92caf6d310a4919fb4598108f501da8db5e6380.gz,True,AMBIGUOUS,BUSINESS_SEGMENT_SCOPE_NOT_ENCODED_IN_BINDING_IDENTITY,CODEX_SOURCE_AUDIT,2026-07-23,True
SGA2-0131,MSCI,0001408198,0001408198-24-000129,2024-07-23T10:47:38.000Z,earningsrelease-20240630xf.htm,https://www.sec.gov/Archives/edgar/data/1408198/000140819824000129/earningsrelease-20240630xf.htm,f47ec5dd42add896c4fdbb663a92d97d43cfb2b517ac29a3a48523115f93d85c,FREE_CASH_FLOW,FY2024,NON_GAAP,NOT_APPLICABLE,USD,1225000000,1285000000,1255000000,CURRENT_GUIDANCE_RANGE,AS_REPORTED,HTML_TABLE_GRID,0,CURRENT_CANDIDATE,CURRENT_GUIDANCE_RANGE,5,9,3,Free Cash Flow | Free Cash Flow | Free Cash Flow,"Current Guidance for Full-Year 2024 | $1,305 to $1,345 million | $1,130 to $1,160 million | $185 to $189 million | $175 to $185 million | 18% to 21% | $95 to $105 million | $1,330 to $1,380 million","| Free Cash Flow | Free Cash Flow | Free Cash Flow | $1,225 to $1,285 million | $1,225 to $1,285 million | $1,225 to $1,285 million | $1,225 to $1,285 million | $1,225 to $1,285 million | $1,225 to $1,285 million",V10_SIX_GRAMMAR_CORRECTED_NOT_SOURCE_REVIEWED,,,b8654d54fd149d775444a980fafc56fbdccebc3304c0d3e07ae8de976449d75f,data/reports/sec_guidance_structure_v10_candidates.csv,,data/reference/sec/sec-8k-guidance-v7-independent-200-20260722/raw/f47ec5dd42add896c4fdbb663a92d97d43cfb2b517ac29a3a48523115f93d85c.gz,True,VALID,SOURCE_CONFIRMS_CURRENT_RANGE_AND_SEMANTICS,CODEX_SOURCE_AUDIT,2026-07-23,True
SGA2-0132,MSCI,0001408198,0001408198-24-000165,2024-10-29T10:55:53.000Z,earningsrelease-20240930xf.htm,https://www.sec.gov/Archives/edgar/data/1408198/000140819824000165/earningsrelease-20240930xf.htm,7fc51f7a8e488f627632860238fcced9ed0a98cbf91e71265e2b46b019837f96,FREE_CASH_FLOW,FY2024,NON_GAAP,NOT_APPLICABLE,USD,1305000000,1365000000,1335000000,CURRENT_GUIDANCE_RANGE,AS_REPORTED,HTML_TABLE_GRID,0,CURRENT_CANDIDATE,CURRENT_GUIDANCE_RANGE,5,9,3,Free Cash Flow | Free Cash Flow | Free Cash Flow,"Current Guidance for Full-Year 2024 | $1,305 to $1,345 million | $1,130 to $1,160 million | $183 to $186 million | $175 to $185 million | 18.0% to 19.5% | $105 to $115 million | $1,420 to $1,470 million","| Free Cash Flow | Free Cash Flow | Free Cash Flow | $1,305 to $1,365 million | $1,305 to $1,365 million | $1,305 to $1,365 million | $1,225 to $1,285 million | $1,225 to $1,285 million | $1,225 to $1,285 million",V10_SIX_GRAMMAR_CORRECTED_NOT_SOURCE_REVIEWED,,,22ae5cef0a713bcf8004386b318ff5762b27a8e95712c31df589cb499fd2c7eb,data/reports/sec_guidance_structure_v10_candidates.csv,,data/reference/sec/sec-8k-guidance-v7-independent-200-20260722/raw/7fc51f7a8e488f627632860238fcced9ed0a98cbf91e71265e2b46b019837f96.gz,True,VALID,SOURCE_CONFIRMS_CURRENT_RANGE_AND_SEMANTICS,CODEX_SOURCE_AUDIT,2026-07-23,True
SGA2-0133,MSCI,0001408198,0001408198-25-000109,2025-04-22T10:45:56.000Z,earningsrelease-20250331xf.htm,https://www.sec.gov/Archives/edgar/data/1408198/000140819825000109/earningsrelease-20250331xf.htm,e47699f0db268b3a67e341df97547507d8a42faf55ecddf60d0f269847669634,FREE_CASH_FLOW,FY2025,NON_GAAP,NOT_APPLICABLE,USD,1400000000,1460000000,1430000000,CURRENT_GUIDANCE_RANGE,AS_REPORTED,HTML_TABLE_GRID,0,CURRENT_CANDIDATE,CURRENT_GUIDANCE_RANGE,10,9,3,Free Cash Flow | Free Cash Flow | Free Cash Flow,"Current Guidance for Full-Year 2025 | $1,405 to $1,445 million | $1,220 to $1,250 million | $182 to $186 million | $185 to $195 million | 17.5% to 20.0% | $115 to $125 million | $1,525 to $1,575 million","| Free Cash Flow | Free Cash Flow | Free Cash Flow | $1,400 to $1,460 million | $1,400 to $1,460 million | $1,400 to $1,460 million",V10_SIX_GRAMMAR_CORRECTED_NOT_SOURCE_REVIEWED,,,14cb0df6098376476c321ee580b192a969d54a566ac19aabeea7611dbb1aefca,data/reports/sec_guidance_structure_v10_candidates.csv,,data/reference/sec/sec-8k-guidance-v7-independent-200-20260722/raw/e47699f0db268b3a67e341df97547507d8a42faf55ecddf60d0f269847669634.gz,True,VALID,SOURCE_CONFIRMS_CURRENT_RANGE_AND_SEMANTICS,CODEX_SOURCE_AUDIT,2026-07-23,True
SGA2-0134,MSCI,0001408198,0001408198-25-000175,2025-07-22T10:46:08.000Z,exhibit991earningsrelease-.htm,https://www.sec.gov/Archives/edgar/data/1408198/000140819825000175/exhibit991earningsrelease-.htm,434dd7eb3438ef8418ab1d384c443e88161453b4087b07ef64d17bda4b6b6c23,FREE_CASH_FLOW,FY2025,NON_GAAP,NOT_APPLICABLE,USD,1400000000,1460000000,1430000000,CURRENT_GUIDANCE_RANGE,AS_REPORTED,HTML_TABLE_GRID,0,CURRENT_CANDIDATE,CURRENT_GUIDANCE_RANGE,5,9,3,Free Cash Flow | Free Cash Flow | Free Cash Flow,"Current Guidance for Full-Year 2025 | $1,405 to $1,445 million | $1,220 to $1,250 million | $182 to $186 million | $185 to $195 million | 17.5% to 20.0% | $115 to $125 million | $1,525 to $1,575 million","| Free Cash Flow | Free Cash Flow | Free Cash Flow | $1,400 to $1,460 million | $1,400 to $1,460 million | $1,400 to $1,460 million | | |",V10_SIX_GRAMMAR_CORRECTED_NOT_SOURCE_REVIEWED,,,f385ab91eae51f0e9eea520fcbd9ef59fc2c7e3a676f169c445bca2e1557f963,data/reports/sec_guidance_structure_v10_candidates.csv,,data/reference/sec/sec-8k-guidance-v7-independent-200-20260722/raw/434dd7eb3438ef8418ab1d384c443e88161453b4087b07ef64d17bda4b6b6c23.gz,True,VALID,SOURCE_CONFIRMS_CURRENT_RANGE_AND_SEMANTICS,CODEX_SOURCE_AUDIT,2026-07-23,True
SGA2-0135,QCOM,0000804328,0001234452-13-000291,2013-07-24T20:03:34.000Z,qcom63013erex991.htm,https://www.sec.gov/Archives/edgar/data/804328/000123445213000291/qcom63013erex991.htm,f133789f64f49f8e53394de89fdae542a5210d616912ff66a33e8288c6dd04b5,EPS,FY2013,GAAP,NOT_APPLICABLE,USD_PER_SHARE,3.9,3.98,3.94,CURRENT_GUIDANCE_RANGE,AS_REPORTED,HTML_TABLE_GRID,0,CURRENT_CANDIDATE,CURRENT_GUIDANCE_RANGE,19,12,8,GAAP Diluted EPS | $3.51,FISCAL YEAR | Current Guidance FY 2013 Estimates (3) | $24.3B - $25.0B | increase 27% - 31% | $4.48 - $4.56 | increase 21% - 23%,| | GAAP Diluted EPS | | $3.51 | | $3.78 - $3.93 | $3.78 - $3.93 | | $3.90 - $3.98 | $3.90 - $3.98 |,V10_SIX_GRAMMAR_CORRECTED_NOT_SOURCE_REVIEWED,,,71d558712114adf1a9c5d671635aa30f43dfc4224f300b2e0bf0e0e14c0a01b2,data/reports/sec_guidance_structure_v10_candidates.csv,,data/reference/sec/sec-8k-guidance-v9-historical-169-20260723/raw/f133789f64f49f8e53394de89fdae542a5210d616912ff66a33e8288c6dd04b5.gz,True,VALID,SOURCE_CONFIRMS_CURRENT_RANGE_AND_SEMANTICS,CODEX_SOURCE_AUDIT,2026-07-23,True
SGA2-0136,QCOM,0000804328,0001234452-13-000291,2013-07-24T20:03:34.000Z,qcom63013erex991.htm,https://www.sec.gov/Archives/edgar/data/804328/000123445213000291/qcom63013erex991.htm,f133789f64f49f8e53394de89fdae542a5210d616912ff66a33e8288c6dd04b5,EPS,FY2013,NON_GAAP,NOT_APPLICABLE,USD_PER_SHARE,4.48,4.56,4.52,CURRENT_GUIDANCE_RANGE,AS_REPORTED,HTML_TABLE_GRID,0,CURRENT_CANDIDATE,CURRENT_GUIDANCE_RANGE,19,6,8,Non-GAAP Diluted earnings per share (EPS) | $3.71,FISCAL YEAR | Current Guidance FY 2013 Estimates (3) | $24.3B - $25.0B | increase 27% - 31%,| | Non-GAAP Diluted earnings per share (EPS) | | $3.71 | | $4.40 - $4.55 | $4.40 - $4.55 | | $4.48 - $4.56 | $4.48 - $4.56 |,V10_SIX_GRAMMAR_CORRECTED_NOT_SOURCE_REVIEWED,,,f6e9d596db3b1638b745ca72ad2908768f6357ed4fb5a2bfdbedba2a53e04542,data/reports/sec_guidance_structure_v10_candidates.csv,,data/reference/sec/sec-8k-guidance-v9-historical-169-20260723/raw/f133789f64f49f8e53394de89fdae542a5210d616912ff66a33e8288c6dd04b5.gz,True,VALID,SOURCE_CONFIRMS_CURRENT_RANGE_AND_SEMANTICS,CODEX_SOURCE_AUDIT,2026-07-23,True
SGA2-0137,QCOM,0000804328,0001234452-13-000297,2013-07-24T23:59:27.000Z,qcom63013erex991a.htm,https://www.sec.gov/Archives/edgar/data/804328/000123445213000297/qcom63013erex991a.htm,f44bccda9b6b12ad3ec6ec92b1c0c2ec318656e9203830b83b18d7a964bfa3f6,EPS,FY2013,NON_GAAP,NOT_APPLICABLE,USD_PER_SHARE,4.48,4.56,4.52,CURRENT_GUIDANCE_RANGE,AS_REPORTED,HTML_TABLE_GRID,0,CURRENT_CANDIDATE,CURRENT_GUIDANCE_RANGE,19,6,8,Non-GAAP Diluted earnings per share (EPS) | $3.71,FISCAL YEAR | Current Guidance FY 2013 Estimates (3) | $24.3B - $25.0B | increase 27% - 31%,| | Non-GAAP Diluted earnings per share (EPS) | | $3.71 | | $4.40 - $4.55 | $4.40 - $4.55 | | $4.48 - $4.56 | $4.48 - $4.56 |,V10_SIX_GRAMMAR_CORRECTED_NOT_SOURCE_REVIEWED,,,78db3520e06bb6e68d12960f98cb6faebd76a0ebc35faf885cb2d510b73a3c12,data/reports/sec_guidance_structure_v10_candidates.csv,,data/reference/sec/sec-8k-guidance-v9-historical-169-20260723/raw/f44bccda9b6b12ad3ec6ec92b1c0c2ec318656e9203830b83b18d7a964bfa3f6.gz,True,AMBIGUOUS,AMENDED_FILING_NOT_AN_INDEPENDENT_EXPECTATION_CHANGE,CODEX_SOURCE_AUDIT,2026-07-23,True
SGA2-0138,QCOM,0000804328,0001234452-13-000297,2013-07-24T23:59:27.000Z,qcom63013erex991a.htm,https://www.sec.gov/Archives/edgar/data/804328/000123445213000297/qcom63013erex991a.htm,f44bccda9b6b12ad3ec6ec92b1c0c2ec318656e9203830b83b18d7a964bfa3f6,EPS,FY2013,GAAP,NOT_APPLICABLE,USD_PER_SHARE,3.9,3.98,3.94,CURRENT_GUIDANCE_RANGE,AS_REPORTED,HTML_TABLE_GRID,0,CURRENT_CANDIDATE,CURRENT_GUIDANCE_RANGE,19,12,8,GAAP Diluted EPS | $3.51,FISCAL YEAR | Current Guidance FY 2013 Estimates (3) | $24.3B - $25.0B | increase 27% - 31% | $4.48 - $4.56 | increase 21% - 23%,| | GAAP Diluted EPS | | $3.51 | | $3.78 - $3.93 | $3.78 - $3.93 | | $3.90 - $3.98 | $3.90 - $3.98 |,V10_SIX_GRAMMAR_CORRECTED_NOT_SOURCE_REVIEWED,,,c743ff28988b1034bc0bf5e7c0e0bd956c1315ce35d7c9a59cd7492f67793523,data/reports/sec_guidance_structure_v10_candidates.csv,,data/reference/sec/sec-8k-guidance-v9-historical-169-20260723/raw/f44bccda9b6b12ad3ec6ec92b1c0c2ec318656e9203830b83b18d7a964bfa3f6.gz,True,AMBIGUOUS,AMENDED_FILING_NOT_AN_INDEPENDENT_EXPECTATION_CHANGE,CODEX_SOURCE_AUDIT,2026-07-23,True
SGA2-0139,QCOM,0000804328,0001234452-14-000047,2014-01-29T21:06:48.000Z,qcom122913erex991.htm,https://www.sec.gov/Archives/edgar/data/804328/000123445214000047/qcom122913erex991.htm,90120f7a5b9105534cf381cc110de73d0d7101aec88a4e4607efeeb44b3ad5b5,EPS,FY2014,NON_GAAP,NOT_APPLICABLE,USD_PER_SHARE,5,5.2,5.1,CURRENT_GUIDANCE_RANGE,AS_REPORTED,HTML_TABLE_GRID,0,CURRENT_CANDIDATE,CURRENT_GUIDANCE_RANGE,23,6,8,Non-GAAP diluted EPS | $4.51,FISCAL YEAR | Current Guidance FY 2014 Estimates (2) | $26.0B - $27.5B | increase 5% - 11%,| | Non-GAAP diluted EPS | | $4.51 | | $4.95 - $5.15 | $4.95 - $5.15 | | $5.00 - $5.20 | $5.00 - $5.20 |,V10_SIX_GRAMMAR_CORRECTED_NOT_SOURCE_REVIEWED,,,28b622950335865bcdbc5951b8c54fcc5c417c94dc95c97dcfbc17b4c2ee431b,data/reports/sec_guidance_structure_v10_candidates.csv,,data/reference/sec/sec-8k-guidance-v9-historical-169-20260723/raw/90120f7a5b9105534cf381cc110de73d0d7101aec88a4e4607efeeb44b3ad5b5.gz,True,VALID,SOURCE_CONFIRMS_CURRENT_RANGE_AND_SEMANTICS,CODEX_SOURCE_AUDIT,2026-07-23,True
SGA2-0140,QCOM,0000804328,0001234452-14-000047,2014-01-29T21:06:48.000Z,qcom122913erex991.htm,https://www.sec.gov/Archives/edgar/data/804328/000123445214000047/qcom122913erex991.htm,90120f7a5b9105534cf381cc110de73d0d7101aec88a4e4607efeeb44b3ad5b5,EPS,FY2014,GAAP,NOT_APPLICABLE,USD_PER_SHARE,4.33,4.53,4.43,CURRENT_GUIDANCE_RANGE,AS_REPORTED,HTML_TABLE_GRID,0,CURRENT_CANDIDATE,CURRENT_GUIDANCE_RANGE,23,12,8,GAAP diluted EPS | $3.91,FISCAL YEAR | Current Guidance FY 2014 Estimates (2) | $26.0B - $27.5B | increase 5% - 11% | $5.00 - $5.20 | increase 11% - 15% | $0.00 | N/A,| | GAAP diluted EPS | | $3.91 | | $4.25 - $4.45 | $4.25 - $4.45 | | $4.33 - $4.53 | $4.33 - $4.53 |,V10_SIX_GRAMMAR_CORRECTED_NOT_SOURCE_REVIEWED,,,d1cc4e81becef3a8ba9dff462a2ead53ff460ebc4cb53b246b1b2866ca5a329a,data/reports/sec_guidance_structure_v10_candidates.csv,,data/reference/sec/sec-8k-guidance-v9-historical-169-20260723/raw/90120f7a5b9105534cf381cc110de73d0d7101aec88a4e4607efeeb44b3ad5b5.gz,True,VALID,SOURCE_CONFIRMS_CURRENT_RANGE_AND_SEMANTICS,CODEX_SOURCE_AUDIT,2026-07-23,True
SGA2-0141,QCOM,0000804328,0001234452-14-000152,2014-04-23T20:06:31.000Z,qcom033014erex991.htm,https://www.sec.gov/Archives/edgar/data/804328/000123445214000152/qcom033014erex991.htm,b3aba62862b9dc05a7cd0babe5be1c665418978cacaa677b8727696cab6083e5,EPS,FY2014,NON_GAAP,NOT_APPLICABLE,USD_PER_SHARE,5.05,5.25,5.15,CURRENT_GUIDANCE_RANGE,AS_REPORTED,HTML_TABLE_GRID,0,CURRENT_CANDIDATE,CURRENT_GUIDANCE_RANGE,21,6,8,Non-GAAP diluted EPS | $4.51,FISCAL YEAR | Current Guidance FY 2014 Estimates (1) (3) | $26.0B - $27.5B | increase 5% - 11%,| | Non-GAAP diluted EPS | | $4.51 | | $5.00 - $5.20 | $5.00 - $5.20 | | $5.05 - $5.25 | $5.05 - $5.25 |,V10_SIX_GRAMMAR_CORRECTED_NOT_SOURCE_REVIEWED,,,051843ccc1e49b6ccdc329b1404d1ed730f40389f1c1f40347d5e9172e5aa9ed,data/reports/sec_guidance_structure_v10_candidates.csv,,data/reference/sec/sec-8k-guidance-v9-historical-169-20260723/raw/b3aba62862b9dc05a7cd0babe5be1c665418978cacaa677b8727696cab6083e5.gz,True,VALID,SOURCE_CONFIRMS_CURRENT_RANGE_AND_SEMANTICS,CODEX_SOURCE_AUDIT,2026-07-23,True
SGA2-0142,QCOM,0000804328,0001234452-14-000152,2014-04-23T20:06:31.000Z,qcom033014erex991.htm,https://www.sec.gov/Archives/edgar/data/804328/000123445214000152/qcom033014erex991.htm,b3aba62862b9dc05a7cd0babe5be1c665418978cacaa677b8727696cab6083e5,EPS,FY2014,GAAP,NOT_APPLICABLE,USD_PER_SHARE,4.37,4.57,4.47,CURRENT_GUIDANCE_RANGE,AS_REPORTED,HTML_TABLE_GRID,0,CURRENT_CANDIDATE,CURRENT_GUIDANCE_RANGE,21,12,8,GAAP diluted EPS | $3.91,FISCAL YEAR | Current Guidance FY 2014 Estimates (1) (3) | $26.0B - $27.5B | increase 5% - 11% | $5.05 - $5.25 | increase 12% - 16% | N/A,| | GAAP diluted EPS | | $3.91 | | $4.33 - $4.53 | $4.33 - $4.53 | | $4.37 - $4.57 | $4.37 - $4.57 |,V10_SIX_GRAMMAR_CORRECTED_NOT_SOURCE_REVIEWED,,,062cb8b24d6638b2f77677fdbfbaf0a734cdaa568e6e68159decb1271164b492,data/reports/sec_guidance_structure_v10_candidates.csv,,data/reference/sec/sec-8k-guidance-v9-historical-169-20260723/raw/b3aba62862b9dc05a7cd0babe5be1c665418978cacaa677b8727696cab6083e5.gz,True,VALID,SOURCE_CONFIRMS_CURRENT_RANGE_AND_SEMANTICS,CODEX_SOURCE_AUDIT,2026-07-23,True
SGA2-0143,QCOM,0000804328,0001234452-14-000236,2014-07-23T20:06:18.000Z,qcom062914erex991.htm,https://www.sec.gov/Archives/edgar/data/804328/000123445214000236/qcom062914erex991.htm,e455e968c2d185754c347ac23f174e0c7ef6fc7effc0a866bc6040a9dd24cf38,EPS,FY2014,GAAP,NOT_APPLICABLE,USD_PER_SHARE,4.57,4.72,4.645,CURRENT_GUIDANCE_RANGE,AS_REPORTED,HTML_TABLE_GRID,0,CURRENT_CANDIDATE,CURRENT_GUIDANCE_RANGE,23,12,8,GAAP diluted EPS | $3.91,FISCAL YEAR | Current Guidance FY 2014 Estimates | $26.3B - $27.2B | increase 6% - 9% | $5.21 - $5.36 | increase 16% - 19%,| | GAAP diluted EPS | | $3.91 | | $4.37 - $4.57 | $4.37 - $4.57 | | $4.57 - $4.72 | $4.57 - $4.72 |,V10_SIX_GRAMMAR_CORRECTED_NOT_SOURCE_REVIEWED,,,0df5cec826816c2c666fb9177a0933028173c7585de2ea11b7fd7a35dd4d9d4c,data/reports/sec_guidance_structure_v10_candidates.csv,,data/reference/sec/sec-8k-guidance-v9-historical-169-20260723/raw/e455e968c2d185754c347ac23f174e0c7ef6fc7effc0a866bc6040a9dd24cf38.gz,True,VALID,SOURCE_CONFIRMS_CURRENT_RANGE_AND_SEMANTICS,CODEX_SOURCE_AUDIT,2026-07-23,True
SGA2-0144,QCOM,0000804328,0001234452-14-000236,2014-07-23T20:06:18.000Z,qcom062914erex991.htm,https://www.sec.gov/Archives/edgar/data/804328/000123445214000236/qcom062914erex991.htm,e455e968c2d185754c347ac23f174e0c7ef6fc7effc0a866bc6040a9dd24cf38,EPS,FY2014,NON_GAAP,NOT_APPLICABLE,USD_PER_SHARE,5.21,5.36,5.285,CURRENT_GUIDANCE_RANGE,AS_REPORTED,HTML_TABLE_GRID,0,CURRENT_CANDIDATE,CURRENT_GUIDANCE_RANGE,23,6,8,Non-GAAP diluted EPS | $4.51,FISCAL YEAR | Current Guidance FY 2014 Estimates | $26.3B - $27.2B | increase 6% - 9%,| | Non-GAAP diluted EPS | | $4.51 | | $5.05 - $5.25 | $5.05 - $5.25 | | $5.21 - $5.36 | $5.21 - $5.36 |,V10_SIX_GRAMMAR_CORRECTED_NOT_SOURCE_REVIEWED,,,38d5c0d711d40e739bac8139b2753506e4d1391e496985b60c11bdf630e2fedb,data/reports/sec_guidance_structure_v10_candidates.csv,,data/reference/sec/sec-8k-guidance-v9-historical-169-20260723/raw/e455e968c2d185754c347ac23f174e0c7ef6fc7effc0a866bc6040a9dd24cf38.gz,True,VALID,SOURCE_CONFIRMS_CURRENT_RANGE_AND_SEMANTICS,CODEX_SOURCE_AUDIT,2026-07-23,True
SGA2-0145,QCOM,0000804328,0001234452-14-000318,2014-11-05T21:07:42.000Z,qcom92814erex991.htm,https://www.sec.gov/Archives/edgar/data/804328/000123445214000318/qcom92814erex991.htm,0956547b7a4b2ab45e092c4cc88dbc90c799adc428a433732963bc93cd725947,EPS,FY2015,NON_GAAP,NOT_APPLICABLE,USD_PER_SHARE,5.05,5.35,5.2,CURRENT_GUIDANCE_RANGE,AS_REPORTED,HTML_TABLE_GRID,0,CURRENT_CANDIDATE,CURRENT_GUIDANCE_RANGE,41,13,5,Non-GAAP diluted EPS | $5.27,FISCAL YEAR | Current Guidance FY 2015 Estimates (2) | $26.8B - $28.8B | increase 1% - 9% | $9.2B - $10.0B | increase 3% - 12% | $0.0B | ($1.1B) | ($0.3B) | $7.8B - $8.6B | increase 3% - 14%,| | Non-GAAP diluted EPS | | $5.27 | | $5.05 - $5.35 | $5.05 - $5.35 |,V10_SIX_GRAMMAR_CORRECTED_NOT_SOURCE_REVIEWED,,,0b9dc08c4c58cc5d9e7a78e9e1f86d9742cb162587358de78c4bdd4403ddc36c,data/reports/sec_guidance_structure_v10_candidates.csv,,data/reference/sec/sec-8k-guidance-v9-historical-169-20260723/raw/0956547b7a4b2ab45e092c4cc88dbc90c799adc428a433732963bc93cd725947.gz,True,VALID,SOURCE_CONFIRMS_CURRENT_RANGE_AND_SEMANTICS,CODEX_SOURCE_AUDIT,2026-07-23,True
SGA2-0146,QCOM,0000804328,0001234452-14-000318,2014-11-05T21:07:42.000Z,qcom92814erex991.htm,https://www.sec.gov/Archives/edgar/data/804328/000123445214000318/qcom92814erex991.htm,0956547b7a4b2ab45e092c4cc88dbc90c799adc428a433732963bc93cd725947,EPS,FY2015,GAAP,NOT_APPLICABLE,USD_PER_SHARE,4.33,4.63,4.48,CURRENT_GUIDANCE_RANGE,AS_REPORTED,HTML_TABLE_GRID,0,CURRENT_CANDIDATE,CURRENT_GUIDANCE_RANGE,41,19,5,GAAP diluted EPS | $4.65,FISCAL YEAR | Current Guidance FY 2015 Estimates (2) | $26.8B - $28.8B | increase 1% - 9% | $9.2B - $10.0B | increase 3% - 12% | $0.0B | ($1.1B) | ($0.3B) | $7.8B - $8.6B | increase 3% - 14% | $5.05 - $5.35 | decrease 4% - increase 2% | N/A,| | GAAP diluted EPS | | $4.65 | | $4.33 - $4.63 | $4.33 - $4.63 |,V10_SIX_GRAMMAR_CORRECTED_NOT_SOURCE_REVIEWED,,,5f5833ad180c21617f8f79f528c1b2f52b91735d4be4c0de202f4b42e3baa254,data/reports/sec_guidance_structure_v10_candidates.csv,,data/reference/sec/sec-8k-guidance-v9-historical-169-20260723/raw/0956547b7a4b2ab45e092c4cc88dbc90c799adc428a433732963bc93cd725947.gz,True,VALID,SOURCE_CONFIRMS_CURRENT_RANGE_AND_SEMANTICS,CODEX_SOURCE_AUDIT,2026-07-23,True
SGA2-0147,QCOM,0000804328,0001234452-15-000031,2015-02-09T21:12:58.000Z,qcom29158kex991.htm,https://www.sec.gov/Archives/edgar/data/804328/000123445215000031/qcom29158kex991.htm,8b4074899ee7583f1d0c597cc86ac1ad25d1775122355e252dec3e098a532a81,EPS,FY2015,GAAP,NOT_APPLICABLE,USD_PER_SHARE,3.56,3.76,3.66,CURRENT_GUIDANCE_RANGE,AS_REPORTED,HTML_TABLE_GRID,0,CURRENT_CANDIDATE,CURRENT_GUIDANCE_RANGE,11,10,8,GAAP diluted EPS | $4.65,Current Guidance FY 2015 Estimates (2) | $26.3B - $28.0B | decrease 1% - increase 6% | $4.85 - $5.05 | decrease 4% - 8%,| | GAAP diluted EPS | | $4.65 | | $4.04 - $4.34 | $4.04 - $4.34 | | $3.56 - $3.76 | $3.56 - $3.76 |,V10_SIX_GRAMMAR_CORRECTED_NOT_SOURCE_REVIEWED,,,5bfec8e99a5dcb9674fb3d13659b4586fc817b08e46858884f9c040d64e05211,data/reports/sec_guidance_structure_v10_candidates.csv,,data/reference/sec/sec-8k-guidance-v9-historical-169-20260723/raw/8b4074899ee7583f1d0c597cc86ac1ad25d1775122355e252dec3e098a532a81.gz,True,VALID,SOURCE_CONFIRMS_CURRENT_RANGE_AND_SEMANTICS,CODEX_SOURCE_AUDIT,2026-07-23,True
SGA2-0148,QCOM,0000804328,0001234452-15-000031,2015-02-09T21:12:58.000Z,qcom29158kex991.htm,https://www.sec.gov/Archives/edgar/data/804328/000123445215000031/qcom29158kex991.htm,8b4074899ee7583f1d0c597cc86ac1ad25d1775122355e252dec3e098a532a81,EPS,FY2015,NON_GAAP,NOT_APPLICABLE,USD_PER_SHARE,4.85,5.05,4.95,CURRENT_GUIDANCE_RANGE,AS_REPORTED,HTML_TABLE_GRID,0,CURRENT_CANDIDATE,CURRENT_GUIDANCE_RANGE,11,5,8,Non-GAAP diluted EPS | $5.27,Current Guidance FY 2015 Estimates (2) | $26.3B - $28.0B | decrease 1% - increase 6%,| | Non-GAAP diluted EPS | | $5.27 | | $4.75 - $5.05 | $4.75 - $5.05 | | $4.85 - $5.05 | $4.85 - $5.05 |,V10_SIX_GRAMMAR_CORRECTED_NOT_SOURCE_REVIEWED,,,892369e3e92f12d8d2cd88325ef36c117aa02bd8d7c22ad9b34896da952c379d,data/reports/sec_guidance_structure_v10_candidates.csv,,data/reference/sec/sec-8k-guidance-v9-historical-169-20260723/raw/8b4074899ee7583f1d0c597cc86ac1ad25d1775122355e252dec3e098a532a81.gz,True,VALID,SOURCE_CONFIRMS_CURRENT_RANGE_AND_SEMANTICS,CODEX_SOURCE_AUDIT,2026-07-23,True
SGA2-0149,QCOM,0000804328,0001234452-15-000206,2015-07-22T20:08:02.000Z,qcom62815erex991.htm,https://www.sec.gov/Archives/edgar/data/804328/000123445215000206/qcom62815erex991.htm,5877ef7374518c6d2cd5b14d52379999954a1e4674b868030fc179de54ce4da2,EPS,FY2015,NON_GAAP,NOT_APPLICABLE,USD_PER_SHARE,4.5,4.7,4.6,CURRENT_GUIDANCE_RANGE,AS_REPORTED,HTML_TABLE_GRID,0,CURRENT_CANDIDATE,CURRENT_GUIDANCE_RANGE,19,6,8,Non-GAAP diluted EPS | $5.27,FISCAL YEAR | Current Guidance FY 2015 Estimates (1) | $24.5B - $25.5B | decrease 4% - 8%,| | Non-GAAP diluted EPS | | $5.27 | | $4.60 - $5.00 | $4.60 - $5.00 | | $4.50 - $4.70 | $4.50 - $4.70 |,V10_SIX_GRAMMAR_CORRECTED_NOT_SOURCE_REVIEWED,,,83a16070b6781d16679dc0c5cd163eb4707b4f63aa177cd1ecc1617dd52ce659,data/reports/sec_guidance_structure_v10_candidates.csv,,data/reference/sec/sec-8k-guidance-v9-historical-169-20260723/raw/5877ef7374518c6d2cd5b14d52379999954a1e4674b868030fc179de54ce4da2.gz,True,VALID,SOURCE_CONFIRMS_CURRENT_RANGE_AND_SEMANTICS,CODEX_SOURCE_AUDIT,2026-07-23,True
SGA2-0150,QCOM,0000804328,0001234452-15-000206,2015-07-22T20:08:02.000Z,qcom62815erex991.htm,https://www.sec.gov/Archives/edgar/data/804328/000123445215000206/qcom62815erex991.htm,5877ef7374518c6d2cd5b14d52379999954a1e4674b868030fc179de54ce4da2,EPS,FY2015,GAAP,NOT_APPLICABLE,USD_PER_SHARE,3.05,3.3,3.175,CURRENT_GUIDANCE_RANGE,AS_REPORTED,HTML_TABLE_GRID,0,CURRENT_CANDIDATE,CURRENT_GUIDANCE_RANGE,19,11,8,GAAP diluted EPS | $4.65,FISCAL YEAR | Current Guidance FY 2015 Estimates (1) | $24.5B - $25.5B | decrease 4% - 8% | $4.50 - $4.70 | decrease 11% - 15% | ($0.84) - ($0.89),| | GAAP diluted EPS | | $4.65 | | $3.28 - $3.68 | $3.28 - $3.68 | | $3.05 - $3.30 | $3.05 - $3.30 |,V10_SIX_GRAMMAR_CORRECTED_NOT_SOURCE_REVIEWED,,,fafe951b7c57cb605633bf35260fe4a7f4524187f0afe66de0393086a7b40361,data/reports/sec_guidance_structure_v10_candidates.csv,,data/reference/sec/sec-8k-guidance-v9-historical-169-20260723/raw/5877ef7374518c6d2cd5b14d52379999954a1e4674b868030fc179de54ce4da2.gz,True,VALID,SOURCE_CONFIRMS_CURRENT_RANGE_AND_SEMANTICS,CODEX_SOURCE_AUDIT,2026-07-23,True
SGA2-0151,TEL,0001385157,0001104659-19-023211,2019-04-24T10:20:17.000Z,a19-8585_1ex99d2.htm,https://www.sec.gov/Archives/edgar/data/1385157/000110465919023211/a19-8585_1ex99d2.htm,2bea0c63428b529edc291abb9d4ca84b76fb62aba5653ac94904cc04725a6ce8,EPS,FY2019,NON_GAAP,NOT_APPLICABLE,USD_PER_SHARE,5.55,5.65,5.6,CURRENT_GUIDANCE_RANGE,AS_REPORTED,NARRATIVE_CLAUSE,73,CURRENT_CANDIDATE,CURRENT_GUIDANCE_RANGE,,,,,,Y/Y FY 2019 15 Guidance Range Sales of $13.55B - $13.75B Adjusted EPS of $5.55 - $5.65 Adjusted EPS is a non-GAAP financial measure;,V10_SIX_GRAMMAR_CORRECTED_NOT_SOURCE_REVIEWED,/html/body/document/type/sequence/filename/description/text/div[29]/div/div/div/p[1],HTML_P,13ff4c6e56adf7afc3b3da4f4888e5f6ff1d89ce97cf595820bc47a03304c3a1,data/reports/sec_guidance_structure_v10_candidates.csv,,data/reference/sec/sec-8k-guidance-v8-second-wave-200-20260722/raw/2bea0c63428b529edc291abb9d4ca84b76fb62aba5653ac94904cc04725a6ce8.gz,True,VALID,SOURCE_CONFIRMS_CURRENT_RANGE_AND_SEMANTICS,CODEX_SOURCE_AUDIT,2026-07-23,True
SGA2-0152,TEL,0001385157,0001104659-19-041505,2019-07-24T10:16:00.000Z,a19-13010_1ex99d2.htm,https://www.sec.gov/Archives/edgar/data/1385157/000110465919041505/a19-13010_1ex99d2.htm,5baea1cce31283f0042d4271dde670411bb8c735d98f65bc794f0de6c063294e,EPS,FY2019,NON_GAAP,NOT_APPLICABLE,USD_PER_SHARE,5.47,5.53,5.5,CURRENT_GUIDANCE_RANGE,AS_REPORTED,NARRATIVE_CLAUSE,73,CURRENT_CANDIDATE,CURRENT_GUIDANCE_RANGE,,,,,,Y/Y FY 2019 15 Guidance Range Sales of $13.35B - $13.45B Adjusted EPS of $5.47 - $5.53 Adjusted EPS is a non-GAAP financial measure;,V10_SIX_GRAMMAR_CORRECTED_NOT_SOURCE_REVIEWED,/html/body/document/type/sequence/filename/description/text/div[29]/div/div/div/p[1],HTML_P,564e3343e0bbab195eb62d3f4ed9e30ea2386931cff97afc61cb3b4c52416a06,data/reports/sec_guidance_structure_v10_candidates.csv,,data/reference/sec/sec-8k-guidance-v7-independent-200-20260722/raw/5baea1cce31283f0042d4271dde670411bb8c735d98f65bc794f0de6c063294e.gz,True,VALID,SOURCE_CONFIRMS_CURRENT_RANGE_AND_SEMANTICS,CODEX_SOURCE_AUDIT,2026-07-23,True
SGA2-0153,WST,0000105770,0000105770-15-000044,2015-10-29T12:59:45.000Z,exh991q32015earningsrelease.htm,https://www.sec.gov/Archives/edgar/data/105770/000010577015000044/exh991q32015earningsrelease.htm,6f91648ed86c054b7f8fe6dc5f39c6233970ebceaea70ed314ea89919c92a401,EPS,FY2015,NON_GAAP,NOT_APPLICABLE,USD_PER_SHARE,1.79,1.84,1.815,CURRENT_GUIDANCE_RANGE,AS_REPORTED,HTML_TABLE_GRID,0,CURRENT_CANDIDATE,CURRENT_GUIDANCE_RANGE,23,3,1,Adjusted diluted EPS guidance,Full Year 2015 Guidance(2) (3),| Adjusted diluted EPS guidance | $1.79 to $1.84,V10_SIX_GRAMMAR_CORRECTED_NOT_SOURCE_REVIEWED,,,9cef7708a3aaabbb92d875bfc4e0bd1c161b26920493160499ee02cab78105b8,data/reports/sec_guidance_structure_v10_candidates.csv,,data/reference/sec/sec-8k-guidance-v9-historical-169-20260723/raw/6f91648ed86c054b7f8fe6dc5f39c6233970ebceaea70ed314ea89919c92a401.gz,True,VALID,SOURCE_CONFIRMS_CURRENT_RANGE_AND_SEMANTICS,CODEX_SOURCE_AUDIT,2026-07-23,True
SGA2-0154,WST,0000105770,0000105770-16-000057,2016-02-18T14:05:55.000Z,exh991q42015earningsrelease.htm,https://www.sec.gov/Archives/edgar/data/105770/000010577016000057/exh991q42015earningsrelease.htm,8b0bf75fa1a95ff648c23a1b68f6e866e14e705133ddc8beb62f8585c18b3e72,EPS,FY2016,NON_GAAP,NOT_APPLICABLE,USD_PER_SHARE,2.1,2.25,2.175,CURRENT_GUIDANCE_RANGE,AS_REPORTED,HTML_TABLE_GRID,0,CURRENT_CANDIDATE,CURRENT_GUIDANCE_RANGE,23,3,1,Adjusted diluted EPS guidance,Full Year 2016 Guidance(2) (3),| Adjusted diluted EPS guidance | $2.10 to $2.25,V10_SIX_GRAMMAR_CORRECTED_NOT_SOURCE_REVIEWED,,,2adf522a9c51970dbc5ae57932c40d00f944785b7db606fa57623ea7e75440bd,data/reports/sec_guidance_structure_v10_candidates.csv,,data/reference/sec/sec-8k-guidance-v9-historical-169-20260723/raw/8b0bf75fa1a95ff648c23a1b68f6e866e14e705133ddc8beb62f8585c18b3e72.gz,True,VALID,SOURCE_CONFIRMS_CURRENT_RANGE_AND_SEMANTICS,CODEX_SOURCE_AUDIT,2026-07-23,True
SGA2-0155,WST,0000105770,0000105770-16-000069,2016-04-28T13:00:23.000Z,exh991q12016earningsrelease.htm,https://www.sec.gov/Archives/edgar/data/105770/000010577016000069/exh991q12016earningsrelease.htm,35473ac660f2066ae9f23b4b7a06cc6b434451ffb66fda57b78e4e957e145eb2,EPS,FY2016,NON_GAAP,NOT_APPLICABLE,USD_PER_SHARE,2.12,2.25,2.185,CURRENT_GUIDANCE_RANGE,AS_REPORTED,HTML_TABLE_GRID,0,CURRENT_CANDIDATE,CURRENT_GUIDANCE_RANGE,22,3,1,Adjusted diluted EPS guidance,Full Year 2016 Guidance(2) (3),| Adjusted diluted EPS guidance | $2.12 to $2.25,V10_SIX_GRAMMAR_CORRECTED_NOT_SOURCE_REVIEWED,,,edfee00fc291606ee6680c86ec2f259d3f06dfd49734f08f37d58c435d15da43,data/reports/sec_guidance_structure_v10_candidates.csv,,data/reference/sec/sec-8k-guidance-v9-historical-169-20260723/raw/35473ac660f2066ae9f23b4b7a06cc6b434451ffb66fda57b78e4e957e145eb2.gz,True,VALID,SOURCE_CONFIRMS_CURRENT_RANGE_AND_SEMANTICS,CODEX_SOURCE_AUDIT,2026-07-23,True
SGA2-0156,WST,0000105770,0000105770-16-000099,2016-10-27T13:03:39.000Z,exh991q32016earningsrelease.htm,https://www.sec.gov/Archives/edgar/data/105770/000010577016000099/exh991q32016earningsrelease.htm,bf2eb920b81ea3ff096a40f2da2e73e79ce59c9594b561a57a6a4affe60c402d,EPS,FY2016,NON_GAAP,NOT_APPLICABLE,USD_PER_SHARE,2.17,2.22,2.195,CURRENT_GUIDANCE_RANGE,AS_REPORTED,HTML_TABLE_GRID,0,CURRENT_CANDIDATE,CURRENT_GUIDANCE_RANGE,25,3,1,Adjusted diluted EPS guidance,Full Year 2016 Guidance(2) (3),| Adjusted diluted EPS guidance | $2.17 to $2.22,V10_SIX_GRAMMAR_CORRECTED_NOT_SOURCE_REVIEWED,,,5b604f9c489819fe9335f9501ad85e58c1d1ea7ea6f1e22f9af4ba1a9292c155,data/reports/sec_guidance_structure_v10_candidates.csv,,data/reference/sec/sec-8k-guidance-v7-independent-200-20260722/raw/bf2eb920b81ea3ff096a40f2da2e73e79ce59c9594b561a57a6a4affe60c402d.gz,True,VALID,SOURCE_CONFIRMS_CURRENT_RANGE_AND_SEMANTICS,CODEX_SOURCE_AUDIT,2026-07-23,True
SGA2-0157,WST,0000105770,0000105770-17-000047,2017-10-26T14:01:07.000Z,exh991q32017earningsrelease.htm,https://www.sec.gov/Archives/edgar/data/105770/000010577017000047/exh991q32017earningsrelease.htm,e408a2c4ec6f21e75ab89f3c99b89f7415f0c8077c015ce4f56839c6f9e1d67c,EPS,FY2017,NON_GAAP,NOT_APPLICABLE,USD_PER_SHARE,2.74,2.79,2.765,CURRENT_GUIDANCE_RANGE,AS_REPORTED,HTML_TABLE_GRID,0,CURRENT_CANDIDATE,CURRENT_GUIDANCE_RANGE,26,5,1,Adjusted diluted EPS guidance,Full Year 2017 Guidance(2) (3) | $2.59 to $2.64 | 0.15,| Adjusted diluted EPS guidance | $2.74 to $2.79,V10_SIX_GRAMMAR_CORRECTED_NOT_SOURCE_REVIEWED,,,c7ba872600a47426e508e342122e4101df4b4812afcb39256aae2b1f65a3d67b,data/reports/sec_guidance_structure_v10_candidates.csv,,data/reference/sec/sec-8k-guidance-v7-independent-200-20260722/raw/e408a2c4ec6f21e75ab89f3c99b89f7415f0c8077c015ce4f56839c6f9e1d67c.gz,True,VALID,SOURCE_CONFIRMS_CURRENT_RANGE_AND_SEMANTICS,CODEX_SOURCE_AUDIT,2026-07-23,True
SGA2-0158,WST,0000105770,0000105770-18-000030,2018-07-26T13:09:51.000Z,exh991q22018earningsrelease.htm,https://www.sec.gov/Archives/edgar/data/105770/000010577018000030/exh991q22018earningsrelease.htm,b177ac9d32e327e779189570384ad5224d3f1cb360af806bfd8bb37a2c829db8,EPS,FY2018,NON_GAAP,NOT_APPLICABLE,USD_PER_SHARE,2.8,2.9,2.85,CURRENT_GUIDANCE_RANGE,AS_REPORTED,HTML_TABLE_GRID,0,CURRENT_CANDIDATE,CURRENT_GUIDANCE_RANGE,24,6,1,Adjusted-diluted EPS guidance,Full-Year 2018 Guidance (2) (3) | $2.73 to $2.88 | 0.08 to 0.13 | (0.06),| Adjusted-diluted EPS guidance | $2.80 to $2.90,V10_SIX_GRAMMAR_CORRECTED_NOT_SOURCE_REVIEWED,,,50f82e107932a41db46598b3c7ea8351b7ea768e916fe78e1ebfbf745a6e38cf,data/reports/sec_guidance_structure_v10_candidates.csv,,data/reference/sec/sec-8k-guidance-v7-independent-200-20260722/raw/b177ac9d32e327e779189570384ad5224d3f1cb360af806bfd8bb37a2c829db8.gz,True,VALID,SOURCE_CONFIRMS_CURRENT_RANGE_AND_SEMANTICS,CODEX_SOURCE_AUDIT,2026-07-23,True
SGA2-0159,WST,0000105770,0000105770-18-000035,2018-10-25T13:55:48.000Z,exh991q32018earningsrelease.htm,https://www.sec.gov/Archives/edgar/data/105770/000010577018000035/exh991q32018earningsrelease.htm,20eb340515d1181b1346e2deb8ae2607e2173910e5153ab9421508d03c66f75a,EPS,FY2018,NON_GAAP,NOT_APPLICABLE,USD_PER_SHARE,2.8,2.9,2.85,CURRENT_GUIDANCE_RANGE,AS_REPORTED,HTML_TABLE_GRID,0,CURRENT_CANDIDATE,CURRENT_GUIDANCE_RANGE,20,7,1,Adjusted-diluted EPS guidance,Full-Year 2018 Guidance (2) (3) | $2.71 to $2.86 | 0.08 to 0.13 | 0.02 | (0.06),| Adjusted-diluted EPS guidance | $2.80 to $2.90,V10_SIX_GRAMMAR_CORRECTED_NOT_SOURCE_REVIEWED,,,27e42202ff88cb2a36985fafba1a683cf671c1a431e5057f579b70dcb108bda7,data/reports/sec_guidance_structure_v10_candidates.csv,,data/reference/sec/sec-8k-guidance-v7-independent-200-20260722/raw/20eb340515d1181b1346e2deb8ae2607e2173910e5153ab9421508d03c66f75a.gz,True,VALID,SOURCE_CONFIRMS_CURRENT_RANGE_AND_SEMANTICS,CODEX_SOURCE_AUDIT,2026-07-23,True
