event_id,cik,canonical_symbol_at_filing,identity_status,accession_number,form,filing_date,accepted_at,matched_items,filing_index_url,primary_document_url
SEC8K-0000950144-04-008936,0000027904,,UNMAPPED,0000950144-04-008936,8-K,2004-09-08,2004-09-08T16:05:41.000Z,2.05,https://www.sec.gov/Archives/edgar/data/27904/000095014404008936/0000950144-04-008936-index.html,https://www.sec.gov/Archives/edgar/data/27904/000095014404008936/g90877e8vk.txt
SEC8K-0001193125-04-162709,0000068505,,UNMAPPED,0001193125-04-162709,8-K,2004-09-28,2004-09-28T12:42:27.000Z,2.05,https://www.sec.gov/Archives/edgar/data/68505/000119312504162709/0001193125-04-162709-index.html,https://www.sec.gov/Archives/edgar/data/68505/000119312504162709/d8k.htm
SEC8K-0000107815-04-000217,0000783325,,UNMAPPED,0000107815-04-000217,8-K,2004-09-28,2004-09-28T20:14:27.000Z,2.05,https://www.sec.gov/Archives/edgar/data/783325/000010781504000217/0000107815-04-000217-index.html,https://www.sec.gov/Archives/edgar/data/783325/000010781504000217/wecwewg8k092804.htm
SEC8K-0001193125-04-164450,0000077476,,UNMAPPED,0001193125-04-164450,8-K,2004-09-30,2004-09-30T14:14:28.000Z,2.05,https://www.sec.gov/Archives/edgar/data/77476/000119312504164450/0001193125-04-164450-index.html,https://www.sec.gov/Archives/edgar/data/77476/000119312504164450/d8k.htm
SEC8K-0000950117-04-003508,0000010795,,UNMAPPED,0000950117-04-003508,8-K,2004-10-04,2004-10-04T20:14:12.000Z,2.05,https://www.sec.gov/Archives/edgar/data/10795/000095011704003508/0000950117-04-003508-index.html,https://www.sec.gov/Archives/edgar/data/10795/000095011704003508/a38477.txt
SEC8K-0000950134-04-014644,0001069202,,UNMAPPED,0000950134-04-014644,8-K,2004-10-06,2004-10-06T19:15:04.000Z,4.02,https://www.sec.gov/Archives/edgar/data/1069202/000095013404014644/0000950134-04-014644-index.html,https://www.sec.gov/Archives/edgar/data/1069202/000095013404014644/d18927e8vk.htm
SEC8K-0000950134-04-014925,0001045609,,UNMAPPED,0000950134-04-014925,8-K,2004-10-13,2004-10-13T16:29:26.000Z,4.02,https://www.sec.gov/Archives/edgar/data/1045609/000095013404014925/0000950134-04-014925-index.html,https://www.sec.gov/Archives/edgar/data/1045609/000095013404014925/f02372e8vk.htm
SEC8K-0001193125-04-173798,0000068505,,UNMAPPED,0001193125-04-173798,8-K,2004-10-19,2004-10-19T20:24:03.000Z,2.05,https://www.sec.gov/Archives/edgar/data/68505/000119312504173798/0001193125-04-173798-index.html,https://www.sec.gov/Archives/edgar/data/68505/000119312504173798/d8k.htm
SEC8K-0000107815-04-000229,0000783325,,UNMAPPED,0000107815-04-000229,8-K,2004-10-25,2004-10-25T11:41:01.000Z,2.05|2.06,https://www.sec.gov/Archives/edgar/data/783325/000010781504000229/0000107815-04-000229-index.html,https://www.sec.gov/Archives/edgar/data/783325/000010781504000229/wec8k102504.htm
SEC8K-0000047217-04-000049,0000047217,,UNMAPPED,0000047217-04-000049,8-K,2004-11-23,2004-11-22T22:36:02.000Z,2.05,https://www.sec.gov/Archives/edgar/data/47217/000004721704000049/0000047217-04-000049-index.html,https://www.sec.gov/Archives/edgar/data/47217/000004721704000049/q404form8-k_111804.htm
SEC8K-0001193125-04-209343,0001097864,,UNMAPPED,0001193125-04-209343,8-K,2004-12-08,2004-12-08T19:24:05.000Z,2.05,https://www.sec.gov/Archives/edgar/data/1097864/000119312504209343/0001193125-04-209343-index.html,https://www.sec.gov/Archives/edgar/data/1097864/000119312504209343/d8k.htm
SEC8K-0000831259-04-000041,0000831259,,UNMAPPED,0000831259-04-000041,8-K,2004-12-08,2004-12-08T21:41:23.000Z,2.05,https://www.sec.gov/Archives/edgar/data/831259/000083125904000041/0000831259-04-000041-index.html,https://www.sec.gov/Archives/edgar/data/831259/000083125904000041/fcxitem205form8k12804.htm
SEC8K-0000021076-04-000117,0000021076,,UNMAPPED,0000021076-04-000117,8-K,2004-12-16,2004-12-16T19:31:24.000Z,2.04,https://www.sec.gov/Archives/edgar/data/21076/000002107604000117/0000021076-04-000117-index.html,https://www.sec.gov/Archives/edgar/data/21076/000002107604000117/f8k1216.htm
SEC8K-0000940944-04-000189,0000940944,,UNMAPPED,0000940944-04-000189,8-K,2004-12-17,2004-12-17T00:53:32.000Z,4.02,https://www.sec.gov/Archives/edgar/data/940944/000094094404000189/0000940944-04-000189-index.html,https://www.sec.gov/Archives/edgar/data/940944/000094094404000189/form8k121604.txt
SEC8K-0001193125-05-002412,0001101239,,UNMAPPED,0001193125-05-002412,8-K,2005-01-06,2005-01-06T21:33:53.000Z,2.05,https://www.sec.gov/Archives/edgar/data/1101239/000119312505002412/0001193125-05-002412-index.html,https://www.sec.gov/Archives/edgar/data/1101239/000119312505002412/d8k.htm
SEC8K-0000950124-05-000156,0000789570,,UNMAPPED,0000950124-05-000156,8-K,2005-01-11,2005-01-11T22:15:23.000Z,2.04,https://www.sec.gov/Archives/edgar/data/789570/000095012405000156/0000950124-05-000156-index.html,https://www.sec.gov/Archives/edgar/data/789570/000095012405000156/p70083e8vk.htm
SEC8K-0000016918-05-000004,0000016918,,UNMAPPED,0000016918-05-000004,8-K,2005-01-14,2005-01-14T20:14:54.000Z,2.05,https://www.sec.gov/Archives/edgar/data/16918/000001691805000004/0000016918-05-000004-index.html,https://www.sec.gov/Archives/edgar/data/16918/000001691805000004/body8k.htm
SEC8K-0000950144-05-000384,0000027904,,UNMAPPED,0000950144-05-000384,8-K/A,2005-01-20,2005-01-20T14:40:07.000Z,2.05,https://www.sec.gov/Archives/edgar/data/27904/000095014405000384/0000950144-05-000384-index.html,https://www.sec.gov/Archives/edgar/data/27904/000095014405000384/g92820e8vkza.txt
SEC8K-0001091667-05-000015,0001091667,,UNMAPPED,0001091667-05-000015,8-K,2005-02-11,2005-02-11T14:30:28.000Z,2.04,https://www.sec.gov/Archives/edgar/data/1091667/000109166705000015/0001091667-05-000015-index.html,https://www.sec.gov/Archives/edgar/data/1091667/000109166705000015/body8k.htm
SEC8K-0001193125-05-038774,0001053507,,UNMAPPED,0001193125-05-038774,8-K,2005-02-28,2005-02-28T22:07:55.000Z,4.02,https://www.sec.gov/Archives/edgar/data/1053507/000119312505038774/0001193125-05-038774-index.html,https://www.sec.gov/Archives/edgar/data/1053507/000119312505038774/d8k.htm
SEC8K-0001193125-05-059721,0000076334,,UNMAPPED,0001193125-05-059721,8-K,2005-03-24,2005-03-24T19:58:39.000Z,2.05,https://www.sec.gov/Archives/edgar/data/76334/000119312505059721/0001193125-05-059721-index.html,https://www.sec.gov/Archives/edgar/data/76334/000119312505059721/d8k.htm
SEC8K-0000893750-05-000182,0000086312,,UNMAPPED,0000893750-05-000182,8-K,2005-03-30,2005-03-30T22:22:55.000Z,2.05,https://www.sec.gov/Archives/edgar/data/86312/000089375005000182/0000893750-05-000182-index.html,https://www.sec.gov/Archives/edgar/data/86312/000089375005000182/form_8k.txt
SEC8K-0000950134-05-006957,0001069202,,UNMAPPED,0000950134-05-006957,8-K,2005-04-06,2005-04-06T18:53:15.000Z,2.05,https://www.sec.gov/Archives/edgar/data/1069202/000095013405006957/0000950134-05-006957-index.html,https://www.sec.gov/Archives/edgar/data/1069202/000095013405006957/d24136e8vk.htm
SEC8K-0000016918-05-000024,0000016918,,UNMAPPED,0000016918-05-000024,8-K/A,2005-04-13,2005-04-13T20:53:49.000Z,2.05,https://www.sec.gov/Archives/edgar/data/16918/000001691805000024/0000016918-05-000024-index.html,https://www.sec.gov/Archives/edgar/data/16918/000001691805000024/form8k-a041305.htm
SEC8K-0000950153-05-000910,0000789570,,UNMAPPED,0000950153-05-000910,8-K,2005-04-28,2005-04-28T01:13:02.000Z,2.04,https://www.sec.gov/Archives/edgar/data/789570/000095015305000910/0000950153-05-000910-index.html,https://www.sec.gov/Archives/edgar/data/789570/000095015305000910/p70520e8vk.htm
SEC8K-0000950134-05-008390,0000860731,,UNMAPPED,0000950134-05-008390,8-K,2005-04-28,2005-04-28T21:10:55.000Z,2.05,https://www.sec.gov/Archives/edgar/data/860731/000095013405008390/0000950134-05-008390-index.html,https://www.sec.gov/Archives/edgar/data/860731/000095013405008390/d24791e8vk.htm
SEC8K-0000060086-05-000031,0000060086,,UNMAPPED,0000060086-05-000031,8-K,2005-05-03,2005-05-03T15:16:40.000Z,4.02,https://www.sec.gov/Archives/edgar/data/60086/000006008605000031/0000060086-05-000031-index.html,https://www.sec.gov/Archives/edgar/data/60086/000006008605000031/k_bodynpg.htm
SEC8K-0000047217-05-000103,0000047217,,UNMAPPED,0000047217-05-000103,8-K,2005-05-17,2005-05-17T20:56:28.000Z,2.05,https://www.sec.gov/Archives/edgar/data/47217/000004721705000103/0000047217-05-000103-index.html,https://www.sec.gov/Archives/edgar/data/47217/000004721705000103/form8-k_q205.htm
SEC8K-0000897101-05-001255,0000040704,,UNMAPPED,0000897101-05-001255,8-K,2005-05-20,2005-05-20T21:00:12.000Z,2.05|2.06,https://www.sec.gov/Archives/edgar/data/40704/000089710105001255/0000897101-05-001255-index.html,https://www.sec.gov/Archives/edgar/data/40704/000089710105001255/gis052344_8k.htm
SEC8K-0001299933-05-002702,0000882184,,UNMAPPED,0001299933-05-002702,8-K,2005-06-03,2005-06-03T21:01:16.000Z,2.04,https://www.sec.gov/Archives/edgar/data/882184/000129993305002702/0001299933-05-002702-index.html,https://www.sec.gov/Archives/edgar/data/882184/000129993305002702/htm_5105.htm
SEC8K-0000950129-05-006224,0000823768,,UNMAPPED,0000950129-05-006224,8-K,2005-06-15,2005-06-15T12:25:03.000Z,2.06,https://www.sec.gov/Archives/edgar/data/823768/000095012905006224/0000950129-05-006224-index.html,https://www.sec.gov/Archives/edgar/data/823768/000095012905006224/h26270e8vk.htm
SEC8K-0001193125-05-134270,0001164727,,UNMAPPED,0001193125-05-134270,8-K,2005-06-29,2005-06-29T15:53:46.000Z,2.06,https://www.sec.gov/Archives/edgar/data/1164727/000119312505134270/0001193125-05-134270-index.html,https://www.sec.gov/Archives/edgar/data/1164727/000119312505134270/d8k.htm
SEC8K-0001193125-05-134729,0001097864,,UNMAPPED,0001193125-05-134729,8-K,2005-06-29,2005-06-29T20:21:41.000Z,2.05,https://www.sec.gov/Archives/edgar/data/1097864/000119312505134729/0001193125-05-134729-index.html,https://www.sec.gov/Archives/edgar/data/1097864/000119312505134729/d8k.htm
SEC8K-0001193125-05-140236,0000076334,,UNMAPPED,0001193125-05-140236,8-K,2005-07-11,2005-07-11T19:35:58.000Z,2.05,https://www.sec.gov/Archives/edgar/data/76334/000119312505140236/0001193125-05-140236-index.html,https://www.sec.gov/Archives/edgar/data/76334/000119312505140236/d8k.htm
SEC8K-0001104659-05-032855,0000047217,,UNMAPPED,0001104659-05-032855,8-K,2005-07-19,2005-07-19T12:14:25.000Z,2.05,https://www.sec.gov/Archives/edgar/data/47217/000110465905032855/0001104659-05-032855-index.html,https://www.sec.gov/Archives/edgar/data/47217/000110465905032855/a05-12386_18k.htm
SEC8K-0000047111-05-000199,0000047111,,UNMAPPED,0000047111-05-000199,8-K,2005-07-21,2005-07-21T11:02:16.000Z,2.05|2.06,https://www.sec.gov/Archives/edgar/data/47111/000004711105000199/0000047111-05-000199-index.html,https://www.sec.gov/Archives/edgar/data/47111/000004711105000199/form8k_july212005.htm
SEC8K-0001193125-05-146056,0000896159,,UNMAPPED,0001193125-05-146056,8-K,2005-07-21,2005-07-21T15:27:00.000Z,4.02,https://www.sec.gov/Archives/edgar/data/896159/000119312505146056/0001193125-05-146056-index.html,https://www.sec.gov/Archives/edgar/data/896159/000119312505146056/d8k.htm
SEC8K-0000055785-05-000141,0000055785,,UNMAPPED,0000055785-05-000141,8-K,2005-07-22,2005-07-22T10:37:28.000Z,2.05,https://www.sec.gov/Archives/edgar/data/55785/000005578505000141/0000055785-05-000141-index.html,https://www.sec.gov/Archives/edgar/data/55785/000005578505000141/kc_8k-2q05.htm
SEC8K-0000950124-05-004526,0000936340,,UNMAPPED,0000950124-05-004526,8-K,2005-07-29,2005-07-29T12:48:10.000Z,2.06,https://www.sec.gov/Archives/edgar/data/936340/000095012405004526/0000950124-05-004526-index.html,https://www.sec.gov/Archives/edgar/data/936340/000095012405004526/k97106e8vk.htm
SEC8K-0001193125-05-168663,0001090872,,UNMAPPED,0001193125-05-168663,8-K,2005-08-15,2005-08-15T20:54:15.000Z,2.05,https://www.sec.gov/Archives/edgar/data/1090872/000119312505168663/0001193125-05-168663-index.html,https://www.sec.gov/Archives/edgar/data/1090872/000119312505168663/d8k.htm
SEC8K-0001193125-05-174742,0001090872,,UNMAPPED,0001193125-05-174742,8-K,2005-08-25,2005-08-25T21:25:00.000Z,2.04,https://www.sec.gov/Archives/edgar/data/1090872/000119312505174742/0001193125-05-174742-index.html,https://www.sec.gov/Archives/edgar/data/1090872/000119312505174742/d8k.htm
SEC8K-0000950134-05-017306,0001069202,,UNMAPPED,0000950134-05-017306,8-K,2005-09-07,2005-09-07T20:37:04.000Z,2.04,https://www.sec.gov/Archives/edgar/data/1069202/000095013405017306/0000950134-05-017306-index.html,https://www.sec.gov/Archives/edgar/data/1069202/000095013405017306/d28655e8vk.htm
SEC8K-0000950123-05-011496,0000872589,,UNMAPPED,0000950123-05-011496,8-K,2005-09-26,2005-09-26T20:30:34.000Z,2.05,https://www.sec.gov/Archives/edgar/data/872589/000095012305011496/0000950123-05-011496-index.html,https://www.sec.gov/Archives/edgar/data/872589/000095012305011496/y13089e8vk.htm
SEC8K-0000950137-05-012037,0000068505,,UNMAPPED,0000950137-05-012037,8-K,2005-10-04,2005-10-04T21:05:48.000Z,2.05,https://www.sec.gov/Archives/edgar/data/68505/000095013705012037/0000950137-05-012037-index.html,https://www.sec.gov/Archives/edgar/data/68505/000095013705012037/c98887e8vk.htm
SEC8K-0000950129-05-009711,0000823768,,UNMAPPED,0000950129-05-009711,8-K,2005-10-06,2005-10-06T20:33:35.000Z,2.06,https://www.sec.gov/Archives/edgar/data/823768/000095012905009711/0000950129-05-009711-index.html,https://www.sec.gov/Archives/edgar/data/823768/000095012905009711/h29244e8vk.htm
SEC8K-0001157523-05-009028,0000006281,,UNMAPPED,0001157523-05-009028,8-K,2005-10-20,2005-10-20T21:19:09.000Z,2.05,https://www.sec.gov/Archives/edgar/data/6281/000115752305009028/0001157523-05-009028-index.html,https://www.sec.gov/Archives/edgar/data/6281/000115752305009028/a5000605.txt
SEC8K-0001193125-05-207825,0001039684,,UNMAPPED,0001193125-05-207825,8-K,2005-10-25,2005-10-25T19:54:42.000Z,2.06,https://www.sec.gov/Archives/edgar/data/1039684/000119312505207825/0001193125-05-207825-index.html,https://www.sec.gov/Archives/edgar/data/1039684/000119312505207825/d8k.htm
SEC8K-0001193125-05-209954,0000002488,,UNMAPPED,0001193125-05-209954,8-K,2005-10-27,2005-10-27T20:02:10.000Z,2.04,https://www.sec.gov/Archives/edgar/data/2488/000119312505209954/0001193125-05-209954-index.html,https://www.sec.gov/Archives/edgar/data/2488/000119312505209954/d8k.htm
SEC8K-0001104659-05-059604,0000796343,,UNMAPPED,0001104659-05-059604,8-K,2005-12-07,2005-12-07T22:18:16.000Z,2.05,https://www.sec.gov/Archives/edgar/data/796343/000110465905059604/0001104659-05-059604-index.html,https://www.sec.gov/Archives/edgar/data/796343/000110465905059604/a05-21249_18k.htm
SEC8K-0001193125-05-247654,0001101239,,UNMAPPED,0001193125-05-247654,8-K,2005-12-22,2005-12-22T21:33:27.000Z,2.05,https://www.sec.gov/Archives/edgar/data/1101239/000119312505247654/0001193125-05-247654-index.html,https://www.sec.gov/Archives/edgar/data/1101239/000119312505247654/d8k.htm
SEC8K-0001104659-05-062656,0000033213,,UNMAPPED,0001104659-05-062656,8-K,2005-12-27,2005-12-27T13:16:51.000Z,2.06,https://www.sec.gov/Archives/edgar/data/33213/000110465905062656/0001104659-05-062656-index.html,https://www.sec.gov/Archives/edgar/data/33213/000110465905062656/a05-22330_18k.htm
SEC8K-0001193125-06-002690,0001280452,,UNMAPPED,0001193125-06-002690,8-K,2006-01-06,2006-01-06T21:34:21.000Z,4.02,https://www.sec.gov/Archives/edgar/data/1280452/000119312506002690/0001193125-06-002690-index.html,https://www.sec.gov/Archives/edgar/data/1280452/000119312506002690/d8k.htm
SEC8K-0001193125-06-004871,0000943819,,UNMAPPED,0001193125-06-004871,8-K,2006-01-11,2006-01-11T19:22:50.000Z,2.04,https://www.sec.gov/Archives/edgar/data/943819/000119312506004871/0001193125-06-004871-index.html,https://www.sec.gov/Archives/edgar/data/943819/000119312506004871/d8k.htm
SEC8K-0001193125-06-005587,0000002488,,UNMAPPED,0001193125-06-005587,8-K,2006-01-12,2006-01-12T22:10:11.000Z,2.04,https://www.sec.gov/Archives/edgar/data/2488/000119312506005587/0001193125-06-005587-index.html,https://www.sec.gov/Archives/edgar/data/2488/000119312506005587/d8k.htm
SEC8K-0000004904-06-000012,0000004904,,UNMAPPED,0000004904-06-000012,8-K,2006-01-17,2006-01-17T13:32:41.000Z,2.06,https://www.sec.gov/Archives/edgar/data/4904/000000490406000012/0000004904-06-000012-index.html,https://www.sec.gov/Archives/edgar/data/4904/000000490406000012/tcc8ktrueup.htm
SEC8K-0001104659-06-002458,0001090872,,UNMAPPED,0001104659-06-002458,8-K,2006-01-17,2006-01-17T21:53:43.000Z,4.02,https://www.sec.gov/Archives/edgar/data/1090872/000110465906002458/0001104659-06-002458-index.html,https://www.sec.gov/Archives/edgar/data/1090872/000110465906002458/a06-2461_18k.htm
SEC8K-0000055785-06-000040,0000055785,,UNMAPPED,0000055785-06-000040,8-K,2006-01-24,2006-01-24T14:09:19.000Z,2.05,https://www.sec.gov/Archives/edgar/data/55785/000005578506000040/0000055785-06-000040-index.html,https://www.sec.gov/Archives/edgar/data/55785/000005578506000040/kc_8k-4q05shell.htm
SEC8K-0000950134-06-002645,0001069202,,UNMAPPED,0000950134-06-002645,8-K,2006-02-13,2006-02-13T21:38:59.000Z,2.05,https://www.sec.gov/Archives/edgar/data/1069202/000095013406002645/0000950134-06-002645-index.html,https://www.sec.gov/Archives/edgar/data/1069202/000095013406002645/d32849e8vk.htm
SEC8K-0001299933-06-000984,0000882184,,UNMAPPED,0001299933-06-000984,8-K,2006-02-14,2006-02-14T21:29:55.000Z,2.04,https://www.sec.gov/Archives/edgar/data/882184/000129993306000984/0001299933-06-000984-index.html,https://www.sec.gov/Archives/edgar/data/882184/000129993306000984/htm_10217.htm
SEC8K-0001193125-06-032719,0001341439,,UNMAPPED,0001193125-06-032719,8-K,2006-02-15,2006-02-15T21:49:32.000Z,2.05,https://www.sec.gov/Archives/edgar/data/1341439/000119312506032719/0001193125-06-032719-index.html,https://www.sec.gov/Archives/edgar/data/1341439/000119312506032719/d8k.htm
SEC8K-0000060086-06-000018,0000060086,,UNMAPPED,0000060086-06-000018,8-K,2006-02-16,2006-02-16T13:41:29.000Z,4.02,https://www.sec.gov/Archives/edgar/data/60086/000006008606000018/0000060086-06-000018-index.html,https://www.sec.gov/Archives/edgar/data/60086/000006008606000018/k_bodynopgs.htm
SEC8K-0000950134-06-003425,0001069202,,UNMAPPED,0000950134-06-003425,8-K,2006-02-21,2006-02-21T18:25:04.000Z,4.02,https://www.sec.gov/Archives/edgar/data/1069202/000095013406003425/0000950134-06-003425-index.html,https://www.sec.gov/Archives/edgar/data/1069202/000095013406003425/d33261e8vk.htm
SEC8K-0000016918-06-000011,0000016918,,UNMAPPED,0000016918-06-000011,8-K,2006-02-23,2006-02-23T22:00:30.000Z,2.05,https://www.sec.gov/Archives/edgar/data/16918/000001691806000011/0000016918-06-000011-index.html,https://www.sec.gov/Archives/edgar/data/16918/000001691806000011/form8k021606-2.htm
SEC8K-0000060086-06-000022,0000060086,,UNMAPPED,0000060086-06-000022,8-K,2006-03-08,2006-03-08T18:01:49.000Z,4.02,https://www.sec.gov/Archives/edgar/data/60086/000006008606000022/0000060086-06-000022-index.html,https://www.sec.gov/Archives/edgar/data/60086/000006008606000022/body_8k.htm
SEC8K-0000055785-06-000072,0000055785,,UNMAPPED,0000055785-06-000072,8-K,2006-03-16,2006-03-16T14:47:47.000Z,2.05,https://www.sec.gov/Archives/edgar/data/55785/000005578506000072/0000055785-06-000072-index.html,https://www.sec.gov/Archives/edgar/data/55785/000005578506000072/kc_8k-031606.htm
SEC8K-0000060086-06-000030,0000060086,,UNMAPPED,0000060086-06-000030,8-K/A,2006-04-04,2006-04-04T18:55:23.000Z,4.02,https://www.sec.gov/Archives/edgar/data/60086/000006008606000030/0000060086-06-000030-index.html,https://www.sec.gov/Archives/edgar/data/60086/000006008606000030/body_8ka.htm
SEC8K-0000097745-06-000100,0000097745,,UNMAPPED,0000097745-06-000100,8-K,2006-04-28,2006-04-28T18:17:03.000Z,2.05,https://www.sec.gov/Archives/edgar/data/97745/000009774506000100/0000097745-06-000100-index.html,https://www.sec.gov/Archives/edgar/data/97745/000009774506000100/thermo8-k042606.htm
SEC8K-0000026172-06-000013,0000026172,,UNMAPPED,0000026172-06-000013,8-K,2006-05-12,2006-05-12T20:34:39.000Z,2.04,https://www.sec.gov/Archives/edgar/data/26172/000002617206000013/0000026172-06-000013-index.html,https://www.sec.gov/Archives/edgar/data/26172/000002617206000013/cummins8k0512061.htm
SEC8K-0000950123-06-007243,0000310158,,UNMAPPED,0000950123-06-007243,8-K,2006-06-01,2006-06-01T12:45:30.000Z,2.05|2.06,https://www.sec.gov/Archives/edgar/data/310158/000095012306007243/0000950123-06-007243-index.html,https://www.sec.gov/Archives/edgar/data/310158/000095012306007243/y21888e8vk.htm
SEC8K-0001193125-06-124913,0001037540,,UNMAPPED,0001193125-06-124913,8-K,2006-06-06,2006-06-06T15:54:14.000Z,2.05,https://www.sec.gov/Archives/edgar/data/1037540/000119312506124913/0001193125-06-124913-index.html,https://www.sec.gov/Archives/edgar/data/1037540/000119312506124913/d8k.htm
SEC8K-0000950134-06-011455,0000882184,,UNMAPPED,0000950134-06-011455,8-K,2006-06-12,2006-06-12T21:21:34.000Z,2.04,https://www.sec.gov/Archives/edgar/data/882184/000095013406011455/0000950134-06-011455-index.html,https://www.sec.gov/Archives/edgar/data/882184/000095013406011455/d37013e8vk.htm
SEC8K-0000016918-06-000037,0000016918,,UNMAPPED,0000016918-06-000037,8-K,2006-07-12,2006-07-12T19:54:20.000Z,2.05,https://www.sec.gov/Archives/edgar/data/16918/000001691806000037/0000016918-06-000037-index.html,https://www.sec.gov/Archives/edgar/data/16918/000001691806000037/form8k-071106.htm
SEC8K-0000891020-06-000178,0001048695,,UNMAPPED,0000891020-06-000178,8-K,2006-07-20,2006-07-20T20:17:53.000Z,4.02,https://www.sec.gov/Archives/edgar/data/1048695/000089102006000178/0000891020-06-000178-index.html,https://www.sec.gov/Archives/edgar/data/1048695/000089102006000178/v22227e8vk.htm
SEC8K-0001193125-06-152349,0000943452,,UNMAPPED,0001193125-06-152349,8-K,2006-07-25,2006-07-25T15:22:39.000Z,2.05,https://www.sec.gov/Archives/edgar/data/943452/000119312506152349/0001193125-06-152349-index.html,https://www.sec.gov/Archives/edgar/data/943452/000119312506152349/d8k.htm
SEC8K-0001193125-06-153662,0001097864,,UNMAPPED,0001193125-06-153662,8-K,2006-07-26,2006-07-26T19:15:25.000Z,2.04,https://www.sec.gov/Archives/edgar/data/1097864/000119312506153662/0001193125-06-153662-index.html,https://www.sec.gov/Archives/edgar/data/1097864/000119312506153662/d8k.htm
SEC8K-0001193125-06-153798,0000898293,,UNMAPPED,0001193125-06-153798,8-K,2006-07-26,2006-07-26T20:43:31.000Z,2.05|2.06,https://www.sec.gov/Archives/edgar/data/898293/000119312506153798/0001193125-06-153798-index.html,https://www.sec.gov/Archives/edgar/data/898293/000119312506153798/d8k.htm
SEC8K-0000016918-06-000047,0000016918,,UNMAPPED,0000016918-06-000047,8-K,2006-08-03,2006-08-02T23:50:18.000Z,2.05|2.06,https://www.sec.gov/Archives/edgar/data/16918/000001691806000047/0000016918-06-000047-index.html,https://www.sec.gov/Archives/edgar/data/16918/000001691806000047/form8k-080206.htm
SEC8K-0001104659-06-051302,0000320193,,UNMAPPED,0001104659-06-051302,8-K,2006-08-04,2006-08-04T01:52:48.000Z,4.02,https://www.sec.gov/Archives/edgar/data/320193/000110465906051302/0001104659-06-051302-index.html,https://www.sec.gov/Archives/edgar/data/320193/000110465906051302/a06-17414_18k.htm
SEC8K-0001193125-06-163019,0001053507,,UNMAPPED,0001193125-06-163019,8-K,2006-08-07,2006-08-07T10:13:27.000Z,4.02,https://www.sec.gov/Archives/edgar/data/1053507/000119312506163019/0001193125-06-163019-index.html,https://www.sec.gov/Archives/edgar/data/1053507/000119312506163019/d8k.htm
SEC8K-0001193125-06-177709,0000012927,,UNMAPPED,0001193125-06-177709,8-K,2006-08-22,2006-08-22T20:15:23.000Z,2.05,https://www.sec.gov/Archives/edgar/data/12927/000119312506177709/0001193125-06-177709-index.html,https://www.sec.gov/Archives/edgar/data/12927/000119312506177709/d8k.htm
SEC8K-0000004904-06-000186,0000004904,,UNMAPPED,0000004904-06-000186,8-K,2006-09-06,2006-09-06T13:02:56.000Z,2.06,https://www.sec.gov/Archives/edgar/data/4904/000000490406000186/0000004904-06-000186-index.html,https://www.sec.gov/Archives/edgar/data/4904/000000490406000186/aep8kdowsale.htm
SEC8K-0001035704-06-000670,0000866374,,UNMAPPED,0001035704-06-000670,8-K,2006-09-18,2006-09-18T18:16:23.000Z,2.05|2.06,https://www.sec.gov/Archives/edgar/data/866374/000103570406000670/0001035704-06-000670-index.html,https://www.sec.gov/Archives/edgar/data/866374/000103570406000670/d39714e8vk.htm
SEC8K-0000055785-06-000196,0000055785,,UNMAPPED,0000055785-06-000196,8-K,2006-09-20,2006-09-20T19:48:13.000Z,2.05,https://www.sec.gov/Archives/edgar/data/55785/000005578506000196/0000055785-06-000196-index.html,https://www.sec.gov/Archives/edgar/data/55785/000005578506000196/kc_8kitem2050906.htm
SEC8K-0000062709-06-000177,0000062709,,UNMAPPED,0000062709-06-000177,8-K,2006-09-20,2006-09-20T21:00:32.000Z,2.05,https://www.sec.gov/Archives/edgar/data/62709/000006270906000177/0000062709-06-000177-index.html,https://www.sec.gov/Archives/edgar/data/62709/000006270906000177/f8ksept14-2006restructuring.htm
SEC8K-0001193125-06-194878,0001137789,,UNMAPPED,0001193125-06-194878,8-K,2006-09-21,2006-09-21T20:58:28.000Z,2.04,https://www.sec.gov/Archives/edgar/data/1137789/000119312506194878/0001193125-06-194878-index.html,https://www.sec.gov/Archives/edgar/data/1137789/000119312506194878/d8k.htm
SEC8K-0001193125-06-199099,0000898293,,UNMAPPED,0001193125-06-199099,8-K/A,2006-09-28,2006-09-28T20:44:17.000Z,2.05|2.06,https://www.sec.gov/Archives/edgar/data/898293/000119312506199099/0001193125-06-199099-index.html,https://www.sec.gov/Archives/edgar/data/898293/000119312506199099/d8ka.htm
SEC8K-0000950117-06-004078,0000010795,,UNMAPPED,0000950117-06-004078,8-K,2006-09-29,2006-09-29T20:57:02.000Z,2.05,https://www.sec.gov/Archives/edgar/data/10795/000095011706004078/0000950117-06-004078-index.html,https://www.sec.gov/Archives/edgar/data/10795/000095011706004078/a42850.htm
SEC8K-0000950134-06-018591,0000319201,,UNMAPPED,0000950134-06-018591,8-K,2006-10-03,2006-10-03T19:45:52.000Z,4.02,https://www.sec.gov/Archives/edgar/data/319201/000095013406018591/0000950134-06-018591-index.html,https://www.sec.gov/Archives/edgar/data/319201/000095013406018591/f23957e8vk.htm
SEC8K-0000891618-06-000405,0000319201,,UNMAPPED,0000891618-06-000405,8-K/A,2006-10-04,2006-10-04T21:22:40.000Z,4.02,https://www.sec.gov/Archives/edgar/data/319201/000089161806000405/0000891618-06-000405-index.html,https://www.sec.gov/Archives/edgar/data/319201/000089161806000405/f23957a1e8vkza.htm
SEC8K-0001299933-06-006510,0000202058,,UNMAPPED,0001299933-06-006510,8-K,2006-10-11,2006-10-10T21:37:34.000Z,2.06,https://www.sec.gov/Archives/edgar/data/202058/000129993306006510/0001299933-06-006510-index.html,https://www.sec.gov/Archives/edgar/data/202058/000129993306006510/htm_15462.htm
SEC8K-0001299933-06-006761,0000077476,,UNMAPPED,0001299933-06-006761,8-K,2006-10-20,2006-10-20T21:05:09.000Z,2.05,https://www.sec.gov/Archives/edgar/data/77476/000129993306006761/0001299933-06-006761-index.html,https://www.sec.gov/Archives/edgar/data/77476/000129993306006761/htm_15691.htm
SEC8K-0000891020-06-000291,0001048695,,UNMAPPED,0000891020-06-000291,8-K,2006-10-25,2006-10-25T20:17:39.000Z,4.02,https://www.sec.gov/Archives/edgar/data/1048695/000089102006000291/0000891020-06-000291-index.html,https://www.sec.gov/Archives/edgar/data/1048695/000089102006000291/v24410e8vk.htm
SEC8K-0001031296-06-000252,0001031296,,UNMAPPED,0001031296-06-000252,8-K,2006-11-02,2006-11-02T21:08:38.000Z,4.02,https://www.sec.gov/Archives/edgar/data/1031296/000103129606000252/0001031296-06-000252-index.html,https://www.sec.gov/Archives/edgar/data/1031296/000103129606000252/main8_k.htm
SEC8K-0001193125-06-223958,0001045810,,UNMAPPED,0001193125-06-223958,8-K,2006-11-06,2006-11-03T23:26:45.000Z,4.02,https://www.sec.gov/Archives/edgar/data/1045810/000119312506223958/0001193125-06-223958-index.html,https://www.sec.gov/Archives/edgar/data/1045810/000119312506223958/d8k.htm
SEC8K-0001193125-06-235076,0000898293,,UNMAPPED,0001193125-06-235076,8-K,2006-11-14,2006-11-14T22:11:31.000Z,4.02,https://www.sec.gov/Archives/edgar/data/898293/000119312506235076/0001193125-06-235076-index.html,https://www.sec.gov/Archives/edgar/data/898293/000119312506235076/d8k.htm
SEC8K-0001193125-06-240200,0001014473,,UNMAPPED,0001193125-06-240200,8-K,2006-11-21,2006-11-21T21:40:22.000Z,4.02,https://www.sec.gov/Archives/edgar/data/1014473/000119312506240200/0001193125-06-240200-index.html,https://www.sec.gov/Archives/edgar/data/1014473/000119312506240200/d8k.htm
SEC8K-0001104659-06-079501,0001099800,,UNMAPPED,0001104659-06-079501,8-K,2006-12-05,2006-12-05T21:09:26.000Z,2.05|2.06,https://www.sec.gov/Archives/edgar/data/1099800/000110465906079501/0001104659-06-079501-index.html,https://www.sec.gov/Archives/edgar/data/1099800/000110465906079501/a06-25031_18k.htm
SEC8K-0000753308-06-000113,0000753308,,UNMAPPED,0000753308-06-000113,8-K,2006-12-15,2006-12-15T22:18:38.000Z,2.06,https://www.sec.gov/Archives/edgar/data/753308/000075330806000113/0000753308-06-000113-index.html,https://www.sec.gov/Archives/edgar/data/753308/000075330806000113/form8k121506.htm
SEC8K-0000897101-07-000052,0000040704,,UNMAPPED,0000897101-07-000052,8-K,2007-01-05,2007-01-05T22:23:12.000Z,4.02,https://www.sec.gov/Archives/edgar/data/40704/000089710107000052/0000897101-07-000052-index.html,https://www.sec.gov/Archives/edgar/data/40704/000089710107000052/genmills070068_8k.htm
SEC8K-0001104659-07-006509,0000875320,,UNMAPPED,0001104659-07-006509,8-K,2007-02-01,2007-02-01T21:45:23.000Z,2.04,https://www.sec.gov/Archives/edgar/data/875320/000110465907006509/0001104659-07-006509-index.html,https://www.sec.gov/Archives/edgar/data/875320/000110465907006509/a07-3181_18k.htm
SEC8K-0000047217-07-000055,0000047217,,UNMAPPED,0000047217-07-000055,8-K,2007-02-20,2007-02-20T21:13:39.000Z,2.05,https://www.sec.gov/Archives/edgar/data/47217/000004721707000055/0000047217-07-000055-index.html,https://www.sec.gov/Archives/edgar/data/47217/000004721707000055/form8-k_q107.htm
SEC8K-0000047111-07-000047,0000047111,,UNMAPPED,0000047111-07-000047,8-K,2007-02-20,2007-02-20T22:09:26.000Z,2.05,https://www.sec.gov/Archives/edgar/data/47111/000004711107000047/0000047111-07-000047-index.html,https://www.sec.gov/Archives/edgar/data/47111/000004711107000047/f8k_02202007.htm
SEC8K-0001091667-07-000026,0001091667,,UNMAPPED,0001091667-07-000026,8-K,2007-03-12,2007-03-09T23:24:38.000Z,2.04,https://www.sec.gov/Archives/edgar/data/1091667/000109166707000026/0001091667-07-000026-index.html,https://www.sec.gov/Archives/edgar/data/1091667/000109166707000026/body.htm
SEC8K-0001193125-07-056512,0000882184,,UNMAPPED,0001193125-07-056512,8-K,2007-03-16,2007-03-16T14:07:18.000Z,2.04,https://www.sec.gov/Archives/edgar/data/882184/000119312507056512/0001193125-07-056512-index.html,https://www.sec.gov/Archives/edgar/data/882184/000119312507056512/d8k.htm
SEC8K-0001193125-07-067474,0000898293,,UNMAPPED,0001193125-07-067474,8-K/A,2007-03-28,2007-03-28T21:29:24.000Z,2.05,https://www.sec.gov/Archives/edgar/data/898293/000119312507067474/0001193125-07-067474-index.html,https://www.sec.gov/Archives/edgar/data/898293/000119312507067474/d8ka.htm
SEC8K-0001193125-07-067475,0000898293,,UNMAPPED,0001193125-07-067475,8-K,2007-03-28,2007-03-28T21:30:38.000Z,4.02,https://www.sec.gov/Archives/edgar/data/898293/000119312507067475/0001193125-07-067475-index.html,https://www.sec.gov/Archives/edgar/data/898293/000119312507067475/d8k.htm
SEC8K-0001193125-07-085777,0000063908,,UNMAPPED,0001193125-07-085777,8-K,2007-04-20,2007-04-20T11:56:13.000Z,2.06,https://www.sec.gov/Archives/edgar/data/63908/000119312507085777/0001193125-07-085777-index.html,https://www.sec.gov/Archives/edgar/data/63908/000119312507085777/d8k.htm
SEC8K-0001193125-07-101469,0001341439,,UNMAPPED,0001193125-07-101469,8-K,2007-05-03,2007-05-03T21:01:33.000Z,2.04,https://www.sec.gov/Archives/edgar/data/1341439/000119312507101469/0001193125-07-101469-index.html,https://www.sec.gov/Archives/edgar/data/1341439/000119312507101469/d8k.htm
SEC8K-0001193125-07-103509,0000940944,,UNMAPPED,0001193125-07-103509,8-K,2007-05-07,2007-05-07T10:10:34.000Z,2.05|2.06,https://www.sec.gov/Archives/edgar/data/940944/000119312507103509/0001193125-07-103509-index.html,https://www.sec.gov/Archives/edgar/data/940944/000119312507103509/d8k.htm
SEC8K-0000950129-07-002289,0000096021,,UNMAPPED,0000950129-07-002289,8-K,2007-05-07,2007-05-07T12:15:48.000Z,4.02,https://www.sec.gov/Archives/edgar/data/96021/000095012907002289/0000950129-07-002289-index.html,https://www.sec.gov/Archives/edgar/data/96021/000095012907002289/h46325e8vk.htm
SEC8K-0001193125-07-106073,0001014473,,UNMAPPED,0001193125-07-106073,8-K,2007-05-08,2007-05-08T20:23:06.000Z,2.05|2.06,https://www.sec.gov/Archives/edgar/data/1014473/000119312507106073/0001193125-07-106073-index.html,https://www.sec.gov/Archives/edgar/data/1014473/000119312507106073/d8k.htm
SEC8K-0000097745-07-000078,0000097745,,UNMAPPED,0000097745-07-000078,8-K,2007-06-01,2007-06-01T17:49:19.000Z,2.06,https://www.sec.gov/Archives/edgar/data/97745/000009774507000078/0000097745-07-000078-index.html,https://www.sec.gov/Archives/edgar/data/97745/000009774507000078/form8k_060107.htm
SEC8K-0001193125-07-131054,0000715957,,UNMAPPED,0001193125-07-131054,8-K,2007-06-07,2007-06-06T22:53:33.000Z,2.05,https://www.sec.gov/Archives/edgar/data/715957/000119312507131054/0001193125-07-131054-index.html,https://www.sec.gov/Archives/edgar/data/715957/000119312507131054/d8k.htm
SEC8K-0001104659-07-047272,0000833444,,UNMAPPED,0001104659-07-047272,8-K,2007-06-13,2007-06-13T00:29:49.000Z,2.06,https://www.sec.gov/Archives/edgar/data/833444/000110465907047272/0001104659-07-047272-index.html,https://www.sec.gov/Archives/edgar/data/833444/000110465907047272/a07-14043_38k.htm
SEC8K-0001047469-07-004966,0001385157,,UNMAPPED,0001047469-07-004966,8-K,2007-06-13,2007-06-13T00:30:06.000Z,2.06,https://www.sec.gov/Archives/edgar/data/1385157/000104746907004966/0001047469-07-004966-index.html,https://www.sec.gov/Archives/edgar/data/1385157/000104746907004966/a2178428z8-k.htm
SEC8K-0000950129-07-003123,0001163165,,UNMAPPED,0000950129-07-003123,8-K,2007-06-27,2007-06-27T00:36:29.000Z,2.06,https://www.sec.gov/Archives/edgar/data/1163165/000095012907003123/0000950129-07-003123-index.html,https://www.sec.gov/Archives/edgar/data/1163165/000095012907003123/h47735e8vk.htm
SEC8K-0001193125-07-144284,0000898293,,UNMAPPED,0001193125-07-144284,8-K/A,2007-06-27,2007-06-27T20:36:36.000Z,2.05|2.06,https://www.sec.gov/Archives/edgar/data/898293/000119312507144284/0001193125-07-144284-index.html,https://www.sec.gov/Archives/edgar/data/898293/000119312507144284/d8ka.htm
SEC8K-0000950137-07-009733,0000068505,,UNMAPPED,0000950137-07-009733,8-K,2007-07-05,2007-07-05T20:18:40.000Z,2.05,https://www.sec.gov/Archives/edgar/data/68505/000095013707009733/0000950137-07-009733-index.html,https://www.sec.gov/Archives/edgar/data/68505/000095013707009733/c16549e8vk.htm
SEC8K-0001193125-07-150688,0001164727,,UNMAPPED,0001193125-07-150688,8-K,2007-07-06,2007-07-06T15:09:19.000Z,2.05|2.06,https://www.sec.gov/Archives/edgar/data/1164727/000119312507150688/0001193125-07-150688-index.html,https://www.sec.gov/Archives/edgar/data/1164727/000119312507150688/d8k.htm
SEC8K-0000715957-07-000031,0000715957,,UNMAPPED,0000715957-07-000031,8-K,2007-07-09,2007-07-09T20:12:21.000Z,2.06,https://www.sec.gov/Archives/edgar/data/715957/000071595707000031/0000715957-07-000031-index.html,https://www.sec.gov/Archives/edgar/data/715957/000071595707000031/dri_dresdenimpairment.htm
SEC8K-0001193125-07-183978,0000318154,,UNMAPPED,0001193125-07-183978,8-K,2007-08-15,2007-08-15T21:09:30.000Z,2.05,https://www.sec.gov/Archives/edgar/data/318154/000119312507183978/0001193125-07-183978-index.html,https://www.sec.gov/Archives/edgar/data/318154/000119312507183978/d8k.htm
SEC8K-0000897101-07-001826,0000040704,,UNMAPPED,0000897101-07-001826,8-K,2007-08-28,2007-08-28T17:25:35.000Z,2.05|2.06,https://www.sec.gov/Archives/edgar/data/40704/000089710107001826/0000897101-07-001826-index.html,https://www.sec.gov/Archives/edgar/data/40704/000089710107001826/genmills073516_8k.htm
SEC8K-0000950134-07-019776,0001069202,,UNMAPPED,0000950134-07-019776,8-K,2007-09-10,2007-09-10T19:30:28.000Z,2.05,https://www.sec.gov/Archives/edgar/data/1069202/000095013407019776/0000950134-07-019776-index.html,https://www.sec.gov/Archives/edgar/data/1069202/000095013407019776/d49805e8vk.htm
SEC8K-0001104659-07-068082,0000910521,,UNMAPPED,0001104659-07-068082,8-K,2007-09-10,2007-09-10T20:09:42.000Z,4.02,https://www.sec.gov/Archives/edgar/data/910521/000110465907068082/0001104659-07-068082-index.html,https://www.sec.gov/Archives/edgar/data/910521/000110465907068082/a07-23624_18k.htm
SEC8K-0000891618-07-000579,0001065088,,UNMAPPED,0000891618-07-000579,8-K,2007-10-01,2007-10-01T12:40:55.000Z,2.06,https://www.sec.gov/Archives/edgar/data/1065088/000089161807000579/0000891618-07-000579-index.html,https://www.sec.gov/Archives/edgar/data/1065088/000089161807000579/f34172e8vk.htm
SEC8K-0000723125-07-000086,0000723125,,UNMAPPED,0000723125-07-000086,8-K,2007-10-02,2007-10-02T20:04:44.000Z,2.05,https://www.sec.gov/Archives/edgar/data/723125/000072312507000086/0000723125-07-000086-index.html,https://www.sec.gov/Archives/edgar/data/723125/000072312507000086/filing8-k.htm
SEC8K-0001193125-07-211951,0000898293,,UNMAPPED,0001193125-07-211951,8-K/A,2007-10-02,2007-10-02T20:53:03.000Z,2.05|2.06,https://www.sec.gov/Archives/edgar/data/898293/000119312507211951/0001193125-07-211951-index.html,https://www.sec.gov/Archives/edgar/data/898293/000119312507211951/d8ka.htm
SEC8K-0000950137-07-015031,0000068505,,UNMAPPED,0000950137-07-015031,8-K,2007-10-03,2007-10-03T19:34:31.000Z,2.05,https://www.sec.gov/Archives/edgar/data/68505/000095013707015031/0000950137-07-015031-index.html,https://www.sec.gov/Archives/edgar/data/68505/000095013707015031/c19031e8vk.htm
SEC8K-0001035704-07-000693,0000866374,,UNMAPPED,0001035704-07-000693,8-K,2007-10-05,2007-10-05T21:14:27.000Z,2.04,https://www.sec.gov/Archives/edgar/data/866374/000103570407000693/0001035704-07-000693-index.html,https://www.sec.gov/Archives/edgar/data/866374/000103570407000693/d50380e8vk.htm
SEC8K-0000950134-07-021100,0001069202,,UNMAPPED,0000950134-07-021100,8-K,2007-10-10,2007-10-10T13:28:43.000Z,2.05,https://www.sec.gov/Archives/edgar/data/1069202/000095013407021100/0000950134-07-021100-index.html,https://www.sec.gov/Archives/edgar/data/1069202/000095013407021100/d50406e8vk.htm
SEC8K-0000950134-07-021165,0001316835,,UNMAPPED,0000950134-07-021165,8-K,2007-10-11,2007-10-11T10:02:04.000Z,2.06,https://www.sec.gov/Archives/edgar/data/1316835/000095013407021165/0000950134-07-021165-index.html,https://www.sec.gov/Archives/edgar/data/1316835/000095013407021165/d50440e8vk.htm
SEC8K-0001193125-07-232534,0000712515,,UNMAPPED,0001193125-07-232534,8-K,2007-11-01,2007-11-01T20:23:40.000Z,2.05,https://www.sec.gov/Archives/edgar/data/712515/000119312507232534/0001193125-07-232534-index.html,https://www.sec.gov/Archives/edgar/data/712515/000119312507232534/d8k.htm
SEC8K-0000016918-07-000091,0000016918,,UNMAPPED,0000016918-07-000091,8-K,2007-11-14,2007-11-14T00:49:17.000Z,2.05,https://www.sec.gov/Archives/edgar/data/16918/000001691807000091/0000016918-07-000091-index.html,https://www.sec.gov/Archives/edgar/data/16918/000001691807000091/form8k-111307.htm
SEC8K-0000200406-07-000139,0000200406,,UNMAPPED,0000200406-07-000139,8-K,2007-11-29,2007-11-29T22:18:07.000Z,2.06,https://www.sec.gov/Archives/edgar/data/200406/000020040607000139/0000200406-07-000139-index.html,https://www.sec.gov/Archives/edgar/data/200406/000020040607000139/novtwentynine.txt
SEC8K-0000200406-07-000142,0000200406,,UNMAPPED,0000200406-07-000142,8-K/A,2007-11-30,2007-11-29T23:00:14.000Z,2.06,https://www.sec.gov/Archives/edgar/data/200406/000020040607000142/0000200406-07-000142-index.html,https://www.sec.gov/Archives/edgar/data/200406/000020040607000142/eightknovtwentynine.txt
SEC8K-0001104659-07-086940,0000072903,,UNMAPPED,0001104659-07-086940,8-K,2007-12-05,2007-12-05T11:02:26.000Z,4.02,https://www.sec.gov/Archives/edgar/data/72903/000110465907086940/0001104659-07-086940-index.html,https://www.sec.gov/Archives/edgar/data/72903/000110465907086940/a07-30728_18k.htm
SEC8K-0001193125-07-263283,0000002488,,UNMAPPED,0001193125-07-263283,8-K,2007-12-12,2007-12-12T01:29:05.000Z,2.06,https://www.sec.gov/Archives/edgar/data/2488/000119312507263283/0001193125-07-263283-index.html,https://www.sec.gov/Archives/edgar/data/2488/000119312507263283/d8k.htm
SEC8K-0001071739-07-000055,0001071739,,UNMAPPED,0001071739-07-000055,8-K,2007-12-12,2007-12-12T21:09:03.000Z,2.06,https://www.sec.gov/Archives/edgar/data/1071739/000107173907000055/0001071739-07-000055-index.html,https://www.sec.gov/Archives/edgar/data/1071739/000107173907000055/form8k.htm
SEC8K-0000723125-07-000134,0000723125,,UNMAPPED,0000723125-07-000134,8-K,2007-12-20,2007-12-20T21:01:39.000Z,2.05,https://www.sec.gov/Archives/edgar/data/723125/000072312507000134/0000723125-07-000134-index.html,https://www.sec.gov/Archives/edgar/data/723125/000072312507000134/q1_8-k.htm
SEC8K-0001193125-07-269469,0001137789,,UNMAPPED,0001193125-07-269469,8-K,2007-12-21,2007-12-21T02:35:36.000Z,2.05,https://www.sec.gov/Archives/edgar/data/1137789/000119312507269469/0001193125-07-269469-index.html,https://www.sec.gov/Archives/edgar/data/1137789/000119312507269469/d8k.htm
SEC8K-0000950137-08-000104,0000068505,,UNMAPPED,0000950137-08-000104,8-K,2008-01-04,2008-01-04T22:23:42.000Z,2.05,https://www.sec.gov/Archives/edgar/data/68505/000095013708000104/0000950137-08-000104-index.html,https://www.sec.gov/Archives/edgar/data/68505/000095013708000104/c22693e8vk.htm
SEC8K-0001193125-08-002520,0001059556,,UNMAPPED,0001193125-08-002520,8-K,2008-01-07,2008-01-07T22:17:59.000Z,2.05,https://www.sec.gov/Archives/edgar/data/1059556/000119312508002520/0001193125-08-002520-index.html,https://www.sec.gov/Archives/edgar/data/1059556/000119312508002520/d8k.htm
SEC8K-0001144204-08-001083,0000016918,,UNMAPPED,0001144204-08-001083,8-K,2008-01-08,2008-01-08T14:20:37.000Z,2.05,https://www.sec.gov/Archives/edgar/data/16918/000114420408001083/0001144204-08-001083-index.html,https://www.sec.gov/Archives/edgar/data/16918/000114420408001083/v098957_8k.htm
SEC8K-0001193125-08-008090,0000002488,,UNMAPPED,0001193125-08-008090,8-K/A,2008-01-17,2008-01-17T21:42:34.000Z,2.06,https://www.sec.gov/Archives/edgar/data/2488/000119312508008090/0001193125-08-008090-index.html,https://www.sec.gov/Archives/edgar/data/2488/000119312508008090/d8ka.htm
SEC8K-0001047469-08-002116,0001144519,,UNMAPPED,0001047469-08-002116,8-K,2008-03-03,2008-03-03T06:42:21.000Z,4.02,https://www.sec.gov/Archives/edgar/data/1144519/000104746908002116/0001047469-08-002116-index.html,https://www.sec.gov/Archives/edgar/data/1144519/000104746908002116/a2183297z8-k.htm
SEC8K-0001299933-08-001365,0000059478,,UNMAPPED,0001299933-08-001365,8-K,2008-03-13,2008-03-13T15:27:51.000Z,2.05|2.06,https://www.sec.gov/Archives/edgar/data/59478/000129993308001365/0001299933-08-001365-index.html,https://www.sec.gov/Archives/edgar/data/59478/000129993308001365/htm_26085.htm
SEC8K-0001193125-08-058715,0001097864,,UNMAPPED,0001193125-08-058715,8-K,2008-03-17,2008-03-17T19:07:29.000Z,2.04,https://www.sec.gov/Archives/edgar/data/1097864/000119312508058715/0001193125-08-058715-index.html,https://www.sec.gov/Archives/edgar/data/1097864/000119312508058715/d8k.htm
SEC8K-0001299933-08-001545,0000106040,,UNMAPPED,0001299933-08-001545,8-K,2008-03-21,2008-03-21T01:16:12.000Z,2.05|2.06,https://www.sec.gov/Archives/edgar/data/106040/000129993308001545/0001299933-08-001545-index.html,https://www.sec.gov/Archives/edgar/data/106040/000129993308001545/htm_26263.htm
SEC8K-0001104659-08-019271,0001090872,,UNMAPPED,0001104659-08-019271,8-K,2008-03-24,2008-03-24T20:50:53.000Z,2.04,https://www.sec.gov/Archives/edgar/data/1090872/000110465908019271/0001104659-08-019271-index.html,https://www.sec.gov/Archives/edgar/data/1090872/000110465908019271/a08-8736_28k.htm
SEC8K-0000050863-08-000115,0000050863,,UNMAPPED,0000050863-08-000115,8-K,2008-03-31,2008-03-31T08:53:48.000Z,2.05|2.06,https://www.sec.gov/Archives/edgar/data/50863/000005086308000115/0000050863-08-000115-index.html,https://www.sec.gov/Archives/edgar/data/50863/000005086308000115/form8k33008.htm
SEC8K-0000723125-08-000020,0000723125,,UNMAPPED,0000723125-08-000020,8-K,2008-04-02,2008-04-02T20:03:58.000Z,2.05,https://www.sec.gov/Archives/edgar/data/723125/000072312508000020/0000723125-08-000020-index.html,https://www.sec.gov/Archives/edgar/data/723125/000072312508000020/q2_8-k.htm
SEC8K-0001381197-08-000004,0001381197,,UNMAPPED,0001381197-08-000004,8-K,2008-04-03,2008-04-02T21:35:33.000Z,4.02,https://www.sec.gov/Archives/edgar/data/1381197/000138119708000004/0001381197-08-000004-index.html,https://www.sec.gov/Archives/edgar/data/1381197/000138119708000004/ibkr-8k040208b.htm
SEC8K-0000950137-08-005055,0000068505,,UNMAPPED,0000950137-08-005055,8-K,2008-04-03,2008-04-03T20:28:45.000Z,2.05,https://www.sec.gov/Archives/edgar/data/68505/000095013708005055/0000950137-08-005055-index.html,https://www.sec.gov/Archives/edgar/data/68505/000095013708005055/c25433e8vk.htm
SEC8K-0000950123-08-003864,0000310158,,UNMAPPED,0000950123-08-003864,8-K,2008-04-04,2008-04-04T21:27:59.000Z,2.05,https://www.sec.gov/Archives/edgar/data/310158/000095012308003864/0000950123-08-003864-index.html,https://www.sec.gov/Archives/edgar/data/310158/000095012308003864/y53319e8vk.htm
SEC8K-0001193125-08-095030,0001280452,,UNMAPPED,0001193125-08-095030,8-K,2008-04-29,2008-04-29T20:06:00.000Z,4.02,https://www.sec.gov/Archives/edgar/data/1280452/000119312508095030/0001193125-08-095030-index.html,https://www.sec.gov/Archives/edgar/data/1280452/000119312508095030/d8k.htm
SEC8K-0001140361-08-013317,0000037996,,UNMAPPED,0001140361-08-013317,8-K,2008-05-22,2008-05-22T14:53:45.000Z,2.06,https://www.sec.gov/Archives/edgar/data/37996/000114036108013317/0001140361-08-013317-index.html,https://www.sec.gov/Archives/edgar/data/37996/000114036108013317/form8k.htm
SEC8K-0001193125-08-129677,0000027904,,UNMAPPED,0001193125-08-129677,8-K,2008-06-06,2008-06-06T20:42:09.000Z,2.05,https://www.sec.gov/Archives/edgar/data/27904/000119312508129677/0001193125-08-129677-index.html,https://www.sec.gov/Archives/edgar/data/27904/000119312508129677/d8k.htm
SEC8K-0000723125-08-000038,0000723125,,UNMAPPED,0000723125-08-000038,8-K,2008-06-26,2008-06-26T20:04:06.000Z,2.05,https://www.sec.gov/Archives/edgar/data/723125/000072312508000038/0000723125-08-000038-index.html,https://www.sec.gov/Archives/edgar/data/723125/000072312508000038/q308_8-k.htm
SEC8K-0001193125-08-149499,0000002488,,UNMAPPED,0001193125-08-149499,8-K,2008-07-11,2008-07-11T01:00:02.000Z,2.06,https://www.sec.gov/Archives/edgar/data/2488/000119312508149499/0001193125-08-149499-index.html,https://www.sec.gov/Archives/edgar/data/2488/000119312508149499/d8k.htm
SEC8K-0001193125-08-149749,0001137789,,UNMAPPED,0001193125-08-149749,8-K,2008-07-11,2008-07-11T17:05:41.000Z,2.05,https://www.sec.gov/Archives/edgar/data/1137789/000119312508149749/0001193125-08-149749-index.html,https://www.sec.gov/Archives/edgar/data/1137789/000119312508149749/d8k.htm
SEC8K-0001140361-08-017496,0000037996,,UNMAPPED,0001140361-08-017496,8-K/A,2008-07-24,2008-07-24T12:50:04.000Z,2.06,https://www.sec.gov/Archives/edgar/data/37996/000114036108017496/0001140361-08-017496-index.html,https://www.sec.gov/Archives/edgar/data/37996/000114036108017496/form8ka.htm
SEC8K-0001193125-08-156922,0001140859,,UNMAPPED,0001193125-08-156922,8-K,2008-07-24,2008-07-24T13:42:33.000Z,2.06,https://www.sec.gov/Archives/edgar/data/1140859/000119312508156922/0001193125-08-156922-index.html,https://www.sec.gov/Archives/edgar/data/1140859/000119312508156922/d8k.htm
SEC8K-0000045012-08-000362,0000045012,,UNMAPPED,0000045012-08-000362,8-K,2008-07-31,2008-07-31T20:47:51.000Z,2.04,https://www.sec.gov/Archives/edgar/data/45012/000004501208000362/0000045012-08-000362-index.html,https://www.sec.gov/Archives/edgar/data/45012/000004501208000362/redemptionofnotes.htm
SEC8K-0001144204-08-044357,0000016918,,UNMAPPED,0001144204-08-044357,8-K,2008-08-07,2008-08-07T12:01:18.000Z,2.05|2.06,https://www.sec.gov/Archives/edgar/data/16918/000114420408044357/0001144204-08-044357-index.html,https://www.sec.gov/Archives/edgar/data/16918/000114420408044357/v122053_8k.htm
SEC8K-0001193125-08-176442,0001336920,,UNMAPPED,0001193125-08-176442,8-K,2008-08-13,2008-08-13T20:36:15.000Z,4.02,https://www.sec.gov/Archives/edgar/data/1336920/000119312508176442/0001193125-08-176442-index.html,https://www.sec.gov/Archives/edgar/data/1336920/000119312508176442/d8k.htm
SEC8K-0001104659-08-054227,0000001800,,UNMAPPED,0001104659-08-054227,8-K,2008-08-21,2008-08-21T15:19:32.000Z,2.05,https://www.sec.gov/Archives/edgar/data/1800/000110465908054227/0001104659-08-054227-index.html,https://www.sec.gov/Archives/edgar/data/1800/000110465908054227/a08-21991_18k.htm
SEC8K-0001104659-08-056970,0001385157,,UNMAPPED,0001104659-08-056970,8-K,2008-09-04,2008-09-04T16:35:44.000Z,2.05,https://www.sec.gov/Archives/edgar/data/1385157/000110465908056970/0001104659-08-056970-index.html,https://www.sec.gov/Archives/edgar/data/1385157/000110465908056970/a08-22144_18k.htm
SEC8K-0001193125-08-194325,0000080661,,UNMAPPED,0001193125-08-194325,8-K,2008-09-11,2008-09-11T14:18:35.000Z,2.06,https://www.sec.gov/Archives/edgar/data/80661/000119312508194325/0001193125-08-194325-index.html,https://www.sec.gov/Archives/edgar/data/80661/000119312508194325/d8k.htm
SEC8K-0001193125-08-198086,0001045810,,UNMAPPED,0001193125-08-198086,8-K,2008-09-18,2008-09-18T20:58:00.000Z,2.05,https://www.sec.gov/Archives/edgar/data/1045810/000119312508198086/0001193125-08-198086-index.html,https://www.sec.gov/Archives/edgar/data/1045810/000119312508198086/d8k.htm
SEC8K-0001193125-08-198664,0001137789,,UNMAPPED,0001193125-08-198664,8-K,2008-09-19,2008-09-19T20:23:05.000Z,2.05,https://www.sec.gov/Archives/edgar/data/1137789/000119312508198664/0001193125-08-198664-index.html,https://www.sec.gov/Archives/edgar/data/1137789/000119312508198664/d8k.htm
SEC8K-0000723125-08-000072,0000723125,,UNMAPPED,0000723125-08-000072,8-K,2008-10-01,2008-10-01T20:03:23.000Z,2.05,https://www.sec.gov/Archives/edgar/data/723125/000072312508000072/0000723125-08-000072-index.html,https://www.sec.gov/Archives/edgar/data/723125/000072312508000072/q408_8-k.htm
SEC8K-0001299933-08-004651,0001065088,,UNMAPPED,0001299933-08-004651,8-K,2008-10-06,2008-10-06T12:12:40.000Z,2.05,https://www.sec.gov/Archives/edgar/data/1065088/000129993308004651/0001299933-08-004651-index.html,https://www.sec.gov/Archives/edgar/data/1065088/000129993308004651/htm_29281.htm
SEC8K-0001193125-08-208901,0000080661,,UNMAPPED,0001193125-08-208901,8-K,2008-10-10,2008-10-10T15:27:13.000Z,2.06,https://www.sec.gov/Archives/edgar/data/80661/000119312508208901/0001193125-08-208901-index.html,https://www.sec.gov/Archives/edgar/data/80661/000119312508208901/d8k.htm
SEC8K-0000950123-08-012720,0000077476,,UNMAPPED,0000950123-08-012720,8-K,2008-10-14,2008-10-14T13:50:24.000Z,2.05|2.06,https://www.sec.gov/Archives/edgar/data/77476/000095012308012720/0000950123-08-012720-index.html,https://www.sec.gov/Archives/edgar/data/77476/000095012308012720/y71807e8vk.htm
SEC8K-0000723125-08-000107,0000723125,,UNMAPPED,0000723125-08-000107,8-K,2008-10-15,2008-10-15T21:07:14.000Z,2.05,https://www.sec.gov/Archives/edgar/data/723125/000072312508000107/0000723125-08-000107-index.html,https://www.sec.gov/Archives/edgar/data/723125/000072312508000107/file8-k.htm
SEC8K-0000891618-08-000465,0000813672,,UNMAPPED,0000891618-08-000465,8-K,2008-10-27,2008-10-27T21:23:44.000Z,4.02,https://www.sec.gov/Archives/edgar/data/813672/000089161808000465/0000891618-08-000465-index.html,https://www.sec.gov/Archives/edgar/data/813672/000089161808000465/f50254e8vk.htm
SEC8K-0000950134-08-019477,0000813672,,UNMAPPED,0000950134-08-019477,8-K,2008-11-05,2008-11-05T21:31:37.000Z,2.05,https://www.sec.gov/Archives/edgar/data/813672/000095013408019477/0000950134-08-019477-index.html,https://www.sec.gov/Archives/edgar/data/813672/000095013408019477/f50428e8vk.htm
SEC8K-0001181431-08-062619,0000319201,,UNMAPPED,0001181431-08-062619,8-K,2008-11-18,2008-11-18T22:07:06.000Z,2.05,https://www.sec.gov/Archives/edgar/data/319201/000118143108062619/0001181431-08-062619-index.html,https://www.sec.gov/Archives/edgar/data/319201/000118143108062619/rrd223923.htm
SEC8K-0001193125-08-239387,0001086222,,UNMAPPED,0001193125-08-239387,8-K,2008-11-19,2008-11-19T22:22:43.000Z,2.05,https://www.sec.gov/Archives/edgar/data/1086222/000119312508239387/0001193125-08-239387-index.html,https://www.sec.gov/Archives/edgar/data/1086222/000119312508239387/d8k.htm
SEC8K-0001193125-08-243475,0000063754,,UNMAPPED,0001193125-08-243475,8-K,2008-11-25,2008-11-25T22:13:18.000Z,2.06,https://www.sec.gov/Archives/edgar/data/63754/000119312508243475/0001193125-08-243475-index.html,https://www.sec.gov/Archives/edgar/data/63754/000119312508243475/d8k.htm
SEC8K-0001104659-08-074443,0000796343,,UNMAPPED,0001104659-08-074443,8-K,2008-12-03,2008-12-03T22:11:04.000Z,2.05,https://www.sec.gov/Archives/edgar/data/796343/000110465908074443/0001104659-08-074443-index.html,https://www.sec.gov/Archives/edgar/data/796343/000110465908074443/a08-29657_18k.htm
SEC8K-0000950134-08-022277,0000106040,,UNMAPPED,0000950134-08-022277,8-K,2008-12-17,2008-12-17T12:45:43.000Z,2.05|2.06,https://www.sec.gov/Archives/edgar/data/106040/000095013408022277/0000950134-08-022277-index.html,https://www.sec.gov/Archives/edgar/data/106040/000095013408022277/a50846e8vk.htm
SEC8K-0001104659-08-077078,0001090872,,UNMAPPED,0001104659-08-077078,8-K,2008-12-17,2008-12-17T22:05:11.000Z,2.05,https://www.sec.gov/Archives/edgar/data/1090872/000110465908077078/0001104659-08-077078-index.html,https://www.sec.gov/Archives/edgar/data/1090872/000110465908077078/a08-30659_18k.htm
SEC8K-0001193125-08-256569,0000712515,,UNMAPPED,0001193125-08-256569,8-K,2008-12-19,2008-12-19T14:34:48.000Z,2.05,https://www.sec.gov/Archives/edgar/data/712515/000119312508256569/0001193125-08-256569-index.html,https://www.sec.gov/Archives/edgar/data/712515/000119312508256569/d8k.htm
SEC8K-0000065984-08-000195,0000065984,,UNMAPPED,0000065984-08-000195,8-K,2008-12-23,2008-12-23T21:19:51.000Z,2.06,https://www.sec.gov/Archives/edgar/data/65984/000006598408000195/0000065984-08-000195-index.html,https://www.sec.gov/Archives/edgar/data/65984/000006598408000195/a05608.htm
SEC8K-0001193125-08-259972,0001137789,,UNMAPPED,0001193125-08-259972,8-K,2008-12-24,2008-12-24T11:07:27.000Z,2.06,https://www.sec.gov/Archives/edgar/data/1137789/000119312508259972/0001193125-08-259972-index.html,https://www.sec.gov/Archives/edgar/data/1137789/000119312508259972/d8k.htm
SEC8K-0001193125-08-261099,0000002488,,UNMAPPED,0001193125-08-261099,8-K,2008-12-29,2008-12-29T22:17:35.000Z,2.05|2.06,https://www.sec.gov/Archives/edgar/data/2488/000119312508261099/0001193125-08-261099-index.html,https://www.sec.gov/Archives/edgar/data/2488/000119312508261099/d8k.htm
SEC8K-0000950137-08-014637,0000068505,,UNMAPPED,0000950137-08-014637,8-K,2008-12-30,2008-12-30T22:14:57.000Z,2.05,https://www.sec.gov/Archives/edgar/data/68505/000095013708014637/0000950137-08-014637-index.html,https://www.sec.gov/Archives/edgar/data/68505/000095013708014637/c48467e8vk.htm
SEC8K-0000050863-09-000006,0000050863,,UNMAPPED,0000050863-09-000006,8-K,2009-01-07,2009-01-07T10:19:28.000Z,2.06,https://www.sec.gov/Archives/edgar/data/50863/000005086309000006/0000050863-09-000006-index.html,https://www.sec.gov/Archives/edgar/data/50863/000005086309000006/form8k.htm
SEC8K-0001299933-09-000099,0000202058,,UNMAPPED,0001299933-09-000099,8-K,2009-01-07,2009-01-07T22:19:03.000Z,2.06,https://www.sec.gov/Archives/edgar/data/202058/000129993309000099/0001299933-09-000099-index.html,https://www.sec.gov/Archives/edgar/data/202058/000129993309000099/htm_30728.htm
SEC8K-0001193125-09-004075,0001097864,,UNMAPPED,0001193125-09-004075,8-K,2009-01-09,2009-01-09T20:58:36.000Z,2.05,https://www.sec.gov/Archives/edgar/data/1097864/000119312509004075/0001193125-09-004075-index.html,https://www.sec.gov/Archives/edgar/data/1097864/000119312509004075/d8k.htm
SEC8K-0000950153-09-000029,0000789570,,UNMAPPED,0000950153-09-000029,8-K,2009-01-09,2009-01-09T22:01:12.000Z,2.06,https://www.sec.gov/Archives/edgar/data/789570/000095015309000029/0000950153-09-000029-index.html,https://www.sec.gov/Archives/edgar/data/789570/000095015309000029/p13876e8vk.htm
SEC8K-0001193125-09-005721,0001137789,,UNMAPPED,0001193125-09-005721,8-K,2009-01-14,2009-01-14T11:05:44.000Z,2.05,https://www.sec.gov/Archives/edgar/data/1137789/000119312509005721/0001193125-09-005721-index.html,https://www.sec.gov/Archives/edgar/data/1137789/000119312509005721/d8k.htm
SEC8K-0001193125-09-007392,0000002488,,UNMAPPED,0001193125-09-007392,8-K/A,2009-01-16,2009-01-16T18:56:07.000Z,2.06,https://www.sec.gov/Archives/edgar/data/2488/000119312509007392/0001193125-09-007392-index.html,https://www.sec.gov/Archives/edgar/data/2488/000119312509007392/d8ka.htm
SEC8K-0001157523-09-000295,0001163165,,UNMAPPED,0001157523-09-000295,8-K,2009-01-16,2009-01-16T21:29:07.000Z,2.06,https://www.sec.gov/Archives/edgar/data/1163165/000115752309000295/0001157523-09-000295-index.html,https://www.sec.gov/Archives/edgar/data/1163165/000115752309000295/a5872912.htm
SEC8K-0001104659-09-002946,0000031462,,UNMAPPED,0001104659-09-002946,8-K,2009-01-20,2009-01-20T11:01:44.000Z,2.05,https://www.sec.gov/Archives/edgar/data/31462/000110465909002946/0001104659-09-002946-index.html,https://www.sec.gov/Archives/edgar/data/31462/000110465909002946/a09-3342_18k.htm
SEC8K-0001193125-09-008736,0000080661,,UNMAPPED,0001193125-09-008736,8-K,2009-01-21,2009-01-21T14:13:55.000Z,2.06,https://www.sec.gov/Archives/edgar/data/80661/000119312509008736/0001193125-09-008736-index.html,https://www.sec.gov/Archives/edgar/data/80661/000119312509008736/d8k.htm
SEC8K-0000950137-09-000352,0000068505,,UNMAPPED,0000950137-09-000352,8-K,2009-01-21,2009-01-21T22:12:47.000Z,2.05,https://www.sec.gov/Archives/edgar/data/68505/000095013709000352/0000950137-09-000352-index.html,https://www.sec.gov/Archives/edgar/data/68505/000095013709000352/c48878e8vk.htm
SEC8K-0001206774-09-000080,0000097476,,UNMAPPED,0001206774-09-000080,8-K,2009-01-26,2009-01-26T21:43:44.000Z,2.05,https://www.sec.gov/Archives/edgar/data/97476/000120677409000080/0001206774-09-000080-index.html,https://www.sec.gov/Archives/edgar/data/97476/000120677409000080/texas_8-k.htm
SEC8K-0000024741-09-000003,0000024741,,UNMAPPED,0000024741-09-000003,8-K,2009-01-27,2009-01-27T12:12:03.000Z,2.05,https://www.sec.gov/Archives/edgar/data/24741/000002474109000003/0000024741-09-000003-index.html,https://www.sec.gov/Archives/edgar/data/24741/000002474109000003/q4088k.htm
SEC8K-0001193125-09-013203,0000898293,,UNMAPPED,0001193125-09-013203,8-K,2009-01-28,2009-01-28T22:10:08.000Z,2.05|2.06,https://www.sec.gov/Archives/edgar/data/898293/000119312509013203/0001193125-09-013203-index.html,https://www.sec.gov/Archives/edgar/data/898293/000119312509013203/d8k.htm
SEC8K-0001104659-09-005356,0001385157,,UNMAPPED,0001104659-09-005356,8-K,2009-01-30,2009-01-30T21:14:27.000Z,2.06,https://www.sec.gov/Archives/edgar/data/1385157/000110465909005356/0001104659-09-005356-index.html,https://www.sec.gov/Archives/edgar/data/1385157/000110465909005356/a09-4061_18k.htm
SEC8K-0001193125-09-016478,0001137789,,UNMAPPED,0001193125-09-016478,8-K/A,2009-02-02,2009-02-02T22:09:17.000Z,2.06,https://www.sec.gov/Archives/edgar/data/1137789/000119312509016478/0001193125-09-016478-index.html,https://www.sec.gov/Archives/edgar/data/1137789/000119312509016478/d8ka.htm
SEC8K-0001193125-09-018820,0001097864,,UNMAPPED,0001193125-09-018820,8-K,2009-02-04,2009-02-04T21:24:46.000Z,2.05,https://www.sec.gov/Archives/edgar/data/1097864/000119312509018820/0001193125-09-018820-index.html,https://www.sec.gov/Archives/edgar/data/1097864/000119312509018820/d8k.htm
SEC8K-0001299933-09-000596,0000202058,,UNMAPPED,0001299933-09-000596,8-K/A,2009-02-04,2009-02-04T21:47:04.000Z,2.06,https://www.sec.gov/Archives/edgar/data/202058/000129993309000596/0001299933-09-000596-index.html,https://www.sec.gov/Archives/edgar/data/202058/000129993309000596/htm_31194.htm
SEC8K-0001362310-09-001156,0001069202,,UNMAPPED,0001362310-09-001156,8-K,2009-02-05,2009-02-05T14:21:30.000Z,2.05,https://www.sec.gov/Archives/edgar/data/1069202/000136231009001156/0001362310-09-001156-index.html,https://www.sec.gov/Archives/edgar/data/1069202/000136231009001156/c80220e8vk.htm
SEC8K-0001104659-09-006611,0001001250,,UNMAPPED,0001104659-09-006611,8-K,2009-02-05,2009-02-05T14:58:58.000Z,2.05,https://www.sec.gov/Archives/edgar/data/1001250/000110465909006611/0001104659-09-006611-index.html,https://www.sec.gov/Archives/edgar/data/1001250/000110465909006611/a09-4626_28k.htm
SEC8K-0001104659-09-010155,0001090872,,UNMAPPED,0001104659-09-010155,8-K,2009-02-17,2009-02-17T21:10:49.000Z,2.05,https://www.sec.gov/Archives/edgar/data/1090872/000110465909010155/0001104659-09-010155-index.html,https://www.sec.gov/Archives/edgar/data/1090872/000110465909010155/a09-5706_18k.htm
SEC8K-0000922224-09-000017,0000922224,,UNMAPPED,0000922224-09-000017,8-K,2009-02-24,2009-02-24T18:16:43.000Z,2.05,https://www.sec.gov/Archives/edgar/data/922224/000092222409000017/0000922224-09-000017-index.html,https://www.sec.gov/Archives/edgar/data/922224/000092222409000017/form8k.htm
SEC8K-0000723125-09-000010,0000723125,,UNMAPPED,0000723125-09-000010,8-K,2009-02-25,2009-02-24T22:48:18.000Z,2.05,https://www.sec.gov/Archives/edgar/data/723125/000072312509000010/0000723125-09-000010-index.html,https://www.sec.gov/Archives/edgar/data/723125/000072312509000010/form8k-feb09.htm
SEC8K-0000950129-09-000661,0000823768,,UNMAPPED,0000950129-09-000661,8-K,2009-02-27,2009-02-27T18:38:26.000Z,2.06,https://www.sec.gov/Archives/edgar/data/823768/000095012909000661/0000950129-09-000661-index.html,https://www.sec.gov/Archives/edgar/data/823768/000095012909000661/h65967e8vk.htm
SEC8K-0001104659-09-013879,0000001800,,UNMAPPED,0001104659-09-013879,8-K,2009-03-03,2009-03-03T21:42:07.000Z,2.04,https://www.sec.gov/Archives/edgar/data/1800/000110465909013879/0001104659-09-013879-index.html,https://www.sec.gov/Archives/edgar/data/1800/000110465909013879/a09-5758_18k.htm
SEC8K-0001157523-09-001899,0000936395,,UNMAPPED,0001157523-09-001899,8-K,2009-03-05,2009-03-05T11:45:31.000Z,2.05,https://www.sec.gov/Archives/edgar/data/936395/000115752309001899/0001157523-09-001899-index.html,https://www.sec.gov/Archives/edgar/data/936395/000115752309001899/a5910397.htm
SEC8K-0001362310-09-003506,0000866374,,UNMAPPED,0001362310-09-003506,8-K,2009-03-10,2009-03-10T20:09:47.000Z,2.05|2.06,https://www.sec.gov/Archives/edgar/data/866374/000136231009003506/0001362310-09-003506-index.html,https://www.sec.gov/Archives/edgar/data/866374/000136231009003506/c82337e8vk.htm
SEC8K-0001299933-09-001141,0000040704,,UNMAPPED,0001299933-09-001141,8-K,2009-03-11,2009-03-11T14:00:12.000Z,2.05|2.06,https://www.sec.gov/Archives/edgar/data/40704/000129993309001141/0001299933-09-001141-index.html,https://www.sec.gov/Archives/edgar/data/40704/000129993309001141/htm_31756.htm
SEC8K-0001193125-09-052301,0000910606,,UNMAPPED,0001193125-09-052301,8-K,2009-03-12,2009-03-12T20:53:38.000Z,4.02,https://www.sec.gov/Archives/edgar/data/910606/000119312509052301/0001193125-09-052301-index.html,https://www.sec.gov/Archives/edgar/data/910606/000119312509052301/d8k.htm
SEC8K-0000320187-09-000035,0000320187,,UNMAPPED,0000320187-09-000035,8-K,2009-03-18,2009-03-18T20:20:30.000Z,2.05|2.06,https://www.sec.gov/Archives/edgar/data/320187/000032018709000035/0000320187-09-000035-index.html,https://www.sec.gov/Archives/edgar/data/320187/000032018709000035/f8k090317.htm
SEC8K-0001193125-09-061931,0000898293,,UNMAPPED,0001193125-09-061931,8-K/A,2009-03-24,2009-03-24T20:10:10.000Z,2.05,https://www.sec.gov/Archives/edgar/data/898293/000119312509061931/0001193125-09-061931-index.html,https://www.sec.gov/Archives/edgar/data/898293/000119312509061931/d8ka.htm
SEC8K-0000950134-09-006002,0001045609,,UNMAPPED,0000950134-09-006002,8-K,2009-03-25,2009-03-25T10:05:40.000Z,2.06,https://www.sec.gov/Archives/edgar/data/1045609/000095013409006002/0000950134-09-006002-index.html,https://www.sec.gov/Archives/edgar/data/1045609/000095013409006002/f51937e8vk.htm
SEC8K-0001104659-09-020139,0001090872,,UNMAPPED,0001104659-09-020139,8-K,2009-03-26,2009-03-26T12:34:00.000Z,2.05,https://www.sec.gov/Archives/edgar/data/1090872/000110465909020139/0001104659-09-020139-index.html,https://www.sec.gov/Archives/edgar/data/1090872/000110465909020139/a09-8542_28k.htm
SEC8K-0001091667-09-000049,0001091667,,UNMAPPED,0001091667-09-000049,8-K,2009-03-27,2009-03-27T21:08:30.000Z,2.04,https://www.sec.gov/Archives/edgar/data/1091667/000109166709000049/0001091667-09-000049-index.html,https://www.sec.gov/Archives/edgar/data/1091667/000109166709000049/body.htm
SEC8K-0001181431-09-017691,0000319201,,UNMAPPED,0001181431-09-017691,8-K,2009-03-30,2009-03-30T21:14:57.000Z,2.05,https://www.sec.gov/Archives/edgar/data/319201/000118143109017691/0001181431-09-017691-index.html,https://www.sec.gov/Archives/edgar/data/319201/000118143109017691/rrd238529.htm
SEC8K-0000040779-09-000017,0001031296,,UNMAPPED,0000040779-09-000017,8-K,2009-03-31,2009-03-31T13:09:54.000Z,2.06,https://www.sec.gov/Archives/edgar/data/1031296/000004077909000017/0000040779-09-000017-index.html,https://www.sec.gov/Archives/edgar/data/1031296/000004077909000017/main8_k.htm
SEC8K-0000723125-09-000026,0000723125,,UNMAPPED,0000723125-09-000026,8-K,2009-04-02,2009-04-02T20:02:38.000Z,2.05,https://www.sec.gov/Archives/edgar/data/723125/000072312509000026/0000723125-09-000026-index.html,https://www.sec.gov/Archives/edgar/data/723125/000072312509000026/q209_8-k.htm
SEC8K-0001193125-09-071618,0001059556,,UNMAPPED,0001193125-09-071618,8-K,2009-04-02,2009-04-02T20:12:53.000Z,2.05,https://www.sec.gov/Archives/edgar/data/1059556/000119312509071618/0001193125-09-071618-index.html,https://www.sec.gov/Archives/edgar/data/1059556/000119312509071618/d8k.htm
SEC8K-0001193125-09-071640,0000002488,,UNMAPPED,0001193125-09-071640,8-K/A,2009-04-02,2009-04-02T20:27:57.000Z,2.05,https://www.sec.gov/Archives/edgar/data/2488/000119312509071640/0001193125-09-071640-index.html,https://www.sec.gov/Archives/edgar/data/2488/000119312509071640/d8ka.htm
SEC8K-0000950137-09-002635,0000068505,,UNMAPPED,0000950137-09-002635,8-K,2009-04-06,2009-04-06T20:40:25.000Z,2.05,https://www.sec.gov/Archives/edgar/data/68505/000095013709002635/0000950137-09-002635-index.html,https://www.sec.gov/Archives/edgar/data/68505/000095013709002635/c50448e8vk.htm
SEC8K-0001144204-09-019473,0000016918,,UNMAPPED,0001144204-09-019473,8-K,2009-04-08,2009-04-08T13:11:39.000Z,2.05,https://www.sec.gov/Archives/edgar/data/16918/000114420409019473/0001144204-09-019473-index.html,https://www.sec.gov/Archives/edgar/data/16918/000114420409019473/v145540_8-k.htm
SEC8K-0001193125-09-079270,0000080661,,UNMAPPED,0001193125-09-079270,8-K,2009-04-15,2009-04-15T13:53:09.000Z,2.06,https://www.sec.gov/Archives/edgar/data/80661/000119312509079270/0001193125-09-079270-index.html,https://www.sec.gov/Archives/edgar/data/80661/000119312509079270/d8k.htm
SEC8K-0001104659-09-024624,0001385157,,UNMAPPED,0001104659-09-024624,8-K,2009-04-16,2009-04-16T21:24:19.000Z,2.06,https://www.sec.gov/Archives/edgar/data/1385157/000110465909024624/0001104659-09-024624-index.html,https://www.sec.gov/Archives/edgar/data/1385157/000110465909024624/a09-10268_18k.htm
SEC8K-0001299933-09-001707,0000040704,,UNMAPPED,0001299933-09-001707,8-K,2009-04-17,2009-04-17T17:09:21.000Z,2.05,https://www.sec.gov/Archives/edgar/data/40704/000129993309001707/0001299933-09-001707-index.html,https://www.sec.gov/Archives/edgar/data/40704/000129993309001707/htm_32313.htm
SEC8K-0000950133-09-001165,0000936395,,UNMAPPED,0000950133-09-001165,8-K,2009-04-17,2009-04-17T18:06:05.000Z,2.06,https://www.sec.gov/Archives/edgar/data/936395/000095013309001165/0000950133-09-001165-index.html,https://www.sec.gov/Archives/edgar/data/936395/000095013309001165/w73624e8vk.htm
SEC8K-0001104659-09-025501,0001001250,,UNMAPPED,0001104659-09-025501,8-K/A,2009-04-22,2009-04-22T20:52:47.000Z,2.05,https://www.sec.gov/Archives/edgar/data/1001250/000110465909025501/0001104659-09-025501-index.html,https://www.sec.gov/Archives/edgar/data/1001250/000110465909025501/a09-10706_18ka.htm
SEC8K-0001140361-09-010217,0000037996,,UNMAPPED,0001140361-09-010217,8-K,2009-04-24,2009-04-24T12:36:14.000Z,2.06,https://www.sec.gov/Archives/edgar/data/37996/000114036109010217/0001140361-09-010217-index.html,https://www.sec.gov/Archives/edgar/data/37996/000114036109010217/form8k.htm
SEC8K-0001104659-09-031903,0001001250,,UNMAPPED,0001104659-09-031903,8-K/A,2009-05-12,2009-05-12T21:02:31.000Z,2.05,https://www.sec.gov/Archives/edgar/data/1001250/000110465909031903/0001104659-09-031903-index.html,https://www.sec.gov/Archives/edgar/data/1001250/000110465909031903/a09-13261_28ka.htm
SEC8K-0001193125-09-109216,0001137789,,UNMAPPED,0001193125-09-109216,8-K,2009-05-13,2009-05-13T12:16:54.000Z,2.05,https://www.sec.gov/Archives/edgar/data/1137789/000119312509109216/0001193125-09-109216-index.html,https://www.sec.gov/Archives/edgar/data/1137789/000119312509109216/d8k.htm
SEC8K-0000004962-09-000018,0000004962,,UNMAPPED,0000004962-09-000018,8-K,2009-05-19,2009-05-19T21:29:50.000Z,2.05,https://www.sec.gov/Archives/edgar/data/4962/000000496209000018/0000004962-09-000018-index.html,https://www.sec.gov/Archives/edgar/data/4962/000000496209000018/wrapmay19.txt
SEC8K-0001362310-09-007969,0000866374,,UNMAPPED,0001362310-09-007969,8-K/A,2009-05-20,2009-05-20T19:49:18.000Z,2.05|2.06,https://www.sec.gov/Archives/edgar/data/866374/000136231009007969/0001362310-09-007969-index.html,https://www.sec.gov/Archives/edgar/data/866374/000136231009007969/c85933e8vkza.htm
SEC8K-0000891618-09-000187,0000789570,,UNMAPPED,0000891618-09-000187,8-K,2009-05-22,2009-05-22T21:27:03.000Z,2.04,https://www.sec.gov/Archives/edgar/data/789570/000089161809000187/0000891618-09-000187-index.html,https://www.sec.gov/Archives/edgar/data/789570/000089161809000187/p14988e8vk.htm
SEC8K-0001104659-09-035857,0001001250,,UNMAPPED,0001104659-09-035857,8-K/A,2009-05-29,2009-05-29T20:51:49.000Z,2.05,https://www.sec.gov/Archives/edgar/data/1001250/000110465909035857/0001104659-09-035857-index.html,https://www.sec.gov/Archives/edgar/data/1001250/000110465909035857/a09-14580_18ka.htm
SEC8K-0000950123-09-010497,0000202058,,UNMAPPED,0000950123-09-010497,8-K,2009-06-02,2009-06-02T20:00:36.000Z,2.06,https://www.sec.gov/Archives/edgar/data/202058/000095012309010497/0000950123-09-010497-index.html,https://www.sec.gov/Archives/edgar/data/202058/000095012309010497/g19338e8vk.htm
SEC8K-0000950123-09-012982,0000813672,,UNMAPPED,0000950123-09-012982,8-K,2009-06-10,2009-06-10T20:22:37.000Z,2.05,https://www.sec.gov/Archives/edgar/data/813672/000095012309012982/0000950123-09-012982-index.html,https://www.sec.gov/Archives/edgar/data/813672/000095012309012982/f52725e8vk.htm
SEC8K-0001193125-09-133009,0001109357,,UNMAPPED,0001193125-09-133009,8-K,2009-06-18,2009-06-18T15:36:09.000Z,2.05,https://www.sec.gov/Archives/edgar/data/1109357/000119312509133009/0001193125-09-133009-index.html,https://www.sec.gov/Archives/edgar/data/1109357/000119312509133009/d8k.htm
SEC8K-0000950123-09-015489,0000789570,,UNMAPPED,0000950123-09-015489,8-K/A,2009-06-19,2009-06-19T20:38:44.000Z,2.04,https://www.sec.gov/Archives/edgar/data/789570/000095012309015489/0000950123-09-015489-index.html,https://www.sec.gov/Archives/edgar/data/789570/000095012309015489/p15152e8vkza.htm
SEC8K-0001193125-09-135730,0000898293,,UNMAPPED,0001193125-09-135730,8-K/A,2009-06-23,2009-06-23T20:31:01.000Z,2.05|2.06,https://www.sec.gov/Archives/edgar/data/898293/000119312509135730/0001193125-09-135730-index.html,https://www.sec.gov/Archives/edgar/data/898293/000119312509135730/d8ka.htm
SEC8K-0000723125-09-000041,0000723125,,UNMAPPED,0000723125-09-000041,8-K,2009-06-25,2009-06-25T20:01:51.000Z,2.05,https://www.sec.gov/Archives/edgar/data/723125/000072312509000041/0000723125-09-000041-index.html,https://www.sec.gov/Archives/edgar/data/723125/000072312509000041/q3-09_8k.htm
SEC8K-0001193125-09-150699,0000910606,,UNMAPPED,0001193125-09-150699,8-K,2009-07-17,2009-07-17T16:43:01.000Z,2.06,https://www.sec.gov/Archives/edgar/data/910606/000119312509150699/0001193125-09-150699-index.html,https://www.sec.gov/Archives/edgar/data/910606/000119312509150699/d8k.htm
SEC8K-0001193125-09-163032,0001137789,,UNMAPPED,0001193125-09-163032,8-K,2009-08-04,2009-08-04T12:04:03.000Z,2.05,https://www.sec.gov/Archives/edgar/data/1137789/000119312509163032/0001193125-09-163032-index.html,https://www.sec.gov/Archives/edgar/data/1137789/000119312509163032/d8k.htm
SEC8K-0000950123-09-035531,0000860730,,UNMAPPED,0000950123-09-035531,8-K/A,2009-08-14,2009-08-14T21:06:46.000Z,4.02,https://www.sec.gov/Archives/edgar/data/860730/000095012309035531/0000950123-09-035531-index.html,https://www.sec.gov/Archives/edgar/data/860730/000095012309035531/g20221e8vkza.htm
SEC8K-0001193125-09-185794,0000313616,,UNMAPPED,0001193125-09-185794,8-K,2009-09-02,2009-09-02T11:00:15.000Z,2.05,https://www.sec.gov/Archives/edgar/data/313616/000119312509185794/0001193125-09-185794-index.html,https://www.sec.gov/Archives/edgar/data/313616/000119312509185794/d8k.htm
SEC8K-0001104659-09-055056,0001001250,,UNMAPPED,0001104659-09-055056,8-K/A,2009-09-18,2009-09-17T21:43:18.000Z,2.05,https://www.sec.gov/Archives/edgar/data/1001250/000110465909055056/0001104659-09-055056-index.html,https://www.sec.gov/Archives/edgar/data/1001250/000110465909055056/a09-26655_28ka.htm
SEC8K-0001193125-09-196196,0001048286,,UNMAPPED,0001193125-09-196196,8-K,2009-09-23,2009-09-23T12:06:01.000Z,2.06,https://www.sec.gov/Archives/edgar/data/1048286/000119312509196196/0001193125-09-196196-index.html,https://www.sec.gov/Archives/edgar/data/1048286/000119312509196196/d8k.htm
SEC8K-0000723125-09-000077,0000723125,,UNMAPPED,0000723125-09-000077,8-K,2009-09-29,2009-09-29T20:01:13.000Z,2.05,https://www.sec.gov/Archives/edgar/data/723125/000072312509000077/0000723125-09-000077-index.html,https://www.sec.gov/Archives/edgar/data/723125/000072312509000077/fy098-k.htm
SEC8K-0000950123-09-046985,0000898293,,UNMAPPED,0000950123-09-046985,8-K/A,2009-09-29,2009-09-29T20:18:54.000Z,2.05,https://www.sec.gov/Archives/edgar/data/898293/000095012309046985/0000950123-09-046985-index.html,https://www.sec.gov/Archives/edgar/data/898293/000095012309046985/g20668e8vkza.htm
SEC8K-0001104659-09-057311,0001137789,,UNMAPPED,0001104659-09-057311,8-K,2009-10-01,2009-10-01T19:46:46.000Z,2.06,https://www.sec.gov/Archives/edgar/data/1137789/000110465909057311/0001104659-09-057311-index.html,https://www.sec.gov/Archives/edgar/data/1137789/000110465909057311/a09-29304_18k.htm
SEC8K-0001299933-09-004053,0000059478,,UNMAPPED,0001299933-09-004053,8-K,2009-10-14,2009-10-14T13:22:41.000Z,2.05|2.06,https://www.sec.gov/Archives/edgar/data/59478/000129993309004053/0001299933-09-004053-index.html,https://www.sec.gov/Archives/edgar/data/59478/000129993309004053/htm_34649.htm
SEC8K-0000950123-09-051436,0000789570,,UNMAPPED,0000950123-09-051436,8-K,2009-10-20,2009-10-20T12:30:15.000Z,2.06,https://www.sec.gov/Archives/edgar/data/789570/000095012309051436/0000950123-09-051436-index.html,https://www.sec.gov/Archives/edgar/data/789570/000095012309051436/p16129e8vk.htm
SEC8K-0001193125-09-229376,0000712515,,UNMAPPED,0001193125-09-229376,8-K,2009-11-09,2009-11-09T21:12:04.000Z,2.05,https://www.sec.gov/Archives/edgar/data/712515/000119312509229376/0001193125-09-229376-index.html,https://www.sec.gov/Archives/edgar/data/712515/000119312509229376/d8k.htm
SEC8K-0001104659-09-064037,0000796343,,UNMAPPED,0001104659-09-064037,8-K,2009-11-10,2009-11-10T21:21:22.000Z,2.05,https://www.sec.gov/Archives/edgar/data/796343/000110465909064037/0001104659-09-064037-index.html,https://www.sec.gov/Archives/edgar/data/796343/000110465909064037/a09-33303_18k.htm
SEC8K-0001299933-09-004657,0000040704,,UNMAPPED,0001299933-09-004657,8-K,2009-11-24,2009-11-24T13:55:57.000Z,2.05|2.06,https://www.sec.gov/Archives/edgar/data/40704/000129993309004657/0001299933-09-004657-index.html,https://www.sec.gov/Archives/edgar/data/40704/000129993309004657/htm_35259.htm
SEC8K-0001193125-09-245508,0001109357,,UNMAPPED,0001193125-09-245508,8-K,2009-12-02,2009-12-02T12:20:34.000Z,2.05,https://www.sec.gov/Archives/edgar/data/1109357/000119312509245508/0001193125-09-245508-index.html,https://www.sec.gov/Archives/edgar/data/1109357/000119312509245508/d8k.htm
SEC8K-0000950123-09-072317,0000898293,,UNMAPPED,0000950123-09-072317,8-K/A,2009-12-21,2009-12-21T21:25:28.000Z,2.05|2.06,https://www.sec.gov/Archives/edgar/data/898293/000095012309072317/0000950123-09-072317-index.html,https://www.sec.gov/Archives/edgar/data/898293/000095012309072317/g21612e8vkza.htm
SEC8K-0000950123-10-003025,0000813672,,UNMAPPED,0000950123-10-003025,8-K,2010-01-15,2010-01-15T22:08:49.000Z,2.05,https://www.sec.gov/Archives/edgar/data/813672/000095012310003025/0000950123-10-003025-index.html,https://www.sec.gov/Archives/edgar/data/813672/000095012310003025/f54638e8vk.htm
SEC8K-0001104659-10-002461,0001001250,,UNMAPPED,0001104659-10-002461,8-K/A,2010-01-21,2010-01-21T22:21:02.000Z,2.05,https://www.sec.gov/Archives/edgar/data/1001250/000110465910002461/0001104659-10-002461-index.html,https://www.sec.gov/Archives/edgar/data/1001250/000110465910002461/a10-2277_18ka.htm
SEC8K-0001193125-10-026533,0001260221,,UNMAPPED,0001193125-10-026533,8-K,2010-02-10,2010-02-10T12:10:35.000Z,4.02,https://www.sec.gov/Archives/edgar/data/1260221/000119312510026533/0001193125-10-026533-index.html,https://www.sec.gov/Archives/edgar/data/1260221/000119312510026533/d8k.htm
SEC8K-0001193125-10-031545,0000310158,,UNMAPPED,0001193125-10-031545,8-K,2010-02-16,2010-02-16T13:03:36.000Z,2.05,https://www.sec.gov/Archives/edgar/data/310158/000119312510031545/0001193125-10-031545-index.html,https://www.sec.gov/Archives/edgar/data/310158/000119312510031545/d8k.htm
SEC8K-0001193125-10-035204,0001336920,,UNMAPPED,0001193125-10-035204,8-K,2010-02-19,2010-02-19T21:06:54.000Z,2.04,https://www.sec.gov/Archives/edgar/data/1336920/000119312510035204/0001193125-10-035204-index.html,https://www.sec.gov/Archives/edgar/data/1336920/000119312510035204/d8k.htm
SEC8K-0001193125-10-045957,0001109357,,UNMAPPED,0001193125-10-045957,8-K,2010-03-02,2010-03-02T21:24:41.000Z,2.05,https://www.sec.gov/Archives/edgar/data/1109357/000119312510045957/0001193125-10-045957-index.html,https://www.sec.gov/Archives/edgar/data/1109357/000119312510045957/d8k.htm
SEC8K-0001104659-10-015787,0000009389,,UNMAPPED,0001104659-10-015787,8-K,2010-03-23,2010-03-23T14:57:43.000Z,2.04,https://www.sec.gov/Archives/edgar/data/9389/000110465910015787/0001104659-10-015787-index.html,https://www.sec.gov/Archives/edgar/data/9389/000110465910015787/a10-6754_18k.htm
SEC8K-0001104659-10-022104,0001001250,,UNMAPPED,0001104659-10-022104,8-K/A,2010-04-27,2010-04-27T19:38:55.000Z,2.05,https://www.sec.gov/Archives/edgar/data/1001250/000110465910022104/0001104659-10-022104-index.html,https://www.sec.gov/Archives/edgar/data/1001250/000110465910022104/a10-8728_18ka.htm
SEC8K-0000950123-10-048531,0000936395,,UNMAPPED,0000950123-10-048531,8-K,2010-05-12,2010-05-12T21:00:59.000Z,2.05,https://www.sec.gov/Archives/edgar/data/936395/000095012310048531/0000950123-10-048531-index.html,https://www.sec.gov/Archives/edgar/data/936395/000095012310048531/w78516e8vk.htm
SEC8K-0001193125-10-128222,0001014473,,UNMAPPED,0001193125-10-128222,8-K,2010-05-25,2010-05-25T20:09:37.000Z,2.05,https://www.sec.gov/Archives/edgar/data/1014473/000119312510128222/0001193125-10-128222-index.html,https://www.sec.gov/Archives/edgar/data/1014473/000119312510128222/d8k.htm
SEC8K-0000947871-10-000664,0001144519,,UNMAPPED,0000947871-10-000664,8-K,2010-06-04,2010-06-04T17:14:14.000Z,2.04,https://www.sec.gov/Archives/edgar/data/1144519/000094787110000664/0000947871-10-000664-index.html,https://www.sec.gov/Archives/edgar/data/1144519/000094787110000664/ss93123_8k.htm
SEC8K-0001193125-10-133068,0001341439,,UNMAPPED,0001193125-10-133068,8-K,2010-06-04,2010-06-04T20:54:00.000Z,2.05,https://www.sec.gov/Archives/edgar/data/1341439/000119312510133068/0001193125-10-133068-index.html,https://www.sec.gov/Archives/edgar/data/1341439/000119312510133068/d8k.htm
SEC8K-0000047111-10-000021,0000047111,,UNMAPPED,0000047111-10-000021,8-K,2010-06-15,2010-06-15T19:53:45.000Z,2.05,https://www.sec.gov/Archives/edgar/data/47111/000004711110000021/0000047111-10-000021-index.html,https://www.sec.gov/Archives/edgar/data/47111/000004711110000021/f8k_06142010.htm
SEC8K-0000009389-10-000026,0000009389,,UNMAPPED,0000009389-10-000026,8-K,2010-06-21,2010-06-21T17:29:40.000Z,2.05,https://www.sec.gov/Archives/edgar/data/9389/000000938910000026/0000009389-10-000026-index.html,https://www.sec.gov/Archives/edgar/data/9389/000000938910000026/f8-k.htm
SEC8K-0001104659-10-035401,0001001250,,UNMAPPED,0001104659-10-035401,8-K/A,2010-06-24,2010-06-24T20:40:35.000Z,2.05,https://www.sec.gov/Archives/edgar/data/1001250/000110465910035401/0001104659-10-035401-index.html,https://www.sec.gov/Archives/edgar/data/1001250/000110465910035401/a10-12543_18ka.htm
SEC8K-0001193125-10-155791,0000310158,,UNMAPPED,0001193125-10-155791,8-K,2010-07-08,2010-07-08T20:50:21.000Z,2.05,https://www.sec.gov/Archives/edgar/data/310158/000119312510155791/0001193125-10-155791-index.html,https://www.sec.gov/Archives/edgar/data/310158/000119312510155791/d8k.htm
SEC8K-0001193125-10-158812,0001014473,,UNMAPPED,0001193125-10-158812,8-K/A,2010-07-14,2010-07-14T20:15:07.000Z,2.05,https://www.sec.gov/Archives/edgar/data/1014473/000119312510158812/0001193125-10-158812-index.html,https://www.sec.gov/Archives/edgar/data/1014473/000119312510158812/d8ka.htm
SEC8K-0001193125-10-173664,0001014473,,UNMAPPED,0001193125-10-173664,8-K/A,2010-08-02,2010-08-02T20:24:48.000Z,2.05,https://www.sec.gov/Archives/edgar/data/1014473/000119312510173664/0001193125-10-173664-index.html,https://www.sec.gov/Archives/edgar/data/1014473/000119312510173664/d8ka.htm
SEC8K-0001407702-10-000009,0001031296,,UNMAPPED,0001407702-10-000009,8-K,2010-08-13,2010-08-13T12:12:02.000Z,2.06,https://www.sec.gov/Archives/edgar/data/1031296/000140770210000009/0001407702-10-000009-index.html,https://www.sec.gov/Archives/edgar/data/1031296/000140770210000009/main8_k.htm
SEC8K-0001104659-10-045248,0001001250,,UNMAPPED,0001104659-10-045248,8-K/A,2010-08-20,2010-08-20T10:00:47.000Z,2.05,https://www.sec.gov/Archives/edgar/data/1001250/000110465910045248/0001104659-10-045248-index.html,https://www.sec.gov/Archives/edgar/data/1001250/000110465910045248/a10-16165_18ka.htm
SEC8K-0000950123-10-084690,0000936395,,UNMAPPED,0000950123-10-084690,8-K/A,2010-09-09,2010-09-09T00:16:50.000Z,2.05,https://www.sec.gov/Archives/edgar/data/936395/000095012310084690/0000950123-10-084690-index.html,https://www.sec.gov/Archives/edgar/data/936395/000095012310084690/w79771e8vkza.htm
SEC8K-0001104659-10-049015,0001326160,,UNMAPPED,0001104659-10-049015,8-K,2010-09-17,2010-09-17T20:32:16.000Z,2.06,https://www.sec.gov/Archives/edgar/data/1326160/000110465910049015/0001104659-10-049015-index.html,https://www.sec.gov/Archives/edgar/data/1326160/000110465910049015/a10-18075_18k.htm
SEC8K-0000086521-10-000057,0001032208,,UNMAPPED,0000086521-10-000057,8-K,2010-09-20,2010-09-20T20:59:59.000Z,2.06,https://www.sec.gov/Archives/edgar/data/1032208/000008652110000057/0000086521-10-000057-index.html,https://www.sec.gov/Archives/edgar/data/1032208/000008652110000057/se8k9202010.htm
SEC8K-0001104659-10-049239,0000001800,,UNMAPPED,0001104659-10-049239,8-K,2010-09-21,2010-09-21T12:51:27.000Z,2.05,https://www.sec.gov/Archives/edgar/data/1800/000110465910049239/0001104659-10-049239-index.html,https://www.sec.gov/Archives/edgar/data/1800/000110465910049239/a10-18159_18k.htm
SEC8K-0000950123-10-092781,0000789570,,UNMAPPED,0000950123-10-092781,8-K,2010-10-12,2010-10-12T20:46:05.000Z,2.06,https://www.sec.gov/Archives/edgar/data/789570/000095012310092781/0000950123-10-092781-index.html,https://www.sec.gov/Archives/edgar/data/789570/000095012310092781/p18232e8vk.htm
SEC8K-0001193125-10-244359,0000712515,,UNMAPPED,0001193125-10-244359,8-K,2010-11-02,2010-11-02T20:16:06.000Z,2.05,https://www.sec.gov/Archives/edgar/data/712515/000119312510244359/0001193125-10-244359-index.html,https://www.sec.gov/Archives/edgar/data/712515/000119312510244359/d8k.htm
SEC8K-0001031296-10-000035,0001031296,,UNMAPPED,0001031296-10-000035,8-K,2010-11-17,2010-11-17T13:50:46.000Z,2.06,https://www.sec.gov/Archives/edgar/data/1031296/000103129610000035/0001031296-10-000035-index.html,https://www.sec.gov/Archives/edgar/data/1031296/000103129610000035/main8_k.htm
SEC8K-0001193125-10-276913,0001109357,,UNMAPPED,0001193125-10-276913,8-K,2010-12-09,2010-12-09T02:35:11.000Z,2.05,https://www.sec.gov/Archives/edgar/data/1109357/000119312510276913/0001193125-10-276913-index.html,https://www.sec.gov/Archives/edgar/data/1109357/000119312510276913/d8k.htm
SEC8K-0000310764-10-000083,0000310764,,UNMAPPED,0000310764-10-000083,8-K,2010-12-10,2010-12-10T21:43:01.000Z,2.06,https://www.sec.gov/Archives/edgar/data/310764/000031076410000083/0000310764-10-000083-index.html,https://www.sec.gov/Archives/edgar/data/310764/000031076410000083/syk8k121010.htm
SEC8K-0001104659-10-063364,0001001250,,UNMAPPED,0001104659-10-063364,8-K/A,2010-12-17,2010-12-17T22:10:16.000Z,2.05,https://www.sec.gov/Archives/edgar/data/1001250/000110465910063364/0001104659-10-063364-index.html,https://www.sec.gov/Archives/edgar/data/1001250/000110465910063364/a10-23783_18ka.htm
SEC8K-0001206774-11-000003,0000021076,,UNMAPPED,0001206774-11-000003,8-K,2011-01-03,2011-01-03T20:40:15.000Z,2.06,https://www.sec.gov/Archives/edgar/data/21076/000120677411000003/0001206774-11-000003-index.html,https://www.sec.gov/Archives/edgar/data/21076/000120677411000003/clorox_8k.htm
SEC8K-0001193125-11-002665,0001097864,,UNMAPPED,0001193125-11-002665,8-K,2011-01-06,2011-01-06T18:07:07.000Z,2.05,https://www.sec.gov/Archives/edgar/data/1097864/000119312511002665/0001193125-11-002665-index.html,https://www.sec.gov/Archives/edgar/data/1097864/000119312511002665/d8k.htm
SEC8K-0000004962-11-000006,0000004962,,UNMAPPED,0000004962-11-000006,8-K,2011-01-19,2011-01-19T14:02:07.000Z,2.05,https://www.sec.gov/Archives/edgar/data/4962/000000496211000006/0000004962-11-000006-index.html,https://www.sec.gov/Archives/edgar/data/4962/000000496211000006/consolidation8k.htm
SEC8K-0000055785-11-000005,0000055785,,UNMAPPED,0000055785-11-000005,8-K,2011-01-25,2011-01-25T14:01:00.000Z,2.05,https://www.sec.gov/Archives/edgar/data/55785/000005578511000005/0000055785-11-000005-index.html,https://www.sec.gov/Archives/edgar/data/55785/000005578511000005/kc_8k-4q10.htm
SEC8K-0000009389-11-000005,0000009389,,UNMAPPED,0000009389-11-000005,8-K,2011-01-27,2011-01-27T14:51:29.000Z,2.05,https://www.sec.gov/Archives/edgar/data/9389/000000938911000005/0000009389-11-000005-index.html,https://www.sec.gov/Archives/edgar/data/9389/000000938911000005/f8-k.htm
SEC8K-0001104659-11-003727,0001001250,,UNMAPPED,0001104659-11-003727,8-K/A,2011-01-28,2011-01-28T22:17:58.000Z,2.05,https://www.sec.gov/Archives/edgar/data/1001250/000110465911003727/0001104659-11-003727-index.html,https://www.sec.gov/Archives/edgar/data/1001250/000110465911003727/a11-4755_18ka.htm
SEC8K-0000950123-11-008338,0000813672,,UNMAPPED,0000950123-11-008338,8-K,2011-02-02,2011-02-02T21:36:12.000Z,2.05,https://www.sec.gov/Archives/edgar/data/813672/000095012311008338/0000950123-11-008338-index.html,https://www.sec.gov/Archives/edgar/data/813672/000095012311008338/f58179e8vk.htm
SEC8K-0001193125-11-022546,0000310158,,UNMAPPED,0001193125-11-022546,8-K,2011-02-03,2011-02-03T12:36:41.000Z,2.06,https://www.sec.gov/Archives/edgar/data/310158/000119312511022546/0001193125-11-022546-index.html,https://www.sec.gov/Archives/edgar/data/310158/000119312511022546/d8k.htm
SEC8K-0001104659-11-007934,0000031462,,UNMAPPED,0001104659-11-007934,8-K,2011-02-17,2011-02-17T13:58:48.000Z,2.05,https://www.sec.gov/Archives/edgar/data/31462/000110465911007934/0001104659-11-007934-index.html,https://www.sec.gov/Archives/edgar/data/31462/000110465911007934/a11-6222_18k.htm
SEC8K-0001104659-11-008613,0000764478,,UNMAPPED,0001104659-11-008613,8-K,2011-02-22,2011-02-22T11:17:48.000Z,2.05,https://www.sec.gov/Archives/edgar/data/764478/000110465911008613/0001104659-11-008613-index.html,https://www.sec.gov/Archives/edgar/data/764478/000110465911008613/a11-6435_18k.htm
SEC8K-0001104659-11-020935,0001013871,,UNMAPPED,0001104659-11-020935,8-K,2011-04-19,2011-04-19T20:24:42.000Z,2.06,https://www.sec.gov/Archives/edgar/data/1013871/000110465911020935/0001104659-11-020935-index.html,https://www.sec.gov/Archives/edgar/data/1013871/000110465911020935/a11-10544_18k.htm
SEC8K-0000885725-11-000019,0000885725,,UNMAPPED,0000885725-11-000019,8-K,2011-04-20,2011-04-20T21:04:07.000Z,2.06,https://www.sec.gov/Archives/edgar/data/885725/000088572511000019/0000885725-11-000019-index.html,https://www.sec.gov/Archives/edgar/data/885725/000088572511000019/form8k.htm
SEC8K-0001071739-11-000019,0001071739,,UNMAPPED,0001071739-11-000019,8-K,2011-04-28,2011-04-27T22:37:11.000Z,2.04,https://www.sec.gov/Archives/edgar/data/1071739/000107173911000019/0001071739-11-000019-index.html,https://www.sec.gov/Archives/edgar/data/1071739/000107173911000019/form8k.htm
SEC8K-0001299933-11-001437,0001140536,,UNMAPPED,0001299933-11-001437,8-K/A,2011-05-10,2011-05-10T19:15:47.000Z,2.05,https://www.sec.gov/Archives/edgar/data/1140536/000129993311001437/0001299933-11-001437-index.html,https://www.sec.gov/Archives/edgar/data/1140536/000129993311001437/htm_41682.htm
SEC8K-0001104659-11-031968,0001001250,,UNMAPPED,0001104659-11-031968,8-K/A,2011-05-27,2011-05-27T17:18:09.000Z,2.05,https://www.sec.gov/Archives/edgar/data/1001250/000110465911031968/0001104659-11-031968-index.html,https://www.sec.gov/Archives/edgar/data/1001250/000110465911031968/a11-13350_18ka.htm
SEC8K-0000922224-11-000091,0000922224,,UNMAPPED,0000922224-11-000091,8-K,2011-06-21,2011-06-21T20:49:26.000Z,2.05,https://www.sec.gov/Archives/edgar/data/922224/000092222411000091/0000922224-11-000091-index.html,https://www.sec.gov/Archives/edgar/data/922224/000092222411000091/form8k.htm
SEC8K-0001193125-11-188093,0000100517,,UNMAPPED,0001193125-11-188093,8-K,2011-07-14,2011-07-14T12:51:04.000Z,2.04,https://www.sec.gov/Archives/edgar/data/100517/000119312511188093/0001193125-11-188093-index.html,https://www.sec.gov/Archives/edgar/data/100517/000119312511188093/d8k.htm
SEC8K-0001193125-11-190246,0000858877,,UNMAPPED,0001193125-11-190246,8-K,2011-07-18,2011-07-18T20:46:35.000Z,2.05,https://www.sec.gov/Archives/edgar/data/858877/000119312511190246/0001193125-11-190246-index.html,https://www.sec.gov/Archives/edgar/data/858877/000119312511190246/d8k.htm
SEC8K-0000092122-11-000098,0000092122,,UNMAPPED,0000092122-11-000098,8-K,2011-07-26,2011-07-26T19:34:45.000Z,2.04,https://www.sec.gov/Archives/edgar/data/92122/000009212211000098/0000092122-11-000098-index.html,https://www.sec.gov/Archives/edgar/data/92122/000009212211000098/plntdan8k-711.htm
SEC8K-0000885725-11-000037,0000885725,,UNMAPPED,0000885725-11-000037,8-K,2011-07-28,2011-07-28T11:06:51.000Z,2.05,https://www.sec.gov/Archives/edgar/data/885725/000088572511000037/0000885725-11-000037-index.html,https://www.sec.gov/Archives/edgar/data/885725/000088572511000037/q2earnings8-k.htm
SEC8K-0001193125-11-201698,0000310158,,UNMAPPED,0001193125-11-201698,8-K,2011-07-29,2011-07-29T11:26:00.000Z,2.05,https://www.sec.gov/Archives/edgar/data/310158/000119312511201698/0001193125-11-201698-index.html,https://www.sec.gov/Archives/edgar/data/310158/000119312511201698/d8k.htm
SEC8K-0000922224-11-000119,0000922224,,UNMAPPED,0000922224-11-000119,8-K/A,2011-08-04,2011-08-04T21:17:15.000Z,2.05,https://www.sec.gov/Archives/edgar/data/922224/000092222411000119/0000922224-11-000119-index.html,https://www.sec.gov/Archives/edgar/data/922224/000092222411000119/form8ka.htm
SEC8K-0000047217-11-000039,0000047217,,UNMAPPED,0000047217-11-000039,8-K,2011-08-18,2011-08-18T21:19:52.000Z,2.05,https://www.sec.gov/Archives/edgar/data/47217/000004721711000039/0000047217-11-000039-index.html,https://www.sec.gov/Archives/edgar/data/47217/000004721711000039/q3form8-k_082011.htm
SEC8K-0001181431-11-048654,0001048286,,UNMAPPED,0001181431-11-048654,8-K,2011-09-09,2011-09-09T17:08:53.000Z,2.06,https://www.sec.gov/Archives/edgar/data/1048286/000118143111048654/0001181431-11-048654-index.html,https://www.sec.gov/Archives/edgar/data/1048286/000118143111048654/rrd321562.htm
SEC8K-0000950123-11-088103,0001489393,,UNMAPPED,0000950123-11-088103,8-K,2011-10-03,2011-10-03T15:27:40.000Z,2.05,https://www.sec.gov/Archives/edgar/data/1489393/000095012311088103/0000950123-11-088103-index.html,https://www.sec.gov/Archives/edgar/data/1489393/000095012311088103/h84917e8vk.htm
SEC8K-0001445305-11-002909,0001466258,,UNMAPPED,0001445305-11-002909,8-K,2011-10-06,2011-10-06T20:58:18.000Z,2.06,https://www.sec.gov/Archives/edgar/data/1466258/000144530511002909/0001445305-11-002909-index.html,https://www.sec.gov/Archives/edgar/data/1466258/000144530511002909/form8-koctober62011.htm
SEC8K-0000922224-11-000165,0000922224,,UNMAPPED,0000922224-11-000165,8-K/A,2011-10-13,2011-10-13T21:26:34.000Z,2.05,https://www.sec.gov/Archives/edgar/data/922224/000092222411000165/0000922224-11-000165-index.html,https://www.sec.gov/Archives/edgar/data/922224/000092222411000165/form8ka.htm
SEC8K-0001193125-11-274966,0001097864,,UNMAPPED,0001193125-11-274966,8-K,2011-10-19,2011-10-19T20:53:18.000Z,2.05|2.06,https://www.sec.gov/Archives/edgar/data/1097864/000119312511274966/0001193125-11-274966-index.html,https://www.sec.gov/Archives/edgar/data/1097864/000119312511274966/d245451d8k.htm
SEC8K-0001445305-11-003034,0001466258,,UNMAPPED,0001445305-11-003034,8-K/A,2011-10-20,2011-10-20T20:38:07.000Z,2.06,https://www.sec.gov/Archives/edgar/data/1466258/000144530511003034/0001445305-11-003034-index.html,https://www.sec.gov/Archives/edgar/data/1466258/000144530511003034/form8-ka.htm
SEC8K-0001193125-11-277152,0001097864,,UNMAPPED,0001193125-11-277152,8-K,2011-10-21,2011-10-21T17:55:59.000Z,2.06,https://www.sec.gov/Archives/edgar/data/1097864/000119312511277152/0001193125-11-277152-index.html,https://www.sec.gov/Archives/edgar/data/1097864/000119312511277152/d245761d8k.htm
SEC8K-0001193125-11-295247,0000002488,,UNMAPPED,0001193125-11-295247,8-K,2011-11-03,2011-11-03T20:40:01.000Z,2.05,https://www.sec.gov/Archives/edgar/data/2488/000119312511295247/0001193125-11-295247-index.html,https://www.sec.gov/Archives/edgar/data/2488/000119312511295247/d251558d8k.htm
SEC8K-0000764478-11-000020,0000764478,,UNMAPPED,0000764478-11-000020,8-K,2011-11-07,2011-11-07T12:15:20.000Z,2.05|2.06,https://www.sec.gov/Archives/edgar/data/764478/000076447811000020/0000764478-11-000020-index.html,https://www.sec.gov/Archives/edgar/data/764478/000076447811000020/november7th8k.htm
SEC8K-0001104659-11-062200,0000796343,,UNMAPPED,0001104659-11-062200,8-K,2011-11-08,2011-11-08T22:03:59.000Z,2.05,https://www.sec.gov/Archives/edgar/data/796343/000110465911062200/0001104659-11-062200-index.html,https://www.sec.gov/Archives/edgar/data/796343/000110465911062200/a11-29476_18k.htm
SEC8K-0000310764-11-000158,0000310764,,UNMAPPED,0000310764-11-000158,8-K,2011-11-10,2011-11-10T21:05:41.000Z,2.05,https://www.sec.gov/Archives/edgar/data/310764/000031076411000158/0000310764-11-000158-index.html,https://www.sec.gov/Archives/edgar/data/310764/000031076411000158/syk8k111011.htm
SEC8K-0001274494-11-000060,0001274494,,UNMAPPED,0001274494-11-000060,8-K,2011-12-14,2011-12-14T12:11:36.000Z,2.05|2.06,https://www.sec.gov/Archives/edgar/data/1274494/000127449411000060/0001274494-11-000060-index.html,https://www.sec.gov/Archives/edgar/data/1274494/000127449411000060/form8-k12x14x11.htm
SEC8K-0001193125-11-352242,0001324424,,UNMAPPED,0001193125-11-352242,8-K,2011-12-27,2011-12-27T13:33:30.000Z,2.04,https://www.sec.gov/Archives/edgar/data/1324424/000119312511352242/0001193125-11-352242-index.html,https://www.sec.gov/Archives/edgar/data/1324424/000119312511352242/d270711d8k.htm
SEC8K-0001193125-12-011819,0000007084,,UNMAPPED,0001193125-12-011819,8-K,2012-01-13,2012-01-13T20:14:57.000Z,2.05|2.06,https://www.sec.gov/Archives/edgar/data/7084/000119312512011819/0001193125-12-011819-index.html,https://www.sec.gov/Archives/edgar/data/7084/000119312512011819/d282748d8k.htm
SEC8K-0001193125-12-017222,0000051253,,UNMAPPED,0001193125-12-017222,8-K,2012-01-19,2012-01-19T22:23:54.000Z,2.05,https://www.sec.gov/Archives/edgar/data/51253/000119312512017222/0001193125-12-017222-index.html,https://www.sec.gov/Archives/edgar/data/51253/000119312512017222/d286319d8k.htm
SEC8K-0001104659-12-003153,0000031462,,UNMAPPED,0001104659-12-003153,8-K,2012-01-20,2012-01-20T21:44:27.000Z,2.05,https://www.sec.gov/Archives/edgar/data/31462/000110465912003153/0001104659-12-003153-index.html,https://www.sec.gov/Archives/edgar/data/31462/000110465912003153/a12-3160_18k.htm
SEC8K-0000097476-12-000004,0000097476,,UNMAPPED,0000097476-12-000004,8-K,2012-01-23,2012-01-23T21:36:42.000Z,2.05,https://www.sec.gov/Archives/edgar/data/97476/000009747612000004/0000097476-12-000004-index.html,https://www.sec.gov/Archives/edgar/data/97476/000009747612000004/d8k1232012.htm
SEC8K-0001031296-12-000003,0001031296,,UNMAPPED,0001031296-12-000003,8-K,2012-01-26,2012-01-26T13:41:08.000Z,2.05|2.06,https://www.sec.gov/Archives/edgar/data/1031296/000103129612000003/0001031296-12-000003-index.html,https://www.sec.gov/Archives/edgar/data/1031296/000103129612000003/main8_k.htm
SEC8K-0001193125-12-031317,0001489393,,UNMAPPED,0001193125-12-031317,8-K/A,2012-01-31,2012-01-31T16:47:05.000Z,2.05,https://www.sec.gov/Archives/edgar/data/1489393/000119312512031317/0001193125-12-031317-index.html,https://www.sec.gov/Archives/edgar/data/1489393/000119312512031317/d292716d8ka.htm
SEC8K-0001031296-12-000006,0001031296,,UNMAPPED,0001031296-12-000006,8-K,2012-02-08,2012-02-08T15:01:50.000Z,2.05|2.06,https://www.sec.gov/Archives/edgar/data/1031296/000103129612000006/0001031296-12-000006-index.html,https://www.sec.gov/Archives/edgar/data/1031296/000103129612000006/main8_k.htm
SEC8K-0001193125-12-047883,0000077476,,UNMAPPED,0001193125-12-047883,8-K,2012-02-09,2012-02-09T12:42:55.000Z,2.05,https://www.sec.gov/Archives/edgar/data/77476/000119312512047883/0001193125-12-047883-index.html,https://www.sec.gov/Archives/edgar/data/77476/000119312512047883/d296323d8k.htm
SEC8K-0001193125-12-079984,0000202058,,UNMAPPED,0001193125-12-079984,8-K,2012-02-27,2012-02-27T13:36:24.000Z,2.05|2.06,https://www.sec.gov/Archives/edgar/data/202058/000119312512079984/0001193125-12-079984-index.html,https://www.sec.gov/Archives/edgar/data/202058/000119312512079984/d306868d8k.htm
SEC8K-0001104659-12-013246,0001099800,,UNMAPPED,0001104659-12-013246,8-K,2012-02-27,2012-02-27T21:35:37.000Z,4.02,https://www.sec.gov/Archives/edgar/data/1099800/000110465912013246/0001104659-12-013246-index.html,https://www.sec.gov/Archives/edgar/data/1099800/000110465912013246/a12-5899_18k.htm
SEC8K-0001193125-12-114176,0001383312,,UNMAPPED,0001193125-12-114176,8-K,2012-03-14,2012-03-14T16:09:00.000Z,2.06,https://www.sec.gov/Archives/edgar/data/1383312/000119312512114176/0001193125-12-114176-index.html,https://www.sec.gov/Archives/edgar/data/1383312/000119312512114176/d316157d8k.htm
SEC8K-0001193125-12-117555,0000101829,,UNMAPPED,0001193125-12-117555,8-K,2012-03-15,2012-03-15T20:58:28.000Z,2.06,https://www.sec.gov/Archives/edgar/data/101829/000119312512117555/0001193125-12-117555-index.html,https://www.sec.gov/Archives/edgar/data/101829/000119312512117555/d316090d8k.htm
SEC8K-0001104659-12-019572,0001001250,,UNMAPPED,0001104659-12-019572,8-K/A,2012-03-21,2012-03-21T14:05:19.000Z,2.05,https://www.sec.gov/Archives/edgar/data/1001250/000110465912019572/0001104659-12-019572-index.html,https://www.sec.gov/Archives/edgar/data/1001250/000110465912019572/a12-7500_18ka.htm
SEC8K-0000764478-12-000028,0000764478,,UNMAPPED,0000764478-12-000028,8-K,2012-03-29,2012-03-29T12:04:35.000Z,2.05,https://www.sec.gov/Archives/edgar/data/764478/000076447812000028/0000764478-12-000028-index.html,https://www.sec.gov/Archives/edgar/data/764478/000076447812000028/bby8k32912.htm
SEC8K-0001193125-12-165498,0001274494,,UNMAPPED,0001193125-12-165498,8-K,2012-04-17,2012-04-17T12:08:00.000Z,2.05|2.06,https://www.sec.gov/Archives/edgar/data/1274494/000119312512165498/0001193125-12-165498-index.html,https://www.sec.gov/Archives/edgar/data/1274494/000119312512165498/d335741d8k.htm
SEC8K-0001104659-12-030575,0001326160,,UNMAPPED,0001104659-12-030575,8-K,2012-04-30,2012-04-30T20:09:50.000Z,2.06,https://www.sec.gov/Archives/edgar/data/1326160/000110465912030575/0001104659-12-030575-index.html,https://www.sec.gov/Archives/edgar/data/1326160/000110465912030575/a12-10843_18k.htm
SEC8K-0001193125-12-198223,0000202058,,UNMAPPED,0001193125-12-198223,8-K,2012-05-01,2012-05-01T10:42:40.000Z,2.05|2.06,https://www.sec.gov/Archives/edgar/data/202058/000119312512198223/0001193125-12-198223-index.html,https://www.sec.gov/Archives/edgar/data/202058/000119312512198223/d340098d8k.htm
SEC8K-0001193125-12-214964,0000712515,,UNMAPPED,0001193125-12-214964,8-K,2012-05-07,2012-05-07T20:02:02.000Z,2.05,https://www.sec.gov/Archives/edgar/data/712515/000119312512214964/0001193125-12-214964-index.html,https://www.sec.gov/Archives/edgar/data/712515/000119312512214964/d344959d8k.htm
SEC8K-0001193125-12-218885,0001383312,,UNMAPPED,0001193125-12-218885,8-K/A,2012-05-08,2012-05-08T21:14:58.000Z,2.06,https://www.sec.gov/Archives/edgar/data/1383312/000119312512218885/0001193125-12-218885-index.html,https://www.sec.gov/Archives/edgar/data/1383312/000119312512218885/d349853d8ka.htm
SEC8K-0001299933-12-001275,0000040704,,UNMAPPED,0001299933-12-001275,8-K,2012-05-22,2012-05-22T13:04:17.000Z,2.05,https://www.sec.gov/Archives/edgar/data/40704/000129993312001275/0001299933-12-001275-index.html,https://www.sec.gov/Archives/edgar/data/40704/000129993312001275/htm_45158.htm
SEC8K-0000047217-12-000018,0000047217,,UNMAPPED,0000047217-12-000018,8-K,2012-05-23,2012-05-23T20:12:17.000Z,2.05|2.06,https://www.sec.gov/Archives/edgar/data/47217/000004721712000018/0000047217-12-000018-index.html,https://www.sec.gov/Archives/edgar/data/47217/000004721712000018/q2form8-k_052012.htm
SEC8K-0001193125-12-256431,0001109357,,UNMAPPED,0001193125-12-256431,8-K,2012-06-01,2012-06-01T12:37:56.000Z,2.06,https://www.sec.gov/Archives/edgar/data/1109357/000119312512256431/0001193125-12-256431-index.html,https://www.sec.gov/Archives/edgar/data/1109357/000119312512256431/d361768d8k.htm
SEC8K-0001193125-12-261054,0001383312,,UNMAPPED,0001193125-12-261054,8-K,2012-06-06,2012-06-06T13:17:41.000Z,2.06,https://www.sec.gov/Archives/edgar/data/1383312/000119312512261054/0001193125-12-261054-index.html,https://www.sec.gov/Archives/edgar/data/1383312/000119312512261054/d363939d8k.htm
SEC8K-0001104659-12-045259,0001001250,,UNMAPPED,0001104659-12-045259,8-K/A,2012-06-22,2012-06-22T20:00:51.000Z,2.05,https://www.sec.gov/Archives/edgar/data/1001250/000110465912045259/0001104659-12-045259-index.html,https://www.sec.gov/Archives/edgar/data/1001250/000110465912045259/a12-15214_18ka.htm
SEC8K-0001193125-12-287692,0000097745,,UNMAPPED,0001193125-12-287692,8-K,2012-06-28,2012-06-28T20:08:33.000Z,2.05,https://www.sec.gov/Archives/edgar/data/97745/000119312512287692/0001193125-12-287692-index.html,https://www.sec.gov/Archives/edgar/data/97745/000119312512287692/d373881d8k.htm
SEC8K-0001193125-12-292236,0000789019,,UNMAPPED,0001193125-12-292236,8-K,2012-07-02,2012-07-02T20:56:55.000Z,2.06,https://www.sec.gov/Archives/edgar/data/789019/000119312512292236/0001193125-12-292236-index.html,https://www.sec.gov/Archives/edgar/data/789019/000119312512292236/d376152d8k.htm
SEC8K-0001193125-12-293901,0001326160,,UNMAPPED,0001193125-12-293901,8-K,2012-07-03,2012-07-03T21:07:45.000Z,2.05,https://www.sec.gov/Archives/edgar/data/1326160/000119312512293901/0001193125-12-293901-index.html,https://www.sec.gov/Archives/edgar/data/1326160/000119312512293901/d376342d8k.htm
SEC8K-0001193125-12-301391,0000019617,,UNMAPPED,0001193125-12-301391,8-K,2012-07-13,2012-07-13T10:38:08.000Z,4.02,https://www.sec.gov/Archives/edgar/data/19617/000119312512301391/0001193125-12-301391-index.html,https://www.sec.gov/Archives/edgar/data/19617/000119312512301391/d379832d8k.htm
SEC8K-0000885725-12-000027,0000885725,,UNMAPPED,0000885725-12-000027,8-K,2012-07-26,2012-07-26T20:25:10.000Z,2.06,https://www.sec.gov/Archives/edgar/data/885725/000088572512000027/0000885725-12-000027-index.html,https://www.sec.gov/Archives/edgar/data/885725/000088572512000027/q22012goodwillimpairmentch.htm
SEC8K-0001104659-12-055587,0000047217,,UNMAPPED,0001104659-12-055587,8-K,2012-08-08,2012-08-08T13:15:34.000Z,2.06,https://www.sec.gov/Archives/edgar/data/47217/000110465912055587/0001104659-12-055587-index.html,https://www.sec.gov/Archives/edgar/data/47217/000110465912055587/a12-17833_18k.htm
SEC8K-0000009389-12-000020,0000009389,,UNMAPPED,0000009389-12-000020,8-K,2012-08-15,2012-08-15T21:09:41.000Z,2.05,https://www.sec.gov/Archives/edgar/data/9389/000000938912000020/0000009389-12-000020-index.html,https://www.sec.gov/Archives/edgar/data/9389/000000938912000020/f8k.htm
SEC8K-0001381197-12-000048,0001381197,,UNMAPPED,0001381197-12-000048,8-K,2012-08-15,2012-08-15T21:29:42.000Z,4.02,https://www.sec.gov/Archives/edgar/data/1381197/000138119712000048/0001381197-12-000048-index.html,https://www.sec.gov/Archives/edgar/data/1381197/000138119712000048/ibkr_nonreliance.htm
SEC8K-0001193125-12-363912,0001097864,,UNMAPPED,0001193125-12-363912,8-K,2012-08-22,2012-08-22T01:20:07.000Z,2.05,https://www.sec.gov/Archives/edgar/data/1097864/000119312512363912/0001193125-12-363912-index.html,https://www.sec.gov/Archives/edgar/data/1097864/000119312512363912/d401148d8k.htm
SEC8K-0001193125-12-367467,0000014272,,UNMAPPED,0001193125-12-367467,8-K,2012-08-24,2012-08-24T11:40:24.000Z,2.06,https://www.sec.gov/Archives/edgar/data/14272/000119312512367467/0001193125-12-367467-index.html,https://www.sec.gov/Archives/edgar/data/14272/000119312512367467/d402287d8k.htm
SEC8K-0000885725-12-000037,0000885725,,UNMAPPED,0000885725-12-000037,8-K,2012-10-18,2012-10-18T11:03:17.000Z,2.06,https://www.sec.gov/Archives/edgar/data/885725/000088572512000037/0000885725-12-000037-index.html,https://www.sec.gov/Archives/edgar/data/885725/000088572512000037/q32012earningsrelease.htm
SEC8K-0001193125-12-427251,0000002488,,UNMAPPED,0001193125-12-427251,8-K,2012-10-18,2012-10-18T20:26:56.000Z,2.05,https://www.sec.gov/Archives/edgar/data/2488/000119312512427251/0001193125-12-427251-index.html,https://www.sec.gov/Archives/edgar/data/2488/000119312512427251/d428113d8k.htm
SEC8K-0000715957-12-000026,0000715957,,UNMAPPED,0000715957-12-000026,8-K,2012-10-22,2012-10-22T12:49:45.000Z,2.05|2.06,https://www.sec.gov/Archives/edgar/data/715957/000071595712000026/0000715957-12-000026-index.html,https://www.sec.gov/Archives/edgar/data/715957/000071595712000026/kewaunee8k.htm
SEC8K-0001157523-12-005276,0001140536,,UNMAPPED,0001157523-12-005276,8-K,2012-10-24,2012-10-23T21:42:37.000Z,2.06,https://www.sec.gov/Archives/edgar/data/1140536/000115752312005276/0001157523-12-005276-index.html,https://www.sec.gov/Archives/edgar/data/1140536/000115752312005276/a50450989.htm
SEC8K-0000055785-12-000085,0000055785,,UNMAPPED,0000055785-12-000085,8-K,2012-10-24,2012-10-24T13:30:54.000Z,2.05|2.06,https://www.sec.gov/Archives/edgar/data/55785/000005578512000085/0000055785-12-000085-index.html,https://www.sec.gov/Archives/edgar/data/55785/000005578512000085/kmb_2012x3q8k.htm
SEC8K-0001157523-12-005370,0000021665,,UNMAPPED,0001157523-12-005370,8-K,2012-10-25,2012-10-25T11:30:07.000Z,2.05,https://www.sec.gov/Archives/edgar/data/21665/000115752312005370/0001157523-12-005370-index.html,https://www.sec.gov/Archives/edgar/data/21665/000115752312005370/a50452669.htm
SEC8K-0000037996-12-000044,0000037996,,UNMAPPED,0000037996-12-000044,8-K,2012-10-25,2012-10-25T14:53:12.000Z,2.05,https://www.sec.gov/Archives/edgar/data/37996/000003799612000044/0000037996-12-000044-index.html,https://www.sec.gov/Archives/edgar/data/37996/000003799612000044/form8-kdated10x25x2012.htm
SEC8K-0001104659-12-072456,0001326160,,UNMAPPED,0001104659-12-072456,8-K,2012-10-31,2012-10-31T11:27:27.000Z,2.06,https://www.sec.gov/Archives/edgar/data/1326160/000110465912072456/0001104659-12-072456-index.html,https://www.sec.gov/Archives/edgar/data/1326160/000110465912072456/a12-25356_18k.htm
SEC8K-0001193125-12-446900,0000874761,,UNMAPPED,0001193125-12-446900,8-K,2012-11-01,2012-11-01T21:14:00.000Z,2.06,https://www.sec.gov/Archives/edgar/data/874761/000119312512446900/0001193125-12-446900-index.html,https://www.sec.gov/Archives/edgar/data/874761/000119312512446900/d431640d8k.htm
SEC8K-0001104659-12-073900,0001385157,,UNMAPPED,0001104659-12-073900,8-K,2012-11-05,2012-11-05T11:12:41.000Z,2.05,https://www.sec.gov/Archives/edgar/data/1385157/000110465912073900/0001104659-12-073900-index.html,https://www.sec.gov/Archives/edgar/data/1385157/000110465912073900/a12-25628_18k.htm
SEC8K-0000936340-12-000128,0000936340,,UNMAPPED,0000936340-12-000128,8-K,2012-11-19,2012-11-19T21:28:41.000Z,2.06,https://www.sec.gov/Archives/edgar/data/936340/000093634012000128/0000936340-12-000128-index.html,https://www.sec.gov/Archives/edgar/data/936340/000093634012000128/form8-kbarnettassetsale.htm
SEC8K-0000097476-12-000058,0000097476,,UNMAPPED,0000097476-12-000058,8-K,2012-11-19,2012-11-19T21:36:42.000Z,2.05,https://www.sec.gov/Archives/edgar/data/97476/000009747612000058/0000097476-12-000058-index.html,https://www.sec.gov/Archives/edgar/data/97476/000009747612000058/d8k11192012.htm
SEC8K-0000004904-12-000079,0000004904,,UNMAPPED,0000004904-12-000079,8-K,2012-11-20,2012-11-20T21:11:32.000Z,2.06,https://www.sec.gov/Archives/edgar/data/4904/000000490412000079/0000004904-12-000079-index.html,https://www.sec.gov/Archives/edgar/data/4904/000000490412000079/opco8k112012.htm
SEC8K-0001299933-12-002748,0000202058,,UNMAPPED,0001299933-12-002748,8-K/A,2012-12-11,2012-12-11T22:12:34.000Z,2.05|2.06,https://www.sec.gov/Archives/edgar/data/202058/000129993312002748/0001299933-12-002748-index.html,https://www.sec.gov/Archives/edgar/data/202058/000129993312002748/htm_46639.htm
SEC8K-0001104659-12-084662,0001001250,,UNMAPPED,0001104659-12-084662,8-K/A,2012-12-17,2012-12-17T21:06:30.000Z,2.05,https://www.sec.gov/Archives/edgar/data/1001250/000110465912084662/0001104659-12-084662-index.html,https://www.sec.gov/Archives/edgar/data/1001250/000110465912084662/a12-29587_18ka.htm
SEC8K-0001157523-12-006425,0001140536,,UNMAPPED,0001157523-12-006425,8-K,2012-12-19,2012-12-19T22:10:28.000Z,2.06,https://www.sec.gov/Archives/edgar/data/1140536/000115752312006425/0001157523-12-006425-index.html,https://www.sec.gov/Archives/edgar/data/1140536/000115752312006425/a50513520.htm
SEC8K-0000004962-13-000003,0000004962,,UNMAPPED,0000004962-13-000003,8-K,2013-01-10,2013-01-10T21:06:31.000Z,2.05,https://www.sec.gov/Archives/edgar/data/4962/000000496213000003/0000004962-13-000003-index.html,https://www.sec.gov/Archives/edgar/data/4962/000000496213000003/jan7_8k.htm
SEC8K-0000018230-13-000041,0000018230,,UNMAPPED,0000018230-13-000041,8-K,2013-01-18,2013-01-18T22:12:27.000Z,2.06,https://www.sec.gov/Archives/edgar/data/18230/000001823013000041/0000018230-13-000041-index.html,https://www.sec.gov/Archives/edgar/data/18230/000001823013000041/january18_form8k.htm
SEC8K-0001193125-13-019330,0000002488,,UNMAPPED,0001193125-13-019330,8-K,2013-01-22,2013-01-22T21:46:05.000Z,2.05,https://www.sec.gov/Archives/edgar/data/2488/000119312513019330/0001193125-13-019330-index.html,https://www.sec.gov/Archives/edgar/data/2488/000119312513019330/d470786d8k.htm
SEC8K-0001299933-13-000136,0000106040,,UNMAPPED,0001299933-13-000136,8-K,2013-01-23,2013-01-23T22:15:37.000Z,2.05,https://www.sec.gov/Archives/edgar/data/106040/000129993313000136/0001299933-13-000136-index.html,https://www.sec.gov/Archives/edgar/data/106040/000129993313000136/htm_46937.htm
SEC8K-0001104659-13-004399,0000866374,,UNMAPPED,0001104659-13-004399,8-K,2013-01-24,2013-01-24T21:32:42.000Z,2.05,https://www.sec.gov/Archives/edgar/data/866374/000110465913004399/0001104659-13-004399-index.html,https://www.sec.gov/Archives/edgar/data/866374/000110465913004399/a13-3468_18k.htm
SEC8K-0001104659-13-005137,0001385157,,UNMAPPED,0001104659-13-005137,8-K/A,2013-01-28,2013-01-28T21:05:19.000Z,2.05,https://www.sec.gov/Archives/edgar/data/1385157/000110465913005137/0001104659-13-005137-index.html,https://www.sec.gov/Archives/edgar/data/1385157/000110465913005137/a13-3620_18ka.htm
SEC8K-0000885725-13-000004,0000885725,,UNMAPPED,0000885725-13-000004,8-K,2013-01-29,2013-01-29T12:06:27.000Z,2.05,https://www.sec.gov/Archives/edgar/data/885725/000088572513000004/0000885725-13-000004-index.html,https://www.sec.gov/Archives/edgar/data/885725/000088572513000004/q42012earningsrelease.htm
SEC8K-0001104659-13-007327,0001326160,,UNMAPPED,0001104659-13-007327,8-K,2013-02-05,2013-02-05T13:13:45.000Z,2.06,https://www.sec.gov/Archives/edgar/data/1326160/000110465913007327/0001104659-13-007327-index.html,https://www.sec.gov/Archives/edgar/data/1326160/000110465913007327/a13-4397_18k.htm
SEC8K-0001104659-13-007328,0001326160,,UNMAPPED,0001104659-13-007328,8-K,2013-02-05,2013-02-05T13:13:45.000Z,2.06,https://www.sec.gov/Archives/edgar/data/1326160/000110465913007328/0001104659-13-007328-index.html,https://www.sec.gov/Archives/edgar/data/1326160/000110465913007328/a13-4397_18k.htm
SEC8K-0001193125-13-096223,0001318605,,UNMAPPED,0001193125-13-096223,8-K,2013-03-07,2013-03-07T22:07:58.000Z,4.02,https://www.sec.gov/Archives/edgar/data/1318605/000119312513096223/0001193125-13-096223-index.html,https://www.sec.gov/Archives/edgar/data/1318605/000119312513096223/d498040d8k.htm
SEC8K-0000037996-13-000019,0000037996,,UNMAPPED,0000037996-13-000019,8-K/A,2013-03-19,2013-03-19T19:01:46.000Z,2.05,https://www.sec.gov/Archives/edgar/data/37996/000003799613000019/0000037996-13-000019-index.html,https://www.sec.gov/Archives/edgar/data/37996/000003799613000019/form8-kafiledmarch192013.htm
SEC8K-0001299933-13-000589,0000106040,,UNMAPPED,0001299933-13-000589,8-K/A,2013-03-29,2013-03-29T20:32:55.000Z,2.05,https://www.sec.gov/Archives/edgar/data/106040/000129993313000589/0001299933-13-000589-index.html,https://www.sec.gov/Archives/edgar/data/106040/000129993313000589/htm_47384.htm
SEC8K-0001299933-13-000661,0000202058,,UNMAPPED,0001299933-13-000661,8-K,2013-04-11,2013-04-11T20:28:24.000Z,2.05,https://www.sec.gov/Archives/edgar/data/202058/000129993313000661/0001299933-13-000661-index.html,https://www.sec.gov/Archives/edgar/data/202058/000129993313000661/htm_47458.htm
SEC8K-0000885725-13-000011,0000885725,,UNMAPPED,0000885725-13-000011,8-K,2013-04-25,2013-04-25T11:05:41.000Z,2.06,https://www.sec.gov/Archives/edgar/data/885725/000088572513000011/0000885725-13-000011-index.html,https://www.sec.gov/Archives/edgar/data/885725/000088572513000011/q12013earningsrelease.htm
SEC8K-0001193125-13-177946,0000011544,,UNMAPPED,0001193125-13-177946,8-K,2013-04-26,2013-04-26T20:49:54.000Z,2.04,https://www.sec.gov/Archives/edgar/data/11544/000119312513177946/0001193125-13-177946-index.html,https://www.sec.gov/Archives/edgar/data/11544/000119312513177946/d528876d8k.htm
SEC8K-0001104659-13-034317,0001385157,,UNMAPPED,0001104659-13-034317,8-K/A,2013-04-29,2013-04-29T21:01:14.000Z,2.05,https://www.sec.gov/Archives/edgar/data/1385157/000110465913034317/0001104659-13-034317-index.html,https://www.sec.gov/Archives/edgar/data/1385157/000110465913034317/a13-10887_18ka.htm
SEC8K-0000764478-13-000021,0000764478,,UNMAPPED,0000764478-13-000021,8-K,2013-04-30,2013-04-30T10:01:23.000Z,2.06,https://www.sec.gov/Archives/edgar/data/764478/000076447813000021/0000764478-13-000021-index.html,https://www.sec.gov/Archives/edgar/data/764478/000076447813000021/bby8-k43013.htm
SEC8K-0001104659-13-034789,0000031462,,UNMAPPED,0001104659-13-034789,8-K,2013-04-30,2013-04-30T12:35:31.000Z,2.05,https://www.sec.gov/Archives/edgar/data/31462/000110465913034789/0001104659-13-034789-index.html,https://www.sec.gov/Archives/edgar/data/31462/000110465913034789/a13-11150_18k.htm
SEC8K-0001193125-13-199437,0000051253,,UNMAPPED,0001193125-13-199437,8-K,2013-05-03,2013-05-03T21:12:59.000Z,2.05,https://www.sec.gov/Archives/edgar/data/51253/000119312513199437/0001193125-13-199437-index.html,https://www.sec.gov/Archives/edgar/data/51253/000119312513199437/d531779d8k.htm
SEC8K-0000875320-13-000027,0000875320,,UNMAPPED,0000875320-13-000027,8-K,2013-05-17,2013-05-17T12:41:24.000Z,2.04,https://www.sec.gov/Archives/edgar/data/875320/000087532013000027/0000875320-13-000027-index.html,https://www.sec.gov/Archives/edgar/data/875320/000087532013000027/a8-kx051713.htm
SEC8K-0000822416-13-000026,0000822416,,UNMAPPED,0000822416-13-000026,8-K,2013-06-05,2013-06-05T20:28:06.000Z,2.05,https://www.sec.gov/Archives/edgar/data/822416/000082241613000026/0000822416-13-000026-index.html,https://www.sec.gov/Archives/edgar/data/822416/000082241613000026/homeofficerelo8-k.htm
SEC8K-0000086521-13-000043,0001032208,,UNMAPPED,0000086521-13-000043,8-K,2013-06-07,2013-06-07T14:39:01.000Z,2.06,https://www.sec.gov/Archives/edgar/data/1032208/000008652113000043/0000086521-13-000043-index.html,https://www.sec.gov/Archives/edgar/data/1032208/000008652113000043/sre8k06072013.htm
SEC8K-0001193125-13-254885,0001109357,,UNMAPPED,0001193125-13-254885,8-K,2013-06-11,2013-06-11T21:13:33.000Z,2.06,https://www.sec.gov/Archives/edgar/data/1109357/000119312513254885/0001193125-13-254885-index.html,https://www.sec.gov/Archives/edgar/data/1109357/000119312513254885/d552573d8k.htm
SEC8K-0001039684-13-000056,0001039684,,UNMAPPED,0001039684-13-000056,8-K,2013-06-11,2013-06-11T21:21:17.000Z,2.05,https://www.sec.gov/Archives/edgar/data/1039684/000103968413000056/0001039684-13-000056-index.html,https://www.sec.gov/Archives/edgar/data/1039684/000103968413000056/newsreleasebyoneokincdated.htm
SEC8K-0001193125-13-264167,0000898293,,UNMAPPED,0001193125-13-264167,8-K,2013-06-19,2013-06-19T20:06:03.000Z,2.05,https://www.sec.gov/Archives/edgar/data/898293/000119312513264167/0001193125-13-264167-index.html,https://www.sec.gov/Archives/edgar/data/898293/000119312513264167/d551238d8k.htm
SEC8K-0001193125-13-264565,0000898293,,UNMAPPED,0001193125-13-264565,8-K/A,2013-06-20,2013-06-19T23:12:33.000Z,2.05,https://www.sec.gov/Archives/edgar/data/898293/000119312513264565/0001193125-13-264565-index.html,https://www.sec.gov/Archives/edgar/data/898293/000119312513264565/d551238d8ka.htm
SEC8K-0001031296-13-000028,0001031296,,UNMAPPED,0001031296-13-000028,8-K,2013-07-09,2013-07-09T13:49:03.000Z,2.05|2.06,https://www.sec.gov/Archives/edgar/data/1031296/000103129613000028/0001031296-13-000028-index.html,https://www.sec.gov/Archives/edgar/data/1031296/000103129613000028/fe8-kdated782013.htm
SEC8K-0000004904-13-000064,0000004904,,UNMAPPED,0000004904-13-000064,8-K,2013-07-11,2013-07-11T13:26:00.000Z,2.06,https://www.sec.gov/Archives/edgar/data/4904/000000490413000064/0000004904-13-000064-index.html,https://www.sec.gov/Archives/edgar/data/4904/000000490413000064/opco8k072013.htm
SEC8K-0001104659-13-058951,0001326160,,UNMAPPED,0001104659-13-058951,8-K,2013-08-01,2013-08-01T20:11:31.000Z,2.06,https://www.sec.gov/Archives/edgar/data/1326160/000110465913058951/0001104659-13-058951-index.html,https://www.sec.gov/Archives/edgar/data/1326160/000110465913058951/a13-17779_18k.htm
SEC8K-0001193125-13-335218,0000858877,,UNMAPPED,0001193125-13-335218,8-K,2013-08-15,2013-08-15T00:48:36.000Z,2.05,https://www.sec.gov/Archives/edgar/data/858877/000119312513335218/0001193125-13-335218-index.html,https://www.sec.gov/Archives/edgar/data/858877/000119312513335218/d585289d8k.htm
SEC8K-0001031296-13-000038,0001031296,,UNMAPPED,0001031296-13-000038,8-K,2013-08-21,2013-08-21T18:17:14.000Z,2.06,https://www.sec.gov/Archives/edgar/data/1031296/000103129613000038/0001031296-13-000038-index.html,https://www.sec.gov/Archives/edgar/data/1031296/000103129613000038/a8-kdatedaugust212013.htm
SEC8K-0000065984-13-000192,0000065984,,UNMAPPED,0000065984-13-000192,8-K,2013-08-27,2013-08-27T12:36:34.000Z,2.06,https://www.sec.gov/Archives/edgar/data/65984/000006598413000192/0000065984-13-000192-index.html,https://www.sec.gov/Archives/edgar/data/65984/000006598413000192/a05813.htm
SEC8K-0001501585-13-000029,0001501585,,UNMAPPED,0001501585-13-000029,8-K,2013-09-04,2013-09-04T12:46:00.000Z,2.05,https://www.sec.gov/Archives/edgar/data/1501585/000150158513000029/0001501585-13-000029-index.html,https://www.sec.gov/Archives/edgar/data/1501585/000150158513000029/form8-k.htm
SEC8K-0001193125-13-378493,0000898293,,UNMAPPED,0001193125-13-378493,8-K/A,2013-09-25,2013-09-25T20:18:33.000Z,2.05,https://www.sec.gov/Archives/edgar/data/898293/000119312513378493/0001193125-13-378493-index.html,https://www.sec.gov/Archives/edgar/data/898293/000119312513378493/d602863d8ka.htm
SEC8K-0000310158-13-000006,0000310158,,UNMAPPED,0000310158-13-000006,8-K,2013-10-01,2013-10-01T21:02:23.000Z,2.05,https://www.sec.gov/Archives/edgar/data/310158/000031015813000006/0000310158-13-000006-index.html,https://www.sec.gov/Archives/edgar/data/310158/000031015813000006/form8-k.htm
SEC8K-0000004904-13-000076,0000004904,,UNMAPPED,0000004904-13-000076,8-K,2013-10-03,2013-10-03T20:37:05.000Z,2.06,https://www.sec.gov/Archives/edgar/data/4904/000000490413000076/0000004904-13-000076-index.html,https://www.sec.gov/Archives/edgar/data/4904/000000490413000076/swepco8k102013.htm
SEC8K-0001031296-13-000049,0001031296,,UNMAPPED,0001031296-13-000049,8-K,2013-10-04,2013-10-04T21:03:18.000Z,2.06,https://www.sec.gov/Archives/edgar/data/1031296/000103129613000049/0001031296-13-000049-index.html,https://www.sec.gov/Archives/edgar/data/1031296/000103129613000049/a8-kdatedseptember302013.htm
SEC8K-0001193125-13-394316,0001097864,,UNMAPPED,0001193125-13-394316,8-K,2013-10-08,2013-10-08T21:14:59.000Z,2.05,https://www.sec.gov/Archives/edgar/data/1097864/000119312513394316/0001193125-13-394316-index.html,https://www.sec.gov/Archives/edgar/data/1097864/000119312513394316/d610038d8k.htm
SEC8K-0001274494-13-000046,0001274494,,UNMAPPED,0001274494-13-000046,8-K,2013-10-09,2013-10-09T21:29:30.000Z,2.05|2.06,https://www.sec.gov/Archives/edgar/data/1274494/000127449413000046/0001274494-13-000046-index.html,https://www.sec.gov/Archives/edgar/data/1274494/000127449413000046/mesa8-k.htm
SEC8K-0000063754-13-000035,0000063754,,UNMAPPED,0000063754-13-000035,8-K,2013-10-17,2013-10-17T13:15:59.000Z,2.05,https://www.sec.gov/Archives/edgar/data/63754/000006375413000035/0000063754-13-000035-index.html,https://www.sec.gov/Archives/edgar/data/63754/000006375413000035/a8-kxoct172013.htm
SEC8K-0001193125-13-403293,0001466258,,UNMAPPED,0001193125-13-403293,8-K,2013-10-18,2013-10-18T12:15:59.000Z,2.06,https://www.sec.gov/Archives/edgar/data/1466258/000119312513403293/0001193125-13-403293-index.html,https://www.sec.gov/Archives/edgar/data/1466258/000119312513403293/d614073d8k.htm
SEC8K-0000885725-13-000041,0000885725,,UNMAPPED,0000885725-13-000041,8-K,2013-10-23,2013-10-23T20:46:43.000Z,2.05,https://www.sec.gov/Archives/edgar/data/885725/000088572513000041/0000885725-13-000041-index.html,https://www.sec.gov/Archives/edgar/data/885725/000088572513000041/a2014restructuringprogram.htm
SEC8K-0000875320-13-000042,0000875320,,UNMAPPED,0000875320-13-000042,8-K,2013-10-29,2013-10-29T12:18:00.000Z,2.05,https://www.sec.gov/Archives/edgar/data/875320/000087532013000042/0000875320-13-000042-index.html,https://www.sec.gov/Archives/edgar/data/875320/000087532013000042/oct292013_form8-k.htm
SEC8K-0001104659-13-081900,0000723125,,UNMAPPED,0001104659-13-081900,8-K,2013-11-07,2013-11-07T11:03:29.000Z,2.04,https://www.sec.gov/Archives/edgar/data/723125/000110465913081900/0001104659-13-081900-index.html,https://www.sec.gov/Archives/edgar/data/723125/000110465913081900/a13-23704_18k.htm
SEC8K-0000065984-13-000251,0000065984,,UNMAPPED,0000065984-13-000251,8-K,2013-12-23,2013-12-23T19:58:05.000Z,2.06,https://www.sec.gov/Archives/edgar/data/65984/000006598413000251/0000065984-13-000251-index.html,https://www.sec.gov/Archives/edgar/data/65984/000006598413000251/a07013.htm
SEC8K-0001104659-13-091983,0000018230,,UNMAPPED,0001104659-13-091983,8-K,2013-12-23,2013-12-23T21:30:49.000Z,2.05,https://www.sec.gov/Archives/edgar/data/18230/000110465913091983/0001104659-13-091983-index.html,https://www.sec.gov/Archives/edgar/data/18230/000110465913091983/a13-26817_18k.htm
SEC8K-0000097476-14-000004,0000097476,,UNMAPPED,0000097476-14-000004,8-K,2014-01-21,2014-01-21T21:38:35.000Z,2.05,https://www.sec.gov/Archives/edgar/data/97476/000009747614000004/0000097476-14-000004-index.html,https://www.sec.gov/Archives/edgar/data/97476/000009747614000004/d8k01212014.htm
SEC8K-0000875320-14-000007,0000875320,,UNMAPPED,0000875320-14-000007,8-K,2014-01-29,2014-01-29T21:38:27.000Z,2.06,https://www.sec.gov/Archives/edgar/data/875320/000087532014000007/0000875320-14-000007-index.html,https://www.sec.gov/Archives/edgar/data/875320/000087532014000007/form8-ker2013xq4.htm
SEC8K-0001039684-14-000010,0001039684,,UNMAPPED,0001039684-14-000010,8-K,2014-02-05,2014-02-05T21:37:03.000Z,2.04,https://www.sec.gov/Archives/edgar/data/1039684/000103968414000010/0001039684-14-000010-index.html,https://www.sec.gov/Archives/edgar/data/1039684/000103968414000010/onegasseparation.htm
SEC8K-0001193125-14-049582,0000077476,,UNMAPPED,0001193125-14-049582,8-K,2014-02-13,2014-02-13T12:31:00.000Z,2.05|2.06,https://www.sec.gov/Archives/edgar/data/77476/000119312514049582/0001193125-14-049582-index.html,https://www.sec.gov/Archives/edgar/data/77476/000119312514049582/d674465d8k.htm
SEC8K-0001104659-14-010992,0001326160,,UNMAPPED,0001104659-14-010992,8-K,2014-02-18,2014-02-18T19:15:07.000Z,2.06,https://www.sec.gov/Archives/edgar/data/1326160/000110465914010992/0001104659-14-010992-index.html,https://www.sec.gov/Archives/edgar/data/1326160/000110465914010992/a14-6143_18k.htm
SEC8K-0000075677-14-000014,0000075677,,UNMAPPED,0000075677-14-000014,8-K,2014-03-26,2014-03-26T20:32:20.000Z,2.05|2.06,https://www.sec.gov/Archives/edgar/data/75677/000007567714000014/0000075677-14-000014-index.html,https://www.sec.gov/Archives/edgar/data/75677/000007567714000014/a8-k3x26x2014.htm
SEC8K-0001193125-14-167640,0001140536,,UNMAPPED,0001193125-14-167640,8-K,2014-04-29,2014-04-29T21:20:01.000Z,2.05,https://www.sec.gov/Archives/edgar/data/1140536/000119312514167640/0001193125-14-167640-index.html,https://www.sec.gov/Archives/edgar/data/1140536/000119312514167640/d716156d8k.htm
SEC8K-0001090872-14-000019,0001090872,,UNMAPPED,0001090872-14-000019,8-K,2014-06-12,2014-06-12T20:13:43.000Z,2.04,https://www.sec.gov/Archives/edgar/data/1090872/000109087214000019/0001090872-14-000019-index.html,https://www.sec.gov/Archives/edgar/data/1090872/000109087214000019/form8-k2015noteredemption.htm
SEC8K-0001157523-14-002613,0001116132,,UNMAPPED,0001157523-14-002613,8-K,2014-06-19,2014-06-19T20:30:42.000Z,2.05|2.06,https://www.sec.gov/Archives/edgar/data/1116132/000115752314002613/0001157523-14-002613-index.html,https://www.sec.gov/Archives/edgar/data/1116132/000115752314002613/a50889786.htm
SEC8K-0001157523-14-002741,0001116132,,UNMAPPED,0001157523-14-002741,8-K/A,2014-07-02,2014-07-02T21:22:58.000Z,2.05|2.06,https://www.sec.gov/Archives/edgar/data/1116132/000115752314002741/0001157523-14-002741-index.html,https://www.sec.gov/Archives/edgar/data/1116132/000115752314002741/a50897597.htm
SEC8K-0001104659-14-050793,0000740260,,UNMAPPED,0001104659-14-050793,8-K,2014-07-09,2014-07-09T20:43:20.000Z,4.02,https://www.sec.gov/Archives/edgar/data/740260/000110465914050793/0001104659-14-050793-index.html,https://www.sec.gov/Archives/edgar/data/740260/000110465914050793/a14-16895_18k.htm
SEC8K-0001193125-14-271285,0000789019,,UNMAPPED,0001193125-14-271285,8-K,2014-07-17,2014-07-17T16:05:07.000Z,2.05,https://www.sec.gov/Archives/edgar/data/789019/000119312514271285/0001193125-14-271285-index.html,https://www.sec.gov/Archives/edgar/data/789019/000119312514271285/d758424d8k.htm
SEC8K-0001157523-14-002855,0001116132,,UNMAPPED,0001157523-14-002855,8-K/A,2014-07-17,2014-07-17T20:02:10.000Z,2.05,https://www.sec.gov/Archives/edgar/data/1116132/000115752314002855/0001157523-14-002855-index.html,https://www.sec.gov/Archives/edgar/data/1116132/000115752314002855/a50906673.htm
SEC8K-0001243786-14-000007,0001285785,,UNMAPPED,0001243786-14-000007,8-K,2014-07-23,2014-07-23T12:30:15.000Z,2.06,https://www.sec.gov/Archives/edgar/data/1285785/000124378614000007/0001243786-14-000007-index.html,https://www.sec.gov/Archives/edgar/data/1285785/000124378614000007/form8-kcarlsbad.htm
SEC8K-0001193125-14-284628,0000318154,,UNMAPPED,0001193125-14-284628,8-K,2014-07-29,2014-07-29T20:12:31.000Z,2.05,https://www.sec.gov/Archives/edgar/data/318154/000119312514284628/0001193125-14-284628-index.html,https://www.sec.gov/Archives/edgar/data/318154/000119312514284628/d765326d8k.htm
SEC8K-0001193125-14-308733,0000858877,,UNMAPPED,0001193125-14-308733,8-K,2014-08-14,2014-08-13T23:01:07.000Z,2.05,https://www.sec.gov/Archives/edgar/data/858877/000119312514308733/0001193125-14-308733-index.html,https://www.sec.gov/Archives/edgar/data/858877/000119312514308733/d772750d8k.htm
SEC8K-0001299933-14-001452,0000040704,,UNMAPPED,0001299933-14-001452,8-K,2014-09-18,2014-09-18T21:24:19.000Z,2.05,https://www.sec.gov/Archives/edgar/data/40704/000129993314001452/0001299933-14-001452-index.html,https://www.sec.gov/Archives/edgar/data/40704/000129993314001452/htm_50516.htm
SEC8K-0001090872-14-000030,0001090872,,UNMAPPED,0001090872-14-000030,8-K,2014-09-19,2014-09-19T20:09:27.000Z,2.04,https://www.sec.gov/Archives/edgar/data/1090872/000109087214000030/0001090872-14-000030-index.html,https://www.sec.gov/Archives/edgar/data/1090872/000109087214000030/form8k2017notespartialrede.htm
SEC8K-0001193125-14-347186,0000049071,,UNMAPPED,0001193125-14-347186,8-K,2014-09-19,2014-09-19T21:00:00.000Z,2.04,https://www.sec.gov/Archives/edgar/data/49071/000119312514347186/0001193125-14-347186-index.html,https://www.sec.gov/Archives/edgar/data/49071/000119312514347186/d792515d8k.htm
SEC8K-0001206774-14-002865,0000021076,,UNMAPPED,0001206774-14-002865,8-K,2014-09-22,2014-09-22T12:36:52.000Z,2.05|2.06,https://www.sec.gov/Archives/edgar/data/21076/000120677414002865/0001206774-14-002865-index.html,https://www.sec.gov/Archives/edgar/data/21076/000120677414002865/clorox_8k.htm
SEC8K-0001299933-14-001511,0000040704,,UNMAPPED,0001299933-14-001511,8-K/A,2014-09-30,2014-09-30T21:09:26.000Z,2.05,https://www.sec.gov/Archives/edgar/data/40704/000129993314001511/0001299933-14-001511-index.html,https://www.sec.gov/Archives/edgar/data/40704/000129993314001511/htm_50575.htm
SEC8K-0001193125-14-373863,0000002488,,UNMAPPED,0001193125-14-373863,8-K,2014-10-16,2014-10-16T20:21:56.000Z,2.05,https://www.sec.gov/Archives/edgar/data/2488/000119312514373863/0001193125-14-373863-index.html,https://www.sec.gov/Archives/edgar/data/2488/000119312514373863/d805390d8k.htm
SEC8K-0000055785-14-000086,0000055785,,UNMAPPED,0000055785-14-000086,8-K,2014-10-21,2014-10-21T12:49:15.000Z,2.05,https://www.sec.gov/Archives/edgar/data/55785/000005578514000086/0000055785-14-000086-index.html,https://www.sec.gov/Archives/edgar/data/55785/000005578514000086/kmb_2014x3q8k.htm
SEC8K-0001157523-14-004066,0000021665,,UNMAPPED,0001157523-14-004066,8-K,2014-10-24,2014-10-24T12:00:35.000Z,2.05,https://www.sec.gov/Archives/edgar/data/21665/000115752314004066/0001157523-14-004066-index.html,https://www.sec.gov/Archives/edgar/data/21665/000115752314004066/a50968522.htm
SEC8K-0001193125-14-384251,0000318154,,UNMAPPED,0001193125-14-384251,8-K,2014-10-28,2014-10-28T12:57:06.000Z,2.05,https://www.sec.gov/Archives/edgar/data/318154/000119312514384251/0001193125-14-384251-index.html,https://www.sec.gov/Archives/edgar/data/318154/000119312514384251/d811787d8k.htm
SEC8K-0000849399-14-000006,0000849399,,UNMAPPED,0000849399-14-000006,8-K,2014-11-05,2014-11-05T16:11:56.000Z,2.05,https://www.sec.gov/Archives/edgar/data/849399/000084939914000006/0000849399-14-000006-index.html,https://www.sec.gov/Archives/edgar/data/849399/000084939914000006/q2fy158-kshell.htm
SEC8K-0001193125-14-430607,0000087347,,UNMAPPED,0001193125-14-430607,8-K,2014-12-02,2014-12-02T18:00:33.000Z,2.06,https://www.sec.gov/Archives/edgar/data/87347/000119312514430607/0001193125-14-430607-index.html,https://www.sec.gov/Archives/edgar/data/87347/000119312514430607/d829373d8k.htm
SEC8K-0001104659-14-088083,0000765880,,UNMAPPED,0001104659-14-088083,8-K,2014-12-22,2014-12-22T13:30:27.000Z,2.06,https://www.sec.gov/Archives/edgar/data/765880/000110465914088083/0001104659-14-088083-index.html,https://www.sec.gov/Archives/edgar/data/765880/000110465914088083/a14-26604_18k.htm
SEC8K-0001193125-14-452888,0001050915,,UNMAPPED,0001193125-14-452888,8-K,2014-12-23,2014-12-23T22:01:00.000Z,2.06,https://www.sec.gov/Archives/edgar/data/1050915/000119312514452888/0001193125-14-452888-index.html,https://www.sec.gov/Archives/edgar/data/1050915/000119312514452888/d842484d8k.htm
SEC8K-0001299933-15-000046,0000040704,,UNMAPPED,0001299933-15-000046,8-K,2015-01-08,2015-01-08T22:02:35.000Z,2.05,https://www.sec.gov/Archives/edgar/data/40704/000129993315000046/0001299933-15-000046-index.html,https://www.sec.gov/Archives/edgar/data/40704/000129993315000046/htm_51103.htm
SEC8K-0001104659-15-005296,0001022671,,UNMAPPED,0001104659-15-005296,8-K,2015-01-29,2015-01-29T17:52:08.000Z,2.06,https://www.sec.gov/Archives/edgar/data/1022671/000110465915005296/0001104659-15-005296-index.html,https://www.sec.gov/Archives/edgar/data/1022671/000110465915005296/a15-3345_18k.htm
SEC8K-0000072903-15-000021,0000072903,,UNMAPPED,0000072903-15-000021,8-K,2015-03-12,2015-03-12T20:42:01.000Z,2.06,https://www.sec.gov/Archives/edgar/data/72903/000007290315000021/0000072903-15-000021-index.html,https://www.sec.gov/Archives/edgar/data/72903/000007290315000021/a8-k3x12x2015assetimpairme.htm
SEC8K-0000764478-15-000012,0000764478,,UNMAPPED,0000764478-15-000012,8-K,2015-03-30,2015-03-30T10:36:13.000Z,2.05,https://www.sec.gov/Archives/edgar/data/764478/000076447815000012/0000764478-15-000012-index.html,https://www.sec.gov/Archives/edgar/data/764478/000076447815000012/bby8-k32815.htm
SEC8K-0001104659-15-023655,0000765880,,UNMAPPED,0001104659-15-023655,8-K,2015-03-30,2015-03-30T12:18:57.000Z,2.06,https://www.sec.gov/Archives/edgar/data/765880/000110465915023655/0001104659-15-023655-index.html,https://www.sec.gov/Archives/edgar/data/765880/000110465915023655/a15-8190_18k.htm
SEC8K-0000040545-15-000036,0000040545,,UNMAPPED,0000040545-15-000036,8-K,2015-04-10,2015-04-10T12:12:37.000Z,2.05,https://www.sec.gov/Archives/edgar/data/40545/000004054515000036/0000040545-15-000036-index.html,https://www.sec.gov/Archives/edgar/data/40545/000004054515000036/ge8kpkh0415.htm
SEC8K-0000079879-15-000018,0000079879,,UNMAPPED,0000079879-15-000018,8-K,2015-04-16,2015-04-16T17:35:06.000Z,2.05,https://www.sec.gov/Archives/edgar/data/79879/000007987915000018/0000079879-15-000018-index.html,https://www.sec.gov/Archives/edgar/data/79879/000007987915000018/a1q2015earningsrelease.htm
SEC8K-0000063754-15-000032,0000063754,,UNMAPPED,0000063754-15-000032,8-K,2015-04-20,2015-04-20T20:50:14.000Z,2.05,https://www.sec.gov/Archives/edgar/data/63754/000006375415000032/0000063754-15-000032-index.html,https://www.sec.gov/Archives/edgar/data/63754/000006375415000032/a8-kxmkcapril202015emea.htm
SEC8K-0001091667-15-000073,0001091667,,UNMAPPED,0001091667-15-000073,8-K,2015-04-22,2015-04-22T20:16:02.000Z,2.04,https://www.sec.gov/Archives/edgar/data/1091667/000109166715000073/0001091667-15-000073-index.html,https://www.sec.gov/Archives/edgar/data/1091667/000109166715000073/chtr421158k.htm
SEC8K-0000779152-15-000021,0000779152,,UNMAPPED,0000779152-15-000021,8-K,2015-05-07,2015-05-06T21:36:30.000Z,4.02,https://www.sec.gov/Archives/edgar/data/779152/000077915215000021/0000779152-15-000021-index.html,https://www.sec.gov/Archives/edgar/data/779152/000077915215000021/jkhy-562015x8krestate.htm
SEC8K-0001181431-15-008082,0001267238,,UNMAPPED,0001181431-15-008082,8-K,2015-06-10,2015-06-10T12:50:38.000Z,2.05,https://www.sec.gov/Archives/edgar/data/1267238/000118143115008082/0001181431-15-008082-index.html,https://www.sec.gov/Archives/edgar/data/1267238/000118143115008082/rrd425603.htm
SEC8K-0001193125-15-229502,0000035527,,UNMAPPED,0001193125-15-229502,8-K,2015-06-22,2015-06-22T11:06:29.000Z,2.05|2.06,https://www.sec.gov/Archives/edgar/data/35527/000119312515229502/0001193125-15-229502-index.html,https://www.sec.gov/Archives/edgar/data/35527/000119312515229502/d947003d8k.htm
SEC8K-0001104659-15-047286,0000765880,,UNMAPPED,0001104659-15-047286,8-K,2015-06-24,2015-06-24T20:05:42.000Z,2.06,https://www.sec.gov/Archives/edgar/data/765880/000110465915047286/0001104659-15-047286-index.html,https://www.sec.gov/Archives/edgar/data/765880/000110465915047286/a15-14649_18k.htm
SEC8K-0001299933-15-000992,0000040704,,UNMAPPED,0001299933-15-000992,8-K,2015-06-25,2015-06-25T12:00:15.000Z,2.05,https://www.sec.gov/Archives/edgar/data/40704/000129993315000992/0001299933-15-000992-index.html,https://www.sec.gov/Archives/edgar/data/40704/000129993315000992/htm_52046.htm
SEC8K-0000319201-15-000038,0000319201,,UNMAPPED,0000319201-15-000038,8-K/A,2015-06-26,2015-06-26T10:11:17.000Z,2.05,https://www.sec.gov/Archives/edgar/data/319201/000031920115000038/0000319201-15-000038-index.html,https://www.sec.gov/Archives/edgar/data/319201/000031920115000038/form8-kaitems205and701.htm
SEC8K-0001193125-15-239493,0000096021,,UNMAPPED,0001193125-15-239493,8-K,2015-06-29,2015-06-29T21:11:33.000Z,2.04,https://www.sec.gov/Archives/edgar/data/96021/000119312515239493/0001193125-15-239493-index.html,https://www.sec.gov/Archives/edgar/data/96021/000119312515239493/d44361d8k.htm
SEC8K-0001193125-15-243668,0001111711,,UNMAPPED,0001193125-15-243668,8-K,2015-07-02,2015-07-02T12:22:35.000Z,2.05,https://www.sec.gov/Archives/edgar/data/1111711/000119312515243668/0001193125-15-243668-index.html,https://www.sec.gov/Archives/edgar/data/1111711/000119312515243668/d116426d8k.htm
SEC8K-0000040545-15-000076,0000040545,,UNMAPPED,0000040545-15-000076,8-K,2015-07-06,2015-07-06T20:22:10.000Z,2.06,https://www.sec.gov/Archives/edgar/data/40545/000004054515000076/0000040545-15-000076-index.html,https://www.sec.gov/Archives/edgar/data/40545/000004054515000076/ge8k062915.htm
SEC8K-0001299933-15-001096,0000040704,,UNMAPPED,0001299933-15-001096,8-K,2015-07-16,2015-07-16T13:01:17.000Z,2.05,https://www.sec.gov/Archives/edgar/data/40704/000129993315001096/0001299933-15-001096-index.html,https://www.sec.gov/Archives/edgar/data/40704/000129993315001096/htm_52152.htm
SEC8K-0001104659-15-064389,0001137789,,UNMAPPED,0001104659-15-064389,8-K,2015-09-10,2015-09-10T00:40:11.000Z,2.05,https://www.sec.gov/Archives/edgar/data/1137789/000110465915064389/0001104659-15-064389-index.html,https://www.sec.gov/Archives/edgar/data/1137789/000110465915064389/a15-19227_18k.htm
SEC8K-0001193125-15-320831,0000047217,,UNMAPPED,0001193125-15-320831,8-K,2015-09-16,2015-09-16T10:05:06.000Z,2.05,https://www.sec.gov/Archives/edgar/data/47217/000119312515320831/0001193125-15-320831-index.html,https://www.sec.gov/Archives/edgar/data/47217/000119312515320831/d92008d8k.htm
SEC8K-0001104659-15-065441,0000765880,,UNMAPPED,0001104659-15-065441,8-K,2015-09-16,2015-09-16T12:30:37.000Z,2.06,https://www.sec.gov/Archives/edgar/data/765880/000110465915065441/0001104659-15-065441-index.html,https://www.sec.gov/Archives/edgar/data/765880/000110465915065441/a15-19754_18k.htm
SEC8K-0000018230-15-000301,0000018230,,UNMAPPED,0000018230-15-000301,8-K,2015-09-24,2015-09-24T13:03:57.000Z,2.05,https://www.sec.gov/Archives/edgar/data/18230/000001823015000301/0000018230-15-000301-index.html,https://www.sec.gov/Archives/edgar/data/18230/000001823015000301/caterpillarform8k_septembe.htm
SEC8K-0000002488-15-000055,0000002488,,UNMAPPED,0000002488-15-000055,8-K,2015-10-01,2015-10-01T20:05:11.000Z,2.05,https://www.sec.gov/Archives/edgar/data/2488/000000248815000055/0000002488-15-000055-index.html,https://www.sec.gov/Archives/edgar/data/2488/000000248815000055/a201510018-kitem205restruc.htm
SEC8K-0001157523-15-003290,0000029534,,UNMAPPED,0001157523-15-003290,8-K,2015-10-13,2015-10-13T20:41:05.000Z,2.05,https://www.sec.gov/Archives/edgar/data/29534/000115752315003290/0001157523-15-003290-index.html,https://www.sec.gov/Archives/edgar/data/29534/000115752315003290/a51199630.htm
SEC8K-0000875045-15-000032,0000875045,,UNMAPPED,0000875045-15-000032,8-K,2015-10-21,2015-10-21T11:33:13.000Z,2.05,https://www.sec.gov/Archives/edgar/data/875045/000087504515000032/0000875045-15-000032-index.html,https://www.sec.gov/Archives/edgar/data/875045/000087504515000032/q32015earnings8-k.htm
SEC8K-0001193125-15-350900,0001286681,,UNMAPPED,0001193125-15-350900,8-K,2015-10-22,2015-10-22T21:18:39.000Z,2.04,https://www.sec.gov/Archives/edgar/data/1286681/000119312515350900/0001193125-15-350900-index.html,https://www.sec.gov/Archives/edgar/data/1286681/000119312515350900/d51248d8k.htm
SEC8K-0001299933-15-001564,0000040704,,UNMAPPED,0001299933-15-001564,8-K,2015-10-29,2015-10-29T14:00:11.000Z,2.05,https://www.sec.gov/Archives/edgar/data/40704/000129993315001564/0001299933-15-001564-index.html,https://www.sec.gov/Archives/edgar/data/40704/000129993315001564/htm_52617.htm
SEC8K-0001157523-15-003580,0000021665,,UNMAPPED,0001157523-15-003580,8-K,2015-10-30,2015-10-30T12:00:21.000Z,2.05,https://www.sec.gov/Archives/edgar/data/21665/000115752315003580/0001157523-15-003580-index.html,https://www.sec.gov/Archives/edgar/data/21665/000115752315003580/a51212651.htm
SEC8K-0000827052-15-000188,0000827052,,UNMAPPED,0000827052-15-000188,8-K,2015-11-09,2015-11-09T11:30:25.000Z,2.06,https://www.sec.gov/Archives/edgar/data/827052/000082705215000188/0000827052-15-000188-index.html,https://www.sec.gov/Archives/edgar/data/827052/000082705215000188/eix-sceform8xkre2015grcfin.htm
SEC8K-0001193125-15-380906,0001324424,,UNMAPPED,0001193125-15-380906,8-K,2015-11-18,2015-11-18T22:11:59.000Z,2.05,https://www.sec.gov/Archives/edgar/data/1324424/000119312515380906/0001193125-15-380906-index.html,https://www.sec.gov/Archives/edgar/data/1324424/000119312515380906/d37647d8k.htm
SEC8K-0000040545-15-000126,0000040545,,UNMAPPED,0000040545-15-000126,8-K,2015-11-30,2015-11-30T22:00:57.000Z,2.06,https://www.sec.gov/Archives/edgar/data/40545/000004054515000126/0000040545-15-000126-index.html,https://www.sec.gov/Archives/edgar/data/40545/000004054515000126/ge8k113015.htm
SEC8K-0001193125-15-391663,0000087347,,UNMAPPED,0001193125-15-391663,8-K,2015-12-01,2015-12-01T17:46:30.000Z,2.05,https://www.sec.gov/Archives/edgar/data/87347/000119312515391663/0001193125-15-391663-index.html,https://www.sec.gov/Archives/edgar/data/87347/000119312515391663/d42166d8k.htm
SEC8K-0000936340-15-000194,0000936340,,UNMAPPED,0000936340-15-000194,8-K,2015-12-17,2015-12-17T18:56:20.000Z,2.05|2.06,https://www.sec.gov/Archives/edgar/data/936340/000093634015000194/0000936340-15-000194-index.html,https://www.sec.gov/Archives/edgar/data/936340/000093634015000194/a8-kdteenergy121715.htm
SEC8K-0001104659-16-089611,0001063761,,UNMAPPED,0001104659-16-089611,8-K,2016-01-13,2016-01-13T16:28:06.000Z,4.02,https://www.sec.gov/Archives/edgar/data/1063761/000110465916089611/0001104659-16-089611-index.html,https://www.sec.gov/Archives/edgar/data/1063761/000110465916089611/a16-1864_18k.htm
SEC8K-0000200406-16-000062,0000200406,,UNMAPPED,0000200406-16-000062,8-K,2016-01-19,2016-01-19T11:50:51.000Z,2.05,https://www.sec.gov/Archives/edgar/data/200406/000020040616000062/0000200406-16-000062-index.html,https://www.sec.gov/Archives/edgar/data/200406/000020040616000062/md8kcover.htm
SEC8K-0001193125-16-434942,0000106040,,UNMAPPED,0001193125-16-434942,8-K,2016-01-22,2016-01-22T11:02:34.000Z,2.05|2.06,https://www.sec.gov/Archives/edgar/data/106040/000119312516434942/0001193125-16-434942-index.html,https://www.sec.gov/Archives/edgar/data/106040/000119312516434942/d31155d8k.htm
SEC8K-0000764180-16-000113,0000764180,,UNMAPPED,0000764180-16-000113,8-K,2016-01-28,2016-01-28T15:00:58.000Z,2.05,https://www.sec.gov/Archives/edgar/data/764180/000076418016000113/0000764180-16-000113-index.html,https://www.sec.gov/Archives/edgar/data/764180/000076418016000113/form8-k2015fs.htm
SEC8K-0001193125-16-445218,0000927653,,UNMAPPED,0001193125-16-445218,8-K,2016-02-01,2016-02-01T13:01:01.000Z,2.06,https://www.sec.gov/Archives/edgar/data/927653/000119312516445218/0001193125-16-445218-index.html,https://www.sec.gov/Archives/edgar/data/927653/000119312516445218/d125466d8k.htm
SEC8K-0000769397-16-000055,0000769397,,UNMAPPED,0000769397-16-000055,8-K,2016-02-03,2016-02-03T14:00:38.000Z,2.05,https://www.sec.gov/Archives/edgar/data/769397/000076939716000055/0000769397-16-000055-index.html,https://www.sec.gov/Archives/edgar/data/769397/000076939716000055/form8-kxitem205xrestructur.htm
SEC8K-0001193125-16-465602,0001090012,,UNMAPPED,0001193125-16-465602,8-K,2016-02-16,2016-02-16T22:02:44.000Z,2.05,https://www.sec.gov/Archives/edgar/data/1090012/000119312516465602/0001193125-16-465602-index.html,https://www.sec.gov/Archives/edgar/data/1090012/000119312516465602/d111630d8k.htm
SEC8K-0001102624-16-002144,0001002047,,UNMAPPED,0001102624-16-002144,8-K,2016-02-17,2016-02-17T21:01:26.000Z,2.05,https://www.sec.gov/Archives/edgar/data/1002047/000110262416002144/0001102624-16-002144-index.html,https://www.sec.gov/Archives/edgar/data/1002047/000110262416002144/netapp8k.htm
SEC8K-0000105770-16-000057,0000105770,,UNMAPPED,0000105770-16-000057,8-K,2016-02-18,2016-02-18T14:05:55.000Z,2.05,https://www.sec.gov/Archives/edgar/data/105770/000010577016000057/0000105770-16-000057-index.html,https://www.sec.gov/Archives/edgar/data/105770/000010577016000057/wst-q42015form8k.htm
SEC8K-0001104659-16-100035,0001144519,,UNMAPPED,0001104659-16-100035,8-K,2016-02-25,2016-02-25T16:45:14.000Z,4.02,https://www.sec.gov/Archives/edgar/data/1144519/000110465916100035/0001104659-16-100035-index.html,https://www.sec.gov/Archives/edgar/data/1144519/000110465916100035/a16-5165_18k.htm
SEC8K-0001157523-16-004904,0000021665,,UNMAPPED,0001157523-16-004904,8-K,2016-03-10,2016-03-10T21:45:45.000Z,2.05,https://www.sec.gov/Archives/edgar/data/21665/000115752316004904/0001157523-16-004904-index.html,https://www.sec.gov/Archives/edgar/data/21665/000115752316004904/a51298376.htm
SEC8K-0000093751-16-000566,0000093751,,UNMAPPED,0000093751-16-000566,8-K/A,2016-03-15,2016-03-15T10:33:02.000Z,2.05,https://www.sec.gov/Archives/edgar/data/93751/000009375116000566/0000093751-16-000566-index.html,https://www.sec.gov/Archives/edgar/data/93751/000009375116000566/form8-ka.htm
SEC8K-0001193125-16-509495,0000927653,,UNMAPPED,0001193125-16-509495,8-K,2016-03-18,2016-03-18T12:01:35.000Z,2.05,https://www.sec.gov/Archives/edgar/data/927653/000119312516509495/0001193125-16-509495-index.html,https://www.sec.gov/Archives/edgar/data/927653/000119312516509495/d167490d8k.htm
SEC8K-0001193125-16-528737,0000002969,,UNMAPPED,0001193125-16-528737,8-K,2016-04-04,2016-04-04T13:01:07.000Z,2.05,https://www.sec.gov/Archives/edgar/data/2969/000119312516528737/0001193125-16-528737-index.html,https://www.sec.gov/Archives/edgar/data/2969/000119312516528737/d14261d8k.htm
SEC8K-0001193125-16-530699,0001109357,,UNMAPPED,0001193125-16-530699,8-K,2016-04-05,2016-04-05T19:49:34.000Z,2.06,https://www.sec.gov/Archives/edgar/data/1109357/000119312516530699/0001193125-16-530699-index.html,https://www.sec.gov/Archives/edgar/data/1109357/000119312516530699/d171533d8k.htm
SEC8K-0000050863-16-000122,0000050863,,UNMAPPED,0000050863-16-000122,8-K,2016-04-19,2016-04-19T16:09:01.000Z,2.05,https://www.sec.gov/Archives/edgar/data/50863/000005086316000122/0000050863-16-000122-index.html,https://www.sec.gov/Archives/edgar/data/50863/000005086316000122/aform8-kq12016.htm
SEC8K-0001157523-16-005214,0001116132,,UNMAPPED,0001157523-16-005214,8-K,2016-04-26,2016-04-26T10:45:25.000Z,2.05,https://www.sec.gov/Archives/edgar/data/1116132/000115752316005214/0001157523-16-005214-index.html,https://www.sec.gov/Archives/edgar/data/1116132/000115752316005214/a51328032.htm
SEC8K-0001104659-16-116915,0001001250,,UNMAPPED,0001104659-16-116915,8-K,2016-05-03,2016-05-03T12:09:19.000Z,2.05,https://www.sec.gov/Archives/edgar/data/1001250/000110465916116915/0001104659-16-116915-index.html,https://www.sec.gov/Archives/edgar/data/1001250/000110465916116915/a16-10329_18k.htm
SEC8K-0000045012-16-000295,0000045012,,UNMAPPED,0000045012-16-000295,8-K,2016-05-04,2016-05-04T18:37:45.000Z,2.04,https://www.sec.gov/Archives/edgar/data/45012/000004501216000295/0000045012-16-000295-index.html,https://www.sec.gov/Archives/edgar/data/45012/000004501216000295/hal_8kterminationagreement.htm
SEC8K-0001437107-16-000068,0001437107,,UNMAPPED,0001437107-16-000068,8-K,2016-05-04,2016-05-04T21:03:06.000Z,2.05,https://www.sec.gov/Archives/edgar/data/1437107/000143710716000068/0001437107-16-000068-index.html,https://www.sec.gov/Archives/edgar/data/1437107/000143710716000068/a8-k20160504.htm
SEC8K-0001157523-16-005590,0000849399,,UNMAPPED,0001157523-16-005590,8-K,2016-05-12,2016-05-12T16:51:29.000Z,2.05,https://www.sec.gov/Archives/edgar/data/849399/000115752316005590/0001157523-16-005590-index.html,https://www.sec.gov/Archives/edgar/data/849399/000115752316005590/a51339694.htm
SEC8K-0001104659-16-122983,0001001250,,UNMAPPED,0001104659-16-122983,8-K/A,2016-05-24,2016-05-24T20:56:24.000Z,2.05,https://www.sec.gov/Archives/edgar/data/1001250/000110465916122983/0001104659-16-122983-index.html,https://www.sec.gov/Archives/edgar/data/1001250/000110465916122983/a16-12118_18ka.htm
SEC8K-0001193125-16-610539,0001109357,,UNMAPPED,0001193125-16-610539,8-K,2016-06-02,2016-06-02T12:03:07.000Z,2.05,https://www.sec.gov/Archives/edgar/data/1109357/000119312516610539/0001193125-16-610539-index.html,https://www.sec.gov/Archives/edgar/data/1109357/000119312516610539/d366527d8k.htm
SEC8K-0000950142-16-003884,0001037038,,UNMAPPED,0000950142-16-003884,8-K,2016-06-07,2016-06-07T12:08:25.000Z,2.05,https://www.sec.gov/Archives/edgar/data/1037038/000095014216003884/0000950142-16-003884-index.html,https://www.sec.gov/Archives/edgar/data/1037038/000095014216003884/eh1600696_8k.htm
SEC8K-0000885725-16-000037,0000885725,,UNMAPPED,0000885725-16-000037,8-K,2016-06-09,2016-06-08T22:35:01.000Z,2.05,https://www.sec.gov/Archives/edgar/data/885725/000088572516000037/0000885725-16-000037-index.html,https://www.sec.gov/Archives/edgar/data/885725/000088572516000037/a2016restructuringprogramf.htm
SEC8K-0001193125-16-617925,0001109357,,UNMAPPED,0001193125-16-617925,8-K,2016-06-09,2016-06-09T21:01:05.000Z,2.06,https://www.sec.gov/Archives/edgar/data/1109357/000119312516617925/0001193125-16-617925-index.html,https://www.sec.gov/Archives/edgar/data/1109357/000119312516617925/d208875d8k.htm
SEC8K-0001104659-16-127348,0001001250,,UNMAPPED,0001104659-16-127348,8-K/A,2016-06-15,2016-06-15T20:02:54.000Z,2.05,https://www.sec.gov/Archives/edgar/data/1001250/000110465916127348/0001104659-16-127348-index.html,https://www.sec.gov/Archives/edgar/data/1001250/000110465916127348/a16-13387_18ka.htm
SEC8K-0001104659-16-130122,0001137789,,UNMAPPED,0001104659-16-130122,8-K,2016-06-29,2016-06-29T20:12:03.000Z,2.05,https://www.sec.gov/Archives/edgar/data/1137789/000110465916130122/0001104659-16-130122-index.html,https://www.sec.gov/Archives/edgar/data/1137789/000110465916130122/a16-13969_18k.htm
SEC8K-0000723125-16-000198,0000723125,,UNMAPPED,0000723125-16-000198,8-K,2016-06-30,2016-06-30T20:00:31.000Z,2.05,https://www.sec.gov/Archives/edgar/data/723125/000072312516000198/0000723125-16-000198-index.html,https://www.sec.gov/Archives/edgar/data/723125/000072312516000198/a2016q38-kearningsrelease.htm
SEC8K-0001274494-16-000082,0001274494,,UNMAPPED,0001274494-16-000082,8-K,2016-07-05,2016-07-05T13:22:43.000Z,2.05|2.06,https://www.sec.gov/Archives/edgar/data/1274494/000127449416000082/0001274494-16-000082-index.html,https://www.sec.gov/Archives/edgar/data/1274494/000127449416000082/a8-ktetrasunoperations.htm
SEC8K-0001104659-16-131996,0001137789,,UNMAPPED,0001104659-16-131996,8-K,2016-07-11,2016-07-11T20:08:07.000Z,2.05,https://www.sec.gov/Archives/edgar/data/1137789/000110465916131996/0001104659-16-131996-index.html,https://www.sec.gov/Archives/edgar/data/1137789/000110465916131996/a16-14729_18k.htm
SEC8K-0001299933-16-002755,0000040704,,UNMAPPED,0001299933-16-002755,8-K,2016-07-21,2016-07-21T12:44:50.000Z,2.05,https://www.sec.gov/Archives/edgar/data/40704/000129993316002755/0001299933-16-002755-index.html,https://www.sec.gov/Archives/edgar/data/40704/000129993316002755/htm_53820.htm
SEC8K-0001031296-16-000095,0001031296,,UNMAPPED,0001031296-16-000095,8-K,2016-07-22,2016-07-22T12:09:31.000Z,2.05|2.06,https://www.sec.gov/Archives/edgar/data/1031296/000103129616000095/0001031296-16-000095-index.html,https://www.sec.gov/Archives/edgar/data/1031296/000103129616000095/a8-kdated07192016.htm
SEC8K-0001171843-16-011295,0000008670,,UNMAPPED,0001171843-16-011295,8-K,2016-07-28,2016-07-28T11:00:26.000Z,2.05,https://www.sec.gov/Archives/edgar/data/8670/000117184316011295/0001171843-16-011295-index.html,https://www.sec.gov/Archives/edgar/data/8670/000117184316011295/f8k_072816.htm
SEC8K-0001193125-16-684126,0000858877,,UNMAPPED,0001193125-16-684126,8-K,2016-08-17,2016-08-17T20:11:33.000Z,2.05,https://www.sec.gov/Archives/edgar/data/858877/000119312516684126/0001193125-16-684126-index.html,https://www.sec.gov/Archives/edgar/data/858877/000119312516684126/d410923d8k.htm
SEC8K-0001104659-16-142094,0000217346,,UNMAPPED,0001104659-16-142094,8-K,2016-08-30,2016-08-30T20:02:20.000Z,2.05|2.06,https://www.sec.gov/Archives/edgar/data/217346/000110465916142094/0001104659-16-142094-index.html,https://www.sec.gov/Archives/edgar/data/217346/000110465916142094/a16-17707_18k.htm
SEC8K-0001521332-16-000119,0001521332,,UNMAPPED,0001521332-16-000119,8-K,2016-08-31,2016-08-31T20:04:39.000Z,2.04,https://www.sec.gov/Archives/edgar/data/1521332/000152133216000119/0001521332-16-000119-index.html,https://www.sec.gov/Archives/edgar/data/1521332/000152133216000119/a8-k2023notesredemption.htm
SEC8K-0001193125-16-707902,0000035527,,UNMAPPED,0001193125-16-707902,8-K,2016-09-13,2016-09-13T10:30:36.000Z,2.05|2.06,https://www.sec.gov/Archives/edgar/data/35527/000119312516707902/0001193125-16-707902-index.html,https://www.sec.gov/Archives/edgar/data/35527/000119312516707902/d249679d8k.htm
SEC8K-0001193125-16-713972,0000877212,,UNMAPPED,0001193125-16-713972,8-K,2016-09-20,2016-09-20T10:08:02.000Z,2.06,https://www.sec.gov/Archives/edgar/data/877212/000119312516713972/0001193125-16-713972-index.html,https://www.sec.gov/Archives/edgar/data/877212/000119312516713972/d262284d8k.htm
SEC8K-0001193125-16-715958,0000898293,,UNMAPPED,0001193125-16-715958,8-K,2016-09-21,2016-09-21T20:11:32.000Z,2.05,https://www.sec.gov/Archives/edgar/data/898293/000119312516715958/0001193125-16-715958-index.html,https://www.sec.gov/Archives/edgar/data/898293/000119312516715958/d248729d8k.htm
SEC8K-0001193125-16-718442,0001097864,,UNMAPPED,0001193125-16-718442,8-K,2016-09-23,2016-09-23T20:21:02.000Z,2.05,https://www.sec.gov/Archives/edgar/data/1097864/000119312516718442/0001193125-16-718442-index.html,https://www.sec.gov/Archives/edgar/data/1097864/000119312516718442/d174351d8k.htm
SEC8K-0000086521-16-000132,0001032208,,UNMAPPED,0000086521-16-000132,8-K,2016-09-30,2016-09-30T00:22:43.000Z,2.06,https://www.sec.gov/Archives/edgar/data/1032208/000008652116000132/0000086521-16-000132-index.html,https://www.sec.gov/Archives/edgar/data/1032208/000008652116000132/sre8k09292016.htm
SEC8K-0001193125-16-731087,0000788784,,UNMAPPED,0001193125-16-731087,8-K,2016-10-05,2016-10-05T12:31:05.000Z,2.05|2.06,https://www.sec.gov/Archives/edgar/data/788784/000119312516731087/0001193125-16-731087-index.html,https://www.sec.gov/Archives/edgar/data/788784/000119312516731087/d253089d8k.htm
SEC8K-0001193125-16-731756,0000707549,,UNMAPPED,0001193125-16-731756,8-K,2016-10-06,2016-10-05T23:01:02.000Z,2.04,https://www.sec.gov/Archives/edgar/data/707549/000119312516731756/0001193125-16-731756-index.html,https://www.sec.gov/Archives/edgar/data/707549/000119312516731756/d271204d8k.htm
SEC8K-0001104659-16-149114,0000077476,,UNMAPPED,0001104659-16-149114,8-K,2016-10-06,2016-10-06T20:30:52.000Z,2.04,https://www.sec.gov/Archives/edgar/data/77476/000110465916149114/0001104659-16-149114-index.html,https://www.sec.gov/Archives/edgar/data/77476/000110465916149114/a16-18482_58k.htm
SEC8K-0001326160-16-000401,0001326160,,UNMAPPED,0001326160-16-000401,8-K,2016-10-13,2016-10-13T10:56:33.000Z,2.05|2.06,https://www.sec.gov/Archives/edgar/data/1326160/000132616016000401/0001326160-16-000401-index.html,https://www.sec.gov/Archives/edgar/data/1326160/000132616016000401/a10-12x16final8xk.htm
SEC8K-0001104659-16-150081,0000047217,,UNMAPPED,0001104659-16-150081,8-K,2016-10-13,2016-10-13T20:34:56.000Z,2.05,https://www.sec.gov/Archives/edgar/data/47217/000110465916150081/0001104659-16-150081-index.html,https://www.sec.gov/Archives/edgar/data/47217/000110465916150081/a16-19790_18k.htm
SEC8K-0000875320-16-000098,0000875320,,UNMAPPED,0000875320-16-000098,8-K,2016-10-17,2016-10-17T12:39:25.000Z,2.04,https://www.sec.gov/Archives/edgar/data/875320/000087532016000098/0000875320-16-000098-index.html,https://www.sec.gov/Archives/edgar/data/875320/000087532016000098/a8-kbankofamericacreditagr.htm
SEC8K-0001104659-16-151034,0000217346,,UNMAPPED,0001104659-16-151034,8-K,2016-10-20,2016-10-20T10:40:13.000Z,2.05|2.06,https://www.sec.gov/Archives/edgar/data/217346/000110465916151034/0001104659-16-151034-index.html,https://www.sec.gov/Archives/edgar/data/217346/000110465916151034/a16-20196_18k.htm
SEC8K-0001193125-16-755300,0000877212,,UNMAPPED,0001193125-16-755300,8-K,2016-11-01,2016-11-01T20:03:02.000Z,4.02,https://www.sec.gov/Archives/edgar/data/877212/000119312516755300/0001193125-16-755300-index.html,https://www.sec.gov/Archives/edgar/data/877212/000119312516755300/d284671d8k.htm
SEC8K-0001193125-16-758809,0001002047,,UNMAPPED,0001193125-16-758809,8-K,2016-11-03,2016-11-03T20:03:55.000Z,2.05,https://www.sec.gov/Archives/edgar/data/1002047/000119312516758809/0001193125-16-758809-index.html,https://www.sec.gov/Archives/edgar/data/1002047/000119312516758809/d286342d8k.htm
SEC8K-0001274494-16-000103,0001274494,,UNMAPPED,0001274494-16-000103,8-K,2016-11-16,2016-11-16T21:08:06.000Z,2.05|2.06,https://www.sec.gov/Archives/edgar/data/1274494/000127449416000103/0001274494-16-000103-index.html,https://www.sec.gov/Archives/edgar/data/1274494/000127449416000103/a8-kseries6andupdatedguida.htm
SEC8K-0001299933-16-003269,0000040704,,UNMAPPED,0001299933-16-003269,8-K,2016-12-05,2016-12-05T15:04:35.000Z,2.05,https://www.sec.gov/Archives/edgar/data/40704/000129993316003269/0001299933-16-003269-index.html,https://www.sec.gov/Archives/edgar/data/40704/000129993316003269/htm_54337.htm
SEC8K-0001193125-16-785958,0000087347,,UNMAPPED,0001193125-16-785958,8-K,2016-12-06,2016-12-06T17:16:32.000Z,2.06,https://www.sec.gov/Archives/edgar/data/87347/000119312516785958/0001193125-16-785958-index.html,https://www.sec.gov/Archives/edgar/data/87347/000119312516785958/d287232d8k.htm
SEC8K-0000065984-16-000736,0000065984,,UNMAPPED,0000065984-16-000736,8-K,2016-12-08,2016-12-08T13:10:43.000Z,2.06,https://www.sec.gov/Archives/edgar/data/65984/000006598416000736/0000065984-16-000736-index.html,https://www.sec.gov/Archives/edgar/data/65984/000006598416000736/a11016.htm
SEC8K-0000079879-16-000121,0000079879,,UNMAPPED,0000079879-16-000121,8-K,2016-12-09,2016-12-09T19:09:57.000Z,2.05,https://www.sec.gov/Archives/edgar/data/79879/000007987916000121/0000079879-16-000121-index.html,https://www.sec.gov/Archives/edgar/data/79879/000007987916000121/form8-kdecemberboardapprov.htm
SEC8K-0001558370-16-010540,0001164727,,UNMAPPED,0001558370-16-010540,8-K,2016-12-13,2016-12-13T22:00:15.000Z,2.06,https://www.sec.gov/Archives/edgar/data/1164727/000155837016010540/0001558370-16-010540-index.html,https://www.sec.gov/Archives/edgar/data/1164727/000155837016010540/nem-20161207x8k.htm
SEC8K-0001193125-16-792063,0001109357,,UNMAPPED,0001193125-16-792063,8-K,2016-12-13,2016-12-13T22:28:55.000Z,2.05,https://www.sec.gov/Archives/edgar/data/1109357/000119312516792063/0001193125-16-792063-index.html,https://www.sec.gov/Archives/edgar/data/1109357/000119312516792063/d314655d8k.htm
SEC8K-0000065984-17-000002,0000065984,,UNMAPPED,0000065984-17-000002,8-K,2017-01-09,2017-01-09T13:24:48.000Z,2.05,https://www.sec.gov/Archives/edgar/data/65984/000006598417000002/0000065984-17-000002-index.html,https://www.sec.gov/Archives/edgar/data/65984/000006598417000002/a00117.htm
SEC8K-0001031296-17-000006,0001031296,,UNMAPPED,0001031296-17-000006,8-K,2017-01-19,2017-01-19T19:43:48.000Z,2.05|2.06,https://www.sec.gov/Archives/edgar/data/1031296/000103129617000006/0001031296-17-000006-index.html,https://www.sec.gov/Archives/edgar/data/1031296/000103129617000006/a8-kdated01192017.htm
SEC8K-0001193125-17-024491,0001120193,,UNMAPPED,0001193125-17-024491,8-K,2017-01-31,2017-01-31T12:10:32.000Z,2.06,https://www.sec.gov/Archives/edgar/data/1120193/000119312517024491/0001193125-17-024491-index.html,https://www.sec.gov/Archives/edgar/data/1120193/000119312517024491/d338945d8k.htm
SEC8K-0001628280-17-000641,0000048898,,UNMAPPED,0001628280-17-000641,8-K,2017-01-31,2017-01-31T13:21:12.000Z,2.05,https://www.sec.gov/Archives/edgar/data/48898/000162828017000641/0001628280-17-000641-index.html,https://www.sec.gov/Archives/edgar/data/48898/000162828017000641/form8-k_013117.htm
SEC8K-0000202058-17-000006,0000202058,,UNMAPPED,0000202058-17-000006,8-K,2017-02-01,2017-02-01T22:18:01.000Z,2.05|2.06,https://www.sec.gov/Archives/edgar/data/202058/000020205817000006/0000202058-17-000006-index.html,https://www.sec.gov/Archives/edgar/data/202058/000020205817000006/fy178-kprojectmagnoliasale.htm
SEC8K-0001157523-17-000513,0000051253,,UNMAPPED,0001157523-17-000513,8-K,2017-02-15,2017-02-15T21:56:31.000Z,2.05,https://www.sec.gov/Archives/edgar/data/51253/000115752317000513/0001157523-17-000513-index.html,https://www.sec.gov/Archives/edgar/data/51253/000115752317000513/a51511037.htm
SEC8K-0001104659-17-010115,0001001250,,UNMAPPED,0001104659-17-010115,8-K/A,2017-02-17,2017-02-17T16:52:03.000Z,2.05,https://www.sec.gov/Archives/edgar/data/1001250/000110465917010115/0001104659-17-010115-index.html,https://www.sec.gov/Archives/edgar/data/1001250/000110465917010115/a17-4646_18ka.htm
SEC8K-0001628280-17-001659,0000310158,,UNMAPPED,0001628280-17-001659,8-K,2017-02-23,2017-02-23T21:51:30.000Z,2.06,https://www.sec.gov/Archives/edgar/data/310158/000162828017001659/0001628280-17-001659-index.html,https://www.sec.gov/Archives/edgar/data/310158/000162828017001659/a8-k2017_2x23item206xmater.htm
SEC8K-0001193125-17-059310,0000277948,,UNMAPPED,0001193125-17-059310,8-K,2017-02-27,2017-02-27T22:22:03.000Z,2.05,https://www.sec.gov/Archives/edgar/data/277948/000119312517059310/0001193125-17-059310-index.html,https://www.sec.gov/Archives/edgar/data/277948/000119312517059310/d356673d8k.htm
SEC8K-0000047111-17-000015,0000047111,,UNMAPPED,0000047111-17-000015,8-K,2017-02-28,2017-02-28T21:56:35.000Z,2.05,https://www.sec.gov/Archives/edgar/data/47111/000004711117000015/0000047111-17-000015-index.html,https://www.sec.gov/Archives/edgar/data/47111/000004711117000015/a8-k_02222017.htm
SEC8K-0001467858-17-000060,0001467858,,UNMAPPED,0001467858-17-000060,8-K,2017-03-06,2017-03-06T13:42:20.000Z,2.05,https://www.sec.gov/Archives/edgar/data/1467858/000146785817000060/0001467858-17-000060-index.html,https://www.sec.gov/Archives/edgar/data/1467858/000146785817000060/a20170306form8k.htm
SEC8K-0001193125-17-077510,0001137789,,UNMAPPED,0001193125-17-077510,8-K,2017-03-10,2017-03-10T12:14:55.000Z,2.05,https://www.sec.gov/Archives/edgar/data/1137789/000119312517077510/0001193125-17-077510-index.html,https://www.sec.gov/Archives/edgar/data/1137789/000119312517077510/d139153d8k.htm
SEC8K-0001193125-17-083635,0000898293,,UNMAPPED,0001193125-17-083635,8-K/A,2017-03-15,2017-03-15T20:10:34.000Z,2.05,https://www.sec.gov/Archives/edgar/data/898293/000119312517083635/0001193125-17-083635-index.html,https://www.sec.gov/Archives/edgar/data/898293/000119312517083635/d360218d8ka.htm
SEC8K-0000950142-17-000715,0001037038,,UNMAPPED,0000950142-17-000715,8-K,2017-04-04,2017-04-04T12:30:41.000Z,2.05,https://www.sec.gov/Archives/edgar/data/1037038/000095014217000715/0000950142-17-000715-index.html,https://www.sec.gov/Archives/edgar/data/1037038/000095014217000715/eh1700480_8k.htm
SEC8K-0001381197-17-000009,0001381197,,UNMAPPED,0001381197-17-000009,8-K,2017-04-18,2017-04-18T20:01:31.000Z,2.05,https://www.sec.gov/Archives/edgar/data/1381197/000138119717000009/0001381197-17-000009-index.html,https://www.sec.gov/Archives/edgar/data/1381197/000138119717000009/ibkr_8k-20170418.htm
SEC8K-0000920148-17-000040,0000920148,,UNMAPPED,0000920148-17-000040,8-K,2017-04-25,2017-04-25T19:30:45.000Z,2.05,https://www.sec.gov/Archives/edgar/data/920148/000092014817000040/0000920148-17-000040-index.html,https://www.sec.gov/Archives/edgar/data/920148/000092014817000040/form8-kpr42517.htm
SEC8K-0000822416-17-000027,0000822416,,UNMAPPED,0000822416-17-000027,8-K,2017-05-08,2017-05-08T21:06:45.000Z,2.06,https://www.sec.gov/Archives/edgar/data/822416/000082241617000027/0000822416-17-000027-index.html,https://www.sec.gov/Archives/edgar/data/822416/000082241617000027/a8klong-livedassets.htm
SEC8K-0001628280-17-006007,0001109357,,UNMAPPED,0001628280-17-006007,8-K,2017-05-30,2017-05-30T12:29:55.000Z,2.05,https://www.sec.gov/Archives/edgar/data/1109357/000162828017006007/0001628280-17-006007-index.html,https://www.sec.gov/Archives/edgar/data/1109357/000162828017006007/exc201705308k.htm
SEC8K-0000106535-17-000025,0000106535,,UNMAPPED,0000106535-17-000025,8-K,2017-06-05,2017-06-02T22:30:11.000Z,2.06,https://www.sec.gov/Archives/edgar/data/106535/000010653517000025/0000106535-17-000025-index.html,https://www.sec.gov/Archives/edgar/data/106535/000010653517000025/wy65178kmaterialimpairment.htm
SEC8K-0001104659-17-038953,0001001250,,UNMAPPED,0001104659-17-038953,8-K/A,2017-06-13,2017-06-13T21:09:18.000Z,2.05,https://www.sec.gov/Archives/edgar/data/1001250/000110465917038953/0001104659-17-038953-index.html,https://www.sec.gov/Archives/edgar/data/1001250/000110465917038953/a17-15154_18ka.htm
SEC8K-0001104659-17-039161,0001013871,,UNMAPPED,0001104659-17-039161,8-K,2017-06-14,2017-06-14T13:02:06.000Z,2.04,https://www.sec.gov/Archives/edgar/data/1013871/000110465917039161/0001104659-17-039161-index.html,https://www.sec.gov/Archives/edgar/data/1013871/000110465917039161/a17-14582_48k.htm
SEC8K-0001104659-17-042332,0001163165,,UNMAPPED,0001104659-17-042332,8-K,2017-06-29,2017-06-29T11:40:35.000Z,2.06,https://www.sec.gov/Archives/edgar/data/1163165/000110465917042332/0001104659-17-042332-index.html,https://www.sec.gov/Archives/edgar/data/1163165/000110465917042332/a17-15887_18k.htm
SEC8K-0001013871-17-000015,0001013871,,UNMAPPED,0001013871-17-000015,8-K,2017-07-13,2017-07-13T20:14:52.000Z,2.05,https://www.sec.gov/Archives/edgar/data/1013871/000101387117000015/0001013871-17-000015-index.html,https://www.sec.gov/Archives/edgar/data/1013871/000101387117000015/nrg8-k205july17.htm
SEC8K-0001193125-17-234418,0001286681,,UNMAPPED,0001193125-17-234418,8-K,2017-07-25,2017-07-25T11:42:03.000Z,2.04,https://www.sec.gov/Archives/edgar/data/1286681/000119312517234418/0001193125-17-234418-index.html,https://www.sec.gov/Archives/edgar/data/1286681/000119312517234418/d428320d8k.htm
SEC8K-0001193125-17-234440,0001137789,,UNMAPPED,0001193125-17-234440,8-K,2017-07-25,2017-07-25T12:16:04.000Z,2.05,https://www.sec.gov/Archives/edgar/data/1137789/000119312517234440/0001193125-17-234440-index.html,https://www.sec.gov/Archives/edgar/data/1137789/000119312517234440/d431036d8k.htm
SEC8K-0000009389-17-000026,0000009389,,UNMAPPED,0000009389-17-000026,8-K,2017-07-27,2017-07-27T18:07:34.000Z,2.05,https://www.sec.gov/Archives/edgar/data/9389/000000938917000026/0000009389-17-000026-index.html,https://www.sec.gov/Archives/edgar/data/9389/000000938917000026/8_k.htm
SEC8K-0001193125-17-246965,0000048898,,UNMAPPED,0001193125-17-246965,8-K,2017-08-03,2017-08-03T15:15:03.000Z,2.04,https://www.sec.gov/Archives/edgar/data/48898/000119312517246965/0001193125-17-246965-index.html,https://www.sec.gov/Archives/edgar/data/48898/000119312517246965/d433279d8k.htm
SEC8K-0000100885-17-000187,0000100885,,UNMAPPED,0000100885-17-000187,8-K,2017-08-16,2017-08-16T14:44:33.000Z,2.05,https://www.sec.gov/Archives/edgar/data/100885/000010088517000187/0000100885-17-000187-index.html,https://www.sec.gov/Archives/edgar/data/100885/000010088517000187/unp-20170816x8k.htm
SEC8K-0001193125-17-263644,0000075677,,UNMAPPED,0001193125-17-263644,8-K,2017-08-21,2017-08-21T19:57:35.000Z,2.05|2.06,https://www.sec.gov/Archives/edgar/data/75677/000119312517263644/0001193125-17-263644-index.html,https://www.sec.gov/Archives/edgar/data/75677/000119312517263644/d442358d8k.htm
SEC8K-0001104659-17-054184,0001326160,,UNMAPPED,0001104659-17-054184,8-K,2017-08-29,2017-08-29T12:54:07.000Z,2.06,https://www.sec.gov/Archives/edgar/data/1326160/000110465917054184/0001104659-17-054184-index.html,https://www.sec.gov/Archives/edgar/data/1326160/000110465917054184/a17-21080_18k.htm
SEC8K-0000009389-17-000034,0000009389,,UNMAPPED,0000009389-17-000034,8-K,2017-09-01,2017-09-01T18:24:19.000Z,2.05,https://www.sec.gov/Archives/edgar/data/9389/000000938917000034/0000009389-17-000034-index.html,https://www.sec.gov/Archives/edgar/data/9389/000000938917000034/8_k.htm
SEC8K-0001193125-17-281776,0001403161,,UNMAPPED,0001193125-17-281776,8-K,2017-09-11,2017-09-11T20:03:04.000Z,2.04,https://www.sec.gov/Archives/edgar/data/1403161/000119312517281776/0001193125-17-281776-index.html,https://www.sec.gov/Archives/edgar/data/1403161/000119312517281776/d456880d8k.htm
SEC8K-0000721371-17-000128,0000721371,,UNMAPPED,0000721371-17-000128,8-K,2017-10-04,2017-10-04T20:48:15.000Z,2.05,https://www.sec.gov/Archives/edgar/data/721371/000072137117000128/0000721371-17-000128-index.html,https://www.sec.gov/Archives/edgar/data/721371/000072137117000128/projectacelaform8-k.htm
SEC8K-0000875320-17-000054,0000875320,,UNMAPPED,0000875320-17-000054,8-K,2017-10-25,2017-10-25T20:09:38.000Z,2.06,https://www.sec.gov/Archives/edgar/data/875320/000087532017000054/0000875320-17-000054-index.html,https://www.sec.gov/Archives/edgar/data/875320/000087532017000054/a8-kq32017.htm
SEC8K-0001157523-17-002846,0000021665,,UNMAPPED,0001157523-17-002846,8-K,2017-10-27,2017-10-27T12:00:52.000Z,2.05,https://www.sec.gov/Archives/edgar/data/21665/000115752317002846/0001157523-17-002846-index.html,https://www.sec.gov/Archives/edgar/data/21665/000115752317002846/a51705905.htm
SEC8K-0001666700-17-000022,0001666700,,UNMAPPED,0001666700-17-000022,8-K,2017-11-02,2017-11-02T10:31:13.000Z,2.05,https://www.sec.gov/Archives/edgar/data/1666700/000166670017000022/0001666700-17-000022-index.html,https://www.sec.gov/Archives/edgar/data/1666700/000166670017000022/dwdprestructuring3q17.htm
SEC8K-0001104659-17-069963,0001001250,,UNMAPPED,0001104659-17-069963,8-K/A,2017-11-21,2017-11-21T22:10:14.000Z,2.05,https://www.sec.gov/Archives/edgar/data/1001250/000110465917069963/0001104659-17-069963-index.html,https://www.sec.gov/Archives/edgar/data/1001250/000110465917069963/a17-27204_28ka.htm
SEC8K-0000769397-17-000054,0000769397,,UNMAPPED,0000769397-17-000054,8-K,2017-11-28,2017-11-28T21:01:12.000Z,2.05,https://www.sec.gov/Archives/edgar/data/769397/000076939717000054/0000769397-17-000054-index.html,https://www.sec.gov/Archives/edgar/data/769397/000076939717000054/q3188-kcover.htm
SEC8K-0001193125-17-355694,0000049071,,UNMAPPED,0001193125-17-355694,8-K,2017-11-29,2017-11-29T21:17:32.000Z,2.04,https://www.sec.gov/Archives/edgar/data/49071/000119312517355694/0001193125-17-355694-index.html,https://www.sec.gov/Archives/edgar/data/49071/000119312517355694/d502586d8k.htm
SEC8K-0001137789-17-000101,0001137789,,UNMAPPED,0001137789-17-000101,8-K,2017-12-11,2017-12-11T21:10:27.000Z,2.05,https://www.sec.gov/Archives/edgar/data/1137789/000113778917000101/0001137789-17-000101-index.html,https://www.sec.gov/Archives/edgar/data/1137789/000113778917000101/q218restructuring8-k.htm
SEC8K-0001628280-17-012399,0001109357,,UNMAPPED,0001628280-17-012399,8-K,2017-12-18,2017-12-18T21:11:19.000Z,2.06,https://www.sec.gov/Archives/edgar/data/1109357/000162828017012399/0001628280-17-012399-index.html,https://www.sec.gov/Archives/edgar/data/1109357/000162828017012399/exc201712138k.htm
SEC8K-0001628280-18-000148,0000765880,,UNMAPPED,0001628280-18-000148,8-K,2018-01-05,2018-01-05T13:00:21.000Z,2.06,https://www.sec.gov/Archives/edgar/data/765880/000162828018000148/0001628280-18-000148-index.html,https://www.sec.gov/Archives/edgar/data/765880/000162828018000148/a010518form8-kcurrentrepor.htm
SEC8K-0001104659-18-000985,0000217346,,UNMAPPED,0001104659-18-000985,8-K,2018-01-05,2018-01-05T21:15:39.000Z,2.05|2.06,https://www.sec.gov/Archives/edgar/data/217346/000110465918000985/0001104659-18-000985-index.html,https://www.sec.gov/Archives/edgar/data/217346/000110465918000985/a18-2325_18k.htm
SEC8K-0001613103-18-000002,0001613103,,UNMAPPED,0001613103-18-000002,8-K,2018-01-08,2018-01-08T21:37:15.000Z,2.05,https://www.sec.gov/Archives/edgar/data/1613103/000161310318000002/0001613103-18-000002-index.html,https://www.sec.gov/Archives/edgar/data/1613103/000161310318000002/january20188-k.htm
SEC8K-0001104659-18-004007,0000866374,,UNMAPPED,0001104659-18-004007,8-K,2018-01-25,2018-01-25T21:33:36.000Z,2.05,https://www.sec.gov/Archives/edgar/data/866374/000110465918004007/0001104659-18-004007-index.html,https://www.sec.gov/Archives/edgar/data/866374/000110465918004007/a18-3704_18k.htm
SEC8K-0000827052-18-000033,0000827052,,UNMAPPED,0000827052-18-000033,8-K,2018-01-31,2018-01-31T02:13:49.000Z,2.06,https://www.sec.gov/Archives/edgar/data/827052/000082705218000033/0000827052-18-000033-index.html,https://www.sec.gov/Archives/edgar/data/827052/000082705218000033/songssa1-30x2018.htm
SEC8K-0001628280-18-000874,0001109357,,UNMAPPED,0001628280-18-000874,8-K,2018-02-02,2018-02-02T12:39:27.000Z,2.05,https://www.sec.gov/Archives/edgar/data/1109357/000162828018000874/0001628280-18-000874-index.html,https://www.sec.gov/Archives/edgar/data/1109357/000162828018000874/exc201801318k.htm
SEC8K-0001467858-18-000028,0001467858,,UNMAPPED,0001467858-18-000028,8-K,2018-02-13,2018-02-13T01:23:51.000Z,2.05|2.06,https://www.sec.gov/Archives/edgar/data/1467858/000146785818000028/0001467858-18-000028-index.html,https://www.sec.gov/Archives/edgar/data/1467858/000146785818000028/gmkorearestructuring021220.htm
SEC8K-0000947871-18-000137,0001144519,,UNMAPPED,0000947871-18-000137,8-K,2018-02-14,2018-02-14T06:17:01.000Z,2.05,https://www.sec.gov/Archives/edgar/data/1144519/000094787118000137/0000947871-18-000137-index.html,https://www.sec.gov/Archives/edgar/data/1144519/000094787118000137/ss79817_8k.htm
SEC8K-0000105770-18-000004,0000105770,,UNMAPPED,0000105770-18-000004,8-K,2018-02-15,2018-02-15T14:52:31.000Z,2.05,https://www.sec.gov/Archives/edgar/data/105770/000010577018000004/0000105770-18-000004-index.html,https://www.sec.gov/Archives/edgar/data/105770/000010577018000004/wst-q42017form8k.htm
SEC8K-0001031296-18-000016,0001031296,,UNMAPPED,0001031296-18-000016,8-K,2018-02-20,2018-02-20T22:02:32.000Z,2.05|2.06,https://www.sec.gov/Archives/edgar/data/1031296/000103129618000016/0001031296-18-000016-index.html,https://www.sec.gov/Archives/edgar/data/1031296/000103129618000016/a8-kdated02202018.htm
SEC8K-0000764478-18-000004,0000764478,,UNMAPPED,0000764478-18-000004,8-K,2018-03-01,2018-02-28T22:47:51.000Z,2.05,https://www.sec.gov/Archives/edgar/data/764478/000076447818000004/0000764478-18-000004-index.html,https://www.sec.gov/Archives/edgar/data/764478/000076447818000004/bby8-k22818.htm
SEC8K-0001104659-18-019573,0000001800,,UNMAPPED,0001104659-18-019573,8-K,2018-03-22,2018-03-22T20:14:36.000Z,2.04,https://www.sec.gov/Archives/edgar/data/1800/000110465918019573/0001104659-18-019573-index.html,https://www.sec.gov/Archives/edgar/data/1800/000110465918019573/a18-8722_18k.htm
SEC8K-0001104659-18-019867,0001001250,,UNMAPPED,0001104659-18-019867,8-K/A,2018-03-23,2018-03-23T20:13:52.000Z,2.05,https://www.sec.gov/Archives/edgar/data/1001250/000110465918019867/0001104659-18-019867-index.html,https://www.sec.gov/Archives/edgar/data/1001250/000110465918019867/a18-8943_18ka.htm
SEC8K-0000200406-18-000015,0000200406,,UNMAPPED,0000200406-18-000015,8-K,2018-04-17,2018-04-17T12:02:41.000Z,2.05,https://www.sec.gov/Archives/edgar/data/200406/000020040618000015/0000200406-18-000015-index.html,https://www.sec.gov/Archives/edgar/data/200406/000020040618000015/a8-k2018q1.htm
SEC8K-0001193125-18-126146,0000732717,,UNMAPPED,0001193125-18-126146,8-K,2018-04-23,2018-04-23T14:56:02.000Z,2.04,https://www.sec.gov/Archives/edgar/data/732717/000119312518126146/0001193125-18-126146-index.html,https://www.sec.gov/Archives/edgar/data/732717/000119312518126146/d574806d8k.htm
SEC8K-0001104659-18-026348,0000008818,,UNMAPPED,0001104659-18-026348,8-K,2018-04-25,2018-04-25T10:45:47.000Z,2.05,https://www.sec.gov/Archives/edgar/data/8818/000110465918026348/0001104659-18-026348-index.html,https://www.sec.gov/Archives/edgar/data/8818/000110465918026348/a18-12093_18k.htm
SEC8K-0001193125-18-131673,0000927653,,UNMAPPED,0001193125-18-131673,8-K,2018-04-25,2018-04-25T21:25:03.000Z,2.05,https://www.sec.gov/Archives/edgar/data/927653/000119312518131673/0001193125-18-131673-index.html,https://www.sec.gov/Archives/edgar/data/927653/000119312518131673/d575359d8k.htm
SEC8K-0000079879-18-000022,0000079879,,UNMAPPED,0000079879-18-000022,8-K,2018-04-27,2018-04-27T12:29:25.000Z,2.05,https://www.sec.gov/Archives/edgar/data/79879/000007987918000022/0000079879-18-000022-index.html,https://www.sec.gov/Archives/edgar/data/79879/000007987918000022/form8-kapril2018restructur.htm
SEC8K-0000079879-18-000027,0000079879,,UNMAPPED,0000079879-18-000027,8-K,2018-05-10,2018-05-10T20:47:17.000Z,4.02,https://www.sec.gov/Archives/edgar/data/79879/000007987918000027/0000079879-18-000027-index.html,https://www.sec.gov/Archives/edgar/data/79879/000007987918000027/ppgform8-kmay102018.htm
SEC8K-0000092122-18-000031,0000092122,,UNMAPPED,0000092122-18-000031,8-K,2018-05-21,2018-05-21T11:54:23.000Z,2.06,https://www.sec.gov/Archives/edgar/data/92122/000009212218000031/0000092122-18-000031-index.html,https://www.sec.gov/Archives/edgar/data/92122/000009212218000031/so8kflamingo.htm
SEC8K-0000047217-18-000020,0000047217,,UNMAPPED,0000047217-18-000020,8-K,2018-05-29,2018-05-29T20:09:14.000Z,2.05,https://www.sec.gov/Archives/edgar/data/47217/000004721718000020/0000047217-18-000020-index.html,https://www.sec.gov/Archives/edgar/data/47217/000004721718000020/hp-form8xkfy18q2.htm
SEC8K-0001193125-18-176815,0001048911,,UNMAPPED,0001193125-18-176815,8-K,2018-05-29,2018-05-29T20:21:02.000Z,2.06,https://www.sec.gov/Archives/edgar/data/1048911/000119312518176815/0001193125-18-176815-index.html,https://www.sec.gov/Archives/edgar/data/1048911/000119312518176815/d571099d8k.htm
SEC8K-0001193125-18-184011,0000804328,,UNMAPPED,0001193125-18-184011,8-K,2018-06-05,2018-06-05T12:51:35.000Z,2.04,https://www.sec.gov/Archives/edgar/data/804328/000119312518184011/0001193125-18-184011-index.html,https://www.sec.gov/Archives/edgar/data/804328/000119312518184011/d589600d8k.htm
SEC8K-0000950142-18-001353,0001037038,,UNMAPPED,0000950142-18-001353,8-K,2018-06-07,2018-06-07T13:14:41.000Z,2.05,https://www.sec.gov/Archives/edgar/data/1037038/000095014218001353/0000950142-18-001353-index.html,https://www.sec.gov/Archives/edgar/data/1037038/000095014218001353/eh1800783_8k.htm
SEC8K-0001104659-18-041818,0000001800,,UNMAPPED,0001104659-18-041818,8-K,2018-06-22,2018-06-22T20:45:37.000Z,2.04,https://www.sec.gov/Archives/edgar/data/1800/000110465918041818/0001104659-18-041818-index.html,https://www.sec.gov/Archives/edgar/data/1800/000110465918041818/a18-15675_18k.htm
SEC8K-0000086521-18-000047,0001032208,,UNMAPPED,0000086521-18-000047,8-K,2018-06-28,2018-06-27T23:04:56.000Z,2.06,https://www.sec.gov/Archives/edgar/data/1032208/000008652118000047/0000086521-18-000047-index.html,https://www.sec.gov/Archives/edgar/data/1032208/000008652118000047/sre20180625form8k.htm
SEC8K-0001193125-18-206319,0001058090,,UNMAPPED,0001193125-18-206319,8-K,2018-06-28,2018-06-28T10:03:30.000Z,2.05,https://www.sec.gov/Archives/edgar/data/1058090/000119312518206319/0001193125-18-206319-index.html,https://www.sec.gov/Archives/edgar/data/1058090/000119312518206319/d656360d8k.htm
SEC8K-0000079879-18-000041,0000079879,,UNMAPPED,0000079879-18-000041,8-K,2018-06-28,2018-06-28T12:20:13.000Z,4.02,https://www.sec.gov/Archives/edgar/data/79879/000007987918000041/0000079879-18-000041-index.html,https://www.sec.gov/Archives/edgar/data/79879/000007987918000041/ppgform8-kjune282018.htm
SEC8K-0001193125-18-214186,0001000228,,UNMAPPED,0001193125-18-214186,8-K,2018-07-09,2018-07-09T11:15:58.000Z,2.05,https://www.sec.gov/Archives/edgar/data/1000228/000119312518214186/0001193125-18-214186-index.html,https://www.sec.gov/Archives/edgar/data/1000228/000119312518214186/d671401d8k.htm
SEC8K-0001048695-18-000023,0001048695,,UNMAPPED,0001048695-18-000023,8-K,2018-07-25,2018-07-25T20:04:28.000Z,2.05,https://www.sec.gov/Archives/edgar/data/1048695/000104869518000023/0001048695-18-000023-index.html,https://www.sec.gov/Archives/edgar/data/1048695/000104869518000023/ffiv8-k6302018.htm
SEC8K-0001558370-18-005930,0000031462,,UNMAPPED,0001558370-18-005930,8-K,2018-07-31,2018-07-31T12:44:50.000Z,2.05,https://www.sec.gov/Archives/edgar/data/31462/000155837018005930/0001558370-18-005930-index.html,https://www.sec.gov/Archives/edgar/data/31462/000155837018005930/f8-k.htm
SEC8K-0000947871-18-000615,0001144519,,UNMAPPED,0000947871-18-000615,8-K/A,2018-08-01,2018-08-01T07:31:14.000Z,2.05,https://www.sec.gov/Archives/edgar/data/1144519/000094787118000615/0000947871-18-000615-index.html,https://www.sec.gov/Archives/edgar/data/1144519/000094787118000615/ss102211_8ka.htm
SEC8K-0001104659-18-048772,0000804328,,UNMAPPED,0001104659-18-048772,8-K,2018-08-01,2018-08-01T20:34:31.000Z,2.04,https://www.sec.gov/Archives/edgar/data/804328/000110465918048772/0001104659-18-048772-index.html,https://www.sec.gov/Archives/edgar/data/804328/000110465918048772/a18-17825_98k.htm
SEC8K-0001193125-18-254569,0000060667,,UNMAPPED,0001193125-18-254569,8-K,2018-08-22,2018-08-22T12:56:07.000Z,2.05|2.06,https://www.sec.gov/Archives/edgar/data/60667/000119312518254569/0001193125-18-254569-index.html,https://www.sec.gov/Archives/edgar/data/60667/000119312518254569/d609271d8k.htm
SEC8K-0001193125-18-268664,0001103982,,UNMAPPED,0001193125-18-268664,8-K,2018-09-07,2018-09-07T12:04:35.000Z,2.05,https://www.sec.gov/Archives/edgar/data/1103982/000119312518268664/0001193125-18-268664-index.html,https://www.sec.gov/Archives/edgar/data/1103982/000119312518268664/d599017d8k.htm
SEC8K-0001104659-18-059457,0000001800,,UNMAPPED,0001104659-18-059457,8-K,2018-09-28,2018-09-28T21:04:48.000Z,2.04,https://www.sec.gov/Archives/edgar/data/1800/000110465918059457/0001104659-18-059457-index.html,https://www.sec.gov/Archives/edgar/data/1800/000110465918059457/a18-36079_18k.htm
SEC8K-0000046080-18-000134,0000046080,,UNMAPPED,0000046080-18-000134,8-K,2018-10-22,2018-10-22T12:00:44.000Z,2.05,https://www.sec.gov/Archives/edgar/data/46080/000004608018000134/0000046080-18-000134-index.html,https://www.sec.gov/Archives/edgar/data/46080/000004608018000134/maindocument001.htm
SEC8K-0001104659-18-064376,0000001800,,UNMAPPED,0001104659-18-064376,8-K,2018-10-29,2018-10-29T20:05:24.000Z,2.04,https://www.sec.gov/Archives/edgar/data/1800/000110465918064376/0001104659-18-064376-index.html,https://www.sec.gov/Archives/edgar/data/1800/000110465918064376/a18-37221_28k.htm
SEC8K-0000060667-18-000189,0000060667,,UNMAPPED,0000060667-18-000189,8-K,2018-11-05,2018-11-05T14:01:06.000Z,2.05|2.06,https://www.sec.gov/Archives/edgar/data/60667/000006066718000189/0000060667-18-000189-index.html,https://www.sec.gov/Archives/edgar/data/60667/000006066718000189/form8k_10312018.htm
SEC8K-0000885725-18-000047,0000885725,,UNMAPPED,0000885725-18-000047,8-K,2018-11-15,2018-11-15T21:07:11.000Z,2.05,https://www.sec.gov/Archives/edgar/data/885725/000088572518000047/0000885725-18-000047-index.html,https://www.sec.gov/Archives/edgar/data/885725/000088572518000047/a2019restructuringplanform.htm
SEC8K-0001628280-18-014419,0001375365,,UNMAPPED,0001628280-18-014419,8-K,2018-11-15,2018-11-15T21:53:25.000Z,4.02,https://www.sec.gov/Archives/edgar/data/1375365/000162828018014419/0001628280-18-014419-index.html,https://www.sec.gov/Archives/edgar/data/1375365/000162828018014419/form8-k_20181115x202.htm
SEC8K-0001193125-18-334127,0001467858,,UNMAPPED,0001193125-18-334127,8-K,2018-11-27,2018-11-26T23:44:35.000Z,2.05,https://www.sec.gov/Archives/edgar/data/1467858/000119312518334127/0001193125-18-334127-index.html,https://www.sec.gov/Archives/edgar/data/1467858/000119312518334127/d613073d8k.htm
SEC8K-0001552781-18-000519,0000217346,,UNMAPPED,0001552781-18-000519,8-K,2018-12-06,2018-12-06T22:04:04.000Z,2.05|2.06,https://www.sec.gov/Archives/edgar/data/217346/000155278118000519/0001552781-18-000519-index.html,https://www.sec.gov/Archives/edgar/data/217346/000155278118000519/e18451_txt-8k.htm
SEC8K-0001193125-18-350364,0000927066,,UNMAPPED,0001193125-18-350364,8-K,2018-12-17,2018-12-17T11:08:06.000Z,2.06,https://www.sec.gov/Archives/edgar/data/927066/000119312518350364/0001193125-18-350364-index.html,https://www.sec.gov/Archives/edgar/data/927066/000119312518350364/d658923d8k.htm
SEC8K-0001104659-19-000836,0001551152,,UNMAPPED,0001104659-19-000836,8-K,2019-01-04,2019-01-04T22:00:25.000Z,2.06,https://www.sec.gov/Archives/edgar/data/1551152/000110465919000836/0001104659-19-000836-index.html,https://www.sec.gov/Archives/edgar/data/1551152/000110465919000836/a19-1169_28k.htm
SEC8K-0001193125-19-012949,0001048911,,UNMAPPED,0001193125-19-012949,8-K,2019-01-18,2019-01-18T21:38:04.000Z,2.05,https://www.sec.gov/Archives/edgar/data/1048911/000119312519012949/0001193125-19-012949-index.html,https://www.sec.gov/Archives/edgar/data/1048911/000119312519012949/d695648d8k.htm
SEC8K-0001193125-19-019657,0001004980,,UNMAPPED,0001193125-19-019657,8-K,2019-01-29,2019-01-29T11:34:04.000Z,2.04,https://www.sec.gov/Archives/edgar/data/1004980/000119312519019657/0001193125-19-019657-index.html,https://www.sec.gov/Archives/edgar/data/1004980/000119312519019657/d700325d8k.htm
SEC8K-0001558370-19-000341,0000031462,,UNMAPPED,0001558370-19-000341,8-K,2019-02-04,2019-02-04T22:10:02.000Z,2.05,https://www.sec.gov/Archives/edgar/data/31462/000155837019000341/0001558370-19-000341-index.html,https://www.sec.gov/Archives/edgar/data/31462/000155837019000341/f8-k.htm
SEC8K-0000024545-19-000006,0000024545,,UNMAPPED,0000024545-19-000006,8-K,2019-02-12,2019-02-12T11:51:34.000Z,4.02,https://www.sec.gov/Archives/edgar/data/24545/000002454519000006/0000024545-19-000006-index.html,https://www.sec.gov/Archives/edgar/data/24545/000002454519000006/a8k2122019.htm
SEC8K-0000077476-19-000013,0000077476,,UNMAPPED,0000077476-19-000013,8-K,2019-02-15,2019-02-15T11:03:41.000Z,2.05|2.06,https://www.sec.gov/Archives/edgar/data/77476/000007747619000013/0000077476-19-000013-index.html,https://www.sec.gov/Archives/edgar/data/77476/000007747619000013/q420188-k.htm
SEC8K-0001193125-19-041741,0000040704,,UNMAPPED,0001193125-19-041741,8-K,2019-02-15,2019-02-15T14:05:32.000Z,2.05,https://www.sec.gov/Archives/edgar/data/40704/000119312519041741/0001193125-19-041741-index.html,https://www.sec.gov/Archives/edgar/data/40704/000119312519041741/d659373d8k.htm
SEC8K-0000037996-19-000010,0000037996,,UNMAPPED,0000037996-19-000010,8-K,2019-02-19,2019-02-19T18:40:01.000Z,2.05,https://www.sec.gov/Archives/edgar/data/37996/000003799619000010/0000037996-19-000010-index.html,https://www.sec.gov/Archives/edgar/data/37996/000003799619000010/brazil8-kdated2x19x2019.htm
SEC8K-0001093557-19-000039,0001093557,,UNMAPPED,0001093557-19-000039,8-K,2019-02-21,2019-02-21T21:16:24.000Z,2.05,https://www.sec.gov/Archives/edgar/data/1093557/000109355719000039/0001093557-19-000039-index.html,https://www.sec.gov/Archives/edgar/data/1093557/000109355719000039/dxcmq420188-k.htm
SEC8K-0001104659-19-010347,0000001800,,UNMAPPED,0001104659-19-010347,8-K,2019-02-25,2019-02-25T21:30:24.000Z,2.04,https://www.sec.gov/Archives/edgar/data/1800/000110465919010347/0001104659-19-010347-index.html,https://www.sec.gov/Archives/edgar/data/1800/000110465919010347/a19-5175_18k.htm
SEC8K-0001521332-19-000009,0001521332,,UNMAPPED,0001521332-19-000009,8-K,2019-02-28,2019-02-28T22:22:18.000Z,2.04,https://www.sec.gov/Archives/edgar/data/1521332/000152133219000009/0001521332-19-000009-index.html,https://www.sec.gov/Archives/edgar/data/1521332/000152133219000009/a8-k2020notesredemption.htm
SEC8K-0001171843-19-001497,0001097149,,UNMAPPED,0001171843-19-001497,8-K,2019-03-05,2019-03-05T13:33:51.000Z,2.05,https://www.sec.gov/Archives/edgar/data/1097149/000117184319001497/0001171843-19-001497-index.html,https://www.sec.gov/Archives/edgar/data/1097149/000117184319001497/f8k_030519.htm
SEC8K-0000037996-19-000014,0000037996,,UNMAPPED,0000037996-19-000014,8-K,2019-03-27,2019-03-27T11:36:33.000Z,2.05,https://www.sec.gov/Archives/edgar/data/37996/000003799619000014/0000037996-19-000014-index.html,https://www.sec.gov/Archives/edgar/data/37996/000003799619000014/russia8-kdated3x22x2019.htm
SEC8K-0001097149-19-000016,0001097149,,UNMAPPED,0001097149-19-000016,8-K/A,2019-04-11,2019-04-11T21:24:06.000Z,2.05,https://www.sec.gov/Archives/edgar/data/1097149/000109714919000016/0001097149-19-000016-index.html,https://www.sec.gov/Archives/edgar/data/1097149/000109714919000016/form8kaitem205amendedsdcfi.htm
SEC8K-0001104659-19-023211,0001385157,,UNMAPPED,0001104659-19-023211,8-K,2019-04-24,2019-04-24T10:20:17.000Z,2.05,https://www.sec.gov/Archives/edgar/data/1385157/000110465919023211/0001104659-19-023211-index.html,https://www.sec.gov/Archives/edgar/data/1385157/000110465919023211/a19-8585_18k.htm
SEC8K-0001104659-19-024842,0000310158,,UNMAPPED,0001104659-19-024842,8-K,2019-04-30,2019-04-30T10:49:33.000Z,2.05,https://www.sec.gov/Archives/edgar/data/310158/000110465919024842/0001104659-19-024842-index.html,https://www.sec.gov/Archives/edgar/data/310158/000110465919024842/a19-8996_18k.htm
SEC8K-0000827052-19-000117,0000827052,EIX,SEC_PRIMARY_DOCUMENT_REVIEWED,0000827052-19-000117,8-K,2019-05-28,2019-05-28T20:17:55.000Z,2.06,https://www.sec.gov/Archives/edgar/data/827052/000082705219000117/0000827052-19-000117-index.html,https://www.sec.gov/Archives/edgar/data/827052/000082705219000117/form8-kgrc5x28x19.htm
SEC8K-0001666700-19-000025,0001666700,DWDP,SEC_PRIMARY_DOCUMENT_REVIEWED,0001666700-19-000025,8-K,2019-05-29,2019-05-29T10:28:47.000Z,2.06,https://www.sec.gov/Archives/edgar/data/1666700/000166670019000025/0001666700-19-000025-index.html,https://www.sec.gov/Archives/edgar/data/1666700/000166670019000025/dwdp5292019.htm
SEC8K-0000037996-19-000049,0000037996,F,SEC_PRIMARY_DOCUMENT_REVIEWED,0000037996-19-000049,8-K,2019-06-06,2019-06-06T11:45:03.000Z,2.05,https://www.sec.gov/Archives/edgar/data/37996/000003799619000049/0000037996-19-000049-index.html,https://www.sec.gov/Archives/edgar/data/37996/000003799619000049/bridgend8-k.htm
SEC8K-0000079879-19-000023,0000079879,PPG,SEC_PRIMARY_DOCUMENT_REVIEWED,0000079879-19-000023,8-K,2019-06-10,2019-06-10T20:52:42.000Z,2.05,https://www.sec.gov/Archives/edgar/data/79879/000007987919000023/0000079879-19-000023-index.html,https://www.sec.gov/Archives/edgar/data/79879/000007987919000023/form8-kjune2019restructuri.htm
SEC8K-0001140361-19-010907,0000052988,JEC,SEC_PRIMARY_DOCUMENT_REVIEWED,0001140361-19-010907,8-K,2019-06-12,2019-06-12T20:20:46.000Z,2.04,https://www.sec.gov/Archives/edgar/data/52988/000114036119010907/0001140361-19-010907-index.html,https://www.sec.gov/Archives/edgar/data/52988/000114036119010907/nc10002532x1_8k.htm
SEC8K-0001104659-19-035343,0001001250,EL,SEC_PRIMARY_DOCUMENT_REVIEWED,0001104659-19-035343,8-K/A,2019-06-13,2019-06-13T20:15:02.000Z,2.05,https://www.sec.gov/Archives/edgar/data/1001250/000110465919035343/0001104659-19-035343-index.html,https://www.sec.gov/Archives/edgar/data/1001250/000110465919035343/a19-11434_18ka.htm
SEC8K-0001243786-19-000100,0001285785,MOS,SEC_PRIMARY_DOCUMENT_REVIEWED,0001243786-19-000100,8-K,2019-06-18,2019-06-18T12:56:26.000Z,2.06,https://www.sec.gov/Archives/edgar/data/1285785/000124378619000100/0001243786-19-000100-index.html,https://www.sec.gov/Archives/edgar/data/1285785/000124378619000100/a8-kplantcityclosurejune20.htm
SEC8K-0001193125-19-178954,0000788784,PEG,SEC_PRIMARY_DOCUMENT_REVIEWED,0001193125-19-178954,8-K,2019-06-21,2019-06-21T21:15:03.000Z,2.05|2.06,https://www.sec.gov/Archives/edgar/data/788784/000119312519178954/0001193125-19-178954-index.html,https://www.sec.gov/Archives/edgar/data/788784/000119312519178954/d765476d8k.htm
SEC8K-0000947871-19-000528,0001144519,BG,SEC_PRIMARY_DOCUMENT_REVIEWED,0000947871-19-000528,8-K,2019-07-22,2019-07-22T07:25:37.000Z,2.05|2.06,https://www.sec.gov/Archives/edgar/data/1144519/000094787119000528/0000947871-19-000528-index.html,https://www.sec.gov/Archives/edgar/data/1144519/000094787119000528/ss144664_8k.htm
SEC8K-0001104659-19-041508,0001385157,TEL,SEC_PRIMARY_DOCUMENT_REVIEWED,0001104659-19-041508,8-K/A,2019-07-24,2019-07-24T10:27:11.000Z,2.05,https://www.sec.gov/Archives/edgar/data/1385157/000110465919041508/0001104659-19-041508-index.html,https://www.sec.gov/Archives/edgar/data/1385157/000110465919041508/a19-13010_28ka.htm
SEC8K-0001104659-19-041852,0000866374,FLEX,SEC_PRIMARY_DOCUMENT_REVIEWED,0001104659-19-041852,8-K,2019-07-25,2019-07-25T20:18:52.000Z,2.05,https://www.sec.gov/Archives/edgar/data/866374/000110465919041852/0001104659-19-041852-index.html,https://www.sec.gov/Archives/edgar/data/866374/000110465919041852/a19-13035_18k.htm
SEC8K-0000072741-19-000031,0000072741,ES,SEC_PRIMARY_DOCUMENT_REVIEWED,0000072741-19-000031,8-K,2019-07-25,2019-07-25T21:19:07.000Z,2.06,https://www.sec.gov/Archives/edgar/data/72741/000007274119000031/0000072741-19-000031-index.html,https://www.sec.gov/Archives/edgar/data/72741/000007274119000031/form8-knpt.htm
SEC8K-0000721371-19-000061,0000721371,CAH,SEC_PRIMARY_DOCUMENT_REVIEWED,0000721371-19-000061,8-K,2019-08-08,2019-08-08T10:59:09.000Z,2.05,https://www.sec.gov/Archives/edgar/data/721371/000072137119000061/0000721371-19-000061-index.html,https://www.sec.gov/Archives/edgar/data/721371/000072137119000061/a19q4_8kx63019xform8-kxnew.htm
SEC8K-0001157523-19-001784,0000849399,SYMC,SEC_PRIMARY_DOCUMENT_REVIEWED,0001157523-19-001784,8-K,2019-08-08,2019-08-08T16:36:18.000Z,2.05,https://www.sec.gov/Archives/edgar/data/849399/000115752319001784/0001157523-19-001784-index.html,https://www.sec.gov/Archives/edgar/data/849399/000115752319001784/a52076085.htm
SEC8K-0001144519-19-000048,0001144519,BG,SEC_PRIMARY_DOCUMENT_REVIEWED,0001144519-19-000048,8-K,2019-08-13,2019-08-13T16:41:23.000Z,2.05|2.06,https://www.sec.gov/Archives/edgar/data/1144519/000114451919000048/0001144519-19-000048-index.html,https://www.sec.gov/Archives/edgar/data/1144519/000114451919000048/bg813198-k.htm
SEC8K-0001193125-19-237414,0000087347,SLB,SEC_PRIMARY_DOCUMENT_REVIEWED,0001193125-19-237414,8-K,2019-09-04,2019-09-04T16:40:40.000Z,2.06,https://www.sec.gov/Archives/edgar/data/87347/000119312519237414/0001193125-19-237414-index.html,https://www.sec.gov/Archives/edgar/data/87347/000119312519237414/d796484d8k.htm
SEC8K-0001410578-19-001205,0000033213,EQT,SEC_PRIMARY_DOCUMENT_REVIEWED,0001410578-19-001205,8-K,2019-09-12,2019-09-12T20:16:02.000Z,2.05,https://www.sec.gov/Archives/edgar/data/33213/000141057819001205/0001410578-19-001205-index.html,https://www.sec.gov/Archives/edgar/data/33213/000141057819001205/tv529302_8k.htm
SEC8K-0000875320-19-000046,0000875320,VRTX,SEC_PRIMARY_DOCUMENT_REVIEWED,0000875320-19-000046,8-K,2019-09-17,2019-09-17T21:08:24.000Z,2.04,https://www.sec.gov/Archives/edgar/data/875320/000087532019000046/0000875320-19-000046-index.html,https://www.sec.gov/Archives/edgar/data/875320/000087532019000046/a8-ksep2019creditfacil.htm
SEC8K-0000037996-19-000071,0000037996,F,SEC_PRIMARY_DOCUMENT_REVIEWED,0000037996-19-000071,8-K,2019-10-01,2019-10-01T11:04:55.000Z,2.06,https://www.sec.gov/Archives/edgar/data/37996/000003799619000071/0000037996-19-000071-index.html,https://www.sec.gov/Archives/edgar/data/37996/000003799619000071/a8-kdated9x30x2019.htm
SEC8K-0000047217-19-000052,0000047217,HPQ,SEC_PRIMARY_DOCUMENT_REVIEWED,0000047217-19-000052,8-K,2019-10-04,2019-10-03T23:11:27.000Z,2.05,https://www.sec.gov/Archives/edgar/data/47217/000004721719000052/0000047217-19-000052-index.html,https://www.sec.gov/Archives/edgar/data/47217/000004721719000052/sam2019form8-kv3.htm
SEC8K-0001410578-19-001548,0001091667,CHTR,SEC_PRIMARY_DOCUMENT_REVIEWED,0001410578-19-001548,8-K,2019-10-07,2019-10-04T21:35:33.000Z,2.04,https://www.sec.gov/Archives/edgar/data/1091667/000141057819001548/0001410578-19-001548-index.html,https://www.sec.gov/Archives/edgar/data/1091667/000141057819001548/tv530689_8k.htm
SEC8K-0001410578-19-001557,0000811156,CMS,SEC_PRIMARY_DOCUMENT_REVIEWED,0001410578-19-001557,8-K,2019-10-07,2019-10-07T17:36:32.000Z,2.05,https://www.sec.gov/Archives/edgar/data/811156/000141057819001557/0001410578-19-001557-index.html,https://www.sec.gov/Archives/edgar/data/811156/000141057819001557/tv530581_8k.htm
SEC8K-0001193125-19-269681,0000087347,SLB,SEC_PRIMARY_DOCUMENT_REVIEWED,0001193125-19-269681,8-K,2019-10-18,2019-10-18T11:03:17.000Z,2.06,https://www.sec.gov/Archives/edgar/data/87347/000119312519269681/0001193125-19-269681-index.html,https://www.sec.gov/Archives/edgar/data/87347/000119312519269681/d816501d8k.htm
SEC8K-0001104659-19-057468,0001385157,TEL,SEC_PRIMARY_DOCUMENT_REVIEWED,0001104659-19-057468,8-K,2019-10-30,2019-10-30T10:11:40.000Z,2.05,https://www.sec.gov/Archives/edgar/data/1385157/000110465919057468/0001104659-19-057468-index.html,https://www.sec.gov/Archives/edgar/data/1385157/000110465919057468/tm1920914-1_8k.htm
SEC8K-0001157523-19-002130,0000024545,TAP,SEC_PRIMARY_DOCUMENT_REVIEWED,0001157523-19-002130,8-K,2019-10-30,2019-10-30T10:55:58.000Z,2.05,https://www.sec.gov/Archives/edgar/data/24545/000115752319002130/0001157523-19-002130-index.html,https://www.sec.gov/Archives/edgar/data/24545/000115752319002130/a52119911.htm
SEC8K-0001020569-19-000220,0001020569,IRM,SEC_PRIMARY_DOCUMENT_REVIEWED,0001020569-19-000220,8-K,2019-10-31,2019-10-31T10:05:46.000Z,2.05,https://www.sec.gov/Archives/edgar/data/1020569/000102056919000220/0001020569-19-000220-index.html,https://www.sec.gov/Archives/edgar/data/1020569/000102056919000220/irm8-kq32019earningsno.htm
SEC8K-0001413329-19-000073,0001413329,PM,SEC_PRIMARY_DOCUMENT_REVIEWED,0001413329-19-000073,8-K,2019-11-04,2019-11-04T15:02:47.000Z,2.05,https://www.sec.gov/Archives/edgar/data/1413329/000141332919000073/0001413329-19-000073-index.html,https://www.sec.gov/Archives/edgar/data/1413329/000141332919000073/a2019-11x048xk.htm
SEC8K-0001193125-19-301168,0001000228,HSIC,SEC_PRIMARY_DOCUMENT_REVIEWED,0001193125-19-301168,8-K,2019-11-26,2019-11-26T21:09:02.000Z,2.05,https://www.sec.gov/Archives/edgar/data/1000228/000119312519301168/0001193125-19-301168-index.html,https://www.sec.gov/Archives/edgar/data/1000228/000119312519301168/d839017d8k.htm
SEC8K-0001104659-19-070378,0000217346,TXT,SEC_PRIMARY_DOCUMENT_REVIEWED,0001104659-19-070378,8-K,2019-12-06,2019-12-06T12:25:54.000Z,2.05,https://www.sec.gov/Archives/edgar/data/217346/000110465919070378/0001104659-19-070378-index.html,https://www.sec.gov/Archives/edgar/data/217346/000110465919070378/tm1924597-1_8k.htm
SEC8K-0000093410-19-000040,0000093410,CVX,SEC_PRIMARY_DOCUMENT_REVIEWED,0000093410-19-000040,8-K,2019-12-10,2019-12-10T21:18:07.000Z,2.06,https://www.sec.gov/Archives/edgar/data/93410/000009341019000040/0000093410-19-000040-index.html,https://www.sec.gov/Archives/edgar/data/93410/000009341019000040/cvx12102019-8xkdocce.htm
SEC8K-0001564590-19-046141,0000106535,WY,SEC_PRIMARY_DOCUMENT_REVIEWED,0001564590-19-046141,8-K,2019-12-17,2019-12-17T13:20:25.000Z,2.06,https://www.sec.gov/Archives/edgar/data/106535/000156459019046141/0001564590-19-046141-index.html,https://www.sec.gov/Archives/edgar/data/106535/000156459019046141/wy-8k_20191216.htm
SEC8K-0001193125-19-317560,0001090012,DVN,SEC_PRIMARY_DOCUMENT_REVIEWED,0001193125-19-317560,8-K,2019-12-18,2019-12-18T21:31:07.000Z,2.06,https://www.sec.gov/Archives/edgar/data/1090012/000119312519317560/0001193125-19-317560-index.html,https://www.sec.gov/Archives/edgar/data/1090012/000119312519317560/d842688d8k.htm
SEC8K-0001104659-19-074388,0000001800,ABT,SEC_PRIMARY_DOCUMENT_REVIEWED,0001104659-19-074388,8-K,2019-12-19,2019-12-19T21:30:40.000Z,2.04,https://www.sec.gov/Archives/edgar/data/1800/000110465919074388/0001104659-19-074388-index.html,https://www.sec.gov/Archives/edgar/data/1800/000110465919074388/tm1926379-1_8k.htm
SEC8K-0001243786-20-000002,0001285785,MOS,SEC_PRIMARY_DOCUMENT_REVIEWED,0001243786-20-000002,8-K,2020-01-28,2020-01-28T21:05:41.000Z,2.06,https://www.sec.gov/Archives/edgar/data/1285785/000124378620000002/0001243786-20-000002-index.html,https://www.sec.gov/Archives/edgar/data/1285785/000124378620000002/a8-kcolonsayidlingandp.htm
SEC8K-0001140859-20-000006,0001140859,ABC,SEC_PRIMARY_DOCUMENT_REVIEWED,0001140859-20-000006,8-K,2020-01-30,2020-01-30T11:44:06.000Z,2.05|2.06,https://www.sec.gov/Archives/edgar/data/1140859/000114085920000006/0001140859-20-000006-index.html,https://www.sec.gov/Archives/edgar/data/1140859/000114085920000006/a8-kxearningsreleasexq.htm
SEC8K-0000769397-20-000002,0000769397,ADSK,SEC_PRIMARY_DOCUMENT_REVIEWED,0000769397-20-000002,8-K,2020-02-03,2020-02-03T21:27:53.000Z,2.04,https://www.sec.gov/Archives/edgar/data/769397/000076939720000002/0000769397-20-000002-index.html,https://www.sec.gov/Archives/edgar/data/769397/000076939720000002/a8-kxfebruary2020item1.htm
SEC8K-0001193125-20-035710,0000010456,BAX,SEC_PRIMARY_DOCUMENT_REVIEWED,0001193125-20-035710,8-K,2020-02-13,2020-02-13T21:53:50.000Z,4.02,https://www.sec.gov/Archives/edgar/data/10456/000119312520035710/0001193125-20-035710-index.html,https://www.sec.gov/Archives/edgar/data/10456/000119312520035710/d835972d8k.htm
SEC8K-0001467858-20-000050,0001467858,GM,SEC_PRIMARY_DOCUMENT_REVIEWED,0001467858-20-000050,8-K,2020-02-18,2020-02-18T12:29:47.000Z,2.05,https://www.sec.gov/Archives/edgar/data/1467858/000146785820000050/0001467858-20-000050-index.html,https://www.sec.gov/Archives/edgar/data/1467858/000146785820000050/a8-k.htm
SEC8K-0001104659-20-023531,0001091667,CHTR,SEC_PRIMARY_DOCUMENT_REVIEWED,0001104659-20-023531,8-K,2020-02-21,2020-02-21T00:15:41.000Z,2.04,https://www.sec.gov/Archives/edgar/data/1091667/000110465920023531/0001104659-20-023531-index.html,https://www.sec.gov/Archives/edgar/data/1091667/000110465920023531/tm206421-3_8k.htm
SEC8K-0001324424-20-000012,0001324424,EXPE,SEC_PRIMARY_DOCUMENT_REVIEWED,0001324424-20-000012,8-K,2020-02-25,2020-02-25T11:01:30.000Z,2.05,https://www.sec.gov/Archives/edgar/data/1324424/000132442420000012/0001324424-20-000012-index.html,https://www.sec.gov/Archives/edgar/data/1324424/000132442420000012/form8-k22520.htm
SEC8K-0001051470-20-000068,0001051470,CCI,SEC_PRIMARY_DOCUMENT_REVIEWED,0001051470-20-000068,8-K,2020-02-26,2020-02-26T21:27:08.000Z,4.02,https://www.sec.gov/Archives/edgar/data/1051470/000105147020000068/0001051470-20-000068-index.html,https://www.sec.gov/Archives/edgar/data/1051470/000105147020000068/q420198-kixbrl.htm
SEC8K-0001104659-20-037363,0001091667,CHTR,SEC_PRIMARY_DOCUMENT_REVIEWED,0001104659-20-037363,8-K,2020-03-23,2020-03-23T21:14:10.000Z,2.04,https://www.sec.gov/Archives/edgar/data/1091667/000110465920037363/0001104659-20-037363-index.html,https://www.sec.gov/Archives/edgar/data/1091667/000110465920037363/tm209733d3_8k.htm
SEC8K-0001193125-20-102713,0001097864,ON,SEC_PRIMARY_DOCUMENT_REVIEWED,0001193125-20-102713,8-K,2020-04-09,2020-04-09T21:02:40.000Z,2.05,https://www.sec.gov/Archives/edgar/data/1097864/000119312520102713/0001193125-20-102713-index.html,https://www.sec.gov/Archives/edgar/data/1097864/000119312520102713/d916635d8k.htm
SEC8K-0000950103-20-007337,0001701605,BKR,SEC_PRIMARY_DOCUMENT_REVIEWED,0000950103-20-007337,8-K,2020-04-13,2020-04-13T12:09:16.000Z,2.05|2.06,https://www.sec.gov/Archives/edgar/data/1701605/000095010320007337/0000950103-20-007337-index.html,https://www.sec.gov/Archives/edgar/data/1701605/000095010320007337/dp126012_8k.htm
SEC8K-0001193125-20-111531,0001666700,DD,SEC_PRIMARY_DOCUMENT_REVIEWED,0001193125-20-111531,8-K,2020-04-20,2020-04-20T10:53:42.000Z,2.06,https://www.sec.gov/Archives/edgar/data/1666700/000119312520111531/0001193125-20-111531-index.html,https://www.sec.gov/Archives/edgar/data/1666700/000119312520111531/d917730d8k.htm
SEC8K-0001564590-20-018916,0000075677,PKG,SEC_PRIMARY_DOCUMENT_REVIEWED,0001564590-20-018916,8-K,2020-04-28,2020-04-27T22:19:26.000Z,2.05,https://www.sec.gov/Archives/edgar/data/75677/000156459020018916/0001564590-20-018916-index.html,https://www.sec.gov/Archives/edgar/data/75677/000156459020018916/pkg-8k_20200427.htm
SEC8K-0001157523-20-000608,0001116132,TPR,SEC_PRIMARY_DOCUMENT_REVIEWED,0001157523-20-000608,8-K,2020-04-30,2020-04-30T10:46:39.000Z,2.05,https://www.sec.gov/Archives/edgar/data/1116132/000115752320000608/0001157523-20-000608-index.html,https://www.sec.gov/Archives/edgar/data/1116132/000115752320000608/a52212347.htm
SEC8K-0001683168-20-001539,0000027904,DAL,SEC_PRIMARY_DOCUMENT_REVIEWED,0001683168-20-001539,8-K,2020-05-14,2020-05-14T12:35:28.000Z,2.06,https://www.sec.gov/Archives/edgar/data/27904/000168316820001539/0001683168-20-001539-index.html,https://www.sec.gov/Archives/edgar/data/27904/000168316820001539/delta_i8k.htm
SEC8K-0001552781-20-000362,0001543151,UBER,SEC_PRIMARY_DOCUMENT_REVIEWED,0001552781-20-000362,8-K,2020-05-18,2020-05-18T15:36:15.000Z,2.05,https://www.sec.gov/Archives/edgar/data/1543151/000155278120000362/0001552781-20-000362-index.html,https://www.sec.gov/Archives/edgar/data/1543151/000155278120000362/e20337_uber-8k.htm
SEC8K-0001193125-20-157932,0001137789,STX,SEC_PRIMARY_DOCUMENT_REVIEWED,0001193125-20-157932,8-K,2020-06-02,2020-06-02T12:01:10.000Z,2.05,https://www.sec.gov/Archives/edgar/data/1137789/000119312520157932/0001193125-20-157932-index.html,https://www.sec.gov/Archives/edgar/data/1137789/000119312520157932/d894089d8k.htm
SEC8K-0001524472-20-000031,0001524472,XYL,SEC_PRIMARY_DOCUMENT_REVIEWED,0001524472-20-000031,8-K,2020-06-03,2020-06-02T22:16:47.000Z,2.05,https://www.sec.gov/Archives/edgar/data/1524472/000152447220000031/0001524472-20-000031-index.html,https://www.sec.gov/Archives/edgar/data/1524472/000152447220000031/xyl06022020form8-k.htm
SEC8K-0000079879-20-000032,0000079879,PPG,SEC_PRIMARY_DOCUMENT_REVIEWED,0000079879-20-000032,8-K,2020-06-08,2020-06-08T11:38:58.000Z,2.05,https://www.sec.gov/Archives/edgar/data/79879/000007987920000032/0000079879-20-000032-index.html,https://www.sec.gov/Archives/edgar/data/79879/000007987920000032/form8-kjune2020restruc.htm
SEC8K-0001193125-20-170138,0000087347,SLB,SEC_PRIMARY_DOCUMENT_REVIEWED,0001193125-20-170138,8-K,2020-06-16,2020-06-16T17:01:45.000Z,2.05,https://www.sec.gov/Archives/edgar/data/87347/000119312520170138/0001193125-20-170138-index.html,https://www.sec.gov/Archives/edgar/data/87347/000119312520170138/d944136d8k.htm
SEC8K-0001140361-20-014081,0001283699,TMUS,SEC_PRIMARY_DOCUMENT_REVIEWED,0001140361-20-014081,8-K,2020-06-17,2020-06-17T21:04:48.000Z,2.06,https://www.sec.gov/Archives/edgar/data/1283699/000114036120014081/0001140361-20-014081-index.html,https://www.sec.gov/Archives/edgar/data/1283699/000114036120014081/nc10012662x1_8k.htm
SEC8K-0001552781-20-000398,0000217346,TXT,SEC_PRIMARY_DOCUMENT_REVIEWED,0001552781-20-000398,8-K,2020-06-18,2020-06-18T20:36:42.000Z,2.05|2.06,https://www.sec.gov/Archives/edgar/data/217346/000155278120000398/0001552781-20-000398-index.html,https://www.sec.gov/Archives/edgar/data/217346/000155278120000398/e20404_txt-8k.htm
SEC8K-0001193125-20-174218,0001048911,FDX,SEC_PRIMARY_DOCUMENT_REVIEWED,0001193125-20-174218,8-K,2020-06-19,2020-06-19T21:18:21.000Z,2.06,https://www.sec.gov/Archives/edgar/data/1048911/000119312520174218/0001193125-20-174218-index.html,https://www.sec.gov/Archives/edgar/data/1048911/000119312520174218/d949507d8k.htm
SEC8K-0000874761-20-000044,0000874761,AES,SEC_PRIMARY_DOCUMENT_REVIEWED,0000874761-20-000044,8-K,2020-06-23,2020-06-23T12:03:20.000Z,2.06,https://www.sec.gov/Archives/edgar/data/874761/000087476120000044/0000874761-20-000044-index.html,https://www.sec.gov/Archives/edgar/data/874761/000087476120000044/a8-kjune2020.htm
SEC8K-0001193125-20-177094,0001609711,GDDY,SEC_PRIMARY_DOCUMENT_REVIEWED,0001193125-20-177094,8-K,2020-06-24,2020-06-24T11:46:03.000Z,2.05|2.06,https://www.sec.gov/Archives/edgar/data/1609711/000119312520177094/0001193125-20-177094-index.html,https://www.sec.gov/Archives/edgar/data/1609711/000119312520177094/d934654d8k.htm
SEC8K-0001104659-20-077745,0000895126,CHK,SEC_PRIMARY_DOCUMENT_REVIEWED,0001104659-20-077745,8-K,2020-06-29,2020-06-29T12:15:28.000Z,2.04,https://www.sec.gov/Archives/edgar/data/895126/000110465920077745/0001104659-20-077745-index.html,https://www.sec.gov/Archives/edgar/data/895126/000110465920077745/tm2023599-1_8k.htm
SEC8K-0001104659-20-080869,0001326160,DUK,SEC_PRIMARY_DOCUMENT_REVIEWED,0001104659-20-080869,8-K,2020-07-06,2020-07-06T10:49:13.000Z,2.06,https://www.sec.gov/Archives/edgar/data/1326160/000110465920080869/0001104659-20-080869-index.html,https://www.sec.gov/Archives/edgar/data/1326160/000110465920080869/tm2024036-1_8k.htm
SEC8K-0001193125-20-187846,0000715957,D,SEC_PRIMARY_DOCUMENT_REVIEWED,0001193125-20-187846,8-K,2020-07-06,2020-07-06T20:17:34.000Z,2.06,https://www.sec.gov/Archives/edgar/data/715957/000119312520187846/0001193125-20-187846-index.html,https://www.sec.gov/Archives/edgar/data/715957/000119312520187846/d936820d8k.htm
SEC8K-0001104659-20-082123,0000100517,UAL,SEC_PRIMARY_DOCUMENT_REVIEWED,0001104659-20-082123,8-K,2020-07-08,2020-07-08T21:15:19.000Z,2.05,https://www.sec.gov/Archives/edgar/data/100517/000110465920082123/0001104659-20-082123-index.html,https://www.sec.gov/Archives/edgar/data/100517/000110465920082123/tm2024375-1_8k.htm
SEC8K-0001104659-20-083132,0001091667,CHTR,SEC_PRIMARY_DOCUMENT_REVIEWED,0001104659-20-083132,8-K,2020-07-13,2020-07-13T21:01:23.000Z,2.04,https://www.sec.gov/Archives/edgar/data/1091667/000110465920083132/0001104659-20-083132-index.html,https://www.sec.gov/Archives/edgar/data/1091667/000110465920083132/tm2023618-7_8k.htm
SEC8K-0001104659-20-083610,0000823768,WM,SEC_PRIMARY_DOCUMENT_REVIEWED,0001104659-20-083610,8-K,2020-07-15,2020-07-15T12:48:00.000Z,2.04,https://www.sec.gov/Archives/edgar/data/823768/000110465920083610/0001104659-20-083610-index.html,https://www.sec.gov/Archives/edgar/data/823768/000110465920083610/tm2024786d1_8k.htm
SEC8K-0001104659-20-087372,0001091667,CHTR,SEC_PRIMARY_DOCUMENT_REVIEWED,0001104659-20-087372,8-K,2020-07-28,2020-07-28T20:36:48.000Z,2.04,https://www.sec.gov/Archives/edgar/data/1091667/000110465920087372/0001104659-20-087372-index.html,https://www.sec.gov/Archives/edgar/data/1091667/000110465920087372/tm2025145d2_8k.htm
SEC8K-0001564590-20-033955,0000075677,PKG,SEC_PRIMARY_DOCUMENT_REVIEWED,0001564590-20-033955,8-K,2020-07-28,2020-07-28T21:29:52.000Z,2.06,https://www.sec.gov/Archives/edgar/data/75677/000156459020033955/0001564590-20-033955-index.html,https://www.sec.gov/Archives/edgar/data/75677/000156459020033955/pkg-8k_20200724.htm
SEC8K-0000815097-20-000066,0000815097,CCL,SEC_PRIMARY_DOCUMENT_REVIEWED,0000815097-20-000066,8-K,2020-07-29,2020-07-29T16:07:41.000Z,2.06,https://www.sec.gov/Archives/edgar/data/815097/000081509720000066/0000815097-20-000066-index.html,https://www.sec.gov/Archives/edgar/data/815097/000081509720000066/ccl-20200729.htm
SEC8K-0001075531-20-000042,0001075531,BKNG,SEC_PRIMARY_DOCUMENT_REVIEWED,0001075531-20-000042,8-K,2020-08-04,2020-08-04T12:22:44.000Z,2.05,https://www.sec.gov/Archives/edgar/data/1075531/000107553120000042/0001075531-20-000042-index.html,https://www.sec.gov/Archives/edgar/data/1075531/000107553120000042/bkng-20200804.htm
SEC8K-0001609711-20-000109,0001609711,GDDY,SEC_PRIMARY_DOCUMENT_REVIEWED,0001609711-20-000109,8-K/A,2020-08-06,2020-08-05T22:13:14.000Z,2.05,https://www.sec.gov/Archives/edgar/data/1609711/000160971120000109/0001609711-20-000109-index.html,https://www.sec.gov/Archives/edgar/data/1609711/000160971120000109/gddy-20200622.htm
SEC8K-0001193125-20-217658,0000858877,CSCO,SEC_PRIMARY_DOCUMENT_REVIEWED,0001193125-20-217658,8-K,2020-08-12,2020-08-12T20:10:03.000Z,2.05,https://www.sec.gov/Archives/edgar/data/858877/000119312520217658/0001193125-20-217658-index.html,https://www.sec.gov/Archives/edgar/data/858877/000119312520217658/d50157d8k.htm
SEC8K-0001157523-20-001178,0001116132,TPR,SEC_PRIMARY_DOCUMENT_REVIEWED,0001157523-20-001178,8-K,2020-08-13,2020-08-13T10:46:45.000Z,2.05,https://www.sec.gov/Archives/edgar/data/1116132/000115752320001178/0001157523-20-001178-index.html,https://www.sec.gov/Archives/edgar/data/1116132/000115752320001178/a52265820.htm
SEC8K-0001001250-20-000054,0001001250,EL,SEC_PRIMARY_DOCUMENT_REVIEWED,0001001250-20-000054,8-K,2020-08-20,2020-08-20T12:03:19.000Z,2.05,https://www.sec.gov/Archives/edgar/data/1001250/000100125020000054/0001001250-20-000054-index.html,https://www.sec.gov/Archives/edgar/data/1001250/000100125020000054/el-20200818.htm
SEC8K-0001109357-20-000169,0001109357,EXC,SEC_PRIMARY_DOCUMENT_REVIEWED,0001109357-20-000169,8-K,2020-08-21,2020-08-21T12:50:48.000Z,2.05|2.06,https://www.sec.gov/Archives/edgar/data/1109357/000110935720000169/0001109357-20-000169-index.html,https://www.sec.gov/Archives/edgar/data/1109357/000110935720000169/exc-20200820.htm
SEC8K-0001564590-20-041346,0001002047,NTAP,SEC_PRIMARY_DOCUMENT_REVIEWED,0001564590-20-041346,8-K,2020-08-26,2020-08-26T20:05:23.000Z,2.05,https://www.sec.gov/Archives/edgar/data/1002047/000156459020041346/0001564590-20-041346-index.html,https://www.sec.gov/Archives/edgar/data/1002047/000156459020041346/ntap-8k_20200821.htm
SEC8K-0001109357-20-000174,0001109357,EXC,SEC_PRIMARY_DOCUMENT_REVIEWED,0001109357-20-000174,8-K,2020-08-27,2020-08-27T12:31:39.000Z,2.05,https://www.sec.gov/Archives/edgar/data/1109357/000110935720000174/0001109357-20-000174-index.html,https://www.sec.gov/Archives/edgar/data/1109357/000110935720000174/exc-20200827.htm
SEC8K-0001552781-20-000463,0000021344,KO,SEC_PRIMARY_DOCUMENT_REVIEWED,0001552781-20-000463,8-K,2020-08-28,2020-08-28T16:50:09.000Z,2.05,https://www.sec.gov/Archives/edgar/data/21344/000155278120000463/0001552781-20-000463-index.html,https://www.sec.gov/Archives/edgar/data/21344/000155278120000463/e20478_ko-8k.htm
SEC8K-0001104659-20-101912,0000100517,UAL,SEC_PRIMARY_DOCUMENT_REVIEWED,0001104659-20-101912,8-K/A,2020-09-02,2020-09-02T21:20:13.000Z,2.05,https://www.sec.gov/Archives/edgar/data/100517/000110465920101912/0001104659-20-101912-index.html,https://www.sec.gov/Archives/edgar/data/100517/000110465920101912/tm2030112-1_8ka.htm
SEC8K-0001075531-20-000054,0001075531,BKNG,SEC_PRIMARY_DOCUMENT_REVIEWED,0001075531-20-000054,8-K/A,2020-09-10,2020-09-10T20:09:26.000Z,2.05,https://www.sec.gov/Archives/edgar/data/1075531/000107553120000054/0001075531-20-000054-index.html,https://www.sec.gov/Archives/edgar/data/1075531/000107553120000054/bkng-20200804.htm
SEC8K-0001193125-20-247156,0000814547,FICO,SEC_PRIMARY_DOCUMENT_REVIEWED,0001193125-20-247156,8-K,2020-09-16,2020-09-16T20:02:01.000Z,2.05,https://www.sec.gov/Archives/edgar/data/814547/000119312520247156/0001193125-20-247156-index.html,https://www.sec.gov/Archives/edgar/data/814547/000119312520247156/d939437d8k.htm
SEC8K-0000950142-20-002295,0001037038,RL,SEC_PRIMARY_DOCUMENT_REVIEWED,0000950142-20-002295,8-K,2020-09-22,2020-09-22T13:15:44.000Z,2.05,https://www.sec.gov/Archives/edgar/data/1037038/000095014220002295/0000950142-20-002295-index.html,https://www.sec.gov/Archives/edgar/data/1037038/000095014220002295/eh200101603_8k.htm
SEC8K-0001683168-20-003281,0000027904,DAL,SEC_PRIMARY_DOCUMENT_REVIEWED,0001683168-20-003281,8-K,2020-09-25,2020-09-25T21:15:28.000Z,2.06,https://www.sec.gov/Archives/edgar/data/27904/000168316820003281/0001683168-20-003281-index.html,https://www.sec.gov/Archives/edgar/data/27904/000168316820003281/delta_i8k.htm
SEC8K-0000874761-20-000056,0000874761,AES,SEC_PRIMARY_DOCUMENT_REVIEWED,0000874761-20-000056,8-K,2020-09-29,2020-09-29T21:14:34.000Z,2.06,https://www.sec.gov/Archives/edgar/data/874761/000087476120000056/0000874761-20-000056-index.html,https://www.sec.gov/Archives/edgar/data/874761/000087476120000056/aes-20200923.htm
SEC8K-0001510295-20-000098,0001510295,MPC,SEC_PRIMARY_DOCUMENT_REVIEWED,0001510295-20-000098,8-K,2020-09-30,2020-09-30T20:10:25.000Z,2.05,https://www.sec.gov/Archives/edgar/data/1510295/000151029520000098/0001510295-20-000098-index.html,https://www.sec.gov/Archives/edgar/data/1510295/000151029520000098/mpcform8-k9292020.htm
SEC8K-0000899051-20-000066,0000899051,ALL,SEC_PRIMARY_DOCUMENT_REVIEWED,0000899051-20-000066,8-K,2020-09-30,2020-09-30T20:15:32.000Z,2.05,https://www.sec.gov/Archives/edgar/data/899051/000089905120000066/0000899051-20-000066-index.html,https://www.sec.gov/Archives/edgar/data/899051/000089905120000066/all-20200930.htm
SEC8K-0001104659-20-114989,0000100517,UAL,SEC_PRIMARY_DOCUMENT_REVIEWED,0001104659-20-114989,8-K/A,2020-10-14,2020-10-14T21:26:37.000Z,2.05,https://www.sec.gov/Archives/edgar/data/100517/000110465920114989/0001104659-20-114989-index.html,https://www.sec.gov/Archives/edgar/data/100517/000110465920114989/tm2033181d1_8ka.htm
SEC8K-0001075531-20-000060,0001075531,BKNG,SEC_PRIMARY_DOCUMENT_REVIEWED,0001075531-20-000060,8-K/A,2020-10-15,2020-10-15T20:57:39.000Z,2.05,https://www.sec.gov/Archives/edgar/data/1075531/000107553120000060/0001075531-20-000060-index.html,https://www.sec.gov/Archives/edgar/data/1075531/000107553120000060/bkng-20200804.htm
SEC8K-0001104659-20-115651,0001091667,CHTR,SEC_PRIMARY_DOCUMENT_REVIEWED,0001104659-20-115651,8-K,2020-10-16,2020-10-16T20:28:28.000Z,2.04,https://www.sec.gov/Archives/edgar/data/1091667/000110465920115651/0001104659-20-115651-index.html,https://www.sec.gov/Archives/edgar/data/1091667/000110465920115651/tm2030372-3_8k.htm
SEC8K-0001075531-20-000072,0001075531,BKNG,SEC_PRIMARY_DOCUMENT_REVIEWED,0001075531-20-000072,8-K/A,2020-11-05,2020-11-05T21:10:54.000Z,2.05,https://www.sec.gov/Archives/edgar/data/1075531/000107553120000072/0001075531-20-000072-index.html,https://www.sec.gov/Archives/edgar/data/1075531/000107553120000072/bkng-20200804.htm
SEC8K-0000885725-20-000046,0000885725,BSX,SEC_PRIMARY_DOCUMENT_REVIEWED,0000885725-20-000046,8-K,2020-11-18,2020-11-17T23:21:38.000Z,2.05,https://www.sec.gov/Archives/edgar/data/885725/000088572520000046/0000885725-20-000046-index.html,https://www.sec.gov/Archives/edgar/data/885725/000088572520000046/bsx-20201117.htm
SEC8K-0001193125-20-298226,0001792044,VTRS,SEC_PRIMARY_DOCUMENT_REVIEWED,0001193125-20-298226,8-K,2020-11-19,2020-11-19T22:01:06.000Z,2.05,https://www.sec.gov/Archives/edgar/data/1792044/000119312520298226/0001193125-20-298226-index.html,https://www.sec.gov/Archives/edgar/data/1792044/000119312520298226/d56774d8k.htm
SEC8K-0000885725-20-000051,0000885725,BSX,SEC_PRIMARY_DOCUMENT_REVIEWED,0000885725-20-000051,8-K,2020-12-01,2020-12-01T11:37:06.000Z,2.05,https://www.sec.gov/Archives/edgar/data/885725/000088572520000051/0000885725-20-000051-index.html,https://www.sec.gov/Archives/edgar/data/885725/000088572520000051/bsx-20201125.htm
SEC8K-0001193125-20-315436,0001792044,VTRS,SEC_PRIMARY_DOCUMENT_REVIEWED,0001193125-20-315436,8-K/A,2020-12-11,2020-12-11T13:50:54.000Z,2.05,https://www.sec.gov/Archives/edgar/data/1792044/000119312520315436/0001193125-20-315436-index.html,https://www.sec.gov/Archives/edgar/data/1792044/000119312520315436/d51357d8ka.htm
SEC8K-0001193125-21-000344,0001316835,BLDR,SEC_PRIMARY_DOCUMENT_REVIEWED,0001193125-21-000344,8-K,2021-01-04,2021-01-04T13:21:01.000Z,2.04,https://www.sec.gov/Archives/edgar/data/1316835/000119312521000344/0001193125-21-000344-index.html,https://www.sec.gov/Archives/edgar/data/1316835/000119312521000344/d101613d8k.htm
SEC8K-0000037996-21-000004,0000037996,F,SEC_PRIMARY_DOCUMENT_REVIEWED,0000037996-21-000004,8-K,2021-01-11,2021-01-11T18:56:28.000Z,2.05,https://www.sec.gov/Archives/edgar/data/37996/000003799621000004/0000037996-21-000004-index.html,https://www.sec.gov/Archives/edgar/data/37996/000003799621000004/f-20201222.htm
SEC8K-0001193125-21-010918,0001048911,FDX,SEC_PRIMARY_DOCUMENT_REVIEWED,0001193125-21-010918,8-K,2021-01-19,2021-01-19T14:09:32.000Z,2.05,https://www.sec.gov/Archives/edgar/data/1048911/000119312521010918/0001193125-21-010918-index.html,https://www.sec.gov/Archives/edgar/data/1048911/000119312521010918/d31414d8k.htm
SEC8K-0001326160-21-000004,0001326160,DUK,SEC_PRIMARY_DOCUMENT_REVIEWED,0001326160-21-000004,8-K,2021-01-25,2021-01-25T11:53:27.000Z,2.06,https://www.sec.gov/Archives/edgar/data/1326160/000132616021000004/0001326160-21-000004-index.html,https://www.sec.gov/Archives/edgar/data/1326160/000132616021000004/duk-20210122.htm
SEC8K-0001090727-21-000006,0001090727,UPS,SEC_PRIMARY_DOCUMENT_REVIEWED,0001090727-21-000006,8-K,2021-01-25,2021-01-25T13:47:11.000Z,2.06,https://www.sec.gov/Archives/edgar/data/1090727/000109072721000006/0001090727-21-000006-index.html,https://www.sec.gov/Archives/edgar/data/1090727/000109072721000006/ups-20210124.htm
SEC8K-0001075531-21-000003,0001075531,BKNG,SEC_PRIMARY_DOCUMENT_REVIEWED,0001075531-21-000003,8-K/A,2021-01-27,2021-01-27T21:25:12.000Z,2.05,https://www.sec.gov/Archives/edgar/data/1075531/000107553121000003/0001075531-21-000003-index.html,https://www.sec.gov/Archives/edgar/data/1075531/000107553121000003/bkng-20200804.htm
SEC8K-0001558370-21-001022,0000031462,ECL,SEC_PRIMARY_DOCUMENT_REVIEWED,0001558370-21-001022,8-K,2021-02-16,2021-02-16T13:42:06.000Z,2.05,https://www.sec.gov/Archives/edgar/data/31462/000155837021001022/0001558370-21-001022-index.html,https://www.sec.gov/Archives/edgar/data/31462/000155837021001022/ecl-20210216x8k.htm
SEC8K-0001193125-21-046154,0001090012,DVN,SEC_PRIMARY_DOCUMENT_REVIEWED,0001193125-21-046154,8-K/A,2021-02-17,2021-02-17T17:00:55.000Z,2.05,https://www.sec.gov/Archives/edgar/data/1090012/000119312521046154/0001193125-21-046154-index.html,https://www.sec.gov/Archives/edgar/data/1090012/000119312521046154/d133169d8ka.htm
SEC8K-0001001250-21-000021,0001001250,EL,SEC_PRIMARY_DOCUMENT_REVIEWED,0001001250-21-000021,8-K/A,2021-02-24,2021-02-24T13:01:25.000Z,2.05,https://www.sec.gov/Archives/edgar/data/1001250/000100125021000021/0001001250-21-000021-index.html,https://www.sec.gov/Archives/edgar/data/1001250/000100125021000021/el-20200818.htm
SEC8K-0001193125-21-057129,0001792044,VTRS,SEC_PRIMARY_DOCUMENT_REVIEWED,0001193125-21-057129,8-K/A,2021-02-25,2021-02-25T22:01:06.000Z,2.05,https://www.sec.gov/Archives/edgar/data/1792044/000119312521057129/0001193125-21-057129-index.html,https://www.sec.gov/Archives/edgar/data/1792044/000119312521057129/d137425d8ka.htm
SEC8K-0001193125-21-058268,0000075677,PKG,SEC_PRIMARY_DOCUMENT_REVIEWED,0001193125-21-058268,8-K,2021-02-26,2021-02-26T11:12:32.000Z,2.05|2.06,https://www.sec.gov/Archives/edgar/data/75677/000119312521058268/0001193125-21-058268-index.html,https://www.sec.gov/Archives/edgar/data/75677/000119312521058268/d142991d8k.htm
SEC8K-0001193125-21-069468,0001097864,ON,SEC_PRIMARY_DOCUMENT_REVIEWED,0001193125-21-069468,8-K,2021-03-04,2021-03-04T21:05:34.000Z,2.05,https://www.sec.gov/Archives/edgar/data/1097864/000119312521069468/0001193125-21-069468-index.html,https://www.sec.gov/Archives/edgar/data/1097864/000119312521069468/d131412d8k.htm
SEC8K-0000721371-21-000021,0000721371,CAH,SEC_PRIMARY_DOCUMENT_REVIEWED,0000721371-21-000021,8-K,2021-03-12,2021-03-12T14:03:15.000Z,2.05|2.06,https://www.sec.gov/Archives/edgar/data/721371/000072137121000021/0000721371-21-000021-index.html,https://www.sec.gov/Archives/edgar/data/721371/000072137121000021/cah-20210312.htm
SEC8K-0001193125-21-084755,0000922224,PPL,SEC_PRIMARY_DOCUMENT_REVIEWED,0001193125-21-084755,8-K,2021-03-18,2021-03-18T10:05:13.000Z,2.06,https://www.sec.gov/Archives/edgar/data/922224/000119312521084755/0001193125-21-084755-index.html,https://www.sec.gov/Archives/edgar/data/922224/000119312521084755/d128074d8k.htm
SEC8K-0001628280-21-007391,0001674101,VRT,SEC_PRIMARY_DOCUMENT_REVIEWED,0001628280-21-007391,8-K,2021-04-23,2021-04-22T21:31:51.000Z,4.02,https://www.sec.gov/Archives/edgar/data/1674101/000162828021007391/0001628280-21-007391-index.html,https://www.sec.gov/Archives/edgar/data/1674101/000162828021007391/vrt-20210421.htm
SEC8K-0001109357-21-000037,0001109357,EXC,SEC_PRIMARY_DOCUMENT_REVIEWED,0001109357-21-000037,8-K,2021-04-30,2021-04-30T15:55:33.000Z,2.06,https://www.sec.gov/Archives/edgar/data/1109357/000110935721000037/0001109357-21-000037-index.html,https://www.sec.gov/Archives/edgar/data/1109357/000110935721000037/exc-20210428.htm
SEC8K-0001564590-21-024548,0000040704,GIS,SEC_PRIMARY_DOCUMENT_REVIEWED,0001564590-21-024548,8-K,2021-05-06,2021-05-06T12:01:23.000Z,2.05,https://www.sec.gov/Archives/edgar/data/40704/000156459021024548/0001564590-21-024548-index.html,https://www.sec.gov/Archives/edgar/data/40704/000156459021024548/gis-8k_20210505.htm
SEC8K-0001104659-21-076394,0000001800,ABT,SEC_PRIMARY_DOCUMENT_REVIEWED,0001104659-21-076394,8-K,2021-06-03,2021-06-03T20:22:04.000Z,2.05,https://www.sec.gov/Archives/edgar/data/1800/000110465921076394/0001104659-21-076394-index.html,https://www.sec.gov/Archives/edgar/data/1800/000110465921076394/tm2118332d1_8k.htm
SEC8K-0001564590-21-031687,0000040704,GIS,TIME_VALID_MAPPED,0001564590-21-031687,8-K/A,2021-06-04,2021-06-04T13:00:15.000Z,2.05,https://www.sec.gov/Archives/edgar/data/40704/000156459021031687/0001564590-21-031687-index.html,https://www.sec.gov/Archives/edgar/data/40704/000156459021031687/gis-8ka_20210505.htm
SEC8K-0000037996-21-000048,0000037996,F,TIME_VALID_MAPPED,0000037996-21-000048,8-K,2021-06-28,2021-06-28T20:15:47.000Z,2.05,https://www.sec.gov/Archives/edgar/data/37996/000003799621000048/0000037996-21-000048-index.html,https://www.sec.gov/Archives/edgar/data/37996/000003799621000048/f-20210625.htm
SEC8K-0000874761-21-000055,0000874761,AES,SEC_PRIMARY_DOCUMENT_REVIEWED,0000874761-21-000055,8-K,2021-07-07,2021-07-06T22:31:05.000Z,2.06,https://www.sec.gov/Archives/edgar/data/874761/000087476121000055/0000874761-21-000055-index.html,https://www.sec.gov/Archives/edgar/data/874761/000087476121000055/aes-20210706.htm
SEC8K-0001193125-21-246157,0000788784,PEG,TIME_VALID_MAPPED,0001193125-21-246157,8-K,2021-08-13,2021-08-13T20:37:18.000Z,2.06,https://www.sec.gov/Archives/edgar/data/788784/000119312521246157/0001193125-21-246157-index.html,https://www.sec.gov/Archives/edgar/data/788784/000119312521246157/d166527d8k.htm
SEC8K-0000037996-21-000064,0000037996,F,TIME_VALID_MAPPED,0000037996-21-000064,8-K,2021-09-09,2021-09-09T10:50:56.000Z,2.05,https://www.sec.gov/Archives/edgar/data/37996/000003799621000064/0000037996-21-000064-index.html,https://www.sec.gov/Archives/edgar/data/37996/000003799621000064/f-20210907.htm
SEC8K-0001104659-21-129208,0000831001,C,TIME_VALID_MAPPED,0001104659-21-129208,8-K,2021-10-25,2021-10-25T11:00:24.000Z,2.05,https://www.sec.gov/Archives/edgar/data/831001/000110465921129208/0001104659-21-129208-index.html,https://www.sec.gov/Archives/edgar/data/831001/000110465921129208/c-20211025x8k.htm
SEC8K-0001104659-21-131412,0001326160,DUK,TIME_VALID_MAPPED,0001104659-21-131412,8-K,2021-10-29,2021-10-29T11:01:58.000Z,2.06,https://www.sec.gov/Archives/edgar/data/1326160/000110465921131412/0001104659-21-131412-index.html,https://www.sec.gov/Archives/edgar/data/1326160/000110465921131412/tm2131337d1_8k.htm
SEC8K-0001564590-21-053935,0000857005,PTC,TIME_VALID_MAPPED,0001564590-21-053935,8-K,2021-11-03,2021-11-03T20:02:29.000Z,2.05,https://www.sec.gov/Archives/edgar/data/857005/000156459021053935/0001564590-21-053935-index.html,https://www.sec.gov/Archives/edgar/data/857005/000156459021053935/ptc-8k_20211103.htm
SEC8K-0001104659-21-135337,0000831001,C,TIME_VALID_MAPPED,0001104659-21-135337,8-K/A,2021-11-08,2021-11-08T12:45:28.000Z,2.05,https://www.sec.gov/Archives/edgar/data/831001/000110465921135337/0001104659-21-135337-index.html,https://www.sec.gov/Archives/edgar/data/831001/000110465921135337/c-20211105x8ka.htm
SEC8K-0000950103-21-017527,0001521332,APTV,TIME_VALID_MAPPED,0000950103-21-017527,8-K,2021-11-09,2021-11-09T13:46:59.000Z,2.04,https://www.sec.gov/Archives/edgar/data/1521332/000095010321017527/0000950103-21-017527-index.html,https://www.sec.gov/Archives/edgar/data/1521332/000095010321017527/dp161405_8k.htm
SEC8K-0000947871-21-001217,0000064803,CVS,TIME_VALID_MAPPED,0000947871-21-001217,8-K,2021-11-18,2021-11-18T14:06:48.000Z,2.06,https://www.sec.gov/Archives/edgar/data/64803/000094787121001217/0000947871-21-001217-index.html,https://www.sec.gov/Archives/edgar/data/64803/000094787121001217/ss621297_8k.htm
SEC8K-0001104659-21-145538,0000935703,DLTR,TIME_VALID_MAPPED,0001104659-21-145538,8-K,2021-12-01,2021-12-01T22:17:30.000Z,2.04,https://www.sec.gov/Archives/edgar/data/935703/000110465921145538/0001104659-21-145538-index.html,https://www.sec.gov/Archives/edgar/data/935703/000110465921145538/tm2133298d6_8k.htm
SEC8K-0001193125-22-018393,0000093556,SWK,TIME_VALID_MAPPED,0001193125-22-018393,8-K,2022-01-26,2022-01-26T22:07:58.000Z,4.02,https://www.sec.gov/Archives/edgar/data/93556/000119312522018393/0001193125-22-018393-index.html,https://www.sec.gov/Archives/edgar/data/93556/000119312522018393/d303104d8k.htm
SEC8K-0001489393-22-000003,0001489393,LYB,TIME_VALID_MAPPED,0001489393-22-000003,8-K,2022-01-28,2022-01-28T11:47:59.000Z,2.06,https://www.sec.gov/Archives/edgar/data/1489393/000148939322000003/0001489393-22-000003-index.html,https://www.sec.gov/Archives/edgar/data/1489393/000148939322000003/lyb-20220125.htm
SEC8K-0001157523-22-000117,0000021665,CL,TIME_VALID_MAPPED,0001157523-22-000117,8-K,2022-01-28,2022-01-28T13:55:49.000Z,2.05,https://www.sec.gov/Archives/edgar/data/21665/000115752322000117/0001157523-22-000117-index.html,https://www.sec.gov/Archives/edgar/data/21665/000115752322000117/a52570001.htm
SEC8K-0001104659-22-033597,0001326160,DUK,TIME_VALID_MAPPED,0001104659-22-033597,8-K,2022-03-15,2022-03-15T10:59:56.000Z,2.06,https://www.sec.gov/Archives/edgar/data/1326160/000110465922033597/0001104659-22-033597-index.html,https://www.sec.gov/Archives/edgar/data/1326160/000110465922033597/tm229243d1_8k.htm
SEC8K-0001489393-22-000014,0001489393,LYB,TIME_VALID_MAPPED,0001489393-22-000014,8-K,2022-04-21,2022-04-21T20:19:28.000Z,2.05,https://www.sec.gov/Archives/edgar/data/1489393/000148939322000014/0001489393-22-000014-index.html,https://www.sec.gov/Archives/edgar/data/1489393/000148939322000014/lyb-20220421.htm
SEC8K-0001783879-22-000088,0001783879,HOOD,TIME_VALID_MAPPED,0001783879-22-000088,8-K,2022-04-28,2022-04-28T20:03:13.000Z,2.05,https://www.sec.gov/Archives/edgar/data/1783879/000178387922000088/0001783879-22-000088-index.html,https://www.sec.gov/Archives/edgar/data/1783879/000178387922000088/hood-20220426.htm
SEC8K-0001140361-22-018834,0001116132,TPR,TIME_VALID_MAPPED,0001140361-22-018834,8-K,2022-05-12,2022-05-12T20:18:14.000Z,2.04,https://www.sec.gov/Archives/edgar/data/1116132/000114036122018834/0001140361-22-018834-index.html,https://www.sec.gov/Archives/edgar/data/1116132/000114036122018834/ny20004200x2_8k.htm
SEC8K-0001679788-22-000077,0001679788,COIN,TIME_VALID_MAPPED,0001679788-22-000077,8-K,2022-06-14,2022-06-14T12:05:32.000Z,2.05,https://www.sec.gov/Archives/edgar/data/1679788/000167978822000077/0001679788-22-000077-index.html,https://www.sec.gov/Archives/edgar/data/1679788/000167978822000077/coin-20220614.htm
SEC8K-0001071739-22-000241,0001071739,CNC,TIME_VALID_MAPPED,0001071739-22-000241,8-K,2022-06-17,2022-06-17T11:30:24.000Z,2.06,https://www.sec.gov/Archives/edgar/data/1071739/000107173922000241/0001071739-22-000241-index.html,https://www.sec.gov/Archives/edgar/data/1071739/000107173922000241/cnc-20220617.htm
SEC8K-0000874761-22-000059,0000874761,AES,TIME_VALID_MAPPED,0000874761-22-000059,8-K,2022-06-24,2022-06-24T21:06:20.000Z,2.06,https://www.sec.gov/Archives/edgar/data/874761/000087476122000059/0000874761-22-000059-index.html,https://www.sec.gov/Archives/edgar/data/874761/000087476122000059/aes-20220620.htm
SEC8K-0001001250-22-000097,0001001250,EL,TIME_VALID_MAPPED,0001001250-22-000097,8-K/A,2022-06-29,2022-06-29T21:13:50.000Z,2.05,https://www.sec.gov/Archives/edgar/data/1001250/000100125022000097/0001001250-22-000097-index.html,https://www.sec.gov/Archives/edgar/data/1001250/000100125022000097/el-20200818.htm
SEC8K-0001783879-22-000162,0001783879,HOOD,TIME_VALID_MAPPED,0001783879-22-000162,8-K,2022-08-02,2022-08-02T20:16:10.000Z,2.05,https://www.sec.gov/Archives/edgar/data/1783879/000178387922000162/0001783879-22-000162-index.html,https://www.sec.gov/Archives/edgar/data/1783879/000178387922000162/hood-20220729.htm
SEC8K-0000009389-22-000017,0000009389,BALL,SEC_PRIMARY_DOCUMENT_REVIEWED,0000009389-22-000017,8-K,2022-08-04,2022-08-04T12:38:03.000Z,2.05,https://www.sec.gov/Archives/edgar/data/9389/000000938922000017/0000009389-22-000017-index.html,https://www.sec.gov/Archives/edgar/data/9389/000000938922000017/bll-20220804x8k.htm
SEC8K-0001035443-22-000242,0001035443,ARE,TIME_VALID_MAPPED,0001035443-22-000242,8-K,2022-08-31,2022-08-31T21:02:02.000Z,2.06,https://www.sec.gov/Archives/edgar/data/1035443/000103544322000242/0001035443-22-000242-index.html,https://www.sec.gov/Archives/edgar/data/1035443/000103544322000242/are-20220825.htm
SEC8K-0001193125-22-247127,0001097864,ON,TIME_VALID_MAPPED,0001193125-22-247127,8-K,2022-09-19,2022-09-19T20:30:32.000Z,2.06,https://www.sec.gov/Archives/edgar/data/1097864/000119312522247127/0001193125-22-247127-index.html,https://www.sec.gov/Archives/edgar/data/1097864/000119312522247127/d256278d8k.htm
SEC8K-0001035443-22-000278,0001035443,ARE,TIME_VALID_MAPPED,0001035443-22-000278,8-K/A,2022-09-28,2022-09-28T21:15:12.000Z,2.06,https://www.sec.gov/Archives/edgar/data/1035443/000103544322000278/0001035443-22-000278-index.html,https://www.sec.gov/Archives/edgar/data/1035443/000103544322000278/are-20220825.htm
SEC8K-0001193125-22-255630,0001783879,HOOD,TIME_VALID_MAPPED,0001193125-22-255630,8-K/A,2022-09-30,2022-09-30T20:47:01.000Z,2.05|2.06,https://www.sec.gov/Archives/edgar/data/1783879/000119312522255630/0001193125-22-255630-index.html,https://www.sec.gov/Archives/edgar/data/1783879/000119312522255630/d403147d8ka.htm
SEC8K-0000046080-22-000116,0000046080,HAS,TIME_VALID_MAPPED,0000046080-22-000116,8-K,2022-10-04,2022-10-04T20:11:04.000Z,2.05,https://www.sec.gov/Archives/edgar/data/46080/000004608022000116/0000046080-22-000116-index.html,https://www.sec.gov/Archives/edgar/data/46080/000004608022000116/has-20220929.htm
SEC8K-0001437107-22-000225,0001437107,WBD,TIME_VALID_MAPPED,0001437107-22-000225,8-K,2022-10-24,2022-10-24T21:19:15.000Z,2.05,https://www.sec.gov/Archives/edgar/data/1437107/000143710722000225/0001437107-22-000225-index.html,https://www.sec.gov/Archives/edgar/data/1437107/000143710722000225/disca-20221024.htm
SEC8K-0001137789-22-000116,0001137789,STX,TIME_VALID_MAPPED,0001137789-22-000116,8-K,2022-10-26,2022-10-26T12:04:47.000Z,2.05,https://www.sec.gov/Archives/edgar/data/1137789/000113778922000116/0001137789-22-000116-index.html,https://www.sec.gov/Archives/edgar/data/1137789/000113778922000116/stx-20221026.htm
SEC8K-0001558370-22-015728,0000031462,ECL,TIME_VALID_MAPPED,0001558370-22-015728,8-K,2022-11-01,2022-11-01T12:08:05.000Z,2.05,https://www.sec.gov/Archives/edgar/data/31462/000155837022015728/0001558370-22-015728-index.html,https://www.sec.gov/Archives/edgar/data/31462/000155837022015728/ecl-20221101x8k.htm
SEC8K-0001193125-22-286782,0000858877,CSCO,TIME_VALID_MAPPED,0001193125-22-286782,8-K,2022-11-16,2022-11-16T21:19:56.000Z,2.05,https://www.sec.gov/Archives/edgar/data/858877/000119312522286782/0001193125-22-286782-index.html,https://www.sec.gov/Archives/edgar/data/858877/000119312522286782/d385857d8k.htm
SEC8K-0000047217-22-000061,0000047217,HPQ,TIME_VALID_MAPPED,0000047217-22-000061,8-K,2022-11-22,2022-11-22T21:17:20.000Z,2.05,https://www.sec.gov/Archives/edgar/data/47217/000004721722000061/0000047217-22-000061-index.html,https://www.sec.gov/Archives/edgar/data/47217/000004721722000061/hpq-20221118.htm
SEC8K-0001628280-22-031141,0001792789,DASH,TIME_VALID_MAPPED,0001628280-22-031141,8-K,2022-12-01,2022-12-01T11:06:50.000Z,2.05,https://www.sec.gov/Archives/edgar/data/1792789/000162828022031141/0001628280-22-031141-index.html,https://www.sec.gov/Archives/edgar/data/1792789/000162828022031141/dash-20221130.htm
SEC8K-0001267238-22-000044,0001267238,AIZ,TIME_VALID_MAPPED,0001267238-22-000044,8-K,2022-12-13,2022-12-13T21:15:50.000Z,2.05,https://www.sec.gov/Archives/edgar/data/1267238/000126723822000044/0001267238-22-000044-index.html,https://www.sec.gov/Archives/edgar/data/1267238/000126723822000044/aiz-20221213.htm
SEC8K-0001437107-22-000239,0001437107,WBD,TIME_VALID_MAPPED,0001437107-22-000239,8-K/A,2022-12-14,2022-12-14T21:02:10.000Z,2.05,https://www.sec.gov/Archives/edgar/data/1437107/000143710722000239/0001437107-22-000239-index.html,https://www.sec.gov/Archives/edgar/data/1437107/000143710722000239/disca-20221024.htm
SEC8K-0000066740-22-000085,0000066740,MMM,TIME_VALID_MAPPED,0000066740-22-000085,8-K,2022-12-20,2022-12-20T11:33:50.000Z,2.06,https://www.sec.gov/Archives/edgar/data/66740/000006674022000085/0000066740-22-000085-index.html,https://www.sec.gov/Archives/edgar/data/66740/000006674022000085/mmm-20221216.htm
SEC8K-0000723125-22-000070,0000723125,MU,TIME_VALID_MAPPED,0000723125-22-000070,8-K,2022-12-21,2022-12-21T21:00:43.000Z,2.05,https://www.sec.gov/Archives/edgar/data/723125/000072312522000070/0000723125-22-000070-index.html,https://www.sec.gov/Archives/edgar/data/723125/000072312522000070/mu-20221221.htm
SEC8K-0001108524-23-000003,0001108524,CRM,TIME_VALID_MAPPED,0001108524-23-000003,8-K,2023-01-04,2023-01-04T11:23:46.000Z,2.05,https://www.sec.gov/Archives/edgar/data/1108524/000110852423000003/0001108524-23-000003-index.html,https://www.sec.gov/Archives/edgar/data/1108524/000110852423000003/crm-20230104.htm
SEC8K-0001679788-23-000003,0001679788,COIN,TIME_VALID_MAPPED,0001679788-23-000003,8-K,2023-01-10,2023-01-10T11:36:17.000Z,2.05,https://www.sec.gov/Archives/edgar/data/1679788/000167978823000003/0001679788-23-000003-index.html,https://www.sec.gov/Archives/edgar/data/1679788/000167978823000003/coin-20230110.htm
SEC8K-0000707549-23-000005,0000707549,LRCX,TIME_VALID_MAPPED,0000707549-23-000005,8-K,2023-01-25,2023-01-25T21:13:04.000Z,2.05,https://www.sec.gov/Archives/edgar/data/707549/000070754923000005/0000707549-23-000005-index.html,https://www.sec.gov/Archives/edgar/data/707549/000070754923000005/lrcx-20230123.htm
SEC8K-0001193125-23-019739,0001002047,NTAP,TIME_VALID_MAPPED,0001193125-23-019739,8-K,2023-01-31,2023-01-31T13:12:34.000Z,2.05,https://www.sec.gov/Archives/edgar/data/1002047/000119312523019739/0001193125-23-019739-index.html,https://www.sec.gov/Archives/edgar/data/1002047/000119312523019739/d395436d8k.htm
SEC8K-0001558370-23-001231,0000031462,ECL,TIME_VALID_MAPPED,0001558370-23-001231,8-K,2023-02-14,2023-02-14T13:06:29.000Z,2.05,https://www.sec.gov/Archives/edgar/data/31462/000155837023001231/0001558370-23-001231-index.html,https://www.sec.gov/Archives/edgar/data/31462/000155837023001231/ecl-20230214x8k.htm
SEC8K-0001609711-23-000028,0001609711,GDDY,TIME_VALID_MAPPED,0001609711-23-000028,8-K,2023-02-14,2023-02-14T21:11:51.000Z,2.05,https://www.sec.gov/Archives/edgar/data/1609711/000160971123000028/0001609711-23-000028-index.html,https://www.sec.gov/Archives/edgar/data/1609711/000160971123000028/gddy-20230208.htm
SEC8K-0001104659-23-032991,0001385157,TEL,TIME_VALID_MAPPED,0001104659-23-032991,8-K,2023-03-16,2023-03-16T10:03:32.000Z,2.05,https://www.sec.gov/Archives/edgar/data/1385157/000110465923032991/0001104659-23-032991-index.html,https://www.sec.gov/Archives/edgar/data/1385157/000110465923032991/tm239655d1_8k.htm
SEC8K-0001137789-23-000021,0001137789,STX,TIME_VALID_MAPPED,0001137789-23-000021,8-K,2023-03-29,2023-03-29T12:26:30.000Z,2.05,https://www.sec.gov/Archives/edgar/data/1137789/000113778923000021/0001137789-23-000021-index.html,https://www.sec.gov/Archives/edgar/data/1137789/000113778923000021/stx-20230329.htm
SEC8K-0000712515-23-000018,0000712515,EA,TIME_VALID_MAPPED,0000712515-23-000018,8-K,2023-03-29,2023-03-29T20:08:15.000Z,2.05,https://www.sec.gov/Archives/edgar/data/712515/000071251523000018/0000712515-23-000018-index.html,https://www.sec.gov/Archives/edgar/data/712515/000071251523000018/ea-20230327.htm
SEC8K-0001048695-23-000016,0001048695,FFIV,TIME_VALID_MAPPED,0001048695-23-000016,8-K,2023-04-19,2023-04-19T20:36:59.000Z,2.05,https://www.sec.gov/Archives/edgar/data/1048695/000104869523000016/0001048695-23-000016-index.html,https://www.sec.gov/Archives/edgar/data/1048695/000104869523000016/ffiv-20230419.htm
SEC8K-0001137789-23-000025,0001137789,STX,TIME_VALID_MAPPED,0001137789-23-000025,8-K,2023-04-20,2023-04-20T12:16:08.000Z,2.05,https://www.sec.gov/Archives/edgar/data/1137789/000113778923000025/0001137789-23-000025-index.html,https://www.sec.gov/Archives/edgar/data/1137789/000113778923000025/stx-20230420.htm
SEC8K-0000947871-23-000511,0000064803,CVS,TIME_VALID_MAPPED,0000947871-23-000511,8-K,2023-05-02,2023-05-02T20:09:15.000Z,2.04,https://www.sec.gov/Archives/edgar/data/64803/000094787123000511/0000947871-23-000511-index.html,https://www.sec.gov/Archives/edgar/data/64803/000094787123000511/ss2023948_8k.htm
SEC8K-0001104659-23-064664,0000072741,ES,TIME_VALID_MAPPED,0001104659-23-064664,8-K,2023-05-25,2023-05-25T20:33:41.000Z,2.06,https://www.sec.gov/Archives/edgar/data/72741/000110465923064664/0001104659-23-064664-index.html,https://www.sec.gov/Archives/edgar/data/72741/000110465923064664/tm2316963d1_8k.htm
SEC8K-0001193125-23-155919,0000820318,COHR,TIME_VALID_MAPPED,0001193125-23-155919,8-K,2023-05-30,2023-05-30T10:09:04.000Z,2.05,https://www.sec.gov/Archives/edgar/data/820318/000119312523155919/0001193125-23-155919-index.html,https://www.sec.gov/Archives/edgar/data/820318/000119312523155919/d610462d8k.htm
SEC8K-0001744489-23-000107,0001744489,DIS,TIME_VALID_MAPPED,0001744489-23-000107,8-K,2023-06-02,2023-06-02T20:16:04.000Z,2.06,https://www.sec.gov/Archives/edgar/data/1744489/000174448923000107/0001744489-23-000107-index.html,https://www.sec.gov/Archives/edgar/data/1744489/000174448923000107/dis-20230526.htm
SEC8K-0001048695-23-000024,0001048695,FFIV,TIME_VALID_MAPPED,0001048695-23-000024,8-K/A,2023-06-09,2023-06-09T20:03:27.000Z,2.05,https://www.sec.gov/Archives/edgar/data/1048695/000104869523000024/0001048695-23-000024-index.html,https://www.sec.gov/Archives/edgar/data/1048695/000104869523000024/ffiv-20230419.htm
SEC8K-0001104659-23-070360,0001326160,DUK,TIME_VALID_MAPPED,0001104659-23-070360,8-K,2023-06-12,2023-06-12T20:16:05.000Z,2.06,https://www.sec.gov/Archives/edgar/data/1326160/000110465923070360/0001104659-23-070360-index.html,https://www.sec.gov/Archives/edgar/data/1326160/000110465923070360/tm2317976d1_8k.htm
SEC8K-0001051470-23-000125,0001051470,CCI,TIME_VALID_MAPPED,0001051470-23-000125,8-K,2023-07-24,2023-07-24T20:18:48.000Z,2.05,https://www.sec.gov/Archives/edgar/data/1051470/000105147023000125/0001051470-23-000125-index.html,https://www.sec.gov/Archives/edgar/data/1051470/000105147023000125/cci-20230724.htm
SEC8K-0001193125-23-234350,0000072331,NDSN,TIME_VALID_MAPPED,0001193125-23-234350,8-K,2023-09-13,2023-09-13T20:06:03.000Z,2.04,https://www.sec.gov/Archives/edgar/data/72331/000119312523234350/0001193125-23-234350-index.html,https://www.sec.gov/Archives/edgar/data/72331/000119312523234350/d484972d8k.htm
SEC8K-0001193125-23-249019,0000898293,JBL,TIME_VALID_MAPPED,0001193125-23-249019,8-K,2023-10-02,2023-10-02T20:05:54.000Z,2.05,https://www.sec.gov/Archives/edgar/data/898293/000119312523249019/0001193125-23-249019-index.html,https://www.sec.gov/Archives/edgar/data/898293/000119312523249019/d331772d8k.htm
SEC8K-0000713676-23-000069,0000713676,PNC,TIME_VALID_MAPPED,0000713676-23-000069,8-K,2023-10-13,2023-10-13T10:55:05.000Z,2.05,https://www.sec.gov/Archives/edgar/data/713676/000071367623000069/0000713676-23-000069-index.html,https://www.sec.gov/Archives/edgar/data/713676/000071367623000069/pnc-20231013.htm
SEC8K-0000078003-23-000099,0000078003,PFE,TIME_VALID_MAPPED,0000078003-23-000099,8-K,2023-10-13,2023-10-13T21:30:20.000Z,2.05,https://www.sec.gov/Archives/edgar/data/78003/000007800323000099/0000078003-23-000099-index.html,https://www.sec.gov/Archives/edgar/data/78003/000007800323000099/pfe-20231013.htm
SEC8K-0001193125-23-258136,0000051434,IP,TIME_VALID_MAPPED,0001193125-23-258136,8-K,2023-10-18,2023-10-18T13:21:33.000Z,2.05|2.06,https://www.sec.gov/Archives/edgar/data/51434/000119312523258136/0001193125-23-258136-index.html,https://www.sec.gov/Archives/edgar/data/51434/000119312523258136/d489478d8k.htm
SEC8K-0000217346-23-000041,0000217346,TXT,TIME_VALID_MAPPED,0000217346-23-000041,8-K,2023-11-28,2023-11-28T21:06:33.000Z,2.05|2.06,https://www.sec.gov/Archives/edgar/data/217346/000021734623000041/0000217346-23-000041-index.html,https://www.sec.gov/Archives/edgar/data/217346/000021734623000041/txt-20231128.htm
SEC8K-0000080424-23-000107,0000080424,PG,TIME_VALID_MAPPED,0000080424-23-000107,8-K,2023-12-05,2023-12-05T14:00:45.000Z,2.06,https://www.sec.gov/Archives/edgar/data/80424/000008042423000107/0000080424-23-000107-index.html,https://www.sec.gov/Archives/edgar/data/80424/000008042423000107/emrestructureannouncemnt.htm
SEC8K-0001730168-23-000093,0001730168,AVGO,TIME_VALID_MAPPED,0001730168-23-000093,8-K,2023-12-07,2023-12-07T21:18:51.000Z,2.05,https://www.sec.gov/Archives/edgar/data/1730168/000173016823000093/0001730168-23-000093-index.html,https://www.sec.gov/Archives/edgar/data/1730168/000173016823000093/avgo-20231207.htm
SEC8K-0000046080-23-000097,0000046080,HAS,TIME_VALID_MAPPED,0000046080-23-000097,8-K,2023-12-11,2023-12-11T22:02:37.000Z,2.05,https://www.sec.gov/Archives/edgar/data/46080/000004608023000097/0000046080-23-000097-index.html,https://www.sec.gov/Archives/edgar/data/46080/000004608023000097/has-20231209.htm
SEC8K-0000004904-23-000150,0000004904,AEP,TIME_VALID_MAPPED,0000004904-23-000150,8-K,2023-12-20,2023-12-20T13:30:10.000Z,2.06,https://www.sec.gov/Archives/edgar/data/4904/000000490423000150/0000004904-23-000150-index.html,https://www.sec.gov/Archives/edgar/data/4904/000000490423000150/aep-20231214.htm
SEC8K-0000320187-23-000054,0000320187,NKE,TIME_VALID_MAPPED,0000320187-23-000054,8-K,2023-12-21,2023-12-21T21:15:23.000Z,2.05,https://www.sec.gov/Archives/edgar/data/320187/000032018723000054/0000320187-23-000054-index.html,https://www.sec.gov/Archives/edgar/data/320187/000032018723000054/nke-20231221.htm
SEC8K-0000107815-24-000047,0000783325,WEC,TIME_VALID_MAPPED,0000107815-24-000047,8-K,2024-01-08,2024-01-08T13:03:07.000Z,2.06,https://www.sec.gov/Archives/edgar/data/783325/000010781524000047/0000107815-24-000047-index.html,https://www.sec.gov/Archives/edgar/data/783325/000010781524000047/wec-20240103.htm
SEC8K-0000004904-24-000003,0000004904,AEP,TIME_VALID_MAPPED,0000004904-24-000003,8-K,2024-01-11,2024-01-11T12:57:09.000Z,2.06,https://www.sec.gov/Archives/edgar/data/4904/000000490424000003/0000004904-24-000003-index.html,https://www.sec.gov/Archives/edgar/data/4904/000000490424000003/aep-20240109.htm
SEC8K-0001552781-24-000014,0001065088,EBAY,TIME_VALID_MAPPED,0001552781-24-000014,8-K,2024-01-24,2024-01-24T00:04:05.000Z,2.05,https://www.sec.gov/Archives/edgar/data/1065088/000155278124000014/0001552781-24-000014-index.html,https://www.sec.gov/Archives/edgar/data/1065088/000155278124000014/e24018_ebay-8k.htm
SEC8K-0001104659-24-009109,0000310158,MRK,TIME_VALID_MAPPED,0001104659-24-009109,8-K,2024-02-01,2024-02-01T11:39:01.000Z,2.05,https://www.sec.gov/Archives/edgar/data/310158/000110465924009109/0001104659-24-009109-index.html,https://www.sec.gov/Archives/edgar/data/310158/000110465924009109/tm244517d1_8k.htm
SEC8K-0001001250-24-000005,0001001250,EL,TIME_VALID_MAPPED,0001001250-24-000005,8-K,2024-02-05,2024-02-05T13:01:40.000Z,2.05,https://www.sec.gov/Archives/edgar/data/1001250/000100125024000005/0001001250-24-000005-index.html,https://www.sec.gov/Archives/edgar/data/1001250/000100125024000005/el-20240201.htm
SEC8K-0000047111-24-000004,0000047111,HSY,TIME_VALID_MAPPED,0000047111-24-000004,8-K,2024-02-08,2024-02-08T11:49:59.000Z,2.05,https://www.sec.gov/Archives/edgar/data/47111/000004711124000004/0000047111-24-000004-index.html,https://www.sec.gov/Archives/edgar/data/47111/000004711124000004/hsy-20240202.htm
SEC8K-0001193125-24-036201,0000858877,CSCO,TIME_VALID_MAPPED,0001193125-24-036201,8-K,2024-02-14,2024-02-14T21:11:04.000Z,2.05,https://www.sec.gov/Archives/edgar/data/858877/000119312524036201/0001193125-24-036201-index.html,https://www.sec.gov/Archives/edgar/data/858877/000119312524036201/d719981d8k.htm
SEC8K-0001324424-24-000009,0001324424,EXPE,TIME_VALID_MAPPED,0001324424-24-000009,8-K,2024-02-26,2024-02-26T22:00:31.000Z,2.05,https://www.sec.gov/Archives/edgar/data/1324424/000132442424000009/0001324424-24-000009-index.html,https://www.sec.gov/Archives/edgar/data/1324424/000132442424000009/expe-20240222.htm
SEC8K-0001193125-24-049404,0001744489,DIS,TIME_VALID_MAPPED,0001193125-24-049404,8-K,2024-02-28,2024-02-28T13:49:02.000Z,2.06,https://www.sec.gov/Archives/edgar/data/1744489/000119312524049404/0001193125-24-049404-index.html,https://www.sec.gov/Archives/edgar/data/1744489/000119312524049404/d800554d8k.htm
SEC8K-0000712515-24-000009,0000712515,EA,TIME_VALID_MAPPED,0000712515-24-000009,8-K,2024-02-28,2024-02-28T21:10:50.000Z,2.05,https://www.sec.gov/Archives/edgar/data/712515/000071251524000009/0000712515-24-000009-index.html,https://www.sec.gov/Archives/edgar/data/712515/000071251524000009/ea-20240227.htm
SEC8K-0001628280-24-008055,0001175454,FLT,TIME_VALID_MAPPED,0001628280-24-008055,8-K,2024-02-29,2024-02-29T22:10:42.000Z,4.02,https://www.sec.gov/Archives/edgar/data/1175454/000162828024008055/0001628280-24-008055-index.html,https://www.sec.gov/Archives/edgar/data/1175454/000162828024008055/flt-20240226.htm
SEC8K-0000065984-24-000018,0000065984,ETR,TIME_VALID_MAPPED,0000065984-24-000018,8-K,2024-03-12,2024-03-12T20:42:21.000Z,2.06,https://www.sec.gov/Archives/edgar/data/65984/000006598424000018/0000065984-24-000018-index.html,https://www.sec.gov/Archives/edgar/data/65984/000006598424000018/etr-20240312.htm
SEC8K-0001193125-24-068620,0000898293,JBL,TIME_VALID_MAPPED,0001193125-24-068620,8-K/A,2024-03-15,2024-03-15T12:15:30.000Z,2.05,https://www.sec.gov/Archives/edgar/data/898293/000119312524068620/0001193125-24-068620-index.html,https://www.sec.gov/Archives/edgar/data/898293/000119312524068620/d807145d8ka.htm
SEC8K-0000055785-24-000045,0000055785,KMB,TIME_VALID_MAPPED,0000055785-24-000045,8-K,2024-03-27,2024-03-27T11:00:20.000Z,2.05,https://www.sec.gov/Archives/edgar/data/55785/000005578524000045/0000055785-24-000045-index.html,https://www.sec.gov/Archives/edgar/data/55785/000005578524000045/pre-20240325.htm
SEC8K-0001628280-24-016440,0000946581,TTWO,TIME_VALID_MAPPED,0001628280-24-016440,8-K,2024-04-16,2024-04-16T21:04:06.000Z,2.05,https://www.sec.gov/Archives/edgar/data/946581/000162828024016440/0001628280-24-016440-index.html,https://www.sec.gov/Archives/edgar/data/946581/000162828024016440/ttwo-20240416.htm
SEC8K-0000217346-24-000050,0000217346,TXT,TIME_VALID_MAPPED,0000217346-24-000050,8-K,2024-04-25,2024-04-25T10:34:54.000Z,2.05,https://www.sec.gov/Archives/edgar/data/217346/000021734624000050/0000217346-24-000050-index.html,https://www.sec.gov/Archives/edgar/data/217346/000021734624000050/txt-20240425.htm
SEC8K-0000866374-24-000017,0000866374,FLEX,TIME_VALID_MAPPED,0000866374-24-000017,8-K,2024-05-01,2024-05-01T12:10:15.000Z,2.05,https://www.sec.gov/Archives/edgar/data/866374/000086637424000017/0000866374-24-000017-index.html,https://www.sec.gov/Archives/edgar/data/866374/000086637424000017/flex-20240429.htm
SEC8K-0001944048-24-000096,0001944048,KVUE,TIME_VALID_MAPPED,0001944048-24-000096,8-K,2024-05-07,2024-05-07T10:49:54.000Z,2.05,https://www.sec.gov/Archives/edgar/data/1944048/000194404824000096/0001944048-24-000096-index.html,https://www.sec.gov/Archives/edgar/data/1944048/000194404824000096/kvue-20240506.htm
SEC8K-0001757898-24-000005,0001757898,STE,TIME_VALID_MAPPED,0001757898-24-000005,8-K,2024-05-08,2024-05-08T20:49:47.000Z,2.05,https://www.sec.gov/Archives/edgar/data/1757898/000175789824000005/0001757898-24-000005-index.html,https://www.sec.gov/Archives/edgar/data/1757898/000175789824000005/ste-20240507.htm
SEC8K-0000078003-24-000113,0000078003,PFE,TIME_VALID_MAPPED,0000078003-24-000113,8-K,2024-05-22,2024-05-22T16:39:37.000Z,2.05,https://www.sec.gov/Archives/edgar/data/78003/000007800324000113/0000078003-24-000113-index.html,https://www.sec.gov/Archives/edgar/data/78003/000007800324000113/pfe-20240522.htm
SEC8K-0001051470-24-000174,0001051470,CCI,TIME_VALID_MAPPED,0001051470-24-000174,8-K,2024-06-11,2024-06-11T12:30:09.000Z,2.05,https://www.sec.gov/Archives/edgar/data/1051470/000105147024000174/0001051470-24-000174-index.html,https://www.sec.gov/Archives/edgar/data/1051470/000105147024000174/cci-20240611.htm
SEC8K-0001193125-24-159578,0001048911,FDX,TIME_VALID_MAPPED,0001193125-24-159578,8-K,2024-06-12,2024-06-12T10:45:34.000Z,2.05,https://www.sec.gov/Archives/edgar/data/1048911/000119312524159578/0001193125-24-159578-index.html,https://www.sec.gov/Archives/edgar/data/1048911/000119312524159578/d811276d8k.htm
SEC8K-0000352541-24-000072,0000352541,LNT,TIME_VALID_MAPPED,0000352541-24-000072,8-K,2024-06-24,2024-06-24T20:48:56.000Z,2.06,https://www.sec.gov/Archives/edgar/data/352541/000035254124000072/0000352541-24-000072-index.html,https://www.sec.gov/Archives/edgar/data/352541/000035254124000072/lnt-20240620.htm
SEC8K-0000896878-24-000030,0000896878,INTU,TIME_VALID_MAPPED,0000896878-24-000030,8-K,2024-07-10,2024-07-10T12:35:39.000Z,2.05,https://www.sec.gov/Archives/edgar/data/896878/000089687824000030/0000896878-24-000030-index.html,https://www.sec.gov/Archives/edgar/data/896878/000089687824000030/intu-20240710.htm
SEC8K-0001001250-24-000108,0001001250,EL,TIME_VALID_MAPPED,0001001250-24-000108,8-K/A,2024-07-23,2024-07-23T21:07:23.000Z,2.05,https://www.sec.gov/Archives/edgar/data/1001250/000100125024000108/0001001250-24-000108-index.html,https://www.sec.gov/Archives/edgar/data/1001250/000100125024000108/el-20240201.htm
SEC8K-0001558370-24-010319,0000031462,ECL,TIME_VALID_MAPPED,0001558370-24-010319,8-K,2024-07-30,2024-07-30T12:11:39.000Z,2.05,https://www.sec.gov/Archives/edgar/data/31462/000155837024010319/0001558370-24-010319-index.html,https://www.sec.gov/Archives/edgar/data/31462/000155837024010319/ecl-20240730x8k.htm
SEC8K-0001193125-24-200636,0000858877,CSCO,TIME_VALID_MAPPED,0001193125-24-200636,8-K,2024-08-14,2024-08-14T20:16:02.000Z,2.05,https://www.sec.gov/Archives/edgar/data/858877/000119312524200636/0001193125-24-200636-index.html,https://www.sec.gov/Archives/edgar/data/858877/000119312524200636/d878533d8k.htm
SEC8K-0000037996-24-000150,0000037996,F,TIME_VALID_MAPPED,0000037996-24-000150,8-K,2024-08-21,2024-08-21T12:02:03.000Z,2.06,https://www.sec.gov/Archives/edgar/data/37996/000003799624000150/0000037996-24-000150-index.html,https://www.sec.gov/Archives/edgar/data/37996/000003799624000150/f-20240819.htm
SEC8K-0000016918-24-000172,0000016918,STZ,TIME_VALID_MAPPED,0000016918-24-000172,8-K,2024-09-03,2024-09-03T13:05:18.000Z,2.06,https://www.sec.gov/Archives/edgar/data/16918/000001691824000172/0000016918-24-000172-index.html,https://www.sec.gov/Archives/edgar/data/16918/000001691824000172/stz-20240902.htm
SEC8K-0001193125-24-215920,0000072331,NDSN,TIME_VALID_MAPPED,0001193125-24-215920,8-K,2024-09-09,2024-09-09T20:23:00.000Z,2.04,https://www.sec.gov/Archives/edgar/data/72331/000119312524215920/0001193125-24-215920-index.html,https://www.sec.gov/Archives/edgar/data/72331/000119312524215920/d851082d8k.htm
SEC8K-0001193125-24-226107,0000798354,FI,TIME_VALID_MAPPED,0001193125-24-226107,8-K,2024-09-25,2024-09-25T20:39:01.000Z,2.06,https://www.sec.gov/Archives/edgar/data/798354/000119312524226107/0001193125-24-226107-index.html,https://www.sec.gov/Archives/edgar/data/798354/000119312524226107/d895222d8k.htm
SEC8K-0001193125-24-226499,0000898293,JBL,TIME_VALID_MAPPED,0001193125-24-226499,8-K,2024-09-26,2024-09-26T11:39:29.000Z,2.05,https://www.sec.gov/Archives/edgar/data/898293/000119312524226499/0001193125-24-226499-index.html,https://www.sec.gov/Archives/edgar/data/898293/000119312524226499/d872548d8k.htm
SEC8K-0001193125-24-229588,0001140536,WTW,TIME_VALID_MAPPED,0001193125-24-229588,8-K,2024-10-01,2024-10-01T13:07:53.000Z,2.06,https://www.sec.gov/Archives/edgar/data/1140536/000119312524229588/0001193125-24-229588-index.html,https://www.sec.gov/Archives/edgar/data/1140536/000119312524229588/d857360d8k.htm
SEC8K-0001104659-24-104934,0000033213,EQT,TIME_VALID_MAPPED,0001104659-24-104934,8-K,2024-10-01,2024-10-01T20:15:28.000Z,2.05,https://www.sec.gov/Archives/edgar/data/33213/000110465924104934/0001104659-24-104934-index.html,https://www.sec.gov/Archives/edgar/data/33213/000110465924104934/tm2425237d1_8k.htm
SEC8K-0001193125-24-240435,0000051434,IP,TIME_VALID_MAPPED,0001193125-24-240435,8-K,2024-10-21,2024-10-21T20:25:56.000Z,2.05,https://www.sec.gov/Archives/edgar/data/51434/000119312524240435/0001193125-24-240435-index.html,https://www.sec.gov/Archives/edgar/data/51434/000119312524240435/d855285d8k.htm
SEC8K-0000050863-24-000147,0000050863,INTC,TIME_VALID_MAPPED,0000050863-24-000147,8-K,2024-10-31,2024-10-31T16:07:17.000Z,2.05,https://www.sec.gov/Archives/edgar/data/50863/000005086324000147/0000050863-24-000147-index.html,https://www.sec.gov/Archives/edgar/data/50863/000005086324000147/intc-20241028.htm
SEC8K-0000007084-24-000034,0000007084,ADM,TIME_VALID_MAPPED,0000007084-24-000034,8-K,2024-11-05,2024-11-05T21:41:27.000Z,4.02,https://www.sec.gov/Archives/edgar/data/7084/000000708424000034/0000007084-24-000034-index.html,https://www.sec.gov/Archives/edgar/data/7084/000000708424000034/adm-20241104.htm
SEC8K-0000950157-24-001497,0001075531,BKNG,TIME_VALID_MAPPED,0000950157-24-001497,8-K,2024-11-08,2024-11-08T21:26:50.000Z,2.05,https://www.sec.gov/Archives/edgar/data/1075531/000095015724001497/0000950157-24-001497-index.html,https://www.sec.gov/Archives/edgar/data/1075531/000095015724001497/form8-k.htm
SEC8K-0001140361-24-046713,0001116132,TPR,TIME_VALID_MAPPED,0001140361-24-046713,8-K,2024-11-14,2024-11-14T12:09:45.000Z,2.04,https://www.sec.gov/Archives/edgar/data/1116132/000114036124046713/0001140361-24-046713-index.html,https://www.sec.gov/Archives/edgar/data/1116132/000114036124046713/ef20038690_8k.htm
SEC8K-0000827054-24-000225,0000827054,MCHP,TIME_VALID_MAPPED,0000827054-24-000225,8-K,2024-12-02,2024-12-02T21:07:38.000Z,2.05,https://www.sec.gov/Archives/edgar/data/827054/000082705424000225/0000827054-24-000225-index.html,https://www.sec.gov/Archives/edgar/data/827054/000082705424000225/mchp-20241202.htm
SEC8K-0001193125-24-270298,0001467858,GM,TIME_VALID_MAPPED,0001193125-24-270298,8-K,2024-12-04,2024-12-04T11:31:00.000Z,2.06,https://www.sec.gov/Archives/edgar/data/1467858/000119312524270298/0001193125-24-270298-index.html,https://www.sec.gov/Archives/edgar/data/1467858/000119312524270298/d902397d8k.htm
SEC8K-0001075531-24-000051,0001075531,BKNG,TIME_VALID_MAPPED,0001075531-24-000051,8-K/A,2024-12-10,2024-12-10T21:15:47.000Z,2.05,https://www.sec.gov/Archives/edgar/data/1075531/000107553124000051/0001075531-24-000051-index.html,https://www.sec.gov/Archives/edgar/data/1075531/000107553124000051/bkng-20241108.htm
SEC8K-0001104659-24-128106,0000056873,KR,TIME_VALID_MAPPED,0001104659-24-128106,8-K,2024-12-13,2024-12-12T23:26:39.000Z,2.04,https://www.sec.gov/Archives/edgar/data/56873/000110465924128106/0001104659-24-128106-index.html,https://www.sec.gov/Archives/edgar/data/56873/000110465924128106/tm2430972d1_8k.htm
SEC8K-0000217346-24-000094,0000217346,TXT,TIME_VALID_MAPPED,0000217346-24-000094,8-K,2024-12-18,2024-12-18T13:02:05.000Z,2.05|2.06,https://www.sec.gov/Archives/edgar/data/217346/000021734624000094/0000217346-24-000094-index.html,https://www.sec.gov/Archives/edgar/data/217346/000021734624000094/txt-20241218.htm
SEC8K-0001001250-24-000263,0001001250,EL,TIME_VALID_MAPPED,0001001250-24-000263,8-K/A,2024-12-20,2024-12-20T21:01:08.000Z,2.05,https://www.sec.gov/Archives/edgar/data/1001250/000100125024000263/0001001250-24-000263-index.html,https://www.sec.gov/Archives/edgar/data/1001250/000100125024000263/el-20240201.htm
SEC8K-0001551152-25-000006,0001551152,ABBV,TIME_VALID_MAPPED,0001551152-25-000006,8-K,2025-01-10,2025-01-10T13:31:46.000Z,2.06,https://www.sec.gov/Archives/edgar/data/1551152/000155115225000006/0001551152-25-000006-index.html,https://www.sec.gov/Archives/edgar/data/1551152/000155115225000006/abbv-20250109.htm
SEC8K-0000014693-25-000002,0000014693,BFB,SEC_PRIMARY_DOCUMENT_REVIEWED,0000014693-25-000002,8-K,2025-01-14,2025-01-14T13:10:27.000Z,2.05,https://www.sec.gov/Archives/edgar/data/14693/000001469325000002/0000014693-25-000002-index.html,https://www.sec.gov/Archives/edgar/data/14693/000001469325000002/bfb-20250113.htm
SEC8K-0001524472-25-000006,0001524472,XYL,TIME_VALID_MAPPED,0001524472-25-000006,8-K,2025-01-30,2025-01-30T21:18:06.000Z,2.05,https://www.sec.gov/Archives/edgar/data/1524472/000152447225000006/0001524472-25-000006-index.html,https://www.sec.gov/Archives/edgar/data/1524472/000152447225000006/xyl-20250128.htm
SEC8K-0001001250-25-000009,0001001250,EL,TIME_VALID_MAPPED,0001001250-25-000009,8-K,2025-02-04,2025-02-04T12:51:39.000Z,2.05,https://www.sec.gov/Archives/edgar/data/1001250/000100125025000009/0001001250-25-000009-index.html,https://www.sec.gov/Archives/edgar/data/1001250/000100125025000009/el-20250203.htm
SEC8K-0001327811-25-000030,0001327811,WDAY,TIME_VALID_MAPPED,0001327811-25-000030,8-K,2025-02-05,2025-02-05T11:08:30.000Z,2.05|2.06,https://www.sec.gov/Archives/edgar/data/1327811/000132781125000030/0001327811-25-000030-index.html,https://www.sec.gov/Archives/edgar/data/1327811/000132781125000030/wday-20250205.htm
SEC8K-0001193125-25-026087,0000051434,IP,TIME_VALID_MAPPED,0001193125-25-026087,8-K,2025-02-13,2025-02-13T21:15:39.000Z,2.05|2.06,https://www.sec.gov/Archives/edgar/data/51434/000119312525026087/0001193125-25-026087-index.html,https://www.sec.gov/Archives/edgar/data/51434/000119312525026087/d894584d8k.htm
SEC8K-0001193125-25-028035,0000092380,LUV,TIME_VALID_MAPPED,0001193125-25-028035,8-K,2025-02-18,2025-02-18T11:09:46.000Z,2.05,https://www.sec.gov/Archives/edgar/data/92380/000119312525028035/0001193125-25-028035-index.html,https://www.sec.gov/Archives/edgar/data/92380/000119312525028035/d907526d8k.htm
SEC8K-0001193125-25-033509,0000002969,APD,TIME_VALID_MAPPED,0001193125-25-033509,8-K,2025-02-24,2025-02-24T21:53:31.000Z,2.06,https://www.sec.gov/Archives/edgar/data/2969/000119312525033509/0001193125-25-033509-index.html,https://www.sec.gov/Archives/edgar/data/2969/000119312525033509/d830166d8k.htm
SEC8K-0001193125-25-035138,0001097864,ON,TIME_VALID_MAPPED,0001193125-25-035138,8-K,2025-02-25,2025-02-25T21:10:12.000Z,2.05,https://www.sec.gov/Archives/edgar/data/1097864/000119312525035138/0001193125-25-035138-index.html,https://www.sec.gov/Archives/edgar/data/1097864/000119312525035138/d928094d8k.htm
SEC8K-0000047217-25-000023,0000047217,HPQ,TIME_VALID_MAPPED,0000047217-25-000023,8-K,2025-02-27,2025-02-27T21:18:12.000Z,2.05,https://www.sec.gov/Archives/edgar/data/47217/000004721725000023/0000047217-25-000023-index.html,https://www.sec.gov/Archives/edgar/data/47217/000004721725000023/hpq-20250227.htm
SEC8K-0000769397-25-000013,0000769397,ADSK,TIME_VALID_MAPPED,0000769397-25-000013,8-K,2025-02-27,2025-02-27T21:34:02.000Z,2.05,https://www.sec.gov/Archives/edgar/data/769397/000076939725000013/0000769397-25-000013-index.html,https://www.sec.gov/Archives/edgar/data/769397/000076939725000013/adsk-20250226.htm
SEC8K-0000827054-25-000037,0000827054,MCHP,TIME_VALID_MAPPED,0000827054-25-000037,8-K,2025-03-03,2025-03-03T11:58:23.000Z,2.05,https://www.sec.gov/Archives/edgar/data/827054/000082705425000037/0000827054-25-000037-index.html,https://www.sec.gov/Archives/edgar/data/827054/000082705425000037/mchp-20250303.htm
SEC8K-0000950103-25-003226,0000874761,AES,TIME_VALID_MAPPED,0000950103-25-003226,8-K,2025-03-11,2025-03-11T01:29:15.000Z,4.02,https://www.sec.gov/Archives/edgar/data/874761/000095010325003226/0000950103-25-003226-index.html,https://www.sec.gov/Archives/edgar/data/874761/000095010325003226/dp226102_8k.htm
SEC8K-0001193125-25-056735,0001097864,ON,TIME_VALID_MAPPED,0001193125-25-056735,8-K,2025-03-18,2025-03-18T21:10:21.000Z,2.06,https://www.sec.gov/Archives/edgar/data/1097864/000119312525056735/0001193125-25-056735-index.html,https://www.sec.gov/Archives/edgar/data/1097864/000119312525056735/d922410d8k.htm
SEC8K-0000050863-25-000070,0000050863,INTC,TIME_VALID_MAPPED,0000050863-25-000070,8-K,2025-04-24,2025-04-24T16:05:05.000Z,2.05,https://www.sec.gov/Archives/edgar/data/50863/000005086325000070/0000050863-25-000070-index.html,https://www.sec.gov/Archives/edgar/data/50863/000005086325000070/intc-20250424.htm
SEC8K-0000078003-25-000111,0000078003,PFE,TIME_VALID_MAPPED,0000078003-25-000111,8-K,2025-04-29,2025-04-29T12:02:49.000Z,2.05,https://www.sec.gov/Archives/edgar/data/78003/000007800325000111/0000078003-25-000111-index.html,https://www.sec.gov/Archives/edgar/data/78003/000007800325000111/pfe-20250429.htm
SEC8K-0001104659-25-042628,0002005951,SW,TIME_VALID_MAPPED,0001104659-25-042628,8-K,2025-04-30,2025-04-30T16:57:54.000Z,2.05|2.06,https://www.sec.gov/Archives/edgar/data/2005951/000110465925042628/0001104659-25-042628-index.html,https://www.sec.gov/Archives/edgar/data/2005951/000110465925042628/tm2513671d1_8k.htm
SEC8K-0001104659-25-045244,0001535527,CRWD,TIME_VALID_MAPPED,0001104659-25-045244,8-K,2025-05-07,2025-05-07T10:03:11.000Z,2.05,https://www.sec.gov/Archives/edgar/data/1535527/000110465925045244/0001104659-25-045244-index.html,https://www.sec.gov/Archives/edgar/data/1535527/000110465925045244/tm2514190d1_8k.htm
SEC8K-0001069183-25-000074,0001069183,AXON,TIME_VALID_MAPPED,0001069183-25-000074,8-K,2025-05-07,2025-05-07T20:36:26.000Z,4.02,https://www.sec.gov/Archives/edgar/data/1069183/000106918325000074/0001069183-25-000074-index.html,https://www.sec.gov/Archives/edgar/data/1069183/000106918325000074/axon-20250501.htm
SEC8K-0001193125-25-127594,0000040704,GIS,TIME_VALID_MAPPED,0001193125-25-127594,8-K,2025-05-27,2025-05-27T20:29:41.000Z,2.05,https://www.sec.gov/Archives/edgar/data/40704/000119312525127594/0001193125-25-127594-index.html,https://www.sec.gov/Archives/edgar/data/40704/000119312525127594/d908212d8k.htm
SEC8K-0001415404-25-000017,0001415404,SATS,TIME_VALID_MAPPED,0001415404-25-000017,8-K,2025-05-30,2025-05-30T12:04:48.000Z,2.04,https://www.sec.gov/Archives/edgar/data/1415404/000141540425000017/0001415404-25-000017-index.html,https://www.sec.gov/Archives/edgar/data/1415404/000141540425000017/tmb-20250530x8k.htm
SEC8K-0001415404-25-000024,0001415404,SATS,TIME_VALID_MAPPED,0001415404-25-000024,8-K,2025-06-02,2025-06-02T20:03:52.000Z,2.04,https://www.sec.gov/Archives/edgar/data/1415404/000141540425000024/0001415404-25-000024-index.html,https://www.sec.gov/Archives/edgar/data/1415404/000141540425000024/tmb-20250602x8k.htm
SEC8K-0001489393-25-000033,0001489393,LYB,TIME_VALID_MAPPED,0001489393-25-000033,8-K,2025-06-05,2025-06-05T10:08:12.000Z,2.05,https://www.sec.gov/Archives/edgar/data/1489393/000148939325000033/0001489393-25-000033-index.html,https://www.sec.gov/Archives/edgar/data/1489393/000148939325000033/lyb-20250605.htm
SEC8K-0001193125-25-141454,0001137789,STX,TIME_VALID_MAPPED,0001193125-25-141454,8-K,2025-06-16,2025-06-16T20:34:25.000Z,2.04,https://www.sec.gov/Archives/edgar/data/1137789/000119312525141454/0001193125-25-141454-index.html,https://www.sec.gov/Archives/edgar/data/1137789/000119312525141454/d77702d8k.htm
SEC8K-0001193125-25-143162,0000898293,JBL,TIME_VALID_MAPPED,0001193125-25-143162,8-K/A,2025-06-20,2025-06-20T10:32:25.000Z,2.05,https://www.sec.gov/Archives/edgar/data/898293/000119312525143162/0001193125-25-143162-index.html,https://www.sec.gov/Archives/edgar/data/898293/000119312525143162/d70947d8ka.htm
SEC8K-0001415404-25-000031,0001415404,SATS,TIME_VALID_MAPPED,0001415404-25-000031,8-K,2025-06-27,2025-06-27T12:20:30.000Z,2.04,https://www.sec.gov/Archives/edgar/data/1415404/000141540425000031/0001415404-25-000031-index.html,https://www.sec.gov/Archives/edgar/data/1415404/000141540425000031/tmb-20250627x8k.htm
SEC8K-0000050863-25-000107,0000050863,INTC,TIME_VALID_MAPPED,0000050863-25-000107,8-K,2025-07-24,2025-07-24T16:04:12.000Z,2.05,https://www.sec.gov/Archives/edgar/data/50863/000005086325000107/0000050863-25-000107-index.html,https://www.sec.gov/Archives/edgar/data/50863/000005086325000107/intc-20250724.htm
SEC8K-0001104659-25-071380,0000310158,MRK,TIME_VALID_MAPPED,0001104659-25-071380,8-K,2025-07-29,2025-07-29T10:42:43.000Z,2.05,https://www.sec.gov/Archives/edgar/data/310158/000110465925071380/0001104659-25-071380-index.html,https://www.sec.gov/Archives/edgar/data/310158/000110465925071380/tm2521736d1_8k.htm
SEC8K-0000021665-25-000040,0000021665,CL,TIME_VALID_MAPPED,0000021665-25-000040,8-K,2025-08-01,2025-08-01T12:00:52.000Z,2.05,https://www.sec.gov/Archives/edgar/data/21665/000002166525000040/0000021665-25-000040-index.html,https://www.sec.gov/Archives/edgar/data/21665/000002166525000040/cl-20250731.htm
SEC8K-0001001250-25-000093,0001001250,EL,TIME_VALID_MAPPED,0001001250-25-000093,8-K/A,2025-08-01,2025-08-01T12:08:02.000Z,2.05,https://www.sec.gov/Archives/edgar/data/1001250/000100125025000093/0001001250-25-000093-index.html,https://www.sec.gov/Archives/edgar/data/1001250/000100125025000093/el-20240201.htm
SEC8K-0000051434-25-000059,0000051434,IP,TIME_VALID_MAPPED,0000051434-25-000059,8-K,2025-08-21,2025-08-21T13:00:26.000Z,2.05|2.06,https://www.sec.gov/Archives/edgar/data/51434/000005143425000059/0000051434-25-000059-index.html,https://www.sec.gov/Archives/edgar/data/51434/000005143425000059/ip-20250820.htm
SEC8K-0000051434-25-000060,0000051434,IP,TIME_VALID_MAPPED,0000051434-25-000060,8-K,2025-08-21,2025-08-21T13:01:03.000Z,2.05|2.06,https://www.sec.gov/Archives/edgar/data/51434/000005143425000060/0000051434-25-000060-index.html,https://www.sec.gov/Archives/edgar/data/51434/000005143425000060/ip-20250820.htm
SEC8K-0000035527-25-000185,0000035527,FITB,TIME_VALID_MAPPED,0000035527-25-000185,8-K,2025-09-09,2025-09-09T20:45:18.000Z,2.06,https://www.sec.gov/Archives/edgar/data/35527/000003552725000185/0000035527-25-000185-index.html,https://www.sec.gov/Archives/edgar/data/35527/000003552725000185/fitb-20250905.htm
SEC8K-0001104659-25-092977,0000831001,C,TIME_VALID_MAPPED,0001104659-25-092977,8-K,2025-09-24,2025-09-24T20:34:37.000Z,2.06,https://www.sec.gov/Archives/edgar/data/831001/000110465925092977/0001104659-25-092977-index.html,https://www.sec.gov/Archives/edgar/data/831001/000110465925092977/c-20250924x8k.htm
SEC8K-0000829224-25-000067,0000829224,SBUX,TIME_VALID_MAPPED,0000829224-25-000067,8-K,2025-09-25,2025-09-25T11:00:18.000Z,2.05,https://www.sec.gov/Archives/edgar/data/829224/000082922425000067/0000829224-25-000067-index.html,https://www.sec.gov/Archives/edgar/data/829224/000082922425000067/sbux-20250923.htm
SEC8K-0001193125-25-225852,0000040704,GIS,TIME_VALID_MAPPED,0001193125-25-225852,8-K,2025-10-01,2025-10-01T11:05:34.000Z,2.05,https://www.sec.gov/Archives/edgar/data/40704/000119312525225852/0001193125-25-225852-index.html,https://www.sec.gov/Archives/edgar/data/40704/000119312525225852/d935094d8k.htm
SEC8K-0001467858-25-000136,0001467858,GM,TIME_VALID_MAPPED,0001467858-25-000136,8-K,2025-10-14,2025-10-14T10:15:34.000Z,2.06,https://www.sec.gov/Archives/edgar/data/1467858/000146785825000136/0001467858-25-000136-index.html,https://www.sec.gov/Archives/edgar/data/1467858/000146785825000136/gm-20251007.htm
SEC8K-0001104659-25-100648,0000024545,TAP,TIME_VALID_MAPPED,0001104659-25-100648,8-K,2025-10-20,2025-10-20T13:03:11.000Z,2.05,https://www.sec.gov/Archives/edgar/data/24545/000110465925100648/0001104659-25-100648-index.html,https://www.sec.gov/Archives/edgar/data/24545/000110465925100648/tm2529052d1_8k.htm
SEC8K-0001628280-25-046107,0000006951,AMAT,TIME_VALID_MAPPED,0001628280-25-046107,8-K,2025-10-23,2025-10-23T20:27:16.000Z,2.05,https://www.sec.gov/Archives/edgar/data/6951/000162828025046107/0001628280-25-046107-index.html,https://www.sec.gov/Archives/edgar/data/6951/000162828025046107/amat-20251023.htm
SEC8K-0000915913-25-000153,0000915913,ALB,TIME_VALID_MAPPED,0000915913-25-000153,8-K,2025-10-27,2025-10-27T11:20:39.000Z,2.06,https://www.sec.gov/Archives/edgar/data/915913/000091591325000153/0000915913-25-000153-index.html,https://www.sec.gov/Archives/edgar/data/915913/000091591325000153/alb-20251023.htm
SEC8K-0000021665-25-000052,0000021665,CL,TIME_VALID_MAPPED,0000021665-25-000052,8-K,2025-10-31,2025-10-31T11:57:12.000Z,2.05,https://www.sec.gov/Archives/edgar/data/21665/000002166525000052/0000021665-25-000052-index.html,https://www.sec.gov/Archives/edgar/data/21665/000002166525000052/cl-20251031.htm
SEC8K-0000048465-25-000053,0000048465,HRL,TIME_VALID_MAPPED,0000048465-25-000053,8-K,2025-11-04,2025-11-04T13:33:46.000Z,2.05,https://www.sec.gov/Archives/edgar/data/48465/000004846525000053/0000048465-25-000053-index.html,https://www.sec.gov/Archives/edgar/data/48465/000004846525000053/hrl-20251104.htm
SEC8K-0001193125-25-276232,0000883241,SNPS,TIME_VALID_MAPPED,0001193125-25-276232,8-K,2025-11-12,2025-11-12T14:15:50.000Z,2.05,https://www.sec.gov/Archives/edgar/data/883241/000119312525276232/0001193125-25-276232-index.html,https://www.sec.gov/Archives/edgar/data/883241/000119312525276232/d48382d8k.htm
SEC8K-0001140361-25-042498,0001097864,ON,TIME_VALID_MAPPED,0001140361-25-042498,8-K,2025-11-17,2025-11-17T21:47:09.000Z,2.06,https://www.sec.gov/Archives/edgar/data/1097864/000114036125042498/0001140361-25-042498-index.html,https://www.sec.gov/Archives/edgar/data/1097864/000114036125042498/ef20059530_8k.htm
SEC8K-0001104659-25-113746,0000056873,KR,TIME_VALID_MAPPED,0001104659-25-113746,8-K,2025-11-18,2025-11-18T22:19:24.000Z,2.06,https://www.sec.gov/Archives/edgar/data/56873/000110465925113746/0001104659-25-113746-index.html,https://www.sec.gov/Archives/edgar/data/56873/000110465925113746/tm2531591d1_8k.htm
SEC8K-0000047217-25-000068,0000047217,HPQ,TIME_VALID_MAPPED,0000047217-25-000068,8-K,2025-11-25,2025-11-25T21:17:31.000Z,2.05,https://www.sec.gov/Archives/edgar/data/47217/000004721725000068/0000047217-25-000068-index.html,https://www.sec.gov/Archives/edgar/data/47217/000004721725000068/hpq-20251125.htm
SEC8K-0001001250-25-000115,0001001250,EL,TIME_VALID_MAPPED,0001001250-25-000115,8-K/A,2025-12-01,2025-12-01T21:33:06.000Z,2.05,https://www.sec.gov/Archives/edgar/data/1001250/000100125025000115/0001001250-25-000115-index.html,https://www.sec.gov/Archives/edgar/data/1001250/000100125025000115/el-20240201.htm
SEC8K-0001193125-25-307535,0000075677,PKG,TIME_VALID_MAPPED,0001193125-25-307535,8-K,2025-12-04,2025-12-04T14:00:10.000Z,2.05|2.06,https://www.sec.gov/Archives/edgar/data/75677/000119312525307535/0001193125-25-307535-index.html,https://www.sec.gov/Archives/edgar/data/75677/000119312525307535/d50663d8k.htm
SEC8K-0001104659-25-118905,0000056873,KR,TIME_VALID_MAPPED,0001104659-25-118905,8-K/A,2025-12-05,2025-12-05T21:30:41.000Z,2.06,https://www.sec.gov/Archives/edgar/data/56873/000110465925118905/0001104659-25-118905-index.html,https://www.sec.gov/Archives/edgar/data/56873/000110465925118905/tm2532855d1_8ka.htm
SEC8K-0001628280-25-056882,0000877212,ZBRA,TIME_VALID_MAPPED,0001628280-25-056882,8-K,2025-12-15,2025-12-15T13:52:13.000Z,2.05|2.06,https://www.sec.gov/Archives/edgar/data/877212/000162828025056882/0001628280-25-056882-index.html,https://www.sec.gov/Archives/edgar/data/877212/000162828025056882/zbra-20251209.htm
SEC8K-0000037996-25-000238,0000037996,F,TIME_VALID_MAPPED,0000037996-25-000238,8-K,2025-12-15,2025-12-15T21:07:14.000Z,2.06,https://www.sec.gov/Archives/edgar/data/37996/000003799625000238/0000037996-25-000238-index.html,https://www.sec.gov/Archives/edgar/data/37996/000003799625000238/f-20251209.htm
SEC8K-0000712515-26-000002,0000712515,EA,TIME_VALID_MAPPED,0000712515-26-000002,8-K,2026-01-06,2026-01-06T21:05:18.000Z,2.04,https://www.sec.gov/Archives/edgar/data/712515/000071251526000002/0000712515-26-000002-index.html,https://www.sec.gov/Archives/edgar/data/712515/000071251526000002/ea-20260106.htm
SEC8K-0000874761-26-000006,0000874761,AES,TIME_VALID_MAPPED,0000874761-26-000006,8-K,2026-01-16,2026-01-16T21:13:13.000Z,2.06,https://www.sec.gov/Archives/edgar/data/874761/000087476126000006/0000874761-26-000006-index.html,https://www.sec.gov/Archives/edgar/data/874761/000087476126000006/aes-20260116.htm
SEC8K-0000769397-26-000006,0000769397,ADSK,TIME_VALID_MAPPED,0000769397-26-000006,8-K,2026-01-22,2026-01-22T14:00:20.000Z,2.05,https://www.sec.gov/Archives/edgar/data/769397/000076939726000006/0000769397-26-000006-index.html,https://www.sec.gov/Archives/edgar/data/769397/000076939726000006/adsk-20260122.htm
SEC8K-0001104659-26-007986,0001048911,FDX,TIME_VALID_MAPPED,0001104659-26-007986,8-K,2026-01-29,2026-01-29T21:15:36.000Z,2.05,https://www.sec.gov/Archives/edgar/data/1048911/000110465926007986/0001104659-26-007986-index.html,https://www.sec.gov/Archives/edgar/data/1048911/000110465926007986/tm263979d1_8k.htm
SEC8K-0001327811-26-000004,0001327811,WDAY,TIME_VALID_MAPPED,0001327811-26-000004,8-K,2026-02-04,2026-02-04T21:04:46.000Z,2.05|2.06,https://www.sec.gov/Archives/edgar/data/1327811/000132781126000004/0001327811-26-000004-index.html,https://www.sec.gov/Archives/edgar/data/1327811/000132781126000004/wday-20260130.htm
SEC8K-0001051470-26-000008,0001051470,CCI,TIME_VALID_MAPPED,0001051470-26-000008,8-K,2026-02-04,2026-02-04T21:17:47.000Z,2.05,https://www.sec.gov/Archives/edgar/data/1051470/000105147026000008/0001051470-26-000008-index.html,https://www.sec.gov/Archives/edgar/data/1051470/000105147026000008/cci-20260204.htm
SEC8K-0001104659-26-012358,0000031462,ECL,TIME_VALID_MAPPED,0001104659-26-012358,8-K,2026-02-10,2026-02-10T13:04:37.000Z,2.05,https://www.sec.gov/Archives/edgar/data/31462/000110465926012358/0001104659-26-012358-index.html,https://www.sec.gov/Archives/edgar/data/31462/000110465926012358/ecl-20260210x8k.htm
SEC8K-0001944048-26-000016,0001944048,KVUE,TIME_VALID_MAPPED,0001944048-26-000016,8-K,2026-02-17,2026-02-17T21:46:12.000Z,2.05,https://www.sec.gov/Archives/edgar/data/1944048/000194404826000016/0001944048-26-000016-index.html,https://www.sec.gov/Archives/edgar/data/1944048/000194404826000016/kvue-20260217.htm
SEC8K-0001792044-26-000010,0001792044,VTRS,TIME_VALID_MAPPED,0001792044-26-000010,8-K,2026-02-26,2026-02-26T12:52:59.000Z,2.05,https://www.sec.gov/Archives/edgar/data/1792044/000179204426000010/0001792044-26-000010-index.html,https://www.sec.gov/Archives/edgar/data/1792044/000179204426000010/vtrs-20260223.htm
SEC8K-0001193125-26-076557,0001512673,XYZ,TIME_VALID_MAPPED,0001193125-26-076557,8-K,2026-02-26,2026-02-26T21:06:19.000Z,2.05,https://www.sec.gov/Archives/edgar/data/1512673/000119312526076557/0001193125-26-076557-index.html,https://www.sec.gov/Archives/edgar/data/1512673/000119312526076557/d108590d8k.htm
SEC8K-0001437749-26-006112,0001280452,MPWR,TIME_VALID_MAPPED,0001437749-26-006112,8-K,2026-02-27,2026-02-27T21:31:27.000Z,4.02,https://www.sec.gov/Archives/edgar/data/1280452/000143774926006112/0001437749-26-006112-index.html,https://www.sec.gov/Archives/edgar/data/1280452/000143774926006112/mpwr20260225_8k.htm
SEC8K-0000320187-26-000017,0000320187,NKE,TIME_VALID_MAPPED,0000320187-26-000017,8-K,2026-03-05,2026-03-05T21:32:25.000Z,2.05,https://www.sec.gov/Archives/edgar/data/320187/000032018726000017/0000320187-26-000017-index.html,https://www.sec.gov/Archives/edgar/data/320187/000032018726000017/nke-20260227.htm
SEC8K-0001001250-26-000013,0001001250,EL,TIME_VALID_MAPPED,0001001250-26-000013,8-K/A,2026-04-01,2026-04-01T21:05:00.000Z,2.05,https://www.sec.gov/Archives/edgar/data/1001250/000100125026000013/0001001250-26-000013-index.html,https://www.sec.gov/Archives/edgar/data/1001250/000100125026000013/el-20240201.htm
SEC8K-0001285785-26-000058,0001285785,MOS,TIME_VALID_MAPPED,0001285785-26-000058,8-K,2026-04-08,2026-04-08T15:05:01.000Z,2.06,https://www.sec.gov/Archives/edgar/data/1285785/000128578526000058/0001285785-26-000058-index.html,https://www.sec.gov/Archives/edgar/data/1285785/000128578526000058/mos-20260408.htm
SEC8K-0001628280-26-029103,0001374310,CBOE,TIME_VALID_MAPPED,0001628280-26-029103,8-K,2026-05-01,2026-05-01T11:30:01.000Z,2.05,https://www.sec.gov/Archives/edgar/data/1374310/000162828026029103/0001628280-26-029103-index.html,https://www.sec.gov/Archives/edgar/data/1374310/000162828026029103/cboe-20260501.htm
SEC8K-0000021665-26-000022,0000021665,CL,TIME_VALID_MAPPED,0000021665-26-000022,8-K,2026-05-01,2026-05-01T11:31:29.000Z,2.05,https://www.sec.gov/Archives/edgar/data/21665/000002166526000022/0000021665-26-000022-index.html,https://www.sec.gov/Archives/edgar/data/21665/000002166526000022/cl-20260430.htm
SEC8K-0001679788-26-000049,0001679788,COIN,TIME_VALID_MAPPED,0001679788-26-000049,8-K,2026-05-05,2026-05-05T10:57:33.000Z,2.05,https://www.sec.gov/Archives/edgar/data/1679788/000167978826000049/0001679788-26-000049-index.html,https://www.sec.gov/Archives/edgar/data/1679788/000167978826000049/coin-20260505.htm
SEC8K-0000858877-26-000075,0000858877,CSCO,TIME_VALID_MAPPED,0000858877-26-000075,8-K,2026-05-13,2026-05-13T20:06:53.000Z,2.05,https://www.sec.gov/Archives/edgar/data/858877/000085887726000075/0000858877-26-000075-index.html,https://www.sec.gov/Archives/edgar/data/858877/000085887726000075/csco-20260513.htm
SEC8K-0000829224-26-000088,0000829224,SBUX,TIME_VALID_MAPPED,0000829224-26-000088,8-K,2026-05-15,2026-05-15T13:00:15.000Z,2.05,https://www.sec.gov/Archives/edgar/data/829224/000082922426000088/0000829224-26-000088-index.html,https://www.sec.gov/Archives/edgar/data/829224/000082922426000088/sbux-20260513.htm
SEC8K-0000896878-26-000024,0000896878,INTU,TIME_VALID_MAPPED,0000896878-26-000024,8-K,2026-05-20,2026-05-20T20:05:49.000Z,2.05,https://www.sec.gov/Archives/edgar/data/896878/000089687826000024/0000896878-26-000024-index.html,https://www.sec.gov/Archives/edgar/data/896878/000089687826000024/intu-20260520.htm
SEC8K-0001037540-26-000026,0001037540,BXP,TIME_VALID_MAPPED,0001037540-26-000026,8-K,2026-05-29,2026-05-29T20:36:57.000Z,2.06,https://www.sec.gov/Archives/edgar/data/1037540/000103754026000026/0001037540-26-000026-index.html,https://www.sec.gov/Archives/edgar/data/1037540/000103754026000026/bxp-20260527.htm
SEC8K-0001415404-26-000020,0001415404,SATS,TIME_VALID_MAPPED,0001415404-26-000020,8-K,2026-06-01,2026-06-01T12:21:01.000Z,2.04,https://www.sec.gov/Archives/edgar/data/1415404/000141540426000020/0001415404-26-000020-index.html,https://www.sec.gov/Archives/edgar/data/1415404/000141540426000020/sats-20260601x8k.htm
SEC8K-0001001250-26-000028,0001001250,EL,TIME_VALID_MAPPED,0001001250-26-000028,8-K/A,2026-06-03,2026-06-03T20:12:46.000Z,2.05,https://www.sec.gov/Archives/edgar/data/1001250/000100125026000028/0001001250-26-000028-index.html,https://www.sec.gov/Archives/edgar/data/1001250/000100125026000028/el-20240201.htm
SEC8K-0001783879-26-000071,0001783879,HOOD,SEC_PRIMARY_DOCUMENT_REVIEWED,0001783879-26-000071,8-K,2026-06-16,2026-06-16T10:00:44.000Z,2.05,https://www.sec.gov/Archives/edgar/data/1783879/000178387926000071/0001783879-26-000071-index.html,https://www.sec.gov/Archives/edgar/data/1783879/000178387926000071/hood-20260616.htm
SEC8K-0001193125-26-289427,0000002969,APD,SEC_PRIMARY_DOCUMENT_REVIEWED,0001193125-26-289427,8-K,2026-06-30,2026-06-30T12:08:39.000Z,2.06,https://www.sec.gov/Archives/edgar/data/2969/000119312526289427/0001193125-26-289427-index.html,https://www.sec.gov/Archives/edgar/data/2969/000119312526289427/d97956d8k.htm
SEC8K-0001001250-26-000031,0001001250,EL,SEC_PRIMARY_DOCUMENT_REVIEWED,0001001250-26-000031,8-K/A,2026-07-07,2026-07-07T20:07:12.000Z,2.05,https://www.sec.gov/Archives/edgar/data/1001250/000100125026000031/0001001250-26-000031-index.html,https://www.sec.gov/Archives/edgar/data/1001250/000100125026000031/el-20240201.htm
