ticker,cik,accession_number,accepted_at,document_name,source_url,source_sha256,source_kind,block_path,block_text,metric,fiscal_period,accounting_basis,metric_subtype,unit,lower_bound,upper_bound,midpoint,range_offset,range_role,semantic_role,candidate_status,review_priority
CSGP,0001057352,0001057352-16-000141,2016-07-27T20:28:29.000Z,a2q2016earningspressrelease.htm,https://www.sec.gov/Archives/edgar/data/1057352/000105735216000141/a2q2016earningspressrelease.htm,102496310cb926b1a64f4202ca92ca172f5f5d65de5606f56858adde9f859f5a,HTML_DIV,/html/body/document/type/sequence/filename/description/text/div[41],"The Company expects revenue of approximately $211 million to $213 million for the third quarter of 2016. Adjusting for the shut-down of non-core services at Apartment Finder in 2015, the current outlook anticipates pro-forma revenue growth (defined below) in the range of 13% to 14% for the third quarter of 2016 over the third quarter of 2015. For the full year of 2016, the Company reaffirms its revenue outlook of approximately $834 million to $840 million.",REVENUE,Q3-2015,UNSPECIFIED,NOT_APPLICABLE,USD,834000000,840000000,837000000,431,CURRENT_CANDIDATE,CURRENT_GUIDANCE_RANGE,V3_RANGE_BOUND_NOT_SOURCE_REVIEWED,d4b298c571c24b88a99f5442af04d270e066d9e155a96fc074bef03337f52736
ENPH,0001463101,0001463101-16-000053,2016-08-02T20:10:50.000Z,a2016q28-kexx991pressrelea.htm,https://www.sec.gov/Archives/edgar/data/1463101/000146310116000053/a2016q28-kexx991pressrelea.htm,178f697a1e80dd3b75e3ce080442bfd714f2c2331beae20feb0a51b999d1e9be,HTML_DIV,/html/body/document/type/sequence/filename/description/text/div[14],"“We expect revenue for the third quarter of 2016 to be within a range of 87 to 93 million dollars,” stated Kris Sennesael. “We expect GAAP and non-GAAP gross margin to be within a range of 17 to 20 percent. Non-GAAP gross margin excludes approximately $0.3 million of stock-based compensation expense. We also expect GAAP operating expenses for the third quarter of 2016 to be within a range of 30 to 32 million dollars and non-GAAP operating expenses to be within a range of 27 to 29 million dollars, excluding approximately $3.0 million of stock-based compensation expense.”",REVENUE,Q3-2016,UNSPECIFIED,NOT_APPLICABLE,USD,87000000,93000000,90000000,72,CURRENT_CANDIDATE,CURRENT_GUIDANCE_RANGE,V3_RANGE_BOUND_NOT_SOURCE_REVIEWED,c29db69c62807cceebd4871b78a3b82965fb2d8b8c55e8ea490b530f50c3d0af
GAP,0000039911,0000039911-16-000344,2016-08-08T20:23:12.000Z,july2016salesrelease.htm,https://www.sec.gov/Archives/edgar/data/39911/000003991116000344/july2016salesrelease.htm,08a0cc4f4cc63bafb4ecf3fa0cca106994dae844c31acdb2948e9d4f20556f52,HTML_DIV,/html/body/document/type/sequence/filename/description/text/div[20],"On a reported basis, the company expects its diluted earnings per share for the second quarter of fiscal year 2016 to be in the range of $0.30 to $0.31.",EPS,FY2016,GAAP,NOT_APPLICABLE,USD_PER_SHARE,0.3,0.31,0.305,137,CURRENT_CANDIDATE,CURRENT_GUIDANCE_RANGE,V3_RANGE_BOUND_NOT_SOURCE_REVIEWED,3e2d769c0034553042f81accfecffd349738b7870ac2d54311f42bc5703508b3
GAP,0000039911,0000039911-16-000354,2016-08-18T20:20:55.000Z,q22016eprexhibit991.htm,https://www.sec.gov/Archives/edgar/data/39911/000003991116000354/q22016eprexhibit991.htm,7973f0ea0f354143b0e05a44045b788bc86c98ce77c5cd3b43757b5a26653319,HTML_DIV,/html/body/document/type/sequence/filename/description/text/div[32],"The company updated its reported diluted earnings per share guidance for fiscal year 2016 to be in the range of $1.37 to $1.47. Excluding the negative impact of restructuring costs, which is expected to be approximately $0.45 to $0.50, the company expects its adjusted diluted earnings per share to be in the range of $1.87 to $1.92. Please see the reconciliation of adjusted diluted earnings per share, a non-GAAP financial measure, from the GAAP financial measure in the table at the end of this press release.",EPS,FY2016,UNSPECIFIED,NOT_APPLICABLE,USD_PER_SHARE,0.45,0.5,0.475,220,CURRENT_CANDIDATE,CURRENT_GUIDANCE_RANGE,V3_RANGE_BOUND_NOT_SOURCE_REVIEWED,7cdeb43c6a4372f3ac582b82eefd8fceed75841fbd65f7084b6f80d9f7f1b8a6
GAP,0000039911,0000039911-16-000354,2016-08-18T20:20:55.000Z,q22016eprexhibit991.htm,https://www.sec.gov/Archives/edgar/data/39911/000003991116000354/q22016eprexhibit991.htm,7973f0ea0f354143b0e05a44045b788bc86c98ce77c5cd3b43757b5a26653319,HTML_DIV,/html/body/document/type/sequence/filename/description/text/div[32],"The company updated its reported diluted earnings per share guidance for fiscal year 2016 to be in the range of $1.37 to $1.47. Excluding the negative impact of restructuring costs, which is expected to be approximately $0.45 to $0.50, the company expects its adjusted diluted earnings per share to be in the range of $1.87 to $1.92. Please see the reconciliation of adjusted diluted earnings per share, a non-GAAP financial measure, from the GAAP financial measure in the table at the end of this press release.",EPS,FY2016,NON_GAAP,NOT_APPLICABLE,USD_PER_SHARE,1.87,1.92,1.895,318,CURRENT_CANDIDATE,CURRENT_GUIDANCE_RANGE,V3_RANGE_BOUND_NOT_SOURCE_REVIEWED,a511e9300e89fb371b2ba92ba8b6a5c7c5b4fa7dd5a885053b90f8dd01e4bf90
FMC,0000037785,0000037785-16-000105,2016-09-12T20:42:36.000Z,fmcex9919122016.htm,https://www.sec.gov/Archives/edgar/data/37785/000003778516000105/fmcex9919122016.htm,a8daf707b50729fa68c23d8044bd612a30d274ccee873805dd1c03b2c1ecd8e2,HTML_DIV,/html/body/document/type/sequence/filename/description/text/div[9],"The Company also announced that it is confirming prior guidance for the third quarter and full year 2016. For the third quarter, FMC expects adjusted earnings to be in the range of $0.53 to $0.63 per share and expects full-year adjusted EPS to be in the range of $2.60 to $2.90(1).",EPS,FY2016,NON_GAAP,NOT_APPLICABLE,USD_PER_SHARE,2.6,2.9,2.75,263,CURRENT_CANDIDATE,CURRENT_GUIDANCE_RANGE,V3_RANGE_BOUND_NOT_SOURCE_REVIEWED,453d87eef7f36113f0276e2ad00268da9b445dbc81f9ffbe3125c13f40e52d11
ILMN,0001110803,0001110803-16-000207,2016-10-11T12:41:01.000Z,pressrelease-10oct2016.htm,https://www.sec.gov/Archives/edgar/data/1110803/000111080316000207/pressrelease-10oct2016.htm,d8c0d20e83a1c64db594a3fe9c6afa7f7449b4d4230bcafeb32095c80e3bd489,HTML_DIV,/html/body/document/type/sequence/filename/description/text/div[6],"San Diego -- (BUSINESS WIRE) - October 10, 2016 - Illumina, Inc. (NASDAQ: ILMN) today announced estimated third quarter revenue of approximately $607 million, a 10% increase compared to $550 million in the third quarter of 2015. This unaudited estimate, based on management's preliminary financial analysis, is lower than the third quarter revenue guidance of $625 million to $630 million.",REVENUE,Q3-2015,UNSPECIFIED,NOT_APPLICABLE,USD,625000000,630000000,627500000,360,CURRENT_CANDIDATE,CURRENT_GUIDANCE_RANGE,V3_RANGE_BOUND_NOT_SOURCE_REVIEWED,2274f3b8e4a40eee100ae7a584119602ba0bbb25bedd834c2e3b2bc67431c749
CSGP,0001057352,0001057352-16-000164,2016-10-26T23:06:51.000Z,a3q2016earningspressrelease.htm,https://www.sec.gov/Archives/edgar/data/1057352/000105735216000164/a3q2016earningspressrelease.htm,3db73c55e378be597087fa6af02990384b79eebc57e77ccc112cd5ca5c4a41b4,HTML_DIV,/html/body/document/type/sequence/filename/description/text/div[37],"The Company expects revenue of approximately $835 million to $838 million for the full year of 2016. For the fourth quarter of 2016, the Company expects revenue of approximately $216 million to $219 million.",REVENUE,Q4-2016,UNSPECIFIED,NOT_APPLICABLE,USD,216000000,219000000,217500000,178,CURRENT_CANDIDATE,CURRENT_GUIDANCE_RANGE,V3_RANGE_BOUND_NOT_SOURCE_REVIEWED,fcc1dffd42643571592d6c7e4a7ae1e8147f6a4a8974bf4eb245d3f3efc614bb
KDP,0001418135,0001418135-16-000083,2016-10-27T12:04:23.000Z,dps-ex991_093016.htm,https://www.sec.gov/Archives/edgar/data/1418135/000141813516000083/dps-ex991_093016.htm,5fd76c4e9f232004b031a6c5717aee3d8d11157c785acbad4ec903dcf95a3ef5,HTML_DIV,/html/body/document/type/sequence/filename/description/text/div[7],Company raises guidance and now expects full year 2016 Core EPS in the $4.32 to $4.40 range and expects to return over $1 billion to shareholders in the form of stock repurchases and dividends.,EPS,FY2016,NON_GAAP,NOT_APPLICABLE,USD_PER_SHARE,4.32,4.4,4.36,71,CURRENT_CANDIDATE,CURRENT_GUIDANCE_RANGE,V3_RANGE_BOUND_NOT_SOURCE_REVIEWED,a1fe1f18a8e16632afedf3563f3d480ca407398d4a8ae3d42364fd9b2b9ca65e
EMN,0000915389,0000915389-16-000152,2016-10-27T20:42:40.000Z,ex99_0120160930cctables.htm,https://www.sec.gov/Archives/edgar/data/915389/000091538916000152/ex99_0120160930cctables.htm,21b2b2cbb5862d6c60629df822089d72230e108fb9602ef63c936e0ffe4e79fd,HTML_DIV,/html/body/document/type/sequence/filename/description/text/div[41],"Commenting on the outlook for full-year 2016, Costa said: “Our solid third-quarter results demonstrate that we are doing an excellent job of executing our specialty strategy in what remains a challenging global business climate. We are continuing to benefit from strong growth of high value, innovative products as well as significant cost reductions. For full-year 2016, our outlook for adjusted earnings per share has improved to between $6.70 and $6.80.”",EPS,FY2016,NON_GAAP,NOT_APPLICABLE,USD_PER_SHARE,6.7,6.8,6.75,440,CURRENT_CANDIDATE,CURRENT_GUIDANCE_RANGE,V3_RANGE_BOUND_NOT_SOURCE_REVIEWED,0fac5d03fe35fd817639b5d3496ca382c98d69e5f4a62cef7c355c00cb75a15a
ENPH,0001463101,0001463101-16-000060,2016-11-01T20:08:06.000Z,a2016q38-kexx991pressrelea.htm,https://www.sec.gov/Archives/edgar/data/1463101/000146310116000060/a2016q38-kexx991pressrelea.htm,96f2dcd08e0e6773f1620e696e176a3fe66266b8f14f9abfa0a6d0e19ea52491,HTML_DIV,/html/body/document/type/sequence/filename/description/text/div[15],"“Reaffirming the guidance we provided on September 22, 2016, we expect our revenue for the fourth quarter of 2016 to be within a range of $90 million to $100 million, and GAAP and non-GAAP gross margin to be within a range of 16% to 20%,” stated Bert Garcia. “Non-GAAP gross margin excludes approximately $0.3 million of stock-based compensation expense. We expect our GAAP operating expense for the fourth quarter to be within a range of $22.5 million to $27.5 million and non-GAAP operating expense to be within a range of $20 million to $25 million, excluding an estimated $2.5 million of stock-based compensation expense.”",REVENUE,Q4-2016,UNSPECIFIED,NOT_APPLICABLE,USD,90000000,100000000,95000000,138,CURRENT_CANDIDATE,CURRENT_GUIDANCE_RANGE,V3_RANGE_BOUND_NOT_SOURCE_REVIEWED,cdd367a9598d1aaf8b26283a575eaad858fe78a31b36ab697a8f3a66c19b2f17
TRMB,0000864749,0001193125-16-755399,2016-11-01T20:31:57.000Z,d472017dex991.htm,https://www.sec.gov/Archives/edgar/data/864749/000119312516755399/d472017dex991.htm,9709938a28d0fabfc06337685954ffb9cc09b7fb9078180a33465282b72bb9aa,HTML_P,/html/body/document/type/sequence/filename/description/text/p[17],"For the
fourth quarter of 2016 Trimble expects revenue to be between $562 million and $592 million with GAAP earnings per share of $0.11 to $0.16 and non-GAAP earnings per share of $0.27 to $0.32. Non-GAAP guidance excludes the amortization of intangibles
of $34 million related to previous acquisitions, anticipated acquisition costs of $1 million, the anticipated impact of stock-based compensation expense of $14 million, and $4 million in anticipated restructuring charges. GAAP guidance assumes a tax
rate of 28 percent and non-GAAP guidance assumes a tax rate of 24 percent. Both GAAP and non-GAAP earnings per share assume approximately 254 million shares outstanding.",REVENUE,Q4-2016,UNSPECIFIED,NOT_APPLICABLE,USD,562000000,592000000,577000000,69,CURRENT_CANDIDATE,CURRENT_GUIDANCE_RANGE,V3_RANGE_BOUND_NOT_SOURCE_REVIEWED,5eaf79044ed9681a95c4d6a1020d05d3bcdc3e83b84fd4bba69d5175e606f227
TRMB,0000864749,0001193125-16-755399,2016-11-01T20:31:57.000Z,d472017dex991.htm,https://www.sec.gov/Archives/edgar/data/864749/000119312516755399/d472017dex991.htm,9709938a28d0fabfc06337685954ffb9cc09b7fb9078180a33465282b72bb9aa,HTML_P,/html/body/document/type/sequence/filename/description/text/p[17],"For the
fourth quarter of 2016 Trimble expects revenue to be between $562 million and $592 million with GAAP earnings per share of $0.11 to $0.16 and non-GAAP earnings per share of $0.27 to $0.32. Non-GAAP guidance excludes the amortization of intangibles
of $34 million related to previous acquisitions, anticipated acquisition costs of $1 million, the anticipated impact of stock-based compensation expense of $14 million, and $4 million in anticipated restructuring charges. GAAP guidance assumes a tax
rate of 28 percent and non-GAAP guidance assumes a tax rate of 24 percent. Both GAAP and non-GAAP earnings per share assume approximately 254 million shares outstanding.",EPS,Q4-2016,GAAP,NOT_APPLICABLE,USD_PER_SHARE,0.11,0.16,0.135,131,CURRENT_CANDIDATE,CURRENT_GUIDANCE_RANGE,V3_RANGE_BOUND_NOT_SOURCE_REVIEWED,c623e61d70ee20ccc1f5e17e8e909f2d99b85b5c2e9d337b9e9e36c1e85c5cef
TRMB,0000864749,0001193125-16-755399,2016-11-01T20:31:57.000Z,d472017dex991.htm,https://www.sec.gov/Archives/edgar/data/864749/000119312516755399/d472017dex991.htm,9709938a28d0fabfc06337685954ffb9cc09b7fb9078180a33465282b72bb9aa,HTML_P,/html/body/document/type/sequence/filename/description/text/p[17],"For the
fourth quarter of 2016 Trimble expects revenue to be between $562 million and $592 million with GAAP earnings per share of $0.11 to $0.16 and non-GAAP earnings per share of $0.27 to $0.32. Non-GAAP guidance excludes the amortization of intangibles
of $34 million related to previous acquisitions, anticipated acquisition costs of $1 million, the anticipated impact of stock-based compensation expense of $14 million, and $4 million in anticipated restructuring charges. GAAP guidance assumes a tax
rate of 28 percent and non-GAAP guidance assumes a tax rate of 24 percent. Both GAAP and non-GAAP earnings per share assume approximately 254 million shares outstanding.",EPS,Q4-2016,NON_GAAP,NOT_APPLICABLE,USD_PER_SHARE,0.27,0.32,0.295,181,CURRENT_CANDIDATE,CURRENT_GUIDANCE_RANGE,V3_RANGE_BOUND_NOT_SOURCE_REVIEWED,ffb4cca905ab97a3e84f11a7a9d4c744d4ddc7abbea36a04276d27728c39a2c5
PODD,0001145197,0001157523-16-007237,2016-11-03T20:05:52.000Z,a51452507ex99_1.htm,https://www.sec.gov/Archives/edgar/data/1145197/000115752316007237/a51452507ex99_1.htm,bc33861f845165cef21c1eaea16aafa4df964bf042258ec4c1bd5c4ea9da7365,HTML_P,/html/body/document/type/sequence/filename/description/text/p[5],"Company
 Raises Full Year 2016 Revenue Guidance to a Range of $362 to $365
 million, from $345 to $355 million; Approximately 38% Year-Over-Year
 Growth at Mid-Point",REVENUE,FY2016,UNSPECIFIED,NOT_APPLICABLE,USD,362000000,365000000,363500000,62,CURRENT_CANDIDATE,CURRENT_GUIDANCE_RANGE,V3_RANGE_BOUND_NOT_SOURCE_REVIEWED,27baeba0f4183607430f17eed3fae0067d30a1240be3d7af0bb9b8a513ee24e8
LULU,0001397187,0001397187-16-000133,2016-12-07T21:10:51.000Z,lulu-20161030xex991.htm,https://www.sec.gov/Archives/edgar/data/1397187/000139718716000133/lulu-20161030xex991.htm,ff375fe83e576e1b40c95992c34d5ff7c388e72687e790892337c1f172f9d16b,HTML_DIV,/html/body/document/type/sequence/filename/description/text/div[15],"For the fourth quarter of fiscal 2016, we expect net revenue to be in the range of $765 million to $785 million based on total comparable sales in the mid-single digits on a constant dollar basis. Diluted earnings per share are expected to be in the range of $0.96 to $1.01 for the quarter. This guidance assumes 137.3 million diluted weighted-average shares outstanding and a 31.2% tax rate.",REVENUE,Q4-2016,UNSPECIFIED,NOT_APPLICABLE,USD,765000000,785000000,775000000,83,CURRENT_CANDIDATE,CURRENT_GUIDANCE_RANGE,V3_RANGE_BOUND_NOT_SOURCE_REVIEWED,25c7fbeac1a67b341b1aa41d42fc175cd4bc2c651c3ae6fe6ec5e2038647c069
NWL,0000814453,0000814453-17-000004,2017-02-06T12:01:00.000Z,q42016exhibit9918-k.htm,https://www.sec.gov/Archives/edgar/data/814453/000081445317000004/q42016exhibit9918-k.htm,f1044444ba9e6bd94d878cebfe2d0658256814a01b237c4071565cd445e55151,HTML_DIV,/html/body/document/type/sequence/filename/description/text/div[5]/div/table/tr[17]/td/div[1],"Established full year 2017 net sales guidance range of $14.52 billion to $14.72 billion. This outlook reflects current expectations for timing of acquisitions and divestitures, the negative impact of over $250 million related to foreign exchange, and the revised core sales growth range. The net sales guidance range represents net sales growth of 9.5 percent to 11.0 percent compared with prior year.",REVENUE,FY2017,UNSPECIFIED,NOT_APPLICABLE,USD,14520000000,14720000000,14620000000,55,CURRENT_CANDIDATE,CURRENT_GUIDANCE_RANGE,V3_RANGE_BOUND_NOT_SOURCE_REVIEWED,90aa37f60bbc567bc5b1d577b9704ff75019ad5a2ddc153463d0889d2ff0419a
NWL,0000814453,0000814453-17-000004,2017-02-06T12:01:00.000Z,q42016exhibit9918-k.htm,https://www.sec.gov/Archives/edgar/data/814453/000081445317000004/q42016exhibit9918-k.htm,f1044444ba9e6bd94d878cebfe2d0658256814a01b237c4071565cd445e55151,HTML_DIV,/html/body/document/type/sequence/filename/description/text/div[5]/div/table/tr[19]/td/div[1],"Revised guidance for full year 2017 normalized diluted earnings per share of $2.95 to $3.15 compared with initial 2017 guidance of $2.85 to $3.05. This increased outlook reflects current expectations for timing of acquisitions and divestitures, the negative impact of foreign exchange and the positive impact of a lower tax rate reflecting anticipated discrete tax benefits in the third quarter of the year.",EPS,FY2017,UNSPECIFIED,NOT_APPLICABLE,USD_PER_SHARE,2.85,3.05,2.95,131,CURRENT_CANDIDATE,CURRENT_GUIDANCE_RANGE,V3_RANGE_BOUND_NOT_SOURCE_REVIEWED,6738559fa6892fd5df07b72dd25f494582c2583a8c398d7db19dea85fc2f3958
NWL,0000814453,0000814453-17-000004,2017-02-06T12:01:00.000Z,q42016exhibit9918-k.htm,https://www.sec.gov/Archives/edgar/data/814453/000081445317000004/q42016exhibit9918-k.htm,f1044444ba9e6bd94d878cebfe2d0658256814a01b237c4071565cd445e55151,HTML_SINGLE_CELL_ROW,/html/body/document/type/sequence/filename/description/text/div[5]/div/table/tr[17],"Established full year 2017 net sales guidance range of $14.52 billion to $14.72 billion. This outlook reflects current expectations for timing of acquisitions and divestitures, the negative impact of over $250 million related to foreign exchange, and the revised core sales growth range. The net sales guidance range represents net sales growth of 9.5 percent to 11.0 percent compared with prior year.",REVENUE,FY2017,UNSPECIFIED,NOT_APPLICABLE,USD,14520000000,14720000000,14620000000,55,CURRENT_CANDIDATE,CURRENT_GUIDANCE_RANGE,V3_RANGE_BOUND_NOT_SOURCE_REVIEWED,9412b784ae4430a38efce3ea0666f6e9844e43b881d5f0ff115ac19466be5d51
NWL,0000814453,0000814453-17-000004,2017-02-06T12:01:00.000Z,q42016exhibit9918-k.htm,https://www.sec.gov/Archives/edgar/data/814453/000081445317000004/q42016exhibit9918-k.htm,f1044444ba9e6bd94d878cebfe2d0658256814a01b237c4071565cd445e55151,HTML_SINGLE_CELL_ROW,/html/body/document/type/sequence/filename/description/text/div[5]/div/table/tr[19],"Revised guidance for full year 2017 normalized diluted earnings per share of $2.95 to $3.15 compared with initial 2017 guidance of $2.85 to $3.05. This increased outlook reflects current expectations for timing of acquisitions and divestitures, the negative impact of foreign exchange and the positive impact of a lower tax rate reflecting anticipated discrete tax benefits in the third quarter of the year.",EPS,FY2017,UNSPECIFIED,NOT_APPLICABLE,USD_PER_SHARE,2.85,3.05,2.95,131,CURRENT_CANDIDATE,CURRENT_GUIDANCE_RANGE,V3_RANGE_BOUND_NOT_SOURCE_REVIEWED,7eb8c48eae95e5b80a0c496d2817554806e7dd0b1289805088ea22337bc401fa
ENPH,0001463101,0001463101-17-000016,2017-02-28T21:06:46.000Z,a8-kex12312016991earningsr.htm,https://www.sec.gov/Archives/edgar/data/1463101/000146310117000016/a8-kex12312016991earningsr.htm,16e863f2218b46f447358382e6b5acbe9fc5395834bd475b818aebce65fb55ac,HTML_DIV,/html/body/document/type/sequence/filename/description/text/div[15],"“We expect our revenue for the first quarter of 2017 to be within a range of $60 million to $65 million,” stated Bert Garcia. “While our first quarter results are typically impacted by normal seasonality, the extraordinarily wet winter in California, where we have a strong presence, has negatively impacted our first quarter guidance. We expect GAAP and non-GAAP gross margin for the first quarter to be within a range of 16 percent to 20 percent. Non-GAAP gross margin excludes approximately 250,000 of stock-based compensation expense. We expect our GAAP operating expense for the first quarter to be within a range of $27.5 million to $29.5 million and non-GAAP operating expense to be within a range of $19 million to $21 million, excluding an estimated $1.5 million of stock-based compensation expense and approximately $7 million of additional restructuring expense.”",REVENUE,Q1-2017,UNSPECIFIED,NOT_APPLICABLE,USD,60000000,65000000,62500000,77,CURRENT_CANDIDATE,CURRENT_GUIDANCE_RANGE,V3_RANGE_BOUND_NOT_SOURCE_REVIEWED,a7d9f00fc28f7123ea775434abc4238f241303ce1ae8a6dcb3454d239b872b0f
LULU,0001397187,0001397187-17-000007,2017-03-29T20:09:49.000Z,lulu-20170129xex991.htm,https://www.sec.gov/Archives/edgar/data/1397187/000139718717000007/lulu-20170129xex991.htm,bab8209b195d49d256499db64bea0cab874070db5838ec39e6c52b0e29c7c93d,HTML_DIV,/html/body/document/type/sequence/filename/description/text/div[19],"For the first quarter of fiscal 2017, we expect net revenue to be in the range of $510 million to $515 million based on a total comparable sales decrease in the low-single digits on a constant dollar basis. Diluted earnings per share are expected to be in the range of $0.25 to $0.27 for the quarter. This guidance assumes 137.3 million diluted weighted-average shares outstanding and a 31.2% tax rate. The guidance does not reflect potential future repurchases of the Company's shares.",REVENUE,Q1-2017,UNSPECIFIED,NOT_APPLICABLE,USD,510000000,515000000,512500000,82,CURRENT_CANDIDATE,CURRENT_GUIDANCE_RANGE,V3_RANGE_BOUND_NOT_SOURCE_REVIEWED,d9d26ebd989daa493320bc558deb303a98dfdf7c82cc1fb556b958d3fda0e01b
KDP,0001418135,0001418135-17-000016,2017-04-26T11:01:13.000Z,dps-ex991_033117.htm,https://www.sec.gov/Archives/edgar/data/1418135/000141813517000016/dps-ex991_033117.htm,ff3ec468f2bae541538b7e5a6502fe543417212862878743f2ed301ff977a4fb,HTML_DIV,/html/body/document/type/sequence/filename/description/text/div[8],Company raises guidance and now expects full year 2017 Core EPS in the $4.56 to $4.66 range.,EPS,FY2017,NON_GAAP,NOT_APPLICABLE,USD_PER_SHARE,4.56,4.66,4.61,71,CURRENT_CANDIDATE,CURRENT_GUIDANCE_RANGE,V3_RANGE_BOUND_NOT_SOURCE_REVIEWED,bd51eb130c1e372720bf58a2c6a4904961e1866938bd832a1f80a59c12fb20a4
ENPH,0001463101,0001463101-17-000051,2017-05-09T20:11:26.000Z,a2017q18-kexx991pressrelea.htm,https://www.sec.gov/Archives/edgar/data/1463101/000146310117000051/a2017q18-kexx991pressrelea.htm,b2971c0943f9d3774a02aec0eeb360d2fbac55ecbfbdd1e78d7877839886e6a3,HTML_DIV,/html/body/document/type/sequence/filename/description/text/div[16],"“We expect our revenue for the second quarter of 2017 to be within a range of $72 million to $80 million,” stated Bert Garcia. “We expect GAAP and non-GAAP gross margin for the second quarter to be within a range of 17 percent to 20 percent. Non-GAAP gross margin excludes approximately $300,000 of stock-based compensation expense. We expect our GAAP operating expense for the second quarter to be within a range of $22 million to $24 million and non-GAAP operating expense to be within a range of $17 million to $19 million, excluding an estimated $1.7 million of stock-based compensation expense and approximately $3.2 million of additional restructuring expense.”",REVENUE,Q2-2017,UNSPECIFIED,NOT_APPLICABLE,USD,72000000,80000000,76000000,78,CURRENT_CANDIDATE,CURRENT_GUIDANCE_RANGE,V3_RANGE_BOUND_NOT_SOURCE_REVIEWED,1f96224cf786363f91add6d7e0e521e97a92ba1bd31b0e73819c88fb5c658568
LULU,0001397187,0001397187-17-000026,2017-06-01T20:11:54.000Z,lulu-20170430xex991.htm,https://www.sec.gov/Archives/edgar/data/1397187/000139718717000026/lulu-20170430xex991.htm,0a933ff2e393653ad92f595b91d398912ae59cdc5504af15670e33072fd4fb81,HTML_DIV,/html/body/document/type/sequence/filename/description/text/div[23],"For the second quarter of fiscal 2017, we expect net revenue to be in the range of $565 million to $570 million based on a total comparable sales increase in the low-to-mid single digits on a constant dollar basis. Diluted earnings per share are expected to be in the range of $0.13 to $0.15 for the quarter. Excluding the impact of the ivivva restructuring, we expect adjusted diluted earnings per share to be in the range of $0.33 to $0.35 for the quarter. This guidance assumes 137.2 million diluted weighted-average shares outstanding and a 36.6% tax rate, or 31.0% excluding the tax effect of the ivivva restructuring. The guidance does not reflect potential future repurchases of the Company's shares.",REVENUE,Q2-2017,UNSPECIFIED,NOT_APPLICABLE,USD,565000000,570000000,567500000,83,CURRENT_CANDIDATE,CURRENT_GUIDANCE_RANGE,V3_RANGE_BOUND_NOT_SOURCE_REVIEWED,c49bb21c112b359d688d29f37739d8e7f959681acea204b6f62669628fad3c2e
CSGP,0001057352,0001057352-17-000044,2017-07-26T20:36:40.000Z,q22017earningspressrelease.htm,https://www.sec.gov/Archives/edgar/data/1057352/000105735217000044/q22017earningspressrelease.htm,c7869a90b7b4f85c2b3f85cf176c6b66094142c4ac9328a8f42dea79af2616d9,HTML_DIV,/html/body/document/type/sequence/filename/description/text/div[40],"The Company expects revenue to be in a range of approximately $954 million to $960 million for the full year of 2017, increasing the midpoint by $7 million from the prior outlook.  For the third quarter of 2017, the Company expects revenue of approximately $243 million to $245 million.",REVENUE,Q3-2017,UNSPECIFIED,NOT_APPLICABLE,USD,243000000,245000000,244000000,257,CURRENT_CANDIDATE,CURRENT_GUIDANCE_RANGE,V3_RANGE_BOUND_NOT_SOURCE_REVIEWED,8576f23c2adfd2e3b265a125fdb403275b317feffe0df9658630e3611153d1a1
LUMN,0000018926,0000018926-17-000051,2017-08-02T20:18:56.000Z,ctl20178-kexhibit991x2q.htm,https://www.sec.gov/Archives/edgar/data/18926/000001892617000051/ctl20178-kexhibit991x2q.htm,931fa6dcd2beb328b1a342d7ea667e442320987daf78c8d22203f4464e5f6f08,HTML_DIV,/html/body/document/type/sequence/filename/description/text/div[11],"“We are confident our continued investment in high-quality, high-bandwidth broadband network infrastructure positions CenturyLink well for long-term growth,” said Glen F. Post, III, CenturyLink chief executive officer and president. “Enterprise demand for high-bandwidth data services remains strong and, while consumer broadband units were weaker than expected, we are encouraged by the higher-value customers our improved offerings are attracting. We accelerated our capital investment in high-bandwidth services and broadband infrastructure during the second quarter, which we believe better positions us to increase revenues in the second half of 2017 and beyond. We anticipate second half and full year 2017 capital expenditures of approximately $1 billion and $2.6 billion, respectively.",CAPEX,FY2017,NOT_APPLICABLE,NOT_APPLICABLE,USD,1000000000,2600000000,1800000000,751,CURRENT_CANDIDATE,CURRENT_GUIDANCE_RANGE,V3_RANGE_BOUND_NOT_SOURCE_REVIEWED,7ab32dfc074995b9a910ad688722e64fa105dc3c50691a2e88b3eeb4efacbd37
PODD,0001145197,0001157523-17-002282,2017-08-03T20:05:53.000Z,a51623645ex99_1.htm,https://www.sec.gov/Archives/edgar/data/1145197/000115752317002282/a51623645ex99_1.htm,7e0ff6c261ec0a80426f8a21f6475446ecc1f441d0fc054c93606e7580f81060,HTML_P,/html/body/document/type/sequence/filename/description/text/div/p[4],"Insulet Raises Full Year 2017 Revenue Guidance to a Range of $440 to $450 million, Up from $425 to $440 Million, Expecting Growth of 21% at Mid-Point",REVENUE,FY2017,UNSPECIFIED,NOT_APPLICABLE,USD,440000000,450000000,445000000,61,CURRENT_CANDIDATE,CURRENT_GUIDANCE_RANGE,V3_RANGE_BOUND_NOT_SOURCE_REVIEWED,ec52ffab977a3c932aae873dfef332fa257e233af49237eb5cbce82750ec6dbc
PODD,0001145197,0001157523-17-002282,2017-08-03T20:05:53.000Z,a51623645ex99_1.htm,https://www.sec.gov/Archives/edgar/data/1145197/000115752317002282/a51623645ex99_1.htm,7e0ff6c261ec0a80426f8a21f6475446ecc1f441d0fc054c93606e7580f81060,HTML_LI,/html/body/document/type/sequence/filename/description/text/div/ul[2]/li[2],"For the quarter ending September 30, 2017, the Company is introducing revenue guidance in the range of $112 to $116 million, compared to third quarter 2016 revenue of $94.9 million. This represents year-over-year revenue growth of approximately 20% at the mid-point of the range.",REVENUE,FY2017,UNSPECIFIED,NOT_APPLICABLE,USD,112000000,116000000,114000000,103,CURRENT_CANDIDATE,CURRENT_GUIDANCE_RANGE,V3_RANGE_BOUND_NOT_SOURCE_REVIEWED,7f87ec028d705ccd278fcd63fb78887352eb37d105747cfa44c01100750d6cea
ENPH,0001463101,0001463101-17-000088,2017-08-08T20:07:06.000Z,a2017q28-kexx991pressrelea.htm,https://www.sec.gov/Archives/edgar/data/1463101/000146310117000088/a2017q28-kexx991pressrelea.htm,21054972fbffb4237432eb8d5c0da8697b1537e35846c85bf05962cfbda086e2,HTML_DIV,/html/body/document/type/sequence/filename/description/text/div[14],"“We expect our revenue for the third quarter of 2017 to be within a range of $72 million to $80 million,” stated Bert Garcia. “We expect GAAP and non-GAAP gross margin for the third quarter to be within a range of 18 percent to 21 percent. Non-GAAP gross margin excludes approximately $200,000 of stock-based compensation expense. We expect our GAAP operating expense for the third quarter to be within a range of $22.5 million to $24.5 million and non-GAAP operating expense to be within a range of $16.5 million to $18.5 million, excluding an estimated $1.7 million of stock-based compensation expense and approximately $4.3 million of additional restructuring expense.”",REVENUE,Q3-2017,UNSPECIFIED,NOT_APPLICABLE,USD,72000000,80000000,76000000,77,CURRENT_CANDIDATE,CURRENT_GUIDANCE_RANGE,V3_RANGE_BOUND_NOT_SOURCE_REVIEWED,f61b443094f0142b3f7f8842383f199f6283f84c5f2c4c6e81609f998d4c9745
XRAY,0000818479,0000818479-17-000023,2017-08-09T11:02:37.000Z,ex991-2017q210xq.htm,https://www.sec.gov/Archives/edgar/data/818479/000081847917000023/ex991-2017q210xq.htm,0831cc193d688f06890b2c1e94bf7250826bfc2f7eebf4447ba203e52596a009,HTML_DIV,/html/body/document/type/sequence/filename/description/text/div[50],Management is updating its EPS guidance for 2017 to the range of $2.65 to $2.75 per diluted share.,EPS,FY2017,UNSPECIFIED,NOT_APPLICABLE,USD_PER_SHARE,2.65,2.75,2.7,65,CURRENT_CANDIDATE,CURRENT_GUIDANCE_RANGE,V3_RANGE_BOUND_NOT_SOURCE_REVIEWED,0c9fbffb1a08de18e35ac830075c7cf615777f5fde8d4864ff76ffab5d8df56b
GAP,0000039911,0000039911-17-000113,2017-08-17T20:20:37.000Z,q22017eprexhibit991.htm,https://www.sec.gov/Archives/edgar/data/39911/000003991117000113/q22017eprexhibit991.htm,62aaa49e4ac6f93d37ed88054652d0a209fb3e8c52bf31554e601ac6706a3c01,HTML_DIV,/html/body/document/type/sequence/filename/description/text/div[42],"The company updated its reported diluted earnings per share guidance for fiscal year 2017 to be in the range of $2.12 to $2.20. Excluding the benefit from insurance proceeds related to the Fishkill fire of about $0.10, the company expects its adjusted diluted earnings per share to be in the range of $2.02 to $2.10. Please see the reconciliation of adjusted diluted earnings per share, a non-GAAP financial measure, from the GAAP financial measure in the table at the end of this press release.",EPS,FY2017,UNSPECIFIED,NOT_APPLICABLE,USD_PER_SHARE,2.12,2.2,2.16,112,CURRENT_CANDIDATE,CURRENT_GUIDANCE_RANGE,V3_RANGE_BOUND_NOT_SOURCE_REVIEWED,8d1edb8214ed49800b329bb4072ec1b2ccfd503a3eeb57546c42e3c664bbff71
GAP,0000039911,0000039911-17-000113,2017-08-17T20:20:37.000Z,q22017eprexhibit991.htm,https://www.sec.gov/Archives/edgar/data/39911/000003991117000113/q22017eprexhibit991.htm,62aaa49e4ac6f93d37ed88054652d0a209fb3e8c52bf31554e601ac6706a3c01,HTML_DIV,/html/body/document/type/sequence/filename/description/text/div[42],"The company updated its reported diluted earnings per share guidance for fiscal year 2017 to be in the range of $2.12 to $2.20. Excluding the benefit from insurance proceeds related to the Fishkill fire of about $0.10, the company expects its adjusted diluted earnings per share to be in the range of $2.02 to $2.10. Please see the reconciliation of adjusted diluted earnings per share, a non-GAAP financial measure, from the GAAP financial measure in the table at the end of this press release.",EPS,FY2017,NON_GAAP,NOT_APPLICABLE,USD_PER_SHARE,2.02,2.1,2.06,301,CURRENT_CANDIDATE,CURRENT_GUIDANCE_RANGE,V3_RANGE_BOUND_NOT_SOURCE_REVIEWED,5912b844fb94f0c45f7816d3c5555f27550e43fdc18cef358105dbe22b0fc29b
LEG,0000058492,0001193125-17-277861,2017-09-06T20:30:35.000Z,d395673dex991.htm,https://www.sec.gov/Archives/edgar/data/58492/000119312517277861/d395673dex991.htm,f06a8f5838f95c74e3aeb1f51426f1f8df41d87227a68e2b48543de46cf4c836,HTML_P,/html/body/document/type/sequence/filename/description/text/p[10],"Diversified manufacturer
Leggett & Platt reduced its full-year 2017 EPS guidance to a range of $2.44 - 2.54. This guidance includes a $.04 EPS benefit from the recent sale of a Commercial Vehicle Products (CVP)
operation, as discussed below.",EPS,FY2017,UNSPECIFIED,NOT_APPLICABLE,USD_PER_SHARE,2.44,2.54,2.49,95,CURRENT_CANDIDATE,CURRENT_GUIDANCE_RANGE,V3_RANGE_BOUND_NOT_SOURCE_REVIEWED,9d35d4c5947c022e61b95dcf6b250520d006cb530b5cea001a029a0bfdc43cd3
KDP,0001418135,0001418135-17-000045,2017-10-25T11:05:49.000Z,dps-ex991_093017.htm,https://www.sec.gov/Archives/edgar/data/1418135/000141813517000045/dps-ex991_093017.htm,fa51b603390a4a6ba7f36ae79a7be2cc46bcc09a260d63eae3fb3f0271e65f96,HTML_DIV,/html/body/document/type/sequence/filename/description/text/div[7],Company now expects full year 2017 Core EPS guidance in the $4.50 - $4.57 range.,EPS,FY2017,NON_GAAP,NOT_APPLICABLE,USD_PER_SHARE,4.5,4.57,4.535,60,CURRENT_CANDIDATE,CURRENT_GUIDANCE_RANGE,V3_RANGE_BOUND_NOT_SOURCE_REVIEWED,8a341ff7ba927ce2364a21f35af3b38ffe817bf9512660e5be491ba0d93b2c55
FBIN,0001519751,0001157523-17-002786,2017-10-25T20:05:56.000Z,a51704518ex99_1.htm,https://www.sec.gov/Archives/edgar/data/1519751/000115752317002786/a51704518ex99_1.htm,6e4a3afbfbacb4a12ee2654ff185a882b5cb9026aec1524347f0b3744e8b4c65,HTML_LI,/html/body/document/type/sequence/filename/description/text/ul[1]/li[4],"Company
 narrows full-year 2017 EPS before charges/gains outlook to $3.05 -
 $3.10 on sales growth of 6 – 7 percent",EPS,FY2017,UNSPECIFIED,NOT_APPLICABLE,USD_PER_SHARE,3.05,3.1,3.075,68,CURRENT_CANDIDATE,CURRENT_GUIDANCE_RANGE,V3_RANGE_BOUND_NOT_SOURCE_REVIEWED,ea0bb34a98754c2d54c26fdc4a20956fba78aaa93e16ae2360f1848c351f7c7a
PODD,0001145197,0001157523-17-002987,2017-11-02T20:08:33.000Z,a51710026ex99_1.htm,https://www.sec.gov/Archives/edgar/data/1145197/000115752317002987/a51710026ex99_1.htm,a96f3f756a4cd65a21f8bf0f7f3bbaa50611b6e76bb4b7ea4cb752751af44bbf,HTML_P,/html/body/document/type/sequence/filename/description/text/p[4],"Insulet
 Raises Full Year 2017 Revenue Guidance to a Range of $456 to $459
 million, Up from $440 to $450 Million, Representing Growth of 25% at
 Mid-Point",REVENUE,FY2017,UNSPECIFIED,NOT_APPLICABLE,USD,456000000,459000000,457500000,62,CURRENT_CANDIDATE,CURRENT_GUIDANCE_RANGE,V3_RANGE_BOUND_NOT_SOURCE_REVIEWED,3baebaab74e8d251ad12474cf3d932258530afbad10729498ead0decac23ba16
BIO,0000012208,0000012208-17-000054,2017-11-02T21:08:55.000Z,bio-8k1122017xex991.htm,https://www.sec.gov/Archives/edgar/data/12208/000001220817000054/bio-8k1122017xex991.htm,b2d8db82ab7787ed32ce33c92b1fe8b8bc78653f0b68bd5c65b1656180e38a87,HTML_DIV,/html/body/document/type/sequence/filename/description/text/div[42],"For the fourth quarter 2017, the Company anticipates net sales to be between $615 to $625 million, which includes sales from the recently acquired RainDance Technologies, and assumes using current foreign exchange rates. Consolidated gross margin for the fourth quarter is anticipated to be between 54.5 and 55.0 percent which is in line with the year-to-date results. Based on this outlook, the operating margin for the fourth quarter 2017 is anticipated to be between 9.5 to 10.5 percent of sales.",MARGIN,Q4-2017,UNSPECIFIED,NOT_APPLICABLE,PERCENT,9.5,10.5,10,469,CURRENT_CANDIDATE,CURRENT_GUIDANCE_RANGE,V3_RANGE_BOUND_NOT_SOURCE_REVIEWED,e90cc1ea6631bca3740f5064b47fa167f0cc0fe29a808011b30bafb0547ef68a
ENPH,0001463101,0001463101-17-000107,2017-11-07T21:10:50.000Z,a2017q38-kexx991pressrelea.htm,https://www.sec.gov/Archives/edgar/data/1463101/000146310117000107/a2017q38-kexx991pressrelea.htm,bb3eb0502f2d4924190c4048ad50434cfa7b48a5845ceeba84372b9e7428bb31,HTML_DIV,/html/body/document/type/sequence/filename/description/text/div[14],"“We expect our revenue for the fourth quarter of 2017 to be within a range of $72 million to $80 million,” stated Bert Garcia. “We expect GAAP and non-GAAP gross margin for the fourth quarter to be within a range of 21.5 percent to 24.5 percent. Non-GAAP gross margin excludes approximately $300,000 of stock-based compensation expense. We expect our GAAP operating expense for the fourth quarter to be within a range of $19.5 million to $21.5 million and non-GAAP operating expense to be within a range of $16 million to $18 million, excluding an estimated $1.4 million of stock-based compensation expense and approximately $2.1 million of additional restructuring expense.”",REVENUE,Q4-2017,UNSPECIFIED,NOT_APPLICABLE,USD,72000000,80000000,76000000,78,CURRENT_CANDIDATE,CURRENT_GUIDANCE_RANGE,V3_RANGE_BOUND_NOT_SOURCE_REVIEWED,a3a5ab0ea26246cf5b140ad491c610b5082f2971001880d52d8831e05f18c35d
GAP,0000039911,0000039911-17-000149,2017-11-16T21:33:47.000Z,q32017eprexhibit991.htm,https://www.sec.gov/Archives/edgar/data/39911/000003991117000149/q32017eprexhibit991.htm,cc34519533a095b648da4762e4069c2e4451dddcb2c56b06855f02e1dad06948,HTML_DIV,/html/body/document/type/sequence/filename/description/text/div[34],"The company raised its reported diluted earnings per share guidance for fiscal year 2017 to be in the range of $2.18 to $2.22. Adjusted to exclude the second quarter benefit from insurance proceeds related to the Fishkill fire of about $0.10, the company now expects adjusted diluted earnings per share to be in the range of $2.08 to $2.12. Please see the reconciliation of adjusted diluted earnings per share, a non-GAAP financial measure, from the GAAP financial measure in the table at the end of this press release.",EPS,FY2017,UNSPECIFIED,NOT_APPLICABLE,USD_PER_SHARE,2.18,2.22,2.2,111,CURRENT_CANDIDATE,CURRENT_GUIDANCE_RANGE,V3_RANGE_BOUND_NOT_SOURCE_REVIEWED,a1054e4d27082b76227ee9292544c900fc749a921cfc089186c0b2e8d35dd42b
GAP,0000039911,0000039911-17-000149,2017-11-16T21:33:47.000Z,q32017eprexhibit991.htm,https://www.sec.gov/Archives/edgar/data/39911/000003991117000149/q32017eprexhibit991.htm,cc34519533a095b648da4762e4069c2e4451dddcb2c56b06855f02e1dad06948,HTML_DIV,/html/body/document/type/sequence/filename/description/text/div[34],"The company raised its reported diluted earnings per share guidance for fiscal year 2017 to be in the range of $2.18 to $2.22. Adjusted to exclude the second quarter benefit from insurance proceeds related to the Fishkill fire of about $0.10, the company now expects adjusted diluted earnings per share to be in the range of $2.08 to $2.12. Please see the reconciliation of adjusted diluted earnings per share, a non-GAAP financial measure, from the GAAP financial measure in the table at the end of this press release.",EPS,FY2017,NON_GAAP,NOT_APPLICABLE,USD_PER_SHARE,2.08,2.12,2.1,325,CURRENT_CANDIDATE,CURRENT_GUIDANCE_RANGE,V3_RANGE_BOUND_NOT_SOURCE_REVIEWED,9fa147e78cdd9b287265df6ad16e740e549061feaaa0f87199063625fc8eb773
LULU,0001397187,0001397187-17-000047,2017-12-06T21:10:34.000Z,lulu-20171029xex991.htm,https://www.sec.gov/Archives/edgar/data/1397187/000139718717000047/lulu-20171029xex991.htm,adac5f638f7d1798a6f2ff27a600fec4a9a4b732bb49b60ba39d26df3cfb9204,HTML_DIV,/html/body/document/type/sequence/filename/description/text/div[23],"For the fourth quarter of fiscal 2017, we expect net revenue to be in the range of $870 million to $885 million based on a total comparable sales increase in the mid-single digits on a constant dollar basis. Diluted earnings per share are expected to be in the range of $1.18 to $1.21 for the quarter. Excluding the impact of the ivivva restructuring, we expect adjusted diluted earnings per share to be in the range of $1.19 to $1.22 for the quarter. This guidance assumes 135.6 million diluted weighted-average shares outstanding and a 30.4% tax rate. The guidance does not reflect potential future repurchases of the Company's shares.",REVENUE,Q4-2017,UNSPECIFIED,NOT_APPLICABLE,USD,870000000,885000000,877500000,83,CURRENT_CANDIDATE,CURRENT_GUIDANCE_RANGE,V3_RANGE_BOUND_NOT_SOURCE_REVIEWED,0b09b99e22107d65fffe5d65da2996c9380febe618a384074fd00ac5d656ef1c
NWL,0000814453,0001193125-18-019094,2018-01-25T13:48:33.000Z,d527726dex991.htm,https://www.sec.gov/Archives/edgar/data/814453/000119312518019094/d527726dex991.htm,dc0d08af19913b5105e4a1c49485372b8ad0ec9bc292e3b607fa9043eef3c9a3,HTML_P,/html/body/document/type/sequence/filename/description/text/p[24],"The company’s initial guidance for 2018 assumes continued ownership of all assets for the entire calendar year. The
Company expects to achieve market share growth in its core categories and geographies in 2018, with core sales growth despite continued retailer inventory reductions. Normalized earnings per share for 2018 is expected to be approximately $2.65 to
$2.85, which includes the negative impact of an approximately $135 million replenishment of management and sales bonuses that were not earned in 2017, and assumes a tax rate of 20% to 21% after the benefits from U.S. tax reform. Operating cash
flow is expected to be $1.15 billion to $1.45 billion, excluding the impact of any potential divestitures.",EPS,FY2018,UNSPECIFIED,NOT_APPLICABLE,USD_PER_SHARE,2.65,2.85,2.75,354,CURRENT_CANDIDATE,CURRENT_GUIDANCE_RANGE,V3_RANGE_BOUND_NOT_SOURCE_REVIEWED,c3535ff03accba313c5ee0e52185589aa4e57d4c3cf800d46ffc4b55a8bc9a95
CSGP,0001057352,0001057352-18-000008,2018-02-21T21:31:34.000Z,q42017earningsreleasefebru.htm,https://www.sec.gov/Archives/edgar/data/1057352/000105735218000008/q42017earningsreleasefebru.htm,94b656f74c5c947c5d3f20fc9606e7bd4d704bec43f4578b563c830379f91276,HTML_DIV,/html/body/document/type/sequence/filename/description/text/div[42],"We expect revenue for the first quarter of 2018 in the range of $269 million to $272 million, representing revenue growth of 19% over the first quarter of 2017 at the midpoint of the range. Our revenue outlook for the first quarter of 2018 includes an assumption of $7 million to $8 million of revenue from For Rent, which is approximately one month of revenue.",REVENUE,Q1-2018,UNSPECIFIED,NOT_APPLICABLE,USD,269000000,272000000,270500000,64,CURRENT_CANDIDATE,CURRENT_GUIDANCE_RANGE,V3_RANGE_BOUND_NOT_SOURCE_REVIEWED,706cedb3c88563a663cfc175bd2feac3112a994f994d89ba5e0502de5252d1c1
GAP,0000039911,0000039911-18-000017,2018-03-01T21:34:46.000Z,q42017eprexhibit991.htm,https://www.sec.gov/Archives/edgar/data/39911/000003991118000017/q42017eprexhibit991.htm,98dc6af9180a44fa53507bf991d4fead16084deab0e9426982c3af2254216b7d,HTML_DIV,/html/body/document/type/sequence/filename/description/text/div[78],"Earnings per Share: For fiscal year 2018, the company expects diluted earnings per share to be in the range of $2.55 to $2.70 and comparable sales for fiscal year 2018 are expected to be flat to up slightly.",EPS,FY2018,UNSPECIFIED,NOT_APPLICABLE,USD_PER_SHARE,2.55,2.7,2.625,111,CURRENT_CANDIDATE,CURRENT_GUIDANCE_RANGE,V3_RANGE_BOUND_NOT_SOURCE_REVIEWED,4059873229ed302ab356a104b939f36bfbf1e13c24352831763a129abb26f717
CSGP,0001057352,0001057352-18-000059,2018-04-23T20:05:38.000Z,q12018earningspressrelease.htm,https://www.sec.gov/Archives/edgar/data/1057352/000105735218000059/q12018earningspressrelease.htm,2b752b331e8894650963ffd067233e0bc14bdfe780be01f6aced25f80d3387cc,HTML_DIV,/html/body/document/type/sequence/filename/description/text/div[31],"The Company expects revenue in the range of $1.174 billion to $1.190 billion for the full year of 2018, an increase to the prior midpoint of $2 million and reflecting revenue growth of 22% at the midpoint of the range. We expect revenue for the second quarter of 2018 in the range of $292 million to $295 million, representing revenue growth of 24% over the second quarter of 2017 at the midpoint of the range.",REVENUE,Q2-2018,UNSPECIFIED,NOT_APPLICABLE,USD,292000000,295000000,293500000,284,CURRENT_CANDIDATE,CURRENT_GUIDANCE_RANGE,V3_RANGE_BOUND_NOT_SOURCE_REVIEWED,9f65b12d8e2ecc7bdfc03850092908030bb6e8a792894d898933f7120702176b
GAP,0000039911,0000039911-18-000085,2018-05-24T20:23:29.000Z,q12018eprexhibit991.htm,https://www.sec.gov/Archives/edgar/data/39911/000003991118000085/q12018eprexhibit991.htm,5da2fe9eca1dced1b6669cca48738187e96a63437e9a977635aeee32a9cb36fd,HTML_DIV,/html/body/document/type/sequence/filename/description/text/div[13],"SAN FRANCISCO - May 24, 2018 - Gap Inc. (NYSE: GPS) today reported first quarter fiscal year 2018 diluted earnings per share of $0.42 compared with diluted earnings per share of $0.36 in the first quarter of fiscal year 2017. The company also affirmed its full-year diluted earnings per share guidance to be in the range of $2.55 to $2.70.",EPS,FY2017,UNSPECIFIED,NOT_APPLICABLE,USD_PER_SHARE,2.55,2.7,2.625,324,CURRENT_CANDIDATE,CURRENT_GUIDANCE_RANGE,V3_RANGE_BOUND_NOT_SOURCE_REVIEWED,3dd1d8330d0b2afdbba3e822356596afad8be7c2297e797ba76bce82463fdbbc
CSGP,0001057352,0001057352-18-000079,2018-07-24T20:07:11.000Z,q22018earningspressrelease.htm,https://www.sec.gov/Archives/edgar/data/1057352/000105735218000079/q22018earningspressrelease.htm,26f544be8285516773e168d17ab00daa097f13abc3b825b69d9c860572b29ff2,HTML_DIV,/html/body/document/type/sequence/filename/description/text/div[31],"The Company expects revenue in the range of $1.180 billion to $1.192 billion for the full year of 2018, an increase of $4 million to the prior midpoint and reflecting revenue growth of 23% at the midpoint of the range. We expect revenue for the third quarter of 2018 in the range of $304 million to $307 million, representing revenue growth of 23% over the third quarter of 2017 at the midpoint of the range.",REVENUE,Q3-2018,UNSPECIFIED,NOT_APPLICABLE,USD,304000000,307000000,305500000,283,CURRENT_CANDIDATE,CURRENT_GUIDANCE_RANGE,V3_RANGE_BOUND_NOT_SOURCE_REVIEWED,aafc77510c2b2c8f581c314504bf1e0a2b46a9202fee8e44587d71fa6a2093e7
LULU,0001397187,0001397187-18-000046,2018-08-30T20:10:51.000Z,lulu-20180729xex991.htm,https://www.sec.gov/Archives/edgar/data/1397187/000139718718000046/lulu-20180729xex991.htm,50fe24307bc85cd4225b9fca6cccc8e12c3113e56a485b8695ba79073cbbcaea,HTML_DIV,/html/body/document/type/sequence/filename/description/text/div[21],"For the third quarter of fiscal 2018, we expect net revenue to be in the range of $720 million to $730 million based on a total comparable sales increase in the low teens on a constant dollar basis. Diluted earnings per share are expected to be in the range of $0.65 to $0.67 for the quarter. This guidance assumes 133.0 million diluted weighted-average shares outstanding and a 30% tax rate. The guidance does not reflect potential future repurchases of the Company's shares or any adjustments which may be recognized in connection with the U.S tax reform.",REVENUE,Q3-2018,UNSPECIFIED,NOT_APPLICABLE,USD,720000000,730000000,725000000,82,CURRENT_CANDIDATE,CURRENT_GUIDANCE_RANGE,V3_RANGE_BOUND_NOT_SOURCE_REVIEWED,cb6d2163b262953367eb496a2588f94a18cabea5f7eb5a290961fe9600912bde
CSGP,0001057352,0001057352-18-000113,2018-10-23T20:13:27.000Z,q32018earningspressrelease.htm,https://www.sec.gov/Archives/edgar/data/1057352/000105735218000113/q32018earningspressrelease.htm,9facacb819a7a1fecde6843db2bff7e8ece5995034289affabc331a39330b1ae,HTML_DIV,/html/body/document/type/sequence/filename/description/text/div[37],"The Company expects revenue in the range of $1.183 billion to $1.189 billion for the full year of 2018, reflecting revenue growth of 23% over full year 2017. We expect revenue for the fourth quarter of 2018 in the range of $307 million to $313 million, representing revenue growth of 22% over the fourth quarter of 2017 at the midpoint of the range.",REVENUE,FY2017,UNSPECIFIED,NOT_APPLICABLE,USD,307000000,313000000,310000000,223,CURRENT_CANDIDATE,CURRENT_GUIDANCE_RANGE,V3_RANGE_BOUND_NOT_SOURCE_REVIEWED,c8db9aa5eb3c44c4438618135a8612170968a88eccbd5f1bb696f642512ca74e
SMCI,0001375365,0001628280-18-014419,2018-11-15T21:53:25.000Z,exhibit991_20181115x202.htm,https://www.sec.gov/Archives/edgar/data/1375365/000162828018014419/exhibit991_20181115x202.htm,433cd1643b979de75abc9134318e73b93d02e8b4f0c2d073bd5f368aceba1afc,HTML_DIV,/html/body/document/type/sequence/filename/description/text/div[19],GAAP gross margin for the fiscal first quarter of 2019 that the Company expects to report is in the range of 13.2% to 13.4% and GAAP fully diluted earnings per share is in the range of $0.35 to $0.39.,EPS,Q1-2019,GAAP,NOT_APPLICABLE,USD_PER_SHARE,0.35,0.39,0.37,185,CURRENT_CANDIDATE,CURRENT_GUIDANCE_RANGE,V3_RANGE_BOUND_NOT_SOURCE_REVIEWED,97cba1ec01992a2d7b1925974b4582f809b6ae8e229c65e09cdcfe44d1f82b2b
GAP,0000039911,0000039911-18-000152,2018-11-20T21:23:05.000Z,q32018eprexhibit991.htm,https://www.sec.gov/Archives/edgar/data/39911/000003991118000152/q32018eprexhibit991.htm,afb91b421d2878dcbbfb8ba77ae8b059f140c2f6a08ead5c9308ed7816b59c2a,HTML_DIV,/html/body/document/type/sequence/filename/description/text/div[61],"The company updated its diluted earnings per share guidance for fiscal year 2018 to be in the range of $2.55 to $2.60, which incorporates the benefit of an expected fiscal year 2018 effective tax rate of 25% compared with previous guidance of an effective tax rate of 26%.",EPS,FY2018,UNSPECIFIED,NOT_APPLICABLE,USD_PER_SHARE,2.55,2.6,2.575,103,CURRENT_CANDIDATE,CURRENT_GUIDANCE_RANGE,V3_RANGE_BOUND_NOT_SOURCE_REVIEWED,759979fdb5b9b4148a102f25752ee647972c1248bebf74ba1cd9f064eae1e138
LULU,0001397187,0001397187-18-000052,2018-12-06T21:10:34.000Z,lulu-20181028xex991.htm,https://www.sec.gov/Archives/edgar/data/1397187/000139718718000052/lulu-20181028xex991.htm,b85e1afd2d524c9724f54cad34cf7c6940ffe3a5f35aa10a2152794cbdb5be8a,HTML_DIV,/html/body/document/type/sequence/filename/description/text/div[20],"For the fourth quarter of fiscal 2018, we expect net revenue to be in the range of $1.115 billion to $1.125 billion based on a total comparable sales increase in the high-single to low-double digits on a constant dollar basis. Diluted earnings per share are expected to be in the range of $1.64 to $1.67 for the quarter. This guidance assumes 133.0 million diluted weighted-average shares outstanding and a 30% tax rate. The guidance does not reflect potential future repurchases of the Company's shares or any adjustments which may be recognized in connection with the U.S tax reform.",REVENUE,Q4-2018,UNSPECIFIED,NOT_APPLICABLE,USD,1115000000,1125000000,1120000000,83,CURRENT_CANDIDATE,CURRENT_GUIDANCE_RANGE,V3_RANGE_BOUND_NOT_SOURCE_REVIEWED,9de80987269b183a7bd351c9890545b00a4bd7b34648dd497e261737d1dd3a02
SMCI,0001375365,0001375365-19-000006,2019-02-14T21:24:20.000Z,exhibit991_20190214x202.htm,https://www.sec.gov/Archives/edgar/data/1375365/000137536519000006/exhibit991_20190214x202.htm,120d903effd2c692dc9ab1fd0122f77f42bce35c777aac41e29e35c799d94b01,HTML_DIV,/html/body/document/type/sequence/filename/description/text/div[23],GAAP gross margin for the fiscal second quarter of 2019 that the Company expects to report is in the range of 13.9% to 14.1% and GAAP fully diluted earnings per share is in the range of $0.25 to $0.30.,EPS,Q2-2019,GAAP,NOT_APPLICABLE,USD_PER_SHARE,0.25,0.3,0.275,186,CURRENT_CANDIDATE,CURRENT_GUIDANCE_RANGE,V3_RANGE_BOUND_NOT_SOURCE_REVIEWED,743cc46e190baed9b083c48b952074ca19e39e75d560dfab9d94e3e277ecf58c
CSGP,0001057352,0001057352-19-000015,2019-02-26T21:06:03.000Z,q42018earningspressrelease.htm,https://www.sec.gov/Archives/edgar/data/1057352/000105735219000015/q42018earningspressrelease.htm,4e57f901ae369e8c996d6dd7356e78e7c698ee816a3316f58a171243801cdbdb,HTML_DIV,/html/body/document/type/sequence/filename/description/text/div[38],"The Company expects revenue in the range of $1,370 billion to $1,380 billion for the full year of 2019, representing growth of 15% to 16%. We expect revenue for the first quarter of 2019 in the range of $325 million to $329 million, representing revenue growth of 19% over the first quarter of 2018 at the midpoint of the range.",REVENUE,Q1-2019,UNSPECIFIED,NOT_APPLICABLE,USD,325000000,329000000,327000000,203,CURRENT_CANDIDATE,CURRENT_GUIDANCE_RANGE,V3_RANGE_BOUND_NOT_SOURCE_REVIEWED,198b8a90cc4ffbed1dc0d6d760f63cbe6b7cf6f8f62fa919f0aae92629d50a73
LULU,0001397187,0001397187-19-000010,2019-03-27T20:10:54.000Z,lulu-20190203xex991.htm,https://www.sec.gov/Archives/edgar/data/1397187/000139718719000010/lulu-20190203xex991.htm,4418ac03eeb2ae052aa2589d6f3d1d38af97f5d3316b2e2bd84f18c234717172,HTML_DIV,/html/body/document/type/sequence/filename/description/text/div[23],"For the first quarter of fiscal 2019, we expect net revenue to be in the range of $740 million to $750 million based on a total comparable sales increase in the low-double digits on a constant dollar basis. Diluted earnings per share are expected to be in the range of $0.68 to $0.70 for the quarter. This guidance assumes 132 million diluted weighted-average shares outstanding and a 28% tax rate. The guidance does not reflect potential future repurchases of the Company's shares.",REVENUE,Q1-2019,UNSPECIFIED,NOT_APPLICABLE,USD,740000000,750000000,745000000,82,CURRENT_CANDIDATE,CURRENT_GUIDANCE_RANGE,V3_RANGE_BOUND_NOT_SOURCE_REVIEWED,207cfe78de86507975292db2713cdc21ed28601f6244f744617dde3a6faa4b20
CSGP,0001057352,0001057352-19-000048,2019-04-23T20:04:51.000Z,q12019earningspressrelease.htm,https://www.sec.gov/Archives/edgar/data/1057352/000105735219000048/q12019earningspressrelease.htm,467fac440270d7c4d7236672911e165e04890dc81582c3d337cb01eb0c8e8bcb,HTML_DIV,/html/body/document/type/sequence/filename/description/text/div[34],"The Company continues to expect revenue in the range of $1,370 million to $1,380 million for the full year of 2019. We expect revenue for the second quarter of 2019 in the range of $333 million to $337 million, representing revenue growth of 13% over the second quarter of 2018 at the midpoint of the range. The revenue growth outlook in the second quarter of 2019 is lower than the reported first quarter revenue growth rate as we passed the anniversary of the ForRent acquisition and discontinued certain ForRent revenue streams that contributed to the 2018 revenue results.",REVENUE,Q2-2019,UNSPECIFIED,NOT_APPLICABLE,USD,333000000,337000000,335000000,181,CURRENT_CANDIDATE,CURRENT_GUIDANCE_RANGE,V3_RANGE_BOUND_NOT_SOURCE_REVIEWED,c6adcba0eb0fdfd2c7e7433793c4c08c4439b187b4f43d41d763276dff0a1e3d
SMCI,0001375365,0001375365-19-000041,2019-05-17T01:26:34.000Z,exhibit991_20190516x202.htm,https://www.sec.gov/Archives/edgar/data/1375365/000137536519000041/exhibit991_20190516x202.htm,4b82a707ec52b68ad907f2c51c5cf8f1e755c0401cc2f02e0b9d9fb1b7822068,HTML_DIV,/html/body/document/type/sequence/filename/description/text/div[23],GAAP gross margin for the fiscal third quarter of 2019 that the Company expects to report is in the range of 15.5% to 15.7% and GAAP fully diluted earnings per share is in the range of $0.22 to $0.26.,EPS,Q3-2019,GAAP,NOT_APPLICABLE,USD_PER_SHARE,0.22,0.26,0.24,185,CURRENT_CANDIDATE,CURRENT_GUIDANCE_RANGE,V3_RANGE_BOUND_NOT_SOURCE_REVIEWED,68474e04c3a29108f538f4374ebe8a61147c07ee1234b226081e59e20fa1e32e
LULU,0001397187,0001397187-19-000043,2019-06-12T20:11:32.000Z,lulu-20190505xex991.htm,https://www.sec.gov/Archives/edgar/data/1397187/000139718719000043/lulu-20190505xex991.htm,26be473a1ef55289b7842088739fa0db1f917967da6327e2f9490494c970aa62,HTML_DIV,/html/body/document/type/sequence/filename/description/text/div[14],"For the second quarter of fiscal 2019, we expect net revenue to be in the range of $825 million to $835 million based on a total comparable sales increase in the low double digits on a constant dollar basis. Diluted earnings per share are expected to be in the range of $0.86 to $0.88 for the quarter. This guidance assumes 131 million diluted weighted-average shares outstanding and a 28% tax rate. The guidance does not reflect potential future repurchases of the Company's shares.",REVENUE,Q2-2019,UNSPECIFIED,NOT_APPLICABLE,USD,825000000,835000000,830000000,83,CURRENT_CANDIDATE,CURRENT_GUIDANCE_RANGE,V3_RANGE_BOUND_NOT_SOURCE_REVIEWED,2344813b409d68736e377d80724d1fb59f046e6ea4814f24c4db24551e9c9bd7
CSGP,0001057352,0001057352-19-000063,2019-07-23T20:06:00.000Z,q22019earningspressrelease.htm,https://www.sec.gov/Archives/edgar/data/1057352/000105735219000063/q22019earningspressrelease.htm,a61f510c0e31cfe73fdfb1d82f5d1fb0da1fd11f35bb6002bd8751f6f758ded1,HTML_DIV,/html/body/document/type/sequence/filename/description/text/div[33],"The Company is raising its revenue guidance to a range of $1.382 billion to $1.390 billion for the full year of 2019, an increase of $11 million at the midpoint of the range compared to the prior outlook. We expect revenue for the third quarter of 2019 in the range of $350 million to $354 million, representing revenue growth of 15% over the third quarter of 2018 at the midpoint of the range.",REVENUE,Q3-2019,UNSPECIFIED,NOT_APPLICABLE,USD,350000000,354000000,352000000,269,CURRENT_CANDIDATE,CURRENT_GUIDANCE_RANGE,V3_RANGE_BOUND_NOT_SOURCE_REVIEWED,68515dbd3408d886d92f6fdc1b24f097b310ec79e9336d122905b5687f397bb7
FMC,0000037785,0000037785-19-000087,2019-07-30T20:52:37.000Z,fmcex991063019.htm,https://www.sec.gov/Archives/edgar/data/37785/000003778519000087/fmcex991063019.htm,520cf1ef15ab46819fbcf983d59157f186c4ca1d6377740cbe705fe4e6880662,HTML_DIV,/html/body/document/type/sequence/filename/description/text/div[31],"FMC is maintaining its guidance for full-year 2019 revenue in the range of $4.5 billion to $4.6 billion, an increase of 6 percent at the midpoint versus recast 2018. Total company adjusted EBITDA is still expected to be in the range of $1.18 billion to $1.22 billion, an increase of 8 percent at the midpoint compared to recast 2018. FMC is raising 2019 adjusted earnings guidance to a range of $5.68 to $5.88 per diluted share, an increase of 10 percent at the midpoint compared to recast 2018 and assuming weighted average diluted shares outstanding (WADSO) of approximately 131.5 million to 132.0 million for the full year. EPS estimates include the impact of $200 million in share repurchases completed in the first half of 2019, as well as an additional $200 million in share repurchases expected in the second half of 2019. FMC expects total share repurchases of between $400 and $500 million in 2019 but is reflecting the lower end of this range in its guidance.",REVENUE,FY2019,UNSPECIFIED,NOT_APPLICABLE,USD,4500000000,4600000000,4550000000,75,CURRENT_CANDIDATE,CURRENT_GUIDANCE_RANGE,V3_RANGE_BOUND_NOT_SOURCE_REVIEWED,d034aca3673958da90445933472732ae764c671c7ee06e8dd4d09b56f45d6518
GAP,0000039911,0000039911-19-000105,2019-08-22T20:18:40.000Z,q22019eprexhibit991.htm,https://www.sec.gov/Archives/edgar/data/39911/000003991119000105/q22019eprexhibit991.htm,dc611ff009df0c6a973100bdaee4dde8d5f68cf81035a4563cebfda8e91d5487,HTML_DIV,/html/body/document/type/sequence/filename/description/text/div[43],The company updated its reported diluted earnings per share guidance for fiscal year 2019 to be in the range of $1.88 to $2.08. The company affirmed its fiscal year 2019 adjusted diluted earnings per share guidance range of $2.05 to $2.15.,EPS,FY2019,UNSPECIFIED,NOT_APPLICABLE,USD_PER_SHARE,1.88,2.08,1.98,112,CURRENT_CANDIDATE,CURRENT_GUIDANCE_RANGE,V3_RANGE_BOUND_NOT_SOURCE_REVIEWED,17bbb34851d0535f234d615c70c666a87dec54ec22cdc3c29f0e8d23baa52273
GAP,0000039911,0000039911-19-000105,2019-08-22T20:18:40.000Z,q22019eprexhibit991.htm,https://www.sec.gov/Archives/edgar/data/39911/000003991119000105/q22019eprexhibit991.htm,dc611ff009df0c6a973100bdaee4dde8d5f68cf81035a4563cebfda8e91d5487,HTML_DIV,/html/body/document/type/sequence/filename/description/text/div[43],The company updated its reported diluted earnings per share guidance for fiscal year 2019 to be in the range of $1.88 to $2.08. The company affirmed its fiscal year 2019 adjusted diluted earnings per share guidance range of $2.05 to $2.15.,EPS,FY2019,NON_GAAP,NOT_APPLICABLE,USD_PER_SHARE,2.05,2.15,2.1,224,CURRENT_CANDIDATE,CURRENT_GUIDANCE_RANGE,V3_RANGE_BOUND_NOT_SOURCE_REVIEWED,7e50b0538f692e0fec3e6de54de9774ffc4b8594347bec2eb911692f5716ffb8
CSGP,0001057352,0001057352-19-000092,2019-10-22T20:10:27.000Z,q32019earningspressrel.htm,https://www.sec.gov/Archives/edgar/data/1057352/000105735219000092/q32019earningspressrel.htm,e72cecfe0ce51a8ad1afa072543c783996e7714e9d2c672ed3448a5650cf6cb7,HTML_DIV,/html/body/document/type/sequence/filename/description/text/div[37],"The Company is increasing revenue guidance to a range of $1.385 billion to $1.391 billion for the full year of 2019, an increase of $2 million at the midpoint of the range compared to the prior outlook. We expect revenue for the fourth quarter of 2019 in the range of $360 million to $366 million, representing revenue growth of 15% over the fourth quarter of 2018 at the midpoint of the range.",REVENUE,Q4-2019,UNSPECIFIED,NOT_APPLICABLE,USD,360000000,366000000,363000000,268,CURRENT_CANDIDATE,CURRENT_GUIDANCE_RANGE,V3_RANGE_BOUND_NOT_SOURCE_REVIEWED,c5730eed72676cd407271eda21b572d3b39ea964585315d07e8b09cb349a4530
TRMB,0000864749,0000864749-19-000147,2019-10-30T20:25:22.000Z,a2019q3-8kex991.htm,https://www.sec.gov/Archives/edgar/data/864749/000086474919000147/a2019q3-8kex991.htm,c2d6d07ae62a9f56d6f83e4814ea1111bd9d9dd80374b622fd1c12f2777767f0,HTML_DIV,/html/body/document/type/sequence/filename/description/text/div[21],"For the fourth quarter of 2019, Trimble expects to report GAAP revenue between $768 million and $798 million and GAAP earnings per share of $0.20 to $0.24, and non-GAAP revenue between $770 million and $800 million and non-GAAP earnings per share of $0.46 to $0.50. GAAP guidance assumes a tax rate of 19 percent and non-GAAP guidance assumes a tax rate of 19 percent. Both GAAP and non-GAAP earnings per share assume approximately 252 million shares outstanding. For the fiscal year of 2019, Trimble expects to report GAAP revenue between $3.209 billion and $3.239 billion and GAAP earnings per share of $1.08 to $1.13, and non-GAAP revenue between $3.215 billion and $3.245 billion and non-GAAP earnings per share of $1.91 to $1.95. GAAP guidance assumes a tax rate of 14 percent and non-GAAP guidance assumes a tax rate of 19.5 percent. Both GAAP and non-GAAP earnings per share assume approximately 253 million shares outstanding. A reconciliation of the non-GAAP measures to the most directly comparable GAAP measures and other information relating to these non-GAAP measures are included in the supplemental reconciliation schedule attached.",REVENUE,Q4-2019,GAAP,NOT_APPLICABLE,USD,768000000,798000000,783000000,79,CURRENT_CANDIDATE,CURRENT_GUIDANCE_RANGE,V3_RANGE_BOUND_NOT_SOURCE_REVIEWED,a612638d95ed0853817b4d95249bee1fe143a15f3f0293b6912abb3e3c380a64
TRMB,0000864749,0000864749-19-000147,2019-10-30T20:25:22.000Z,a2019q3-8kex991.htm,https://www.sec.gov/Archives/edgar/data/864749/000086474919000147/a2019q3-8kex991.htm,c2d6d07ae62a9f56d6f83e4814ea1111bd9d9dd80374b622fd1c12f2777767f0,HTML_DIV,/html/body/document/type/sequence/filename/description/text/div[21],"For the fourth quarter of 2019, Trimble expects to report GAAP revenue between $768 million and $798 million and GAAP earnings per share of $0.20 to $0.24, and non-GAAP revenue between $770 million and $800 million and non-GAAP earnings per share of $0.46 to $0.50. GAAP guidance assumes a tax rate of 19 percent and non-GAAP guidance assumes a tax rate of 19 percent. Both GAAP and non-GAAP earnings per share assume approximately 252 million shares outstanding. For the fiscal year of 2019, Trimble expects to report GAAP revenue between $3.209 billion and $3.239 billion and GAAP earnings per share of $1.08 to $1.13, and non-GAAP revenue between $3.215 billion and $3.245 billion and non-GAAP earnings per share of $1.91 to $1.95. GAAP guidance assumes a tax rate of 14 percent and non-GAAP guidance assumes a tax rate of 19.5 percent. Both GAAP and non-GAAP earnings per share assume approximately 253 million shares outstanding. A reconciliation of the non-GAAP measures to the most directly comparable GAAP measures and other information relating to these non-GAAP measures are included in the supplemental reconciliation schedule attached.",EPS,Q4-2019,GAAP,NOT_APPLICABLE,USD_PER_SHARE,0.2,0.24,0.22,140,CURRENT_CANDIDATE,CURRENT_GUIDANCE_RANGE,V3_RANGE_BOUND_NOT_SOURCE_REVIEWED,b1fdc11e292adbb1a5a3456eb71d2b18d336f49d49061683113b5debaedbea0a
TRMB,0000864749,0000864749-19-000147,2019-10-30T20:25:22.000Z,a2019q3-8kex991.htm,https://www.sec.gov/Archives/edgar/data/864749/000086474919000147/a2019q3-8kex991.htm,c2d6d07ae62a9f56d6f83e4814ea1111bd9d9dd80374b622fd1c12f2777767f0,HTML_DIV,/html/body/document/type/sequence/filename/description/text/div[21],"For the fourth quarter of 2019, Trimble expects to report GAAP revenue between $768 million and $798 million and GAAP earnings per share of $0.20 to $0.24, and non-GAAP revenue between $770 million and $800 million and non-GAAP earnings per share of $0.46 to $0.50. GAAP guidance assumes a tax rate of 19 percent and non-GAAP guidance assumes a tax rate of 19 percent. Both GAAP and non-GAAP earnings per share assume approximately 252 million shares outstanding. For the fiscal year of 2019, Trimble expects to report GAAP revenue between $3.209 billion and $3.239 billion and GAAP earnings per share of $1.08 to $1.13, and non-GAAP revenue between $3.215 billion and $3.245 billion and non-GAAP earnings per share of $1.91 to $1.95. GAAP guidance assumes a tax rate of 14 percent and non-GAAP guidance assumes a tax rate of 19.5 percent. Both GAAP and non-GAAP earnings per share assume approximately 253 million shares outstanding. A reconciliation of the non-GAAP measures to the most directly comparable GAAP measures and other information relating to these non-GAAP measures are included in the supplemental reconciliation schedule attached.",REVENUE,Q4-2019,NON_GAAP,NOT_APPLICABLE,USD,770000000,800000000,785000000,185,CURRENT_CANDIDATE,CURRENT_GUIDANCE_RANGE,V3_RANGE_BOUND_NOT_SOURCE_REVIEWED,4326b6ed441cdd41199aecdb705b50d1029a591814dc1801e853cbe04b38915d
TRMB,0000864749,0000864749-19-000147,2019-10-30T20:25:22.000Z,a2019q3-8kex991.htm,https://www.sec.gov/Archives/edgar/data/864749/000086474919000147/a2019q3-8kex991.htm,c2d6d07ae62a9f56d6f83e4814ea1111bd9d9dd80374b622fd1c12f2777767f0,HTML_DIV,/html/body/document/type/sequence/filename/description/text/div[21],"For the fourth quarter of 2019, Trimble expects to report GAAP revenue between $768 million and $798 million and GAAP earnings per share of $0.20 to $0.24, and non-GAAP revenue between $770 million and $800 million and non-GAAP earnings per share of $0.46 to $0.50. GAAP guidance assumes a tax rate of 19 percent and non-GAAP guidance assumes a tax rate of 19 percent. Both GAAP and non-GAAP earnings per share assume approximately 252 million shares outstanding. For the fiscal year of 2019, Trimble expects to report GAAP revenue between $3.209 billion and $3.239 billion and GAAP earnings per share of $1.08 to $1.13, and non-GAAP revenue between $3.215 billion and $3.245 billion and non-GAAP earnings per share of $1.91 to $1.95. GAAP guidance assumes a tax rate of 14 percent and non-GAAP guidance assumes a tax rate of 19.5 percent. Both GAAP and non-GAAP earnings per share assume approximately 253 million shares outstanding. A reconciliation of the non-GAAP measures to the most directly comparable GAAP measures and other information relating to these non-GAAP measures are included in the supplemental reconciliation schedule attached.",EPS,Q4-2019,NON_GAAP,NOT_APPLICABLE,USD_PER_SHARE,0.46,0.5,0.48,250,CURRENT_CANDIDATE,CURRENT_GUIDANCE_RANGE,V3_RANGE_BOUND_NOT_SOURCE_REVIEWED,833ca26c57bc742bfa0804bd437d62f8f8374c52b7a969f0eddb91466ea2f11c
GAP,0000039911,0000039911-19-000129,2019-11-07T21:22:49.000Z,ex991pressrelease.htm,https://www.sec.gov/Archives/edgar/data/39911/000003991119000129/ex991pressrelease.htm,140e9cdada2c1a60df192c7287c4b90740573783c48dd2cad661869a09920fdd,HTML_DIV,/html/body/document/type/sequence/filename/description/text/div[35],The company expects diluted earnings per share for the third quarter of fiscal year 2019 to be approximately $0.50 to $0.52 and adjusted diluted earnings per share to be approximately $0.34 to $0.36.,EPS,FY2019,UNSPECIFIED,NOT_APPLICABLE,USD_PER_SHARE,0.5,0.52,0.51,109,CURRENT_CANDIDATE,CURRENT_GUIDANCE_RANGE,V3_RANGE_BOUND_NOT_SOURCE_REVIEWED,418ff21d7eccaa614f121d0bea125278a8a4e73481825e388cfdeaab8af78e50
GAP,0000039911,0000039911-19-000129,2019-11-07T21:22:49.000Z,ex991pressrelease.htm,https://www.sec.gov/Archives/edgar/data/39911/000003991119000129/ex991pressrelease.htm,140e9cdada2c1a60df192c7287c4b90740573783c48dd2cad661869a09920fdd,HTML_DIV,/html/body/document/type/sequence/filename/description/text/div[35],The company expects diluted earnings per share for the third quarter of fiscal year 2019 to be approximately $0.50 to $0.52 and adjusted diluted earnings per share to be approximately $0.34 to $0.36.,EPS,FY2019,NON_GAAP,NOT_APPLICABLE,USD_PER_SHARE,0.34,0.36,0.35,184,CURRENT_CANDIDATE,CURRENT_GUIDANCE_RANGE,V3_RANGE_BOUND_NOT_SOURCE_REVIEWED,db3735a8605e81b412b7ecac6255040be3d269a645d1815b05d99f9612e98067
GAP,0000039911,0000039911-19-000129,2019-11-07T21:22:49.000Z,ex991pressrelease.htm,https://www.sec.gov/Archives/edgar/data/39911/000003991119000129/ex991pressrelease.htm,140e9cdada2c1a60df192c7287c4b90740573783c48dd2cad661869a09920fdd,HTML_DIV,/html/body/document/type/sequence/filename/description/text/div[37],The company updated its reported diluted earnings per share guidance for fiscal year 2019 to be in the range of $1.38 to $1.47 and now expects 2019 adjusted diluted earnings per share guidance range of $1.70 to $1.75 versus previous guidance of $2.05 to $2.15.,EPS,FY2019,UNSPECIFIED,NOT_APPLICABLE,USD_PER_SHARE,1.38,1.47,1.425,112,CURRENT_CANDIDATE,CURRENT_GUIDANCE_RANGE,V3_RANGE_BOUND_NOT_SOURCE_REVIEWED,4b1ab80863494aec00d9b0b08b96412095d76d86c8303d63868f13a32ba0a915
GAP,0000039911,0000039911-19-000129,2019-11-07T21:22:49.000Z,ex991pressrelease.htm,https://www.sec.gov/Archives/edgar/data/39911/000003991119000129/ex991pressrelease.htm,140e9cdada2c1a60df192c7287c4b90740573783c48dd2cad661869a09920fdd,HTML_DIV,/html/body/document/type/sequence/filename/description/text/div[37],The company updated its reported diluted earnings per share guidance for fiscal year 2019 to be in the range of $1.38 to $1.47 and now expects 2019 adjusted diluted earnings per share guidance range of $1.70 to $1.75 versus previous guidance of $2.05 to $2.15.,EPS,FY2019,NON_GAAP,NOT_APPLICABLE,USD_PER_SHARE,1.7,1.75,1.725,202,CURRENT_CANDIDATE,CURRENT_GUIDANCE_RANGE,V3_RANGE_BOUND_NOT_SOURCE_REVIEWED,523fb15512d6a918aa6c962bb1e5bd9a4af4368c4503749cd80206ec4561aed7
GAP,0000039911,0000039911-19-000131,2019-11-08T00:54:06.000Z,a8ka-11x7x19.htm,https://www.sec.gov/Archives/edgar/data/39911/000003991119000131/a8ka-11x7x19.htm,78b2787caae0d0dc7b670d2b1b045d0e90bf4210e1607accbbbd4434aaa74337,HTML_DIV,/html/body/div[45],"""The company expects diluted earnings per share for the third quarter of fiscal year 2019 to be approximately $0.34 to $0.36 and adjusted diluted earnings per share to be approximately $0.50 to $0.52.""",EPS,FY2019,UNSPECIFIED,NOT_APPLICABLE,USD_PER_SHARE,0.34,0.36,0.35,110,CURRENT_CANDIDATE,CURRENT_GUIDANCE_RANGE,V3_RANGE_BOUND_NOT_SOURCE_REVIEWED,61565044330b46201d0e7dae574fa6b3c42db1154fe65a25f89db36fc64320c8
GAP,0000039911,0000039911-19-000131,2019-11-08T00:54:06.000Z,a8ka-11x7x19.htm,https://www.sec.gov/Archives/edgar/data/39911/000003991119000131/a8ka-11x7x19.htm,78b2787caae0d0dc7b670d2b1b045d0e90bf4210e1607accbbbd4434aaa74337,HTML_DIV,/html/body/div[45],"""The company expects diluted earnings per share for the third quarter of fiscal year 2019 to be approximately $0.34 to $0.36 and adjusted diluted earnings per share to be approximately $0.50 to $0.52.""",EPS,FY2019,NON_GAAP,NOT_APPLICABLE,USD_PER_SHARE,0.5,0.52,0.51,185,CURRENT_CANDIDATE,CURRENT_GUIDANCE_RANGE,V3_RANGE_BOUND_NOT_SOURCE_REVIEWED,e974b1045c8b7fa1a3fc66eff127bc687ec04c810ee3e9f9ddec7706f7c38384
GAP,0000039911,0000039911-19-000131,2019-11-08T00:54:06.000Z,ex991pressrelease1.htm,https://www.sec.gov/Archives/edgar/data/39911/000003991119000131/ex991pressrelease1.htm,261ea8a83bad4a6d364f9a90fbe017562b9669e1034965e7ff4336cf13c4e879,HTML_DIV,/html/body/document/type/sequence/filename/description/text/div[16],SAN FRANCISCO--(BUSINESS WIRE)--Eighth paragraph of release should read: The company expects diluted earnings per share for the third quarter of fiscal year 2019 to be approximately $0.34 to $0.36 and adjusted diluted earnings per share to be approximately $0.50 to $0.52. (instead of The company expects diluted earnings per share for the third quarter of fiscal year 2019 to be approximately $0.50 to $0.52 and adjusted diluted earnings per share to be approximately $0.34 to $0.36.).,EPS,FY2019,UNSPECIFIED,NOT_APPLICABLE,USD_PER_SHARE,0.34,0.36,0.35,182,CURRENT_CANDIDATE,CURRENT_GUIDANCE_RANGE,V3_RANGE_BOUND_NOT_SOURCE_REVIEWED,46f05f2d454d05d31dc46bce38ad0b853c30396e7844a3392eacbfce9d7a1296
GAP,0000039911,0000039911-19-000131,2019-11-08T00:54:06.000Z,ex991pressrelease1.htm,https://www.sec.gov/Archives/edgar/data/39911/000003991119000131/ex991pressrelease1.htm,261ea8a83bad4a6d364f9a90fbe017562b9669e1034965e7ff4336cf13c4e879,HTML_DIV,/html/body/document/type/sequence/filename/description/text/div[16],SAN FRANCISCO--(BUSINESS WIRE)--Eighth paragraph of release should read: The company expects diluted earnings per share for the third quarter of fiscal year 2019 to be approximately $0.34 to $0.36 and adjusted diluted earnings per share to be approximately $0.50 to $0.52. (instead of The company expects diluted earnings per share for the third quarter of fiscal year 2019 to be approximately $0.50 to $0.52 and adjusted diluted earnings per share to be approximately $0.34 to $0.36.).,EPS,FY2019,NON_GAAP,NOT_APPLICABLE,USD_PER_SHARE,0.5,0.52,0.51,257,CURRENT_CANDIDATE,CURRENT_GUIDANCE_RANGE,V3_RANGE_BOUND_NOT_SOURCE_REVIEWED,9312599dde63428490df31d35f791608c0eb07bae68cabf652b50cebaf619233
GAP,0000039911,0000039911-19-000131,2019-11-08T00:54:06.000Z,ex991pressrelease1.htm,https://www.sec.gov/Archives/edgar/data/39911/000003991119000131/ex991pressrelease1.htm,261ea8a83bad4a6d364f9a90fbe017562b9669e1034965e7ff4336cf13c4e879,HTML_DIV,/html/body/document/type/sequence/filename/description/text/div[16],SAN FRANCISCO--(BUSINESS WIRE)--Eighth paragraph of release should read: The company expects diluted earnings per share for the third quarter of fiscal year 2019 to be approximately $0.34 to $0.36 and adjusted diluted earnings per share to be approximately $0.50 to $0.52. (instead of The company expects diluted earnings per share for the third quarter of fiscal year 2019 to be approximately $0.50 to $0.52 and adjusted diluted earnings per share to be approximately $0.34 to $0.36.).,EPS,FY2019,UNSPECIFIED,NOT_APPLICABLE,USD_PER_SHARE,0.5,0.52,0.51,394,CURRENT_CANDIDATE,CURRENT_GUIDANCE_RANGE,V3_RANGE_BOUND_NOT_SOURCE_REVIEWED,5d49cb9adeb99f304b18f44f8278bb057829feb4e9a1c79e4eeada15e7f4e789
GAP,0000039911,0000039911-19-000131,2019-11-08T00:54:06.000Z,ex991pressrelease1.htm,https://www.sec.gov/Archives/edgar/data/39911/000003991119000131/ex991pressrelease1.htm,261ea8a83bad4a6d364f9a90fbe017562b9669e1034965e7ff4336cf13c4e879,HTML_DIV,/html/body/document/type/sequence/filename/description/text/div[16],SAN FRANCISCO--(BUSINESS WIRE)--Eighth paragraph of release should read: The company expects diluted earnings per share for the third quarter of fiscal year 2019 to be approximately $0.34 to $0.36 and adjusted diluted earnings per share to be approximately $0.50 to $0.52. (instead of The company expects diluted earnings per share for the third quarter of fiscal year 2019 to be approximately $0.50 to $0.52 and adjusted diluted earnings per share to be approximately $0.34 to $0.36.).,EPS,FY2019,NON_GAAP,NOT_APPLICABLE,USD_PER_SHARE,0.34,0.36,0.35,469,CURRENT_CANDIDATE,CURRENT_GUIDANCE_RANGE,V3_RANGE_BOUND_NOT_SOURCE_REVIEWED,438911e7c0024b366e3c072aeed5ae63602ff889f242083899d4af7b1e14f7d4
GAP,0000039911,0000039911-19-000131,2019-11-08T00:54:06.000Z,ex991pressrelease1.htm,https://www.sec.gov/Archives/edgar/data/39911/000003991119000131/ex991pressrelease1.htm,261ea8a83bad4a6d364f9a90fbe017562b9669e1034965e7ff4336cf13c4e879,HTML_DIV,/html/body/document/type/sequence/filename/description/text/div[50],The company expects diluted earnings per share for the third quarter of fiscal year 2019 to be approximately $0.34 to $0.36 and adjusted diluted earnings per share to be approximately $0.50 to $0.52.,EPS,FY2019,UNSPECIFIED,NOT_APPLICABLE,USD_PER_SHARE,0.34,0.36,0.35,109,CURRENT_CANDIDATE,CURRENT_GUIDANCE_RANGE,V3_RANGE_BOUND_NOT_SOURCE_REVIEWED,1133b76ffc7970c48a7ed1584a45981b313ce556e3b4acdb92b3cf573777e1be
GAP,0000039911,0000039911-19-000131,2019-11-08T00:54:06.000Z,ex991pressrelease1.htm,https://www.sec.gov/Archives/edgar/data/39911/000003991119000131/ex991pressrelease1.htm,261ea8a83bad4a6d364f9a90fbe017562b9669e1034965e7ff4336cf13c4e879,HTML_DIV,/html/body/document/type/sequence/filename/description/text/div[50],The company expects diluted earnings per share for the third quarter of fiscal year 2019 to be approximately $0.34 to $0.36 and adjusted diluted earnings per share to be approximately $0.50 to $0.52.,EPS,FY2019,NON_GAAP,NOT_APPLICABLE,USD_PER_SHARE,0.5,0.52,0.51,184,CURRENT_CANDIDATE,CURRENT_GUIDANCE_RANGE,V3_RANGE_BOUND_NOT_SOURCE_REVIEWED,28a184f6de0a1fedd78f8beb5973d15df4fb053277c36ff173f689f34e0f9add
GAP,0000039911,0000039911-19-000131,2019-11-08T00:54:06.000Z,ex991pressrelease1.htm,https://www.sec.gov/Archives/edgar/data/39911/000003991119000131/ex991pressrelease1.htm,261ea8a83bad4a6d364f9a90fbe017562b9669e1034965e7ff4336cf13c4e879,HTML_DIV,/html/body/document/type/sequence/filename/description/text/div[52],The company updated its reported diluted earnings per share guidance for fiscal year 2019 to be in the range of $1.38 to $1.47 and now expects 2019 adjusted diluted earnings per share guidance range of $1.70 to $1.75 versus previous guidance of $2.05 to $2.15.,EPS,FY2019,UNSPECIFIED,NOT_APPLICABLE,USD_PER_SHARE,1.38,1.47,1.425,112,CURRENT_CANDIDATE,CURRENT_GUIDANCE_RANGE,V3_RANGE_BOUND_NOT_SOURCE_REVIEWED,c43c55e8b97c54ccfe1b0e3576106624aef78f453eed134dcd08c9769afa9681
GAP,0000039911,0000039911-19-000131,2019-11-08T00:54:06.000Z,ex991pressrelease1.htm,https://www.sec.gov/Archives/edgar/data/39911/000003991119000131/ex991pressrelease1.htm,261ea8a83bad4a6d364f9a90fbe017562b9669e1034965e7ff4336cf13c4e879,HTML_DIV,/html/body/document/type/sequence/filename/description/text/div[52],The company updated its reported diluted earnings per share guidance for fiscal year 2019 to be in the range of $1.38 to $1.47 and now expects 2019 adjusted diluted earnings per share guidance range of $1.70 to $1.75 versus previous guidance of $2.05 to $2.15.,EPS,FY2019,NON_GAAP,NOT_APPLICABLE,USD_PER_SHARE,1.7,1.75,1.725,202,CURRENT_CANDIDATE,CURRENT_GUIDANCE_RANGE,V3_RANGE_BOUND_NOT_SOURCE_REVIEWED,753528136f5bda5939eede7598eda3ef164915da19c4876b1da3107a5b6d85ff
LULU,0001397187,0001397187-19-000071,2019-12-11T21:12:06.000Z,lulu-20191103xex991.htm,https://www.sec.gov/Archives/edgar/data/1397187/000139718719000071/lulu-20191103xex991.htm,4931d92e6d334751b9b4475b8d42b6cdee36b8954ae7d9556978345f41c73eaa,HTML_DIV,/html/body/document/type/sequence/filename/description/text/div/div[15],"For the fourth quarter of fiscal 2019, we expect net revenue to be in the range of $1.315 billion to $1.330 billion based on a total comparable sales increase in the low double digits on a constant dollar basis. Diluted earnings per share are expected to be in the range of $2.10 to $2.13 for the quarter. This guidance assumes 131 million diluted weighted-average shares outstanding and a 28.5% tax rate. The guidance does not reflect potential future repurchases of the Company's shares.",REVENUE,Q4-2019,UNSPECIFIED,NOT_APPLICABLE,USD,1315000000,1330000000,1322500000,83,CURRENT_CANDIDATE,CURRENT_GUIDANCE_RANGE,V3_RANGE_BOUND_NOT_SOURCE_REVIEWED,74d01688d4d800a93278e577dd2ad80bc6116da93b3cb5cedae0cf5c2c6b11cc
BLDR,0001316835,0001193125-20-026187,2020-02-06T12:38:39.000Z,d882444d8k.htm,https://www.sec.gov/Archives/edgar/data/1316835/000119312520026187/d882444d8k.htm,929a61afc8e5d514a27c86db26bf0e3de600fda65c02c2d3d057b797c9110b9e,HTML_P,/html/body/div[3]/p[6],"In connection with the Offering, the Company reaffirms the following financial guidance it previously provided in conjunction with its earnings release for the third quarter of 2019. Net sales for the three-month period ended December 31, 2019 are expected to be between $1,725 million and $1,780 million, down 2 to 5 percent compared to the prior year period. Adjusted EBITDA for the three months ended December 31, 2019 is expected to be between $100 million and $110 million, down between 12 and 20 percent compared to the prior year period. For a definition of Adjusted EBITDA, an explanation of the reasons our management uses this measure and a discussion of certain of its limitations, see our Current Report on Form 8-K filed with the SEC on October 31, 2019.",REVENUE,Q3-2019,UNSPECIFIED,NOT_APPLICABLE,USD,1725000000,1780000000,1752500000,271,CURRENT_CANDIDATE,CURRENT_GUIDANCE_RANGE,V3_RANGE_BOUND_NOT_SOURCE_REVIEWED,9568b5c5daa51b74be8ce90c40bca9e187a2f0aacf3bc8741ae036d92be28619
TRMB,0000864749,0000864749-20-000011,2020-02-12T21:13:24.000Z,a2019q4-8kex991.htm,https://www.sec.gov/Archives/edgar/data/864749/000086474920000011/a2019q4-8kex991.htm,f20da1bd929696cc88e1ae7f087aa166a7eab07075beef7bcabfc4f57d16e1e7,HTML_DIV,/html/body/document/type/sequence/filename/description/text/div/div[34],"For the first quarter of 2020, Trimble expects to report GAAP revenue between $778 million and $808 million and GAAP earnings per share of $0.14 to $0.18, and non-GAAP revenue between $780 million and $810 million and non-GAAP earnings per share of $0.40 to $0.45. GAAP guidance assumes a tax rate of 21 to 22 percent and non-GAAP guidance assumes a tax rate of 17 to 18 percent. Both GAAP and non-GAAP earnings per share assume approximately 252 million shares outstanding. A reconciliation of the non-GAAP measures to the most directly comparable GAAP measures and other information relating to these non-GAAP measures are included in the supplemental reconciliation schedule attached.",REVENUE,Q1-2020,GAAP,NOT_APPLICABLE,USD,778000000,808000000,793000000,78,CURRENT_CANDIDATE,CURRENT_GUIDANCE_RANGE,V3_RANGE_BOUND_NOT_SOURCE_REVIEWED,d6fbfd93e2548a34612f4709df7014be55171768de4b076568bf2d89e46589f0
TRMB,0000864749,0000864749-20-000011,2020-02-12T21:13:24.000Z,a2019q4-8kex991.htm,https://www.sec.gov/Archives/edgar/data/864749/000086474920000011/a2019q4-8kex991.htm,f20da1bd929696cc88e1ae7f087aa166a7eab07075beef7bcabfc4f57d16e1e7,HTML_DIV,/html/body/document/type/sequence/filename/description/text/div/div[34],"For the first quarter of 2020, Trimble expects to report GAAP revenue between $778 million and $808 million and GAAP earnings per share of $0.14 to $0.18, and non-GAAP revenue between $780 million and $810 million and non-GAAP earnings per share of $0.40 to $0.45. GAAP guidance assumes a tax rate of 21 to 22 percent and non-GAAP guidance assumes a tax rate of 17 to 18 percent. Both GAAP and non-GAAP earnings per share assume approximately 252 million shares outstanding. A reconciliation of the non-GAAP measures to the most directly comparable GAAP measures and other information relating to these non-GAAP measures are included in the supplemental reconciliation schedule attached.",EPS,Q1-2020,GAAP,NOT_APPLICABLE,USD_PER_SHARE,0.14,0.18,0.16,139,CURRENT_CANDIDATE,CURRENT_GUIDANCE_RANGE,V3_RANGE_BOUND_NOT_SOURCE_REVIEWED,e2f850230654d98289645f001dc2c835bc6e90b920cccdc2f572f43c411eaa02
TRMB,0000864749,0000864749-20-000011,2020-02-12T21:13:24.000Z,a2019q4-8kex991.htm,https://www.sec.gov/Archives/edgar/data/864749/000086474920000011/a2019q4-8kex991.htm,f20da1bd929696cc88e1ae7f087aa166a7eab07075beef7bcabfc4f57d16e1e7,HTML_DIV,/html/body/document/type/sequence/filename/description/text/div/div[34],"For the first quarter of 2020, Trimble expects to report GAAP revenue between $778 million and $808 million and GAAP earnings per share of $0.14 to $0.18, and non-GAAP revenue between $780 million and $810 million and non-GAAP earnings per share of $0.40 to $0.45. GAAP guidance assumes a tax rate of 21 to 22 percent and non-GAAP guidance assumes a tax rate of 17 to 18 percent. Both GAAP and non-GAAP earnings per share assume approximately 252 million shares outstanding. A reconciliation of the non-GAAP measures to the most directly comparable GAAP measures and other information relating to these non-GAAP measures are included in the supplemental reconciliation schedule attached.",REVENUE,Q1-2020,NON_GAAP,NOT_APPLICABLE,USD,780000000,810000000,795000000,184,CURRENT_CANDIDATE,CURRENT_GUIDANCE_RANGE,V3_RANGE_BOUND_NOT_SOURCE_REVIEWED,a489af49d67f705a4a327d1167aca3997d95faadd444e37ad6342960f13ebb3b
TRMB,0000864749,0000864749-20-000011,2020-02-12T21:13:24.000Z,a2019q4-8kex991.htm,https://www.sec.gov/Archives/edgar/data/864749/000086474920000011/a2019q4-8kex991.htm,f20da1bd929696cc88e1ae7f087aa166a7eab07075beef7bcabfc4f57d16e1e7,HTML_DIV,/html/body/document/type/sequence/filename/description/text/div/div[34],"For the first quarter of 2020, Trimble expects to report GAAP revenue between $778 million and $808 million and GAAP earnings per share of $0.14 to $0.18, and non-GAAP revenue between $780 million and $810 million and non-GAAP earnings per share of $0.40 to $0.45. GAAP guidance assumes a tax rate of 21 to 22 percent and non-GAAP guidance assumes a tax rate of 17 to 18 percent. Both GAAP and non-GAAP earnings per share assume approximately 252 million shares outstanding. A reconciliation of the non-GAAP measures to the most directly comparable GAAP measures and other information relating to these non-GAAP measures are included in the supplemental reconciliation schedule attached.",EPS,Q1-2020,NON_GAAP,NOT_APPLICABLE,USD_PER_SHARE,0.4,0.45,0.425,249,CURRENT_CANDIDATE,CURRENT_GUIDANCE_RANGE,V3_RANGE_BOUND_NOT_SOURCE_REVIEWED,054142d03a49a63b694a123378b7172799f3106963ffebf783b818fd64d889ef
BWA,0000908255,0000908255-20-000012,2020-02-13T11:38:20.000Z,a201912318kexhibit991p.htm,https://www.sec.gov/Archives/edgar/data/908255/000090825520000012/a201912318kexhibit991p.htm,583d3eda153e8617f14e9582127f6174def598959383a0e617f4a17fa9af3708,HTML_DIV,/html/body/document/type/sequence/filename/description/text/div/div[39],"Full Year 2020 Guidance: The company has provided 2020 full year guidance. This guidance is for BorgWarner as currently consolidated and excludes the potential impact from the acquisition of Delphi Technologies PLC, which BorgWarner announced on January 28, 2020. Net sales are expected to be in the range of $9,750 million to $10,075 million. This implies year-over-year organic sales change of down 2.5% to up 0.5%. The company expects its blended light-vehicle market to decline in the range of 2.0% to 4.0% in 2020. Global light vehicle production expectations remain volatile, particularly in China. Foreign currencies are expected to result in a year-over-year decrease in sales of $130 million, primarily due to the depreciation of the Euro, Chinese Renminbi and Korean Won against the U.S. dollar. The divestiture of the thermostat product line will decrease year-over-year sales by approximately $30 million. Operating margin is expected to be in the range of 10.0% to 11.0%. Excluding the impact of non-comparable items, adjusted operating margin is expected to be in the range of 11.6% to 12.0%. Net earnings are expected to be within a range of $3.22 to $3.75 per diluted share. Excluding the impact of non-comparable items, adjusted net earnings are expected to be within a range of $3.85 to $4.15 per diluted share. Full-year operating cash flow is expected to be approximately $1,250 million, while free cash flow is expected to be in the range of $675 million to $725 million.",REVENUE,FY2020,UNSPECIFIED,NOT_APPLICABLE,USD,9750000000,10075000000,9912500000,309,CURRENT_CANDIDATE,CURRENT_GUIDANCE_RANGE,V3_RANGE_BOUND_NOT_SOURCE_REVIEWED,3a6975264e2cbdbe5d13ad841675e3119a76a5c1bd4d2d43827ee6d1e5ab8360
CSGP,0001057352,0001057352-20-000033,2020-02-25T21:12:03.000Z,q42019earningspressrel.htm,https://www.sec.gov/Archives/edgar/data/1057352/000105735220000033/q42019earningspressrel.htm,d499e3f2f62fdde1736f45ca0ae652cba616cb4adc594720ca14bcc70ca55a56,HTML_DIV,/html/body/document/type/sequence/filename/description/text/div/div[31],"The Company expects revenue in the range of $1.650 billion to $1.665 billion for the full year of 2020, representing growth of 18% to 19% for the year. This guidance includes an estimated full year 2020 revenue contribution from STR of $61 to $63 million. We expect revenue for the first quarter of 2020 in the range of $387 million to $392 million, representing revenue growth of 19% at the midpoint of the range.",REVENUE,Q1-2020,UNSPECIFIED,NOT_APPLICABLE,USD,387000000,392000000,389500000,320,CURRENT_CANDIDATE,CURRENT_GUIDANCE_RANGE,V3_RANGE_BOUND_NOT_SOURCE_REVIEWED,eb15866b9f1cdc6d4b091b313ba3785a740ceab3f600329ce8d0fc002eabc639
CSGP,0001057352,0001057352-20-000068,2020-04-28T20:09:25.000Z,q12020earningspressrel.htm,https://www.sec.gov/Archives/edgar/data/1057352/000105735220000068/q12020earningspressrel.htm,99581111ad70a8aad44616df9929862d401ad79b28f28b05832fa02b9c34d3d3,HTML_DIV,/html/body/document/type/sequence/filename/description/text/div/div[35],"The Company expects revenue for the second quarter of 2020 in the range of $387 million to $392 million, representing revenue growth of 13% compared to the second quarter of 2019 at the midpoint of the range.",REVENUE,Q2-2020,UNSPECIFIED,NOT_APPLICABLE,USD,387000000,392000000,389500000,75,CURRENT_CANDIDATE,CURRENT_GUIDANCE_RANGE,V3_RANGE_BOUND_NOT_SOURCE_REVIEWED,fde458024b7fd98965dd4201cb6fecfcf41f64f73b01e5453cd9f8068fd7bfea
CSGP,0001057352,0001057352-20-000089,2020-07-28T20:07:53.000Z,q22020earningspressrel.htm,https://www.sec.gov/Archives/edgar/data/1057352/000105735220000089/q22020earningspressrel.htm,1ccc3802427785cda039a78b7ffe97492871a3ab836fa94539618f9e5ed9c212,HTML_DIV,/html/body/document/type/sequence/filename/description/text/div[25],"The Company expects revenue in the range of $1.63 billion to $1.64 billion for the full year of 2020, representing growth of approximately 17% for the year. This guidance includes an estimated partial year 2020 revenue contribution from Ten-X of $25 to $30 million. We expect revenue for the third quarter of 2020 in the range of $415 million to $420 million, representing revenue growth of 18% year-over-year at the midpoint of the range.",REVENUE,Q3-2020,UNSPECIFIED,NOT_APPLICABLE,USD,415000000,420000000,417500000,330,CURRENT_CANDIDATE,CURRENT_GUIDANCE_RANGE,V3_RANGE_BOUND_NOT_SOURCE_REVIEWED,d948d666fddba118b28ab6e7566c18575e60f3f3eca2abc42e561503b0358cbe
HUBB,0000048898,0001628280-20-014823,2020-10-27T12:14:16.000Z,exhibit99110272020.htm,https://www.sec.gov/Archives/edgar/data/48898/000162828020014823/exhibit99110272020.htm,f46ae3c0cf6c00cb83c18ae0bec93d4980858fe5e7c7eadcbb2947021640d8a1,HTML_DIV,/html/body/document/type/sequence/filename/description/text/div[40],"For the full year 2020, Hubbell now anticipates earnings per diluted share in the range of $6.30-$6.45 and adjusted diluted earnings per share (""Adjusted EPS"") in the range of $7.45-$7.60. Adjusted EPS excludes amortization of acquisition-related intangible assets, which the Company expects to be approximately $1.00 for the full year. The Company believes Adjusted EPS is a useful measure of underlying performance in light of our acquisition strategy.",EPS,FY2020,NON_GAAP,NOT_APPLICABLE,USD_PER_SHARE,7.45,7.6,7.525,176,CURRENT_CANDIDATE,CURRENT_GUIDANCE_RANGE,V3_RANGE_BOUND_NOT_SOURCE_REVIEWED,821c0a8e1716c6b78ada245c23f535806a36e97ce736c9393a5af3ee199e1f9d
NWL,0000814453,0000814453-21-000018,2021-02-12T12:12:43.000Z,exhibit991-q4xdec_2020.htm,https://www.sec.gov/Archives/edgar/data/814453/000081445321000018/exhibit991-q4xdec_2020.htm,249a012151abb50f702bd232167422d09ac0ae67dca6c01f9b45a2f2b4e695d7,HTML_DIV,/html/body/document/type/sequence/filename/description/text/div[38],"–The company initiated its full year 2021 outlook, with expected normalized earnings per share of $1.55 to $1.65 and operating cash flow of approximately $1.0 billion.",EPS,FY2021,UNSPECIFIED,NOT_APPLICABLE,USD_PER_SHARE,1.55,1.65,1.6,98,CURRENT_CANDIDATE,CURRENT_GUIDANCE_RANGE,V3_RANGE_BOUND_NOT_SOURCE_REVIEWED,5c532b6b259d137c5ace52911bee311251c8c5597df451ead46a4c7c3818fec3
CSGP,0001057352,0001057352-21-000028,2021-02-23T21:14:23.000Z,q42020earningspressrelease.htm,https://www.sec.gov/Archives/edgar/data/1057352/000105735221000028/q42020earningspressrelease.htm,03113dc1d15be4280d4491a10b71bcb8e0f7dad1df951985e5d7be6e85469d73,HTML_DIV,/html/body/document/type/sequence/filename/description/text/div[31],"The Company expects revenue in the range of $1.925 billion to $1.945 billion for the full year of 2021, representing growth of approximately 17% year-over-year at the midpoint of the range. This guidance includes an estimated 2021 revenue contribution from Homesnap of approximately $50 million. We expect revenue for the first quarter of 2021 in the range of $450 million to $455 million, representing revenue growth of 15% year-over-year at the midpoint of the range.",REVENUE,Q1-2021,UNSPECIFIED,NOT_APPLICABLE,USD,450000000,455000000,452500000,360,CURRENT_CANDIDATE,CURRENT_GUIDANCE_RANGE,V3_RANGE_BOUND_NOT_SOURCE_REVIEWED,a84e3536162dfe53b85f5feb19eab2bc6b9b77d22ef9b1088c1fcc1936dc3f1c
XRAY,0000818479,0000818479-21-000004,2021-03-01T11:53:18.000Z,dentsply8kq42020ex991.htm,https://www.sec.gov/Archives/edgar/data/818479/000081847921000004/dentsply8kq42020ex991.htm,a2d06408afa861a5c53f3e58cce732d7d60032059e462937b34f08a252937f29,HTML_DIV,/html/body/document/type/sequence/filename/description/text/div[45],"We expect fiscal year 2021 revenue in the range of $4.0B to $4.3B, up 20% to 30% on a reported basis and up 15% to 25% on an organic basis1. We expect adjusted operating income margin2 of at least 20%. FY2021 non-GAAP EPS is expected to be in the range of $2.60 to $2.80.",EPS,FY2021,NON_GAAP,NOT_APPLICABLE,USD_PER_SHARE,2.6,2.8,2.7,256,CURRENT_CANDIDATE,CURRENT_GUIDANCE_RANGE,V3_RANGE_BOUND_NOT_SOURCE_REVIEWED,46916bdee0157566321e14b5787cae7dc5c6bf1710b561eed86dbe71d00e8237
LULU,0001397187,0001397187-21-000008,2021-03-30T20:43:20.000Z,lulu-20210131xex991.htm,https://www.sec.gov/Archives/edgar/data/1397187/000139718721000008/lulu-20210131xex991.htm,0c90bd1c80a249884b3bdacba9daa41c3b79620cfbd59d91431290bbff55173b,HTML_DIV,/html/body/document/type/sequence/filename/description/text/div[45],"For the first quarter of fiscal 2021, we expect net revenue to be in the range of $1.100 billion to $1.130 billion. Diluted earnings per share are expected to be in the range of $0.81 to $0.85 for the quarter and adjusted earnings per share are expected to be in the range of $0.86 to $0.90.",REVENUE,Q1-2021,UNSPECIFIED,NOT_APPLICABLE,USD,1100000000,1130000000,1115000000,82,CURRENT_CANDIDATE,CURRENT_GUIDANCE_RANGE,V3_RANGE_BOUND_NOT_SOURCE_REVIEWED,e52a45e5ec6b7634d7e1b6292a0a9e63e1f7188944e1ca25f9235bef6d8637c8
CSGP,0001057352,0001057352-21-000065,2021-04-27T20:20:08.000Z,q12021earningspressreleas.htm,https://www.sec.gov/Archives/edgar/data/1057352/000105735221000065/q12021earningspressreleas.htm,6e6b7865637fc7c62976048e973f63d7efe33110f6fa97daa3e424a2d7f6d12a,HTML_DIV,/html/body/document/type/sequence/filename/description/text/div[34],"The Company is raising its revenue guidance for the full year of 2021 to a new range of $1.930 billion to $1.945 billion, representing growth of approximately 17% year-over-year at the midpoint of the range. Revenue for the second quarter of 2021 is expected to be in the range of $465 million to $470 million, representing revenue growth of approximately 18% over the second quarter of 2020 at the midpoint of the range.",REVENUE,Q2-2021,UNSPECIFIED,NOT_APPLICABLE,USD,465000000,470000000,467500000,281,CURRENT_CANDIDATE,CURRENT_GUIDANCE_RANGE,V3_RANGE_BOUND_NOT_SOURCE_REVIEWED,edea93d83a6236591b9c6fc9bb33020a90e62e40f8030514e901edb151209e1f
TRMB,0000864749,0000864749-21-000047,2021-05-05T20:31:28.000Z,a2021q1-8kex991.htm,https://www.sec.gov/Archives/edgar/data/864749/000086474921000047/a2021q1-8kex991.htm,4128d10f4191a74d61590e07e386eb3ca2a2e85661dac6fe8b18e366e5ef57e9,HTML_DIV,/html/body/document/type/sequence/filename/description/text/div[21],"For the full year 2021, Trimble now expects to report GAAP revenue between $3,399.7 million and $3,499.7 million and GAAP earnings per share of $1.49 to $1.68, and non-GAAP revenue between $3,400.0 million and $3,500.0 million and non-GAAP earnings per share of $2.30 and $2.50. GAAP guidance assumes a tax rate of 18.0 to 19.0 percent and non-GAAP guidance assumes a tax rate of 17.0 to 17.5 percent. Both GAAP and non-GAAP earnings per share assume approximately 255 million shares outstanding. A reconciliation of the non-GAAP measures to the most directly comparable GAAP measures and other information relating to these non-GAAP measures are included in the supplemental reconciliation scheduled attached.",REVENUE,FY2021,GAAP,NOT_APPLICABLE,USD,3399700000,3499700000,3449700000,75,CURRENT_CANDIDATE,CURRENT_GUIDANCE_RANGE,V3_RANGE_BOUND_NOT_SOURCE_REVIEWED,2783c2038729f4a36325f235bb3ccfc49c58f2b0fd882b81d6e1d8bbd8bae319
TRMB,0000864749,0000864749-21-000047,2021-05-05T20:31:28.000Z,a2021q1-8kex991.htm,https://www.sec.gov/Archives/edgar/data/864749/000086474921000047/a2021q1-8kex991.htm,4128d10f4191a74d61590e07e386eb3ca2a2e85661dac6fe8b18e366e5ef57e9,HTML_DIV,/html/body/document/type/sequence/filename/description/text/div[21],"For the full year 2021, Trimble now expects to report GAAP revenue between $3,399.7 million and $3,499.7 million and GAAP earnings per share of $1.49 to $1.68, and non-GAAP revenue between $3,400.0 million and $3,500.0 million and non-GAAP earnings per share of $2.30 and $2.50. GAAP guidance assumes a tax rate of 18.0 to 19.0 percent and non-GAAP guidance assumes a tax rate of 17.0 to 17.5 percent. Both GAAP and non-GAAP earnings per share assume approximately 255 million shares outstanding. A reconciliation of the non-GAAP measures to the most directly comparable GAAP measures and other information relating to these non-GAAP measures are included in the supplemental reconciliation scheduled attached.",EPS,FY2021,GAAP,NOT_APPLICABLE,USD_PER_SHARE,1.49,1.68,1.585,144,CURRENT_CANDIDATE,CURRENT_GUIDANCE_RANGE,V3_RANGE_BOUND_NOT_SOURCE_REVIEWED,38e7f093df38570afb7d490bff5525548079d17821463cf5a0612cf6d0aa9365
TRMB,0000864749,0000864749-21-000047,2021-05-05T20:31:28.000Z,a2021q1-8kex991.htm,https://www.sec.gov/Archives/edgar/data/864749/000086474921000047/a2021q1-8kex991.htm,4128d10f4191a74d61590e07e386eb3ca2a2e85661dac6fe8b18e366e5ef57e9,HTML_DIV,/html/body/document/type/sequence/filename/description/text/div[21],"For the full year 2021, Trimble now expects to report GAAP revenue between $3,399.7 million and $3,499.7 million and GAAP earnings per share of $1.49 to $1.68, and non-GAAP revenue between $3,400.0 million and $3,500.0 million and non-GAAP earnings per share of $2.30 and $2.50. GAAP guidance assumes a tax rate of 18.0 to 19.0 percent and non-GAAP guidance assumes a tax rate of 17.0 to 17.5 percent. Both GAAP and non-GAAP earnings per share assume approximately 255 million shares outstanding. A reconciliation of the non-GAAP measures to the most directly comparable GAAP measures and other information relating to these non-GAAP measures are included in the supplemental reconciliation scheduled attached.",REVENUE,FY2021,NON_GAAP,NOT_APPLICABLE,USD,3400000000,3500000000,3450000000,189,CURRENT_CANDIDATE,CURRENT_GUIDANCE_RANGE,V3_RANGE_BOUND_NOT_SOURCE_REVIEWED,66c29d03621b95b2b58010dae180be81b17e37dddfc128763755989a1193ea50
TRMB,0000864749,0000864749-21-000047,2021-05-05T20:31:28.000Z,a2021q1-8kex991.htm,https://www.sec.gov/Archives/edgar/data/864749/000086474921000047/a2021q1-8kex991.htm,4128d10f4191a74d61590e07e386eb3ca2a2e85661dac6fe8b18e366e5ef57e9,HTML_DIV,/html/body/document/type/sequence/filename/description/text/div[21],"For the full year 2021, Trimble now expects to report GAAP revenue between $3,399.7 million and $3,499.7 million and GAAP earnings per share of $1.49 to $1.68, and non-GAAP revenue between $3,400.0 million and $3,500.0 million and non-GAAP earnings per share of $2.30 and $2.50. GAAP guidance assumes a tax rate of 18.0 to 19.0 percent and non-GAAP guidance assumes a tax rate of 17.0 to 17.5 percent. Both GAAP and non-GAAP earnings per share assume approximately 255 million shares outstanding. A reconciliation of the non-GAAP measures to the most directly comparable GAAP measures and other information relating to these non-GAAP measures are included in the supplemental reconciliation scheduled attached.",EPS,FY2021,NON_GAAP,NOT_APPLICABLE,USD_PER_SHARE,2.3,2.5,2.4,262,CURRENT_CANDIDATE,CURRENT_GUIDANCE_RANGE,V3_RANGE_BOUND_NOT_SOURCE_REVIEWED,24718e4088d8d5d019842822a4a19d11505e2cf3c555cb693ee679b88675da75
FMC,0000037785,0000037785-21-000037,2021-05-05T20:48:55.000Z,fmcex991033121ng.htm,https://www.sec.gov/Archives/edgar/data/37785/000003778521000037/fmcex991033121ng.htm,953321e964e382a41c7d0ae4c2cc5aed090505b888c1caa7a98086783c5c0fc6,HTML_DIV,/html/body/document/type/sequence/filename/description/text/div[35],"The company continues to forecast full-year 2021 revenue to be in the range of $4.9 billion to $5.1 billion, driven by growth in all regions and representing an 8 percent increase at the midpoint versus 2020. The revenue growth will be driven primarily by volume, as well as price increases. Foreign currencies are not expected to impact full-year sales. Full-year adjusted EBITDA is still expected to be in the range of $1.32 billion to $1.42 billion, representing 10 percent year-over-year growth at the midpoint. 2021 adjusted earnings are now expected to be in the range of $6.70 to $7.40 per diluted share, representing a year-over-year increase of 14 percent at the midpoint. This is an increase of 5 cents at the midpoint versus prior guidance, reflecting the lower share count resulting from $75 million in share repurchases in the first quarter.",REVENUE,FY2021,UNSPECIFIED,NOT_APPLICABLE,USD,4900000000,5100000000,5000000000,79,CURRENT_CANDIDATE,CURRENT_GUIDANCE_RANGE,V3_RANGE_BOUND_NOT_SOURCE_REVIEWED,e26d3276278a6d1624c4d9eec9c8bf8f63b94e15b88eaf14172d8b3a2e64e478
GAP,0000039911,0000039911-21-000058,2021-05-27T20:38:17.000Z,q12021eprexhibit991.htm,https://www.sec.gov/Archives/edgar/data/39911/000003991121000058/q12021eprexhibit991.htm,f7eb3f8cc71ed1f91d46fbc17e83784f72ae5784ea1c81590c6cc127e952af49,HTML_DIV,/html/body/document/type/sequence/filename/description/text/div[20],"SAN FRANCISCO – May 27, 2021 – Gap Inc. (NYSE: GPS), a portfolio of purpose-led, lifestyle brands including Old Navy, Gap, Banana Republic, and Athleta, and the largest specialty apparel company in the U.S., reported first quarter fiscal year 2021 diluted earnings per share of $0.43. Excluding charges associated with divestiture activity related to the Janie & Jack business and Intermix business, adjusted first quarter 2021 earnings per share were $0.48. The company raised its full year reported diluted earnings per share guidance to be in the range of $1.55 to $1.70, and $1.60 to $1.75 on an adjusted basis.",EPS,FY2021,UNSPECIFIED,NOT_APPLICABLE,USD_PER_SHARE,1.55,1.7,1.625,559,CURRENT_CANDIDATE,CURRENT_GUIDANCE_RANGE,V3_RANGE_BOUND_NOT_SOURCE_REVIEWED,b407060d39c788c6b57692565ae334366d17d00a980d1d68989f2492c3818d1f
GAP,0000039911,0000039911-21-000058,2021-05-27T20:38:17.000Z,q12021eprexhibit991.htm,https://www.sec.gov/Archives/edgar/data/39911/000003991121000058/q12021eprexhibit991.htm,f7eb3f8cc71ed1f91d46fbc17e83784f72ae5784ea1c81590c6cc127e952af49,HTML_DIV,/html/body/document/type/sequence/filename/description/text/div[20],"SAN FRANCISCO – May 27, 2021 – Gap Inc. (NYSE: GPS), a portfolio of purpose-led, lifestyle brands including Old Navy, Gap, Banana Republic, and Athleta, and the largest specialty apparel company in the U.S., reported first quarter fiscal year 2021 diluted earnings per share of $0.43. Excluding charges associated with divestiture activity related to the Janie & Jack business and Intermix business, adjusted first quarter 2021 earnings per share were $0.48. The company raised its full year reported diluted earnings per share guidance to be in the range of $1.55 to $1.70, and $1.60 to $1.75 on an adjusted basis.",EPS,FY2021,UNSPECIFIED,NOT_APPLICABLE,USD_PER_SHARE,1.6,1.75,1.675,579,CURRENT_CANDIDATE,CURRENT_GUIDANCE_RANGE,V3_RANGE_BOUND_NOT_SOURCE_REVIEWED,411be6e89fb08d8a8992ff2eab0527d47c3c23a4e676c33cc01ebf7ce195ca98
BWA,0000908255,0000908255-21-000045,2021-08-04T12:30:00.000Z,a20210630ex991pressrelease.htm,https://www.sec.gov/Archives/edgar/data/908255/000090825521000045/a20210630ex991pressrelease.htm,0d321004263b34bae299393316368e624bbf275c68ae4e0d47d066e5a4da4167,HTML_DIV,/html/body/document/type/sequence/filename/description/text/div[44],"Full Year 2021 Guidance: For the full-year 2021, net sales are expected to be in the range of $15.2 billion to $15.6 billion, under the assumption that there are no additional production disruptions arising from COVID-19. This implies a year-over-year increase in organic sales of 14% to 17%. The Company expects its weighted light and commercial vehicle markets to increase in the range of approximately 8.5% to 11.0% in 2021. The acquisition of AKASOL AG is expected to increase year-over-year sales by approximately $75 million. Foreign currencies are expected to result in a year-over-year increase in sales of approximately $520 million primarily due to the strengthening of the Euro, Chinese Renminbi and Korean Won against the U.S. dollar.",REVENUE,FY2021,UNSPECIFIED,NOT_APPLICABLE,USD,15200000000,15600000000,15400000000,94,CURRENT_CANDIDATE,CURRENT_GUIDANCE_RANGE,V3_RANGE_BOUND_NOT_SOURCE_REVIEWED,7c780b06f8ebfbce2e92c7e79b8d410041d0fb0cd968c0a838e79969c1a6e78e
TRMB,0000864749,0000864749-21-000106,2021-08-04T20:33:49.000Z,a2021q2-8kex991.htm,https://www.sec.gov/Archives/edgar/data/864749/000086474921000106/a2021q2-8kex991.htm,c9d0de018f35cf20c3a910e040ce994786ff66f7396e531f864687f1ae1dec58,HTML_DIV,/html/body/document/type/sequence/filename/description/text/div[22],"For the full year 2021, Trimble now expects to report GAAP revenue between $3,550 million and $3,650 million and GAAP earnings per share of $1.53 to $1.71, and non-GAAP revenue between $3,550 million and $3,650 million and non-GAAP earnings per share of $2.45 and $2.65. GAAP guidance assumes a tax rate of 17.0 to 18.0 percent and non-GAAP guidance assumes a tax rate of 17.5 percent. Both GAAP and non-GAAP earnings per share assume approximately 254 million shares outstanding. A reconciliation of the non-GAAP measures to the most directly comparable GAAP measures and other information relating to these non-GAAP measures are included in the supplemental reconciliation scheduled attached.",REVENUE,FY2021,GAAP,NOT_APPLICABLE,USD,3550000000,3650000000,3600000000,75,CURRENT_CANDIDATE,CURRENT_GUIDANCE_RANGE,V3_RANGE_BOUND_NOT_SOURCE_REVIEWED,e7ee95ae59a38b9d16c7539898f274445fd1584b731475e78705bb9cd45b599c
TRMB,0000864749,0000864749-21-000106,2021-08-04T20:33:49.000Z,a2021q2-8kex991.htm,https://www.sec.gov/Archives/edgar/data/864749/000086474921000106/a2021q2-8kex991.htm,c9d0de018f35cf20c3a910e040ce994786ff66f7396e531f864687f1ae1dec58,HTML_DIV,/html/body/document/type/sequence/filename/description/text/div[22],"For the full year 2021, Trimble now expects to report GAAP revenue between $3,550 million and $3,650 million and GAAP earnings per share of $1.53 to $1.71, and non-GAAP revenue between $3,550 million and $3,650 million and non-GAAP earnings per share of $2.45 and $2.65. GAAP guidance assumes a tax rate of 17.0 to 18.0 percent and non-GAAP guidance assumes a tax rate of 17.5 percent. Both GAAP and non-GAAP earnings per share assume approximately 254 million shares outstanding. A reconciliation of the non-GAAP measures to the most directly comparable GAAP measures and other information relating to these non-GAAP measures are included in the supplemental reconciliation scheduled attached.",EPS,FY2021,GAAP,NOT_APPLICABLE,USD_PER_SHARE,1.53,1.71,1.62,140,CURRENT_CANDIDATE,CURRENT_GUIDANCE_RANGE,V3_RANGE_BOUND_NOT_SOURCE_REVIEWED,06287c5f02d7d77158694cb8c43cd252e34a3de22b361e356fcf198bc7c74e6b
TRMB,0000864749,0000864749-21-000106,2021-08-04T20:33:49.000Z,a2021q2-8kex991.htm,https://www.sec.gov/Archives/edgar/data/864749/000086474921000106/a2021q2-8kex991.htm,c9d0de018f35cf20c3a910e040ce994786ff66f7396e531f864687f1ae1dec58,HTML_DIV,/html/body/document/type/sequence/filename/description/text/div[22],"For the full year 2021, Trimble now expects to report GAAP revenue between $3,550 million and $3,650 million and GAAP earnings per share of $1.53 to $1.71, and non-GAAP revenue between $3,550 million and $3,650 million and non-GAAP earnings per share of $2.45 and $2.65. GAAP guidance assumes a tax rate of 17.0 to 18.0 percent and non-GAAP guidance assumes a tax rate of 17.5 percent. Both GAAP and non-GAAP earnings per share assume approximately 254 million shares outstanding. A reconciliation of the non-GAAP measures to the most directly comparable GAAP measures and other information relating to these non-GAAP measures are included in the supplemental reconciliation scheduled attached.",REVENUE,FY2021,NON_GAAP,NOT_APPLICABLE,USD,3550000000,3650000000,3600000000,185,CURRENT_CANDIDATE,CURRENT_GUIDANCE_RANGE,V3_RANGE_BOUND_NOT_SOURCE_REVIEWED,53757e4cfd8b12c5332ac006aba8094fad38765eb61bdf544285bfd060104a2f
TRMB,0000864749,0000864749-21-000106,2021-08-04T20:33:49.000Z,a2021q2-8kex991.htm,https://www.sec.gov/Archives/edgar/data/864749/000086474921000106/a2021q2-8kex991.htm,c9d0de018f35cf20c3a910e040ce994786ff66f7396e531f864687f1ae1dec58,HTML_DIV,/html/body/document/type/sequence/filename/description/text/div[22],"For the full year 2021, Trimble now expects to report GAAP revenue between $3,550 million and $3,650 million and GAAP earnings per share of $1.53 to $1.71, and non-GAAP revenue between $3,550 million and $3,650 million and non-GAAP earnings per share of $2.45 and $2.65. GAAP guidance assumes a tax rate of 17.0 to 18.0 percent and non-GAAP guidance assumes a tax rate of 17.5 percent. Both GAAP and non-GAAP earnings per share assume approximately 254 million shares outstanding. A reconciliation of the non-GAAP measures to the most directly comparable GAAP measures and other information relating to these non-GAAP measures are included in the supplemental reconciliation scheduled attached.",EPS,FY2021,NON_GAAP,NOT_APPLICABLE,USD_PER_SHARE,2.45,2.65,2.55,254,CURRENT_CANDIDATE,CURRENT_GUIDANCE_RANGE,V3_RANGE_BOUND_NOT_SOURCE_REVIEWED,be924602ee7c7c6817d4101cedfd94853734c13f69d40b3afe301486b3d19659
GAP,0000039911,0000039911-21-000105,2021-08-26T20:19:52.000Z,q22021eprexhibit991.htm,https://www.sec.gov/Archives/edgar/data/39911/000003991121000105/q22021eprexhibit991.htm,14382568e1167a2ac254a49b63284ddf95920309a56a3345cf5b013144b08e4a,HTML_DIV,/html/body/document/type/sequence/filename/description/text/div[20],"SAN FRANCISCO – August 26, 2021 – Gap Inc. (NYSE: GPS), a portfolio of purpose-led, billion-dollar lifestyle brands including Old Navy, Gap, Banana Republic, and Athleta, and the largest specialty apparel company in the U.S., reported second quarter fiscal year 2021 diluted earnings per share of $0.67. Excluding charges primarily associated with strategic changes to its operating model in Europe, adjusted earnings per share were $0.70. The company raised its full year reported diluted earnings per share guidance to be in the range of $1.90 to $2.05, and $2.10 to $2.25 on an adjusted basis.",EPS,FY2021,UNSPECIFIED,NOT_APPLICABLE,USD_PER_SHARE,1.9,2.05,1.975,540,CURRENT_CANDIDATE,CURRENT_GUIDANCE_RANGE,V3_RANGE_BOUND_NOT_SOURCE_REVIEWED,e9e391acbc815c02354085d9c3c1e12f86fa4385a2583f95923d33e814c7a322
GAP,0000039911,0000039911-21-000105,2021-08-26T20:19:52.000Z,q22021eprexhibit991.htm,https://www.sec.gov/Archives/edgar/data/39911/000003991121000105/q22021eprexhibit991.htm,14382568e1167a2ac254a49b63284ddf95920309a56a3345cf5b013144b08e4a,HTML_DIV,/html/body/document/type/sequence/filename/description/text/div[20],"SAN FRANCISCO – August 26, 2021 – Gap Inc. (NYSE: GPS), a portfolio of purpose-led, billion-dollar lifestyle brands including Old Navy, Gap, Banana Republic, and Athleta, and the largest specialty apparel company in the U.S., reported second quarter fiscal year 2021 diluted earnings per share of $0.67. Excluding charges primarily associated with strategic changes to its operating model in Europe, adjusted earnings per share were $0.70. The company raised its full year reported diluted earnings per share guidance to be in the range of $1.90 to $2.05, and $2.10 to $2.25 on an adjusted basis.",EPS,FY2021,UNSPECIFIED,NOT_APPLICABLE,USD_PER_SHARE,2.1,2.25,2.175,560,CURRENT_CANDIDATE,CURRENT_GUIDANCE_RANGE,V3_RANGE_BOUND_NOT_SOURCE_REVIEWED,a253adf6a5780f685200c88acda9991394d2edcc1082f2c5c2672dfcd6386d53
NWL,0000814453,0000814453-21-000148,2021-10-29T11:28:25.000Z,exhibit991-q3xseptember_20.htm,https://www.sec.gov/Archives/edgar/data/814453/000081445321000148/exhibit991-q3xseptember_20.htm,1f4b7b72f091ea41c3dc7222ae58176a19fcc65b2d6a3c1d271cd13532d1c415,HTML_DIV,/html/body/document/type/sequence/filename/description/text/div[16],"Chris Peterson, Chief Financial Officer and President, Business Operations, said, “During the third quarter, strong operational delivery, coupled with financial discipline, enabled us to deliver better than anticipated operating profit and sustained progress on the cash conversion cycle. While the external environment remains challenging and volatile, strong year-to-date results give us confidence to raise our top and bottom line outlooks for full year 2021. We now forecast core sales growth of 10 to 11 percent and normalized earnings per share of $1.69 to $1.73 in 2021.""",EPS,FY2021,UNSPECIFIED,NOT_APPLICABLE,USD_PER_SHARE,1.69,1.73,1.71,554,CURRENT_CANDIDATE,CURRENT_GUIDANCE_RANGE,V3_RANGE_BOUND_NOT_SOURCE_REVIEWED,6a5cb60d8568bc7763bdba7161100ac0b5034a21d3575905f4165e7b1182a415
BWA,0000908255,0000908255-21-000051,2021-11-03T12:46:56.000Z,a20210930ex991pressrelease.htm,https://www.sec.gov/Archives/edgar/data/908255/000090825521000051/a20210930ex991pressrelease.htm,7b9ade2b18223995362e194c532b4d90fb3ffe13e4966e120390a7f2900732e4,HTML_DIV,/html/body/document/type/sequence/filename/description/text/div[40],"Full Year 2021 Guidance: For the full-year 2021, net sales are expected to be in the range of $14.4 billion to $14.7 billion, under the assumption that the semiconductor supply issues do not worsen and there are no additional production disruptions arising from COVID-19. This implies a year-over-year increase in organic sales of 8.5% to 11%. The Company expects its weighted light and commercial vehicle markets to be in the range of down approximately 2.5% to flat in 2021. The acquisition of AKASOL is expected to increase year-over-year sales by approximately $70 million. Foreign currencies are expected to result in a year-over-year increase in sales of approximately $425 million primarily due to the strengthening of the Euro, Chinese Renminbi and Korean Won against the U.S. dollar.",REVENUE,FY2021,UNSPECIFIED,NOT_APPLICABLE,USD,14400000000,14700000000,14550000000,94,CURRENT_CANDIDATE,CURRENT_GUIDANCE_RANGE,V3_RANGE_BOUND_NOT_SOURCE_REVIEWED,86a3313b5e90475346dc4d1e41e04c46624d9fc0159bbb0813f86c5569531048
TRMB,0000864749,0000864749-21-000135,2021-11-03T20:34:57.000Z,a2021q3-8kex991.htm,https://www.sec.gov/Archives/edgar/data/864749/000086474921000135/a2021q3-8kex991.htm,ed92a65f4ea5b7b516487593392659d0ea9f54241f6196fab8cc9bceb9de4b51,HTML_DIV,/html/body/document/type/sequence/filename/description/text/div[23],"For the full-year 2021, Trimble now expects to report GAAP revenue between $3,590 million and $3,640 million and GAAP earnings per share of $1.69 to $1.77, and non-GAAP revenue between $3,590 million and $3,640 million and non-GAAP earnings per share of $2.61 to $2.69. GAAP guidance assumes a tax rate of 17.0 to 18.0 percent and non-GAAP guidance assumes a tax rate of 17.5 to 18.0 percent. Both GAAP and non-GAAP earnings per share assume approximately 254 million shares outstanding. A reconciliation of the non-GAAP measures to the most directly comparable GAAP measures and other information relating to these non-GAAP measures are included in the supplemental reconciliation scheduled attached.",REVENUE,FY2021,GAAP,NOT_APPLICABLE,USD,3590000000,3640000000,3615000000,75,CURRENT_CANDIDATE,CURRENT_GUIDANCE_RANGE,V3_RANGE_BOUND_NOT_SOURCE_REVIEWED,fe086abb9a975be968a0a2d8c5d12355f55ac48351853ed7ea171398a0fd91c7
TRMB,0000864749,0000864749-21-000135,2021-11-03T20:34:57.000Z,a2021q3-8kex991.htm,https://www.sec.gov/Archives/edgar/data/864749/000086474921000135/a2021q3-8kex991.htm,ed92a65f4ea5b7b516487593392659d0ea9f54241f6196fab8cc9bceb9de4b51,HTML_DIV,/html/body/document/type/sequence/filename/description/text/div[23],"For the full-year 2021, Trimble now expects to report GAAP revenue between $3,590 million and $3,640 million and GAAP earnings per share of $1.69 to $1.77, and non-GAAP revenue between $3,590 million and $3,640 million and non-GAAP earnings per share of $2.61 to $2.69. GAAP guidance assumes a tax rate of 17.0 to 18.0 percent and non-GAAP guidance assumes a tax rate of 17.5 to 18.0 percent. Both GAAP and non-GAAP earnings per share assume approximately 254 million shares outstanding. A reconciliation of the non-GAAP measures to the most directly comparable GAAP measures and other information relating to these non-GAAP measures are included in the supplemental reconciliation scheduled attached.",EPS,FY2021,GAAP,NOT_APPLICABLE,USD_PER_SHARE,1.69,1.77,1.73,140,CURRENT_CANDIDATE,CURRENT_GUIDANCE_RANGE,V3_RANGE_BOUND_NOT_SOURCE_REVIEWED,c9c55014e400e241fe0d27d51f35d4df7a0328da4a515b6e31cf3337bf45aa8b
TRMB,0000864749,0000864749-21-000135,2021-11-03T20:34:57.000Z,a2021q3-8kex991.htm,https://www.sec.gov/Archives/edgar/data/864749/000086474921000135/a2021q3-8kex991.htm,ed92a65f4ea5b7b516487593392659d0ea9f54241f6196fab8cc9bceb9de4b51,HTML_DIV,/html/body/document/type/sequence/filename/description/text/div[23],"For the full-year 2021, Trimble now expects to report GAAP revenue between $3,590 million and $3,640 million and GAAP earnings per share of $1.69 to $1.77, and non-GAAP revenue between $3,590 million and $3,640 million and non-GAAP earnings per share of $2.61 to $2.69. GAAP guidance assumes a tax rate of 17.0 to 18.0 percent and non-GAAP guidance assumes a tax rate of 17.5 to 18.0 percent. Both GAAP and non-GAAP earnings per share assume approximately 254 million shares outstanding. A reconciliation of the non-GAAP measures to the most directly comparable GAAP measures and other information relating to these non-GAAP measures are included in the supplemental reconciliation scheduled attached.",REVENUE,FY2021,NON_GAAP,NOT_APPLICABLE,USD,3590000000,3640000000,3615000000,185,CURRENT_CANDIDATE,CURRENT_GUIDANCE_RANGE,V3_RANGE_BOUND_NOT_SOURCE_REVIEWED,9b36c3344757b742d161b940bd5b2d61930f709ba052ea905215a3853607555a
TRMB,0000864749,0000864749-21-000135,2021-11-03T20:34:57.000Z,a2021q3-8kex991.htm,https://www.sec.gov/Archives/edgar/data/864749/000086474921000135/a2021q3-8kex991.htm,ed92a65f4ea5b7b516487593392659d0ea9f54241f6196fab8cc9bceb9de4b51,HTML_DIV,/html/body/document/type/sequence/filename/description/text/div[23],"For the full-year 2021, Trimble now expects to report GAAP revenue between $3,590 million and $3,640 million and GAAP earnings per share of $1.69 to $1.77, and non-GAAP revenue between $3,590 million and $3,640 million and non-GAAP earnings per share of $2.61 to $2.69. GAAP guidance assumes a tax rate of 17.0 to 18.0 percent and non-GAAP guidance assumes a tax rate of 17.5 to 18.0 percent. Both GAAP and non-GAAP earnings per share assume approximately 254 million shares outstanding. A reconciliation of the non-GAAP measures to the most directly comparable GAAP measures and other information relating to these non-GAAP measures are included in the supplemental reconciliation scheduled attached.",EPS,FY2021,NON_GAAP,NOT_APPLICABLE,USD_PER_SHARE,2.61,2.69,2.65,254,CURRENT_CANDIDATE,CURRENT_GUIDANCE_RANGE,V3_RANGE_BOUND_NOT_SOURCE_REVIEWED,7ac1e0c87e0e070524d36688acdab092c320202420407a1d549beb674fb2a62e
LULU,0001397187,0001397187-21-000038,2021-12-09T21:10:55.000Z,lulu-20211031xex991.htm,https://www.sec.gov/Archives/edgar/data/1397187/000139718721000038/lulu-20211031xex991.htm,e9879f9601c38a6d9adc16258a3b3067a6d6124ea477d2b646858ab6c3cb3fa4,HTML_DIV,/html/body/document/type/sequence/filename/description/text/div[35],"For the fourth quarter of 2021, we expect net revenue to be in the range of $2.125 billion to $2.165 billion. Diluted earnings per share are expected to be in the range of $3.24 to $3.31 for the quarter and adjusted diluted earnings per share are expected to be in the range of $3.25 to $3.32.",REVENUE,Q4-2021,UNSPECIFIED,NOT_APPLICABLE,USD,2125000000,2165000000,2145000000,76,CURRENT_CANDIDATE,CURRENT_GUIDANCE_RANGE,V3_RANGE_BOUND_NOT_SOURCE_REVIEWED,e66ec3ae172480006921964d2b915add0f88cb958c51ad022388fcbb560edd7d
FMC,0000037785,0000037785-22-000010,2022-02-08T21:43:38.000Z,fmcex991123121ng.htm,https://www.sec.gov/Archives/edgar/data/37785/000003778522000010/fmcex991123121ng.htm,c8cf3a5a4a32b52b5e299f5b1598d232edb8471dfe7e7c9d3a1f5a23bbe553ee,HTML_DIV,/html/body/document/type/sequence/filename/description/text/div[58],"First quarter 2022 revenue is expected to be in the range of $1.22 billion to $1.34 billion, representing a 7 percent increase at the midpoint compared to first quarter 2021. Adjusted EBITDA is forecast to be in the range of $300 million to $350 million, representing a 6 percent increase at the midpoint versus first quarter 2021. FMC expects adjusted earnings per diluted share to be in the range of $1.50 to $1.90 in the first quarter, an increase of 11 percent at the midpoint.",REVENUE,Q1-2022,UNSPECIFIED,NOT_APPLICABLE,USD,1220000000,1340000000,1280000000,61,CURRENT_CANDIDATE,CURRENT_GUIDANCE_RANGE,V3_RANGE_BOUND_NOT_SOURCE_REVIEWED,b356875ca3a691b9b3bbc65ba32aa0f4392e1496385a5b6f14b45af03a7ad450
TRMB,0000864749,0000864749-22-000012,2022-02-09T12:12:56.000Z,a2021q4-8kex991.htm,https://www.sec.gov/Archives/edgar/data/864749/000086474922000012/a2021q4-8kex991.htm,0c88a379c3bafe87aa095b6d892b69a8dd56db61d42e2c4ae02b49dfdff6ba56,HTML_DIV,/html/body/document/type/sequence/filename/description/text/div[28],"For the full year 2022, Trimble expects to report GAAP revenue between $3,950 million and $4,050 million and GAAP earnings per share of $1.80 to $1.99, and non-GAAP revenue between $3,950 million and $4,050 million and non-GAAP earnings per share of $2.75 to $2.95. GAAP guidance assumes a tax rate of 21.5 percent and non-GAAP guidance assumes a tax rate of 18.0 percent. Both GAAP and non-GAAP earnings per share assume approximately 254 million shares outstanding. A reconciliation of the non-GAAP measures to the most directly comparable GAAP measures and other information relating to these non-GAAP measures are included in the supplemental reconciliation schedule attached.",REVENUE,FY2022,GAAP,NOT_APPLICABLE,USD,3950000000,4050000000,4000000000,71,CURRENT_CANDIDATE,CURRENT_GUIDANCE_RANGE,V3_RANGE_BOUND_NOT_SOURCE_REVIEWED,1534e91916d8261931142d54f1e3f01a687f0cf9ed8e969bd2f3ede30438617a
TRMB,0000864749,0000864749-22-000012,2022-02-09T12:12:56.000Z,a2021q4-8kex991.htm,https://www.sec.gov/Archives/edgar/data/864749/000086474922000012/a2021q4-8kex991.htm,0c88a379c3bafe87aa095b6d892b69a8dd56db61d42e2c4ae02b49dfdff6ba56,HTML_DIV,/html/body/document/type/sequence/filename/description/text/div[28],"For the full year 2022, Trimble expects to report GAAP revenue between $3,950 million and $4,050 million and GAAP earnings per share of $1.80 to $1.99, and non-GAAP revenue between $3,950 million and $4,050 million and non-GAAP earnings per share of $2.75 to $2.95. GAAP guidance assumes a tax rate of 21.5 percent and non-GAAP guidance assumes a tax rate of 18.0 percent. Both GAAP and non-GAAP earnings per share assume approximately 254 million shares outstanding. A reconciliation of the non-GAAP measures to the most directly comparable GAAP measures and other information relating to these non-GAAP measures are included in the supplemental reconciliation schedule attached.",EPS,FY2022,GAAP,NOT_APPLICABLE,USD_PER_SHARE,1.8,1.99,1.895,136,CURRENT_CANDIDATE,CURRENT_GUIDANCE_RANGE,V3_RANGE_BOUND_NOT_SOURCE_REVIEWED,f8c1a544a7635730ce54fc05b24c94a981fd7abd3e7ea2fc09d5a4202a7bc8ba
TRMB,0000864749,0000864749-22-000012,2022-02-09T12:12:56.000Z,a2021q4-8kex991.htm,https://www.sec.gov/Archives/edgar/data/864749/000086474922000012/a2021q4-8kex991.htm,0c88a379c3bafe87aa095b6d892b69a8dd56db61d42e2c4ae02b49dfdff6ba56,HTML_DIV,/html/body/document/type/sequence/filename/description/text/div[28],"For the full year 2022, Trimble expects to report GAAP revenue between $3,950 million and $4,050 million and GAAP earnings per share of $1.80 to $1.99, and non-GAAP revenue between $3,950 million and $4,050 million and non-GAAP earnings per share of $2.75 to $2.95. GAAP guidance assumes a tax rate of 21.5 percent and non-GAAP guidance assumes a tax rate of 18.0 percent. Both GAAP and non-GAAP earnings per share assume approximately 254 million shares outstanding. A reconciliation of the non-GAAP measures to the most directly comparable GAAP measures and other information relating to these non-GAAP measures are included in the supplemental reconciliation schedule attached.",REVENUE,FY2022,NON_GAAP,NOT_APPLICABLE,USD,3950000000,4050000000,4000000000,181,CURRENT_CANDIDATE,CURRENT_GUIDANCE_RANGE,V3_RANGE_BOUND_NOT_SOURCE_REVIEWED,bce4cc60aacd159beb9c93fd7c5387ac5f2ec9db3d47754036ffc80e1027109d
TRMB,0000864749,0000864749-22-000012,2022-02-09T12:12:56.000Z,a2021q4-8kex991.htm,https://www.sec.gov/Archives/edgar/data/864749/000086474922000012/a2021q4-8kex991.htm,0c88a379c3bafe87aa095b6d892b69a8dd56db61d42e2c4ae02b49dfdff6ba56,HTML_DIV,/html/body/document/type/sequence/filename/description/text/div[28],"For the full year 2022, Trimble expects to report GAAP revenue between $3,950 million and $4,050 million and GAAP earnings per share of $1.80 to $1.99, and non-GAAP revenue between $3,950 million and $4,050 million and non-GAAP earnings per share of $2.75 to $2.95. GAAP guidance assumes a tax rate of 21.5 percent and non-GAAP guidance assumes a tax rate of 18.0 percent. Both GAAP and non-GAAP earnings per share assume approximately 254 million shares outstanding. A reconciliation of the non-GAAP measures to the most directly comparable GAAP measures and other information relating to these non-GAAP measures are included in the supplemental reconciliation schedule attached.",EPS,FY2022,NON_GAAP,NOT_APPLICABLE,USD_PER_SHARE,2.75,2.95,2.85,250,CURRENT_CANDIDATE,CURRENT_GUIDANCE_RANGE,V3_RANGE_BOUND_NOT_SOURCE_REVIEWED,f30a5926ece90b839f7bad9f4c0591590a07a9d479a9bd6f28d3f2ad68809c3d
CSGP,0001057352,0001057352-22-000022,2022-02-22T21:22:39.000Z,q42021earningspressrelease.htm,https://www.sec.gov/Archives/edgar/data/1057352/000105735222000022/q42021earningspressrelease.htm,dbc126a351fa2bda03e9c3c76aa5a336f7843b3e2a57827ac8d50765488c477c,HTML_DIV,/html/body/document/type/sequence/filename/description/text/div[30],"The Company expects revenue in the range of $2.145 billion to $2.165 billion for the full year of 2022, representing growth of approximately 11% year-over-year at the midpoint of the range. We expect revenue for the first quarter of 2022 in the range of $510 million to $515 million, representing revenue growth of approximately 12% year-over-year at the midpoint of the range.",REVENUE,Q1-2022,UNSPECIFIED,NOT_APPLICABLE,USD,510000000,515000000,512500000,254,CURRENT_CANDIDATE,CURRENT_GUIDANCE_RANGE,V3_RANGE_BOUND_NOT_SOURCE_REVIEWED,7526cdcea0650eb300c6da399e148e9e117008f2af5e327c77717bc1107dbe1e
XRAY,0000818479,0000818479-22-000012,2022-02-28T12:20:21.000Z,dentsply8kq42021ex991.htm,https://www.sec.gov/Archives/edgar/data/818479/000081847922000012/dentsply8kq42021ex991.htm,871c69b4f61020d9a6bb3cda8a6248f026e9a3cc0e5529564f0b0ee9258c0577,HTML_DIV,/html/body/document/type/sequence/filename/description/text/div[49],"The outlook for 2022 includes organic sales growth of 4% to 5%, with net sales in the range of $4.3 to $4.4 billion. Adjusted operating income margin is expected to be greater than 21% for the full year, with a target of 22% by the fourth quarter of 2022. Adjusted EPS is estimated to be in the range of $3.05 to $3.25, up 6% to 13% year-over-year.",EPS,Q4-2022,NON_GAAP,NOT_APPLICABLE,USD_PER_SHARE,3.05,3.25,3.15,304,CURRENT_CANDIDATE,CURRENT_GUIDANCE_RANGE,V3_RANGE_BOUND_NOT_SOURCE_REVIEWED,bd27eb8d65c747b6b7dd78921ddb7410db1a7b412a935270a4962df5616b9d76
CSGP,0001057352,0001057352-22-000050,2022-04-26T20:18:44.000Z,q12022earningspressrelease.htm,https://www.sec.gov/Archives/edgar/data/1057352/000105735222000050/q12022earningspressrelease.htm,d6465378d5fc93d25d0fd991acb351eb28c0d7e8ed2daa9e07154039c0197970,HTML_DIV,/html/body/document/type/sequence/filename/description/text/div[28],"The Company is raising its revenue guidance to a range of $2.15 billion to $2.17 billion for the full year of 2022, an increase of $5 million at the midpoint of the range compared to the prior outlook. The Company expects revenue for the second quarter of 2022 in the range of $529 million to $534 million, representing revenue growth of approximately 11% over the second quarter of 2021 at the midpoint of the range.",REVENUE,Q2-2022,UNSPECIFIED,NOT_APPLICABLE,USD,529000000,534000000,531500000,277,CURRENT_CANDIDATE,CURRENT_GUIDANCE_RANGE,V3_RANGE_BOUND_NOT_SOURCE_REVIEWED,f39899ccfbce54978fe4603758115aaf69d0201ee08dda674d932034a6dedcb2
PCG,0001004980,0001004980-22-000069,2022-04-28T12:01:53.000Z,q122earningspresentation.htm,https://www.sec.gov/Archives/edgar/data/1004980/000100498022000069/q122earningspresentation.htm,8c2c8d83073c5384592247ff24d4d6f3662ba87823a5b1887fac57bbc5bdfb8f,HTML_DIV,/html/body/document/type/sequence/filename/description/text/div/div/div[3]/div[1],® 3Presentation endnotes are included in Appendix 4. For Customers and Investors Delivering On Our 2022 Non-GAAP Core EPS Guidance Q1 RESULTS First Quarter 2022 Non-GAAP Core EPS1 of 30¢ FULL YEAR GUIDANCE 2022 Non-GAAP Core EPS1 of $1.07 - $1.13 4 We deliver on our EPS growth target for investors AND put surplus performance to work for our customers,EPS,Q1-2022,NON_GAAP,NOT_APPLICABLE,USD_PER_SHARE,1.07,1.13,1.1,233,CURRENT_CANDIDATE,CURRENT_GUIDANCE_RANGE,V3_RANGE_BOUND_NOT_SOURCE_REVIEWED,cf667ee4aa8e871e3f0843fd91c98309862399582fadaaad34980711be55a456
NWL,0000814453,0000814453-22-000065,2022-04-29T11:30:37.000Z,exhibit991-q1_2022xmarchx2.htm,https://www.sec.gov/Archives/edgar/data/814453/000081445322000065/exhibit991-q1_2022xmarchx2.htm,7ad5c009cfb82d7d0548623ba6aea110e83e44980c9f4e33b303fb4476063280,HTML_DIV,/html/body/document/type/sequence/filename/description/text/div[29],"–The company reaffirmed its full year 2022 net sales and normalized earnings per share outlook of $9.93 billion to $10.13 billion and $1.85 to $1.93, respectively.",EPS,FY2022,UNSPECIFIED,NOT_APPLICABLE,USD_PER_SHARE,1.85,1.93,1.89,134,CURRENT_CANDIDATE,CURRENT_GUIDANCE_RANGE,V3_RANGE_BOUND_NOT_SOURCE_REVIEWED,81fb199b7d05f4f788e05a4f9f33f0767023c3ca592a59a1e80134d9295b4aa1
SMCI,0001375365,0001375365-22-000053,2022-05-03T20:08:06.000Z,exhibit991_20220331.htm,https://www.sec.gov/Archives/edgar/data/1375365/000137536522000053/exhibit991_20220331.htm,84624f109f082a36dc387668b89e05ef1e4abfd0dd56a722a2139a7d581dacd8,HTML_DIV,/html/body/document/type/sequence/filename/description/text/div[33],"For the fourth quarter of fiscal year 2022 ending June 30, 2022, the Company expects net sales of $1.4 billion to $1.48 billion, GAAP net income per diluted share of $1.45 to $1.64 and non-GAAP net income per diluted share of $1.51 to $1.69. The Company’s projections for GAAP and non-GAAP net income per diluted share assume a tax rate of approximately 17.4% and 19.4%, respectively, and a fully diluted share count of 54.3 million shares for GAAP and fully diluted share count of 55.7 million shares for non-GAAP. The outlook for Q4 of fiscal year 2022 GAAP net income per diluted share includes approximately $8.0 million in expected stock-based compensation expense and $1.0 million in other expenses that are excluded from non-GAAP net income per diluted share.",REVENUE,FY2022,UNSPECIFIED,NOT_APPLICABLE,USD,1400000000,1480000000,1440000000,98,CURRENT_CANDIDATE,CURRENT_GUIDANCE_RANGE,V3_RANGE_BOUND_NOT_SOURCE_REVIEWED,90320808eed82149c06de350c27e3c6bc1554afaa98c5b40761f40a27b0991cb
SMCI,0001375365,0001375365-22-000053,2022-05-03T20:08:06.000Z,exhibit991_20220331.htm,https://www.sec.gov/Archives/edgar/data/1375365/000137536522000053/exhibit991_20220331.htm,84624f109f082a36dc387668b89e05ef1e4abfd0dd56a722a2139a7d581dacd8,HTML_DIV,/html/body/document/type/sequence/filename/description/text/div[35],"For fiscal year 2022 ending June 30, 2022, the Company raises its previous guidance of net sales from $4.2 billion to $4.6 billion to a new range of $4.96 billion to $5.04 billion, and raises its GAAP net income per diluted share of at least $2.77 to a new range of $4.16 to $4.35 and non-GAAP net income per diluted share of at least $3.20 to a new range of $4.53 to $4.71. The Company’s projections for GAAP and non-GAAP net income per diluted share assume a tax rate of approximately 16.5% and 18.7%, respectively, and a fully diluted share count of 53.6 million shares for GAAP and fully diluted share count of 55.1 million shares for non-GAAP. The outlook for fiscal year 2022 GAAP net income per diluted share includes approximately $39.0 million in expected stock-based compensation expense and other expenses that are excluded from non-GAAP net income per diluted share.",REVENUE,FY2022,UNSPECIFIED,NOT_APPLICABLE,USD,4960000000,5040000000,5000000000,149,CURRENT_CANDIDATE,CURRENT_GUIDANCE_RANGE,V3_RANGE_BOUND_NOT_SOURCE_REVIEWED,79668bb90cbf07e063a1d1ac96e6adb8bf02c702e063c0a950f533cb37086a0c
CSGP,0001057352,0001057352-22-000081,2022-07-26T20:10:58.000Z,q22022earningspressrelease.htm,https://www.sec.gov/Archives/edgar/data/1057352/000105735222000081/q22022earningspressrelease.htm,2f7e8c73ac1b745c37ff40fdac78a4a9b1fff34f3a2e8141d7ea442e97715d64,HTML_DIV,/html/body/document/type/sequence/filename/description/text/div[30],"The Company is raising its revenue guidance to a range of $2.165 billion to $2.180 billion for the full year of 2022, an increase of $13 million at the midpoint of the range compared to the prior outlook. The Company expects revenue for the third quarter of 2022 in the range of $552 million to $557 million, representing revenue growth of approximately 11% over the third quarter of 2021 at the midpoint of the range.",REVENUE,Q3-2022,UNSPECIFIED,NOT_APPLICABLE,USD,552000000,557000000,554500000,279,CURRENT_CANDIDATE,CURRENT_GUIDANCE_RANGE,V3_RANGE_BOUND_NOT_SOURCE_REVIEWED,764e7f4896f6b3769cca2e61a95e064799e56e298d3a7eae8a582ec3ad828384
NWL,0000814453,0000814453-22-000108,2022-07-29T11:32:33.000Z,exhibit991-q2_2022xjunex20.htm,https://www.sec.gov/Archives/edgar/data/814453/000081445322000108/exhibit991-q2_2022xjunex20.htm,ea70cde02828e8f7dc5be8cde22db2a2a6d691e1039502dace9e446526bbd58d,HTML_DIV,/html/body/document/type/sequence/filename/description/text/div[28],"–The company updated its full year 2022 net sales and normalized earnings per share outlook to $9.76 billion to $9.98 billion and $1.79 to $1.86, respectively.",EPS,FY2022,UNSPECIFIED,NOT_APPLICABLE,USD_PER_SHARE,1.79,1.86,1.825,130,CURRENT_CANDIDATE,CURRENT_GUIDANCE_RANGE,V3_RANGE_BOUND_NOT_SOURCE_REVIEWED,998d5156db7a8ca457b8a7234ff84dc38db13081a70d55c4c34f0b09656d4816
TRMB,0000864749,0000864749-22-000160,2022-08-05T11:07:15.000Z,a2022q2-8kex991.htm,https://www.sec.gov/Archives/edgar/data/864749/000086474922000160/a2022q2-8kex991.htm,c7264b78f6dc2f175e6ec9b859d19b24f67406defb6907c6d63af158b11a52fe,HTML_DIV,/html/body/document/type/sequence/filename/description/text/div[21],"For the full-year 2022, Trimble now expects to report revenue between $3,760 million and $3,820 million and GAAP earnings per share of $1.89 to $1.99, and non-GAAP earnings per share between $2.70 and $2.80. GAAP guidance assumes a tax rate of 23 percent and non-GAAP guidance assumes a tax rate of 18.5 percent. Both GAAP and non-GAAP earnings per share assume approximately 251 million shares outstanding. A reconciliation of the non-GAAP measures to the most directly comparable GAAP measures and other information relating to these non-GAAP measures are included in the supplemental reconciliation scheduled attached.",REVENUE,FY2022,UNSPECIFIED,NOT_APPLICABLE,USD,3760000000,3820000000,3790000000,70,CURRENT_CANDIDATE,CURRENT_GUIDANCE_RANGE,V3_RANGE_BOUND_NOT_SOURCE_REVIEWED,b99b5d22021b3726281cef87f09007e719dcbc30dd98bbbbdcdc707bfa8ad8ed
TRMB,0000864749,0000864749-22-000160,2022-08-05T11:07:15.000Z,a2022q2-8kex991.htm,https://www.sec.gov/Archives/edgar/data/864749/000086474922000160/a2022q2-8kex991.htm,c7264b78f6dc2f175e6ec9b859d19b24f67406defb6907c6d63af158b11a52fe,HTML_DIV,/html/body/document/type/sequence/filename/description/text/div[21],"For the full-year 2022, Trimble now expects to report revenue between $3,760 million and $3,820 million and GAAP earnings per share of $1.89 to $1.99, and non-GAAP earnings per share between $2.70 and $2.80. GAAP guidance assumes a tax rate of 23 percent and non-GAAP guidance assumes a tax rate of 18.5 percent. Both GAAP and non-GAAP earnings per share assume approximately 251 million shares outstanding. A reconciliation of the non-GAAP measures to the most directly comparable GAAP measures and other information relating to these non-GAAP measures are included in the supplemental reconciliation scheduled attached.",EPS,FY2022,GAAP,NOT_APPLICABLE,USD_PER_SHARE,1.89,1.99,1.94,135,CURRENT_CANDIDATE,CURRENT_GUIDANCE_RANGE,V3_RANGE_BOUND_NOT_SOURCE_REVIEWED,2a9651e36d1b38424ce9fca217a727aab279e5a4df483ad8dcb0b897b6e70b1c
TRMB,0000864749,0000864749-22-000160,2022-08-05T11:07:15.000Z,a2022q2-8kex991.htm,https://www.sec.gov/Archives/edgar/data/864749/000086474922000160/a2022q2-8kex991.htm,c7264b78f6dc2f175e6ec9b859d19b24f67406defb6907c6d63af158b11a52fe,HTML_DIV,/html/body/document/type/sequence/filename/description/text/div[21],"For the full-year 2022, Trimble now expects to report revenue between $3,760 million and $3,820 million and GAAP earnings per share of $1.89 to $1.99, and non-GAAP earnings per share between $2.70 and $2.80. GAAP guidance assumes a tax rate of 23 percent and non-GAAP guidance assumes a tax rate of 18.5 percent. Both GAAP and non-GAAP earnings per share assume approximately 251 million shares outstanding. A reconciliation of the non-GAAP measures to the most directly comparable GAAP measures and other information relating to these non-GAAP measures are included in the supplemental reconciliation scheduled attached.",EPS,FY2022,NON_GAAP,NOT_APPLICABLE,USD_PER_SHARE,2.7,2.8,2.75,191,CURRENT_CANDIDATE,CURRENT_GUIDANCE_RANGE,V3_RANGE_BOUND_NOT_SOURCE_REVIEWED,7ecb48188c2dd1ad0ff2e24c4d23635b85a9438890ad5b029e5ad70a21673246
LULU,0001397187,0001397187-22-000039,2022-09-01T20:10:00.000Z,lulu-20220731xex991.htm,https://www.sec.gov/Archives/edgar/data/1397187/000139718722000039/lulu-20220731xex991.htm,eae253ae358a624d21d3e1dfab8a6fcd25593372e1c4f5aab6d906e24a1e2b62,HTML_DIV,/html/body/document/type/sequence/filename/description/text/div[39],"For the third quarter of 2022, the Company expects net revenue to be in the range of $1.780 billion to $1.805 billion, representing a three-year compound annual growth rate of approximately 25%. Diluted earnings per share are expected to be in the range of $1.90 to $1.95 for the quarter.",REVENUE,Q3-2022,UNSPECIFIED,NOT_APPLICABLE,USD,1780000000,1805000000,1792500000,85,CURRENT_CANDIDATE,CURRENT_GUIDANCE_RANGE,V3_RANGE_BOUND_NOT_SOURCE_REVIEWED,a760445ccb3ededaff9c9ce9539c55d6f4414ae35a77e77fc8288b9d3ce1f4eb
CSGP,0001057352,0001057352-22-000115,2022-10-25T20:07:48.000Z,q32022earningspressrelease.htm,https://www.sec.gov/Archives/edgar/data/1057352/000105735222000115/q32022earningspressrelease.htm,09b6cfda16b1ef6234d1e96d7421bea3ca103aa7e929845d30e3754500c36d0b,HTML_DIV,/html/body/document/type/sequence/filename/description/text/div[28],"The Company is raising its revenue guidance to a range of $2.175 billion to $2.180 billion for the full year of 2022, an increase of $5 million at the midpoint of the range compared to the prior outlook. The Company expects revenue for the fourth quarter of 2022 in the range of $565 million to $570 million, representing revenue growth of approximately 12% over the fourth quarter of 2021 at the midpoint of the range.",REVENUE,Q4-2022,UNSPECIFIED,NOT_APPLICABLE,USD,565000000,570000000,567500000,279,CURRENT_CANDIDATE,CURRENT_GUIDANCE_RANGE,V3_RANGE_BOUND_NOT_SOURCE_REVIEWED,8219d895838e7a944606b410715b2b673fddc114211397e842f4b5ee05516a24
VRT,0001674101,0001628280-22-027015,2022-10-26T10:00:38.000Z,q32022exhibit991vrt.htm,https://www.sec.gov/Archives/edgar/data/1674101/000162828022027015/q32022exhibit991vrt.htm,fb90c808d6a8bda250b80e6d5649856060204318a41abc3972cf3df1ada09931,HTML_DIV,/html/body/document/type/sequence/filename/description/text/div[16],"Net cash generated by operating activities in the third quarter was $4 million and free cash flow(1) was a use of cash of $20 million, a sequential improvement from second quarter 2022 of $210 million and $212 million, respectively. We expect a quarterly record high free cash flow generation in the fourth quarter of $250 million to $300 million and free cash flow for the full year 2022 to be a use of cash of $100 million to $150 million. While supply chain challenges persist, which have resulted in increased inventory levels, we continue to anticipate a record sales level in the fourth quarter and the associated cash benefit from those sales which would primarily be realized in 2023. In addition, working capital optimization programs are underway which we anticipate will provide additional benefits to cash generation in 2023. Liquidity at the end of the third quarter was $531 million, a sequential improvement of $74 million from second quarter 2022, driven by an increase to our borrowing capacity under our ABL credit facility of $115 million that was completed in the third quarter.",FREE_CASH_FLOW,FY2022,UNSPECIFIED,NOT_APPLICABLE,USD,100000000,150000000,125000000,412,CURRENT_CANDIDATE,CURRENT_GUIDANCE_RANGE,V3_RANGE_BOUND_NOT_SOURCE_REVIEWED,9771b80c51305d3c4aa063f024c9720936c837b65dda3678c5b6675337c5908b
EMN,0000915389,0000915389-22-000047,2022-10-27T20:12:53.000Z,ex99_0120220930cctables.htm,https://www.sec.gov/Archives/edgar/data/915389/000091538922000047/ex99_0120220930cctables.htm,b68d9d908550f63f8c3d2ddb770e7bf74467a3576f21bfcc6b2a6280b444d7c8,HTML_DIV,/html/body/document/type/sequence/filename/description/text/div[63],"Commenting on the outlook for full-year 2022, Costa said: Through nine months of 2022, we have demonstrated the resilience of our portfolio as we leveraged our innovation-driven growth model to improve product mix in key markets. The mix improvement mostly offset weakening demand and destocking, primarily in building and construction and industrial end markets, particularly in Europe and China. We’ve also implemented significant price increases to offset historic inflation in raw material, energy, distribution, and other costs. Looking forward to the fourth quarter, challenges to the global economy have increased, including softening end-market demand, accelerated inventory destocking, and the strong U.S. dollar. In addition, we expect continued high energy, raw material, and distribution costs will limit spread improvement in our specialty businesses. In this environment, we remain focused on outperforming our underlying markets as we drive continued mix improvement. Putting this all together, we expect fourth-quarter and full-year 2022 adjusted EPS to be between $1.10 and $1.40 and $8.05 and $8.35, respectively, and operating cash flow to be between $1 billion and $1.2 billion.",EPS,FY2022,NON_GAAP,NOT_APPLICABLE,USD_PER_SHARE,1.1,1.4,1.25,1081,CURRENT_CANDIDATE,CURRENT_GUIDANCE_RANGE,V3_RANGE_BOUND_NOT_SOURCE_REVIEWED,c070529f9a44c072340eecf30f33fc23c36ea126aaebf71a2e8063d31760c211
EMN,0000915389,0000915389-22-000047,2022-10-27T20:12:53.000Z,ex99_0120220930cctables.htm,https://www.sec.gov/Archives/edgar/data/915389/000091538922000047/ex99_0120220930cctables.htm,b68d9d908550f63f8c3d2ddb770e7bf74467a3576f21bfcc6b2a6280b444d7c8,HTML_DIV,/html/body/document/type/sequence/filename/description/text/div[63],"Commenting on the outlook for full-year 2022, Costa said: Through nine months of 2022, we have demonstrated the resilience of our portfolio as we leveraged our innovation-driven growth model to improve product mix in key markets. The mix improvement mostly offset weakening demand and destocking, primarily in building and construction and industrial end markets, particularly in Europe and China. We’ve also implemented significant price increases to offset historic inflation in raw material, energy, distribution, and other costs. Looking forward to the fourth quarter, challenges to the global economy have increased, including softening end-market demand, accelerated inventory destocking, and the strong U.S. dollar. In addition, we expect continued high energy, raw material, and distribution costs will limit spread improvement in our specialty businesses. In this environment, we remain focused on outperforming our underlying markets as we drive continued mix improvement. Putting this all together, we expect fourth-quarter and full-year 2022 adjusted EPS to be between $1.10 and $1.40 and $8.05 and $8.35, respectively, and operating cash flow to be between $1 billion and $1.2 billion.",EPS,FY2022,NON_GAAP,NOT_APPLICABLE,USD_PER_SHARE,8.05,8.35,8.2,1101,CURRENT_CANDIDATE,CURRENT_GUIDANCE_RANGE,V3_RANGE_BOUND_NOT_SOURCE_REVIEWED,83579a0a7e9de32e98431cec0833389a52bbba084385bc59ed28131ddf0cd572
TRMB,0000864749,0000864749-22-000185,2022-11-02T11:12:37.000Z,a2022q3-8kex991.htm,https://www.sec.gov/Archives/edgar/data/864749/000086474922000185/a2022q3-8kex991.htm,7689507c28c0de4a5aa0a70d25dc3fbb63290719b14e3d678547e7e91d7b5575,HTML_DIV,/html/body/document/type/sequence/filename/description/text/div[22],"For the full-year 2022, Trimble now expects to report revenue between $3,665 million and $3,715 million and GAAP earnings per share of $1.76 to $1.81, and non-GAAP earnings per share between $2.61 and $2.67. GAAP guidance assumes a tax rate of 23.5 percent and non-GAAP guidance assumes a tax rate of 18.3 percent. Both GAAP and non-GAAP earnings per share assume approximately 250 million shares outstanding. A reconciliation of the non-GAAP measures to the most directly comparable GAAP measures and other information relating to these non-GAAP measures are included in the supplemental reconciliation scheduled attached.",REVENUE,FY2022,UNSPECIFIED,NOT_APPLICABLE,USD,3665000000,3715000000,3690000000,70,CURRENT_CANDIDATE,CURRENT_GUIDANCE_RANGE,V3_RANGE_BOUND_NOT_SOURCE_REVIEWED,cca82e063242d820801f2cb4cf8ad964d1c1955e97b440b1a4b172a835f688af
TRMB,0000864749,0000864749-22-000185,2022-11-02T11:12:37.000Z,a2022q3-8kex991.htm,https://www.sec.gov/Archives/edgar/data/864749/000086474922000185/a2022q3-8kex991.htm,7689507c28c0de4a5aa0a70d25dc3fbb63290719b14e3d678547e7e91d7b5575,HTML_DIV,/html/body/document/type/sequence/filename/description/text/div[22],"For the full-year 2022, Trimble now expects to report revenue between $3,665 million and $3,715 million and GAAP earnings per share of $1.76 to $1.81, and non-GAAP earnings per share between $2.61 and $2.67. GAAP guidance assumes a tax rate of 23.5 percent and non-GAAP guidance assumes a tax rate of 18.3 percent. Both GAAP and non-GAAP earnings per share assume approximately 250 million shares outstanding. A reconciliation of the non-GAAP measures to the most directly comparable GAAP measures and other information relating to these non-GAAP measures are included in the supplemental reconciliation scheduled attached.",EPS,FY2022,GAAP,NOT_APPLICABLE,USD_PER_SHARE,1.76,1.81,1.785,135,CURRENT_CANDIDATE,CURRENT_GUIDANCE_RANGE,V3_RANGE_BOUND_NOT_SOURCE_REVIEWED,a4babf5fcb02bbf231489aad420597f3972e10ea59b1117de80b5ab07b095344
TRMB,0000864749,0000864749-22-000185,2022-11-02T11:12:37.000Z,a2022q3-8kex991.htm,https://www.sec.gov/Archives/edgar/data/864749/000086474922000185/a2022q3-8kex991.htm,7689507c28c0de4a5aa0a70d25dc3fbb63290719b14e3d678547e7e91d7b5575,HTML_DIV,/html/body/document/type/sequence/filename/description/text/div[22],"For the full-year 2022, Trimble now expects to report revenue between $3,665 million and $3,715 million and GAAP earnings per share of $1.76 to $1.81, and non-GAAP earnings per share between $2.61 and $2.67. GAAP guidance assumes a tax rate of 23.5 percent and non-GAAP guidance assumes a tax rate of 18.3 percent. Both GAAP and non-GAAP earnings per share assume approximately 250 million shares outstanding. A reconciliation of the non-GAAP measures to the most directly comparable GAAP measures and other information relating to these non-GAAP measures are included in the supplemental reconciliation scheduled attached.",EPS,FY2022,NON_GAAP,NOT_APPLICABLE,USD_PER_SHARE,2.61,2.67,2.64,191,CURRENT_CANDIDATE,CURRENT_GUIDANCE_RANGE,V3_RANGE_BOUND_NOT_SOURCE_REVIEWED,7ea5964cbebaa2c9f2c900da08ed8b4bd4eb7aebd2002a8db1bc0929cee28092
ILMN,0001110803,0001110803-22-000045,2022-11-03T20:08:11.000Z,a3q22earningsrelease.htm,https://www.sec.gov/Archives/edgar/data/1110803/000111080322000045/a3q22earningsrelease.htm,8a536ccdd9aed76112bc162afce2cba6d2a6f55658ffeeb0d3fc6ef0185fdb77,HTML_DIV,/html/body/document/type/sequence/filename/description/text/div[70],"For fiscal 2022, the company now expects consolidated revenue to be flat to 1% higher compared to fiscal year 2021. We now expect GAAP diluted loss per share of $(26.56) to $(26.41) and non-GAAP diluted earnings per share of $2.35 to $2.50. The GAAP and non-GAAP diluted (loss) earnings per share guidance ranges continue to assume that the R&D expense capitalization requirement implemented by the Tax Cuts and Jobs Act of 2017 will be repealed in the fourth quarter of 2022. If the R&D expense capitalization requirement is not repealed in 2022, the company’s tax expense will be negatively impacted.",EPS,FY2021,NON_GAAP,NOT_APPLICABLE,USD_PER_SHARE,2.35,2.5,2.425,225,CURRENT_CANDIDATE,CURRENT_GUIDANCE_RANGE,V3_RANGE_BOUND_NOT_SOURCE_REVIEWED,452e076d26366df4c1ef1d23e7a20c844a065b06ee9089a0ad913c1ba2385443
LULU,0001397187,0001397187-22-000048,2022-12-08T21:08:15.000Z,lulu-20221030xex991.htm,https://www.sec.gov/Archives/edgar/data/1397187/000139718722000048/lulu-20221030xex991.htm,7b4c30a1bbf57bdb31a6acb3ca6f5796cc413ee05d2e670829caf37cbe24b142,HTML_DIV,/html/body/document/type/sequence/filename/description/text/div[39],"For the fourth quarter of 2022, the Company expects net revenue to be in the range of $2.605 billion to $2.655 billion, representing a three-year compound annual growth rate of approximately 24%. Diluted earnings per share are expected to be in the range of $4.20 to $4.30 for the quarter.",REVENUE,Q4-2022,UNSPECIFIED,NOT_APPLICABLE,USD,2605000000,2655000000,2630000000,86,CURRENT_CANDIDATE,CURRENT_GUIDANCE_RANGE,V3_RANGE_BOUND_NOT_SOURCE_REVIEWED,284e3495643e6c4180729208a77d6baddfe7c5dd26f808551ebdcd729f2d44c9
SMCI,0001375365,0001375365-23-000009,2023-01-31T21:40:35.000Z,exhibit991_20221231.htm,https://www.sec.gov/Archives/edgar/data/1375365/000137536523000009/exhibit991_20221231.htm,bb3667af7d04b056cf4209feb490f7c1fa3c516afc02b5f125a0b9d3fb81c60b,HTML_DIV,/html/body/document/type/sequence/filename/description/text/div[26],"For the third quarter of fiscal year 2023 ending March 31, 2023, the Company expects net sales of $1.42 billion to $1.52 billion, GAAP net income per diluted share of $1.75 to $2.02 and non-GAAP net income per diluted share of $1.88 to $2.14. The Company’s projections for GAAP and non-GAAP net income per diluted share assume a tax rate of approximately 15.9% and 16.9%, respectively, and a fully diluted share count of 57 million shares for GAAP and fully diluted share count of 58 million shares for non-GAAP. The outlook for Q3 of fiscal year 2023 GAAP net income per diluted share includes approximately $9 million in expected stock-based compensation and other expenses, net of related tax effects that are excluded from non-GAAP net income per diluted share.",REVENUE,FY2023,UNSPECIFIED,NOT_APPLICABLE,USD,1420000000,1520000000,1470000000,98,CURRENT_CANDIDATE,CURRENT_GUIDANCE_RANGE,V3_RANGE_BOUND_NOT_SOURCE_REVIEWED,cfb5297ddc8fc9f27d17075600e0859ac31ba2db9c72e01ac6b22278ab1a0138
SMCI,0001375365,0001375365-23-000009,2023-01-31T21:40:35.000Z,exhibit991_20221231.htm,https://www.sec.gov/Archives/edgar/data/1375365/000137536523000009/exhibit991_20221231.htm,bb3667af7d04b056cf4209feb490f7c1fa3c516afc02b5f125a0b9d3fb81c60b,HTML_DIV,/html/body/document/type/sequence/filename/description/text/div[27],"For fiscal year 2023 ending June 30, 2023, the Company maintains its guidance for net sales from a range of $6.5 billion to $7.5 billion, GAAP net income per diluted share from a range of $8.50 to $11.00, and non-GAAP net income per diluted share from a range of $9.00 to $11.30. The Company’s projections for annual GAAP and non-GAAP net income per diluted share assume a tax rate of approximately 19.2% and 19.8%, respectively, and a fully diluted share count of 57 million shares for GAAP and fully diluted share count of 58 million shares for non-GAAP. The outlook for fiscal year 2023 GAAP net income per diluted share includes approximately $33 million in expected stock-based compensation and other expenses, net of related tax effects that are excluded from non-GAAP net income per diluted share.",REVENUE,FY2023,UNSPECIFIED,NOT_APPLICABLE,USD,6500000000,7500000000,7000000000,108,CURRENT_CANDIDATE,CURRENT_GUIDANCE_RANGE,V3_RANGE_BOUND_NOT_SOURCE_REVIEWED,4e1963c994c18f6023a32667166fe11a3eeadc4e7880fe79816bdf7796645c69
ILMN,0001110803,0001110803-23-000017,2023-02-07T21:07:18.000Z,a4q22earningsrelease.htm,https://www.sec.gov/Archives/edgar/data/1110803/000111080323000017/a4q22earningsrelease.htm,de258f6cf38a6906d1ff0c129bc33cf2f15ce787aab2d9eda01568f70e9ef2a6,HTML_DIV,/html/body/document/type/sequence/filename/description/text/div[91],The company expects Core Illumina revenue growth of 6% to 9% compared to fiscal year 2022. GRAIL revenue is expected to be in the range of $90 million to $110 million.,REVENUE,FY2022,UNSPECIFIED,NOT_APPLICABLE,USD,90000000,110000000,100000000,139,CURRENT_CANDIDATE,CURRENT_GUIDANCE_RANGE,V3_RANGE_BOUND_NOT_SOURCE_REVIEWED,1f0ee13b562fc2049180d1182fdb03c5896a6d369e819436f682334d9ba5670d
LULU,0001397187,0001397187-23-000011,2023-03-28T20:10:44.000Z,lulu-20230129xex991.htm,https://www.sec.gov/Archives/edgar/data/1397187/000139718723000011/lulu-20230129xex991.htm,d8fc5e00e4da1acb28b96748b414b2967066129e30ba2c15dcd7b3eef4b3cd1e,HTML_DIV,/html/body/document/type/sequence/filename/description/text/div[53],"For the first quarter of fiscal 2023, we expect net revenue to be in the range of $1.890 billion to $1.930 billion, representing growth of approximately 18%. Diluted earnings per share are expected to be in the range of $1.93 to $2.00 for the quarter. This guidance assumes a 30% tax rate.",REVENUE,Q1-2023,UNSPECIFIED,NOT_APPLICABLE,USD,1890000000,1930000000,1910000000,82,CURRENT_CANDIDATE,CURRENT_GUIDANCE_RANGE,V3_RANGE_BOUND_NOT_SOURCE_REVIEWED,19890a9b1a5df02911a779c7f79ec6d943ebca0ce74ea0400d9fd97229323836
HUBB,0000048898,0001628280-23-012662,2023-04-25T12:03:03.000Z,exhibit991_04252023.htm,https://www.sec.gov/Archives/edgar/data/48898/000162828023012662/exhibit991_04252023.htm,44f6fd34a1cf69edc995cadc3bb756ce499dcde3df6652274a5ea72be00584ac,HTML_DIV,/html/body/document/type/sequence/filename/description/text/div[34],"For the full year 2023, Hubbell anticipates diluted earnings per share from continuing operations in the range of $12.00-$12.50 and anticipates adjusted diluted earnings per share from continuing operations (""Adjusted EPS"") in the range of $13.00-$13.50. Adjusted EPS excludes amortization of acquisition-related intangible assets, which the Company expects to be approximately $1.00 for the full year. The Company believes Adjusted EPS is a useful measure of underlying performance in light of our acquisition strategy.",EPS,FY2023,UNSPECIFIED,NOT_APPLICABLE,USD_PER_SHARE,12,12.5,12.25,114,CURRENT_CANDIDATE,CURRENT_GUIDANCE_RANGE,V3_RANGE_BOUND_NOT_SOURCE_REVIEWED,8f154871227834971c0cd1c4d0478ca09c1f7d85e22a6f9b9e7f9416e55a69c5
HUBB,0000048898,0001628280-23-012662,2023-04-25T12:03:03.000Z,exhibit991_04252023.htm,https://www.sec.gov/Archives/edgar/data/48898/000162828023012662/exhibit991_04252023.htm,44f6fd34a1cf69edc995cadc3bb756ce499dcde3df6652274a5ea72be00584ac,HTML_DIV,/html/body/document/type/sequence/filename/description/text/div[34],"For the full year 2023, Hubbell anticipates diluted earnings per share from continuing operations in the range of $12.00-$12.50 and anticipates adjusted diluted earnings per share from continuing operations (""Adjusted EPS"") in the range of $13.00-$13.50. Adjusted EPS excludes amortization of acquisition-related intangible assets, which the Company expects to be approximately $1.00 for the full year. The Company believes Adjusted EPS is a useful measure of underlying performance in light of our acquisition strategy.",EPS,FY2023,NON_GAAP,NOT_APPLICABLE,USD_PER_SHARE,13,13.5,13.25,240,CURRENT_CANDIDATE,CURRENT_GUIDANCE_RANGE,V3_RANGE_BOUND_NOT_SOURCE_REVIEWED,edc5b8e7dc8113e7ea15f16fa942436e212f7dfad494934183c3b65f4cd2a6ee
CSGP,0001057352,0001057352-23-000072,2023-04-25T20:07:24.000Z,q12023earningspressrelease.htm,https://www.sec.gov/Archives/edgar/data/1057352/000105735223000072/q12023earningspressrelease.htm,6803dc4d68cefa410d0ef5a92001e492edfd58508590dca6234d9da2f48dbdd8,HTML_DIV,/html/body/document/type/sequence/filename/description/text/div[30],"The Company now expects revenue in the range of $2.465 billion to $2.48 billion for the full year of 2023, representing growth of approximately 13% to 14% for the year. The Company expects revenue for the second quarter of 2023 in the range of $603 million to $608 million, representing revenue growth of approximately 13% year-over-year at the midpoint of the range.",REVENUE,Q2-2023,UNSPECIFIED,NOT_APPLICABLE,USD,603000000,608000000,605500000,244,CURRENT_CANDIDATE,CURRENT_GUIDANCE_RANGE,V3_RANGE_BOUND_NOT_SOURCE_REVIEWED,b248b7e538142e1b1ec50c7160ef14a52c602e80aba3eee530ace5528f0ef02a
NWL,0000814453,0000814453-23-000066,2023-04-28T11:30:26.000Z,exhibit991-q3_2022xmarchx2.htm,https://www.sec.gov/Archives/edgar/data/814453/000081445323000066/exhibit991-q3_2022xmarchx2.htm,d7ca241388eaa632d96d57ed3458511fd08deadaac011a211682e10fde010cfa,HTML_DIV,/html/body/document/type/sequence/filename/description/text/div[29],"–The company reaffirmed its full year 2023 net sales and normalized earnings per share outlook of $8.4 billion to $8.6 billion and $0.95 to $1.08, respectively. The company now expects full year 2023 results to be towards the low end of the outlook range.",EPS,FY2023,UNSPECIFIED,NOT_APPLICABLE,USD_PER_SHARE,0.95,1.08,1.015,131,CURRENT_CANDIDATE,CURRENT_GUIDANCE_RANGE,V3_RANGE_BOUND_NOT_SOURCE_REVIEWED,fb3a35c24b49f15e6aefe8891b39959bff354d235057dbf77dabbbdcf3bbaef8
HUBB,0000048898,0001628280-23-025530,2023-07-25T12:04:01.000Z,exhibit991_07252023.htm,https://www.sec.gov/Archives/edgar/data/48898/000162828023025530/exhibit991_07252023.htm,3e4e156a85c2ae7c0a5f9918b9f6ae856905f1ac7d41dcb36a8391821b1ac64e,HTML_DIV,/html/body/document/type/sequence/filename/description/text/div[34],"For the full year 2023, Hubbell anticipates diluted earnings per share from continuing operations in the range of $13.75-$14.25 and anticipates adjusted diluted earnings per share from continuing operations (""Adjusted EPS"") in the range of $14.75-$15.25. Adjusted EPS excludes amortization of acquisition-related intangible assets, which the Company expects to be approximately $1.00 for the full year. The Company believes Adjusted EPS is a useful measure of underlying performance in light of our acquisition strategy.",EPS,FY2023,UNSPECIFIED,NOT_APPLICABLE,USD_PER_SHARE,13.75,14.25,14,114,CURRENT_CANDIDATE,CURRENT_GUIDANCE_RANGE,V3_RANGE_BOUND_NOT_SOURCE_REVIEWED,95c1260e65636e52d6ff91496b678659def8f1b916246433f5af0b86b2177ad6
HUBB,0000048898,0001628280-23-025530,2023-07-25T12:04:01.000Z,exhibit991_07252023.htm,https://www.sec.gov/Archives/edgar/data/48898/000162828023025530/exhibit991_07252023.htm,3e4e156a85c2ae7c0a5f9918b9f6ae856905f1ac7d41dcb36a8391821b1ac64e,HTML_DIV,/html/body/document/type/sequence/filename/description/text/div[34],"For the full year 2023, Hubbell anticipates diluted earnings per share from continuing operations in the range of $13.75-$14.25 and anticipates adjusted diluted earnings per share from continuing operations (""Adjusted EPS"") in the range of $14.75-$15.25. Adjusted EPS excludes amortization of acquisition-related intangible assets, which the Company expects to be approximately $1.00 for the full year. The Company believes Adjusted EPS is a useful measure of underlying performance in light of our acquisition strategy.",EPS,FY2023,NON_GAAP,NOT_APPLICABLE,USD_PER_SHARE,14.75,15.25,15,240,CURRENT_CANDIDATE,CURRENT_GUIDANCE_RANGE,V3_RANGE_BOUND_NOT_SOURCE_REVIEWED,2eacd3665b442863a955b071fb6e068b592c2dc0ec3b9a16783e5ae12db2d80b
CSGP,0001057352,0001057352-23-000108,2023-07-25T20:10:12.000Z,q22023earningspressrelease.htm,https://www.sec.gov/Archives/edgar/data/1057352/000105735223000108/q22023earningspressrelease.htm,f0f7a0a4d5ad7f03e4c60d337df7a4b93eddad107d96d8752d3565f4e4eaa2bb,HTML_DIV,/html/body/document/type/sequence/filename/description/text/div[28],"The Company expects revenue in the range of $2.45 billion to $2.46 billion for the full year of 2023, representing year-over-year growth of approximately 13% at the midpoint of the range. The revenue forecast is lower than prior guidance to reflect lower property transaction volume expectations in the second half of 2023, and the related impact on Ten-X revenue. The Company expects revenue for the third quarter of 2023 in the range of $622 million to $627 million, representing revenue growth of approximately 12% year-over-year at the midpoint of the range.",REVENUE,Q3-2023,UNSPECIFIED,NOT_APPLICABLE,USD,622000000,627000000,624500000,439,CURRENT_CANDIDATE,CURRENT_GUIDANCE_RANGE,V3_RANGE_BOUND_NOT_SOURCE_REVIEWED,17473b7d11f6262dd9293a61f62a64309172b4d90fe886193c1865d627141108
VRT,0001674101,0001628280-23-026549,2023-08-02T10:01:56.000Z,q22023exhibit991vrt8223.htm,https://www.sec.gov/Archives/edgar/data/1674101/000162828023026549/q22023exhibit991vrt8223.htm,31663d2d9de2f78e9304bc264f44405618f652bd4ef1345627e9cff3768332a0,HTML_DIV,/html/body/document/type/sequence/filename/description/text/div[23],"We continue to see signs of accelerating market conditions for the second half of 2023 as sales pipeline activity remains healthy. We believe AI will be a long-term secular tailwind for the industry and increase the size of the addressable market. We will provide additional details on our assumptions and views at our investor conference in November 2023. As communicated previously, we believe there will be more uniformity in quarterly sales in 2023 compared to historic patterns, given high backlog levels and continued improvement in supply chain dynamics. Financial guidance has been increased across all financial metrics, supported by a strong first half 2023 performance. Our adjusted operating margin range for the full year has been increased to 14.0% (at the midpoint), representing an anticipated 630 basis point improvement compared to 2022. Adjusted free cash flow guidance for 2023 has been increased by $200 million (at the midpoint), and is now expected to be $525 million to $575 million, an anticipated $810 million improvement (at the midpoint) versus 2022.",FREE_CASH_FLOW,FY2023,NON_GAAP,NOT_APPLICABLE,USD,525000000,575000000,550000000,978,CURRENT_CANDIDATE,CURRENT_GUIDANCE_RANGE,V3_RANGE_BOUND_NOT_SOURCE_REVIEWED,0bbb64223d86b47eb42c0939496fc842f0e4518279cb47151056a95a1212e266
BWA,0000908255,0000908255-23-000041,2023-08-02T12:16:56.000Z,a20230630ex991pressrelease.htm,https://www.sec.gov/Archives/edgar/data/908255/000090825523000041/a20230630ex991pressrelease.htm,9634e93c766b6b798823fa3d398046c88ee53db190cd41205a748b12b52a27c2,HTML_DIV,/html/body/document/type/sequence/filename/description/text/div[49],"Full Year 2023 Guidance: The Company has updated full year sales, margin and EPS guidance. Starting in the third quarter of 2023, the Company will no longer consolidate its Fuel Systems and Aftermarket segments, and results of those segments for all periods prior to the PHINIA spin-off will be reflected as discontinued operations. The Company’s guidance and 2022 sales reflect its continuing operations. Net sales for 2023 are expected to be in the range of $14.2 billion to $14.6 billion, compared with 2022 sales of approximately $12.6 billion. This implies a year-over-year increase in organic sales of 13% to 16%. Foreign currencies are expected to result in a year-over-year decrease in sales of approximately $35 million primarily due to the weakening of the Chinese Renminbi against the U.S. dollar, partially offset by the strengthening of the Euro against the U.S. dollar. The acquisitions of Santroll’s light vehicle eMotor business, Rhombus Energy Solutions, Drivetek and SSE are expected to increase year-over-year sales by an aggregate of approximately $75 million.",REVENUE,FY2023,UNSPECIFIED,NOT_APPLICABLE,USD,14200000000,14600000000,14400000000,460,CURRENT_CANDIDATE,CURRENT_GUIDANCE_RANGE,V3_RANGE_BOUND_NOT_SOURCE_REVIEWED,be9a7a402af608565cf870820592bbfbad8bdadace5363e579a1d60698cf799f
SMCI,0001375365,0001375365-23-000034,2023-08-08T20:10:15.000Z,exhibit991_20230630.htm,https://www.sec.gov/Archives/edgar/data/1375365/000137536523000034/exhibit991_20230630.htm,66e2d02ef401a7c181386c63ba21764fc2c56f794af8431205a0ec36b3c4ad25,HTML_DIV,/html/body/document/type/sequence/filename/description/text/div[36],"For the first quarter of fiscal year 2024 ending September 30, 2023, the Company expects net sales of $1.90 billion to $2.20 billion, GAAP net income per diluted share of $2.02 to $2.80 and non-GAAP net income per diluted share of $2.75 to $3.50. The Company’s projections for GAAP and non-GAAP net income per diluted share assume a tax rate of approximately 14.7% and 15.4%, respectively, and a fully diluted share count of 56 million shares for GAAP and fully diluted share count of 57 million shares for non-GAAP. The outlook for Q1 of fiscal year 2024 GAAP net income per diluted share includes approximately $44 million in expected stock-based compensation expense and other expenses, net of related tax effects of $9 million, which are excluded from non-GAAP net income per diluted share.",REVENUE,FY2024,UNSPECIFIED,NOT_APPLICABLE,USD,1900000000,2200000000,2050000000,102,CURRENT_CANDIDATE,CURRENT_GUIDANCE_RANGE,V3_RANGE_BOUND_NOT_SOURCE_REVIEWED,7269c51d10ffafff16fe6e7ebad17956ae75cf6f2ad02bcf15c45e9155675dad
SMCI,0001375365,0001375365-23-000034,2023-08-08T20:10:15.000Z,exhibit991_20230630.htm,https://www.sec.gov/Archives/edgar/data/1375365/000137536523000034/exhibit991_20230630.htm,66e2d02ef401a7c181386c63ba21764fc2c56f794af8431205a0ec36b3c4ad25,HTML_DIV,/html/body/document/type/sequence/filename/description/text/div[38],"For fiscal year 2024 ending June 30, 2024, the Company expects net sales of $9.5 billion to $10.5 billion.",REVENUE,FY2024,UNSPECIFIED,NOT_APPLICABLE,USD,9500000000,10500000000,10000000000,76,CURRENT_CANDIDATE,CURRENT_GUIDANCE_RANGE,V3_RANGE_BOUND_NOT_SOURCE_REVIEWED,475278144cc28862181409a506e936331214a07d747a5d36efe52d4ba2dc0c22
VRT,0001674101,0001628280-23-035032,2023-10-25T10:02:03.000Z,q32023exhibit991vrt102523.htm,https://www.sec.gov/Archives/edgar/data/1674101/000162828023035032/q32023exhibit991vrt102523.htm,ccf69164147d726eb36f50d11dc4b0abd8836e5ee51ea22ad2cf51b185e0c38e,HTML_DIV,/html/body/document/type/sequence/filename/description/text/div[13],•Raising full year 2023 adjusted free cash flow guidance to $600 million to $650 million,FREE_CASH_FLOW,FY2023,NON_GAAP,NOT_APPLICABLE,USD,600000000,650000000,625000000,60,CURRENT_CANDIDATE,CURRENT_GUIDANCE_RANGE,V3_RANGE_BOUND_NOT_SOURCE_REVIEWED,68ec6a0e99d286db7d68333b86ae4f04cff569679df878fbb9e5f659e8fd6eec
NWL,0000814453,0000814453-23-000143,2023-10-27T11:30:26.000Z,exhibit991_q3xseptemberx20.htm,https://www.sec.gov/Archives/edgar/data/814453/000081445323000143/exhibit991_q3xseptemberx20.htm,a46892c3b5951f7980330249b700a3c3da5baf60012e145fa0fe5f284b140a23,HTML_DIV,/html/body/document/type/sequence/filename/description/text/div[30],"–The company updated its full year 2023 outlook for net sales and normalized earnings per share to $8.02 billion to $8.09 billion and $0.72 to $0.77, respectively. The company raised its outlook for full year 2023 operating cash flow to $800 million to $900 million.",EPS,FY2023,UNSPECIFIED,NOT_APPLICABLE,USD_PER_SHARE,0.72,0.77,0.745,134,CURRENT_CANDIDATE,CURRENT_GUIDANCE_RANGE,V3_RANGE_BOUND_NOT_SOURCE_REVIEWED,86c5d14c2e8de270592ef031958d445b5327e70f366353221c15d1de5beee631
HUBB,0000048898,0001628280-23-035607,2023-10-31T12:07:30.000Z,exhibit991_10312023.htm,https://www.sec.gov/Archives/edgar/data/48898/000162828023035607/exhibit991_10312023.htm,9c01173550593ebbef3168339526f4051425b5da0a73859213b176d392853b79,HTML_DIV,/html/body/document/type/sequence/filename/description/text/div[35],"For the full year 2023, Hubbell anticipates diluted earnings per share from continuing operations in the range of $14.00-$14.25 and anticipates adjusted diluted earnings per share from continuing operations (""Adjusted EPS"") in the range of $15.00-$15.25. Adjusted EPS excludes amortization of acquisition-related intangible assets, which the Company expects to be approximately $1.00 for the full year. The Company believes Adjusted EPS is a useful measure of underlying performance in light of our acquisition strategy.",EPS,FY2023,UNSPECIFIED,NOT_APPLICABLE,USD_PER_SHARE,14,14.25,14.125,114,CURRENT_CANDIDATE,CURRENT_GUIDANCE_RANGE,V3_RANGE_BOUND_NOT_SOURCE_REVIEWED,42a6a382ff872a158f5c71a22c52b9d7ae1eb2fd3ae7301a0850f463057a1c60
HUBB,0000048898,0001628280-23-035607,2023-10-31T12:07:30.000Z,exhibit991_10312023.htm,https://www.sec.gov/Archives/edgar/data/48898/000162828023035607/exhibit991_10312023.htm,9c01173550593ebbef3168339526f4051425b5da0a73859213b176d392853b79,HTML_DIV,/html/body/document/type/sequence/filename/description/text/div[35],"For the full year 2023, Hubbell anticipates diluted earnings per share from continuing operations in the range of $14.00-$14.25 and anticipates adjusted diluted earnings per share from continuing operations (""Adjusted EPS"") in the range of $15.00-$15.25. Adjusted EPS excludes amortization of acquisition-related intangible assets, which the Company expects to be approximately $1.00 for the full year. The Company believes Adjusted EPS is a useful measure of underlying performance in light of our acquisition strategy.",EPS,FY2023,NON_GAAP,NOT_APPLICABLE,USD_PER_SHARE,15,15.25,15.125,240,CURRENT_CANDIDATE,CURRENT_GUIDANCE_RANGE,V3_RANGE_BOUND_NOT_SOURCE_REVIEWED,bee730e34fc1cfdd15f510ee0fd3b14499c5e38fdc3df8ebc9659392fa3d0995
LULU,0001397187,0001397187-23-000051,2023-12-07T21:09:26.000Z,lulu-20231029xex991.htm,https://www.sec.gov/Archives/edgar/data/1397187/000139718723000051/lulu-20231029xex991.htm,e21f3a6b441a96178b2febd51eaad187f0e6c0d6336384a25c8af03fb96d68f5,HTML_DIV,/html/body/document/type/sequence/filename/description/text/div[38],"For the fourth quarter of 2023, the Company expects net revenue to be in the range of $3.135 billion to $3.170 billion, representing growth of 13% to 14%. Diluted earnings per share are expected to be in the range of $4.85 to $4.93 for the quarter. This assumes a tax rate of approximately 30%.",REVENUE,Q4-2023,UNSPECIFIED,NOT_APPLICABLE,USD,3135000000,3170000000,3152500000,86,CURRENT_CANDIDATE,CURRENT_GUIDANCE_RANGE,V3_RANGE_BOUND_NOT_SOURCE_REVIEWED,aa41ae68ed1347104af101e19feb1fca62478338f85582174ef061ae4218c2ae
FDS,0001013237,0001013237-23-000193,2023-12-19T11:58:36.000Z,investordeckdecember2023.htm,https://www.sec.gov/Archives/edgar/data/1013237/000101323723000193/investordeckdecember2023.htm,4a9f27ecdb6fa941bbd961f29346fb82a5448965fbd6d25c8b11839c2fa41bf0,HTML_DIV,/html/body/document/type/sequence/filename/description/text/div/div/div[25]/div[1],"$72 $78 $112 $157 $145 FY19 FY20 FY21 FY22 FY23 FY24* $110-$150 $1.4 $1.5 $1.6 $1.8 $2.1 FY19 FY20 FY21 FY22 FY23 FY24* $2.20- $2.21 $10.00 $10.87 $11.20 $13.43 $14.55 $15.60 - $16.00 FY19 FY20 FY21 FY22 FY23 FY24* In fiscal year 2024 we expect to deliver 5-7% higher ASV Growth and Adjusted Operating Margin …building on momentum of the last several years $2.200B-$2.210B Revenue2 Adj Operating margin1,2,4 Adj Diluted EPS1,2 36.3%-36.7%$110-$150M ASV growth2,3 $15.60 - $16.00 33.2% 33.6% 32.5% 33.9% 36.2% FY19 FY20 FY21 FY22 FY23 FY24* 36.3%- 36.7% $B$M $ +9.0%4 +9.2%2,4,5 +9.6%4 1 Please see Appendix for a reconciliation of these non-GAAP metrics to GAAP metrics 2 Includes CUSIP Global Services (CGS) as of Q3 FY23 3 Incremental ASV Growth 4 FY19-FY23 actual 5 Total Organic ASV Growth *FY24 guidance (mid-point December 19, 2023) +8.5%4 Avg 34.3% 25Copyright © 2023 FactSet Research Systems Inc. All rights reserved. FactSet Business Use Only",MARGIN,FY2024,NON_GAAP,NOT_APPLICABLE,PERCENT,36.3,36.7,36.5,426,CURRENT_CANDIDATE,CURRENT_GUIDANCE_RANGE,V3_RANGE_BOUND_NOT_SOURCE_REVIEWED,0ea178e759eb2ef982f6782e30adc91f7c7a079f9ddf0efb09d2c20ebd88a338
FDS,0001013237,0001013237-23-000193,2023-12-19T11:58:36.000Z,investordeckdecember2023.htm,https://www.sec.gov/Archives/edgar/data/1013237/000101323723000193/investordeckdecember2023.htm,4a9f27ecdb6fa941bbd961f29346fb82a5448965fbd6d25c8b11839c2fa41bf0,HTML_DIV,/html/body/document/type/sequence/filename/description/text/div/div/div[25]/div[1],"$72 $78 $112 $157 $145 FY19 FY20 FY21 FY22 FY23 FY24* $110-$150 $1.4 $1.5 $1.6 $1.8 $2.1 FY19 FY20 FY21 FY22 FY23 FY24* $2.20- $2.21 $10.00 $10.87 $11.20 $13.43 $14.55 $15.60 - $16.00 FY19 FY20 FY21 FY22 FY23 FY24* In fiscal year 2024 we expect to deliver 5-7% higher ASV Growth and Adjusted Operating Margin …building on momentum of the last several years $2.200B-$2.210B Revenue2 Adj Operating margin1,2,4 Adj Diluted EPS1,2 36.3%-36.7%$110-$150M ASV growth2,3 $15.60 - $16.00 33.2% 33.6% 32.5% 33.9% 36.2% FY19 FY20 FY21 FY22 FY23 FY24* 36.3%- 36.7% $B$M $ +9.0%4 +9.2%2,4,5 +9.6%4 1 Please see Appendix for a reconciliation of these non-GAAP metrics to GAAP metrics 2 Includes CUSIP Global Services (CGS) as of Q3 FY23 3 Incremental ASV Growth 4 FY19-FY23 actual 5 Total Organic ASV Growth *FY24 guidance (mid-point December 19, 2023) +8.5%4 Avg 34.3% 25Copyright © 2023 FactSet Research Systems Inc. All rights reserved. FactSet Business Use Only",MARGIN,FY2024,NON_GAAP,NOT_APPLICABLE,PERCENT,15.6,16,15.8,463,CURRENT_CANDIDATE,CURRENT_GUIDANCE_RANGE,V3_RANGE_BOUND_NOT_SOURCE_REVIEWED,60fc5d6a63cdbf2b0e7f505f67d7ae6af4614e5faa1e64cc01d43448aa5ef4aa
NWL,0000814453,0000814453-24-000013,2024-02-09T12:34:02.000Z,exhibit991-december_2023.htm,https://www.sec.gov/Archives/edgar/data/814453/000081445324000013/exhibit991-december_2023.htm,296713c1cc2502a7bcf58468c8a3e437436d542963907d7885846ac1a4a44c89,HTML_DIV,/html/body/document/type/sequence/filename/description/text/div[30],–The company initiated its full year 2024 outlook for net sales decline of 8 percent to 5 percent and normalized earnings per share of $0.52 to $0.62.,EPS,FY2024,UNSPECIFIED,NOT_APPLICABLE,USD_PER_SHARE,0.52,0.62,0.57,135,CURRENT_CANDIDATE,CURRENT_GUIDANCE_RANGE,V3_RANGE_BOUND_NOT_SOURCE_REVIEWED,e683b02ce8d87ad231aa04e32ebdc302c8e9d701bfbb83414495d1df2d1f9e32
LULU,0001397187,0001397187-24-000009,2024-03-21T20:09:39.000Z,lulu-20240128xex991.htm,https://www.sec.gov/Archives/edgar/data/1397187/000139718724000009/lulu-20240128xex991.htm,3c3127ba694b426cfcd13a651ea8b23d01f133e15260a3bfea48add2e76ad92a,HTML_DIV,/html/body/document/type/sequence/filename/description/text/div[47],"For the first quarter of 2024, the Company expects net revenue to be in the range of $2.175 billion to $2.200 billion, representing growth of 9% to 10%. Diluted earnings per share are expected to be in the range of $2.35 to $2.40 for the quarter. This assumes a tax rate of 29.0% to 29.5%.",REVENUE,Q1-2024,UNSPECIFIED,NOT_APPLICABLE,USD,2175000000,2200000000,2187500000,85,CURRENT_CANDIDATE,CURRENT_GUIDANCE_RANGE,V3_RANGE_BOUND_NOT_SOURCE_REVIEWED,97ae0dc1203476fade728d77cc65018e60a1289483784990b698b727d3da0db3
FDS,0001013237,0001013237-24-000051,2024-04-03T11:33:14.000Z,investordeckapril2024.htm,https://www.sec.gov/Archives/edgar/data/1013237/000101323724000051/investordeckapril2024.htm,9898ab3f9ca96e21ae9cfe0bb13721376b7bcfb85208688b79717da57ddc0547,HTML_DIV,/html/body/document/type/sequence/filename/description/text/div/div/div[25]/div[1],"$72 $78 $112 $157 $145 FY19 FY20 FY21 FY22 FY23 FY24* $110-$150 $1.4 $1.5 $1.6 $1.8 $2.1 FY19 FY20 FY21 FY22 FY23 FY24* $2.20- $2.21 $10.00 $10.87 $11.20 $13.43 $14.55 $15.60 - $16.00 FY19 FY20 FY21 FY22 FY23 FY24* In fiscal year 2024 we expect to deliver 5-7% higher ASV Growth and Adjusted Operating Margin …building on momentum of the last several years $2.200B-$2.210B Revenue2 Adj Operating margin1,2,4 Adj Diluted EPS1,2 36.3%-36.7%$110-$150M ASV growth2,3 $15.60 - $16.00 33.2% 33.6% 32.5% 33.9% 36.2% FY19 FY20 FY21 FY22 FY23 FY24* 36.3%- 36.7% $B$M $ +9.0%4 +9.2%2,4,5 +9.6%4 1 Please see Appendix for a reconciliation of these non-GAAP metrics to GAAP metrics 2 Includes CUSIP Global Services (CGS) as of Q3 FY23 3 Incremental ASV Growth 4 FY19-FY23 actual 5 Total Organic ASV Growth *FY24 Outlook as of February 29, 2024. For ASV and revenue, growth is expected at the lower end of guidance ranges for fiscal 2024 +8.5%4 Avg 34.3% 25Copyright © 2024 FactSet Research Systems Inc. All rights reserved. FactSet Business Use Only",MARGIN,FY2024,NON_GAAP,NOT_APPLICABLE,PERCENT,36.3,36.7,36.5,426,CURRENT_CANDIDATE,CURRENT_GUIDANCE_RANGE,V3_RANGE_BOUND_NOT_SOURCE_REVIEWED,6c26270e356745aaf5091bcb998214127a6073b52519b64c89c6af3b046ddddd
FDS,0001013237,0001013237-24-000051,2024-04-03T11:33:14.000Z,investordeckapril2024.htm,https://www.sec.gov/Archives/edgar/data/1013237/000101323724000051/investordeckapril2024.htm,9898ab3f9ca96e21ae9cfe0bb13721376b7bcfb85208688b79717da57ddc0547,HTML_DIV,/html/body/document/type/sequence/filename/description/text/div/div/div[25]/div[1],"$72 $78 $112 $157 $145 FY19 FY20 FY21 FY22 FY23 FY24* $110-$150 $1.4 $1.5 $1.6 $1.8 $2.1 FY19 FY20 FY21 FY22 FY23 FY24* $2.20- $2.21 $10.00 $10.87 $11.20 $13.43 $14.55 $15.60 - $16.00 FY19 FY20 FY21 FY22 FY23 FY24* In fiscal year 2024 we expect to deliver 5-7% higher ASV Growth and Adjusted Operating Margin …building on momentum of the last several years $2.200B-$2.210B Revenue2 Adj Operating margin1,2,4 Adj Diluted EPS1,2 36.3%-36.7%$110-$150M ASV growth2,3 $15.60 - $16.00 33.2% 33.6% 32.5% 33.9% 36.2% FY19 FY20 FY21 FY22 FY23 FY24* 36.3%- 36.7% $B$M $ +9.0%4 +9.2%2,4,5 +9.6%4 1 Please see Appendix for a reconciliation of these non-GAAP metrics to GAAP metrics 2 Includes CUSIP Global Services (CGS) as of Q3 FY23 3 Incremental ASV Growth 4 FY19-FY23 actual 5 Total Organic ASV Growth *FY24 Outlook as of February 29, 2024. For ASV and revenue, growth is expected at the lower end of guidance ranges for fiscal 2024 +8.5%4 Avg 34.3% 25Copyright © 2024 FactSet Research Systems Inc. All rights reserved. FactSet Business Use Only",MARGIN,FY2024,NON_GAAP,NOT_APPLICABLE,PERCENT,15.6,16,15.8,463,CURRENT_CANDIDATE,CURRENT_GUIDANCE_RANGE,V3_RANGE_BOUND_NOT_SOURCE_REVIEWED,8f937a3957b4c225f9f9cd97f26de12211ff0c6c046713e7e753d3b40dd1cd13
VRT,0001674101,0001628280-24-017513,2024-04-24T10:01:14.000Z,q12024exhibit991vrt042424.htm,https://www.sec.gov/Archives/edgar/data/1674101/000162828024017513/q12024exhibit991vrt042424.htm,f712724f42895008c17cda87998c851250fddba5abd507a51e7d9fa29ec7c17e,HTML_DIV,/html/body/document/type/sequence/filename/description/text/div[9],"•Raising full year 2024 guidance, expect net sales growth of 12% at the midpoint, operating profit of $1,150 to $1,200 million and adjusted operating profit of $1,325 to $1,375 million, a 28% increase at the midpoint compared to full year 2023",REVENUE,FY2024,UNSPECIFIED,NOT_APPLICABLE,USD,1150000000,1200000000,1175000000,102,CURRENT_CANDIDATE,CURRENT_GUIDANCE_RANGE,V3_RANGE_BOUND_NOT_SOURCE_REVIEWED,e24bfb556327b7bffd04b141533cef4b38ab49c30701e37f1464561c8d84d920
VRT,0001674101,0001628280-24-017513,2024-04-24T10:01:14.000Z,q12024exhibit991vrt042424.htm,https://www.sec.gov/Archives/edgar/data/1674101/000162828024017513/q12024exhibit991vrt042424.htm,f712724f42895008c17cda87998c851250fddba5abd507a51e7d9fa29ec7c17e,HTML_DIV,/html/body/document/type/sequence/filename/description/text/div[9],"•Raising full year 2024 guidance, expect net sales growth of 12% at the midpoint, operating profit of $1,150 to $1,200 million and adjusted operating profit of $1,325 to $1,375 million, a 28% increase at the midpoint compared to full year 2023",REVENUE,FY2024,NON_GAAP,NOT_APPLICABLE,USD,1325000000,1375000000,1350000000,160,CURRENT_CANDIDATE,CURRENT_GUIDANCE_RANGE,V3_RANGE_BOUND_NOT_SOURCE_REVIEWED,08a32b5562e505c4f8ecd95e379012a026d819b470ebf908ac5da10fff98c083
HUBB,0000048898,0001628280-24-019191,2024-04-30T12:09:12.000Z,exhibit991_04302024.htm,https://www.sec.gov/Archives/edgar/data/48898/000162828024019191/exhibit991_04302024.htm,4c002d25c4601fc30cbb5f6f912d62e3841987a630220b805cc1c9a6d5285630,HTML_DIV,/html/body/document/type/sequence/filename/description/text/div[38],"For the full year 2024, Hubbell anticipates diluted earnings per share in the range of $14.10-$14.60 and anticipates adjusted diluted earnings per share (""Adjusted EPS"") in the range of $16.00-$16.50. Adjusted EPS excludes amortization of acquisition-related intangible assets, which the Company expects to be approximately $1.60 for the full year, a $0.22 loss on disposition of the residential lighting business, and $0.10 of transaction, integration, and separation costs. The Company believes Adjusted EPS is a useful measure of underlying performance in light of our acquisition and divestiture strategy.",EPS,FY2024,UNSPECIFIED,NOT_APPLICABLE,USD_PER_SHARE,14.1,14.6,14.35,87,CURRENT_CANDIDATE,CURRENT_GUIDANCE_RANGE,V3_RANGE_BOUND_NOT_SOURCE_REVIEWED,a0361db082ef52e91eba28e62833a1014273d27c17f5f16770a6c10f6c83a0e0
HUBB,0000048898,0001628280-24-019191,2024-04-30T12:09:12.000Z,exhibit991_04302024.htm,https://www.sec.gov/Archives/edgar/data/48898/000162828024019191/exhibit991_04302024.htm,4c002d25c4601fc30cbb5f6f912d62e3841987a630220b805cc1c9a6d5285630,HTML_DIV,/html/body/document/type/sequence/filename/description/text/div[38],"For the full year 2024, Hubbell anticipates diluted earnings per share in the range of $14.10-$14.60 and anticipates adjusted diluted earnings per share (""Adjusted EPS"") in the range of $16.00-$16.50. Adjusted EPS excludes amortization of acquisition-related intangible assets, which the Company expects to be approximately $1.60 for the full year, a $0.22 loss on disposition of the residential lighting business, and $0.10 of transaction, integration, and separation costs. The Company believes Adjusted EPS is a useful measure of underlying performance in light of our acquisition and divestiture strategy.",EPS,FY2024,NON_GAAP,NOT_APPLICABLE,USD_PER_SHARE,16,16.5,16.25,186,CURRENT_CANDIDATE,CURRENT_GUIDANCE_RANGE,V3_RANGE_BOUND_NOT_SOURCE_REVIEWED,95738a2f3e60964432e4846b877d51a5156b4a8024a01017e6d7d8b2d4ce3d97
SMCI,0001375365,0001375365-24-000021,2024-04-30T20:17:50.000Z,exhibit991_20240331.htm,https://www.sec.gov/Archives/edgar/data/1375365/000137536524000021/exhibit991_20240331.htm,bb19042b417c56eae19a80f5e78fa5c360c42c0cddd2cb26abd3c949b31f771e,HTML_DIV,/html/body/document/type/sequence/filename/description/text/div[24],"“We had yet another record quarter with fiscal Q3 revenue of $3.85 billion with non-GAAP EPS of $6.65 per share. This year-over-year revenue growth of 200% and year-over-year non-GAAP EPS growth of 308% was well above our industry peers,” said Charles Liang, President and CEO of Supermicro. “Strong demand for AI rack scale PnP solutions, along with our team’s ability to develop innovative DLC designs, enabled us to expand our market leadership in AI infrastructure. As new solutions ramp, including fully production ready DLC, we expect to continue gaining market share. As such, we are raising our fiscal year 2024 revenue outlook from $14.3 to $14.7 billion to a new range of $14.7 to $15.1 billion.”",REVENUE,FY2024,UNSPECIFIED,NOT_APPLICABLE,USD,14700000000,15100000000,14900000000,682,CURRENT_CANDIDATE,CURRENT_GUIDANCE_RANGE,V3_RANGE_BOUND_NOT_SOURCE_REVIEWED,7519749ce3dbcd3787365f3766777e0c9a01b55a3c609e39a055ba8bec6f34dc
SMCI,0001375365,0001375365-24-000021,2024-04-30T20:17:50.000Z,exhibit991_20240331.htm,https://www.sec.gov/Archives/edgar/data/1375365/000137536524000021/exhibit991_20240331.htm,bb19042b417c56eae19a80f5e78fa5c360c42c0cddd2cb26abd3c949b31f771e,HTML_DIV,/html/body/document/type/sequence/filename/description/text/div[27],"For the fourth quarter of fiscal year 2024 ending June 30, 2024, the Company expects net sales of $5.1 billion to $5.5 billion, GAAP net income per diluted share of $7.20 to $8.05 and non-GAAP net income per diluted share of $7.62 to $8.42. The Company’s projections for GAAP and non-GAAP net income per diluted share assume a tax rate of approximately -2.9% and 2.6%, respectively, and a fully diluted share count of 64.8 million shares for GAAP and fully diluted share count of 65.3 million shares for non-GAAP. The outlook for fourth quarter of fiscal year 2024 GAAP net income per diluted share includes approximately $30 million in expected stock-based compensation, net of related tax effects of $28 million that are excluded from non-GAAP net income per diluted share.",REVENUE,FY2024,UNSPECIFIED,NOT_APPLICABLE,USD,5100000000,5500000000,5300000000,98,CURRENT_CANDIDATE,CURRENT_GUIDANCE_RANGE,V3_RANGE_BOUND_NOT_SOURCE_REVIEWED,41ade70e86e91c3f1aa72c13e7fe7a7dd884fae5ec24f53b1daa01cce96b948a
BWA,0000908255,0000908255-24-000019,2024-05-02T10:49:36.000Z,a20240331ex991pressrelease.htm,https://www.sec.gov/Archives/edgar/data/908255/000090825524000019/a20240331ex991pressrelease.htm,43f4e7ff81b2b99804c58bb4b7e6979792e216fc64ff29e6ef6afe8735092bdf,HTML_DIV,/html/body/document/type/sequence/filename/description/text/div[36],"Full Year 2024 Guidance: The Company has maintained full year sales and margin guidance, while EPS guidance has increased. Net sales for 2024 are expected to be in the range of $14.4 billion to $14.9 billion, compared with 2023 sales of approximately $14.2 billion. This implies a year-over-year increase in organic sales of 2% to 5%. The Company expects its 2024 eProduct sales to be $2.5 billion to $2.8 billion, up from approximately $2.0 billion in 2023. Foreign currencies are expected to result in a year-over-year decrease in sales of approximately $100 million primarily due to the weakening of the Chinese Renminbi and Korean Won against the U.S. dollar. The Company expects its weighted light and commercial vehicle markets to be in the range of down 2.5% to roughly flat in 2024. The acquisitions of SSE and the Electric Hybrid Systems business segment of Eldor Corporation are expected to increase year-over-year sales by approximately $30 million.",REVENUE,FY2024,UNSPECIFIED,NOT_APPLICABLE,USD,14400000000,14900000000,14650000000,177,CURRENT_CANDIDATE,CURRENT_GUIDANCE_RANGE,V3_RANGE_BOUND_NOT_SOURCE_REVIEWED,be4bc2930916de3d676c937d0ebe6d52ec07cccf0315435bbf6886c223368a2b
BIO,0000012208,0000012208-24-000036,2024-05-07T20:18:26.000Z,bio-8k572024xex991.htm,https://www.sec.gov/Archives/edgar/data/12208/000001220824000036/bio-8k572024xex991.htm,97fbb939e5999117b2a18e1b17cfbbd7ba28d39bf97d74781c3012dff0353154,HTML_DIV,/html/body/document/type/sequence/filename/description/text/div[49],"Bio-Rad is maintaining its financial outlook for the full year 2024. The company continues to expect non-GAAP, currency-neutral revenue growth of approximately 1.0 to 2.5 percent and an estimated non-GAAP operating margin of approximately 13.5 to 14.0 percent.",MARGIN,FY2024,NON_GAAP,NOT_APPLICABLE,PERCENT,13.5,14,13.75,238,CURRENT_CANDIDATE,CURRENT_GUIDANCE_RANGE,V3_RANGE_BOUND_NOT_SOURCE_REVIEWED,80f1e1eea86d9fd984ce37c8a3f0d86b11d919c68c5d60cf495e241a1d9f695c
LULU,0001397187,0001397187-24-000023,2024-06-05T20:10:16.000Z,lulu-20240428xex991.htm,https://www.sec.gov/Archives/edgar/data/1397187/000139718724000023/lulu-20240428xex991.htm,054de4031501f350d38a4d4b4c112b3f7933a6e1fc1053935e7b08b1f5ba683c,HTML_DIV,/html/body/document/type/sequence/filename/description/text/div[36],"For the second quarter of 2024, the Company expects net revenue to be in the range of $2.400 billion to $2.420 billion, representing growth of 9% to 10%. Diluted earnings per share are expected to be in the range of $2.92 to $2.97 for the quarter. This assumes a tax rate of approximately 30%.",REVENUE,Q2-2024,UNSPECIFIED,NOT_APPLICABLE,USD,2400000000,2420000000,2410000000,86,CURRENT_CANDIDATE,CURRENT_GUIDANCE_RANGE,V3_RANGE_BOUND_NOT_SOURCE_REVIEWED,206d3a9643ad9b43d8c55528205fc64466f08d9567ce17611486beadd6c3e5ca
FDS,0001013237,0001013237-24-000086,2024-07-03T11:26:39.000Z,investordeckjuly2024.htm,https://www.sec.gov/Archives/edgar/data/1013237/000101323724000086/investordeckjuly2024.htm,a3287416ff83e4fd272dfce256968fcfca1a88085b0159fc42607e23b7f6bea1,HTML_DIV,/html/body/document/type/sequence/filename/description/text/div/div/div[36]/div[1],"$72 $78 $112 $157 $145 FY19 FY20 FY21 FY22 FY23 FY24* $85-$120 $1.4 $1.5 $1.6 $1.8 $2.1 FY19 FY20 FY21 FY22 FY23 FY24* $2.18- $2.19 $10.00 $10.87 $11.20 $13.43 $14.55 $16.00 - $16.40 FY19 FY20 FY21 FY22 FY23 FY24* In FY2024 we expect to deliver 4.0-5.5% higher ASV Growth and Adjusted Operating Margin …building on momentum of the last several years $2.180B-$2.190B Revenue2 Adj Operating Margin1,2,4 Adj Diluted EPS1,2 37.0%-37.5%$85-$120M ASV Growth2,3 $16.00 - $16.40 33.2% 33.6% 32.5% 33.9% 36.2% FY19 FY20 FY21 FY22 FY23 FY24* 37.0%- 37.5% $B$M $ +8.8%4 +9.0%2,4,5 +10.1%4 1 Please see Appendix for a reconciliation of these non-GAAP metrics to GAAP metrics 2 Includes CUSIP Global Services (CGS) as of Q3 FY23 3 Incremental ASV Growth 4 FY19-FY23 actual, FY24 Outlook 5 Total Organic ASV Growth *FY24 Outlook as of June 21, 2024 +8.5%4 Copyright © 2024 FactSet Research Systems Inc. All rights reserved. FactSet Business Use Only 36 +400bps",MARGIN,FY2024,NON_GAAP,NOT_APPLICABLE,PERCENT,37,37.5,37.25,419,CURRENT_CANDIDATE,CURRENT_GUIDANCE_RANGE,V3_RANGE_BOUND_NOT_SOURCE_REVIEWED,b96628ea1f286b1536fab031f2c35fbd7ad4da2cc62f6cd0b9685dd8e280a140
FDS,0001013237,0001013237-24-000086,2024-07-03T11:26:39.000Z,investordeckjuly2024.htm,https://www.sec.gov/Archives/edgar/data/1013237/000101323724000086/investordeckjuly2024.htm,a3287416ff83e4fd272dfce256968fcfca1a88085b0159fc42607e23b7f6bea1,HTML_DIV,/html/body/document/type/sequence/filename/description/text/div/div/div[36]/div[1],"$72 $78 $112 $157 $145 FY19 FY20 FY21 FY22 FY23 FY24* $85-$120 $1.4 $1.5 $1.6 $1.8 $2.1 FY19 FY20 FY21 FY22 FY23 FY24* $2.18- $2.19 $10.00 $10.87 $11.20 $13.43 $14.55 $16.00 - $16.40 FY19 FY20 FY21 FY22 FY23 FY24* In FY2024 we expect to deliver 4.0-5.5% higher ASV Growth and Adjusted Operating Margin …building on momentum of the last several years $2.180B-$2.190B Revenue2 Adj Operating Margin1,2,4 Adj Diluted EPS1,2 37.0%-37.5%$85-$120M ASV Growth2,3 $16.00 - $16.40 33.2% 33.6% 32.5% 33.9% 36.2% FY19 FY20 FY21 FY22 FY23 FY24* 37.0%- 37.5% $B$M $ +8.8%4 +9.0%2,4,5 +10.1%4 1 Please see Appendix for a reconciliation of these non-GAAP metrics to GAAP metrics 2 Includes CUSIP Global Services (CGS) as of Q3 FY23 3 Incremental ASV Growth 4 FY19-FY23 actual, FY24 Outlook 5 Total Organic ASV Growth *FY24 Outlook as of June 21, 2024 +8.5%4 Copyright © 2024 FactSet Research Systems Inc. All rights reserved. FactSet Business Use Only 36 +400bps",MARGIN,FY2024,NON_GAAP,NOT_APPLICABLE,PERCENT,16,16.4,16.2,455,CURRENT_CANDIDATE,CURRENT_GUIDANCE_RANGE,V3_RANGE_BOUND_NOT_SOURCE_REVIEWED,9d54a31984b345c22f1c69d5de17ab50cf4105354d603dd1735a8047fa07de4c
FDS,0001013237,0001013237-24-000086,2024-07-03T11:26:39.000Z,investordeckjuly2024.htm,https://www.sec.gov/Archives/edgar/data/1013237/000101323724000086/investordeckjuly2024.htm,a3287416ff83e4fd272dfce256968fcfca1a88085b0159fc42607e23b7f6bea1,HTML_DIV,/html/body/document/type/sequence/filename/description/text/div/div/div[38]/div[1],"We are revising our guidance for FY2024 FISCAL 2024 OUTLOOK As of March 21, 2024 FISCAL 2024 OUTLOOK As of June 21, 2024 Organic ASV + Professional Services Growth1 $110 - $150 million (~5% to ~7%) $85 - $120 million (~4.0% to ~5.5%) Revenues $2,200- $2,210 million $2,180 - $2,190 million Operating Margin 32.5% - 33.0% 33.7% - 34.0% Adjusted Operating Margin 36.3% - 36.7% 37.0% - 37.5% Effective Tax Rate 16.5% - 17.5% 16.5% - 17.5% Diluted EPS $13.95 - $14.35 $14.55 - $14.95 Adjusted Diluted EPS $15.60 - $16.00 $16.00 - $16.40 1 Organic ASV + Professional Services growth over fiscal 2023 The Fiscal 2024 Outlook shown here is a forward-looking statement. Given the risks, uncertainties and assumptions related to FactSet's business and operations, FactSet’s actual future results may differ materially from these expectations. Investors should review the Company’s cautionary statements and risk factors referred to in this presentation Copyright © 2024 FactSet Research Systems Inc. All rights reserved. FactSet Business Use Only 38",MARGIN,FY2024,UNSPECIFIED,NOT_APPLICABLE,PERCENT,32.5,33,32.75,306,CURRENT_CANDIDATE,CURRENT_GUIDANCE_RANGE,V3_RANGE_BOUND_NOT_SOURCE_REVIEWED,918ee011e16087ff721f9a5ddf63d72d972c418d6a96ef3f30dba3cdd5e26928
FDS,0001013237,0001013237-24-000086,2024-07-03T11:26:39.000Z,investordeckjuly2024.htm,https://www.sec.gov/Archives/edgar/data/1013237/000101323724000086/investordeckjuly2024.htm,a3287416ff83e4fd272dfce256968fcfca1a88085b0159fc42607e23b7f6bea1,HTML_DIV,/html/body/document/type/sequence/filename/description/text/div/div/div[38]/div[1],"We are revising our guidance for FY2024 FISCAL 2024 OUTLOOK As of March 21, 2024 FISCAL 2024 OUTLOOK As of June 21, 2024 Organic ASV + Professional Services Growth1 $110 - $150 million (~5% to ~7%) $85 - $120 million (~4.0% to ~5.5%) Revenues $2,200- $2,210 million $2,180 - $2,190 million Operating Margin 32.5% - 33.0% 33.7% - 34.0% Adjusted Operating Margin 36.3% - 36.7% 37.0% - 37.5% Effective Tax Rate 16.5% - 17.5% 16.5% - 17.5% Diluted EPS $13.95 - $14.35 $14.55 - $14.95 Adjusted Diluted EPS $15.60 - $16.00 $16.00 - $16.40 1 Organic ASV + Professional Services growth over fiscal 2023 The Fiscal 2024 Outlook shown here is a forward-looking statement. Given the risks, uncertainties and assumptions related to FactSet's business and operations, FactSet’s actual future results may differ materially from these expectations. Investors should review the Company’s cautionary statements and risk factors referred to in this presentation Copyright © 2024 FactSet Research Systems Inc. All rights reserved. FactSet Business Use Only 38",MARGIN,FY2024,UNSPECIFIED,NOT_APPLICABLE,PERCENT,33.7,34,33.85,320,CURRENT_CANDIDATE,CURRENT_GUIDANCE_RANGE,V3_RANGE_BOUND_NOT_SOURCE_REVIEWED,bdbb876912a48586a381ea8536ca84d23e7bf277692e705e1f03bbf7318d6ffb
CSGP,0001057352,0001193125-24-182891,2024-07-23T20:29:09.000Z,d856482dex991.htm,https://www.sec.gov/Archives/edgar/data/1057352/000119312524182891/d856482dex991.htm,17dd9edf6e7c555913953f3e3268d1d398c4fd6c908b6c9c094306958f3d0a96,HTML_P,/html/body/document/type/sequence/filename/description/text/center[1]/div/p[13],"“This
quarter’s results demonstrate the strength of our core commercial business and the continued progress of our Homes.com strategy,” said Chris Lown, CFO of CoStar Group. The Company now expects revenue in the range of $2.735 billion to
$2.745 billion for the full year of 2024, representing revenue growth of approximately 12% year-over-year at the midpoint of the range. The Company expects revenue for the third quarter of 2024 in the range of $692 million to
$697 million, representing revenue growth of approximately 11% year-over-year at the midpoint of the range.",REVENUE,Q3-2024,UNSPECIFIED,NOT_APPLICABLE,USD,692000000,697000000,694500000,450,CURRENT_CANDIDATE,CURRENT_GUIDANCE_RANGE,V3_RANGE_BOUND_NOT_SOURCE_REVIEWED,05a2883cffd601bed667830a11c0267d42ea0c0a10a97db8a0a0a4a60f3c5805
HUBB,0000048898,0001628280-24-033357,2024-07-30T12:10:00.000Z,exhibit991_07302024.htm,https://www.sec.gov/Archives/edgar/data/48898/000162828024033357/exhibit991_07302024.htm,5e348315146c9edd09d03cbc4959762c33027725bea75fd045d250e8ae0abf9d,HTML_DIV,/html/body/document/type/sequence/filename/description/text/div[38],"For the full year 2024, Hubbell anticipates diluted earnings per share in the range of $14.30-$14.60 and anticipates adjusted diluted earnings per share (""Adjusted EPS"") in the range of $16.20-$16.50. Adjusted EPS excludes amortization of acquisition-related intangible assets, which the Company expects to be approximately $1.60 for the full year, a $0.22 loss on disposition of the residential lighting business, and $0.10 of transaction, integration, and separation costs. The Company believes Adjusted EPS is a useful measure of underlying performance in light of our acquisition and divestiture strategy.",EPS,FY2024,UNSPECIFIED,NOT_APPLICABLE,USD_PER_SHARE,14.3,14.6,14.45,87,CURRENT_CANDIDATE,CURRENT_GUIDANCE_RANGE,V3_RANGE_BOUND_NOT_SOURCE_REVIEWED,b4ba88be163715bdce7a4558d32b57b73e184c64d65de1792db0ab964a58f4c4
HUBB,0000048898,0001628280-24-033357,2024-07-30T12:10:00.000Z,exhibit991_07302024.htm,https://www.sec.gov/Archives/edgar/data/48898/000162828024033357/exhibit991_07302024.htm,5e348315146c9edd09d03cbc4959762c33027725bea75fd045d250e8ae0abf9d,HTML_DIV,/html/body/document/type/sequence/filename/description/text/div[38],"For the full year 2024, Hubbell anticipates diluted earnings per share in the range of $14.30-$14.60 and anticipates adjusted diluted earnings per share (""Adjusted EPS"") in the range of $16.20-$16.50. Adjusted EPS excludes amortization of acquisition-related intangible assets, which the Company expects to be approximately $1.60 for the full year, a $0.22 loss on disposition of the residential lighting business, and $0.10 of transaction, integration, and separation costs. The Company believes Adjusted EPS is a useful measure of underlying performance in light of our acquisition and divestiture strategy.",EPS,FY2024,NON_GAAP,NOT_APPLICABLE,USD_PER_SHARE,16.2,16.5,16.35,186,CURRENT_CANDIDATE,CURRENT_GUIDANCE_RANGE,V3_RANGE_BOUND_NOT_SOURCE_REVIEWED,1bd5d1ca673728d939d2d76dfeebbfb59af78bfbb4e56cebb7f21ebe034b0146
TRMB,0000864749,0000864749-24-000195,2024-08-06T11:11:50.000Z,a2024q2-8kex991.htm,https://www.sec.gov/Archives/edgar/data/864749/000086474924000195/a2024q2-8kex991.htm,43a05eddc706cfe357290b05bfcfc28969a4865103eaf3637e24b0febea9835e,HTML_DIV,/html/body/document/type/sequence/filename/description/text/div[21],"For the full-year 2024, Trimble expects to report revenue between $3,590 million and $3,670 million, GAAP earnings per share of $6.41 to $6.54, and non-GAAP earnings per share of $2.67 to $2.81. GAAP guidance assumes a tax rate of 24.0 percent and non-GAAP guidance assumes a tax rate of 17.2 percent. Both GAAP and non-GAAP earnings per share assume approximately 245 million shares outstanding.",REVENUE,FY2024,UNSPECIFIED,NOT_APPLICABLE,USD,3590000000,3670000000,3630000000,66,CURRENT_CANDIDATE,CURRENT_GUIDANCE_RANGE,V3_RANGE_BOUND_NOT_SOURCE_REVIEWED,692e6e604cf859dfca47d00dea8ff1f25505ae5d246d9f89036ddb6885fbf861
TRMB,0000864749,0000864749-24-000195,2024-08-06T11:11:50.000Z,a2024q2-8kex991.htm,https://www.sec.gov/Archives/edgar/data/864749/000086474924000195/a2024q2-8kex991.htm,43a05eddc706cfe357290b05bfcfc28969a4865103eaf3637e24b0febea9835e,HTML_DIV,/html/body/document/type/sequence/filename/description/text/div[21],"For the full-year 2024, Trimble expects to report revenue between $3,590 million and $3,670 million, GAAP earnings per share of $6.41 to $6.54, and non-GAAP earnings per share of $2.67 to $2.81. GAAP guidance assumes a tax rate of 24.0 percent and non-GAAP guidance assumes a tax rate of 17.2 percent. Both GAAP and non-GAAP earnings per share assume approximately 245 million shares outstanding.",EPS,FY2024,GAAP,NOT_APPLICABLE,USD_PER_SHARE,6.41,6.54,6.475,128,CURRENT_CANDIDATE,CURRENT_GUIDANCE_RANGE,V3_RANGE_BOUND_NOT_SOURCE_REVIEWED,677bc1f867d88c1b9aaa5cc32ee33e102a8919f35f2b39c89de84414d5f01214
TRMB,0000864749,0000864749-24-000195,2024-08-06T11:11:50.000Z,a2024q2-8kex991.htm,https://www.sec.gov/Archives/edgar/data/864749/000086474924000195/a2024q2-8kex991.htm,43a05eddc706cfe357290b05bfcfc28969a4865103eaf3637e24b0febea9835e,HTML_DIV,/html/body/document/type/sequence/filename/description/text/div[21],"For the full-year 2024, Trimble expects to report revenue between $3,590 million and $3,670 million, GAAP earnings per share of $6.41 to $6.54, and non-GAAP earnings per share of $2.67 to $2.81. GAAP guidance assumes a tax rate of 24.0 percent and non-GAAP guidance assumes a tax rate of 17.2 percent. Both GAAP and non-GAAP earnings per share assume approximately 245 million shares outstanding.",EPS,FY2024,NON_GAAP,NOT_APPLICABLE,USD_PER_SHARE,2.67,2.81,2.74,179,CURRENT_CANDIDATE,CURRENT_GUIDANCE_RANGE,V3_RANGE_BOUND_NOT_SOURCE_REVIEWED,ace1bdb13a2bb53a3f2bace3bdd97c01e9495976c74cb7368778d65ba90a30d2
TRMB,0000864749,0000864749-24-000195,2024-08-06T11:11:50.000Z,a2024q2-8kex991.htm,https://www.sec.gov/Archives/edgar/data/864749/000086474924000195/a2024q2-8kex991.htm,43a05eddc706cfe357290b05bfcfc28969a4865103eaf3637e24b0febea9835e,HTML_DIV,/html/body/document/type/sequence/filename/description/text/div[22],"For the third quarter of 2024, Trimble expects to report revenue between $840 million and $880 million, GAAP earnings per share of $0.28 to $0.34, and non-GAAP earnings per share of $0.58 to $0.64. GAAP guidance assumes a tax rate of 16.2 percent and non-GAAP guidance assumes a tax rate of 17.2 percent. Both GAAP and non-GAAP earnings per share assume approximately 245 million shares outstanding.",REVENUE,Q3-2024,UNSPECIFIED,NOT_APPLICABLE,USD,840000000,880000000,860000000,73,CURRENT_CANDIDATE,CURRENT_GUIDANCE_RANGE,V3_RANGE_BOUND_NOT_SOURCE_REVIEWED,4166a644399641905e512e3a66f36e67a90f586fcaa40f3e959a321c0d227010
TRMB,0000864749,0000864749-24-000195,2024-08-06T11:11:50.000Z,a2024q2-8kex991.htm,https://www.sec.gov/Archives/edgar/data/864749/000086474924000195/a2024q2-8kex991.htm,43a05eddc706cfe357290b05bfcfc28969a4865103eaf3637e24b0febea9835e,HTML_DIV,/html/body/document/type/sequence/filename/description/text/div[22],"For the third quarter of 2024, Trimble expects to report revenue between $840 million and $880 million, GAAP earnings per share of $0.28 to $0.34, and non-GAAP earnings per share of $0.58 to $0.64. GAAP guidance assumes a tax rate of 16.2 percent and non-GAAP guidance assumes a tax rate of 17.2 percent. Both GAAP and non-GAAP earnings per share assume approximately 245 million shares outstanding.",EPS,Q3-2024,GAAP,NOT_APPLICABLE,USD_PER_SHARE,0.28,0.34,0.31,131,CURRENT_CANDIDATE,CURRENT_GUIDANCE_RANGE,V3_RANGE_BOUND_NOT_SOURCE_REVIEWED,5fd61b5c9cf765224d28f64a833bc617b5fe3cf511423fe97c18fcd5525b4726
TRMB,0000864749,0000864749-24-000195,2024-08-06T11:11:50.000Z,a2024q2-8kex991.htm,https://www.sec.gov/Archives/edgar/data/864749/000086474924000195/a2024q2-8kex991.htm,43a05eddc706cfe357290b05bfcfc28969a4865103eaf3637e24b0febea9835e,HTML_DIV,/html/body/document/type/sequence/filename/description/text/div[22],"For the third quarter of 2024, Trimble expects to report revenue between $840 million and $880 million, GAAP earnings per share of $0.28 to $0.34, and non-GAAP earnings per share of $0.58 to $0.64. GAAP guidance assumes a tax rate of 16.2 percent and non-GAAP guidance assumes a tax rate of 17.2 percent. Both GAAP and non-GAAP earnings per share assume approximately 245 million shares outstanding.",EPS,Q3-2024,NON_GAAP,NOT_APPLICABLE,USD_PER_SHARE,0.58,0.64,0.61,182,CURRENT_CANDIDATE,CURRENT_GUIDANCE_RANGE,V3_RANGE_BOUND_NOT_SOURCE_REVIEWED,5946ebf4533b326701063408ec4f354015a781365b83daf6c07fcfc78aecb435
ILMN,0001110803,0001110803-24-000042,2024-08-06T20:20:31.000Z,a2q24earningsrelease.htm,https://www.sec.gov/Archives/edgar/data/1110803/000111080324000042/a2q24earningsrelease.htm,88f546c4c20d776479e657461091067829736801d223c5d0ad39cb73f43af869,HTML_DIV,/html/body/document/type/sequence/filename/description/text/div[57],"For fiscal year 2024, the company lowered its Core Illumina revenue guidance to decline 2% to 3% (down 1.5% to 2.5% in constant currency) compared to fiscal year 2023 and raised its Core Illumina non-GAAP operating margin guidance to a range of 20.5% to 21%. The company is introducing guidance for Core Illumina non-GAAP diluted EPS in the range of $3.80 to $3.95 for fiscal year 2024.",MARGIN,FY2023,NON_GAAP,NOT_APPLICABLE,PERCENT,20.5,21,20.75,244,CURRENT_CANDIDATE,CURRENT_GUIDANCE_RANGE,V3_RANGE_BOUND_NOT_SOURCE_REVIEWED,cb7ec0f122ca8d1a3c3a1ed3bdeffbe7373891e65f0462a6a15e1fcce8b40a78
SMCI,0001375365,0001375365-24-000028,2024-08-06T20:26:52.000Z,exhibit991_20240630.htm,https://www.sec.gov/Archives/edgar/data/1375365/000137536524000028/exhibit991_20240630.htm,8abf6019311ae8a342532eb184c637a8a3fc680c80f54176bf23468226a04336,HTML_DIV,/html/body/document/type/sequence/filename/description/text/div[37],"For the first quarter of fiscal year 2025 ending September 30, 2024, the Company expects net sales of $6.0 billion to $7.0 billion, GAAP net income per diluted share of $5.97 to $7.66 and non-GAAP net income per diluted share of $6.69 to $8.27. The Company’s projections for GAAP and non-GAAP net income per diluted share assume a tax rate of approximately 9.9% and 14.6%, respectively, and a fully diluted share count of 65 million shares for GAAP and fully diluted share count of 66 million shares for non-GAAP. The outlook for Q1 of fiscal year 2025 GAAP net income per diluted share includes approximately $48 million in expected stock-based compensation expense and other expenses, net of related tax effects of $35 million, which are excluded from non-GAAP net income per diluted share.",REVENUE,FY2025,UNSPECIFIED,NOT_APPLICABLE,USD,6000000000,7000000000,6500000000,102,CURRENT_CANDIDATE,CURRENT_GUIDANCE_RANGE,V3_RANGE_BOUND_NOT_SOURCE_REVIEWED,35291d9886715b5bf10fb242e8e38b7c01f7fe783043e88ea9b440a2da2d9c60
SMCI,0001375365,0001375365-24-000028,2024-08-06T20:26:52.000Z,exhibit991_20240630.htm,https://www.sec.gov/Archives/edgar/data/1375365/000137536524000028/exhibit991_20240630.htm,8abf6019311ae8a342532eb184c637a8a3fc680c80f54176bf23468226a04336,HTML_DIV,/html/body/document/type/sequence/filename/description/text/div[39],"For fiscal year 2025 ending June 30, 2025, the Company expects net sales of $26.0 billion to $30.0 billion.",REVENUE,FY2025,UNSPECIFIED,NOT_APPLICABLE,USD,26000000000,30000000000,28000000000,76,CURRENT_CANDIDATE,CURRENT_GUIDANCE_RANGE,V3_RANGE_BOUND_NOT_SOURCE_REVIEWED,7b4c889f44280213b9a2934a0db89f3f39f86ed59d4e660fd56e23a25242db3f
LULU,0001397187,0001397187-24-000033,2024-08-29T20:13:03.000Z,lulu-20240728xex991.htm,https://www.sec.gov/Archives/edgar/data/1397187/000139718724000033/lulu-20240728xex991.htm,af06bfd1b9a8ee6c9e486bfb6cff69367b5d717dd0efbad14380a116cd12be0b,HTML_DIV,/html/body/document/type/sequence/filename/description/text/div[33],"For the third quarter of 2024, the Company expects net revenue to be in the range of $2.340 billion to $2.365 billion, representing growth of 6% to 7%. Diluted earnings per share are expected to be in the range of $2.68 to $2.73 for the quarter. This assumes a tax rate of approximately 30%.",REVENUE,Q3-2024,UNSPECIFIED,NOT_APPLICABLE,USD,2340000000,2365000000,2352500000,85,CURRENT_CANDIDATE,CURRENT_GUIDANCE_RANGE,V3_RANGE_BOUND_NOT_SOURCE_REVIEWED,7362227dd6d3c797158f7a79c8e51f6b0d0f668581f24c7db1cfa47d9c8f2ac7
HUBB,0000048898,0001628280-24-044010,2024-10-29T12:09:21.000Z,exhibit991_10292024.htm,https://www.sec.gov/Archives/edgar/data/48898/000162828024044010/exhibit991_10292024.htm,71e9dc0d7c7ce72948b0f226ac4a0bbc36e625d55c2e319d0ef682608dff9102,HTML_DIV,/html/body/document/type/sequence/filename/description/text/div[35],"For the full year 2024, Hubbell anticipates diluted earnings per share in the range of $14.20-$14.40 and anticipates adjusted diluted earnings per share (""Adjusted EPS"") in the range of $16.35-$16.55. Adjusted EPS excludes amortization of acquisition-related intangible assets, which the Company expects to be approximately $1.75 for the full year, a $0.22 loss on disposition of the residential lighting business, and $0.17 of transaction, integration, and separation costs. The Company believes Adjusted EPS is a useful measure of underlying performance in light of our acquisition and divestiture strategy.",EPS,FY2024,UNSPECIFIED,NOT_APPLICABLE,USD_PER_SHARE,14.2,14.4,14.3,87,CURRENT_CANDIDATE,CURRENT_GUIDANCE_RANGE,V3_RANGE_BOUND_NOT_SOURCE_REVIEWED,f0702c7b8900ea055b9c8a470e3c062868f6e820beae7023b42fa38c49fc363b
HUBB,0000048898,0001628280-24-044010,2024-10-29T12:09:21.000Z,exhibit991_10292024.htm,https://www.sec.gov/Archives/edgar/data/48898/000162828024044010/exhibit991_10292024.htm,71e9dc0d7c7ce72948b0f226ac4a0bbc36e625d55c2e319d0ef682608dff9102,HTML_DIV,/html/body/document/type/sequence/filename/description/text/div[35],"For the full year 2024, Hubbell anticipates diluted earnings per share in the range of $14.20-$14.40 and anticipates adjusted diluted earnings per share (""Adjusted EPS"") in the range of $16.35-$16.55. Adjusted EPS excludes amortization of acquisition-related intangible assets, which the Company expects to be approximately $1.75 for the full year, a $0.22 loss on disposition of the residential lighting business, and $0.17 of transaction, integration, and separation costs. The Company believes Adjusted EPS is a useful measure of underlying performance in light of our acquisition and divestiture strategy.",EPS,FY2024,NON_GAAP,NOT_APPLICABLE,USD_PER_SHARE,16.35,16.55,16.45,186,CURRENT_CANDIDATE,CURRENT_GUIDANCE_RANGE,V3_RANGE_BOUND_NOT_SOURCE_REVIEWED,3811324e8ccb42349d09df4965f61abb08663b3ad630045c636ce222e7ef61de
BWA,0000908255,0000908255-24-000040,2024-10-31T12:31:31.000Z,a20240930ex991pressrelease.htm,https://www.sec.gov/Archives/edgar/data/908255/000090825524000040/a20240930ex991pressrelease.htm,31893324bcd872624065ef0a277c80883d9cbe5eb38d50cebe1b238dab1c555d,HTML_DIV,/html/body/document/type/sequence/filename/description/text/div[44],"Full Year 2024 Guidance: The Company has updated full year sales, margin, and EPS guidance. Net sales for 2024 are expected to be in the range of $14.0 billion to $14.2 billion, compared to the Company’s prior guidance of $14.1 billion to $14.4 billion and 2023 sales of approximately $14.2 billion. The Company expects its weighted light and commercial vehicle markets to be in the range of down 3.5% to down 3% year-over-year in 2024, a decrease from the Company’s prior guidance of down 3% to down 2%. The Company’s sales guidance implies a year-over-year decrease in organic sales of approximately (1.5)% to flat, or estimated outgrowth above market production of approximately 200 to 300 basis points. The Company expects its 2024 eProduct sales to be approximately $2.4 billion, up from approximately $2.0 billion in 2023. Foreign currencies are expected to result in a year-over-year decrease in sales of approximately $20 million primarily due to strengthening of the Euro, offset by the weakening of the Korean Won and Chinese Renminbi against the U.S. dollar. The acquisitions of SSE and the Electric Hybrid Systems business segment of Eldor Corporation are expected to increase year-over-year sales by approximately $30 million.",REVENUE,FY2024,UNSPECIFIED,NOT_APPLICABLE,USD,14000000000,14200000000,14100000000,146,CURRENT_CANDIDATE,CURRENT_GUIDANCE_RANGE,V3_RANGE_BOUND_NOT_SOURCE_REVIEWED,02746b2111b4376842da5606c7aa308ed032bfc4f907396481e264186327496c
ILMN,0001110803,0001110803-24-000049,2024-11-04T21:08:10.000Z,a3q24earningsrelease.htm,https://www.sec.gov/Archives/edgar/data/1110803/000111080324000049/a3q24earningsrelease.htm,1e47a3db5e2e34eb8521d75e60b3987a5ad085fe7e7e2f1bbd051f4dcd2bba5e,HTML_DIV,/html/body/document/type/sequence/filename/description/text/div[11],•Raised fiscal year 2024 Core Illumina non-GAAP operating margin guidance to a range of 21% to 21.5%,MARGIN,FY2024,NON_GAAP,NOT_APPLICABLE,PERCENT,21,21.5,21.25,87,CURRENT_CANDIDATE,CURRENT_GUIDANCE_RANGE,V3_RANGE_BOUND_NOT_SOURCE_REVIEWED,85ef6fc1efe2addb605508f9c6c2e5f3f2617740699d5cf0cc0075a9366c2f83
ILMN,0001110803,0001110803-24-000049,2024-11-04T21:08:10.000Z,a3q24earningsrelease.htm,https://www.sec.gov/Archives/edgar/data/1110803/000111080324000049/a3q24earningsrelease.htm,1e47a3db5e2e34eb8521d75e60b3987a5ad085fe7e7e2f1bbd051f4dcd2bba5e,HTML_DIV,/html/body/document/type/sequence/filename/description/text/div[12],•Raised fiscal year 2024 Core Illumina non-GAAP diluted EPS guidance to a range of $4.05 to $4.15,EPS,FY2024,NON_GAAP,NOT_APPLICABLE,USD_PER_SHARE,4.05,4.15,4.1,83,CURRENT_CANDIDATE,CURRENT_GUIDANCE_RANGE,V3_RANGE_BOUND_NOT_SOURCE_REVIEWED,6157e67ba2d03a79b88e9563bdcbdf5703cadfb7b2ae216e193a66442f3a33e0
LUMN,0000018926,0000018926-24-000110,2024-11-05T21:02:30.000Z,lumen3q24earningspresfin.htm,https://www.sec.gov/Archives/edgar/data/18926/000001892624000110/lumen3q24earningspresfin.htm,11d59a038fcda1fd442cafbae89606bc9ad17cee5376677818753c9947017cde,HTML_DIV,/html/body/document/type/sequence/filename/description/text/div/div/div[16]/div[1],"© 2024 Lumen Technologies. All Rights Reserved. 15 Slide Title 2024 Financial Outlook (1) For definitions of non-GAAP metrics and reconciliations to GAAP figures, see Lumen’s Investor Relations website. (2) Outlook measures in this presentation and the accompanying schedules (i) exclude the effects of Special Items, goodwill impairments, future changes in our operating or capital allocation plans, unforeseen changes in regulation, laws or litigation, and other unforeseen events or circumstances impacting our financial performance and (ii) speak only as of August 6, 2024. See “Forward Looking Statements” at the beginning of this presentation. (3) Outlook includes the voluntary pension contribution of $170 million during the third quarter 2024. (4) Includes an approximately $700 million tax refund received during the first quarter 2024. Metric(1)(2) Outlook Adjusted EBITDA $3.9 to $4.0 billion Free Cash Flow(3)(4) $1.2 to $1.4 billion Net Cash Interest $1.15 to $1.25 billion Capital Expenditures $3.1 to $3.3 billion Cash Income Taxes/(Refund)(4) ($200) to ($300) million",FREE_CASH_FLOW,Q1-2024,NON_GAAP,NOT_APPLICABLE,USD,1200000000,1400000000,1300000000,926,CURRENT_CANDIDATE,CURRENT_GUIDANCE_RANGE,V3_RANGE_BOUND_NOT_SOURCE_REVIEWED,c2859183dbc4360776fa5f801dca901a23226e2122bd97885d31a96b5d3aa353
LUMN,0000018926,0000018926-24-000110,2024-11-05T21:02:30.000Z,lumen3q24earningspresfin.htm,https://www.sec.gov/Archives/edgar/data/18926/000001892624000110/lumen3q24earningspresfin.htm,11d59a038fcda1fd442cafbae89606bc9ad17cee5376677818753c9947017cde,HTML_DIV,/html/body/document/type/sequence/filename/description/text/div/div/div[16]/div[1],"© 2024 Lumen Technologies. All Rights Reserved. 15 Slide Title 2024 Financial Outlook (1) For definitions of non-GAAP metrics and reconciliations to GAAP figures, see Lumen’s Investor Relations website. (2) Outlook measures in this presentation and the accompanying schedules (i) exclude the effects of Special Items, goodwill impairments, future changes in our operating or capital allocation plans, unforeseen changes in regulation, laws or litigation, and other unforeseen events or circumstances impacting our financial performance and (ii) speak only as of August 6, 2024. See “Forward Looking Statements” at the beginning of this presentation. (3) Outlook includes the voluntary pension contribution of $170 million during the third quarter 2024. (4) Includes an approximately $700 million tax refund received during the first quarter 2024. Metric(1)(2) Outlook Adjusted EBITDA $3.9 to $4.0 billion Free Cash Flow(3)(4) $1.2 to $1.4 billion Net Cash Interest $1.15 to $1.25 billion Capital Expenditures $3.1 to $3.3 billion Cash Income Taxes/(Refund)(4) ($200) to ($300) million",FREE_CASH_FLOW,Q1-2024,NON_GAAP,NOT_APPLICABLE,USD,1150000000,1250000000,1200000000,965,CURRENT_CANDIDATE,CURRENT_GUIDANCE_RANGE,V3_RANGE_BOUND_NOT_SOURCE_REVIEWED,47961af5e71e073136b40f6232e47bccd6748e8e74c579958d6e8aa92aa4fde5
LUMN,0000018926,0000018926-24-000110,2024-11-05T21:02:30.000Z,lumen3q24earningspresfin.htm,https://www.sec.gov/Archives/edgar/data/18926/000001892624000110/lumen3q24earningspresfin.htm,11d59a038fcda1fd442cafbae89606bc9ad17cee5376677818753c9947017cde,HTML_DIV,/html/body/document/type/sequence/filename/description/text/div/div/div[16]/div[1],"© 2024 Lumen Technologies. All Rights Reserved. 15 Slide Title 2024 Financial Outlook (1) For definitions of non-GAAP metrics and reconciliations to GAAP figures, see Lumen’s Investor Relations website. (2) Outlook measures in this presentation and the accompanying schedules (i) exclude the effects of Special Items, goodwill impairments, future changes in our operating or capital allocation plans, unforeseen changes in regulation, laws or litigation, and other unforeseen events or circumstances impacting our financial performance and (ii) speak only as of August 6, 2024. See “Forward Looking Statements” at the beginning of this presentation. (3) Outlook includes the voluntary pension contribution of $170 million during the third quarter 2024. (4) Includes an approximately $700 million tax refund received during the first quarter 2024. Metric(1)(2) Outlook Adjusted EBITDA $3.9 to $4.0 billion Free Cash Flow(3)(4) $1.2 to $1.4 billion Net Cash Interest $1.15 to $1.25 billion Capital Expenditures $3.1 to $3.3 billion Cash Income Taxes/(Refund)(4) ($200) to ($300) million",CAPEX,Q1-2024,NOT_APPLICABLE,NOT_APPLICABLE,USD,3100000000,3300000000,3200000000,1009,CURRENT_CANDIDATE,CURRENT_GUIDANCE_RANGE,V3_RANGE_BOUND_NOT_SOURCE_REVIEWED,3077eeae9445b63dfe4ee54e828926f4f2e1481125a03465d0ba78570b8d65aa
LUMN,0000018926,0000018926-24-000110,2024-11-05T21:02:30.000Z,lumen3q24earningspresfin.htm,https://www.sec.gov/Archives/edgar/data/18926/000001892624000110/lumen3q24earningspresfin.htm,11d59a038fcda1fd442cafbae89606bc9ad17cee5376677818753c9947017cde,HTML_DIV,/html/body/document/type/sequence/filename/description/text/div/div/div[16]/div[1],"© 2024 Lumen Technologies. All Rights Reserved. 15 Slide Title 2024 Financial Outlook (1) For definitions of non-GAAP metrics and reconciliations to GAAP figures, see Lumen’s Investor Relations website. (2) Outlook measures in this presentation and the accompanying schedules (i) exclude the effects of Special Items, goodwill impairments, future changes in our operating or capital allocation plans, unforeseen changes in regulation, laws or litigation, and other unforeseen events or circumstances impacting our financial performance and (ii) speak only as of August 6, 2024. See “Forward Looking Statements” at the beginning of this presentation. (3) Outlook includes the voluntary pension contribution of $170 million during the third quarter 2024. (4) Includes an approximately $700 million tax refund received during the first quarter 2024. Metric(1)(2) Outlook Adjusted EBITDA $3.9 to $4.0 billion Free Cash Flow(3)(4) $1.2 to $1.4 billion Net Cash Interest $1.15 to $1.25 billion Capital Expenditures $3.1 to $3.3 billion Cash Income Taxes/(Refund)(4) ($200) to ($300) million",CAPEX,Q1-2024,NOT_APPLICABLE,NOT_APPLICABLE,USD,-300000000,-200000000,-250000000,1060,CURRENT_CANDIDATE,CURRENT_GUIDANCE_RANGE,V3_RANGE_BOUND_NOT_SOURCE_REVIEWED,d0882e373299302c001dbca7d6bebcd9b621182261b61824df6f43ecc46067cf
LULU,0001397187,0001397187-24-000040,2024-12-05T21:11:50.000Z,lulu-20241027xex991.htm,https://www.sec.gov/Archives/edgar/data/1397187/000139718724000040/lulu-20241027xex991.htm,ae499b0edbda1bb44bb69c15557d8f232da33098a7adfce96431b87355cbb296,HTML_DIV,/html/body/document/type/sequence/filename/description/text/div[37],"For the fourth quarter of 2024, the Company expects net revenue to be in the range of $3.475 billion to $3.510 billion, representing growth of 8% to 10%, or 3% to 4% excluding the 53rd week of 2024. Diluted earnings per share are expected to be in the range of $5.56 to $5.64 for the quarter. This assumes a tax rate of approximately 29.5%.",REVENUE,Q4-2024,UNSPECIFIED,NOT_APPLICABLE,USD,3475000000,3510000000,3492500000,86,CURRENT_CANDIDATE,CURRENT_GUIDANCE_RANGE,V3_RANGE_BOUND_NOT_SOURCE_REVIEWED,6c184f97b35a2f208267088a3c3be4cff5a2aa30f9bb943bb4ef88cb22491186
LULU,0001397187,0001397187-24-000040,2024-12-05T21:11:50.000Z,lulu-20241027xex991.htm,https://www.sec.gov/Archives/edgar/data/1397187/000139718724000040/lulu-20241027xex991.htm,ae499b0edbda1bb44bb69c15557d8f232da33098a7adfce96431b87355cbb296,HTML_DIV,/html/body/document/type/sequence/filename/description/text/div[37],"For the fourth quarter of 2024, the Company expects net revenue to be in the range of $3.475 billion to $3.510 billion, representing growth of 8% to 10%, or 3% to 4% excluding the 53rd week of 2024. Diluted earnings per share are expected to be in the range of $5.56 to $5.64 for the quarter. This assumes a tax rate of approximately 29.5%.",EPS,Q4-2024,UNSPECIFIED,NOT_APPLICABLE,USD_PER_SHARE,5.56,5.64,5.6,261,CURRENT_CANDIDATE,CURRENT_GUIDANCE_RANGE,V3_RANGE_BOUND_NOT_SOURCE_REVIEWED,e4c7834b115e014b5d244bdc5fe60c0adb37b09a91e4736fa93e37603ff6ebc3
NWL,0000814453,0000814453-25-000003,2025-02-07T12:29:39.000Z,exhibit991_q4xdecemberx2024.htm,https://www.sec.gov/Archives/edgar/data/814453/000081445325000003/exhibit991_q4xdecemberx2024.htm,3405a3f80ca8b73b8ff15c4d4afb42efa89203ba093fa01876005c67ccaa218d,HTML_DIV,/html/body/document/type/sequence/filename/description/text/div[23],"–The Company initiated its full year 2025 outlook for net sales to decline in the range of 4% to 2%, core sales in the range of a 2% decline to a 1% increase and a normalized EPS range of $0.70 to $0.76.",EPS,FY2025,UNSPECIFIED,NOT_APPLICABLE,USD_PER_SHARE,0.7,0.76,0.73,188,CURRENT_CANDIDATE,CURRENT_GUIDANCE_RANGE,V3_RANGE_BOUND_NOT_SOURCE_REVIEWED,b7dc6a776ac19a571c74344d174ad33942097d32708757300d2d92bbdd67afe4
VRT,0001674101,0001628280-25-005006,2025-02-12T11:06:37.000Z,exhibit991vrt02122025.htm,https://www.sec.gov/Archives/edgar/data/1674101/000162828025005006/exhibit991vrt02122025.htm,bbea6bf20f069d1f258aa7ea2f9aae497645c380ab40c30ee1959c919b7f9624,HTML_DIV,/html/body/document/type/sequence/filename/description/text/div[10],"•Expect full year 2025 diluted EPS of $2.93 to $3.03 and adjusted diluted EPS of $3.50 to $3.60, an increase of 25% (at the midpoint) compared to full year 2024 and consistent with guidance provided at the November investor event",EPS,FY2025,UNSPECIFIED,NOT_APPLICABLE,USD_PER_SHARE,2.93,3.03,2.98,38,CURRENT_CANDIDATE,CURRENT_GUIDANCE_RANGE,V3_RANGE_BOUND_NOT_SOURCE_REVIEWED,8854e062dfa90fc0bb8524589cea75cd2300fe0e948181b05723f63ed3c72d81
VRT,0001674101,0001628280-25-005006,2025-02-12T11:06:37.000Z,exhibit991vrt02122025.htm,https://www.sec.gov/Archives/edgar/data/1674101/000162828025005006/exhibit991vrt02122025.htm,bbea6bf20f069d1f258aa7ea2f9aae497645c380ab40c30ee1959c919b7f9624,HTML_DIV,/html/body/document/type/sequence/filename/description/text/div[10],"•Expect full year 2025 diluted EPS of $2.93 to $3.03 and adjusted diluted EPS of $3.50 to $3.60, an increase of 25% (at the midpoint) compared to full year 2024 and consistent with guidance provided at the November investor event",EPS,FY2025,NON_GAAP,NOT_APPLICABLE,USD_PER_SHARE,3.5,3.6,3.55,81,CURRENT_CANDIDATE,CURRENT_GUIDANCE_RANGE,V3_RANGE_BOUND_NOT_SOURCE_REVIEWED,cd0e872f4b2691a4ceb2e84953feb5677d5d2beb671c76a9598659133ed25eb5
CSGP,0001057352,0001057352-25-000004,2025-02-18T21:08:23.000Z,q42024earningspressrelease.htm,https://www.sec.gov/Archives/edgar/data/1057352/000105735225000004/q42024earningspressrelease.htm,e1093500317ed2d0da9ab305f937173acb11417675cfac5bc75ab746b3d95665,HTML_DIV,/html/body/document/type/sequence/filename/description/text/div[31],"The Company expects revenue in the range of $2.985 billion to $3.015 billion for the full year of 2025, representing year-over-year growth of approximately 10% at the midpoint of the range. The Company expects revenue for the first quarter of 2025 in the range of $711 million to $716 million, representing revenue growth of approximately 9% year-over-year at the midpoint of the range.",REVENUE,Q1-2025,UNSPECIFIED,NOT_APPLICABLE,USD,711000000,716000000,713500000,264,CURRENT_CANDIDATE,CURRENT_GUIDANCE_RANGE,V3_RANGE_BOUND_NOT_SOURCE_REVIEWED,b810d28c7c3672d7037dd26cbcc333f9545b7a636f0979ef20349fa6f1b569f0
TRMB,0000864749,0000864749-25-000023,2025-02-19T12:04:08.000Z,a2024q4-8kex991.htm,https://www.sec.gov/Archives/edgar/data/864749/000086474925000023/a2024q4-8kex991.htm,b4b913e794620350c6a36a737ca8b93e731c67c07d6e98f946221842378dbc23,HTML_DIV,/html/body/document/type/sequence/filename/description/text/div[31],"For the full-year 2025, Trimble expects to report revenue between $3,370 million and $3,470 million, GAAP earnings per share of $1.46 to $1.67, and non-GAAP earnings per share of $2.76 to $2.98. GAAP guidance assumes a tax rate of 22.0 percent and non-GAAP guidance assumes a tax rate of 17.4 percent. Both GAAP and non-GAAP earnings per share assume approximately 243 million shares outstanding.",REVENUE,FY2025,UNSPECIFIED,NOT_APPLICABLE,USD,3370000000,3470000000,3420000000,66,CURRENT_CANDIDATE,CURRENT_GUIDANCE_RANGE,V3_RANGE_BOUND_NOT_SOURCE_REVIEWED,f08b27bd93d509589b316bbfe2a0f89e338f03b3041dbdb4551372485ce6c275
TRMB,0000864749,0000864749-25-000023,2025-02-19T12:04:08.000Z,a2024q4-8kex991.htm,https://www.sec.gov/Archives/edgar/data/864749/000086474925000023/a2024q4-8kex991.htm,b4b913e794620350c6a36a737ca8b93e731c67c07d6e98f946221842378dbc23,HTML_DIV,/html/body/document/type/sequence/filename/description/text/div[31],"For the full-year 2025, Trimble expects to report revenue between $3,370 million and $3,470 million, GAAP earnings per share of $1.46 to $1.67, and non-GAAP earnings per share of $2.76 to $2.98. GAAP guidance assumes a tax rate of 22.0 percent and non-GAAP guidance assumes a tax rate of 17.4 percent. Both GAAP and non-GAAP earnings per share assume approximately 243 million shares outstanding.",EPS,FY2025,GAAP,NOT_APPLICABLE,USD_PER_SHARE,1.46,1.67,1.565,128,CURRENT_CANDIDATE,CURRENT_GUIDANCE_RANGE,V3_RANGE_BOUND_NOT_SOURCE_REVIEWED,82812b6b2f420dd7f00e35ad9ac70badec6a4549dda8bb97f29320bdcc8aca29
TRMB,0000864749,0000864749-25-000023,2025-02-19T12:04:08.000Z,a2024q4-8kex991.htm,https://www.sec.gov/Archives/edgar/data/864749/000086474925000023/a2024q4-8kex991.htm,b4b913e794620350c6a36a737ca8b93e731c67c07d6e98f946221842378dbc23,HTML_DIV,/html/body/document/type/sequence/filename/description/text/div[31],"For the full-year 2025, Trimble expects to report revenue between $3,370 million and $3,470 million, GAAP earnings per share of $1.46 to $1.67, and non-GAAP earnings per share of $2.76 to $2.98. GAAP guidance assumes a tax rate of 22.0 percent and non-GAAP guidance assumes a tax rate of 17.4 percent. Both GAAP and non-GAAP earnings per share assume approximately 243 million shares outstanding.",EPS,FY2025,NON_GAAP,NOT_APPLICABLE,USD_PER_SHARE,2.76,2.98,2.87,179,CURRENT_CANDIDATE,CURRENT_GUIDANCE_RANGE,V3_RANGE_BOUND_NOT_SOURCE_REVIEWED,9531520b516623f74ee0fe2a6d3f27ef1be61b47378e246c6ec33e233650666b
TRMB,0000864749,0000864749-25-000023,2025-02-19T12:04:08.000Z,a2024q4-8kex991.htm,https://www.sec.gov/Archives/edgar/data/864749/000086474925000023/a2024q4-8kex991.htm,b4b913e794620350c6a36a737ca8b93e731c67c07d6e98f946221842378dbc23,HTML_DIV,/html/body/document/type/sequence/filename/description/text/div[32],"For the first quarter of 2025, Trimble expects to report revenue between $794 million and $824 million, GAAP earnings per share of $0.21 to $0.27, and non-GAAP earnings per share of $0.55 to $0.61. GAAP guidance assumes a tax rate of 23.0 percent and non-GAAP guidance assumes a tax rate of 17.4 percent. Both GAAP and non-GAAP earnings per share assume approximately 246 million shares outstanding.",REVENUE,Q1-2025,UNSPECIFIED,NOT_APPLICABLE,USD,794000000,824000000,809000000,73,CURRENT_CANDIDATE,CURRENT_GUIDANCE_RANGE,V3_RANGE_BOUND_NOT_SOURCE_REVIEWED,64c5353b2c1ddc2d3ab249853d16fdda8e16abecdc214228597d46d24d7f93de
TRMB,0000864749,0000864749-25-000023,2025-02-19T12:04:08.000Z,a2024q4-8kex991.htm,https://www.sec.gov/Archives/edgar/data/864749/000086474925000023/a2024q4-8kex991.htm,b4b913e794620350c6a36a737ca8b93e731c67c07d6e98f946221842378dbc23,HTML_DIV,/html/body/document/type/sequence/filename/description/text/div[32],"For the first quarter of 2025, Trimble expects to report revenue between $794 million and $824 million, GAAP earnings per share of $0.21 to $0.27, and non-GAAP earnings per share of $0.55 to $0.61. GAAP guidance assumes a tax rate of 23.0 percent and non-GAAP guidance assumes a tax rate of 17.4 percent. Both GAAP and non-GAAP earnings per share assume approximately 246 million shares outstanding.",EPS,Q1-2025,GAAP,NOT_APPLICABLE,USD_PER_SHARE,0.21,0.27,0.24,131,CURRENT_CANDIDATE,CURRENT_GUIDANCE_RANGE,V3_RANGE_BOUND_NOT_SOURCE_REVIEWED,eeba99f3c9dfa0b8f65bd9cc962a6a77784ad2e8d77dc3347d0d1113cd48319d
TRMB,0000864749,0000864749-25-000023,2025-02-19T12:04:08.000Z,a2024q4-8kex991.htm,https://www.sec.gov/Archives/edgar/data/864749/000086474925000023/a2024q4-8kex991.htm,b4b913e794620350c6a36a737ca8b93e731c67c07d6e98f946221842378dbc23,HTML_DIV,/html/body/document/type/sequence/filename/description/text/div[32],"For the first quarter of 2025, Trimble expects to report revenue between $794 million and $824 million, GAAP earnings per share of $0.21 to $0.27, and non-GAAP earnings per share of $0.55 to $0.61. GAAP guidance assumes a tax rate of 23.0 percent and non-GAAP guidance assumes a tax rate of 17.4 percent. Both GAAP and non-GAAP earnings per share assume approximately 246 million shares outstanding.",EPS,Q1-2025,NON_GAAP,NOT_APPLICABLE,USD_PER_SHARE,0.55,0.61,0.58,182,CURRENT_CANDIDATE,CURRENT_GUIDANCE_RANGE,V3_RANGE_BOUND_NOT_SOURCE_REVIEWED,be92cc872f922b91c2268b10dd46aaabb49d3ce30d13703c6558c90c839853b4
LULU,0001397187,0001397187-25-000012,2025-03-27T20:10:00.000Z,lulu-20250202xex991.htm,https://www.sec.gov/Archives/edgar/data/1397187/000139718725000012/lulu-20250202xex991.htm,9a14738187b4fe1c5196f0428b88cfd831a5a8d013b8626fb3394a7fac91117a,HTML_DIV,/html/body/document/type/sequence/filename/description/text/div[49],"For the first quarter of 2025, the Company expects net revenue to be in the range of $2.335 billion to $2.355 billion, representing growth of 6% to 7%. Diluted earnings per share are expected to be in the range of $2.53 to $2.58 for the quarter. This assumes a tax rate of approximately 30%.",REVENUE,Q1-2025,UNSPECIFIED,NOT_APPLICABLE,USD,2335000000,2355000000,2345000000,85,CURRENT_CANDIDATE,CURRENT_GUIDANCE_RANGE,V3_RANGE_BOUND_NOT_SOURCE_REVIEWED,20e5249b5f4d408e7378be5f72ef72e9f2246be1c57d89bbcbc437db34bce2cf
PCG,0001004980,0001004980-25-000085,2025-04-24T00:13:52.000Z,q125earningspresentation.htm,https://www.sec.gov/Archives/edgar/data/1004980/000100498025000085/q125earningspresentation.htm,c3f1aec1d168267d9f63740a49618860bc1f9be4a4e8fe0de19afe89581d69b7,HTML_DIV,/html/body/document/type/sequence/filename/description/text/div/div/div[3]/div[1],3 Non-GAAP Core EPS1 33¢ First Quarter 2025 Results …For Customers AND Investors Reaffirming Guidance… Endnotes are included in the Appendix 2026 - 2028 Guidance On Track ► On Track for 2025 core EPS guidance (+10%) ► Reaffirming 2026 - 2028 core EPS guidance ► Targeting 20% dividend payout by 2028 ► Stabilizing customer bills ► Increasing data center pipeline Key Takeaways $1.48 - $1.52 2025 Mid-Point up 10% 2024 - 2028 Equity Need Derisked At Least 9%,EPS,Q1-2025,NON_GAAP,NOT_APPLICABLE,USD_PER_SHARE,1.48,1.52,1.5,377,CURRENT_CANDIDATE,CURRENT_GUIDANCE_RANGE,V3_RANGE_BOUND_NOT_SOURCE_REVIEWED,56e65e835ec1e137b6c74215abe6479e76ad79dd7accd17c65312693f2d59dc1
CSGP,0001057352,0001057352-25-000063,2025-04-29T20:34:45.000Z,q12025earningspressrelease.htm,https://www.sec.gov/Archives/edgar/data/1057352/000105735225000063/q12025earningspressrelease.htm,384818c40ba3e71473d75341dacf6384d13e1e677eb4941c4c43ab7e806584a1,HTML_DIV,/html/body/document/type/sequence/filename/description/text/div[36],"“This quarter, we delivered strong revenue growth and adjusted EBITDA growth as we met the top end of our revenue guidance and exceeded the top-end of our Adjusted EBITDA guidance,” said Christian Lown, CFO of CoStar Group. The Company now expects revenue in the range of $3.115 billion to $3.155 billion for the full year 2025, representing revenue growth of approximately 15% year-over-year at the midpoint of the range. The Company expects revenue for the second quarter of 2025 in the range of $770 million to $775 million, representing revenue growth of approximately 14% year-over-year at the midpoint of the range.",REVENUE,Q2-2025,UNSPECIFIED,NOT_APPLICABLE,USD,770000000,775000000,772500000,498,CURRENT_CANDIDATE,CURRENT_GUIDANCE_RANGE,V3_RANGE_BOUND_NOT_SOURCE_REVIEWED,eabaabb12de30e5ddf544e825a91cc220d4d81eedcc65d4332d88cce1745894d
HUBB,0000048898,0001628280-25-021342,2025-05-01T12:01:33.000Z,exhibit991_05012025.htm,https://www.sec.gov/Archives/edgar/data/48898/000162828025021342/exhibit991_05012025.htm,775cd52d5d450d60b28cce24b4f775ca5c1f79525f998b68386691b124182268,HTML_DIV,/html/body/document/type/sequence/filename/description/text/div[35],"For the full year 2025, Hubbell anticipates diluted earnings per share (""EPS"") in the range of $15.95-$16.45 and anticipates adjusted diluted earnings per share (""Adjusted EPS"") in the range of $17.35-$17.85. Adjusted EPS excludes amortization of acquisition-related intangible assets, which the Company expects to be approximately $1.40 per share for the full year. The Company believes Adjusted EPS is a useful measure of underlying performance in light of our acquisition and divestiture strategy.",EPS,FY2025,UNSPECIFIED,NOT_APPLICABLE,USD_PER_SHARE,15.95,16.45,16.2,95,CURRENT_CANDIDATE,CURRENT_GUIDANCE_RANGE,V3_RANGE_BOUND_NOT_SOURCE_REVIEWED,c17de6b1abd2bec0350ce9d8f42f414b5780962028f9ac7925eade76c540bbdf
HUBB,0000048898,0001628280-25-021342,2025-05-01T12:01:33.000Z,exhibit991_05012025.htm,https://www.sec.gov/Archives/edgar/data/48898/000162828025021342/exhibit991_05012025.htm,775cd52d5d450d60b28cce24b4f775ca5c1f79525f998b68386691b124182268,HTML_DIV,/html/body/document/type/sequence/filename/description/text/div[35],"For the full year 2025, Hubbell anticipates diluted earnings per share (""EPS"") in the range of $15.95-$16.45 and anticipates adjusted diluted earnings per share (""Adjusted EPS"") in the range of $17.35-$17.85. Adjusted EPS excludes amortization of acquisition-related intangible assets, which the Company expects to be approximately $1.40 per share for the full year. The Company believes Adjusted EPS is a useful measure of underlying performance in light of our acquisition and divestiture strategy.",EPS,FY2025,NON_GAAP,NOT_APPLICABLE,USD_PER_SHARE,17.35,17.85,17.6,194,CURRENT_CANDIDATE,CURRENT_GUIDANCE_RANGE,V3_RANGE_BOUND_NOT_SOURCE_REVIEWED,7c3df772bc81755ad64bb84e24ea4b86d341798a9c680954d10e0c415a3c7d54
IPGP,0001111928,0001111928-25-000067,2025-05-06T12:01:42.000Z,ipgp03312025exhibit991.htm,https://www.sec.gov/Archives/edgar/data/1111928/000111192825000067/ipgp03312025exhibit991.htm,5dcc83fd068be1cd005c5c56dee60df54e4d3bf48a62282aaabb59b25c74fc94,HTML_DIV,/html/body/document/type/sequence/filename/description/text/div[26],"For the second quarter of 2025, IPG expects revenue of $210 million to $240 million Our revenue guidance is approximately $15 million lower than it would have been due to potential shipment delays related to tariffs. These are not order cancellations and the Company expects to fulfill these orders as it optimizes production across its global footprint. The Company expects second quarter adjusted gross margin to be between 36% and 38%, including 150 to 200 basis points of impact from tariffs, and operating expenses of $86 million to $88 million. IPG anticipates delivering adjusted earnings per diluted share in the range of -$0.05 to $0.25 and adjusted EBITDA in the range of $16 million to $31 million.",REVENUE,Q2-2025,UNSPECIFIED,NOT_APPLICABLE,USD,210000000,240000000,225000000,55,CURRENT_CANDIDATE,CURRENT_GUIDANCE_RANGE,V3_RANGE_BOUND_NOT_SOURCE_REVIEWED,246a601d57e4ff741bc87bea50df90fe0255d1944b33cc7cff4a0b4a2094314d
SMCI,0001375365,0001375365-25-000013,2025-05-06T20:07:05.000Z,exhibit991_20250506.htm,https://www.sec.gov/Archives/edgar/data/1375365/000137536525000013/exhibit991_20250506.htm,dc861e6bfa5b81f223c4b525fe2eb415bd281385c7b37ad91e75a27a4ef928fa,HTML_DIV,/html/body/document/type/sequence/filename/description/text/div[39],"For fiscal year 2025, the Company is updating its revenue guidance from a range of $23.5 billion to $25.0 billion to a new range of $21.8 billion to $22.6 billion.",REVENUE,FY2025,UNSPECIFIED,NOT_APPLICABLE,USD,23500000000,25000000000,24250000000,83,CURRENT_CANDIDATE,CURRENT_GUIDANCE_RANGE,V3_RANGE_BOUND_NOT_SOURCE_REVIEWED,1f5b1bf1f09237634622e4ca4056ed0c14fff352ce040b844080f253c3e651ce
SMCI,0001375365,0001375365-25-000013,2025-05-06T20:07:05.000Z,exhibit991_20250506.htm,https://www.sec.gov/Archives/edgar/data/1375365/000137536525000013/exhibit991_20250506.htm,dc861e6bfa5b81f223c4b525fe2eb415bd281385c7b37ad91e75a27a4ef928fa,HTML_DIV,/html/body/document/type/sequence/filename/description/text/div[39],"For fiscal year 2025, the Company is updating its revenue guidance from a range of $23.5 billion to $25.0 billion to a new range of $21.8 billion to $22.6 billion.",REVENUE,FY2025,UNSPECIFIED,NOT_APPLICABLE,USD,21800000000,22600000000,22200000000,132,CURRENT_CANDIDATE,CURRENT_GUIDANCE_RANGE,V3_RANGE_BOUND_NOT_SOURCE_REVIEWED,9c1f3d669c20d91467fbb96b37884a5f868e664337fb7af0dfcd687dc8cdc217
TRMB,0000864749,0000864749-25-000105,2025-05-07T11:03:39.000Z,a2025q1-8kex991.htm,https://www.sec.gov/Archives/edgar/data/864749/000086474925000105/a2025q1-8kex991.htm,05afc53d7fe0b0efdce4ffa5a3b7731fb822918efafa092d570fa251f1f536b2,HTML_DIV,/html/body/document/type/sequence/filename/description/text/div[21],"For the full-year 2025, Trimble expects to report revenue between $3,370 million and $3,470 million, GAAP earnings per share of $1.43 to $1.64, and non-GAAP earnings per share of $2.76 to $2.98. GAAP guidance assumes a tax rate of 21.0 percent and non-GAAP guidance assumes a tax rate of 17.2 percent. Both GAAP and non-GAAP earnings per share assume approximately 241 million shares outstanding.",REVENUE,FY2025,UNSPECIFIED,NOT_APPLICABLE,USD,3370000000,3470000000,3420000000,66,CURRENT_CANDIDATE,CURRENT_GUIDANCE_RANGE,V3_RANGE_BOUND_NOT_SOURCE_REVIEWED,3e82865404819b99778516ebf958540fa12e7cf8be7e6a16a3f1c4651444df57
TRMB,0000864749,0000864749-25-000105,2025-05-07T11:03:39.000Z,a2025q1-8kex991.htm,https://www.sec.gov/Archives/edgar/data/864749/000086474925000105/a2025q1-8kex991.htm,05afc53d7fe0b0efdce4ffa5a3b7731fb822918efafa092d570fa251f1f536b2,HTML_DIV,/html/body/document/type/sequence/filename/description/text/div[21],"For the full-year 2025, Trimble expects to report revenue between $3,370 million and $3,470 million, GAAP earnings per share of $1.43 to $1.64, and non-GAAP earnings per share of $2.76 to $2.98. GAAP guidance assumes a tax rate of 21.0 percent and non-GAAP guidance assumes a tax rate of 17.2 percent. Both GAAP and non-GAAP earnings per share assume approximately 241 million shares outstanding.",EPS,FY2025,GAAP,NOT_APPLICABLE,USD_PER_SHARE,1.43,1.64,1.535,128,CURRENT_CANDIDATE,CURRENT_GUIDANCE_RANGE,V3_RANGE_BOUND_NOT_SOURCE_REVIEWED,6cc19c16299e8d53d82b536c6aa27ab7542f67810f8592f5b64332010f84f12c
TRMB,0000864749,0000864749-25-000105,2025-05-07T11:03:39.000Z,a2025q1-8kex991.htm,https://www.sec.gov/Archives/edgar/data/864749/000086474925000105/a2025q1-8kex991.htm,05afc53d7fe0b0efdce4ffa5a3b7731fb822918efafa092d570fa251f1f536b2,HTML_DIV,/html/body/document/type/sequence/filename/description/text/div[21],"For the full-year 2025, Trimble expects to report revenue between $3,370 million and $3,470 million, GAAP earnings per share of $1.43 to $1.64, and non-GAAP earnings per share of $2.76 to $2.98. GAAP guidance assumes a tax rate of 21.0 percent and non-GAAP guidance assumes a tax rate of 17.2 percent. Both GAAP and non-GAAP earnings per share assume approximately 241 million shares outstanding.",EPS,FY2025,NON_GAAP,NOT_APPLICABLE,USD_PER_SHARE,2.76,2.98,2.87,179,CURRENT_CANDIDATE,CURRENT_GUIDANCE_RANGE,V3_RANGE_BOUND_NOT_SOURCE_REVIEWED,9fcda7faa8c69f0ba2fa352ecea899052f7ea0e21936b10405ced58031046b75
TRMB,0000864749,0000864749-25-000105,2025-05-07T11:03:39.000Z,a2025q1-8kex991.htm,https://www.sec.gov/Archives/edgar/data/864749/000086474925000105/a2025q1-8kex991.htm,05afc53d7fe0b0efdce4ffa5a3b7731fb822918efafa092d570fa251f1f536b2,HTML_DIV,/html/body/document/type/sequence/filename/description/text/div[22],"For the second quarter of 2025, Trimble expects to report revenue between $815 million and $845 million, GAAP earnings per share of $0.26 to $0.32, and non-GAAP earnings per share of $0.59 to $0.65. GAAP guidance assumes a tax rate of 21.0 percent and non-GAAP guidance assumes a tax rate of 17.2 percent. Both GAAP and non-GAAP earnings per share assume approximately 239 million shares outstanding.",REVENUE,Q2-2025,UNSPECIFIED,NOT_APPLICABLE,USD,815000000,845000000,830000000,74,CURRENT_CANDIDATE,CURRENT_GUIDANCE_RANGE,V3_RANGE_BOUND_NOT_SOURCE_REVIEWED,16aaccabac0e4ec6df17fa72f7228a6c60facada41d548ecdb14de5a46681a80
TRMB,0000864749,0000864749-25-000105,2025-05-07T11:03:39.000Z,a2025q1-8kex991.htm,https://www.sec.gov/Archives/edgar/data/864749/000086474925000105/a2025q1-8kex991.htm,05afc53d7fe0b0efdce4ffa5a3b7731fb822918efafa092d570fa251f1f536b2,HTML_DIV,/html/body/document/type/sequence/filename/description/text/div[22],"For the second quarter of 2025, Trimble expects to report revenue between $815 million and $845 million, GAAP earnings per share of $0.26 to $0.32, and non-GAAP earnings per share of $0.59 to $0.65. GAAP guidance assumes a tax rate of 21.0 percent and non-GAAP guidance assumes a tax rate of 17.2 percent. Both GAAP and non-GAAP earnings per share assume approximately 239 million shares outstanding.",EPS,Q2-2025,GAAP,NOT_APPLICABLE,USD_PER_SHARE,0.26,0.32,0.29,132,CURRENT_CANDIDATE,CURRENT_GUIDANCE_RANGE,V3_RANGE_BOUND_NOT_SOURCE_REVIEWED,eb7cc05b807a40e932962bf009204700786eaa8c22037c43855ad5c9bc401def
TRMB,0000864749,0000864749-25-000105,2025-05-07T11:03:39.000Z,a2025q1-8kex991.htm,https://www.sec.gov/Archives/edgar/data/864749/000086474925000105/a2025q1-8kex991.htm,05afc53d7fe0b0efdce4ffa5a3b7731fb822918efafa092d570fa251f1f536b2,HTML_DIV,/html/body/document/type/sequence/filename/description/text/div[22],"For the second quarter of 2025, Trimble expects to report revenue between $815 million and $845 million, GAAP earnings per share of $0.26 to $0.32, and non-GAAP earnings per share of $0.59 to $0.65. GAAP guidance assumes a tax rate of 21.0 percent and non-GAAP guidance assumes a tax rate of 17.2 percent. Both GAAP and non-GAAP earnings per share assume approximately 239 million shares outstanding.",EPS,Q2-2025,NON_GAAP,NOT_APPLICABLE,USD_PER_SHARE,0.59,0.65,0.62,183,CURRENT_CANDIDATE,CURRENT_GUIDANCE_RANGE,V3_RANGE_BOUND_NOT_SOURCE_REVIEWED,fe4650707dcae081e270670853fcc5de0f26c0e13c872baa8cf966541034bc57
LULU,0001397187,0001397187-25-000026,2025-06-05T20:10:27.000Z,lulu-20250504xex991.htm,https://www.sec.gov/Archives/edgar/data/1397187/000139718725000026/lulu-20250504xex991.htm,f3df597a8bdf83941f8ff7aa74a92377ecc9cb53aaea8509e7e5cbe69ae0122c,HTML_DIV,/html/body/document/type/sequence/filename/description/text/div[30],"For the second quarter of 2025, the Company expects net revenue to be in the range of $2.535 billion to $2.560 billion, representing growth of 7% to 8%. Diluted earnings per share are expected to be in the range of $2.85 to $2.90 for the quarter. This assumes a tax rate of approximately 30%.",REVENUE,Q2-2025,UNSPECIFIED,NOT_APPLICABLE,USD,2535000000,2560000000,2547500000,86,CURRENT_CANDIDATE,CURRENT_GUIDANCE_RANGE,V3_RANGE_BOUND_NOT_SOURCE_REVIEWED,a8f9059e64b46b745ec8c7139548db294fc5d760e9b27fbe015b7c7e3888c570
CSGP,0001057352,0001057352-25-000095,2025-07-22T20:12:35.000Z,q22025earningspressrelease.htm,https://www.sec.gov/Archives/edgar/data/1057352/000105735225000095/q22025earningspressrelease.htm,2301a916e64153d1bd1cf84ef404a454cfa7db7038d1671dc7b85183fbbc9dd2,HTML_DIV,/html/body/document/type/sequence/filename/description/text/div[23],"“We exceeded the top-end of our revenue and adjusted EBITDA guidance in Q2 delivering strong revenue growth, exceptional net new bookings and continued cost discipline while we invest throughout the business,” said Christian Lown, CFO of CoStar Group. The Company now expects revenue in the range of $3.135 billion to $3.155 billion for the full year 2025, representing revenue growth of approximately 15% year-over-year at the midpoint of the range. The Company expects revenue for the third quarter 2025 in the range of $800 million to $805 million, representing revenue growth of approximately 16% year-over-year at the midpoint of the range.",REVENUE,Q3-2025,UNSPECIFIED,NOT_APPLICABLE,USD,800000000,805000000,802500000,522,CURRENT_CANDIDATE,CURRENT_GUIDANCE_RANGE,V3_RANGE_BOUND_NOT_SOURCE_REVIEWED,aeca3eface087ef201b7177344cf8f34483b74b41f4668e0685edc197a203db2
HUBB,0000048898,0001628280-25-036316,2025-07-29T12:04:47.000Z,exhibit991_07292025.htm,https://www.sec.gov/Archives/edgar/data/48898/000162828025036316/exhibit991_07292025.htm,75958e67f20a8a5b1dbc1072d7dab5cce807a5ee0c1bc5d83cd7085943a54ec7,HTML_DIV,/html/body/document/type/sequence/filename/description/text/div[38],"For the full year 2025, Hubbell anticipates diluted earnings per share (""EPS"") in the range of $16.25-$16.75 and anticipates adjusted diluted earnings per share (""Adjusted EPS"") in the range of $17.65-$18.15. Adjusted EPS excludes amortization of acquisition-related intangible assets, which the Company expects to be approximately $1.40 per share for the full year. The Company believes Adjusted EPS is a useful measure of underlying performance in light of our acquisition and divestiture strategy.",EPS,FY2025,UNSPECIFIED,NOT_APPLICABLE,USD_PER_SHARE,16.25,16.75,16.5,95,CURRENT_CANDIDATE,CURRENT_GUIDANCE_RANGE,V3_RANGE_BOUND_NOT_SOURCE_REVIEWED,01a16f2cfe5560e6a41819d7e49a34089b25cb570f06c2d8761d6aaa042bd2db
HUBB,0000048898,0001628280-25-036316,2025-07-29T12:04:47.000Z,exhibit991_07292025.htm,https://www.sec.gov/Archives/edgar/data/48898/000162828025036316/exhibit991_07292025.htm,75958e67f20a8a5b1dbc1072d7dab5cce807a5ee0c1bc5d83cd7085943a54ec7,HTML_DIV,/html/body/document/type/sequence/filename/description/text/div[38],"For the full year 2025, Hubbell anticipates diluted earnings per share (""EPS"") in the range of $16.25-$16.75 and anticipates adjusted diluted earnings per share (""Adjusted EPS"") in the range of $17.65-$18.15. Adjusted EPS excludes amortization of acquisition-related intangible assets, which the Company expects to be approximately $1.40 per share for the full year. The Company believes Adjusted EPS is a useful measure of underlying performance in light of our acquisition and divestiture strategy.",EPS,FY2025,NON_GAAP,NOT_APPLICABLE,USD_PER_SHARE,17.65,18.15,17.9,194,CURRENT_CANDIDATE,CURRENT_GUIDANCE_RANGE,V3_RANGE_BOUND_NOT_SOURCE_REVIEWED,27685e5e502196098f47a54cc9bdb05cdf0eb92fe130f29edbf51bfa563d2000
LULU,0001397187,0001397187-25-000038,2025-09-04T20:10:29.000Z,lulu-20250803xex991.htm,https://www.sec.gov/Archives/edgar/data/1397187/000139718725000038/lulu-20250803xex991.htm,821fc8b548ccb779009d320dbcf827238b91f1738ba2c360368a16e948f79620,HTML_DIV,/html/body/document/type/sequence/filename/description/text/div[30],"For the third quarter of 2025, the Company expects net revenue to be in the range of $2.470 billion to $2.500 billion, representing growth of 3% to 4%. Diluted earnings per share are expected to be in the range of $2.18 to $2.23 for the quarter. This assumes a tax rate of approximately 30.5%.",REVENUE,Q3-2025,UNSPECIFIED,NOT_APPLICABLE,USD,2470000000,2500000000,2485000000,85,CURRENT_CANDIDATE,CURRENT_GUIDANCE_RANGE,V3_RANGE_BOUND_NOT_SOURCE_REVIEWED,3980d75cbfdb2f100cc55cb57a045f7f285e4b56bdcf42c64c9b2bbaa4c9c520
CSGP,0001057352,0001057352-25-000116,2025-10-28T20:03:44.000Z,q32025earningspressrelease.htm,https://www.sec.gov/Archives/edgar/data/1057352/000105735225000116/q32025earningspressrelease.htm,e5aa6f42cfa23af8c11464f23eec9afaa7105507dc75d398056ea34b54ac95ca,HTML_DIV,/html/body/document/type/sequence/filename/description/text/div[31],"“We delivered strong revenue growth and adjusted EBITDA growth well ahead of our guidance, in this quarter,"" said Christian Lown, CFO of CoStar Group. The Company now expects revenue in the range of $3.23 billion to $3.24 billion for the full year of 2025, representing revenue growth of approximately 18% year-over-year at the midpoint of the range. The Company expects revenue for the fourth quarter of 2025 in the range of $885 million to $895 million, representing revenue growth of approximately 25% year-over-year at the midpoint of the range.",REVENUE,Q4-2025,UNSPECIFIED,NOT_APPLICABLE,USD,885000000,895000000,890000000,426,CURRENT_CANDIDATE,CURRENT_GUIDANCE_RANGE,V3_RANGE_BOUND_NOT_SOURCE_REVIEWED,89d4ddcc43e10a5a3458174a00fae53216018f7a3b44f8547d16e04fe0189dec
BIO,0000012208,0000012208-25-000076,2025-10-29T20:16:49.000Z,bio-8k10292025xex991.htm,https://www.sec.gov/Archives/edgar/data/12208/000001220825000076/bio-8k10292025xex991.htm,7120c62b027145624a826025e770ced065d0c3ca07bb6ce335f65c9788a6293f,HTML_DIV,/html/body/document/type/sequence/filename/description/text/div[41],"Bio-Rad is maintaining its financial outlook for the full year 2025. The company continues to expect non-GAAP, currency-neutral revenue growth of approximately 0 to 1.0 percent and a non-GAAP operating margin of approximately 12.0 to 13.0 percent.",MARGIN,FY2025,NON_GAAP,NOT_APPLICABLE,PERCENT,12,13,12.5,225,CURRENT_CANDIDATE,CURRENT_GUIDANCE_RANGE,V3_RANGE_BOUND_NOT_SOURCE_REVIEWED,a7987932a66388b5bf4647060bfbe663b503fc3bdd23e826f9a9825ebf34e731
EMN,0000915389,0000915389-25-000176,2025-11-03T21:19:05.000Z,ex99_0120250930cctables.htm,https://www.sec.gov/Archives/edgar/data/915389/000091538925000176/ex99_0120250930cctables.htm,96646ee5b66a82576c923cf43947a7adfae7ec2378bc85eeed87aba834654716,HTML_DIV,/html/body/document/type/sequence/filename/description/text/div[65],"""Against this dynamic backdrop, we remain focused on controlling what we can, including driving cash flow. We delivered strong cash flow in the third quarter with our inventory actions and aggressive cost management. We expect price-cost stability, as our commercial teams continue to demonstrate excellence in defending our prices and market share, based on the innovative value of our products. We also expect a modest increase in revenue from the Kingsport methanolysis facility. We are on track to reduce costs by more than $75 million, net of inflation, and also plan to build on this progress by reducing structural costs by approximately $100 million, net of inflation, in 2026. We expect lower planned shutdown costs and a modest asset utilization tailwind, after substantially completing our inventory reduction actions in third quarter. When putting these factors together, we project adjusted earnings per share for full-year 2025 to be between $5.40 and $5.65 and for operating cash flow to approach $1 billion.”",EPS,FY2025,NON_GAAP,NOT_APPLICABLE,USD_PER_SHARE,5.4,5.65,5.525,956,CURRENT_CANDIDATE,CURRENT_GUIDANCE_RANGE,V3_RANGE_BOUND_NOT_SOURCE_REVIEWED,91eb2b57f9dea60f619d3501b9a9012e09a7f43a7e604897943cb36b9c494ea8
TRMB,0000864749,0000864749-25-000283,2025-11-05T12:03:11.000Z,a2025q3-8kex991.htm,https://www.sec.gov/Archives/edgar/data/864749/000086474925000283/a2025q3-8kex991.htm,f11673723fef94fd8b0f7c8def913dd3b627e2438353435e89b71489163d25b8,HTML_DIV,/html/body/document/type/sequence/filename/description/text/div[23],"For the full-year 2025, Trimble expects to report revenue between $3,545 million and $3,585 million, GAAP earnings per share of $1.69 to $1.77, and non-GAAP earnings per share of $3.04 to $3.12. GAAP guidance assumes a tax rate of 17.8 percent and non-GAAP guidance assumes a tax rate of 17.4 percent. Both GAAP and non-GAAP earnings per share assume approximately 242 million shares outstanding.",REVENUE,FY2025,UNSPECIFIED,NOT_APPLICABLE,USD,3545000000,3585000000,3565000000,66,CURRENT_CANDIDATE,CURRENT_GUIDANCE_RANGE,V3_RANGE_BOUND_NOT_SOURCE_REVIEWED,b6f7d96761af5cb1365620e647c20176781f1f05cbab7f4bf5f32cdb8387fa5a
TRMB,0000864749,0000864749-25-000283,2025-11-05T12:03:11.000Z,a2025q3-8kex991.htm,https://www.sec.gov/Archives/edgar/data/864749/000086474925000283/a2025q3-8kex991.htm,f11673723fef94fd8b0f7c8def913dd3b627e2438353435e89b71489163d25b8,HTML_DIV,/html/body/document/type/sequence/filename/description/text/div[23],"For the full-year 2025, Trimble expects to report revenue between $3,545 million and $3,585 million, GAAP earnings per share of $1.69 to $1.77, and non-GAAP earnings per share of $3.04 to $3.12. GAAP guidance assumes a tax rate of 17.8 percent and non-GAAP guidance assumes a tax rate of 17.4 percent. Both GAAP and non-GAAP earnings per share assume approximately 242 million shares outstanding.",EPS,FY2025,GAAP,NOT_APPLICABLE,USD_PER_SHARE,1.69,1.77,1.73,128,CURRENT_CANDIDATE,CURRENT_GUIDANCE_RANGE,V3_RANGE_BOUND_NOT_SOURCE_REVIEWED,11131db4d0dd0eb9bdba8a4813f18d5d778afcdbfb0980b9c4fde4f0bc978156
TRMB,0000864749,0000864749-25-000283,2025-11-05T12:03:11.000Z,a2025q3-8kex991.htm,https://www.sec.gov/Archives/edgar/data/864749/000086474925000283/a2025q3-8kex991.htm,f11673723fef94fd8b0f7c8def913dd3b627e2438353435e89b71489163d25b8,HTML_DIV,/html/body/document/type/sequence/filename/description/text/div[23],"For the full-year 2025, Trimble expects to report revenue between $3,545 million and $3,585 million, GAAP earnings per share of $1.69 to $1.77, and non-GAAP earnings per share of $3.04 to $3.12. GAAP guidance assumes a tax rate of 17.8 percent and non-GAAP guidance assumes a tax rate of 17.4 percent. Both GAAP and non-GAAP earnings per share assume approximately 242 million shares outstanding.",EPS,FY2025,NON_GAAP,NOT_APPLICABLE,USD_PER_SHARE,3.04,3.12,3.08,179,CURRENT_CANDIDATE,CURRENT_GUIDANCE_RANGE,V3_RANGE_BOUND_NOT_SOURCE_REVIEWED,74829474c8b7929b309b1f7b1b344eb38a7b8d81e570503ccc3326c0a8d4e709
TRMB,0000864749,0000864749-25-000283,2025-11-05T12:03:11.000Z,a2025q3-8kex991.htm,https://www.sec.gov/Archives/edgar/data/864749/000086474925000283/a2025q3-8kex991.htm,f11673723fef94fd8b0f7c8def913dd3b627e2438353435e89b71489163d25b8,HTML_DIV,/html/body/document/type/sequence/filename/description/text/div[24],"For the fourth quarter of 2025, Trimble expects to report revenue between $927 million and $967 million, GAAP earnings per share of $0.59 to $0.67, and non-GAAP earnings per share of $0.91 to $0.99. GAAP guidance assumes a tax rate of 18.0 percent and non-GAAP guidance assumes a tax rate of 17.5 percent. Both GAAP and non-GAAP earnings per share assume approximately 240 million shares outstanding.",REVENUE,Q4-2025,UNSPECIFIED,NOT_APPLICABLE,USD,927000000,967000000,947000000,74,CURRENT_CANDIDATE,CURRENT_GUIDANCE_RANGE,V3_RANGE_BOUND_NOT_SOURCE_REVIEWED,fe6fb05c21ba4baf71f7f49c59a3a114e4eb2d7ff22654e391194ffee90870bf
TRMB,0000864749,0000864749-25-000283,2025-11-05T12:03:11.000Z,a2025q3-8kex991.htm,https://www.sec.gov/Archives/edgar/data/864749/000086474925000283/a2025q3-8kex991.htm,f11673723fef94fd8b0f7c8def913dd3b627e2438353435e89b71489163d25b8,HTML_DIV,/html/body/document/type/sequence/filename/description/text/div[24],"For the fourth quarter of 2025, Trimble expects to report revenue between $927 million and $967 million, GAAP earnings per share of $0.59 to $0.67, and non-GAAP earnings per share of $0.91 to $0.99. GAAP guidance assumes a tax rate of 18.0 percent and non-GAAP guidance assumes a tax rate of 17.5 percent. Both GAAP and non-GAAP earnings per share assume approximately 240 million shares outstanding.",EPS,Q4-2025,GAAP,NOT_APPLICABLE,USD_PER_SHARE,0.59,0.67,0.63,132,CURRENT_CANDIDATE,CURRENT_GUIDANCE_RANGE,V3_RANGE_BOUND_NOT_SOURCE_REVIEWED,4e352f10382c1d4f38ac23644f6feff4d85104d2f8262367b2c21b7c255ff571
TRMB,0000864749,0000864749-25-000283,2025-11-05T12:03:11.000Z,a2025q3-8kex991.htm,https://www.sec.gov/Archives/edgar/data/864749/000086474925000283/a2025q3-8kex991.htm,f11673723fef94fd8b0f7c8def913dd3b627e2438353435e89b71489163d25b8,HTML_DIV,/html/body/document/type/sequence/filename/description/text/div[24],"For the fourth quarter of 2025, Trimble expects to report revenue between $927 million and $967 million, GAAP earnings per share of $0.59 to $0.67, and non-GAAP earnings per share of $0.91 to $0.99. GAAP guidance assumes a tax rate of 18.0 percent and non-GAAP guidance assumes a tax rate of 17.5 percent. Both GAAP and non-GAAP earnings per share assume approximately 240 million shares outstanding.",EPS,Q4-2025,NON_GAAP,NOT_APPLICABLE,USD_PER_SHARE,0.91,0.99,0.95,183,CURRENT_CANDIDATE,CURRENT_GUIDANCE_RANGE,V3_RANGE_BOUND_NOT_SOURCE_REVIEWED,720f68c1ed8598cb566a2c6536de3b519879530fbedda661a800dd6d7fce2810
BIO,0000012208,0000012208-26-000007,2026-02-12T21:16:35.000Z,bio-8k2122026xex991.htm,https://www.sec.gov/Archives/edgar/data/12208/000001220826000007/bio-8k2122026xex991.htm,5fb03c51bc456726c8670c0b6f471cf5b7c15bb306fa19e0a6c81bb05daebe47,HTML_DIV,/html/body/document/type/sequence/filename/description/text/div[69],"Bio-Rad is providing its financial outlook for the full-year 2026. The Company currently expects non-GAAP, currency neutral revenue growth of approximately 0.5 to 1.5 percent and an estimated non-GAAP operating margin of approximately 12.0 to 12.5 percent.",MARGIN,FY2026,NON_GAAP,NOT_APPLICABLE,PERCENT,12,12.5,12.25,234,CURRENT_CANDIDATE,CURRENT_GUIDANCE_RANGE,V3_RANGE_BOUND_NOT_SOURCE_REVIEWED,209ffcbe2866b5595340ec2b35d658a0d1cbddd4af7c8d1e3c264fc7adac719c
CSGP,0001057352,0001057352-26-000012,2026-02-24T21:04:19.000Z,q42025earningspressrelea.htm,https://www.sec.gov/Archives/edgar/data/1057352/000105735226000012/q42025earningspressrelea.htm,6d5715be5d7c37b96b2ad5d7ab5c0869fa34df038b1582f1e1aab16532a4ee51,HTML_DIV,/html/body/document/type/sequence/filename/description/text/div/div/div[2]/div[1],"visitors1 in 2025. We now have over 31,000 agent subscribers, 76% on annual contracts, generating nearly $100 million in annual run rate revenue."" Year 2024-2025 Quarterly Results - Unaudited (in millions, except per share data) 2024 2025 Q1 Q2 Q3 Q4 Q1 Q2 Q3 Q4 Revenue $656 $678 $693 $709 $732 $781 $834 $900 Net income (loss) $7 $19 $53 $60 $(15) $6 $(31) $47 Earnings per share - diluted $0.02 $0.05 $0.13 $0.15 $(0.04) $0.01 $(0.07) $0.11 Weighted average outstanding shares - diluted 407 407 408 408 411 424 420 420 EBITDA $(13) $12 $51 $73 $(1) $29 $13 $129 Adjusted EBITDA $12 $41 $76 $112 $66 $85 $114 $177 Adjusted Net Income $42 $61 $88 $106 $63 $74 $96 $131 Adjusted EPS $0.10 $0.15 $0.22 $0.26 $0.15 $0.17 $0.23 $0.31 2026 Outlook The Company is affirming its full year guidance provided on January 7, 2026 of revenue in the range of $3.78 billion to $3.82 billion for the full year of 2026, representing year-over-year growth of approximately 17% at the midpoint of the range. The Company expects revenue for the first quarter of 2026 in the range of $890 million to $900 million, representing revenue growth of approximately 22% year-over-year at the midpoint of the range. “We are affirming the guidance from our January 7, 2026 press release for Adjusted EBITDA to range from $740 million to $800 million, a margin of 20% at the midpoint of the range. For the first quarter of 2026, we expect Adjusted EBITDA in the range of $95 million to $115 million. Our Adjusted EBITDA margins are expected to increase throughout the year based on the timing of our marketing spend and the seasonality of revenue for Domain,” said Chris Lown, CFO of CoStar Group. The Company expects full year 2026 Adjusted EPS in a range of $1.22 to $1.33 based on 416 million shares, unchanged from its prior guidance. For the first quarter of 2026, the Company expects Adjusted EPS in a range of $0.16 to $0.19 based on 419 million shares. These ranges include an estimated non-GAAP tax rate of 26% for the full year and the first quarter of 2026. In addition, in the fourth quarter of 2025, we changed the composition of our segments from geography-based to product portfolio-based. Our segments are now comprised of a Commercial segment and a Residential segment, which aligns with how we manage CoStar Group. We have recast certain prior period disclosures to align with the new presentation. The preceding forward-looking statements reflect CoStar Group’s expectations as of February 24, 2026, including forward-looking non-GAAP financial measures on a consolidated basis, based on current estimates, expectations, observations, and trends. Given the risk factors, rapidly evolving economic environment, and uncertainties and assumptions discussed in this release and in our quarterly reports on Form 10-Q and annual reports on Form 10-K, actual results may differ materially. Other than in publicly available statements, the Company does not intend to update its forward-looking statements until its next quarterly results announcement. Reconciliations of EBITDA, Adjusted EBITDA, Adjusted Net Income, and Adjusted EPS to the most directly comparable GAAP measures are shown in detail below, along with definitions for those terms. A reconciliation of 1 Based on: (1) the Homes.com Network (which includes Homes.com, the Apartments Network, and the Land Network) average monthly unique visitors (108 million) for the year ended December 31, 2025, according to Google Analytics, (2) Realtor.com’s average monthly unique users (62 million) of Realtor.com’s web and mobile sites according to internal data, for the quarter ended December 31, 2025, as reported in News Corp’s press release on February 5, 2026, (3) Zillow Group’s average monthly unique users (235 million) for the year ended December 31, 2025, as reported in Zillow Group’s Annual Report on Form 10-K dated February 11, 2026.",REVENUE,Q1-2026,UNSPECIFIED,NOT_APPLICABLE,USD,890000000,900000000,895000000,1065,CURRENT_CANDIDATE,CURRENT_GUIDANCE_RANGE,V3_RANGE_BOUND_NOT_SOURCE_REVIEWED,1ee4cf5bea4aa58123afd8d6be9f54aab24d5bb850bf92cd8aba7f18db2428a4
CSGP,0001057352,0001057352-26-000012,2026-02-24T21:04:19.000Z,q42025earningspressrelea.htm,https://www.sec.gov/Archives/edgar/data/1057352/000105735226000012/q42025earningspressrelea.htm,6d5715be5d7c37b96b2ad5d7ab5c0869fa34df038b1582f1e1aab16532a4ee51,HTML_DIV,/html/body/document/type/sequence/filename/description/text/div/div/div[2]/div[1],"visitors1 in 2025. We now have over 31,000 agent subscribers, 76% on annual contracts, generating nearly $100 million in annual run rate revenue."" Year 2024-2025 Quarterly Results - Unaudited (in millions, except per share data) 2024 2025 Q1 Q2 Q3 Q4 Q1 Q2 Q3 Q4 Revenue $656 $678 $693 $709 $732 $781 $834 $900 Net income (loss) $7 $19 $53 $60 $(15) $6 $(31) $47 Earnings per share - diluted $0.02 $0.05 $0.13 $0.15 $(0.04) $0.01 $(0.07) $0.11 Weighted average outstanding shares - diluted 407 407 408 408 411 424 420 420 EBITDA $(13) $12 $51 $73 $(1) $29 $13 $129 Adjusted EBITDA $12 $41 $76 $112 $66 $85 $114 $177 Adjusted Net Income $42 $61 $88 $106 $63 $74 $96 $131 Adjusted EPS $0.10 $0.15 $0.22 $0.26 $0.15 $0.17 $0.23 $0.31 2026 Outlook The Company is affirming its full year guidance provided on January 7, 2026 of revenue in the range of $3.78 billion to $3.82 billion for the full year of 2026, representing year-over-year growth of approximately 17% at the midpoint of the range. The Company expects revenue for the first quarter of 2026 in the range of $890 million to $900 million, representing revenue growth of approximately 22% year-over-year at the midpoint of the range. “We are affirming the guidance from our January 7, 2026 press release for Adjusted EBITDA to range from $740 million to $800 million, a margin of 20% at the midpoint of the range. For the first quarter of 2026, we expect Adjusted EBITDA in the range of $95 million to $115 million. Our Adjusted EBITDA margins are expected to increase throughout the year based on the timing of our marketing spend and the seasonality of revenue for Domain,” said Chris Lown, CFO of CoStar Group. The Company expects full year 2026 Adjusted EPS in a range of $1.22 to $1.33 based on 416 million shares, unchanged from its prior guidance. For the first quarter of 2026, the Company expects Adjusted EPS in a range of $0.16 to $0.19 based on 419 million shares. These ranges include an estimated non-GAAP tax rate of 26% for the full year and the first quarter of 2026. In addition, in the fourth quarter of 2025, we changed the composition of our segments from geography-based to product portfolio-based. Our segments are now comprised of a Commercial segment and a Residential segment, which aligns with how we manage CoStar Group. We have recast certain prior period disclosures to align with the new presentation. The preceding forward-looking statements reflect CoStar Group’s expectations as of February 24, 2026, including forward-looking non-GAAP financial measures on a consolidated basis, based on current estimates, expectations, observations, and trends. Given the risk factors, rapidly evolving economic environment, and uncertainties and assumptions discussed in this release and in our quarterly reports on Form 10-Q and annual reports on Form 10-K, actual results may differ materially. Other than in publicly available statements, the Company does not intend to update its forward-looking statements until its next quarterly results announcement. Reconciliations of EBITDA, Adjusted EBITDA, Adjusted Net Income, and Adjusted EPS to the most directly comparable GAAP measures are shown in detail below, along with definitions for those terms. A reconciliation of 1 Based on: (1) the Homes.com Network (which includes Homes.com, the Apartments Network, and the Land Network) average monthly unique visitors (108 million) for the year ended December 31, 2025, according to Google Analytics, (2) Realtor.com’s average monthly unique users (62 million) of Realtor.com’s web and mobile sites according to internal data, for the quarter ended December 31, 2025, as reported in News Corp’s press release on February 5, 2026, (3) Zillow Group’s average monthly unique users (235 million) for the year ended December 31, 2025, as reported in Zillow Group’s Annual Report on Form 10-K dated February 11, 2026.",EPS,FY2026,NON_GAAP,NOT_APPLICABLE,USD_PER_SHARE,1.22,1.33,1.275,1731,CURRENT_CANDIDATE,CURRENT_GUIDANCE_RANGE,V3_RANGE_BOUND_NOT_SOURCE_REVIEWED,0e2355e94427b9e3c0a1169c1d24431fd8201e5bad5e217397d6ab8450cdfad4
CSGP,0001057352,0001057352-26-000012,2026-02-24T21:04:19.000Z,q42025earningspressrelea.htm,https://www.sec.gov/Archives/edgar/data/1057352/000105735226000012/q42025earningspressrelea.htm,6d5715be5d7c37b96b2ad5d7ab5c0869fa34df038b1582f1e1aab16532a4ee51,HTML_DIV,/html/body/document/type/sequence/filename/description/text/div/div/div[2]/div[1],"visitors1 in 2025. We now have over 31,000 agent subscribers, 76% on annual contracts, generating nearly $100 million in annual run rate revenue."" Year 2024-2025 Quarterly Results - Unaudited (in millions, except per share data) 2024 2025 Q1 Q2 Q3 Q4 Q1 Q2 Q3 Q4 Revenue $656 $678 $693 $709 $732 $781 $834 $900 Net income (loss) $7 $19 $53 $60 $(15) $6 $(31) $47 Earnings per share - diluted $0.02 $0.05 $0.13 $0.15 $(0.04) $0.01 $(0.07) $0.11 Weighted average outstanding shares - diluted 407 407 408 408 411 424 420 420 EBITDA $(13) $12 $51 $73 $(1) $29 $13 $129 Adjusted EBITDA $12 $41 $76 $112 $66 $85 $114 $177 Adjusted Net Income $42 $61 $88 $106 $63 $74 $96 $131 Adjusted EPS $0.10 $0.15 $0.22 $0.26 $0.15 $0.17 $0.23 $0.31 2026 Outlook The Company is affirming its full year guidance provided on January 7, 2026 of revenue in the range of $3.78 billion to $3.82 billion for the full year of 2026, representing year-over-year growth of approximately 17% at the midpoint of the range. The Company expects revenue for the first quarter of 2026 in the range of $890 million to $900 million, representing revenue growth of approximately 22% year-over-year at the midpoint of the range. “We are affirming the guidance from our January 7, 2026 press release for Adjusted EBITDA to range from $740 million to $800 million, a margin of 20% at the midpoint of the range. For the first quarter of 2026, we expect Adjusted EBITDA in the range of $95 million to $115 million. Our Adjusted EBITDA margins are expected to increase throughout the year based on the timing of our marketing spend and the seasonality of revenue for Domain,” said Chris Lown, CFO of CoStar Group. The Company expects full year 2026 Adjusted EPS in a range of $1.22 to $1.33 based on 416 million shares, unchanged from its prior guidance. For the first quarter of 2026, the Company expects Adjusted EPS in a range of $0.16 to $0.19 based on 419 million shares. These ranges include an estimated non-GAAP tax rate of 26% for the full year and the first quarter of 2026. In addition, in the fourth quarter of 2025, we changed the composition of our segments from geography-based to product portfolio-based. Our segments are now comprised of a Commercial segment and a Residential segment, which aligns with how we manage CoStar Group. We have recast certain prior period disclosures to align with the new presentation. The preceding forward-looking statements reflect CoStar Group’s expectations as of February 24, 2026, including forward-looking non-GAAP financial measures on a consolidated basis, based on current estimates, expectations, observations, and trends. Given the risk factors, rapidly evolving economic environment, and uncertainties and assumptions discussed in this release and in our quarterly reports on Form 10-Q and annual reports on Form 10-K, actual results may differ materially. Other than in publicly available statements, the Company does not intend to update its forward-looking statements until its next quarterly results announcement. Reconciliations of EBITDA, Adjusted EBITDA, Adjusted Net Income, and Adjusted EPS to the most directly comparable GAAP measures are shown in detail below, along with definitions for those terms. A reconciliation of 1 Based on: (1) the Homes.com Network (which includes Homes.com, the Apartments Network, and the Land Network) average monthly unique visitors (108 million) for the year ended December 31, 2025, according to Google Analytics, (2) Realtor.com’s average monthly unique users (62 million) of Realtor.com’s web and mobile sites according to internal data, for the quarter ended December 31, 2025, as reported in News Corp’s press release on February 5, 2026, (3) Zillow Group’s average monthly unique users (235 million) for the year ended December 31, 2025, as reported in Zillow Group’s Annual Report on Form 10-K dated February 11, 2026.",EPS,Q1-2026,NON_GAAP,NOT_APPLICABLE,USD_PER_SHARE,0.16,0.19,0.175,1888,CURRENT_CANDIDATE,CURRENT_GUIDANCE_RANGE,V3_RANGE_BOUND_NOT_SOURCE_REVIEWED,d3551a440b08bab2ef28614d59b8d34a151e4e8c259399628cd88bca95842af6
PCG,0001004980,0001004980-26-000032,2026-04-23T00:16:57.000Z,pge-q12026pressrelease.htm,https://www.sec.gov/Archives/edgar/data/1004980/000100498026000032/pge-q12026pressrelease.htm,3d2f7eeb1ac57ee7da6a27aea71210ff80224cbe1a33c2ceca39153b68184849,HTML_DIV,/html/body/document/type/sequence/filename/description/text/div[2]/div[11],•Full year 2026 non-GAAP core EPS guidance reaffirmed at $1.64 to $1.66 per share.1,EPS,FY2026,NON_GAAP,NOT_APPLICABLE,USD_PER_SHARE,1.64,1.66,1.65,57,CURRENT_CANDIDATE,CURRENT_GUIDANCE_RANGE,V3_RANGE_BOUND_NOT_SOURCE_REVIEWED,88207b218120035fd8d98dc0015430ed8c389ea3163165018b481672ad617543
CSGP,0001057352,0001057352-26-000030,2026-04-28T20:05:10.000Z,q12026earningspressrelea.htm,https://www.sec.gov/Archives/edgar/data/1057352/000105735226000030/q12026earningspressrelea.htm,6177094eed370201653f5a19be04a858f3a1a87930d7482dae34c21f0d3aed4c,HTML_DIV,/html/body/document/type/sequence/filename/description/text/div/div/div[2]/div[1],"Year 2025-2026 Quarterly Results - Unaudited (in millions, except per share data) 2025 2026 Q1 Q2 Q3 Q4 Q1 Revenue $732 $781 $834 $900 $897 Net income (loss) $(15) $6 $(31) $47 $3 Earnings per share - diluted $(0.04) $0.01 $(0.07) $0.11 $0.01 Weighted-average outstanding shares - diluted 411 424 420 420 414 EBITDA $(1) $29 $13 $129 $81 Adjusted EBITDA $66 $85 $114 $177 $132 Adjusted Net Income $63 $74 $96 $131 $94 Adjusted EPS $0.15 $0.17 $0.23 $0.31 $0.23 2026 Outlook “This quarter, we delivered strong revenue and Adjusted EBITDA growth as we exceeded the midpoint of our revenue guidance and exceeded the top-end of our Adjusted EBITDA guidance,” said Christian Lown, CFO of CoStar Group. The Company reaffirms revenue in the range of $3.78 billion to $3.82 billion for the full year of 2026, representing revenue growth of approximately 17% year-over-year at the midpoint of the range. The Company expects revenue for the second quarter of 2026 in the range of $922 million to $932 million, representing revenue growth of approximately 19% year-over-year at the midpoint of the range. The Company is increasing its Adjusted EBITDA guidance for the full year of 2026 to a range of $780 million to $820 million, an increase of $30 million at the midpoint of the range from its previous guidance. For the second quarter of 2026, the Company expects Adjusted EBITDA in the range of $160 million to $180 million. The Company now expects full year 2026 Adjusted EPS in a range of $1.32 to $1.39 based on 409 million shares. For the second quarter of 2026, the Company expects Adjusted EPS in a range of $0.27 to $0.30 based on 409 million shares. These ranges include an estimated non-GAAP tax rate of 26% for the full year and the second quarter of 2026. The preceding forward-looking statements reflect CoStar Group’s expectations as of April 28, 2026, including forward-looking non-GAAP financial measures on a consolidated basis, based on current estimates, expectations, observations, and trends. Given the risk factors, rapidly evolving economic environment, and uncertainties and assumptions discussed in this release and in our quarterly reports on Form 10-Q and annual reports on Form 10-K, actual results may differ materially. Other than in publicly available statements, the Company does not intend to update its forward-looking statements until its next quarterly results announcement. Reconciliations of EBITDA, Adjusted EBITDA, Adjusted Net Income, and Adjusted EPS to the most directly comparable GAAP measures are shown in detail below, along with definitions for those terms. A reconciliation of forward-looking non-GAAP guidance to the most directly comparable GAAP measure, net income (loss), can be found within the tables included in this release.",REVENUE,Q2-2026,UNSPECIFIED,NOT_APPLICABLE,USD,922000000,932000000,927000000,970,CURRENT_CANDIDATE,CURRENT_GUIDANCE_RANGE,V3_RANGE_BOUND_NOT_SOURCE_REVIEWED,d2c1082816c64031fc0946864bf189fb54e9629f9aaa3a23c044f530f6b561dc
CSGP,0001057352,0001057352-26-000030,2026-04-28T20:05:10.000Z,q12026earningspressrelea.htm,https://www.sec.gov/Archives/edgar/data/1057352/000105735226000030/q12026earningspressrelea.htm,6177094eed370201653f5a19be04a858f3a1a87930d7482dae34c21f0d3aed4c,HTML_DIV,/html/body/document/type/sequence/filename/description/text/div/div/div[2]/div[1],"Year 2025-2026 Quarterly Results - Unaudited (in millions, except per share data) 2025 2026 Q1 Q2 Q3 Q4 Q1 Revenue $732 $781 $834 $900 $897 Net income (loss) $(15) $6 $(31) $47 $3 Earnings per share - diluted $(0.04) $0.01 $(0.07) $0.11 $0.01 Weighted-average outstanding shares - diluted 411 424 420 420 414 EBITDA $(1) $29 $13 $129 $81 Adjusted EBITDA $66 $85 $114 $177 $132 Adjusted Net Income $63 $74 $96 $131 $94 Adjusted EPS $0.15 $0.17 $0.23 $0.31 $0.23 2026 Outlook “This quarter, we delivered strong revenue and Adjusted EBITDA growth as we exceeded the midpoint of our revenue guidance and exceeded the top-end of our Adjusted EBITDA guidance,” said Christian Lown, CFO of CoStar Group. The Company reaffirms revenue in the range of $3.78 billion to $3.82 billion for the full year of 2026, representing revenue growth of approximately 17% year-over-year at the midpoint of the range. The Company expects revenue for the second quarter of 2026 in the range of $922 million to $932 million, representing revenue growth of approximately 19% year-over-year at the midpoint of the range. The Company is increasing its Adjusted EBITDA guidance for the full year of 2026 to a range of $780 million to $820 million, an increase of $30 million at the midpoint of the range from its previous guidance. For the second quarter of 2026, the Company expects Adjusted EBITDA in the range of $160 million to $180 million. The Company now expects full year 2026 Adjusted EPS in a range of $1.32 to $1.39 based on 409 million shares. For the second quarter of 2026, the Company expects Adjusted EPS in a range of $0.27 to $0.30 based on 409 million shares. These ranges include an estimated non-GAAP tax rate of 26% for the full year and the second quarter of 2026. The preceding forward-looking statements reflect CoStar Group’s expectations as of April 28, 2026, including forward-looking non-GAAP financial measures on a consolidated basis, based on current estimates, expectations, observations, and trends. Given the risk factors, rapidly evolving economic environment, and uncertainties and assumptions discussed in this release and in our quarterly reports on Form 10-Q and annual reports on Form 10-K, actual results may differ materially. Other than in publicly available statements, the Company does not intend to update its forward-looking statements until its next quarterly results announcement. Reconciliations of EBITDA, Adjusted EBITDA, Adjusted Net Income, and Adjusted EPS to the most directly comparable GAAP measures are shown in detail below, along with definitions for those terms. A reconciliation of forward-looking non-GAAP guidance to the most directly comparable GAAP measure, net income (loss), can be found within the tables included in this release.",EPS,FY2026,NON_GAAP,NOT_APPLICABLE,USD_PER_SHARE,1.32,1.39,1.355,1483,CURRENT_CANDIDATE,CURRENT_GUIDANCE_RANGE,V3_RANGE_BOUND_NOT_SOURCE_REVIEWED,0829531de98ff18b7ee28f3ba633811ccce8daa5e95cf4f9dee66100a05f19aa
CSGP,0001057352,0001057352-26-000030,2026-04-28T20:05:10.000Z,q12026earningspressrelea.htm,https://www.sec.gov/Archives/edgar/data/1057352/000105735226000030/q12026earningspressrelea.htm,6177094eed370201653f5a19be04a858f3a1a87930d7482dae34c21f0d3aed4c,HTML_DIV,/html/body/document/type/sequence/filename/description/text/div/div/div[2]/div[1],"Year 2025-2026 Quarterly Results - Unaudited (in millions, except per share data) 2025 2026 Q1 Q2 Q3 Q4 Q1 Revenue $732 $781 $834 $900 $897 Net income (loss) $(15) $6 $(31) $47 $3 Earnings per share - diluted $(0.04) $0.01 $(0.07) $0.11 $0.01 Weighted-average outstanding shares - diluted 411 424 420 420 414 EBITDA $(1) $29 $13 $129 $81 Adjusted EBITDA $66 $85 $114 $177 $132 Adjusted Net Income $63 $74 $96 $131 $94 Adjusted EPS $0.15 $0.17 $0.23 $0.31 $0.23 2026 Outlook “This quarter, we delivered strong revenue and Adjusted EBITDA growth as we exceeded the midpoint of our revenue guidance and exceeded the top-end of our Adjusted EBITDA guidance,” said Christian Lown, CFO of CoStar Group. The Company reaffirms revenue in the range of $3.78 billion to $3.82 billion for the full year of 2026, representing revenue growth of approximately 17% year-over-year at the midpoint of the range. The Company expects revenue for the second quarter of 2026 in the range of $922 million to $932 million, representing revenue growth of approximately 19% year-over-year at the midpoint of the range. The Company is increasing its Adjusted EBITDA guidance for the full year of 2026 to a range of $780 million to $820 million, an increase of $30 million at the midpoint of the range from its previous guidance. For the second quarter of 2026, the Company expects Adjusted EBITDA in the range of $160 million to $180 million. The Company now expects full year 2026 Adjusted EPS in a range of $1.32 to $1.39 based on 409 million shares. For the second quarter of 2026, the Company expects Adjusted EPS in a range of $0.27 to $0.30 based on 409 million shares. These ranges include an estimated non-GAAP tax rate of 26% for the full year and the second quarter of 2026. The preceding forward-looking statements reflect CoStar Group’s expectations as of April 28, 2026, including forward-looking non-GAAP financial measures on a consolidated basis, based on current estimates, expectations, observations, and trends. Given the risk factors, rapidly evolving economic environment, and uncertainties and assumptions discussed in this release and in our quarterly reports on Form 10-Q and annual reports on Form 10-K, actual results may differ materially. Other than in publicly available statements, the Company does not intend to update its forward-looking statements until its next quarterly results announcement. Reconciliations of EBITDA, Adjusted EBITDA, Adjusted Net Income, and Adjusted EPS to the most directly comparable GAAP measures are shown in detail below, along with definitions for those terms. A reconciliation of forward-looking non-GAAP guidance to the most directly comparable GAAP measure, net income (loss), can be found within the tables included in this release.",EPS,Q2-2026,NON_GAAP,NOT_APPLICABLE,USD_PER_SHARE,0.27,0.3,0.285,1606,CURRENT_CANDIDATE,CURRENT_GUIDANCE_RANGE,V3_RANGE_BOUND_NOT_SOURCE_REVIEWED,a1ace0da719b2ff03c012ace8634c011109c544553fe158558928bc490db15d7
HUBB,0000048898,0001628280-26-028600,2026-04-30T12:03:57.000Z,exhibit991_04302026.htm,https://www.sec.gov/Archives/edgar/data/48898/000162828026028600/exhibit991_04302026.htm,7b92cf8251bf547e3a587ebd7458772627a31494473ee4bfc001bc0abeb6bd7a,HTML_DIV,/html/body/document/type/sequence/filename/description/text/div[34],"For the full year 2026, Hubbell anticipates total sales growth of 8-11% including organic sales growth of 6-9%. Hubbell expects 2026 GAAP diluted earnings per share in the range of $17.45 to $18.00 and adjusted diluted earnings per share (“Adjusted EPS”) in the range of $19.30 to $19.85. For the full year, Adjusted EPS excludes amortization of acquisition-related intangible assets, which the Company expects to be approximately $1.70 per share, and transaction, integration, and separation costs, which the Company expects to be approximately $0.15 per share. The Company believes Adjusted EPS is a useful measure of underlying performance in light of our acquisition strategy.",EPS,FY2026,GAAP,NOT_APPLICABLE,USD_PER_SHARE,17.45,18,17.725,181,CURRENT_CANDIDATE,CURRENT_GUIDANCE_RANGE,V3_RANGE_BOUND_NOT_SOURCE_REVIEWED,55c077c8f23b084f20d91ecd82ac81849ea8b7b091ad152fba3a45cfa953a8f6
HUBB,0000048898,0001628280-26-028600,2026-04-30T12:03:57.000Z,exhibit991_04302026.htm,https://www.sec.gov/Archives/edgar/data/48898/000162828026028600/exhibit991_04302026.htm,7b92cf8251bf547e3a587ebd7458772627a31494473ee4bfc001bc0abeb6bd7a,HTML_DIV,/html/body/document/type/sequence/filename/description/text/div[34],"For the full year 2026, Hubbell anticipates total sales growth of 8-11% including organic sales growth of 6-9%. Hubbell expects 2026 GAAP diluted earnings per share in the range of $17.45 to $18.00 and adjusted diluted earnings per share (“Adjusted EPS”) in the range of $19.30 to $19.85. For the full year, Adjusted EPS excludes amortization of acquisition-related intangible assets, which the Company expects to be approximately $1.70 per share, and transaction, integration, and separation costs, which the Company expects to be approximately $0.15 per share. The Company believes Adjusted EPS is a useful measure of underlying performance in light of our acquisition strategy.",EPS,FY2026,NON_GAAP,NOT_APPLICABLE,USD_PER_SHARE,19.3,19.85,19.575,271,CURRENT_CANDIDATE,CURRENT_GUIDANCE_RANGE,V3_RANGE_BOUND_NOT_SOURCE_REVIEWED,29cc883777c99533d05fcd420d748dcc187db56711abb69811a1012429febc14
