ticker,cik,accession_number,form,filing_date,accepted_at,items,primary_document,archive_dir,index_json_url,classification_status
LII,0001069202,0001193125-16-649843,8-K,2016-07-18,2016-07-18T12:01:03.000Z,2.02,d214298d8k.htm,https://www.sec.gov/Archives/edgar/data/1069202/000119312516649843,https://www.sec.gov/Archives/edgar/data/1069202/000119312516649843/index.json,NOT_CLASSIFIED
IBKR,0001381197,0001381197-16-000068,8-K,2016-07-19,2016-07-19T20:01:36.000Z,2.02,ibkr_8k-20160719.htm,https://www.sec.gov/Archives/edgar/data/1381197/000138119716000068,https://www.sec.gov/Archives/edgar/data/1381197/000138119716000068/index.json,NOT_CLASSIFIED
MPWR,0001280452,0001437749-16-035629,8-K,2016-07-25,2016-07-25T20:20:40.000Z,2.02,mpwr20160722b_8k.htm,https://www.sec.gov/Archives/edgar/data/1280452/000143774916035629,https://www.sec.gov/Archives/edgar/data/1280452/000143774916035629/index.json,NOT_CLASSIFIED
TER,0000097210,0001193125-16-660936,8-K,2016-07-28,2016-07-28T10:04:56.000Z,2.02,d234272d8k.htm,https://www.sec.gov/Archives/edgar/data/97210/000119312516660936,https://www.sec.gov/Archives/edgar/data/97210/000119312516660936/index.json,NOT_CLASSIFIED
TFX,0000096943,0000096943-16-000237,8-K,2016-07-28,2016-07-28T10:47:23.000Z,"2.02,7.01",a7-28x20168xkreq2earningsr.htm,https://www.sec.gov/Archives/edgar/data/96943/000009694316000237,https://www.sec.gov/Archives/edgar/data/96943/000009694316000237/index.json,NOT_CLASSIFIED
NOV,0001021860,0001193125-16-661092,8-K,2016-07-28,2016-07-28T11:27:57.000Z,2.02,d202099d8k.htm,https://www.sec.gov/Archives/edgar/data/1021860/000119312516661092,https://www.sec.gov/Archives/edgar/data/1021860/000119312516661092/index.json,NOT_CLASSIFIED
EME,0000105634,0000105634-16-000408,8-K,2016-07-28,2016-07-28T15:50:45.000Z,2.02,eme-2016630x8k.htm,https://www.sec.gov/Archives/edgar/data/105634/000010563416000408,https://www.sec.gov/Archives/edgar/data/105634/000010563416000408/index.json,NOT_CLASSIFIED
DECK,0000910521,0001157523-16-006295,8-K,2016-07-28,2016-07-28T20:06:23.000Z,2.02,a51391499.htm,https://www.sec.gov/Archives/edgar/data/910521/000115752316006295,https://www.sec.gov/Archives/edgar/data/910521/000115752316006295/index.json,NOT_CLASSIFIED
CPT,0000906345,0000906345-16-000058,8-K,2016-07-29,2016-07-29T13:20:47.000Z,2.02,a8kq216.htm,https://www.sec.gov/Archives/edgar/data/906345/000090634516000058,https://www.sec.gov/Archives/edgar/data/906345/000090634516000058/index.json,NOT_CLASSIFIED
XYZ,0001512673,0001193125-16-670074,8-K,2016-08-03,2016-08-03T20:06:04.000Z,2.02,d236194d8k.htm,https://www.sec.gov/Archives/edgar/data/1512673/000119312516670074,https://www.sec.gov/Archives/edgar/data/1512673/000119312516670074/index.json,NOT_CLASSIFIED
FSLR,0001274494,0001274494-16-000085,8-K,2016-08-03,2016-08-03T20:12:28.000Z,2.02,a8-kfinancialresultsq2x2016.htm,https://www.sec.gov/Archives/edgar/data/1274494/000127449416000085,https://www.sec.gov/Archives/edgar/data/1274494/000127449416000085/index.json,NOT_CLASSIFIED
LNC,0000059558,0000059558-16-000105,8-K,2016-08-03,2016-08-03T20:15:45.000Z,2.02,lnc-20160630x8k.htm,https://www.sec.gov/Archives/edgar/data/59558/000005955816000105,https://www.sec.gov/Archives/edgar/data/59558/000005955816000105/index.json,NOT_CLASSIFIED
EPAM,0001352010,0001352010-16-000040,8-K,2016-08-04,2016-08-03T21:58:27.000Z,2.02,form8k_q2x2016.htm,https://www.sec.gov/Archives/edgar/data/1352010/000135201016000040,https://www.sec.gov/Archives/edgar/data/1352010/000135201016000040/index.json,NOT_CLASSIFIED
AXON,0001069183,0001069183-16-000208,8-K,2016-08-04,2016-08-04T20:00:28.000Z,2.02,q22016-8kearningsrelease.htm,https://www.sec.gov/Archives/edgar/data/1069183/000106918316000208,https://www.sec.gov/Archives/edgar/data/1069183/000106918316000208/index.json,NOT_CLASSIFIED
MHK,0000851968,0000851968-16-000182,8-K,2016-08-04,2016-08-04T20:17:04.000Z,2.02,a2q20168-kcoverpage.htm,https://www.sec.gov/Archives/edgar/data/851968/000085196816000182,https://www.sec.gov/Archives/edgar/data/851968/000085196816000182/index.json,NOT_CLASSIFIED
LITE,0001633978,0001628280-16-018811,8-K,2016-08-09,2016-08-09T20:14:38.000Z,2.02,lumentum_8kxq4fy16.htm,https://www.sec.gov/Archives/edgar/data/1633978/000162828016018811,https://www.sec.gov/Archives/edgar/data/1633978/000162828016018811/index.json,NOT_CLASSIFIED
NDSN,0000072331,0001157523-16-006575,8-K,2016-08-22,2016-08-22T20:30:37.000Z,2.02,a51405853.htm,https://www.sec.gov/Archives/edgar/data/72331/000115752316006575,https://www.sec.gov/Archives/edgar/data/72331/000115752316006575/index.json,NOT_CLASSIFIED
WDAY,0001327811,0001327811-16-000046,8-K,2016-08-24,2016-08-24T20:11:53.000Z,2.02,wday-07312016x8k.htm,https://www.sec.gov/Archives/edgar/data/1327811/000132781116000046,https://www.sec.gov/Archives/edgar/data/1327811/000132781116000046/index.json,NOT_CLASSIFIED
CIEN,0000936395,0000936395-16-000112,8-K,2016-09-01,2016-09-01T11:08:32.000Z,2.02,a8k-2016q3earniningsrelease.htm,https://www.sec.gov/Archives/edgar/data/936395/000093639516000112,https://www.sec.gov/Archives/edgar/data/936395/000093639516000112/index.json,NOT_CLASSIFIED
JBL,0000898293,0001193125-16-715958,8-K,2016-09-21,2016-09-21T20:11:32.000Z,2.02,d248729d8k.htm,https://www.sec.gov/Archives/edgar/data/898293/000119312516715958,https://www.sec.gov/Archives/edgar/data/898293/000119312516715958/index.json,NOT_CLASSIFIED
IBKR,0001381197,0001381197-16-000089,8-K,2016-10-18,2016-10-18T20:01:29.000Z,2.02,ibkr_8k-20161018.htm,https://www.sec.gov/Archives/edgar/data/1381197/000138119716000089,https://www.sec.gov/Archives/edgar/data/1381197/000138119716000089/index.json,NOT_CLASSIFIED
GNRC,0001474735,0001437749-16-040241,8-K,2016-10-26,2016-10-26T10:02:42.000Z,2.02,gnrc20161025_8k.htm,https://www.sec.gov/Archives/edgar/data/1474735/000143774916040241,https://www.sec.gov/Archives/edgar/data/1474735/000143774916040241/index.json,NOT_CLASSIFIED
EME,0000105634,0000105634-16-000455,8-K,2016-10-27,2016-10-27T18:23:28.000Z,2.02,eme-2016930x8k.htm,https://www.sec.gov/Archives/edgar/data/105634/000010563416000455,https://www.sec.gov/Archives/edgar/data/105634/000010563416000455/index.json,NOT_CLASSIFIED
DECK,0000910521,0001157523-16-007076,8-K,2016-10-27,2016-10-27T20:05:32.000Z,2.02,a51448827.htm,https://www.sec.gov/Archives/edgar/data/910521/000115752316007076,https://www.sec.gov/Archives/edgar/data/910521/000115752316007076/index.json,NOT_CLASSIFIED
MPWR,0001280452,0001437749-16-040644,8-K,2016-10-31,2016-10-31T20:20:04.000Z,2.02,mpwr20161028_8k.htm,https://www.sec.gov/Archives/edgar/data/1280452/000143774916040644,https://www.sec.gov/Archives/edgar/data/1280452/000143774916040644/index.json,NOT_CLASSIFIED
XYZ,0001512673,0001193125-16-755336,8-K,2016-11-01,2016-11-01T20:10:05.000Z,2.02,d234919d8k.htm,https://www.sec.gov/Archives/edgar/data/1512673/000119312516755336,https://www.sec.gov/Archives/edgar/data/1512673/000119312516755336/index.json,NOT_CLASSIFIED
FSLR,0001274494,0001274494-16-000099,8-K,2016-11-02,2016-11-02T20:08:09.000Z,2.02,a8-kfinancialresultsq3x2016.htm,https://www.sec.gov/Archives/edgar/data/1274494/000127449416000099,https://www.sec.gov/Archives/edgar/data/1274494/000127449416000099/index.json,NOT_CLASSIFIED
LNC,0000059558,0000059558-16-000117,8-K,2016-11-02,2016-11-02T20:15:54.000Z,2.02,lnc-20160930x8k.htm,https://www.sec.gov/Archives/edgar/data/59558/000005955816000117,https://www.sec.gov/Archives/edgar/data/59558/000005955816000117/index.json,NOT_CLASSIFIED
MHK,0000851968,0000851968-16-000198,8-K,2016-11-03,2016-11-03T20:16:18.000Z,2.02,a3q20168-kcoverpage.htm,https://www.sec.gov/Archives/edgar/data/851968/000085196816000198,https://www.sec.gov/Archives/edgar/data/851968/000085196816000198/index.json,NOT_CLASSIFIED
EPAM,0001352010,0001352010-16-000048,8-K,2016-11-07,2016-11-05T01:29:34.000Z,2.02,form8k_q3x2016.htm,https://www.sec.gov/Archives/edgar/data/1352010/000135201016000048,https://www.sec.gov/Archives/edgar/data/1352010/000135201016000048/index.json,NOT_CLASSIFIED
AXON,0001069183,0001069183-16-000233,8-K,2016-11-09,2016-11-09T21:00:44.000Z,2.02,q32016-8kearningsrelease.htm,https://www.sec.gov/Archives/edgar/data/1069183/000106918316000233,https://www.sec.gov/Archives/edgar/data/1069183/000106918316000233/index.json,NOT_CLASSIFIED
FSLR,0001274494,0001274494-16-000103,8-K,2016-11-16,2016-11-16T21:08:06.000Z,7.01,a8-kseries6andupdatedguida.htm,https://www.sec.gov/Archives/edgar/data/1274494/000127449416000103,https://www.sec.gov/Archives/edgar/data/1274494/000127449416000103/index.json,NOT_CLASSIFIED
PANW,0001327567,0001327567-16-000071,8-K,2016-11-21,2016-11-21T21:10:41.000Z,2.02,panw-8xkxq117earningsrelea.htm,https://www.sec.gov/Archives/edgar/data/1327567/000132756716000071,https://www.sec.gov/Archives/edgar/data/1327567/000132756716000071/index.json,NOT_CLASSIFIED
TFX,0000096943,0000096943-16-000261,8-K,2016-12-02,2016-12-02T11:55:18.000Z,7.01,a12-2x20168xkreprojectviol.htm,https://www.sec.gov/Archives/edgar/data/96943/000009694316000261,https://www.sec.gov/Archives/edgar/data/96943/000009694316000261/index.json,NOT_CLASSIFIED
CIEN,0000936395,0000936395-16-000124,8-K,2016-12-08,2016-12-08T12:20:10.000Z,2.02,a8-k4thquarterearnings.htm,https://www.sec.gov/Archives/edgar/data/936395/000093639516000124,https://www.sec.gov/Archives/edgar/data/936395/000093639516000124/index.json,NOT_CLASSIFIED
NDSN,0000072331,0001157523-16-007555,8-K,2016-12-13,2016-12-13T21:30:39.000Z,2.02,a51477591.htm,https://www.sec.gov/Archives/edgar/data/72331/000115752316007555,https://www.sec.gov/Archives/edgar/data/72331/000115752316007555/index.json,NOT_CLASSIFIED
JBL,0000898293,0001193125-16-794447,8-K,2016-12-15,2016-12-15T21:12:03.000Z,2.02,d314860d8k.htm,https://www.sec.gov/Archives/edgar/data/898293/000119312516794447,https://www.sec.gov/Archives/edgar/data/898293/000119312516794447/index.json,NOT_CLASSIFIED
LW,0001679273,0001558370-17-000077,8-K,2017-01-10,2017-01-10T13:42:10.000Z,2.02,lw-20170110x8k.htm,https://www.sec.gov/Archives/edgar/data/1679273/000155837017000077,https://www.sec.gov/Archives/edgar/data/1679273/000155837017000077/index.json,NOT_CLASSIFIED
WDAY,0001327811,0001193125-17-007659,8-K,2017-01-11,2017-01-11T18:11:55.000Z,7.01,d275532d8k.htm,https://www.sec.gov/Archives/edgar/data/1327811/000119312517007659,https://www.sec.gov/Archives/edgar/data/1327811/000119312517007659/index.json,NOT_CLASSIFIED
FTI,0001681459,0001193125-17-010409,8-K,2017-01-17,2017-01-17T11:09:56.000Z,7.01,d320389d8k.htm,https://www.sec.gov/Archives/edgar/data/1681459/000119312517010409,https://www.sec.gov/Archives/edgar/data/1681459/000119312517010409/index.json,NOT_CLASSIFIED
IBKR,0001381197,0001381197-17-000003,8-K,2017-01-17,2017-01-17T21:02:44.000Z,2.02,ibkr_8k-20170117.htm,https://www.sec.gov/Archives/edgar/data/1381197/000138119717000003,https://www.sec.gov/Archives/edgar/data/1381197/000138119717000003/index.json,NOT_CLASSIFIED
QRVO,0001604778,0001604778-17-000009,8-K,2017-02-01,2017-02-01T21:06:22.000Z,2.02,company8-k20161231.htm,https://www.sec.gov/Archives/edgar/data/1604778/000160477817000009,https://www.sec.gov/Archives/edgar/data/1604778/000160477817000009/index.json,NOT_CLASSIFIED
LNC,0000059558,0000059558-17-000007,8-K,2017-02-01,2017-02-01T21:33:52.000Z,2.02,lnc-20161231x8k.htm,https://www.sec.gov/Archives/edgar/data/59558/000005955817000007,https://www.sec.gov/Archives/edgar/data/59558/000005955817000007/index.json,NOT_CLASSIFIED
NOV,0001021860,0001193125-17-032113,8-K,2017-02-07,2017-02-07T01:03:56.000Z,2.02,d337518d8k.htm,https://www.sec.gov/Archives/edgar/data/1021860/000119312517032113,https://www.sec.gov/Archives/edgar/data/1021860/000119312517032113/index.json,NOT_CLASSIFIED
LITE,0001633978,0001633978-17-000005,8-K,2017-02-07,2017-02-07T21:19:11.000Z,2.02,lumentum_8kxq2fy17.htm,https://www.sec.gov/Archives/edgar/data/1633978/000163397817000005,https://www.sec.gov/Archives/edgar/data/1633978/000163397817000005/index.json,NOT_CLASSIFIED
CPT,0000906345,0000906345-17-000006,8-K,2017-02-08,2017-02-07T23:05:08.000Z,2.02,a8kq416.htm,https://www.sec.gov/Archives/edgar/data/906345/000090634517000006,https://www.sec.gov/Archives/edgar/data/906345/000090634517000006/index.json,NOT_CLASSIFIED
MHK,0000851968,0000851968-17-000012,8-K,2017-02-09,2017-02-09T21:16:08.000Z,2.02,a4q20168-kcoverpage.htm,https://www.sec.gov/Archives/edgar/data/851968/000085196817000012,https://www.sec.gov/Archives/edgar/data/851968/000085196817000012/index.json,NOT_CLASSIFIED
MPWR,0001280452,0001437749-17-002031,8-K,2017-02-09,2017-02-09T21:23:09.000Z,2.02,mpwr20170208_8k.htm,https://www.sec.gov/Archives/edgar/data/1280452/000143774917002031,https://www.sec.gov/Archives/edgar/data/1280452/000143774917002031/index.json,NOT_CLASSIFIED
GNRC,0001474735,0001437749-17-002310,8-K,2017-02-14,2017-02-14T11:03:30.000Z,2.02,gnrc20170213_8k.htm,https://www.sec.gov/Archives/edgar/data/1474735/000143774917002310,https://www.sec.gov/Archives/edgar/data/1474735/000143774917002310/index.json,NOT_CLASSIFIED
EPAM,0001352010,0001352010-17-000003,8-K,2017-02-16,2017-02-15T23:47:01.000Z,2.02,form8k_q4x2016.htm,https://www.sec.gov/Archives/edgar/data/1352010/000135201017000003,https://www.sec.gov/Archives/edgar/data/1352010/000135201017000003/index.json,NOT_CLASSIFIED
LII,0001069202,0001193125-17-046800,8-K,2017-02-16,2017-02-16T21:55:02.000Z,7.01,d364556d8k.htm,https://www.sec.gov/Archives/edgar/data/1069202/000119312517046800,https://www.sec.gov/Archives/edgar/data/1069202/000119312517046800/index.json,NOT_CLASSIFIED
NDSN,0000072331,0001299933-17-000167,8-K,2017-02-21,2017-02-21T18:42:15.000Z,7.01,htm_54606.htm,https://www.sec.gov/Archives/edgar/data/72331/000129993317000167,https://www.sec.gov/Archives/edgar/data/72331/000129993317000167/index.json,NOT_CLASSIFIED
FSLR,0001274494,0001274494-17-000004,8-K,2017-02-21,2017-02-21T21:16:26.000Z,2.02,a8-kfinancialresultsq4x2016.htm,https://www.sec.gov/Archives/edgar/data/1274494/000127449417000004,https://www.sec.gov/Archives/edgar/data/1274494/000127449417000004/index.json,NOT_CLASSIFIED
XYZ,0001512673,0001193125-17-052069,8-K,2017-02-22,2017-02-22T21:10:03.000Z,2.02,d342610d8k.htm,https://www.sec.gov/Archives/edgar/data/1512673/000119312517052069,https://www.sec.gov/Archives/edgar/data/1512673/000119312517052069/index.json,NOT_CLASSIFIED
TFX,0000096943,0000096943-17-000011,8-K,2017-02-23,2017-02-23T12:00:35.000Z,"2.02,7.01",a2-23x20178xkreearningsrel.htm,https://www.sec.gov/Archives/edgar/data/96943/000009694317000011,https://www.sec.gov/Archives/edgar/data/96943/000009694317000011/index.json,NOT_CLASSIFIED
EME,0000105634,0000105634-17-000046,8-K,2017-02-23,2017-02-23T20:04:21.000Z,2.02,eme-20161231x8k.htm,https://www.sec.gov/Archives/edgar/data/105634/000010563417000046,https://www.sec.gov/Archives/edgar/data/105634/000010563417000046/index.json,NOT_CLASSIFIED
FTI,0001681459,0001681459-17-000138,8-K/A,2017-02-24,2017-02-24T21:28:05.000Z,2.02,form8-kaxproformaand2016au.htm,https://www.sec.gov/Archives/edgar/data/1681459/000168145917000138,https://www.sec.gov/Archives/edgar/data/1681459/000168145917000138/index.json,NOT_CLASSIFIED
WDAY,0001327811,0001327811-17-000004,8-K,2017-02-27,2017-02-27T21:07:47.000Z,2.02,wday-1312017x8k.htm,https://www.sec.gov/Archives/edgar/data/1327811/000132781117000004,https://www.sec.gov/Archives/edgar/data/1327811/000132781117000004/index.json,NOT_CLASSIFIED
AXON,0001069183,0001069183-17-000020,8-K,2017-02-28,2017-02-28T21:01:34.000Z,2.02,a2016q4-8xkearningsrelease.htm,https://www.sec.gov/Archives/edgar/data/1069183/000106918317000020,https://www.sec.gov/Archives/edgar/data/1069183/000106918317000020/index.json,NOT_CLASSIFIED
PANW,0001327567,0001327567-17-000005,8-K,2017-02-28,2017-02-28T21:09:43.000Z,2.02,panw-8xkxq217earningsrelea.htm,https://www.sec.gov/Archives/edgar/data/1327567/000132756717000005,https://www.sec.gov/Archives/edgar/data/1327567/000132756717000005/index.json,NOT_CLASSIFIED
CIEN,0000936395,0000936395-17-000017,8-K,2017-03-08,2017-03-08T12:09:32.000Z,2.02,a8-k2017q1earningsrelease.htm,https://www.sec.gov/Archives/edgar/data/936395/000093639517000017,https://www.sec.gov/Archives/edgar/data/936395/000093639517000017/index.json,NOT_CLASSIFIED
JBL,0000898293,0001193125-17-083611,8-K,2017-03-15,2017-03-15T20:07:07.000Z,2.02,d356669d8k.htm,https://www.sec.gov/Archives/edgar/data/898293/000119312517083611,https://www.sec.gov/Archives/edgar/data/898293/000119312517083611/index.json,NOT_CLASSIFIED
LW,0001679273,0001558370-17-002477,8-K,2017-04-06,2017-04-06T12:38:48.000Z,2.02,lw_currentfolio8k.htm,https://www.sec.gov/Archives/edgar/data/1679273/000155837017002477,https://www.sec.gov/Archives/edgar/data/1679273/000155837017002477/index.json,NOT_CLASSIFIED
IBKR,0001381197,0001381197-17-000009,8-K,2017-04-18,2017-04-18T20:01:31.000Z,2.02,ibkr_8k-20170418.htm,https://www.sec.gov/Archives/edgar/data/1381197/000138119717000009,https://www.sec.gov/Archives/edgar/data/1381197/000138119717000009/index.json,NOT_CLASSIFIED
LII,0001069202,0001193125-17-133519,8-K,2017-04-24,2017-04-24T12:00:33.000Z,2.02,d384706d8k.htm,https://www.sec.gov/Archives/edgar/data/1069202/000119312517133519,https://www.sec.gov/Archives/edgar/data/1069202/000119312517133519/index.json,NOT_CLASSIFIED
MPWR,0001280452,0001437749-17-007211,8-K,2017-04-26,2017-04-26T20:26:58.000Z,2.02,mpwr20170425_8k.htm,https://www.sec.gov/Archives/edgar/data/1280452/000143774917007211,https://www.sec.gov/Archives/edgar/data/1280452/000143774917007211/index.json,NOT_CLASSIFIED
NOV,0001021860,0001193125-17-140026,8-K,2017-04-27,2017-04-26T23:13:56.000Z,2.02,d381110d8k.htm,https://www.sec.gov/Archives/edgar/data/1021860/000119312517140026,https://www.sec.gov/Archives/edgar/data/1021860/000119312517140026/index.json,NOT_CLASSIFIED
TER,0000097210,0001193125-17-140716,8-K,2017-04-27,2017-04-27T10:05:33.000Z,2.02,d360513d8k.htm,https://www.sec.gov/Archives/edgar/data/97210/000119312517140716,https://www.sec.gov/Archives/edgar/data/97210/000119312517140716/index.json,NOT_CLASSIFIED
EME,0000105634,0000105634-17-000063,8-K,2017-04-27,2017-04-27T16:01:13.000Z,2.02,eme-2017331x8k.htm,https://www.sec.gov/Archives/edgar/data/105634/000010563417000063,https://www.sec.gov/Archives/edgar/data/105634/000010563417000063/index.json,NOT_CLASSIFIED
FSLR,0001274494,0001274494-17-000021,8-K,2017-05-02,2017-05-02T20:12:56.000Z,2.02,a8-kfinancialresultsq1x2017.htm,https://www.sec.gov/Archives/edgar/data/1274494/000127449417000021,https://www.sec.gov/Archives/edgar/data/1274494/000127449417000021/index.json,NOT_CLASSIFIED
TFX,0000096943,0000096943-17-000047,8-K,2017-05-04,2017-05-04T11:00:26.000Z,"2.02,7.01",a5-4x20178xkreq12017earnin.htm,https://www.sec.gov/Archives/edgar/data/96943/000009694317000047,https://www.sec.gov/Archives/edgar/data/96943/000009694317000047/index.json,NOT_CLASSIFIED
LITE,0001633978,0001633978-17-000035,8-K,2017-05-04,2017-05-04T12:16:32.000Z,2.02,lumentum_8kxq3fy17.htm,https://www.sec.gov/Archives/edgar/data/1633978/000163397817000035,https://www.sec.gov/Archives/edgar/data/1633978/000163397817000035/index.json,NOT_CLASSIFIED
CPT,0000906345,0000906345-17-000017,8-K,2017-05-04,2017-05-04T20:22:28.000Z,2.02,a8kq117.htm,https://www.sec.gov/Archives/edgar/data/906345/000090634517000017,https://www.sec.gov/Archives/edgar/data/906345/000090634517000017/index.json,NOT_CLASSIFIED
AXON,0001069183,0001069183-17-000077,8-K,2017-05-09,2017-05-09T20:01:54.000Z,2.02,aaxnq12017-8kearningsrelea.htm,https://www.sec.gov/Archives/edgar/data/1069183/000106918317000077,https://www.sec.gov/Archives/edgar/data/1069183/000106918317000077/index.json,NOT_CLASSIFIED
DECK,0000910521,0001157523-17-001670,8-K,2017-05-25,2017-05-25T20:05:28.000Z,2.02,a51565356.htm,https://www.sec.gov/Archives/edgar/data/910521/000115752317001670,https://www.sec.gov/Archives/edgar/data/910521/000115752317001670/index.json,NOT_CLASSIFIED
PANW,0001327567,0001327567-17-000016,8-K,2017-05-31,2017-05-31T20:12:16.000Z,2.02,panw-8xkxq317earningsrelea.htm,https://www.sec.gov/Archives/edgar/data/1327567/000132756717000016,https://www.sec.gov/Archives/edgar/data/1327567/000132756717000016/index.json,NOT_CLASSIFIED
CIEN,0000936395,0000936395-17-000033,8-K,2017-06-01,2017-06-01T11:09:41.000Z,2.02,a8-k2017q2earningsrelease.htm,https://www.sec.gov/Archives/edgar/data/936395/000093639517000033,https://www.sec.gov/Archives/edgar/data/936395/000093639517000033/index.json,NOT_CLASSIFIED
WDAY,0001327811,0001327811-17-000013,8-K,2017-06-01,2017-06-01T20:13:08.000Z,2.02,wday-04302017x8k.htm,https://www.sec.gov/Archives/edgar/data/1327811/000132781117000013,https://www.sec.gov/Archives/edgar/data/1327811/000132781117000013/index.json,NOT_CLASSIFIED
IBKR,0001381197,0001140361-17-028116,8-K,2017-07-18,2017-07-18T21:29:13.000Z,2.02,form8k.htm,https://www.sec.gov/Archives/edgar/data/1381197/000114036117028116,https://www.sec.gov/Archives/edgar/data/1381197/000114036117028116/index.json,NOT_CLASSIFIED
LII,0001069202,0001193125-17-233271,8-K,2017-07-24,2017-07-24T12:13:16.000Z,2.02,d418876d8k.htm,https://www.sec.gov/Archives/edgar/data/1069202/000119312517233271,https://www.sec.gov/Archives/edgar/data/1069202/000119312517233271/index.json,NOT_CLASSIFIED
FTI,0001681459,0001681459-17-000232,8-K,2017-07-24,2017-07-24T21:30:25.000Z,"2.02,7.01",copyofform8-kxq12017earnin.htm,https://www.sec.gov/Archives/edgar/data/1681459/000168145917000232,https://www.sec.gov/Archives/edgar/data/1681459/000168145917000232/index.json,NOT_CLASSIFIED
LW,0001679273,0001558370-17-005292,8-K,2017-07-25,2017-07-25T12:42:42.000Z,2.02,f8-k.htm,https://www.sec.gov/Archives/edgar/data/1679273/000155837017005292,https://www.sec.gov/Archives/edgar/data/1679273/000155837017005292/index.json,NOT_CLASSIFIED
MPWR,0001280452,0001437749-17-013102,8-K,2017-07-26,2017-07-26T20:34:39.000Z,2.02,mpwr20170724_8k.htm,https://www.sec.gov/Archives/edgar/data/1280452/000143774917013102,https://www.sec.gov/Archives/edgar/data/1280452/000143774917013102/index.json,NOT_CLASSIFIED
FTI,0001681459,0001681459-17-000235,8-K,2017-07-27,2017-07-27T01:17:07.000Z,2.02,form8-kxq22017earningsrele.htm,https://www.sec.gov/Archives/edgar/data/1681459/000168145917000235,https://www.sec.gov/Archives/edgar/data/1681459/000168145917000235/index.json,NOT_CLASSIFIED
TER,0000097210,0001193125-17-237226,8-K,2017-07-27,2017-07-27T10:05:04.000Z,2.02,d424721d8k.htm,https://www.sec.gov/Archives/edgar/data/97210/000119312517237226,https://www.sec.gov/Archives/edgar/data/97210/000119312517237226/index.json,NOT_CLASSIFIED
EME,0000105634,0000105634-17-000130,8-K,2017-07-27,2017-07-27T15:49:27.000Z,2.02,eme-2017630x8k.htm,https://www.sec.gov/Archives/edgar/data/105634/000010563417000130,https://www.sec.gov/Archives/edgar/data/105634/000010563417000130/index.json,NOT_CLASSIFIED
DECK,0000910521,0001157523-17-002140,8-K,2017-07-27,2017-07-27T20:05:27.000Z,2.02,a51598134.htm,https://www.sec.gov/Archives/edgar/data/910521/000115752317002140,https://www.sec.gov/Archives/edgar/data/910521/000115752317002140/index.json,NOT_CLASSIFIED
FSLR,0001274494,0001274494-17-000037,8-K,2017-07-27,2017-07-27T20:06:42.000Z,2.02,a8-kfinancialresultsq2x2017.htm,https://www.sec.gov/Archives/edgar/data/1274494/000127449417000037,https://www.sec.gov/Archives/edgar/data/1274494/000127449417000037/index.json,NOT_CLASSIFIED
MHK,0000851968,0000851968-17-000068,8-K,2017-07-27,2017-07-27T20:19:50.000Z,2.02,a2q20178-kcoverpage.htm,https://www.sec.gov/Archives/edgar/data/851968/000085196817000068,https://www.sec.gov/Archives/edgar/data/851968/000085196817000068/index.json,NOT_CLASSIFIED
CPT,0000906345,0000906345-17-000035,8-K,2017-07-27,2017-07-27T20:21:41.000Z,2.02,a8kq217.htm,https://www.sec.gov/Archives/edgar/data/906345/000090634517000035,https://www.sec.gov/Archives/edgar/data/906345/000090634517000035/index.json,NOT_CLASSIFIED
FLS,0000030625,0001157523-17-002146,8-K,2017-07-27,2017-07-27T20:23:39.000Z,"2.02,7.01",a51597873.htm,https://www.sec.gov/Archives/edgar/data/30625/000115752317002146,https://www.sec.gov/Archives/edgar/data/30625/000115752317002146/index.json,NOT_CLASSIFIED
NOV,0001021860,0001193125-17-238837,8-K,2017-07-28,2017-07-27T23:52:33.000Z,2.02,d429472d8k.htm,https://www.sec.gov/Archives/edgar/data/1021860/000119312517238837,https://www.sec.gov/Archives/edgar/data/1021860/000119312517238837/index.json,NOT_CLASSIFIED
GNRC,0001474735,0001437749-17-013526,8-K,2017-08-02,2017-08-02T10:03:49.000Z,2.02,gnrc20170801_8k.htm,https://www.sec.gov/Archives/edgar/data/1474735/000143774917013526,https://www.sec.gov/Archives/edgar/data/1474735/000143774917013526/index.json,NOT_CLASSIFIED
XYZ,0001512673,0001193125-17-245789,8-K,2017-08-02,2017-08-02T20:05:59.000Z,2.02,d435412d8k.htm,https://www.sec.gov/Archives/edgar/data/1512673/000119312517245789,https://www.sec.gov/Archives/edgar/data/1512673/000119312517245789/index.json,NOT_CLASSIFIED
LNC,0000059558,0000059558-17-000039,8-K,2017-08-02,2017-08-02T20:15:48.000Z,2.02,lnc-20170630x8k.htm,https://www.sec.gov/Archives/edgar/data/59558/000005955817000039,https://www.sec.gov/Archives/edgar/data/59558/000005955817000039/index.json,NOT_CLASSIFIED
EPAM,0001352010,0001352010-17-000028,8-K,2017-08-03,2017-08-02T23:50:22.000Z,2.02,form8k_q2x2017.htm,https://www.sec.gov/Archives/edgar/data/1352010/000135201017000028,https://www.sec.gov/Archives/edgar/data/1352010/000135201017000028/index.json,NOT_CLASSIFIED
TFX,0000096943,0000096943-17-000099,8-K,2017-08-03,2017-08-03T10:52:33.000Z,"2.02,7.01",a8-3x20178xkreq22017earnin.htm,https://www.sec.gov/Archives/edgar/data/96943/000009694317000099,https://www.sec.gov/Archives/edgar/data/96943/000009694317000099/index.json,NOT_CLASSIFIED
AXON,0001069183,0001069183-17-000115,8-K,2017-08-08,2017-08-08T20:03:27.000Z,2.02,aaxnq22017-8kearningsrelea.htm,https://www.sec.gov/Archives/edgar/data/1069183/000106918317000115,https://www.sec.gov/Archives/edgar/data/1069183/000106918317000115/index.json,NOT_CLASSIFIED
NDSN,0000072331,0001157523-17-002388,8-K,2017-08-21,2017-08-21T20:30:13.000Z,2.02,a51671852.htm,https://www.sec.gov/Archives/edgar/data/72331/000115752317002388,https://www.sec.gov/Archives/edgar/data/72331/000115752317002388/index.json,NOT_CLASSIFIED
WDAY,0001327811,0001327811-17-000019,8-K,2017-08-30,2017-08-30T20:15:19.000Z,2.02,wday-07312017x8k.htm,https://www.sec.gov/Archives/edgar/data/1327811/000132781117000019,https://www.sec.gov/Archives/edgar/data/1327811/000132781117000019/index.json,NOT_CLASSIFIED
TFX,0000096943,0000096943-17-000105,8-K,2017-09-05,2017-09-05T11:00:41.000Z,7.01,a9-5x20178xkreprojectnaple.htm,https://www.sec.gov/Archives/edgar/data/96943/000009694317000105,https://www.sec.gov/Archives/edgar/data/96943/000009694317000105/index.json,NOT_CLASSIFIED
JBL,0000898293,0001193125-17-295942,8-K,2017-09-27,2017-09-27T20:07:03.000Z,2.02,d396481d8k.htm,https://www.sec.gov/Archives/edgar/data/898293/000119312517295942,https://www.sec.gov/Archives/edgar/data/898293/000119312517295942/index.json,NOT_CLASSIFIED
LW,0001679273,0001558370-17-007262,8-K,2017-10-04,2017-10-04T12:47:47.000Z,2.02,f8-k.htm,https://www.sec.gov/Archives/edgar/data/1679273/000155837017007262,https://www.sec.gov/Archives/edgar/data/1679273/000155837017007262/index.json,NOT_CLASSIFIED
FTI,0001681459,0001681459-17-000254,8-K,2017-10-26,2017-10-26T00:58:04.000Z,2.02,form8-kxq32017earningsrele.htm,https://www.sec.gov/Archives/edgar/data/1681459/000168145917000254,https://www.sec.gov/Archives/edgar/data/1681459/000168145917000254/index.json,NOT_CLASSIFIED
TER,0000097210,0001193125-17-320011,8-K,2017-10-26,2017-10-26T10:09:55.000Z,2.02,d462955d8k.htm,https://www.sec.gov/Archives/edgar/data/97210/000119312517320011,https://www.sec.gov/Archives/edgar/data/97210/000119312517320011/index.json,NOT_CLASSIFIED
EME,0000105634,0000105634-17-000188,8-K,2017-10-26,2017-10-26T16:29:59.000Z,2.02,eme-2017930x8k.htm,https://www.sec.gov/Archives/edgar/data/105634/000010563417000188,https://www.sec.gov/Archives/edgar/data/105634/000010563417000188/index.json,NOT_CLASSIFIED
FSLR,0001274494,0001274494-17-000043,8-K,2017-10-26,2017-10-26T20:04:00.000Z,2.02,a8-kfinancialresultsq3x2017.htm,https://www.sec.gov/Archives/edgar/data/1274494/000127449417000043,https://www.sec.gov/Archives/edgar/data/1274494/000127449417000043/index.json,NOT_CLASSIFIED
DECK,0000910521,0001157523-17-002831,8-K,2017-10-26,2017-10-26T20:06:25.000Z,2.02,a51706134.htm,https://www.sec.gov/Archives/edgar/data/910521/000115752317002831,https://www.sec.gov/Archives/edgar/data/910521/000115752317002831/index.json,NOT_CLASSIFIED
MHK,0000851968,0000851968-17-000087,8-K,2017-10-26,2017-10-26T20:16:34.000Z,2.02,a3q20178-kcoverpage.htm,https://www.sec.gov/Archives/edgar/data/851968/000085196817000087,https://www.sec.gov/Archives/edgar/data/851968/000085196817000087/index.json,NOT_CLASSIFIED
MPWR,0001280452,0001437749-17-017667,8-K,2017-10-26,2017-10-26T20:18:29.000Z,2.02,mpwr20171023_8k.htm,https://www.sec.gov/Archives/edgar/data/1280452/000143774917017667,https://www.sec.gov/Archives/edgar/data/1280452/000143774917017667/index.json,NOT_CLASSIFIED
CPT,0000906345,0000906345-17-000041,8-K,2017-10-26,2017-10-26T20:37:57.000Z,2.02,a8kq317.htm,https://www.sec.gov/Archives/edgar/data/906345/000090634517000041,https://www.sec.gov/Archives/edgar/data/906345/000090634517000041/index.json,NOT_CLASSIFIED
NOV,0001021860,0001193125-17-321550,8-K,2017-10-27,2017-10-26T22:52:25.000Z,2.02,d432340d8k.htm,https://www.sec.gov/Archives/edgar/data/1021860/000119312517321550,https://www.sec.gov/Archives/edgar/data/1021860/000119312517321550/index.json,NOT_CLASSIFIED
GNRC,0001474735,0001437749-17-017990,8-K,2017-11-01,2017-11-01T10:12:21.000Z,2.02,gnrc20171031_8k.htm,https://www.sec.gov/Archives/edgar/data/1474735/000143774917017990,https://www.sec.gov/Archives/edgar/data/1474735/000143774917017990/index.json,NOT_CLASSIFIED
LITE,0001633978,0001633978-17-000117,8-K,2017-11-01,2017-11-01T12:23:32.000Z,2.02,lumentum_8kxq1fy18.htm,https://www.sec.gov/Archives/edgar/data/1633978/000163397817000117,https://www.sec.gov/Archives/edgar/data/1633978/000163397817000117/index.json,NOT_CLASSIFIED
QRVO,0001604778,0001604778-17-000055,8-K,2017-11-01,2017-11-01T20:08:56.000Z,2.02,company8-k20170930.htm,https://www.sec.gov/Archives/edgar/data/1604778/000160477817000055,https://www.sec.gov/Archives/edgar/data/1604778/000160477817000055/index.json,NOT_CLASSIFIED
EPAM,0001352010,0001352010-17-000040,8-K,2017-11-02,2017-11-01T23:13:05.000Z,2.02,form8k_q3x2017.htm,https://www.sec.gov/Archives/edgar/data/1352010/000135201017000040,https://www.sec.gov/Archives/edgar/data/1352010/000135201017000040/index.json,NOT_CLASSIFIED
TFX,0000096943,0000096943-17-000116,8-K,2017-11-02,2017-11-02T11:06:17.000Z,"2.02,7.01",a11-2x20178xkreq3earningsr.htm,https://www.sec.gov/Archives/edgar/data/96943/000009694317000116,https://www.sec.gov/Archives/edgar/data/96943/000009694317000116/index.json,NOT_CLASSIFIED
AXON,0001069183,0001069183-17-000131,8-K,2017-11-07,2017-11-07T21:01:18.000Z,2.02,aaxnq32017-8kshareholderle.htm,https://www.sec.gov/Archives/edgar/data/1069183/000106918317000131,https://www.sec.gov/Archives/edgar/data/1069183/000106918317000131/index.json,NOT_CLASSIFIED
XYZ,0001512673,0001193125-17-337235,8-K,2017-11-08,2017-11-08T21:08:57.000Z,2.02,d487489d8k.htm,https://www.sec.gov/Archives/edgar/data/1512673/000119312517337235,https://www.sec.gov/Archives/edgar/data/1512673/000119312517337235/index.json,NOT_CLASSIFIED
LNC,0000059558,0001193125-17-344850,8-K,2017-11-16,2017-11-16T13:36:17.000Z,7.01,d498184d8k.htm,https://www.sec.gov/Archives/edgar/data/59558/000119312517344850,https://www.sec.gov/Archives/edgar/data/59558/000119312517344850/index.json,NOT_CLASSIFIED
PANW,0001327567,0001327567-17-000032,8-K,2017-11-20,2017-11-20T21:11:41.000Z,2.02,panw-8xkxq118earningsrelea.htm,https://www.sec.gov/Archives/edgar/data/1327567/000132756717000032,https://www.sec.gov/Archives/edgar/data/1327567/000132756717000032/index.json,NOT_CLASSIFIED
WDAY,0001327811,0001327811-17-000030,8-K,2017-11-29,2017-11-29T21:16:39.000Z,2.02,wday-10312017x8k.htm,https://www.sec.gov/Archives/edgar/data/1327811/000132781117000030,https://www.sec.gov/Archives/edgar/data/1327811/000132781117000030/index.json,NOT_CLASSIFIED
CIEN,0000936395,0000936395-17-000057,8-K,2017-12-07,2017-12-07T12:28:58.000Z,2.02,a8-k2017q4earningsrelease.htm,https://www.sec.gov/Archives/edgar/data/936395/000093639517000057,https://www.sec.gov/Archives/edgar/data/936395/000093639517000057/index.json,NOT_CLASSIFIED
NDSN,0000072331,0001157523-17-003226,8-K,2017-12-13,2017-12-13T21:33:17.000Z,2.02,a51729749.htm,https://www.sec.gov/Archives/edgar/data/72331/000115752317003226,https://www.sec.gov/Archives/edgar/data/72331/000115752317003226/index.json,NOT_CLASSIFIED
JBL,0000898293,0001193125-17-369474,8-K,2017-12-14,2017-12-14T21:09:03.000Z,2.02,d506501d8k.htm,https://www.sec.gov/Archives/edgar/data/898293/000119312517369474,https://www.sec.gov/Archives/edgar/data/898293/000119312517369474/index.json,NOT_CLASSIFIED
LW,0001679273,0001104659-17-074780,8-K,2017-12-22,2017-12-22T16:30:12.000Z,7.01,a17-28746_18k.htm,https://www.sec.gov/Archives/edgar/data/1679273/000110465917074780,https://www.sec.gov/Archives/edgar/data/1679273/000110465917074780/index.json,NOT_CLASSIFIED
LW,0001679273,0001558370-18-000016,8-K,2018-01-04,2018-01-04T13:37:05.000Z,2.02,f8-k.htm,https://www.sec.gov/Archives/edgar/data/1679273/000155837018000016,https://www.sec.gov/Archives/edgar/data/1679273/000155837018000016/index.json,NOT_CLASSIFIED
IBKR,0001381197,0001381197-18-000003,8-K,2018-01-16,2018-01-16T21:02:28.000Z,2.02,ibkr_8k-20180116.htm,https://www.sec.gov/Archives/edgar/data/1381197/000138119718000003,https://www.sec.gov/Archives/edgar/data/1381197/000138119718000003/index.json,NOT_CLASSIFIED
LNC,0000059558,0001193125-18-014012,8-K,2018-01-19,2018-01-19T12:36:58.000Z,7.01,d520435d8k.htm,https://www.sec.gov/Archives/edgar/data/59558/000119312518014012,https://www.sec.gov/Archives/edgar/data/59558/000119312518014012/index.json,NOT_CLASSIFIED
TER,0000097210,0001193125-18-018953,8-K,2018-01-25,2018-01-25T11:06:33.000Z,2.02,d484702d8k.htm,https://www.sec.gov/Archives/edgar/data/97210/000119312518018953,https://www.sec.gov/Archives/edgar/data/97210/000119312518018953/index.json,NOT_CLASSIFIED
QRVO,0001604778,0001604778-18-000003,8-K,2018-01-31,2018-01-31T21:04:53.000Z,2.02,company8-k20171230.htm,https://www.sec.gov/Archives/edgar/data/1604778/000160477818000003,https://www.sec.gov/Archives/edgar/data/1604778/000160477818000003/index.json,NOT_CLASSIFIED
DECK,0000910521,0001157523-18-000195,8-K,2018-02-01,2018-02-01T21:05:20.000Z,2.02,a51752098.htm,https://www.sec.gov/Archives/edgar/data/910521/000115752318000195,https://www.sec.gov/Archives/edgar/data/910521/000115752318000195/index.json,NOT_CLASSIFIED
CPT,0000906345,0000906345-18-000003,8-K,2018-02-01,2018-02-01T21:31:24.000Z,2.02,a8kq417.htm,https://www.sec.gov/Archives/edgar/data/906345/000090634518000003,https://www.sec.gov/Archives/edgar/data/906345/000090634518000003/index.json,NOT_CLASSIFIED
NOV,0001021860,0001193125-18-032403,8-K,2018-02-06,2018-02-06T00:59:56.000Z,2.02,d730801d8k.htm,https://www.sec.gov/Archives/edgar/data/1021860/000119312518032403,https://www.sec.gov/Archives/edgar/data/1021860/000119312518032403/index.json,NOT_CLASSIFIED
LII,0001069202,0001193125-18-032739,8-K,2018-02-06,2018-02-06T13:33:56.000Z,2.02,d513321d8k.htm,https://www.sec.gov/Archives/edgar/data/1069202/000119312518032739,https://www.sec.gov/Archives/edgar/data/1069202/000119312518032739/index.json,NOT_CLASSIFIED
MPWR,0001280452,0001437749-18-002069,8-K,2018-02-08,2018-02-08T21:16:15.000Z,2.02,mpwr20180207_8k.htm,https://www.sec.gov/Archives/edgar/data/1280452/000143774918002069,https://www.sec.gov/Archives/edgar/data/1280452/000143774918002069/index.json,NOT_CLASSIFIED
GNRC,0001474735,0001437749-18-002286,8-K,2018-02-13,2018-02-13T11:03:00.000Z,2.02,gnrc20180212_8k.htm,https://www.sec.gov/Archives/edgar/data/1474735/000143774918002286,https://www.sec.gov/Archives/edgar/data/1474735/000143774918002286/index.json,NOT_CLASSIFIED
FLS,0000030625,0001157523-18-000352,8-K,2018-02-15,2018-02-15T21:22:36.000Z,"2.02,7.01",a51759185.htm,https://www.sec.gov/Archives/edgar/data/30625/000115752318000352,https://www.sec.gov/Archives/edgar/data/30625/000115752318000352/index.json,NOT_CLASSIFIED
EPAM,0001352010,0001352010-18-000006,8-K,2018-02-16,2018-02-16T02:12:13.000Z,2.02,form8k_q4x2017.htm,https://www.sec.gov/Archives/edgar/data/1352010/000135201018000006,https://www.sec.gov/Archives/edgar/data/1352010/000135201018000006/index.json,NOT_CLASSIFIED
FTI,0001681459,0001681459-18-000014,8-K,2018-02-21,2018-02-21T22:22:01.000Z,2.02,form8-kxq42017earningsrele.htm,https://www.sec.gov/Archives/edgar/data/1681459/000168145918000014,https://www.sec.gov/Archives/edgar/data/1681459/000168145918000014/index.json,NOT_CLASSIFIED
EME,0000105634,0000105634-18-000047,8-K,2018-02-22,2018-02-22T19:14:05.000Z,2.02,eme-20171231x8k.htm,https://www.sec.gov/Archives/edgar/data/105634/000010563418000047,https://www.sec.gov/Archives/edgar/data/105634/000010563418000047/index.json,NOT_CLASSIFIED
FSLR,0001274494,0001274494-18-000009,8-K,2018-02-22,2018-02-22T21:03:49.000Z,2.02,a8-kfinancialresultsq4x2017.htm,https://www.sec.gov/Archives/edgar/data/1274494/000127449418000009,https://www.sec.gov/Archives/edgar/data/1274494/000127449418000009/index.json,NOT_CLASSIFIED
NDSN,0000072331,0001157523-18-000397,8-K,2018-02-22,2018-02-22T21:30:54.000Z,2.02,a51762923.htm,https://www.sec.gov/Archives/edgar/data/72331/000115752318000397,https://www.sec.gov/Archives/edgar/data/72331/000115752318000397/index.json,NOT_CLASSIFIED
PANW,0001327567,0001327567-18-000004,8-K,2018-02-26,2018-02-26T21:17:04.000Z,"2.02,7.01",panw-8xkxq218earningsrelea.htm,https://www.sec.gov/Archives/edgar/data/1327567/000132756718000004,https://www.sec.gov/Archives/edgar/data/1327567/000132756718000004/index.json,NOT_CLASSIFIED
AXON,0001069183,0001069183-18-000008,8-K,2018-02-27,2018-02-27T21:03:24.000Z,2.02,aaxnq42017-8kshareholderle.htm,https://www.sec.gov/Archives/edgar/data/1069183/000106918318000008,https://www.sec.gov/Archives/edgar/data/1069183/000106918318000008/index.json,NOT_CLASSIFIED
WDAY,0001327811,0001327811-18-000005,8-K,2018-02-27,2018-02-27T21:09:38.000Z,2.02,wday-1312018x8k.htm,https://www.sec.gov/Archives/edgar/data/1327811/000132781118000005,https://www.sec.gov/Archives/edgar/data/1327811/000132781118000005/index.json,NOT_CLASSIFIED
CIEN,0000936395,0000936395-18-000009,8-K,2018-03-06,2018-03-06T12:02:36.000Z,2.02,a8-k2018q1earningsrelease.htm,https://www.sec.gov/Archives/edgar/data/936395/000093639518000009,https://www.sec.gov/Archives/edgar/data/936395/000093639518000009/index.json,NOT_CLASSIFIED
NOV,0001021860,0001193125-18-118148,8-K,2018-04-16,2018-04-16T16:36:32.000Z,2.02,d590947d8k.htm,https://www.sec.gov/Archives/edgar/data/1021860/000119312518118148,https://www.sec.gov/Archives/edgar/data/1021860/000119312518118148/index.json,NOT_CLASSIFIED
IBKR,0001381197,0001381197-18-000009,8-K,2018-04-17,2018-04-17T20:01:21.000Z,2.02,ibkr_8k-20180417.htm,https://www.sec.gov/Archives/edgar/data/1381197/000138119718000009,https://www.sec.gov/Archives/edgar/data/1381197/000138119718000009/index.json,NOT_CLASSIFIED
LII,0001069202,0001193125-18-125935,8-K,2018-04-23,2018-04-23T12:12:07.000Z,2.02,d572143d8k.htm,https://www.sec.gov/Archives/edgar/data/1069202/000119312518125935,https://www.sec.gov/Archives/edgar/data/1069202/000119312518125935/index.json,NOT_CLASSIFIED
TER,0000097210,0001193125-18-129876,8-K,2018-04-25,2018-04-25T11:15:56.000Z,2.02,d574937d8k.htm,https://www.sec.gov/Archives/edgar/data/97210/000119312518129876,https://www.sec.gov/Archives/edgar/data/97210/000119312518129876/index.json,NOT_CLASSIFIED
FSLR,0001274494,0001274494-18-000021,8-K,2018-04-26,2018-04-26T20:11:02.000Z,2.02,a8-kfinancialresultsq1x2018.htm,https://www.sec.gov/Archives/edgar/data/1274494/000127449418000021,https://www.sec.gov/Archives/edgar/data/1274494/000127449418000021/index.json,NOT_CLASSIFIED
MHK,0000851968,0000851968-18-000073,8-K,2018-04-26,2018-04-26T20:20:17.000Z,2.02,a1q20188-kcoverpage.htm,https://www.sec.gov/Archives/edgar/data/851968/000085196818000073,https://www.sec.gov/Archives/edgar/data/851968/000085196818000073/index.json,NOT_CLASSIFIED
NOV,0001021860,0001193125-18-135950,8-K,2018-04-27,2018-04-27T00:39:02.000Z,2.02,d575507d8k.htm,https://www.sec.gov/Archives/edgar/data/1021860/000119312518135950,https://www.sec.gov/Archives/edgar/data/1021860/000119312518135950/index.json,NOT_CLASSIFIED
MPWR,0001280452,0001437749-18-008137,8-K,2018-04-30,2018-04-30T20:12:46.000Z,2.02,mpwr20180427_8k.htm,https://www.sec.gov/Archives/edgar/data/1280452/000143774918008137,https://www.sec.gov/Archives/edgar/data/1280452/000143774918008137/index.json,NOT_CLASSIFIED
DECK,0000910521,0000910521-18-000010,8-K,2018-04-30,2018-04-30T21:18:59.000Z,7.01,form8-kamendmentstobylaws.htm,https://www.sec.gov/Archives/edgar/data/910521/000091052118000010,https://www.sec.gov/Archives/edgar/data/910521/000091052118000010/index.json,NOT_CLASSIFIED
GNRC,0001474735,0001437749-18-008304,8-K,2018-05-02,2018-05-02T10:31:03.000Z,2.02,gnrc20180501_8k.htm,https://www.sec.gov/Archives/edgar/data/1474735/000143774918008304,https://www.sec.gov/Archives/edgar/data/1474735/000143774918008304/index.json,NOT_CLASSIFIED
LITE,0001633978,0001633978-18-000029,8-K,2018-05-02,2018-05-02T12:17:03.000Z,2.02,lumentum_8kxq3fy18.htm,https://www.sec.gov/Archives/edgar/data/1633978/000163397818000029,https://www.sec.gov/Archives/edgar/data/1633978/000163397818000029/index.json,NOT_CLASSIFIED
QRVO,0001604778,0001604778-18-000010,8-K,2018-05-02,2018-05-02T20:05:21.000Z,2.02,company8-k20180331.htm,https://www.sec.gov/Archives/edgar/data/1604778/000160477818000010,https://www.sec.gov/Archives/edgar/data/1604778/000160477818000010/index.json,NOT_CLASSIFIED
XYZ,0001512673,0001193125-18-148683,8-K,2018-05-02,2018-05-02T20:12:57.000Z,2.02,d579106d8k.htm,https://www.sec.gov/Archives/edgar/data/1512673/000119312518148683,https://www.sec.gov/Archives/edgar/data/1512673/000119312518148683/index.json,NOT_CLASSIFIED
TFX,0000096943,0000096943-18-000081,8-K,2018-05-03,2018-05-03T11:01:23.000Z,"2.02,7.01",a5-3x20188xkreq12018earnin.htm,https://www.sec.gov/Archives/edgar/data/96943/000009694318000081,https://www.sec.gov/Archives/edgar/data/96943/000009694318000081/index.json,NOT_CLASSIFIED
EPAM,0001352010,0001352010-18-000017,8-K,2018-05-09,2018-05-09T01:12:48.000Z,2.02,form8k_q1x2018.htm,https://www.sec.gov/Archives/edgar/data/1352010/000135201018000017,https://www.sec.gov/Archives/edgar/data/1352010/000135201018000017/index.json,NOT_CLASSIFIED
TFX,0000096943,0000096943-18-000098,8-K,2018-05-11,2018-05-11T13:09:22.000Z,7.01,a5-11x20188xkre2018investo.htm,https://www.sec.gov/Archives/edgar/data/96943/000009694318000098,https://www.sec.gov/Archives/edgar/data/96943/000009694318000098/index.json,NOT_CLASSIFIED
QRVO,0001604778,0001604778-18-000015,8-K,2018-05-16,2018-05-16T12:40:05.000Z,7.01,form8kipnotice1.htm,https://www.sec.gov/Archives/edgar/data/1604778/000160477818000015,https://www.sec.gov/Archives/edgar/data/1604778/000160477818000015/index.json,NOT_CLASSIFIED
NDSN,0000072331,0001157523-18-001162,8-K,2018-05-21,2018-05-21T20:31:22.000Z,2.02,a51809747.htm,https://www.sec.gov/Archives/edgar/data/72331/000115752318001162,https://www.sec.gov/Archives/edgar/data/72331/000115752318001162/index.json,NOT_CLASSIFIED
QRVO,0001604778,0001604778-18-000031,8-K,2018-05-23,2018-05-23T11:30:39.000Z,7.01,form8-kinvestorpresentation.htm,https://www.sec.gov/Archives/edgar/data/1604778/000160477818000031,https://www.sec.gov/Archives/edgar/data/1604778/000160477818000031/index.json,NOT_CLASSIFIED
DECK,0000910521,0001157523-18-001193,8-K,2018-05-24,2018-05-24T20:05:44.000Z,2.02,a51812116.htm,https://www.sec.gov/Archives/edgar/data/910521/000115752318001193,https://www.sec.gov/Archives/edgar/data/910521/000115752318001193/index.json,NOT_CLASSIFIED
CIEN,0000936395,0000936395-18-000021,8-K,2018-05-31,2018-05-31T11:04:21.000Z,2.02,a8-k2018q2earningsrelease.htm,https://www.sec.gov/Archives/edgar/data/936395/000093639518000021,https://www.sec.gov/Archives/edgar/data/936395/000093639518000021/index.json,NOT_CLASSIFIED
XYZ,0001512673,0001193125-18-180335,8-K,2018-05-31,2018-05-31T20:17:05.000Z,7.01,d586991d8k.htm,https://www.sec.gov/Archives/edgar/data/1512673/000119312518180335,https://www.sec.gov/Archives/edgar/data/1512673/000119312518180335/index.json,NOT_CLASSIFIED
DECK,0000910521,0000910521-18-000018,8-K,2018-06-05,2018-06-05T21:17:13.000Z,7.01,form8-kamendmenttobylawsdi.htm,https://www.sec.gov/Archives/edgar/data/910521/000091052118000018,https://www.sec.gov/Archives/edgar/data/910521/000091052118000018/index.json,NOT_CLASSIFIED
MPWR,0001280452,0001437749-18-011418,8-K,2018-06-07,2018-06-07T20:29:03.000Z,7.01,mpwr20180605_8k.htm,https://www.sec.gov/Archives/edgar/data/1280452/000143774918011418,https://www.sec.gov/Archives/edgar/data/1280452/000143774918011418/index.json,NOT_CLASSIFIED
DECK,0000910521,0000910521-18-000020,8-K,2018-06-15,2018-06-15T20:38:36.000Z,7.01,form8-kofficerappointment.htm,https://www.sec.gov/Archives/edgar/data/910521/000091052118000020,https://www.sec.gov/Archives/edgar/data/910521/000091052118000020/index.json,NOT_CLASSIFIED
IBKR,0001381197,0001381197-18-000020,8-K,2018-07-17,2018-07-17T20:01:44.000Z,2.02,ibkr_8k-20180717.htm,https://www.sec.gov/Archives/edgar/data/1381197/000138119718000020,https://www.sec.gov/Archives/edgar/data/1381197/000138119718000020/index.json,NOT_CLASSIFIED
LW,0001679273,0001558370-18-005688,8-K,2018-07-25,2018-07-25T12:37:50.000Z,2.02,f8-k.htm,https://www.sec.gov/Archives/edgar/data/1679273/000155837018005688,https://www.sec.gov/Archives/edgar/data/1679273/000155837018005688/index.json,NOT_CLASSIFIED
TER,0000097210,0001193125-18-225421,8-K,2018-07-25,2018-07-25T14:36:38.000Z,2.02,d572611d8k.htm,https://www.sec.gov/Archives/edgar/data/97210/000119312518225421,https://www.sec.gov/Archives/edgar/data/97210/000119312518225421/index.json,NOT_CLASSIFIED
MPWR,0001280452,0001437749-18-013742,8-K,2018-07-25,2018-07-25T20:15:21.000Z,2.02,mpwr20180724_8k.htm,https://www.sec.gov/Archives/edgar/data/1280452/000143774918013742,https://www.sec.gov/Archives/edgar/data/1280452/000143774918013742/index.json,NOT_CLASSIFIED
MHK,0000851968,0000851968-18-000096,8-K,2018-07-25,2018-07-25T20:27:48.000Z,2.02,a2q20188-kcoverpage.htm,https://www.sec.gov/Archives/edgar/data/851968/000085196818000096,https://www.sec.gov/Archives/edgar/data/851968/000085196818000096/index.json,NOT_CLASSIFIED
FTI,0001681459,0001681459-18-000086,8-K,2018-07-25,2018-07-25T20:48:45.000Z,2.02,technipfmc2018630-8kearnin.htm,https://www.sec.gov/Archives/edgar/data/1681459/000168145918000086,https://www.sec.gov/Archives/edgar/data/1681459/000168145918000086/index.json,NOT_CLASSIFIED
EME,0000105634,0000105634-18-000135,8-K,2018-07-26,2018-07-26T17:14:14.000Z,2.02,eme-2018630x8k.htm,https://www.sec.gov/Archives/edgar/data/105634/000010563418000135,https://www.sec.gov/Archives/edgar/data/105634/000010563418000135/index.json,NOT_CLASSIFIED
DECK,0000910521,0001144204-18-040122,8-K,2018-07-26,2018-07-26T20:05:48.000Z,2.02,tv499319_8k.htm,https://www.sec.gov/Archives/edgar/data/910521/000114420418040122,https://www.sec.gov/Archives/edgar/data/910521/000114420418040122/index.json,NOT_CLASSIFIED
FSLR,0001274494,0001274494-18-000038,8-K,2018-07-26,2018-07-26T20:14:33.000Z,2.02,a8-kfinancialresultsq2x2018.htm,https://www.sec.gov/Archives/edgar/data/1274494/000127449418000038,https://www.sec.gov/Archives/edgar/data/1274494/000127449418000038/index.json,NOT_CLASSIFIED
NOV,0001021860,0001193125-18-228066,8-K,2018-07-27,2018-07-26T22:33:07.000Z,2.02,d498803d8k.htm,https://www.sec.gov/Archives/edgar/data/1021860/000119312518228066,https://www.sec.gov/Archives/edgar/data/1021860/000119312518228066/index.json,NOT_CLASSIFIED
IBKR,0001381197,0001381197-18-000026,8-K,2018-07-27,2018-07-27T20:07:28.000Z,2.02,ibkr_8k-20180727.htm,https://www.sec.gov/Archives/edgar/data/1381197/000138119718000026,https://www.sec.gov/Archives/edgar/data/1381197/000138119718000026/index.json,NOT_CLASSIFIED
GNRC,0001474735,0001437749-18-014130,8-K,2018-08-01,2018-08-01T10:03:16.000Z,2.02,gnrc20180731_8k.htm,https://www.sec.gov/Archives/edgar/data/1474735/000143774918014130,https://www.sec.gov/Archives/edgar/data/1474735/000143774918014130/index.json,NOT_CLASSIFIED
XYZ,0001512673,0001193125-18-234930,8-K,2018-08-01,2018-08-01T20:12:00.000Z,2.02,d584754d8k.htm,https://www.sec.gov/Archives/edgar/data/1512673/000119312518234930,https://www.sec.gov/Archives/edgar/data/1512673/000119312518234930/index.json,NOT_CLASSIFIED
LNC,0000059558,0000059558-18-000028,8-K,2018-08-01,2018-08-01T20:16:46.000Z,2.02,lnc-20180630x8k.htm,https://www.sec.gov/Archives/edgar/data/59558/000005955818000028,https://www.sec.gov/Archives/edgar/data/59558/000005955818000028/index.json,NOT_CLASSIFIED
EPAM,0001352010,0001352010-18-000029,8-K,2018-08-02,2018-08-02T00:35:47.000Z,2.02,form8k_q2x2018.htm,https://www.sec.gov/Archives/edgar/data/1352010/000135201018000029,https://www.sec.gov/Archives/edgar/data/1352010/000135201018000029/index.json,NOT_CLASSIFIED
TFX,0000096943,0000096943-18-000152,8-K,2018-08-02,2018-08-02T11:04:45.000Z,"2.02,7.01",a8-2x20188xkreq22018earnin.htm,https://www.sec.gov/Archives/edgar/data/96943/000009694318000152,https://www.sec.gov/Archives/edgar/data/96943/000009694318000152/index.json,NOT_CLASSIFIED
CPT,0000906345,0000906345-18-000031,8-K,2018-08-02,2018-08-02T20:34:15.000Z,2.02,a8kq218.htm,https://www.sec.gov/Archives/edgar/data/906345/000090634518000031,https://www.sec.gov/Archives/edgar/data/906345/000090634518000031/index.json,NOT_CLASSIFIED
AXON,0001069183,0001069183-18-000084,8-K,2018-08-07,2018-08-07T20:01:40.000Z,2.02,aaxnq22018-8kshareholderle.htm,https://www.sec.gov/Archives/edgar/data/1069183/000106918318000084,https://www.sec.gov/Archives/edgar/data/1069183/000106918318000084/index.json,NOT_CLASSIFIED
FLS,0000030625,0001157523-18-001769,8-K,2018-08-08,2018-08-08T20:07:06.000Z,2.02,a51850224.htm,https://www.sec.gov/Archives/edgar/data/30625/000115752318001769,https://www.sec.gov/Archives/edgar/data/30625/000115752318001769/index.json,NOT_CLASSIFIED
NDSN,0000072331,0001157523-18-001841,8-K,2018-08-20,2018-08-20T20:30:31.000Z,2.02,a51854884.htm,https://www.sec.gov/Archives/edgar/data/72331/000115752318001841,https://www.sec.gov/Archives/edgar/data/72331/000115752318001841/index.json,NOT_CLASSIFIED
CIEN,0000936395,0000936395-18-000031,8-K,2018-08-30,2018-08-30T11:14:35.000Z,2.02,a8-kq32018.htm,https://www.sec.gov/Archives/edgar/data/936395/000093639518000031,https://www.sec.gov/Archives/edgar/data/936395/000093639518000031/index.json,NOT_CLASSIFIED
PANW,0001327567,0001327567-18-000018,8-K,2018-09-06,2018-09-06T20:18:16.000Z,2.02,panw-8xkxq418earningsrelea.htm,https://www.sec.gov/Archives/edgar/data/1327567/000132756718000018,https://www.sec.gov/Archives/edgar/data/1327567/000132756718000018/index.json,NOT_CLASSIFIED
LW,0001679273,0001558370-18-007609,8-K,2018-10-02,2018-10-02T12:36:38.000Z,2.02,f8-k.htm,https://www.sec.gov/Archives/edgar/data/1679273/000155837018007609,https://www.sec.gov/Archives/edgar/data/1679273/000155837018007609/index.json,NOT_CLASSIFIED
AXON,0001069183,0001069183-18-000107,8-K,2018-10-09,2018-10-05T23:51:45.000Z,7.01,a8-kxinvestorpresentation1.htm,https://www.sec.gov/Archives/edgar/data/1069183/000106918318000107,https://www.sec.gov/Archives/edgar/data/1069183/000106918318000107/index.json,NOT_CLASSIFIED
LII,0001069202,0001069202-18-000018,8-K,2018-10-22,2018-10-22T12:14:25.000Z,2.02,a2018-9x308k.htm,https://www.sec.gov/Archives/edgar/data/1069202/000106920218000018,https://www.sec.gov/Archives/edgar/data/1069202/000106920218000018/index.json,NOT_CLASSIFIED
TER,0000097210,0001193125-18-305841,8-K,2018-10-24,2018-10-24T10:05:41.000Z,2.02,d626835d8k.htm,https://www.sec.gov/Archives/edgar/data/97210/000119312518305841,https://www.sec.gov/Archives/edgar/data/97210/000119312518305841/index.json,NOT_CLASSIFIED
EME,0000105634,0000105634-18-000183,8-K,2018-10-25,2018-10-25T13:42:28.000Z,2.02,eme-2018930x8k.htm,https://www.sec.gov/Archives/edgar/data/105634/000010563418000183,https://www.sec.gov/Archives/edgar/data/105634/000010563418000183/index.json,NOT_CLASSIFIED
DECK,0000910521,0001144204-18-055356,8-K,2018-10-25,2018-10-25T20:07:28.000Z,2.02,tv505475_8k.htm,https://www.sec.gov/Archives/edgar/data/910521/000114420418055356,https://www.sec.gov/Archives/edgar/data/910521/000114420418055356/index.json,NOT_CLASSIFIED
FSLR,0001274494,0001274494-18-000045,8-K,2018-10-25,2018-10-25T20:17:00.000Z,2.02,a8-kfinancialresultsq3x2018.htm,https://www.sec.gov/Archives/edgar/data/1274494/000127449418000045,https://www.sec.gov/Archives/edgar/data/1274494/000127449418000045/index.json,NOT_CLASSIFIED
MHK,0000851968,0000851968-18-000111,8-K,2018-10-25,2018-10-25T20:17:46.000Z,2.02,a3q20188-kcoverpagexclassic.htm,https://www.sec.gov/Archives/edgar/data/851968/000085196818000111,https://www.sec.gov/Archives/edgar/data/851968/000085196818000111/index.json,NOT_CLASSIFIED
CPT,0000906345,0000906345-18-000042,8-K,2018-10-25,2018-10-25T20:20:09.000Z,2.02,a8kq318.htm,https://www.sec.gov/Archives/edgar/data/906345/000090634518000042,https://www.sec.gov/Archives/edgar/data/906345/000090634518000042/index.json,NOT_CLASSIFIED
GNRC,0001474735,0001437749-18-019202,8-K,2018-11-01,2018-11-01T10:06:48.000Z,2.02,gnrc20181031_8k.htm,https://www.sec.gov/Archives/edgar/data/1474735/000143774918019202,https://www.sec.gov/Archives/edgar/data/1474735/000143774918019202/index.json,NOT_CLASSIFIED
EPAM,0001352010,0001352010-18-000039,8-K,2018-11-01,2018-11-01T10:07:52.000Z,2.02,form8k_q3x2018.htm,https://www.sec.gov/Archives/edgar/data/1352010/000135201018000039,https://www.sec.gov/Archives/edgar/data/1352010/000135201018000039/index.json,NOT_CLASSIFIED
TFX,0000096943,0000096943-18-000191,8-K,2018-11-01,2018-11-01T10:52:54.000Z,"2.02,7.01",a11-1x20188xkreq32018earni.htm,https://www.sec.gov/Archives/edgar/data/96943/000009694318000191,https://www.sec.gov/Archives/edgar/data/96943/000009694318000191/index.json,NOT_CLASSIFIED
LNC,0000059558,0000059558-18-000035,8-K,2018-11-01,2018-11-01T20:16:53.000Z,2.02,lnc-20180930x8k.htm,https://www.sec.gov/Archives/edgar/data/59558/000005955818000035,https://www.sec.gov/Archives/edgar/data/59558/000005955818000035/index.json,NOT_CLASSIFIED
AXON,0001069183,0001069183-18-000112,8-K,2018-11-06,2018-11-06T21:13:26.000Z,2.02,aaxnq32018-8kshareholderle.htm,https://www.sec.gov/Archives/edgar/data/1069183/000106918318000112,https://www.sec.gov/Archives/edgar/data/1069183/000106918318000112/index.json,NOT_CLASSIFIED
XYZ,0001512673,0001193125-18-320910,8-K,2018-11-07,2018-11-07T21:11:12.000Z,2.02,d648167d8k.htm,https://www.sec.gov/Archives/edgar/data/1512673/000119312518320910,https://www.sec.gov/Archives/edgar/data/1512673/000119312518320910/index.json,NOT_CLASSIFIED
FLS,0000030625,0001157523-18-002360,8-K,2018-11-07,2018-11-07T21:18:56.000Z,"2.02,7.01",a51895944.htm,https://www.sec.gov/Archives/edgar/data/30625/000115752318002360,https://www.sec.gov/Archives/edgar/data/30625/000115752318002360/index.json,NOT_CLASSIFIED
LITE,0001633978,0001633978-18-000132,8-K,2018-11-13,2018-11-13T21:17:13.000Z,7.01,a8-k.htm,https://www.sec.gov/Archives/edgar/data/1633978/000163397818000132,https://www.sec.gov/Archives/edgar/data/1633978/000163397818000132/index.json,NOT_CLASSIFIED
TER,0000097210,0001193125-18-326841,8-K,2018-11-14,2018-11-14T22:19:05.000Z,7.01,d656986d8k.htm,https://www.sec.gov/Archives/edgar/data/97210/000119312518326841,https://www.sec.gov/Archives/edgar/data/97210/000119312518326841/index.json,NOT_CLASSIFIED
MHK,0000851968,0000851968-18-000125,8-K,2018-11-27,2018-11-27T21:23:40.000Z,7.01,november278-k.htm,https://www.sec.gov/Archives/edgar/data/851968/000085196818000125,https://www.sec.gov/Archives/edgar/data/851968/000085196818000125/index.json,NOT_CLASSIFIED
PANW,0001327567,0001327567-18-000029,8-K,2018-11-29,2018-11-29T21:17:00.000Z,2.02,panw-8xkxq119earningsrelea.htm,https://www.sec.gov/Archives/edgar/data/1327567/000132756718000029,https://www.sec.gov/Archives/edgar/data/1327567/000132756718000029/index.json,NOT_CLASSIFIED
FSLR,0001274494,0001274494-18-000053,8-K,2018-12-11,2018-12-11T21:11:15.000Z,7.01,a8-k2019guidance.htm,https://www.sec.gov/Archives/edgar/data/1274494/000127449418000053,https://www.sec.gov/Archives/edgar/data/1274494/000127449418000053/index.json,NOT_CLASSIFIED
NDSN,0000072331,0001157523-18-002572,8-K,2018-12-12,2018-12-12T21:30:30.000Z,2.02,a51913312.htm,https://www.sec.gov/Archives/edgar/data/72331/000115752318002572,https://www.sec.gov/Archives/edgar/data/72331/000115752318002572/index.json,NOT_CLASSIFIED
CIEN,0000936395,0000936395-18-000043,8-K,2018-12-13,2018-12-13T12:03:29.000Z,2.02,a8-k2018q4earningsrelease.htm,https://www.sec.gov/Archives/edgar/data/936395/000093639518000043,https://www.sec.gov/Archives/edgar/data/936395/000093639518000043/index.json,NOT_CLASSIFIED
JBL,0000898293,0001193125-18-352092,8-K,2018-12-18,2018-12-18T21:14:08.000Z,2.02,d673464d8k.htm,https://www.sec.gov/Archives/edgar/data/898293/000119312518352092,https://www.sec.gov/Archives/edgar/data/898293/000119312518352092/index.json,NOT_CLASSIFIED
LW,0001679273,0001558370-19-000026,8-K,2019-01-04,2019-01-04T13:42:06.000Z,2.02,f8-k.htm,https://www.sec.gov/Archives/edgar/data/1679273/000155837019000026,https://www.sec.gov/Archives/edgar/data/1679273/000155837019000026/index.json,NOT_CLASSIFIED
IBKR,0001381197,0001381197-19-000005,8-K,2019-01-10,2019-01-10T21:49:40.000Z,7.01,ibkr-20190110x8k.htm,https://www.sec.gov/Archives/edgar/data/1381197/000138119719000005,https://www.sec.gov/Archives/edgar/data/1381197/000138119719000005/index.json,NOT_CLASSIFIED
IBKR,0001381197,0001381197-19-000008,8-K,2019-01-22,2019-01-22T21:02:17.000Z,2.02,ibkr_8k-20190122.htm,https://www.sec.gov/Archives/edgar/data/1381197/000138119719000008,https://www.sec.gov/Archives/edgar/data/1381197/000138119719000008/index.json,NOT_CLASSIFIED
TER,0000097210,0001193125-19-015261,8-K,2019-01-24,2019-01-24T11:06:03.000Z,2.02,d655057d8k.htm,https://www.sec.gov/Archives/edgar/data/97210/000119312519015261,https://www.sec.gov/Archives/edgar/data/97210/000119312519015261/index.json,NOT_CLASSIFIED
CPT,0000906345,0000906345-19-000003,8-K,2019-01-31,2019-01-31T21:27:19.000Z,2.02,a8kq418.htm,https://www.sec.gov/Archives/edgar/data/906345/000090634519000003,https://www.sec.gov/Archives/edgar/data/906345/000090634519000003/index.json,NOT_CLASSIFIED
LII,0001069202,0001069202-19-000005,8-K,2019-02-05,2019-02-05T12:35:33.000Z,2.02,a2018-12x318k.htm,https://www.sec.gov/Archives/edgar/data/1069202/000106920219000005,https://www.sec.gov/Archives/edgar/data/1069202/000106920219000005/index.json,NOT_CLASSIFIED
LITE,0001633978,0001633978-19-000001,8-K,2019-02-05,2019-02-05T12:57:07.000Z,2.02,lumentum_8kxq2fy19.htm,https://www.sec.gov/Archives/edgar/data/1633978/000163397819000001,https://www.sec.gov/Archives/edgar/data/1633978/000163397819000001/index.json,NOT_CLASSIFIED
LNC,0000059558,0000059558-19-000002,8-K,2019-02-06,2019-02-06T21:16:45.000Z,2.02,lnc-20181231x8k.htm,https://www.sec.gov/Archives/edgar/data/59558/000005955819000002,https://www.sec.gov/Archives/edgar/data/59558/000005955819000002/index.json,NOT_CLASSIFIED
QRVO,0001604778,0001604778-19-000007,8-K,2019-02-07,2019-02-07T21:04:35.000Z,2.02,company8-k20181229.htm,https://www.sec.gov/Archives/edgar/data/1604778/000160477819000007,https://www.sec.gov/Archives/edgar/data/1604778/000160477819000007/index.json,NOT_CLASSIFIED
MHK,0000851968,0000851968-19-000015,8-K,2019-02-07,2019-02-07T21:50:33.000Z,2.02,a4q20188-kcoverpage.htm,https://www.sec.gov/Archives/edgar/data/851968/000085196819000015,https://www.sec.gov/Archives/edgar/data/851968/000085196819000015/index.json,NOT_CLASSIFIED
MPWR,0001280452,0001437749-19-002341,8-K,2019-02-12,2019-02-12T21:21:28.000Z,2.02,mpwr20190209b_8k.htm,https://www.sec.gov/Archives/edgar/data/1280452/000143774919002341,https://www.sec.gov/Archives/edgar/data/1280452/000143774919002341/index.json,NOT_CLASSIFIED
GNRC,0001474735,0001437749-19-002533,8-K,2019-02-14,2019-02-14T11:15:15.000Z,2.02,gnrc20190213_8k.htm,https://www.sec.gov/Archives/edgar/data/1474735/000143774919002533,https://www.sec.gov/Archives/edgar/data/1474735/000143774919002533/index.json,NOT_CLASSIFIED
FLS,0000030625,0001157523-19-000390,8-K,2019-02-20,2019-02-20T21:12:56.000Z,"2.02,7.01",a51943658.htm,https://www.sec.gov/Archives/edgar/data/30625/000115752319000390,https://www.sec.gov/Archives/edgar/data/30625/000115752319000390/index.json,NOT_CLASSIFIED
NDSN,0000072331,0001157523-19-000394,8-K,2019-02-20,2019-02-20T21:30:22.000Z,2.02,a51943489.htm,https://www.sec.gov/Archives/edgar/data/72331/000115752319000394,https://www.sec.gov/Archives/edgar/data/72331/000115752319000394/index.json,NOT_CLASSIFIED
FTI,0001681459,0001681459-19-000007,8-K,2019-02-20,2019-02-20T21:52:58.000Z,2.02,technipfmc20181231-8kearni.htm,https://www.sec.gov/Archives/edgar/data/1681459/000168145919000007,https://www.sec.gov/Archives/edgar/data/1681459/000168145919000007/index.json,NOT_CLASSIFIED
TFX,0000096943,0000096943-19-000017,8-K,2019-02-21,2019-02-21T12:02:23.000Z,"2.02,7.01",a2-21x20198xkreq42018earni.htm,https://www.sec.gov/Archives/edgar/data/96943/000009694319000017,https://www.sec.gov/Archives/edgar/data/96943/000009694319000017/index.json,NOT_CLASSIFIED
EME,0000105634,0000105634-19-000046,8-K,2019-02-21,2019-02-21T19:21:37.000Z,2.02,eme-20181231x8k.htm,https://www.sec.gov/Archives/edgar/data/105634/000010563419000046,https://www.sec.gov/Archives/edgar/data/105634/000010563419000046/index.json,NOT_CLASSIFIED
FSLR,0001274494,0001274494-19-000002,8-K,2019-02-21,2019-02-21T21:11:01.000Z,2.02,a8-kfinancialresultsq4x2018.htm,https://www.sec.gov/Archives/edgar/data/1274494/000127449419000002,https://www.sec.gov/Archives/edgar/data/1274494/000127449419000002/index.json,NOT_CLASSIFIED
AXON,0001069183,0001069183-19-000019,8-K,2019-02-26,2019-02-26T21:09:43.000Z,2.02,aaxnq42018-8kshareholderle.htm,https://www.sec.gov/Archives/edgar/data/1069183/000106918319000019,https://www.sec.gov/Archives/edgar/data/1069183/000106918319000019/index.json,NOT_CLASSIFIED
PANW,0001327567,0001327567-19-000006,8-K,2019-02-26,2019-02-26T21:17:20.000Z,2.02,panw-8xkxq219earningsrelea.htm,https://www.sec.gov/Archives/edgar/data/1327567/000132756719000006,https://www.sec.gov/Archives/edgar/data/1327567/000132756719000006/index.json,NOT_CLASSIFIED
XYZ,0001512673,0001193125-19-054036,8-K,2019-02-27,2019-02-27T21:12:35.000Z,2.02,d699402d8k.htm,https://www.sec.gov/Archives/edgar/data/1512673/000119312519054036,https://www.sec.gov/Archives/edgar/data/1512673/000119312519054036/index.json,NOT_CLASSIFIED
WDAY,0001327811,0001193125-19-057546,8-K,2019-02-28,2019-02-28T21:21:04.000Z,2.02,d714677d8k.htm,https://www.sec.gov/Archives/edgar/data/1327811/000119312519057546,https://www.sec.gov/Archives/edgar/data/1327811/000119312519057546/index.json,NOT_CLASSIFIED
CIEN,0000936395,0000936395-19-000005,8-K,2019-03-05,2019-03-05T11:54:32.000Z,2.02,a8-k2019q1earningsrelease.htm,https://www.sec.gov/Archives/edgar/data/936395/000093639519000005,https://www.sec.gov/Archives/edgar/data/936395/000093639519000005/index.json,NOT_CLASSIFIED
JBL,0000898293,0001193125-19-074800,8-K,2019-03-14,2019-03-14T20:14:03.000Z,2.02,d632294d8k.htm,https://www.sec.gov/Archives/edgar/data/898293/000119312519074800,https://www.sec.gov/Archives/edgar/data/898293/000119312519074800/index.json,NOT_CLASSIFIED
LW,0001679273,0001558370-19-002725,8-K,2019-04-02,2019-04-02T12:41:06.000Z,2.02,f8-k.htm,https://www.sec.gov/Archives/edgar/data/1679273/000155837019002725,https://www.sec.gov/Archives/edgar/data/1679273/000155837019002725/index.json,NOT_CLASSIFIED
LII,0001069202,0001069202-19-000018,8-K,2019-04-22,2019-04-22T11:55:22.000Z,2.02,a2019-3x318k.htm,https://www.sec.gov/Archives/edgar/data/1069202/000106920219000018,https://www.sec.gov/Archives/edgar/data/1069202/000106920219000018/index.json,NOT_CLASSIFIED
TER,0000097210,0001193125-19-115617,8-K,2019-04-24,2019-04-24T10:09:02.000Z,2.02,d735857d8k.htm,https://www.sec.gov/Archives/edgar/data/97210/000119312519115617,https://www.sec.gov/Archives/edgar/data/97210/000119312519115617/index.json,NOT_CLASSIFIED
FTI,0001681459,0001681459-19-000058,8-K,2019-04-25,2019-04-25T20:50:45.000Z,2.02,technipfmc2019331earningsr.htm,https://www.sec.gov/Archives/edgar/data/1681459/000168145919000058,https://www.sec.gov/Archives/edgar/data/1681459/000168145919000058/index.json,NOT_CLASSIFIED
EME,0000105634,0000105634-19-000079,8-K,2019-04-30,2019-04-30T20:38:00.000Z,2.02,eme-2019331x8k.htm,https://www.sec.gov/Archives/edgar/data/105634/000010563419000079,https://www.sec.gov/Archives/edgar/data/105634/000010563419000079/index.json,NOT_CLASSIFIED
LNC,0000059558,0000059558-19-000014,8-K,2019-05-01,2019-05-01T20:16:38.000Z,2.02,lnc-20190331x8k.htm,https://www.sec.gov/Archives/edgar/data/59558/000005955819000014,https://www.sec.gov/Archives/edgar/data/59558/000005955819000014/index.json,NOT_CLASSIFIED
GNRC,0001474735,0001437749-19-008474,8-K,2019-05-02,2019-05-02T10:05:32.000Z,2.02,gnrc20190501_8k.htm,https://www.sec.gov/Archives/edgar/data/1474735/000143774919008474,https://www.sec.gov/Archives/edgar/data/1474735/000143774919008474/index.json,NOT_CLASSIFIED
TFX,0000096943,0000096943-19-000078,8-K,2019-05-02,2019-05-02T11:02:14.000Z,"2.02,7.01",a5-2x20198xkreq12019earnin.htm,https://www.sec.gov/Archives/edgar/data/96943/000009694319000078,https://www.sec.gov/Archives/edgar/data/96943/000009694319000078/index.json,NOT_CLASSIFIED
FSLR,0001274494,0001274494-19-000014,8-K,2019-05-02,2019-05-02T20:08:55.000Z,2.02,a8-kfinancialresultsq1x2019.htm,https://www.sec.gov/Archives/edgar/data/1274494/000127449419000014,https://www.sec.gov/Archives/edgar/data/1274494/000127449419000014/index.json,NOT_CLASSIFIED
LITE,0001633978,0001633978-19-000029,8-K,2019-05-07,2019-05-07T12:32:37.000Z,2.02,lumentum_8kxq3fy19.htm,https://www.sec.gov/Archives/edgar/data/1633978/000163397819000029,https://www.sec.gov/Archives/edgar/data/1633978/000163397819000029/index.json,NOT_CLASSIFIED
QRVO,0001604778,0001604778-19-000025,8-K,2019-05-07,2019-05-07T20:05:33.000Z,2.02,company8-k20190330.htm,https://www.sec.gov/Archives/edgar/data/1604778/000160477819000025,https://www.sec.gov/Archives/edgar/data/1604778/000160477819000025/index.json,NOT_CLASSIFIED
AXON,0001069183,0001069183-19-000064,8-K,2019-05-09,2019-05-09T20:05:02.000Z,2.02,aaxnq12019-8kshareholderle.htm,https://www.sec.gov/Archives/edgar/data/1069183/000106918319000064,https://www.sec.gov/Archives/edgar/data/1069183/000106918319000064/index.json,NOT_CLASSIFIED
DECK,0000910521,0001144204-19-027986,8-K,2019-05-23,2019-05-23T20:43:29.000Z,2.02,tv522355_8k.htm,https://www.sec.gov/Archives/edgar/data/910521/000114420419027986,https://www.sec.gov/Archives/edgar/data/910521/000114420419027986/index.json,NOT_CLASSIFIED
WDAY,0001327811,0001193125-19-158324,8-K,2019-05-28,2019-05-28T20:09:55.000Z,2.02,d700616d8k.htm,https://www.sec.gov/Archives/edgar/data/1327811/000119312519158324,https://www.sec.gov/Archives/edgar/data/1327811/000119312519158324/index.json,NOT_CLASSIFIED
PANW,0001327567,0001327567-19-000014,8-K,2019-05-29,2019-05-29T20:16:55.000Z,2.02,panw-8xkxq319earningsrelea.htm,https://www.sec.gov/Archives/edgar/data/1327567/000132756719000014,https://www.sec.gov/Archives/edgar/data/1327567/000132756719000014/index.json,NOT_CLASSIFIED
UBER,0001543151,0001628280-19-007371,8-K,2019-05-30,2019-05-30T20:15:47.000Z,2.02,uberq119form8-k.htm,https://www.sec.gov/Archives/edgar/data/1543151/000162828019007371,https://www.sec.gov/Archives/edgar/data/1543151/000162828019007371/index.json,NOT_CLASSIFIED
LNC,0000059558,0001140361-19-010866,8-K,2019-06-12,2019-06-12T12:00:29.000Z,7.01,form8k.htm,https://www.sec.gov/Archives/edgar/data/59558/000114036119010866,https://www.sec.gov/Archives/edgar/data/59558/000114036119010866/index.json,NOT_CLASSIFIED
JBL,0000898293,0001193125-19-175663,8-K,2019-06-18,2019-06-18T20:10:03.000Z,2.02,d724907d8k.htm,https://www.sec.gov/Archives/edgar/data/898293/000119312519175663,https://www.sec.gov/Archives/edgar/data/898293/000119312519175663/index.json,NOT_CLASSIFIED
IBKR,0001381197,0001381197-19-000042,8-K,2019-07-16,2019-07-16T20:02:01.000Z,2.02,ibkr_8k-20190630.htm,https://www.sec.gov/Archives/edgar/data/1381197/000138119719000042,https://www.sec.gov/Archives/edgar/data/1381197/000138119719000042/index.json,NOT_CLASSIFIED
LII,0001069202,0001069202-19-000027,8-K,2019-07-22,2019-07-22T11:47:24.000Z,2.02,a2019-3x318k2.htm,https://www.sec.gov/Archives/edgar/data/1069202/000106920219000027,https://www.sec.gov/Archives/edgar/data/1069202/000106920219000027/index.json,NOT_CLASSIFIED
LW,0001679273,0001558370-19-006200,8-K,2019-07-23,2019-07-23T12:46:50.000Z,2.02,f8-k.htm,https://www.sec.gov/Archives/edgar/data/1679273/000155837019006200,https://www.sec.gov/Archives/edgar/data/1679273/000155837019006200/index.json,NOT_CLASSIFIED
TER,0000097210,0001193125-19-200468,8-K,2019-07-24,2019-07-24T10:04:03.000Z,2.02,d732342d8k.htm,https://www.sec.gov/Archives/edgar/data/97210/000119312519200468,https://www.sec.gov/Archives/edgar/data/97210/000119312519200468/index.json,NOT_CLASSIFIED
FTI,0001681459,0001681459-19-000086,8-K,2019-07-24,2019-07-24T21:06:20.000Z,2.02,technipfmc2019630earningsr.htm,https://www.sec.gov/Archives/edgar/data/1681459/000168145919000086,https://www.sec.gov/Archives/edgar/data/1681459/000168145919000086/index.json,NOT_CLASSIFIED
DECK,0000910521,0001144204-19-036011,8-K,2019-07-25,2019-07-25T20:11:00.000Z,2.02,tv525917_8k.htm,https://www.sec.gov/Archives/edgar/data/910521/000114420419036011,https://www.sec.gov/Archives/edgar/data/910521/000114420419036011/index.json,NOT_CLASSIFIED
CPT,0000906345,0000906345-19-000029,8-K,2019-07-25,2019-07-25T20:48:08.000Z,2.02,a8kq219.htm,https://www.sec.gov/Archives/edgar/data/906345/000090634519000029,https://www.sec.gov/Archives/edgar/data/906345/000090634519000029/index.json,NOT_CLASSIFIED
MHK,0000851968,0000851968-19-000067,8-K,2019-07-25,2019-07-25T20:51:32.000Z,2.02,a2019q28-kcoverpage.htm,https://www.sec.gov/Archives/edgar/data/851968/000085196819000067,https://www.sec.gov/Archives/edgar/data/851968/000085196819000067/index.json,NOT_CLASSIFIED
NOV,0001021860,0001564590-19-026799,8-K,2019-07-30,2019-07-30T15:02:36.000Z,2.02,nov-8k_20190729.htm,https://www.sec.gov/Archives/edgar/data/1021860/000156459019026799,https://www.sec.gov/Archives/edgar/data/1021860/000156459019026799/index.json,NOT_CLASSIFIED
MPWR,0001280452,0001437749-19-015046,8-K,2019-07-31,2019-07-31T20:14:24.000Z,2.02,mpwr20190725_8k.htm,https://www.sec.gov/Archives/edgar/data/1280452/000143774919015046,https://www.sec.gov/Archives/edgar/data/1280452/000143774919015046/index.json,NOT_CLASSIFIED
LNC,0000059558,0000059558-19-000038,8-K,2019-07-31,2019-07-31T20:15:52.000Z,2.02,lnc-20190630x8k.htm,https://www.sec.gov/Archives/edgar/data/59558/000005955819000038,https://www.sec.gov/Archives/edgar/data/59558/000005955819000038/index.json,NOT_CLASSIFIED
GNRC,0001474735,0001437749-19-015094,8-K,2019-08-01,2019-08-01T10:11:50.000Z,2.02,gnrc20190731_8k.htm,https://www.sec.gov/Archives/edgar/data/1474735/000143774919015094,https://www.sec.gov/Archives/edgar/data/1474735/000143774919015094/index.json,NOT_CLASSIFIED
QRVO,0001604778,0001604778-19-000047,8-K,2019-08-01,2019-08-01T20:09:55.000Z,2.02,company8-k20190629.htm,https://www.sec.gov/Archives/edgar/data/1604778/000160477819000047,https://www.sec.gov/Archives/edgar/data/1604778/000160477819000047/index.json,NOT_CLASSIFIED
FSLR,0001274494,0001274494-19-000030,8-K,2019-08-01,2019-08-01T20:14:03.000Z,2.02,a8-kfinancialresultsq2x2019.htm,https://www.sec.gov/Archives/edgar/data/1274494/000127449419000030,https://www.sec.gov/Archives/edgar/data/1274494/000127449419000030/index.json,NOT_CLASSIFIED
EPAM,0001352010,0001352010-19-000026,8-K,2019-08-08,2019-08-08T01:25:07.000Z,2.02,form8k_q2x2019.htm,https://www.sec.gov/Archives/edgar/data/1352010/000135201019000026,https://www.sec.gov/Archives/edgar/data/1352010/000135201019000026/index.json,NOT_CLASSIFIED
AXON,0001069183,0001069183-19-000101,8-K,2019-08-08,2019-08-08T20:10:47.000Z,2.02,aaxnq22019-8kshareholderle.htm,https://www.sec.gov/Archives/edgar/data/1069183/000106918319000101,https://www.sec.gov/Archives/edgar/data/1069183/000106918319000101/index.json,NOT_CLASSIFIED
UBER,0001543151,0001543151-19-000006,8-K,2019-08-08,2019-08-08T20:15:03.000Z,2.02,uberq219form8-k.htm,https://www.sec.gov/Archives/edgar/data/1543151/000154315119000006,https://www.sec.gov/Archives/edgar/data/1543151/000154315119000006/index.json,NOT_CLASSIFIED
WDAY,0001327811,0001193125-19-234034,8-K,2019-08-29,2019-08-29T20:09:33.000Z,2.02,d768230d8k.htm,https://www.sec.gov/Archives/edgar/data/1327811/000119312519234034,https://www.sec.gov/Archives/edgar/data/1327811/000119312519234034/index.json,NOT_CLASSIFIED
PANW,0001327567,0001327567-19-000023,8-K,2019-09-04,2019-09-04T20:26:12.000Z,"2.02,7.01",panw-8xkxq419earningsrelea.htm,https://www.sec.gov/Archives/edgar/data/1327567/000132756719000023,https://www.sec.gov/Archives/edgar/data/1327567/000132756719000023/index.json,NOT_CLASSIFIED
JBL,0000898293,0001193125-19-252827,8-K,2019-09-24,2019-09-24T12:05:04.000Z,2.02,d783672d8k.htm,https://www.sec.gov/Archives/edgar/data/898293/000119312519252827,https://www.sec.gov/Archives/edgar/data/898293/000119312519252827/index.json,NOT_CLASSIFIED
LW,0001679273,0001558370-19-008758,8-K,2019-10-02,2019-10-02T12:48:55.000Z,2.02,f8-k.htm,https://www.sec.gov/Archives/edgar/data/1679273/000155837019008758,https://www.sec.gov/Archives/edgar/data/1679273/000155837019008758/index.json,NOT_CLASSIFIED
IBKR,0001381197,0001381197-19-000084,8-K,2019-10-15,2019-10-15T20:02:56.000Z,2.02,ibkr_8k-20190930.htm,https://www.sec.gov/Archives/edgar/data/1381197/000138119719000084,https://www.sec.gov/Archives/edgar/data/1381197/000138119719000084/index.json,NOT_CLASSIFIED
LII,0001069202,0001069202-19-000034,8-K,2019-10-21,2019-10-21T11:53:42.000Z,2.02,a2019-9x308k.htm,https://www.sec.gov/Archives/edgar/data/1069202/000106920219000034,https://www.sec.gov/Archives/edgar/data/1069202/000106920219000034/index.json,NOT_CLASSIFIED
MPWR,0001280452,0001437749-19-020436,8-K,2019-10-22,2019-10-22T20:16:04.000Z,2.02,mpwr20191018_8k.htm,https://www.sec.gov/Archives/edgar/data/1280452/000143774919020436,https://www.sec.gov/Archives/edgar/data/1280452/000143774919020436/index.json,NOT_CLASSIFIED
TER,0000097210,0001193125-19-272014,8-K,2019-10-23,2019-10-23T10:08:17.000Z,2.02,d820758d8k.htm,https://www.sec.gov/Archives/edgar/data/97210/000119312519272014,https://www.sec.gov/Archives/edgar/data/97210/000119312519272014/index.json,NOT_CLASSIFIED
DECK,0000910521,0001104659-19-056121,8-K,2019-10-24,2019-10-24T20:08:03.000Z,2.02,tm1920919d1_8k.htm,https://www.sec.gov/Archives/edgar/data/910521/000110465919056121,https://www.sec.gov/Archives/edgar/data/910521/000110465919056121/index.json,NOT_CLASSIFIED
FSLR,0001274494,0001274494-19-000034,8-K,2019-10-24,2019-10-24T20:10:51.000Z,2.02,a8-kfinancialresultsq3.htm,https://www.sec.gov/Archives/edgar/data/1274494/000127449419000034,https://www.sec.gov/Archives/edgar/data/1274494/000127449419000034/index.json,NOT_CLASSIFIED
MHK,0000851968,0000851968-19-000077,8-K,2019-10-25,2019-10-25T00:23:31.000Z,2.02,mhk-20191024.htm,https://www.sec.gov/Archives/edgar/data/851968/000085196819000077,https://www.sec.gov/Archives/edgar/data/851968/000085196819000077/index.json,NOT_CLASSIFIED
NOV,0001021860,0001564590-19-038205,8-K,2019-10-29,2019-10-28T22:56:53.000Z,2.02,nov-8k_20191028.htm,https://www.sec.gov/Archives/edgar/data/1021860/000156459019038205,https://www.sec.gov/Archives/edgar/data/1021860/000156459019038205/index.json,NOT_CLASSIFIED
AXON,0001069183,0001069183-19-000138,8-K,2019-10-29,2019-10-29T00:09:52.000Z,7.01,a8-kregfddisclosure102.htm,https://www.sec.gov/Archives/edgar/data/1069183/000106918319000138,https://www.sec.gov/Archives/edgar/data/1069183/000106918319000138/index.json,NOT_CLASSIFIED
XRX,0001770450,0001628280-19-012638,8-K,2019-10-29,2019-10-29T10:50:22.000Z,2.02,xrx930198-ker.htm,https://www.sec.gov/Archives/edgar/data/1770450/000162828019012638,https://www.sec.gov/Archives/edgar/data/1770450/000162828019012638/index.json,NOT_CLASSIFIED
EME,0000105634,0000105634-19-000183,8-K,2019-10-29,2019-10-29T18:30:41.000Z,2.02,eme-2019930x8k.htm,https://www.sec.gov/Archives/edgar/data/105634/000010563419000183,https://www.sec.gov/Archives/edgar/data/105634/000010563419000183/index.json,NOT_CLASSIFIED
LNC,0000059558,0000059558-19-000049,8-K,2019-10-30,2019-10-30T20:16:16.000Z,2.02,lnc-20191030x8k.htm,https://www.sec.gov/Archives/edgar/data/59558/000005955819000049,https://www.sec.gov/Archives/edgar/data/59558/000005955819000049/index.json,NOT_CLASSIFIED
LITE,0001633978,0001633978-19-000070,8-K,2019-10-31,2019-10-31T12:11:56.000Z,2.02,lumentum8kq1fy20.htm,https://www.sec.gov/Archives/edgar/data/1633978/000163397819000070,https://www.sec.gov/Archives/edgar/data/1633978/000163397819000070/index.json,NOT_CLASSIFIED
QRVO,0001604778,0001604778-19-000080,8-K,2019-10-31,2019-10-31T20:09:47.000Z,2.02,qorvo8k09282019.htm,https://www.sec.gov/Archives/edgar/data/1604778/000160477819000080,https://www.sec.gov/Archives/edgar/data/1604778/000160477819000080/index.json,NOT_CLASSIFIED
CPT,0000906345,0000906345-19-000037,8-K,2019-10-31,2019-10-31T20:32:43.000Z,2.02,a8kq319.htm,https://www.sec.gov/Archives/edgar/data/906345/000090634519000037,https://www.sec.gov/Archives/edgar/data/906345/000090634519000037/index.json,NOT_CLASSIFIED
IBKR,0001381197,0001381197-19-000088,8-K,2019-11-01,2019-11-01T12:22:04.000Z,7.01,ibkr-20191101x8k.htm,https://www.sec.gov/Archives/edgar/data/1381197/000138119719000088,https://www.sec.gov/Archives/edgar/data/1381197/000138119719000088/index.json,NOT_CLASSIFIED
UBER,0001543151,0001543151-19-000014,8-K,2019-11-04,2019-11-04T21:41:47.000Z,2.02,uberq319form8-k.htm,https://www.sec.gov/Archives/edgar/data/1543151/000154315119000014,https://www.sec.gov/Archives/edgar/data/1543151/000154315119000014/index.json,NOT_CLASSIFIED
XRX,0001770450,0001193125-19-283986,8-K,2019-11-05,2019-11-05T11:32:53.000Z,7.01,d828080d8k.htm,https://www.sec.gov/Archives/edgar/data/1770450/000119312519283986,https://www.sec.gov/Archives/edgar/data/1770450/000119312519283986/index.json,NOT_CLASSIFIED
PANW,0001327567,0001327567-19-000036,8-K,2019-11-25,2019-11-25T21:20:10.000Z,2.02,panw-8xkxq120earningsr.htm,https://www.sec.gov/Archives/edgar/data/1327567/000132756719000036,https://www.sec.gov/Archives/edgar/data/1327567/000132756719000036/index.json,NOT_CLASSIFIED
XRX,0001770450,0001770450-19-000022,8-K,2019-12-03,2019-12-03T11:47:48.000Z,"2.02,7.01",xrxupdatedfy2019guidan.htm,https://www.sec.gov/Archives/edgar/data/1770450/000177045019000022,https://www.sec.gov/Archives/edgar/data/1770450/000177045019000022/index.json,NOT_CLASSIFIED
WDAY,0001327811,0001327811-19-000194,8-K,2019-12-03,2019-12-03T21:08:27.000Z,2.02,wday-10312019x8k.htm,https://www.sec.gov/Archives/edgar/data/1327811/000132781119000194,https://www.sec.gov/Archives/edgar/data/1327811/000132781119000194/index.json,NOT_CLASSIFIED
FLS,0000030625,0001157523-19-002315,8-K,2019-12-03,2019-12-03T22:22:47.000Z,7.01,a52020586.htm,https://www.sec.gov/Archives/edgar/data/30625/000115752319002315,https://www.sec.gov/Archives/edgar/data/30625/000115752319002315/index.json,NOT_CLASSIFIED
NDSN,0000072331,0001157523-19-002340,8-K,2019-12-11,2019-12-11T21:31:18.000Z,2.02,a52144629.htm,https://www.sec.gov/Archives/edgar/data/72331/000115752319002340,https://www.sec.gov/Archives/edgar/data/72331/000115752319002340/index.json,NOT_CLASSIFIED
CIEN,0000936395,0000936395-19-000051,8-K,2019-12-12,2019-12-12T12:04:47.000Z,2.02,a8-k2019q4earningsrele.htm,https://www.sec.gov/Archives/edgar/data/936395/000093639519000051,https://www.sec.gov/Archives/edgar/data/936395/000093639519000051/index.json,NOT_CLASSIFIED
JBL,0000898293,0001193125-19-315664,8-K,2019-12-17,2019-12-17T13:08:56.000Z,2.02,d820828d8k.htm,https://www.sec.gov/Archives/edgar/data/898293/000119312519315664,https://www.sec.gov/Archives/edgar/data/898293/000119312519315664/index.json,NOT_CLASSIFIED
AXON,0001069183,0001069183-20-000003,8-K,2020-01-03,2020-01-03T11:33:25.000Z,7.01,a8-k012020.htm,https://www.sec.gov/Archives/edgar/data/1069183/000106918320000003,https://www.sec.gov/Archives/edgar/data/1069183/000106918320000003/index.json,NOT_CLASSIFIED
LW,0001679273,0001558370-20-000028,8-K,2020-01-03,2020-01-03T13:36:57.000Z,2.02,lw-20200103x8k6b83718.htm,https://www.sec.gov/Archives/edgar/data/1679273/000155837020000028,https://www.sec.gov/Archives/edgar/data/1679273/000155837020000028/index.json,NOT_CLASSIFIED
IBKR,0001381197,0001381197-20-000003,8-K,2020-01-21,2020-01-21T21:03:30.000Z,2.02,ibkr_8k-20191231.htm,https://www.sec.gov/Archives/edgar/data/1381197/000138119720000003,https://www.sec.gov/Archives/edgar/data/1381197/000138119720000003/index.json,NOT_CLASSIFIED
QRVO,0001604778,0001604778-20-000003,8-K,2020-01-29,2020-01-29T21:13:07.000Z,2.02,company8-k20191228.htm,https://www.sec.gov/Archives/edgar/data/1604778/000160477820000003,https://www.sec.gov/Archives/edgar/data/1604778/000160477820000003/index.json,NOT_CLASSIFIED
DECK,0000910521,0001193125-20-019627,8-K,2020-01-30,2020-01-30T21:12:02.000Z,2.02,d854829d8k.htm,https://www.sec.gov/Archives/edgar/data/910521/000119312520019627,https://www.sec.gov/Archives/edgar/data/910521/000119312520019627/index.json,NOT_CLASSIFIED
CPT,0000906345,0000906345-20-000003,8-K,2020-01-30,2020-01-30T21:57:27.000Z,2.02,a8kq419.htm,https://www.sec.gov/Archives/edgar/data/906345/000090634520000003,https://www.sec.gov/Archives/edgar/data/906345/000090634520000003/index.json,NOT_CLASSIFIED
LII,0001069202,0001069202-20-000002,8-K,2020-02-04,2020-02-04T13:42:31.000Z,2.02,a2019-12x318k.htm,https://www.sec.gov/Archives/edgar/data/1069202/000106920220000002,https://www.sec.gov/Archives/edgar/data/1069202/000106920220000002/index.json,NOT_CLASSIFIED
MPWR,0001280452,0001437749-20-001797,8-K,2020-02-05,2020-02-05T21:26:55.000Z,2.02,mpwr20200204_8k.htm,https://www.sec.gov/Archives/edgar/data/1280452/000143774920001797,https://www.sec.gov/Archives/edgar/data/1280452/000143774920001797/index.json,NOT_CLASSIFIED
LNC,0000059558,0000059558-20-000007,8-K,2020-02-05,2020-02-05T21:45:31.000Z,2.02,lnc-20200205x8k.htm,https://www.sec.gov/Archives/edgar/data/59558/000005955820000007,https://www.sec.gov/Archives/edgar/data/59558/000005955820000007/index.json,NOT_CLASSIFIED
NOV,0001021860,0001564590-20-003771,8-K,2020-02-07,2020-02-07T00:31:47.000Z,2.02,nov-8k_20200206.htm,https://www.sec.gov/Archives/edgar/data/1021860/000156459020003771,https://www.sec.gov/Archives/edgar/data/1021860/000156459020003771/index.json,NOT_CLASSIFIED
GNRC,0001474735,0001437749-20-002505,8-K,2020-02-13,2020-02-13T11:10:55.000Z,2.02,gnrc20200212_8k.htm,https://www.sec.gov/Archives/edgar/data/1474735/000143774920002505,https://www.sec.gov/Archives/edgar/data/1474735/000143774920002505/index.json,NOT_CLASSIFIED
MHK,0000851968,0000851968-20-000011,8-K,2020-02-13,2020-02-13T21:44:09.000Z,2.02,mhk-20200213.htm,https://www.sec.gov/Archives/edgar/data/851968/000085196820000011,https://www.sec.gov/Archives/edgar/data/851968/000085196820000011/index.json,NOT_CLASSIFIED
FLS,0000030625,0001157523-20-000212,8-K,2020-02-18,2020-02-18T11:18:19.000Z,"2.02,7.01",a52174770.htm,https://www.sec.gov/Archives/edgar/data/30625/000115752320000212,https://www.sec.gov/Archives/edgar/data/30625/000115752320000212/index.json,NOT_CLASSIFIED
NDSN,0000072331,0001157523-20-000230,8-K,2020-02-19,2020-02-19T21:30:38.000Z,2.02,a52176158.htm,https://www.sec.gov/Archives/edgar/data/72331/000115752320000230,https://www.sec.gov/Archives/edgar/data/72331/000115752320000230/index.json,NOT_CLASSIFIED
EPAM,0001352010,0001352010-20-000006,8-K,2020-02-20,2020-02-20T11:07:39.000Z,2.02,form8kq42019.htm,https://www.sec.gov/Archives/edgar/data/1352010/000135201020000006,https://www.sec.gov/Archives/edgar/data/1352010/000135201020000006/index.json,NOT_CLASSIFIED
TFX,0000096943,0000096943-20-000012,8-K,2020-02-20,2020-02-20T12:03:37.000Z,"2.02,7.01",a2-20x20208xkreq42019e.htm,https://www.sec.gov/Archives/edgar/data/96943/000009694320000012,https://www.sec.gov/Archives/edgar/data/96943/000009694320000012/index.json,NOT_CLASSIFIED
FSLR,0001274494,0001274494-20-000008,8-K,2020-02-20,2020-02-20T21:28:18.000Z,"2.02,7.01",a8-kfinancialresultsq4.htm,https://www.sec.gov/Archives/edgar/data/1274494/000127449420000008,https://www.sec.gov/Archives/edgar/data/1274494/000127449420000008/index.json,NOT_CLASSIFIED
PANW,0001327567,0001327567-20-000002,8-K,2020-02-24,2020-02-24T21:20:48.000Z,2.02,panw-8xkxq220earningsr.htm,https://www.sec.gov/Archives/edgar/data/1327567/000132756720000002,https://www.sec.gov/Archives/edgar/data/1327567/000132756720000002/index.json,NOT_CLASSIFIED
JBL,0000898293,0001193125-20-048088,8-K,2020-02-25,2020-02-25T19:38:46.000Z,7.01,d897395d8k.htm,https://www.sec.gov/Archives/edgar/data/898293/000119312520048088,https://www.sec.gov/Archives/edgar/data/898293/000119312520048088/index.json,NOT_CLASSIFIED
XYZ,0001512673,0001193125-20-050074,8-K,2020-02-26,2020-02-26T21:08:15.000Z,2.02,d888202d8k.htm,https://www.sec.gov/Archives/edgar/data/1512673/000119312520050074,https://www.sec.gov/Archives/edgar/data/1512673/000119312520050074/index.json,NOT_CLASSIFIED
XYZ,0001512673,0001193125-20-050144,8-K,2020-02-26,2020-02-26T21:41:14.000Z,7.01,d844580d8k.htm,https://www.sec.gov/Archives/edgar/data/1512673/000119312520050144,https://www.sec.gov/Archives/edgar/data/1512673/000119312520050144/index.json,NOT_CLASSIFIED
FTI,0001681459,0001681459-20-000002,8-K,2020-02-26,2020-02-26T22:09:44.000Z,2.02,technipfmc20191231-8ker.htm,https://www.sec.gov/Archives/edgar/data/1681459/000168145920000002,https://www.sec.gov/Archives/edgar/data/1681459/000168145920000002/index.json,NOT_CLASSIFIED
EME,0000105634,0000105634-20-000045,8-K,2020-02-27,2020-02-27T19:39:04.000Z,2.02,eme-20191231x8k.htm,https://www.sec.gov/Archives/edgar/data/105634/000010563420000045,https://www.sec.gov/Archives/edgar/data/105634/000010563420000045/index.json,NOT_CLASSIFIED
AXON,0001069183,0001069183-20-000015,8-K,2020-02-27,2020-02-27T21:03:15.000Z,2.02,aaxnq42019-8ksharehold.htm,https://www.sec.gov/Archives/edgar/data/1069183/000106918320000015,https://www.sec.gov/Archives/edgar/data/1069183/000106918320000015/index.json,NOT_CLASSIFIED
WDAY,0001327811,0001327811-20-000016,8-K,2020-02-27,2020-02-27T21:07:15.000Z,2.02,wday-20200227.htm,https://www.sec.gov/Archives/edgar/data/1327811/000132781120000016,https://www.sec.gov/Archives/edgar/data/1327811/000132781120000016/index.json,NOT_CLASSIFIED
XYZ,0001512673,0001193125-20-063100,8-K,2020-03-05,2020-03-05T21:17:15.000Z,7.01,d898138d8k.htm,https://www.sec.gov/Archives/edgar/data/1512673/000119312520063100,https://www.sec.gov/Archives/edgar/data/1512673/000119312520063100/index.json,NOT_CLASSIFIED
XYZ,0001512673,0001193125-20-083807,8-K,2020-03-24,2020-03-24T20:09:40.000Z,7.01,d121527d8k.htm,https://www.sec.gov/Archives/edgar/data/1512673/000119312520083807,https://www.sec.gov/Archives/edgar/data/1512673/000119312520083807/index.json,NOT_CLASSIFIED
LW,0001679273,0001558370-20-003497,8-K,2020-04-01,2020-04-01T12:38:08.000Z,2.02,lw-20200103x8kd941a5c.htm,https://www.sec.gov/Archives/edgar/data/1679273/000155837020003497,https://www.sec.gov/Archives/edgar/data/1679273/000155837020003497/index.json,NOT_CLASSIFIED
FLS,0000030625,0001157523-20-000471,8-K,2020-04-06,2020-04-06T20:39:17.000Z,"2.02,7.01",a52199770.htm,https://www.sec.gov/Archives/edgar/data/30625/000115752320000471,https://www.sec.gov/Archives/edgar/data/30625/000115752320000471/index.json,NOT_CLASSIFIED
EPAM,0001352010,0001352010-20-000016,8-K,2020-04-10,2020-04-10T20:03:12.000Z,2.02,form8kcovid.htm,https://www.sec.gov/Archives/edgar/data/1352010/000135201020000016,https://www.sec.gov/Archives/edgar/data/1352010/000135201020000016/index.json,NOT_CLASSIFIED
CPT,0000906345,0000906345-20-000029,8-K,2020-04-16,2020-04-16T12:56:11.000Z,7.01,a8-kaprx20covidx19risk.htm,https://www.sec.gov/Archives/edgar/data/906345/000090634520000029,https://www.sec.gov/Archives/edgar/data/906345/000090634520000029/index.json,NOT_CLASSIFIED
UBER,0001543151,0001552781-20-000269,8-K,2020-04-17,2020-04-16T22:25:38.000Z,2.02,e20231_uber-8k.htm,https://www.sec.gov/Archives/edgar/data/1543151/000155278120000269,https://www.sec.gov/Archives/edgar/data/1543151/000155278120000269/index.json,NOT_CLASSIFIED
LII,0001069202,0001069202-20-000013,8-K,2020-04-20,2020-04-20T12:16:37.000Z,2.02,lii-20200420.htm,https://www.sec.gov/Archives/edgar/data/1069202/000106920220000013,https://www.sec.gov/Archives/edgar/data/1069202/000106920220000013/index.json,NOT_CLASSIFIED
EME,0000105634,0000105634-20-000061,8-K,2020-04-21,2020-04-21T13:22:41.000Z,2.02,eme-20200421x8k.htm,https://www.sec.gov/Archives/edgar/data/105634/000010563420000061,https://www.sec.gov/Archives/edgar/data/105634/000010563420000061/index.json,NOT_CLASSIFIED
IBKR,0001381197,0001381197-20-000013,8-K,2020-04-21,2020-04-21T20:05:13.000Z,2.02,ibkr_8k-20200331.htm,https://www.sec.gov/Archives/edgar/data/1381197/000138119720000013,https://www.sec.gov/Archives/edgar/data/1381197/000138119720000013/index.json,NOT_CLASSIFIED
TER,0000097210,0001193125-20-114153,8-K,2020-04-22,2020-04-22T10:10:40.000Z,2.02,d920122d8k.htm,https://www.sec.gov/Archives/edgar/data/97210/000119312520114153,https://www.sec.gov/Archives/edgar/data/97210/000119312520114153/index.json,NOT_CLASSIFIED
FTI,0001681459,0001681459-20-000076,8-K,2020-04-22,2020-04-22T20:51:40.000Z,2.02,technipfmc2020331-8k.htm,https://www.sec.gov/Archives/edgar/data/1681459/000168145920000076,https://www.sec.gov/Archives/edgar/data/1681459/000168145920000076/index.json,NOT_CLASSIFIED
NOV,0001021860,0001564590-20-018942,8-K,2020-04-28,2020-04-28T00:09:28.000Z,2.02,nov-8k_20200427.htm,https://www.sec.gov/Archives/edgar/data/1021860/000156459020018942,https://www.sec.gov/Archives/edgar/data/1021860/000156459020018942/index.json,NOT_CLASSIFIED
XRX,0001770450,0001770450-20-000016,8-K,2020-04-28,2020-04-28T10:47:07.000Z,2.02,xrx331208-ker.htm,https://www.sec.gov/Archives/edgar/data/1770450/000177045020000016,https://www.sec.gov/Archives/edgar/data/1770450/000177045020000016/index.json,NOT_CLASSIFIED
GNRC,0001474735,0001437749-20-008898,8-K,2020-04-30,2020-04-30T10:19:44.000Z,2.02,gnrc20200429_8k.htm,https://www.sec.gov/Archives/edgar/data/1474735/000143774920008898,https://www.sec.gov/Archives/edgar/data/1474735/000143774920008898/index.json,NOT_CLASSIFIED
TFX,0000096943,0000096943-20-000051,8-K,2020-04-30,2020-04-30T11:00:43.000Z,"2.02,7.01",a4-30x20208xkreq12020e.htm,https://www.sec.gov/Archives/edgar/data/96943/000009694320000051,https://www.sec.gov/Archives/edgar/data/96943/000009694320000051/index.json,NOT_CLASSIFIED
UBER,0001543151,0001552781-20-000297,8-K,2020-05-04,2020-05-04T10:29:45.000Z,"2.02,7.01",e20299_uber-8k.htm,https://www.sec.gov/Archives/edgar/data/1543151/000155278120000297,https://www.sec.gov/Archives/edgar/data/1543151/000155278120000297/index.json,NOT_CLASSIFIED
MHK,0000851968,0000851968-20-000049,8-K,2020-05-04,2020-05-04T20:33:08.000Z,2.02,mhk-20200504.htm,https://www.sec.gov/Archives/edgar/data/851968/000085196820000049,https://www.sec.gov/Archives/edgar/data/851968/000085196820000049/index.json,NOT_CLASSIFIED
LITE,0001633978,0001628280-20-006358,8-K,2020-05-05,2020-05-05T11:58:19.000Z,2.02,lumentum8kq3fy20.htm,https://www.sec.gov/Archives/edgar/data/1633978/000162828020006358,https://www.sec.gov/Archives/edgar/data/1633978/000162828020006358/index.json,NOT_CLASSIFIED
XYZ,0001512673,0001193125-20-134892,8-K,2020-05-06,2020-05-06T20:09:11.000Z,2.02,d926540d8k.htm,https://www.sec.gov/Archives/edgar/data/1512673/000119312520134892,https://www.sec.gov/Archives/edgar/data/1512673/000119312520134892/index.json,NOT_CLASSIFIED
LW,0001679273,0001104659-20-057829,8-K,2020-05-07,2020-05-07T13:15:53.000Z,7.01,tm2016311d3_8k.htm,https://www.sec.gov/Archives/edgar/data/1679273/000110465920057829,https://www.sec.gov/Archives/edgar/data/1679273/000110465920057829/index.json,NOT_CLASSIFIED
FLS,0000030625,0001157523-20-000705,8-K,2020-05-07,2020-05-07T20:08:35.000Z,"2.02,7.01",a52216920.htm,https://www.sec.gov/Archives/edgar/data/30625/000115752320000705,https://www.sec.gov/Archives/edgar/data/30625/000115752320000705/index.json,NOT_CLASSIFIED
UBER,0001543151,0001543151-20-000020,8-K,2020-05-07,2020-05-07T20:11:39.000Z,2.02,uberq120form8-k.htm,https://www.sec.gov/Archives/edgar/data/1543151/000154315120000020,https://www.sec.gov/Archives/edgar/data/1543151/000154315120000020/index.json,NOT_CLASSIFIED
QRVO,0001604778,0001604778-20-000021,8-K,2020-05-07,2020-05-07T20:37:43.000Z,2.02,company8-k20200328.htm,https://www.sec.gov/Archives/edgar/data/1604778/000160477820000021,https://www.sec.gov/Archives/edgar/data/1604778/000160477820000021/index.json,NOT_CLASSIFIED
CPT,0000906345,0000906345-20-000036,8-K,2020-05-07,2020-05-07T20:40:48.000Z,2.02,a8kq120.htm,https://www.sec.gov/Archives/edgar/data/906345/000090634520000036,https://www.sec.gov/Archives/edgar/data/906345/000090634520000036/index.json,NOT_CLASSIFIED
NOV,0001021860,0001193125-20-147690,8-K,2020-05-21,2020-05-21T01:25:45.000Z,7.01,d914446d8k.htm,https://www.sec.gov/Archives/edgar/data/1021860/000119312520147690,https://www.sec.gov/Archives/edgar/data/1021860/000119312520147690/index.json,NOT_CLASSIFIED
PANW,0001327567,0001327567-20-000015,8-K,2020-05-21,2020-05-21T20:24:05.000Z,2.02,panw-20200521.htm,https://www.sec.gov/Archives/edgar/data/1327567/000132756720000015,https://www.sec.gov/Archives/edgar/data/1327567/000132756720000015/index.json,NOT_CLASSIFIED
WDAY,0001327811,0001327811-20-000066,8-K,2020-05-27,2020-05-27T20:10:51.000Z,2.02,wday-20200527.htm,https://www.sec.gov/Archives/edgar/data/1327811/000132781120000066,https://www.sec.gov/Archives/edgar/data/1327811/000132781120000066/index.json,NOT_CLASSIFIED
CIEN,0000936395,0000936395-20-000025,8-K,2020-06-04,2020-06-04T11:08:35.000Z,2.02,a8-k2020q2earningsrele.htm,https://www.sec.gov/Archives/edgar/data/936395/000093639520000025,https://www.sec.gov/Archives/edgar/data/936395/000093639520000025/index.json,NOT_CLASSIFIED
JBL,0000898293,0001193125-20-173257,8-K,2020-06-19,2020-06-19T12:06:11.000Z,2.02,d907124d8k.htm,https://www.sec.gov/Archives/edgar/data/898293/000119312520173257,https://www.sec.gov/Archives/edgar/data/898293/000119312520173257/index.json,NOT_CLASSIFIED
LII,0001069202,0001069202-20-000037,8-K,2020-07-20,2020-07-20T11:46:56.000Z,2.02,lii-20200720.htm,https://www.sec.gov/Archives/edgar/data/1069202/000106920220000037,https://www.sec.gov/Archives/edgar/data/1069202/000106920220000037/index.json,NOT_CLASSIFIED
IBKR,0001381197,0001381197-20-000026,8-K,2020-07-21,2020-07-21T20:00:53.000Z,2.02,ibkr_8k-20200630.htm,https://www.sec.gov/Archives/edgar/data/1381197/000138119720000026,https://www.sec.gov/Archives/edgar/data/1381197/000138119720000026/index.json,NOT_CLASSIFIED
TER,0000097210,0001193125-20-196743,8-K,2020-07-22,2020-07-22T10:08:55.000Z,2.02,d30030d8k.htm,https://www.sec.gov/Archives/edgar/data/97210/000119312520196743,https://www.sec.gov/Archives/edgar/data/97210/000119312520196743/index.json,NOT_CLASSIFIED
NOV,0001021860,0001564590-20-033646,8-K,2020-07-28,2020-07-27T23:18:20.000Z,2.02,nov-8k_20200727.htm,https://www.sec.gov/Archives/edgar/data/1021860/000156459020033646,https://www.sec.gov/Archives/edgar/data/1021860/000156459020033646/index.json,NOT_CLASSIFIED
XRX,0001770450,0001770450-20-000027,8-K,2020-07-28,2020-07-28T10:45:21.000Z,2.02,xrx-20200728.htm,https://www.sec.gov/Archives/edgar/data/1770450/000177045020000027,https://www.sec.gov/Archives/edgar/data/1770450/000177045020000027/index.json,NOT_CLASSIFIED
LW,0001679273,0001558370-20-008477,8-K,2020-07-28,2020-07-28T12:37:01.000Z,2.02,lw-20200728x8k.htm,https://www.sec.gov/Archives/edgar/data/1679273/000155837020008477,https://www.sec.gov/Archives/edgar/data/1679273/000155837020008477/index.json,NOT_CLASSIFIED
MPWR,0001280452,0001437749-20-015872,8-K,2020-07-28,2020-07-28T20:28:48.000Z,2.02,mpwr20200725_8k.htm,https://www.sec.gov/Archives/edgar/data/1280452/000143774920015872,https://www.sec.gov/Archives/edgar/data/1280452/000143774920015872/index.json,NOT_CLASSIFIED
FTI,0001681459,0001681459-20-000101,8-K,2020-07-29,2020-07-29T20:12:59.000Z,2.02,fti-20200729.htm,https://www.sec.gov/Archives/edgar/data/1681459/000168145920000101,https://www.sec.gov/Archives/edgar/data/1681459/000168145920000101/index.json,NOT_CLASSIFIED
QRVO,0001604778,0001604778-20-000051,8-K,2020-07-29,2020-07-29T20:30:17.000Z,2.02,company8-k20200627.htm,https://www.sec.gov/Archives/edgar/data/1604778/000160477820000051,https://www.sec.gov/Archives/edgar/data/1604778/000160477820000051/index.json,NOT_CLASSIFIED
GNRC,0001474735,0001437749-20-016009,8-K,2020-07-30,2020-07-30T10:30:30.000Z,2.02,gnrc20200729_8k.htm,https://www.sec.gov/Archives/edgar/data/1474735/000143774920016009,https://www.sec.gov/Archives/edgar/data/1474735/000143774920016009/index.json,NOT_CLASSIFIED
FLS,0000030625,0001157523-20-001078,8-K,2020-07-30,2020-07-30T22:44:44.000Z,"2.02,7.01",a52258777.htm,https://www.sec.gov/Archives/edgar/data/30625/000115752320001078,https://www.sec.gov/Archives/edgar/data/30625/000115752320001078/index.json,NOT_CLASSIFIED
CPT,0000906345,0000906345-20-000049,8-K,2020-07-31,2020-07-31T01:09:05.000Z,2.02,a8kq220.htm,https://www.sec.gov/Archives/edgar/data/906345/000090634520000049,https://www.sec.gov/Archives/edgar/data/906345/000090634520000049/index.json,NOT_CLASSIFIED
FLS,0000030625,0001193125-20-207193,8-K,2020-08-03,2020-08-03T10:09:08.000Z,7.01,d17916d8k.htm,https://www.sec.gov/Archives/edgar/data/30625/000119312520207193,https://www.sec.gov/Archives/edgar/data/30625/000119312520207193/index.json,NOT_CLASSIFIED
LNC,0000059558,0000059558-20-000038,8-K,2020-08-05,2020-08-05T20:19:26.000Z,2.02,lnc-20200805x8k.htm,https://www.sec.gov/Archives/edgar/data/59558/000005955820000038,https://www.sec.gov/Archives/edgar/data/59558/000005955820000038/index.json,NOT_CLASSIFIED
EPAM,0001352010,0001352010-20-000028,8-K,2020-08-06,2020-08-06T00:47:54.000Z,2.02,epam-20200806.htm,https://www.sec.gov/Archives/edgar/data/1352010/000135201020000028,https://www.sec.gov/Archives/edgar/data/1352010/000135201020000028/index.json,NOT_CLASSIFIED
AXON,0001069183,0001069183-20-000064,8-K,2020-08-06,2020-08-06T20:02:54.000Z,2.02,aaxn-20200806x8k.htm,https://www.sec.gov/Archives/edgar/data/1069183/000106918320000064,https://www.sec.gov/Archives/edgar/data/1069183/000106918320000064/index.json,NOT_CLASSIFIED
UBER,0001543151,0001543151-20-000027,8-K,2020-08-06,2020-08-06T20:08:39.000Z,2.02,uber-20200806.htm,https://www.sec.gov/Archives/edgar/data/1543151/000154315120000027,https://www.sec.gov/Archives/edgar/data/1543151/000154315120000027/index.json,NOT_CLASSIFIED
FSLR,0001274494,0001274494-20-000034,8-K,2020-08-06,2020-08-06T20:09:53.000Z,2.02,fslr-20200806.htm,https://www.sec.gov/Archives/edgar/data/1274494/000127449420000034,https://www.sec.gov/Archives/edgar/data/1274494/000127449420000034/index.json,NOT_CLASSIFIED
LITE,0001633978,0001633978-20-000010,8-K,2020-08-11,2020-08-11T11:58:17.000Z,2.02,lumentum8kq4fy20.htm,https://www.sec.gov/Archives/edgar/data/1633978/000163397820000010,https://www.sec.gov/Archives/edgar/data/1633978/000163397820000010/index.json,NOT_CLASSIFIED
NDSN,0000072331,0001157523-20-001196,8-K,2020-08-19,2020-08-19T20:31:24.000Z,2.02,a52269259.htm,https://www.sec.gov/Archives/edgar/data/72331/000115752320001196,https://www.sec.gov/Archives/edgar/data/72331/000115752320001196/index.json,NOT_CLASSIFIED
PANW,0001327567,0001327567-20-000025,8-K,2020-08-24,2020-08-24T20:15:17.000Z,2.02,panw-20200824.htm,https://www.sec.gov/Archives/edgar/data/1327567/000132756720000025,https://www.sec.gov/Archives/edgar/data/1327567/000132756720000025/index.json,NOT_CLASSIFIED
WDAY,0001327811,0001327811-20-000125,8-K,2020-08-27,2020-08-27T20:07:37.000Z,2.02,wday-20200827.htm,https://www.sec.gov/Archives/edgar/data/1327811/000132781120000125,https://www.sec.gov/Archives/edgar/data/1327811/000132781120000125/index.json,NOT_CLASSIFIED
CIEN,0000936395,0000936395-20-000033,8-K,2020-09-03,2020-09-03T11:22:09.000Z,2.02,cien-20200903.htm,https://www.sec.gov/Archives/edgar/data/936395/000093639520000033,https://www.sec.gov/Archives/edgar/data/936395/000093639520000033/index.json,NOT_CLASSIFIED
QRVO,0001604778,0001604778-20-000072,8-K,2020-09-08,2020-09-08T20:39:38.000Z,7.01,qorvo8krevisedguidance.htm,https://www.sec.gov/Archives/edgar/data/1604778/000160477820000072,https://www.sec.gov/Archives/edgar/data/1604778/000160477820000072/index.json,NOT_CLASSIFIED
MPWR,0001280452,0001437749-20-019674,8-K,2020-09-14,2020-09-14T20:26:30.000Z,7.01,mpwr20200913_8k.htm,https://www.sec.gov/Archives/edgar/data/1280452/000143774920019674,https://www.sec.gov/Archives/edgar/data/1280452/000143774920019674/index.json,NOT_CLASSIFIED
JBL,0000898293,0001193125-20-252857,8-K,2020-09-24,2020-09-24T12:11:55.000Z,2.02,d37345d8k.htm,https://www.sec.gov/Archives/edgar/data/898293/000119312520252857,https://www.sec.gov/Archives/edgar/data/898293/000119312520252857/index.json,NOT_CLASSIFIED
IBKR,0001381197,0001381197-20-000054,8-K,2020-10-20,2020-10-20T20:02:18.000Z,2.02,ibkr_8k-20200930.htm,https://www.sec.gov/Archives/edgar/data/1381197/000138119720000054,https://www.sec.gov/Archives/edgar/data/1381197/000138119720000054/index.json,NOT_CLASSIFIED
TER,0000097210,0001193125-20-273253,8-K,2020-10-21,2020-10-21T10:03:55.000Z,2.02,d94453d8k.htm,https://www.sec.gov/Archives/edgar/data/97210/000119312520273253,https://www.sec.gov/Archives/edgar/data/97210/000119312520273253/index.json,NOT_CLASSIFIED
FTI,0001681459,0001681459-20-000121,8-K,2020-10-21,2020-10-21T20:04:08.000Z,2.02,fti-20201021.htm,https://www.sec.gov/Archives/edgar/data/1681459/000168145920000121,https://www.sec.gov/Archives/edgar/data/1681459/000168145920000121/index.json,NOT_CLASSIFIED
NOV,0001021860,0001564590-20-047720,8-K,2020-10-27,2020-10-26T22:36:08.000Z,2.02,nov-8k_20201026.htm,https://www.sec.gov/Archives/edgar/data/1021860/000156459020047720,https://www.sec.gov/Archives/edgar/data/1021860/000156459020047720/index.json,NOT_CLASSIFIED
XRX,0001770450,0001770450-20-000039,8-K,2020-10-27,2020-10-27T10:48:49.000Z,2.02,xrx-20201027.htm,https://www.sec.gov/Archives/edgar/data/1770450/000177045020000039,https://www.sec.gov/Archives/edgar/data/1770450/000177045020000039/index.json,NOT_CLASSIFIED
FSLR,0001274494,0001274494-20-000057,8-K,2020-10-27,2020-10-27T20:07:51.000Z,2.02,fslr-20201027.htm,https://www.sec.gov/Archives/edgar/data/1274494/000127449420000057,https://www.sec.gov/Archives/edgar/data/1274494/000127449420000057/index.json,NOT_CLASSIFIED
GNRC,0001474735,0001437749-20-021729,8-K,2020-10-28,2020-10-28T10:02:45.000Z,2.02,gnrc20201026_8k.htm,https://www.sec.gov/Archives/edgar/data/1474735/000143774920021729,https://www.sec.gov/Archives/edgar/data/1474735/000143774920021729/index.json,NOT_CLASSIFIED
TFX,0000096943,0000096943-20-000111,8-K,2020-10-29,2020-10-29T11:02:06.000Z,"2.02,7.01",tfx-20201029.htm,https://www.sec.gov/Archives/edgar/data/96943/000009694320000111,https://www.sec.gov/Archives/edgar/data/96943/000009694320000111/index.json,NOT_CLASSIFIED
EME,0000105634,0000105634-20-000160,8-K,2020-10-29,2020-10-29T15:41:25.000Z,2.02,eme-20201029.htm,https://www.sec.gov/Archives/edgar/data/105634/000010563420000160,https://www.sec.gov/Archives/edgar/data/105634/000010563420000160/index.json,NOT_CLASSIFIED
DECK,0000910521,0000910521-20-000039,8-K,2020-10-29,2020-10-29T20:07:07.000Z,2.02,deckformresultsofopera.htm,https://www.sec.gov/Archives/edgar/data/910521/000091052120000039,https://www.sec.gov/Archives/edgar/data/910521/000091052120000039/index.json,NOT_CLASSIFIED
MPWR,0001280452,0001437749-20-021991,8-K,2020-10-29,2020-10-29T20:15:40.000Z,2.02,mpwr20201026_8k.htm,https://www.sec.gov/Archives/edgar/data/1280452/000143774920021991,https://www.sec.gov/Archives/edgar/data/1280452/000143774920021991/index.json,NOT_CLASSIFIED
CPT,0000906345,0000906345-20-000057,8-K,2020-10-29,2020-10-29T20:20:37.000Z,2.02,cpt-20201029.htm,https://www.sec.gov/Archives/edgar/data/906345/000090634520000057,https://www.sec.gov/Archives/edgar/data/906345/000090634520000057/index.json,NOT_CLASSIFIED
MHK,0000851968,0000851968-20-000082,8-K,2020-10-29,2020-10-29T20:41:40.000Z,2.02,mhk-20201029.htm,https://www.sec.gov/Archives/edgar/data/851968/000085196820000082,https://www.sec.gov/Archives/edgar/data/851968/000085196820000082/index.json,NOT_CLASSIFIED
LITE,0001633978,0001633978-20-000017,8-K,2020-11-02,2020-11-02T12:47:54.000Z,2.02,lumentum8kq1fy21.htm,https://www.sec.gov/Archives/edgar/data/1633978/000163397820000017,https://www.sec.gov/Archives/edgar/data/1633978/000163397820000017/index.json,NOT_CLASSIFIED
LNC,0000059558,0000059558-20-000049,8-K,2020-11-04,2020-11-04T21:17:34.000Z,2.02,lnc-20201104x8k.htm,https://www.sec.gov/Archives/edgar/data/59558/000005955820000049,https://www.sec.gov/Archives/edgar/data/59558/000005955820000049/index.json,NOT_CLASSIFIED
QRVO,0001604778,0001604778-20-000083,8-K,2020-11-04,2020-11-04T21:17:41.000Z,2.02,company8-k20201003.htm,https://www.sec.gov/Archives/edgar/data/1604778/000160477820000083,https://www.sec.gov/Archives/edgar/data/1604778/000160477820000083/index.json,NOT_CLASSIFIED
EPAM,0001352010,0001352010-20-000037,8-K,2020-11-05,2020-11-05T02:35:43.000Z,2.02,epam-20201105.htm,https://www.sec.gov/Archives/edgar/data/1352010/000135201020000037,https://www.sec.gov/Archives/edgar/data/1352010/000135201020000037/index.json,NOT_CLASSIFIED
AXON,0001069183,0001069183-20-000073,8-K,2020-11-05,2020-11-05T21:05:20.000Z,2.02,aaxn-20201105x8k.htm,https://www.sec.gov/Archives/edgar/data/1069183/000106918320000073,https://www.sec.gov/Archives/edgar/data/1069183/000106918320000073/index.json,NOT_CLASSIFIED
XYZ,0001512673,0001193125-20-286821,8-K,2020-11-05,2020-11-05T21:06:35.000Z,2.02,d201688d8k.htm,https://www.sec.gov/Archives/edgar/data/1512673/000119312520286821,https://www.sec.gov/Archives/edgar/data/1512673/000119312520286821/index.json,NOT_CLASSIFIED
FLS,0000030625,0001157523-20-001455,8-K,2020-11-05,2020-11-05T21:22:35.000Z,"2.02,7.01",a52321021.htm,https://www.sec.gov/Archives/edgar/data/30625/000115752320001455,https://www.sec.gov/Archives/edgar/data/30625/000115752320001455/index.json,NOT_CLASSIFIED
UBER,0001543151,0001552781-20-000563,8-K,2020-11-13,2020-11-13T11:00:51.000Z,2.02,e20571_uber-8k.htm,https://www.sec.gov/Archives/edgar/data/1543151/000155278120000563,https://www.sec.gov/Archives/edgar/data/1543151/000155278120000563/index.json,NOT_CLASSIFIED
PANW,0001327567,0001327567-20-000037,8-K,2020-11-16,2020-11-16T12:02:59.000Z,2.02,panw-20201116.htm,https://www.sec.gov/Archives/edgar/data/1327567/000132756720000037,https://www.sec.gov/Archives/edgar/data/1327567/000132756720000037/index.json,NOT_CLASSIFIED
WDAY,0001327811,0001327811-20-000165,8-K,2020-11-19,2020-11-19T21:12:48.000Z,2.02,wday-20201119.htm,https://www.sec.gov/Archives/edgar/data/1327811/000132781120000165,https://www.sec.gov/Archives/edgar/data/1327811/000132781120000165/index.json,NOT_CLASSIFIED
CIEN,0000936395,0000936395-20-000038,8-K,2020-12-10,2020-12-10T12:06:41.000Z,2.02,cien-20201210.htm,https://www.sec.gov/Archives/edgar/data/936395/000093639520000038,https://www.sec.gov/Archives/edgar/data/936395/000093639520000038/index.json,NOT_CLASSIFIED
NDSN,0000072331,0000072331-20-000015,8-K,2020-12-15,2020-12-15T21:33:02.000Z,2.02,ndsn-20201215.htm,https://www.sec.gov/Archives/edgar/data/72331/000007233120000015,https://www.sec.gov/Archives/edgar/data/72331/000007233120000015/index.json,NOT_CLASSIFIED
JBL,0000898293,0001193125-20-319591,8-K,2020-12-17,2020-12-17T13:09:53.000Z,2.02,d64108d8k.htm,https://www.sec.gov/Archives/edgar/data/898293/000119312520319591,https://www.sec.gov/Archives/edgar/data/898293/000119312520319591/index.json,NOT_CLASSIFIED
NOV,0001021860,0001193125-20-323356,8-K,2020-12-22,2020-12-21T23:15:31.000Z,7.01,d24688d8k.htm,https://www.sec.gov/Archives/edgar/data/1021860/000119312520323356,https://www.sec.gov/Archives/edgar/data/1021860/000119312520323356/index.json,NOT_CLASSIFIED
LW,0001679273,0001558370-21-000069,8-K,2021-01-07,2021-01-07T13:39:33.000Z,2.02,lw-20210107x8k.htm,https://www.sec.gov/Archives/edgar/data/1679273/000155837021000069,https://www.sec.gov/Archives/edgar/data/1679273/000155837021000069/index.json,NOT_CLASSIFIED
TPL,0001811074,0001213900-21-001303,8-K,2021-01-11,2021-01-11T11:30:31.000Z,7.01,ea133016-8k_texaspacific.htm,https://www.sec.gov/Archives/edgar/data/1811074/000121390021001303,https://www.sec.gov/Archives/edgar/data/1811074/000121390021001303/index.json,NOT_CLASSIFIED
FTI,0001681459,0001140361-21-001365,8-K,2021-01-19,2021-01-19T11:03:05.000Z,7.01,nt10016372x7_8k.htm,https://www.sec.gov/Archives/edgar/data/1681459/000114036121001365,https://www.sec.gov/Archives/edgar/data/1681459/000114036121001365/index.json,NOT_CLASSIFIED
NOV,0001021860,0001564590-21-001401,8-K,2021-01-19,2021-01-19T13:43:22.000Z,2.02,nov-8k_20210119.htm,https://www.sec.gov/Archives/edgar/data/1021860/000156459021001401,https://www.sec.gov/Archives/edgar/data/1021860/000156459021001401/index.json,NOT_CLASSIFIED
IBKR,0001381197,0001381197-21-000004,8-K,2021-01-19,2021-01-19T21:02:39.000Z,2.02,ibkr_8k-202001231.htm,https://www.sec.gov/Archives/edgar/data/1381197/000138119721000004,https://www.sec.gov/Archives/edgar/data/1381197/000138119721000004/index.json,NOT_CLASSIFIED
XRX,0001770450,0001770450-21-000004,8-K,2021-01-26,2021-01-26T11:46:00.000Z,2.02,xrx-20210126.htm,https://www.sec.gov/Archives/edgar/data/1770450/000177045021000004,https://www.sec.gov/Archives/edgar/data/1770450/000177045021000004/index.json,NOT_CLASSIFIED
TER,0000097210,0001193125-21-019843,8-K,2021-01-28,2021-01-28T11:06:31.000Z,2.02,d281446d8k.htm,https://www.sec.gov/Archives/edgar/data/97210/000119312521019843,https://www.sec.gov/Archives/edgar/data/97210/000119312521019843/index.json,NOT_CLASSIFIED
FTI,0001681459,0001140361-21-002673,8-K,2021-01-29,2021-01-29T21:05:40.000Z,7.01,nt10016372x8_ex8k.htm,https://www.sec.gov/Archives/edgar/data/1681459/000114036121002673,https://www.sec.gov/Archives/edgar/data/1681459/000114036121002673/index.json,NOT_CLASSIFIED
LITE,0001633978,0001633978-21-000002,8-K,2021-02-02,2021-02-02T12:42:37.000Z,2.02,lite-20210202.htm,https://www.sec.gov/Archives/edgar/data/1633978/000163397821000002,https://www.sec.gov/Archives/edgar/data/1633978/000163397821000002/index.json,NOT_CLASSIFIED
LII,0001069202,0001069202-21-000004,8-K,2021-02-02,2021-02-02T13:24:34.000Z,2.02,lii-20210202.htm,https://www.sec.gov/Archives/edgar/data/1069202/000106920221000004,https://www.sec.gov/Archives/edgar/data/1069202/000106920221000004/index.json,NOT_CLASSIFIED
QRVO,0001604778,0001604778-21-000007,8-K,2021-02-03,2021-02-03T21:10:10.000Z,2.02,rfmd-20210203.htm,https://www.sec.gov/Archives/edgar/data/1604778/000160477821000007,https://www.sec.gov/Archives/edgar/data/1604778/000160477821000007/index.json,NOT_CLASSIFIED
LNC,0000059558,0000059558-21-000007,8-K,2021-02-03,2021-02-03T21:17:15.000Z,2.02,lnc-20210203x8k.htm,https://www.sec.gov/Archives/edgar/data/59558/000005955821000007,https://www.sec.gov/Archives/edgar/data/59558/000005955821000007/index.json,NOT_CLASSIFIED
DECK,0000910521,0000910521-21-000008,8-K,2021-02-04,2021-02-04T21:09:19.000Z,2.02,deck-20210204.htm,https://www.sec.gov/Archives/edgar/data/910521/000091052121000008,https://www.sec.gov/Archives/edgar/data/910521/000091052121000008/index.json,NOT_CLASSIFIED
MPWR,0001280452,0001437749-21-002011,8-K,2021-02-04,2021-02-04T21:18:01.000Z,2.02,mpwr20210203_8k.htm,https://www.sec.gov/Archives/edgar/data/1280452/000143774921002011,https://www.sec.gov/Archives/edgar/data/1280452/000143774921002011/index.json,NOT_CLASSIFIED
CPT,0000906345,0000906345-21-000007,8-K,2021-02-04,2021-02-04T21:33:08.000Z,2.02,cpt-20210204.htm,https://www.sec.gov/Archives/edgar/data/906345/000090634521000007,https://www.sec.gov/Archives/edgar/data/906345/000090634521000007/index.json,NOT_CLASSIFIED
NOV,0001021860,0001564590-21-004372,8-K,2021-02-05,2021-02-05T00:07:38.000Z,2.02,nov-8k_20210204.htm,https://www.sec.gov/Archives/edgar/data/1021860/000156459021004372,https://www.sec.gov/Archives/edgar/data/1021860/000156459021004372/index.json,NOT_CLASSIFIED
UBER,0001543151,0001543151-21-000008,8-K,2021-02-10,2021-02-10T21:08:35.000Z,2.02,uber-20210210.htm,https://www.sec.gov/Archives/edgar/data/1543151/000154315121000008,https://www.sec.gov/Archives/edgar/data/1543151/000154315121000008/index.json,NOT_CLASSIFIED
GNRC,0001474735,0001437749-21-002484,8-K,2021-02-11,2021-02-11T11:03:12.000Z,2.02,gnrc20210210_8k.htm,https://www.sec.gov/Archives/edgar/data/1474735/000143774921002484,https://www.sec.gov/Archives/edgar/data/1474735/000143774921002484/index.json,NOT_CLASSIFIED
EPAM,0001352010,0001352010-21-000005,8-K,2021-02-18,2021-02-18T02:35:56.000Z,2.02,epam-20210218.htm,https://www.sec.gov/Archives/edgar/data/1352010/000135201021000005,https://www.sec.gov/Archives/edgar/data/1352010/000135201021000005/index.json,NOT_CLASSIFIED
PANW,0001327567,0001628280-21-002659,8-K,2021-02-22,2021-02-22T21:16:44.000Z,2.02,panw-20210222.htm,https://www.sec.gov/Archives/edgar/data/1327567/000162828021002659,https://www.sec.gov/Archives/edgar/data/1327567/000162828021002659/index.json,NOT_CLASSIFIED
XYZ,0001512673,0001193125-21-052320,8-K,2021-02-23,2021-02-23T21:06:02.000Z,2.02,d128971d8k.htm,https://www.sec.gov/Archives/edgar/data/1512673/000119312521052320,https://www.sec.gov/Archives/edgar/data/1512673/000119312521052320/index.json,NOT_CLASSIFIED
FLS,0000030625,0001157523-21-000238,8-K,2021-02-23,2021-02-23T21:07:28.000Z,"2.02,7.01",a52383874.htm,https://www.sec.gov/Archives/edgar/data/30625/000115752321000238,https://www.sec.gov/Archives/edgar/data/30625/000115752321000238/index.json,NOT_CLASSIFIED
EME,0000105634,0000105634-21-000041,8-K,2021-02-24,2021-02-24T14:10:22.000Z,7.01,eme-20210223.htm,https://www.sec.gov/Archives/edgar/data/105634/000010563421000041,https://www.sec.gov/Archives/edgar/data/105634/000010563421000041/index.json,NOT_CLASSIFIED
FTI,0001681459,0001681459-21-000033,8-K,2021-02-24,2021-02-24T21:21:05.000Z,2.02,fti-20210224.htm,https://www.sec.gov/Archives/edgar/data/1681459/000168145921000033,https://www.sec.gov/Archives/edgar/data/1681459/000168145921000033/index.json,NOT_CLASSIFIED
TFX,0000096943,0000096943-21-000010,8-K,2021-02-25,2021-02-25T12:00:37.000Z,"2.02,7.01",tfx-20210225.htm,https://www.sec.gov/Archives/edgar/data/96943/000009694321000010,https://www.sec.gov/Archives/edgar/data/96943/000009694321000010/index.json,NOT_CLASSIFIED
EME,0000105634,0000105634-21-000047,8-K,2021-02-25,2021-02-25T21:06:35.000Z,2.02,eme-20210225.htm,https://www.sec.gov/Archives/edgar/data/105634/000010563421000047,https://www.sec.gov/Archives/edgar/data/105634/000010563421000047/index.json,NOT_CLASSIFIED
AXON,0001069183,0001558370-21-001811,8-K,2021-02-25,2021-02-25T21:06:45.000Z,2.02,axon-20210225x8k.htm,https://www.sec.gov/Archives/edgar/data/1069183/000155837021001811,https://www.sec.gov/Archives/edgar/data/1069183/000155837021001811/index.json,NOT_CLASSIFIED
FSLR,0001274494,0001628280-21-003286,8-K,2021-02-25,2021-02-25T21:07:57.000Z,2.02,fslr-20210225.htm,https://www.sec.gov/Archives/edgar/data/1274494/000162828021003286,https://www.sec.gov/Archives/edgar/data/1274494/000162828021003286/index.json,NOT_CLASSIFIED
TPL,0001811074,0001811074-21-000011,8-K,2021-02-25,2021-02-25T21:18:37.000Z,2.02,tpl-20210225.htm,https://www.sec.gov/Archives/edgar/data/1811074/000181107421000011,https://www.sec.gov/Archives/edgar/data/1811074/000181107421000011/index.json,NOT_CLASSIFIED
FTI,0001681459,0001140361-21-006656,8-K,2021-03-01,2021-03-01T21:30:38.000Z,7.01,brhc10021089_8k.htm,https://www.sec.gov/Archives/edgar/data/1681459/000114036121006656,https://www.sec.gov/Archives/edgar/data/1681459/000114036121006656/index.json,NOT_CLASSIFIED
TPL,0001811074,0001811074-21-000016,8-K,2021-03-02,2021-03-02T21:34:00.000Z,7.01,tpl-20210302.htm,https://www.sec.gov/Archives/edgar/data/1811074/000181107421000016,https://www.sec.gov/Archives/edgar/data/1811074/000181107421000016/index.json,NOT_CLASSIFIED
CIEN,0000936395,0000936395-21-000006,8-K,2021-03-04,2021-03-04T12:08:47.000Z,2.02,cien-20210304.htm,https://www.sec.gov/Archives/edgar/data/936395/000093639521000006,https://www.sec.gov/Archives/edgar/data/936395/000093639521000006/index.json,NOT_CLASSIFIED
JBL,0000898293,0001193125-21-082188,8-K,2021-03-16,2021-03-16T12:10:55.000Z,2.02,d153948d8k.htm,https://www.sec.gov/Archives/edgar/data/898293/000119312521082188,https://www.sec.gov/Archives/edgar/data/898293/000119312521082188/index.json,NOT_CLASSIFIED
NOV,0001021860,0001564590-21-013416,8-K,2021-03-16,2021-03-16T16:00:16.000Z,2.02,nov-8k_20210316.htm,https://www.sec.gov/Archives/edgar/data/1021860/000156459021013416,https://www.sec.gov/Archives/edgar/data/1021860/000156459021013416/index.json,NOT_CLASSIFIED
UBER,0001543151,0001552781-21-000124,8-K,2021-03-16,2021-03-16T21:00:29.000Z,7.01,e21143_uber-8k.htm,https://www.sec.gov/Archives/edgar/data/1543151/000155278121000124,https://www.sec.gov/Archives/edgar/data/1543151/000155278121000124/index.json,NOT_CLASSIFIED
LW,0001679273,0001558370-21-004029,8-K,2021-04-07,2021-04-07T12:37:53.000Z,2.02,lw-20210407x8k.htm,https://www.sec.gov/Archives/edgar/data/1679273/000155837021004029,https://www.sec.gov/Archives/edgar/data/1679273/000155837021004029/index.json,NOT_CLASSIFIED
UBER,0001543151,0001552781-21-000198,8-K,2021-04-12,2021-04-12T10:45:27.000Z,2.02,e21218_uber-8k.htm,https://www.sec.gov/Archives/edgar/data/1543151/000155278121000198,https://www.sec.gov/Archives/edgar/data/1543151/000155278121000198/index.json,NOT_CLASSIFIED
XRX,0001770450,0001770450-21-000018,8-K,2021-04-20,2021-04-20T10:45:24.000Z,2.02,xrx-20210420.htm,https://www.sec.gov/Archives/edgar/data/1770450/000177045021000018,https://www.sec.gov/Archives/edgar/data/1770450/000177045021000018/index.json,NOT_CLASSIFIED
IBKR,0001381197,0001381197-21-000011,8-K,2021-04-20,2021-04-20T20:02:31.000Z,2.02,ibkr_8k-20210331.htm,https://www.sec.gov/Archives/edgar/data/1381197/000138119721000011,https://www.sec.gov/Archives/edgar/data/1381197/000138119721000011/index.json,NOT_CLASSIFIED
LII,0001069202,0001069202-21-000016,8-K,2021-04-26,2021-04-26T12:06:55.000Z,2.02,lii-20210426.htm,https://www.sec.gov/Archives/edgar/data/1069202/000106920221000016,https://www.sec.gov/Archives/edgar/data/1069202/000106920221000016/index.json,NOT_CLASSIFIED
TER,0000097210,0001193125-21-135248,8-K,2021-04-28,2021-04-28T10:08:03.000Z,2.02,d38942d8k.htm,https://www.sec.gov/Archives/edgar/data/97210/000119312521135248,https://www.sec.gov/Archives/edgar/data/97210/000119312521135248/index.json,NOT_CLASSIFIED
NOV,0001021860,0001564590-21-021176,8-K,2021-04-28,2021-04-28T15:25:59.000Z,2.02,nov-8k_20210427.htm,https://www.sec.gov/Archives/edgar/data/1021860/000156459021021176,https://www.sec.gov/Archives/edgar/data/1021860/000156459021021176/index.json,NOT_CLASSIFIED
GNRC,0001474735,0001437749-21-010102,8-K,2021-04-29,2021-04-29T10:01:40.000Z,2.02,gnrc20210427_8k.htm,https://www.sec.gov/Archives/edgar/data/1474735/000143774921010102,https://www.sec.gov/Archives/edgar/data/1474735/000143774921010102/index.json,NOT_CLASSIFIED
TFX,0000096943,0000096943-21-000045,8-K,2021-04-29,2021-04-29T11:00:23.000Z,"2.02,7.01",tfx-20210429.htm,https://www.sec.gov/Archives/edgar/data/96943/000009694321000045,https://www.sec.gov/Archives/edgar/data/96943/000009694321000045/index.json,NOT_CLASSIFIED
FSLR,0001274494,0001628280-21-008203,8-K,2021-04-29,2021-04-29T20:08:43.000Z,2.02,fslr-20210429.htm,https://www.sec.gov/Archives/edgar/data/1274494/000162828021008203,https://www.sec.gov/Archives/edgar/data/1274494/000162828021008203/index.json,NOT_CLASSIFIED
MHK,0000851968,0000851968-21-000040,8-K,2021-04-29,2021-04-29T20:15:37.000Z,2.02,mhk-20210429.htm,https://www.sec.gov/Archives/edgar/data/851968/000085196821000040,https://www.sec.gov/Archives/edgar/data/851968/000085196821000040/index.json,NOT_CLASSIFIED
CPT,0000906345,0000906345-21-000023,8-K,2021-04-29,2021-04-29T20:30:43.000Z,2.02,cpt-20210429.htm,https://www.sec.gov/Archives/edgar/data/906345/000090634521000023,https://www.sec.gov/Archives/edgar/data/906345/000090634521000023/index.json,NOT_CLASSIFIED
FLS,0000030625,0001157523-21-000566,8-K,2021-05-03,2021-05-03T20:07:30.000Z,"2.02,7.01",a52422178.htm,https://www.sec.gov/Archives/edgar/data/30625/000115752321000566,https://www.sec.gov/Archives/edgar/data/30625/000115752321000566/index.json,NOT_CLASSIFIED
MPWR,0001280452,0001437749-21-010752,8-K,2021-05-04,2021-05-04T20:15:37.000Z,2.02,mpwr20210427_8k.htm,https://www.sec.gov/Archives/edgar/data/1280452/000143774921010752,https://www.sec.gov/Archives/edgar/data/1280452/000143774921010752/index.json,NOT_CLASSIFIED
QRVO,0001604778,0001604778-21-000015,8-K,2021-05-05,2021-05-05T20:06:06.000Z,2.02,rfmd-20210505.htm,https://www.sec.gov/Archives/edgar/data/1604778/000160477821000015,https://www.sec.gov/Archives/edgar/data/1604778/000160477821000015/index.json,NOT_CLASSIFIED
UBER,0001543151,0001543151-21-000024,8-K,2021-05-05,2021-05-05T20:07:44.000Z,2.02,uber-20210505.htm,https://www.sec.gov/Archives/edgar/data/1543151/000154315121000024,https://www.sec.gov/Archives/edgar/data/1543151/000154315121000024/index.json,NOT_CLASSIFIED
LNC,0000059558,0000059558-21-000015,8-K,2021-05-05,2021-05-05T20:17:02.000Z,2.02,lnc-20210505x8k.htm,https://www.sec.gov/Archives/edgar/data/59558/000005955821000015,https://www.sec.gov/Archives/edgar/data/59558/000005955821000015/index.json,NOT_CLASSIFIED
EPAM,0001352010,0001352010-21-000017,8-K,2021-05-06,2021-05-06T01:44:38.000Z,2.02,epam-20210506.htm,https://www.sec.gov/Archives/edgar/data/1352010/000135201021000017,https://www.sec.gov/Archives/edgar/data/1352010/000135201021000017/index.json,NOT_CLASSIFIED
TPL,0001811074,0001811074-21-000022,8-K,2021-05-06,2021-05-06T20:28:50.000Z,2.02,tpl-20210506.htm,https://www.sec.gov/Archives/edgar/data/1811074/000181107421000022,https://www.sec.gov/Archives/edgar/data/1811074/000181107421000022/index.json,NOT_CLASSIFIED
TFX,0000096943,0000096943-21-000068,8-K,2021-05-18,2021-05-18T10:47:16.000Z,7.01,tfx-20210515.htm,https://www.sec.gov/Archives/edgar/data/96943/000009694321000068,https://www.sec.gov/Archives/edgar/data/96943/000009694321000068/index.json,NOT_CLASSIFIED
DECK,0000910521,0000910521-21-000014,8-K,2021-05-20,2021-05-20T20:07:53.000Z,2.02,deck-20210520.htm,https://www.sec.gov/Archives/edgar/data/910521/000091052121000014,https://www.sec.gov/Archives/edgar/data/910521/000091052121000014/index.json,NOT_CLASSIFIED
PANW,0001327567,0001327567-21-000012,8-K,2021-05-20,2021-05-20T20:08:32.000Z,2.02,panw-20210520.htm,https://www.sec.gov/Archives/edgar/data/1327567/000132756721000012,https://www.sec.gov/Archives/edgar/data/1327567/000132756721000012/index.json,NOT_CLASSIFIED
NDSN,0000072331,0000072331-21-000033,8-K,2021-05-24,2021-05-24T20:48:30.000Z,2.02,ndsn-20210524.htm,https://www.sec.gov/Archives/edgar/data/72331/000007233121000033,https://www.sec.gov/Archives/edgar/data/72331/000007233121000033/index.json,NOT_CLASSIFIED
WDAY,0001327811,0001327811-21-000053,8-K,2021-05-26,2021-05-26T20:06:13.000Z,2.02,wday-20210526.htm,https://www.sec.gov/Archives/edgar/data/1327811/000132781121000053,https://www.sec.gov/Archives/edgar/data/1327811/000132781121000053/index.json,NOT_CLASSIFIED
CIEN,0000936395,0000936395-21-000027,8-K,2021-06-03,2021-06-03T11:04:52.000Z,2.02,cien-20210603.htm,https://www.sec.gov/Archives/edgar/data/936395/000093639521000027,https://www.sec.gov/Archives/edgar/data/936395/000093639521000027/index.json,NOT_CLASSIFIED
TPL,0001811074,0001811074-21-000026,8-K,2021-06-08,2021-06-08T12:16:13.000Z,7.01,tpl-20210608.htm,https://www.sec.gov/Archives/edgar/data/1811074/000181107421000026,https://www.sec.gov/Archives/edgar/data/1811074/000181107421000026/index.json,NOT_CLASSIFIED
JBL,0000898293,0001193125-21-192718,8-K,2021-06-17,2021-06-17T11:51:01.000Z,2.02,d175659d8k.htm,https://www.sec.gov/Archives/edgar/data/898293/000119312521192718,https://www.sec.gov/Archives/edgar/data/898293/000119312521192718/index.json,NOT_CLASSIFIED
LII,0001069202,0001193125-21-214688,8-K,2021-07-14,2021-07-14T12:38:55.000Z,7.01,d201576d8k.htm,https://www.sec.gov/Archives/edgar/data/1069202/000119312521214688,https://www.sec.gov/Archives/edgar/data/1069202/000119312521214688/index.json,NOT_CLASSIFIED
FTI,0001681459,0001681459-21-000077,8-K,2021-07-21,2021-07-21T20:29:47.000Z,2.02,fti-20210721.htm,https://www.sec.gov/Archives/edgar/data/1681459/000168145921000077,https://www.sec.gov/Archives/edgar/data/1681459/000168145921000077/index.json,NOT_CLASSIFIED
LII,0001069202,0001069202-21-000026,8-K,2021-07-26,2021-07-26T12:36:44.000Z,2.02,lii-20210726.htm,https://www.sec.gov/Archives/edgar/data/1069202/000106920221000026,https://www.sec.gov/Archives/edgar/data/1069202/000106920221000026/index.json,NOT_CLASSIFIED
LW,0001679273,0001558370-21-009303,8-K,2021-07-27,2021-07-27T12:37:48.000Z,2.02,lw-20210727x8k.htm,https://www.sec.gov/Archives/edgar/data/1679273/000155837021009303,https://www.sec.gov/Archives/edgar/data/1679273/000155837021009303/index.json,NOT_CLASSIFIED
MPWR,0001280452,0001437749-21-017661,8-K,2021-07-27,2021-07-27T20:34:29.000Z,2.02,mpwr20210724_8k.htm,https://www.sec.gov/Archives/edgar/data/1280452/000143774921017661,https://www.sec.gov/Archives/edgar/data/1280452/000143774921017661/index.json,NOT_CLASSIFIED
GNRC,0001474735,0001437749-21-017692,8-K,2021-07-28,2021-07-28T10:01:47.000Z,2.02,gnrc20210726_8k.htm,https://www.sec.gov/Archives/edgar/data/1474735/000143774921017692,https://www.sec.gov/Archives/edgar/data/1474735/000143774921017692/index.json,NOT_CLASSIFIED
TER,0000097210,0001193125-21-226461,8-K,2021-07-28,2021-07-28T10:10:06.000Z,2.02,d200294d8k.htm,https://www.sec.gov/Archives/edgar/data/97210/000119312521226461,https://www.sec.gov/Archives/edgar/data/97210/000119312521226461/index.json,NOT_CLASSIFIED
TFX,0000096943,0000096943-21-000097,8-K,2021-07-29,2021-07-29T11:15:49.000Z,"2.02,7.01",tfx-20210729.htm,https://www.sec.gov/Archives/edgar/data/96943/000009694321000097,https://www.sec.gov/Archives/edgar/data/96943/000009694321000097/index.json,NOT_CLASSIFIED
EME,0000105634,0000105634-21-000115,8-K,2021-07-29,2021-07-29T14:09:29.000Z,2.02,eme-20210729.htm,https://www.sec.gov/Archives/edgar/data/105634/000010563421000115,https://www.sec.gov/Archives/edgar/data/105634/000010563421000115/index.json,NOT_CLASSIFIED
DECK,0000910521,0000910521-21-000025,8-K,2021-07-29,2021-07-29T20:13:54.000Z,2.02,deck-20210729.htm,https://www.sec.gov/Archives/edgar/data/910521/000091052121000025,https://www.sec.gov/Archives/edgar/data/910521/000091052121000025/index.json,NOT_CLASSIFIED
FSLR,0001274494,0001274494-21-000022,8-K,2021-07-29,2021-07-29T20:16:18.000Z,2.02,fslr-20210729.htm,https://www.sec.gov/Archives/edgar/data/1274494/000127449421000022,https://www.sec.gov/Archives/edgar/data/1274494/000127449421000022/index.json,NOT_CLASSIFIED
XYZ,0001512673,0001193125-21-232114,8-K,2021-08-02,2021-08-02T10:07:38.000Z,2.02,d171022d8k.htm,https://www.sec.gov/Archives/edgar/data/1512673/000119312521232114,https://www.sec.gov/Archives/edgar/data/1512673/000119312521232114/index.json,NOT_CLASSIFIED
XYZ,0001512673,0001193125-21-232215,8-K,2021-08-02,2021-08-02T11:11:26.000Z,7.01,d186862d8k.htm,https://www.sec.gov/Archives/edgar/data/1512673/000119312521232215,https://www.sec.gov/Archives/edgar/data/1512673/000119312521232215/index.json,NOT_CLASSIFIED
QRVO,0001604778,0001604778-21-000039,8-K,2021-08-04,2021-08-04T20:14:05.000Z,2.02,rfmd-20210804.htm,https://www.sec.gov/Archives/edgar/data/1604778/000160477821000039,https://www.sec.gov/Archives/edgar/data/1604778/000160477821000039/index.json,NOT_CLASSIFIED
LNC,0000059558,0000059558-21-000038,8-K,2021-08-04,2021-08-04T20:17:03.000Z,2.02,lnc-20210804x8k.htm,https://www.sec.gov/Archives/edgar/data/59558/000005955821000038,https://www.sec.gov/Archives/edgar/data/59558/000005955821000038/index.json,NOT_CLASSIFIED
EPAM,0001352010,0001352010-21-000032,8-K,2021-08-05,2021-08-04T23:34:07.000Z,2.02,epam-20210805.htm,https://www.sec.gov/Archives/edgar/data/1352010/000135201021000032,https://www.sec.gov/Archives/edgar/data/1352010/000135201021000032/index.json,NOT_CLASSIFIED
AXON,0001069183,0001069183-21-000015,8-K,2021-08-05,2021-08-05T20:04:52.000Z,2.02,axon-20210805x8k.htm,https://www.sec.gov/Archives/edgar/data/1069183/000106918321000015,https://www.sec.gov/Archives/edgar/data/1069183/000106918321000015/index.json,NOT_CLASSIFIED
FLS,0000030625,0001157523-21-001011,8-K,2021-08-05,2021-08-05T20:06:49.000Z,"2.02,7.01",a52472493.htm,https://www.sec.gov/Archives/edgar/data/30625/000115752321001011,https://www.sec.gov/Archives/edgar/data/30625/000115752321001011/index.json,NOT_CLASSIFIED
TPL,0001811074,0001811074-21-000033,8-K,2021-08-05,2021-08-05T20:49:10.000Z,2.02,tpl-20210805.htm,https://www.sec.gov/Archives/edgar/data/1811074/000181107421000033,https://www.sec.gov/Archives/edgar/data/1811074/000181107421000033/index.json,NOT_CLASSIFIED
LITE,0001633978,0001628280-21-017219,8-K,2021-08-18,2021-08-18T11:45:43.000Z,2.02,lite-20210818.htm,https://www.sec.gov/Archives/edgar/data/1633978/000162828021017219,https://www.sec.gov/Archives/edgar/data/1633978/000162828021017219/index.json,NOT_CLASSIFIED
HOOD,0001783879,0001783879-21-000028,8-K,2021-08-18,2021-08-18T20:06:29.000Z,2.02,hood-20210818.htm,https://www.sec.gov/Archives/edgar/data/1783879/000178387921000028,https://www.sec.gov/Archives/edgar/data/1783879/000178387921000028/index.json,NOT_CLASSIFIED
NDSN,0000072331,0000072331-21-000061,8-K,2021-08-30,2021-08-30T20:33:00.000Z,2.02,ndsn-20210830.htm,https://www.sec.gov/Archives/edgar/data/72331/000007233121000061,https://www.sec.gov/Archives/edgar/data/72331/000007233121000061/index.json,NOT_CLASSIFIED
XRX,0001770450,0001193125-21-268295,8-K,2021-09-09,2021-09-09T10:36:31.000Z,7.01,d187894d8k.htm,https://www.sec.gov/Archives/edgar/data/1770450/000119312521268295,https://www.sec.gov/Archives/edgar/data/1770450/000119312521268295/index.json,NOT_CLASSIFIED
PANW,0001327567,0001193125-21-270979,8-K,2021-09-13,2021-09-13T12:48:03.000Z,7.01,d204478d8k.htm,https://www.sec.gov/Archives/edgar/data/1327567/000119312521270979,https://www.sec.gov/Archives/edgar/data/1327567/000119312521270979/index.json,NOT_CLASSIFIED
DECK,0000910521,0000910521-21-000030,8-K,2021-09-16,2021-09-16T20:05:58.000Z,7.01,deck-20210915.htm,https://www.sec.gov/Archives/edgar/data/910521/000091052121000030,https://www.sec.gov/Archives/edgar/data/910521/000091052121000030/index.json,NOT_CLASSIFIED
UBER,0001543151,0001552781-21-000710,8-K,2021-09-21,2021-09-21T10:30:23.000Z,7.01,e21554_uber-8k.htm,https://www.sec.gov/Archives/edgar/data/1543151/000155278121000710,https://www.sec.gov/Archives/edgar/data/1543151/000155278121000710/index.json,NOT_CLASSIFIED
DECK,0000910521,0000910521-21-000033,8-K,2021-09-28,2021-09-28T13:01:08.000Z,7.01,deck-20210928.htm,https://www.sec.gov/Archives/edgar/data/910521/000091052121000033,https://www.sec.gov/Archives/edgar/data/910521/000091052121000033/index.json,NOT_CLASSIFIED
JBL,0000898293,0001193125-21-286091,8-K,2021-09-29,2021-09-29T11:51:09.000Z,2.02,d187257d8k.htm,https://www.sec.gov/Archives/edgar/data/898293/000119312521286091,https://www.sec.gov/Archives/edgar/data/898293/000119312521286091/index.json,NOT_CLASSIFIED
LW,0001679273,0001558370-21-013051,8-K,2021-10-07,2021-10-07T12:37:45.000Z,2.02,lw-20211007x8k.htm,https://www.sec.gov/Archives/edgar/data/1679273/000155837021013051,https://www.sec.gov/Archives/edgar/data/1679273/000155837021013051/index.json,NOT_CLASSIFIED
PANW,0001327567,0001193125-21-296438,8-K,2021-10-12,2021-10-12T12:38:31.000Z,7.01,d215865d8k.htm,https://www.sec.gov/Archives/edgar/data/1327567/000119312521296438,https://www.sec.gov/Archives/edgar/data/1327567/000119312521296438/index.json,NOT_CLASSIFIED
IBKR,0001381197,0001381197-21-000041,8-K,2021-10-19,2021-10-19T20:01:49.000Z,2.02,ibkr_8k-20210930.htm,https://www.sec.gov/Archives/edgar/data/1381197/000138119721000041,https://www.sec.gov/Archives/edgar/data/1381197/000138119721000041/index.json,NOT_CLASSIFIED
FTI,0001681459,0001681459-21-000090,8-K,2021-10-20,2021-10-20T20:18:48.000Z,2.02,fti-20211020.htm,https://www.sec.gov/Archives/edgar/data/1681459/000168145921000090,https://www.sec.gov/Archives/edgar/data/1681459/000168145921000090/index.json,NOT_CLASSIFIED
HOOD,0001783879,0001783879-21-000044,8-K,2021-10-21,2021-10-21T16:56:32.000Z,7.01,hood-20211019.htm,https://www.sec.gov/Archives/edgar/data/1783879/000178387921000044,https://www.sec.gov/Archives/edgar/data/1783879/000178387921000044/index.json,NOT_CLASSIFIED
LII,0001069202,0001193125-21-306031,8-K,2021-10-25,2021-10-25T11:43:59.000Z,2.02,d231483d8k.htm,https://www.sec.gov/Archives/edgar/data/1069202/000119312521306031,https://www.sec.gov/Archives/edgar/data/1069202/000119312521306031/index.json,NOT_CLASSIFIED
XRX,0001770450,0001770450-21-000042,8-K,2021-10-26,2021-10-26T10:43:48.000Z,2.02,xrx-20211026.htm,https://www.sec.gov/Archives/edgar/data/1770450/000177045021000042,https://www.sec.gov/Archives/edgar/data/1770450/000177045021000042/index.json,NOT_CLASSIFIED
HOOD,0001783879,0001783879-21-000050,8-K,2021-10-26,2021-10-26T20:05:42.000Z,2.02,hood-20211026.htm,https://www.sec.gov/Archives/edgar/data/1783879/000178387921000050,https://www.sec.gov/Archives/edgar/data/1783879/000178387921000050/index.json,NOT_CLASSIFIED
FLS,0000030625,0001157523-21-001261,8-K,2021-10-27,2021-10-27T20:07:17.000Z,"2.02,7.01",a52516556.htm,https://www.sec.gov/Archives/edgar/data/30625/000115752321001261,https://www.sec.gov/Archives/edgar/data/30625/000115752321001261/index.json,NOT_CLASSIFIED
TFX,0000096943,0000096943-21-000111,8-K,2021-10-28,2021-10-28T11:02:23.000Z,"2.02,7.01",tfx-20211028.htm,https://www.sec.gov/Archives/edgar/data/96943/000009694321000111,https://www.sec.gov/Archives/edgar/data/96943/000009694321000111/index.json,NOT_CLASSIFIED
EME,0000105634,0000105634-21-000121,8-K,2021-10-28,2021-10-28T15:59:51.000Z,2.02,eme-20211028.htm,https://www.sec.gov/Archives/edgar/data/105634/000010563421000121,https://www.sec.gov/Archives/edgar/data/105634/000010563421000121/index.json,NOT_CLASSIFIED
DECK,0000910521,0000910521-21-000036,8-K,2021-10-28,2021-10-28T20:08:02.000Z,2.02,deck-20211028.htm,https://www.sec.gov/Archives/edgar/data/910521/000091052121000036,https://www.sec.gov/Archives/edgar/data/910521/000091052121000036/index.json,NOT_CLASSIFIED
MPWR,0001280452,0001437749-21-024533,8-K,2021-10-28,2021-10-28T20:20:01.000Z,2.02,mpwr20211025_8k.htm,https://www.sec.gov/Archives/edgar/data/1280452/000143774921024533,https://www.sec.gov/Archives/edgar/data/1280452/000143774921024533/index.json,NOT_CLASSIFIED
CPT,0000906345,0000906345-21-000038,8-K,2021-10-28,2021-10-28T20:20:30.000Z,2.02,cpt-20211028.htm,https://www.sec.gov/Archives/edgar/data/906345/000090634521000038,https://www.sec.gov/Archives/edgar/data/906345/000090634521000038/index.json,NOT_CLASSIFIED
MHK,0000851968,0000851968-21-000076,8-K,2021-10-28,2021-10-28T20:30:06.000Z,2.02,mhk-20211028.htm,https://www.sec.gov/Archives/edgar/data/851968/000085196821000076,https://www.sec.gov/Archives/edgar/data/851968/000085196821000076/index.json,NOT_CLASSIFIED
GNRC,0001474735,0001437749-21-024785,8-K,2021-11-02,2021-11-01T22:28:28.000Z,7.01,gnrc20211101b_8k.htm,https://www.sec.gov/Archives/edgar/data/1474735/000143774921024785,https://www.sec.gov/Archives/edgar/data/1474735/000143774921024785/index.json,NOT_CLASSIFIED
QRVO,0001604778,0001604778-21-000053,8-K,2021-11-03,2021-11-03T20:11:02.000Z,2.02,rfmd-20211103.htm,https://www.sec.gov/Archives/edgar/data/1604778/000160477821000053,https://www.sec.gov/Archives/edgar/data/1604778/000160477821000053/index.json,NOT_CLASSIFIED
EPAM,0001352010,0001352010-21-000042,8-K,2021-11-04,2021-11-04T01:48:07.000Z,2.02,epam-20211104.htm,https://www.sec.gov/Archives/edgar/data/1352010/000135201021000042,https://www.sec.gov/Archives/edgar/data/1352010/000135201021000042/index.json,NOT_CLASSIFIED
LITE,0001633978,0001628280-21-021618,8-K,2021-11-04,2021-11-04T12:01:55.000Z,2.02,lite-20211104.htm,https://www.sec.gov/Archives/edgar/data/1633978/000162828021021618,https://www.sec.gov/Archives/edgar/data/1633978/000162828021021618/index.json,NOT_CLASSIFIED
XYZ,0001512673,0001193125-21-320142,8-K,2021-11-04,2021-11-04T20:09:39.000Z,2.02,d28620d8k.htm,https://www.sec.gov/Archives/edgar/data/1512673/000119312521320142,https://www.sec.gov/Archives/edgar/data/1512673/000119312521320142/index.json,NOT_CLASSIFIED
UBER,0001543151,0001543151-21-000043,8-K,2021-11-04,2021-11-04T20:10:17.000Z,2.02,uber-20211104.htm,https://www.sec.gov/Archives/edgar/data/1543151/000154315121000043,https://www.sec.gov/Archives/edgar/data/1543151/000154315121000043/index.json,NOT_CLASSIFIED
HOOD,0001783879,0001783879-21-000073,8-K,2021-11-08,2021-11-08T21:05:51.000Z,7.01,hood-20211108.htm,https://www.sec.gov/Archives/edgar/data/1783879/000178387921000073,https://www.sec.gov/Archives/edgar/data/1783879/000178387921000073/index.json,NOT_CLASSIFIED
AXON,0001069183,0001069183-21-000020,8-K,2021-11-15,2021-11-15T21:15:11.000Z,2.02,axon-20211115x8k.htm,https://www.sec.gov/Archives/edgar/data/1069183/000106918321000020,https://www.sec.gov/Archives/edgar/data/1069183/000106918321000020/index.json,NOT_CLASSIFIED
HOOD,0001783879,0001783879-21-000079,8-K,2021-11-16,2021-11-16T21:07:26.000Z,7.01,hood-20211111.htm,https://www.sec.gov/Archives/edgar/data/1783879/000178387921000079,https://www.sec.gov/Archives/edgar/data/1783879/000178387921000079/index.json,NOT_CLASSIFIED
WDAY,0001327811,0001327811-21-000173,8-K,2021-11-18,2021-11-18T21:05:52.000Z,2.02,wday-20211118.htm,https://www.sec.gov/Archives/edgar/data/1327811/000132781121000173,https://www.sec.gov/Archives/edgar/data/1327811/000132781121000173/index.json,NOT_CLASSIFIED
PANW,0001327567,0001327567-21-000037,8-K,2021-11-18,2021-11-18T21:22:09.000Z,2.02,panw-20211118.htm,https://www.sec.gov/Archives/edgar/data/1327567/000132756721000037,https://www.sec.gov/Archives/edgar/data/1327567/000132756721000037/index.json,NOT_CLASSIFIED
TPL,0001811074,0001811074-21-000058,8-K,2021-12-07,2021-12-07T21:16:39.000Z,7.01,tpl-20211207.htm,https://www.sec.gov/Archives/edgar/data/1811074/000181107421000058,https://www.sec.gov/Archives/edgar/data/1811074/000181107421000058/index.json,NOT_CLASSIFIED
CIEN,0000936395,0000936395-21-000048,8-K,2021-12-09,2021-12-09T12:06:16.000Z,2.02,cien-20211209.htm,https://www.sec.gov/Archives/edgar/data/936395/000093639521000048,https://www.sec.gov/Archives/edgar/data/936395/000093639521000048/index.json,NOT_CLASSIFIED
NDSN,0000072331,0000072331-21-000075,8-K,2021-12-15,2021-12-15T21:31:46.000Z,"2.02,7.01",ndsn-20211215.htm,https://www.sec.gov/Archives/edgar/data/72331/000007233121000075,https://www.sec.gov/Archives/edgar/data/72331/000007233121000075/index.json,NOT_CLASSIFIED
LW,0001679273,0001558370-22-000086,8-K,2022-01-06,2022-01-06T13:35:42.000Z,2.02,lw-20220106x8k.htm,https://www.sec.gov/Archives/edgar/data/1679273/000155837022000086,https://www.sec.gov/Archives/edgar/data/1679273/000155837022000086/index.json,NOT_CLASSIFIED
IBKR,0001381197,0001381197-22-000006,8-K,2022-01-18,2022-01-18T21:02:03.000Z,2.02,ibkr_8k-20211231.htm,https://www.sec.gov/Archives/edgar/data/1381197/000138119722000006,https://www.sec.gov/Archives/edgar/data/1381197/000138119722000006/index.json,NOT_CLASSIFIED
XRX,0001770450,0001770450-22-000003,8-K,2022-01-25,2022-01-25T11:46:47.000Z,2.02,xrx-20220125.htm,https://www.sec.gov/Archives/edgar/data/1770450/000177045022000003,https://www.sec.gov/Archives/edgar/data/1770450/000177045022000003/index.json,NOT_CLASSIFIED
HOOD,0001783879,0001783879-22-000022,8-K,2022-01-27,2022-01-27T21:04:48.000Z,2.02,hood-20220127.htm,https://www.sec.gov/Archives/edgar/data/1783879/000178387922000022,https://www.sec.gov/Archives/edgar/data/1783879/000178387922000022/index.json,NOT_CLASSIFIED
XYZ,0001512673,0001193125-22-023529,8-K,2022-01-31,2022-01-31T22:24:34.000Z,7.01,d261416d8k.htm,https://www.sec.gov/Archives/edgar/data/1512673/000119312522023529,https://www.sec.gov/Archives/edgar/data/1512673/000119312522023529/index.json,NOT_CLASSIFIED
LII,0001069202,0001193125-22-024009,8-K,2022-02-01,2022-02-01T12:48:34.000Z,2.02,d93654d8k.htm,https://www.sec.gov/Archives/edgar/data/1069202/000119312522024009,https://www.sec.gov/Archives/edgar/data/1069202/000119312522024009/index.json,NOT_CLASSIFIED
QRVO,0001604778,0001604778-22-000008,8-K,2022-02-02,2022-02-02T21:13:20.000Z,2.02,rfmd-20220202.htm,https://www.sec.gov/Archives/edgar/data/1604778/000160477822000008,https://www.sec.gov/Archives/edgar/data/1604778/000160477822000008/index.json,NOT_CLASSIFIED
LNC,0000059558,0000059558-22-000003,8-K,2022-02-02,2022-02-02T21:19:33.000Z,2.02,lnc-20220202x8k.htm,https://www.sec.gov/Archives/edgar/data/59558/000005955822000003,https://www.sec.gov/Archives/edgar/data/59558/000005955822000003/index.json,NOT_CLASSIFIED
LITE,0001633978,0001628280-22-001736,8-K,2022-02-03,2022-02-03T13:00:02.000Z,2.02,lite-20220203.htm,https://www.sec.gov/Archives/edgar/data/1633978/000162828022001736,https://www.sec.gov/Archives/edgar/data/1633978/000162828022001736/index.json,NOT_CLASSIFIED
DECK,0000910521,0000910521-22-000004,8-K,2022-02-03,2022-02-03T21:12:50.000Z,2.02,deck-20220203.htm,https://www.sec.gov/Archives/edgar/data/910521/000091052122000004,https://www.sec.gov/Archives/edgar/data/910521/000091052122000004/index.json,NOT_CLASSIFIED
CPT,0000906345,0000906345-22-000006,8-K,2022-02-03,2022-02-03T21:21:13.000Z,2.02,cpt-20220203.htm,https://www.sec.gov/Archives/edgar/data/906345/000090634522000006,https://www.sec.gov/Archives/edgar/data/906345/000090634522000006/index.json,NOT_CLASSIFIED
MPWR,0001280452,0001437749-22-003003,8-K,2022-02-10,2022-02-10T21:08:46.000Z,2.02,mpwr20220208_8k.htm,https://www.sec.gov/Archives/edgar/data/1280452/000143774922003003,https://www.sec.gov/Archives/edgar/data/1280452/000143774922003003/index.json,NOT_CLASSIFIED
MHK,0000851968,0000851968-22-000009,8-K,2022-02-10,2022-02-10T21:21:40.000Z,2.02,mhk-20220210.htm,https://www.sec.gov/Archives/edgar/data/851968/000085196822000009,https://www.sec.gov/Archives/edgar/data/851968/000085196822000009/index.json,NOT_CLASSIFIED
CIEN,0000936395,0000936395-22-000016,8-K,2022-02-15,2022-02-15T12:03:54.000Z,2.02,cien-20220215.htm,https://www.sec.gov/Archives/edgar/data/936395/000093639522000016,https://www.sec.gov/Archives/edgar/data/936395/000093639522000016/index.json,NOT_CLASSIFIED
GNRC,0001474735,0001437749-22-003484,8-K,2022-02-16,2022-02-16T11:02:52.000Z,2.02,gnrc20220214_8k.htm,https://www.sec.gov/Archives/edgar/data/1474735/000143774922003484,https://www.sec.gov/Archives/edgar/data/1474735/000143774922003484/index.json,NOT_CLASSIFIED
PANW,0001327567,0001327567-22-000006,8-K,2022-02-22,2022-02-22T21:11:10.000Z,2.02,panw-20220222.htm,https://www.sec.gov/Archives/edgar/data/1327567/000132756722000006,https://www.sec.gov/Archives/edgar/data/1327567/000132756722000006/index.json,NOT_CLASSIFIED
NDSN,0000072331,0000072331-22-000012,8-K,2022-02-22,2022-02-22T21:31:00.000Z,"2.02,7.01",ndsn-20220222.htm,https://www.sec.gov/Archives/edgar/data/72331/000007233122000012,https://www.sec.gov/Archives/edgar/data/72331/000007233122000012/index.json,NOT_CLASSIFIED
XRX,0001770450,0001193125-22-049325,8-K,2022-02-23,2022-02-23T13:51:07.000Z,7.01,d19715d8k.htm,https://www.sec.gov/Archives/edgar/data/1770450/000119312522049325,https://www.sec.gov/Archives/edgar/data/1770450/000119312522049325/index.json,NOT_CLASSIFIED
FLS,0000030625,0001157523-22-000241,8-K,2022-02-23,2022-02-23T21:15:23.000Z,"2.02,7.01",a52584253.htm,https://www.sec.gov/Archives/edgar/data/30625/000115752322000241,https://www.sec.gov/Archives/edgar/data/30625/000115752322000241/index.json,NOT_CLASSIFIED
FTI,0001681459,0001681459-22-000002,8-K,2022-02-23,2022-02-23T21:18:16.000Z,2.02,fti-20220223.htm,https://www.sec.gov/Archives/edgar/data/1681459/000168145922000002,https://www.sec.gov/Archives/edgar/data/1681459/000168145922000002/index.json,NOT_CLASSIFIED
TPL,0001811074,0001811074-22-000012,8-K,2022-02-23,2022-02-23T21:21:40.000Z,2.02,tpl-20220223.htm,https://www.sec.gov/Archives/edgar/data/1811074/000181107422000012,https://www.sec.gov/Archives/edgar/data/1811074/000181107422000012/index.json,NOT_CLASSIFIED
TFX,0000096943,0000096943-22-000010,8-K,2022-02-24,2022-02-24T12:00:38.000Z,"2.02,7.01",tfx-20220224.htm,https://www.sec.gov/Archives/edgar/data/96943/000009694322000010,https://www.sec.gov/Archives/edgar/data/96943/000009694322000010/index.json,NOT_CLASSIFIED
EME,0000105634,0000105634-22-000009,8-K,2022-02-24,2022-02-24T16:45:02.000Z,2.02,eme-20220224.htm,https://www.sec.gov/Archives/edgar/data/105634/000010563422000009,https://www.sec.gov/Archives/edgar/data/105634/000010563422000009/index.json,NOT_CLASSIFIED
XYZ,0001512673,0001193125-22-052061,8-K,2022-02-24,2022-02-24T21:11:08.000Z,2.02,d219032d8k.htm,https://www.sec.gov/Archives/edgar/data/1512673/000119312522052061,https://www.sec.gov/Archives/edgar/data/1512673/000119312522052061/index.json,NOT_CLASSIFIED
AXON,0001069183,0001558370-22-001951,8-K,2022-02-24,2022-02-24T21:40:15.000Z,2.02,axon-20220224x8k.htm,https://www.sec.gov/Archives/edgar/data/1069183/000155837022001951,https://www.sec.gov/Archives/edgar/data/1069183/000155837022001951/index.json,NOT_CLASSIFIED
EPAM,0001352010,0001352010-22-000017,8-K,2022-02-25,2022-02-25T13:21:43.000Z,7.01,epam-20220224.htm,https://www.sec.gov/Archives/edgar/data/1352010/000135201022000017,https://www.sec.gov/Archives/edgar/data/1352010/000135201022000017/index.json,NOT_CLASSIFIED
TPL,0001811074,0001104659-22-027496,8-K,2022-02-28,2022-02-26T01:21:58.000Z,7.01,tm226623d3_8k.htm,https://www.sec.gov/Archives/edgar/data/1811074/000110465922027496,https://www.sec.gov/Archives/edgar/data/1811074/000110465922027496/index.json,NOT_CLASSIFIED
WDAY,0001327811,0001327811-22-000029,8-K,2022-02-28,2022-02-28T21:04:08.000Z,2.02,wday-20220228.htm,https://www.sec.gov/Archives/edgar/data/1327811/000132781122000029,https://www.sec.gov/Archives/edgar/data/1327811/000132781122000029/index.json,NOT_CLASSIFIED
FSLR,0001274494,0001274494-22-000008,8-K,2022-03-01,2022-03-01T21:22:35.000Z,2.02,fslr-20220301.htm,https://www.sec.gov/Archives/edgar/data/1274494/000127449422000008,https://www.sec.gov/Archives/edgar/data/1274494/000127449422000008/index.json,NOT_CLASSIFIED
UBER,0001543151,0001552781-22-000238,8-K,2022-03-07,2022-03-07T11:55:26.000Z,7.01,e22128_uber-8k.htm,https://www.sec.gov/Archives/edgar/data/1543151/000155278122000238,https://www.sec.gov/Archives/edgar/data/1543151/000155278122000238/index.json,NOT_CLASSIFIED
CIEN,0000936395,0000936395-22-000024,8-K,2022-03-07,2022-03-07T12:11:23.000Z,2.02,cien-20220307.htm,https://www.sec.gov/Archives/edgar/data/936395/000093639522000024,https://www.sec.gov/Archives/edgar/data/936395/000093639522000024/index.json,NOT_CLASSIFIED
JBL,0000898293,0001193125-22-076742,8-K,2022-03-16,2022-03-16T11:40:55.000Z,2.02,d286222d8k.htm,https://www.sec.gov/Archives/edgar/data/898293/000119312522076742,https://www.sec.gov/Archives/edgar/data/898293/000119312522076742/index.json,NOT_CLASSIFIED
CPT,0000906345,0000906345-22-000013,8-K,2022-03-18,2022-03-18T20:42:45.000Z,7.01,cpt-20220317.htm,https://www.sec.gov/Archives/edgar/data/906345/000090634522000013,https://www.sec.gov/Archives/edgar/data/906345/000090634522000013/index.json,NOT_CLASSIFIED
LII,0001069202,0001193125-22-082198,8-K,2022-03-23,2022-03-23T13:00:37.000Z,7.01,d315026d8k.htm,https://www.sec.gov/Archives/edgar/data/1069202/000119312522082198,https://www.sec.gov/Archives/edgar/data/1069202/000119312522082198/index.json,NOT_CLASSIFIED
LW,0001679273,0001558370-22-005141,8-K,2022-04-07,2022-04-07T12:37:45.000Z,2.02,lw-20220407x8k.htm,https://www.sec.gov/Archives/edgar/data/1679273/000155837022005141,https://www.sec.gov/Archives/edgar/data/1679273/000155837022005141/index.json,NOT_CLASSIFIED
EPAM,0001352010,0001352010-22-000029,8-K,2022-04-07,2022-04-07T21:23:47.000Z,7.01,epam-20220407.htm,https://www.sec.gov/Archives/edgar/data/1352010/000135201022000029,https://www.sec.gov/Archives/edgar/data/1352010/000135201022000029/index.json,NOT_CLASSIFIED
IBKR,0001381197,0001381197-22-000015,8-K,2022-04-19,2022-04-19T20:05:29.000Z,2.02,ibkr_8k-20220331.htm,https://www.sec.gov/Archives/edgar/data/1381197/000138119722000015,https://www.sec.gov/Archives/edgar/data/1381197/000138119722000015/index.json,NOT_CLASSIFIED
XRX,0001770450,0001770450-22-000014,8-K,2022-04-21,2022-04-21T10:42:27.000Z,2.02,xrx-20220421.htm,https://www.sec.gov/Archives/edgar/data/1770450/000177045022000014,https://www.sec.gov/Archives/edgar/data/1770450/000177045022000014/index.json,NOT_CLASSIFIED
TER,0000097210,0001193125-22-121452,8-K,2022-04-27,2022-04-27T10:12:04.000Z,2.02,d340918d8k.htm,https://www.sec.gov/Archives/edgar/data/97210/000119312522121452,https://www.sec.gov/Archives/edgar/data/97210/000119312522121452/index.json,NOT_CLASSIFIED
FTI,0001681459,0001681459-22-000040,8-K,2022-04-27,2022-04-27T20:31:49.000Z,2.02,fti-20220427.htm,https://www.sec.gov/Archives/edgar/data/1681459/000168145922000040,https://www.sec.gov/Archives/edgar/data/1681459/000168145922000040/index.json,NOT_CLASSIFIED
TFX,0000096943,0000096943-22-000037,8-K,2022-04-28,2022-04-28T11:01:08.000Z,"2.02,7.01",tfx-20220428.htm,https://www.sec.gov/Archives/edgar/data/96943/000009694322000037,https://www.sec.gov/Archives/edgar/data/96943/000009694322000037/index.json,NOT_CLASSIFIED
HOOD,0001783879,0001783879-22-000088,8-K,2022-04-28,2022-04-28T20:03:13.000Z,"2.02,7.01",hood-20220426.htm,https://www.sec.gov/Archives/edgar/data/1783879/000178387922000088,https://www.sec.gov/Archives/edgar/data/1783879/000178387922000088/index.json,NOT_CLASSIFIED
FSLR,0001274494,0001274494-22-000017,8-K,2022-04-28,2022-04-28T20:10:22.000Z,2.02,fslr-20220428.htm,https://www.sec.gov/Archives/edgar/data/1274494/000127449422000017,https://www.sec.gov/Archives/edgar/data/1274494/000127449422000017/index.json,NOT_CLASSIFIED
MHK,0000851968,0000851968-22-000056,8-K,2022-04-28,2022-04-28T20:30:14.000Z,2.02,mhk-20220428.htm,https://www.sec.gov/Archives/edgar/data/851968/000085196822000056,https://www.sec.gov/Archives/edgar/data/851968/000085196822000056/index.json,NOT_CLASSIFIED
CPT,0000906345,0000906345-22-000019,8-K,2022-04-28,2022-04-28T20:36:34.000Z,2.02,cpt-20220428.htm,https://www.sec.gov/Archives/edgar/data/906345/000090634522000019,https://www.sec.gov/Archives/edgar/data/906345/000090634522000019/index.json,NOT_CLASSIFIED
MPWR,0001280452,0001437749-22-010441,8-K,2022-05-02,2022-05-02T20:01:30.000Z,2.02,mpwr20220428_8k.htm,https://www.sec.gov/Archives/edgar/data/1280452/000143774922010441,https://www.sec.gov/Archives/edgar/data/1280452/000143774922010441/index.json,NOT_CLASSIFIED
FLS,0000030625,0001157523-22-000525,8-K,2022-05-02,2022-05-02T20:10:02.000Z,"2.02,7.01",a52704401.htm,https://www.sec.gov/Archives/edgar/data/30625/000115752322000525,https://www.sec.gov/Archives/edgar/data/30625/000115752322000525/index.json,NOT_CLASSIFIED
UBER,0001543151,0001543151-22-000012,8-K,2022-05-04,2022-05-04T11:01:21.000Z,2.02,uber-20220504.htm,https://www.sec.gov/Archives/edgar/data/1543151/000154315122000012,https://www.sec.gov/Archives/edgar/data/1543151/000154315122000012/index.json,NOT_CLASSIFIED
LITE,0001633978,0001628280-22-012145,8-K,2022-05-04,2022-05-04T11:47:31.000Z,2.02,lite-20220504.htm,https://www.sec.gov/Archives/edgar/data/1633978/000162828022012145,https://www.sec.gov/Archives/edgar/data/1633978/000162828022012145/index.json,NOT_CLASSIFIED
AXON,0001069183,0001069183-22-000010,8-K,2022-05-04,2022-05-04T20:10:01.000Z,7.01,axon-20220504x8k.htm,https://www.sec.gov/Archives/edgar/data/1069183/000106918322000010,https://www.sec.gov/Archives/edgar/data/1069183/000106918322000010/index.json,NOT_CLASSIFIED
QRVO,0001604778,0001604778-22-000015,8-K,2022-05-04,2022-05-04T20:18:35.000Z,2.02,rfmd-20220504.htm,https://www.sec.gov/Archives/edgar/data/1604778/000160477822000015,https://www.sec.gov/Archives/edgar/data/1604778/000160477822000015/index.json,NOT_CLASSIFIED
LNC,0000059558,0000059558-22-000018,8-K,2022-05-04,2022-05-04T20:19:46.000Z,2.02,lnc-20220504x8k.htm,https://www.sec.gov/Archives/edgar/data/59558/000005955822000018,https://www.sec.gov/Archives/edgar/data/59558/000005955822000018/index.json,NOT_CLASSIFIED
TPL,0001811074,0001811074-22-000025,8-K,2022-05-04,2022-05-04T20:26:13.000Z,2.02,tpl-20220504.htm,https://www.sec.gov/Archives/edgar/data/1811074/000181107422000025,https://www.sec.gov/Archives/edgar/data/1811074/000181107422000025/index.json,NOT_CLASSIFIED
EPAM,0001352010,0001352010-22-000032,8-K,2022-05-05,2022-05-05T01:58:24.000Z,2.02,epam-20220505.htm,https://www.sec.gov/Archives/edgar/data/1352010/000135201022000032,https://www.sec.gov/Archives/edgar/data/1352010/000135201022000032/index.json,NOT_CLASSIFIED
XYZ,0001512673,0001193125-22-142338,8-K,2022-05-05,2022-05-05T20:18:53.000Z,2.02,d340423d8k.htm,https://www.sec.gov/Archives/edgar/data/1512673/000119312522142338,https://www.sec.gov/Archives/edgar/data/1512673/000119312522142338/index.json,NOT_CLASSIFIED
AXON,0001069183,0001069183-22-000013,8-K,2022-05-10,2022-05-10T20:02:58.000Z,2.02,axon-20220510x8k.htm,https://www.sec.gov/Archives/edgar/data/1069183/000106918322000013,https://www.sec.gov/Archives/edgar/data/1069183/000106918322000013/index.json,NOT_CLASSIFIED
TFX,0000096943,0000096943-22-000071,8-K,2022-05-20,2022-05-20T11:28:59.000Z,7.01,tfx-20220520.htm,https://www.sec.gov/Archives/edgar/data/96943/000009694322000071,https://www.sec.gov/Archives/edgar/data/96943/000009694322000071/index.json,NOT_CLASSIFIED
XRX,0001770450,0001193125-22-157429,8-K,2022-05-23,2022-05-23T20:02:04.000Z,7.01,d224680d8k.htm,https://www.sec.gov/Archives/edgar/data/1770450/000119312522157429,https://www.sec.gov/Archives/edgar/data/1770450/000119312522157429/index.json,NOT_CLASSIFIED
NDSN,0000072331,0000072331-22-000032,8-K,2022-05-23,2022-05-23T20:45:01.000Z,"2.02,7.01",ndsn-20220523.htm,https://www.sec.gov/Archives/edgar/data/72331/000007233122000032,https://www.sec.gov/Archives/edgar/data/72331/000007233122000032/index.json,NOT_CLASSIFIED
WDAY,0001327811,0001327811-22-000090,8-K,2022-05-26,2022-05-26T20:03:43.000Z,2.02,wday-20220526.htm,https://www.sec.gov/Archives/edgar/data/1327811/000132781122000090,https://www.sec.gov/Archives/edgar/data/1327811/000132781122000090/index.json,NOT_CLASSIFIED
CIEN,0000936395,0000936395-22-000042,8-K,2022-06-02,2022-06-02T11:01:47.000Z,2.02,cien-20220602.htm,https://www.sec.gov/Archives/edgar/data/936395/000093639522000042,https://www.sec.gov/Archives/edgar/data/936395/000093639522000042/index.json,NOT_CLASSIFIED
DECK,0000910521,0000910521-22-000019,8-K,2022-06-10,2022-06-10T20:31:49.000Z,7.01,deck-20220610.htm,https://www.sec.gov/Archives/edgar/data/910521/000091052122000019,https://www.sec.gov/Archives/edgar/data/910521/000091052122000019/index.json,NOT_CLASSIFIED
JBL,0000898293,0001193125-22-175181,8-K,2022-06-16,2022-06-16T11:39:01.000Z,2.02,d328669d8k.htm,https://www.sec.gov/Archives/edgar/data/898293/000119312522175181,https://www.sec.gov/Archives/edgar/data/898293/000119312522175181/index.json,NOT_CLASSIFIED
NDSN,0000072331,0000072331-22-000062,8-K,2022-07-08,2022-07-08T12:34:05.000Z,7.01,ndsn-20220708.htm,https://www.sec.gov/Archives/edgar/data/72331/000007233122000062,https://www.sec.gov/Archives/edgar/data/72331/000007233122000062/index.json,NOT_CLASSIFIED
IBKR,0001381197,0001381197-22-000027,8-K,2022-07-19,2022-07-19T20:01:59.000Z,2.02,ibkr_8k-20220630.htm,https://www.sec.gov/Archives/edgar/data/1381197/000138119722000027,https://www.sec.gov/Archives/edgar/data/1381197/000138119722000027/index.json,NOT_CLASSIFIED
TER,0000097210,0001193125-22-202564,8-K,2022-07-27,2022-07-27T10:06:05.000Z,2.02,d385456d8k.htm,https://www.sec.gov/Archives/edgar/data/97210/000119312522202564,https://www.sec.gov/Archives/edgar/data/97210/000119312522202564/index.json,NOT_CLASSIFIED
LW,0001679273,0001558370-22-011106,8-K,2022-07-27,2022-07-27T12:40:20.000Z,2.02,lw-20220727x8k.htm,https://www.sec.gov/Archives/edgar/data/1679273/000155837022011106,https://www.sec.gov/Archives/edgar/data/1679273/000155837022011106/index.json,NOT_CLASSIFIED
FTI,0001681459,0001681459-22-000051,8-K,2022-07-27,2022-07-27T20:21:21.000Z,2.02,fti-20220727.htm,https://www.sec.gov/Archives/edgar/data/1681459/000168145922000051,https://www.sec.gov/Archives/edgar/data/1681459/000168145922000051/index.json,NOT_CLASSIFIED
XRX,0001770450,0001193125-22-203586,8-K,2022-07-27,2022-07-27T21:08:49.000Z,7.01,d385786d8k.htm,https://www.sec.gov/Archives/edgar/data/1770450/000119312522203586,https://www.sec.gov/Archives/edgar/data/1770450/000119312522203586/index.json,NOT_CLASSIFIED
LII,0001069202,0001193125-22-204168,8-K,2022-07-28,2022-07-28T11:42:56.000Z,2.02,d387591d8k.htm,https://www.sec.gov/Archives/edgar/data/1069202/000119312522204168,https://www.sec.gov/Archives/edgar/data/1069202/000119312522204168/index.json,NOT_CLASSIFIED
NOV,0001021860,0000950170-22-013290,8-K,2022-07-28,2022-07-28T13:02:06.000Z,2.02,nov-20220728.htm,https://www.sec.gov/Archives/edgar/data/1021860/000095017022013290,https://www.sec.gov/Archives/edgar/data/1021860/000095017022013290/index.json,NOT_CLASSIFIED
EME,0000105634,0000105634-22-000031,8-K,2022-07-28,2022-07-28T16:32:20.000Z,2.02,eme-20220728.htm,https://www.sec.gov/Archives/edgar/data/105634/000010563422000031,https://www.sec.gov/Archives/edgar/data/105634/000010563422000031/index.json,NOT_CLASSIFIED
FSLR,0001274494,0001274494-22-000032,8-K,2022-07-28,2022-07-28T20:06:47.000Z,2.02,fslr-20220728.htm,https://www.sec.gov/Archives/edgar/data/1274494/000127449422000032,https://www.sec.gov/Archives/edgar/data/1274494/000127449422000032/index.json,NOT_CLASSIFIED
DECK,0000910521,0000910521-22-000029,8-K,2022-07-28,2022-07-28T20:12:57.000Z,2.02,deck-20220728.htm,https://www.sec.gov/Archives/edgar/data/910521/000091052122000029,https://www.sec.gov/Archives/edgar/data/910521/000091052122000029/index.json,NOT_CLASSIFIED
CPT,0000906345,0000906345-22-000028,8-K,2022-07-28,2022-07-28T20:29:06.000Z,2.02,cpt-20220728.htm,https://www.sec.gov/Archives/edgar/data/906345/000090634522000028,https://www.sec.gov/Archives/edgar/data/906345/000090634522000028/index.json,NOT_CLASSIFIED
HOOD,0001783879,0001783879-22-000160,8-K,2022-07-29,2022-07-29T20:01:17.000Z,"2.02,7.01",hood-20220729.htm,https://www.sec.gov/Archives/edgar/data/1783879/000178387922000160,https://www.sec.gov/Archives/edgar/data/1783879/000178387922000160/index.json,NOT_CLASSIFIED
MPWR,0001280452,0001437749-22-018260,8-K,2022-08-01,2022-08-01T20:01:33.000Z,2.02,mpwr20220725_8k.htm,https://www.sec.gov/Archives/edgar/data/1280452/000143774922018260,https://www.sec.gov/Archives/edgar/data/1280452/000143774922018260/index.json,NOT_CLASSIFIED
UBER,0001543151,0001543151-22-000021,8-K,2022-08-02,2022-08-02T11:01:34.000Z,2.02,uber-20220802.htm,https://www.sec.gov/Archives/edgar/data/1543151/000154315122000021,https://www.sec.gov/Archives/edgar/data/1543151/000154315122000021/index.json,NOT_CLASSIFIED
GNRC,0001474735,0001437749-22-018543,8-K,2022-08-03,2022-08-03T10:05:17.000Z,2.02,gnrc20220801_8k.htm,https://www.sec.gov/Archives/edgar/data/1474735/000143774922018543,https://www.sec.gov/Archives/edgar/data/1474735/000143774922018543/index.json,NOT_CLASSIFIED
LNC,0000059558,0000059558-22-000036,8-K,2022-08-03,2022-08-03T20:17:26.000Z,2.02,lnc-20220803x8k.htm,https://www.sec.gov/Archives/edgar/data/59558/000005955822000036,https://www.sec.gov/Archives/edgar/data/59558/000005955822000036/index.json,NOT_CLASSIFIED
QRVO,0001604778,0001604778-22-000038,8-K,2022-08-03,2022-08-03T20:19:27.000Z,2.02,rfmd-20220803.htm,https://www.sec.gov/Archives/edgar/data/1604778/000160477822000038,https://www.sec.gov/Archives/edgar/data/1604778/000160477822000038/index.json,NOT_CLASSIFIED
EPAM,0001352010,0001352010-22-000045,8-K,2022-08-04,2022-08-04T01:46:15.000Z,2.02,epam-20220804.htm,https://www.sec.gov/Archives/edgar/data/1352010/000135201022000045,https://www.sec.gov/Archives/edgar/data/1352010/000135201022000045/index.json,NOT_CLASSIFIED
XYZ,0001512673,0001193125-22-212527,8-K,2022-08-04,2022-08-04T20:14:02.000Z,2.02,d369631d8k.htm,https://www.sec.gov/Archives/edgar/data/1512673/000119312522212527,https://www.sec.gov/Archives/edgar/data/1512673/000119312522212527/index.json,NOT_CLASSIFIED
AXON,0001069183,0001069183-22-000032,8-K,2022-08-09,2022-08-09T20:04:41.000Z,2.02,axon-20220809x8k.htm,https://www.sec.gov/Archives/edgar/data/1069183/000106918322000032,https://www.sec.gov/Archives/edgar/data/1069183/000106918322000032/index.json,NOT_CLASSIFIED
LITE,0001633978,0001628280-22-022980,8-K,2022-08-16,2022-08-16T11:47:43.000Z,2.02,lite_8kxq4fy22.htm,https://www.sec.gov/Archives/edgar/data/1633978/000162828022022980,https://www.sec.gov/Archives/edgar/data/1633978/000162828022022980/index.json,NOT_CLASSIFIED
FLS,0000030625,0001157523-22-001137,8-K,2022-08-17,2022-08-17T20:16:44.000Z,7.01,a52816090.htm,https://www.sec.gov/Archives/edgar/data/30625/000115752322001137,https://www.sec.gov/Archives/edgar/data/30625/000115752322001137/index.json,NOT_CLASSIFIED
PANW,0001327567,0001327567-22-000020,8-K,2022-08-22,2022-08-22T20:14:37.000Z,2.02,panw-20220822.htm,https://www.sec.gov/Archives/edgar/data/1327567/000132756722000020,https://www.sec.gov/Archives/edgar/data/1327567/000132756722000020/index.json,NOT_CLASSIFIED
NDSN,0000072331,0000072331-22-000078,8-K,2022-08-22,2022-08-22T20:34:41.000Z,"2.02,7.01",ndsn-20220822.htm,https://www.sec.gov/Archives/edgar/data/72331/000007233122000078,https://www.sec.gov/Archives/edgar/data/72331/000007233122000078/index.json,NOT_CLASSIFIED
QRVO,0001604778,0001604778-22-000048,8-K,2022-08-30,2022-08-30T20:20:17.000Z,7.01,rfmd-20220826.htm,https://www.sec.gov/Archives/edgar/data/1604778/000160477822000048,https://www.sec.gov/Archives/edgar/data/1604778/000160477822000048/index.json,NOT_CLASSIFIED
NDSN,0000072331,0000072331-22-000091,8-K,2022-09-08,2022-09-08T20:31:20.000Z,2.02,ndsn-20220908.htm,https://www.sec.gov/Archives/edgar/data/72331/000007233122000091,https://www.sec.gov/Archives/edgar/data/72331/000007233122000091/index.json,NOT_CLASSIFIED
FLS,0000030625,0001157523-22-001219,8-K,2022-09-13,2022-09-13T20:45:48.000Z,7.01,a52893566.htm,https://www.sec.gov/Archives/edgar/data/30625/000115752322001219,https://www.sec.gov/Archives/edgar/data/30625/000115752322001219/index.json,NOT_CLASSIFIED
UBER,0001543151,0001552781-22-000558,8-K,2022-09-19,2022-09-19T21:19:55.000Z,7.01,e22427_uber-8k.htm,https://www.sec.gov/Archives/edgar/data/1543151/000155278122000558,https://www.sec.gov/Archives/edgar/data/1543151/000155278122000558/index.json,NOT_CLASSIFIED
LNC,0000059558,0001564590-22-032038,8-K,2022-09-21,2022-09-21T12:37:23.000Z,7.01,lnc-8k_20220921.htm,https://www.sec.gov/Archives/edgar/data/59558/000156459022032038,https://www.sec.gov/Archives/edgar/data/59558/000156459022032038/index.json,NOT_CLASSIFIED
JBL,0000898293,0001193125-22-251750,8-K,2022-09-27,2022-09-27T12:05:33.000Z,2.02,d345991d8k.htm,https://www.sec.gov/Archives/edgar/data/898293/000119312522251750,https://www.sec.gov/Archives/edgar/data/898293/000119312522251750/index.json,NOT_CLASSIFIED
LW,0001679273,0001558370-22-014841,8-K,2022-10-05,2022-10-05T12:40:24.000Z,2.02,lw-20221005x8k.htm,https://www.sec.gov/Archives/edgar/data/1679273/000155837022014841,https://www.sec.gov/Archives/edgar/data/1679273/000155837022014841/index.json,NOT_CLASSIFIED
IBKR,0001381197,0001381197-22-000049,8-K,2022-10-18,2022-10-18T20:03:23.000Z,2.02,ibkr_8k-20220930.htm,https://www.sec.gov/Archives/edgar/data/1381197/000138119722000049,https://www.sec.gov/Archives/edgar/data/1381197/000138119722000049/index.json,NOT_CLASSIFIED
GNRC,0001474735,0001437749-22-024347,8-K,2022-10-19,2022-10-19T10:03:16.000Z,2.02,gnrc20221018_8k.htm,https://www.sec.gov/Archives/edgar/data/1474735/000143774922024347,https://www.sec.gov/Archives/edgar/data/1474735/000143774922024347/index.json,NOT_CLASSIFIED
LW,0001679273,0001104659-22-110122,8-K,2022-10-20,2022-10-20T12:37:39.000Z,7.01,tm2228544d1_8k.htm,https://www.sec.gov/Archives/edgar/data/1679273/000110465922110122,https://www.sec.gov/Archives/edgar/data/1679273/000110465922110122/index.json,NOT_CLASSIFIED
XRX,0001770450,0001770450-22-000034,8-K,2022-10-25,2022-10-25T10:45:07.000Z,2.02,xrx-20221025.htm,https://www.sec.gov/Archives/edgar/data/1770450/000177045022000034,https://www.sec.gov/Archives/edgar/data/1770450/000177045022000034/index.json,NOT_CLASSIFIED
FTI,0001681459,0001681459-22-000057,8-K,2022-10-26,2022-10-26T20:18:08.000Z,2.02,fti-20221026.htm,https://www.sec.gov/Archives/edgar/data/1681459/000168145922000057,https://www.sec.gov/Archives/edgar/data/1681459/000168145922000057/index.json,NOT_CLASSIFIED
LII,0001069202,0001193125-22-270358,8-K,2022-10-27,2022-10-27T11:41:33.000Z,2.02,d390826d8k.htm,https://www.sec.gov/Archives/edgar/data/1069202/000119312522270358,https://www.sec.gov/Archives/edgar/data/1069202/000119312522270358/index.json,NOT_CLASSIFIED
EME,0000105634,0000105634-22-000043,8-K,2022-10-27,2022-10-27T16:01:43.000Z,2.02,eme-20221027.htm,https://www.sec.gov/Archives/edgar/data/105634/000010563422000043,https://www.sec.gov/Archives/edgar/data/105634/000010563422000043/index.json,NOT_CLASSIFIED
MPWR,0001280452,0001437749-22-024940,8-K,2022-10-27,2022-10-27T20:01:24.000Z,2.02,mpwr20221022_8k.htm,https://www.sec.gov/Archives/edgar/data/1280452/000143774922024940,https://www.sec.gov/Archives/edgar/data/1280452/000143774922024940/index.json,NOT_CLASSIFIED
FSLR,0001274494,0001274494-22-000038,8-K,2022-10-27,2022-10-27T20:06:28.000Z,2.02,fslr-20221027.htm,https://www.sec.gov/Archives/edgar/data/1274494/000127449422000038,https://www.sec.gov/Archives/edgar/data/1274494/000127449422000038/index.json,NOT_CLASSIFIED
DECK,0000910521,0000910521-22-000036,8-K,2022-10-27,2022-10-27T20:08:12.000Z,2.02,deck-20221027.htm,https://www.sec.gov/Archives/edgar/data/910521/000091052122000036,https://www.sec.gov/Archives/edgar/data/910521/000091052122000036/index.json,NOT_CLASSIFIED
MHK,0000851968,0000851968-22-000089,8-K,2022-10-27,2022-10-27T20:17:20.000Z,2.02,mhk-20221027.htm,https://www.sec.gov/Archives/edgar/data/851968/000085196822000089,https://www.sec.gov/Archives/edgar/data/851968/000085196822000089/index.json,NOT_CLASSIFIED
NOV,0001021860,0000950170-22-020390,8-K,2022-10-28,2022-10-28T13:18:08.000Z,2.02,nov-20221028.htm,https://www.sec.gov/Archives/edgar/data/1021860/000095017022020390,https://www.sec.gov/Archives/edgar/data/1021860/000095017022020390/index.json,NOT_CLASSIFIED
HOOD,0001783879,0001783879-22-000219,8-K,2022-10-31,2022-10-31T20:14:39.000Z,"2.02,7.01",hood-20221031.htm,https://www.sec.gov/Archives/edgar/data/1783879/000178387922000219,https://www.sec.gov/Archives/edgar/data/1783879/000178387922000219/index.json,NOT_CLASSIFIED
UBER,0001543151,0001543151-22-000029,8-K,2022-11-01,2022-11-01T11:05:35.000Z,2.02,uber-20221101.htm,https://www.sec.gov/Archives/edgar/data/1543151/000154315122000029,https://www.sec.gov/Archives/edgar/data/1543151/000154315122000029/index.json,NOT_CLASSIFIED
GNRC,0001474735,0001437749-22-025447,8-K,2022-11-02,2022-11-02T10:02:22.000Z,2.02,gnrc20221031_8k.htm,https://www.sec.gov/Archives/edgar/data/1474735/000143774922025447,https://www.sec.gov/Archives/edgar/data/1474735/000143774922025447/index.json,NOT_CLASSIFIED
HOOD,0001783879,0001783879-22-000229,8-K,2022-11-02,2022-11-02T20:04:42.000Z,2.02,hood-20221102.htm,https://www.sec.gov/Archives/edgar/data/1783879/000178387922000229,https://www.sec.gov/Archives/edgar/data/1783879/000178387922000229/index.json,NOT_CLASSIFIED
QRVO,0001604778,0001604778-22-000060,8-K,2022-11-02,2022-11-02T20:12:51.000Z,2.02,rfmd-20221102.htm,https://www.sec.gov/Archives/edgar/data/1604778/000160477822000060,https://www.sec.gov/Archives/edgar/data/1604778/000160477822000060/index.json,NOT_CLASSIFIED
TPL,0001811074,0001811074-22-000069,8-K,2022-11-02,2022-11-02T20:17:05.000Z,2.02,tpl-20221102.htm,https://www.sec.gov/Archives/edgar/data/1811074/000181107422000069,https://www.sec.gov/Archives/edgar/data/1811074/000181107422000069/index.json,NOT_CLASSIFIED
EPAM,0001352010,0001352010-22-000053,8-K,2022-11-03,2022-11-03T00:07:55.000Z,2.02,epam-20221103.htm,https://www.sec.gov/Archives/edgar/data/1352010/000135201022000053,https://www.sec.gov/Archives/edgar/data/1352010/000135201022000053/index.json,NOT_CLASSIFIED
XYZ,0001512673,0001193125-22-276894,8-K,2022-11-03,2022-11-03T20:11:46.000Z,2.02,d361490d8k.htm,https://www.sec.gov/Archives/edgar/data/1512673/000119312522276894,https://www.sec.gov/Archives/edgar/data/1512673/000119312522276894/index.json,NOT_CLASSIFIED
LITE,0001633978,0001628280-22-028758,8-K,2022-11-08,2022-11-08T12:35:51.000Z,2.02,lite-20221108.htm,https://www.sec.gov/Archives/edgar/data/1633978/000162828022028758,https://www.sec.gov/Archives/edgar/data/1633978/000162828022028758/index.json,NOT_CLASSIFIED
TPL,0001811074,0001811074-22-000076,8-K,2022-11-08,2022-11-08T13:25:57.000Z,7.01,tpl-20221108.htm,https://www.sec.gov/Archives/edgar/data/1811074/000181107422000076,https://www.sec.gov/Archives/edgar/data/1811074/000181107422000076/index.json,NOT_CLASSIFIED
AXON,0001069183,0001069183-22-000053,8-K,2022-11-08,2022-11-08T21:03:01.000Z,2.02,axon-20221108x8k.htm,https://www.sec.gov/Archives/edgar/data/1069183/000106918322000053,https://www.sec.gov/Archives/edgar/data/1069183/000106918322000053/index.json,NOT_CLASSIFIED
LII,0001069202,0001193125-22-287244,8-K,2022-11-17,2022-11-17T13:06:02.000Z,7.01,d385962d8k.htm,https://www.sec.gov/Archives/edgar/data/1069202/000119312522287244,https://www.sec.gov/Archives/edgar/data/1069202/000119312522287244/index.json,NOT_CLASSIFIED
PANW,0001327567,0001327567-22-000035,8-K,2022-11-17,2022-11-17T21:16:58.000Z,2.02,panw-20221117.htm,https://www.sec.gov/Archives/edgar/data/1327567/000132756722000035,https://www.sec.gov/Archives/edgar/data/1327567/000132756722000035/index.json,NOT_CLASSIFIED
CIEN,0000936395,0000936395-22-000055,8-K,2022-11-22,2022-11-22T21:37:17.000Z,7.01,cien-20221122.htm,https://www.sec.gov/Archives/edgar/data/936395/000093639522000055,https://www.sec.gov/Archives/edgar/data/936395/000093639522000055/index.json,NOT_CLASSIFIED
CIEN,0000936395,0000936395-22-000058,8-K,2022-12-08,2022-12-08T12:01:36.000Z,2.02,cien-20221208.htm,https://www.sec.gov/Archives/edgar/data/936395/000093639522000058,https://www.sec.gov/Archives/edgar/data/936395/000093639522000058/index.json,NOT_CLASSIFIED
NDSN,0000072331,0000072331-22-000183,8-K,2022-12-14,2022-12-14T21:35:42.000Z,"2.02,7.01",ndsn-20221214.htm,https://www.sec.gov/Archives/edgar/data/72331/000007233122000183,https://www.sec.gov/Archives/edgar/data/72331/000007233122000183/index.json,NOT_CLASSIFIED
EME,0000105634,0000105634-22-000046,8-K,2022-12-15,2022-12-15T16:02:29.000Z,7.01,eme-20221214.htm,https://www.sec.gov/Archives/edgar/data/105634/000010563422000046,https://www.sec.gov/Archives/edgar/data/105634/000010563422000046/index.json,NOT_CLASSIFIED
WDAY,0001327811,0001104659-22-128643,8-K,2022-12-20,2022-12-20T21:10:11.000Z,7.01,tm2233055d1_8k.htm,https://www.sec.gov/Archives/edgar/data/1327811/000110465922128643,https://www.sec.gov/Archives/edgar/data/1327811/000110465922128643/index.json,NOT_CLASSIFIED
LW,0001679273,0001558370-23-000043,8-K,2023-01-05,2023-01-05T13:38:09.000Z,2.02,lw-20230105x8k.htm,https://www.sec.gov/Archives/edgar/data/1679273/000155837023000043,https://www.sec.gov/Archives/edgar/data/1679273/000155837023000043/index.json,NOT_CLASSIFIED
MHK,0000851968,0001193125-23-009096,8-K,2023-01-17,2023-01-17T16:25:04.000Z,2.02,d445913d8k.htm,https://www.sec.gov/Archives/edgar/data/851968/000119312523009096,https://www.sec.gov/Archives/edgar/data/851968/000119312523009096/index.json,NOT_CLASSIFIED
IBKR,0001381197,0001381197-23-000008,8-K,2023-01-17,2023-01-17T21:02:19.000Z,2.02,ibkr_8k-20221231.htm,https://www.sec.gov/Archives/edgar/data/1381197/000138119723000008,https://www.sec.gov/Archives/edgar/data/1381197/000138119723000008/index.json,NOT_CLASSIFIED
TER,0000097210,0001193125-23-015618,8-K,2023-01-26,2023-01-26T11:05:02.000Z,2.02,d433401d8k.htm,https://www.sec.gov/Archives/edgar/data/97210/000119312523015618,https://www.sec.gov/Archives/edgar/data/97210/000119312523015618/index.json,NOT_CLASSIFIED
LII,0001069202,0001193125-23-019706,8-K,2023-01-31,2023-01-31T12:47:02.000Z,2.02,d457144d8k.htm,https://www.sec.gov/Archives/edgar/data/1069202/000119312523019706,https://www.sec.gov/Archives/edgar/data/1069202/000119312523019706/index.json,NOT_CLASSIFIED
QRVO,0001604778,0001604778-23-000027,8-K,2023-02-01,2023-02-01T21:08:35.000Z,2.02,rfmd-20230201.htm,https://www.sec.gov/Archives/edgar/data/1604778/000160477823000027,https://www.sec.gov/Archives/edgar/data/1604778/000160477823000027/index.json,NOT_CLASSIFIED
FTI,0001681459,0001681459-23-000004,8-K,2023-02-01,2023-02-01T21:15:43.000Z,7.01,fti-20230127.htm,https://www.sec.gov/Archives/edgar/data/1681459/000168145923000004,https://www.sec.gov/Archives/edgar/data/1681459/000168145923000004/index.json,NOT_CLASSIFIED
NOV,0001021860,0000950170-23-001931,8-K,2023-02-07,2023-02-07T14:43:25.000Z,2.02,nov-20230207.htm,https://www.sec.gov/Archives/edgar/data/1021860/000095017023001931,https://www.sec.gov/Archives/edgar/data/1021860/000095017023001931/index.json,NOT_CLASSIFIED
UBER,0001543151,0001543151-23-000004,8-K,2023-02-08,2023-02-08T12:05:44.000Z,2.02,uber-20230208.htm,https://www.sec.gov/Archives/edgar/data/1543151/000154315123000004,https://www.sec.gov/Archives/edgar/data/1543151/000154315123000004/index.json,NOT_CLASSIFIED
MPWR,0001280452,0001437749-23-002781,8-K,2023-02-08,2023-02-08T21:01:25.000Z,2.02,mpwr20230206_8k.htm,https://www.sec.gov/Archives/edgar/data/1280452/000143774923002781,https://www.sec.gov/Archives/edgar/data/1280452/000143774923002781/index.json,NOT_CLASSIFIED
HOOD,0001783879,0001628280-23-002760,8-K,2023-02-08,2023-02-08T21:05:38.000Z,2.02,hood-20230203.htm,https://www.sec.gov/Archives/edgar/data/1783879/000162828023002760,https://www.sec.gov/Archives/edgar/data/1783879/000162828023002760/index.json,NOT_CLASSIFIED
LNC,0000059558,0000059558-23-000004,8-K,2023-02-08,2023-02-08T21:15:57.000Z,2.02,lnc-20230208x8k.htm,https://www.sec.gov/Archives/edgar/data/59558/000005955823000004,https://www.sec.gov/Archives/edgar/data/59558/000005955823000004/index.json,NOT_CLASSIFIED
LITE,0001633978,0001628280-23-002866,8-K,2023-02-09,2023-02-09T12:46:47.000Z,2.02,lite-20230209.htm,https://www.sec.gov/Archives/edgar/data/1633978/000162828023002866,https://www.sec.gov/Archives/edgar/data/1633978/000162828023002866/index.json,NOT_CLASSIFIED
MHK,0000851968,0000851968-23-000023,8-K,2023-02-09,2023-02-09T21:12:57.000Z,2.02,mhk-20230209.htm,https://www.sec.gov/Archives/edgar/data/851968/000085196823000023,https://www.sec.gov/Archives/edgar/data/851968/000085196823000023/index.json,NOT_CLASSIFIED
FLS,0000030625,0001157523-23-000246,8-K,2023-02-10,2023-02-10T12:03:42.000Z,2.02,a53314541.htm,https://www.sec.gov/Archives/edgar/data/30625/000115752323000246,https://www.sec.gov/Archives/edgar/data/30625/000115752323000246/index.json,NOT_CLASSIFIED
GNRC,0001474735,0001437749-23-003413,8-K,2023-02-15,2023-02-15T11:01:47.000Z,2.02,gnrc20230213_8k.htm,https://www.sec.gov/Archives/edgar/data/1474735/000143774923003413,https://www.sec.gov/Archives/edgar/data/1474735/000143774923003413/index.json,NOT_CLASSIFIED
NDSN,0000072331,0000072331-23-000038,8-K,2023-02-21,2023-02-21T11:55:27.000Z,"2.02,7.01",ndsn-20230220.htm,https://www.sec.gov/Archives/edgar/data/72331/000007233123000038,https://www.sec.gov/Archives/edgar/data/72331/000007233123000038/index.json,NOT_CLASSIFIED
PANW,0001327567,0001327567-23-000005,8-K,2023-02-21,2023-02-21T21:11:11.000Z,2.02,panw-20230221.htm,https://www.sec.gov/Archives/edgar/data/1327567/000132756723000005,https://www.sec.gov/Archives/edgar/data/1327567/000132756723000005/index.json,NOT_CLASSIFIED
TPL,0001811074,0001811074-23-000012,8-K,2023-02-22,2023-02-22T21:24:24.000Z,2.02,tpl-20230222.htm,https://www.sec.gov/Archives/edgar/data/1811074/000181107423000012,https://www.sec.gov/Archives/edgar/data/1811074/000181107423000012/index.json,NOT_CLASSIFIED
TFX,0000096943,0000096943-23-000019,8-K,2023-02-23,2023-02-23T12:00:41.000Z,"2.02,7.01",tfx-20230223.htm,https://www.sec.gov/Archives/edgar/data/96943/000009694323000019,https://www.sec.gov/Archives/edgar/data/96943/000009694323000019/index.json,NOT_CLASSIFIED
FTI,0001681459,0001681459-23-000013,8-K,2023-02-23,2023-02-23T12:03:42.000Z,2.02,fti-20230223.htm,https://www.sec.gov/Archives/edgar/data/1681459/000168145923000013,https://www.sec.gov/Archives/edgar/data/1681459/000168145923000013/index.json,NOT_CLASSIFIED
TPL,0001811074,0001104659-23-024875,8-K,2023-02-24,2023-02-24T00:21:42.000Z,7.01,tm237488d1_8k.htm,https://www.sec.gov/Archives/edgar/data/1811074/000110465923024875,https://www.sec.gov/Archives/edgar/data/1811074/000110465923024875/index.json,NOT_CLASSIFIED
WDAY,0001327811,0001327811-23-000022,8-K,2023-02-27,2023-02-27T21:06:29.000Z,2.02,wday-20230227.htm,https://www.sec.gov/Archives/edgar/data/1327811/000132781123000022,https://www.sec.gov/Archives/edgar/data/1327811/000132781123000022/index.json,NOT_CLASSIFIED
AXON,0001069183,0001069183-23-000004,8-K,2023-02-28,2023-02-28T21:04:30.000Z,2.02,axon-20230228x8k.htm,https://www.sec.gov/Archives/edgar/data/1069183/000106918323000004,https://www.sec.gov/Archives/edgar/data/1069183/000106918323000004/index.json,NOT_CLASSIFIED
FSLR,0001274494,0001274494-23-000001,8-K,2023-02-28,2023-02-28T21:05:27.000Z,2.02,fslr-20230228.htm,https://www.sec.gov/Archives/edgar/data/1274494/000127449423000001,https://www.sec.gov/Archives/edgar/data/1274494/000127449423000001/index.json,NOT_CLASSIFIED
JBL,0000898293,0001193125-23-071992,8-K,2023-03-16,2023-03-16T11:53:52.000Z,2.02,d483057d8k.htm,https://www.sec.gov/Archives/edgar/data/898293/000119312523071992,https://www.sec.gov/Archives/edgar/data/898293/000119312523071992/index.json,NOT_CLASSIFIED
LNC,0000059558,0001193125-23-080586,8-K,2023-03-27,2023-03-27T21:05:57.000Z,"2.02,7.01",d421416d8k.htm,https://www.sec.gov/Archives/edgar/data/59558/000119312523080586,https://www.sec.gov/Archives/edgar/data/59558/000119312523080586/index.json,NOT_CLASSIFIED
CIEN,0000936395,0001193125-23-093438,8-K,2023-04-06,2023-04-06T15:46:54.000Z,7.01,d475504d8k.htm,https://www.sec.gov/Archives/edgar/data/936395/000119312523093438,https://www.sec.gov/Archives/edgar/data/936395/000119312523093438/index.json,NOT_CLASSIFIED
LNC,0000059558,0000059558-23-000024,8-K,2023-04-06,2023-04-06T20:15:46.000Z,2.02,lnc-20230406x8k.htm,https://www.sec.gov/Archives/edgar/data/59558/000005955823000024,https://www.sec.gov/Archives/edgar/data/59558/000005955823000024/index.json,NOT_CLASSIFIED
FLS,0000030625,0001157523-23-000542,8-K,2023-04-12,2023-04-12T20:10:40.000Z,7.01,a53379150.htm,https://www.sec.gov/Archives/edgar/data/30625/000115752323000542,https://www.sec.gov/Archives/edgar/data/30625/000115752323000542/index.json,NOT_CLASSIFIED
IBKR,0001381197,0001381197-23-000017,8-K,2023-04-18,2023-04-18T20:01:46.000Z,2.02,ibkr_8k-20230331.htm,https://www.sec.gov/Archives/edgar/data/1381197/000138119723000017,https://www.sec.gov/Archives/edgar/data/1381197/000138119723000017/index.json,NOT_CLASSIFIED
XRX,0001770450,0001770450-23-000027,8-K,2023-04-25,2023-04-25T10:45:16.000Z,2.02,xrx-20230425.htm,https://www.sec.gov/Archives/edgar/data/1770450/000177045023000027,https://www.sec.gov/Archives/edgar/data/1770450/000177045023000027/index.json,NOT_CLASSIFIED
TER,0000097210,0001193125-23-119702,8-K,2023-04-27,2023-04-27T10:05:02.000Z,2.02,d450766d8k.htm,https://www.sec.gov/Archives/edgar/data/97210/000119312523119702,https://www.sec.gov/Archives/edgar/data/97210/000119312523119702/index.json,NOT_CLASSIFIED
FTI,0001681459,0001681459-23-000064,8-K,2023-04-27,2023-04-27T10:49:23.000Z,2.02,fti-20230427.htm,https://www.sec.gov/Archives/edgar/data/1681459/000168145923000064,https://www.sec.gov/Archives/edgar/data/1681459/000168145923000064/index.json,NOT_CLASSIFIED
LII,0001069202,0001193125-23-120058,8-K,2023-04-27,2023-04-27T11:31:32.000Z,2.02,d486213d8k.htm,https://www.sec.gov/Archives/edgar/data/1069202/000119312523120058,https://www.sec.gov/Archives/edgar/data/1069202/000119312523120058/index.json,NOT_CLASSIFIED
NOV,0001021860,0000950170-23-015068,8-K,2023-04-27,2023-04-27T14:56:05.000Z,2.02,nov-20230426.htm,https://www.sec.gov/Archives/edgar/data/1021860/000095017023015068,https://www.sec.gov/Archives/edgar/data/1021860/000095017023015068/index.json,NOT_CLASSIFIED
FSLR,0001274494,0001274494-23-000009,8-K,2023-04-27,2023-04-27T20:06:38.000Z,2.02,fslr-20230427.htm,https://www.sec.gov/Archives/edgar/data/1274494/000127449423000009,https://www.sec.gov/Archives/edgar/data/1274494/000127449423000009/index.json,NOT_CLASSIFIED
MHK,0000851968,0000851968-23-000062,8-K,2023-04-27,2023-04-27T20:16:38.000Z,2.02,mhk-20230427.htm,https://www.sec.gov/Archives/edgar/data/851968/000085196823000062,https://www.sec.gov/Archives/edgar/data/851968/000085196823000062/index.json,NOT_CLASSIFIED
CPT,0000906345,0000906345-23-000021,8-K,2023-04-27,2023-04-27T20:31:18.000Z,2.02,cpt-20230427.htm,https://www.sec.gov/Archives/edgar/data/906345/000090634523000021,https://www.sec.gov/Archives/edgar/data/906345/000090634523000021/index.json,NOT_CLASSIFIED
EME,0000105634,0000105634-23-000016,8-K,2023-04-28,2023-04-28T16:08:15.000Z,2.02,eme-20230427.htm,https://www.sec.gov/Archives/edgar/data/105634/000010563423000016,https://www.sec.gov/Archives/edgar/data/105634/000010563423000016/index.json,NOT_CLASSIFIED
HOOD,0001783879,0001783879-23-000097,8-K,2023-04-28,2023-04-28T20:03:11.000Z,"2.02,7.01",hood-20230428.htm,https://www.sec.gov/Archives/edgar/data/1783879/000178387923000097,https://www.sec.gov/Archives/edgar/data/1783879/000178387923000097/index.json,NOT_CLASSIFIED
FLS,0000030625,0001157523-23-000656,8-K,2023-05-01,2023-05-01T20:05:43.000Z,"2.02,7.01",a53390973.htm,https://www.sec.gov/Archives/edgar/data/30625/000115752323000656,https://www.sec.gov/Archives/edgar/data/30625/000115752323000656/index.json,NOT_CLASSIFIED
UBER,0001543151,0001543151-23-000013,8-K,2023-05-02,2023-05-02T10:59:20.000Z,2.02,uber-20230502.htm,https://www.sec.gov/Archives/edgar/data/1543151/000154315123000013,https://www.sec.gov/Archives/edgar/data/1543151/000154315123000013/index.json,NOT_CLASSIFIED
LNC,0000059558,0001564590-23-006854,8-K,2023-05-02,2023-05-02T20:09:16.000Z,"2.02,7.01",lnc-8k_20230502.htm,https://www.sec.gov/Archives/edgar/data/59558/000156459023006854,https://www.sec.gov/Archives/edgar/data/59558/000156459023006854/index.json,NOT_CLASSIFIED
GNRC,0001474735,0001437749-23-012184,8-K,2023-05-03,2023-05-03T10:02:43.000Z,2.02,gnrc20230501_8k.htm,https://www.sec.gov/Archives/edgar/data/1474735/000143774923012184,https://www.sec.gov/Archives/edgar/data/1474735/000143774923012184/index.json,NOT_CLASSIFIED
QRVO,0001604778,0001604778-23-000039,8-K,2023-05-03,2023-05-03T20:12:38.000Z,2.02,rfmd-20230503.htm,https://www.sec.gov/Archives/edgar/data/1604778/000160477823000039,https://www.sec.gov/Archives/edgar/data/1604778/000160477823000039/index.json,NOT_CLASSIFIED
TPL,0001811074,0001811074-23-000023,8-K,2023-05-03,2023-05-03T20:18:55.000Z,2.02,tpl-20230503.htm,https://www.sec.gov/Archives/edgar/data/1811074/000181107423000023,https://www.sec.gov/Archives/edgar/data/1811074/000181107423000023/index.json,NOT_CLASSIFIED
MPWR,0001280452,0001437749-23-012554,8-K,2023-05-04,2023-05-04T20:01:21.000Z,2.02,mpwr20230428_8k.htm,https://www.sec.gov/Archives/edgar/data/1280452/000143774923012554,https://www.sec.gov/Archives/edgar/data/1280452/000143774923012554/index.json,NOT_CLASSIFIED
XYZ,0001512673,0001193125-23-135928,8-K,2023-05-04,2023-05-04T20:14:20.000Z,2.02,d440104d8k.htm,https://www.sec.gov/Archives/edgar/data/1512673/000119312523135928,https://www.sec.gov/Archives/edgar/data/1512673/000119312523135928/index.json,NOT_CLASSIFIED
EPAM,0001352010,0001352010-23-000022,8-K,2023-05-05,2023-05-05T01:28:05.000Z,2.02,epam-20230505.htm,https://www.sec.gov/Archives/edgar/data/1352010/000135201023000022,https://www.sec.gov/Archives/edgar/data/1352010/000135201023000022/index.json,NOT_CLASSIFIED
LITE,0001633978,0001628280-23-016629,8-K,2023-05-09,2023-05-09T11:52:39.000Z,2.02,lite-20230509.htm,https://www.sec.gov/Archives/edgar/data/1633978/000162828023016629,https://www.sec.gov/Archives/edgar/data/1633978/000162828023016629/index.json,NOT_CLASSIFIED
AXON,0001069183,0001069183-23-000027,8-K,2023-05-09,2023-05-09T20:09:31.000Z,2.02,axon-20230509x8k.htm,https://www.sec.gov/Archives/edgar/data/1069183/000106918323000027,https://www.sec.gov/Archives/edgar/data/1069183/000106918323000027/index.json,NOT_CLASSIFIED
HOOD,0001783879,0001783879-23-000116,8-K,2023-05-10,2023-05-10T20:05:41.000Z,2.02,hood-20230510.htm,https://www.sec.gov/Archives/edgar/data/1783879/000178387923000116,https://www.sec.gov/Archives/edgar/data/1783879/000178387923000116/index.json,NOT_CLASSIFIED
NDSN,0000072331,0000072331-23-000096,8-K,2023-05-22,2023-05-22T20:41:33.000Z,"2.02,7.01",ndsn-20230522.htm,https://www.sec.gov/Archives/edgar/data/72331/000007233123000096,https://www.sec.gov/Archives/edgar/data/72331/000007233123000096/index.json,NOT_CLASSIFIED
DECK,0000910521,0000910521-23-000014,8-K,2023-05-25,2023-05-25T20:07:52.000Z,2.02,deck-20230525.htm,https://www.sec.gov/Archives/edgar/data/910521/000091052123000014,https://www.sec.gov/Archives/edgar/data/910521/000091052123000014/index.json,NOT_CLASSIFIED
WDAY,0001327811,0001327811-23-000079,8-K,2023-05-25,2023-05-25T20:11:06.000Z,7.01,wday-20230519.htm,https://www.sec.gov/Archives/edgar/data/1327811/000132781123000079,https://www.sec.gov/Archives/edgar/data/1327811/000132781123000079/index.json,NOT_CLASSIFIED
PANW,0001327567,0001193125-23-160228,8-K,2023-06-05,2023-06-05T10:06:01.000Z,7.01,d615128d8k.htm,https://www.sec.gov/Archives/edgar/data/1327567/000119312523160228,https://www.sec.gov/Archives/edgar/data/1327567/000119312523160228/index.json,NOT_CLASSIFIED
EPAM,0001352010,0001352010-23-000029,8-K,2023-06-05,2023-06-05T10:07:40.000Z,7.01,epam-20230605.htm,https://www.sec.gov/Archives/edgar/data/1352010/000135201023000029,https://www.sec.gov/Archives/edgar/data/1352010/000135201023000029/index.json,NOT_CLASSIFIED
CIEN,0000936395,0000936395-23-000024,8-K,2023-06-06,2023-06-06T11:04:12.000Z,2.02,cien-20230606.htm,https://www.sec.gov/Archives/edgar/data/936395/000093639523000024,https://www.sec.gov/Archives/edgar/data/936395/000093639523000024/index.json,NOT_CLASSIFIED
PANW,0001327567,0001193125-23-163506,8-K,2023-06-08,2023-06-08T20:10:00.000Z,7.01,d515129d8k.htm,https://www.sec.gov/Archives/edgar/data/1327567/000119312523163506,https://www.sec.gov/Archives/edgar/data/1327567/000119312523163506/index.json,NOT_CLASSIFIED
JBL,0000898293,0001193125-23-167407,8-K,2023-06-15,2023-06-15T11:49:59.000Z,2.02,d507192d8k.htm,https://www.sec.gov/Archives/edgar/data/898293/000119312523167407,https://www.sec.gov/Archives/edgar/data/898293/000119312523167407/index.json,NOT_CLASSIFIED
NDSN,0000072331,0000072331-23-000113,8-K,2023-06-26,2023-06-26T11:09:35.000Z,7.01,ndsn-20230626.htm,https://www.sec.gov/Archives/edgar/data/72331/000007233123000113,https://www.sec.gov/Archives/edgar/data/72331/000007233123000113/index.json,NOT_CLASSIFIED
IBKR,0001381197,0001381197-23-000045,8-K,2023-07-18,2023-07-18T20:01:41.000Z,2.02,ibkr_8k-20230630.htm,https://www.sec.gov/Archives/edgar/data/1381197/000138119723000045,https://www.sec.gov/Archives/edgar/data/1381197/000138119723000045/index.json,NOT_CLASSIFIED
FTI,0001681459,0001681459-23-000078,8-K,2023-07-27,2023-07-27T10:47:19.000Z,2.02,fti-20230727.htm,https://www.sec.gov/Archives/edgar/data/1681459/000168145923000078,https://www.sec.gov/Archives/edgar/data/1681459/000168145923000078/index.json,NOT_CLASSIFIED
LII,0001069202,0001628280-23-025808,8-K,2023-07-27,2023-07-27T10:54:30.000Z,2.02,lii-20230727.htm,https://www.sec.gov/Archives/edgar/data/1069202/000162828023025808,https://www.sec.gov/Archives/edgar/data/1069202/000162828023025808/index.json,NOT_CLASSIFIED
NOV,0001021860,0000950170-23-034981,8-K,2023-07-27,2023-07-27T13:21:44.000Z,2.02,nov-20230726.htm,https://www.sec.gov/Archives/edgar/data/1021860/000095017023034981,https://www.sec.gov/Archives/edgar/data/1021860/000095017023034981/index.json,NOT_CLASSIFIED
DECK,0000910521,0000910521-23-000032,8-K,2023-07-27,2023-07-27T20:09:29.000Z,2.02,deck-20230727.htm,https://www.sec.gov/Archives/edgar/data/910521/000091052123000032,https://www.sec.gov/Archives/edgar/data/910521/000091052123000032/index.json,NOT_CLASSIFIED
HOOD,0001783879,0001783879-23-000169,8-K,2023-07-31,2023-07-31T20:15:29.000Z,"2.02,7.01",hood-20230731.htm,https://www.sec.gov/Archives/edgar/data/1783879/000178387923000169,https://www.sec.gov/Archives/edgar/data/1783879/000178387923000169/index.json,NOT_CLASSIFIED
UBER,0001543151,0001543151-23-000021,8-K,2023-08-01,2023-08-01T10:55:43.000Z,2.02,uber-20230728.htm,https://www.sec.gov/Archives/edgar/data/1543151/000154315123000021,https://www.sec.gov/Archives/edgar/data/1543151/000154315123000021/index.json,NOT_CLASSIFIED
FLS,0000030625,0001157523-23-001207,8-K,2023-08-01,2023-08-01T20:05:44.000Z,"2.02,7.01",a53497157.htm,https://www.sec.gov/Archives/edgar/data/30625/000115752323001207,https://www.sec.gov/Archives/edgar/data/30625/000115752323001207/index.json,NOT_CLASSIFIED
GNRC,0001474735,0001437749-23-021513,8-K,2023-08-02,2023-08-02T10:03:42.000Z,2.02,gnrc20230801_8k.htm,https://www.sec.gov/Archives/edgar/data/1474735/000143774923021513,https://www.sec.gov/Archives/edgar/data/1474735/000143774923021513/index.json,NOT_CLASSIFIED
HOOD,0001783879,0001783879-23-000173,8-K,2023-08-02,2023-08-02T20:06:21.000Z,2.02,hood-20230802.htm,https://www.sec.gov/Archives/edgar/data/1783879/000178387923000173,https://www.sec.gov/Archives/edgar/data/1783879/000178387923000173/index.json,NOT_CLASSIFIED
QRVO,0001604778,0001604778-23-000078,8-K,2023-08-02,2023-08-02T20:09:37.000Z,2.02,rfmd-20230802.htm,https://www.sec.gov/Archives/edgar/data/1604778/000160477823000078,https://www.sec.gov/Archives/edgar/data/1604778/000160477823000078/index.json,NOT_CLASSIFIED
TPL,0001811074,0001811074-23-000039,8-K,2023-08-02,2023-08-02T20:17:05.000Z,2.02,tpl-20230802.htm,https://www.sec.gov/Archives/edgar/data/1811074/000181107423000039,https://www.sec.gov/Archives/edgar/data/1811074/000181107423000039/index.json,NOT_CLASSIFIED
EPAM,0001352010,0001352010-23-000038,8-K,2023-08-03,2023-08-03T01:28:27.000Z,2.02,epam-20230803.htm,https://www.sec.gov/Archives/edgar/data/1352010/000135201023000038,https://www.sec.gov/Archives/edgar/data/1352010/000135201023000038/index.json,NOT_CLASSIFIED
XYZ,0001512673,0001193125-23-202864,8-K,2023-08-03,2023-08-03T20:14:32.000Z,2.02,d469227d8k.htm,https://www.sec.gov/Archives/edgar/data/1512673/000119312523202864,https://www.sec.gov/Archives/edgar/data/1512673/000119312523202864/index.json,NOT_CLASSIFIED
CPT,0000906345,0000906345-23-000037,8-K,2023-08-03,2023-08-03T20:32:52.000Z,2.02,cpt-20230803.htm,https://www.sec.gov/Archives/edgar/data/906345/000090634523000037,https://www.sec.gov/Archives/edgar/data/906345/000090634523000037/index.json,NOT_CLASSIFIED
LITE,0001633978,0001628280-23-029741,8-K,2023-08-17,2023-08-17T11:44:47.000Z,2.02,lite-20230817.htm,https://www.sec.gov/Archives/edgar/data/1633978/000162828023029741,https://www.sec.gov/Archives/edgar/data/1633978/000162828023029741/index.json,NOT_CLASSIFIED
NDSN,0000072331,0000072331-23-000141,8-K,2023-08-21,2023-08-21T20:33:59.000Z,"2.02,7.01",ndsn-20230821.htm,https://www.sec.gov/Archives/edgar/data/72331/000007233123000141,https://www.sec.gov/Archives/edgar/data/72331/000007233123000141/index.json,NOT_CLASSIFIED
WDAY,0001327811,0001327811-23-000149,8-K,2023-08-24,2023-08-24T20:04:32.000Z,2.02,wday-20230824.htm,https://www.sec.gov/Archives/edgar/data/1327811/000132781123000149,https://www.sec.gov/Archives/edgar/data/1327811/000132781123000149/index.json,NOT_CLASSIFIED
LW,0001679273,0001558370-23-015258,8-K,2023-08-24,2023-08-24T20:21:23.000Z,7.01,lw-20230824x8k.htm,https://www.sec.gov/Archives/edgar/data/1679273/000155837023015258,https://www.sec.gov/Archives/edgar/data/1679273/000155837023015258/index.json,NOT_CLASSIFIED
CIEN,0000936395,0000936395-23-000030,8-K,2023-08-31,2023-08-31T11:02:55.000Z,2.02,cien-20230831.htm,https://www.sec.gov/Archives/edgar/data/936395/000093639523000030,https://www.sec.gov/Archives/edgar/data/936395/000093639523000030/index.json,NOT_CLASSIFIED
JBL,0000898293,0001193125-23-243669,8-K,2023-09-27,2023-09-27T20:05:54.000Z,7.01,d502382d8k.htm,https://www.sec.gov/Archives/edgar/data/898293/000119312523243669,https://www.sec.gov/Archives/edgar/data/898293/000119312523243669/index.json,NOT_CLASSIFIED
JBL,0000898293,0001193125-23-244751,8-K,2023-09-28,2023-09-28T11:51:30.000Z,2.02,d508757d8k.htm,https://www.sec.gov/Archives/edgar/data/898293/000119312523244751,https://www.sec.gov/Archives/edgar/data/898293/000119312523244751/index.json,NOT_CLASSIFIED
CIEN,0000936395,0000936395-23-000037,8-K,2023-10-03,2023-10-03T20:33:19.000Z,7.01,cien-20231002.htm,https://www.sec.gov/Archives/edgar/data/936395/000093639523000037,https://www.sec.gov/Archives/edgar/data/936395/000093639523000037/index.json,NOT_CLASSIFIED
LW,0001679273,0001558370-23-016251,8-K,2023-10-05,2023-10-05T12:40:34.000Z,2.02,lw-20231005x8k.htm,https://www.sec.gov/Archives/edgar/data/1679273/000155837023016251,https://www.sec.gov/Archives/edgar/data/1679273/000155837023016251/index.json,NOT_CLASSIFIED
LW,0001679273,0001104659-23-108452,8-K,2023-10-11,2023-10-11T12:04:35.000Z,7.01,tm2328091d1_8k.htm,https://www.sec.gov/Archives/edgar/data/1679273/000110465923108452,https://www.sec.gov/Archives/edgar/data/1679273/000110465923108452/index.json,NOT_CLASSIFIED
IBKR,0001381197,0001381197-23-000131,8-K,2023-10-17,2023-10-17T20:01:31.000Z,2.02,ibkr_8k-20230930.htm,https://www.sec.gov/Archives/edgar/data/1381197/000138119723000131,https://www.sec.gov/Archives/edgar/data/1381197/000138119723000131/index.json,NOT_CLASSIFIED
XRX,0001770450,0001770450-23-000045,8-K,2023-10-24,2023-10-24T10:44:30.000Z,2.02,xrx-20231024.htm,https://www.sec.gov/Archives/edgar/data/1770450/000177045023000045,https://www.sec.gov/Archives/edgar/data/1770450/000177045023000045/index.json,NOT_CLASSIFIED
TER,0000097210,0000950170-23-055353,8-K,2023-10-26,2023-10-26T10:01:11.000Z,2.02,ter-20231025.htm,https://www.sec.gov/Archives/edgar/data/97210/000095017023055353,https://www.sec.gov/Archives/edgar/data/97210/000095017023055353/index.json,NOT_CLASSIFIED
FTI,0001681459,0001681459-23-000094,8-K,2023-10-26,2023-10-26T10:50:17.000Z,2.02,fti-20231026.htm,https://www.sec.gov/Archives/edgar/data/1681459/000168145923000094,https://www.sec.gov/Archives/edgar/data/1681459/000168145923000094/index.json,NOT_CLASSIFIED
EME,0000105634,0000105634-23-000038,8-K,2023-10-26,2023-10-26T17:04:02.000Z,2.02,eme-20231026.htm,https://www.sec.gov/Archives/edgar/data/105634/000010563423000038,https://www.sec.gov/Archives/edgar/data/105634/000010563423000038/index.json,NOT_CLASSIFIED
CPT,0000906345,0000906345-23-000043,8-K,2023-10-26,2023-10-26T20:32:28.000Z,2.02,cpt-20231026.htm,https://www.sec.gov/Archives/edgar/data/906345/000090634523000043,https://www.sec.gov/Archives/edgar/data/906345/000090634523000043/index.json,NOT_CLASSIFIED
NOV,0001021860,0000950170-23-055806,8-K,2023-10-27,2023-10-27T13:56:41.000Z,2.02,nov-20231026.htm,https://www.sec.gov/Archives/edgar/data/1021860/000095017023055806,https://www.sec.gov/Archives/edgar/data/1021860/000095017023055806/index.json,NOT_CLASSIFIED
LITE,0001633978,0001193125-23-265658,8-K,2023-10-30,2023-10-30T11:06:30.000Z,2.02,d575524d8k.htm,https://www.sec.gov/Archives/edgar/data/1633978/000119312523265658,https://www.sec.gov/Archives/edgar/data/1633978/000119312523265658/index.json,NOT_CLASSIFIED
GNRC,0001474735,0001437749-23-029637,8-K,2023-11-01,2023-11-01T10:01:37.000Z,2.02,gnrc20231030_8k.htm,https://www.sec.gov/Archives/edgar/data/1474735/000143774923029637,https://www.sec.gov/Archives/edgar/data/1474735/000143774923029637/index.json,NOT_CLASSIFIED
QRVO,0001604778,0001604778-23-000096,8-K,2023-11-01,2023-11-01T20:12:25.000Z,2.02,rfmd-20231101.htm,https://www.sec.gov/Archives/edgar/data/1604778/000160477823000096,https://www.sec.gov/Archives/edgar/data/1604778/000160477823000096/index.json,NOT_CLASSIFIED
TPL,0001811074,0001811074-23-000051,8-K,2023-11-01,2023-11-01T20:16:35.000Z,2.02,tpl-20231101.htm,https://www.sec.gov/Archives/edgar/data/1811074/000181107423000051,https://www.sec.gov/Archives/edgar/data/1811074/000181107423000051/index.json,NOT_CLASSIFIED
LNC,0000059558,0000059558-23-000056,8-K,2023-11-01,2023-11-01T20:17:17.000Z,2.02,lnc-20231101x8k.htm,https://www.sec.gov/Archives/edgar/data/59558/000005955823000056,https://www.sec.gov/Archives/edgar/data/59558/000005955823000056/index.json,NOT_CLASSIFIED
EPAM,0001352010,0001352010-23-000047,8-K,2023-11-02,2023-11-01T23:20:41.000Z,2.02,epam-20231102.htm,https://www.sec.gov/Archives/edgar/data/1352010/000135201023000047,https://www.sec.gov/Archives/edgar/data/1352010/000135201023000047/index.json,NOT_CLASSIFIED
TFX,0000096943,0000096943-23-000099,8-K,2023-11-02,2023-11-02T11:00:59.000Z,"2.02,7.01",tfx-20231102.htm,https://www.sec.gov/Archives/edgar/data/96943/000009694323000099,https://www.sec.gov/Archives/edgar/data/96943/000009694323000099/index.json,NOT_CLASSIFIED
XYZ,0001512673,0001193125-23-269372,8-K,2023-11-02,2023-11-02T20:12:00.000Z,2.02,d711180d8k.htm,https://www.sec.gov/Archives/edgar/data/1512673/000119312523269372,https://www.sec.gov/Archives/edgar/data/1512673/000119312523269372/index.json,NOT_CLASSIFIED
UBER,0001543151,0001552781-23-000420,8-K,2023-11-03,2023-11-03T10:45:30.000Z,7.01,e23434_uber-8k.htm,https://www.sec.gov/Archives/edgar/data/1543151/000155278123000420,https://www.sec.gov/Archives/edgar/data/1543151/000155278123000420/index.json,NOT_CLASSIFIED
UBER,0001543151,0001543151-23-000036,8-K,2023-11-07,2023-11-07T11:56:19.000Z,2.02,uber-20231107.htm,https://www.sec.gov/Archives/edgar/data/1543151/000154315123000036,https://www.sec.gov/Archives/edgar/data/1543151/000154315123000036/index.json,NOT_CLASSIFIED
AXON,0001069183,0001069183-23-000058,8-K,2023-11-07,2023-11-07T21:05:12.000Z,2.02,axon-20231107x8k.htm,https://www.sec.gov/Archives/edgar/data/1069183/000106918323000058,https://www.sec.gov/Archives/edgar/data/1069183/000106918323000058/index.json,NOT_CLASSIFIED
HOOD,0001783879,0001783879-23-000267,8-K,2023-11-07,2023-11-07T21:05:34.000Z,2.02,hood-20231107.htm,https://www.sec.gov/Archives/edgar/data/1783879/000178387923000267,https://www.sec.gov/Archives/edgar/data/1783879/000178387923000267/index.json,NOT_CLASSIFIED
LITE,0001633978,0001628280-23-037563,8-K,2023-11-08,2023-11-08T13:01:55.000Z,2.02,lite-20231108.htm,https://www.sec.gov/Archives/edgar/data/1633978/000162828023037563,https://www.sec.gov/Archives/edgar/data/1633978/000162828023037563/index.json,NOT_CLASSIFIED
PANW,0001327567,0001327567-23-000030,8-K,2023-11-15,2023-11-15T21:08:34.000Z,2.02,panw-20231115.htm,https://www.sec.gov/Archives/edgar/data/1327567/000132756723000030,https://www.sec.gov/Archives/edgar/data/1327567/000132756723000030/index.json,NOT_CLASSIFIED
TPL,0001811074,0001839882-23-032566,8-K,2023-12-04,2023-12-04T13:12:37.000Z,7.01,tpl-8k_120123.htm,https://www.sec.gov/Archives/edgar/data/1811074/000183988223032566,https://www.sec.gov/Archives/edgar/data/1811074/000183988223032566/index.json,NOT_CLASSIFIED
CIEN,0000936395,0000936395-23-000041,8-K,2023-12-07,2023-12-07T12:02:41.000Z,2.02,cien-20231206.htm,https://www.sec.gov/Archives/edgar/data/936395/000093639523000041,https://www.sec.gov/Archives/edgar/data/936395/000093639523000041/index.json,NOT_CLASSIFIED
NDSN,0000072331,0000072331-23-000232,8-K,2023-12-13,2023-12-13T21:40:15.000Z,"2.02,7.01",ndsn-20231213.htm,https://www.sec.gov/Archives/edgar/data/72331/000007233123000232,https://www.sec.gov/Archives/edgar/data/72331/000007233123000232/index.json,NOT_CLASSIFIED
JBL,0000898293,0001193125-23-294910,8-K,2023-12-14,2023-12-14T12:38:00.000Z,2.02,d887670d8k.htm,https://www.sec.gov/Archives/edgar/data/898293/000119312523294910,https://www.sec.gov/Archives/edgar/data/898293/000119312523294910/index.json,NOT_CLASSIFIED
EME,0000105634,0000105634-23-000042,8-K,2023-12-15,2023-12-15T21:16:47.000Z,7.01,eme-20231213.htm,https://www.sec.gov/Archives/edgar/data/105634/000010563423000042,https://www.sec.gov/Archives/edgar/data/105634/000010563423000042/index.json,NOT_CLASSIFIED
JBL,0000898293,0001193125-23-305726,8-K,2023-12-29,2023-12-29T13:11:29.000Z,7.01,d693093d8k.htm,https://www.sec.gov/Archives/edgar/data/898293/000119312523305726,https://www.sec.gov/Archives/edgar/data/898293/000119312523305726/index.json,NOT_CLASSIFIED
LW,0001679273,0001558370-24-000043,8-K,2024-01-04,2024-01-04T13:40:10.000Z,2.02,lw-20240104x8k.htm,https://www.sec.gov/Archives/edgar/data/1679273/000155837024000043,https://www.sec.gov/Archives/edgar/data/1679273/000155837024000043/index.json,NOT_CLASSIFIED
XRX,0001770450,0001193125-24-003451,8-K,2024-01-05,2024-01-05T21:59:34.000Z,7.01,d105522d8k.htm,https://www.sec.gov/Archives/edgar/data/1770450/000119312524003451,https://www.sec.gov/Archives/edgar/data/1770450/000119312524003451/index.json,NOT_CLASSIFIED
XRX,0001770450,0001770450-24-000004,8-K,2024-01-25,2024-01-25T11:45:29.000Z,2.02,xrx-20240125.htm,https://www.sec.gov/Archives/edgar/data/1770450/000177045024000004,https://www.sec.gov/Archives/edgar/data/1770450/000177045024000004/index.json,NOT_CLASSIFIED
TER,0000097210,0000950170-24-009126,8-K,2024-01-31,2024-01-31T11:01:13.000Z,2.02,ter-20240130.htm,https://www.sec.gov/Archives/edgar/data/97210/000095017024009126,https://www.sec.gov/Archives/edgar/data/97210/000095017024009126/index.json,NOT_CLASSIFIED
LII,0001069202,0001628280-24-002634,8-K,2024-01-31,2024-01-31T11:49:31.000Z,2.02,lii-20240131.htm,https://www.sec.gov/Archives/edgar/data/1069202/000162828024002634,https://www.sec.gov/Archives/edgar/data/1069202/000162828024002634/index.json,NOT_CLASSIFIED
HOOD,0001783879,0001783879-24-000030,8-K,2024-01-31,2024-01-31T21:08:13.000Z,"2.02,7.01",hood-20240131.htm,https://www.sec.gov/Archives/edgar/data/1783879/000178387924000030,https://www.sec.gov/Archives/edgar/data/1783879/000178387924000030/index.json,NOT_CLASSIFIED
DECK,0000910521,0000910521-24-000003,8-K,2024-02-01,2024-02-01T21:07:42.000Z,2.02,deck-20240201.htm,https://www.sec.gov/Archives/edgar/data/910521/000091052124000003,https://www.sec.gov/Archives/edgar/data/910521/000091052124000003/index.json,NOT_CLASSIFIED
CPT,0000906345,0000906345-24-000004,8-K,2024-02-01,2024-02-01T21:23:52.000Z,2.02,cpt-20240201.htm,https://www.sec.gov/Archives/edgar/data/906345/000090634524000004,https://www.sec.gov/Archives/edgar/data/906345/000090634524000004/index.json,NOT_CLASSIFIED
UBER,0001543151,0001543151-24-000008,8-K,2024-02-07,2024-02-07T11:56:27.000Z,2.02,uber-20240207.htm,https://www.sec.gov/Archives/edgar/data/1543151/000154315124000008,https://www.sec.gov/Archives/edgar/data/1543151/000154315124000008/index.json,NOT_CLASSIFIED
MPWR,0001280452,0001437749-24-003353,8-K,2024-02-07,2024-02-07T21:01:23.000Z,2.02,mpwr20231113_8k.htm,https://www.sec.gov/Archives/edgar/data/1280452/000143774924003353,https://www.sec.gov/Archives/edgar/data/1280452/000143774924003353/index.json,NOT_CLASSIFIED
LNC,0000059558,0000059558-24-000005,8-K,2024-02-08,2024-02-08T12:01:31.000Z,"2.02,7.01",lnc8kshelllegal.htm,https://www.sec.gov/Archives/edgar/data/59558/000005955824000005,https://www.sec.gov/Archives/edgar/data/59558/000005955824000005/index.json,NOT_CLASSIFIED
LITE,0001633978,0001628280-24-003789,8-K,2024-02-08,2024-02-08T13:03:39.000Z,2.02,lite-20240208.htm,https://www.sec.gov/Archives/edgar/data/1633978/000162828024003789,https://www.sec.gov/Archives/edgar/data/1633978/000162828024003789/index.json,NOT_CLASSIFIED
MHK,0000851968,0000851968-24-000021,8-K,2024-02-08,2024-02-08T21:18:04.000Z,2.02,mhk-20240208.htm,https://www.sec.gov/Archives/edgar/data/851968/000085196824000021,https://www.sec.gov/Archives/edgar/data/851968/000085196824000021/index.json,NOT_CLASSIFIED
HOOD,0001783879,0001783879-24-000047,8-K,2024-02-13,2024-02-13T21:05:36.000Z,2.02,hood-20240213.htm,https://www.sec.gov/Archives/edgar/data/1783879/000178387924000047,https://www.sec.gov/Archives/edgar/data/1783879/000178387924000047/index.json,NOT_CLASSIFIED
GNRC,0001474735,0001437749-24-003977,8-K,2024-02-14,2024-02-14T11:02:31.000Z,2.02,gnrc20240212_8k.htm,https://www.sec.gov/Archives/edgar/data/1474735/000143774924003977,https://www.sec.gov/Archives/edgar/data/1474735/000143774924003977/index.json,NOT_CLASSIFIED
UBER,0001543151,0001552781-24-000039,8-K,2024-02-14,2024-02-14T11:55:59.000Z,7.01,e24041_uber-8k.htm,https://www.sec.gov/Archives/edgar/data/1543151/000155278124000039,https://www.sec.gov/Archives/edgar/data/1543151/000155278124000039/index.json,NOT_CLASSIFIED
EPAM,0001352010,0001352010-24-000003,8-K,2024-02-15,2024-02-15T02:01:17.000Z,2.02,epam-20240215.htm,https://www.sec.gov/Archives/edgar/data/1352010/000135201024000003,https://www.sec.gov/Archives/edgar/data/1352010/000135201024000003/index.json,NOT_CLASSIFIED
FLS,0000030625,0001193125-24-039954,8-K,2024-02-20,2024-02-20T21:02:56.000Z,"2.02,7.01",d788147d8k.htm,https://www.sec.gov/Archives/edgar/data/30625/000119312524039954,https://www.sec.gov/Archives/edgar/data/30625/000119312524039954/index.json,NOT_CLASSIFIED
PANW,0001327567,0001327567-24-000003,8-K,2024-02-20,2024-02-20T21:12:41.000Z,2.02,panw-20240220.htm,https://www.sec.gov/Archives/edgar/data/1327567/000132756724000003,https://www.sec.gov/Archives/edgar/data/1327567/000132756724000003/index.json,NOT_CLASSIFIED
NDSN,0000072331,0000072331-24-000036,8-K,2024-02-21,2024-02-21T21:41:53.000Z,"2.02,7.01",ndsn-20240221.htm,https://www.sec.gov/Archives/edgar/data/72331/000007233124000036,https://www.sec.gov/Archives/edgar/data/72331/000007233124000036/index.json,NOT_CLASSIFIED
FTI,0001681459,0001681459-24-000043,8-K,2024-02-22,2024-02-22T11:51:26.000Z,2.02,fti-20240222.htm,https://www.sec.gov/Archives/edgar/data/1681459/000168145924000043,https://www.sec.gov/Archives/edgar/data/1681459/000168145924000043/index.json,NOT_CLASSIFIED
TFX,0000096943,0000096943-24-000027,8-K,2024-02-22,2024-02-22T12:00:33.000Z,"2.02,7.01",tfx-20240222.htm,https://www.sec.gov/Archives/edgar/data/96943/000009694324000027,https://www.sec.gov/Archives/edgar/data/96943/000009694324000027/index.json,NOT_CLASSIFIED
XYZ,0001512673,0001193125-24-042835,8-K,2024-02-22,2024-02-22T21:11:06.000Z,2.02,d718674d8k.htm,https://www.sec.gov/Archives/edgar/data/1512673/000119312524042835,https://www.sec.gov/Archives/edgar/data/1512673/000119312524042835/index.json,NOT_CLASSIFIED
WDAY,0001327811,0001327811-24-000031,8-K,2024-02-26,2024-02-26T21:02:57.000Z,2.02,wday-20240226.htm,https://www.sec.gov/Archives/edgar/data/1327811/000132781124000031,https://www.sec.gov/Archives/edgar/data/1327811/000132781124000031/index.json,NOT_CLASSIFIED
TPL,0001811074,0001839882-24-005610,8-K,2024-02-27,2024-02-27T12:30:17.000Z,7.01,tpl-8k_022724.htm,https://www.sec.gov/Archives/edgar/data/1811074/000183988224005610,https://www.sec.gov/Archives/edgar/data/1811074/000183988224005610/index.json,NOT_CLASSIFIED
AXON,0001069183,0001069183-24-000003,8-K,2024-02-27,2024-02-27T21:04:05.000Z,2.02,axon-20240226x8k.htm,https://www.sec.gov/Archives/edgar/data/1069183/000106918324000003,https://www.sec.gov/Archives/edgar/data/1069183/000106918324000003/index.json,NOT_CLASSIFIED
FSLR,0001274494,0001274494-24-000003,8-K,2024-02-27,2024-02-27T21:08:11.000Z,2.02,fslr-20240227.htm,https://www.sec.gov/Archives/edgar/data/1274494/000127449424000003,https://www.sec.gov/Archives/edgar/data/1274494/000127449424000003/index.json,NOT_CLASSIFIED
EME,0000105634,0000105634-24-000008,8-K,2024-02-28,2024-02-28T18:16:46.000Z,2.02,eme-20240228.htm,https://www.sec.gov/Archives/edgar/data/105634/000010563424000008,https://www.sec.gov/Archives/edgar/data/105634/000010563424000008/index.json,NOT_CLASSIFIED
CIEN,0000936395,0000936395-24-000006,8-K,2024-03-07,2024-03-07T12:03:09.000Z,2.02,cien-20240307.htm,https://www.sec.gov/Archives/edgar/data/936395/000093639524000006,https://www.sec.gov/Archives/edgar/data/936395/000093639524000006/index.json,NOT_CLASSIFIED
TPL,0001811074,0001104659-24-031960,8-K,2024-03-07,2024-03-07T22:26:34.000Z,7.01,tm248254d1_8k.htm,https://www.sec.gov/Archives/edgar/data/1811074/000110465924031960,https://www.sec.gov/Archives/edgar/data/1811074/000110465924031960/index.json,NOT_CLASSIFIED
JBL,0000898293,0001193125-24-068605,8-K,2024-03-15,2024-03-15T11:53:31.000Z,2.02,d761663d8k.htm,https://www.sec.gov/Archives/edgar/data/898293/000119312524068605,https://www.sec.gov/Archives/edgar/data/898293/000119312524068605/index.json,NOT_CLASSIFIED
HOOD,0001783879,0001783879-24-000083,8-K,2024-03-21,2024-03-21T13:18:50.000Z,7.01,hood-20240320.htm,https://www.sec.gov/Archives/edgar/data/1783879/000178387924000083,https://www.sec.gov/Archives/edgar/data/1783879/000178387924000083/index.json,NOT_CLASSIFIED
TPL,0001811074,0001104659-24-040537,8-K,2024-03-28,2024-03-28T20:15:57.000Z,7.01,tm2410038d1_8k.htm,https://www.sec.gov/Archives/edgar/data/1811074/000110465924040537,https://www.sec.gov/Archives/edgar/data/1811074/000110465924040537/index.json,NOT_CLASSIFIED
XRX,0001770450,0001770450-24-000026,8-K,2024-04-23,2024-04-23T10:45:13.000Z,2.02,xrx-20240423.htm,https://www.sec.gov/Archives/edgar/data/1770450/000177045024000026,https://www.sec.gov/Archives/edgar/data/1770450/000177045024000026/index.json,NOT_CLASSIFIED
LII,0001069202,0001628280-24-017515,8-K,2024-04-24,2024-04-24T10:50:23.000Z,2.02,lii-20240424.htm,https://www.sec.gov/Archives/edgar/data/1069202/000162828024017515,https://www.sec.gov/Archives/edgar/data/1069202/000162828024017515/index.json,NOT_CLASSIFIED
TER,0000097210,0000950170-24-047880,8-K,2024-04-25,2024-04-25T10:04:23.000Z,2.02,ter-20240424.htm,https://www.sec.gov/Archives/edgar/data/97210/000095017024047880,https://www.sec.gov/Archives/edgar/data/97210/000095017024047880/index.json,NOT_CLASSIFIED
FTI,0001681459,0001681459-24-000093,8-K,2024-04-25,2024-04-25T10:48:53.000Z,2.02,fti-20240425.htm,https://www.sec.gov/Archives/edgar/data/1681459/000168145924000093,https://www.sec.gov/Archives/edgar/data/1681459/000168145924000093/index.json,NOT_CLASSIFIED
EME,0000105634,0000105634-24-000015,8-K,2024-04-25,2024-04-25T17:07:17.000Z,2.02,eme-20240425.htm,https://www.sec.gov/Archives/edgar/data/105634/000010563424000015,https://www.sec.gov/Archives/edgar/data/105634/000010563424000015/index.json,NOT_CLASSIFIED
MHK,0000851968,0000851968-24-000080,8-K,2024-04-25,2024-04-25T20:14:56.000Z,2.02,mhk-20240425.htm,https://www.sec.gov/Archives/edgar/data/851968/000085196824000080,https://www.sec.gov/Archives/edgar/data/851968/000085196824000080/index.json,NOT_CLASSIFIED
NOV,0001021860,0000950170-24-048681,8-K,2024-04-26,2024-04-26T13:01:12.000Z,"2.02,7.01",nov-20240425.htm,https://www.sec.gov/Archives/edgar/data/1021860/000095017024048681,https://www.sec.gov/Archives/edgar/data/1021860/000095017024048681/index.json,NOT_CLASSIFIED
FLS,0000030625,0001193125-24-122190,8-K,2024-04-29,2024-04-29T20:02:01.000Z,"2.02,7.01",d829033d8k.htm,https://www.sec.gov/Archives/edgar/data/30625/000119312524122190,https://www.sec.gov/Archives/edgar/data/30625/000119312524122190/index.json,NOT_CLASSIFIED
HOOD,0001783879,0001783879-24-000125,8-K,2024-04-30,2024-04-30T20:01:45.000Z,"2.02,7.01",hood-20240430.htm,https://www.sec.gov/Archives/edgar/data/1783879/000178387924000125,https://www.sec.gov/Archives/edgar/data/1783879/000178387924000125/index.json,NOT_CLASSIFIED
GNRC,0001474735,0001437749-24-014044,8-K,2024-05-01,2024-05-01T10:02:26.000Z,2.02,gnrc20240429_8k.htm,https://www.sec.gov/Archives/edgar/data/1474735/000143774924014044,https://www.sec.gov/Archives/edgar/data/1474735/000143774924014044/index.json,NOT_CLASSIFIED
MPWR,0001280452,0001437749-24-014156,8-K,2024-05-01,2024-05-01T20:01:38.000Z,2.02,mpwr20240311_8k.htm,https://www.sec.gov/Archives/edgar/data/1280452/000143774924014156,https://www.sec.gov/Archives/edgar/data/1280452/000143774924014156/index.json,NOT_CLASSIFIED
FSLR,0001274494,0001628280-24-019623,8-K,2024-05-01,2024-05-01T20:18:08.000Z,2.02,fslr-20240501.htm,https://www.sec.gov/Archives/edgar/data/1274494/000162828024019623,https://www.sec.gov/Archives/edgar/data/1274494/000162828024019623/index.json,NOT_CLASSIFIED
XYZ,0001512673,0001193125-24-129385,8-K,2024-05-02,2024-05-02T20:19:11.000Z,2.02,d831696d8k.htm,https://www.sec.gov/Archives/edgar/data/1512673/000119312524129385,https://www.sec.gov/Archives/edgar/data/1512673/000119312524129385/index.json,NOT_CLASSIFIED
CPT,0000906345,0000906345-24-000015,8-K,2024-05-02,2024-05-02T20:31:54.000Z,2.02,cpt-20240502.htm,https://www.sec.gov/Archives/edgar/data/906345/000090634524000015,https://www.sec.gov/Archives/edgar/data/906345/000090634524000015/index.json,NOT_CLASSIFIED
AXON,0001069183,0001069183-24-000029,8-K,2024-05-06,2024-05-06T20:03:13.000Z,2.02,axon-20240506x8k.htm,https://www.sec.gov/Archives/edgar/data/1069183/000106918324000029,https://www.sec.gov/Archives/edgar/data/1069183/000106918324000029/index.json,NOT_CLASSIFIED
LITE,0001633978,0001628280-24-020640,8-K,2024-05-06,2024-05-06T20:18:42.000Z,2.02,lite-20240506.htm,https://www.sec.gov/Archives/edgar/data/1633978/000162828024020640,https://www.sec.gov/Archives/edgar/data/1633978/000162828024020640/index.json,NOT_CLASSIFIED
UBER,0001543151,0001543151-24-000017,8-K,2024-05-08,2024-05-08T10:56:02.000Z,2.02,uber-20240508.htm,https://www.sec.gov/Archives/edgar/data/1543151/000154315124000017,https://www.sec.gov/Archives/edgar/data/1543151/000154315124000017/index.json,NOT_CLASSIFIED
HOOD,0001783879,0001783879-24-000144,8-K,2024-05-08,2024-05-08T20:06:08.000Z,2.02,hood-20240508.htm,https://www.sec.gov/Archives/edgar/data/1783879/000178387924000144,https://www.sec.gov/Archives/edgar/data/1783879/000178387924000144/index.json,NOT_CLASSIFIED
TPL,0001811074,0001811074-24-000029,8-K,2024-05-08,2024-05-08T20:17:56.000Z,"2.02,7.01",tpl-20240508.htm,https://www.sec.gov/Archives/edgar/data/1811074/000181107424000029,https://www.sec.gov/Archives/edgar/data/1811074/000181107424000029/index.json,NOT_CLASSIFIED
UBER,0001543151,0001552781-24-000318,8-K,2024-05-14,2024-05-14T10:00:31.000Z,7.01,e24246_uber-8k.htm,https://www.sec.gov/Archives/edgar/data/1543151/000155278124000318,https://www.sec.gov/Archives/edgar/data/1543151/000155278124000318/index.json,NOT_CLASSIFIED
PANW,0001327567,0001327567-24-000015,8-K,2024-05-20,2024-05-20T20:15:59.000Z,2.02,panw-20240520.htm,https://www.sec.gov/Archives/edgar/data/1327567/000132756724000015,https://www.sec.gov/Archives/edgar/data/1327567/000132756724000015/index.json,NOT_CLASSIFIED
WDAY,0001327811,0001327811-24-000089,8-K,2024-05-23,2024-05-23T20:02:14.000Z,2.02,wday-20240523.htm,https://www.sec.gov/Archives/edgar/data/1327811/000132781124000089,https://www.sec.gov/Archives/edgar/data/1327811/000132781124000089/index.json,NOT_CLASSIFIED
HOOD,0001783879,0001783879-24-000156,8-K,2024-05-28,2024-05-28T20:06:09.000Z,7.01,hood-20240528.htm,https://www.sec.gov/Archives/edgar/data/1783879/000178387924000156,https://www.sec.gov/Archives/edgar/data/1783879/000178387924000156/index.json,NOT_CLASSIFIED
TER,0000097210,0001193125-24-151782,8-K,2024-05-31,2024-05-31T20:18:30.000Z,7.01,d755093d8k.htm,https://www.sec.gov/Archives/edgar/data/97210/000119312524151782,https://www.sec.gov/Archives/edgar/data/97210/000119312524151782/index.json,NOT_CLASSIFIED
CIEN,0000936395,0000936395-24-000022,8-K,2024-06-06,2024-06-06T11:03:26.000Z,2.02,cien-20240606.htm,https://www.sec.gov/Archives/edgar/data/936395/000093639524000022,https://www.sec.gov/Archives/edgar/data/936395/000093639524000022/index.json,NOT_CLASSIFIED
QRVO,0001604778,0001193125-24-158756,8-K,2024-06-11,2024-06-11T12:30:52.000Z,7.01,d850734d8k.htm,https://www.sec.gov/Archives/edgar/data/1604778/000119312524158756,https://www.sec.gov/Archives/edgar/data/1604778/000119312524158756/index.json,NOT_CLASSIFIED
JBL,0000898293,0001193125-24-163992,8-K,2024-06-20,2024-06-20T11:50:01.000Z,2.02,d846797d8k.htm,https://www.sec.gov/Archives/edgar/data/898293/000119312524163992,https://www.sec.gov/Archives/edgar/data/898293/000119312524163992/index.json,NOT_CLASSIFIED
LW,0001679273,0001679273-24-000034,8-K,2024-07-24,2024-07-24T12:32:18.000Z,2.02,lw-20240724.htm,https://www.sec.gov/Archives/edgar/data/1679273/000167927324000034,https://www.sec.gov/Archives/edgar/data/1679273/000167927324000034/index.json,NOT_CLASSIFIED
TER,0000097210,0000950170-24-086252,8-K,2024-07-25,2024-07-25T10:06:04.000Z,2.02,ter-20240724.htm,https://www.sec.gov/Archives/edgar/data/97210/000095017024086252,https://www.sec.gov/Archives/edgar/data/97210/000095017024086252/index.json,NOT_CLASSIFIED
XRX,0001770450,0001770450-24-000035,8-K,2024-07-25,2024-07-25T10:44:19.000Z,2.02,xrx-20240725.htm,https://www.sec.gov/Archives/edgar/data/1770450/000177045024000035,https://www.sec.gov/Archives/edgar/data/1770450/000177045024000035/index.json,NOT_CLASSIFIED
EME,0000105634,0000105634-24-000031,8-K,2024-07-25,2024-07-25T19:23:04.000Z,2.02,eme-20240725.htm,https://www.sec.gov/Archives/edgar/data/105634/000010563424000031,https://www.sec.gov/Archives/edgar/data/105634/000010563424000031/index.json,NOT_CLASSIFIED
NOV,0001021860,0000950170-24-086739,8-K,2024-07-26,2024-07-26T13:01:19.000Z,2.02,nov-20240725.htm,https://www.sec.gov/Archives/edgar/data/1021860/000095017024086739,https://www.sec.gov/Archives/edgar/data/1021860/000095017024086739/index.json,NOT_CLASSIFIED
FLS,0000030625,0001193125-24-187742,8-K,2024-07-29,2024-07-29T21:16:02.000Z,"2.02,7.01",d851532d8k.htm,https://www.sec.gov/Archives/edgar/data/30625/000119312524187742,https://www.sec.gov/Archives/edgar/data/30625/000119312524187742/index.json,NOT_CLASSIFIED
GNRC,0001474735,0001437749-24-023974,8-K,2024-07-31,2024-07-31T10:01:16.000Z,2.02,gnrc20240730_8k.htm,https://www.sec.gov/Archives/edgar/data/1474735/000143774924023974,https://www.sec.gov/Archives/edgar/data/1474735/000143774924023974/index.json,NOT_CLASSIFIED
HOOD,0001783879,0001783879-24-000222,8-K,2024-07-31,2024-07-31T20:09:35.000Z,"2.02,7.01",hood-20240731.htm,https://www.sec.gov/Archives/edgar/data/1783879/000178387924000222,https://www.sec.gov/Archives/edgar/data/1783879/000178387924000222/index.json,NOT_CLASSIFIED
TFX,0000096943,0000096943-24-000128,8-K,2024-08-01,2024-08-01T11:00:37.000Z,"2.02,7.01",tfx-20240801.htm,https://www.sec.gov/Archives/edgar/data/96943/000009694324000128,https://www.sec.gov/Archives/edgar/data/96943/000009694324000128/index.json,NOT_CLASSIFIED
MPWR,0001280452,0001437749-24-024285,8-K,2024-08-01,2024-08-01T20:01:30.000Z,2.02,mpwr20240516_8k.htm,https://www.sec.gov/Archives/edgar/data/1280452/000143774924024285,https://www.sec.gov/Archives/edgar/data/1280452/000143774924024285/index.json,NOT_CLASSIFIED
CPT,0000906345,0000906345-24-000023,8-K,2024-08-01,2024-08-01T20:35:51.000Z,2.02,cpt-20240801.htm,https://www.sec.gov/Archives/edgar/data/906345/000090634524000023,https://www.sec.gov/Archives/edgar/data/906345/000090634524000023/index.json,NOT_CLASSIFIED
UBER,0001543151,0001543151-24-000024,8-K,2024-08-06,2024-08-06T10:58:28.000Z,2.02,uber-20240806.htm,https://www.sec.gov/Archives/edgar/data/1543151/000154315124000024,https://www.sec.gov/Archives/edgar/data/1543151/000154315124000024/index.json,NOT_CLASSIFIED
HOOD,0001783879,0001783879-24-000231,8-K,2024-08-07,2024-08-07T20:05:02.000Z,2.02,hood-20240807.htm,https://www.sec.gov/Archives/edgar/data/1783879/000178387924000231,https://www.sec.gov/Archives/edgar/data/1783879/000178387924000231/index.json,NOT_CLASSIFIED
TPL,0001811074,0001811074-24-000047,8-K,2024-08-07,2024-08-07T20:17:25.000Z,"2.02,7.01",tpl-20240807.htm,https://www.sec.gov/Archives/edgar/data/1811074/000181107424000047,https://www.sec.gov/Archives/edgar/data/1811074/000181107424000047/index.json,NOT_CLASSIFIED
EPAM,0001352010,0001352010-24-000024,8-K,2024-08-08,2024-08-07T22:52:48.000Z,2.02,epam-20240808.htm,https://www.sec.gov/Archives/edgar/data/1352010/000135201024000024,https://www.sec.gov/Archives/edgar/data/1352010/000135201024000024/index.json,NOT_CLASSIFIED
PANW,0001327567,0001327567-24-000023,8-K,2024-08-19,2024-08-19T20:08:17.000Z,2.02,panw-20240819.htm,https://www.sec.gov/Archives/edgar/data/1327567/000132756724000023,https://www.sec.gov/Archives/edgar/data/1327567/000132756724000023/index.json,NOT_CLASSIFIED
LITE,0001633978,0001628280-24-037938,8-K/A,2024-08-21,2024-08-20T22:39:36.000Z,2.02,lite-20240814.htm,https://www.sec.gov/Archives/edgar/data/1633978/000162828024037938,https://www.sec.gov/Archives/edgar/data/1633978/000162828024037938/index.json,NOT_CLASSIFIED
NDSN,0000072331,0001193125-24-204098,8-K,2024-08-21,2024-08-21T13:10:59.000Z,7.01,d874837d8k.htm,https://www.sec.gov/Archives/edgar/data/72331/000119312524204098,https://www.sec.gov/Archives/edgar/data/72331/000119312524204098/index.json,NOT_CLASSIFIED
NDSN,0000072331,0000072331-24-000108,8-K,2024-08-21,2024-08-21T20:36:58.000Z,"2.02,7.01",ndsn-20240821.htm,https://www.sec.gov/Archives/edgar/data/72331/000007233124000108,https://www.sec.gov/Archives/edgar/data/72331/000007233124000108/index.json,NOT_CLASSIFIED
WDAY,0001327811,0001327811-24-000163,8-K,2024-08-22,2024-08-22T20:02:41.000Z,2.02,wday-20240822.htm,https://www.sec.gov/Archives/edgar/data/1327811/000132781124000163,https://www.sec.gov/Archives/edgar/data/1327811/000132781124000163/index.json,NOT_CLASSIFIED
TPL,0001811074,0001104659-24-093445,8-K,2024-08-27,2024-08-27T20:27:56.000Z,7.01,tm2422814d1_8k.htm,https://www.sec.gov/Archives/edgar/data/1811074/000110465924093445,https://www.sec.gov/Archives/edgar/data/1811074/000110465924093445/index.json,NOT_CLASSIFIED
EPAM,0001352010,0001352010-24-000031,8-K,2024-09-04,2024-09-04T12:06:18.000Z,7.01,epam-20240828.htm,https://www.sec.gov/Archives/edgar/data/1352010/000135201024000031,https://www.sec.gov/Archives/edgar/data/1352010/000135201024000031/index.json,NOT_CLASSIFIED
MHK,0000851968,0000851968-24-000117,8-K,2024-09-05,2024-09-05T20:16:14.000Z,7.01,mhk-20240905.htm,https://www.sec.gov/Archives/edgar/data/851968/000085196824000117,https://www.sec.gov/Archives/edgar/data/851968/000085196824000117/index.json,NOT_CLASSIFIED
JBL,0000898293,0001193125-24-226499,8-K,2024-09-26,2024-09-26T11:39:29.000Z,2.02,d872548d8k.htm,https://www.sec.gov/Archives/edgar/data/898293/000119312524226499,https://www.sec.gov/Archives/edgar/data/898293/000119312524226499/index.json,NOT_CLASSIFIED
LW,0001679273,0001679273-24-000071,8-K,2024-10-02,2024-10-01T21:38:41.000Z,2.02,lw-20241001.htm,https://www.sec.gov/Archives/edgar/data/1679273/000167927324000071,https://www.sec.gov/Archives/edgar/data/1679273/000167927324000071/index.json,NOT_CLASSIFIED
TPL,0001811074,0001104659-24-105465,8-K,2024-10-02,2024-10-02T20:28:31.000Z,7.01,tm2425454d1_8k.htm,https://www.sec.gov/Archives/edgar/data/1811074/000110465924105465,https://www.sec.gov/Archives/edgar/data/1811074/000110465924105465/index.json,NOT_CLASSIFIED
IBKR,0001381197,0001381197-24-000135,8-K,2024-10-15,2024-10-15T20:02:22.000Z,2.02,ibkr_8k-20240930.htm,https://www.sec.gov/Archives/edgar/data/1381197/000138119724000135,https://www.sec.gov/Archives/edgar/data/1381197/000138119724000135/index.json,NOT_CLASSIFIED
IBKR,0001381197,0001381197-24-000140,8-K/A,2024-10-21,2024-10-21T10:10:56.000Z,2.02,ibkr_8ka-20240930.htm,https://www.sec.gov/Archives/edgar/data/1381197/000138119724000140,https://www.sec.gov/Archives/edgar/data/1381197/000138119724000140/index.json,NOT_CLASSIFIED
LII,0001069202,0001628280-24-043349,8-K,2024-10-23,2024-10-23T10:56:05.000Z,"2.02,7.01",lii-20241021.htm,https://www.sec.gov/Archives/edgar/data/1069202/000162828024043349,https://www.sec.gov/Archives/edgar/data/1069202/000162828024043349/index.json,NOT_CLASSIFIED
TER,0000097210,0000950170-24-116845,8-K,2024-10-24,2024-10-24T11:00:08.000Z,2.02,ter-20241023.htm,https://www.sec.gov/Archives/edgar/data/97210/000095017024116845,https://www.sec.gov/Archives/edgar/data/97210/000095017024116845/index.json,NOT_CLASSIFIED
DECK,0000910521,0000910521-24-000056,8-K,2024-10-24,2024-10-24T20:07:19.000Z,2.02,deck-20241024.htm,https://www.sec.gov/Archives/edgar/data/910521/000091052124000056,https://www.sec.gov/Archives/edgar/data/910521/000091052124000056/index.json,NOT_CLASSIFIED
MHK,0000851968,0000851968-24-000123,8-K,2024-10-24,2024-10-24T20:14:26.000Z,2.02,mhk-20241024.htm,https://www.sec.gov/Archives/edgar/data/851968/000085196824000123,https://www.sec.gov/Archives/edgar/data/851968/000085196824000123/index.json,NOT_CLASSIFIED
NOV,0001021860,0000950170-24-117226,8-K,2024-10-25,2024-10-25T12:59:51.000Z,2.02,nov-20241024.htm,https://www.sec.gov/Archives/edgar/data/1021860/000095017024117226,https://www.sec.gov/Archives/edgar/data/1021860/000095017024117226/index.json,NOT_CLASSIFIED
FLS,0000030625,0001193125-24-245539,8-K,2024-10-28,2024-10-28T20:21:30.000Z,"2.02,7.01",d875783d8k.htm,https://www.sec.gov/Archives/edgar/data/30625/000119312524245539,https://www.sec.gov/Archives/edgar/data/30625/000119312524245539/index.json,NOT_CLASSIFIED
XRX,0001770450,0001770450-24-000045,8-K,2024-10-29,2024-10-29T10:37:52.000Z,2.02,xrx-20241029.htm,https://www.sec.gov/Archives/edgar/data/1770450/000177045024000045,https://www.sec.gov/Archives/edgar/data/1770450/000177045024000045/index.json,NOT_CLASSIFIED
FSLR,0001274494,0001274494-24-000037,8-K,2024-10-29,2024-10-29T20:09:09.000Z,2.02,fslr-20241029.htm,https://www.sec.gov/Archives/edgar/data/1274494/000127449424000037,https://www.sec.gov/Archives/edgar/data/1274494/000127449424000037/index.json,NOT_CLASSIFIED
QRVO,0001604778,0001604778-24-000078,8-K,2024-10-29,2024-10-29T20:10:00.000Z,2.02,rfmd-20241029.htm,https://www.sec.gov/Archives/edgar/data/1604778/000160477824000078,https://www.sec.gov/Archives/edgar/data/1604778/000160477824000078/index.json,NOT_CLASSIFIED
MPWR,0001280452,0001437749-24-032609,8-K,2024-10-30,2024-10-30T20:01:14.000Z,2.02,mpwr20240813_8k.htm,https://www.sec.gov/Archives/edgar/data/1280452/000143774924032609,https://www.sec.gov/Archives/edgar/data/1280452/000143774924032609/index.json,NOT_CLASSIFIED
HOOD,0001783879,0001783879-24-000295,8-K,2024-10-30,2024-10-30T20:05:24.000Z,2.02,hood-20241030.htm,https://www.sec.gov/Archives/edgar/data/1783879/000178387924000295,https://www.sec.gov/Archives/edgar/data/1783879/000178387924000295/index.json,NOT_CLASSIFIED
GNRC,0001474735,0001437749-24-032683,8-K,2024-10-31,2024-10-31T10:01:41.000Z,2.02,gnrc20241028_8k.htm,https://www.sec.gov/Archives/edgar/data/1474735/000143774924032683,https://www.sec.gov/Archives/edgar/data/1474735/000143774924032683/index.json,NOT_CLASSIFIED
LNC,0000059558,0000059558-24-000063,8-K,2024-10-31,2024-10-31T10:03:15.000Z,"2.02,7.01",lnc-20241031.htm,https://www.sec.gov/Archives/edgar/data/59558/000005955824000063,https://www.sec.gov/Archives/edgar/data/59558/000005955824000063/index.json,NOT_CLASSIFIED
TFX,0000096943,0000096943-24-000146,8-K,2024-10-31,2024-10-31T11:00:35.000Z,"2.02,7.01",tfx-20241031.htm,https://www.sec.gov/Archives/edgar/data/96943/000009694324000146,https://www.sec.gov/Archives/edgar/data/96943/000009694324000146/index.json,NOT_CLASSIFIED
EME,0000105634,0000105634-24-000039,8-K,2024-10-31,2024-10-31T15:52:50.000Z,2.02,eme-20241031.htm,https://www.sec.gov/Archives/edgar/data/105634/000010563424000039,https://www.sec.gov/Archives/edgar/data/105634/000010563424000039/index.json,NOT_CLASSIFIED
CPT,0000906345,0000906345-24-000039,8-K,2024-10-31,2024-10-31T20:41:55.000Z,2.02,cpt-20241031.htm,https://www.sec.gov/Archives/edgar/data/906345/000090634524000039,https://www.sec.gov/Archives/edgar/data/906345/000090634524000039/index.json,NOT_CLASSIFIED
EPAM,0001352010,0001352010-24-000034,8-K,2024-11-01,2024-11-01T20:12:13.000Z,7.01,epam-20241101.htm,https://www.sec.gov/Archives/edgar/data/1352010/000135201024000034,https://www.sec.gov/Archives/edgar/data/1352010/000135201024000034/index.json,NOT_CLASSIFIED
MHK,0000851968,0000851968-24-000129,8-K,2024-11-06,2024-11-06T21:16:05.000Z,7.01,mhk-20241106.htm,https://www.sec.gov/Archives/edgar/data/851968/000085196824000129,https://www.sec.gov/Archives/edgar/data/851968/000085196824000129/index.json,NOT_CLASSIFIED
TPL,0001811074,0001811074-24-000058,8-K,2024-11-06,2024-11-06T21:17:32.000Z,"2.02,7.01",tpl-20241106.htm,https://www.sec.gov/Archives/edgar/data/1811074/000181107424000058,https://www.sec.gov/Archives/edgar/data/1811074/000181107424000058/index.json,NOT_CLASSIFIED
XYZ,0001512673,0001193125-24-253135,8-K,2024-11-07,2024-11-07T21:13:34.000Z,2.02,d835206d8k.htm,https://www.sec.gov/Archives/edgar/data/1512673/000119312524253135,https://www.sec.gov/Archives/edgar/data/1512673/000119312524253135/index.json,NOT_CLASSIFIED
LITE,0001633978,0001628280-24-046302,8-K,2024-11-07,2024-11-07T21:20:19.000Z,2.02,lite-20241107.htm,https://www.sec.gov/Archives/edgar/data/1633978/000162828024046302,https://www.sec.gov/Archives/edgar/data/1633978/000162828024046302/index.json,NOT_CLASSIFIED
AXON,0001069183,0001069183-24-000055,8-K,2024-11-07,2024-11-07T21:45:38.000Z,2.02,axon-20241107.htm,https://www.sec.gov/Archives/edgar/data/1069183/000106918324000055,https://www.sec.gov/Archives/edgar/data/1069183/000106918324000055/index.json,NOT_CLASSIFIED
PANW,0001327567,0001327567-24-000036,8-K,2024-11-20,2024-11-20T21:13:18.000Z,2.02,panw-20241120.htm,https://www.sec.gov/Archives/edgar/data/1327567/000132756724000036,https://www.sec.gov/Archives/edgar/data/1327567/000132756724000036/index.json,NOT_CLASSIFIED
WDAY,0001327811,0001327811-24-000233,8-K,2024-11-26,2024-11-26T21:03:00.000Z,2.02,wday-20241126.htm,https://www.sec.gov/Archives/edgar/data/1327811/000132781124000233,https://www.sec.gov/Archives/edgar/data/1327811/000132781124000233/index.json,NOT_CLASSIFIED
HOOD,0001783879,0001783879-24-000324,8-K,2024-12-04,2024-12-04T13:33:40.000Z,7.01,hood-20241204.htm,https://www.sec.gov/Archives/edgar/data/1783879/000178387924000324,https://www.sec.gov/Archives/edgar/data/1783879/000178387924000324/index.json,NOT_CLASSIFIED
CIEN,0000936395,0000936395-24-000037,8-K,2024-12-12,2024-12-12T12:05:00.000Z,"2.02,7.01",a8-k2024q4earningsresults.htm,https://www.sec.gov/Archives/edgar/data/936395/000093639524000037,https://www.sec.gov/Archives/edgar/data/936395/000093639524000037/index.json,NOT_CLASSIFIED
JBL,0000898293,0001628280-24-051805,8-K,2024-12-18,2024-12-18T12:47:01.000Z,2.02,jbl-20241218.htm,https://www.sec.gov/Archives/edgar/data/898293/000162828024051805,https://www.sec.gov/Archives/edgar/data/898293/000162828024051805/index.json,NOT_CLASSIFIED
LW,0001679273,0001679273-24-000085,8-K,2024-12-19,2024-12-19T11:03:39.000Z,2.02,lw-20241219.htm,https://www.sec.gov/Archives/edgar/data/1679273/000167927324000085,https://www.sec.gov/Archives/edgar/data/1679273/000167927324000085/index.json,NOT_CLASSIFIED
EME,0000105634,0000105634-24-000042,8-K,2024-12-19,2024-12-19T17:31:03.000Z,7.01,eme-20241218.htm,https://www.sec.gov/Archives/edgar/data/105634/000010563424000042,https://www.sec.gov/Archives/edgar/data/105634/000010563424000042/index.json,NOT_CLASSIFIED
XRX,0001770450,0001193125-24-283670,8-K,2024-12-23,2024-12-23T12:17:55.000Z,7.01,d894396d8k.htm,https://www.sec.gov/Archives/edgar/data/1770450/000119312524283670,https://www.sec.gov/Archives/edgar/data/1770450/000119312524283670/index.json,NOT_CLASSIFIED
IBKR,0001381197,0001381197-25-000027,8-K,2025-01-21,2025-01-21T21:02:07.000Z,2.02,ibkr_8k-20241231.htm,https://www.sec.gov/Archives/edgar/data/1381197/000138119725000027,https://www.sec.gov/Archives/edgar/data/1381197/000138119725000027/index.json,NOT_CLASSIFIED
MHK,0000851968,0000851968-25-000014,8-K,2025-01-24,2025-01-24T20:18:56.000Z,7.01,mhk-20250124.htm,https://www.sec.gov/Archives/edgar/data/851968/000085196825000014,https://www.sec.gov/Archives/edgar/data/851968/000085196825000014/index.json,NOT_CLASSIFIED
XRX,0001770450,0001770450-25-000003,8-K,2025-01-28,2025-01-28T11:35:40.000Z,2.02,xrx-20250128.htm,https://www.sec.gov/Archives/edgar/data/1770450/000177045025000003,https://www.sec.gov/Archives/edgar/data/1770450/000177045025000003/index.json,NOT_CLASSIFIED
QRVO,0001604778,0001604778-25-000011,8-K,2025-01-28,2025-01-28T21:05:31.000Z,2.02,rfmd-20250128.htm,https://www.sec.gov/Archives/edgar/data/1604778/000160477825000011,https://www.sec.gov/Archives/edgar/data/1604778/000160477825000011/index.json,NOT_CLASSIFIED
LII,0001069202,0001628280-25-002910,8-K,2025-01-29,2025-01-29T11:56:28.000Z,2.02,lii-20250129.htm,https://www.sec.gov/Archives/edgar/data/1069202/000162828025002910,https://www.sec.gov/Archives/edgar/data/1069202/000162828025002910/index.json,NOT_CLASSIFIED
TER,0000097210,0000950170-25-010781,8-K,2025-01-30,2025-01-30T12:00:09.000Z,2.02,ter-20250129.htm,https://www.sec.gov/Archives/edgar/data/97210/000095017025010781,https://www.sec.gov/Archives/edgar/data/97210/000095017025010781/index.json,NOT_CLASSIFIED
DECK,0000910521,0000910521-25-000002,8-K,2025-01-30,2025-01-30T21:09:46.000Z,2.02,deck-20250130.htm,https://www.sec.gov/Archives/edgar/data/910521/000091052125000002,https://www.sec.gov/Archives/edgar/data/910521/000091052125000002/index.json,NOT_CLASSIFIED
HOOD,0001783879,0001783879-25-000035,8-K,2025-01-31,2025-01-31T21:04:58.000Z,"2.02,7.01",hood-20250131.htm,https://www.sec.gov/Archives/edgar/data/1783879/000178387925000035,https://www.sec.gov/Archives/edgar/data/1783879/000178387925000035/index.json,NOT_CLASSIFIED
LITE,0001633978,0001193125-25-019371,8-K,2025-02-03,2025-02-03T22:15:21.000Z,2.02,d842830d8k.htm,https://www.sec.gov/Archives/edgar/data/1633978/000119312525019371,https://www.sec.gov/Archives/edgar/data/1633978/000119312525019371/index.json,NOT_CLASSIFIED
WDAY,0001327811,0001327811-25-000030,8-K,2025-02-05,2025-02-05T11:08:30.000Z,"2.02,7.01",wday-20250205.htm,https://www.sec.gov/Archives/edgar/data/1327811/000132781125000030,https://www.sec.gov/Archives/edgar/data/1327811/000132781125000030/index.json,NOT_CLASSIFIED
NOV,0001021860,0000950170-25-014184,8-K,2025-02-05,2025-02-05T14:00:52.000Z,2.02,nov-20250204.htm,https://www.sec.gov/Archives/edgar/data/1021860/000095017025014184,https://www.sec.gov/Archives/edgar/data/1021860/000095017025014184/index.json,NOT_CLASSIFIED
LNC,0000059558,0000059558-25-000007,8-K,2025-02-06,2025-02-06T11:07:38.000Z,"2.02,7.01",lnc-20250206.htm,https://www.sec.gov/Archives/edgar/data/59558/000005955825000007,https://www.sec.gov/Archives/edgar/data/59558/000005955825000007/index.json,NOT_CLASSIFIED
MPWR,0001280452,0001437749-25-003024,8-K,2025-02-06,2025-02-06T21:01:11.000Z,2.02,mpwr20241112c_8k.htm,https://www.sec.gov/Archives/edgar/data/1280452/000143774925003024,https://www.sec.gov/Archives/edgar/data/1280452/000143774925003024/index.json,NOT_CLASSIFIED
MHK,0000851968,0000851968-25-000019,8-K,2025-02-06,2025-02-06T21:16:34.000Z,2.02,mhk-20250206.htm,https://www.sec.gov/Archives/edgar/data/851968/000085196825000019,https://www.sec.gov/Archives/edgar/data/851968/000085196825000019/index.json,NOT_CLASSIFIED
CPT,0000906345,0000906345-25-000003,8-K,2025-02-06,2025-02-06T21:22:24.000Z,2.02,cpt-20250206.htm,https://www.sec.gov/Archives/edgar/data/906345/000090634525000003,https://www.sec.gov/Archives/edgar/data/906345/000090634525000003/index.json,NOT_CLASSIFIED
LITE,0001633978,0001628280-25-004265,8-K,2025-02-06,2025-02-06T21:22:44.000Z,2.02,lite-20250206.htm,https://www.sec.gov/Archives/edgar/data/1633978/000162828025004265,https://www.sec.gov/Archives/edgar/data/1633978/000162828025004265/index.json,NOT_CLASSIFIED
GNRC,0001474735,0001437749-25-003476,8-K,2025-02-12,2025-02-12T11:01:14.000Z,2.02,gnrc20250211_8k.htm,https://www.sec.gov/Archives/edgar/data/1474735/000143774925003476,https://www.sec.gov/Archives/edgar/data/1474735/000143774925003476/index.json,NOT_CLASSIFIED
HOOD,0001783879,0001783879-25-000045,8-K,2025-02-12,2025-02-12T21:05:03.000Z,2.02,hood-20250212.htm,https://www.sec.gov/Archives/edgar/data/1783879/000178387925000045,https://www.sec.gov/Archives/edgar/data/1783879/000178387925000045/index.json,NOT_CLASSIFIED
FLS,0000030625,0001193125-25-028617,8-K,2025-02-18,2025-02-18T21:17:45.000Z,"2.02,7.01",d930133d8k.htm,https://www.sec.gov/Archives/edgar/data/30625/000119312525028617,https://www.sec.gov/Archives/edgar/data/30625/000119312525028617/index.json,NOT_CLASSIFIED
TPL,0001811074,0001811074-25-000042,8-K,2025-02-19,2025-02-19T21:19:08.000Z,"2.02,7.01",tpl-20250219.htm,https://www.sec.gov/Archives/edgar/data/1811074/000181107425000042,https://www.sec.gov/Archives/edgar/data/1811074/000181107425000042/index.json,NOT_CLASSIFIED
NDSN,0000072331,0000072331-25-000030,8-K,2025-02-19,2025-02-19T21:39:12.000Z,"2.02,7.01",ndsn-20250219.htm,https://www.sec.gov/Archives/edgar/data/72331/000007233125000030,https://www.sec.gov/Archives/edgar/data/72331/000007233125000030/index.json,NOT_CLASSIFIED
FSLR,0001274494,0001274494-25-000006,8-K,2025-02-20,2025-02-20T21:09:21.000Z,2.02,fslr-20250220.htm,https://www.sec.gov/Archives/edgar/data/1274494/000127449425000006,https://www.sec.gov/Archives/edgar/data/1274494/000127449425000006/index.json,NOT_CLASSIFIED
XYZ,0001512673,0001193125-25-030738,8-K,2025-02-20,2025-02-20T21:20:08.000Z,2.02,d834054d8k.htm,https://www.sec.gov/Archives/edgar/data/1512673/000119312525030738,https://www.sec.gov/Archives/edgar/data/1512673/000119312525030738/index.json,NOT_CLASSIFIED
WDAY,0001327811,0001327811-25-000040,8-K,2025-02-25,2025-02-25T21:02:26.000Z,2.02,wday-20250225.htm,https://www.sec.gov/Archives/edgar/data/1327811/000132781125000040,https://www.sec.gov/Archives/edgar/data/1327811/000132781125000040/index.json,NOT_CLASSIFIED
WDAY,0001327811,0001327811-25-000041,8-K,2025-02-25,2025-02-25T21:05:04.000Z,7.01,wday-20250220.htm,https://www.sec.gov/Archives/edgar/data/1327811/000132781125000041,https://www.sec.gov/Archives/edgar/data/1327811/000132781125000041/index.json,NOT_CLASSIFIED
EME,0000105634,0000105634-25-000019,8-K,2025-02-26,2025-02-26T17:17:02.000Z,2.02,eme-20250226.htm,https://www.sec.gov/Archives/edgar/data/105634/000010563425000019,https://www.sec.gov/Archives/edgar/data/105634/000010563425000019/index.json,NOT_CLASSIFIED
TFX,0000096943,0000096943-25-000025,8-K,2025-02-27,2025-02-27T12:01:24.000Z,"2.02,7.01",tfx-20250224.htm,https://www.sec.gov/Archives/edgar/data/96943/000009694325000025,https://www.sec.gov/Archives/edgar/data/96943/000009694325000025/index.json,NOT_CLASSIFIED
CIEN,0000936395,0000936395-25-000005,8-K,2025-03-11,2025-03-11T11:27:01.000Z,2.02,cien-20250311.htm,https://www.sec.gov/Archives/edgar/data/936395/000093639525000005,https://www.sec.gov/Archives/edgar/data/936395/000093639525000005/index.json,NOT_CLASSIFIED
JBL,0000898293,0001628280-25-014001,8-K,2025-03-20,2025-03-20T11:51:36.000Z,2.02,jbl-20250320.htm,https://www.sec.gov/Archives/edgar/data/898293/000162828025014001,https://www.sec.gov/Archives/edgar/data/898293/000162828025014001/index.json,NOT_CLASSIFIED
MPWR,0001280452,0001437749-25-008519,8-K,2025-03-20,2025-03-20T15:50:22.000Z,7.01,mpwr20250307_8k.htm,https://www.sec.gov/Archives/edgar/data/1280452/000143774925008519,https://www.sec.gov/Archives/edgar/data/1280452/000143774925008519/index.json,NOT_CLASSIFIED
HOOD,0001783879,0001783879-25-000097,8-K,2025-03-25,2025-03-25T12:32:51.000Z,7.01,hood-20250321.htm,https://www.sec.gov/Archives/edgar/data/1783879/000178387925000097,https://www.sec.gov/Archives/edgar/data/1783879/000178387925000097/index.json,NOT_CLASSIFIED
XRX,0001770450,0001193125-25-062401,8-K,2025-03-25,2025-03-25T18:28:09.000Z,7.01,d843949d8k.htm,https://www.sec.gov/Archives/edgar/data/1770450/000119312525062401,https://www.sec.gov/Archives/edgar/data/1770450/000119312525062401/index.json,NOT_CLASSIFIED
LNC,0000059558,0000059558-25-000035,8-K,2025-04-09,2025-04-09T12:01:22.000Z,7.01,lnc-20250409.htm,https://www.sec.gov/Archives/edgar/data/59558/000005955825000035,https://www.sec.gov/Archives/edgar/data/59558/000005955825000035/index.json,NOT_CLASSIFIED
IBKR,0001381197,0001381197-25-000043,8-K,2025-04-15,2025-04-15T20:02:19.000Z,2.02,ibkr_8k-20250331.htm,https://www.sec.gov/Archives/edgar/data/1381197/000138119725000043,https://www.sec.gov/Archives/edgar/data/1381197/000138119725000043/index.json,NOT_CLASSIFIED
LII,0001069202,0001069202-25-000015,8-K,2025-04-23,2025-04-23T10:50:28.000Z,2.02,lii-20250423.htm,https://www.sec.gov/Archives/edgar/data/1069202/000106920225000015,https://www.sec.gov/Archives/edgar/data/1069202/000106920225000015/index.json,NOT_CLASSIFIED
FTI,0001681459,0001681459-25-000077,8-K,2025-04-24,2025-04-24T10:47:33.000Z,2.02,fti-20250424.htm,https://www.sec.gov/Archives/edgar/data/1681459/000168145925000077,https://www.sec.gov/Archives/edgar/data/1681459/000168145925000077/index.json,NOT_CLASSIFIED
TER,0000097210,0000950170-25-059568,8-K,2025-04-29,2025-04-29T11:30:23.000Z,2.02,ter-20250428.htm,https://www.sec.gov/Archives/edgar/data/97210/000095017025059568,https://www.sec.gov/Archives/edgar/data/97210/000095017025059568/index.json,NOT_CLASSIFIED
NOV,0001021860,0000950170-25-059591,8-K,2025-04-29,2025-04-29T13:00:21.000Z,2.02,nov-20250428.htm,https://www.sec.gov/Archives/edgar/data/1021860/000095017025059591,https://www.sec.gov/Archives/edgar/data/1021860/000095017025059591/index.json,NOT_CLASSIFIED
FSLR,0001274494,0001274494-25-000032,8-K,2025-04-29,2025-04-29T20:04:26.000Z,2.02,fslr-20250429.htm,https://www.sec.gov/Archives/edgar/data/1274494/000127449425000032,https://www.sec.gov/Archives/edgar/data/1274494/000127449425000032/index.json,NOT_CLASSIFIED
QRVO,0001604778,0001604778-25-000030,8-K,2025-04-29,2025-04-29T20:07:59.000Z,2.02,rfmd-20250429.htm,https://www.sec.gov/Archives/edgar/data/1604778/000160477825000030,https://www.sec.gov/Archives/edgar/data/1604778/000160477825000030/index.json,NOT_CLASSIFIED
FLS,0000030625,0001193125-25-103899,8-K,2025-04-29,2025-04-29T20:30:32.000Z,"2.02,7.01",d807991d8k.htm,https://www.sec.gov/Archives/edgar/data/30625/000119312525103899,https://www.sec.gov/Archives/edgar/data/30625/000119312525103899/index.json,NOT_CLASSIFIED
GNRC,0001474735,0001437749-25-013608,8-K,2025-04-30,2025-04-30T10:01:33.000Z,2.02,gnrc20250428_8k.htm,https://www.sec.gov/Archives/edgar/data/1474735/000143774925013608,https://www.sec.gov/Archives/edgar/data/1474735/000143774925013608/index.json,NOT_CLASSIFIED
EME,0000105634,0000105634-25-000032,8-K,2025-04-30,2025-04-30T16:28:21.000Z,2.02,eme-20250430.htm,https://www.sec.gov/Archives/edgar/data/105634/000010563425000032,https://www.sec.gov/Archives/edgar/data/105634/000010563425000032/index.json,NOT_CLASSIFIED
XRX,0001770450,0001770450-25-000021,8-K,2025-05-01,2025-05-01T10:36:46.000Z,2.02,xrx-20250501.htm,https://www.sec.gov/Archives/edgar/data/1770450/000177045025000021,https://www.sec.gov/Archives/edgar/data/1770450/000177045025000021/index.json,NOT_CLASSIFIED
MHK,0000851968,0000851968-25-000095,8-K,2025-05-01,2025-05-01T20:22:26.000Z,2.02,mhk-20250501.htm,https://www.sec.gov/Archives/edgar/data/851968/000085196825000095,https://www.sec.gov/Archives/edgar/data/851968/000085196825000095/index.json,NOT_CLASSIFIED
CPT,0000906345,0000906345-25-000022,8-K,2025-05-01,2025-05-01T20:34:38.000Z,2.02,cpt-20250501.htm,https://www.sec.gov/Archives/edgar/data/906345/000090634525000022,https://www.sec.gov/Archives/edgar/data/906345/000090634525000022/index.json,NOT_CLASSIFIED
UBER,0001543151,0001552781-25-000160,8-K,2025-05-06,2025-05-06T12:21:08.000Z,7.01,e25191_uber-8k.htm,https://www.sec.gov/Archives/edgar/data/1543151/000155278125000160,https://www.sec.gov/Archives/edgar/data/1543151/000155278125000160/index.json,NOT_CLASSIFIED
LITE,0001633978,0001628280-25-022709,8-K,2025-05-06,2025-05-06T20:26:14.000Z,2.02,lite-20250506.htm,https://www.sec.gov/Archives/edgar/data/1633978/000162828025022709,https://www.sec.gov/Archives/edgar/data/1633978/000162828025022709/index.json,NOT_CLASSIFIED
UBER,0001543151,0001543151-25-000012,8-K,2025-05-07,2025-05-07T10:55:52.000Z,2.02,uber-20250507.htm,https://www.sec.gov/Archives/edgar/data/1543151/000154315125000012,https://www.sec.gov/Archives/edgar/data/1543151/000154315125000012/index.json,NOT_CLASSIFIED
XRX,0001770450,0001193125-25-114424,8-K,2025-05-07,2025-05-07T11:00:36.000Z,7.01,d921059d8k.htm,https://www.sec.gov/Archives/edgar/data/1770450/000119312525114424,https://www.sec.gov/Archives/edgar/data/1770450/000119312525114424/index.json,NOT_CLASSIFIED
TPL,0001811074,0001811074-25-000058,8-K,2025-05-07,2025-05-07T20:16:38.000Z,"2.02,7.01",tpl-20250507.htm,https://www.sec.gov/Archives/edgar/data/1811074/000181107425000058,https://www.sec.gov/Archives/edgar/data/1811074/000181107425000058/index.json,NOT_CLASSIFIED
AXON,0001069183,0001069183-25-000074,8-K,2025-05-07,2025-05-07T20:36:26.000Z,2.02,axon-20250501.htm,https://www.sec.gov/Archives/edgar/data/1069183/000106918325000074,https://www.sec.gov/Archives/edgar/data/1069183/000106918325000074/index.json,NOT_CLASSIFIED
DECK,0000910521,0000910521-25-000013,8-K,2025-05-22,2025-05-22T20:07:32.000Z,"2.02,7.01",deck-20250522.htm,https://www.sec.gov/Archives/edgar/data/910521/000091052125000013,https://www.sec.gov/Archives/edgar/data/910521/000091052125000013/index.json,NOT_CLASSIFIED
NDSN,0000072331,0000072331-25-000053,8-K,2025-05-28,2025-05-28T20:35:55.000Z,"2.02,7.01",ndsn-20250528.htm,https://www.sec.gov/Archives/edgar/data/72331/000007233125000053,https://www.sec.gov/Archives/edgar/data/72331/000007233125000053/index.json,NOT_CLASSIFIED
LITE,0001633978,0001628280-25-029086,8-K,2025-06-03,2025-06-03T20:31:28.000Z,7.01,lite-20250603.htm,https://www.sec.gov/Archives/edgar/data/1633978/000162828025029086,https://www.sec.gov/Archives/edgar/data/1633978/000162828025029086/index.json,NOT_CLASSIFIED
CIEN,0000936395,0000936395-25-000023,8-K,2025-06-05,2025-06-05T11:05:10.000Z,2.02,cien-20250605.htm,https://www.sec.gov/Archives/edgar/data/936395/000093639525000023,https://www.sec.gov/Archives/edgar/data/936395/000093639525000023/index.json,NOT_CLASSIFIED
JBL,0000898293,0001628280-25-031712,8-K,2025-06-17,2025-06-17T11:47:27.000Z,2.02,jbl-20250617.htm,https://www.sec.gov/Archives/edgar/data/898293/000162828025031712,https://www.sec.gov/Archives/edgar/data/898293/000162828025031712/index.json,NOT_CLASSIFIED
CIEN,0000936395,0000936395-25-000029,8-K,2025-06-18,2025-06-18T20:04:52.000Z,7.01,cien-20250618.htm,https://www.sec.gov/Archives/edgar/data/936395/000093639525000029,https://www.sec.gov/Archives/edgar/data/936395/000093639525000029/index.json,NOT_CLASSIFIED
TER,0000097210,0001193125-25-148926,8-K,2025-06-26,2025-06-26T20:15:37.000Z,7.01,d918795d8k.htm,https://www.sec.gov/Archives/edgar/data/97210/000119312525148926,https://www.sec.gov/Archives/edgar/data/97210/000119312525148926/index.json,NOT_CLASSIFIED
IBKR,0001381197,0001381197-25-000078,8-K,2025-07-17,2025-07-17T20:01:26.000Z,2.02,ibkr_8k-20250630.htm,https://www.sec.gov/Archives/edgar/data/1381197/000138119725000078,https://www.sec.gov/Archives/edgar/data/1381197/000138119725000078/index.json,NOT_CLASSIFIED
LII,0001069202,0001069202-25-000029,8-K,2025-07-23,2025-07-23T10:49:21.000Z,2.02,lii-20250723.htm,https://www.sec.gov/Archives/edgar/data/1069202/000106920225000029,https://www.sec.gov/Archives/edgar/data/1069202/000106920225000029/index.json,NOT_CLASSIFIED
LW,0001679273,0001679273-25-000047,8-K,2025-07-23,2025-07-23T12:01:55.000Z,2.02,lw-20250723.htm,https://www.sec.gov/Archives/edgar/data/1679273/000167927325000047,https://www.sec.gov/Archives/edgar/data/1679273/000167927325000047/index.json,NOT_CLASSIFIED
FTI,0001681459,0001681459-25-000099,8-K,2025-07-24,2025-07-24T10:47:02.000Z,2.02,fti-20250724.htm,https://www.sec.gov/Archives/edgar/data/1681459/000168145925000099,https://www.sec.gov/Archives/edgar/data/1681459/000168145925000099/index.json,NOT_CLASSIFIED
DECK,0000910521,0000910521-25-000028,8-K,2025-07-24,2025-07-24T20:11:59.000Z,"2.02,7.01",deck-20250724.htm,https://www.sec.gov/Archives/edgar/data/910521/000091052125000028,https://www.sec.gov/Archives/edgar/data/910521/000091052125000028/index.json,NOT_CLASSIFIED
MHK,0000851968,0000851968-25-000112,8-K,2025-07-24,2025-07-24T20:19:19.000Z,2.02,mhk-20250724.htm,https://www.sec.gov/Archives/edgar/data/851968/000085196825000112,https://www.sec.gov/Archives/edgar/data/851968/000085196825000112/index.json,NOT_CLASSIFIED
FLS,0000030625,0001193125-25-167111,8-K,2025-07-29,2025-07-29T10:31:18.000Z,"2.02,7.01",d12088d8k.htm,https://www.sec.gov/Archives/edgar/data/30625/000119312525167111,https://www.sec.gov/Archives/edgar/data/30625/000119312525167111/index.json,NOT_CLASSIFIED
NOV,0001021860,0000950170-25-099408,8-K,2025-07-29,2025-07-29T13:00:33.000Z,2.02,nov-20250728.htm,https://www.sec.gov/Archives/edgar/data/1021860/000095017025099408,https://www.sec.gov/Archives/edgar/data/1021860/000095017025099408/index.json,NOT_CLASSIFIED
QRVO,0001604778,0001604778-25-000064,8-K,2025-07-29,2025-07-29T20:10:00.000Z,2.02,rfmd-20250729.htm,https://www.sec.gov/Archives/edgar/data/1604778/000160477825000064,https://www.sec.gov/Archives/edgar/data/1604778/000160477825000064/index.json,NOT_CLASSIFIED
TER,0000097210,0000950170-25-099876,8-K,2025-07-30,2025-07-30T11:00:34.000Z,2.02,ter-20250729.htm,https://www.sec.gov/Archives/edgar/data/97210/000095017025099876,https://www.sec.gov/Archives/edgar/data/97210/000095017025099876/index.json,NOT_CLASSIFIED
PANW,0001327567,0001193125-25-168821,8-K,2025-07-30,2025-07-30T12:52:47.000Z,7.01,d67702d8k.htm,https://www.sec.gov/Archives/edgar/data/1327567/000119312525168821,https://www.sec.gov/Archives/edgar/data/1327567/000119312525168821/index.json,NOT_CLASSIFIED
HOOD,0001783879,0001783879-25-000250,8-K,2025-07-30,2025-07-30T20:05:29.000Z,2.02,hood-20250730.htm,https://www.sec.gov/Archives/edgar/data/1783879/000178387925000250,https://www.sec.gov/Archives/edgar/data/1783879/000178387925000250/index.json,NOT_CLASSIFIED
LNC,0000059558,0000059558-25-000080,8-K,2025-07-31,2025-07-31T10:09:57.000Z,"2.02,7.01",lnc-20250731.htm,https://www.sec.gov/Archives/edgar/data/59558/000005955825000080,https://www.sec.gov/Archives/edgar/data/59558/000005955825000080/index.json,NOT_CLASSIFIED
XRX,0001770450,0001628280-25-036814,8-K,2025-07-31,2025-07-31T10:32:51.000Z,2.02,xrx-20250731.htm,https://www.sec.gov/Archives/edgar/data/1770450/000162828025036814,https://www.sec.gov/Archives/edgar/data/1770450/000162828025036814/index.json,NOT_CLASSIFIED
TFX,0000096943,0000096943-25-000112,8-K,2025-07-31,2025-07-31T11:00:30.000Z,"2.02,7.01",tfx-20250731.htm,https://www.sec.gov/Archives/edgar/data/96943/000009694325000112,https://www.sec.gov/Archives/edgar/data/96943/000009694325000112/index.json,NOT_CLASSIFIED
EME,0000105634,0000105634-25-000049,8-K,2025-07-31,2025-07-31T13:55:24.000Z,2.02,eme-20250731.htm,https://www.sec.gov/Archives/edgar/data/105634/000010563425000049,https://www.sec.gov/Archives/edgar/data/105634/000010563425000049/index.json,NOT_CLASSIFIED
MPWR,0001280452,0001437749-25-024185,8-K,2025-07-31,2025-07-31T20:01:09.000Z,2.02,mpwr20250509_8k.htm,https://www.sec.gov/Archives/edgar/data/1280452/000143774925024185,https://www.sec.gov/Archives/edgar/data/1280452/000143774925024185/index.json,NOT_CLASSIFIED
FSLR,0001274494,0001274494-25-000053,8-K,2025-07-31,2025-07-31T20:05:00.000Z,2.02,fslr-20250731.htm,https://www.sec.gov/Archives/edgar/data/1274494/000127449425000053,https://www.sec.gov/Archives/edgar/data/1274494/000127449425000053/index.json,NOT_CLASSIFIED
CPT,0000906345,0000906345-25-000031,8-K,2025-07-31,2025-07-31T20:33:09.000Z,2.02,cpt-20250731.htm,https://www.sec.gov/Archives/edgar/data/906345/000090634525000031,https://www.sec.gov/Archives/edgar/data/906345/000090634525000031/index.json,NOT_CLASSIFIED
AXON,0001069183,0001069183-25-000176,8-K,2025-08-04,2025-08-04T20:23:31.000Z,2.02,axon-20250804.htm,https://www.sec.gov/Archives/edgar/data/1069183/000106918325000176,https://www.sec.gov/Archives/edgar/data/1069183/000106918325000176/index.json,NOT_CLASSIFIED
UBER,0001543151,0001543151-25-000020,8-K,2025-08-06,2025-08-06T10:56:29.000Z,2.02,uber-20250728.htm,https://www.sec.gov/Archives/edgar/data/1543151/000154315125000020,https://www.sec.gov/Archives/edgar/data/1543151/000154315125000020/index.json,NOT_CLASSIFIED
EPAM,0001352010,0001352010-25-000024,8-K,2025-08-07,2025-08-07T00:00:34.000Z,2.02,epam-20250807.htm,https://www.sec.gov/Archives/edgar/data/1352010/000135201025000024,https://www.sec.gov/Archives/edgar/data/1352010/000135201025000024/index.json,NOT_CLASSIFIED
XYZ,0001512673,0001193125-25-175456,8-K,2025-08-07,2025-08-07T20:22:16.000Z,2.02,d942331d8k.htm,https://www.sec.gov/Archives/edgar/data/1512673/000119312525175456,https://www.sec.gov/Archives/edgar/data/1512673/000119312525175456/index.json,NOT_CLASSIFIED
LITE,0001633978,0001628280-25-039896,8-K,2025-08-12,2025-08-12T20:17:09.000Z,2.02,lite-20250812.htm,https://www.sec.gov/Archives/edgar/data/1633978/000162828025039896,https://www.sec.gov/Archives/edgar/data/1633978/000162828025039896/index.json,NOT_CLASSIFIED
TPL,0001811074,0001104659-25-078186,8-K,2025-08-14,2025-08-14T13:44:27.000Z,7.01,tm2523402d2_8k.htm,https://www.sec.gov/Archives/edgar/data/1811074/000110465925078186,https://www.sec.gov/Archives/edgar/data/1811074/000110465925078186/index.json,NOT_CLASSIFIED
XRX,0001770450,0001193125-25-181917,8-K,2025-08-15,2025-08-15T20:39:48.000Z,7.01,d45394d8k.htm,https://www.sec.gov/Archives/edgar/data/1770450/000119312525181917,https://www.sec.gov/Archives/edgar/data/1770450/000119312525181917/index.json,NOT_CLASSIFIED
PANW,0001327567,0001327567-25-000024,8-K,2025-08-18,2025-08-18T20:13:24.000Z,2.02,panw-20250813.htm,https://www.sec.gov/Archives/edgar/data/1327567/000132756725000024,https://www.sec.gov/Archives/edgar/data/1327567/000132756725000024/index.json,NOT_CLASSIFIED
NDSN,0000072331,0000072331-25-000112,8-K,2025-08-20,2025-08-20T20:36:22.000Z,"2.02,7.01",ndsn-20250820.htm,https://www.sec.gov/Archives/edgar/data/72331/000007233125000112,https://www.sec.gov/Archives/edgar/data/72331/000007233125000112/index.json,NOT_CLASSIFIED
WDAY,0001327811,0001327811-25-000181,8-K,2025-08-21,2025-08-21T20:05:21.000Z,2.02,wday-20250821.htm,https://www.sec.gov/Archives/edgar/data/1327811/000132781125000181,https://www.sec.gov/Archives/edgar/data/1327811/000132781125000181/index.json,NOT_CLASSIFIED
CIEN,0000936395,0000936395-25-000037,8-K,2025-09-04,2025-09-04T11:02:08.000Z,2.02,cien-20250904.htm,https://www.sec.gov/Archives/edgar/data/936395/000093639525000037,https://www.sec.gov/Archives/edgar/data/936395/000093639525000037/index.json,NOT_CLASSIFIED
FLS,0000030625,0001193125-25-205493,8-K,2025-09-17,2025-09-17T11:30:14.000Z,7.01,d95283d8k.htm,https://www.sec.gov/Archives/edgar/data/30625/000119312525205493,https://www.sec.gov/Archives/edgar/data/30625/000119312525205493/index.json,NOT_CLASSIFIED
JBL,0000898293,0001628280-25-042693,8-K,2025-09-25,2025-09-25T11:31:47.000Z,2.02,jbl-20250925.htm,https://www.sec.gov/Archives/edgar/data/898293/000162828025042693,https://www.sec.gov/Archives/edgar/data/898293/000162828025042693/index.json,NOT_CLASSIFIED
LII,0001069202,0001069202-25-000046,8-K,2025-10-22,2025-10-22T10:51:10.000Z,2.02,lii-20251022.htm,https://www.sec.gov/Archives/edgar/data/1069202/000106920225000046,https://www.sec.gov/Archives/edgar/data/1069202/000106920225000046/index.json,NOT_CLASSIFIED
FTI,0001681459,0001681459-25-000109,8-K,2025-10-23,2025-10-23T10:46:23.000Z,2.02,fti-20251023.htm,https://www.sec.gov/Archives/edgar/data/1681459/000168145925000109,https://www.sec.gov/Archives/edgar/data/1681459/000168145925000109/index.json,NOT_CLASSIFIED
DECK,0000910521,0000910521-25-000041,8-K,2025-10-23,2025-10-23T20:10:21.000Z,2.02,deck-20251023.htm,https://www.sec.gov/Archives/edgar/data/910521/000091052125000041,https://www.sec.gov/Archives/edgar/data/910521/000091052125000041/index.json,NOT_CLASSIFIED
MHK,0000851968,0000851968-25-000131,8-K,2025-10-23,2025-10-23T20:23:10.000Z,2.02,mhk-20251023.htm,https://www.sec.gov/Archives/edgar/data/851968/000085196825000131,https://www.sec.gov/Archives/edgar/data/851968/000085196825000131/index.json,NOT_CLASSIFIED
TPL,0001811074,0001104659-25-102617,8-K,2025-10-27,2025-10-27T20:41:49.000Z,7.01,tm2529481d1_8k.htm,https://www.sec.gov/Archives/edgar/data/1811074/000110465925102617,https://www.sec.gov/Archives/edgar/data/1811074/000110465925102617/index.json,NOT_CLASSIFIED
QRVO,0001604778,0000950103-25-013685,8-K,2025-10-28,2025-10-28T11:01:18.000Z,2.02,dp236357_8k.htm,https://www.sec.gov/Archives/edgar/data/1604778/000095010325013685,https://www.sec.gov/Archives/edgar/data/1604778/000095010325013685/index.json,NOT_CLASSIFIED
NOV,0001021860,0001193125-25-252481,8-K,2025-10-28,2025-10-28T13:00:30.000Z,2.02,nov-20251028.htm,https://www.sec.gov/Archives/edgar/data/1021860/000119312525252481,https://www.sec.gov/Archives/edgar/data/1021860/000119312525252481/index.json,NOT_CLASSIFIED
TER,0000097210,0001193125-25-254602,8-K,2025-10-29,2025-10-29T11:00:29.000Z,2.02,ter-20251028.htm,https://www.sec.gov/Archives/edgar/data/97210/000119312525254602,https://www.sec.gov/Archives/edgar/data/97210/000119312525254602/index.json,NOT_CLASSIFIED
GNRC,0001474735,0001437749-25-032069,8-K,2025-10-29,2025-10-29T11:00:31.000Z,2.02,gnrc20251028_8k.htm,https://www.sec.gov/Archives/edgar/data/1474735/000143774925032069,https://www.sec.gov/Archives/edgar/data/1474735/000143774925032069/index.json,NOT_CLASSIFIED
LNC,0000059558,0000059558-25-000091,8-K,2025-10-30,2025-10-30T10:14:23.000Z,"2.02,7.01",lnc-20251030.htm,https://www.sec.gov/Archives/edgar/data/59558/000005955825000091,https://www.sec.gov/Archives/edgar/data/59558/000005955825000091/index.json,NOT_CLASSIFIED
XRX,0001770450,0001770450-25-000033,8-K,2025-10-30,2025-10-30T10:35:53.000Z,2.02,xrx-20251030.htm,https://www.sec.gov/Archives/edgar/data/1770450/000177045025000033,https://www.sec.gov/Archives/edgar/data/1770450/000177045025000033/index.json,NOT_CLASSIFIED
EME,0000105634,0000105634-25-000082,8-K,2025-10-30,2025-10-30T12:48:33.000Z,2.02,eme-20251030.htm,https://www.sec.gov/Archives/edgar/data/105634/000010563425000082,https://www.sec.gov/Archives/edgar/data/105634/000010563425000082/index.json,NOT_CLASSIFIED
MPWR,0001280452,0001437749-25-032411,8-K,2025-10-30,2025-10-30T20:01:12.000Z,2.02,mpwr20250819_8k.htm,https://www.sec.gov/Archives/edgar/data/1280452/000143774925032411,https://www.sec.gov/Archives/edgar/data/1280452/000143774925032411/index.json,NOT_CLASSIFIED
FSLR,0001274494,0001274494-25-000081,8-K,2025-10-30,2025-10-30T20:09:03.000Z,2.02,fslr-20251030.htm,https://www.sec.gov/Archives/edgar/data/1274494/000127449425000081,https://www.sec.gov/Archives/edgar/data/1274494/000127449425000081/index.json,NOT_CLASSIFIED
HOOD,0001783879,0001783879-25-000305,8-K,2025-10-31,2025-10-31T20:05:38.000Z,"2.02,7.01",hood-20251031.htm,https://www.sec.gov/Archives/edgar/data/1783879/000178387925000305,https://www.sec.gov/Archives/edgar/data/1783879/000178387925000305/index.json,NOT_CLASSIFIED
QRVO,0001604778,0001628280-25-048216,8-K,2025-11-03,2025-11-03T21:05:55.000Z,2.02,rfmd-20251103.htm,https://www.sec.gov/Archives/edgar/data/1604778/000162828025048216,https://www.sec.gov/Archives/edgar/data/1604778/000162828025048216/index.json,NOT_CLASSIFIED
UBER,0001543151,0001543151-25-000030,8-K,2025-11-04,2025-11-04T11:56:06.000Z,2.02,uber-20251104.htm,https://www.sec.gov/Archives/edgar/data/1543151/000154315125000030,https://www.sec.gov/Archives/edgar/data/1543151/000154315125000030/index.json,NOT_CLASSIFIED
AXON,0001069183,0001628280-25-048845,8-K,2025-11-04,2025-11-04T21:12:49.000Z,2.02,axon-20251104.htm,https://www.sec.gov/Archives/edgar/data/1069183/000162828025048845,https://www.sec.gov/Archives/edgar/data/1069183/000162828025048845/index.json,NOT_CLASSIFIED
LITE,0001633978,0001628280-25-048860,8-K,2025-11-04,2025-11-04T21:16:09.000Z,2.02,lite-20251104.htm,https://www.sec.gov/Archives/edgar/data/1633978/000162828025048860,https://www.sec.gov/Archives/edgar/data/1633978/000162828025048860/index.json,NOT_CLASSIFIED
HOOD,0001783879,0001783879-25-000309,8-K,2025-11-05,2025-11-05T21:05:08.000Z,2.02,hood-20251030.htm,https://www.sec.gov/Archives/edgar/data/1783879/000178387925000309,https://www.sec.gov/Archives/edgar/data/1783879/000178387925000309/index.json,NOT_CLASSIFIED
TPL,0001811074,0001811074-25-000094,8-K,2025-11-05,2025-11-05T21:17:51.000Z,"2.02,7.01",tpl-20251105.htm,https://www.sec.gov/Archives/edgar/data/1811074/000181107425000094,https://www.sec.gov/Archives/edgar/data/1811074/000181107425000094/index.json,NOT_CLASSIFIED
TFX,0000096943,0000096943-25-000136,8-K,2025-11-06,2025-11-06T12:00:42.000Z,"2.02,7.01",tfx-20251106.htm,https://www.sec.gov/Archives/edgar/data/96943/000009694325000136,https://www.sec.gov/Archives/edgar/data/96943/000009694325000136/index.json,NOT_CLASSIFIED
XYZ,0001512673,0001193125-25-269715,8-K,2025-11-06,2025-11-06T21:29:20.000Z,2.02,d48712d8k.htm,https://www.sec.gov/Archives/edgar/data/1512673/000119312525269715,https://www.sec.gov/Archives/edgar/data/1512673/000119312525269715/index.json,NOT_CLASSIFIED
CPT,0000906345,0001628280-25-050242,8-K,2025-11-06,2025-11-06T21:32:43.000Z,2.02,cpt-20251106.htm,https://www.sec.gov/Archives/edgar/data/906345/000162828025050242,https://www.sec.gov/Archives/edgar/data/906345/000162828025050242/index.json,NOT_CLASSIFIED
PANW,0001327567,0001327567-25-000032,8-K,2025-11-19,2025-11-19T21:16:32.000Z,"2.02,7.01",panw-20251119.htm,https://www.sec.gov/Archives/edgar/data/1327567/000132756725000032,https://www.sec.gov/Archives/edgar/data/1327567/000132756725000032/index.json,NOT_CLASSIFIED
WDAY,0001327811,0001327811-25-000196,8-K,2025-11-25,2025-11-25T21:03:30.000Z,2.02,wday-20251125.htm,https://www.sec.gov/Archives/edgar/data/1327811/000132781125000196,https://www.sec.gov/Archives/edgar/data/1327811/000132781125000196/index.json,NOT_CLASSIFIED
TPL,0001811074,0001104659-25-117726,8-K,2025-12-02,2025-12-02T21:23:56.000Z,7.01,tm2532596d1_8k.htm,https://www.sec.gov/Archives/edgar/data/1811074/000110465925117726,https://www.sec.gov/Archives/edgar/data/1811074/000110465925117726/index.json,NOT_CLASSIFIED
NDSN,0000072331,0000072331-25-000138,8-K,2025-12-10,2025-12-10T21:34:22.000Z,"2.02,7.01",ndsn-20251210.htm,https://www.sec.gov/Archives/edgar/data/72331/000007233125000138,https://www.sec.gov/Archives/edgar/data/72331/000007233125000138/index.json,NOT_CLASSIFIED
CIEN,0000936395,0001628280-25-056425,8-K,2025-12-11,2025-12-11T12:07:39.000Z,2.02,cien-20251211.htm,https://www.sec.gov/Archives/edgar/data/936395/000162828025056425,https://www.sec.gov/Archives/edgar/data/936395/000162828025056425/index.json,NOT_CLASSIFIED
TPL,0001811074,0001104659-25-121822,8-K,2025-12-17,2025-12-17T12:15:49.000Z,7.01,tm2533707d1_8k.htm,https://www.sec.gov/Archives/edgar/data/1811074/000110465925121822,https://www.sec.gov/Archives/edgar/data/1811074/000110465925121822/index.json,NOT_CLASSIFIED
JBL,0000898293,0001628280-25-057488,8-K,2025-12-17,2025-12-17T12:31:55.000Z,2.02,jbl-20251217.htm,https://www.sec.gov/Archives/edgar/data/898293/000162828025057488,https://www.sec.gov/Archives/edgar/data/898293/000162828025057488/index.json,NOT_CLASSIFIED
LW,0001679273,0001679273-25-000075,8-K,2025-12-19,2025-12-19T13:32:05.000Z,2.02,lw-20251219.htm,https://www.sec.gov/Archives/edgar/data/1679273/000167927325000075,https://www.sec.gov/Archives/edgar/data/1679273/000167927325000075/index.json,NOT_CLASSIFIED
EPAM,0001352010,0001352010-26-000005,8-K,2026-01-13,2026-01-13T21:02:04.000Z,7.01,epam-20260113.htm,https://www.sec.gov/Archives/edgar/data/1352010/000135201026000005,https://www.sec.gov/Archives/edgar/data/1352010/000135201026000005/index.json,NOT_CLASSIFIED
IBKR,0001381197,0001193125-26-016540,8-K,2026-01-20,2026-01-20T21:02:18.000Z,2.02,ibkr-20260120.htm,https://www.sec.gov/Archives/edgar/data/1381197/000119312526016540,https://www.sec.gov/Archives/edgar/data/1381197/000119312526016540/index.json,NOT_CLASSIFIED
LII,0001069202,0001069202-26-000005,8-K,2026-01-28,2026-01-28T11:56:28.000Z,2.02,lii-20260128.htm,https://www.sec.gov/Archives/edgar/data/1069202/000106920226000005,https://www.sec.gov/Archives/edgar/data/1069202/000106920226000005/index.json,NOT_CLASSIFIED
XRX,0001770450,0001193125-26-026118,8-K,2026-01-28,2026-01-28T13:15:13.000Z,7.01,d75271d8k.htm,https://www.sec.gov/Archives/edgar/data/1770450/000119312526026118,https://www.sec.gov/Archives/edgar/data/1770450/000119312526026118/index.json,NOT_CLASSIFIED
XRX,0001770450,0001770450-26-000003,8-K,2026-01-29,2026-01-29T11:35:35.000Z,2.02,xrx-20260129.htm,https://www.sec.gov/Archives/edgar/data/1770450/000177045026000003,https://www.sec.gov/Archives/edgar/data/1770450/000177045026000003/index.json,NOT_CLASSIFIED
TER,0000097210,0001193125-26-034348,8-K,2026-02-03,2026-02-03T11:01:44.000Z,2.02,ter-20260202.htm,https://www.sec.gov/Archives/edgar/data/97210/000119312526034348,https://www.sec.gov/Archives/edgar/data/97210/000119312526034348/index.json,NOT_CLASSIFIED
LITE,0001633978,0001628280-26-005005,8-K,2026-02-03,2026-02-03T21:12:14.000Z,2.02,lite-20260203.htm,https://www.sec.gov/Archives/edgar/data/1633978/000162828026005005,https://www.sec.gov/Archives/edgar/data/1633978/000162828026005005/index.json,NOT_CLASSIFIED
UBER,0001543151,0001543151-26-000011,8-K,2026-02-04,2026-02-04T11:56:12.000Z,2.02,uber-20260130.htm,https://www.sec.gov/Archives/edgar/data/1543151/000154315126000011,https://www.sec.gov/Archives/edgar/data/1543151/000154315126000011/index.json,NOT_CLASSIFIED
WDAY,0001327811,0001327811-26-000004,8-K,2026-02-04,2026-02-04T21:04:46.000Z,2.02,wday-20260130.htm,https://www.sec.gov/Archives/edgar/data/1327811/000132781126000004,https://www.sec.gov/Archives/edgar/data/1327811/000132781126000004/index.json,NOT_CLASSIFIED
NOV,0001021860,0001193125-26-038589,8-K,2026-02-05,2026-02-05T13:57:55.000Z,2.02,nov-20260204.htm,https://www.sec.gov/Archives/edgar/data/1021860/000119312526038589,https://www.sec.gov/Archives/edgar/data/1021860/000119312526038589/index.json,NOT_CLASSIFIED
FLS,0000030625,0001193125-26-039379,8-K,2026-02-05,2026-02-05T21:06:46.000Z,"2.02,7.01",d42935d8k.htm,https://www.sec.gov/Archives/edgar/data/30625/000119312526039379,https://www.sec.gov/Archives/edgar/data/30625/000119312526039379/index.json,NOT_CLASSIFIED
CPT,0000906345,0001628280-26-005842,8-K,2026-02-05,2026-02-05T21:42:53.000Z,2.02,cpt-20260205.htm,https://www.sec.gov/Archives/edgar/data/906345/000162828026005842,https://www.sec.gov/Archives/edgar/data/906345/000162828026005842/index.json,NOT_CLASSIFIED
UBER,0001543151,0001552781-26-000043,8-K,2026-02-09,2026-02-09T13:00:28.000Z,7.01,e26049_uber-8k.htm,https://www.sec.gov/Archives/edgar/data/1543151/000155278126000043,https://www.sec.gov/Archives/edgar/data/1543151/000155278126000043/index.json,NOT_CLASSIFIED
WDAY,0001327811,0001327811-26-000007,8-K,2026-02-09,2026-02-09T13:31:59.000Z,7.01,wday-20260206.htm,https://www.sec.gov/Archives/edgar/data/1327811/000132781126000007,https://www.sec.gov/Archives/edgar/data/1327811/000132781126000007/index.json,NOT_CLASSIFIED
HOOD,0001783879,0001783879-26-000013,8-K,2026-02-10,2026-02-10T21:05:13.000Z,2.02,hood-20260206.htm,https://www.sec.gov/Archives/edgar/data/1783879/000178387926000013,https://www.sec.gov/Archives/edgar/data/1783879/000178387926000013/index.json,NOT_CLASSIFIED
GNRC,0001474735,0001437749-26-003700,8-K,2026-02-11,2026-02-11T12:00:14.000Z,2.02,gnrc20260211_8k.htm,https://www.sec.gov/Archives/edgar/data/1474735/000143774926003700,https://www.sec.gov/Archives/edgar/data/1474735/000143774926003700/index.json,NOT_CLASSIFIED
LNC,0000059558,0000059558-26-000007,8-K,2026-02-12,2026-02-12T11:05:47.000Z,"2.02,7.01",lnc-20260212.htm,https://www.sec.gov/Archives/edgar/data/59558/000005955826000007,https://www.sec.gov/Archives/edgar/data/59558/000005955826000007/index.json,NOT_CLASSIFIED
XRX,0001770450,0001193125-26-047741,8-K,2026-02-12,2026-02-12T13:09:54.000Z,7.01,d715884d8k.htm,https://www.sec.gov/Archives/edgar/data/1770450/000119312526047741,https://www.sec.gov/Archives/edgar/data/1770450/000119312526047741/index.json,NOT_CLASSIFIED
MHK,0000851968,0000851968-26-000005,8-K,2026-02-12,2026-02-12T21:22:28.000Z,2.02,mhk-20260212.htm,https://www.sec.gov/Archives/edgar/data/851968/000085196826000005,https://www.sec.gov/Archives/edgar/data/851968/000085196826000005/index.json,NOT_CLASSIFIED
PANW,0001327567,0001327567-26-000003,8-K,2026-02-17,2026-02-17T21:14:09.000Z,2.02,panw-20260217.htm,https://www.sec.gov/Archives/edgar/data/1327567/000132756726000003,https://www.sec.gov/Archives/edgar/data/1327567/000132756726000003/index.json,NOT_CLASSIFIED
TPL,0001811074,0001811074-26-000016,8-K,2026-02-18,2026-02-18T21:17:02.000Z,"2.02,7.01",tpl-20260218.htm,https://www.sec.gov/Archives/edgar/data/1811074/000181107426000016,https://www.sec.gov/Archives/edgar/data/1811074/000181107426000016/index.json,NOT_CLASSIFIED
EPAM,0001352010,0001352010-26-000010,8-K,2026-02-19,2026-02-19T00:35:56.000Z,2.02,epam-20260219.htm,https://www.sec.gov/Archives/edgar/data/1352010/000135201026000010,https://www.sec.gov/Archives/edgar/data/1352010/000135201026000010/index.json,NOT_CLASSIFIED
WDAY,0001327811,0001327811-26-000010,8-K,2026-02-24,2026-02-24T21:02:19.000Z,2.02,wday-20260224.htm,https://www.sec.gov/Archives/edgar/data/1327811/000132781126000010,https://www.sec.gov/Archives/edgar/data/1327811/000132781126000010/index.json,NOT_CLASSIFIED
FSLR,0001274494,0001274494-26-000020,8-K,2026-02-24,2026-02-24T21:09:36.000Z,2.02,fslr-20260224.htm,https://www.sec.gov/Archives/edgar/data/1274494/000127449426000020,https://www.sec.gov/Archives/edgar/data/1274494/000127449426000020/index.json,NOT_CLASSIFIED
AXON,0001069183,0001628280-26-011106,8-K,2026-02-24,2026-02-24T21:16:54.000Z,2.02,axon-20260224.htm,https://www.sec.gov/Archives/edgar/data/1069183/000162828026011106,https://www.sec.gov/Archives/edgar/data/1069183/000162828026011106/index.json,NOT_CLASSIFIED
TFX,0000096943,0000096943-26-000011,8-K,2026-02-26,2026-02-26T12:00:43.000Z,"2.02,7.01",tfx-20260223.htm,https://www.sec.gov/Archives/edgar/data/96943/000009694326000011,https://www.sec.gov/Archives/edgar/data/96943/000009694326000011/index.json,NOT_CLASSIFIED
EME,0000105634,0000105634-26-000027,8-K,2026-02-26,2026-02-26T14:33:42.000Z,2.02,eme-20260226.htm,https://www.sec.gov/Archives/edgar/data/105634/000010563426000027,https://www.sec.gov/Archives/edgar/data/105634/000010563426000027/index.json,NOT_CLASSIFIED
XYZ,0001512673,0001193125-26-076557,8-K,2026-02-26,2026-02-26T21:06:19.000Z,2.02,d108590d8k.htm,https://www.sec.gov/Archives/edgar/data/1512673/000119312526076557,https://www.sec.gov/Archives/edgar/data/1512673/000119312526076557/index.json,NOT_CLASSIFIED
EPAM,0001352010,0001352010-26-000019,8-K,2026-03-05,2026-03-04T23:50:07.000Z,7.01,epam-20260304.htm,https://www.sec.gov/Archives/edgar/data/1352010/000135201026000019,https://www.sec.gov/Archives/edgar/data/1352010/000135201026000019/index.json,NOT_CLASSIFIED
FLS,0000030625,0001193125-26-107220,8-K,2026-03-16,2026-03-16T11:30:19.000Z,7.01,d23060d8k.htm,https://www.sec.gov/Archives/edgar/data/30625/000119312526107220,https://www.sec.gov/Archives/edgar/data/30625/000119312526107220/index.json,NOT_CLASSIFIED
JBL,0000898293,0001628280-26-019043,8-K,2026-03-18,2026-03-18T11:32:42.000Z,2.02,jbl-20260318.htm,https://www.sec.gov/Archives/edgar/data/898293/000162828026019043,https://www.sec.gov/Archives/edgar/data/898293/000162828026019043/index.json,NOT_CLASSIFIED
HOOD,0001783879,0001783879-26-000045,8-K,2026-03-24,2026-03-24T20:06:05.000Z,7.01,hood-20260320.htm,https://www.sec.gov/Archives/edgar/data/1783879/000178387926000045,https://www.sec.gov/Archives/edgar/data/1783879/000178387926000045/index.json,NOT_CLASSIFIED
GNRC,0001474735,0001437749-26-009685,8-K,2026-03-25,2026-03-25T11:30:32.000Z,7.01,gnrc20260325_8k.htm,https://www.sec.gov/Archives/edgar/data/1474735/000143774926009685,https://www.sec.gov/Archives/edgar/data/1474735/000143774926009685/index.json,NOT_CLASSIFIED
TFX,0000096943,0000096943-26-000036,8-K,2026-03-27,2026-03-27T18:48:47.000Z,7.01,tfx-20260327.htm,https://www.sec.gov/Archives/edgar/data/96943/000009694326000036,https://www.sec.gov/Archives/edgar/data/96943/000009694326000036/index.json,NOT_CLASSIFIED
LW,0001679273,0001679273-26-000011,8-K,2026-04-01,2026-04-01T12:30:57.000Z,2.02,lw-20260401.htm,https://www.sec.gov/Archives/edgar/data/1679273/000167927326000011,https://www.sec.gov/Archives/edgar/data/1679273/000167927326000011/index.json,NOT_CLASSIFIED
XRX,0001770450,0001193125-26-140584,8-K,2026-04-02,2026-04-02T21:26:28.000Z,7.01,d40139d8k.htm,https://www.sec.gov/Archives/edgar/data/1770450/000119312526140584,https://www.sec.gov/Archives/edgar/data/1770450/000119312526140584/index.json,NOT_CLASSIFIED
NOV,0001021860,0001193125-26-156143,8-K,2026-04-15,2026-04-15T13:27:34.000Z,2.02,nov-20260413.htm,https://www.sec.gov/Archives/edgar/data/1021860/000119312526156143,https://www.sec.gov/Archives/edgar/data/1021860/000119312526156143/index.json,NOT_CLASSIFIED
IBKR,0001381197,0001381197-26-000078,8-K,2026-04-21,2026-04-21T20:02:51.000Z,2.02,ibkr-20260421.htm,https://www.sec.gov/Archives/edgar/data/1381197/000138119726000078,https://www.sec.gov/Archives/edgar/data/1381197/000138119726000078/index.json,NOT_CLASSIFIED
HOOD,0001783879,0001783879-26-000061,8-K,2026-04-28,2026-04-28T20:05:17.000Z,2.02,hood-20260428.htm,https://www.sec.gov/Archives/edgar/data/1783879/000178387926000061,https://www.sec.gov/Archives/edgar/data/1783879/000178387926000061/index.json,NOT_CLASSIFIED
TER,0000097210,0001193125-26-188706,8-K,2026-04-29,2026-04-29T10:00:49.000Z,2.02,ter-20260428.htm,https://www.sec.gov/Archives/edgar/data/97210/000119312526188706,https://www.sec.gov/Archives/edgar/data/97210/000119312526188706/index.json,NOT_CLASSIFIED
LII,0001069202,0001069202-26-000052,8-K,2026-04-29,2026-04-29T10:52:46.000Z,2.02,lii-20260429.htm,https://www.sec.gov/Archives/edgar/data/1069202/000106920226000052,https://www.sec.gov/Archives/edgar/data/1069202/000106920226000052/index.json,NOT_CLASSIFIED
FLS,0000030625,0001193125-26-191527,8-K,2026-04-29,2026-04-29T20:07:10.000Z,"2.02,7.01",d866371d8k.htm,https://www.sec.gov/Archives/edgar/data/30625/000119312526191527,https://www.sec.gov/Archives/edgar/data/30625/000119312526191527/index.json,NOT_CLASSIFIED
XRX,0001770450,0001770450-26-000025,8-K,2026-04-30,2026-04-30T10:40:54.000Z,2.02,xrx-20260430.htm,https://www.sec.gov/Archives/edgar/data/1770450/000177045026000025,https://www.sec.gov/Archives/edgar/data/1770450/000177045026000025/index.json,NOT_CLASSIFIED
FTI,0001681459,0001681459-26-000023,8-K,2026-04-30,2026-04-30T10:46:50.000Z,2.02,fti-20260430.htm,https://www.sec.gov/Archives/edgar/data/1681459/000168145926000023,https://www.sec.gov/Archives/edgar/data/1681459/000168145926000023/index.json,NOT_CLASSIFIED
MPWR,0001280452,0001437749-26-014182,8-K,2026-04-30,2026-04-30T20:01:11.000Z,2.02,mpwr20260305_8k.htm,https://www.sec.gov/Archives/edgar/data/1280452/000143774926014182,https://www.sec.gov/Archives/edgar/data/1280452/000143774926014182/index.json,NOT_CLASSIFIED
MHK,0000851968,0000851968-26-000015,8-K,2026-04-30,2026-04-30T20:22:09.000Z,2.02,mhk-20260430.htm,https://www.sec.gov/Archives/edgar/data/851968/000085196826000015,https://www.sec.gov/Archives/edgar/data/851968/000085196826000015/index.json,NOT_CLASSIFIED
CPT,0000906345,0001628280-26-028942,8-K,2026-04-30,2026-04-30T20:34:58.000Z,2.02,cpt-20260430.htm,https://www.sec.gov/Archives/edgar/data/906345/000162828026028942,https://www.sec.gov/Archives/edgar/data/906345/000162828026028942/index.json,NOT_CLASSIFIED
QRVO,0001604778,0001628280-26-030523,8-K,2026-05-05,2026-05-05T20:10:18.000Z,2.02,rfmd-20260505.htm,https://www.sec.gov/Archives/edgar/data/1604778/000162828026030523,https://www.sec.gov/Archives/edgar/data/1604778/000162828026030523/index.json,NOT_CLASSIFIED
LITE,0001633978,0001628280-26-030530,8-K,2026-05-05,2026-05-05T20:11:28.000Z,2.02,lite-20260505.htm,https://www.sec.gov/Archives/edgar/data/1633978/000162828026030530,https://www.sec.gov/Archives/edgar/data/1633978/000162828026030530/index.json,NOT_CLASSIFIED
UBER,0001543151,0001543151-26-000019,8-K,2026-05-06,2026-05-06T10:56:33.000Z,2.02,uber-20260506.htm,https://www.sec.gov/Archives/edgar/data/1543151/000154315126000019,https://www.sec.gov/Archives/edgar/data/1543151/000154315126000019/index.json,NOT_CLASSIFIED
TPL,0001811074,0001811074-26-000033,8-K,2026-05-06,2026-05-06T20:18:21.000Z,"2.02,7.01",tpl-20260505.htm,https://www.sec.gov/Archives/edgar/data/1811074/000181107426000033,https://www.sec.gov/Archives/edgar/data/1811074/000181107426000033/index.json,NOT_CLASSIFIED
EPAM,0001352010,0001352010-26-000026,8-K,2026-05-07,2026-05-06T23:01:22.000Z,2.02,epam-20260507.htm,https://www.sec.gov/Archives/edgar/data/1352010/000135201026000026,https://www.sec.gov/Archives/edgar/data/1352010/000135201026000026/index.json,NOT_CLASSIFIED
LNC,0000059558,0000059558-26-000031,8-K,2026-05-07,2026-05-07T10:02:49.000Z,"2.02,7.01",lnc-20260507.htm,https://www.sec.gov/Archives/edgar/data/59558/000005955826000031,https://www.sec.gov/Archives/edgar/data/59558/000005955826000031/index.json,NOT_CLASSIFIED
TFX,0000096943,0000096943-26-000048,8-K,2026-05-07,2026-05-07T11:04:23.000Z,"2.02,7.01",tfx-20260507.htm,https://www.sec.gov/Archives/edgar/data/96943/000009694326000048,https://www.sec.gov/Archives/edgar/data/96943/000009694326000048/index.json,NOT_CLASSIFIED
XYZ,0001512673,0001193125-26-212032,8-K,2026-05-07,2026-05-07T20:21:05.000Z,2.02,d132441d8k.htm,https://www.sec.gov/Archives/edgar/data/1512673/000119312526212032,https://www.sec.gov/Archives/edgar/data/1512673/000119312526212032/index.json,NOT_CLASSIFIED
NDSN,0000072331,0000072331-26-000022,8-K,2026-05-20,2026-05-20T20:33:44.000Z,"2.02,7.01",ndsn-20260520.htm,https://www.sec.gov/Archives/edgar/data/72331/000007233126000022,https://www.sec.gov/Archives/edgar/data/72331/000007233126000022/index.json,NOT_CLASSIFIED
WDAY,0001327811,0001327811-26-000024,8-K,2026-05-21,2026-05-21T20:02:46.000Z,2.02,wday-20260521.htm,https://www.sec.gov/Archives/edgar/data/1327811/000132781126000024,https://www.sec.gov/Archives/edgar/data/1327811/000132781126000024/index.json,NOT_CLASSIFIED
DECK,0000910521,0000910521-26-000007,8-K,2026-05-21,2026-05-21T20:06:39.000Z,2.02,deck-20260521.htm,https://www.sec.gov/Archives/edgar/data/910521/000091052126000007,https://www.sec.gov/Archives/edgar/data/910521/000091052126000007/index.json,NOT_CLASSIFIED
TFX,0000096943,0001193125-26-249764,8-K,2026-06-01,2026-06-01T11:59:04.000Z,7.01,d126202d8k.htm,https://www.sec.gov/Archives/edgar/data/96943/000119312526249764,https://www.sec.gov/Archives/edgar/data/96943/000119312526249764/index.json,NOT_CLASSIFIED
FTI,0001681459,0001681459-26-000035,8-K,2026-06-01,2026-06-01T20:38:05.000Z,7.01,fti-20260529.htm,https://www.sec.gov/Archives/edgar/data/1681459/000168145926000035,https://www.sec.gov/Archives/edgar/data/1681459/000168145926000035/index.json,NOT_CLASSIFIED
PANW,0001327567,0001327567-26-000012,8-K,2026-06-02,2026-06-02T20:08:29.000Z,2.02,panw-20260602.htm,https://www.sec.gov/Archives/edgar/data/1327567/000132756726000012,https://www.sec.gov/Archives/edgar/data/1327567/000132756726000012/index.json,NOT_CLASSIFIED
CIEN,0000936395,0001628280-26-040614,8-K,2026-06-04,2026-06-04T11:05:06.000Z,2.02,cien-20260604.htm,https://www.sec.gov/Archives/edgar/data/936395/000162828026040614,https://www.sec.gov/Archives/edgar/data/936395/000162828026040614/index.json,NOT_CLASSIFIED
MHK,0000851968,0001104659-26-072955,8-K,2026-06-11,2026-06-11T20:16:45.000Z,7.01,tm2617713d1_8k.htm,https://www.sec.gov/Archives/edgar/data/851968/000110465926072955,https://www.sec.gov/Archives/edgar/data/851968/000110465926072955/index.json,NOT_CLASSIFIED
JBL,0000898293,0001628280-26-043719,8-K,2026-06-17,2026-06-17T11:32:41.000Z,2.02,jbl-20260617.htm,https://www.sec.gov/Archives/edgar/data/898293/000162828026043719,https://www.sec.gov/Archives/edgar/data/898293/000162828026043719/index.json,NOT_CLASSIFIED
TPL,0001811074,0001811074-26-000045,8-K,2026-06-23,2026-06-23T20:16:17.000Z,7.01,tpl-20260623.htm,https://www.sec.gov/Archives/edgar/data/1811074/000181107426000045,https://www.sec.gov/Archives/edgar/data/1811074/000181107426000045/index.json,NOT_CLASSIFIED
HOOD,0001783879,0001783879-26-000077,8-K,2026-06-25,2026-06-25T21:25:27.000Z,7.01,hood-20260622.htm,https://www.sec.gov/Archives/edgar/data/1783879/000178387926000077,https://www.sec.gov/Archives/edgar/data/1783879/000178387926000077/index.json,NOT_CLASSIFIED
FLS,0000030625,0001628280-26-046231,8-K,2026-06-30,2026-06-30T20:12:24.000Z,7.01,fls-20260630.htm,https://www.sec.gov/Archives/edgar/data/30625/000162828026046231,https://www.sec.gov/Archives/edgar/data/30625/000162828026046231/index.json,NOT_CLASSIFIED
