ticker,cik,accession_number,accepted_at,document_name,source_url,source_sha256,metric,fiscal_period,accounting_basis,metric_subtype,unit,lower_bound,upper_bound,midpoint,numeric_role,sign,source_structure,range_offset,range_role,semantic_role,table_index,row_index,column_index,row_header,header_path,source_excerpt,candidate_status,block_path,source_kind,review_priority
MRK,0000310158,0001193125-12-035462,2012-02-02T12:12:29.000Z,d287017dex991.htm,https://www.sec.gov/Archives/edgar/data/310158/000119312512035462/d287017dex991.htm,1475b48c596606722643ff72e64e32d68b951a1f6b1e1ff6bd322697cdeaeae5,EPS,FY2012,GAAP,NOT_APPLICABLE,USD_PER_SHARE,2.04,2.3,2.17,CURRENT_GUIDANCE_RANGE,AS_REPORTED,HTML_TABLE_GRID,0,CURRENT_CANDIDATE,CURRENT_GUIDANCE_RANGE,34,2,2,GAAP EPS,Full Year 2012,"In addition, the company expects full-year 2012 non-GAAP R&D expense to be at approximately the same level as in 2011 and expects its full-year 2012 non-GAAP tax rate to be in the range of 23 to 25 percent. | Page 7 | A reconciliation of anticipated 2012 EPS as reported in accordance with GAAP to non-GAAP EPS that excludes certain items is provided in the table below.9 | GAAP EPS | | $2.04 to $2.30",V8_FIVE_RELATION_CORRECTED_NOT_SOURCE_REVIEWED,,,fd17fb7e985790469a3ee6c4e8f3dbf92d61a52e98eee96134a3a0e5269861fd
MRK,0000310158,0001193125-12-035462,2012-02-02T12:12:29.000Z,d287017dex991.htm,https://www.sec.gov/Archives/edgar/data/310158/000119312512035462/d287017dex991.htm,1475b48c596606722643ff72e64e32d68b951a1f6b1e1ff6bd322697cdeaeae5,EPS,FY2012,GAAP,NOT_APPLICABLE,USD_PER_SHARE,3.75,3.85,3.8,CURRENT_GUIDANCE_RANGE,AS_REPORTED,HTML_TABLE_GRID,0,CURRENT_CANDIDATE,CURRENT_GUIDANCE_RANGE,34,4,2,Non-GAAP EPS that excludes items listed below,Full Year 2012 | $2.04 to $2.30 | 1.71 to 1.55,"In addition, the company expects full-year 2012 non-GAAP R&D expense to be at approximately the same level as in 2011 and expects its full-year 2012 non-GAAP tax rate to be in the range of 23 to 25 percent. | Page 7 | A reconciliation of anticipated 2012 EPS as reported in accordance with GAAP to non-GAAP EPS that excludes certain items is provided in the table below.9 | Non-GAAP EPS that excludes items listed below | | $3.75 to $3.85",V8_FIVE_RELATION_CORRECTED_NOT_SOURCE_REVIEWED,,,fd17fb7e985790469a3ee6c4e8f3dbf92d61a52e98eee96134a3a0e5269861fd
PLD,0001045609,0001193125-12-045167,2012-02-08T13:06:03.000Z,d296422dex991.htm,https://www.sec.gov/Archives/edgar/data/1045609/000119312512045167/d296422dex991.htm,e1cbcb82a597cafccacb966a4bff1fa7a4db96914d34a1644cba43070e60ffe5,CORE_FFO,FY2012,NON_GAAP,NOT_APPLICABLE,USD_PER_SHARE,1.6,1.7,1.65,CURRENT_GUIDANCE_RANGE,AS_REPORTED,NARRATIVE_CLAUSE,65,CURRENT_CANDIDATE,CURRENT_GUIDANCE_RANGE,,,,,,Prologis established a full-year 2012 Core FFO guidance range of $1.60 to $1.70 per diluted share.,V8_FIVE_RELATION_CORRECTED_NOT_SOURCE_REVIEWED,/html/body/document/type/sequence/filename/description/text/p[91],HTML_P,2fc022aa1ee9375499907c5d9c998f35e33ea86aa2763f21b130a156afe63a97
CRM,0001108524,0001193125-12-075383,2012-02-23T21:28:36.000Z,d305106dex991.htm,https://www.sec.gov/Archives/edgar/data/1108524/000119312512075383/d305106dex991.htm,f6fb81cbea5af9dc24ccff298772e9174600ba269cbc7ccb3696a86b871ba1b7,REVENUE,FY2013,UNSPECIFIED,NOT_APPLICABLE,USD,2920000000,2950000000,2935000000,CURRENT_GUIDANCE_RANGE,AS_REPORTED,NARRATIVE_CLAUSE,231,CURRENT_CANDIDATE,CURRENT_GUIDANCE_RANGE,,,,,,"2013 revenue from guidance previously provided on November 17, 2011. Revenue for the company’s full fiscal year 2013 is projected to be in the range of $2.92 billion to $2.95 billion, an increase of 29% to 30%, year-over-year.",V8_FIVE_RELATION_CORRECTED_NOT_SOURCE_REVIEWED,/html/body/document/type/sequence/filename/description/text/p[35],HTML_P,e5ef96ee9f5d5e9a16d48a642246b886fbf1d283187840e3156e576340c495be
HON,0000773840,0000930413-12-002311,2012-04-20T11:45:18.000Z,c69405_ex99.htm,https://www.sec.gov/Archives/edgar/data/773840/000093041312002311/c69405_ex99.htm,7a474d904be8e2b718842dfa526409c114db6988306ab361baa7a32d022e29bd,EPS,FY2012,UNSPECIFIED,NOT_APPLICABLE,USD_PER_SHARE,4.35,4.55,4.45,CURRENT_GUIDANCE_RANGE,AS_REPORTED,HTML_TABLE_GRID,0,CURRENT_CANDIDATE,CURRENT_GUIDANCE_RANGE,5,5,2,Earnings Per Share from Continuing Operations1,2012 | Revised Guidance | $38.0 - 38.6B,Q1 Results - 2 | The company is updating its full-year 2012 sales and EPS guidance and now expects: | Earnings Per Share from Continuing Operations1 | $4.25 - $4.50 | $4.35 - $4.55 | 9% - 14%,V8_FIVE_RELATION_CORRECTED_NOT_SOURCE_REVIEWED,,,a3a3369167711338dd9686eb3d2c4e5d5e019dd7a62d60cacd733c5b7a137b21
LLY,0000059478,0001193125-12-180230,2012-04-25T10:45:25.000Z,d339912dex99.htm,https://www.sec.gov/Archives/edgar/data/59478/000119312512180230/d339912dex99.htm,18683f61de71a1ec6f0c0cfa72a2d037962639dbf0412f0ca333bd8aafe7f97d,EPS,FY2012,GAAP,NOT_APPLICABLE,USD_PER_SHARE,3.14,3.29,3.215,CURRENT_GUIDANCE_RANGE,AS_REPORTED,NARRATIVE_CLAUSE,132,CURRENT_CANDIDATE,CURRENT_GUIDANCE_RANGE,,,,,,The company has raised its 2012 earnings per share guidance and now expects full-year 2012 earnings per share to be in the range of $3.14 to $3.29 on a reported basis and $3.15 to $3.30 on a non-GAAP,V8_FIVE_RELATION_CORRECTED_NOT_SOURCE_REVIEWED,/html/body/document/type/sequence/filename/description/text/p[116],HTML_P,8cf70805bd02e462cf4dbcf505b8d0f893c778fbbccf16fbd16fd3913c96eb20
HON,0000773840,0000930413-12-003972,2012-07-18T11:45:21.000Z,c70413_ex99.htm,https://www.sec.gov/Archives/edgar/data/773840/000093041312003972/c70413_ex99.htm,614c90970366aa69dca62df3146076334e41b9a8b82e728f6414b58383b33a91,EPS,FY2012,UNSPECIFIED,NOT_APPLICABLE,USD_PER_SHARE,4.4,4.55,4.475,CURRENT_GUIDANCE_RANGE,AS_REPORTED,HTML_TABLE_GRID,0,CURRENT_CANDIDATE,CURRENT_GUIDANCE_RANGE,3,9,6,Earnings Per Share from Continuing Operations2,2012 | Revised Guidance | $37.8 - 38.4B | 15.4 - 15.6% | 13.4 - 13.6%,"increasingly uncertain global economic environment, we’ll remain flexible, but also continue to invest in sustainable growth through seed planting in new products and technologies, geographic expansion, and our key process initiatives, all supporting our Great Positions in Good Industries throughout the world.” | The company is updating its full-year 2012 sales and EPS guidance and now expects: | Full-Year Guidance | Earnings Per Share from Continuing Operations2 | | | $4.35 - $4.55 | | | $4.40 - $4.55 | | | 10% - 14% |",V8_FIVE_RELATION_CORRECTED_NOT_SOURCE_REVIEWED,,,b1f48e951cbdf8f143bd67537c7db80f0a8eba01d9d2726ac0880c50828478ff
LLY,0000059478,0001193125-12-313296,2012-07-25T10:30:56.000Z,d385278dex99.htm,https://www.sec.gov/Archives/edgar/data/59478/000119312512313296/d385278dex99.htm,0b08f1928d2972a7783684cb474345dae4cf38ecc082d3ca1a5051ad3c1976bf,EPS,FY2012,GAAP,NOT_APPLICABLE,USD_PER_SHARE,3.29,3.39,3.34,CURRENT_GUIDANCE_RANGE,AS_REPORTED,NARRATIVE_CLAUSE,132,CURRENT_CANDIDATE,CURRENT_GUIDANCE_RANGE,,,,,,The company has raised its 2012 earnings per share guidance and now expects full-year 2012 earnings per share to be in the range of $3.29 to $3.39 on a reported basis and $3.30 to $3.40 on a non-GAAP,V8_FIVE_RELATION_CORRECTED_NOT_SOURCE_REVIEWED,/html/body/document/type/sequence/filename/description/text/p[127],HTML_P,1208741ea01f535b2b9da876d34cfdedeba135edb6e71e8b6260c49772760662
MRK,0000310158,0001104659-12-051605,2012-07-27T11:06:01.000Z,a12-17045_1ex99d1.htm,https://www.sec.gov/Archives/edgar/data/310158/000110465912051605/a12-17045_1ex99d1.htm,404e7380c27e41494c5021fd8ed9eeb97e9d7942361627dc66b810303ede701e,EPS,FY2012,GAAP,NOT_APPLICABLE,USD_PER_SHARE,2.04,2.3,2.17,CURRENT_GUIDANCE_RANGE,AS_REPORTED,HTML_TABLE_GRID,0,CURRENT_CANDIDATE,CURRENT_GUIDANCE_RANGE,7,1,2,GAAP EPS,Full-Year 2012,"Merck continues to expect full-year 2012 revenues to be at or near 2011 levels on a constant currency basis. At current exchange rates, sales would be affected unfavorably by approximately 6 percent for the third quarter and more than 3 percent for the full year. | In addition, the company expects full-year 2012 non-GAAP R&D expenses to be slightly higher than the 2011 level. The company now expects the full-year 2012 non-GAAP tax rate to be approximately 25 percent. | A reconciliation of anticipated 2012 EPS as reported in accordance with GAAP to non-GAAP EPS that excludes certain items is provided in the table below. | GAAP EPS | | $2.04 to $2.30 |",V8_FIVE_RELATION_CORRECTED_NOT_SOURCE_REVIEWED,,,2cd03cae7428e3bf2c8e4ecc2d2d1d1b379c428fd5bc4360147f70e5f60f9189
MRK,0000310158,0001104659-12-051605,2012-07-27T11:06:01.000Z,a12-17045_1ex99d1.htm,https://www.sec.gov/Archives/edgar/data/310158/000110465912051605/a12-17045_1ex99d1.htm,404e7380c27e41494c5021fd8ed9eeb97e9d7942361627dc66b810303ede701e,EPS,FY2012,GAAP,NOT_APPLICABLE,USD_PER_SHARE,3.75,3.85,3.8,CURRENT_GUIDANCE_RANGE,AS_REPORTED,HTML_TABLE_GRID,0,CURRENT_CANDIDATE,CURRENT_GUIDANCE_RANGE,7,3,2,Non-GAAP EPS that excludes items listed below,Full-Year 2012 | $2.04 to $2.30 | 1.71 to 1.55,"Merck continues to expect full-year 2012 revenues to be at or near 2011 levels on a constant currency basis. At current exchange rates, sales would be affected unfavorably by approximately 6 percent for the third quarter and more than 3 percent for the full year. | In addition, the company expects full-year 2012 non-GAAP R&D expenses to be slightly higher than the 2011 level. The company now expects the full-year 2012 non-GAAP tax rate to be approximately 25 percent. | A reconciliation of anticipated 2012 EPS as reported in accordance with GAAP to non-GAAP EPS that excludes certain items is provided in the table below. | Non-GAAP EPS that excludes items listed below | | $3.75 to $3.85 |",V8_FIVE_RELATION_CORRECTED_NOT_SOURCE_REVIEWED,,,2cd03cae7428e3bf2c8e4ecc2d2d1d1b379c428fd5bc4360147f70e5f60f9189
APD,0000002969,0001193125-12-427997,2012-10-19T12:59:24.000Z,d428104dex991.htm,https://www.sec.gov/Archives/edgar/data/2969/000119312512427997/d428104dex991.htm,ef2ec0c5fc87a15575eb960b5c3a4fa85e5644807ffea373b68a2c79b14bb5e0,EPS,FY2013,UNSPECIFIED,NOT_APPLICABLE,USD_PER_SHARE,5.65,5.85,5.75,CURRENT_GUIDANCE_RANGE,AS_REPORTED,NARRATIVE_CLAUSE,86,CURRENT_CANDIDATE,CURRENT_GUIDANCE_RANGE,,,,,,The company today announced initial guidance for fiscal year 2013 EPS in the range of $5.65 to $5.85 per share.,V8_FIVE_RELATION_CORRECTED_NOT_SOURCE_REVIEWED,/html/body/document/type/sequence/filename/description/text/p[41],HTML_P,a8123b1e9bd69bc67e61b84fa145e7296f88269cae77aa44e2fa9f15aab4eff6
MRK,0000310158,0001104659-13-006661,2013-02-01T12:12:09.000Z,a13-4074_1ex99d1.htm,https://www.sec.gov/Archives/edgar/data/310158/000110465913006661/a13-4074_1ex99d1.htm,03db87128eda83278740d74172d74ef4b103b8f2ee800b192bd35c8c1caa6746,EPS,FY2013,GAAP,NOT_APPLICABLE,USD_PER_SHARE,2.03,2.26,2.145,CURRENT_GUIDANCE_RANGE,AS_REPORTED,HTML_TABLE_GRID,0,CURRENT_CANDIDATE,CURRENT_GUIDANCE_RANGE,7,1,2,GAAP EPS,Full Year 2013,"Merck expects full-year 2013 revenues to be near 2012 levels on a constant currency basis. At current exchange rates, sales would be affected unfavorably by approximately 1 to 2 percent for the full year. | In addition, the company expects full-year 2013 non-GAAP R&D expense to be about the same level as in 2012. The company expects its full-year 2013 non-GAAP tax rate to be in the range of 21 to 23 percent, including the impact of the recently re-enacted tax law related to the R&D tax credits. | A reconciliation of anticipated 2013 EPS as reported in accordance with GAAP to non-GAAP EPS that excludes certain items is provided in the table below. | GAAP EPS | | $2.03 to $2.26",V8_FIVE_RELATION_CORRECTED_NOT_SOURCE_REVIEWED,,,47256e4ed0498960280b46e50b2f3b82b8ccdf1cd2de5ae4192992eb1cefb425
MRK,0000310158,0001104659-13-006661,2013-02-01T12:12:09.000Z,a13-4074_1ex99d1.htm,https://www.sec.gov/Archives/edgar/data/310158/000110465913006661/a13-4074_1ex99d1.htm,03db87128eda83278740d74172d74ef4b103b8f2ee800b192bd35c8c1caa6746,EPS,FY2013,GAAP,NOT_APPLICABLE,USD_PER_SHARE,3.6,3.7,3.65,CURRENT_GUIDANCE_RANGE,AS_REPORTED,HTML_TABLE_GRID,0,CURRENT_CANDIDATE,CURRENT_GUIDANCE_RANGE,7,3,2,Non-GAAP EPS that excludes items listed below,Full Year 2013 | $2.03 to $2.26 | 1.57 to 1.44,"Merck expects full-year 2013 revenues to be near 2012 levels on a constant currency basis. At current exchange rates, sales would be affected unfavorably by approximately 1 to 2 percent for the full year. | In addition, the company expects full-year 2013 non-GAAP R&D expense to be about the same level as in 2012. The company expects its full-year 2013 non-GAAP tax rate to be in the range of 21 to 23 percent, including the impact of the recently re-enacted tax law related to the R&D tax credits. | A reconciliation of anticipated 2013 EPS as reported in accordance with GAAP to non-GAAP EPS that excludes certain items is provided in the table below. | Non-GAAP EPS that excludes items listed below | | $3.60 to $3.70",V8_FIVE_RELATION_CORRECTED_NOT_SOURCE_REVIEWED,,,47256e4ed0498960280b46e50b2f3b82b8ccdf1cd2de5ae4192992eb1cefb425
PG,0000080424,0000080424-13-000037,2013-05-14T12:34:35.000Z,gssynposiumslidepresentation.htm,https://www.sec.gov/Archives/edgar/data/80424/000008042413000037/gssynposiumslidepresentation.htm,983b14832234ed482dc1f4bdda5a7bd5d93ee2dfa94f82ae1e82334408c6d529,EPS,FY2013,UNSPECIFIED,NOT_APPLICABLE,USD_PER_SHARE,3.9,3.98,3.94,CURRENT_GUIDANCE_RANGE,AS_REPORTED,HTML_TABLE_GRID,0,CURRENT_CANDIDATE,CURRENT_GUIDANCE_RANGE,5,1,1,Diluted Net Earnings Per Share - Continuing Operations,FY 2013 (est.),| Diluted Net Earnings Per Share - Continuing Operations | $3.90 to $3.98 | | $3.12 |,V8_FIVE_RELATION_CORRECTED_NOT_SOURCE_REVIEWED,,,65ac082c87a8c576cfaffc6deabab5a65df7c3f150f621dd627ad58e73069f97
PG,0000080424,0000080424-13-000037,2013-05-14T12:34:35.000Z,gssynposiumslidepresentation.htm,https://www.sec.gov/Archives/edgar/data/80424/000008042413000037/gssynposiumslidepresentation.htm,983b14832234ed482dc1f4bdda5a7bd5d93ee2dfa94f82ae1e82334408c6d529,EPS,FY2013,NON_GAAP,NOT_APPLICABLE,USD_PER_SHARE,3.96,4.04,4,CURRENT_GUIDANCE_RANGE,AS_REPORTED,HTML_TABLE_GRID,0,CURRENT_CANDIDATE,CURRENT_GUIDANCE_RANGE,5,8,1,Core EPS,FY 2013 (est.) | $3.90 to $3.98 | - | $0.19 | ($0.21) | $0.08,| Core EPS | $3.96 to $4.04 | | $3.85 |,V8_FIVE_RELATION_CORRECTED_NOT_SOURCE_REVIEWED,,,65ac082c87a8c576cfaffc6deabab5a65df7c3f150f621dd627ad58e73069f97
CRM,0001108524,0001193125-13-233512,2013-05-23T20:26:32.000Z,d539342dex991.htm,https://www.sec.gov/Archives/edgar/data/1108524/000119312513233512/d539342dex991.htm,182871f40ccf410160b5c44767abeddf23f1943026cdd72a63a12e8b37528292,REVENUE,FY2014,UNSPECIFIED,NOT_APPLICABLE,USD,3835000000,3875000000,3855000000,CURRENT_GUIDANCE_RANGE,AS_REPORTED,NARRATIVE_CLAUSE,108,CURRENT_CANDIDATE,CURRENT_GUIDANCE_RANGE,,,,,,"Guidance: Revenue for the company’s full fiscal year 2014 is projected to be in the range of $3.835 billion to $3.875 billion, an increase of 26% to 27% year-over-year.",V8_FIVE_RELATION_CORRECTED_NOT_SOURCE_REVIEWED,/html/body/document/type/sequence/filename/description/text/p[30],HTML_P,3eb169cc33c1d3064736b66ef85fd807b04cd21bddf02f77555b4fac1a4f3710
PG,0000080424,0000080424-13-000045,2013-06-12T10:01:59.000Z,deutschebankslides.htm,https://www.sec.gov/Archives/edgar/data/80424/000008042413000045/deutschebankslides.htm,3bef0b9af529886087994cdbee64195faf753f2be7410916ea4599ab3ef8a201,EPS,FY2013,UNSPECIFIED,NOT_APPLICABLE,USD_PER_SHARE,3.9,3.98,3.94,CURRENT_GUIDANCE_RANGE,AS_REPORTED,HTML_TABLE_GRID,0,CURRENT_CANDIDATE,CURRENT_GUIDANCE_RANGE,5,1,2,Diluted Net Earnings Per Share - Continuing Operations | Diluted Net Earnings Per Share - Continuing Operations,FY 2013 (est.),| Diluted Net Earnings Per Share - Continuing Operations | Diluted Net Earnings Per Share - Continuing Operations | $3.90 to $3.98 | | $3.12 |,V8_FIVE_RELATION_CORRECTED_NOT_SOURCE_REVIEWED,,,4bb557ba20f186980d9df1630be0f22a3efd32493ac1e46c49f296f5f1453b56
PG,0000080424,0000080424-13-000045,2013-06-12T10:01:59.000Z,deutschebankslides.htm,https://www.sec.gov/Archives/edgar/data/80424/000008042413000045/deutschebankslides.htm,3bef0b9af529886087994cdbee64195faf753f2be7410916ea4599ab3ef8a201,EPS,FY2013,NON_GAAP,NOT_APPLICABLE,USD_PER_SHARE,3.96,4.04,4,CURRENT_GUIDANCE_RANGE,AS_REPORTED,HTML_TABLE_GRID,0,CURRENT_CANDIDATE,CURRENT_GUIDANCE_RANGE,5,8,2,Core EPS | Core EPS,FY 2013 (est.) | $3.90 to $3.98 | - | $0.19 | ($0.21) | $0.08,| Core EPS | Core EPS | $3.96 to $4.04 | | $3.85 |,V8_FIVE_RELATION_CORRECTED_NOT_SOURCE_REVIEWED,,,4bb557ba20f186980d9df1630be0f22a3efd32493ac1e46c49f296f5f1453b56
CRM,0001108524,0001193125-13-445593,2013-11-18T21:45:54.000Z,d627763dex991.htm,https://www.sec.gov/Archives/edgar/data/1108524/000119312513445593/d627763dex991.htm,ff7bfee21785de03de9033fb57acf1e4675ee97c6401135082e80c71e7cc6ca2,REVENUE,FY2015,UNSPECIFIED,NOT_APPLICABLE,USD,5150000000,5200000000,5175000000,CURRENT_GUIDANCE_RANGE,AS_REPORTED,NARRATIVE_CLAUSE,108,CURRENT_CANDIDATE,CURRENT_GUIDANCE_RANGE,,,,,,Full Year FY15 Guidance: Revenue for the company’s full fiscal year 2015 is projected to be in the range of $5.15 billion to $5.20,V8_FIVE_RELATION_CORRECTED_NOT_SOURCE_REVIEWED,/html/body/document/type/sequence/filename/description/text/p[33],HTML_P,0baa3c25557752bb53da54ec5ff577a0b8250622c365878972840ad36261a177
MRK,0000310158,0001104659-14-006521,2014-02-05T12:08:59.000Z,a14-4974_1ex99d1.htm,https://www.sec.gov/Archives/edgar/data/310158/000110465914006521/a14-4974_1ex99d1.htm,98707f0e68ab61f4a40b530a90cd67ee7b8a50d8fee0af1adf7d9d84139f5f6a,EPS,FY2014,GAAP,NOT_APPLICABLE,USD_PER_SHARE,2.15,2.47,2.31,CURRENT_GUIDANCE_RANGE,AS_REPORTED,HTML_TABLE_GRID,0,CURRENT_CANDIDATE,CURRENT_GUIDANCE_RANGE,7,1,2,GAAP EPS,Full-Year 2014,The company expects its full-year 2014 non-GAAP tax rate to be in the range of 24 to 26 percent; the rate does not include a 2014 benefit of an R&D tax credit. | A reconciliation of anticipated 2014 EPS as reported in accordance with GAAP to non-GAAP EPS that excludes certain items is provided in the table below. | GAAP EPS | | $2.15 to $2.47 |,V8_FIVE_RELATION_CORRECTED_NOT_SOURCE_REVIEWED,,,5c291cd08322c4d94ffd4acb789eb070fb3f7a96be9c45b2309ff2b92aa9a5b4
MRK,0000310158,0001104659-14-006521,2014-02-05T12:08:59.000Z,a14-4974_1ex99d1.htm,https://www.sec.gov/Archives/edgar/data/310158/000110465914006521/a14-4974_1ex99d1.htm,98707f0e68ab61f4a40b530a90cd67ee7b8a50d8fee0af1adf7d9d84139f5f6a,EPS,FY2014,GAAP,NOT_APPLICABLE,USD_PER_SHARE,3.35,3.53,3.44,CURRENT_GUIDANCE_RANGE,AS_REPORTED,HTML_TABLE_GRID,0,CURRENT_CANDIDATE,CURRENT_GUIDANCE_RANGE,7,3,2,Non-GAAP EPS that excludes items listed below,Full-Year 2014 | $2.15 to $2.47 | 1.20 to 1.06,The company expects its full-year 2014 non-GAAP tax rate to be in the range of 24 to 26 percent; the rate does not include a 2014 benefit of an R&D tax credit. | A reconciliation of anticipated 2014 EPS as reported in accordance with GAAP to non-GAAP EPS that excludes certain items is provided in the table below. | Non-GAAP EPS that excludes items listed below | | $3.35 to $3.53 |,V8_FIVE_RELATION_CORRECTED_NOT_SOURCE_REVIEWED,,,5c291cd08322c4d94ffd4acb789eb070fb3f7a96be9c45b2309ff2b92aa9a5b4
CRM,0001108524,0001193125-14-073210,2014-02-27T21:40:08.000Z,d679603dex991.htm,https://www.sec.gov/Archives/edgar/data/1108524/000119312514073210/d679603dex991.htm,9ba5a9181f692100f4a687083c1057b619dfe71dc2ed40decdec1f1e7124b993,REVENUE,FY2015,UNSPECIFIED,NOT_APPLICABLE,USD,5250000000,5300000000,5275000000,CURRENT_GUIDANCE_RANGE,AS_REPORTED,NARRATIVE_CLAUSE,108,CURRENT_CANDIDATE,CURRENT_GUIDANCE_RANGE,,,,,,Full Year FY15 Guidance: Revenue for the company’s full fiscal year 2015 is projected to be in the range of $5.25 billion to $5.30,V8_FIVE_RELATION_CORRECTED_NOT_SOURCE_REVIEWED,/html/body/document/type/sequence/filename/description/text/p[34],HTML_P,3d27f8b491c4aa3002ad4ab8bf970581e76e7a0c612ee37ccca4e43529054c5d
PLD,0001045609,0001193125-14-274964,2014-07-22T12:06:40.000Z,d760069dex991.htm,https://www.sec.gov/Archives/edgar/data/1045609/000119312514274964/d760069dex991.htm,0925a3010e7c7e8f19eba64cee0dc463ac90619c6b1cbe3213429b5d6b9e8b47,CORE_FFO,FY2014,NON_GAAP,NOT_APPLICABLE,USD_PER_SHARE,1.82,1.86,1.84,CURRENT_GUIDANCE_RANGE,AS_REPORTED,NARRATIVE_CLAUSE,91,CURRENT_CANDIDATE,CURRENT_GUIDANCE_RANGE,,,,,,Prologis increased the midpoint and narrowed its full-year 2014 Core FFO guidance range to $1.82 to $1.86 per diluted share from $1.76 to $1.82 per diluted share.,V8_FIVE_RELATION_CORRECTED_NOT_SOURCE_REVIEWED,/html/body/document/type/sequence/filename/description/text/p[95],HTML_P,a1716d102fea046ce591a6378fa1302a1f9d1d85467c4452a2dad6d1f31955a3
MRK,0000310158,0001104659-15-006465,2015-02-04T12:14:22.000Z,a15-3619_1ex99d1.htm,https://www.sec.gov/Archives/edgar/data/310158/000110465915006465/a15-3619_1ex99d1.htm,089547911be0ae1e8c17e7386aa99f81a1344855fc265ff5a92fe95163bf8006,EPS,FY2015,GAAP,NOT_APPLICABLE,USD_PER_SHARE,1.62,1.91,1.765,CURRENT_GUIDANCE_RANGE,AS_REPORTED,HTML_TABLE_GRID,0,CURRENT_CANDIDATE,CURRENT_GUIDANCE_RANGE,7,1,2,GAAP EPS,Full Year 2015,"In addition, the company expects full-year 2015 non-GAAP marketing and administrative expenses to be below 2014 levels and R&D expenses to be modestly above 2014 levels. | The company anticipates its full-year 2015 non-GAAP tax rate will be in the range of 22 to 23 percent, not including a 2015 R&D tax credit. | A reconciliation of anticipated 2015 EPS, as reported in accordance with GAAP to non-GAAP EPS that excludes certain items, is provided in the table below. | GAAP EPS | | $1.62 to $1.91 |",V8_FIVE_RELATION_CORRECTED_NOT_SOURCE_REVIEWED,,,70f86972ecc88c3621c0eba95b79928be136e8a50d688749b12f1ad666257160
MRK,0000310158,0001104659-15-006465,2015-02-04T12:14:22.000Z,a15-3619_1ex99d1.htm,https://www.sec.gov/Archives/edgar/data/310158/000110465915006465/a15-3619_1ex99d1.htm,089547911be0ae1e8c17e7386aa99f81a1344855fc265ff5a92fe95163bf8006,EPS,FY2015,GAAP,NOT_APPLICABLE,USD_PER_SHARE,3.32,3.47,3.395,CURRENT_GUIDANCE_RANGE,AS_REPORTED,HTML_TABLE_GRID,0,CURRENT_CANDIDATE,CURRENT_GUIDANCE_RANGE,7,3,2,Non-GAAP EPS that excludes items listed below,Full Year 2015 | $1.62 to $1.91 | 1.70 to 1.56,"In addition, the company expects full-year 2015 non-GAAP marketing and administrative expenses to be below 2014 levels and R&D expenses to be modestly above 2014 levels. | The company anticipates its full-year 2015 non-GAAP tax rate will be in the range of 22 to 23 percent, not including a 2015 R&D tax credit. | A reconciliation of anticipated 2015 EPS, as reported in accordance with GAAP to non-GAAP EPS that excludes certain items, is provided in the table below. | Non-GAAP EPS that excludes items listed below | | $3.32 to $3.47 |",V8_FIVE_RELATION_CORRECTED_NOT_SOURCE_REVIEWED,,,70f86972ecc88c3621c0eba95b79928be136e8a50d688749b12f1ad666257160
HON,0000773840,0000930413-15-001797,2015-04-17T11:07:18.000Z,c81055_ex99-1.htm,https://www.sec.gov/Archives/edgar/data/773840/000093041315001797/c81055_ex99-1.htm,e001ca0e859d586bf0d0581b2032f34ecd5efc4e4634729f93766115a57c2a1e,EPS,FY2015,NON_GAAP,NOT_APPLICABLE,USD_PER_SHARE,6,6.15,6.075,CURRENT_GUIDANCE_RANGE,AS_REPORTED,HTML_TABLE_GRID,0,CURRENT_CANDIDATE,CURRENT_GUIDANCE_RANGE,6,8,4,Earnings Per Share (Ex-Pension MTM),Revised Guidance | $39.0 - $39.6B | ~3% | 18.3% - 18.6% | 17.4% - 17.7%,"l-year guidance. While we are off to a strong start to 2015, we will continue to plan conservatively as the global economic environment continues to evolve, and in the first quarter we funded additional repositioning, which will continue to improve our cost position. We are raising the low end of our full-year EPS guidance range to $6.00-$6.15. We expect core organic sales for the full year to be up ~3%, while our reported sales are expected to be down 2% - 3% due to the impact of foreign currency, the divestiture of Friction Materials, and raw materials pricing in Resins & Chemicals. We’re able to raise our full-year earnings guidance and maintain our cash outlook while continuing to invest for the future in seed planting and additional repositioning because of new products and technologies, further penetration of High Growth Regions, conservative cost planning, and deployment of our key process initiatives as part of HOS Gold. We’re confident that our balanced portfolio mix of short- and long-cycle businesses is well-positioned to deliver on our 2015 commitments and our 2018 targets.” | The company is updating its full-year 2015 guidance and now expects: | 2015 Full-Year Guidance",V8_FIVE_RELATION_CORRECTED_NOT_SOURCE_REVIEWED,,,52a8f06900741efc339d898760bc4b1780ee9885984027e30d80468e98e55c1b
PLD,0001045609,0001193125-15-207873,2015-06-01T13:40:00.000Z,d933474dex991.htm,https://www.sec.gov/Archives/edgar/data/1045609/000119312515207873/d933474dex991.htm,48b2eba96f16789a179e060244bc11b2dfca7aad308fd1db5686981f18b914b3,CORE_FFO,FY2015,NON_GAAP,NOT_APPLICABLE,USD_PER_SHARE,2.16,2.22,2.19,CURRENT_GUIDANCE_RANGE,AS_REPORTED,NARRATIVE_CLAUSE,202,CURRENT_CANDIDATE,CURRENT_GUIDANCE_RANGE,,,,,,its full-year 2015 Core FFO guidance range to $2.16 to $2.22 per diluted share from $2.07 to $2.13 per diluted share.,V8_FIVE_RELATION_CORRECTED_NOT_SOURCE_REVIEWED,/html/body/document/type/sequence/filename/description/text/p[12],HTML_P,825a2ad4b38c5c7a48ad0651578e296954f2283fd536806911957bf6bcbb8d44
HON,0000773840,0000930413-16-005153,2016-01-29T11:48:09.000Z,c83765_ex99.htm,https://www.sec.gov/Archives/edgar/data/773840/000093041316005153/c83765_ex99.htm,4496039d579893efc15b5681e5f9bccbb7524403d80eae19db482d6a313c007c,EPS,FY2016,NON_GAAP,NOT_APPLICABLE,USD_PER_SHARE,6.45,6.7,6.575,CURRENT_GUIDANCE_RANGE,AS_REPORTED,HTML_TABLE_GRID,0,CURRENT_CANDIDATE,CURRENT_GUIDANCE_RANGE,9,5,1,Earnings Per Share (Ex-Pension MTM),2016 Current Guidance | $39.9B - $40.9B | 18.9% - 19.3% | 18.0% - 18.4%,"“We are planning conservatively in 2016 as we are expecting another year of slow global economic growth,” continued Cote. “But, we remain confident in Honeywell’s ability to outperform. We will support growth where there are opportunities to drive outperformance, be cautious in our sales planning, plan costs and spending conservatively, and continue to support the seed planting for new products, services, geographies, and process improvements that allow us to perform well now and in the future. We expect continued margin expansion and earnings outperformance in 2016 and over the long term, supported by our balanced portfolio, HOS Gold breakthrough goals, further penetration of High Growth Regions, and funded restructuring projects.” | The company also reaffirms its full-year 2016 guidance. | 2016 Full-Year Guidance | Earnings Per Share (Ex-Pension MTM) | $6.45 - $6.70 | 6% - 10%",V8_FIVE_RELATION_CORRECTED_NOT_SOURCE_REVIEWED,,,9d43886c4e6458247fbfbac553e37063418760c451f77c6226eb3d95567ebb59
APD,0000002969,0001193125-16-442800,2016-01-29T13:15:13.000Z,d57997dex991.htm,https://www.sec.gov/Archives/edgar/data/2969/000119312516442800/d57997dex991.htm,e0611b00fc1a2f31e2ec58e6df9b85a7cfcc9f4bf0f0b17ea69ef8bcf3deb1c5,EPS,FY2016,UNSPECIFIED,NOT_APPLICABLE,USD_PER_SHARE,7.25,7.5,7.375,CURRENT_GUIDANCE_RANGE,AS_REPORTED,NARRATIVE_CLAUSE,50,CURRENT_CANDIDATE,CURRENT_GUIDANCE_RANGE,,,,,,"Maintaining fiscal full-year 2016 EPS guidance of $7.25 to $7.50, up 10 to 14 percent",V8_FIVE_RELATION_CORRECTED_NOT_SOURCE_REVIEWED,/html/body/document/type/sequence/filename/description/text/table[5]/tr/td[4]/p,HTML_P,8f7776a866186b66eb92c968a09b9d802c02fd047cb8aa4299010a6909bbaf02
MRK,0000310158,0001104659-16-093377,2016-02-03T11:56:33.000Z,a16-3346_1ex99d1.htm,https://www.sec.gov/Archives/edgar/data/310158/000110465916093377/a16-3346_1ex99d1.htm,d8f8ace81df1c2848c6422bfd6797f2ba7663cc96a3ef314c83e9733066dffc4,EPS,FY2016,GAAP,NOT_APPLICABLE,USD_PER_SHARE,1.96,2.23,2.095,CURRENT_GUIDANCE_RANGE,AS_REPORTED,HTML_TABLE_GRID,0,CURRENT_CANDIDATE,CURRENT_GUIDANCE_RANGE,7,1,2,GAAP EPS,Full Year 2016,"In addition, the company expects full-year 2016 non-GAAP marketing and administrative expenses to be below 2015 levels and R&D expenses to be modestly above 2015 levels. | The company anticipates its full-year 2016 non-GAAP tax rate will be in the range of 21.5 to 22.5 percent, including a 2016 R&D tax credit. | A reconciliation of anticipated 2016 EPS, as reported in accordance with GAAP to non-GAAP EPS that excludes certain items, is provided in the table below. | GAAP EPS | | $1.96 to $2.23 |",V8_FIVE_RELATION_CORRECTED_NOT_SOURCE_REVIEWED,,,c1af73a93ee92fdd16717791cb26d33f3f66f08a04021c0bcd32c9728ab456d2
MRK,0000310158,0001104659-16-093377,2016-02-03T11:56:33.000Z,a16-3346_1ex99d1.htm,https://www.sec.gov/Archives/edgar/data/310158/000110465916093377/a16-3346_1ex99d1.htm,d8f8ace81df1c2848c6422bfd6797f2ba7663cc96a3ef314c83e9733066dffc4,EPS,FY2016,GAAP,NOT_APPLICABLE,USD_PER_SHARE,3.6,3.75,3.675,CURRENT_GUIDANCE_RANGE,AS_REPORTED,HTML_TABLE_GRID,0,CURRENT_CANDIDATE,CURRENT_GUIDANCE_RANGE,7,3,2,Non-GAAP EPS that excludes items listed below,Full Year 2016 | $1.96 to $2.23 | 1.64 to 1.52,"In addition, the company expects full-year 2016 non-GAAP marketing and administrative expenses to be below 2015 levels and R&D expenses to be modestly above 2015 levels. | The company anticipates its full-year 2016 non-GAAP tax rate will be in the range of 21.5 to 22.5 percent, including a 2016 R&D tax credit. | A reconciliation of anticipated 2016 EPS, as reported in accordance with GAAP to non-GAAP EPS that excludes certain items, is provided in the table below. | Non-GAAP EPS that excludes items listed below | | $3.60 to $3.75 |",V8_FIVE_RELATION_CORRECTED_NOT_SOURCE_REVIEWED,,,c1af73a93ee92fdd16717791cb26d33f3f66f08a04021c0bcd32c9728ab456d2
HON,0000773840,0000930413-16-006535,2016-04-22T10:37:03.000Z,c84792_ex99.htm,https://www.sec.gov/Archives/edgar/data/773840/000093041316006535/c84792_ex99.htm,54f04b277bc76c4e2e91e41bfa805afe8f54bfe2e55ea1c644eda1a265d68842,EPS,FY2016,NON_GAAP,NOT_APPLICABLE,USD_PER_SHARE,6.55,6.7,6.625,CURRENT_GUIDANCE_RANGE,AS_REPORTED,HTML_TABLE_GRID,0,CURRENT_CANDIDATE,CURRENT_GUIDANCE_RANGE,9,5,4,Earnings Per Share (Ex-Pension MTM),Revised Guidance | $40.3 - $40.9B | 1% -2% | 18.9% - 19.3% | 18.0% - 18.4%,"“Looking ahead, our message and our planning will not change. We will support growth where there are opportunities to drive outperformance, be cautious in our sales planning, plan costs and spending conservatively, and continue to support the seed planting for new products, services, geographies, and process improvements that allow us to perform well now and in the future,” concluded Cote. | The company is updating its full-year 2016 guidance and now expects: | 2016 Full-Year Guidance | Earnings Per Share (Ex-Pension MTM) | | $6.45 - $6.70 | | $6.55 - $6.70 | | 7% - 10%",V8_FIVE_RELATION_CORRECTED_NOT_SOURCE_REVIEWED,,,45d212f62b2bd2efa969913cc1f1545b25953b229e448f3cd489cc9797b0c398
APD,0000002969,0001193125-16-561104,2016-04-28T11:43:39.000Z,d166181dex991.htm,https://www.sec.gov/Archives/edgar/data/2969/000119312516561104/d166181dex991.htm,c4577fb741c3e258b7c7b8df6ff76eff2772610fa2278afa57477e0cd3551322,EPS,FY2016,NON_GAAP,NOT_APPLICABLE,USD_PER_SHARE,7.4,7.55,7.475,CURRENT_GUIDANCE_RANGE,AS_REPORTED,NARRATIVE_CLAUSE,85,CURRENT_CANDIDATE,CURRENT_GUIDANCE_RANGE,,,,,,"Increasing fiscal full-year 2016 adjusted EPS from continuing operations guidance of $7.40 to $7.55, up 12 to 14 percent",V8_FIVE_RELATION_CORRECTED_NOT_SOURCE_REVIEWED,/html/body/document/type/sequence/filename/description/text/table[6]/tr/td[4]/p,HTML_P,2746746071b91a766d79fcc669c76b96f4dbe1b848765484f272bae6b5d60c56
HON,0000773840,0000930413-16-007663,2016-07-22T10:38:57.000Z,c85650_ex99.htm,https://www.sec.gov/Archives/edgar/data/773840/000093041316007663/c85650_ex99.htm,9d772ca6b0395cfacae235d286161f69559abf091493a1b47c0b6e6e9fe67308,EPS,FY2016,NON_GAAP,NOT_APPLICABLE,USD_PER_SHARE,6.6,6.7,6.65,CURRENT_GUIDANCE_RANGE,AS_REPORTED,HTML_TABLE_GRID,0,CURRENT_CANDIDATE,CURRENT_GUIDANCE_RANGE,10,6,4,Earnings Per Share (Ex-Pension MTM),Revised Guidance | $40.0 - $40.6B | ~1% | 18.9% - 19.3% | 18.0% - 18.4%,"“As a result of our first half performance, we are raising the low-end of our full-year earnings guidance range to $6.60-$6.70, up 8%-10%. We will continue to support growth, focusing on winning in High Growth Regions, advancing our superior software capabilities, and effectively using HOS Gold to drive breakthrough initiatives and deliver high-quality products to our customers globally,” continued Cote. | The company is updating its full-year 2016 guidance and now expects: | 2016 Full-Year Guidance | Earnings Per Share (Ex-Pension MTM) | | $6.55 - $6.70 | | $6.60 - $6.70 | | 8% - 10%",V8_FIVE_RELATION_CORRECTED_NOT_SOURCE_REVIEWED,,,d78c27f7de6a2dc22ba8d7b55a60f602bb73ed0bab6010fecef0cdd499b510fe
TER,0000097210,0001193125-16-660936,2016-07-28T10:04:56.000Z,d234272dex991.htm,https://www.sec.gov/Archives/edgar/data/97210/000119312516660936/d234272dex991.htm,999fb5870508eb8f63ac61a294addde20d700291be16be28f550bb3e12b7a522,REVENUE,Q3-2016,UNSPECIFIED,NOT_APPLICABLE,USD,375000000,405000000,390000000,CURRENT_GUIDANCE_RANGE,AS_REPORTED,NARRATIVE_CLAUSE,53,CURRENT_CANDIDATE,CURRENT_GUIDANCE_RANGE,,,,,,"Guidance for the third quarter of 2016 is revenue of $375 million to $405 million, with GAAP net income of $0.22 to $0.30 per diluted share and non-GAAP net",V8_FIVE_RELATION_CORRECTED_NOT_SOURCE_REVIEWED,/html/body/document/type/sequence/filename/description/text/p[12],HTML_P,d411b8d75c0a3a83043a4191b940ca50dde0bb558425817cae46f91f83cb3545
APD,0000002969,0001193125-16-661098,2016-07-28T11:30:34.000Z,d193874dex991.htm,https://www.sec.gov/Archives/edgar/data/2969/000119312516661098/d193874dex991.htm,3d4bd930c4b1695ce37a6cc8c1ed3165bd4dadd73e3bb8b88a4c17d19d606a72,EPS,FY2016,NON_GAAP,NOT_APPLICABLE,USD_PER_SHARE,7.45,7.55,7.5,CURRENT_GUIDANCE_RANGE,AS_REPORTED,NARRATIVE_CLAUSE,85,CURRENT_CANDIDATE,CURRENT_GUIDANCE_RANGE,,,,,,"Increasing fiscal full-year 2016 adjusted EPS from continuing operations guidance to $7.45 to $7.55, which at midpoint, represents an increase of 14",V8_FIVE_RELATION_CORRECTED_NOT_SOURCE_REVIEWED,/html/body/document/type/sequence/filename/description/text/table[7]/tr/td[4]/p,HTML_P,2741d2e83c258fead95eac71578be375dfe06d1165275380575c86a224181a0e
MRK,0000310158,0001104659-16-135167,2016-07-29T10:58:31.000Z,a16-15640_1ex99d1.htm,https://www.sec.gov/Archives/edgar/data/310158/000110465916135167/a16-15640_1ex99d1.htm,353989d86d9bc8c174066287aedbd75662db1a8e114c64ad2edbb9497959908c,EPS,FY2016,GAAP,NOT_APPLICABLE,USD_PER_SHARE,3.67,3.77,3.72,CURRENT_GUIDANCE_RANGE,AS_REPORTED,NARRATIVE_CLAUSE,147,CURRENT_CANDIDATE,CURRENT_GUIDANCE_RANGE,,,,,,· Company Updates EPS Guidance: Full-Year 2016 GAAP EPS Range to be Between $1.98 and $2.08; Full-Year 2016 Non-GAAP EPS Range of $3.67 to $3.77,V8_FIVE_RELATION_CORRECTED_NOT_SOURCE_REVIEWED,/html/body/document/type/sequence/filename/description/text/div[1]/p[13],HTML_P,d734c01aa11855b0dc2d61253b33c01f9cf298bc5bf40e86d5959b10d63c6243
ABBV,0001551152,0001104659-16-135186,2016-07-29T11:43:59.000Z,a16-15624_1ex99d1.htm,https://www.sec.gov/Archives/edgar/data/1551152/000110465916135186/a16-15624_1ex99d1.htm,7a21ab9c7cd0da90a57a85addc9b93522da96508dbeb7e7c587f5a8821df0ce6,EPS,FY2016,GAAP,NOT_APPLICABLE,USD_PER_SHARE,3.82,3.92,3.87,CURRENT_GUIDANCE_RANGE,AS_REPORTED,NARRATIVE_CLAUSE,70,CURRENT_CANDIDATE,CURRENT_GUIDANCE_RANGE,,,,,,"AbbVie is issuing GAAP diluted EPS guidance for the full-year 2016 of $3.82 to $3.92. AbbVie is raising its adjusted diluted EPS guidance for the full-year 2016 to $4.73 to $4.83 from $4.62 to $4.82, reflecting strong underlying business performance year-to-date and the expected continued positive trends over the remainder of the year.",V8_FIVE_RELATION_CORRECTED_NOT_SOURCE_REVIEWED,/html/body/document/type/sequence/filename/description/text/div[5]/p[12],HTML_P,b597dd6daf7bb57222e9e7628ac73ff95c77f03c35e87ed2a717219c022152d9
TRMB,0000864749,0001193125-16-755399,2016-11-01T20:31:57.000Z,d472017dex991.htm,https://www.sec.gov/Archives/edgar/data/864749/000119312516755399/d472017dex991.htm,9709938a28d0fabfc06337685954ffb9cc09b7fb9078180a33465282b72bb9aa,EPS,Q4-2016,GAAP,NOT_APPLICABLE,USD_PER_SHARE,0.11,0.16,0.135,CURRENT_GUIDANCE_RANGE,AS_REPORTED,NARRATIVE_CLAUSE,131,CURRENT_CANDIDATE,CURRENT_GUIDANCE_RANGE,,,,,,fourth quarter of 2016 Trimble expects revenue to be between $562 million and $592 million with GAAP earnings per share of $0.11 to $0.16 and non-GAAP earnings per share of $0.27 to $0.32. Non-GAAP guidance excludes the amortization of intangibles,V8_FIVE_RELATION_CORRECTED_NOT_SOURCE_REVIEWED,/html/body/document/type/sequence/filename/description/text/p[17],HTML_P,b8e54bf245ccc71a3dd5da62b3456d4453b0bf3ed1d0692e4c8afa504d8f9002
TRMB,0000864749,0001193125-16-755399,2016-11-01T20:31:57.000Z,d472017dex991.htm,https://www.sec.gov/Archives/edgar/data/864749/000119312516755399/d472017dex991.htm,9709938a28d0fabfc06337685954ffb9cc09b7fb9078180a33465282b72bb9aa,EPS,Q4-2016,GAAP,NOT_APPLICABLE,USD_PER_SHARE,0.27,0.32,0.295,CURRENT_GUIDANCE_RANGE,AS_REPORTED,NARRATIVE_CLAUSE,181,CURRENT_CANDIDATE,CURRENT_GUIDANCE_RANGE,,,,,,fourth quarter of 2016 Trimble expects revenue to be between $562 million and $592 million with GAAP earnings per share of $0.11 to $0.16 and non-GAAP earnings per share of $0.27 to $0.32. Non-GAAP guidance excludes the amortization of intangibles,V8_FIVE_RELATION_CORRECTED_NOT_SOURCE_REVIEWED,/html/body/document/type/sequence/filename/description/text/p[17],HTML_P,24ab2f2e5a72ce601c0a76116a3ad3834d8f185f7d0c5e7cd863dbb9c3d421eb
LW,0001679273,0001558370-17-000077,2017-01-10T13:42:10.000Z,lw-20170110ex9914cb5cf.htm,https://www.sec.gov/Archives/edgar/data/1679273/000155837017000077/lw-20170110ex9914cb5cf.htm,c386d7215e39596e7711176b19b2bae62dfc56f2cc2cf8ae7ab8e21e13a87c17,EPS,FY2017,NON_GAAP,NOT_APPLICABLE,USD_PER_SHARE,2.2,2.28,2.24,CURRENT_GUIDANCE_RANGE,AS_REPORTED,HTML_TABLE_GRID,0,CURRENT_CANDIDATE,CURRENT_GUIDANCE_RANGE,10,10,1,Adjusted Diluted EPS,FY 2017 Outlook Summary | Mid-Single Digit | Mid-Teens,| Adjusted Diluted EPS | $2.20 - $2.28 |,V8_FIVE_RELATION_CORRECTED_NOT_SOURCE_REVIEWED,,,a3c39a17ac592839ecad3333c2f215569ecc0f48f7ca7a6452f98ac6d2e2c070
ABBV,0001551152,0001104659-17-004435,2017-01-27T12:53:38.000Z,a17-3277_1ex99d1.htm,https://www.sec.gov/Archives/edgar/data/1551152/000110465917004435/a17-3277_1ex99d1.htm,d20a68def2cbc74402a1d91a012cfafbea356b9bf8d7158b5d775f00fb75ec94,EPS,FY2017,GAAP,NOT_APPLICABLE,USD_PER_SHARE,4.55,4.65,4.6,CURRENT_GUIDANCE_RANGE,AS_REPORTED,NARRATIVE_CLAUSE,70,CURRENT_CANDIDATE,CURRENT_GUIDANCE_RANGE,,,,,,"AbbVie is issuing GAAP diluted EPS guidance for the full-year 2017 of $4.55 to $4.65. AbbVie expects to deliver adjusted diluted EPS guidance for the full-year 2017 of $5.44 to $5.54, representing growth of 13.9 percent at the mid-point.",V8_FIVE_RELATION_CORRECTED_NOT_SOURCE_REVIEWED,/html/body/document/type/sequence/filename/description/text/div[3]/p[14],HTML_P,2f5c8d6a7320456a13897ddd0ea0d054f68125069341654007ed2171e3f8bfdd
ABBV,0001551152,0001104659-17-004435,2017-01-27T12:53:38.000Z,a17-3277_1ex99d1.htm,https://www.sec.gov/Archives/edgar/data/1551152/000110465917004435/a17-3277_1ex99d1.htm,d20a68def2cbc74402a1d91a012cfafbea356b9bf8d7158b5d775f00fb75ec94,EPS,FY2017,NON_GAAP,NOT_APPLICABLE,USD_PER_SHARE,5.44,5.54,5.49,CURRENT_GUIDANCE_RANGE,AS_REPORTED,NARRATIVE_CLAUSE,168,CURRENT_CANDIDATE,CURRENT_GUIDANCE_RANGE,,,,,,"AbbVie is issuing GAAP diluted EPS guidance for the full-year 2017 of $4.55 to $4.65. AbbVie expects to deliver adjusted diluted EPS guidance for the full-year 2017 of $5.44 to $5.54, representing growth of 13.9 percent at the mid-point.",V8_FIVE_RELATION_CORRECTED_NOT_SOURCE_REVIEWED,/html/body/document/type/sequence/filename/description/text/div[3]/p[14],HTML_P,be909347f04d1576dec9b6cb9e7371567bf8a7806d5345809c22c17711d9b2c6
ZBH,0001136869,0001193125-17-024528,2017-01-31T12:42:03.000Z,d338232dex991.htm,https://www.sec.gov/Archives/edgar/data/1136869/000119312517024528/d338232dex991.htm,bc95b02f435cd0e2b63458d68b81a336ac02e7b8409fe975ad1eb0a56d8c0bb5,EPS,FY2017,UNSPECIFIED,NOT_APPLICABLE,USD_PER_SHARE,4.37,4.67,4.52,CURRENT_GUIDANCE_RANGE,AS_REPORTED,NARRATIVE_CLAUSE,86,CURRENT_CANDIDATE,CURRENT_GUIDANCE_RANGE,,,,,,"The Company expects its full-year 2017 diluted earnings per share to be in a range of $4.37 to $4.67, and in a range of $8.50 to $8.68 on an adjusted basis.",V8_FIVE_RELATION_CORRECTED_NOT_SOURCE_REVIEWED,/html/body/document/type/sequence/filename/description/text/p[31],HTML_P,27018babd19c79b387db10922775a4777783a67ed9aa29794399e8d7ddb1344b
ZBH,0001136869,0001193125-17-024528,2017-01-31T12:42:03.000Z,d338232dex991.htm,https://www.sec.gov/Archives/edgar/data/1136869/000119312517024528/d338232dex991.htm,bc95b02f435cd0e2b63458d68b81a336ac02e7b8409fe975ad1eb0a56d8c0bb5,EPS,FY2017,NON_GAAP,NOT_APPLICABLE,USD_PER_SHARE,8.5,8.68,8.59,CURRENT_GUIDANCE_RANGE,AS_REPORTED,NARRATIVE_CLAUSE,120,CURRENT_CANDIDATE,CURRENT_GUIDANCE_RANGE,,,,,,"The Company expects its full-year 2017 diluted earnings per share to be in a range of $4.37 to $4.67, and in a range of $8.50 to $8.68 on an adjusted basis.",V8_FIVE_RELATION_CORRECTED_NOT_SOURCE_REVIEWED,/html/body/document/type/sequence/filename/description/text/p[31],HTML_P,e024894130b931bbea0f94f01a63eca9c36f66839d031e92e6f99061964f09a8
ZBH,0001136869,0001193125-17-024528,2017-01-31T12:42:03.000Z,d338232dex991.htm,https://www.sec.gov/Archives/edgar/data/1136869/000119312517024528/d338232dex991.htm,bc95b02f435cd0e2b63458d68b81a336ac02e7b8409fe975ad1eb0a56d8c0bb5,REVENUE,FY2017,UNSPECIFIED,NOT_APPLICABLE,USD,7855000000,7930000000,7892500000,CURRENT_GUIDANCE_RANGE,AS_REPORTED,NARRATIVE_CLAUSE,443,CURRENT_CANDIDATE,CURRENT_GUIDANCE_RANGE,,,,,,"Therefore, 2017 revenue is expected to increase between 2.2% and 3.2% when compared to full-year 2016 revenue, or to be in a range of $7.855 billion to $7.930 billion.",V8_FIVE_RELATION_CORRECTED_NOT_SOURCE_REVIEWED,/html/body/document/type/sequence/filename/description/text/p[30],HTML_P,cbc4ccc11da6ef47800c63e8293a2c5221fdc2a76ef4ef3c8aa6bf431b3cf95e
NWL,0000814453,0000814453-17-000004,2017-02-06T12:01:00.000Z,q42016exhibit9918-k.htm,https://www.sec.gov/Archives/edgar/data/814453/000081445317000004/q42016exhibit9918-k.htm,f1044444ba9e6bd94d878cebfe2d0658256814a01b237c4071565cd445e55151,REVENUE,FY2017,UNSPECIFIED,NOT_APPLICABLE,USD,14520000000,14720000000,14620000000,CURRENT_GUIDANCE_RANGE,AS_REPORTED,NARRATIVE_CLAUSE,55,CURRENT_CANDIDATE,CURRENT_GUIDANCE_RANGE,,,,,,Established full year 2017 net sales guidance range of $14.52 billion to $14.72 billion.,V8_FIVE_RELATION_CORRECTED_NOT_SOURCE_REVIEWED,/html/body/document/type/sequence/filename/description/text/div[5]/div/table/tr[17],HTML_SINGLE_CELL_ROW,5d3d32893680da42a35b509fb38f45db781f5dfd1d5712049baee93225c365fb
LW,0001679273,0001558370-17-002477,2017-04-06T12:38:48.000Z,lw_ex991.htm,https://www.sec.gov/Archives/edgar/data/1679273/000155837017002477/lw_ex991.htm,c4a8f0673a13a42ea23213c1bd810630b9f48ff18b407e50fbd85d20931678a6,EPS,FY2017,NON_GAAP,NOT_APPLICABLE,USD_PER_SHARE,2.2,2.28,2.24,CURRENT_GUIDANCE_RANGE,AS_REPORTED,HTML_TABLE_GRID,0,CURRENT_CANDIDATE,CURRENT_GUIDANCE_RANGE,12,10,1,Adjusted Diluted EPS(1),FY 2017 Outlook Summary | Mid-Single Digit | Mid-Teens,| Adjusted Diluted EPS(1) | $2.20 - $2.28 |,V8_FIVE_RELATION_CORRECTED_NOT_SOURCE_REVIEWED,,,174a141c819421deb7d2186858e25bd7257eb04a9dee0103a3da9ebdb358c026
TER,0000097210,0001193125-17-237226,2017-07-27T10:05:04.000Z,d424721dex991.htm,https://www.sec.gov/Archives/edgar/data/97210/000119312517237226/d424721dex991.htm,dcb76d29930e0192dc10e2f58317a3f7abf408466d8d07be30ee4ab15d72e7f3,REVENUE,Q3-2017,UNSPECIFIED,NOT_APPLICABLE,USD,455000000,485000000,470000000,CURRENT_GUIDANCE_RANGE,AS_REPORTED,NARRATIVE_CLAUSE,53,CURRENT_CANDIDATE,CURRENT_GUIDANCE_RANGE,,,,,,"Guidance for the third quarter of 2017 is revenue of $455 million to $485 million, with GAAP net",V8_FIVE_RELATION_CORRECTED_NOT_SOURCE_REVIEWED,/html/body/document/type/sequence/filename/description/text/p[12],HTML_P,811a4931fdcb75784f77fc237eebd0a254b9d0df25216d63295e6c16647d4733
PODD,0001145197,0001157523-17-002282,2017-08-03T20:05:53.000Z,a51623645ex99_1.htm,https://www.sec.gov/Archives/edgar/data/1145197/000115752317002282/a51623645ex99_1.htm,7e0ff6c261ec0a80426f8a21f6475446ecc1f441d0fc054c93606e7580f81060,REVENUE,FY2017,UNSPECIFIED,NOT_APPLICABLE,USD,440000000,450000000,445000000,CURRENT_GUIDANCE_RANGE,AS_REPORTED,NARRATIVE_CLAUSE,61,CURRENT_CANDIDATE,CURRENT_GUIDANCE_RANGE,,,,,,"Insulet Raises Full Year 2017 Revenue Guidance to a Range of $440 to $450 million, Up from $425 to $440 Million, Expecting Growth of 21% at Mid-Point",V8_FIVE_RELATION_CORRECTED_NOT_SOURCE_REVIEWED,/html/body/document/type/sequence/filename/description/text/div/p[4],HTML_P,bddc847973330d21c4394e92763bc8ec3f200cf4b627ea9bcc520fe9cdde9bdd
LEG,0000058492,0001193125-17-277861,2017-09-06T20:30:35.000Z,d395673dex991.htm,https://www.sec.gov/Archives/edgar/data/58492/000119312517277861/d395673dex991.htm,f06a8f5838f95c74e3aeb1f51426f1f8df41d87227a68e2b48543de46cf4c836,EPS,FY2017,UNSPECIFIED,NOT_APPLICABLE,USD_PER_SHARE,2.44,2.54,2.49,CURRENT_GUIDANCE_RANGE,AS_REPORTED,NARRATIVE_CLAUSE,95,CURRENT_CANDIDATE,CURRENT_GUIDANCE_RANGE,,,,,,Leggett & Platt reduced its full-year 2017 EPS guidance to a range of $2.44 - 2.54. This guidance includes a $.04 EPS benefit from the recent sale of a Commercial Vehicle Products (CVP),V8_FIVE_RELATION_CORRECTED_NOT_SOURCE_REVIEWED,/html/body/document/type/sequence/filename/description/text/p[10],HTML_P,488ebdefcb97ab19f728928062924f96d0788a404cb1313536d11fff7e684bbe
HON,0000773840,0000930413-17-003540,2017-10-10T23:01:17.000Z,c89514_ex99-1.htm,https://www.sec.gov/Archives/edgar/data/773840/000093041317003540/c89514_ex99-1.htm,92fe4a2e6b3e66ba991989dacbc47ea372fd224a6b31fa384c36cf5074fe3794,EPS,FY2017,UNSPECIFIED,NOT_APPLICABLE,USD_PER_SHARE,7.05,7.1,7.075,CURRENT_GUIDANCE_RANGE,AS_REPORTED,NARRATIVE_CLAUSE,475,CURRENT_CANDIDATE,CURRENT_GUIDANCE_RANGE,,,,,,"the low-end of its full-year 2017 earnings per share guidance by 5 cents to a new range of $7.05 - $7.10, excluding any pension",V8_FIVE_RELATION_CORRECTED_NOT_SOURCE_REVIEWED,/html/body/document/type/sequence/filename/text/p[21],HTML_P,0cb3888b786e55bc79b2241b543a689228665b66d55d75fbfb4349b47d2620e1
NWL,0000814453,0001193125-17-330197,2017-11-02T10:36:57.000Z,d472566dex991.htm,https://www.sec.gov/Archives/edgar/data/814453/000119312517330197/d472566dex991.htm,0e6ae0b8144a8f05250d655c05286ccc2da57a00251a7d141023d6e3a678ef11,EPS,FY2017,NON_GAAP,NOT_APPLICABLE,USD_PER_SHARE,2.8,2.85,2.825,CURRENT_GUIDANCE_RANGE,AS_REPORTED,HTML_TABLE_GRID,0,CURRENT_CANDIDATE,CURRENT_GUIDANCE_RANGE,14,5,2,Normalized Earnings per Share,Updated 2017 Full Year Outlook | $14.7bn to $14.8bn | 11.3% to 11.8% | 1.5% to 2.0%,"The company also announced today that its Board of Directors has approved an extension and expansion to the company’s on-going share repurchase program. Under the updated plan, through the end of 2020 the company is authorized to expend up to $1.0 billion for repurchase of its outstanding shares. This authorization is incremental to the $256 million remaining under its previous $500 million share repurchase program, which was scheduled to expire at the end of 2017 and has now been extended through the end of 2020. Under the program, the company’s common shares may be purchased through a combination of a 10b5-1 automatic trading plan and discretionary purchases on the open market or in privately negotiated transactions. The amount and timing of any purchases will depend on several factors, including trading price, trading volume and general market conditions. | Outlook for the Twelve Months Ending December 31, 2017 | Newell Brands revised its core sales growth and normalized EPS guidance for full year 2017 as follows: | Normalized Earnings per Share | | $2.80 to $2.85",V8_FIVE_RELATION_CORRECTED_NOT_SOURCE_REVIEWED,,,88fcacff35f8187a67938879ae5d20fcde4ef540bc747ace44562e1d46db94dd
TER,0000097210,0001193125-18-018953,2018-01-25T11:06:33.000Z,d484702dex991.htm,https://www.sec.gov/Archives/edgar/data/97210/000119312518018953/d484702dex991.htm,2517e5e977f1705b4ba1d2326abd9817e284160a0a914cd3093dc75e85455725,REVENUE,Q1-2018,UNSPECIFIED,NOT_APPLICABLE,USD,460000000,490000000,475000000,CURRENT_GUIDANCE_RANGE,AS_REPORTED,NARRATIVE_CLAUSE,53,CURRENT_CANDIDATE,CURRENT_GUIDANCE_RANGE,,,,,,"Guidance for the first quarter of 2018 is revenue of $460 million to $490 million, with GAAP net",V8_FIVE_RELATION_CORRECTED_NOT_SOURCE_REVIEWED,/html/body/document/type/sequence/filename/description/text/p[16],HTML_P,36dc89038f6a975f2d7a2a8944571ecfaa65f90c63f9211b35610fb6c622a013
HON,0000773840,0000930413-18-000180,2018-01-26T11:36:31.000Z,c90230_ex99.htm,https://www.sec.gov/Archives/edgar/data/773840/000093041318000180/c90230_ex99.htm,eb8faa9c7367f07dd132102ce59cca8bf1e75c0f81ec2b447c46ebe2cba73fa5,EPS,FY2018,UNSPECIFIED,NOT_APPLICABLE,USD_PER_SHARE,7.75,8,7.875,CURRENT_GUIDANCE_RANGE,AS_REPORTED,HTML_TABLE_GRID,0,CURRENT_CANDIDATE,CURRENT_GUIDANCE_RANGE,13,7,2,Earnings Per Share,Current Guidance | $41.8B - $42.5B | 2% - 4% | 19.3% - 19.6% | Up 30 - 60 bps,- MORE - | Honeywell Q4’17 Results - 4 | Table 1: FULL-YEAR 2018 GUIDANCE5 | Earnings Per Share | $7.55 - $7.80 | $7.75 - $8.00,V8_FIVE_RELATION_CORRECTED_NOT_SOURCE_REVIEWED,,,799a1bea5730e77fef89262837683ebbeb7e5f2ae049415e9814cf51e31cc285
ZBH,0001136869,0001564590-18-001032,2018-01-30T12:09:48.000Z,zbh-ex991_6.htm,https://www.sec.gov/Archives/edgar/data/1136869/000156459018001032/zbh-ex991_6.htm,e02d13123b92115759f4726c7ecf800cdbe9f90c32006ae1b8de8281078a16f6,EPS,Q1-2018,UNSPECIFIED,NOT_APPLICABLE,USD_PER_SHARE,0.73,0.88,0.805,CURRENT_GUIDANCE_RANGE,AS_REPORTED,NARRATIVE_CLAUSE,115,CURRENT_CANDIDATE,CURRENT_GUIDANCE_RANGE,,,,,,"Additionally, the Company expects its diluted earnings per share for the first quarter of 2018 to be in a range of $0.73 to $0.88, and in a range of $1.84 to $1.91 on an adjusted basis.",V8_FIVE_RELATION_CORRECTED_NOT_SOURCE_REVIEWED,/html/body/document/type/sequence/filename/description/text/p[33],HTML_P,2e62236a046419ccb4efc5b548529a0080ec3a8ef0f392b2b72ef7cc61884288
ZBH,0001136869,0001564590-18-001032,2018-01-30T12:09:48.000Z,zbh-ex991_6.htm,https://www.sec.gov/Archives/edgar/data/1136869/000156459018001032/zbh-ex991_6.htm,e02d13123b92115759f4726c7ecf800cdbe9f90c32006ae1b8de8281078a16f6,EPS,Q1-2018,NON_GAAP,NOT_APPLICABLE,USD_PER_SHARE,1.84,1.91,1.875,CURRENT_GUIDANCE_RANGE,AS_REPORTED,NARRATIVE_CLAUSE,149,CURRENT_CANDIDATE,CURRENT_GUIDANCE_RANGE,,,,,,"Additionally, the Company expects its diluted earnings per share for the first quarter of 2018 to be in a range of $0.73 to $0.88, and in a range of $1.84 to $1.91 on an adjusted basis.",V8_FIVE_RELATION_CORRECTED_NOT_SOURCE_REVIEWED,/html/body/document/type/sequence/filename/description/text/p[33],HTML_P,79c070192748683d0359a37f7082564cf3aa293a61ec37cd522fa0caabd0c16d
MRK,0000310158,0001104659-18-006007,2018-02-02T12:04:22.000Z,a18-5152_1ex99d1.htm,https://www.sec.gov/Archives/edgar/data/310158/000110465918006007/a18-5152_1ex99d1.htm,b9acafecca36e37726b7ef31ae853fcd3f61c884e5be99add1ae9dde5ebb321b,EPS,FY2018,GAAP,NOT_APPLICABLE,USD_PER_SHARE,2.97,3.12,3.045,CURRENT_GUIDANCE_RANGE,AS_REPORTED,HTML_TABLE_GRID,0,CURRENT_CANDIDATE,CURRENT_GUIDANCE_RANGE,8,2,2,GAAP EPS,Full-Year 2018,"**The company does not have any non-GAAP adjustments to revenue. | The guidance for both GAAP and non-GAAP operating expenses reflects the adoption of new accounting guidance on Jan. 1, 2018, related to defined benefit plans that requires a retroactive reclassification of certain components of net benefit cost/credit within the consolidated statement of income. There is no impact to net income as a result of adopting the new guidance. See supplemental information on the Investors section of Merck’s website (http://investors.merck.com) for additional details on the 2017 reclassification. | A reconciliation of anticipated 2018 GAAP EPS to non-GAAP EPS and the items excluded from non-GAAP EPS are provided in the table below. | GAAP EPS | | $2.97 to $3.12 |",V8_FIVE_RELATION_CORRECTED_NOT_SOURCE_REVIEWED,,,444b8d2763abd7e8621de3e77c7ca417e6c32caf6b6265c15e3f80dac2c1e266
MRK,0000310158,0001104659-18-006007,2018-02-02T12:04:22.000Z,a18-5152_1ex99d1.htm,https://www.sec.gov/Archives/edgar/data/310158/000110465918006007/a18-5152_1ex99d1.htm,b9acafecca36e37726b7ef31ae853fcd3f61c884e5be99add1ae9dde5ebb321b,EPS,FY2018,GAAP,NOT_APPLICABLE,USD_PER_SHARE,4.08,4.23,4.155,CURRENT_GUIDANCE_RANGE,AS_REPORTED,HTML_TABLE_GRID,0,CURRENT_CANDIDATE,CURRENT_GUIDANCE_RANGE,8,4,2,Non-GAAP EPS that excludes items listed below2,Full-Year 2018 | $2.97 to $3.12 | 1.11,"**The company does not have any non-GAAP adjustments to revenue. | The guidance for both GAAP and non-GAAP operating expenses reflects the adoption of new accounting guidance on Jan. 1, 2018, related to defined benefit plans that requires a retroactive reclassification of certain components of net benefit cost/credit within the consolidated statement of income. There is no impact to net income as a result of adopting the new guidance. See supplemental information on the Investors section of Merck’s website (http://investors.merck.com) for additional details on the 2017 reclassification. | A reconciliation of anticipated 2018 GAAP EPS to non-GAAP EPS and the items excluded from non-GAAP EPS are provided in the table below. | Non-GAAP EPS that excludes items listed below2 | | $4.08 to $4.23 |",V8_FIVE_RELATION_CORRECTED_NOT_SOURCE_REVIEWED,,,444b8d2763abd7e8621de3e77c7ca417e6c32caf6b6265c15e3f80dac2c1e266
ECL,0000031462,0001558370-18-000772,2018-02-20T13:41:03.000Z,ex-99d1.htm,https://www.sec.gov/Archives/edgar/data/31462/000155837018000772/ex-99d1.htm,ebe591cee66b211a150abe645713a0f48047bbf37de868e9336981449f030e20,EPS,Q1-2018,NON_GAAP,NOT_APPLICABLE,USD_PER_SHARE,0.85,0.93,0.89,CURRENT_GUIDANCE_RANGE,AS_REPORTED,NARRATIVE_CLAUSE,94,CURRENT_CANDIDATE,CURRENT_GUIDANCE_RANGE,,,,,,"Ecolab increased its first quarter 2018 adjusted diluted earnings per share forecast range to $0.85 to $0.93, rising 6% to 16% compared with adjusted diluted earnings per share of $0.80 a year ago.",V8_FIVE_RELATION_CORRECTED_NOT_SOURCE_REVIEWED,/html/body/document/type/sequence/filename/description/text/div[30]/p[9],HTML_P,de75221f00745235f6e1b60c59e9aa524e6cda00b53aa62ea3504a6b40e49761
HON,0000773840,0000930413-18-001358,2018-04-20T10:41:19.000Z,c91058_ex99-1.htm,https://www.sec.gov/Archives/edgar/data/773840/000093041318001358/c91058_ex99-1.htm,bb0771350e60aec9e92c388566278b257ae70df0abc3ff225a9876fa831a3a41,EPS,FY2018,UNSPECIFIED,NOT_APPLICABLE,USD_PER_SHARE,7.85,8.05,7.95,CURRENT_GUIDANCE_RANGE,AS_REPORTED,HTML_TABLE_GRID,0,CURRENT_CANDIDATE,CURRENT_GUIDANCE_RANGE,6,5,2,Earnings Per Share,Current Guidance | $42.7B - $43.5B | 3% - 5% | 19.3% - 19.6% | Up 30 - 60 bps,"Honeywell Q1’18 Results - 3 | Investors can hear a replay of the conference call from 11:30 a.m. EDT, April 20, until 11:30 a.m. EDT, April 27, by dialing (888) 203-1112 (domestic) or (719) 457-0820 (international). The access code is 7398687. | TABLE 1: FULL-YEAR 2018 GUIDANCE4 | Earnings Per Share | $7.75 - $8.00 | $7.85 - $8.05",V8_FIVE_RELATION_CORRECTED_NOT_SOURCE_REVIEWED,,,9e0978039a724962ea58ab0100a9e63e8321bafd336cf5e2d4044d41a9452a87
IEX,0000832101,0000832101-18-000025,2018-04-30T14:29:12.000Z,iex-20180430xex991.htm,https://www.sec.gov/Archives/edgar/data/832101/000083210118000025/iex-20180430xex991.htm,a51fd6a2528eb619e104281c8b61a70145732dae161b7bda9ec94a2a76fcec8d,EPS,FY2018,NON_GAAP,NOT_APPLICABLE,USD_PER_SHARE,5.05,5.2,5.125,CURRENT_GUIDANCE_RANGE,AS_REPORTED,NARRATIVE_CLAUSE,220,CURRENT_CANDIDATE,CURRENT_GUIDANCE_RANGE,,,,,,"We now expect full year 2018 adjusted EPS of $5.05 to $5.20 with projected second quarter EPS of $1.30 to $1.32, while delivering organic revenue growth of 5 to 6 percent for both the full year and the second quarter.”",V8_FIVE_RELATION_CORRECTED_NOT_SOURCE_REVIEWED,/html/body/document/type/sequence/filename/description/text/div[41]/div/table/tr[7],HTML_SINGLE_CELL_ROW,600f3ad22e06cb7006bb3ac61a1886dacaa8c9fb0dccbd8a125874dae194ff37
IEX,0000832101,0000832101-18-000025,2018-04-30T14:29:12.000Z,iex-20180430xex991.htm,https://www.sec.gov/Archives/edgar/data/832101/000083210118000025/iex-20180430xex991.htm,a51fd6a2528eb619e104281c8b61a70145732dae161b7bda9ec94a2a76fcec8d,EPS,Q2-2018,NON_GAAP,NOT_APPLICABLE,USD_PER_SHARE,1.3,1.32,1.31,CURRENT_GUIDANCE_RANGE,AS_REPORTED,NARRATIVE_CLAUSE,272,CURRENT_CANDIDATE,CURRENT_GUIDANCE_RANGE,,,,,,"We now expect full year 2018 adjusted EPS of $5.05 to $5.20 with projected second quarter EPS of $1.30 to $1.32, while delivering organic revenue growth of 5 to 6 percent for both the full year and the second quarter.”",V8_FIVE_RELATION_CORRECTED_NOT_SOURCE_REVIEWED,/html/body/document/type/sequence/filename/description/text/div[41]/div/table/tr[7],HTML_SINGLE_CELL_ROW,1560a581ad3f80c631e48ac1aaa4895218362b658b0067887289795a2bcf80f1
ECL,0000031462,0001558370-18-003587,2018-05-01T12:45:12.000Z,ex-99d1.htm,https://www.sec.gov/Archives/edgar/data/31462/000155837018003587/ex-99d1.htm,314d41c26ccbc0dadf358741b9e7b26a1d220f56c781fa22f5ded068d411a3de,EPS,FY2018,NON_GAAP,NOT_APPLICABLE,USD_PER_SHARE,5.3,5.5,5.4,CURRENT_GUIDANCE_RANGE,AS_REPORTED,NARRATIVE_CLAUSE,55,CURRENT_CANDIDATE,CURRENT_GUIDANCE_RANGE,,,,,,RAISED FULL YEAR 2018 ADJUSTED DILUTED EPS FORECAST TO $5.30 TO $5.50 +13%-18%,V8_FIVE_RELATION_CORRECTED_NOT_SOURCE_REVIEWED,/html/body/document/type/sequence/filename/description/text/div[2]/p[12],HTML_P,5a317a81f669ccb49dfc0cde2c46622e893a0895c81d2f9feaec417db11c40ee
ECL,0000031462,0001558370-18-003587,2018-05-01T12:45:12.000Z,ex-99d1.htm,https://www.sec.gov/Archives/edgar/data/31462/000155837018003587/ex-99d1.htm,314d41c26ccbc0dadf358741b9e7b26a1d220f56c781fa22f5ded068d411a3de,EPS,FY2018,NON_GAAP,NOT_APPLICABLE,USD_PER_SHARE,5.3,5.5,5.4,CURRENT_GUIDANCE_RANGE,AS_REPORTED,NARRATIVE_CLAUSE,89,CURRENT_CANDIDATE,CURRENT_GUIDANCE_RANGE,,,,,,"Ecolab raised its forecast for full year 2018 adjusted diluted earnings per share to the $5.30 to $5.50 range, representing a 13% to 18% increase over 2017. The prior forecast range was $5.25 to $5.45.",V8_FIVE_RELATION_CORRECTED_NOT_SOURCE_REVIEWED,/html/body/document/type/sequence/filename/description/text/div[26]/p[12],HTML_P,ffda02d0a71ccfd875573762d9d85aea4aaec92464a01b77f1a5b98f6ac422f3
TER,0000097210,0001193125-18-225421,2018-07-25T14:36:38.000Z,d572611dex991.htm,https://www.sec.gov/Archives/edgar/data/97210/000119312518225421/d572611dex991.htm,ecd47cabb0315f98e603228239de06183c57dae4c152100b1ab35b6afe4bfb83,REVENUE,Q3-2018,UNSPECIFIED,NOT_APPLICABLE,USD,540000000,570000000,555000000,CURRENT_GUIDANCE_RANGE,AS_REPORTED,NARRATIVE_CLAUSE,53,CURRENT_CANDIDATE,CURRENT_GUIDANCE_RANGE,,,,,,"Guidance for the third quarter of 2018 is revenue of $540 million to $570 million, with GAAP net",V8_FIVE_RELATION_CORRECTED_NOT_SOURCE_REVIEWED,/html/body/document/type/sequence/filename/description/text/p[11],HTML_P,b711e194cf649c2911f4d8cde4c9b49aca0d6867c173d6d37594ff8d92ade6c3
LUMN,0000018926,0001193125-18-242795,2018-08-08T20:27:02.000Z,d571688dex991.htm,https://www.sec.gov/Archives/edgar/data/18926/000119312518242795/d571688dex991.htm,f6093d63b5920608d2caf1483b1d6d5c48e44c3ffec8851278972ab3f915c7c8,FREE_CASH_FLOW,FY2018,NON_GAAP,AFTER_DIVIDENDS,USD,3600000000,3800000000,3700000000,CURRENT_GUIDANCE_RANGE,AS_REPORTED,HTML_TABLE_GRID,0,CURRENT_CANDIDATE,CURRENT_GUIDANCE_RANGE,18,3,2,Free Cash Flow,Updated Outlook | $9.00 to $9.15 billion,"“With our strong synergy attainment in the first half of 2018 along with our continued focus on profitable revenue growth, we are increasing our outlook for full year 2018 Adjusted EBITDA and Free Cash Flow,” said Sunit Patel, CenturyLink executive vice president and chief financial officer. | “We now expect full year 2018 Adjusted EBITDA of $9.00 to $9.15 billion, compared to our previous outlook of $8.75 to $8.95 billion. In addition, we increased our Free Cash Flow outlook to $3.60 to $3.80 billion from $3.15 to $3.35 billion.” | The company has also updated full year 2018 outlook measures for Free Cash Flow after Dividends and for the Full Year Effective Tax Rate. | Free Cash Flow | | $3.60 to $3.80 billion | | $3.15 to $3.35 billion",V8_FIVE_RELATION_CORRECTED_NOT_SOURCE_REVIEWED,,,4b93b60aa7fd6696e537c5ac8a022276912a9a6490304d377a2ba4ce769ea7da
LUMN,0000018926,0001193125-18-242795,2018-08-08T20:27:02.000Z,d571688dex991.htm,https://www.sec.gov/Archives/edgar/data/18926/000119312518242795/d571688dex991.htm,f6093d63b5920608d2caf1483b1d6d5c48e44c3ffec8851278972ab3f915c7c8,FREE_CASH_FLOW,FY2018,NON_GAAP,AFTER_DIVIDENDS,USD,1300000000,1500000000,1400000000,CURRENT_GUIDANCE_RANGE,AS_REPORTED,HTML_TABLE_GRID,0,CURRENT_CANDIDATE,CURRENT_GUIDANCE_RANGE,18,5,2,Free Cash Flow after Dividends,Updated Outlook | $9.00 to $9.15 billion | $3.60 to $3.80 billion | $2.30 billion,"“With our strong synergy attainment in the first half of 2018 along with our continued focus on profitable revenue growth, we are increasing our outlook for full year 2018 Adjusted EBITDA and Free Cash Flow,” said Sunit Patel, CenturyLink executive vice president and chief financial officer. | “We now expect full year 2018 Adjusted EBITDA of $9.00 to $9.15 billion, compared to our previous outlook of $8.75 to $8.95 billion. In addition, we increased our Free Cash Flow outlook to $3.60 to $3.80 billion from $3.15 to $3.35 billion.” | The company has also updated full year 2018 outlook measures for Free Cash Flow after Dividends and for the Full Year Effective Tax Rate. | Free Cash Flow after Dividends | | $1.30 billion to $1.50 billion | | $850 million to $1.05 billion",V8_FIVE_RELATION_CORRECTED_NOT_SOURCE_REVIEWED,,,4b93b60aa7fd6696e537c5ac8a022276912a9a6490304d377a2ba4ce769ea7da
FDS,0001013237,0001437749-18-017394,2018-09-25T11:05:36.000Z,ex_124499.htm,https://www.sec.gov/Archives/edgar/data/1013237/000143774918017394/ex_124499.htm,bf53792699e6b0fddbe423a050ed674d3af492b2c690d6462f70ac8ce504ea8c,MARGIN,FY2018,NON_GAAP,NOT_APPLICABLE,PERCENT,27.5,29,28.25,CURRENT_GUIDANCE_RANGE,AS_REPORTED,HTML_TABLE_GRID,0,CURRENT_CANDIDATE,CURRENT_GUIDANCE_RANGE,6,6,27,Operating margin | 25.5 | % | 25.2 | % | 27.1 | % | 28.8 | %,FY 2018 Guidance | $1.34-$1.36b,"“We are proud to have reached many milestones in fiscal 2018. We celebrated 40 years as a company with 38 years of consecutive revenue growth and 22 years of consecutive adjusted EPS growth. This quarter we had the highest reported quarterly ASV in our history. We enter fiscal 2019 with strong momentum and an expanding suite of innovative workflow solutions to drive our growth plans,” said Phil Snow, FactSet CEO. | News Release | For Immediate Release | Key Financial Measures* | Operating margin | | | 25.5 | % | | | 25.2 | % | | | | | | | 27.1 | % | | | 28.8 | % | | | | | | | 27.5%-29.0 | %",V8_FIVE_RELATION_CORRECTED_NOT_SOURCE_REVIEWED,,,e7ffd50617e29e352eec2db51778345428ba57ac4be3d429f1470b2660f08d35
FDS,0001013237,0001437749-18-017394,2018-09-25T11:05:36.000Z,ex_124499.htm,https://www.sec.gov/Archives/edgar/data/1013237/000143774918017394/ex_124499.htm,bf53792699e6b0fddbe423a050ed674d3af492b2c690d6462f70ac8ce504ea8c,MARGIN,FY2018,NON_GAAP,NOT_APPLICABLE,PERCENT,31,32.5,31.75,CURRENT_GUIDANCE_RANGE,AS_REPORTED,HTML_TABLE_GRID,0,CURRENT_CANDIDATE,CURRENT_GUIDANCE_RANGE,6,7,27,Adjusted operating margin | 31.3 | % | 31.2 | % | 31.3 | % | 32.2 | %,FY 2018 Guidance | $1.34-$1.36b | 27.5%-29.0,"“We are proud to have reached many milestones in fiscal 2018. We celebrated 40 years as a company with 38 years of consecutive revenue growth and 22 years of consecutive adjusted EPS growth. This quarter we had the highest reported quarterly ASV in our history. We enter fiscal 2019 with strong momentum and an expanding suite of innovative workflow solutions to drive our growth plans,” said Phil Snow, FactSet CEO. | News Release | For Immediate Release | Key Financial Measures* | Adjusted operating margin | | | 31.3 | % | | | 31.2 | % | | | | | | | 31.3 | % | | | 32.2 | % | | | | | | | 31.0%-32.5 | %",V8_FIVE_RELATION_CORRECTED_NOT_SOURCE_REVIEWED,,,e7ffd50617e29e352eec2db51778345428ba57ac4be3d429f1470b2660f08d35
TER,0000097210,0001193125-18-305841,2018-10-24T10:05:41.000Z,d626835dex991.htm,https://www.sec.gov/Archives/edgar/data/97210/000119312518305841/d626835dex991.htm,130d16b27dea5d2b924b3d0f64de5c8a49df71084b0c889d9788836d8eaaaf22,REVENUE,Q4-2018,UNSPECIFIED,NOT_APPLICABLE,USD,480000000,510000000,495000000,CURRENT_GUIDANCE_RANGE,AS_REPORTED,NARRATIVE_CLAUSE,54,CURRENT_CANDIDATE,CURRENT_GUIDANCE_RANGE,,,,,,"Guidance for the fourth quarter of 2018 is revenue of $480 million to $510 million, with GAAP net income of $0.39 to $0.46 per diluted share and non-GAAP net income of $0.46 to $0.54 per diluted share.",V8_FIVE_RELATION_CORRECTED_NOT_SOURCE_REVIEWED,/html/body/document/type/sequence/filename/description/text/p[11],HTML_P,cbc278f60c603d850c885451b2e4ae4bed0a64f6172bdfa50a429a7a84410e6e
TER,0000097210,0001193125-19-015261,2019-01-24T11:06:03.000Z,d655057dex991.htm,https://www.sec.gov/Archives/edgar/data/97210/000119312519015261/d655057dex991.htm,1277193b10bccc2ae5903ea95e3b6919fdefc7ddcc75761819200140adbb4c87,REVENUE,Q1-2019,UNSPECIFIED,NOT_APPLICABLE,USD,460000000,490000000,475000000,CURRENT_GUIDANCE_RANGE,AS_REPORTED,NARRATIVE_CLAUSE,53,CURRENT_CANDIDATE,CURRENT_GUIDANCE_RANGE,,,,,,"Guidance for the first quarter of 2019 is revenue of $460 million to $490 million, with GAAP net",V8_FIVE_RELATION_CORRECTED_NOT_SOURCE_REVIEWED,/html/body/document/type/sequence/filename/description/text/center[1]/div/p[15],HTML_P,1bff87298f20f8d37c0684402668472b319b13b5ed73f67348b22be793940148
HON,0000773840,0000930413-19-000246,2019-02-01T11:37:24.000Z,c92841_ex99.htm,https://www.sec.gov/Archives/edgar/data/773840/000093041319000246/c92841_ex99.htm,91811baf19e482fabae9870c843f692a1a5ab0e509e4a1e4a791e7f3f6e5d675,EPS,FY2019,UNSPECIFIED,NOT_APPLICABLE,USD_PER_SHARE,7.8,8.1,7.95,CURRENT_GUIDANCE_RANGE,AS_REPORTED,HTML_TABLE_GRID,0,CURRENT_CANDIDATE,CURRENT_GUIDANCE_RANGE,8,5,2,Earnings Per Share,$36.0B - $36.9B | 2% - 5% | 20.7% - 21.0% | Up 110 - 140 bps | Up 30 - 60 bps,- MORE - | Honeywell 2019 Outlook - 4 | TABLE 1: FULL-YEAR 2019 GUIDANCE | Earnings Per Share | | $7.80 - $8.10,V8_FIVE_RELATION_CORRECTED_NOT_SOURCE_REVIEWED,,,33091e94b2079afe5129da295587e6a04af643a7d89f8b712bfb3563e53c78b5
HON,0000773840,0000930413-19-001231,2019-04-18T10:35:38.000Z,c93457_ex99.htm,https://www.sec.gov/Archives/edgar/data/773840/000093041319001231/c93457_ex99.htm,e0b1234f07419c8a185a6a0fb6a9601969749248ed4cd300dcc6d58db63ee2b5,EPS,FY2019,UNSPECIFIED,NOT_APPLICABLE,USD_PER_SHARE,7.9,8.15,8.025,CURRENT_GUIDANCE_RANGE,AS_REPORTED,HTML_TABLE_GRID,0,CURRENT_CANDIDATE,CURRENT_GUIDANCE_RANGE,9,6,4,Earnings Per Share,Current Guidance | $36.5B - $37.2B | 3% - 6% | 20.7% - 21.0% | Up 110 - 140 bps | Up 30 - 60 bps,"Honeywell Q1’19 Results - 3 | from 12:30 p.m. EDT, April 18, until 12:30 p.m. EDT, April 25, by dialing (888) 203-1112 (domestic) or (719) 457-0820 (international). The access code is 7279499. | TABLE 1: FULL-YEAR 2019 GUIDANCE | Earnings Per Share | | $7.80 - $8.10 | | $7.90 - $8.15",V8_FIVE_RELATION_CORRECTED_NOT_SOURCE_REVIEWED,,,a30f05b19661151e105a572ed26c2c714087e1518238db483be1330b7b942585
TER,0000097210,0001193125-19-115617,2019-04-24T10:09:02.000Z,d735857dex991.htm,https://www.sec.gov/Archives/edgar/data/97210/000119312519115617/d735857dex991.htm,e16c426e20b0940117e94a297d27cc8b9c8b257514051f1dea49477380a815da,REVENUE,Q2-2019,UNSPECIFIED,NOT_APPLICABLE,USD,520000000,550000000,535000000,CURRENT_GUIDANCE_RANGE,AS_REPORTED,NARRATIVE_CLAUSE,54,CURRENT_CANDIDATE,CURRENT_GUIDANCE_RANGE,,,,,,"Guidance for the second quarter of 2019 is revenue of $520 million to $550 million, with GAAP net income of $0.48 to $0.56",V8_FIVE_RELATION_CORRECTED_NOT_SOURCE_REVIEWED,/html/body/document/type/sequence/filename/description/text/center[1]/div/p[10],HTML_P,df23eb167491f6aa705931b93dd4843b8937a1725e9083216d1e201c376aeb77
IEX,0000832101,0000832101-19-000009,2019-04-26T13:32:34.000Z,iex-20190425xex991.htm,https://www.sec.gov/Archives/edgar/data/832101/000083210119000009/iex-20190425xex991.htm,d86827c27f89ef8cb9a632c70ef9504ed1dd2ef92276110df7ba13dcebc01f08,EPS,FY2019,UNSPECIFIED,NOT_APPLICABLE,USD_PER_SHARE,5.7,5.85,5.775,CURRENT_GUIDANCE_RANGE,AS_REPORTED,NARRATIVE_CLAUSE,257,CURRENT_CANDIDATE,CURRENT_GUIDANCE_RANGE,,,,,,"We now expect full year 2019 EPS of $5.70 to $5.85, with projected second quarter EPS of $1.47 to $1.50. Organic revenue growth expectation for both the second quarter and full year is 4 to 5 percent.”",V8_FIVE_RELATION_CORRECTED_NOT_SOURCE_REVIEWED,/html/body/document/type/sequence/filename/description/text/div[44]/div/table/tr[7],HTML_SINGLE_CELL_ROW,47a69fddffa2e95e27622ccc0cc9483afa8051f3871a10509e503d1d49dadca5
IEX,0000832101,0000832101-19-000009,2019-04-26T13:32:34.000Z,iex-20190425xex991.htm,https://www.sec.gov/Archives/edgar/data/832101/000083210119000009/iex-20190425xex991.htm,d86827c27f89ef8cb9a632c70ef9504ed1dd2ef92276110df7ba13dcebc01f08,EPS,Q2-2019,UNSPECIFIED,NOT_APPLICABLE,USD_PER_SHARE,1.47,1.5,1.485,CURRENT_GUIDANCE_RANGE,AS_REPORTED,NARRATIVE_CLAUSE,310,CURRENT_CANDIDATE,CURRENT_GUIDANCE_RANGE,,,,,,"We now expect full year 2019 EPS of $5.70 to $5.85, with projected second quarter EPS of $1.47 to $1.50. Organic revenue growth expectation for both the second quarter and full year is 4 to 5 percent.”",V8_FIVE_RELATION_CORRECTED_NOT_SOURCE_REVIEWED,/html/body/document/type/sequence/filename/description/text/div[44]/div/table/tr[7],HTML_SINGLE_CELL_ROW,41eec5acebc0f871153820b0f734929163d63823b5939bac4081666429b39b73
TER,0000097210,0001193125-19-200468,2019-07-24T10:04:03.000Z,d732342dex991.htm,https://www.sec.gov/Archives/edgar/data/97210/000119312519200468/d732342dex991.htm,d5c14455c4924a7c9d506edad364724624b0623e5b743252c695a3da12fde868,REVENUE,Q3-2019,UNSPECIFIED,NOT_APPLICABLE,USD,540000000,580000000,560000000,CURRENT_GUIDANCE_RANGE,AS_REPORTED,NARRATIVE_CLAUSE,53,CURRENT_CANDIDATE,CURRENT_GUIDANCE_RANGE,,,,,,"Guidance for the third quarter of 2019 is revenue of $540 million to $580 million, with GAAP net income of $0.53 to $0.63 per diluted share and non-GAAP net income of $0.64 to $0.74 per diluted share.",V8_FIVE_RELATION_CORRECTED_NOT_SOURCE_REVIEWED,/html/body/document/type/sequence/filename/description/text/center[1]/div/p[10],HTML_P,55df36b9f02d2cb77cd09ae56a38a3420bb73842cad2c07a8fab3440c47d54df
IEX,0000832101,0000832101-19-000023,2019-07-26T13:30:24.000Z,iex-20190725xex991.htm,https://www.sec.gov/Archives/edgar/data/832101/000083210119000023/iex-20190725xex991.htm,203835ff309202c8d6344c3f79e8119e564ae77efae41a076460ab2947b34de6,EPS,FY2019,NON_GAAP,NOT_APPLICABLE,USD_PER_SHARE,5.78,5.85,5.815,CURRENT_GUIDANCE_RANGE,AS_REPORTED,NARRATIVE_CLAUSE,343,CURRENT_CANDIDATE,CURRENT_GUIDANCE_RANGE,,,,,,"Full year 2019 adjusted EPS is now projected to be $5.78 to $5.85, with full year organic revenue growth expectations of 3 to 4 percent.",V8_FIVE_RELATION_CORRECTED_NOT_SOURCE_REVIEWED,/html/body/document/type/sequence/filename/description/text/div[43]/div/table/tr[7],HTML_SINGLE_CELL_ROW,c98eea6124171f437bdd2c912ffb4e6e0b50b6c56aab3a1319f2002730cd6b83
FDS,0001013237,0001437749-19-019077,2019-09-26T10:56:00.000Z,ex_158706.htm,https://www.sec.gov/Archives/edgar/data/1013237/000143774919019077/ex_158706.htm,4dc59023a4b90064b785e0c38b3417ad8843f170ded5a720863fe4dbe0cdd596,MARGIN,FY2019,UNSPECIFIED,NOT_APPLICABLE,PERCENT,30,30.5,30.25,CURRENT_GUIDANCE_RANGE,AS_REPORTED,HTML_TABLE_GRID,0,CURRENT_CANDIDATE,CURRENT_GUIDANCE_RANGE,7,7,27,Operating margin | 30.6 | % | 25.5 | % | 30.5 | % | 27.1 | %,FY 2019 Guidance | $1.42-$1.44b,1 | News Release | For Immediate Release | Key Financial Measures* | Operating margin | | | 30.6 | % | | | 25.5 | % | | | | | | | 30.5 | % | | | 27.1 | % | | | | | | | 30.0%-30.5 | %,V8_FIVE_RELATION_CORRECTED_NOT_SOURCE_REVIEWED,,,7066e8a462ca351fe4966832c0419071e9b068c9e7f1b24099661356f2ee1ce8
FDS,0001013237,0001437749-19-019077,2019-09-26T10:56:00.000Z,ex_158706.htm,https://www.sec.gov/Archives/edgar/data/1013237/000143774919019077/ex_158706.htm,4dc59023a4b90064b785e0c38b3417ad8843f170ded5a720863fe4dbe0cdd596,MARGIN,FY2019,NON_GAAP,NOT_APPLICABLE,PERCENT,32.5,33,32.75,CURRENT_GUIDANCE_RANGE,AS_REPORTED,HTML_TABLE_GRID,0,CURRENT_CANDIDATE,CURRENT_GUIDANCE_RANGE,7,8,27,Adjusted operating margin | 33.9 | % | 31.3 | % | 33.2 | % | 31.3 | %,FY 2019 Guidance | $1.42-$1.44b | 30.0%-30.5,1 | News Release | For Immediate Release | Key Financial Measures* | Adjusted operating margin | | | 33.9 | % | | | 31.3 | % | | | | | | | 33.2 | % | | | 31.3 | % | | | | | | | 32.5%-33.0 | %,V8_FIVE_RELATION_CORRECTED_NOT_SOURCE_REVIEWED,,,7066e8a462ca351fe4966832c0419071e9b068c9e7f1b24099661356f2ee1ce8
MRK,0000310158,0001104659-19-057074,2019-10-29T10:50:13.000Z,tm1921023d1_ex99-1.htm,https://www.sec.gov/Archives/edgar/data/310158/000110465919057074/tm1921023d1_ex99-1.htm,37689750474977afd0dbf752e9d72061d0ed1769758c225f33894c2844a7c983,EPS,FY2019,GAAP,NOT_APPLICABLE,USD_PER_SHARE,3.75,3.8,3.775,CURRENT_GUIDANCE_RANGE,AS_REPORTED,HTML_TABLE_GRID,0,CURRENT_CANDIDATE,CURRENT_GUIDANCE_RANGE,31,1,3,GAAP EPS,Full-Year 2019,**EPS guidance for 2019 assumes a share count (assuming dilution) of approximately 2.6 billion shares. | . | A reconciliation of anticipated 2019 GAAP EPS to non-GAAP EPS and the items excluded from non-GAAP EPS are provided in the table below. | GAAP EPS | | | $3.75 to $3.80 |,V8_FIVE_RELATION_CORRECTED_NOT_SOURCE_REVIEWED,,,43ebfce14e4bab67750e12e237e3dc5acccfa63c455c2ab819e0dfc3566ea4ee
MRK,0000310158,0001104659-19-057074,2019-10-29T10:50:13.000Z,tm1921023d1_ex99-1.htm,https://www.sec.gov/Archives/edgar/data/310158/000110465919057074/tm1921023d1_ex99-1.htm,37689750474977afd0dbf752e9d72061d0ed1769758c225f33894c2844a7c983,EPS,FY2019,GAAP,NOT_APPLICABLE,USD_PER_SHARE,5.12,5.17,5.145,CURRENT_GUIDANCE_RANGE,AS_REPORTED,HTML_TABLE_GRID,0,CURRENT_CANDIDATE,CURRENT_GUIDANCE_RANGE,31,3,3,Non-GAAP EPS that excludes items listed below2,Full-Year 2019 | $3.75 to $3.80 | 1.37,**EPS guidance for 2019 assumes a share count (assuming dilution) of approximately 2.6 billion shares. | . | A reconciliation of anticipated 2019 GAAP EPS to non-GAAP EPS and the items excluded from non-GAAP EPS are provided in the table below. | Non-GAAP EPS that excludes items listed below2 | | | $5.12 to $5.17 |,V8_FIVE_RELATION_CORRECTED_NOT_SOURCE_REVIEWED,,,43ebfce14e4bab67750e12e237e3dc5acccfa63c455c2ab819e0dfc3566ea4ee
WAT,0001000697,0001193125-20-023442,2020-02-04T12:00:43.000Z,d865129dex991.htm,https://www.sec.gov/Archives/edgar/data/1000697/000119312520023442/d865129dex991.htm,88d6a966c1b9e9ed08cab75683b69925fda14d8068fe9c3234e0585bcced29be,EPS,FY2020,GAAP,NOT_APPLICABLE,USD_PER_SHARE,9.15,9.4,9.275,CURRENT_GUIDANCE_RANGE,AS_REPORTED,NARRATIVE_CLAUSE,264,CURRENT_CANDIDATE,CURRENT_GUIDANCE_RANGE,,,,,,The Company also expects full-year 2020 non-GAAP EPS in the range of $9.15 to $9.40. Please refer to the tables below for a reconciliation of the projected GAAP to non-GAAP financial outlook for the full-year.,V8_FIVE_RELATION_CORRECTED_NOT_SOURCE_REVIEWED,/html/body/document/type/sequence/filename/description/text/center[2]/div/p[6],HTML_P,c2d0d3434c86cd00e4d8f55dd05387bdc4108c8fb22c84eddd27c73bf4e38b45
WAT,0001000697,0001193125-20-023442,2020-02-04T12:00:43.000Z,d865129dex991.htm,https://www.sec.gov/Archives/edgar/data/1000697/000119312520023442/d865129dex991.htm,88d6a966c1b9e9ed08cab75683b69925fda14d8068fe9c3234e0585bcced29be,EPS,Q1-2020,GAAP,NOT_APPLICABLE,USD_PER_SHARE,1.55,1.65,1.6,CURRENT_GUIDANCE_RANGE,AS_REPORTED,NARRATIVE_CLAUSE,276,CURRENT_CANDIDATE,CURRENT_GUIDANCE_RANGE,,,,,,The Company also expects first quarter 2020 non-GAAP EPS in the range of $1.55 to $1.65. Please refer to the tables below for a reconciliation of the projected,V8_FIVE_RELATION_CORRECTED_NOT_SOURCE_REVIEWED,/html/body/document/type/sequence/filename/description/text/center[2]/div/p[7],HTML_P,7185fd5d2a45c7a90a58914e9d8c8f366770e2bdcabfc4d5483cb77769fe58f0
MRK,0000310158,0001104659-20-051922,2020-04-28T10:53:01.000Z,tm2016917d1_ex99-1.htm,https://www.sec.gov/Archives/edgar/data/310158/000110465920051922/tm2016917d1_ex99-1.htm,b3297489f3aac653e84196c89fed5808ea50778895886252ed8cfe0f578342dd,EPS,FY2020,GAAP,NOT_APPLICABLE,USD_PER_SHARE,4.12,4.32,4.22,CURRENT_GUIDANCE_RANGE,AS_REPORTED,HTML_TABLE_GRID,0,CURRENT_CANDIDATE,CURRENT_GUIDANCE_RANGE,29,1,3,GAAP EPS,Full-Year 2020,*The company does not have any non-GAAP adjustments to revenue. | **EPS guidance for 2020 assumes a share count (assuming dilution) of approximately 2.54 billion shares. | A reconciliation of anticipated 2020 GAAP EPS to non-GAAP EPS and the items excluded from non-GAAP EPS are provided in the table below. | GAAP EPS | | | $4.12 to $4.32 |,V8_FIVE_RELATION_CORRECTED_NOT_SOURCE_REVIEWED,,,6c6d5ac7921993eaa1c4fe61137fb8020bbee14f7a55787ce0d92fc01e72998d
MRK,0000310158,0001104659-20-051922,2020-04-28T10:53:01.000Z,tm2016917d1_ex99-1.htm,https://www.sec.gov/Archives/edgar/data/310158/000110465920051922/tm2016917d1_ex99-1.htm,b3297489f3aac653e84196c89fed5808ea50778895886252ed8cfe0f578342dd,EPS,FY2020,GAAP,NOT_APPLICABLE,USD_PER_SHARE,5.17,5.37,5.27,CURRENT_GUIDANCE_RANGE,AS_REPORTED,HTML_TABLE_GRID,0,CURRENT_CANDIDATE,CURRENT_GUIDANCE_RANGE,29,3,3,Non-GAAP EPS that excludes items listed below2,Full-Year 2020 | $4.12 to $4.32 | 1.05,*The company does not have any non-GAAP adjustments to revenue. | **EPS guidance for 2020 assumes a share count (assuming dilution) of approximately 2.54 billion shares. | A reconciliation of anticipated 2020 GAAP EPS to non-GAAP EPS and the items excluded from non-GAAP EPS are provided in the table below. | Non-GAAP EPS that excludes items listed below2 | | | $5.17 to $5.37 |,V8_FIVE_RELATION_CORRECTED_NOT_SOURCE_REVIEWED,,,6c6d5ac7921993eaa1c4fe61137fb8020bbee14f7a55787ce0d92fc01e72998d
MOH,0001179929,0001157523-20-000623,2020-04-30T20:21:11.000Z,a52213041ex99_1.htm,https://www.sec.gov/Archives/edgar/data/1179929/000115752320000623/a52213041ex99_1.htm,c956f61b5fce949ad1497a3a6336fc22e29a5c4452c9840577cb393b085a7ded,EPS,FY2020,GAAP,NOT_APPLICABLE,USD_PER_SHARE,11.2,11.7,11.45,CURRENT_GUIDANCE_RANGE,AS_REPORTED,HTML_TABLE_GRID,0,CURRENT_CANDIDATE,CURRENT_GUIDANCE_RANGE,1,2,2,GAAP EPS – Diluted,Full Year 2020 Guidance | ~$18.3B,"Full year 2020 guidance does not include: | Membership increases related to the impact of COVID-19 on unemployment. While Medicaid and Marketplace enrollment is likely to increase due to widespread unemployment, the timing and number of potential enrollees are not certain and, therefore, are excluded from full year 2020 guidance. Impact of COVID-19 on net medical cost. Due to the uncertainty of COVID-19’s impact on utilization and medical costs, its impact on net medical cost is excluded from full year 2020 guidance. Previously announced acquisitions that have not yet closed. | While the timing, duration, and severity of COVID-19’s impact on the Company’s financial metrics and earnings on an intra-quarter basis and throughout the rest of the year are not entirely predictable, the Company is reaffirming the following full year 2020 guidance: | GAAP EPS – Diluted | | $11.20 - $11.70 |",V8_FIVE_RELATION_CORRECTED_NOT_SOURCE_REVIEWED,,,5765079c544fd4bdd3d8366f2791be192290fe622d64a112f87777e05c7213bc
MRK,0000310158,0001104659-20-088675,2020-07-31T12:37:57.000Z,tm2026006d1_ex99-1.htm,https://www.sec.gov/Archives/edgar/data/310158/000110465920088675/tm2026006d1_ex99-1.htm,fdf5fd801d7e1b4f7dfd03206a81a3e7339c86a705c6f10bb32fd29b2b8b0e9f,EPS,FY2020,GAAP,NOT_APPLICABLE,USD_PER_SHARE,4.58,4.73,4.655,CURRENT_GUIDANCE_RANGE,AS_REPORTED,HTML_TABLE_GRID,0,CURRENT_CANDIDATE,CURRENT_GUIDANCE_RANGE,29,1,3,GAAP EPS,Full-Year 2020,*The company does not have any non-GAAP adjustments to revenue. | **EPS guidance for 2020 assumes a share count (assuming dilution) of approximately 2.54 billion shares. | A reconciliation of anticipated 2020 GAAP EPS to non-GAAP EPS and the items excluded from non-GAAP EPS are provided in the table below. | GAAP EPS | | | $4.58 to $4.73 |,V8_FIVE_RELATION_CORRECTED_NOT_SOURCE_REVIEWED,,,e6df3b3f5ec1baad85d88a54630cf33a0907966262e0907fab21a9e789263507
MRK,0000310158,0001104659-20-088675,2020-07-31T12:37:57.000Z,tm2026006d1_ex99-1.htm,https://www.sec.gov/Archives/edgar/data/310158/000110465920088675/tm2026006d1_ex99-1.htm,fdf5fd801d7e1b4f7dfd03206a81a3e7339c86a705c6f10bb32fd29b2b8b0e9f,EPS,FY2020,GAAP,NOT_APPLICABLE,USD_PER_SHARE,5.63,5.78,5.705,CURRENT_GUIDANCE_RANGE,AS_REPORTED,HTML_TABLE_GRID,0,CURRENT_CANDIDATE,CURRENT_GUIDANCE_RANGE,29,3,3,Non-GAAP EPS that excludes items listed below2,Full-Year 2020 | $4.58 to $4.73 | 1.05,*The company does not have any non-GAAP adjustments to revenue. | **EPS guidance for 2020 assumes a share count (assuming dilution) of approximately 2.54 billion shares. | A reconciliation of anticipated 2020 GAAP EPS to non-GAAP EPS and the items excluded from non-GAAP EPS are provided in the table below. | Non-GAAP EPS that excludes items listed below2 | | | $5.63 to $5.78 |,V8_FIVE_RELATION_CORRECTED_NOT_SOURCE_REVIEWED,,,e6df3b3f5ec1baad85d88a54630cf33a0907966262e0907fab21a9e789263507
TER,0000097210,0001193125-20-273253,2020-10-21T10:03:55.000Z,d94453dex991.htm,https://www.sec.gov/Archives/edgar/data/97210/000119312520273253/d94453dex991.htm,a838f6c6981cf05de02fcf9c6c5b5a2b5eed418087d980e83bba8167e613bde7,REVENUE,Q4-2020,UNSPECIFIED,NOT_APPLICABLE,USD,680000000,740000000,710000000,CURRENT_GUIDANCE_RANGE,AS_REPORTED,NARRATIVE_CLAUSE,54,CURRENT_CANDIDATE,CURRENT_GUIDANCE_RANGE,,,,,,"Guidance for the fourth quarter of 2020 is revenue of $680 million to $740 million, with GAAP",V8_FIVE_RELATION_CORRECTED_NOT_SOURCE_REVIEWED,/html/body/document/type/sequence/filename/description/text/center[1]/div/p[13],HTML_P,c8698986d7be702afb7b344962aa1875f575265b1239892fdfec18e34ba5d289
MRK,0000310158,0001104659-20-118364,2020-10-27T10:50:25.000Z,tm2032785d1_ex99-1.htm,https://www.sec.gov/Archives/edgar/data/310158/000110465920118364/tm2032785d1_ex99-1.htm,594f68fa3cd7f14e24afa1f6f30619c0474e0692d8939791fdcbbd2189dafd48,EPS,FY2020,GAAP,NOT_APPLICABLE,USD_PER_SHARE,4.55,4.65,4.6,CURRENT_GUIDANCE_RANGE,AS_REPORTED,HTML_TABLE_GRID,0,CURRENT_CANDIDATE,CURRENT_GUIDANCE_RANGE,51,1,3,GAAP EPS,Full-Year 2020,*The company does not have any non-GAAP adjustments to revenue. | **EPS guidance for 2020 assumes a share count (assuming dilution) of approximately 2.54 billion shares. | A reconciliation of anticipated 2020 GAAP EPS to non-GAAP EPS and the items excluded from non-GAAP EPS are provided in the table below. | GAAP EPS | | | $4.55 to $4.65 |,V8_FIVE_RELATION_CORRECTED_NOT_SOURCE_REVIEWED,,,12d0f0b93aa33b77a263a3348dfa9ac1cf1754235f5f70e9eb4bb251783d3816
MRK,0000310158,0001104659-20-118364,2020-10-27T10:50:25.000Z,tm2032785d1_ex99-1.htm,https://www.sec.gov/Archives/edgar/data/310158/000110465920118364/tm2032785d1_ex99-1.htm,594f68fa3cd7f14e24afa1f6f30619c0474e0692d8939791fdcbbd2189dafd48,EPS,FY2020,GAAP,NOT_APPLICABLE,USD_PER_SHARE,5.91,6.01,5.96,CURRENT_GUIDANCE_RANGE,AS_REPORTED,HTML_TABLE_GRID,0,CURRENT_CANDIDATE,CURRENT_GUIDANCE_RANGE,51,3,3,Non-GAAP EPS that excludes items listed below2,Full-Year 2020 | $4.55 to $4.65 | 1.36,*The company does not have any non-GAAP adjustments to revenue. | **EPS guidance for 2020 assumes a share count (assuming dilution) of approximately 2.54 billion shares. | A reconciliation of anticipated 2020 GAAP EPS to non-GAAP EPS and the items excluded from non-GAAP EPS are provided in the table below. | Non-GAAP EPS that excludes items listed below2 | | | $5.91 to $6.01 |,V8_FIVE_RELATION_CORRECTED_NOT_SOURCE_REVIEWED,,,12d0f0b93aa33b77a263a3348dfa9ac1cf1754235f5f70e9eb4bb251783d3816
PLTR,0001321655,0001193125-20-291678,2020-11-12T21:16:00.000Z,d934165dex991.htm,https://www.sec.gov/Archives/edgar/data/1321655/000119312520291678/d934165dex991.htm,806e52e8a9286528702d0fadf94be0fe07cef270c6f9fdf49a6ddb812734d5c0,REVENUE,FY2020,UNSPECIFIED,NOT_APPLICABLE,USD,1070000000,1072000000,1071000000,CURRENT_GUIDANCE_RANGE,AS_REPORTED,NARRATIVE_CLAUSE,53,CURRENT_CANDIDATE,CURRENT_GUIDANCE_RANGE,,,,,,"Full-year 2020 revenue guidance raised to a range of $1.070 billion to $1.072 billion, up 44%",V8_FIVE_RELATION_CORRECTED_NOT_SOURCE_REVIEWED,/html/body/document/type/sequence/filename/description/text/center/div/table[2]/tr/td[3]/p,HTML_P,c57c09b1377ae2ffd6502c57374e5990a2cdc8a1b3bcf0008aae6c19b83e149d
TER,0000097210,0001193125-21-019843,2021-01-28T11:06:31.000Z,d281446dex991.htm,https://www.sec.gov/Archives/edgar/data/97210/000119312521019843/d281446dex991.htm,cc0074698733a228bca7d1b7b6a07732c3e7d986e35878e266b7d4f338ef469b,REVENUE,Q1-2021,UNSPECIFIED,NOT_APPLICABLE,USD,720000000,780000000,750000000,CURRENT_GUIDANCE_RANGE,AS_REPORTED,NARRATIVE_CLAUSE,53,CURRENT_CANDIDATE,CURRENT_GUIDANCE_RANGE,,,,,,"Guidance for the first quarter of 2021 is revenue of $720 million to $780 million, with GAAP net income of $0.86 to $1.00",V8_FIVE_RELATION_CORRECTED_NOT_SOURCE_REVIEWED,/html/body/document/type/sequence/filename/description/text/center[2]/div/p[4],HTML_P,c32affa89f4c1441d50792f47ca123a6f69c4173b00e006a5c70b8d2895988b8
WAT,0001000697,0001193125-21-025262,2021-02-02T11:50:34.000Z,d17166dex991.htm,https://www.sec.gov/Archives/edgar/data/1000697/000119312521025262/d17166dex991.htm,ebab3899776f65460353a02cac7241f413c7db3190a4aa2fc869fcec9b3cfea4,EPS,FY2021,GAAP,NOT_APPLICABLE,USD_PER_SHARE,9.32,9.57,9.445,CURRENT_GUIDANCE_RANGE,AS_REPORTED,NARRATIVE_CLAUSE,262,CURRENT_CANDIDATE,CURRENT_GUIDANCE_RANGE,,,,,,The Company also expects full-year 2021 non-GAAP EPS in the range of $9.32 to $9.57. Please refer to the tables below for a reconciliation of the projected GAAP to non-GAAP financial outlook for the full-year.,V8_FIVE_RELATION_CORRECTED_NOT_SOURCE_REVIEWED,/html/body/document/type/sequence/filename/description/text/center[2]/div/p[7],HTML_P,863978e2a2eff58fd27326480cd6af53a58ea6a20ba098a7892376e3a86329ca
WAT,0001000697,0001193125-21-025262,2021-02-02T11:50:34.000Z,d17166dex991.htm,https://www.sec.gov/Archives/edgar/data/1000697/000119312521025262/d17166dex991.htm,ebab3899776f65460353a02cac7241f413c7db3190a4aa2fc869fcec9b3cfea4,EPS,Q1-2021,GAAP,NOT_APPLICABLE,USD_PER_SHARE,1.5,1.6,1.55,CURRENT_GUIDANCE_RANGE,AS_REPORTED,NARRATIVE_CLAUSE,284,CURRENT_CANDIDATE,CURRENT_GUIDANCE_RANGE,,,,,,The Company also expects first quarter 2021 non-GAAP EPS in the range of $1.50 to $1.60. Please refer to the tables below for a reconciliation of the,V8_FIVE_RELATION_CORRECTED_NOT_SOURCE_REVIEWED,/html/body/document/type/sequence/filename/description/text/center[2]/div/p[8],HTML_P,15b6aa75f91e27f2eb9d5251d79500325db9606f4bca508d054b364a47f785cd
MRK,0000310158,0001104659-21-011912,2021-02-04T11:50:38.000Z,tm213179d2_ex99-1.htm,https://www.sec.gov/Archives/edgar/data/310158/000110465921011912/tm213179d2_ex99-1.htm,5eea00f2937ed476ee49e41dd5972eb2901557840d1db6592f20858d088638be,EPS,FY2021,GAAP,NOT_APPLICABLE,USD_PER_SHARE,5.52,5.72,5.62,CURRENT_GUIDANCE_RANGE,AS_REPORTED,HTML_TABLE_GRID,0,CURRENT_CANDIDATE,CURRENT_GUIDANCE_RANGE,51,1,3,GAAP EPS,Full-Year 2021,*The company does not have any non-GAAP adjustments to revenue. | **EPS guidance for 2021 assumes a share count (assuming dilution) of approximately 2.53 billion shares. | A reconciliation of anticipated 2021 GAAP EPS to non-GAAP EPS and the items excluded from non-GAAP EPS are provided in the table below. | GAAP EPS | | | $5.52 to $5.72 |,V8_FIVE_RELATION_CORRECTED_NOT_SOURCE_REVIEWED,,,138a9959e1718afb43dd64ef274151e30531e49aaefb053f977d649c7c27094a
MRK,0000310158,0001104659-21-011912,2021-02-04T11:50:38.000Z,tm213179d2_ex99-1.htm,https://www.sec.gov/Archives/edgar/data/310158/000110465921011912/tm213179d2_ex99-1.htm,5eea00f2937ed476ee49e41dd5972eb2901557840d1db6592f20858d088638be,EPS,FY2021,GAAP,NOT_APPLICABLE,USD_PER_SHARE,6.48,6.68,6.58,CURRENT_GUIDANCE_RANGE,AS_REPORTED,HTML_TABLE_GRID,0,CURRENT_CANDIDATE,CURRENT_GUIDANCE_RANGE,51,3,3,Non-GAAP EPS that excludes items listed below2,Full-Year 2021 | $5.52 to $5.72 | $0.96,*The company does not have any non-GAAP adjustments to revenue. | **EPS guidance for 2021 assumes a share count (assuming dilution) of approximately 2.53 billion shares. | A reconciliation of anticipated 2021 GAAP EPS to non-GAAP EPS and the items excluded from non-GAAP EPS are provided in the table below. | Non-GAAP EPS that excludes items listed below2 | | | $6.48 to $6.68 |,V8_FIVE_RELATION_CORRECTED_NOT_SOURCE_REVIEWED,,,138a9959e1718afb43dd64ef274151e30531e49aaefb053f977d649c7c27094a
IEX,0000832101,0000832101-21-000013,2021-02-04T14:26:57.000Z,iex-20210203xex991.htm,https://www.sec.gov/Archives/edgar/data/832101/000083210121000013/iex-20210203xex991.htm,14988b2a953fe40b79ce6f89db1188b2713683f25043b345690dcbaf2ae3ff0f,EPS,FY2021,UNSPECIFIED,NOT_APPLICABLE,USD_PER_SHARE,5.65,5.95,5.8,CURRENT_GUIDANCE_RANGE,AS_REPORTED,NARRATIVE_CLAUSE,330,CURRENT_CANDIDATE,CURRENT_GUIDANCE_RANGE,,,,,,"Full year 2021 EPS is projected to be $5.65 to $5.95, with first quarter EPS of $1.38 to $1.42.”",V8_FIVE_RELATION_CORRECTED_NOT_SOURCE_REVIEWED,/html/body/document/type/sequence/filename/description/text/div[64]/table/tr[10],HTML_SINGLE_CELL_ROW,a5140858f4efd8b437692a41964f15e0edc63b1daa4743c0d65dab9d5c92ff36
IEX,0000832101,0000832101-21-000013,2021-02-04T14:26:57.000Z,iex-20210203xex991.htm,https://www.sec.gov/Archives/edgar/data/832101/000083210121000013/iex-20210203xex991.htm,14988b2a953fe40b79ce6f89db1188b2713683f25043b345690dcbaf2ae3ff0f,EPS,Q1-2021,UNSPECIFIED,NOT_APPLICABLE,USD_PER_SHARE,1.38,1.42,1.4,CURRENT_GUIDANCE_RANGE,AS_REPORTED,NARRATIVE_CLAUSE,372,CURRENT_CANDIDATE,CURRENT_GUIDANCE_RANGE,,,,,,"Full year 2021 EPS is projected to be $5.65 to $5.95, with first quarter EPS of $1.38 to $1.42.”",V8_FIVE_RELATION_CORRECTED_NOT_SOURCE_REVIEWED,/html/body/document/type/sequence/filename/description/text/div[64]/table/tr[10],HTML_SINGLE_CELL_ROW,cda8856963047f07f583c168b0f9b2d8add5782c464cc7c524ffb1108534d6f8
TER,0000097210,0001193125-21-135248,2021-04-28T10:08:03.000Z,d38942dex991.htm,https://www.sec.gov/Archives/edgar/data/97210/000119312521135248/d38942dex991.htm,96c9c2dee60c1df45c43962aa124859e316fb558aede99eb68dae8fa3b1da020,REVENUE,Q2-2021,UNSPECIFIED,NOT_APPLICABLE,USD,1010000000,1090000000,1050000000,CURRENT_GUIDANCE_RANGE,AS_REPORTED,NARRATIVE_CLAUSE,54,CURRENT_CANDIDATE,CURRENT_GUIDANCE_RANGE,,,,,,"Guidance for the second quarter of 2021 is revenue of $1,010 million to $1,090 million, with GAAP net income of $1.48 to",V8_FIVE_RELATION_CORRECTED_NOT_SOURCE_REVIEWED,/html/body/document/type/sequence/filename/description/text/center[1]/div/p[12],HTML_P,1ae84cfd17e77ae6b1dde92b97fc7f35f4b53e61c2fbd26ee8e45aef48ffe40c
MRK,0000310158,0001104659-21-056877,2021-04-29T10:38:30.000Z,tm2114316d1_ex99-1.htm,https://www.sec.gov/Archives/edgar/data/310158/000110465921056877/tm2114316d1_ex99-1.htm,03dcba045515928d730782712989b51190481b9fa732a0471e67edc96f7a3158,EPS,FY2021,GAAP,NOT_APPLICABLE,USD_PER_SHARE,5.05,5.25,5.15,CURRENT_GUIDANCE_RANGE,AS_REPORTED,HTML_TABLE_GRID,0,CURRENT_CANDIDATE,CURRENT_GUIDANCE_RANGE,18,1,3,GAAP EPS,Full-Year 2021,**EPS guidance for 2021 assumes a share count (assuming dilution) of approximately 2.53 billion shares. | Page 12 | A reconciliation of anticipated 2021 GAAP EPS to non-GAAP EPS and the items excluded from non-GAAP EPS are provided in the table below. | GAAP EPS | | | $5.05 to $5.25 |,V8_FIVE_RELATION_CORRECTED_NOT_SOURCE_REVIEWED,,,eb5d04d10739190b19ef147d7845b12e99e5cec8e9169e71a7c9c34af70fa32b
MRK,0000310158,0001104659-21-056877,2021-04-29T10:38:30.000Z,tm2114316d1_ex99-1.htm,https://www.sec.gov/Archives/edgar/data/310158/000110465921056877/tm2114316d1_ex99-1.htm,03dcba045515928d730782712989b51190481b9fa732a0471e67edc96f7a3158,EPS,FY2021,GAAP,NOT_APPLICABLE,USD_PER_SHARE,6.48,6.68,6.58,CURRENT_GUIDANCE_RANGE,AS_REPORTED,HTML_TABLE_GRID,0,CURRENT_CANDIDATE,CURRENT_GUIDANCE_RANGE,18,3,3,Non-GAAP EPS that excludes items listed below2,Full-Year 2021 | $5.05 to $5.25 | 1.43,**EPS guidance for 2021 assumes a share count (assuming dilution) of approximately 2.53 billion shares. | Page 12 | A reconciliation of anticipated 2021 GAAP EPS to non-GAAP EPS and the items excluded from non-GAAP EPS are provided in the table below. | Non-GAAP EPS that excludes items listed below2 | | | $6.48 to $6.68 |,V8_FIVE_RELATION_CORRECTED_NOT_SOURCE_REVIEWED,,,eb5d04d10739190b19ef147d7845b12e99e5cec8e9169e71a7c9c34af70fa32b
WAT,0001000697,0001193125-21-150735,2021-05-05T11:00:32.000Z,d163098dex991.htm,https://www.sec.gov/Archives/edgar/data/1000697/000119312521150735/d163098dex991.htm,7d740e1dfd6cda0a4ecaf725107c3040673176c0268e2e9b9d9c8887a87bbde8,EPS,FY2021,GAAP,NOT_APPLICABLE,USD_PER_SHARE,9.85,10.05,9.95,CURRENT_GUIDANCE_RANGE,AS_REPORTED,NARRATIVE_CLAUSE,263,CURRENT_CANDIDATE,CURRENT_GUIDANCE_RANGE,,,,,,The Company also expects full-year 2021 non-GAAP EPS in the range of $9.85 to $10.05. Please refer to the tables below for a,V8_FIVE_RELATION_CORRECTED_NOT_SOURCE_REVIEWED,/html/body/document/type/sequence/filename/description/text/center[2]/div/p[4],HTML_P,e59f794895be5897cbaf840e4f4ba21efd5e86b6474020444e919e6e36f7349d
WAT,0001000697,0001193125-21-150735,2021-05-05T11:00:32.000Z,d163098dex991.htm,https://www.sec.gov/Archives/edgar/data/1000697/000119312521150735/d163098dex991.htm,7d740e1dfd6cda0a4ecaf725107c3040673176c0268e2e9b9d9c8887a87bbde8,EPS,Q2-2021,GAAP,NOT_APPLICABLE,USD_PER_SHARE,2.15,2.25,2.2,CURRENT_GUIDANCE_RANGE,AS_REPORTED,NARRATIVE_CLAUSE,288,CURRENT_CANDIDATE,CURRENT_GUIDANCE_RANGE,,,,,,The Company also expects second quarter 2021 non-GAAP EPS in the range of $2.15 to $2.25. Please refer to the tables below for a reconciliation of the projected GAAP to non-GAAP financial outlook for the second quarter.,V8_FIVE_RELATION_CORRECTED_NOT_SOURCE_REVIEWED,/html/body/document/type/sequence/filename/description/text/center[2]/div/p[5],HTML_P,d93618758a2d543d793f21f5685e84fd2b94b1142fd64a66c2dba53d9fa79479
TER,0000097210,0001193125-21-226461,2021-07-28T10:10:06.000Z,d200294dex991.htm,https://www.sec.gov/Archives/edgar/data/97210/000119312521226461/d200294dex991.htm,b055110a3bd35ba995903361623e88fa76ebb1bb1f51239711ab521775b25356,REVENUE,Q3-2021,UNSPECIFIED,NOT_APPLICABLE,USD,880000000,960000000,920000000,CURRENT_GUIDANCE_RANGE,AS_REPORTED,NARRATIVE_CLAUSE,53,CURRENT_CANDIDATE,CURRENT_GUIDANCE_RANGE,,,,,,"Guidance for the third quarter of 2021 is revenue of $880 million to $960 million, with GAAP net",V8_FIVE_RELATION_CORRECTED_NOT_SOURCE_REVIEWED,/html/body/document/type/sequence/filename/description/text/center[2]/div/p[3],HTML_P,adc139c0da087c01d79b9bd8614cda2bee183a9af9f94ebbeeb8261d92f9c51f
MRK,0000310158,0001104659-21-097239,2021-07-29T11:01:02.000Z,tm2123400d1_ex99-1.htm,https://www.sec.gov/Archives/edgar/data/310158/000110465921097239/tm2123400d1_ex99-1.htm,1ab5eb82ca24b36b48161af5b5a10a3e0c525e086e809a4af4c44da874a02843,EPS,FY2021,GAAP,NOT_APPLICABLE,USD_PER_SHARE,4.24,4.34,4.29,CURRENT_GUIDANCE_RANGE,AS_REPORTED,HTML_TABLE_GRID,0,CURRENT_CANDIDATE,CURRENT_GUIDANCE_RANGE,43,1,3,GAAP EPS,Full-Year 2021,*The company does not have any non-GAAP adjustments to revenue. | **EPS guidance for 2021 assumes a share count (assuming dilution) of approximately 2.53 billion shares. | A reconciliation of anticipated 2021 GAAP EPS to non-GAAP EPS and the items excluded from non-GAAP EPS are provided in the table below. | GAAP EPS | | | $4.24 to $4.34 |,V8_FIVE_RELATION_CORRECTED_NOT_SOURCE_REVIEWED,,,45929c017d4babcfee6268782e87f92edc1ef408ac9e7a347e126abac9cc7196
MRK,0000310158,0001104659-21-097239,2021-07-29T11:01:02.000Z,tm2123400d1_ex99-1.htm,https://www.sec.gov/Archives/edgar/data/310158/000110465921097239/tm2123400d1_ex99-1.htm,1ab5eb82ca24b36b48161af5b5a10a3e0c525e086e809a4af4c44da874a02843,EPS,FY2021,GAAP,NOT_APPLICABLE,USD_PER_SHARE,5.47,5.57,5.52,CURRENT_GUIDANCE_RANGE,AS_REPORTED,HTML_TABLE_GRID,0,CURRENT_CANDIDATE,CURRENT_GUIDANCE_RANGE,43,3,3,Non-GAAP EPS that excludes items listed below2,Full-Year 2021 | $4.24 to $4.34 | $1.23,*The company does not have any non-GAAP adjustments to revenue. | **EPS guidance for 2021 assumes a share count (assuming dilution) of approximately 2.53 billion shares. | A reconciliation of anticipated 2021 GAAP EPS to non-GAAP EPS and the items excluded from non-GAAP EPS are provided in the table below. | Non-GAAP EPS that excludes items listed below2 | | | $5.47 to $5.57 |,V8_FIVE_RELATION_CORRECTED_NOT_SOURCE_REVIEWED,,,45929c017d4babcfee6268782e87f92edc1ef408ac9e7a347e126abac9cc7196
LIN,0001707925,0001654954-21-008345,2021-07-30T11:30:25.000Z,lin_ex991.htm,https://www.sec.gov/Archives/edgar/data/1707925/000165495421008345/lin_ex991.htm,b60cb6eb799f43358e95dcbba3e0c9297cdf7db829a39832f5fcfd4f23f3bffb,EPS,FY2021,NON_GAAP,NOT_APPLICABLE,USD_PER_SHARE,10.1,10.3,10.2,CURRENT_GUIDANCE_RANGE,AS_REPORTED,NARRATIVE_CLAUSE,50,CURRENT_CANDIDATE,CURRENT_GUIDANCE_RANGE,,,,,,"Increased full-year 2021 adjusted EPS guidance to $10.10 - $10.30, representing 23% to 25% growth year-over-year",V8_FIVE_RELATION_CORRECTED_NOT_SOURCE_REVIEWED,/html/body/document/type/sequence/filename/description/text/table[2]/tr[9]/td[3]/p,HTML_P,d07ef459c61c69ae9532f1d1331c021f559adb2d4a373dc841f20bda623616bc
LIN,0001707925,0001654954-21-008345,2021-07-30T11:30:25.000Z,lin_ex991.htm,https://www.sec.gov/Archives/edgar/data/1707925/000165495421008345/lin_ex991.htm,b60cb6eb799f43358e95dcbba3e0c9297cdf7db829a39832f5fcfd4f23f3bffb,EPS,FY2021,NON_GAAP,NOT_APPLICABLE,USD_PER_SHARE,10.1,10.3,10.2,CURRENT_GUIDANCE_RANGE,AS_REPORTED,NARRATIVE_CLAUSE,115,CURRENT_CANDIDATE,CURRENT_GUIDANCE_RANGE,,,,,,"For full year 2021, the company has updated its adjusted diluted earnings per share guidance to be in the range of $10.10 to $10.30, up 38% to 40% versus 2019 and 23% to 25% versus prior year.",V8_FIVE_RELATION_CORRECTED_NOT_SOURCE_REVIEWED,/html/body/document/type/sequence/filename/description/text/p[31],HTML_P,81fb2b5488950195203317d834fa64dc09ac989bdfc4feda823ab9d24c979280
CRM,0001108524,0001193125-21-280079,2021-09-23T11:43:31.000Z,d228337dex991.htm,https://www.sec.gov/Archives/edgar/data/1108524/000119312521280079/d228337dex991.htm,e325ef58c8bf7a587f7df3b2cf372e79a151183b97fb0da120292441346b0cce,MARGIN,FY2023,GAAP,NOT_APPLICABLE,PERCENT,3,3.5,3.25,CURRENT_GUIDANCE_RANGE,AS_REPORTED,HTML_TABLE_GRID,1,CURRENT_CANDIDATE,CURRENT_GUIDANCE_RANGE,3,2,2,GAAP Operating Margin (1),Fiscal Year 2023 Guidance,"• Initiates FY23 GAAP operating margin guidance of 3.0% to 3.5% and non-GAAP operating margin guidance of 20.0%. | Salesforce will hold its annual Investor Day presentation today, Thursday, Sept. 23 beginning at 8:00 am (PT) / 11:00 am (ET). The live broadcast and on-demand replay will be available at www.salesforce.com/investorday2021 and at www.salesforce.com/investor. An investor presentation accompanying the program, including information regarding the Company’s financial performance, guidance, market opportunity, competitive position and economic model, will also be made available at www.salesforce.com/investor at approximately 12:00 p.m. PT on Sept. 23, 2021. | The following is a reconciliation of GAAP operating margin guidance to non-GAAP operating margin guidance for the full year: | GAAP Operating Margin (1) | | ~3.0% - 3.5%",V8_FIVE_RELATION_CORRECTED_NOT_SOURCE_REVIEWED,,,d6a1402df5aefcfe5bc94971f115cc4d4ec37b9a397f7a1d9e4654bd783a43cb
MRK,0000310158,0001104659-21-130675,2021-10-28T10:40:29.000Z,tm2131077d1_ex99-1.htm,https://www.sec.gov/Archives/edgar/data/310158/000110465921130675/tm2131077d1_ex99-1.htm,5be0cebabebaae8f8a6ae5d80a1fcb4e69a1adb593a042e5e0077dcba48f2225,EPS,FY2021,GAAP,NOT_APPLICABLE,USD_PER_SHARE,4.71,4.76,4.735,CURRENT_GUIDANCE_RANGE,AS_REPORTED,HTML_TABLE_GRID,0,CURRENT_CANDIDATE,CURRENT_GUIDANCE_RANGE,24,1,3,GAAP EPS,Full-Year 2021,*The company does not have any non-GAAP adjustments to revenue. | **EPS guidance for 2021 assumes a share count (assuming dilution) of approximately 2.54 billion shares. | A reconciliation of anticipated 2021 GAAP EPS to non-GAAP EPS and the items excluded from non-GAAP EPS are provided in the table below. | GAAP EPS | | | $4.71 to $4.76 |,V8_FIVE_RELATION_CORRECTED_NOT_SOURCE_REVIEWED,,,95f9ea87c212f335dc0179378a122881d14efb7856ebe3b2e593da02eaac6b1e
MRK,0000310158,0001104659-21-130675,2021-10-28T10:40:29.000Z,tm2131077d1_ex99-1.htm,https://www.sec.gov/Archives/edgar/data/310158/000110465921130675/tm2131077d1_ex99-1.htm,5be0cebabebaae8f8a6ae5d80a1fcb4e69a1adb593a042e5e0077dcba48f2225,EPS,FY2021,GAAP,NOT_APPLICABLE,USD_PER_SHARE,5.65,5.7,5.675,CURRENT_GUIDANCE_RANGE,AS_REPORTED,HTML_TABLE_GRID,0,CURRENT_CANDIDATE,CURRENT_GUIDANCE_RANGE,24,3,3,Non-GAAP EPS that excludes items listed below2,Full-Year 2021 | $4.71 to $4.76 | 0.94,*The company does not have any non-GAAP adjustments to revenue. | **EPS guidance for 2021 assumes a share count (assuming dilution) of approximately 2.54 billion shares. | A reconciliation of anticipated 2021 GAAP EPS to non-GAAP EPS and the items excluded from non-GAAP EPS are provided in the table below. | Non-GAAP EPS that excludes items listed below2 | | | $5.65 to $5.70 |,V8_FIVE_RELATION_CORRECTED_NOT_SOURCE_REVIEWED,,,95f9ea87c212f335dc0179378a122881d14efb7856ebe3b2e593da02eaac6b1e
LIN,0001707925,0001654954-21-011422,2021-10-28T10:48:28.000Z,lin_ex991.htm,https://www.sec.gov/Archives/edgar/data/1707925/000165495421011422/lin_ex991.htm,515f87fdd8f1c9e781b2e938d45a781c9ce0e2c422112a05d42644232e01e757,EPS,FY2021,NON_GAAP,NOT_APPLICABLE,USD_PER_SHARE,10.52,10.62,10.57,CURRENT_GUIDANCE_RANGE,AS_REPORTED,NARRATIVE_CLAUSE,50,CURRENT_CANDIDATE,CURRENT_GUIDANCE_RANGE,,,,,,"Increased full-year 2021 adjusted EPS guidance to $10.52 - $10.62, representing 28% to 29% growth",V8_FIVE_RELATION_CORRECTED_NOT_SOURCE_REVIEWED,/html/body/document/type/sequence/filename/description/text/table[2]/tr[6]/td[3]/p,HTML_P,b7adaab51b00d541fd979a1b028cc7cf6f111cc57a533e0af745dd80d10938d1
LIN,0001707925,0001654954-21-011422,2021-10-28T10:48:28.000Z,lin_ex991.htm,https://www.sec.gov/Archives/edgar/data/1707925/000165495421011422/lin_ex991.htm,515f87fdd8f1c9e781b2e938d45a781c9ce0e2c422112a05d42644232e01e757,EPS,FY2021,NON_GAAP,NOT_APPLICABLE,USD_PER_SHARE,10.52,10.62,10.57,CURRENT_GUIDANCE_RANGE,AS_REPORTED,NARRATIVE_CLAUSE,115,CURRENT_CANDIDATE,CURRENT_GUIDANCE_RANGE,,,,,,"For full year 2021, the company has updated its adjusted diluted earnings per share guidance to be in the range of $10.52 to $10.62, up 43% to 45% versus 2019 and 28% to 29% versus prior year.",V8_FIVE_RELATION_CORRECTED_NOT_SOURCE_REVIEWED,/html/body/document/type/sequence/filename/description/text/p[28],HTML_P,cf8261d4005263b566ddf979fac26db5894511f04b2fe2133ea8096389955dc8
MRK,0000310158,0001104659-22-011130,2022-02-03T11:39:53.000Z,tm222755d1_ex99-1.htm,https://www.sec.gov/Archives/edgar/data/310158/000110465922011130/tm222755d1_ex99-1.htm,ca171cd681b047c4ae564c0c7f566f9d5be689927603c4bac1dc324fd3dceb00,EPS,FY2022,GAAP,NOT_APPLICABLE,USD_PER_SHARE,5.76,5.91,5.835,CURRENT_GUIDANCE_RANGE,AS_REPORTED,HTML_TABLE_GRID,0,CURRENT_CANDIDATE,CURRENT_GUIDANCE_RANGE,49,1,3,GAAP EPS,Full-Year 2022,*The company does not have any non-GAAP adjustments to revenue. | **EPS guidance for 2022 assumes a share count (assuming dilution) of approximately 2.53 billion shares. | A reconciliation of anticipated 2022 GAAP EPS to non-GAAP EPS and the items excluded from non-GAAP EPS are provided in the table below. | GAAP EPS | | | $5.76 to $5.91 |,V8_FIVE_RELATION_CORRECTED_NOT_SOURCE_REVIEWED,,,a241d427795314b03ffcc64566908b5e6fdbc278cc2b2424a42d087faa333c4b
MRK,0000310158,0001104659-22-011130,2022-02-03T11:39:53.000Z,tm222755d1_ex99-1.htm,https://www.sec.gov/Archives/edgar/data/310158/000110465922011130/tm222755d1_ex99-1.htm,ca171cd681b047c4ae564c0c7f566f9d5be689927603c4bac1dc324fd3dceb00,EPS,FY2022,GAAP,NOT_APPLICABLE,USD_PER_SHARE,7.12,7.27,7.195,CURRENT_GUIDANCE_RANGE,AS_REPORTED,HTML_TABLE_GRID,0,CURRENT_CANDIDATE,CURRENT_GUIDANCE_RANGE,49,3,3,Non-GAAP EPS that excludes items listed below2,Full-Year 2022 | $5.76 to $5.91 | 1.36,*The company does not have any non-GAAP adjustments to revenue. | **EPS guidance for 2022 assumes a share count (assuming dilution) of approximately 2.53 billion shares. | A reconciliation of anticipated 2022 GAAP EPS to non-GAAP EPS and the items excluded from non-GAAP EPS are provided in the table below. | Non-GAAP EPS that excludes items listed below2 | | | $7.12 to $7.27 |,V8_FIVE_RELATION_CORRECTED_NOT_SOURCE_REVIEWED,,,a241d427795314b03ffcc64566908b5e6fdbc278cc2b2424a42d087faa333c4b
OGN,0001821825,0001104659-22-024496,2022-02-17T13:04:13.000Z,tm227000d1_ex99-1.htm,https://www.sec.gov/Archives/edgar/data/1821825/000110465922024496/tm227000d1_ex99-1.htm,39e8de65259c987ce7264ba59a364f23e4ccbf9ad1f09e69454325d9abfe85c9,MARGIN,FY2022,NON_GAAP,NOT_APPLICABLE,PERCENT,34,36,35,CURRENT_GUIDANCE_RANGE,AS_REPORTED,HTML_TABLE_GRID,0,CURRENT_CANDIDATE,CURRENT_GUIDANCE_RANGE,10,5,2,Adjusted EBITDA margin,Guidance | $6.1B - $6.4B | Mid 60% | Mid 20% | Mid to upper single digit,"Full year guidance – all guidance provided on a Non-GAAP basis | Organon does not provide GAAP financial measures (other than revenue) on a forward-looking basis because the company is unable to predict with reasonable certainty and without unreasonable effort, items such as, the ultimate outcome of legal proceedings, unusual gains and losses, and acquisition-related expenses. These items are uncertain, depend on various factors, and could be material to Organon’s results computed in accordance with GAAP. | The company provided financial guidance for full year 2022, which is presented on a non-GAAP basis. | Adjusted EBITDA margin | | 34%-36%",V8_FIVE_RELATION_CORRECTED_NOT_SOURCE_REVIEWED,,,e02b186de40eded91ef943b56028eba4b1d9810bc1557b0846c877e2d97a5a55
MRK,0000310158,0001104659-22-051588,2022-04-28T10:35:40.000Z,tm2213615d1_ex99-1.htm,https://www.sec.gov/Archives/edgar/data/310158/000110465922051588/tm2213615d1_ex99-1.htm,a54111ed0555a80d8386dacace4fa2f8a0903cd2571747e6d62216bf68bf521d,EPS,FY2022,GAAP,NOT_APPLICABLE,USD_PER_SHARE,5.9,6.02,5.96,CURRENT_GUIDANCE_RANGE,AS_REPORTED,HTML_TABLE_GRID,0,CURRENT_CANDIDATE,CURRENT_GUIDANCE_RANGE,38,1,3,GAAP EPS,Full-Year 2022,*The company does not have any non-GAAP adjustments to sales. | **EPS guidance for 2022 assumes a share count (assuming dilution) of approximately 2.53 billion shares. | A reconciliation of anticipated full-year 2022 GAAP EPS to non-GAAP EPS and the items excluded from non-GAAP EPS are provided in the table below. | GAAP EPS | | | $5.90 to $6.02 |,V8_FIVE_RELATION_CORRECTED_NOT_SOURCE_REVIEWED,,,b755f9378b2947ae50bef0bda13bef7947f592abb81442052b3fa7c6804f2b38
MRK,0000310158,0001104659-22-051588,2022-04-28T10:35:40.000Z,tm2213615d1_ex99-1.htm,https://www.sec.gov/Archives/edgar/data/310158/000110465922051588/tm2213615d1_ex99-1.htm,a54111ed0555a80d8386dacace4fa2f8a0903cd2571747e6d62216bf68bf521d,EPS,FY2022,GAAP,NOT_APPLICABLE,USD_PER_SHARE,7.24,7.36,7.3,CURRENT_GUIDANCE_RANGE,AS_REPORTED,HTML_TABLE_GRID,0,CURRENT_CANDIDATE,CURRENT_GUIDANCE_RANGE,38,3,3,Non-GAAP EPS that excludes items listed below2,Full-Year 2022 | $5.90 to $6.02 | 1.34,*The company does not have any non-GAAP adjustments to sales. | **EPS guidance for 2022 assumes a share count (assuming dilution) of approximately 2.53 billion shares. | A reconciliation of anticipated full-year 2022 GAAP EPS to non-GAAP EPS and the items excluded from non-GAAP EPS are provided in the table below. | Non-GAAP EPS that excludes items listed below2 | | | $7.24 to $7.36 |,V8_FIVE_RELATION_CORRECTED_NOT_SOURCE_REVIEWED,,,b755f9378b2947ae50bef0bda13bef7947f592abb81442052b3fa7c6804f2b38
LIN,0001707925,0001654954-22-005503,2022-04-28T11:18:25.000Z,lin_ex991.htm,https://www.sec.gov/Archives/edgar/data/1707925/000165495422005503/lin_ex991.htm,3bd61cf3cf867a8853b0ad8cb6eb46be1fd80e38d1137f29ff1bf61e803d00ec,EPS,FY2022,NON_GAAP,NOT_APPLICABLE,USD_PER_SHARE,11.65,11.9,11.775,CURRENT_GUIDANCE_RANGE,AS_REPORTED,NARRATIVE_CLAUSE,50,CURRENT_CANDIDATE,CURRENT_GUIDANCE_RANGE,,,,,,"Increased full-year 2022 adjusted EPS guidance to $11.65 - $11.90, represents 9% to 11% growth year-over-year",V8_FIVE_RELATION_CORRECTED_NOT_SOURCE_REVIEWED,/html/body/document/type/sequence/filename/description/text/table[2]/tr[5]/td[3]/p,HTML_P,1932072e33863f70e7f5a73c2d12e256df6f9d5e41979d493e7650e67efc0b10
WAT,0001000697,0001193125-22-137552,2022-05-03T11:00:55.000Z,d356124dex991.htm,https://www.sec.gov/Archives/edgar/data/1000697/000119312522137552/d356124dex991.htm,f1ff0a53eabee7f3a6a5352d79a9005a479c8c460123328bedbf31a3c31b8201,EPS,FY2022,GAAP,NOT_APPLICABLE,USD_PER_SHARE,11.9,12.1,12,CURRENT_GUIDANCE_RANGE,AS_REPORTED,NARRATIVE_CLAUSE,322,CURRENT_CANDIDATE,CURRENT_GUIDANCE_RANGE,,,,,,also raising its full-year 2022 non-GAAP EPS guidance to the range of $11.90 to $12.10. Please refer to the tables below for a reconciliation of the projected GAAP to,V8_FIVE_RELATION_CORRECTED_NOT_SOURCE_REVIEWED,/html/body/document/type/sequence/filename/description/text/center[2]/div/p[7],HTML_P,b01c592b6eb7c17923ea4d87dcd651a3a4971ebfff8776443add684ee3be2cab
OGN,0001821825,0001104659-22-056278,2022-05-05T15:53:34.000Z,tm2214364d1_ex99-1.htm,https://www.sec.gov/Archives/edgar/data/1821825/000110465922056278/tm2214364d1_ex99-1.htm,cb8bd6c8507f0adcdafea86fcc2abd7b1a348882ed5f7299fad2e8c0b4c60581,MARGIN,FY2022,NON_GAAP,NOT_APPLICABLE,PERCENT,34,36,35,CURRENT_GUIDANCE_RANGE,AS_REPORTED,HTML_TABLE_GRID,0,CURRENT_CANDIDATE,CURRENT_GUIDANCE_RANGE,8,5,2,Adjusted EBITDA margin,Previous guidance | $6.1B - $6.4B | Mid 60% | Mid 20% | Mid to upper single digit,"4 | Organon's financial guidance does not assume an estimate for future in-process research and development for business development transactions not yet executed. | The company affirmed the full year 2022 financial guidance previously provided on February 17, 2022, which is presented on a non-GAAP basis. | Adjusted EBITDA margin | | 34%-36% | | Unchanged",V8_FIVE_RELATION_CORRECTED_NOT_SOURCE_REVIEWED,,,37116114e708332923f019743223e80e24743816f421a0df254ac2270b00eb70
TER,0000097210,0001193125-22-202564,2022-07-27T10:06:05.000Z,d385456dex991.htm,https://www.sec.gov/Archives/edgar/data/97210/000119312522202564/d385456dex991.htm,e480fda327f39a2764068d673dff41e92192d01f422392c3fefeb67b539b29fa,REVENUE,Q3-2022,UNSPECIFIED,NOT_APPLICABLE,USD,760000000,840000000,800000000,CURRENT_GUIDANCE_RANGE,AS_REPORTED,NARRATIVE_CLAUSE,53,CURRENT_CANDIDATE,CURRENT_GUIDANCE_RANGE,,,,,,"Guidance for the third quarter of 2022 is revenue of $760 million to $840 million,",V8_FIVE_RELATION_CORRECTED_NOT_SOURCE_REVIEWED,/html/body/document/type/sequence/filename/description/text/center[1]/div/p[10],HTML_P,f9d464d36ed0ff25b6d36e5990eee8494cb3a81b596bd1df2022c7124908b9ae
LW,0001679273,0001558370-22-011106,2022-07-27T12:40:20.000Z,lw-20220727xex99d1.htm,https://www.sec.gov/Archives/edgar/data/1679273/000155837022011106/lw-20220727xex99d1.htm,5fbe4c3181cab41a0fe567308a79241ffd12140f75b2180a0dbd182b75b7cbb2,CAPEX,FY2023,NOT_APPLICABLE,NOT_APPLICABLE,USD,475000000,525000000,500000000,CURRENT_GUIDANCE_RANGE,AS_REPORTED,HTML_TABLE_GRID,0,CURRENT_CANDIDATE,CURRENT_GUIDANCE_RANGE,29,24,1,Cash used for capital expenditures,​ | FY 2023 Outlook Summary | $4.7 billion to $4.8 billion | $360 million to $410 million | $2.45 to $2.85 | $840 million to $910 million | Approximately $115 million | Approximately $210 million | Approximately 24%,| Cash used for capital expenditures | $475 million to $525 million,V8_FIVE_RELATION_CORRECTED_NOT_SOURCE_REVIEWED,,,930acd6a32665dada6429a412bac33e5be6a3ea83d5c8e2cd841c9255b27aeec
LW,0001679273,0001558370-22-011106,2022-07-27T12:40:20.000Z,lw-20220727xex99d1.htm,https://www.sec.gov/Archives/edgar/data/1679273/000155837022011106/lw-20220727xex99d1.htm,5fbe4c3181cab41a0fe567308a79241ffd12140f75b2180a0dbd182b75b7cbb2,EPS,FY2023,UNSPECIFIED,NOT_APPLICABLE,USD_PER_SHARE,2.45,2.85,2.65,CURRENT_GUIDANCE_RANGE,AS_REPORTED,HTML_TABLE_GRID,0,CURRENT_CANDIDATE,CURRENT_GUIDANCE_RANGE,29,9,1,Diluted Earnings Per Share,​ | FY 2023 Outlook Summary | $4.7 billion to $4.8 billion | $360 million to $410 million,| Diluted Earnings Per Share | $2.45 to $2.85,V8_FIVE_RELATION_CORRECTED_NOT_SOURCE_REVIEWED,,,716ffef25b265b750b57d3cd0a56546ea36768e28f56a764558e1bcf75f19844
LW,0001679273,0001558370-22-011106,2022-07-27T12:40:20.000Z,lw-20220727xex99d1.htm,https://www.sec.gov/Archives/edgar/data/1679273/000155837022011106/lw-20220727xex99d1.htm,5fbe4c3181cab41a0fe567308a79241ffd12140f75b2180a0dbd182b75b7cbb2,REVENUE,FY2023,UNSPECIFIED,NOT_APPLICABLE,USD,4700000000,4800000000,4750000000,CURRENT_GUIDANCE_RANGE,AS_REPORTED,HTML_TABLE_GRID,0,CURRENT_CANDIDATE,CURRENT_GUIDANCE_RANGE,29,3,1,Net Sales,​ | FY 2023 Outlook Summary,| Net Sales | $4.7 billion to $4.8 billion,V8_FIVE_RELATION_CORRECTED_NOT_SOURCE_REVIEWED,,,b94edcd61bc2f2082547b92a61517c697c4a1b0bdee608e015ec3ca195503f3a
MRK,0000310158,0001104659-22-083410,2022-07-28T10:36:26.000Z,tm2221828d1_ex99-1.htm,https://www.sec.gov/Archives/edgar/data/310158/000110465922083410/tm2221828d1_ex99-1.htm,5f3ddba319bb6058dd8edb9a609cc414e5343175e3e6b293657501eee7cd3eeb,EPS,FY2022,GAAP,NOT_APPLICABLE,USD_PER_SHARE,5.89,5.99,5.94,CURRENT_GUIDANCE_RANGE,AS_REPORTED,HTML_TABLE_GRID,0,CURRENT_CANDIDATE,CURRENT_GUIDANCE_RANGE,31,1,3,GAAP EPS,Full-Year 2022,*The company does not have any non-GAAP adjustments to sales. | **EPS guidance for 2022 assumes a share count (assuming dilution) of approximately 2.54 billion shares. | A reconciliation of anticipated 2022 GAAP EPS to non-GAAP EPS and the items excluded from non-GAAP EPS are provided in the table below. | GAAP EPS | | | $5.89 to $5.99 |,V8_FIVE_RELATION_CORRECTED_NOT_SOURCE_REVIEWED,,,ccb033c0f1210fd7b5493b0818e96822314fc43baf6dcc45f878289113121225
MRK,0000310158,0001104659-22-083410,2022-07-28T10:36:26.000Z,tm2221828d1_ex99-1.htm,https://www.sec.gov/Archives/edgar/data/310158/000110465922083410/tm2221828d1_ex99-1.htm,5f3ddba319bb6058dd8edb9a609cc414e5343175e3e6b293657501eee7cd3eeb,EPS,FY2022,GAAP,NOT_APPLICABLE,USD_PER_SHARE,7.25,7.35,7.3,CURRENT_GUIDANCE_RANGE,AS_REPORTED,HTML_TABLE_GRID,0,CURRENT_CANDIDATE,CURRENT_GUIDANCE_RANGE,31,3,3,Non-GAAP EPS that excludes items listed below2,Full-Year 2022 | $5.89 to $5.99 | 1.36,*The company does not have any non-GAAP adjustments to sales. | **EPS guidance for 2022 assumes a share count (assuming dilution) of approximately 2.54 billion shares. | A reconciliation of anticipated 2022 GAAP EPS to non-GAAP EPS and the items excluded from non-GAAP EPS are provided in the table below. | Non-GAAP EPS that excludes items listed below2 | | | $7.25 to $7.35 |,V8_FIVE_RELATION_CORRECTED_NOT_SOURCE_REVIEWED,,,ccb033c0f1210fd7b5493b0818e96822314fc43baf6dcc45f878289113121225
ZBH,0001136869,0000950170-22-013732,2022-08-02T10:30:38.000Z,zbh-ex99_1.htm,https://www.sec.gov/Archives/edgar/data/1136869/000095017022013732/zbh-ex99_1.htm,09bf2ee74be102ea096559ffca28316cb09c6f21d8ba10fa5e43a4e387d918a4,EPS,FY2022,NON_GAAP,NOT_APPLICABLE,USD_PER_SHARE,6.7,6.9,6.8,CURRENT_GUIDANCE_RANGE,AS_REPORTED,HTML_TABLE_GRID,0,CURRENT_CANDIDATE,CURRENT_GUIDANCE_RANGE,4,7,2,Adjusted Diluted EPS from Continuing Operations(1),"Projected Year Ending December 31, 2022 | Updated Guidance | (1.0)% - 1.0% | (5.0)% | 26.75% - 27.75% | 16.0% - 16.5%","Page 3 of 22 | Financial Guidance | The Company is updating its full-year 2022 financial guidance to raise its previous projected ranges for revenue growth, foreign currency exchange impact, adjusted operating profit margin and adjusted diluted EPS from continuing operations: | Adjusted Diluted EPS from Continuing Operations(1) | $6.65 - $6.85 | $6.70 - $6.90",V8_FIVE_RELATION_CORRECTED_NOT_SOURCE_REVIEWED,,,6304ed01a40243e0fd08c074d04d1bd2a99ca971f2c67e9d58cc339fc429c475
OGN,0001821825,0001104659-22-085887,2022-08-04T11:55:31.000Z,tm2222382d1_ex99-1.htm,https://www.sec.gov/Archives/edgar/data/1821825/000110465922085887/tm2222382d1_ex99-1.htm,6ca73b2bbf72fd0054a31adcf8ea7203660f9208cce58c0d157402c1e19065d9,MARGIN,FY2022,NON_GAAP,NOT_APPLICABLE,PERCENT,32,34,33,CURRENT_GUIDANCE_RANGE,AS_REPORTED,HTML_TABLE_GRID,0,CURRENT_CANDIDATE,CURRENT_GUIDANCE_RANGE,10,5,8,Adjusted EBITDA margin,Current guidance | $6.1B - $6.3B | Unchanged | Upper single-digit,"Full year guidance | Organon does not provide GAAP financial measures on a forward-looking basis because the company cannot predict with reasonable certainty and without unreasonable effort, the ultimate outcome of legal proceedings, unusual gains and losses, the occurrence of matters creating GAAP tax impacts, and acquisition-related expenses. These items are uncertain, depend on various factors, and could be material to Organon’s results computed in accordance with GAAP. | The company is updating its full year 2022 guidance ranges previously provided on May 5, 2022. The range for full year 2022 revenue is narrowed to $6.1 billion to $6.3 billion, which reflects persisting foreign exchange headwinds. The range for full year Adjusted EBITDA margin is now 32% to 34% to incorporate approximately $110 million of IPR&D and milestone expenses from business development through August 4, 2022. Organon's financial guidance does not assume an estimate for future IPR&D and milestone payments for business development transactions not yet executed. | Adjusted EBITDA margin | | 34%-36% | | | | ~($110)M | | 32% - 34%",V8_FIVE_RELATION_CORRECTED_NOT_SOURCE_REVIEWED,,,bb64c721a2ae3353417915b01dfb87c8e59b4212a0d7537a64129ee54e4351bc
APP,0001751008,0001193125-22-217369,2022-08-10T20:15:48.000Z,d363851dex992.htm,https://www.sec.gov/Archives/edgar/data/1751008/000119312522217369/d363851dex992.htm,a4ea5f3f05d06e554721cdf56dc2c30200e5b2161ae490dcd11344b4bc6ea15a,MARGIN,FY2022,NON_GAAP,NOT_APPLICABLE,PERCENT,37,40,38.5,CURRENT_GUIDANCE_RANGE,AS_REPORTED,HTML_TABLE_GRID,0,CURRENT_CANDIDATE,CURRENT_GUIDANCE_RANGE,8,10,2,Adjusted EBITDA Margin,Full-Year 2022 | UPDATED | $1.140 - $1.290 Billion | $1.700 - $1.850 Billion | $2.840 - $3.140 Billion | $1.200 Billion,"Updated Financial Outlook | As we reset and optimize the level of investment in the Apps business, we are lowering the revenue outlook for our Apps portfolio, while maintaining our targets for our Software Platform revenue and overall Adjusted EBITDA. | Adjusted EBITDA Margin | | 37% - 40% | | Mid-30s",V8_FIVE_RELATION_CORRECTED_NOT_SOURCE_REVIEWED,,,12665e2bec4d6f5e2e15905dc4dcbba9390036925d6876433d8618eb6263ae96
APP,0001751008,0001193125-22-217369,2022-08-10T20:15:48.000Z,d363851dex992.htm,https://www.sec.gov/Archives/edgar/data/1751008/000119312522217369/d363851dex992.htm,a4ea5f3f05d06e554721cdf56dc2c30200e5b2161ae490dcd11344b4bc6ea15a,REVENUE,FY2022,UNSPECIFIED,NOT_APPLICABLE,USD,2840000000,3140000000,2990000000,CURRENT_GUIDANCE_RANGE,AS_REPORTED,HTML_TABLE_GRID,0,CURRENT_CANDIDATE,CURRENT_GUIDANCE_RANGE,8,6,2,Total Revenue,Full-Year 2022 | UPDATED | $1.140 - $1.290 Billion | $1.700 - $1.850 Billion,"Updated Financial Outlook | As we reset and optimize the level of investment in the Apps business, we are lowering the revenue outlook for our Apps portfolio, while maintaining our targets for our Software Platform revenue and overall Adjusted EBITDA. | Total Revenue | | $2.840 - $3.140 Billion | | $3.140 - $3.440 Billion",V8_FIVE_RELATION_CORRECTED_NOT_SOURCE_REVIEWED,,,3d9d35bd8fba8742650b6aecbd10b0ae1709ea759eb84ea49f5b98ab846fae37
EQR,0000906107,0000950170-22-020025,2022-10-25T20:27:32.000Z,eqr-ex99_1.htm,https://www.sec.gov/Archives/edgar/data/906107/000095017022020025/eqr-ex99_1.htm,574c6384078c816607a390a6ad0e6d75a695836149888e218541d66c496f78c3,EPS,FY2022,UNSPECIFIED,NOT_APPLICABLE,USD_PER_SHARE,2.02,2.04,2.03,CURRENT_GUIDANCE_RANGE,AS_REPORTED,HTML_TABLE_GRID,0,CURRENT_CANDIDATE,CURRENT_GUIDANCE_RANGE,3,8,2,EPS,Revised | Same Store (includes Residential and Non-Residential): | 96.4% | 10.6% | 3.3% | 14.25%,"Table of Contents | Full Year 2022 Guidance | The Company has revised its guidance for its full year 2022 same store operating performance, EPS, FFO per share and Normalized FFO per share as listed below: | EPS | | $2.02 to $2.04 | | $1.98 to $2.08 | | $0.00",V8_FIVE_RELATION_CORRECTED_NOT_SOURCE_REVIEWED,,,ff7a31b9c14b7fba8b9211d688c733d9ba8b925fc67100c5421e445a37c9ed3d
MRK,0000310158,0001104659-22-111729,2022-10-27T10:38:10.000Z,tm2227726d1_ex99-1.htm,https://www.sec.gov/Archives/edgar/data/310158/000110465922111729/tm2227726d1_ex99-1.htm,bb657139a3fd8bcf99733d7161c8398d044f3064c53f38fc779eef4a1a441fd9,EPS,FY2022,GAAP,NOT_APPLICABLE,USD_PER_SHARE,5.68,5.73,5.705,CURRENT_GUIDANCE_RANGE,AS_REPORTED,HTML_TABLE_GRID,0,CURRENT_CANDIDATE,CURRENT_GUIDANCE_RANGE,42,1,2,GAAP EPS,Full-Year 2022,**EPS outlook for 2022 assumes a share count (assuming dilution) of approximately 2.54 billion shares. | - 13 - | A reconciliation of anticipated full-year 2022 GAAP EPS to non-GAAP EPS and the items excluded from non-GAAP EPS are provided in the table below. | GAAP EPS | | $5.68 to $5.73,V8_FIVE_RELATION_CORRECTED_NOT_SOURCE_REVIEWED,,,0827045a3d4ce877b6fab740851a175c39d819f0e85aec3718cd8a8f865f928d
MRK,0000310158,0001104659-22-111729,2022-10-27T10:38:10.000Z,tm2227726d1_ex99-1.htm,https://www.sec.gov/Archives/edgar/data/310158/000110465922111729/tm2227726d1_ex99-1.htm,bb657139a3fd8bcf99733d7161c8398d044f3064c53f38fc779eef4a1a441fd9,EPS,FY2022,GAAP,NOT_APPLICABLE,USD_PER_SHARE,7.32,7.37,7.345,CURRENT_GUIDANCE_RANGE,AS_REPORTED,HTML_TABLE_GRID,0,CURRENT_CANDIDATE,CURRENT_GUIDANCE_RANGE,42,3,2,Non-GAAP EPS that excludes items listed below2,Full-Year 2022 | $5.68 to $5.73 | $1.64,**EPS outlook for 2022 assumes a share count (assuming dilution) of approximately 2.54 billion shares. | - 13 - | A reconciliation of anticipated full-year 2022 GAAP EPS to non-GAAP EPS and the items excluded from non-GAAP EPS are provided in the table below. | Non-GAAP EPS that excludes items listed below2 | | $7.32 to $7.37,V8_FIVE_RELATION_CORRECTED_NOT_SOURCE_REVIEWED,,,0827045a3d4ce877b6fab740851a175c39d819f0e85aec3718cd8a8f865f928d
LII,0001069202,0001193125-22-270358,2022-10-27T11:41:33.000Z,d390826dex991.htm,https://www.sec.gov/Archives/edgar/data/1069202/000119312522270358/d390826dex991.htm,56be65584c372f40224119d1745a1dcb9e29acd183f0efb344f396677e403a2a,EPS,FY2022,UNSPECIFIED,NOT_APPLICABLE,USD_PER_SHARE,13.8,14.2,14,CURRENT_GUIDANCE_RANGE,AS_REPORTED,NARRATIVE_CLAUSE,366,CURRENT_CANDIDATE,CURRENT_GUIDANCE_RANGE,,,,,,narrowing full-year 2022 EPS guidance from $13.80-$14.50 to a range of $13.80-$14.20 given ongoing supply chain inefficiencies.”,V8_FIVE_RELATION_CORRECTED_NOT_SOURCE_REVIEWED,/html/body/document/type/sequence/filename/description/text/center[1]/div/p[17],HTML_P,d7d66cb31eaa9edea135cce1effad2e0d6b05909f1160433ef6ba418228c4372
ZBH,0001136869,0000950170-22-020960,2022-11-02T10:31:04.000Z,zbh-ex99_1.htm,https://www.sec.gov/Archives/edgar/data/1136869/000095017022020960/zbh-ex99_1.htm,f8f536a75e126599e2824a09d91c4d37773e1c3ca2c3885ff46df6b65ea356a2,EPS,FY2022,NON_GAAP,NOT_APPLICABLE,USD_PER_SHARE,6.8,6.9,6.85,CURRENT_GUIDANCE_RANGE,AS_REPORTED,HTML_TABLE_GRID,0,CURRENT_CANDIDATE,CURRENT_GUIDANCE_RANGE,4,7,2,Adjusted Diluted EPS from Continuing Operations(1),"Projected Year Ending December 31, 2022 | Updated Guidance | 0% - 1.0% | (5.5)% | 26.75% - 27.75% | 16.0% - 16.5%","Page 3 of 23 | Financial Guidance | The Company is updating its full-year 2022 financial guidance to raise or tighten its previous projected ranges for revenue growth, foreign currency exchange impact, and adjusted diluted EPS from continuing operations: | Adjusted Diluted EPS from Continuing Operations(1) | $6.70 - $6.90 | $6.80 - $6.90",V8_FIVE_RELATION_CORRECTED_NOT_SOURCE_REVIEWED,,,a6b3c925e6c8f60074b3e139846e77824d04e48be385bd4878315a95cb1ea6d8
TER,0000097210,0001193125-23-015618,2023-01-26T11:05:02.000Z,d433401dex991.htm,https://www.sec.gov/Archives/edgar/data/97210/000119312523015618/d433401dex991.htm,1e9053261855b038b4e03d567be99e8345612329ab954fd7be490338b0553b59,REVENUE,Q1-2023,UNSPECIFIED,NOT_APPLICABLE,USD,550000000,630000000,590000000,CURRENT_GUIDANCE_RANGE,AS_REPORTED,NARRATIVE_CLAUSE,53,CURRENT_CANDIDATE,CURRENT_GUIDANCE_RANGE,,,,,,"Guidance for the first quarter of 2023 is revenue of $550 million to $630 million, with GAAP net",V8_FIVE_RELATION_CORRECTED_NOT_SOURCE_REVIEWED,/html/body/document/type/sequence/filename/description/text/center[2]/div/p[3],HTML_P,b38d7ac30c5870533aa0691b0d4784aaccc74a33612bc2cb850fedd71ca40e73
MRK,0000310158,0001104659-23-009552,2023-02-02T11:42:34.000Z,tm235007d1_ex99-1.htm,https://www.sec.gov/Archives/edgar/data/310158/000110465923009552/tm235007d1_ex99-1.htm,c45329f7245353fd55d2fd881eff8d7697f35a13a3fd43a953016d7570fa71af,EPS,FY2023,GAAP,NOT_APPLICABLE,USD_PER_SHARE,5.86,6.01,5.935,CURRENT_GUIDANCE_RANGE,AS_REPORTED,HTML_TABLE_GRID,0,CURRENT_CANDIDATE,CURRENT_GUIDANCE_RANGE,42,1,2,GAAP EPS,Full Year 2023,"Operating expenses include incremental R&D spending to advance the development of the Imago and Kelun-Biotech programs, as well as other promising programs related to the collaboration and licensing agreements with Moderna, Orna and Orion. | The financial outlook does not assume additional significant potential business development transactions. | A reconciliation of anticipated 2023 GAAP EPS to non-GAAP EPS and the items excluded from non-GAAP EPS are provided in the table below. | GAAP EPS | | $5.86 to $6.01 |",V8_FIVE_RELATION_CORRECTED_NOT_SOURCE_REVIEWED,,,a5d6faf007e8e9e00d33c532287358d6e73e5e4962dcfea61e41d31b9549c8b2
MRK,0000310158,0001104659-23-009552,2023-02-02T11:42:34.000Z,tm235007d1_ex99-1.htm,https://www.sec.gov/Archives/edgar/data/310158/000110465923009552/tm235007d1_ex99-1.htm,c45329f7245353fd55d2fd881eff8d7697f35a13a3fd43a953016d7570fa71af,EPS,FY2023,GAAP,NOT_APPLICABLE,USD_PER_SHARE,6.8,6.95,6.875,CURRENT_GUIDANCE_RANGE,AS_REPORTED,HTML_TABLE_GRID,0,CURRENT_CANDIDATE,CURRENT_GUIDANCE_RANGE,42,3,2,Non-GAAP EPS that excludes items listed below2,Full Year 2023 | $5.86 to $6.01 | $0.94,"Operating expenses include incremental R&D spending to advance the development of the Imago and Kelun-Biotech programs, as well as other promising programs related to the collaboration and licensing agreements with Moderna, Orna and Orion. | The financial outlook does not assume additional significant potential business development transactions. | A reconciliation of anticipated 2023 GAAP EPS to non-GAAP EPS and the items excluded from non-GAAP EPS are provided in the table below. | Non-GAAP EPS that excludes items listed below2 | | $6.80 to $6.95 |",V8_FIVE_RELATION_CORRECTED_NOT_SOURCE_REVIEWED,,,a5d6faf007e8e9e00d33c532287358d6e73e5e4962dcfea61e41d31b9549c8b2
APP,0001751008,0001193125-23-028420,2023-02-08T21:16:01.000Z,d240605dex992.htm,https://www.sec.gov/Archives/edgar/data/1751008/000119312523028420/d240605dex992.htm,670505d539715fdcb2bcc068e79222a5ece50a776d17e8a6522f1f894b8d710f,REVENUE,Q1-2023,UNSPECIFIED,NOT_APPLICABLE,USD,685000000,705000000,695000000,CURRENT_GUIDANCE_RANGE,AS_REPORTED,NARRATIVE_CLAUSE,2256,CURRENT_CANDIDATE,CURRENT_GUIDANCE_RANGE,,,,,,"For the first quarter of 2023, we expect consistent performance to our fourth quarter of 2022 with total revenue of $685 to $705 million, Adjusted EBITDA of $250 to $270 million, and an Adjusted EBITDA",V8_FIVE_RELATION_CORRECTED_NOT_SOURCE_REVIEWED,/html/body/document/type/sequence/filename/description/text/center[2]/div/p[2],HTML_P,c5b0e4969cd3284fb375f5f4a97a01b687ae035892a2fd8fc6ef155ceb23ebf0
EQR,0000906107,0000950170-23-002373,2023-02-09T21:36:37.000Z,eqr-ex99_1.htm,https://www.sec.gov/Archives/edgar/data/906107/000095017023002373/eqr-ex99_1.htm,546e0d5e7930877ca24a88c35d9bb19588526d7e5911aad48b1814171ca3396c,EPS,FY2023,UNSPECIFIED,NOT_APPLICABLE,USD_PER_SHARE,1.49,1.59,1.54,CURRENT_GUIDANCE_RANGE,AS_REPORTED,HTML_TABLE_GRID,0,CURRENT_CANDIDATE,CURRENT_GUIDANCE_RANGE,3,7,2,EPS (2),Same Store (includes Residential and Non-Residential): | 96.2% | 4.5% to 6.0% | 4.0% to 5.0% | 4.75% to 6.25%,"Table of Contents | Full Year 2023 Guidance | The Company has provided guidance for its full year 2023 same store operating performance, EPS, FFO per share and Normalized FFO per share as listed below: | EPS (2) | | $1.49 to $1.59",V8_FIVE_RELATION_CORRECTED_NOT_SOURCE_REVIEWED,,,c50cf3203d53b71e78be9a468972e99537913b082dd0593b9249fafae88ea320
TER,0000097210,0001193125-23-119702,2023-04-27T10:05:02.000Z,d450766dex991.htm,https://www.sec.gov/Archives/edgar/data/97210/000119312523119702/d450766dex991.htm,a3ce87c7390ba03cf7253417bb928c5c0bc604ee989b52c7ee5821b0a969dfd3,REVENUE,Q2-2023,UNSPECIFIED,NOT_APPLICABLE,USD,625000000,685000000,655000000,CURRENT_GUIDANCE_RANGE,AS_REPORTED,NARRATIVE_CLAUSE,54,CURRENT_CANDIDATE,CURRENT_GUIDANCE_RANGE,,,,,,"Guidance for the second quarter of 2023 is revenue of $625 million to $685 million, with GAAP net income of $0.53 to $0.72 per diluted share and non-GAAP net income of $0.55 to $0.74 per diluted share.",V8_FIVE_RELATION_CORRECTED_NOT_SOURCE_REVIEWED,/html/body/document/type/sequence/filename/description/text/center[1]/div/p[9],HTML_P,39f4d5527bd41c24eb04630bef347276786d9b9fdcef5e20cff88d778e54fe7d
ZBH,0001136869,0000950170-23-016423,2023-05-02T10:30:57.000Z,zbh-ex99_1.htm,https://www.sec.gov/Archives/edgar/data/1136869/000095017023016423/zbh-ex99_1.htm,123cf5f4af72eec932831997fcbfd4671d7ed4fde87d5a6e7c3a720f2032d671,EPS,FY2023,NON_GAAP,NOT_APPLICABLE,USD_PER_SHARE,7.4,7.5,7.45,CURRENT_GUIDANCE_RANGE,AS_REPORTED,HTML_TABLE_GRID,0,CURRENT_CANDIDATE,CURRENT_GUIDANCE_RANGE,3,5,2,Adjusted Diluted EPS(1),"Projected Year Ending December 31, 2023 | Updated Guidance | 5.0% - 6.0% | (1.0)%",Page 3 of 19 | Financial Guidance | The Company is providing the following updated full-year 2023 financial guidance: | Adjusted Diluted EPS(1) | $6.95 - $7.15 | $7.40 - $7.50,V8_FIVE_RELATION_CORRECTED_NOT_SOURCE_REVIEWED,,,5a48dfc66adf3431a0de9d685452d29f57ab33efd3640a4f882a69f97e0ed0c0
OGN,0001821825,0001104659-23-055788,2023-05-04T11:50:57.000Z,tm2314412d1_ex99-1.htm,https://www.sec.gov/Archives/edgar/data/1821825/000110465923055788/tm2314412d1_ex99-1.htm,78681625828a3fd8f47d564e5c932b9dd102491bb9d079f6b6c0c56af1d723b3,MARGIN,FY2023,NON_GAAP,NOT_APPLICABLE,PERCENT,31,33,32,CURRENT_GUIDANCE_RANGE,AS_REPORTED,HTML_TABLE_GRID,0,CURRENT_CANDIDATE,CURRENT_GUIDANCE_RANGE,11,5,1,Adjusted EBITDA margin,"Previous guidance as of February 16, 2023 | $6.150 billion - $6.450 billion | Low-mid 60% range | Mid 20% range | Upper single-digit","Organon does not provide GAAP financial measures on a forward-looking basis because the company cannot predict with reasonable certainty and without unreasonable effort, the ultimate outcome of legal proceedings, unusual gains and losses, the occurrence of matters creating GAAP tax impacts, and acquisition-related expenses. These items are uncertain, depend on various factors, and could be material to Organon’s results computed in accordance with GAAP. Organon's financial guidance does not assume an estimate for future in-process research and development for business development transactions not yet executed. | 4 | Full year 2023 financial guidance is presented below on a non-GAAP basis. | Adjusted EBITDA margin | 31.0%-33.0% | Unchanged",V8_FIVE_RELATION_CORRECTED_NOT_SOURCE_REVIEWED,,,90350224298bbe311b55bd7b953fd49774be3307734c648c709b0d8d49266026
LIN,0001707925,0001654954-23-009714,2023-07-27T10:18:41.000Z,lin_ex991.htm,https://www.sec.gov/Archives/edgar/data/1707925/000165495423009714/lin_ex991.htm,22e467c40cf1c3ce046238db68d1627a123911e5dfcd002575254998c4c45088,EPS,FY2023,NON_GAAP,NOT_APPLICABLE,USD_PER_SHARE,13.8,14,13.9,CURRENT_GUIDANCE_RANGE,AS_REPORTED,NARRATIVE_CLAUSE,50,CURRENT_CANDIDATE,CURRENT_GUIDANCE_RANGE,,,,,,"Increased full-year 2023 adjusted EPS guidance to $13.80 - $14.00, represents 12% to 14% growth year-over-year",V8_FIVE_RELATION_CORRECTED_NOT_SOURCE_REVIEWED,/html/body/document/type/sequence/filename/description/text/table[2]/tr[5]/td[3]/p,HTML_P,c070d6574ff495cea0bc99d84bd7d844b518ff74ec147f793bb4713a825ed36a
ZBH,0001136869,0000950170-23-036153,2023-08-01T10:30:50.000Z,zbh-ex99_1.htm,https://www.sec.gov/Archives/edgar/data/1136869/000095017023036153/zbh-ex99_1.htm,62072a4dea29fe37b5e58ea76656d552c65aec03e86d196479bc824fd636b363,EPS,FY2023,NON_GAAP,NOT_APPLICABLE,USD_PER_SHARE,7.47,7.57,7.52,CURRENT_GUIDANCE_RANGE,AS_REPORTED,HTML_TABLE_GRID,0,CURRENT_CANDIDATE,CURRENT_GUIDANCE_RANGE,4,5,2,Adjusted Diluted EPS(1),"Projected Year Ending December 31, 2023 | Updated Guidance | 6.5% - 7.0% | (0.5)%",Page 4 of 23 | Financial Guidance | The Company is providing the following updated full-year 2023 financial guidance: | Adjusted Diluted EPS(1) | $7.40 - $7.50 | $7.47 - $7.57,V8_FIVE_RELATION_CORRECTED_NOT_SOURCE_REVIEWED,,,29968822d333b5a1a52e34ae4f64b3a4a990c613d18d83dbd8e822708c116a79
WAT,0001000697,0001193125-23-201110,2023-08-02T11:00:30.000Z,d454905dex991.htm,https://www.sec.gov/Archives/edgar/data/1000697/000119312523201110/d454905dex991.htm,376af05dcdbd2497878832b2a15e61ce053771384a83236136eb3df5c8c24612,EPS,Q3-2023,GAAP,NOT_APPLICABLE,USD_PER_SHARE,2.5,2.6,2.55,CURRENT_GUIDANCE_RANGE,AS_REPORTED,NARRATIVE_CLAUSE,68,CURRENT_CANDIDATE,CURRENT_GUIDANCE_RANGE,,,,,,"The Company expects third quarter 2023 non-GAAP EPS in the range of $2.50 to $2.60, which includes a neutral",V8_FIVE_RELATION_CORRECTED_NOT_SOURCE_REVIEWED,/html/body/document/type/sequence/filename/description/text/center[3]/div/p[5],HTML_P,8a79de3092c05a0c1ec610917cde3ccb3e27f76b2b046cc6138ca4cd4b5d96b1
OGN,0001821825,0001104659-23-088621,2023-08-08T11:58:21.000Z,tm2322580d1_ex99-1.htm,https://www.sec.gov/Archives/edgar/data/1821825/000110465923088621/tm2322580d1_ex99-1.htm,b9b904eece6bd656ee76c2c4b5f54939a2542b957d1736b57d39152c5a1235ca,MARGIN,FY2023,NON_GAAP,NOT_APPLICABLE,PERCENT,31.5,33,32.25,CURRENT_GUIDANCE_RANGE,AS_REPORTED,HTML_TABLE_GRID,0,CURRENT_CANDIDATE,CURRENT_GUIDANCE_RANGE,17,5,4,Adjusted EBITDA margin,Current guidance | $6.250B-$6.450B | Unchanged,"4 | The company is updating its full year 2023 guidance ranges previously provided on May 4, 2023. The range for full year 2023 revenue is narrowed to $6.25 billion to $6.45 billion, which primarily reflects current foreign currency exchange rates. The range for full year Adjusted EBITDA margin is now 31.5% to 33.0% to incorporate the company's current visibility of IPR&D and milestone expenses expected to be incurred in 2023. Organon's financial guidance does not assume an estimate for future IPR&D and milestone payments for business development transactions not yet executed. | Full year 2023 financial guidance is presented below on a non-GAAP basis. | Adjusted EBITDA margin | | 31.0%-33.0% | | 31.5%-33.0%",V8_FIVE_RELATION_CORRECTED_NOT_SOURCE_REVIEWED,,,912fc95157fe8e352d132627b179d51cd4a8c178d8e5128d53c3d4e4df3e399e
TER,0000097210,0000950170-23-055353,2023-10-26T10:01:11.000Z,ter-ex99_1.htm,https://www.sec.gov/Archives/edgar/data/97210/000095017023055353/ter-ex99_1.htm,07aa51529d301e489320c77fc69255397de52293700ad85c6107e19ee261a633,REVENUE,Q4-2023,UNSPECIFIED,NOT_APPLICABLE,USD,640000000,700000000,670000000,CURRENT_GUIDANCE_RANGE,AS_REPORTED,NARRATIVE_CLAUSE,54,CURRENT_CANDIDATE,CURRENT_GUIDANCE_RANGE,,,,,,"Guidance for the fourth quarter of 2023 is revenue of $640 million to $700 million, with GAAP net income of $0.58 to $0.78 per diluted share and non-GAAP net income of $0.61 to $0.81 per diluted share.",V8_FIVE_RELATION_CORRECTED_NOT_SOURCE_REVIEWED,/html/body/document/type/sequence/filename/description/text/p[8],HTML_P,40fe88dd60b872c33cea8306ceb4c7ba23f54a03b3b67d54a6c4cdc35b2f5e8d
LIN,0001707925,0001654954-23-013397,2023-10-26T10:31:40.000Z,lin_ex991.htm,https://www.sec.gov/Archives/edgar/data/1707925/000165495423013397/lin_ex991.htm,761454ea072510f46b85236e39510c0eded1c55aca947b4605207e88a2631b9f,EPS,FY2023,NON_GAAP,NOT_APPLICABLE,USD_PER_SHARE,14,14.1,14.05,CURRENT_GUIDANCE_RANGE,AS_REPORTED,NARRATIVE_CLAUSE,50,CURRENT_CANDIDATE,CURRENT_GUIDANCE_RANGE,,,,,,"Increased full-year 2023 adjusted EPS guidance to $14.00 - $14.10, representing 14% to 15% growth year-over-year",V8_FIVE_RELATION_CORRECTED_NOT_SOURCE_REVIEWED,/html/body/document/type/sequence/filename/description/text/table[2]/tr[5]/td[3]/p,HTML_P,948eb4d41ac5077a72137699e1dd1605567ce54cc05aa13b70670415cc771b51
NWL,0000814453,0000814453-23-000143,2023-10-27T11:30:26.000Z,exhibit991_q3xseptemberx20.htm,https://www.sec.gov/Archives/edgar/data/814453/000081445323000143/exhibit991_q3xseptemberx20.htm,a46892c3b5951f7980330249b700a3c3da5baf60012e145fa0fe5f284b140a23,EPS,FY2023,NON_GAAP,NOT_APPLICABLE,USD_PER_SHARE,0.72,0.77,0.745,CURRENT_GUIDANCE_RANGE,AS_REPORTED,HTML_TABLE_GRID,0,CURRENT_CANDIDATE,CURRENT_GUIDANCE_RANGE,4,5,6,Normalized EPS | Normalized EPS | Normalized EPS,Updated Full Year 2023 Outlook | $8.02 to $8.09 billion | ~13% decline | 7.0% to 7.3%,| Normalized EPS | Normalized EPS | Normalized EPS | $0.15 to $0.20 | $0.15 to $0.20 | $0.15 to $0.20 | $0.72 to $0.77 | $0.72 to $0.77 | $0.72 to $0.77,V8_FIVE_RELATION_CORRECTED_NOT_SOURCE_REVIEWED,,,2a489b6b52ffcd9f0a106050a7918ba2576a7b15952f39c65c4c7a5deda4a4c9
NWL,0000814453,0000814453-23-000143,2023-10-27T11:30:26.000Z,exhibit991_q3xseptemberx20.htm,https://www.sec.gov/Archives/edgar/data/814453/000081445323000143/exhibit991_q3xseptemberx20.htm,a46892c3b5951f7980330249b700a3c3da5baf60012e145fa0fe5f284b140a23,MARGIN,FY2023,NON_GAAP,NOT_APPLICABLE,PERCENT,7,7.3,7.15,CURRENT_GUIDANCE_RANGE,AS_REPORTED,HTML_TABLE_GRID,0,CURRENT_CANDIDATE,CURRENT_GUIDANCE_RANGE,4,4,6,Normalized Operating Margin | Normalized Operating Margin | Normalized Operating Margin,Updated Full Year 2023 Outlook | $8.02 to $8.09 billion | ~13% decline,| Normalized Operating Margin | Normalized Operating Margin | Normalized Operating Margin | 7.8% to 8.8% | 7.8% to 8.8% | 7.8% to 8.8% | 7.0% to 7.3% | 7.0% to 7.3% | 7.0% to 7.3%,V8_FIVE_RELATION_CORRECTED_NOT_SOURCE_REVIEWED,,,187491be3042b5171e53a2c10455ce65b60025711edeb5ddf39df5d91be4d299
NWL,0000814453,0000814453-23-000143,2023-10-27T11:30:26.000Z,exhibit991_q3xseptemberx20.htm,https://www.sec.gov/Archives/edgar/data/814453/000081445323000143/exhibit991_q3xseptemberx20.htm,a46892c3b5951f7980330249b700a3c3da5baf60012e145fa0fe5f284b140a23,REVENUE,FY2023,UNSPECIFIED,NOT_APPLICABLE,USD,8020000000,8090000000,8055000000,CURRENT_GUIDANCE_RANGE,AS_REPORTED,HTML_TABLE_GRID,0,CURRENT_CANDIDATE,CURRENT_GUIDANCE_RANGE,4,2,6,Net Sales | Net Sales | Net Sales,Updated Full Year 2023 Outlook,| Net Sales | Net Sales | Net Sales | $1.96 to $2.03 billion | $1.96 to $2.03 billion | $1.96 to $2.03 billion | $8.02 to $8.09 billion | $8.02 to $8.09 billion | $8.02 to $8.09 billion,V8_FIVE_RELATION_CORRECTED_NOT_SOURCE_REVIEWED,,,0c196fd099f78e7630c0f53a07d8a39cfc8cd947989bf9faf8b591f33fec7378
EQR,0000906107,0000950170-23-056895,2023-10-31T20:27:44.000Z,eqr-ex99_1.htm,https://www.sec.gov/Archives/edgar/data/906107/000095017023056895/eqr-ex99_1.htm,2d6589309d86d2a2d4374f48936bd2dab1ca49b934090681a7e4349042be0e70,EPS,FY2023,UNSPECIFIED,NOT_APPLICABLE,USD_PER_SHARE,2.2,2.22,2.21,CURRENT_GUIDANCE_RANGE,AS_REPORTED,HTML_TABLE_GRID,0,CURRENT_CANDIDATE,CURRENT_GUIDANCE_RANGE,3,8,2,EPS,Revised | Same Store (includes Residential and Non-Residential): | 95.9% | 5.5% | 4.25% | 6.2%,"than our previous goal. As we think about 2024 operating performance, continued demand from our well-employed renter demographic and limited new supply in most of our markets should lead to another year of solid same store revenue growth.” | Full Year 2023 Guidance | The Company has revised its guidance for its full year 2023 same store operating performance, EPS, FFO per share and Normalized FFO per share as listed below: | EPS | | $2.20 to $2.22 | | $1.95 to $2.01 | | $0.23",V8_FIVE_RELATION_CORRECTED_NOT_SOURCE_REVIEWED,,,88abaeff5b2fe243b506c9b1ffead33e78dd1767f6ddf76608f1bfa107a19919
OGN,0001821825,0001104659-23-113589,2023-11-02T11:38:32.000Z,tm2329655d1_ex99-1.htm,https://www.sec.gov/Archives/edgar/data/1821825/000110465923113589/tm2329655d1_ex99-1.htm,9e75bd3371c5227cb9457c96078c9a4d2bf940c6d048d8880b299c22bf88ac8c,MARGIN,FY2023,NON_GAAP,NOT_APPLICABLE,PERCENT,30.5,31.5,31,CURRENT_GUIDANCE_RANGE,AS_REPORTED,HTML_TABLE_GRID,0,CURRENT_CANDIDATE,CURRENT_GUIDANCE_RANGE,13,5,4,Adjusted EBITDA margin,Current guidance | $6.150B-$6.250B | Low 60% range | Unchanged,"The range for full year Adjusted EBITDA margin is now 30.5% to 31.5% to reflect a lower gross margin stemming from the impacts of foreign exchange on revenue, unfavorable product mix, and the timing of manufacturing costs. Organon's financial guidance does not assume an estimate for future IPR&D and milestone payments for business development transactions not yet executed. | 4 | Full year 2023 financial guidance is presented below on a non-GAAP basis. | Adjusted EBITDA margin | | 31.5%-33.0% | | 30.5%-31.5%",V8_FIVE_RELATION_CORRECTED_NOT_SOURCE_REVIEWED,,,f4c26d8a374c57369954091b7643f8ee648b5666be829b4971a7d821fe372466
WAT,0001000697,0001193125-23-271901,2023-11-07T11:59:28.000Z,d550395dex991.htm,https://www.sec.gov/Archives/edgar/data/1000697/000119312523271901/d550395dex991.htm,20e0412f75d59692314f74a52f8f49a6c992334e0fe839318b51a70fa8cfe51a,EPS,FY2023,GAAP,NOT_APPLICABLE,USD_PER_SHARE,11.65,11.75,11.7,CURRENT_GUIDANCE_RANGE,AS_REPORTED,NARRATIVE_CLAUSE,91,CURRENT_CANDIDATE,CURRENT_GUIDANCE_RANGE,,,,,,"The Company is updating its full-year 2023 non-GAAP EPS guidance to now be in the range of $11.65 to $11.75, which includes an estimated headwind of",V8_FIVE_RELATION_CORRECTED_NOT_SOURCE_REVIEWED,/html/body/document/type/sequence/filename/description/text/center[3]/div/p[5],HTML_P,c4a7141ec0bb71cdf134807e1e9d59a52ce7dcea998140bec2e598ef86ffcd8b
VRT,0001674101,0000950142-23-002855,2023-11-29T14:10:37.000Z,eh230424978_ex9901.htm,https://www.sec.gov/Archives/edgar/data/1674101/000095014223002855/eh230424978_ex9901.htm,ff763b8c42cc5c42b5fcf56e77372965ab0bb07d61c97bc2915e9f91ac69874f,EPS,FY2023,NON_GAAP,NOT_APPLICABLE,USD_PER_SHARE,1.72,1.76,1.74,CURRENT_GUIDANCE_RANGE,AS_REPORTED,HTML_TABLE_GRID,0,CURRENT_CANDIDATE,CURRENT_GUIDANCE_RANGE,4,5,1,Adjusted diluted EPS(1),"Current Full Year 2023 Guidance(3) | $6,875M - $6,895M | 21.9% - 22.3% | $1,035M - $1,045M | 15.0% - 15.2%","Page 1 of 4 | on December 27, 2023 to shareholders of record of Class A common stock at the close of business on December 11, 2023. | The company has increased 2023 financial guidance as it continues to see strong market demand for its critical digital infrastructure products and services. | Adjusted diluted EPS(1) | $1.72 - $1.76 | | $1.69 - $1.73",V8_FIVE_RELATION_CORRECTED_NOT_SOURCE_REVIEWED,,,000d4a2c6293df0fda2c5d2b0decffb8ac57df6c57b1d949610f4791907df2ad
VRT,0001674101,0000950142-23-002855,2023-11-29T14:10:37.000Z,eh230424978_ex9901.htm,https://www.sec.gov/Archives/edgar/data/1674101/000095014223002855/eh230424978_ex9901.htm,ff763b8c42cc5c42b5fcf56e77372965ab0bb07d61c97bc2915e9f91ac69874f,MARGIN,FY2023,NON_GAAP,NOT_APPLICABLE,PERCENT,15,15.2,15.1,CURRENT_GUIDANCE_RANGE,AS_REPORTED,HTML_TABLE_GRID,0,CURRENT_CANDIDATE,CURRENT_GUIDANCE_RANGE,4,4,1,Adjusted operating margin(2),"Current Full Year 2023 Guidance(3) | $6,875M - $6,895M | 21.9% - 22.3% | $1,035M - $1,045M","Page 1 of 4 | on December 27, 2023 to shareholders of record of Class A common stock at the close of business on December 11, 2023. | The company has increased 2023 financial guidance as it continues to see strong market demand for its critical digital infrastructure products and services. | Adjusted operating margin(2) | 15.0% - 15.2% | | 14.6% - 15.4%",V8_FIVE_RELATION_CORRECTED_NOT_SOURCE_REVIEWED,,,4fc303e51c6eccff5ff2ce493d1013ca241825c015115c8a7e32fba017cf0624
DAL,0000027904,0001683168-23-008645,2023-12-06T11:30:11.000Z,delta_8k.htm,https://www.sec.gov/Archives/edgar/data/27904/000168316823008645/delta_8k.htm,44f1aa4bc9634a379217fce8075a01aa2b01702fc67b2172599bbd38705de4d7,MARGIN,Q4-2023,UNSPECIFIED,NOT_APPLICABLE,PERCENT,9,11,10,CURRENT_GUIDANCE_RANGE,AS_REPORTED,HTML_TABLE_GRID,0,CURRENT_CANDIDATE,CURRENT_GUIDANCE_RANGE,4,2,1,Operating Margin,4Q23 Forecast | Up 9% - 12%,"If an emerging growth company, indicate by check mark if the registrant has elected not to use the extended transition period for complying with any new or revised financial accounting standards provided pursuant to Section 13(a) of the Exchange Act. ☐ | Item 7.01 Regulation FD Disclosure. | As previously announced, executives of Delta Air Lines, Inc. (“Delta”) are presenting at the Morgan Stanley Global Consumer & Retail Conference on December 6, 2023. Delta is reaffirming its outlook, previously provided on October 12, 2023, for the December quarter and full year 2023 as follows: | Operating Margin | 9% - 11% | ~11.5%",V8_FIVE_RELATION_CORRECTED_NOT_SOURCE_REVIEWED,,,9bc53bfe7a0123a49dac458ad1c5dc3b0288b56d385f291b09957966b8cba519
JBL,0000898293,0001193125-23-294910,2023-12-14T12:38:00.000Z,d887670dex991.htm,https://www.sec.gov/Archives/edgar/data/898293/000119312523294910/d887670dex991.htm,697ee5c687514e39f483c53944722f2bfa4774e0975d0b5112f480d5502e6b2c,MARGIN,FY2024,NON_GAAP,NOT_APPLICABLE,PERCENT,5.3,5.5,5.4,CURRENT_GUIDANCE_RANGE,AS_REPORTED,HTML_TABLE_GRID,0,CURRENT_CANDIDATE,CURRENT_GUIDANCE_RANGE,8,2,2,• Core operating margin (Non-GAAP),$31 billion,"(1) Excludes the anticipated gain on the divestiture of the Mobility business. | (2) Core operating income and core diluted earnings per share exclude anticipated adjustments of $6 million for amortization of intangibles (or $0.05 per diluted share), $17 million for stock-based compensation expense and related charges (or $0.13 per diluted share) and $100 million to $75 million (or $0.78 to $0.58 per diluted share) for restructuring, severance and related charges. | Fiscal Year 2024 Updated Outlook: | • Core operating margin (Non-GAAP) | | 5.3% - 5.5%",V8_FIVE_RELATION_CORRECTED_NOT_SOURCE_REVIEWED,,,e3d8336292553b6a67012e40ae75257861437d72a240489ece02cacfcc1773a9
JBL,0000898293,0001193125-23-305726,2023-12-29T13:11:29.000Z,d693093dex991.htm,https://www.sec.gov/Archives/edgar/data/898293/000119312523305726/d693093dex991.htm,7a2acf6e62d1d39a7c80b114503fd536cfb27c58923ce069497d1909a83df236,EPS,Q2-2024,GAAP,NOT_APPLICABLE,USD_PER_SHARE,0.47,1.07,0.77,CURRENT_GUIDANCE_RANGE,AS_REPORTED,HTML_TABLE_GRID,0,CURRENT_CANDIDATE,CURRENT_GUIDANCE_RANGE,0,4,4,U.S. GAAP diluted earnings per share (1),Updated Q2 FY24 Outlook | $6.6 billion – $7.2 billion | $168 million – $253 million,"“We are pleased to successfully close this transformational deal and I am confident that this is the right step forward for Jabil,” said CEO Kenny Wilson. “The net proceeds will enable us to enhance our shareholder-centric capital framework, including incremental share buybacks. Additionally, it will provide opportunities for further investment in key areas of our business.” | Q2 Fiscal Year 2024 Outlook: | As stated, for modeling purposes, the second quarter guidance provided by the Company on December 14, 2023, assumed a January 31, 2024, close date for the mobility divestiture. With the transaction closing earlier, Jabil now anticipates the midpoint of the prior guidance range for net revenue and core earnings per share for the second quarter to be lower by approximately $400 million and $0.30, respectively, which aligns with the expectations the company outlined on its first quarter earnings call. | U.S. GAAP diluted earnings per share (1) | | $0.77 –$1.37 per diluted share | | $0.47 – $1.07 per diluted share",V8_FIVE_RELATION_CORRECTED_NOT_SOURCE_REVIEWED,,,735e9f3f50135d315f93da55b4e652605adebbb34c544c940a9eb35b3aa6732d
JBL,0000898293,0001193125-23-305726,2023-12-29T13:11:29.000Z,d693093dex991.htm,https://www.sec.gov/Archives/edgar/data/898293/000119312523305726/d693093dex991.htm,7a2acf6e62d1d39a7c80b114503fd536cfb27c58923ce069497d1909a83df236,EPS,Q2-2024,NON_GAAP,NOT_APPLICABLE,USD_PER_SHARE,1.43,1.83,1.63,CURRENT_GUIDANCE_RANGE,AS_REPORTED,HTML_TABLE_GRID,0,CURRENT_CANDIDATE,CURRENT_GUIDANCE_RANGE,0,6,4,Core diluted earnings per share (non-GAAP) (2),Updated Q2 FY24 Outlook | $6.6 billion – $7.2 billion | $168 million – $253 million | $0.47 – $1.07 per diluted share | $291 million – $351 million,"“We are pleased to successfully close this transformational deal and I am confident that this is the right step forward for Jabil,” said CEO Kenny Wilson. “The net proceeds will enable us to enhance our shareholder-centric capital framework, including incremental share buybacks. Additionally, it will provide opportunities for further investment in key areas of our business.” | Q2 Fiscal Year 2024 Outlook: | As stated, for modeling purposes, the second quarter guidance provided by the Company on December 14, 2023, assumed a January 31, 2024, close date for the mobility divestiture. With the transaction closing earlier, Jabil now anticipates the midpoint of the prior guidance range for net revenue and core earnings per share for the second quarter to be lower by approximately $400 million and $0.30, respectively, which aligns with the expectations the company outlined on its first quarter earnings call. | Core diluted earnings per share (non-GAAP) (2) | | $1.73 – $2.13 per diluted share | | $1.43 – $1.83 per diluted share",V8_FIVE_RELATION_CORRECTED_NOT_SOURCE_REVIEWED,,,735e9f3f50135d315f93da55b4e652605adebbb34c544c940a9eb35b3aa6732d
JBL,0000898293,0001193125-23-305726,2023-12-29T13:11:29.000Z,d693093dex991.htm,https://www.sec.gov/Archives/edgar/data/898293/000119312523305726/d693093dex991.htm,7a2acf6e62d1d39a7c80b114503fd536cfb27c58923ce069497d1909a83df236,MARGIN,FY2024,NON_GAAP,NOT_APPLICABLE,PERCENT,5.3,5.5,5.4,CURRENT_GUIDANCE_RANGE,AS_REPORTED,HTML_TABLE_GRID,0,CURRENT_CANDIDATE,CURRENT_GUIDANCE_RANGE,3,3,4,Core operating margin,Updated FY24 Outlook | $30.6 billion,"(2) Core operating income and core diluted earnings per share exclude anticipated adjustments of $6 million for amortization of intangibles (or $0.05 per diluted share), $17 million for stock-based compensation expense and related charges (or $0.13 per diluted share) and $100 million to $75 million (or $0.78 to $0.58 per diluted share) for restructuring, severance, and related charges. | Fiscal Year 2024 Outlook: | “I am delighted to close the transaction and receive the net proceeds ahead of schedule,” said CFO Mike Dastoor. “The earlier close and receipt of funds will enable us to begin initiating plans to reduce stranded costs and executing a series of accelerated buybacks throughout FY24. As a result, we expect to fully utilize our current $2.5 billion dollar repurchase authorization this fiscal year. These actions give me confidence that we will be able to offset lower income in Q2 and deliver core earnings for FY24 in excess of $9 per diluted share.” | Core operating margin | | 5.3% – 5.5% | | 5.3% – 5.5%",V8_FIVE_RELATION_CORRECTED_NOT_SOURCE_REVIEWED,,,3ebf599d4ba636cd4ce9451fe05d88788108fea3e435a495ecc421f3526fad37
JBL,0000898293,0001193125-23-305726,2023-12-29T13:11:29.000Z,d693093dex991.htm,https://www.sec.gov/Archives/edgar/data/898293/000119312523305726/d693093dex991.htm,7a2acf6e62d1d39a7c80b114503fd536cfb27c58923ce069497d1909a83df236,OPERATING_INCOME,Q2-2024,GAAP,NOT_APPLICABLE,USD,168000000,253000000,210500000,CURRENT_GUIDANCE_RANGE,AS_REPORTED,HTML_TABLE_GRID,0,CURRENT_CANDIDATE,CURRENT_GUIDANCE_RANGE,0,3,4,U.S. GAAP operating income (1),Updated Q2 FY24 Outlook | $6.6 billion – $7.2 billion,"“We are pleased to successfully close this transformational deal and I am confident that this is the right step forward for Jabil,” said CEO Kenny Wilson. “The net proceeds will enable us to enhance our shareholder-centric capital framework, including incremental share buybacks. Additionally, it will provide opportunities for further investment in key areas of our business.” | Q2 Fiscal Year 2024 Outlook: | As stated, for modeling purposes, the second quarter guidance provided by the Company on December 14, 2023, assumed a January 31, 2024, close date for the mobility divestiture. With the transaction closing earlier, Jabil now anticipates the midpoint of the prior guidance range for net revenue and core earnings per share for the second quarter to be lower by approximately $400 million and $0.30, respectively, which aligns with the expectations the company outlined on its first quarter earnings call. | U.S. GAAP operating income (1) | | $216 million – $301 million | | $168 million – $253 million",V8_FIVE_RELATION_CORRECTED_NOT_SOURCE_REVIEWED,,,9d398a7bdbc1c4d1471a1a10f0acb421e4f311a7a4827a702749bbf38ec93bda
JBL,0000898293,0001193125-23-305726,2023-12-29T13:11:29.000Z,d693093dex991.htm,https://www.sec.gov/Archives/edgar/data/898293/000119312523305726/d693093dex991.htm,7a2acf6e62d1d39a7c80b114503fd536cfb27c58923ce069497d1909a83df236,OPERATING_INCOME,Q2-2024,NON_GAAP,NOT_APPLICABLE,USD,291000000,351000000,321000000,CURRENT_GUIDANCE_RANGE,AS_REPORTED,HTML_TABLE_GRID,0,CURRENT_CANDIDATE,CURRENT_GUIDANCE_RANGE,0,5,4,Core operating income (non-GAAP) (2),Updated Q2 FY24 Outlook | $6.6 billion – $7.2 billion | $168 million – $253 million | $0.47 – $1.07 per diluted share,"“We are pleased to successfully close this transformational deal and I am confident that this is the right step forward for Jabil,” said CEO Kenny Wilson. “The net proceeds will enable us to enhance our shareholder-centric capital framework, including incremental share buybacks. Additionally, it will provide opportunities for further investment in key areas of our business.” | Q2 Fiscal Year 2024 Outlook: | As stated, for modeling purposes, the second quarter guidance provided by the Company on December 14, 2023, assumed a January 31, 2024, close date for the mobility divestiture. With the transaction closing earlier, Jabil now anticipates the midpoint of the prior guidance range for net revenue and core earnings per share for the second quarter to be lower by approximately $400 million and $0.30, respectively, which aligns with the expectations the company outlined on its first quarter earnings call. | Core operating income (non-GAAP) (2) | | $339 million – $399 million | | $291 million – $351 million",V8_FIVE_RELATION_CORRECTED_NOT_SOURCE_REVIEWED,,,9d398a7bdbc1c4d1471a1a10f0acb421e4f311a7a4827a702749bbf38ec93bda
JBL,0000898293,0001193125-23-305726,2023-12-29T13:11:29.000Z,d693093dex991.htm,https://www.sec.gov/Archives/edgar/data/898293/000119312523305726/d693093dex991.htm,7a2acf6e62d1d39a7c80b114503fd536cfb27c58923ce069497d1909a83df236,REVENUE,Q2-2024,UNSPECIFIED,NOT_APPLICABLE,USD,6600000000,7200000000,6900000000,CURRENT_GUIDANCE_RANGE,AS_REPORTED,HTML_TABLE_GRID,0,CURRENT_CANDIDATE,CURRENT_GUIDANCE_RANGE,0,2,4,Net revenue,Updated Q2 FY24 Outlook,"“We are pleased to successfully close this transformational deal and I am confident that this is the right step forward for Jabil,” said CEO Kenny Wilson. “The net proceeds will enable us to enhance our shareholder-centric capital framework, including incremental share buybacks. Additionally, it will provide opportunities for further investment in key areas of our business.” | Q2 Fiscal Year 2024 Outlook: | As stated, for modeling purposes, the second quarter guidance provided by the Company on December 14, 2023, assumed a January 31, 2024, close date for the mobility divestiture. With the transaction closing earlier, Jabil now anticipates the midpoint of the prior guidance range for net revenue and core earnings per share for the second quarter to be lower by approximately $400 million and $0.30, respectively, which aligns with the expectations the company outlined on its first quarter earnings call. | Net revenue | | $7.0 billion – $7.6 billion | | $6.6 billion – $7.2 billion",V8_FIVE_RELATION_CORRECTED_NOT_SOURCE_REVIEWED,,,3cdbeba7c1d517d9fe35b47031c86da8aac68775d9e72dc74894b08bf4a636f8
TER,0000097210,0000950170-24-009126,2024-01-31T11:01:13.000Z,ter-ex99_1.htm,https://www.sec.gov/Archives/edgar/data/97210/000095017024009126/ter-ex99_1.htm,ffc4d9da98c36ef26b3f1c93fa0760b3d2cee9b771b689644042f547aa900750,REVENUE,Q1-2024,UNSPECIFIED,NOT_APPLICABLE,USD,540000000,590000000,565000000,CURRENT_GUIDANCE_RANGE,AS_REPORTED,NARRATIVE_CLAUSE,53,CURRENT_CANDIDATE,CURRENT_GUIDANCE_RANGE,,,,,,"Guidance for the first quarter of 2024 is revenue of $540 million to $590 million, with GAAP net income of $0.19 to $0.35 per diluted share and non-GAAP net income of $0.22 to $0.38 per diluted share.",V8_FIVE_RELATION_CORRECTED_NOT_SOURCE_REVIEWED,/html/body/document/type/sequence/filename/description/text/p[8],HTML_P,80c9191d8872c5792a0ae9009ea756c49ec677563091724858b9643aa9fded72
LIN,0001707925,0001654954-24-001330,2024-02-06T11:11:34.000Z,linde_ex991.htm,https://www.sec.gov/Archives/edgar/data/1707925/000165495424001330/linde_ex991.htm,dc0ce974a7d36d1e14263dc5b0a28c955f43e608724576805e9734afcb0a62db,EPS,FY2024,NON_GAAP,NOT_APPLICABLE,USD_PER_SHARE,15.25,15.65,15.45,CURRENT_GUIDANCE_RANGE,AS_REPORTED,NARRATIVE_CLAUSE,37,CURRENT_CANDIDATE,CURRENT_GUIDANCE_RANGE,,,,,,"Full-year 2024 adjusted EPS guidance $15.25 - $15.65, represents 8%-11% growth ex.",V8_FIVE_RELATION_CORRECTED_NOT_SOURCE_REVIEWED,/html/body/document/type/sequence/filename/description/text/table[4]/tr[2]/td[3]/p,HTML_P,3b41ed71c69b1de1d506ca987a3c1f3052da3d3315d1c3da001223524d237d6a
ZBH,0001136869,0000950170-24-012530,2024-02-08T11:37:37.000Z,zbh-ex99_1.htm,https://www.sec.gov/Archives/edgar/data/1136869/000095017024012530/zbh-ex99_1.htm,1e3cfa3b04593781167d27d0920ef2eaa05a6b65cbd9eeed49069bf244c79586,EPS,FY2024,NON_GAAP,NOT_APPLICABLE,USD_PER_SHARE,8,8.15,8.075,CURRENT_GUIDANCE_RANGE,AS_REPORTED,HTML_TABLE_GRID,0,CURRENT_CANDIDATE,CURRENT_GUIDANCE_RANGE,4,5,1,Adjusted Diluted EPS(1),"Projected Year Ending December 31, 2024 | 4.5% - 5.5% | (0.5)% | 5.0% - 6.0%",Page 5 of 25 | Financial Guidance | The Company is providing the following full-year 2024 financial guidance: | Adjusted Diluted EPS(1) | $8.00 - $8.15,V8_FIVE_RELATION_CORRECTED_NOT_SOURCE_REVIEWED,,,85232d4fa11746d4fd652558079e6e1c2d742acc59df5fdfd323c306d8f59bb8
OGN,0001821825,0001104659-24-024358,2024-02-15T12:48:45.000Z,tm246328d1_99-1.htm,https://www.sec.gov/Archives/edgar/data/1821825/000110465924024358/tm246328d1_99-1.htm,738c7522046d1564dd281f1da1d1c0366fc6342b20a497d469ba510985fdff72,MARGIN,FY2024,NON_GAAP,NOT_APPLICABLE,PERCENT,61,63,62,CURRENT_GUIDANCE_RANGE,AS_REPORTED,HTML_TABLE_GRID,0,CURRENT_CANDIDATE,CURRENT_GUIDANCE_RANGE,15,2,2,Adjusted gross margin,2024 Full Year Guidance | $6.2B-$6.5B,"Organon does not provide GAAP financial measures on a forward-looking basis because the company cannot predict with reasonable certainty and without unreasonable effort, the ultimate outcome of legal proceedings, unusual gains and losses, the occurrence of matters creating GAAP tax impacts, and acquisition-related expenses. These items are uncertain, depend on various factors, and could be material to Organon’s results computed in accordance with GAAP. | 6 | Full year 2024 financial guidance is presented below on a non-GAAP basis. For full year 2024, Organon expects constant currency revenue growth in the low-single-digit range and expects stable to improving Adjusted EBITDA margin, which Organon expects to achieve, in part, through operating expense management. | Adjusted gross margin | | 61.0% - 63.0%",V8_FIVE_RELATION_CORRECTED_NOT_SOURCE_REVIEWED,,,97e0f547138143d5bc455438cb59afbe795586aaaf013019e67480f2728db270
OGN,0001821825,0001104659-24-024358,2024-02-15T12:48:45.000Z,tm246328d1_99-1.htm,https://www.sec.gov/Archives/edgar/data/1821825/000110465924024358/tm246328d1_99-1.htm,738c7522046d1564dd281f1da1d1c0366fc6342b20a497d469ba510985fdff72,MARGIN,FY2024,NON_GAAP,NOT_APPLICABLE,PERCENT,31,33,32,CURRENT_GUIDANCE_RANGE,AS_REPORTED,HTML_TABLE_GRID,0,CURRENT_CANDIDATE,CURRENT_GUIDANCE_RANGE,15,5,2,Adjusted EBITDA margin,2024 Full Year Guidance | $6.2B-$6.5B | 61.0% - 63.0% | $1.5B - $1.7B | $400M - $500M,"Organon does not provide GAAP financial measures on a forward-looking basis because the company cannot predict with reasonable certainty and without unreasonable effort, the ultimate outcome of legal proceedings, unusual gains and losses, the occurrence of matters creating GAAP tax impacts, and acquisition-related expenses. These items are uncertain, depend on various factors, and could be material to Organon’s results computed in accordance with GAAP. | 6 | Full year 2024 financial guidance is presented below on a non-GAAP basis. For full year 2024, Organon expects constant currency revenue growth in the low-single-digit range and expects stable to improving Adjusted EBITDA margin, which Organon expects to achieve, in part, through operating expense management. | Adjusted EBITDA margin | | 31.0% - 33.0%",V8_FIVE_RELATION_CORRECTED_NOT_SOURCE_REVIEWED,,,97e0f547138143d5bc455438cb59afbe795586aaaf013019e67480f2728db270
DAL,0000027904,0001683168-24-001423,2024-03-12T10:30:10.000Z,delta_8k.htm,https://www.sec.gov/Archives/edgar/data/27904/000168316824001423/delta_8k.htm,a718876ff69268b4143afebaddb4189e6813004ef65b1c08587b45252cb48ca3,EPS,FY2024,UNSPECIFIED,NOT_APPLICABLE,USD_PER_SHARE,6,7,6.5,CURRENT_GUIDANCE_RANGE,AS_REPORTED,HTML_TABLE_GRID,0,CURRENT_CANDIDATE,CURRENT_GUIDANCE_RANGE,4,1,1,Earnings Per Share,FY24 Forecast,"If an emerging growth company, indicate by check mark if the registrant has elected not to use the extended transition period for complying with any new or revised financial accounting standards provided pursuant to Section 13(a) of the Exchange Act. ☐ | Item 7.01Regulation FD Disclosure. | As previously announced, executives of Delta Air Lines, Inc. (“Delta”) are presenting at the J.P. Morgan Industrials Conference on March 12, 2024. Delta is reaffirming its outlook, previously provided on January 12, 2024, for the full year 2024 and March quarter. Delta expects to deliver year-over-year total revenue growth in the top half of the initial guidance range for the March quarter. | Earnings Per Share | $6 - $7",V8_FIVE_RELATION_CORRECTED_NOT_SOURCE_REVIEWED,,,c9c2f9e9c2f38089065b4267a42585c31d3818b5568667a61326fa32f53f5442
DAL,0000027904,0001683168-24-001423,2024-03-12T10:30:10.000Z,delta_8k.htm,https://www.sec.gov/Archives/edgar/data/27904/000168316824001423/delta_8k.htm,a718876ff69268b4143afebaddb4189e6813004ef65b1c08587b45252cb48ca3,EPS,Q1-2024,UNSPECIFIED,NOT_APPLICABLE,USD_PER_SHARE,0.25,0.5,0.375,CURRENT_GUIDANCE_RANGE,AS_REPORTED,HTML_TABLE_GRID,0,CURRENT_CANDIDATE,CURRENT_GUIDANCE_RANGE,5,3,1,Earnings Per Share,1Q24 Forecast | Up 3% - 6% | Approx. 5%,"Item 7.01Regulation FD Disclosure. | As previously announced, executives of Delta Air Lines, Inc. (“Delta”) are presenting at the J.P. Morgan Industrials Conference on March 12, 2024. Delta is reaffirming its outlook, previously provided on January 12, 2024, for the full year 2024 and March quarter. Delta expects to deliver year-over-year total revenue growth in the top half of the initial guidance range for the March quarter. | FY24 Forecast Earnings Per Share $6 - $7 Free Cash Flow ($B) $3 - $4 Adjusted Debt to EBITDAR 2x - 3x | Earnings Per Share | $0.25 - $0.50",V8_FIVE_RELATION_CORRECTED_NOT_SOURCE_REVIEWED,,,c9c2f9e9c2f38089065b4267a42585c31d3818b5568667a61326fa32f53f5442
TER,0000097210,0000950170-24-047880,2024-04-25T10:04:23.000Z,ter-ex99_1.htm,https://www.sec.gov/Archives/edgar/data/97210/000095017024047880/ter-ex99_1.htm,c437631557ea118313eb2eb80d6e75c7c80de2670fd9763dab2e77f685db18d8,REVENUE,Q2-2024,UNSPECIFIED,NOT_APPLICABLE,USD,665000000,725000000,695000000,CURRENT_GUIDANCE_RANGE,AS_REPORTED,NARRATIVE_CLAUSE,54,CURRENT_CANDIDATE,CURRENT_GUIDANCE_RANGE,,,,,,"Guidance for the second quarter of 2024 is revenue of $665 million to $725 million, with GAAP net income of $0.90 to $1.10 per diluted share and non-GAAP net income of $0.64 to $0.84 per diluted share.",V8_FIVE_RELATION_CORRECTED_NOT_SOURCE_REVIEWED,/html/body/document/type/sequence/filename/description/text/p[8],HTML_P,b21bfc6838461b251065526ab8c77c3c9fd823080caac3eb83f93c6619a565d8
ZBH,0001136869,0000950170-24-051551,2024-05-02T10:30:11.000Z,zbh-ex99_1.htm,https://www.sec.gov/Archives/edgar/data/1136869/000095017024051551/zbh-ex99_1.htm,36fe1fa88a16cbdaf61970e6b7eea42934d4f5183a676eeb404c5bf4af48ec1a,EPS,FY2024,NON_GAAP,NOT_APPLICABLE,USD_PER_SHARE,8,8.15,8.075,CURRENT_GUIDANCE_RANGE,AS_REPORTED,HTML_TABLE_GRID,0,CURRENT_CANDIDATE,CURRENT_GUIDANCE_RANGE,3,5,1,Adjusted Diluted EPS(1),"Projected Year Ending December 31, 2024 | 4.5% - 5.5% | (0.5)% | 5.0% - 6.0%",Page 4 of 20 | Financial Guidance | The Company is reiterating its current full-year 2024 financial guidance. | Adjusted Diluted EPS(1) | $8.00 - $8.15,V8_FIVE_RELATION_CORRECTED_NOT_SOURCE_REVIEWED,,,d17e556201fcd2e91d1b77bb7bd33b46c55eb18cc144a08de416fd67184637e1
LIN,0001707925,0001654954-24-005420,2024-05-02T10:37:32.000Z,linde_ex991.htm,https://www.sec.gov/Archives/edgar/data/1707925/000165495424005420/linde_ex991.htm,e109298239317e76a158423f31715a8e8e134598aeb7bbfa2a0e432ebc59ad4b,EPS,FY2024,NON_GAAP,NOT_APPLICABLE,USD_PER_SHARE,15.3,15.6,15.45,CURRENT_GUIDANCE_RANGE,AS_REPORTED,NARRATIVE_CLAUSE,40,CURRENT_CANDIDATE,CURRENT_GUIDANCE_RANGE,,,,,,Full-year 2024 adjusted EPS guidance of $15.30 - $15.60 representing 8% to 10% growth year-over-year,V8_FIVE_RELATION_CORRECTED_NOT_SOURCE_REVIEWED,/html/body/document/type/sequence/filename/description/text/table[2]/tr[5]/td[3]/p,HTML_P,53ec7410735b0047f72c6967022e73b038a440b3c7faa7f8f84124db17725a17
OGN,0001821825,0001104659-24-056017,2024-05-02T11:43:38.000Z,tm2413293d1_ex99-1.htm,https://www.sec.gov/Archives/edgar/data/1821825/000110465924056017/tm2413293d1_ex99-1.htm,3534da6b541649b75c53688fb1818f3475673dfb8fd765f31b2d6520c7140ad1,MARGIN,FY2024,NON_GAAP,NOT_APPLICABLE,PERCENT,61,63,62,CURRENT_GUIDANCE_RANGE,AS_REPORTED,HTML_TABLE_GRID,0,CURRENT_CANDIDATE,CURRENT_GUIDANCE_RANGE,9,2,2,Adjusted gross margin,"Previous guidance as of February 15, 2024 | $6.2B - $6.5B","Organon does not provide GAAP financial measures on a forward-looking basis because the company cannot predict with reasonable certainty and without unreasonable effort, the ultimate outcome of legal proceedings, unusual gains and losses, the occurrence of matters creating GAAP tax impacts, and acquisition-related expenses. These items are uncertain, depend on various factors, and could be material to Organon’s results computed in accordance with GAAP. | 5 | Full year 2024 financial guidance is presented below on a non-GAAP basis, except revenue. | Adjusted gross margin | | 61.0% - 63.0% | | Unchanged",V8_FIVE_RELATION_CORRECTED_NOT_SOURCE_REVIEWED,,,62ea0ca84df489391c16051ccc91cc25eba751511e29a13ad855842056c65c5b
OGN,0001821825,0001104659-24-056017,2024-05-02T11:43:38.000Z,tm2413293d1_ex99-1.htm,https://www.sec.gov/Archives/edgar/data/1821825/000110465924056017/tm2413293d1_ex99-1.htm,3534da6b541649b75c53688fb1818f3475673dfb8fd765f31b2d6520c7140ad1,MARGIN,FY2024,NON_GAAP,NOT_APPLICABLE,PERCENT,31,33,32,CURRENT_GUIDANCE_RANGE,AS_REPORTED,HTML_TABLE_GRID,0,CURRENT_CANDIDATE,CURRENT_GUIDANCE_RANGE,9,5,2,Adjusted EBITDA margin (Non-GAAP),"Previous guidance as of February 15, 2024 | $6.2B - $6.5B | 61.0% - 63.0% | $1.5B - $1.7B | $400M - $500M","Organon does not provide GAAP financial measures on a forward-looking basis because the company cannot predict with reasonable certainty and without unreasonable effort, the ultimate outcome of legal proceedings, unusual gains and losses, the occurrence of matters creating GAAP tax impacts, and acquisition-related expenses. These items are uncertain, depend on various factors, and could be material to Organon’s results computed in accordance with GAAP. | 5 | Full year 2024 financial guidance is presented below on a non-GAAP basis, except revenue. | Adjusted EBITDA margin (Non-GAAP) | | 31.0% - 33.0% | | Unchanged",V8_FIVE_RELATION_CORRECTED_NOT_SOURCE_REVIEWED,,,62ea0ca84df489391c16051ccc91cc25eba751511e29a13ad855842056c65c5b
WAT,0001000697,0001193125-24-132549,2024-05-07T11:01:02.000Z,d827841dex991.htm,https://www.sec.gov/Archives/edgar/data/1000697/000119312524132549/d827841dex991.htm,647b1feef739a3344bf7a73c67bcad0a3971b301c8598c2ac8fd7ac141bbd832,EPS,FY2024,GAAP,NOT_APPLICABLE,USD_PER_SHARE,11.75,12.05,11.9,CURRENT_GUIDANCE_RANGE,AS_REPORTED,NARRATIVE_CLAUSE,70,CURRENT_CANDIDATE,CURRENT_GUIDANCE_RANGE,,,,,,"The Company expects full-year 2024 non-GAAP EPS to be in the range of $11.75 to $12.05, which includes an",V8_FIVE_RELATION_CORRECTED_NOT_SOURCE_REVIEWED,/html/body/document/type/sequence/filename/description/text/center[2]/div/p[7],HTML_P,032a5ea77d7d854e748ea54e99ff588acad146b81d1521c3189c1bc8fa003e3f
TKO,0001973266,0001973266-24-000011,2024-05-08T20:16:36.000Z,tko-20240508xex99_1.htm,https://www.sec.gov/Archives/edgar/data/1973266/000197326624000011/tko-20240508xex99_1.htm,878979bb71c38b7cacfdfcdf32615b6871d0a171f7e4037a834832f2dc3309e9,REVENUE,Q4-2024,UNSPECIFIED,NOT_APPLICABLE,USD,2610000000,2685000000,2647500000,CURRENT_GUIDANCE_RANGE,AS_REPORTED,NARRATIVE_CLAUSE,114,CURRENT_CANDIDATE,CURRENT_GUIDANCE_RANGE,,,,,,"Raw for the fourth quarter of 2024, the Company is raising its guidance and now expects full year 2024 revenue of $2.610 billion - $2.685 billion and Adjusted EBITDA of $1.185 billion - $1.205 billion.",V8_FIVE_RELATION_CORRECTED_NOT_SOURCE_REVIEWED,/html/body/document/type/sequence/filename/description/text/div/p[86],HTML_P,bdc8ad9d64883ebad039b6224884ead92de970d4b79e3b9e8a4de29852c3b36b
TER,0000097210,0000950170-24-086252,2024-07-25T10:06:04.000Z,ter-ex99_1.htm,https://www.sec.gov/Archives/edgar/data/97210/000095017024086252/ter-ex99_1.htm,4e7cc5122fa32680141f22b22497534d44f6910e2cd80de1ad1979b495449319,REVENUE,Q3-2024,UNSPECIFIED,NOT_APPLICABLE,USD,680000000,740000000,710000000,CURRENT_GUIDANCE_RANGE,AS_REPORTED,NARRATIVE_CLAUSE,53,CURRENT_CANDIDATE,CURRENT_GUIDANCE_RANGE,,,,,,"Guidance for the third quarter of 2024 is revenue of $680 million to $740 million, with GAAP net income of $0.62 to $0.82 per diluted share and non-GAAP net income of $0.66 to $0.86 per diluted share.",V8_FIVE_RELATION_CORRECTED_NOT_SOURCE_REVIEWED,/html/body/document/type/sequence/filename/description/text/p[9],HTML_P,4c685c7d77a598ca3fb25c14eef8b0f24b1f5da565cd4a4888b94e171d7a43ce
LIN,0001707925,0001654954-24-009830,2024-08-02T10:07:54.000Z,linde_ex991.htm,https://www.sec.gov/Archives/edgar/data/1707925/000165495424009830/linde_ex991.htm,960e7a93950df74ce5f262371e394d8f4da46f1183eb43844b4eea8717e262c1,EPS,FY2024,NON_GAAP,NOT_APPLICABLE,USD_PER_SHARE,15.4,15.6,15.5,CURRENT_GUIDANCE_RANGE,AS_REPORTED,NARRATIVE_CLAUSE,40,CURRENT_CANDIDATE,CURRENT_GUIDANCE_RANGE,,,,,,Full-year 2024 adjusted EPS guidance of $15.40 - $15.60 representing 9% to 11% growth year-over-year excluding FX,V8_FIVE_RELATION_CORRECTED_NOT_SOURCE_REVIEWED,/html/body/document/type/sequence/filename/description/text/table[2]/tr[5]/td[3]/p,HTML_P,9577591d3678bbb5bb518d88a375f92be50e01e196988c218e8c0733750d257c
OGN,0001821825,0001104659-24-086103,2024-08-06T11:39:19.000Z,tm2420930d1_ex99-1.htm,https://www.sec.gov/Archives/edgar/data/1821825/000110465924086103/tm2420930d1_ex99-1.htm,840164e624273dc6cf9436ecb19f4b0683fa473c7e00ff58fbb54e2d2e8cfd13,MARGIN,FY2024,NON_GAAP,NOT_APPLICABLE,PERCENT,61,63,62,CURRENT_GUIDANCE_RANGE,AS_REPORTED,HTML_TABLE_GRID,0,CURRENT_CANDIDATE,CURRENT_GUIDANCE_RANGE,9,2,2,Adjusted gross margin,"Previous guidance as of May 2, 2024 | $6.2B - $6.5B","Organon does not provide GAAP financial measures on a forward-looking basis because the company cannot predict with reasonable certainty and without unreasonable effort, the ultimate outcome of legal proceedings, unusual gains and losses, the occurrence of matters creating GAAP tax impacts, and acquisition-related expenses. These items are uncertain, depend on various factors, and could be material to Organon’s results computed in accordance with GAAP. | 5 | Full year 2024 financial guidance is presented below on a non-GAAP basis, except revenue. | Adjusted gross margin | | 61.0% - 63.0% | | Unchanged",V8_FIVE_RELATION_CORRECTED_NOT_SOURCE_REVIEWED,,,da0af72bf2b0836eeefcf3cf96a662052f54553a074a751cae99c2745f3b73e4
OGN,0001821825,0001104659-24-086103,2024-08-06T11:39:19.000Z,tm2420930d1_ex99-1.htm,https://www.sec.gov/Archives/edgar/data/1821825/000110465924086103/tm2420930d1_ex99-1.htm,840164e624273dc6cf9436ecb19f4b0683fa473c7e00ff58fbb54e2d2e8cfd13,MARGIN,FY2024,NON_GAAP,NOT_APPLICABLE,PERCENT,31,33,32,CURRENT_GUIDANCE_RANGE,AS_REPORTED,HTML_TABLE_GRID,0,CURRENT_CANDIDATE,CURRENT_GUIDANCE_RANGE,9,5,2,Adjusted EBITDA margin (Non-GAAP),"Previous guidance as of May 2, 2024 | $6.2B - $6.5B | 61.0% - 63.0% | $1.5B - $1.7B | $400M - $500M","Organon does not provide GAAP financial measures on a forward-looking basis because the company cannot predict with reasonable certainty and without unreasonable effort, the ultimate outcome of legal proceedings, unusual gains and losses, the occurrence of matters creating GAAP tax impacts, and acquisition-related expenses. These items are uncertain, depend on various factors, and could be material to Organon’s results computed in accordance with GAAP. | 5 | Full year 2024 financial guidance is presented below on a non-GAAP basis, except revenue. | Adjusted EBITDA margin (Non-GAAP) | | 31.0% - 33.0% | | Unchanged",V8_FIVE_RELATION_CORRECTED_NOT_SOURCE_REVIEWED,,,da0af72bf2b0836eeefcf3cf96a662052f54553a074a751cae99c2745f3b73e4
TER,0000097210,0000950170-24-116845,2024-10-24T11:00:08.000Z,ter-ex99_1.htm,https://www.sec.gov/Archives/edgar/data/97210/000095017024116845/ter-ex99_1.htm,399df7dfcd7424d85596198ade21def71407e8c1be1e1a5c35977deb2df510d6,REVENUE,Q4-2024,UNSPECIFIED,NOT_APPLICABLE,USD,710000000,760000000,735000000,CURRENT_GUIDANCE_RANGE,AS_REPORTED,NARRATIVE_CLAUSE,54,CURRENT_CANDIDATE,CURRENT_GUIDANCE_RANGE,,,,,,"Guidance for the fourth quarter of 2024 is revenue of $710 million to $760 million, with GAAP net income of $0.73 to $0.91 per diluted share and non-GAAP net income of $0.80 to $0.97 per diluted share.",V8_FIVE_RELATION_CORRECTED_NOT_SOURCE_REVIEWED,/html/body/document/type/sequence/filename/description/text/p[9],HTML_P,eff488d8c12ba5909b68c4bd34e37ee6b9b85d089cac404a4b8c09468b20c0db
OGN,0001821825,0001104659-24-112866,2024-10-31T12:00:35.000Z,tm2427187d1_ex99-1.htm,https://www.sec.gov/Archives/edgar/data/1821825/000110465924112866/tm2427187d1_ex99-1.htm,796fd4f1fbfd2ad6a86f9045a3527d2f4d1491fec864be842b2119a29a119cfd,MARGIN,FY2024,NON_GAAP,NOT_APPLICABLE,PERCENT,30,31,30.5,CURRENT_GUIDANCE_RANGE,AS_REPORTED,HTML_TABLE_GRID,0,CURRENT_CANDIDATE,CURRENT_GUIDANCE_RANGE,10,7,4,Adjusted EBITDA margin (Non-GAAP),Current guidance | $6.375 B - $6.425 B | ~61.5% | $1.55B - $1.60B | $430M - $470M | $81M* | $510M - $550M,"Organon does not provide GAAP financial measures on a forward-looking basis because the company cannot predict with reasonable certainty and without unreasonable effort, the ultimate outcome of legal proceedings, unusual gains and losses, the occurrence of matters creating GAAP tax impacts, and acquisition-related expenses. These items are uncertain, depend on various factors, and could be material to Organon’s results computed in accordance with GAAP. | 5 | Full year 2024 financial guidance is presented below on a non-GAAP basis, except revenue. | Adjusted EBITDA margin (Non-GAAP) | | 31.0% - 33.0% | | 30.0% - 31.0%",V8_FIVE_RELATION_CORRECTED_NOT_SOURCE_REVIEWED,,,cc9b7940415e292380c88b9115e3b07531e9921426d4aa594b7225b556048589
WAT,0001000697,0001193125-24-249066,2024-11-01T10:04:59.000Z,d892594dex991.htm,https://www.sec.gov/Archives/edgar/data/1000697/000119312524249066/d892594dex991.htm,2bd014c9698bc44b8f78ae57e11e4f30650e33d4f117b90544799213523e450e,EPS,Q4-2024,GAAP,NOT_APPLICABLE,USD_PER_SHARE,3.9,4.1,4,CURRENT_GUIDANCE_RANGE,AS_REPORTED,NARRATIVE_CLAUSE,75,CURRENT_CANDIDATE,CURRENT_GUIDANCE_RANGE,,,,,,"The Company expects fourth quarter 2024 non-GAAP EPS to be in the range of $3.90 to $4.10, which includes an",V8_FIVE_RELATION_CORRECTED_NOT_SOURCE_REVIEWED,/html/body/document/type/sequence/filename/description/text/center[2]/div/p[13],HTML_P,f8d4bedd14a32b8759c1be928e62cc05e77b0357d7145e7e5fc1aa2db77a2cd1
WAT,0001000697,0001193125-24-249066,2024-11-01T10:04:59.000Z,d892594dex991.htm,https://www.sec.gov/Archives/edgar/data/1000697/000119312524249066/d892594dex991.htm,2bd014c9698bc44b8f78ae57e11e4f30650e33d4f117b90544799213523e450e,EPS,FY2024,GAAP,NOT_APPLICABLE,USD_PER_SHARE,11.67,11.87,11.77,CURRENT_GUIDANCE_RANGE,AS_REPORTED,NARRATIVE_CLAUSE,95,CURRENT_CANDIDATE,CURRENT_GUIDANCE_RANGE,,,,,,"The Company is also raising its full-year 2024 non-GAAP EPS guidance to now be in the range of $11.67 to $11.87, which",V8_FIVE_RELATION_CORRECTED_NOT_SOURCE_REVIEWED,/html/body/document/type/sequence/filename/description/text/center[2]/div/p[9],HTML_P,d0ca0b767c0fd308337de6082802041586167a538609998016237463974c3886
FBIN,0001519751,0000950170-24-122307,2024-11-06T21:10:59.000Z,fbin-ex99_1.htm,https://www.sec.gov/Archives/edgar/data/1519751/000095017024122307/fbin-ex99_1.htm,9eeb4f5b063d4d44957497644724bdd363facf2bd25cd18a2a438cc9abed5d8b,EPS,FY2024,NON_GAAP,NOT_APPLICABLE,USD_PER_SHARE,4.17,4.23,4.2,CURRENT_GUIDANCE_RANGE,AS_REPORTED,HTML_TABLE_GRID,0,CURRENT_CANDIDATE,CURRENT_GUIDANCE_RANGE,3,12,2,EPS before charges / gains,Updated 2024 Full-Year Guidance | -3.5% to -1.5% | -1% to flat | -4% to -3% | 7% to 9% | -20% to -15% | Flat to 1% | -4.5% to -3.5% | 17.0% to 17.25%,"2024 Market and Financial Guidance | “We focused on executing our strategic priorities and delivered strong margin results in a soft environment. We are updating our full-year 2024 guidance to reflect current market conditions, which include lower POS performance, incremental channel destocking and short-term impacts from recent hurricanes,” said Fortune Brands Chief Financial Officer David Barry. “Our team is navigating these near-term challenges while also executing multiple strategic initiatives which will enable FBIN to drive long-term growth when our end markets improve. We continue to have full confidence in our long-term strategy.” | Updated 2024 Full-Year Guidance | EPS before charges / gains | $4.25 to $4.35 | $4.17 to $4.23",V8_FIVE_RELATION_CORRECTED_NOT_SOURCE_REVIEWED,,,e783ca8ecc527f9d7c501c146a99ad6ffea0f0425e27aae1627c3d5d22054c9c
FBIN,0001519751,0000950170-24-122307,2024-11-06T21:10:59.000Z,fbin-ex99_1.htm,https://www.sec.gov/Archives/edgar/data/1519751/000095017024122307/fbin-ex99_1.htm,9eeb4f5b063d4d44957497644724bdd363facf2bd25cd18a2a438cc9abed5d8b,MARGIN,FY2024,NON_GAAP,NOT_APPLICABLE,PERCENT,17,17.25,17.125,CURRENT_GUIDANCE_RANGE,AS_REPORTED,HTML_TABLE_GRID,0,CURRENT_CANDIDATE,CURRENT_GUIDANCE_RANGE,3,11,2,Operating margin before charges / gains,Updated 2024 Full-Year Guidance | -3.5% to -1.5% | -1% to flat | -4% to -3% | 7% to 9% | -20% to -15% | Flat to 1% | -4.5% to -3.5%,"2024 Market and Financial Guidance | “We focused on executing our strategic priorities and delivered strong margin results in a soft environment. We are updating our full-year 2024 guidance to reflect current market conditions, which include lower POS performance, incremental channel destocking and short-term impacts from recent hurricanes,” said Fortune Brands Chief Financial Officer David Barry. “Our team is navigating these near-term challenges while also executing multiple strategic initiatives which will enable FBIN to drive long-term growth when our end markets improve. We continue to have full confidence in our long-term strategy.” | Updated 2024 Full-Year Guidance | Operating margin before charges / gains | 17.0% to 17.5% | 17.0% to 17.25%",V8_FIVE_RELATION_CORRECTED_NOT_SOURCE_REVIEWED,,,492acac2ad42a1cb0de9cc670492cc897c6f48f90c4850785396b84c1652f81e
TER,0000097210,0000950170-25-010781,2025-01-30T12:00:09.000Z,ter-ex99_1.htm,https://www.sec.gov/Archives/edgar/data/97210/000095017025010781/ter-ex99_1.htm,1ad299a8d724f2a0ea43cbc232af6628693255f716dec7d4175bb3b67ccf557e,REVENUE,Q1-2025,UNSPECIFIED,NOT_APPLICABLE,USD,660000000,700000000,680000000,CURRENT_GUIDANCE_RANGE,AS_REPORTED,NARRATIVE_CLAUSE,53,CURRENT_CANDIDATE,CURRENT_GUIDANCE_RANGE,,,,,,"Guidance for the first quarter of 2025 is revenue of $660 million to $700 million, with GAAP net income of $0.48 to $0.59 per diluted share and non-GAAP net income of $0.58 to $0.68 per diluted share.",V8_FIVE_RELATION_CORRECTED_NOT_SOURCE_REVIEWED,/html/body/document/type/sequence/filename/description/text/p[9],HTML_P,e5044a2ba9f952ac518889b239856368ccb94495a7d7b87c9a1dee44027d5581
EQR,0000906107,0000950170-25-012330,2025-02-03T21:20:00.000Z,eqr-ex99_1.htm,https://www.sec.gov/Archives/edgar/data/906107/000095017025012330/eqr-ex99_1.htm,3e215fa90f604f25275fe89d7df2e935f12b0403aaab0f47385cffef7eb3e739,EPS,FY2025,UNSPECIFIED,NOT_APPLICABLE,USD_PER_SHARE,3,3.1,3.05,CURRENT_GUIDANCE_RANGE,AS_REPORTED,HTML_TABLE_GRID,0,CURRENT_CANDIDATE,CURRENT_GUIDANCE_RANGE,5,7,2,EPS,Same Store (includes Residential and Non-Residential): | 96.2% | 2.25% to 3.25% | 3.5% to 4.5% | 1.4% to 3.0%,"positive employment conditions for our higher earning renter demographic and continued value creation by our industry leading operations platform. With new apartment supply in 2026 at decade lows in our coastal markets and declining significantly in our Expansion Markets of Atlanta, Dallas and Denver, the longer term set up for our business is outstanding,” said Mark J. Parrell, Equity Residential’s President and CEO. | Full Year 2025 Guidance | The Company has provided guidance for its full year 2025 same store operating performance, EPS, FFO per share, Normalized FFO per share and transactions as listed below: | EPS | | $3.00 to $3.10 |",V8_FIVE_RELATION_CORRECTED_NOT_SOURCE_REVIEWED,,,55705d0ad92afe344a5620a17f537acf02050a965cbc8a737b1a4ca0f5ac0812
ZBH,0001136869,0000950170-25-014972,2025-02-06T11:30:10.000Z,zbh-ex99_1.htm,https://www.sec.gov/Archives/edgar/data/1136869/000095017025014972/zbh-ex99_1.htm,0ca582e5b407ede13314f726ad30377d6f87b5c8b78c20978f3fa132d0e792d7,EPS,FY2025,NON_GAAP,NOT_APPLICABLE,USD_PER_SHARE,8.15,8.35,8.25,CURRENT_GUIDANCE_RANGE,AS_REPORTED,HTML_TABLE_GRID,0,CURRENT_CANDIDATE,CURRENT_GUIDANCE_RANGE,4,5,1,Adjusted Diluted EPS(1),"Projected Year Ending December 31, 2025 | 1.0% - 3.5% | (2.0)% - (1.5)% | 3.0% - 5.0%",Page 4 of 24 | Financial Guidance | The Company is providing the following full-year 2025 financial guidance: | Adjusted Diluted EPS(1) | $8.15 - $8.35,V8_FIVE_RELATION_CORRECTED_NOT_SOURCE_REVIEWED,,,ba718646be8d3085b2f8e5cf6bb17b9aa11221ab0d1cf68989cc2692d4e8c464
LIN,0001707925,0001654954-25-001186,2025-02-06T11:44:18.000Z,linde_ex991.htm,https://www.sec.gov/Archives/edgar/data/1707925/000165495425001186/linde_ex991.htm,3c87dc1982ba872504e7ff7d93dd3c5bed1a202107f89964f612573b0780255a,EPS,FY2025,NON_GAAP,NOT_APPLICABLE,USD_PER_SHARE,16.15,16.55,16.35,CURRENT_GUIDANCE_RANGE,AS_REPORTED,NARRATIVE_CLAUSE,37,CURRENT_CANDIDATE,CURRENT_GUIDANCE_RANGE,,,,,,"Full-year 2025 adjusted EPS guidance $16.15 - $16.55, represents 8%-11% growth ex.",V8_FIVE_RELATION_CORRECTED_NOT_SOURCE_REVIEWED,/html/body/document/type/sequence/filename/description/text/table[4]/tr[2]/td[3]/p,HTML_P,798b795beb2af64684599f0d4296f5726162bde395e4ea197ba36da16a00d085
TER,0000097210,0000950170-25-059568,2025-04-29T11:30:23.000Z,ter-ex99_1.htm,https://www.sec.gov/Archives/edgar/data/97210/000095017025059568/ter-ex99_1.htm,378b223e39bcddaad3cb8f81c00916054a7004cff984266910b8048acddfb93c,REVENUE,Q2-2025,UNSPECIFIED,NOT_APPLICABLE,USD,610000000,680000000,645000000,CURRENT_GUIDANCE_RANGE,AS_REPORTED,NARRATIVE_CLAUSE,54,CURRENT_CANDIDATE,CURRENT_GUIDANCE_RANGE,,,,,,"Guidance for the second quarter of 2025 is revenue of $610 million to $680 million, with GAAP net income of $0.35 to $0.58 per diluted share and non-GAAP net income of $0.41 to $0.64 per diluted share.",V8_FIVE_RELATION_CORRECTED_NOT_SOURCE_REVIEWED,/html/body/document/type/sequence/filename/description/text/div[2]/p[8],HTML_P,b69e0dbdc690c54d7e0ac063c3ae0cc5c909962fa38921e62f5138f2a03321d6
OGN,0001821825,0001104659-25-043023,2025-05-01T11:12:00.000Z,tm2513730d1_ex99-1.htm,https://www.sec.gov/Archives/edgar/data/1821825/000110465925043023/tm2513730d1_ex99-1.htm,a529a788a3ada055d19df31f9dd1d29331f2373597f7fcbdd39567ef92a82d47,MARGIN,FY2025,NON_GAAP,NOT_APPLICABLE,PERCENT,60,61,60.5,CURRENT_GUIDANCE_RANGE,AS_REPORTED,HTML_TABLE_GRID,0,CURRENT_CANDIDATE,CURRENT_GUIDANCE_RANGE,16,3,2,Adjusted gross margin,"Previous Guidance as of February 13, 2025 | $6.125B-$6.325B | ~$200M","Organon does not provide GAAP financial measures on a forward-looking basis because the company cannot predict with reasonable certainty and without unreasonable effort, the ultimate outcome of legal proceedings, unusual gains and losses, the occurrence of matters creating GAAP tax impacts, and acquisition-related expenses. These items are uncertain, depend on various factors, and could be material to Organon’s results computed in accordance with GAAP. | 5 | Full year 2025 financial guidance is presented below on a non-GAAP basis, except revenue. | Adjusted gross margin | | 60.0%-61.0% | | Unchanged",V8_FIVE_RELATION_CORRECTED_NOT_SOURCE_REVIEWED,,,3e73863946085bc8b0cafcb699e8123fa22f1221c911973a4dcc85cdc1761edc
OGN,0001821825,0001104659-25-043023,2025-05-01T11:12:00.000Z,tm2513730d1_ex99-1.htm,https://www.sec.gov/Archives/edgar/data/1821825/000110465925043023/tm2513730d1_ex99-1.htm,a529a788a3ada055d19df31f9dd1d29331f2373597f7fcbdd39567ef92a82d47,MARGIN,FY2025,NON_GAAP,NOT_APPLICABLE,PERCENT,31,32,31.5,CURRENT_GUIDANCE_RANGE,AS_REPORTED,HTML_TABLE_GRID,0,CURRENT_CANDIDATE,CURRENT_GUIDANCE_RANGE,16,7,2,Adjusted EBITDA margin (Non-GAAP),"Previous Guidance as of February 13, 2025 | $6.125B-$6.325B | ~$200M | 60.0%-61.0% | Mid 20% range | Upper single-digit | -","Organon does not provide GAAP financial measures on a forward-looking basis because the company cannot predict with reasonable certainty and without unreasonable effort, the ultimate outcome of legal proceedings, unusual gains and losses, the occurrence of matters creating GAAP tax impacts, and acquisition-related expenses. These items are uncertain, depend on various factors, and could be material to Organon’s results computed in accordance with GAAP. | 5 | Full year 2025 financial guidance is presented below on a non-GAAP basis, except revenue. | Adjusted EBITDA margin (Non-GAAP) | | 31.0%-32.0% | | Unchanged",V8_FIVE_RELATION_CORRECTED_NOT_SOURCE_REVIEWED,,,3e73863946085bc8b0cafcb699e8123fa22f1221c911973a4dcc85cdc1761edc
ZBH,0001136869,0000950170-25-063124,2025-05-05T10:30:09.000Z,zbh-ex99_1.htm,https://www.sec.gov/Archives/edgar/data/1136869/000095017025063124/zbh-ex99_1.htm,e19b5ebdbdc40c4f8885b976e168c1bf92c9e55f5c9e9a4d4965c7b95270fb97,EPS,FY2025,NON_GAAP,NOT_APPLICABLE,USD_PER_SHARE,7.9,8.1,8,CURRENT_GUIDANCE_RANGE,AS_REPORTED,HTML_TABLE_GRID,0,CURRENT_CANDIDATE,CURRENT_GUIDANCE_RANGE,3,7,2,Adjusted Diluted EPS(2),Updated Guidance | 5.7% - 8.2% | 0.0% - 0.5% | 5.7% - 7.7% | 3.0% - 5.0%,"Financial Guidance | The Company is updating its full-year 2025 reported revenue guidance to include the Paragon 28, Inc. (""Paragon 28"") acquisition and currency expectations, and full-year 2025 adjusted earnings per share guidance to include Paragon 28, currency and the impact from current tariff proposals: | Adjusted Diluted EPS(2) | $8.15 - $8.35 | $7.90 - $8.10",V8_FIVE_RELATION_CORRECTED_NOT_SOURCE_REVIEWED,,,4f145bd12e9323f2d67e9736f2ed2af63e0e362fcf5e7249528fb929f377683a
FLS,0000030625,0001193125-25-167111,2025-07-29T10:31:18.000Z,d12088dex991.htm,https://www.sec.gov/Archives/edgar/data/30625/000119312525167111/d12088dex991.htm,0cd684f27f7d8e37a88ed2b2287767e977bec723842d4f71891418e8d3c823a6,EPS,FY2025,NON_GAAP,NOT_APPLICABLE,USD_PER_SHARE,3.25,3.4,3.325,CURRENT_GUIDANCE_RANGE,AS_REPORTED,NARRATIVE_CLAUSE,67,CURRENT_CANDIDATE,CURRENT_GUIDANCE_RANGE,,,,,,"Increased full-year 2025 Adjusted EPS guidance from $3.10-$3.30 to $3.25-$3.40, an increase of more than 25% at the midpoint of the range versus last year",V8_FIVE_RELATION_CORRECTED_NOT_SOURCE_REVIEWED,/html/body/document/type/sequence/filename/description/text/center[1]/div/table[6]/tr/td[4]/p,HTML_P,73e83e4198b8d0689829c77f497dc0473c762d139aab7c93d3ce6b444bb9d3ee
TER,0000097210,0000950170-25-099876,2025-07-30T11:00:34.000Z,ter-ex99_1.htm,https://www.sec.gov/Archives/edgar/data/97210/000095017025099876/ter-ex99_1.htm,7ebc971359bfcf00112c6e0a5355dcf5a46bf484d282eca47ad73f062b7fe6ee,REVENUE,Q3-2025,UNSPECIFIED,NOT_APPLICABLE,USD,710000000,770000000,740000000,CURRENT_GUIDANCE_RANGE,AS_REPORTED,NARRATIVE_CLAUSE,53,CURRENT_CANDIDATE,CURRENT_GUIDANCE_RANGE,,,,,,"Guidance for the third quarter of 2025 is revenue of $710 million to $770 million, with GAAP net income of $0.62 to $0.80 per diluted share and non-GAAP net income of $0.69 to $0.87 per diluted share.",V8_FIVE_RELATION_CORRECTED_NOT_SOURCE_REVIEWED,/html/body/document/type/sequence/filename/description/text/div[2]/p[9],HTML_P,b5926d3eab24037ac4042ccf4cf295a55b2552029b34b77831371040f5e2fe08
LIN,0001707925,0001654954-25-008771,2025-08-01T10:04:08.000Z,lin_ex991.htm,https://www.sec.gov/Archives/edgar/data/1707925/000165495425008771/lin_ex991.htm,b3068c4bb62ba4d3c8530a7deece6ad38995d5f468a7975a4943dd86ad5d903e,EPS,FY2025,NON_GAAP,NOT_APPLICABLE,USD_PER_SHARE,16.3,16.5,16.4,CURRENT_GUIDANCE_RANGE,AS_REPORTED,NARRATIVE_CLAUSE,40,CURRENT_CANDIDATE,CURRENT_GUIDANCE_RANGE,,,,,,"Full-year 2025 adjusted EPS guidance of $16.30 - $16.50 representing 5% to 6%, or 4% to 5% ex.",V8_FIVE_RELATION_CORRECTED_NOT_SOURCE_REVIEWED,/html/body/document/type/sequence/filename/description/text/table[2]/tr[6]/td[3]/p,HTML_P,3ed084381b1723577a4f9ced0d6026487c594fea667ebf23ad4380687e71bd87
WAT,0001000697,0001193125-25-172076,2025-08-04T10:08:35.000Z,d26754dex991.htm,https://www.sec.gov/Archives/edgar/data/1000697/000119312525172076/d26754dex991.htm,88fd5ecb7f25b203786467e37df257b08fc986f627af2efac4092a8d515f3c80,EPS,Q3-2025,GAAP,NOT_APPLICABLE,USD_PER_SHARE,3.15,3.25,3.2,CURRENT_GUIDANCE_RANGE,AS_REPORTED,NARRATIVE_CLAUSE,74,CURRENT_CANDIDATE,CURRENT_GUIDANCE_RANGE,,,,,,"The Company expects third quarter 2025 non-GAAP EPS to be in the range of $3.15 to $3.25, which reflects year-over-year growth of approximately +8% to +11%.",V8_FIVE_RELATION_CORRECTED_NOT_SOURCE_REVIEWED,/html/body/document/type/sequence/filename/description/text/center[2]/div/p[8],HTML_P,be00f3ee9a5483969cfdab689d83aed0cc0335e2b13606840c5e65a4551795e7
WAT,0001000697,0001193125-25-172076,2025-08-04T10:08:35.000Z,d26754dex991.htm,https://www.sec.gov/Archives/edgar/data/1000697/000119312525172076/d26754dex991.htm,88fd5ecb7f25b203786467e37df257b08fc986f627af2efac4092a8d515f3c80,EPS,FY2025,GAAP,NOT_APPLICABLE,USD_PER_SHARE,12.95,13.05,13,CURRENT_GUIDANCE_RANGE,AS_REPORTED,NARRATIVE_CLAUSE,133,CURRENT_CANDIDATE,CURRENT_GUIDANCE_RANGE,,,,,,Raising full-year 2025 constant currency sales growth guidance to +5.5% to +7.5% and raising full-year 2025 non-GAAP EPS guidance to $12.95 to $13.05,V8_FIVE_RELATION_CORRECTED_NOT_SOURCE_REVIEWED,/html/body/document/type/sequence/filename/description/text/center[1]/div/table[6]/tr/td[4]/p,HTML_P,a91b0fb6dddf1dfcf48cb84c69dd8439382bbd13faaa261ea099327ec0817ed1
OGN,0001821825,0001104659-25-073929,2025-08-05T11:44:59.000Z,tm2522571d1_ex99-1.htm,https://www.sec.gov/Archives/edgar/data/1821825/000110465925073929/tm2522571d1_ex99-1.htm,79b1a334531aae556316bbb2da28c83a1632649902d945ba2b2d7abd849380ef,MARGIN,FY2025,NON_GAAP,NOT_APPLICABLE,PERCENT,60,61,60.5,CURRENT_GUIDANCE_RANGE,AS_REPORTED,HTML_TABLE_GRID,0,CURRENT_CANDIDATE,CURRENT_GUIDANCE_RANGE,6,5,2,Adjusted gross margin,"Previous Guidance as of May 1, 2025 | $6.125B - $6.325B | (4.3%) - (1.2%) | ~$200M | (1.2%) - 1.9%","Full Year Guidance | Organon does not provide GAAP financial measures on a forward-looking basis because the company cannot predict with reasonable certainty and without unreasonable effort, the ultimate outcome of legal proceedings, unusual gains and losses, the occurrence of matters creating GAAP tax impacts, and acquisition-related expenses. These items are uncertain, depend on various factors, and could be material to Organon’s results computed in accordance with GAAP. | Full year 2025 financial guidance is presented below on a non-GAAP basis, except revenue. | Adjusted gross margin | | 60.0%-61.0% | | Unchanged",V8_FIVE_RELATION_CORRECTED_NOT_SOURCE_REVIEWED,,,69d50e4627371d803f2ab628f0acc1c26b62619c923ecad2cd7ae23d640cf780
OGN,0001821825,0001104659-25-073929,2025-08-05T11:44:59.000Z,tm2522571d1_ex99-1.htm,https://www.sec.gov/Archives/edgar/data/1821825/000110465925073929/tm2522571d1_ex99-1.htm,79b1a334531aae556316bbb2da28c83a1632649902d945ba2b2d7abd849380ef,MARGIN,FY2025,NON_GAAP,NOT_APPLICABLE,PERCENT,31,32,31.5,CURRENT_GUIDANCE_RANGE,AS_REPORTED,HTML_TABLE_GRID,0,CURRENT_CANDIDATE,CURRENT_GUIDANCE_RANGE,6,9,2,Adjusted EBITDA margin (Non-GAAP),"Previous Guidance as of May 1, 2025 | $6.125B - $6.325B | (4.3%) - (1.2%) | ~$200M | (1.2%) - 1.9% | 60.0%-61.0% | Mid 20% range | Upper single-digit | $6 million","Full Year Guidance | Organon does not provide GAAP financial measures on a forward-looking basis because the company cannot predict with reasonable certainty and without unreasonable effort, the ultimate outcome of legal proceedings, unusual gains and losses, the occurrence of matters creating GAAP tax impacts, and acquisition-related expenses. These items are uncertain, depend on various factors, and could be material to Organon’s results computed in accordance with GAAP. | Full year 2025 financial guidance is presented below on a non-GAAP basis, except revenue. | Adjusted EBITDA margin (Non-GAAP) | | 31.0%-32.0% | | Unchanged",V8_FIVE_RELATION_CORRECTED_NOT_SOURCE_REVIEWED,,,69d50e4627371d803f2ab628f0acc1c26b62619c923ecad2cd7ae23d640cf780
ZBH,0001136869,0000950170-25-104527,2025-08-07T10:30:12.000Z,zbh-ex99_1.htm,https://www.sec.gov/Archives/edgar/data/1136869/000095017025104527/zbh-ex99_1.htm,707d756b5a4b36616084556683d6559a4aa714beccdb4102d7080da8d2ad4d53,EPS,FY2025,NON_GAAP,NOT_APPLICABLE,USD_PER_SHARE,8.1,8.3,8.2,CURRENT_GUIDANCE_RANGE,AS_REPORTED,HTML_TABLE_GRID,0,CURRENT_CANDIDATE,CURRENT_GUIDANCE_RANGE,4,7,2,Adjusted Diluted EPS(2),Updated Guidance | 6.7%- 7.7% | 0.5% | 6.2% - 7.2% | 3.5% - 4.5%,"Financial Guidance | The Company is updating its full-year 2025 financial guidance to tighten full-year 2025 reported, constant currency and organic constant currency1 revenue guidance and increase adjusted2 earnings per share financial guidance: | Adjusted Diluted EPS(2) | $7.90 - $8.10 | $8.10 - $8.30",V8_FIVE_RELATION_CORRECTED_NOT_SOURCE_REVIEWED,,,ea01d3e2a87362017bbeae34ff0353c72757dc1bb46b1829aa0592893246fb72
EQR,0000906107,0001193125-25-253637,2025-10-28T20:37:33.000Z,eqr-ex99_1.htm,https://www.sec.gov/Archives/edgar/data/906107/000119312525253637/eqr-ex99_1.htm,9d64aa46875a4a3947dc11bae82a8a29108bd930a891a7bac96c571ac6803c36,EPS,FY2025,UNSPECIFIED,NOT_APPLICABLE,USD_PER_SHARE,2.52,2.56,2.54,CURRENT_GUIDANCE_RANGE,AS_REPORTED,HTML_TABLE_GRID,0,CURRENT_CANDIDATE,CURRENT_GUIDANCE_RANGE,5,8,2,EPS,Revised | Same Store (includes Residential and Non-Residential): | 96.4% | 2.5% to 3.0% | 3.5% to 4.0% | 2.1% to 2.6%,"delivered over the next several years, particularly in our Coastal markets, powerful cost and social dynamics favoring rentership and a customer base that remains well employed with rising incomes.” | Full Year 2025 Guidance | The Company has provided guidance for its full year 2025 same store operating performance, EPS, FFO per share, Normalized FFO per share and transactions as listed below: | EPS | | $2.52 to $2.56 | | $2.96 to $3.02 | | $(0.45)",V8_FIVE_RELATION_CORRECTED_NOT_SOURCE_REVIEWED,,,cec0dfdd9048100c7d44322a5a9cdfac448e7b79b73cd356c5a7e09a3cabaceb
TER,0000097210,0001193125-25-254602,2025-10-29T11:00:29.000Z,ter-ex99_1.htm,https://www.sec.gov/Archives/edgar/data/97210/000119312525254602/ter-ex99_1.htm,c7ec2c609479d614b5a3fefc9d9c93dd0bd57db5f2859c2e662a5faf860a69f3,REVENUE,Q4-2025,UNSPECIFIED,NOT_APPLICABLE,USD,920000000,1000000000,960000000,CURRENT_GUIDANCE_RANGE,AS_REPORTED,NARRATIVE_CLAUSE,54,CURRENT_CANDIDATE,CURRENT_GUIDANCE_RANGE,,,,,,"Guidance for the fourth quarter of 2025 is revenue of $920 million to $1,000 million, with GAAP net income of $1.12 to $1.39 per diluted share and non-GAAP net income of $1.20 to $1.46 per diluted share.",V8_FIVE_RELATION_CORRECTED_NOT_SOURCE_REVIEWED,/html/body/document/type/sequence/filename/description/text/div[2]/p[9],HTML_P,f050cf84d8f3eae8f7a87cc5aa270aafde14f0d8de61f482060b0a05092dc2ed
LIN,0001707925,0001654954-25-012384,2025-10-31T10:45:37.000Z,lin_ex991.htm,https://www.sec.gov/Archives/edgar/data/1707925/000165495425012384/lin_ex991.htm,e93f1c85157c67d0f8da2fb3b0a6d5fee33ce9b46bfc310d71889588e2970b65,EPS,FY2025,NON_GAAP,NOT_APPLICABLE,USD_PER_SHARE,16.35,16.45,16.4,CURRENT_GUIDANCE_RANGE,AS_REPORTED,NARRATIVE_CLAUSE,102,CURRENT_CANDIDATE,CURRENT_GUIDANCE_RANGE,,,,,,"For the full year 2025, the company expects adjusted diluted earnings per share to be in the range of $16.35 to $16.45, up 5% to 6% versus prior year with estimated currency to be flat.",V8_FIVE_RELATION_CORRECTED_NOT_SOURCE_REVIEWED,/html/body/document/type/sequence/filename/description/text/p[22],HTML_P,cfc05c730f8ab3d2135a7baa899b08ddc804542a7a42211fa4f1223145e11b7b
WAT,0001000697,0001193125-25-263520,2025-11-04T12:00:06.000Z,d40092dex991.htm,https://www.sec.gov/Archives/edgar/data/1000697/000119312525263520/d40092dex991.htm,0247798c2abfd693da7c13d2ee043d01494955e72e08c2a12cd29530e9df03b2,EPS,Q4-2025,GAAP,NOT_APPLICABLE,USD_PER_SHARE,4.45,4.55,4.5,CURRENT_GUIDANCE_RANGE,AS_REPORTED,NARRATIVE_CLAUSE,75,CURRENT_CANDIDATE,CURRENT_GUIDANCE_RANGE,,,,,,"The Company expects fourth quarter 2025 non-GAAP EPS to be in the range of $4.45 to $4.55, which reflects",V8_FIVE_RELATION_CORRECTED_NOT_SOURCE_REVIEWED,/html/body/document/type/sequence/filename/description/text/center[2]/div/p[9],HTML_P,1066e06cd6c9f1584f669122efaab3c0dceffa4e78fc4764c81244ed6cbeee56
ZBH,0001136869,0001193125-25-265649,2025-11-05T11:30:25.000Z,zbh-ex99_1.htm,https://www.sec.gov/Archives/edgar/data/1136869/000119312525265649/zbh-ex99_1.htm,31caba9357b0965b597f65993dfa39a42c2c00212bdb5f96c7a0fde347a486e6,EPS,FY2025,NON_GAAP,NOT_APPLICABLE,USD_PER_SHARE,8.1,8.3,8.2,CURRENT_GUIDANCE_RANGE,AS_REPORTED,HTML_TABLE_GRID,0,CURRENT_CANDIDATE,CURRENT_GUIDANCE_RANGE,4,7,2,Adjusted Diluted EPS(2),Updated Guidance | 6.7% - 7.7% | 0.5% - 1.0% | 6.2% - 6.7% | 3.5% - 4.0%,Financial Guidance | The Company is maintaining reported revenue growth and adjusted2 earnings per share guidance and narrowing full-year 2025 constant currency and organic constant currency1 revenue growth guidance to reflect currency expectations: | Adjusted Diluted EPS(2) | $8.10 - $8.30 | $8.10 - $8.30,V8_FIVE_RELATION_CORRECTED_NOT_SOURCE_REVIEWED,,,ba0ea45dc83ac3021a814c4d0c368590ea74382e5247e6283ca77ae14d1a3c16
OGN,0001821825,0001104659-25-108821,2025-11-10T12:34:43.000Z,tm2530711d1_ex99-1.htm,https://www.sec.gov/Archives/edgar/data/1821825/000110465925108821/tm2530711d1_ex99-1.htm,8a7ac8d3a4a16956579b61e8f460b42bd3bdaabe5a98dbad9e328a0e1706e0df,MARGIN,FY2025,NON_GAAP,NOT_APPLICABLE,PERCENT,60,61,60.5,CURRENT_GUIDANCE_RANGE,AS_REPORTED,HTML_TABLE_GRID,0,CURRENT_CANDIDATE,CURRENT_GUIDANCE_RANGE,10,5,2,Adjusted gross margin,"Previous Guidance as of August 5, 2025 | $6.275B - $6.375B | (2.0%) - (0.4%) | ~$50M headwind | (1.2%) - 0.3%","Organon does not provide GAAP financial measures on a forward-looking basis because the company cannot predict with reasonable certainty and without unreasonable effort, the ultimate outcome of legal proceedings, unusual gains and losses, the occurrence of matters creating GAAP tax impacts, and acquisition-related expenses. These items are uncertain, depend on various factors, and could be material to Organon’s results computed in accordance with GAAP. | 5 | Full year 2025 financial guidance is presented below on a non-GAAP basis, except revenue. | Adjusted gross margin | | 60.0%-61.0% | | Unchanged",V8_FIVE_RELATION_CORRECTED_NOT_SOURCE_REVIEWED,,,ca266ef8932c981cdb14ee1334a188d9dec5c2eda294c3706a2b814960f215d8
TER,0000097210,0001193125-26-034348,2026-02-03T11:01:44.000Z,ter-ex99_1.htm,https://www.sec.gov/Archives/edgar/data/97210/000119312526034348/ter-ex99_1.htm,b6823db559229b8a2cf083efaab072f393887bfdf34e48929b5a00f9e730ee45,REVENUE,Q1-2026,UNSPECIFIED,NOT_APPLICABLE,USD,1150000000,1250000000,1200000000,CURRENT_GUIDANCE_RANGE,AS_REPORTED,NARRATIVE_CLAUSE,53,CURRENT_CANDIDATE,CURRENT_GUIDANCE_RANGE,,,,,,"Guidance for the first quarter of 2026 is revenue of $1,150 million to $1,250 million, with GAAP net income of $1.82 to $2.19 per diluted share and non-GAAP net income of $1.89 to $2.25 per diluted share.",V8_FIVE_RELATION_CORRECTED_NOT_SOURCE_REVIEWED,/html/body/document/type/sequence/filename/description/text/div[2]/p[9],HTML_P,cd9423fd95dfe94a19aa09fa234027f31cde926dab2e80337b0ffd53702d9043
EQR,0000906107,0001193125-26-039455,2026-02-05T21:22:24.000Z,eqr-ex99_1.htm,https://www.sec.gov/Archives/edgar/data/906107/000119312526039455/eqr-ex99_1.htm,762f114c96f764c1556f37a15fbaad4aca1891be3560ce385e1a48cab4dcc319,EPS,FY2026,UNSPECIFIED,NOT_APPLICABLE,USD_PER_SHARE,1.44,1.56,1.5,CURRENT_GUIDANCE_RANGE,AS_REPORTED,HTML_TABLE_GRID,0,CURRENT_CANDIDATE,CURRENT_GUIDANCE_RANGE,5,7,2,EPS,Same Store (includes Residential and Non-Residential): | 96.4% | 1.2% to 3.2% | 3.0% to 4.0% | 0.5% to 2.5%,"“With new apartment supply dramatically declining, continued social and cost considerations that favor rental housing and a portfolio that is well positioned with high current occupancy and significant exposure to the strong San Francisco and New York markets, we expect operating momentum to improve as we move through the year,"" said Mark J. Parrell, Equity Residential's President and CEO. ""In the meantime, we continue to be opportunistic and agile with our investors’ capital. We repurchased approximately $300 million of our stock during the year using sale proceeds from properties with slower forward growth prospects. At this price, and with the positive near term prospects we see for our business, we feel that our stock is a bargain.” | Full Year 2026 Guidance | The Company has provided guidance for its full year 2026 same store operating performance, EPS, FFO per share and Normalized FFO per share as listed below: | EPS | | $1.44 to $1.56",V8_FIVE_RELATION_CORRECTED_NOT_SOURCE_REVIEWED,,,ebbd1860c580703042ffa4b2dace4ad62cef66513e2b06b012546d68e6fe1b44
ZBH,0001136869,0001193125-26-043620,2026-02-10T11:30:26.000Z,zbh-ex99_1.htm,https://www.sec.gov/Archives/edgar/data/1136869/000119312526043620/zbh-ex99_1.htm,6b43d2710017bd43bd430617a4c47e46506a0545e51fb838837db6116b2b5ca5,EPS,FY2026,NON_GAAP,NOT_APPLICABLE,USD_PER_SHARE,8.3,8.45,8.375,CURRENT_GUIDANCE_RANGE,AS_REPORTED,HTML_TABLE_GRID,0,CURRENT_CANDIDATE,CURRENT_GUIDANCE_RANGE,4,7,1,Adjusted Diluted EPS(2),"Projected Year Ending December 31, 2026 | 2.5% - 4.5% | +0.50% | 2.0% - 4.0% | 1.0% - 3.0%",Financial Guidance | The Company is providing the following full-year 2026 financial guidance: | Adjusted Diluted EPS(2) | $8.30 - $8.45,V8_FIVE_RELATION_CORRECTED_NOT_SOURCE_REVIEWED,,,fcf5c0740b144187651dfbbdc5724266999a9713058922ebd19d5ee4e598440a
KR,0000056873,0001104659-26-023800,2026-03-05T11:52:13.000Z,tm267907d1_ex99-1.htm,https://www.sec.gov/Archives/edgar/data/56873/000110465926023800/tm267907d1_ex99-1.htm,74c1fd6becd1524d55cd63208f37b1ae256caa1b0f44ba26fc780a4033f60039,EPS,FY2026,UNSPECIFIED,NOT_APPLICABLE,USD_PER_SHARE,5.1,5.3,5.2,CURRENT_GUIDANCE_RANGE,AS_REPORTED,HTML_TABLE_GRID,0,CURRENT_CANDIDATE,CURRENT_GUIDANCE_RANGE,16,3,1,EPS,FY2026 Guidance | 1.0% - 2.0% | $5.0 - $5.2 billion,"Kroger’s net total debt to adjusted EBITDA ratio is 1.76, compared to 1.79 a year ago (Table 5). The company’s net total debt to adjusted EBITDA ratio target range is 2.30 to 2.50. Kroger’s strong balance sheet provides ample opportunities for the Company to invest in the business and enhance shareholder value. | 4 | Full-Year 2026 Guidance* | EPS | $5.10 - $5.30",V8_FIVE_RELATION_CORRECTED_NOT_SOURCE_REVIEWED,,,3836804b7a56c5ca00788c2a63536b9260c1ff0b391d46762918ec43da1430f2
KR,0000056873,0001104659-26-023800,2026-03-05T11:52:13.000Z,tm267907d1_ex99-1.htm,https://www.sec.gov/Archives/edgar/data/56873/000110465926023800/tm267907d1_ex99-1.htm,74c1fd6becd1524d55cd63208f37b1ae256caa1b0f44ba26fc780a4033f60039,FREE_CASH_FLOW,FY2026,NON_GAAP,NOT_APPLICABLE,USD,2700000000,2900000000,2800000000,CURRENT_GUIDANCE_RANGE,AS_REPORTED,HTML_TABLE_GRID,0,CURRENT_CANDIDATE,CURRENT_GUIDANCE_RANGE,16,4,1,Free Cash Flow,FY2026 Guidance | 1.0% - 2.0% | $5.0 - $5.2 billion | $5.10 - $5.30,"Kroger’s net total debt to adjusted EBITDA ratio is 1.76, compared to 1.79 a year ago (Table 5). The company’s net total debt to adjusted EBITDA ratio target range is 2.30 to 2.50. Kroger’s strong balance sheet provides ample opportunities for the Company to invest in the business and enhance shareholder value. | 4 | Full-Year 2026 Guidance* | Free Cash Flow | $2.7 - $2.9 billion",V8_FIVE_RELATION_CORRECTED_NOT_SOURCE_REVIEWED,,,c368d7138b465080f3796012c4916a5596113e1a8140edd9844a095171192c43
TER,0000097210,0001193125-26-188706,2026-04-29T10:00:49.000Z,ter-ex99_1.htm,https://www.sec.gov/Archives/edgar/data/97210/000119312526188706/ter-ex99_1.htm,0653aa4296fac9015f3ccfa57f11ac96dcb74986a21427396541fed2b618644c,REVENUE,Q2-2026,UNSPECIFIED,NOT_APPLICABLE,USD,1150000000,1250000000,1200000000,CURRENT_GUIDANCE_RANGE,AS_REPORTED,NARRATIVE_CLAUSE,54,CURRENT_CANDIDATE,CURRENT_GUIDANCE_RANGE,,,,,,"Guidance for the second quarter of 2026 is revenue of $1,150 million to $1,250 million, with GAAP net income of $1.83 to $2.12 per diluted share and non-GAAP net income of $1.86 to $2.15 per diluted share.",V8_FIVE_RELATION_CORRECTED_NOT_SOURCE_REVIEWED,/html/body/document/type/sequence/filename/description/text/div[2]/p[9],HTML_P,df706133d1972a743a2cd034be2f5d3e1bf6da8d5095322538acc8b40095b59b
LIN,0001707925,0001654954-26-004202,2026-05-01T10:47:13.000Z,lin_ex991.htm,https://www.sec.gov/Archives/edgar/data/1707925/000165495426004202/lin_ex991.htm,cdc9da9573198b4463f804140dde1017add322a0cdbcb6528c7b6c8c3140ec57,EPS,FY2026,NON_GAAP,NOT_APPLICABLE,USD_PER_SHARE,17.6,17.9,17.75,CURRENT_GUIDANCE_RANGE,AS_REPORTED,NARRATIVE_CLAUSE,40,CURRENT_CANDIDATE,CURRENT_GUIDANCE_RANGE,,,,,,Full-year 2026 adjusted EPS guidance of $17.60 - $17.90 representing 7% to 9% growth,V8_FIVE_RELATION_CORRECTED_NOT_SOURCE_REVIEWED,/html/body/document/type/sequence/filename/description/text/table[3]/tr[5]/td[3]/p,HTML_P,c80b7ecaa6561f7e78d61ef2b62ecc33c31e9e7acc2b71cdc35fd5813e599a86
LIN,0001707925,0001654954-26-004202,2026-05-01T10:47:13.000Z,lin_ex991.htm,https://www.sec.gov/Archives/edgar/data/1707925/000165495426004202/lin_ex991.htm,cdc9da9573198b4463f804140dde1017add322a0cdbcb6528c7b6c8c3140ec57,EPS,FY2026,NON_GAAP,NOT_APPLICABLE,USD_PER_SHARE,17.6,17.9,17.75,CURRENT_GUIDANCE_RANGE,AS_REPORTED,NARRATIVE_CLAUSE,102,CURRENT_CANDIDATE,CURRENT_GUIDANCE_RANGE,,,,,,"For the full year 2026, the company expects adjusted diluted earnings per share to be in the range of $17.60 to $17.90, up 7% to 9%, assuming favorable currency of 1%.",V8_FIVE_RELATION_CORRECTED_NOT_SOURCE_REVIEWED,/html/body/document/type/sequence/filename/description/text/p[23],HTML_P,b20d3d78ae40eb054a5683da265719a51b9ed30af1e2ae029aa49c4e8f30c6d3
TKO,0001973266,0001193125-26-208955,2026-05-06T20:08:21.000Z,tko-ex99_1.htm,https://www.sec.gov/Archives/edgar/data/1973266/000119312526208955/tko-ex99_1.htm,234f32eb34e786e6ca8a3349e3d50378aea289cee8209daf30e92a3877aac03e,REVENUE,FY2026,UNSPECIFIED,NOT_APPLICABLE,USD,5675000000,5775000000,5725000000,CURRENT_GUIDANCE_RANGE,AS_REPORTED,NARRATIVE_CLAUSE,234,CURRENT_CANDIDATE,CURRENT_GUIDANCE_RANGE,,,,,,"Based on performance through the first three months of the year and our anticipated performance for the remainder of the year, the Company is reaffirming its guidance for the full year 2026. The Company continues to target revenue of $5.675 billion to $5.775 billion and Adjusted EBITDA of $2.240 billion to $2.290 billion.",V8_FIVE_RELATION_CORRECTED_NOT_SOURCE_REVIEWED,/html/body/document/type/sequence/filename/description/text/div[17]/p[5],HTML_P,5e1fd768c7260a4c9e57c56cddb21e9a7901a3cdd7fd2c5ccaf292022c600200
FBIN,0001519751,0001193125-26-211899,2026-05-07T20:10:19.000Z,fbin-ex99_1.htm,https://www.sec.gov/Archives/edgar/data/1519751/000119312526211899/fbin-ex99_1.htm,3173e432d0f5028298e426017005f59fc85204679dfb241bcddbd82162aef968,EPS,FY2026,NON_GAAP,NOT_APPLICABLE,USD_PER_SHARE,3,3.3,3.15,CURRENT_GUIDANCE_RANGE,AS_REPORTED,HTML_TABLE_GRID,0,CURRENT_CANDIDATE,CURRENT_GUIDANCE_RANGE,3,4,2,EPS before charges / gains,Updated 2026 Full-Year Guidance | Down low single digits,"2026 Full-Year Guidance | “We have updated our full-year 2026 guidance and financial assumptions to reflect sales in line with the market. Our update also reflects a more uncertain external environment due to increased commodity inflation and more cautious consumer sentiment. While near-term conditions have become more challenging, our teams are responding by taking action across the entire P&L to offset headwinds and enhance profitability. Once conditions stabilize, we believe we are well positioned to deliver improved performance and create long-term value,” said Fortune Brands Interim Chief Financial Officer Ashley George. | 2026 Financial Guidance | EPS before charges / gains | $3.35 to $3.65 | $3.00 to $3.30",V8_FIVE_RELATION_CORRECTED_NOT_SOURCE_REVIEWED,,,5ca365cdeb871e62f7c28b8f36db77279ea7962f75bfe494a039a2d3212f986a
ABT,0000001800,0001104659-16-150813,2016-10-19T11:51:59.000Z,a16-20110_1ex99d1.htm,https://www.sec.gov/Archives/edgar/data/1800/000110465916150813/a16-20110_1ex99d1.htm,9b52e60942433af69284865d3bc6e9de01a44cf9218f99c600cc41909efb54ba,EPS,FY2016,GAAP,NOT_APPLICABLE,USD_PER_SHARE,0.59,0.61,0.6,CURRENT_GUIDANCE_RANGE,AS_REPORTED,NARRATIVE_CLAUSE,107,CURRENT_CANDIDATE,CURRENT_GUIDANCE_RANGE,,,,,,"· Abbott adjusted its full-year 2016 EPS guidance for continuing operations under GAAP to $0.59 to $0.61, and narrowed and raised at the mid-point its full-year 2016 adjusted EPS for continuing operations to $2.19 to $2.21, exceeding its initial guidance for the year.",V8_FIVE_RELATION_CORRECTED_NOT_SOURCE_REVIEWED,/html/body/document/type/sequence/filename/description/text/div[1]/p[14],HTML_P,acbcf6be2263e05b8d5670a435c7f53ad049863567297b82af85683ebca22500
ABT,0000001800,0001104659-16-150813,2016-10-19T11:51:59.000Z,a16-20110_1ex99d1.htm,https://www.sec.gov/Archives/edgar/data/1800/000110465916150813/a16-20110_1ex99d1.htm,9b52e60942433af69284865d3bc6e9de01a44cf9218f99c600cc41909efb54ba,EPS,FY2016,NON_GAAP,NOT_APPLICABLE,USD_PER_SHARE,2.19,2.21,2.2,CURRENT_GUIDANCE_RANGE,AS_REPORTED,NARRATIVE_CLAUSE,225,CURRENT_CANDIDATE,CURRENT_GUIDANCE_RANGE,,,,,,"· Abbott adjusted its full-year 2016 EPS guidance for continuing operations under GAAP to $0.59 to $0.61, and narrowed and raised at the mid-point its full-year 2016 adjusted EPS for continuing operations to $2.19 to $2.21, exceeding its initial guidance for the year.",V8_FIVE_RELATION_CORRECTED_NOT_SOURCE_REVIEWED,/html/body/document/type/sequence/filename/description/text/div[1]/p[14],HTML_P,84facc2e89f581f211b9ce12efb4a7c652b07e602d357611ef2a46c27dede616
ABT,0000001800,0001104659-16-150813,2016-10-19T11:51:59.000Z,a16-20110_1ex99d1.htm,https://www.sec.gov/Archives/edgar/data/1800/000110465916150813/a16-20110_1ex99d1.htm,9b52e60942433af69284865d3bc6e9de01a44cf9218f99c600cc41909efb54ba,EPS,FY2016,NON_GAAP,NOT_APPLICABLE,USD_PER_SHARE,2.19,2.21,2.2,CURRENT_GUIDANCE_RANGE,AS_REPORTED,NARRATIVE_CLAUSE,160,CURRENT_CANDIDATE,CURRENT_GUIDANCE_RANGE,,,,,,"Excluding specified items, Abbott is raising the mid-point and narrowing its full-year 2016 guidance range for earnings per share from continuing operations to $2.19 to $2.21, exceeding its initial guidance for the year.",V8_FIVE_RELATION_CORRECTED_NOT_SOURCE_REVIEWED,/html/body/document/type/sequence/filename/description/text/div[8]/p[8],HTML_P,88b64c7cdd27f6d7da41b1a6363e4ff1120df6ac9be9cf1637258d0a2f0f11db
ABT,0000001800,0001104659-17-003920,2017-01-25T12:55:36.000Z,a17-3070_1ex99d1.htm,https://www.sec.gov/Archives/edgar/data/1800/000110465917003920/a17-3070_1ex99d1.htm,657d097dd23efade6e0e340993c9fb5713450af4a705dd8305795270c5ddba3e,EPS,FY2017,GAAP,NOT_APPLICABLE,USD_PER_SHARE,0.92,1.02,0.97,CURRENT_GUIDANCE_RANGE,AS_REPORTED,NARRATIVE_CLAUSE,120,CURRENT_CANDIDATE,CURRENT_GUIDANCE_RANGE,,,,,,"· Abbott issues full-year 2017 guidance range for diluted EPS from continuing operations under GAAP of $0.92 to $1.02, including intangible amortization and integration expenses related to the acquisition of St.",V8_FIVE_RELATION_CORRECTED_NOT_SOURCE_REVIEWED,/html/body/document/type/sequence/filename/description/text/div[1]/p[15],HTML_P,99f8cc09c080fad76b244895f4458d9cdf9c85865f348ac863bafc566da85830
ABT,0000001800,0001104659-17-003920,2017-01-25T12:55:36.000Z,a17-3070_1ex99d1.htm,https://www.sec.gov/Archives/edgar/data/1800/000110465917003920/a17-3070_1ex99d1.htm,657d097dd23efade6e0e340993c9fb5713450af4a705dd8305795270c5ddba3e,EPS,FY2017,NON_GAAP,NOT_APPLICABLE,USD_PER_SHARE,2.4,2.5,2.45,CURRENT_GUIDANCE_RANGE,AS_REPORTED,NARRATIVE_CLAUSE,346,CURRENT_CANDIDATE,CURRENT_GUIDANCE_RANGE,,,,,,"Excluding specified items, projected full-year 2017 adjusted diluted EPS from continuing operations is $2.40 to $2.50.",V8_FIVE_RELATION_CORRECTED_NOT_SOURCE_REVIEWED,/html/body/document/type/sequence/filename/description/text/div[1]/p[15],HTML_P,e35a910cf916c8ffc27e4f30c9123f40429f8979422aadbe66d27803ffbbd018
ABT,0000001800,0001104659-17-003920,2017-01-25T12:55:36.000Z,a17-3070_1ex99d1.htm,https://www.sec.gov/Archives/edgar/data/1800/000110465917003920/a17-3070_1ex99d1.htm,657d097dd23efade6e0e340993c9fb5713450af4a705dd8305795270c5ddba3e,EPS,FY2017,GAAP,NOT_APPLICABLE,USD_PER_SHARE,0.92,1.02,0.97,CURRENT_GUIDANCE_RANGE,AS_REPORTED,NARRATIVE_CLAUSE,157,CURRENT_CANDIDATE,CURRENT_GUIDANCE_RANGE,,,,,,"Abbott is issuing full-year 2017 guidance for diluted earnings per share from continuing operations under Generally Accepted Accounting Principles (GAAP) of $0.92 to $1.02, including amortization and integration expenses related to the acquisition of St.",V8_FIVE_RELATION_CORRECTED_NOT_SOURCE_REVIEWED,/html/body/document/type/sequence/filename/description/text/div[8]/p[4],HTML_P,43ca93f781aab0a02767dd3f2634bd4271f5769ce72a27ce52f77bae4a902b1c
ABT,0000001800,0001104659-17-003920,2017-01-25T12:55:36.000Z,a17-3070_1ex99d1.htm,https://www.sec.gov/Archives/edgar/data/1800/000110465917003920/a17-3070_1ex99d1.htm,657d097dd23efade6e0e340993c9fb5713450af4a705dd8305795270c5ddba3e,EPS,Q1-2017,GAAP,NOT_APPLICABLE,USD_PER_SHARE,0.19,0.21,0.2,CURRENT_GUIDANCE_RANGE,AS_REPORTED,NARRATIVE_CLAUSE,118,CURRENT_CANDIDATE,CURRENT_GUIDANCE_RANGE,,,,,,"Abbott is issuing first-quarter 2017 guidance for diluted earnings per share from continuing operations under GAAP of $0.19 to $0.21. Abbott forecasts specified items for the first quarter 2017 of $0.23 related to the same items discussed above for the full year 2017. Excluding specified items, projected adjusted diluted earnings per share from continuing operations would be $0.42 to $0.44 for the first quarter.",V8_FIVE_RELATION_CORRECTED_NOT_SOURCE_REVIEWED,/html/body/document/type/sequence/filename/description/text/div[8]/p[10],HTML_P,c4cd9b4f84d9c1fe70c39d12d1016e8be0ff97ce464578df26cbd698cddf7cf2
ABT,0000001800,0001104659-17-003920,2017-01-25T12:55:36.000Z,a17-3070_1ex99d1.htm,https://www.sec.gov/Archives/edgar/data/1800/000110465917003920/a17-3070_1ex99d1.htm,657d097dd23efade6e0e340993c9fb5713450af4a705dd8305795270c5ddba3e,EPS,Q1-2017,NON_GAAP,NOT_APPLICABLE,USD_PER_SHARE,0.42,0.44,0.43,CURRENT_GUIDANCE_RANGE,AS_REPORTED,NARRATIVE_CLAUSE,378,CURRENT_CANDIDATE,CURRENT_GUIDANCE_RANGE,,,,,,"Abbott is issuing first-quarter 2017 guidance for diluted earnings per share from continuing operations under GAAP of $0.19 to $0.21. Abbott forecasts specified items for the first quarter 2017 of $0.23 related to the same items discussed above for the full year 2017. Excluding specified items, projected adjusted diluted earnings per share from continuing operations would be $0.42 to $0.44 for the first quarter.",V8_FIVE_RELATION_CORRECTED_NOT_SOURCE_REVIEWED,/html/body/document/type/sequence/filename/description/text/div[8]/p[10],HTML_P,0b847687969267433d66e4fb0e8c7958f14e5b97b768f6fd5a2fa7e2b9be4621
IDXX,0000874716,0001144204-17-005477,2017-02-02T12:01:20.000Z,v458140_ex99-1.htm,https://www.sec.gov/Archives/edgar/data/874716/000114420417005477/v458140_ex99-1.htm,b1d73a84f74c710cf86eb4182eb4eaf4b5f59ba4a3deee1f2acef0b69ee0e142,EPS,FY2017,UNSPECIFIED,NOT_APPLICABLE,USD_PER_SHARE,2.85,3.01,2.93,CURRENT_GUIDANCE_RANGE,AS_REPORTED,NARRATIVE_CLAUSE,691,CURRENT_CANDIDATE,CURRENT_GUIDANCE_RANGE,,,,,,"Based on its strong 2016 performance and momentum in executing its innovation and commercial strategies, the Company is reaffirming its full year 2017 organic revenue growth outlook of 9% – 10.5%, and raising its EPS guidance range to $2.85 - $3.01, supported by continued operating margin expansion aligned with its long-term goals.",V8_FIVE_RELATION_CORRECTED_NOT_SOURCE_REVIEWED,/html/body/document/type/sequence/filename/description/text/div[4]/div/p[2],HTML_P,999f0d223d84d18e97d61d3e3cbeea0f133187139f66198ec4ebcda13064dcf0
TXT,0000217346,0001104659-17-024320,2017-04-19T10:37:41.000Z,a17-11537_1ex99d1.htm,https://www.sec.gov/Archives/edgar/data/217346/000110465917024320/a17-11537_1ex99d1.htm,2c97fad4d15a19450dbeead84a2a610ea91f3c603e3c8bc4b69a0967a1e1439c,EPS,FY2017,GAAP,NOT_APPLICABLE,USD_PER_SHARE,2.22,2.45,2.335,CURRENT_GUIDANCE_RANGE,AS_REPORTED,NARRATIVE_CLAUSE,229,CURRENT_CANDIDATE,CURRENT_GUIDANCE_RANGE,,,,,,"The company now expects full-year 2017 GAAP earnings per share from continuing operations in a range of $2.22 to $2.45, or $2.40 to $2.60 on an adjusted basis (non-GAAP), which is reconciled to GAAP in an attachment to this release.",V8_FIVE_RELATION_CORRECTED_NOT_SOURCE_REVIEWED,/html/body/document/type/sequence/filename/description/text/div[2]/p[4],HTML_P,9b89cb9e8618433b363cd8e42cac1056c0556dd977dd1460c661be8160bcabd5
TXT,0000217346,0001104659-17-024320,2017-04-19T10:37:41.000Z,a17-11537_1ex99d1.htm,https://www.sec.gov/Archives/edgar/data/217346/000110465917024320/a17-11537_1ex99d1.htm,2c97fad4d15a19450dbeead84a2a610ea91f3c603e3c8bc4b69a0967a1e1439c,EPS,FY2017,NON_GAAP,NOT_APPLICABLE,USD_PER_SHARE,2.4,2.6,2.5,CURRENT_GUIDANCE_RANGE,AS_REPORTED,NARRATIVE_CLAUSE,248,CURRENT_CANDIDATE,CURRENT_GUIDANCE_RANGE,,,,,,"The company now expects full-year 2017 GAAP earnings per share from continuing operations in a range of $2.22 to $2.45, or $2.40 to $2.60 on an adjusted basis (non-GAAP), which is reconciled to GAAP in an attachment to this release.",V8_FIVE_RELATION_CORRECTED_NOT_SOURCE_REVIEWED,/html/body/document/type/sequence/filename/description/text/div[2]/p[4],HTML_P,58299a7a8a8fbecec25edf538f21d5f57ed5a711c88fb21671fc8859dead1870
ABT,0000001800,0001104659-18-062380,2018-10-17T11:54:13.000Z,a18-36824_1ex99d1.htm,https://www.sec.gov/Archives/edgar/data/1800/000110465918062380/a18-36824_1ex99d1.htm,9c6f9f0b83a70ec214ed7bf5d15bf6c17bffd2d5c48d5950cf592e6d5ea0335a,EPS,FY2018,GAAP,NOT_APPLICABLE,USD_PER_SHARE,1.33,1.35,1.34,CURRENT_GUIDANCE_RANGE,AS_REPORTED,NARRATIVE_CLAUSE,127,CURRENT_CANDIDATE,CURRENT_GUIDANCE_RANGE,,,,,,· Abbott narrowed its full-year 2018 diluted EPS guidance range from continuing operations on a GAAP basis to $1.33 to $1.35 and adjusted diluted EPS from continuing operations to $2.87 to $2.89.,V8_FIVE_RELATION_CORRECTED_NOT_SOURCE_REVIEWED,/html/body/document/type/sequence/filename/description/text/div[1]/p[15],HTML_P,95f74e9bba9863de88518c525985aeb9c4edb4ba8993b5736775b2687ddb0a3c
ABT,0000001800,0001104659-18-062380,2018-10-17T11:54:13.000Z,a18-36824_1ex99d1.htm,https://www.sec.gov/Archives/edgar/data/1800/000110465918062380/a18-36824_1ex99d1.htm,9c6f9f0b83a70ec214ed7bf5d15bf6c17bffd2d5c48d5950cf592e6d5ea0335a,EPS,FY2018,NON_GAAP,NOT_APPLICABLE,USD_PER_SHARE,2.87,2.89,2.88,CURRENT_GUIDANCE_RANGE,AS_REPORTED,NARRATIVE_CLAUSE,197,CURRENT_CANDIDATE,CURRENT_GUIDANCE_RANGE,,,,,,· Abbott narrowed its full-year 2018 diluted EPS guidance range from continuing operations on a GAAP basis to $1.33 to $1.35 and adjusted diluted EPS from continuing operations to $2.87 to $2.89.,V8_FIVE_RELATION_CORRECTED_NOT_SOURCE_REVIEWED,/html/body/document/type/sequence/filename/description/text/div[1]/p[15],HTML_P,e8d952c465e7e814662d4855e8db8f2a5b0bb92585eaaa2d44dd80820b418717
CTSH,0001058290,0001058290-19-000014,2019-05-02T20:02:31.000Z,exhibit9913312019.htm,https://www.sec.gov/Archives/edgar/data/1058290/000105829019000014/exhibit9913312019.htm,b6165e3353edd4ec38441d2acca239eb751729a4415f60d4fdafe9cd24d9f162,EPS,FY2019,NON_GAAP,NOT_APPLICABLE,USD_PER_SHARE,3.87,3.95,3.91,CURRENT_GUIDANCE_RANGE,AS_REPORTED,HTML_TABLE_GRID,0,CURRENT_CANDIDATE,CURRENT_GUIDANCE_RANGE,15,18,11,Adjusted Diluted Earnings Per Share | $ | 0.91 | $ | 0.94,"Guidance | Full Year 2019 | (a) | (b) | approximately 17.0% | (a), (b) | (c) | (a), (b), (c)",| Adjusted Diluted Earnings Per Share | $ | 0.91 | | | $ | 0.94 | | | | | $3.87 - $3.95,V8_FIVE_RELATION_CORRECTED_NOT_SOURCE_REVIEWED,,,b024dc32fbaba4c4ca13cf88b0d037ee45b8ff71a821f59317a435448c1377af
CTSH,0001058290,0001058290-19-000024,2019-07-31T20:05:31.000Z,exhibit9916302019.htm,https://www.sec.gov/Archives/edgar/data/1058290/000105829019000024/exhibit9916302019.htm,96473ff4728b5856aca1e1665fb034d9d9ec8e475258bfe9e47f75871a7015f0,EPS,FY2019,NON_GAAP,NOT_APPLICABLE,USD_PER_SHARE,3.92,3.98,3.95,CURRENT_GUIDANCE_RANGE,AS_REPORTED,HTML_TABLE_GRID,0,CURRENT_CANDIDATE,CURRENT_GUIDANCE_RANGE,14,20,21,Adjusted Diluted Earnings Per Share | $ | 0.94 | $ | 1.05 | $ | 1.85 | $ | 1.99,"Guidance | Full Year 2019 | (a) | (b) | — | approx. 17.0% | (a), (b) | (d) | (a), (b), (d)",| Adjusted Diluted Earnings Per Share | $ | 0.94 | | | $ | 1.05 | | | $ | 1.85 | | | $ | 1.99 | | | | | | | $3.92 - $3.98,V8_FIVE_RELATION_CORRECTED_NOT_SOURCE_REVIEWED,,,12ffffe6f2735242484c7fc17a0f7e6d33c9551297baff652dc95d7e9ef43300
CTSH,0001058290,0001058290-19-000034,2019-10-30T20:05:39.000Z,exhibit9919302019.htm,https://www.sec.gov/Archives/edgar/data/1058290/000105829019000034/exhibit9919302019.htm,a0431f547a243e2ed4940cab11d2e1d1f7dfc9836372dc7f8d994f258525cf36,MARGIN,FY2019,NON_GAAP,NOT_APPLICABLE,PERCENT,16.5,17,16.75,CURRENT_GUIDANCE_RANGE,AS_REPORTED,HTML_TABLE_GRID,13,CURRENT_CANDIDATE,CURRENT_GUIDANCE_RANGE,14,16,17,Adjusted Operating Margin | 17.3 | 17.3 | % | 18.5 | 18.5 | % | 16.5 | 16.5 | % | 18.5 | 18.5 | %,Guidance | Full Year 2019 | 0.9% - 1.0% | (b) | — | 0.4% - 0.7%,| Adjusted Operating Margin | 17.3 | 17.3 | % | | 18.5 | 18.5 | % | | 16.5 | 16.5 | % | | 18.5 | 18.5 | % | | approximately 16.5% - 17.0%,V8_FIVE_RELATION_CORRECTED_NOT_SOURCE_REVIEWED,,,0802e8cf9f8e2c5bca22922242df6473c29053b2a453553f444b939146ed2762
CTSH,0001058290,0001058290-19-000034,2019-10-30T20:05:39.000Z,exhibit9919302019.htm,https://www.sec.gov/Archives/edgar/data/1058290/000105829019000034/exhibit9919302019.htm,a0431f547a243e2ed4940cab11d2e1d1f7dfc9836372dc7f8d994f258525cf36,EPS,FY2019,NON_GAAP,NOT_APPLICABLE,USD_PER_SHARE,3.95,3.98,3.965,CURRENT_GUIDANCE_RANGE,AS_REPORTED,HTML_TABLE_GRID,0,CURRENT_CANDIDATE,CURRENT_GUIDANCE_RANGE,14,23,17,Adjusted Diluted Earnings Per Share | $ | 1.08 | $ | 1.05 | $ | 2.93 | $ | 3.04,"Guidance | Full Year 2019 | 0.9% - 1.0% | (b) | — | 0.4% - 0.7% | approximately 16.5% - 17.0% | (a), (b), (d) | (e) | (a), (b), (d), (e)",| Adjusted Diluted Earnings Per Share | $ | 1.08 | | | $ | 1.05 | | | $ | 2.93 | | | $ | 3.04 | | | $3.95 - $3.98,V8_FIVE_RELATION_CORRECTED_NOT_SOURCE_REVIEWED,,,779390a34a47e0478b3e60918928a9e51fbde1f4e24da4b3b8ce32d337210f19
SYY,0000096021,0001193125-22-145766,2022-05-10T12:23:36.000Z,d355670dex991.htm,https://www.sec.gov/Archives/edgar/data/96021/000119312522145766/d355670dex991.htm,4100f74d530864fcfdc2b3fd70d0ecb8ff04f9d08524c589686614397745b5ac,EPS,FY2022,NON_GAAP,NOT_APPLICABLE,USD_PER_SHARE,3.16,3.26,3.21,CURRENT_GUIDANCE_RANGE,AS_REPORTED,NARRATIVE_CLAUSE,384,CURRENT_CANDIDATE,CURRENT_GUIDANCE_RANGE,,,,,,business and are raising our adjusted EPS guidance for fiscal year 2022 from $3.00-$3.10 to $3.16-$3.26.4,V8_FIVE_RELATION_CORRECTED_NOT_SOURCE_REVIEWED,/html/body/document/type/sequence/filename/description/text/center[2]/div/p[2],HTML_P,8b07898f2afa78d0502328d4487e04dae6e574432a5473d8b008bd5dc78cc90e
GWW,0000277135,0000277135-24-000057,2024-04-25T12:22:28.000Z,gww8kex991q12024.htm,https://www.sec.gov/Archives/edgar/data/277135/000027713524000057/gww8kex991q12024.htm,c2a8c5cb961417f374589f81b0c9380979ba8a4b2ab06d0f3237e0b45ef5e3c9,REVENUE,FY2024,UNSPECIFIED,NOT_APPLICABLE,USD,17200000000,17700000000,17450000000,CURRENT_GUIDANCE_RANGE,AS_REPORTED,HTML_TABLE_GRID,0,CURRENT_CANDIDATE,CURRENT_GUIDANCE_RANGE,1,2,3,Net Sales | Net Sales | Net Sales,"FY 2024 Guidance Range(reaffirmed April 25, 2024)",| Net Sales | Net Sales | Net Sales | $17.2 - $17.7 billion | $17.2 - $17.7 billion | $17.2 - $17.7 billion,V8_FIVE_RELATION_CORRECTED_NOT_SOURCE_REVIEWED,,,6b5822720c0e1d32235d1b33540dff1322675335b7229be30857bfaadc88f18d
GWW,0000277135,0000277135-24-000057,2024-04-25T12:22:28.000Z,gww8kex991q12024.htm,https://www.sec.gov/Archives/edgar/data/277135/000027713524000057/gww8kex991q12024.htm,c2a8c5cb961417f374589f81b0c9380979ba8a4b2ab06d0f3237e0b45ef5e3c9,MARGIN,FY2024,UNSPECIFIED,NOT_APPLICABLE,PERCENT,15.3,15.8,15.55,CURRENT_GUIDANCE_RANGE,AS_REPORTED,HTML_TABLE_GRID,0,CURRENT_CANDIDATE,CURRENT_GUIDANCE_RANGE,1,6,3,Operating Margin | Operating Margin | Operating Margin,"FY 2024 Guidance Range(reaffirmed April 25, 2024) | $17.2 - $17.7 billion | 4.3% - 7.3% | 4.0% - 7.0% | 39.1% - 39.4%",| Operating Margin | Operating Margin | Operating Margin | 15.3% - 15.8% | 15.3% - 15.8% | 15.3% - 15.8%,V8_FIVE_RELATION_CORRECTED_NOT_SOURCE_REVIEWED,,,ac9577bc0112e139f09d78484d3586f9d5960ed312e291f2cbf3f4e7a6bcfe5e
GWW,0000277135,0000277135-24-000057,2024-04-25T12:22:28.000Z,gww8kex991q12024.htm,https://www.sec.gov/Archives/edgar/data/277135/000027713524000057/gww8kex991q12024.htm,c2a8c5cb961417f374589f81b0c9380979ba8a4b2ab06d0f3237e0b45ef5e3c9,EPS,FY2024,UNSPECIFIED,NOT_APPLICABLE,USD_PER_SHARE,38,40.5,39.25,CURRENT_GUIDANCE_RANGE,AS_REPORTED,HTML_TABLE_GRID,0,CURRENT_CANDIDATE,CURRENT_GUIDANCE_RANGE,1,7,3,Diluted Earnings per Share | Diluted Earnings per Share | Diluted Earnings per Share,"FY 2024 Guidance Range(reaffirmed April 25, 2024) | $17.2 - $17.7 billion | 4.3% - 7.3% | 4.0% - 7.0% | 39.1% - 39.4% | 15.3% - 15.8%",| Diluted Earnings per Share | Diluted Earnings per Share | Diluted Earnings per Share | $38.00 - $40.50 | $38.00 - $40.50 | $38.00 - $40.50,V8_FIVE_RELATION_CORRECTED_NOT_SOURCE_REVIEWED,,,6daae324085b341cd2b9be40cc8f6a212c09ac8bf2d940515e24880ac358b7ba
GWW,0000277135,0000277135-24-000057,2024-04-25T12:22:28.000Z,gww8kex991q12024.htm,https://www.sec.gov/Archives/edgar/data/277135/000027713524000057/gww8kex991q12024.htm,c2a8c5cb961417f374589f81b0c9380979ba8a4b2ab06d0f3237e0b45ef5e3c9,CAPEX,FY2024,NOT_APPLICABLE,NOT_APPLICABLE,USD,400000000,500000000,450000000,CURRENT_GUIDANCE_RANGE,AS_REPORTED,HTML_TABLE_GRID,0,CURRENT_CANDIDATE,CURRENT_GUIDANCE_RANGE,1,9,3,CapEx (cash basis) | CapEx (cash basis) | CapEx (cash basis),"FY 2024 Guidance Range(reaffirmed April 25, 2024) | $17.2 - $17.7 billion | 4.3% - 7.3% | 4.0% - 7.0% | 39.1% - 39.4% | 15.3% - 15.8% | $38.00 - $40.50 | $1.9 - $2.1 billion",| CapEx (cash basis) | CapEx (cash basis) | CapEx (cash basis) | $0.4 - $0.5 billion | $0.4 - $0.5 billion | $0.4 - $0.5 billion,V8_FIVE_RELATION_CORRECTED_NOT_SOURCE_REVIEWED,,,faf66141d77da0ef1641de84ea2a203f1f9dd0456eee556119ab9a43bfa45521
FISV,0000798354,0001193125-26-270336,2026-06-15T12:22:06.000Z,d153349dex991.htm,https://www.sec.gov/Archives/edgar/data/798354/000119312526270336/d153349dex991.htm,8f2f61826e0f1e2049245f3f5f815e20b6752bff3c5213c19faa622ed4d65771,EPS,FY2026,NON_GAAP,NOT_APPLICABLE,USD_PER_SHARE,8,8.3,8.15,CURRENT_GUIDANCE_RANGE,AS_REPORTED,NARRATIVE_CLAUSE,187,CURRENT_CANDIDATE,CURRENT_GUIDANCE_RANGE,,,,,,"outlook for the full year 2026 as provided on May 5, 2026. Fiserv continues to expect organic revenue growth of 1% to 3% and adjusted earnings per share of $8.00 to $8.30 for 2026.",V8_FIVE_RELATION_CORRECTED_NOT_SOURCE_REVIEWED,/html/body/document/type/sequence/filename/description/text/center[2]/div/p[3],HTML_P,7bf047ff7fd9d275b3dbbeacc26e484798334b7c29f03886f68cd043f93bd94d
SRE,0001032208,0001193125-18-302117,2018-10-18T21:26:11.000Z,d640528dex992.htm,https://www.sec.gov/Archives/edgar/data/1032208/000119312518302117/d640528dex992.htm,42c6879f75c7a2845d7b51395941f89da197d0b14a88f48937567e385c7e1610,EPS,FY2018,GAAP,NOT_APPLICABLE,USD_PER_SHARE,2.83,3.44,3.135,CURRENT_GUIDANCE_RANGE,AS_REPORTED,NARRATIVE_CLAUSE,1826,CURRENT_CANDIDATE,CURRENT_GUIDANCE_RANGE,,,,,,Full Year 2018 Sempra Energy GAAP EPS Guidance Range(1) $ 2.83 to $ 3.44 Excluded Items: Impairments of certain assets and equity method investments 3.55 3.55 Impacts associated with Aliso Canyon litigation 0.08 0.08,V8_FIVE_RELATION_CORRECTED_NOT_SOURCE_REVIEWED,/html/body/document/type/sequence/filename/description/text/p[53],HTML_P,5817a5ceca74633673756ca5bae212c42e2fc520218ed93d55c8bd9339d28ebf
CMG,0001058090,0001058090-17-000002,2017-01-10T12:49:27.000Z,cmg-20170110x8k.htm,https://www.sec.gov/Archives/edgar/data/1058090/000105809017000002/cmg-20170110x8k.htm,607091788110e45a469e3e3b87d07d2582ee74c4f18089bfde44a4587ae7a4a5,MARGIN,Q4-2016,UNSPECIFIED,NOT_APPLICABLE,PERCENT,13,14,13.5,CURRENT_GUIDANCE_RANGE,AS_REPORTED,NARRATIVE_CLAUSE,92,CURRENT_CANDIDATE,CURRENT_GUIDANCE_RANGE,,,,,,We anticipate our restaurant-level operating margin for the fourth quarter 2016 to be in the 13% to 14% range.,V8_FIVE_RELATION_CORRECTED_NOT_SOURCE_REVIEWED,/html/body/document/type/sequence/filename/description/text/div/p[63],HTML_P,5042550759689a60d69331851517cc51161e5d3d64a089adbaa72766e611eaee
AES,0000874761,0000874761-17-000067,2017-11-02T00:51:19.000Z,q32017earningsreleaseexhib.htm,https://www.sec.gov/Archives/edgar/data/874761/000087476117000067/q32017earningsreleaseexhib.htm,289b3fe9501207a917ae9016f6adfdca4efba30e84a4629546f26884689c4022,EPS,FY2017,NON_GAAP,NOT_APPLICABLE,USD_PER_SHARE,1,1.1,1.05,CURRENT_GUIDANCE_RANGE,AS_REPORTED,HTML_TABLE_GRID,0,CURRENT_CANDIDATE,CURRENT_GUIDANCE_RANGE,4,5,15,Adjusted EPS 1 | $ | 0.24 | $ | 0.32 | $ | 0.66 | $ | 0.64,Full Year 2017 Guidance | N/A,| Adjusted EPS 1 | $ | 0.24 | | | $ | 0.32 | | $ | 0.66 | | | $ | 0.64 | | $1.00-$1.10 2,V8_FIVE_RELATION_CORRECTED_NOT_SOURCE_REVIEWED,,,fe0df86b84243879d5a46f55dcb38aa6e766e22e8555c3e403d823cec5f53f3a
AVY,0000008818,0001193125-25-245839,2025-10-22T13:07:17.000Z,d79220dex991.htm,https://www.sec.gov/Archives/edgar/data/8818/000119312525245839/d79220dex991.htm,8f4ac91addea46bc8b4d78aac4094a9946bd82506347e3113727d4eee5860265,EPS,Q4-2025,NON_GAAP,NOT_APPLICABLE,USD_PER_SHARE,2.35,2.45,2.4,CURRENT_GUIDANCE_RANGE,AS_REPORTED,NARRATIVE_CLAUSE,160,CURRENT_CANDIDATE,CURRENT_GUIDANCE_RANGE,,,,,,the company expects fourth quarter 2025 adjusted earnings per share of $2.35 to $2.45.,V8_FIVE_RELATION_CORRECTED_NOT_SOURCE_REVIEWED,/html/body/document/type/sequence/filename/description/text/center[3]/div/p[13],HTML_P,59b3a4f75daa3496d917a6aff4a0b86421b1f0fb6d453230098062bb6d63e922
APH,0000820313,0001104659-16-133459,2016-07-20T14:02:06.000Z,a16-15212_1ex99d1.htm,https://www.sec.gov/Archives/edgar/data/820313/000110465916133459/a16-15212_1ex99d1.htm,464127560789296a2d9d5e907df9ad97b227610d6c45189e75fcab68c95ff7ca,EPS,Q3-2016,UNSPECIFIED,NOT_APPLICABLE,USD_PER_SHARE,0.67,0.69,0.68,CURRENT_GUIDANCE_RANGE,AS_REPORTED,NARRATIVE_CLAUSE,265,CURRENT_CANDIDATE,CURRENT_GUIDANCE_RANGE,,,,,,"Considering this environment and based on current currency exchange rates, we expect third quarter 2016 sales in the range of $1.543 billion to $1.583 billion and diluted EPS in the range of $0.67 to $0.69. For the full year 2016, we now expect to achieve sales in the range of $6.120 billion to $6.200 billion, an increase over 2015 of 10% to 11% and adjusted diluted EPS of $2.60 to $2.64 for the full year 2016, an increase of 7% to 9% over 2015. This compares to our prior full year 2016 guidance of $6.080 billion to $6.200 billion in sales and $2.56 to $2.62 in adjusted diluted EPS.",V8_FIVE_RELATION_CORRECTED_NOT_SOURCE_REVIEWED,/html/body/document/type/sequence/filename/description/text/div[2]/p[6],HTML_P,a1adc73667580efb5e498c6760a671e10957059a230e669e7adcf69096c8aba4
APH,0000820313,0001104659-16-133459,2016-07-20T14:02:06.000Z,a16-15212_1ex99d1.htm,https://www.sec.gov/Archives/edgar/data/820313/000110465916133459/a16-15212_1ex99d1.htm,464127560789296a2d9d5e907df9ad97b227610d6c45189e75fcab68c95ff7ca,EPS,FY2016,NON_GAAP,NOT_APPLICABLE,USD_PER_SHARE,2.6,2.64,2.62,CURRENT_GUIDANCE_RANGE,AS_REPORTED,NARRATIVE_CLAUSE,451,CURRENT_CANDIDATE,CURRENT_GUIDANCE_RANGE,,,,,,"Considering this environment and based on current currency exchange rates, we expect third quarter 2016 sales in the range of $1.543 billion to $1.583 billion and diluted EPS in the range of $0.67 to $0.69. For the full year 2016, we now expect to achieve sales in the range of $6.120 billion to $6.200 billion, an increase over 2015 of 10% to 11% and adjusted diluted EPS of $2.60 to $2.64 for the full year 2016, an increase of 7% to 9% over 2015. This compares to our prior full year 2016 guidance of $6.080 billion to $6.200 billion in sales and $2.56 to $2.62 in adjusted diluted EPS.",V8_FIVE_RELATION_CORRECTED_NOT_SOURCE_REVIEWED,/html/body/document/type/sequence/filename/description/text/div[2]/p[6],HTML_P,fab1ba289574978a39627169165844638de317867656419e4f66081ff93fa2c4
WST,0000105770,0000105770-16-000084,2016-07-28T12:54:14.000Z,exh991q22016earningsrelease.htm,https://www.sec.gov/Archives/edgar/data/105770/000010577016000084/exh991q22016earningsrelease.htm,a9a14f3f44a87f535ba1e0afc0d0c1dd89ab437f4d380fb82784023b1cee2c21,EPS,FY2016,NON_GAAP,NOT_APPLICABLE,USD_PER_SHARE,2.15,2.25,2.2,CURRENT_GUIDANCE_RANGE,AS_REPORTED,HTML_TABLE_GRID,0,CURRENT_CANDIDATE,CURRENT_GUIDANCE_RANGE,24,3,1,Adjusted diluted EPS guidance,Full Year 2016 Guidance(2) (3),| Adjusted diluted EPS guidance | $2.15 to $2.25,V8_FIVE_RELATION_CORRECTED_NOT_SOURCE_REVIEWED,,,9b224b3fd0bb7f2cfc3020a90da7362d16da10fff0ed4d1f8fe79a8808e75a45
WST,0000105770,0000105770-16-000084,2016-07-28T12:54:14.000Z,exh991q22016earningsrelease.htm,https://www.sec.gov/Archives/edgar/data/105770/000010577016000084/exh991q22016earningsrelease.htm,a9a14f3f44a87f535ba1e0afc0d0c1dd89ab437f4d380fb82784023b1cee2c21,EPS,FY2016,UNSPECIFIED,NOT_APPLICABLE,USD_PER_SHARE,1.79,1.99,1.89,CURRENT_GUIDANCE_RANGE,AS_REPORTED,HTML_TABLE_GRID,0,CURRENT_CANDIDATE,CURRENT_GUIDANCE_RANGE,24,6,1,Reported diluted EPS guidance,Full Year 2016 Guidance(2) (3) | $2.15 to $2.25 | (0.23 to 0.28) | (0.03 to 0.08),| Reported diluted EPS guidance | $1.79 to $1.99,V8_FIVE_RELATION_CORRECTED_NOT_SOURCE_REVIEWED,,,9b224b3fd0bb7f2cfc3020a90da7362d16da10fff0ed4d1f8fe79a8808e75a45
APH,0000820313,0001558370-16-008636,2016-10-19T14:58:38.000Z,aph-20161019ex9912949d3.htm,https://www.sec.gov/Archives/edgar/data/820313/000155837016008636/aph-20161019ex9912949d3.htm,183440bc513bf7ef7a9776afce4c16d702fe6c3cab222bdf02d3f265879c5330,EPS,Q4-2016,GAAP,NOT_APPLICABLE,USD_PER_SHARE,0.71,0.73,0.72,CURRENT_GUIDANCE_RANGE,AS_REPORTED,NARRATIVE_CLAUSE,271,CURRENT_CANDIDATE,CURRENT_GUIDANCE_RANGE,,,,,,"Considering this environment and based on current currency exchange rates, we expect fourth quarter 2016 sales in the range of $1.585 billion to $1.625 billion and GAAP Diluted EPS in the range of $0.71 to $0.73. For the full year 2016, we now expect to achieve sales in the range of $6.220 billion to $6.260 billion, an increase over 2015 of 12% and GAAP Diluted EPS of $2.57 to $2.59, an increase of 7% over 2015. We expect Adjusted Diluted EPS of $2.68 to $2.70 for the full year 2016, an increase of 10% to 11% over 2015. This compares to our prior full year 2016 guidance of $6.120 billion to $6.200 billion in sales, GAAP Diluted EPS of $2.51 to $2.55 and Adjusted Diluted EPS of $2.60 to $2.64.”",V8_FIVE_RELATION_CORRECTED_NOT_SOURCE_REVIEWED,/html/body/document/type/sequence/filename/description/text/div[6]/p[3],HTML_P,775f3599ca9af165e0a12a90139843e67fa52670a59681b46eca5f5c0284ba89
APH,0000820313,0001558370-16-008636,2016-10-19T14:58:38.000Z,aph-20161019ex9912949d3.htm,https://www.sec.gov/Archives/edgar/data/820313/000155837016008636/aph-20161019ex9912949d3.htm,183440bc513bf7ef7a9776afce4c16d702fe6c3cab222bdf02d3f265879c5330,EPS,FY2016,GAAP,NOT_APPLICABLE,USD_PER_SHARE,2.57,2.59,2.58,CURRENT_GUIDANCE_RANGE,AS_REPORTED,NARRATIVE_CLAUSE,446,CURRENT_CANDIDATE,CURRENT_GUIDANCE_RANGE,,,,,,"Considering this environment and based on current currency exchange rates, we expect fourth quarter 2016 sales in the range of $1.585 billion to $1.625 billion and GAAP Diluted EPS in the range of $0.71 to $0.73. For the full year 2016, we now expect to achieve sales in the range of $6.220 billion to $6.260 billion, an increase over 2015 of 12% and GAAP Diluted EPS of $2.57 to $2.59, an increase of 7% over 2015. We expect Adjusted Diluted EPS of $2.68 to $2.70 for the full year 2016, an increase of 10% to 11% over 2015. This compares to our prior full year 2016 guidance of $6.120 billion to $6.200 billion in sales, GAAP Diluted EPS of $2.51 to $2.55 and Adjusted Diluted EPS of $2.60 to $2.64.”",V8_FIVE_RELATION_CORRECTED_NOT_SOURCE_REVIEWED,/html/body/document/type/sequence/filename/description/text/div[6]/p[3],HTML_P,e290b7e59237b91378d6629dfe060a9225e28535dddcc717d242958ab6174d61
APH,0000820313,0001558370-16-008636,2016-10-19T14:58:38.000Z,aph-20161019ex9912949d3.htm,https://www.sec.gov/Archives/edgar/data/820313/000155837016008636/aph-20161019ex9912949d3.htm,183440bc513bf7ef7a9776afce4c16d702fe6c3cab222bdf02d3f265879c5330,EPS,FY2016,NON_GAAP,NOT_APPLICABLE,USD_PER_SHARE,2.68,2.7,2.69,CURRENT_GUIDANCE_RANGE,AS_REPORTED,NARRATIVE_CLAUSE,526,CURRENT_CANDIDATE,CURRENT_GUIDANCE_RANGE,,,,,,"Considering this environment and based on current currency exchange rates, we expect fourth quarter 2016 sales in the range of $1.585 billion to $1.625 billion and GAAP Diluted EPS in the range of $0.71 to $0.73. For the full year 2016, we now expect to achieve sales in the range of $6.220 billion to $6.260 billion, an increase over 2015 of 12% and GAAP Diluted EPS of $2.57 to $2.59, an increase of 7% over 2015. We expect Adjusted Diluted EPS of $2.68 to $2.70 for the full year 2016, an increase of 10% to 11% over 2015. This compares to our prior full year 2016 guidance of $6.120 billion to $6.200 billion in sales, GAAP Diluted EPS of $2.51 to $2.55 and Adjusted Diluted EPS of $2.60 to $2.64.”",V8_FIVE_RELATION_CORRECTED_NOT_SOURCE_REVIEWED,/html/body/document/type/sequence/filename/description/text/div[6]/p[3],HTML_P,facdc8b76ae089589105a9cb8b6adb797847c1c77b8e474def2a22ab0faf4bac
MCO,0001059556,0001157523-16-006927,2016-10-21T12:00:22.000Z,a51444103ex99_1.htm,https://www.sec.gov/Archives/edgar/data/1059556/000115752316006927/a51444103ex99_1.htm,b577b084ef257f575e93c8034ab410a366027bd4d426e89f5156631340cf6f62,EPS,FY2016,GAAP,NOT_APPLICABLE,USD_PER_SHARE,4.76,4.86,4.81,CURRENT_GUIDANCE_RANGE,AS_REPORTED,HTML_TABLE_GRID,0,CURRENT_CANDIDATE,CURRENT_GUIDANCE_RANGE,11,9,2,GAAP EPS,"Full-year 2016 Moody's Corporation guidance | Current guidance as of October 21, 2016 | increase in the low-single-digit percent range | increase in the mid-single-digit percent range | Approximately $130 million | Approximately 41% | Approximately 45% | 31% - 31.5%",| GAAP EPS | | $4.76 to $4.86 | | $4.70 to $4.80,V8_FIVE_RELATION_CORRECTED_NOT_SOURCE_REVIEWED,,,c73b31317277ad4df80135029e3f4ba013e1a558c399ca327a73476f39d9d0f5
MCO,0001059556,0001157523-16-006927,2016-10-21T12:00:22.000Z,a51444103ex99_1.htm,https://www.sec.gov/Archives/edgar/data/1059556/000115752316006927/a51444103ex99_1.htm,b577b084ef257f575e93c8034ab410a366027bd4d426e89f5156631340cf6f62,EPS,FY2016,GAAP,NOT_APPLICABLE,USD_PER_SHARE,4.62,4.72,4.67,CURRENT_GUIDANCE_RANGE,AS_REPORTED,HTML_TABLE_GRID,0,CURRENT_CANDIDATE,CURRENT_GUIDANCE_RANGE,11,10,2,Non-GAAP EPS,"Full-year 2016 Moody's Corporation guidance | Current guidance as of October 21, 2016 | increase in the low-single-digit percent range | increase in the mid-single-digit percent range | Approximately $130 million | Approximately 41% | Approximately 45% | 31% - 31.5% | $4.76 to $4.86",| Non-GAAP EPS | | $4.62 to $4.72 | | $4.55 to $4.65,V8_FIVE_RELATION_CORRECTED_NOT_SOURCE_REVIEWED,,,c73b31317277ad4df80135029e3f4ba013e1a558c399ca327a73476f39d9d0f5
MMM,0000066740,0001104659-16-151786,2016-10-25T11:41:15.000Z,a16-20374_1ex99.htm,https://www.sec.gov/Archives/edgar/data/66740/000110465916151786/a16-20374_1ex99.htm,c591c8b811dfe5b4acf4ee79d9a383a51d49e6f836acc595fc021e136178bcb6,EPS,FY2016,UNSPECIFIED,NOT_APPLICABLE,USD_PER_SHARE,8.15,8.2,8.175,CURRENT_GUIDANCE_RANGE,AS_REPORTED,NARRATIVE_CLAUSE,89,CURRENT_CANDIDATE,CURRENT_GUIDANCE_RANGE,,,,,,"For full-year 2016, 3M updated its forecast for earnings per share to be in the range of $8.15 to $8.20 versus a prior range of $8.15 to $8.30. The company now expects organic local-currency sales growth to be approximately flat versus a previous range of 0 to 1 percent. 3M also updated its tax rate to be approximately 29 percent versus a prior range of 29.0 to 29.5 percent.",V8_FIVE_RELATION_CORRECTED_NOT_SOURCE_REVIEWED,/html/body/document/type/sequence/filename/description/text/div[1]/p[20],HTML_P,31abba57eb84101ebd799f4218d52488cf900d12ae8b3c08c9e617faba0b5801
WST,0000105770,0000105770-16-000099,2016-10-27T13:03:39.000Z,exh991q32016earningsrelease.htm,https://www.sec.gov/Archives/edgar/data/105770/000010577016000099/exh991q32016earningsrelease.htm,bf2eb920b81ea3ff096a40f2da2e73e79ce59c9594b561a57a6a4affe60c402d,EPS,FY2016,NON_GAAP,NOT_APPLICABLE,USD_PER_SHARE,2.17,2.22,2.195,CURRENT_GUIDANCE_RANGE,AS_REPORTED,HTML_TABLE_GRID,0,CURRENT_CANDIDATE,CURRENT_GUIDANCE_RANGE,25,3,1,Adjusted diluted EPS guidance,Full Year 2016 Guidance(2) (3),| Adjusted diluted EPS guidance | $2.17 to $2.22,V8_FIVE_RELATION_CORRECTED_NOT_SOURCE_REVIEWED,,,8d1beac42ca461b17438d4d16137c195a1fecc7e6411cb3350316c77afdafbeb
WST,0000105770,0000105770-16-000099,2016-10-27T13:03:39.000Z,exh991q32016earningsrelease.htm,https://www.sec.gov/Archives/edgar/data/105770/000010577016000099/exh991q32016earningsrelease.htm,bf2eb920b81ea3ff096a40f2da2e73e79ce59c9594b561a57a6a4affe60c402d,EPS,FY2016,UNSPECIFIED,NOT_APPLICABLE,USD_PER_SHARE,1.8,1.95,1.875,CURRENT_GUIDANCE_RANGE,AS_REPORTED,HTML_TABLE_GRID,0,CURRENT_CANDIDATE,CURRENT_GUIDANCE_RANGE,25,7,1,Reported diluted EPS guidance,Full Year 2016 Guidance(2) (3) | $2.17 to $2.22 | (0.23 to 0.28) | (0.03 to 0.08) | (0.01),| Reported diluted EPS guidance | $1.80 to $1.95,V8_FIVE_RELATION_CORRECTED_NOT_SOURCE_REVIEWED,,,8d1beac42ca461b17438d4d16137c195a1fecc7e6411cb3350316c77afdafbeb
GEN,0000849399,0001157523-16-007247,2016-11-03T16:28:12.000Z,a51451690ex99_01.htm,https://www.sec.gov/Archives/edgar/data/849399/000115752316007247/a51451690ex99_01.htm,ff76e25f64abc5bd37c10c0d0d684db2542e91729cd041c4ea79d5db3af31565,MARGIN,FY2017,GAAP,NOT_APPLICABLE,PERCENT,1,3,2,CURRENT_GUIDANCE_RANGE,AS_REPORTED,HTML_TABLE_GRID,0,CURRENT_CANDIDATE,CURRENT_GUIDANCE_RANGE,13,3,1,GAAP operating margin,"Year Ended March 31, 2017 | Range","SYMANTEC CORPORATION Guidance and Reconciliation of GAAP to Non-GAAP Revenue, Operating Margin and Earnings Per Share (1) (Dollars in millions, except per share data, unaudited) Fiscal Year 2017 Revenue Guidance Year Ended March 31, 2017 Year-Over-Year Growth Rate (2) Range Actual Constant Currency (3) GAAP revenue range $3,925 - $4,005 9% - 11% 7% - 10% Add back: Deferred revenue fair value adjustment $115 3% 3% Non-GAAP revenue range (4) $4,040 - $4,120 12% - 14% 11% - 13% | GAAP operating margin | 1% - 3% | | -- | -- | --",V8_FIVE_RELATION_CORRECTED_NOT_SOURCE_REVIEWED,,,bf0c627291575a698804217435d641e3f0f99b8eb96cca4dd6c6e741074cd958
GEN,0000849399,0001157523-16-007247,2016-11-03T16:28:12.000Z,a51451690ex99_01.htm,https://www.sec.gov/Archives/edgar/data/849399/000115752316007247/a51451690ex99_01.htm,ff76e25f64abc5bd37c10c0d0d684db2542e91729cd041c4ea79d5db3af31565,MARGIN,FY2017,NON_GAAP,NOT_APPLICABLE,PERCENT,27,29,28,CURRENT_GUIDANCE_RANGE,AS_REPORTED,HTML_TABLE_GRID,0,CURRENT_CANDIDATE,CURRENT_GUIDANCE_RANGE,13,8,1,Non-GAAP operating margin,"Year Ended March 31, 2017 | Range | 1% - 3% | 2% | 8% | 16%","SYMANTEC CORPORATION Guidance and Reconciliation of GAAP to Non-GAAP Revenue, Operating Margin and Earnings Per Share (1) (Dollars in millions, except per share data, unaudited) Fiscal Year 2017 Revenue Guidance Year Ended March 31, 2017 Year-Over-Year Growth Rate (2) Range Actual Constant Currency (3) GAAP revenue range $3,925 - $4,005 9% - 11% 7% - 10% Add back: Deferred revenue fair value adjustment $115 3% 3% Non-GAAP revenue range (4) $4,040 - $4,120 12% - 14% 11% - 13% | Non-GAAP operating margin | 27% - 29% | | -- | -- | --",V8_FIVE_RELATION_CORRECTED_NOT_SOURCE_REVIEWED,,,bf0c627291575a698804217435d641e3f0f99b8eb96cca4dd6c6e741074cd958
GEN,0000849399,0001157523-16-007247,2016-11-03T16:28:12.000Z,a51451690ex99_01.htm,https://www.sec.gov/Archives/edgar/data/849399/000115752316007247/a51451690ex99_01.htm,ff76e25f64abc5bd37c10c0d0d684db2542e91729cd041c4ea79d5db3af31565,EPS,FY2017,GAAP,NOT_APPLICABLE,USD_PER_SHARE,-0.07,-0.01,-0.04,CURRENT_GUIDANCE_RANGE,AS_REPORTED,HTML_TABLE_GRID,0,CURRENT_CANDIDATE,CURRENT_GUIDANCE_RANGE,13,13,1,GAAP diluted earnings per share range,"Year Ended March 31, 2017 | Range | 1% - 3% | 2% | 8% | 16% | 27% - 29%","SYMANTEC CORPORATION Guidance and Reconciliation of GAAP to Non-GAAP Revenue, Operating Margin and Earnings Per Share (1) (Dollars in millions, except per share data, unaudited) Fiscal Year 2017 Revenue Guidance Year Ended March 31, 2017 Year-Over-Year Growth Rate (2) Range Actual Constant Currency (3) GAAP revenue range $3,925 - $4,005 9% - 11% 7% - 10% Add back: Deferred revenue fair value adjustment $115 3% 3% Non-GAAP revenue range (4) $4,040 - $4,120 12% - 14% 11% - 13% | GAAP diluted earnings per share range | ($0.07) - ($0.01) | | -- | -- | --",V8_FIVE_RELATION_CORRECTED_NOT_SOURCE_REVIEWED,,,5e90d97dae087d8fd4d9dbdba7245eec311984dad9c8fb9aaa917f1a5adc4951
GEN,0000849399,0001157523-16-007247,2016-11-03T16:28:12.000Z,a51451690ex99_01.htm,https://www.sec.gov/Archives/edgar/data/849399/000115752316007247/a51451690ex99_01.htm,ff76e25f64abc5bd37c10c0d0d684db2542e91729cd041c4ea79d5db3af31565,EPS,FY2017,NON_GAAP,NOT_APPLICABLE,USD_PER_SHARE,1.12,1.18,1.15,CURRENT_GUIDANCE_RANGE,AS_REPORTED,HTML_TABLE_GRID,0,CURRENT_CANDIDATE,CURRENT_GUIDANCE_RANGE,13,18,1,Non-GAAP diluted earnings per share range,"Year Ended March 31, 2017 | Range | 1% - 3% | 2% | 8% | 16% | 27% - 29% | ($0.07) - ($0.01) | $0.14 | $0.36 | $0.69","SYMANTEC CORPORATION Guidance and Reconciliation of GAAP to Non-GAAP Revenue, Operating Margin and Earnings Per Share (1) (Dollars in millions, except per share data, unaudited) Fiscal Year 2017 Revenue Guidance Year Ended March 31, 2017 Year-Over-Year Growth Rate (2) Range Actual Constant Currency (3) GAAP revenue range $3,925 - $4,005 9% - 11% 7% - 10% Add back: Deferred revenue fair value adjustment $115 3% 3% Non-GAAP revenue range (4) $4,040 - $4,120 12% - 14% 11% - 13% | Non-GAAP diluted earnings per share range | $1.12 - $1.18 | | -- | -- | --",V8_FIVE_RELATION_CORRECTED_NOT_SOURCE_REVIEWED,,,5e90d97dae087d8fd4d9dbdba7245eec311984dad9c8fb9aaa917f1a5adc4951
GEN,0000849399,0001157523-16-007247,2016-11-03T16:28:12.000Z,a51451690ex99_01.htm,https://www.sec.gov/Archives/edgar/data/849399/000115752316007247/a51451690ex99_01.htm,ff76e25f64abc5bd37c10c0d0d684db2542e91729cd041c4ea79d5db3af31565,EPS,FY2018,GAAP,NOT_APPLICABLE,USD_PER_SHARE,0.48,0.58,0.53,CURRENT_GUIDANCE_RANGE,AS_REPORTED,HTML_TABLE_GRID,0,CURRENT_CANDIDATE,CURRENT_GUIDANCE_RANGE,13,23,1,GAAP diluted earnings per share range,"Year Ended March 31, 2017 | Range | 1% - 3% | 2% | 8% | 16% | 27% - 29% | ($0.07) - ($0.01) | $0.14 | $0.36 | $0.69 | $1.12 - $1.18 | Year Ended March 30, 2018","SYMANTEC CORPORATION Guidance and Reconciliation of GAAP to Non-GAAP Revenue, Operating Margin and Earnings Per Share (1) (Dollars in millions, except per share data, unaudited) Fiscal Year 2017 Revenue Guidance Year Ended March 31, 2017 Year-Over-Year Growth Rate (2) Range Actual Constant Currency (3) GAAP revenue range $3,925 - $4,005 9% - 11% 7% - 10% Add back: Deferred revenue fair value adjustment $115 3% 3% Non-GAAP revenue range (4) $4,040 - $4,120 12% - 14% 11% - 13% | GAAP diluted earnings per share range | $0.48 - $0.58 | | -- | -- | --",V8_FIVE_RELATION_CORRECTED_NOT_SOURCE_REVIEWED,,,5e90d97dae087d8fd4d9dbdba7245eec311984dad9c8fb9aaa917f1a5adc4951
GEN,0000849399,0001157523-16-007247,2016-11-03T16:28:12.000Z,a51451690ex99_01.htm,https://www.sec.gov/Archives/edgar/data/849399/000115752316007247/a51451690ex99_01.htm,ff76e25f64abc5bd37c10c0d0d684db2542e91729cd041c4ea79d5db3af31565,EPS,FY2018,NON_GAAP,NOT_APPLICABLE,USD_PER_SHARE,1.7,1.8,1.75,CURRENT_GUIDANCE_RANGE,AS_REPORTED,HTML_TABLE_GRID,0,CURRENT_CANDIDATE,CURRENT_GUIDANCE_RANGE,13,26,1,Non-GAAP diluted earnings per share range,"Year Ended March 31, 2017 | Range | 1% - 3% | 2% | 8% | 16% | 27% - 29% | ($0.07) - ($0.01) | $0.14 | $0.36 | $0.69 | $1.12 - $1.18 | Year Ended March 30, 2018 | $0.48 - $0.58 | $1.22","SYMANTEC CORPORATION Guidance and Reconciliation of GAAP to Non-GAAP Revenue, Operating Margin and Earnings Per Share (1) (Dollars in millions, except per share data, unaudited) Fiscal Year 2017 Revenue Guidance Year Ended March 31, 2017 Year-Over-Year Growth Rate (2) Range Actual Constant Currency (3) GAAP revenue range $3,925 - $4,005 9% - 11% 7% - 10% Add back: Deferred revenue fair value adjustment $115 3% 3% Non-GAAP revenue range (4) $4,040 - $4,120 12% - 14% 11% - 13% | Non-GAAP diluted earnings per share range | $1.70 - $1.80 | | -- | -- | --",V8_FIVE_RELATION_CORRECTED_NOT_SOURCE_REVIEWED,,,5e90d97dae087d8fd4d9dbdba7245eec311984dad9c8fb9aaa917f1a5adc4951
TEL,0001385157,0001104659-17-003908,2017-01-25T11:20:24.000Z,a17-2774_1ex99d1.htm,https://www.sec.gov/Archives/edgar/data/1385157/000110465917003908/a17-2774_1ex99d1.htm,804deca3fe95ebc4c14d6ed7ac89104168eaeef044e8b45eb49703b02538ea4d,REVENUE,Q2-2017,UNSPECIFIED,NOT_APPLICABLE,USD,3025000000,3125000000,3075000000,CURRENT_GUIDANCE_RANGE,AS_REPORTED,NARRATIVE_CLAUSE,69,CURRENT_CANDIDATE,CURRENT_GUIDANCE_RANGE,,,,,,"For the fiscal second quarter 2017, the company expects net sales of $3.025 billion to $3.125 billion, reflecting an increase of 4 percent year over year at the midpoint.",V8_FIVE_RELATION_CORRECTED_NOT_SOURCE_REVIEWED,/html/body/document/type/sequence/filename/description/text/div[2]/p[8],HTML_P,07d7cc52d19a6d1e493118222358e3470aa0d08781c477b30d28cb01d76b1996
APH,0000820313,0001558370-17-000189,2017-01-25T15:19:50.000Z,aph-20170125ex991f4567d.htm,https://www.sec.gov/Archives/edgar/data/820313/000155837017000189/aph-20170125ex991f4567d.htm,2a5696dc380155e0fe3951e8a1e62ac8d3b15729046cd30bbbe35eda2321ef01,EPS,FY2017,UNSPECIFIED,NOT_APPLICABLE,USD_PER_SHARE,2.84,2.92,2.88,CURRENT_GUIDANCE_RANGE,AS_REPORTED,NARRATIVE_CLAUSE,245,CURRENT_CANDIDATE,CURRENT_GUIDANCE_RANGE,,,,,,"range of $1.495 billion to $1.535 billion and diluted EPS in the range of $0.65 to $0.67. For the full year 2017, we expect to achieve sales in the range of $6.340 billion to $6.500 billion, an increase over 2016 of 1% to 3% and diluted EPS of $2.84 to $2.92, an increase of 9% to 12% over 2016 GAAP Diluted EPS and an increase of 4% to 7% over 2016 Adjusted Diluted EPS.”",V8_FIVE_RELATION_CORRECTED_NOT_SOURCE_REVIEWED,/html/body/document/type/sequence/filename/description/text/div[6]/p[1],HTML_P,4ea727c814ace577fbe01f5e73ac96c097397a07dd15d627e8656099c7691f52
MCO,0001059556,0001157523-17-000540,2017-02-17T13:00:31.000Z,a51511890ex99_1.htm,https://www.sec.gov/Archives/edgar/data/1059556/000115752317000540/a51511890ex99_1.htm,7c8b03ae729d5678a6fce6b06fe2efc90e8c63a50aff43366aeb340d777360f2,EPS,FY2017,UNSPECIFIED,NOT_APPLICABLE,USD_PER_SHARE,5.15,5.3,5.225,CURRENT_GUIDANCE_RANGE,AS_REPORTED,HTML_TABLE_GRID,0,CURRENT_CANDIDATE,CURRENT_GUIDANCE_RANGE,14,11,3,EPS,"Full Year 2017 Moody's Corporation Guidance as of February 17, 2017 | increase in the mid-single-digit percent range | decrease in the 25% to 30% range | increase in the low-single-digit percent range | Approximately $135 million | Approximately 43% | Approximately 46% | 31% - 32%",| EPS | | | $5.15 to $5.30,V8_FIVE_RELATION_CORRECTED_NOT_SOURCE_REVIEWED,,,abe3e7b94bf4d3972dc8233aa240dabb520362bafc6af977259a6d25b97de235
MCO,0001059556,0001157523-17-001453,2017-05-05T12:00:18.000Z,a51553863ex99_1.htm,https://www.sec.gov/Archives/edgar/data/1059556/000115752317001453/a51553863ex99_1.htm,5fe017588b96cd82c0ffb0a9d928b8f7db041da9856867a669e8c9089d475def,EPS,FY2017,UNSPECIFIED,NOT_APPLICABLE,USD_PER_SHARE,5.46,5.61,5.535,CURRENT_GUIDANCE_RANGE,AS_REPORTED,HTML_TABLE_GRID,0,CURRENT_CANDIDATE,CURRENT_GUIDANCE_RANGE,19,10,2,EPS(3),Full-year 2017 Moody's Corporation guidance | Current guidance | increase in the mid-single-digit percent range | decrease in the 25% to 30% range | approximately $135 million | approximately 43% | approximately 46% | approximately 30%,| EPS(3) | | $5.46 - $5.61 | | $5.15 - $5.30,V8_FIVE_RELATION_CORRECTED_NOT_SOURCE_REVIEWED,,,b3891def85a88f29625146887f890d55ee6c035bc5bdf9f9ae7ead7aa8089190
MCO,0001059556,0001157523-17-001453,2017-05-05T12:00:18.000Z,a51553863ex99_1.htm,https://www.sec.gov/Archives/edgar/data/1059556/000115752317001453/a51553863ex99_1.htm,5fe017588b96cd82c0ffb0a9d928b8f7db041da9856867a669e8c9089d475def,EPS,FY2017,NON_GAAP,NOT_APPLICABLE,USD_PER_SHARE,5.15,5.3,5.225,CURRENT_GUIDANCE_RANGE,AS_REPORTED,HTML_TABLE_GRID,0,CURRENT_CANDIDATE,CURRENT_GUIDANCE_RANGE,19,11,2,"Adjusted EPS(3,4)",Full-year 2017 Moody's Corporation guidance | Current guidance | increase in the mid-single-digit percent range | decrease in the 25% to 30% range | approximately $135 million | approximately 43% | approximately 46% | approximately 30% | $5.46 - $5.61,"| Adjusted EPS(3,4) | | $5.15 - $5.30 | | N/A",V8_FIVE_RELATION_CORRECTED_NOT_SOURCE_REVIEWED,,,b3891def85a88f29625146887f890d55ee6c035bc5bdf9f9ae7ead7aa8089190
GEN,0000849399,0001157523-17-001528,2017-05-10T17:12:38.000Z,a51555340ex99_01.htm,https://www.sec.gov/Archives/edgar/data/849399/000115752317001528/a51555340ex99_01.htm,a5646d6a406aba8736d9d3f931e34bc0972dd98b44f10a1c9fec218a3f293f05,MARGIN,FY2018,GAAP,NOT_APPLICABLE,PERCENT,4,5,4.5,CURRENT_GUIDANCE_RANGE,AS_REPORTED,HTML_TABLE_GRID,0,CURRENT_CANDIDATE,CURRENT_GUIDANCE_RANGE,25,28,1,GAAP operating margin,"SYMANTEC CORPORATION | Guidance and Reconciliation of GAAP to Non-GAAP Revenue, Operating Margin and Earnings Per Share (1) | (Dollars in millions, except per share data, unaudited) | Fiscal Year 2018 | Year Ending March 30, 2018 | Range | $4,977 - $5,077 | $123 | $5,100 - $5,200 | $2,198 - $2,228 | $62 | $2,260 - $2,290 | $2,780 - $2,850 | $60 | $2,840 - $2,910",| GAAP operating margin | 4% - 5% | | -- | -- | --,V8_FIVE_RELATION_CORRECTED_NOT_SOURCE_REVIEWED,,,f701bac87b7b64cd971206039a2c26d45a32b2afe6c4953c6599306b629683cc
GEN,0000849399,0001157523-17-001528,2017-05-10T17:12:38.000Z,a51555340ex99_01.htm,https://www.sec.gov/Archives/edgar/data/849399/000115752317001528/a51555340ex99_01.htm,a5646d6a406aba8736d9d3f931e34bc0972dd98b44f10a1c9fec218a3f293f05,MARGIN,FY2018,NON_GAAP,NOT_APPLICABLE,PERCENT,36,37,36.5,CURRENT_GUIDANCE_RANGE,AS_REPORTED,HTML_TABLE_GRID,0,CURRENT_CANDIDATE,CURRENT_GUIDANCE_RANGE,25,33,1,Non-GAAP operating margin,"SYMANTEC CORPORATION | Guidance and Reconciliation of GAAP to Non-GAAP Revenue, Operating Margin and Earnings Per Share (1) | (Dollars in millions, except per share data, unaudited) | Fiscal Year 2018 | Year Ending March 30, 2018 | Range | $4,977 - $5,077 | $123 | $5,100 - $5,200 | $2,198 - $2,228 | $62 | $2,260 - $2,290 | $2,780 - $2,850 | $60 | $2,840 - $2,910 | 4% - 5% | 2% | 12% | 18%",| Non-GAAP operating margin | 36% - 37% | | -- | -- | --,V8_FIVE_RELATION_CORRECTED_NOT_SOURCE_REVIEWED,,,f701bac87b7b64cd971206039a2c26d45a32b2afe6c4953c6599306b629683cc
GEN,0000849399,0001157523-17-001528,2017-05-10T17:12:38.000Z,a51555340ex99_01.htm,https://www.sec.gov/Archives/edgar/data/849399/000115752317001528/a51555340ex99_01.htm,a5646d6a406aba8736d9d3f931e34bc0972dd98b44f10a1c9fec218a3f293f05,EPS,FY2018,GAAP,NOT_APPLICABLE,USD_PER_SHARE,0.03,0.13,0.08,CURRENT_GUIDANCE_RANGE,AS_REPORTED,HTML_TABLE_GRID,0,CURRENT_CANDIDATE,CURRENT_GUIDANCE_RANGE,25,38,1,GAAP diluted earnings per share range,"SYMANTEC CORPORATION | Guidance and Reconciliation of GAAP to Non-GAAP Revenue, Operating Margin and Earnings Per Share (1) | (Dollars in millions, except per share data, unaudited) | Fiscal Year 2018 | Year Ending March 30, 2018 | Range | $4,977 - $5,077 | $123 | $5,100 - $5,200 | $2,198 - $2,228 | $62 | $2,260 - $2,290 | $2,780 - $2,850 | $60 | $2,840 - $2,910 | 4% - 5% | 2% | 12% | 18% | 36% - 37%",| GAAP diluted earnings per share range | $0.03 - $0.13 | | -- | -- | --,V8_FIVE_RELATION_CORRECTED_NOT_SOURCE_REVIEWED,,,e257af48944a03b9b58d2cecbfdee19c38b4244c7bf8dfc2be66101e8ef28a28
GEN,0000849399,0001157523-17-001528,2017-05-10T17:12:38.000Z,a51555340ex99_01.htm,https://www.sec.gov/Archives/edgar/data/849399/000115752317001528/a51555340ex99_01.htm,a5646d6a406aba8736d9d3f931e34bc0972dd98b44f10a1c9fec218a3f293f05,EPS,FY2018,NON_GAAP,NOT_APPLICABLE,USD_PER_SHARE,1.75,1.85,1.8,CURRENT_GUIDANCE_RANGE,AS_REPORTED,HTML_TABLE_GRID,0,CURRENT_CANDIDATE,CURRENT_GUIDANCE_RANGE,25,43,1,Non-GAAP diluted earnings per share range,"SYMANTEC CORPORATION | Guidance and Reconciliation of GAAP to Non-GAAP Revenue, Operating Margin and Earnings Per Share (1) | (Dollars in millions, except per share data, unaudited) | Fiscal Year 2018 | Year Ending March 30, 2018 | Range | $4,977 - $5,077 | $123 | $5,100 - $5,200 | $2,198 - $2,228 | $62 | $2,260 - $2,290 | $2,780 - $2,850 | $60 | $2,840 - $2,910 | 4% - 5% | 2% | 12% | 18% | 36% - 37% | $0.03 - $0.13 | $0.12 | $0.57 | $1.03",| Non-GAAP diluted earnings per share range | $1.75 - $1.85 | | -- | -- | --,V8_FIVE_RELATION_CORRECTED_NOT_SOURCE_REVIEWED,,,e257af48944a03b9b58d2cecbfdee19c38b4244c7bf8dfc2be66101e8ef28a28
MCO,0001059556,0001157523-17-002025,2017-07-21T12:01:29.000Z,a51592937ex99_1.htm,https://www.sec.gov/Archives/edgar/data/1059556/000115752317002025/a51592937ex99_1.htm,c61a57c25c5b17154dca6a87055b1865d1541612848f0e8305b54be346d21c10,EPS,FY2017,UNSPECIFIED,NOT_APPLICABLE,USD_PER_SHARE,5.69,5.84,5.765,CURRENT_GUIDANCE_RANGE,AS_REPORTED,HTML_TABLE_GRID,0,CURRENT_CANDIDATE,CURRENT_GUIDANCE_RANGE,19,10,2,Diluted EPS,Full-year 2017 Moody's Corporation guidance | Current guidance | increase in the high-single-digit percent range | decrease in the 25% to 30% range | increase in the mid-single-digit % range | approximately $135 million | approximately 43% | approximately 47% | approximately 30%,| Diluted EPS | | $5.69 - $5.84 | | $5.46 - $5.61,V8_FIVE_RELATION_CORRECTED_NOT_SOURCE_REVIEWED,,,c1aad044bf8af8138f96f5a6eca79595b491ed919380c197700021ec8d8a812b
MCO,0001059556,0001157523-17-002025,2017-07-21T12:01:29.000Z,a51592937ex99_1.htm,https://www.sec.gov/Archives/edgar/data/1059556/000115752317002025/a51592937ex99_1.htm,c61a57c25c5b17154dca6a87055b1865d1541612848f0e8305b54be346d21c10,EPS,FY2017,NON_GAAP,NOT_APPLICABLE,USD_PER_SHARE,5.35,5.5,5.425,CURRENT_GUIDANCE_RANGE,AS_REPORTED,HTML_TABLE_GRID,0,CURRENT_CANDIDATE,CURRENT_GUIDANCE_RANGE,19,11,2,Adjusted diluted EPS (1),Full-year 2017 Moody's Corporation guidance | Current guidance | increase in the high-single-digit percent range | decrease in the 25% to 30% range | increase in the mid-single-digit % range | approximately $135 million | approximately 43% | approximately 47% | approximately 30% | $5.69 - $5.84,| Adjusted diluted EPS (1) | | $5.35 - $5.50 | | $5.15 - $5.30,V8_FIVE_RELATION_CORRECTED_NOT_SOURCE_REVIEWED,,,c1aad044bf8af8138f96f5a6eca79595b491ed919380c197700021ec8d8a812b
MCO,0001059556,0001157523-17-002025,2017-07-21T12:01:29.000Z,a51592937ex99_1.htm,https://www.sec.gov/Archives/edgar/data/1059556/000115752317002025/a51592937ex99_1.htm,c61a57c25c5b17154dca6a87055b1865d1541612848f0e8305b54be346d21c10,EPS,FY2017,UNSPECIFIED,NOT_APPLICABLE,USD_PER_SHARE,5.69,5.84,5.765,CURRENT_GUIDANCE_RANGE,AS_REPORTED,NARRATIVE_CLAUSE,42,CURRENT_CANDIDATE,CURRENT_GUIDANCE_RANGE,,,,,,FY 2017 diluted EPS guidance range is now $5.69 to $5.84; adjusted diluted EPS guidance range is now $5.35 to $5.50; both ranges exclude Bureau van Dijk’s projected financial results as the acquisition has not yet closed,V8_FIVE_RELATION_CORRECTED_NOT_SOURCE_REVIEWED,/html/body/document/type/sequence/filename/description/text/div/ul/li[4],HTML_LI,faf648619f6338e74f4ca428dd62ec0283c4f3d51ebc45daa958f26be23e9a99
MCO,0001059556,0001157523-17-002025,2017-07-21T12:01:29.000Z,a51592937ex99_1.htm,https://www.sec.gov/Archives/edgar/data/1059556/000115752317002025/a51592937ex99_1.htm,c61a57c25c5b17154dca6a87055b1865d1541612848f0e8305b54be346d21c10,EPS,FY2017,NON_GAAP,NOT_APPLICABLE,USD_PER_SHARE,5.35,5.5,5.425,CURRENT_GUIDANCE_RANGE,AS_REPORTED,NARRATIVE_CLAUSE,101,CURRENT_CANDIDATE,CURRENT_GUIDANCE_RANGE,,,,,,FY 2017 diluted EPS guidance range is now $5.69 to $5.84; adjusted diluted EPS guidance range is now $5.35 to $5.50; both ranges exclude Bureau van Dijk’s projected financial results as the acquisition has not yet closed,V8_FIVE_RELATION_CORRECTED_NOT_SOURCE_REVIEWED,/html/body/document/type/sequence/filename/description/text/div/ul/li[4],HTML_LI,0fdc8ea68ca10c1184efa410c3ff3db5cdd3d07ec807806373e62297ed93537b
MCO,0001059556,0001157523-17-002025,2017-07-21T12:01:29.000Z,a51592937ex99_1.htm,https://www.sec.gov/Archives/edgar/data/1059556/000115752317002025/a51592937ex99_1.htm,c61a57c25c5b17154dca6a87055b1865d1541612848f0e8305b54be346d21c10,EPS,FY2017,NON_GAAP,NOT_APPLICABLE,USD_PER_SHARE,5.69,5.84,5.765,CURRENT_GUIDANCE_RANGE,AS_REPORTED,NARRATIVE_CLAUSE,351,CURRENT_CANDIDATE,CURRENT_GUIDANCE_RANGE,,,,,,"“In the second quarter, Moody’s recorded $1.0 billion in quarterly revenue, as well as double-digit EPS growth,” said Raymond McDaniel, President and Chief Executive Officer of Moody’s. “Given the strength of the first half and a supportive market environment, we are raising our full year 2017 diluted EPS and adjusted diluted EPS guidance ranges to $5.69 to $5.84 and $5.35 to $5.50, respectively.”",V8_FIVE_RELATION_CORRECTED_NOT_SOURCE_REVIEWED,/html/body/document/type/sequence/filename/description/text/div/p[4],HTML_P,b681e92c61ed3c937e0617e3c7f354fafc52e1227599767ee031981c6f1c6505
MCO,0001059556,0001157523-17-002025,2017-07-21T12:01:29.000Z,a51592937ex99_1.htm,https://www.sec.gov/Archives/edgar/data/1059556/000115752317002025/a51592937ex99_1.htm,c61a57c25c5b17154dca6a87055b1865d1541612848f0e8305b54be346d21c10,EPS,FY2017,NON_GAAP,NOT_APPLICABLE,USD_PER_SHARE,5.35,5.5,5.425,CURRENT_GUIDANCE_RANGE,AS_REPORTED,NARRATIVE_CLAUSE,370,CURRENT_CANDIDATE,CURRENT_GUIDANCE_RANGE,,,,,,"“In the second quarter, Moody’s recorded $1.0 billion in quarterly revenue, as well as double-digit EPS growth,” said Raymond McDaniel, President and Chief Executive Officer of Moody’s. “Given the strength of the first half and a supportive market environment, we are raising our full year 2017 diluted EPS and adjusted diluted EPS guidance ranges to $5.69 to $5.84 and $5.35 to $5.50, respectively.”",V8_FIVE_RELATION_CORRECTED_NOT_SOURCE_REVIEWED,/html/body/document/type/sequence/filename/description/text/div/p[4],HTML_P,a1a8ac7a2447647944356960439ac81abcd14494b63664d655632b066fb33f28
MCO,0001059556,0001157523-17-002025,2017-07-21T12:01:29.000Z,a51592937ex99_1.htm,https://www.sec.gov/Archives/edgar/data/1059556/000115752317002025/a51592937ex99_1.htm,c61a57c25c5b17154dca6a87055b1865d1541612848f0e8305b54be346d21c10,EPS,FY2017,NON_GAAP,NOT_APPLICABLE,USD_PER_SHARE,5.35,5.5,5.425,CURRENT_GUIDANCE_RANGE,AS_REPORTED,NARRATIVE_CLAUSE,239,CURRENT_CANDIDATE,CURRENT_GUIDANCE_RANGE,,,,,,"Excluding these items, full year 2017 adjusted diluted EPS is now expected to be $5.35 to $5.50. Please refer to Table 11 – 2017 Outlook for a reconciliation of diluted EPS to adjusted diluted EPS.",V8_FIVE_RELATION_CORRECTED_NOT_SOURCE_REVIEWED,/html/body/document/type/sequence/filename/description/text/div/p[47],HTML_P,33002e32a527f9194caf09210a623410fdd3cc6f5f11d80135eecddde12c88f6
WST,0000105770,0000105770-17-000039,2017-07-27T13:14:03.000Z,exh991q22017earningsrelease.htm,https://www.sec.gov/Archives/edgar/data/105770/000010577017000039/exh991q22017earningsrelease.htm,4930c9f625d1747dc18c4e83283e7fbacb8dffbc54f1204908e69b52276c0e84,EPS,FY2017,UNSPECIFIED,NOT_APPLICABLE,USD_PER_SHARE,2.51,2.58,2.545,CURRENT_GUIDANCE_RANGE,AS_REPORTED,HTML_TABLE_GRID,0,CURRENT_CANDIDATE,CURRENT_GUIDANCE_RANGE,24,3,1,Reported diluted EPS guidance,Full Year 2017 Guidance(2) (3),| Reported diluted EPS guidance | $2.51 to $2.58,V8_FIVE_RELATION_CORRECTED_NOT_SOURCE_REVIEWED,,,5f9162406c2f186a9c5e337706cc465ed307af21638398e69da103869a210b99
WST,0000105770,0000105770-17-000039,2017-07-27T13:14:03.000Z,exh991q22017earningsrelease.htm,https://www.sec.gov/Archives/edgar/data/105770/000010577017000039/exh991q22017earningsrelease.htm,4930c9f625d1747dc18c4e83283e7fbacb8dffbc54f1204908e69b52276c0e84,EPS,FY2017,NON_GAAP,NOT_APPLICABLE,USD_PER_SHARE,2.66,2.73,2.695,CURRENT_GUIDANCE_RANGE,AS_REPORTED,HTML_TABLE_GRID,0,CURRENT_CANDIDATE,CURRENT_GUIDANCE_RANGE,24,5,1,Adjusted diluted EPS guidance,Full Year 2017 Guidance(2) (3) | $2.51 to $2.58 | 0.15,| Adjusted diluted EPS guidance | $2.66 to $2.73,V8_FIVE_RELATION_CORRECTED_NOT_SOURCE_REVIEWED,,,5f9162406c2f186a9c5e337706cc465ed307af21638398e69da103869a210b99
WST,0000105770,0000105770-17-000047,2017-10-26T14:01:07.000Z,exh991q32017earningsrelease.htm,https://www.sec.gov/Archives/edgar/data/105770/000010577017000047/exh991q32017earningsrelease.htm,e408a2c4ec6f21e75ab89f3c99b89f7415f0c8077c015ce4f56839c6f9e1d67c,EPS,FY2017,UNSPECIFIED,NOT_APPLICABLE,USD_PER_SHARE,2.59,2.64,2.615,CURRENT_GUIDANCE_RANGE,AS_REPORTED,HTML_TABLE_GRID,0,CURRENT_CANDIDATE,CURRENT_GUIDANCE_RANGE,26,3,1,Reported diluted EPS guidance,Full Year 2017 Guidance(2) (3),| Reported diluted EPS guidance | $2.59 to $2.64,V8_FIVE_RELATION_CORRECTED_NOT_SOURCE_REVIEWED,,,19d828369f25c84d4353ddcd98a881767c13b87f433ecae53ecc53308630d67a
WST,0000105770,0000105770-17-000047,2017-10-26T14:01:07.000Z,exh991q32017earningsrelease.htm,https://www.sec.gov/Archives/edgar/data/105770/000010577017000047/exh991q32017earningsrelease.htm,e408a2c4ec6f21e75ab89f3c99b89f7415f0c8077c015ce4f56839c6f9e1d67c,EPS,FY2017,NON_GAAP,NOT_APPLICABLE,USD_PER_SHARE,2.74,2.79,2.765,CURRENT_GUIDANCE_RANGE,AS_REPORTED,HTML_TABLE_GRID,0,CURRENT_CANDIDATE,CURRENT_GUIDANCE_RANGE,26,5,1,Adjusted diluted EPS guidance,Full Year 2017 Guidance(2) (3) | $2.59 to $2.64 | 0.15,| Adjusted diluted EPS guidance | $2.74 to $2.79,V8_FIVE_RELATION_CORRECTED_NOT_SOURCE_REVIEWED,,,19d828369f25c84d4353ddcd98a881767c13b87f433ecae53ecc53308630d67a
MCO,0001059556,0001157523-17-003007,2017-11-03T12:01:34.000Z,a51710503ex99_1.htm,https://www.sec.gov/Archives/edgar/data/1059556/000115752317003007/a51710503ex99_1.htm,52081190b5e2f7322e551e4d8e26ddfbd2df6da6a006986695f1fc5367b6af9e,EPS,FY2017,UNSPECIFIED,NOT_APPLICABLE,USD_PER_SHARE,6.18,6.33,6.255,CURRENT_GUIDANCE_RANGE,AS_REPORTED,HTML_TABLE_GRID,0,CURRENT_CANDIDATE,CURRENT_GUIDANCE_RANGE,14,9,2,Diluted EPS,Full-year 2017 Moody's Corporation guidance | Current guidance | increase in the low-teens percent range | decrease in the 20% to 25% range | increase in the low-double-digit percent range | approximately $160 million | approximately 43% | approximately 47% | approximately 30%,| Diluted EPS | | $6.18 - $6.33 | | $5.69 - $5.84,V8_FIVE_RELATION_CORRECTED_NOT_SOURCE_REVIEWED,,,9c5c11fec038c20e9f4c1b5c2dcbdf08a691de5db01dc90814a117dd02b6573a
MCO,0001059556,0001157523-17-003007,2017-11-03T12:01:34.000Z,a51710503ex99_1.htm,https://www.sec.gov/Archives/edgar/data/1059556/000115752317003007/a51710503ex99_1.htm,52081190b5e2f7322e551e4d8e26ddfbd2df6da6a006986695f1fc5367b6af9e,EPS,FY2017,NON_GAAP,NOT_APPLICABLE,USD_PER_SHARE,5.85,6,5.925,CURRENT_GUIDANCE_RANGE,AS_REPORTED,HTML_TABLE_GRID,0,CURRENT_CANDIDATE,CURRENT_GUIDANCE_RANGE,14,10,2,Adjusted Diluted EPS(2),Full-year 2017 Moody's Corporation guidance | Current guidance | increase in the low-teens percent range | decrease in the 20% to 25% range | increase in the low-double-digit percent range | approximately $160 million | approximately 43% | approximately 47% | approximately 30% | $6.18 - $6.33,| Adjusted Diluted EPS(2) | | $5.85 - $6.00 | | $5.35 - $5.50,V8_FIVE_RELATION_CORRECTED_NOT_SOURCE_REVIEWED,,,9c5c11fec038c20e9f4c1b5c2dcbdf08a691de5db01dc90814a117dd02b6573a
CDNS,0000813672,0000813672-18-000003,2018-01-31T21:10:57.000Z,cfocommentary1312018ex9902.htm,https://www.sec.gov/Archives/edgar/data/813672/000081367218000003/cfocommentary1312018ex9902.htm,c4790aa930d9d9ef18a7fbdeb03a1089362c67118dab5c6324769d8fb9704d31,REVENUE,Q1-2018,UNSPECIFIED,NOT_APPLICABLE,USD,500000000,510000000,505000000,CURRENT_GUIDANCE_RANGE,AS_REPORTED,HTML_TABLE_GRID,50,CURRENT_CANDIDATE,CURRENT_GUIDANCE_RANGE,0,7,3,"January 31, 2018Q4 2017 Key Takeaways• Strong, consistent financial results for Q4 with key metrics meeting or exceeding expectations.• Double digit revenue growth for digital, custom/analog and IP product groups for fiscal 2017.• Repurchased $50 million of Cadence shares in Q4.","CADENCE REPORTS FOURTH QUARTERAND FISCAL YEAR 2017 | CADENCE DESIGN SYSTEMS, INC.","| | January 31, 2018Q4 2017 Key Takeaways• Strong, consistent financial results for Q4 with key metrics meeting or exceeding expectations.• Double digit revenue growth for digital, custom/analog and IP product groups for fiscal 2017.• Repurchased $50 million of Cadence shares in Q4. | | Q1 2018 Outlook *(ASC Topic 606 Basis)• Revenue : $500 - $510 million.• GAAP operating margin: approximately 14%.• Non-GAAP operating margin: approximately 26%.• GAAP EPS: $0.20 - $0.22.• Non-GAAP EPS: $0.36 - $0.38. | Q4 2017 KEY METRICS",V8_FIVE_RELATION_CORRECTED_NOT_SOURCE_REVIEWED,,,e4c325d40e21e61713b6a0f21a4a11b41e3d9a9bc59627ad0ad287f08a0eed6d
MCO,0001059556,0001157523-18-000268,2018-02-09T13:00:37.000Z,a51756134_ex991.htm,https://www.sec.gov/Archives/edgar/data/1059556/000115752318000268/a51756134_ex991.htm,5c89ccc8ee8257d39f078c67364cb134d99c1e931fa6ec43e75f46975f0295b5,MARGIN,FY2018,UNSPECIFIED,NOT_APPLICABLE,PERCENT,43,44,43.5,CURRENT_GUIDANCE_RANGE,AS_REPORTED,HTML_TABLE_GRID,0,CURRENT_CANDIDATE,CURRENT_GUIDANCE_RANGE,17,6,2,Operating margin,"Full Year 2018 Moody's Corporation Guidance as of February 9, 2018 | increase in the low-double-digit percent range | approximately $200 million",| Operating margin | | 43% - 44%,V8_FIVE_RELATION_CORRECTED_NOT_SOURCE_REVIEWED,,,bc692f0d4501c61a8a027541fc1c27700627f204c28f8455958edbe78331e27b
MCO,0001059556,0001157523-18-000268,2018-02-09T13:00:37.000Z,a51756134_ex991.htm,https://www.sec.gov/Archives/edgar/data/1059556/000115752318000268/a51756134_ex991.htm,5c89ccc8ee8257d39f078c67364cb134d99c1e931fa6ec43e75f46975f0295b5,EPS,FY2018,UNSPECIFIED,NOT_APPLICABLE,USD_PER_SHARE,7.2,7.4,7.3,CURRENT_GUIDANCE_RANGE,AS_REPORTED,HTML_TABLE_GRID,0,CURRENT_CANDIDATE,CURRENT_GUIDANCE_RANGE,17,9,2,Diluted EPS,"Full Year 2018 Moody's Corporation Guidance as of February 9, 2018 | increase in the low-double-digit percent range | approximately $200 million | 43% - 44% | approximately 48% | 22% - 23%",| Diluted EPS | | $7.20 to $7.40,V8_FIVE_RELATION_CORRECTED_NOT_SOURCE_REVIEWED,,,d36d9ec513389dd30ea1d283b2c6ac4b2e686331595f121c35f7d29f8c86a589
MCO,0001059556,0001157523-18-000268,2018-02-09T13:00:37.000Z,a51756134_ex991.htm,https://www.sec.gov/Archives/edgar/data/1059556/000115752318000268/a51756134_ex991.htm,5c89ccc8ee8257d39f078c67364cb134d99c1e931fa6ec43e75f46975f0295b5,EPS,FY2018,NON_GAAP,NOT_APPLICABLE,USD_PER_SHARE,7.65,7.85,7.75,CURRENT_GUIDANCE_RANGE,AS_REPORTED,HTML_TABLE_GRID,0,CURRENT_CANDIDATE,CURRENT_GUIDANCE_RANGE,17,10,2,Adjusted diluted EPS(1),"Full Year 2018 Moody's Corporation Guidance as of February 9, 2018 | increase in the low-double-digit percent range | approximately $200 million | 43% - 44% | approximately 48% | 22% - 23% | $7.20 to $7.40",| Adjusted diluted EPS(1) | | $7.65 to $7.85,V8_FIVE_RELATION_CORRECTED_NOT_SOURCE_REVIEWED,,,d36d9ec513389dd30ea1d283b2c6ac4b2e686331595f121c35f7d29f8c86a589
WST,0000105770,0000105770-18-000010,2018-04-26T13:30:26.000Z,exh991q12018earningsrelease.htm,https://www.sec.gov/Archives/edgar/data/105770/000010577018000010/exh991q12018earningsrelease.htm,24e959310bf34554a6520b6d822b1b2c22b9df0ee2f8fe2c92a168ad849eddfe,EPS,FY2018,UNSPECIFIED,NOT_APPLICABLE,USD_PER_SHARE,2.66,2.81,2.735,CURRENT_GUIDANCE_RANGE,AS_REPORTED,HTML_TABLE_GRID,0,CURRENT_CANDIDATE,CURRENT_GUIDANCE_RANGE,26,3,1,Reported-diluted EPS guidance,Full-Year 2018 Guidance (2) (3),| Reported-diluted EPS guidance | $2.66 to $2.81,V8_FIVE_RELATION_CORRECTED_NOT_SOURCE_REVIEWED,,,7b72e73c83fbf2e02ca9285bab6252cede5d3f5546c7398ba7b28b24baead1bc
WST,0000105770,0000105770-18-000010,2018-04-26T13:30:26.000Z,exh991q12018earningsrelease.htm,https://www.sec.gov/Archives/edgar/data/105770/000010577018000010/exh991q12018earningsrelease.htm,24e959310bf34554a6520b6d822b1b2c22b9df0ee2f8fe2c92a168ad849eddfe,EPS,FY2018,NON_GAAP,NOT_APPLICABLE,USD_PER_SHARE,2.8,2.9,2.85,CURRENT_GUIDANCE_RANGE,AS_REPORTED,HTML_TABLE_GRID,0,CURRENT_CANDIDATE,CURRENT_GUIDANCE_RANGE,26,6,1,Adjusted-diluted EPS guidance,Full-Year 2018 Guidance (2) (3) | $2.66 to $2.81 | 0.08 to 0.13 | 0.01,| Adjusted-diluted EPS guidance | $2.80 to $2.90,V8_FIVE_RELATION_CORRECTED_NOT_SOURCE_REVIEWED,,,7b72e73c83fbf2e02ca9285bab6252cede5d3f5546c7398ba7b28b24baead1bc
MCO,0001059556,0001157523-18-000848,2018-04-27T11:30:27.000Z,a51796588ex99_1.htm,https://www.sec.gov/Archives/edgar/data/1059556/000115752318000848/a51796588ex99_1.htm,cc3df7fe3cbc0da3d4cc3dd477765f05853097df18b82d5a7fbd6eba9104a129,MARGIN,FY2018,UNSPECIFIED,NOT_APPLICABLE,PERCENT,43,44,43.5,CURRENT_GUIDANCE_RANGE,AS_REPORTED,HTML_TABLE_GRID,0,CURRENT_CANDIDATE,CURRENT_GUIDANCE_RANGE,22,7,2,Operating margin,"Full Year 2018 Moody's Corporation Guidance as of April 27, 2018 | Current guidance | increase in the low-double-digit percent range | approximately $200 million",| Operating margin | | 43% - 44% | | NC,V8_FIVE_RELATION_CORRECTED_NOT_SOURCE_REVIEWED,,,acb308bf2997f55f4aa02678e2f64b2ce9081f7ce9fc711c8eca92157db56755
MCO,0001059556,0001157523-18-000848,2018-04-27T11:30:27.000Z,a51796588ex99_1.htm,https://www.sec.gov/Archives/edgar/data/1059556/000115752318000848/a51796588ex99_1.htm,cc3df7fe3cbc0da3d4cc3dd477765f05853097df18b82d5a7fbd6eba9104a129,EPS,FY2018,UNSPECIFIED,NOT_APPLICABLE,USD_PER_SHARE,7.2,7.4,7.3,CURRENT_GUIDANCE_RANGE,AS_REPORTED,HTML_TABLE_GRID,0,CURRENT_CANDIDATE,CURRENT_GUIDANCE_RANGE,22,10,2,Diluted EPS,"Full Year 2018 Moody's Corporation Guidance as of April 27, 2018 | Current guidance | increase in the low-double-digit percent range | approximately $200 million | 43% - 44% | approximately 48% | 22% - 23%",| Diluted EPS | | $7.20 to $7.40 | | NC,V8_FIVE_RELATION_CORRECTED_NOT_SOURCE_REVIEWED,,,f9f10ae25d091df4dca2ef36b0fb967e1e9915f008f19e7a378dee823e0aa4e5
MCO,0001059556,0001157523-18-000848,2018-04-27T11:30:27.000Z,a51796588ex99_1.htm,https://www.sec.gov/Archives/edgar/data/1059556/000115752318000848/a51796588ex99_1.htm,cc3df7fe3cbc0da3d4cc3dd477765f05853097df18b82d5a7fbd6eba9104a129,EPS,FY2018,NON_GAAP,NOT_APPLICABLE,USD_PER_SHARE,7.65,7.85,7.75,CURRENT_GUIDANCE_RANGE,AS_REPORTED,HTML_TABLE_GRID,0,CURRENT_CANDIDATE,CURRENT_GUIDANCE_RANGE,22,11,2,Adjusted Diluted EPS(1),"Full Year 2018 Moody's Corporation Guidance as of April 27, 2018 | Current guidance | increase in the low-double-digit percent range | approximately $200 million | 43% - 44% | approximately 48% | 22% - 23% | $7.20 to $7.40",| Adjusted Diluted EPS(1) | | $7.65 to $7.85 | | NC,V8_FIVE_RELATION_CORRECTED_NOT_SOURCE_REVIEWED,,,f9f10ae25d091df4dca2ef36b0fb967e1e9915f008f19e7a378dee823e0aa4e5
GEN,0000849399,0001193125-18-163279,2018-05-15T06:10:32.000Z,d589355dex9901.htm,https://www.sec.gov/Archives/edgar/data/849399/000119312518163279/d589355dex9901.htm,ea389595c1b36bd9809f029190a4074afdca65d9c8fb407fa2b592144c8b83e5,MARGIN,FY2019,UNSPECIFIED,NOT_APPLICABLE,PERCENT,30,32,31,CURRENT_GUIDANCE_RANGE,AS_REPORTED,NARRATIVE_CLAUSE,553,CURRENT_CANDIDATE,CURRENT_GUIDANCE_RANGE,,,,,,Our fiscal year 2019 operating margin forecast is in the range of 30% to 32%.,V8_FIVE_RELATION_CORRECTED_NOT_SOURCE_REVIEWED,/html/body/document/type/sequence/filename/description/text/p[40],HTML_P,963704874d0a7140e0f115b003a7950a47e734f31a051384188f8c05255139d9
WST,0000105770,0000105770-18-000030,2018-07-26T13:09:51.000Z,exh991q22018earningsrelease.htm,https://www.sec.gov/Archives/edgar/data/105770/000010577018000030/exh991q22018earningsrelease.htm,b177ac9d32e327e779189570384ad5224d3f1cb360af806bfd8bb37a2c829db8,EPS,FY2018,UNSPECIFIED,NOT_APPLICABLE,USD_PER_SHARE,2.73,2.88,2.805,CURRENT_GUIDANCE_RANGE,AS_REPORTED,HTML_TABLE_GRID,0,CURRENT_CANDIDATE,CURRENT_GUIDANCE_RANGE,24,3,1,Reported-diluted EPS guidance,Full-Year 2018 Guidance (2) (3),| Reported-diluted EPS guidance | $2.73 to $2.88,V8_FIVE_RELATION_CORRECTED_NOT_SOURCE_REVIEWED,,,ec449b61b5eba3f45ae33793313bc7f58893a51a6c0ae418d15ae5651097674c
WST,0000105770,0000105770-18-000030,2018-07-26T13:09:51.000Z,exh991q22018earningsrelease.htm,https://www.sec.gov/Archives/edgar/data/105770/000010577018000030/exh991q22018earningsrelease.htm,b177ac9d32e327e779189570384ad5224d3f1cb360af806bfd8bb37a2c829db8,EPS,FY2018,NON_GAAP,NOT_APPLICABLE,USD_PER_SHARE,2.8,2.9,2.85,CURRENT_GUIDANCE_RANGE,AS_REPORTED,HTML_TABLE_GRID,0,CURRENT_CANDIDATE,CURRENT_GUIDANCE_RANGE,24,6,1,Adjusted-diluted EPS guidance,Full-Year 2018 Guidance (2) (3) | $2.73 to $2.88 | 0.08 to 0.13 | (0.06),| Adjusted-diluted EPS guidance | $2.80 to $2.90,V8_FIVE_RELATION_CORRECTED_NOT_SOURCE_REVIEWED,,,ec449b61b5eba3f45ae33793313bc7f58893a51a6c0ae418d15ae5651097674c
WST,0000105770,0000105770-18-000035,2018-10-25T13:55:48.000Z,exh991q32018earningsrelease.htm,https://www.sec.gov/Archives/edgar/data/105770/000010577018000035/exh991q32018earningsrelease.htm,20eb340515d1181b1346e2deb8ae2607e2173910e5153ab9421508d03c66f75a,EPS,FY2018,UNSPECIFIED,NOT_APPLICABLE,USD_PER_SHARE,2.71,2.86,2.785,CURRENT_GUIDANCE_RANGE,AS_REPORTED,HTML_TABLE_GRID,0,CURRENT_CANDIDATE,CURRENT_GUIDANCE_RANGE,20,3,1,Reported-diluted EPS guidance,Full-Year 2018 Guidance (2) (3),| Reported-diluted EPS guidance | $2.71 to $2.86,V8_FIVE_RELATION_CORRECTED_NOT_SOURCE_REVIEWED,,,9828a1de7959cb8aca0e0e31eb03fa4883572b5a78a51e1c449a4d025d2d9a2c
WST,0000105770,0000105770-18-000035,2018-10-25T13:55:48.000Z,exh991q32018earningsrelease.htm,https://www.sec.gov/Archives/edgar/data/105770/000010577018000035/exh991q32018earningsrelease.htm,20eb340515d1181b1346e2deb8ae2607e2173910e5153ab9421508d03c66f75a,EPS,FY2018,NON_GAAP,NOT_APPLICABLE,USD_PER_SHARE,2.8,2.9,2.85,CURRENT_GUIDANCE_RANGE,AS_REPORTED,HTML_TABLE_GRID,0,CURRENT_CANDIDATE,CURRENT_GUIDANCE_RANGE,20,7,1,Adjusted-diluted EPS guidance,Full-Year 2018 Guidance (2) (3) | $2.71 to $2.86 | 0.08 to 0.13 | 0.02 | (0.06),| Adjusted-diluted EPS guidance | $2.80 to $2.90,V8_FIVE_RELATION_CORRECTED_NOT_SOURCE_REVIEWED,,,9828a1de7959cb8aca0e0e31eb03fa4883572b5a78a51e1c449a4d025d2d9a2c
BAX,0000010456,0001193125-18-312933,2018-10-31T11:28:35.000Z,d645305dex991.htm,https://www.sec.gov/Archives/edgar/data/10456/000119312518312933/d645305dex991.htm,1a8b24d3787345d2ce027a49c3b4be53971a714d116b7d60ad0a88bbf47ef3bc,EPS,FY2018,GAAP,NOT_APPLICABLE,USD_PER_SHARE,2.9,2.94,2.92,CURRENT_GUIDANCE_RANGE,AS_REPORTED,NARRATIVE_CLAUSE,43,CURRENT_CANDIDATE,CURRENT_GUIDANCE_RANGE,,,,,,Company expects full-year 2018 GAAP EPS of $2.90 to $2.94; Adjusted EPS of $2.98 to $3.00,V8_FIVE_RELATION_CORRECTED_NOT_SOURCE_REVIEWED,/html/body/document/type/sequence/filename/description/text/table[4]/tr/td[4]/p,HTML_P,85f7db5aa861c30861ffc221c609aa251410df97cecabcb9a2fc83b377c2e732
BAX,0000010456,0001193125-18-312933,2018-10-31T11:28:35.000Z,d645305dex991.htm,https://www.sec.gov/Archives/edgar/data/10456/000119312518312933/d645305dex991.htm,1a8b24d3787345d2ce027a49c3b4be53971a714d116b7d60ad0a88bbf47ef3bc,EPS,FY2018,NON_GAAP,NOT_APPLICABLE,USD_PER_SHARE,2.98,3,2.99,CURRENT_GUIDANCE_RANGE,AS_REPORTED,NARRATIVE_CLAUSE,75,CURRENT_CANDIDATE,CURRENT_GUIDANCE_RANGE,,,,,,Company expects full-year 2018 GAAP EPS of $2.90 to $2.94; Adjusted EPS of $2.98 to $3.00,V8_FIVE_RELATION_CORRECTED_NOT_SOURCE_REVIEWED,/html/body/document/type/sequence/filename/description/text/table[4]/tr/td[4]/p,HTML_P,0877e723a0b7414f216894c67196bafc43a98325057017e0af59351404e4e11d
GEN,0000849399,0001157523-18-002271,2018-11-01T16:24:10.000Z,a51892559ex99_01.htm,https://www.sec.gov/Archives/edgar/data/849399/000115752318002271/a51892559ex99_01.htm,995a175e8312c0081025c574580d61cbb4a579461dabba61254daf95a9f47468,MARGIN,FY2019,UNSPECIFIED,NOT_APPLICABLE,PERCENT,5,7,6,CURRENT_GUIDANCE_RANGE,AS_REPORTED,HTML_TABLE_GRID,0,CURRENT_CANDIDATE,CURRENT_GUIDANCE_RANGE,5,6,2,Operating Margin,"GAAP | $1,153M - $1,183M | 6% | $0.02 - $0.05 | $4,640M - $4,760M","· GAAP diluted EPS was $(0.01), non-GAAP diluted EPS was $0.42 | · Cash flow from operating activities was $240 million | Third Quarter and Fiscal Year 2019 Guidance | Operating Margin | | 5% - 7% | | 30%",V8_FIVE_RELATION_CORRECTED_NOT_SOURCE_REVIEWED,,,187b300b2b343ab6787a8473bd92e96d58b232f1a92748c44e7b5ad114df990c
TEL,0001385157,0001104659-19-002827,2019-01-23T11:28:33.000Z,a19-3115_1ex99d1.htm,https://www.sec.gov/Archives/edgar/data/1385157/000110465919002827/a19-3115_1ex99d1.htm,e7800fb4ab442f7935851d94271ed211f01e29d984b15dd11608a2f7aed38436,REVENUE,Q2-2019,UNSPECIFIED,NOT_APPLICABLE,USD,3300000000,3400000000,3350000000,CURRENT_GUIDANCE_RANGE,AS_REPORTED,NARRATIVE_CLAUSE,72,CURRENT_CANDIDATE,CURRENT_GUIDANCE_RANGE,,,,,,"For the fiscal second quarter of 2019, the company expects net sales of $3.3 billion to $3.4 billion.",V8_FIVE_RELATION_CORRECTED_NOT_SOURCE_REVIEWED,/html/body/document/type/sequence/filename/description/text/div[3]/p[4],HTML_P,90d60870b0cdc67c1b98045f140e0339da54fd2d3f84b41c1b2cee5fa8cbe29d
BDX,0000010795,0000010795-19-000007,2019-02-05T11:30:43.000Z,ex99112312018.htm,https://www.sec.gov/Archives/edgar/data/10795/000001079519000007/ex99112312018.htm,b6c08da8e81875bade51bc440455e5485f97ec5a3659b88f683962fa732d49b4,EPS,FY2019,NON_GAAP,NOT_APPLICABLE,USD_PER_SHARE,12.05,12.15,12.1,CURRENT_GUIDANCE_RANGE,AS_REPORTED,HTML_TABLE_GRID,0,CURRENT_CANDIDATE,CURRENT_GUIDANCE_RANGE,45,17,6,Adjusted Fully Diluted Earnings per Share | $ | 11.01,FY2019 Outlook | Full Year FY2019 Outlook,| Adjusted Fully Diluted Earnings per Share | | $ | 11.01 | | | $12.05 to 12.15 | | ~10% | | |,V8_FIVE_RELATION_CORRECTED_NOT_SOURCE_REVIEWED,,,283e0a89f3abeaf701f23bcf5478906a8ff34ed4dd32ceb46fc3a159d124174a
HUM,0000049071,0001193125-19-028836,2019-02-06T12:31:03.000Z,d689286dex992.htm,https://www.sec.gov/Archives/edgar/data/49071/000119312519028836/d689286dex992.htm,5b6009b0494001dca28c12bdce9985e03b86c2fe373b0c6b99f7b351c25b9e8a,EPS,FY2019,GAAP,NOT_APPLICABLE,USD_PER_SHARE,16.6,17.1,16.85,CURRENT_GUIDANCE_RANGE,AS_REPORTED,HTML_TABLE_GRID,0,CURRENT_CANDIDATE,CURRENT_GUIDANCE_RANGE,173,2,4,Diluted earnings per common share (EPS) | GAAP,"Humana Inc. Full-Year 2019 Projections As of February 6, 2019",| Diluted earnings per common share (EPS) | | GAAP | | $16.60 to $17.10 | | • GAAP EPS guidance excludes the impact of future fair value changes of the Kindred at Home put/call option • See footnote (e) for detail of non-GAAP adjustments,V8_FIVE_RELATION_CORRECTED_NOT_SOURCE_REVIEWED,,,def9fab25b7bddd488e4b62513dd92a454f7fe7ff35d500a3b985301f43f6fc6
HUM,0000049071,0001193125-19-028836,2019-02-06T12:31:03.000Z,d689286dex992.htm,https://www.sec.gov/Archives/edgar/data/49071/000119312519028836/d689286dex992.htm,5b6009b0494001dca28c12bdce9985e03b86c2fe373b0c6b99f7b351c25b9e8a,EPS,FY2019,NON_GAAP,NOT_APPLICABLE,USD_PER_SHARE,17,17.5,17.25,CURRENT_GUIDANCE_RANGE,AS_REPORTED,HTML_TABLE_GRID,0,CURRENT_CANDIDATE,CURRENT_GUIDANCE_RANGE,173,4,4,Diluted earnings per common share (EPS) | Non-GAAP,"Humana Inc. Full-Year 2019 Projections As of February 6, 2019 | $16.60 to $17.10 | ~$0.40",| Diluted earnings per common share (EPS) | | Non-GAAP | | $17.00 to $17.50 | | • GAAP EPS guidance excludes the impact of future fair value changes of the Kindred at Home put/call option • See footnote (e) for detail of non-GAAP adjustments,V8_FIVE_RELATION_CORRECTED_NOT_SOURCE_REVIEWED,,,def9fab25b7bddd488e4b62513dd92a454f7fe7ff35d500a3b985301f43f6fc6
MCO,0001059556,0001157523-19-000357,2019-02-15T12:30:35.000Z,a51940399ex99_1.htm,https://www.sec.gov/Archives/edgar/data/1059556/000115752319000357/a51940399ex99_1.htm,987854c20114a6dcf892dc0ccd0e1c6aa8a387d12a3f8ae9b2887f00953121cb,EPS,FY2019,UNSPECIFIED,NOT_APPLICABLE,USD_PER_SHARE,7.3,7.55,7.425,CURRENT_GUIDANCE_RANGE,AS_REPORTED,HTML_TABLE_GRID,0,CURRENT_CANDIDATE,CURRENT_GUIDANCE_RANGE,18,10,3,Diluted EPS,"Full Year 2019 Moody's Corporation Guidance as of February 15, 2019 | increase in the mid-single-digit percent range | approximately 43% | approximately 48% | $200 - $225 million | 21% - 22%",| Diluted EPS | | | $7.30 to $7.55,V8_FIVE_RELATION_CORRECTED_NOT_SOURCE_REVIEWED,,,1f8b5b462b0776bc868f2a71f3369dc0c374bc434030931ddaad231065c30ab4
MCO,0001059556,0001157523-19-000357,2019-02-15T12:30:35.000Z,a51940399ex99_1.htm,https://www.sec.gov/Archives/edgar/data/1059556/000115752319000357/a51940399ex99_1.htm,987854c20114a6dcf892dc0ccd0e1c6aa8a387d12a3f8ae9b2887f00953121cb,EPS,FY2019,NON_GAAP,NOT_APPLICABLE,USD_PER_SHARE,7.85,8.1,7.975,CURRENT_GUIDANCE_RANGE,AS_REPORTED,HTML_TABLE_GRID,0,CURRENT_CANDIDATE,CURRENT_GUIDANCE_RANGE,18,11,3,Adjusted diluted EPS (1),"Full Year 2019 Moody's Corporation Guidance as of February 15, 2019 | increase in the mid-single-digit percent range | approximately 43% | approximately 48% | $200 - $225 million | 21% - 22% | $7.30 to $7.55",| Adjusted diluted EPS (1) | | | $7.85 to $8.10,V8_FIVE_RELATION_CORRECTED_NOT_SOURCE_REVIEWED,,,1f8b5b462b0776bc868f2a71f3369dc0c374bc434030931ddaad231065c30ab4
MCO,0001059556,0001157523-19-000357,2019-02-15T12:30:35.000Z,a51940399ex99_1.htm,https://www.sec.gov/Archives/edgar/data/1059556/000115752319000357/a51940399ex99_1.htm,987854c20114a6dcf892dc0ccd0e1c6aa8a387d12a3f8ae9b2887f00953121cb,FREE_CASH_FLOW,FY2019,NON_GAAP,NOT_APPLICABLE,USD,1600000000,1700000000,1650000000,CURRENT_GUIDANCE_RANGE,AS_REPORTED,HTML_TABLE_GRID,0,CURRENT_CANDIDATE,CURRENT_GUIDANCE_RANGE,18,13,3,Free cash flow (1),"Full Year 2019 Moody's Corporation Guidance as of February 15, 2019 | increase in the mid-single-digit percent range | approximately 43% | approximately 48% | $200 - $225 million | 21% - 22% | $7.30 to $7.55 | $7.85 to $8.10 | $1.7 to $1.8 billion",| Free cash flow (1) | | | $1.6 to $1.7 billion,V8_FIVE_RELATION_CORRECTED_NOT_SOURCE_REVIEWED,,,54799a56a5956213b0601d2a0243a1b6a3e84a38012cd8bf358e7f68dfd8f10e
MCO,0001059556,0001157523-19-000357,2019-02-15T12:30:35.000Z,a51940399ex99_1.htm,https://www.sec.gov/Archives/edgar/data/1059556/000115752319000357/a51940399ex99_1.htm,987854c20114a6dcf892dc0ccd0e1c6aa8a387d12a3f8ae9b2887f00953121cb,MARGIN,FY2019,NON_GAAP,NOT_APPLICABLE,PERCENT,29,30,29.5,CURRENT_GUIDANCE_RANGE,AS_REPORTED,HTML_TABLE_GRID,0,CURRENT_CANDIDATE,CURRENT_GUIDANCE_RANGE,18,30,3,MA adjusted operating margin,"Full Year 2019 Moody's Corporation Guidance as of February 15, 2019 | increase in the mid-single-digit percent range | approximately 43% | approximately 48% | $200 - $225 million | 21% - 22% | $7.30 to $7.55 | $7.85 to $8.10 | $1.7 to $1.8 billion | $1.6 to $1.7 billion | approximately $1 billion (subject to available cash, market conditions and other ongoing capital allocation decisions) | (1) These metrics are adjusted measures. See below for a reconciliation of these measures to their compara",| MA adjusted operating margin | | | 29% - 30%,V8_FIVE_RELATION_CORRECTED_NOT_SOURCE_REVIEWED,,,b5e423b786381bf904e216433e55c4c218fb31a3eaa520a1b65dbf271cf93e46
MCO,0001059556,0001157523-19-000868,2019-04-24T11:30:49.000Z,a51973633_ex991.htm,https://www.sec.gov/Archives/edgar/data/1059556/000115752319000868/a51973633_ex991.htm,8bec16cadc65d56da7f71fa4d321e3a550bd883f23393cacbd0fd336e788d62b,EPS,FY2019,UNSPECIFIED,NOT_APPLICABLE,USD_PER_SHARE,7.3,7.55,7.425,CURRENT_GUIDANCE_RANGE,AS_REPORTED,HTML_TABLE_GRID,0,CURRENT_CANDIDATE,CURRENT_GUIDANCE_RANGE,16,10,3,Diluted EPS,"Full Year 2019 Moody's Corporation Guidance as of April 24, 2019 | increase in the mid-single-digit percent range | approximately 43% | approximately 48% | $200 - $225 million | 21% - 22%",| Diluted EPS | | | $7.30 to $7.55,V8_FIVE_RELATION_CORRECTED_NOT_SOURCE_REVIEWED,,,e06ac4d0d5c7417d8c8a37a241884ab4ff590f78aac03d014dd92ac015d7f2f3
MCO,0001059556,0001157523-19-000868,2019-04-24T11:30:49.000Z,a51973633_ex991.htm,https://www.sec.gov/Archives/edgar/data/1059556/000115752319000868/a51973633_ex991.htm,8bec16cadc65d56da7f71fa4d321e3a550bd883f23393cacbd0fd336e788d62b,EPS,FY2019,NON_GAAP,NOT_APPLICABLE,USD_PER_SHARE,7.85,8.1,7.975,CURRENT_GUIDANCE_RANGE,AS_REPORTED,HTML_TABLE_GRID,0,CURRENT_CANDIDATE,CURRENT_GUIDANCE_RANGE,16,11,3,Adjusted diluted EPS(2),"Full Year 2019 Moody's Corporation Guidance as of April 24, 2019 | increase in the mid-single-digit percent range | approximately 43% | approximately 48% | $200 - $225 million | 21% - 22% | $7.30 to $7.55",| Adjusted diluted EPS(2) | | | $7.85 to $8.10,V8_FIVE_RELATION_CORRECTED_NOT_SOURCE_REVIEWED,,,e06ac4d0d5c7417d8c8a37a241884ab4ff590f78aac03d014dd92ac015d7f2f3
MCO,0001059556,0001157523-19-000868,2019-04-24T11:30:49.000Z,a51973633_ex991.htm,https://www.sec.gov/Archives/edgar/data/1059556/000115752319000868/a51973633_ex991.htm,8bec16cadc65d56da7f71fa4d321e3a550bd883f23393cacbd0fd336e788d62b,FREE_CASH_FLOW,FY2019,NON_GAAP,NOT_APPLICABLE,USD,1600000000,1700000000,1650000000,CURRENT_GUIDANCE_RANGE,AS_REPORTED,HTML_TABLE_GRID,0,CURRENT_CANDIDATE,CURRENT_GUIDANCE_RANGE,16,13,3,Free cash flow(2),"Full Year 2019 Moody's Corporation Guidance as of April 24, 2019 | increase in the mid-single-digit percent range | approximately 43% | approximately 48% | $200 - $225 million | 21% - 22% | $7.30 to $7.55 | $7.85 to $8.10 | $1.7 to $1.8 billion",| Free cash flow(2) | | | $1.6 to $1.7 billion,V8_FIVE_RELATION_CORRECTED_NOT_SOURCE_REVIEWED,,,8f300ba818d12c4457f2835b8feac3e34f44f2d956dfba67831fbf10513f0ee4
MCO,0001059556,0001157523-19-000868,2019-04-24T11:30:49.000Z,a51973633_ex991.htm,https://www.sec.gov/Archives/edgar/data/1059556/000115752319000868/a51973633_ex991.htm,8bec16cadc65d56da7f71fa4d321e3a550bd883f23393cacbd0fd336e788d62b,MARGIN,FY2019,NON_GAAP,NOT_APPLICABLE,PERCENT,29,30,29.5,CURRENT_GUIDANCE_RANGE,AS_REPORTED,HTML_TABLE_GRID,0,CURRENT_CANDIDATE,CURRENT_GUIDANCE_RANGE,16,31,3,MA adjusted operating margin,"Full Year 2019 Moody's Corporation Guidance as of April 24, 2019 | increase in the mid-single-digit percent range | approximately 43% | approximately 48% | $200 - $225 million | 21% - 22% | $7.30 to $7.55 | $7.85 to $8.10 | $1.7 to $1.8 billion | $1.6 to $1.7 billion | approximately $1 billion (subject to available cash, market conditions and other ongoing capital allocation decisions) | (1) Includes depreciation and amortization, Acquisition-Related Expenses and restructuring charges. | (2) The",| MA adjusted operating margin | | | 29% - 30%,V8_FIVE_RELATION_CORRECTED_NOT_SOURCE_REVIEWED,,,625c294351de8eaac9ad2cbcf75396003d24c49f2f63b45526d5d59a9096a3be
HUM,0000049071,0001193125-19-130862,2019-05-01T11:31:04.000Z,d739159dex992.htm,https://www.sec.gov/Archives/edgar/data/49071/000119312519130862/d739159dex992.htm,0a6ef580e6edc8ee3363330fca78e7e217f4453e6b09181ffd1ed8841caa27f1,EPS,FY2019,GAAP,NOT_APPLICABLE,USD_PER_SHARE,16.63,16.88,16.755,CURRENT_GUIDANCE_RANGE,AS_REPORTED,HTML_TABLE_GRID,0,CURRENT_CANDIDATE,CURRENT_GUIDANCE_RANGE,111,2,4,Diluted earnings per common share (EPS) | GAAP,"Humana Inc. Full-Year 2019 Projections As of May 1, 2019","| Diluted earnings per common share (EPS) | | GAAP | | $16.63 to $16.88 (was $16.60 to $17.10) | | • GAAP EPS guidance excludes the impact of future fair value changes of the Kindred at Home put/call option, which cannot be estimated • See footnote (d) for detail of non-GAAP adjustments",V8_FIVE_RELATION_CORRECTED_NOT_SOURCE_REVIEWED,,,34fc5f9ed3ec170ba5e697abd5e22d5f31cf6740355149a9d252ad93204f1428
HUM,0000049071,0001193125-19-130862,2019-05-01T11:31:04.000Z,d739159dex992.htm,https://www.sec.gov/Archives/edgar/data/49071/000119312519130862/d739159dex992.htm,0a6ef580e6edc8ee3363330fca78e7e217f4453e6b09181ffd1ed8841caa27f1,EPS,FY2019,GAAP,NOT_APPLICABLE,USD_PER_SHARE,16.6,17.1,16.85,CURRENT_GUIDANCE_RANGE,AS_REPORTED,HTML_TABLE_GRID,22,CURRENT_CANDIDATE,CURRENT_GUIDANCE_RANGE,111,2,4,Diluted earnings per common share (EPS) | GAAP,"Humana Inc. Full-Year 2019 Projections As of May 1, 2019","| Diluted earnings per common share (EPS) | | GAAP | | $16.63 to $16.88 (was $16.60 to $17.10) | | • GAAP EPS guidance excludes the impact of future fair value changes of the Kindred at Home put/call option, which cannot be estimated • See footnote (d) for detail of non-GAAP adjustments",V8_FIVE_RELATION_CORRECTED_NOT_SOURCE_REVIEWED,,,145de3b26b0d7d3eb852f436987302aabbe4937daf8f1aaf81a1cb5ed2627a3f
DVA,0000927066,0001193125-19-198406,2019-07-22T10:08:03.000Z,d755798dex991.htm,https://www.sec.gov/Archives/edgar/data/927066/000119312519198406/d755798dex991.htm,769877f9d0da852cf65cdddaf56462bbc8b437e8edeabb05369f798903aca1a4,OPERATING_INCOME,FY2019,NON_GAAP,NOT_APPLICABLE,USD,1640000000,1700000000,1670000000,CURRENT_GUIDANCE_RANGE,AS_REPORTED,NARRATIVE_CLAUSE,129,CURRENT_CANDIDATE,CURRENT_GUIDANCE_RANGE,,,,,,adjusted operating income (a non-GAAP financial measure) guidance for fiscal year 2019 to a range of $1.64 billion to $1.70 billion.,V8_FIVE_RELATION_CORRECTED_NOT_SOURCE_REVIEWED,/html/body/document/type/sequence/filename/description/text/center[1]/div/p[20],HTML_P,3109bc09cf1a137a12cf862505af45e25425b9c20a45f1d3ed2e8b6162fb2baa
TEL,0001385157,0001104659-19-041505,2019-07-24T10:16:00.000Z,a19-13010_1ex99d1.htm,https://www.sec.gov/Archives/edgar/data/1385157/000110465919041505/a19-13010_1ex99d1.htm,68c41f780534d7fb854651f37f10ee947cf6f119a07904d004df5d1879e1319b,REVENUE,Q4-2019,UNSPECIFIED,NOT_APPLICABLE,USD,3200000000,3300000000,3250000000,CURRENT_GUIDANCE_RANGE,AS_REPORTED,NARRATIVE_CLAUSE,72,CURRENT_CANDIDATE,CURRENT_GUIDANCE_RANGE,,,,,,"For the fiscal fourth quarter of 2019, the company expects net sales of $3.2 billion to $3.3 billion.",V8_FIVE_RELATION_CORRECTED_NOT_SOURCE_REVIEWED,/html/body/document/type/sequence/filename/description/text/div[3]/p[4],HTML_P,5eb7824b36bdd4ac16b1d22c708d49fe013de22cc8cd5378855eb38a22ea2824
TEL,0001385157,0001104659-19-041505,2019-07-24T10:16:00.000Z,a19-13010_1ex99d2.htm,https://www.sec.gov/Archives/edgar/data/1385157/000110465919041505/a19-13010_1ex99d2.htm,5baea1cce31283f0042d4271dde670411bb8c735d98f65bc794f0de6c063294e,EPS,FY2019,NON_GAAP,NOT_APPLICABLE,USD_PER_SHARE,5.47,5.53,5.5,CURRENT_GUIDANCE_RANGE,AS_REPORTED,NARRATIVE_CLAUSE,73,CURRENT_CANDIDATE,CURRENT_GUIDANCE_RANGE,,,,,,Y/Y FY 2019 15 Guidance Range Sales of $13.35B - $13.45B Adjusted EPS of $5.47 - $5.53 Adjusted EPS is a non-GAAP financial measure;,V8_FIVE_RELATION_CORRECTED_NOT_SOURCE_REVIEWED,/html/body/document/type/sequence/filename/description/text/div[29]/div/div/div/p[1],HTML_P,11693e36cfafd04738372907f92f9c8bddb9816ca3399771741c0bf072d4217c
WM,0000823768,0001104659-19-041717,2019-07-25T11:33:27.000Z,a19-13158_1ex99d1.htm,https://www.sec.gov/Archives/edgar/data/823768/000110465919041717/a19-13158_1ex99d1.htm,b670838454250c0501414f9235b132ead86489a7dadf5ffad0aa4e1e716e1643,FREE_CASH_FLOW,FY2019,UNSPECIFIED,NOT_APPLICABLE,USD,2025000000,2075000000,2050000000,CURRENT_GUIDANCE_RANGE,AS_REPORTED,NARRATIVE_CLAUSE,336,CURRENT_CANDIDATE,CURRENT_GUIDANCE_RANGE,,,,,,"Despite our updated expectation for a full-year recycling headwind of $0.01 to $0.02 per diluted share we are reaffirming our full-year 2019 guidance of adjusted earnings per diluted share of $4.28 to $4.38, adjusted operating EBITDA of $4.40 to $4.45 billion, and free cash flow of $2.025 to $2.075 billion.” (b)",V8_FIVE_RELATION_CORRECTED_NOT_SOURCE_REVIEWED,/html/body/document/type/sequence/filename/description/text/div[5]/table/tr[1]/td[1]/p[1],HTML_P,9b39a376782f83eec527c74e75c325fafd38be6075a311b9acb3964e5c87d410
TEL,0001385157,0001104659-19-057468,2019-10-30T10:11:40.000Z,tm1920914d1_ex99-2.htm,https://www.sec.gov/Archives/edgar/data/1385157/000110465919057468/tm1920914d1_ex99-2.htm,f7f4bb6f7b4db86059274285e4aea657e5e0dd266926640450b05c188038f770,EPS,FY2020,NON_GAAP,NOT_APPLICABLE,USD_PER_SHARE,4.85,5.25,5.05,CURRENT_GUIDANCE_RANGE,AS_REPORTED,NARRATIVE_CLAUSE,147,CURRENT_CANDIDATE,CURRENT_GUIDANCE_RANGE,,,,,,Y/Y FY 2020 17 Guidance Range Sales of $12.7B - $13.3B Adjusted EPS of $4.85 - $5.25 Adjusted EPS is a non - GAAP financial measure;,V8_FIVE_RELATION_CORRECTED_NOT_SOURCE_REVIEWED,/html/body/document/type/sequence/filename/description/text/p[36],HTML_P,2b5ce4b3adf0926286d4d25ed16c16c3f39ef51458be9f6d5011e1a70bf70c39
MCO,0001059556,0001157523-19-002132,2019-10-30T11:30:52.000Z,a52119892ex99_1.htm,https://www.sec.gov/Archives/edgar/data/1059556/000115752319002132/a52119892ex99_1.htm,6056ff5788c2efa93df4e69d23eae73fd55693de7fb11407bcc9307d246f4812,EPS,FY2019,UNSPECIFIED,NOT_APPLICABLE,USD_PER_SHARE,7.2,7.35,7.275,CURRENT_GUIDANCE_RANGE,AS_REPORTED,HTML_TABLE_GRID,0,CURRENT_CANDIDATE,CURRENT_GUIDANCE_RANGE,16,9,1,Diluted EPS,"Full Year 2019 Moody's Corporation Guidance as of October 30, 2019 | Current guidance | increase in the high-single-digit percent range | approximately 42% | approximately 48% | approximately $195 million | 21.5% - 22.5%","Note: The tax impacts in the table above were calculated using tax rates in effect in the jurisdiction for which the item relates. | Table 12 - 2019 Outlook | Moody's outlook for 2019 is based on assumptions about many geopolitical conditions and macroeconomic and capital market factors, including interest rates, foreign currency exchange rates, corporate profitability and business investment spending, mergers and acquisitions, consumer borrowing and securitization, and the level of debt capital markets activity. These assumptions are subject to uncertainty, and results for the year could differ materially from our current outlook. Our guidance assumes foreign currency translation at end-of-quarter exchange rates. Specifically, our forecast for the remainder of 2019 reflects exchange rates for the British pound (£) of $1.23 to £1 and for the euro (€) of $1.09 to €1. | Diluted EPS | $7.20 to $7.35 | $7.15 to $7.35",V8_FIVE_RELATION_CORRECTED_NOT_SOURCE_REVIEWED,,,c9ebafba9a3e90ce30c22263347598d3e0c51812d1e8189ef1d452c82614e34d
MCO,0001059556,0001157523-19-002132,2019-10-30T11:30:52.000Z,a52119892ex99_1.htm,https://www.sec.gov/Archives/edgar/data/1059556/000115752319002132/a52119892ex99_1.htm,6056ff5788c2efa93df4e69d23eae73fd55693de7fb11407bcc9307d246f4812,EPS,FY2019,NON_GAAP,NOT_APPLICABLE,USD_PER_SHARE,8.05,8.2,8.125,CURRENT_GUIDANCE_RANGE,AS_REPORTED,HTML_TABLE_GRID,0,CURRENT_CANDIDATE,CURRENT_GUIDANCE_RANGE,16,10,1,Adjusted Diluted EPS(2),"Full Year 2019 Moody's Corporation Guidance as of October 30, 2019 | Current guidance | increase in the high-single-digit percent range | approximately 42% | approximately 48% | approximately $195 million | 21.5% - 22.5% | $7.20 to $7.35","Note: The tax impacts in the table above were calculated using tax rates in effect in the jurisdiction for which the item relates. | Table 12 - 2019 Outlook | Moody's outlook for 2019 is based on assumptions about many geopolitical conditions and macroeconomic and capital market factors, including interest rates, foreign currency exchange rates, corporate profitability and business investment spending, mergers and acquisitions, consumer borrowing and securitization, and the level of debt capital markets activity. These assumptions are subject to uncertainty, and results for the year could differ materially from our current outlook. Our guidance assumes foreign currency translation at end-of-quarter exchange rates. Specifically, our forecast for the remainder of 2019 reflects exchange rates for the British pound (£) of $1.23 to £1 and for the euro (€) of $1.09 to €1. | Adjusted Diluted EPS(2) | $8.05 to $8.20 | $7.95 to $8.15",V8_FIVE_RELATION_CORRECTED_NOT_SOURCE_REVIEWED,,,c9ebafba9a3e90ce30c22263347598d3e0c51812d1e8189ef1d452c82614e34d
MCO,0001059556,0001157523-19-002132,2019-10-30T11:30:52.000Z,a52119892ex99_1.htm,https://www.sec.gov/Archives/edgar/data/1059556/000115752319002132/a52119892ex99_1.htm,6056ff5788c2efa93df4e69d23eae73fd55693de7fb11407bcc9307d246f4812,FREE_CASH_FLOW,FY2019,NON_GAAP,NOT_APPLICABLE,USD,1600000000,1700000000,1650000000,CURRENT_GUIDANCE_RANGE,AS_REPORTED,HTML_TABLE_GRID,0,CURRENT_CANDIDATE,CURRENT_GUIDANCE_RANGE,16,12,1,Free cash flow(2),"Full Year 2019 Moody's Corporation Guidance as of October 30, 2019 | Current guidance | increase in the high-single-digit percent range | approximately 42% | approximately 48% | approximately $195 million | 21.5% - 22.5% | $7.20 to $7.35 | $8.05 to $8.20 | $1.7 to $1.8 billion","Note: The tax impacts in the table above were calculated using tax rates in effect in the jurisdiction for which the item relates. | Table 12 - 2019 Outlook | Moody's outlook for 2019 is based on assumptions about many geopolitical conditions and macroeconomic and capital market factors, including interest rates, foreign currency exchange rates, corporate profitability and business investment spending, mergers and acquisitions, consumer borrowing and securitization, and the level of debt capital markets activity. These assumptions are subject to uncertainty, and results for the year could differ materially from our current outlook. Our guidance assumes foreign currency translation at end-of-quarter exchange rates. Specifically, our forecast for the remainder of 2019 reflects exchange rates for the British pound (£) of $1.23 to £1 and for the euro (€) of $1.09 to €1. | Free cash flow(2) | $1.6 to $1.7 billion | NC",V8_FIVE_RELATION_CORRECTED_NOT_SOURCE_REVIEWED,,,c1977908309e00c29345b5df419b8e2e7086a1be2cb06b46568b156ec4119bd0
MCO,0001059556,0001157523-19-002132,2019-10-30T11:30:52.000Z,a52119892ex99_1.htm,https://www.sec.gov/Archives/edgar/data/1059556/000115752319002132/a52119892ex99_1.htm,6056ff5788c2efa93df4e69d23eae73fd55693de7fb11407bcc9307d246f4812,MARGIN,FY2019,NON_GAAP,NOT_APPLICABLE,PERCENT,28,29,28.5,CURRENT_GUIDANCE_RANGE,AS_REPORTED,HTML_TABLE_GRID,0,CURRENT_CANDIDATE,CURRENT_GUIDANCE_RANGE,16,28,1,MA adjusted operating margin,"Full Year 2019 Moody's Corporation Guidance as of October 30, 2019 | Current guidance | increase in the high-single-digit percent range | approximately 42% | approximately 48% | approximately $195 million | 21.5% - 22.5% | $7.20 to $7.35 | $8.05 to $8.20 | $1.7 to $1.8 billion | $1.6 to $1.7 billion | approximately $1.0 billion (subject to available cash, market conditions and other ongoing capital allocation decisions) | NC - There is no difference between the Company's current guidance and the","Note: The tax impacts in the table above were calculated using tax rates in effect in the jurisdiction for which the item relates. | Table 12 - 2019 Outlook | Moody's outlook for 2019 is based on assumptions about many geopolitical conditions and macroeconomic and capital market factors, including interest rates, foreign currency exchange rates, corporate profitability and business investment spending, mergers and acquisitions, consumer borrowing and securitization, and the level of debt capital markets activity. These assumptions are subject to uncertainty, and results for the year could differ materially from our current outlook. Our guidance assumes foreign currency translation at end-of-quarter exchange rates. Specifically, our forecast for the remainder of 2019 reflects exchange rates for the British pound (£) of $1.23 to £1 and for the euro (€) of $1.09 to €1. | MA adjusted operating margin | 28% - 29% | NC",V8_FIVE_RELATION_CORRECTED_NOT_SOURCE_REVIEWED,,,6ad5ffa0d672ef334c1cdd8eec4c1a88c9d26c696e36f79351c1405ab23ee89a
MCO,0001059556,0001157523-19-002132,2019-10-30T11:30:52.000Z,a52119892ex99_1.htm,https://www.sec.gov/Archives/edgar/data/1059556/000115752319002132/a52119892ex99_1.htm,6056ff5788c2efa93df4e69d23eae73fd55693de7fb11407bcc9307d246f4812,EPS,FY2019,NON_GAAP,NOT_APPLICABLE,USD_PER_SHARE,7.2,7.35,7.275,CURRENT_GUIDANCE_RANGE,AS_REPORTED,NARRATIVE_CLAUSE,74,CURRENT_CANDIDATE,CURRENT_GUIDANCE_RANGE,,,,,,"FY 2019 diluted EPS and adjusted diluted EPS guidance ranges increased to $7.20 to $7.35 and $8.05 to $8.20, respectively",V8_FIVE_RELATION_CORRECTED_NOT_SOURCE_REVIEWED,/html/body/document/type/sequence/filename/description/text/div[3]/div/div/div/div[1]/ul/b/li[4],HTML_LI,aac4dddc275cea7d58942b19974ceac6af6f6cdcffb61c7b52ff57b8bf2a598e
MCO,0001059556,0001157523-19-002132,2019-10-30T11:30:52.000Z,a52119892ex99_1.htm,https://www.sec.gov/Archives/edgar/data/1059556/000115752319002132/a52119892ex99_1.htm,6056ff5788c2efa93df4e69d23eae73fd55693de7fb11407bcc9307d246f4812,EPS,FY2019,NON_GAAP,NOT_APPLICABLE,USD_PER_SHARE,8.05,8.2,8.125,CURRENT_GUIDANCE_RANGE,AS_REPORTED,NARRATIVE_CLAUSE,93,CURRENT_CANDIDATE,CURRENT_GUIDANCE_RANGE,,,,,,"FY 2019 diluted EPS and adjusted diluted EPS guidance ranges increased to $7.20 to $7.35 and $8.05 to $8.20, respectively",V8_FIVE_RELATION_CORRECTED_NOT_SOURCE_REVIEWED,/html/body/document/type/sequence/filename/description/text/div[3]/div/div/div/div[1]/ul/b/li[4],HTML_LI,e52d70eac3227053bd6acdc70fddbe89d956a618d6239922f2a7486a951788c7
MCO,0001059556,0001157523-19-002132,2019-10-30T11:30:52.000Z,a52119892ex99_1.htm,https://www.sec.gov/Archives/edgar/data/1059556/000115752319002132/a52119892ex99_1.htm,6056ff5788c2efa93df4e69d23eae73fd55693de7fb11407bcc9307d246f4812,EPS,FY2019,NON_GAAP,NOT_APPLICABLE,USD_PER_SHARE,8.05,8.2,8.125,CURRENT_GUIDANCE_RANGE,AS_REPORTED,NARRATIVE_CLAUSE,599,CURRENT_CANDIDATE,CURRENT_GUIDANCE_RANGE,,,,,,"top-line growth and disciplined expense management, we are raising our full year 2019 adjusted diluted EPS guidance range to $8.05 to $8.20.""",V8_FIVE_RELATION_CORRECTED_NOT_SOURCE_REVIEWED,/html/body/document/type/sequence/filename/description/text/div[3]/div/div/div/div[2]/div[1]/p[2],HTML_P,a0c3be6fbdb5bf1a8d8ebe390642bc1a93303b232103a363bac246f87f634c99
TEL,0001385157,0001104659-20-007813,2020-01-29T11:11:00.000Z,tm205755d1_ex99-1.htm,https://www.sec.gov/Archives/edgar/data/1385157/000110465920007813/tm205755d1_ex99-1.htm,b23a7b6ccb9f74c215bc7fa051d4e45a447b104c5205d2f7647bd4f7a0b41bed,REVENUE,Q2-2020,UNSPECIFIED,NOT_APPLICABLE,USD,3100000000,3300000000,3200000000,CURRENT_GUIDANCE_RANGE,AS_REPORTED,NARRATIVE_CLAUSE,72,CURRENT_CANDIDATE,CURRENT_GUIDANCE_RANGE,,,,,,"For the fiscal second quarter of 2020, the company expects net sales of $3.1 billion to $3.3 billion,",V8_FIVE_RELATION_CORRECTED_NOT_SOURCE_REVIEWED,/html/body/document/type/sequence/filename/description/text/p[28],HTML_P,682f59ef1fad8828b48277a79664fdc589776cb4ea1dde94df6800811a9b0df8
TEL,0001385157,0001104659-20-007813,2020-01-29T11:11:00.000Z,tm205755d1_ex99-2.htm,https://www.sec.gov/Archives/edgar/data/1385157/000110465920007813/tm205755d1_ex99-2.htm,136bccbb04baa011490cbe29f1956dbb7df3bda415df0e6903068a38b306071f,EPS,FY2020,NON_GAAP,NOT_APPLICABLE,USD_PER_SHARE,4.95,5.25,5.1,CURRENT_GUIDANCE_RANGE,AS_REPORTED,NARRATIVE_CLAUSE,149,CURRENT_CANDIDATE,CURRENT_GUIDANCE_RANGE,,,,,,Y/Y FY 2020 15 Guidance Range Sales of $12.85B - $13.25B Adjusted EPS of $4.95 - $5.25 Adjusted EPS is a non - GAAP financial measure;,V8_FIVE_RELATION_CORRECTED_NOT_SOURCE_REVIEWED,/html/body/document/type/sequence/filename/description/text/p[34],HTML_P,16d09e08670272bea2d2eec127e8eb66d4c0408cb18178369feaf4abd73f4d92
MCO,0001059556,0001157523-20-000613,2020-04-30T11:30:50.000Z,a52212295ex99_1.htm,https://www.sec.gov/Archives/edgar/data/1059556/000115752320000613/a52212295ex99_1.htm,846db49290543ab0d53a70f0b4c5d9254bca28a63e81fa6cbe34a1373225c6b5,EPS,FY2020,NON_GAAP,NOT_APPLICABLE,USD_PER_SHARE,7.25,7.85,7.55,CURRENT_GUIDANCE_RANGE,AS_REPORTED,NARRATIVE_CLAUSE,72,CURRENT_CANDIDATE,CURRENT_GUIDANCE_RANGE,,,,,,"FY 2020 diluted EPS and adjusted diluted EPS guidance ranges reduced to $7.25 to $7.85 and $7.80 to $8.40, respectively due to anticipated COVID-19 impacts",V8_FIVE_RELATION_CORRECTED_NOT_SOURCE_REVIEWED,/html/body/document/type/sequence/filename/description/text/div[3]/div/div[1]/ul/b/li[4],HTML_LI,b291295fab39b0af269e9da689a9c91bbb56910e83da82709e3e02371b13b502
MCO,0001059556,0001157523-20-000613,2020-04-30T11:30:50.000Z,a52212295ex99_1.htm,https://www.sec.gov/Archives/edgar/data/1059556/000115752320000613/a52212295ex99_1.htm,846db49290543ab0d53a70f0b4c5d9254bca28a63e81fa6cbe34a1373225c6b5,EPS,FY2020,NON_GAAP,NOT_APPLICABLE,USD_PER_SHARE,7.8,8.4,8.1,CURRENT_GUIDANCE_RANGE,AS_REPORTED,NARRATIVE_CLAUSE,91,CURRENT_CANDIDATE,CURRENT_GUIDANCE_RANGE,,,,,,"FY 2020 diluted EPS and adjusted diluted EPS guidance ranges reduced to $7.25 to $7.85 and $7.80 to $8.40, respectively due to anticipated COVID-19 impacts",V8_FIVE_RELATION_CORRECTED_NOT_SOURCE_REVIEWED,/html/body/document/type/sequence/filename/description/text/div[3]/div/div[1]/ul/b/li[4],HTML_LI,9dd855079efd4245a057172c76d08221024c1440eecdf09811a356794b36bd5d
MCO,0001059556,0001157523-20-000613,2020-04-30T11:30:50.000Z,a52212295ex99_1.htm,https://www.sec.gov/Archives/edgar/data/1059556/000115752320000613/a52212295ex99_1.htm,846db49290543ab0d53a70f0b4c5d9254bca28a63e81fa6cbe34a1373225c6b5,EPS,FY2020,UNSPECIFIED,NOT_APPLICABLE,USD_PER_SHARE,7.25,7.85,7.55,CURRENT_GUIDANCE_RANGE,AS_REPORTED,NARRATIVE_CLAUSE,45,CURRENT_CANDIDATE,CURRENT_GUIDANCE_RANGE,,,,,,Full year 2020 diluted EPS is expected to be $7.25 to $7.85. The company expects full year 2020 adjusted diluted EPS to be $7.80 to $8.40.,V8_FIVE_RELATION_CORRECTED_NOT_SOURCE_REVIEWED,/html/body/document/type/sequence/filename/description/text/div[3]/div/div[2]/div[1]/p[31],HTML_P,d1f99ae14ce7470040fd7f963ae726a3fdc3cc87210a13b43a8dd8d7f58fb39b
MCO,0001059556,0001157523-20-000613,2020-04-30T11:30:50.000Z,a52212295ex99_1.htm,https://www.sec.gov/Archives/edgar/data/1059556/000115752320000613/a52212295ex99_1.htm,846db49290543ab0d53a70f0b4c5d9254bca28a63e81fa6cbe34a1373225c6b5,EPS,FY2020,NON_GAAP,NOT_APPLICABLE,USD_PER_SHARE,7.8,8.4,8.1,CURRENT_GUIDANCE_RANGE,AS_REPORTED,NARRATIVE_CLAUSE,123,CURRENT_CANDIDATE,CURRENT_GUIDANCE_RANGE,,,,,,Full year 2020 diluted EPS is expected to be $7.25 to $7.85. The company expects full year 2020 adjusted diluted EPS to be $7.80 to $8.40.,V8_FIVE_RELATION_CORRECTED_NOT_SOURCE_REVIEWED,/html/body/document/type/sequence/filename/description/text/div[3]/div/div[2]/div[1]/p[31],HTML_P,a6443c6fac415e5419121d29e0d7c271c46949a329a671471a4dab91047a44fa
APH,0000820313,0001558370-20-008288,2020-07-22T14:35:44.000Z,aph-20200722xex99d1.htm,https://www.sec.gov/Archives/edgar/data/820313/000155837020008288/aph-20200722xex99d1.htm,bdadac9ded8f2e41e2c11fff86e9ca930444fd32e842d858e459f7288c1b51b8,EPS,Q3-2020,NON_GAAP,NOT_APPLICABLE,USD_PER_SHARE,0.84,0.86,0.85,CURRENT_GUIDANCE_RANGE,AS_REPORTED,NARRATIVE_CLAUSE,574,CURRENT_CANDIDATE,CURRENT_GUIDANCE_RANGE,,,,,,"However, considering the current demand environment and assuming no new material disruptions from the pandemic as well as constant exchange rates, for the third quarter 2020, we expect sales to be in the range of $1.960 billion to $2.000 billion and Adjusted Diluted EPS in the range of $0.84 to $0.86.”",V8_FIVE_RELATION_CORRECTED_NOT_SOURCE_REVIEWED,/html/body/document/type/sequence/filename/description/text/div[3]/div/p[3],HTML_P,0b4d7ca3d5857b6101c950e0ec88f24eca1aa95758c99648694e2ca1e2db2727
APH,0000820313,0001558370-20-011602,2020-10-21T14:25:55.000Z,aph-20201021xex99d1.htm,https://www.sec.gov/Archives/edgar/data/820313/000155837020011602/aph-20201021xex99d1.htm,5c762ae1a71bb43c23629a1d94c4fa8fe0e3d07d6989fcca839efa64aa130ddf,EPS,Q4-2020,NON_GAAP,NOT_APPLICABLE,USD_PER_SHARE,0.98,1,0.99,CURRENT_GUIDANCE_RANGE,AS_REPORTED,NARRATIVE_CLAUSE,426,CURRENT_CANDIDATE,CURRENT_GUIDANCE_RANGE,,,,,,"Given the current demand environment and assuming no new material disruptions from the pandemic as well as constant exchange rates, for the fourth quarter 2020, we expect sales to be in the range of $2.160 billion to $2.200 billion and Adjusted Diluted EPS in the range of $0.98 to $1.00. For the full year 2020, we expect sales in the range of $8.333 billion to $8.373 billion, an increase of 1% to 2% over 2019, and Adjusted Diluted EPS to be in the range of $3.59 to $3.61, which is a decrease of 3% to 4% over 2019.”",V8_FIVE_RELATION_CORRECTED_NOT_SOURCE_REVIEWED,/html/body/document/type/sequence/filename/description/text/div[3]/div/p[3],HTML_P,c3ca84024487573cfa876a5a122d221c9052d63337a1304f14c3bf282f6bcf83
APH,0000820313,0001558370-20-011602,2020-10-21T14:25:55.000Z,aph-20201021xex99d1.htm,https://www.sec.gov/Archives/edgar/data/820313/000155837020011602/aph-20201021xex99d1.htm,5c762ae1a71bb43c23629a1d94c4fa8fe0e3d07d6989fcca839efa64aa130ddf,EPS,Q4-2020,NON_GAAP,NOT_APPLICABLE,USD_PER_SHARE,3.59,3.61,3.6,CURRENT_GUIDANCE_RANGE,AS_REPORTED,NARRATIVE_CLAUSE,614,CURRENT_CANDIDATE,CURRENT_GUIDANCE_RANGE,,,,,,"Given the current demand environment and assuming no new material disruptions from the pandemic as well as constant exchange rates, for the fourth quarter 2020, we expect sales to be in the range of $2.160 billion to $2.200 billion and Adjusted Diluted EPS in the range of $0.98 to $1.00. For the full year 2020, we expect sales in the range of $8.333 billion to $8.373 billion, an increase of 1% to 2% over 2019, and Adjusted Diluted EPS to be in the range of $3.59 to $3.61, which is a decrease of 3% to 4% over 2019.”",V8_FIVE_RELATION_CORRECTED_NOT_SOURCE_REVIEWED,/html/body/document/type/sequence/filename/description/text/div[3]/div/p[3],HTML_P,1ad0e70fd9ed645b90bb37b8a25e2a7d9c05cec7cacbba16616fbbf51dc086ec
MCO,0001059556,0001157523-20-001368,2020-10-29T11:00:53.000Z,a52316204ex99_1.htm,https://www.sec.gov/Archives/edgar/data/1059556/000115752320001368/a52316204ex99_1.htm,f8580486e6e708c4e4eed441e5ba810333044009994e28875ddb485075268387,EPS,FY2020,UNSPECIFIED,NOT_APPLICABLE,USD_PER_SHARE,9.3,9.5,9.4,CURRENT_GUIDANCE_RANGE,AS_REPORTED,NARRATIVE_CLAUSE,49,CURRENT_CANDIDATE,CURRENT_GUIDANCE_RANGE,,,,,,FY 2020 guidance range for diluted EPS raised to $9.30 to $9.50; adjusted diluted EPS guidance raised to $9.95 to $10.15,V8_FIVE_RELATION_CORRECTED_NOT_SOURCE_REVIEWED,/html/body/document/type/sequence/filename/description/text/div[4]/div/div/div[1]/ul/b/li[4],HTML_LI,8c0a4e4dd80d52d37a5796985478743ce086c0adee8763c17912119ea113a4a2
MCO,0001059556,0001157523-20-001368,2020-10-29T11:00:53.000Z,a52316204ex99_1.htm,https://www.sec.gov/Archives/edgar/data/1059556/000115752320001368/a52316204ex99_1.htm,f8580486e6e708c4e4eed441e5ba810333044009994e28875ddb485075268387,EPS,FY2020,NON_GAAP,NOT_APPLICABLE,USD_PER_SHARE,9.95,10.15,10.05,CURRENT_GUIDANCE_RANGE,AS_REPORTED,NARRATIVE_CLAUSE,105,CURRENT_CANDIDATE,CURRENT_GUIDANCE_RANGE,,,,,,FY 2020 guidance range for diluted EPS raised to $9.30 to $9.50; adjusted diluted EPS guidance raised to $9.95 to $10.15,V8_FIVE_RELATION_CORRECTED_NOT_SOURCE_REVIEWED,/html/body/document/type/sequence/filename/description/text/div[4]/div/div/div[1]/ul/b/li[4],HTML_LI,5125c0dcc0615d7ad40090f7f21b7d37bda77f06cff1cb7204c0bdaff12f6397
MCO,0001059556,0001157523-20-001368,2020-10-29T11:00:53.000Z,a52316204ex99_1.htm,https://www.sec.gov/Archives/edgar/data/1059556/000115752320001368/a52316204ex99_1.htm,f8580486e6e708c4e4eed441e5ba810333044009994e28875ddb485075268387,EPS,FY2020,UNSPECIFIED,NOT_APPLICABLE,USD_PER_SHARE,9.3,9.5,9.4,CURRENT_GUIDANCE_RANGE,AS_REPORTED,NARRATIVE_CLAUSE,45,CURRENT_CANDIDATE,CURRENT_GUIDANCE_RANGE,,,,,,Full year 2020 diluted EPS is expected to be $9.30 to $9.50. The company expects full year 2020 adjusted diluted EPS to be $9.95 to $10.15.,V8_FIVE_RELATION_CORRECTED_NOT_SOURCE_REVIEWED,/html/body/document/type/sequence/filename/description/text/div[4]/div/div/div[2]/div[1]/p[43],HTML_P,91b10f2431bc0bb3cb6cbdf0e6f08f4d75e7ef9fc7602e7274db956fae2c4a34
MCO,0001059556,0001157523-20-001368,2020-10-29T11:00:53.000Z,a52316204ex99_1.htm,https://www.sec.gov/Archives/edgar/data/1059556/000115752320001368/a52316204ex99_1.htm,f8580486e6e708c4e4eed441e5ba810333044009994e28875ddb485075268387,EPS,FY2020,NON_GAAP,NOT_APPLICABLE,USD_PER_SHARE,9.95,10.15,10.05,CURRENT_GUIDANCE_RANGE,AS_REPORTED,NARRATIVE_CLAUSE,123,CURRENT_CANDIDATE,CURRENT_GUIDANCE_RANGE,,,,,,Full year 2020 diluted EPS is expected to be $9.30 to $9.50. The company expects full year 2020 adjusted diluted EPS to be $9.95 to $10.15.,V8_FIVE_RELATION_CORRECTED_NOT_SOURCE_REVIEWED,/html/body/document/type/sequence/filename/description/text/div[4]/div/div/div[2]/div[1]/p[43],HTML_P,8b057619cc45e62073544c20dd7ac4a1ce9c0305c005f7a640bf2a78623ad523
APH,0000820313,0001558370-21-000424,2021-01-27T15:55:04.000Z,aph-20210127xex99d1.htm,https://www.sec.gov/Archives/edgar/data/820313/000155837021000424/aph-20210127xex99d1.htm,4d538b32672574e56d8cce1de8f3a0c66f2d2619ac36417827422b0a230b0860,EPS,Q1-2021,NON_GAAP,NOT_APPLICABLE,USD_PER_SHARE,0.9,0.94,0.92,CURRENT_GUIDANCE_RANGE,AS_REPORTED,NARRATIVE_CLAUSE,601,CURRENT_CANDIDATE,CURRENT_GUIDANCE_RANGE,,,,,,"Given the current demand environment and assuming no new material disruptions from the pandemic as well as constant exchange rates, for the first quarter 2021, Amphenol expects sales to be in the range of $2.120 billion to $2.180 billion, representing 14% to 17% growth over 2020, and Adjusted Diluted EPS in the range of $0.90 to $0.94, representing 27% to 32% growth over 2020. On a post-split basis, this would represent Adjusted Diluted EPS in the range of $0.45 to $0.47.",V8_FIVE_RELATION_CORRECTED_NOT_SOURCE_REVIEWED,/html/body/document/type/sequence/filename/description/text/div[3]/div/p[9],HTML_P,a384fd7ad809dbc5b745dc73dc47d6409d5a655f64617d217e3f6529ac9ebc30
APH,0000820313,0001558370-21-000424,2021-01-27T15:55:04.000Z,aph-20210127xex99d1.htm,https://www.sec.gov/Archives/edgar/data/820313/000155837021000424/aph-20210127xex99d1.htm,4d538b32672574e56d8cce1de8f3a0c66f2d2619ac36417827422b0a230b0860,EPS,Q1-2021,NON_GAAP,NOT_APPLICABLE,USD_PER_SHARE,0.45,0.47,0.46,CURRENT_GUIDANCE_RANGE,AS_REPORTED,NARRATIVE_CLAUSE,740,CURRENT_CANDIDATE,CURRENT_GUIDANCE_RANGE,,,,,,"Given the current demand environment and assuming no new material disruptions from the pandemic as well as constant exchange rates, for the first quarter 2021, Amphenol expects sales to be in the range of $2.120 billion to $2.180 billion, representing 14% to 17% growth over 2020, and Adjusted Diluted EPS in the range of $0.90 to $0.94, representing 27% to 32% growth over 2020. On a post-split basis, this would represent Adjusted Diluted EPS in the range of $0.45 to $0.47.",V8_FIVE_RELATION_CORRECTED_NOT_SOURCE_REVIEWED,/html/body/document/type/sequence/filename/description/text/div[3]/div/p[9],HTML_P,abb15fb2959f567de902d24e2b0826a9e9f8a4ace131e2849048f73af5509104
HUM,0000049071,0000049071-21-000022,2021-02-03T11:58:31.000Z,hum-2020q48kxex99x2.htm,https://www.sec.gov/Archives/edgar/data/49071/000004907121000022/hum-2020q48kxex99x2.htm,72a49ffe3df9e24c4b54fac8dc2e0268f4d2fd5a35069ad7f8a4d1e46a587b6c,EPS,FY2021,GAAP,NOT_APPLICABLE,USD_PER_SHARE,20.82,21.32,21.07,CURRENT_GUIDANCE_RANGE,AS_REPORTED,HTML_TABLE_GRID,0,CURRENT_CANDIDATE,CURRENT_GUIDANCE_RANGE,17,2,12,Diluted earningsper commonshare (EPS) | Diluted earningsper commonshare (EPS) | Diluted earningsper commonshare (EPS) | GAAP | GAAP | GAAP | GAAP | GAAP | GAAP | GAAP | GAAP | GAAP,"Humana Inc.Full-Year 2021 ProjectionsAs of February 3, 2021",| Diluted earningsper commonshare (EPS) | Diluted earningsper commonshare (EPS) | Diluted earningsper commonshare (EPS) | GAAP | GAAP | GAAP | GAAP | GAAP | GAAP | GAAP | GAAP | GAAP | $20.82 to $21.32 | $20.82 to $21.32 | $20.82 to $21.32 | $20.82 to $21.32 | $20.82 to $21.32 | $20.82 to $21.32 | $20.82 to $21.32 | $20.82 to $21.32 | $20.82 to $21.32 | • Non-GAAP adjustments noted in footnote (f). | • Non-GAAP adjustments noted in footnote (f). | • Non-GAAP adjustments noted in footnote (f). | | | | | | | | | | | | | | | | | | | | | | | |,V8_FIVE_RELATION_CORRECTED_NOT_SOURCE_REVIEWED,,,2c677bb28ba318b268eea662eeed7bb4c493f03a84e7357ee05501e126b3ac99
HUM,0000049071,0000049071-21-000022,2021-02-03T11:58:31.000Z,hum-2020q48kxex99x2.htm,https://www.sec.gov/Archives/edgar/data/49071/000004907121000022/hum-2020q48kxex99x2.htm,72a49ffe3df9e24c4b54fac8dc2e0268f4d2fd5a35069ad7f8a4d1e46a587b6c,EPS,FY2021,NON_GAAP,NOT_APPLICABLE,USD_PER_SHARE,21.25,21.75,21.5,CURRENT_GUIDANCE_RANGE,AS_REPORTED,HTML_TABLE_GRID,0,CURRENT_CANDIDATE,CURRENT_GUIDANCE_RANGE,17,4,12,Diluted earningsper commonshare (EPS) | Diluted earningsper commonshare (EPS) | Diluted earningsper commonshare (EPS) | Non-GAAP | Non-GAAP | Non-GAAP | Non-GAAP | Non-GAAP | Non-GAAP | Non-GAAP | Non-GAAP | Non-GAAP,"Humana Inc.Full-Year 2021 ProjectionsAs of February 3, 2021 | $20.82 to $21.32 | ~$0.43",| Diluted earningsper commonshare (EPS) | Diluted earningsper commonshare (EPS) | Diluted earningsper commonshare (EPS) | Non-GAAP | Non-GAAP | Non-GAAP | Non-GAAP | Non-GAAP | Non-GAAP | Non-GAAP | Non-GAAP | Non-GAAP | $21.25 to $21.75 | $21.25 to $21.75 | $21.25 to $21.75 | $21.25 to $21.75 | $21.25 to $21.75 | $21.25 to $21.75 | $21.25 to $21.75 | $21.25 to $21.75 | $21.25 to $21.75 | • Non-GAAP adjustments noted in footnote (f). | • Non-GAAP adjustments noted in footnote (f). | • Non-GAAP adjustments noted in footnote (f). | | | | | | | | | | | | | | | | | | | | | | | |,V8_FIVE_RELATION_CORRECTED_NOT_SOURCE_REVIEWED,,,2c677bb28ba318b268eea662eeed7bb4c493f03a84e7357ee05501e126b3ac99
HUM,0000049071,0000049071-21-000022,2021-02-03T11:58:31.000Z,hum-2020q48kxex99x2.htm,https://www.sec.gov/Archives/edgar/data/49071/000004907121000022/hum-2020q48kxex99x2.htm,72a49ffe3df9e24c4b54fac8dc2e0268f4d2fd5a35069ad7f8a4d1e46a587b6c,EPS,FY2021,UNSPECIFIED,NOT_APPLICABLE,USD,128600000,129600000,129100000,CURRENT_GUIDANCE_RANGE,AS_REPORTED,HTML_TABLE_GRID,0,CURRENT_CANDIDATE,CURRENT_GUIDANCE_RANGE,18,8,3,Weighted average share count for diluted EPS | Weighted average share count for diluted EPS | Weighted average share count for diluted EPS,"Humana Inc.Full-Year 2021 ProjectionsAs of February 3, 2021 | Retail segment earnings | Group and Specialty segment earnings | Healthcare Services Adjusted EBITDA | 22.1% to 22.7%",| Weighted average share count for diluted EPS | Weighted average share count for diluted EPS | Weighted average share count for diluted EPS | 128.6 million to 129.6 million | 128.6 million to 129.6 million | 128.6 million to 129.6 million | 128.6 million to 129.6 million | 128.6 million to 129.6 million | 128.6 million to 129.6 million | 128.6 million to 129.6 million | 128.6 million to 129.6 million | 128.6 million to 129.6 million | 128.6 million to 129.6 million | 128.6 million to 129.6 million | 128.6 million to 129.6 million | 128.6 million to 129.6 million | 128.6 million to 129.6 million | 128.6 million to 129.6 million | 128.6 million to 129.6 million | 128.6 million to 129.6 million | 128.6 million to 129.6 million | • FY 2021 guidance reflects incremental share repurchase. | • FY 2021 guidance reflects incremental share repurchase. | • FY 2021 guidance reflects incremental share repurchase.,V8_FIVE_RELATION_CORRECTED_NOT_SOURCE_REVIEWED,,,2c677bb28ba318b268eea662eeed7bb4c493f03a84e7357ee05501e126b3ac99
HUM,0000049071,0000049071-21-000022,2021-02-03T11:58:31.000Z,hum-2020q48kxex99x2.htm,https://www.sec.gov/Archives/edgar/data/49071/000004907121000022/hum-2020q48kxex99x2.htm,72a49ffe3df9e24c4b54fac8dc2e0268f4d2fd5a35069ad7f8a4d1e46a587b6c,CAPEX,FY2021,NOT_APPLICABLE,NOT_APPLICABLE,USD,1100000000,1200000000,1150000000,CURRENT_GUIDANCE_RANGE,AS_REPORTED,HTML_TABLE_GRID,0,CURRENT_CANDIDATE,CURRENT_GUIDANCE_RANGE,18,12,3,Capital expenditures | Capital expenditures | Capital expenditures,"Humana Inc.Full-Year 2021 ProjectionsAs of February 3, 2021 | Retail segment earnings | Group and Specialty segment earnings | Healthcare Services Adjusted EBITDA | 22.1% to 22.7% | 128.6 million to 129.6 million | $4.0 billion to $4.5 billion",| Capital expenditures | Capital expenditures | Capital expenditures | $1.1 billion to $1.2 billion | $1.1 billion to $1.2 billion | $1.1 billion to $1.2 billion | $1.1 billion to $1.2 billion | $1.1 billion to $1.2 billion | $1.1 billion to $1.2 billion | $1.1 billion to $1.2 billion | $1.1 billion to $1.2 billion | $1.1 billion to $1.2 billion | $1.1 billion to $1.2 billion | $1.1 billion to $1.2 billion | $1.1 billion to $1.2 billion | $1.1 billion to $1.2 billion | $1.1 billion to $1.2 billion | $1.1 billion to $1.2 billion | $1.1 billion to $1.2 billion | $1.1 billion to $1.2 billion | $1.1 billion to $1.2 billion | | |,V8_FIVE_RELATION_CORRECTED_NOT_SOURCE_REVIEWED,,,04ab7e8334f89c81e16175de5918d5cc0386c6bbb91c39e253a46040c7ac035c
MCO,0001059556,0001157523-21-000173,2021-02-12T12:30:27.000Z,a52378147ex99_1.htm,https://www.sec.gov/Archives/edgar/data/1059556/000115752321000173/a52378147ex99_1.htm,a20c13311739d28481c13ef34f0fece61e5c8d5309a563dbbccc2b3b0c6accc0,EPS,FY2021,UNSPECIFIED,NOT_APPLICABLE,USD_PER_SHARE,9.7,10.1,9.9,CURRENT_GUIDANCE_RANGE,AS_REPORTED,NARRATIVE_CLAUSE,45,CURRENT_CANDIDATE,CURRENT_GUIDANCE_RANGE,,,,,,Full year 2021 diluted EPS is expected to be $9.70 to $10.10. The company expects full year 2021 adjusted diluted EPS to be $10.30 to $10.70.,V8_FIVE_RELATION_CORRECTED_NOT_SOURCE_REVIEWED,/html/body/document/type/sequence/filename/description/text/div[3]/div[2]/div/div[2]/div[1]/p[43],HTML_P,db1ed917aded7a8d78d22675e08e7af5dd5948b06e23aac757f06b715d0de2c8
MCO,0001059556,0001157523-21-000173,2021-02-12T12:30:27.000Z,a52378147ex99_1.htm,https://www.sec.gov/Archives/edgar/data/1059556/000115752321000173/a52378147ex99_1.htm,a20c13311739d28481c13ef34f0fece61e5c8d5309a563dbbccc2b3b0c6accc0,EPS,FY2021,NON_GAAP,NOT_APPLICABLE,USD_PER_SHARE,10.3,10.7,10.5,CURRENT_GUIDANCE_RANGE,AS_REPORTED,NARRATIVE_CLAUSE,124,CURRENT_CANDIDATE,CURRENT_GUIDANCE_RANGE,,,,,,Full year 2021 diluted EPS is expected to be $9.70 to $10.10. The company expects full year 2021 adjusted diluted EPS to be $10.30 to $10.70.,V8_FIVE_RELATION_CORRECTED_NOT_SOURCE_REVIEWED,/html/body/document/type/sequence/filename/description/text/div[3]/div[2]/div/div[2]/div[1]/p[43],HTML_P,a29e9fba5511be1cdfedb7438b25c3340ebea99917a9d551247f53de1bda028c
HUM,0000049071,0000049071-21-000079,2021-04-28T11:13:15.000Z,hum-2021q18kxex99x2.htm,https://www.sec.gov/Archives/edgar/data/49071/000004907121000079/hum-2021q18kxex99x2.htm,7898050bac2c5b6e6d3f8c44e575a14926f882fcb542dbeaa862e1f0579e8493,EPS,FY2021,GAAP,NOT_APPLICABLE,USD_PER_SHARE,19.62,20.12,19.87,CURRENT_GUIDANCE_RANGE,AS_REPORTED,HTML_TABLE_GRID,0,CURRENT_CANDIDATE,CURRENT_GUIDANCE_RANGE,12,2,12,Diluted earningsper commonshare (EPS) | Diluted earningsper commonshare (EPS) | Diluted earningsper commonshare (EPS) | GAAP | GAAP | GAAP | GAAP | GAAP | GAAP | GAAP | GAAP | GAAP,"Humana Inc.Full-Year 2021 ProjectionsAs of April 28, 2021",| Diluted earningsper commonshare (EPS) | Diluted earningsper commonshare (EPS) | Diluted earningsper commonshare (EPS) | GAAP | GAAP | GAAP | GAAP | GAAP | GAAP | GAAP | GAAP | GAAP | $19.62 to $20.12(was $20.82 to $21.32) | $19.62 to $20.12(was $20.82 to $21.32) | $19.62 to $20.12(was $20.82 to $21.32) | $19.62 to $20.12(was $20.82 to $21.32) | $19.62 to $20.12(was $20.82 to $21.32) | $19.62 to $20.12(was $20.82 to $21.32) | $19.62 to $20.12(was $20.82 to $21.32) | $19.62 to $20.12(was $20.82 to $21.32) | $19.62 to $20.12(was $20.82 to $21.32) | • Non-GAAP adjustments noted in footnote (d). | • Non-GAAP adjustments noted in footnote (d). | • Non-GAAP adjustments noted in footnote (d). | | | | | | | | | | | | | | | | | | | | | | | |,V8_FIVE_RELATION_CORRECTED_NOT_SOURCE_REVIEWED,,,596515401ed51b4a0f84fac26059276e088793cf1cd42c3313802c3185502d71
HUM,0000049071,0000049071-21-000079,2021-04-28T11:13:15.000Z,hum-2021q18kxex99x2.htm,https://www.sec.gov/Archives/edgar/data/49071/000004907121000079/hum-2021q18kxex99x2.htm,7898050bac2c5b6e6d3f8c44e575a14926f882fcb542dbeaa862e1f0579e8493,EPS,FY2021,GAAP,NOT_APPLICABLE,USD_PER_SHARE,20.82,21.32,21.07,CURRENT_GUIDANCE_RANGE,AS_REPORTED,HTML_TABLE_GRID,21,CURRENT_CANDIDATE,CURRENT_GUIDANCE_RANGE,12,2,12,Diluted earningsper commonshare (EPS) | Diluted earningsper commonshare (EPS) | Diluted earningsper commonshare (EPS) | GAAP | GAAP | GAAP | GAAP | GAAP | GAAP | GAAP | GAAP | GAAP,"Humana Inc.Full-Year 2021 ProjectionsAs of April 28, 2021",| Diluted earningsper commonshare (EPS) | Diluted earningsper commonshare (EPS) | Diluted earningsper commonshare (EPS) | GAAP | GAAP | GAAP | GAAP | GAAP | GAAP | GAAP | GAAP | GAAP | $19.62 to $20.12(was $20.82 to $21.32) | $19.62 to $20.12(was $20.82 to $21.32) | $19.62 to $20.12(was $20.82 to $21.32) | $19.62 to $20.12(was $20.82 to $21.32) | $19.62 to $20.12(was $20.82 to $21.32) | $19.62 to $20.12(was $20.82 to $21.32) | $19.62 to $20.12(was $20.82 to $21.32) | $19.62 to $20.12(was $20.82 to $21.32) | $19.62 to $20.12(was $20.82 to $21.32) | • Non-GAAP adjustments noted in footnote (d). | • Non-GAAP adjustments noted in footnote (d). | • Non-GAAP adjustments noted in footnote (d). | | | | | | | | | | | | | | | | | | | | | | | |,V8_FIVE_RELATION_CORRECTED_NOT_SOURCE_REVIEWED,,,b9a6f7fa3d24c1cf07598d811b2eadf8d431b7e158151f7bcef372ba84db2247
HUM,0000049071,0000049071-21-000079,2021-04-28T11:13:15.000Z,hum-2021q18kxex99x2.htm,https://www.sec.gov/Archives/edgar/data/49071/000004907121000079/hum-2021q18kxex99x2.htm,7898050bac2c5b6e6d3f8c44e575a14926f882fcb542dbeaa862e1f0579e8493,EPS,FY2021,NON_GAAP,NOT_APPLICABLE,USD_PER_SHARE,21.25,21.75,21.5,CURRENT_GUIDANCE_RANGE,AS_REPORTED,HTML_TABLE_GRID,0,CURRENT_CANDIDATE,CURRENT_GUIDANCE_RANGE,12,4,12,Diluted earningsper commonshare (EPS) | Diluted earningsper commonshare (EPS) | Diluted earningsper commonshare (EPS) | Non-GAAP | Non-GAAP | Non-GAAP | Non-GAAP | Non-GAAP | Non-GAAP | Non-GAAP | Non-GAAP | Non-GAAP,"Humana Inc.Full-Year 2021 ProjectionsAs of April 28, 2021 | $19.62 to $20.12(was $20.82 to $21.32) | $1.63(was ~$0.43)",| Diluted earningsper commonshare (EPS) | Diluted earningsper commonshare (EPS) | Diluted earningsper commonshare (EPS) | Non-GAAP | Non-GAAP | Non-GAAP | Non-GAAP | Non-GAAP | Non-GAAP | Non-GAAP | Non-GAAP | Non-GAAP | $21.25 to $21.75(no change) | $21.25 to $21.75(no change) | $21.25 to $21.75(no change) | $21.25 to $21.75(no change) | $21.25 to $21.75(no change) | $21.25 to $21.75(no change) | $21.25 to $21.75(no change) | $21.25 to $21.75(no change) | $21.25 to $21.75(no change) | • Non-GAAP adjustments noted in footnote (d). | • Non-GAAP adjustments noted in footnote (d). | • Non-GAAP adjustments noted in footnote (d). | | | | | | | | | | | | | | | | | | | | | | | |,V8_FIVE_RELATION_CORRECTED_NOT_SOURCE_REVIEWED,,,596515401ed51b4a0f84fac26059276e088793cf1cd42c3313802c3185502d71
APH,0000820313,0001558370-21-004999,2021-04-28T14:15:21.000Z,aph-20210428xex99d1.htm,https://www.sec.gov/Archives/edgar/data/820313/000155837021004999/aph-20210428xex99d1.htm,60a2b1dc6b45f4a5257298951e809740e9f7f67b18eb62e5e07bcdbfff5bb3a8,EPS,Q2-2021,NON_GAAP,NOT_APPLICABLE,USD_PER_SHARE,0.53,0.55,0.54,CURRENT_GUIDANCE_RANGE,AS_REPORTED,NARRATIVE_CLAUSE,389,CURRENT_CANDIDATE,CURRENT_GUIDANCE_RANGE,,,,,,"Given the current dynamic market environment and assuming no new material disruptions from the COVID-19 pandemic as well as constant exchange rates, for the second quarter 2021, Amphenol expects sales to be in the range of $2.415 billion to $2.475 billion, representing 22% to 25% growth over the second quarter of 2020, and Adjusted Diluted EPS from continuing operations in the range of $0.53 to $0.55, representing 33% to 38% growth over the second quarter of 2020. The Company’s guidance excludes cash and non-cash costs related to the MTS acquisition.",V8_FIVE_RELATION_CORRECTED_NOT_SOURCE_REVIEWED,/html/body/document/type/sequence/filename/description/text/div[3]/div/p[3],HTML_P,ca55048e6f1c71fb2cf9d6de1f3c7cc66929c11fc779795cb722da91a9f6b984
CDNS,0000813672,0000813672-21-000027,2021-07-26T20:09:07.000Z,cfocommentary07262021ex9902.htm,https://www.sec.gov/Archives/edgar/data/813672/000081367221000027/cfocommentary07262021ex9902.htm,bd6863a0713e6236aaffd99b3e303771f4f6d0e93d17e9bea6bc4b0bcf526ba2,MARGIN,FY2021,GAAP,NOT_APPLICABLE,PERCENT,24.5,25.25,24.875,CURRENT_GUIDANCE_RANGE,AS_REPORTED,HTML_TABLE_GRID,0,CURRENT_CANDIDATE,CURRENT_GUIDANCE_RANGE,8,16,18,GAAP Operating Margin | GAAP Operating Margin | GAAP Operating Margin | 24.1% | 24.1% | 24.1%,"Current | FY 2021E | 85% - 90% | $2,925 - $2,965 | 9% - 11% | ~75%",Fiscal Year 2021 Financial Outlook | GAAP Operating Margin | GAAP Operating Margin | GAAP Operating Margin | 24.1% | 24.1% | 24.1% | | | | 23% - 24% | 23% - 24% | 23% - 24% | | | | | | | 24.5% - 25.25% | 24.5% - 25.25% | 24.5% - 25.25% | | |,V8_FIVE_RELATION_CORRECTED_NOT_SOURCE_REVIEWED,,,66208fba02b59824ff72f20b68ea3f3cd566e835a89f17669e89f1510b2a23a8
CDNS,0000813672,0000813672-21-000027,2021-07-26T20:09:07.000Z,cfocommentary07262021ex9902.htm,https://www.sec.gov/Archives/edgar/data/813672/000081367221000027/cfocommentary07262021ex9902.htm,bd6863a0713e6236aaffd99b3e303771f4f6d0e93d17e9bea6bc4b0bcf526ba2,MARGIN,FY2021,NON_GAAP,NOT_APPLICABLE,PERCENT,36,36.75,36.375,CURRENT_GUIDANCE_RANGE,AS_REPORTED,HTML_TABLE_GRID,0,CURRENT_CANDIDATE,CURRENT_GUIDANCE_RANGE,8,18,18,Non-GAAP Operating Margin | Non-GAAP Operating Margin | Non-GAAP Operating Margin | 35.2% | 35.2% | 35.2%,"Current | FY 2021E | 85% - 90% | $2,925 - $2,965 | 9% - 11% | ~75% | 24.5% - 25.25%",Fiscal Year 2021 Financial Outlook | Non-GAAP Operating Margin | Non-GAAP Operating Margin | Non-GAAP Operating Margin | 35.2% | 35.2% | 35.2% | | | | 35% - 36% | 35% - 36% | 35% - 36% | | | | | | | 36% - 36.75% | 36% - 36.75% | 36% - 36.75% | | |,V8_FIVE_RELATION_CORRECTED_NOT_SOURCE_REVIEWED,,,66208fba02b59824ff72f20b68ea3f3cd566e835a89f17669e89f1510b2a23a8
CDNS,0000813672,0000813672-21-000027,2021-07-26T20:09:07.000Z,cfocommentary07262021ex9902.htm,https://www.sec.gov/Archives/edgar/data/813672/000081367221000027/cfocommentary07262021ex9902.htm,bd6863a0713e6236aaffd99b3e303771f4f6d0e93d17e9bea6bc4b0bcf526ba2,EPS,FY2021,GAAP,NOT_APPLICABLE,USD_PER_SHARE,2.15,2.21,2.18,CURRENT_GUIDANCE_RANGE,AS_REPORTED,HTML_TABLE_GRID,0,CURRENT_CANDIDATE,CURRENT_GUIDANCE_RANGE,8,30,18,GAAP EPS | GAAP EPS | GAAP EPS | $ | 2.11,"Current | FY 2021E | 85% - 90% | $2,925 - $2,965 | 9% - 11% | ~75% | 24.5% - 25.25% | 36% - 36.75% | $(10) - $(14) | $(15) - $(19) | ~15% | 16% | 278 - 280",Fiscal Year 2021 Financial Outlook | GAAP EPS | GAAP EPS | GAAP EPS | $ | 2.11 | | | | | $2.01 - $2.09 | $2.01 - $2.09 | $2.01 - $2.09 | | | | | | | $2.15 - $2.21 | $2.15 - $2.21 | $2.15 - $2.21 | | |,V8_FIVE_RELATION_CORRECTED_NOT_SOURCE_REVIEWED,,,497415b550ba1c5118db1b94dfeaaaf3c64d9e34bb923b03bfc22818b599adbd
CDNS,0000813672,0000813672-21-000027,2021-07-26T20:09:07.000Z,cfocommentary07262021ex9902.htm,https://www.sec.gov/Archives/edgar/data/813672/000081367221000027/cfocommentary07262021ex9902.htm,bd6863a0713e6236aaffd99b3e303771f4f6d0e93d17e9bea6bc4b0bcf526ba2,EPS,FY2021,GAAP,NOT_APPLICABLE,USD_PER_SHARE,3.14,3.2,3.17,CURRENT_GUIDANCE_RANGE,AS_REPORTED,HTML_TABLE_GRID,0,CURRENT_CANDIDATE,CURRENT_GUIDANCE_RANGE,8,33,18,Non-GAAP EPS | Non-GAAP EPS | Non-GAAP EPS | $ | 2.80,"Current | FY 2021E | 85% - 90% | $2,925 - $2,965 | 9% - 11% | ~75% | 24.5% - 25.25% | 36% - 36.75% | $(10) - $(14) | $(15) - $(19) | ~15% | 16% | 278 - 280 | $2.15 - $2.21",Fiscal Year 2021 Financial Outlook | Non-GAAP EPS | Non-GAAP EPS | Non-GAAP EPS | $ | 2.80 | | | | | $2.99 - $3.07 | $2.99 - $3.07 | $2.99 - $3.07 | | | | | | | $3.14 - $3.20 | $3.14 - $3.20 | $3.14 - $3.20 | | |,V8_FIVE_RELATION_CORRECTED_NOT_SOURCE_REVIEWED,,,497415b550ba1c5118db1b94dfeaaaf3c64d9e34bb923b03bfc22818b599adbd
ALB,0000915913,0000915913-21-000147,2021-08-04T20:25:25.000Z,a2q21earningsreleaseex991.htm,https://www.sec.gov/Archives/edgar/data/915913/000091591321000147/a2q21earningsreleaseex991.htm,bf1398289220c40ab15a41fa7a5b8430382554e02d5e1167c1adeeb77123e6f4,REVENUE,FY2021,UNSPECIFIED,NOT_APPLICABLE,USD,3300000000,3400000000,3350000000,CURRENT_GUIDANCE_RANGE,AS_REPORTED,HTML_TABLE_GRID,0,CURRENT_CANDIDATE,CURRENT_GUIDANCE_RANGE,2,3,3,Net sales | Net sales | Net sales,Revised | FY 2021 Guidance,| Net sales | Net sales | Net sales | $3.3 - $3.4 billion | $3.3 - $3.4 billion | $3.3 - $3.4 billion | | | | $95 - $105 million | $95 - $105 million | $95 - $105 million | | | | $3.2 - $3.3 billion | $3.2 - $3.3 billion | $3.2 - $3.3 billion,V8_FIVE_RELATION_CORRECTED_NOT_SOURCE_REVIEWED,,,a66857a288a1cec1a0969202318ac72993b08e8dbbe2f41a902e3c8f94c83077
ALB,0000915913,0000915913-21-000147,2021-08-04T20:25:25.000Z,a2q21earningsreleaseex991.htm,https://www.sec.gov/Archives/edgar/data/915913/000091591321000147/a2q21earningsreleaseex991.htm,bf1398289220c40ab15a41fa7a5b8430382554e02d5e1167c1adeeb77123e6f4,REVENUE,FY2021,UNSPECIFIED,NOT_APPLICABLE,USD,3200000000,3300000000,3250000000,CURRENT_GUIDANCE_RANGE,AS_REPORTED,HTML_TABLE_GRID,0,CURRENT_CANDIDATE,CURRENT_GUIDANCE_RANGE,2,3,15,Net sales | Net sales | Net sales,Pro Forma Revised | FY 2021 Guidance,| Net sales | Net sales | Net sales | $3.3 - $3.4 billion | $3.3 - $3.4 billion | $3.3 - $3.4 billion | | | | $95 - $105 million | $95 - $105 million | $95 - $105 million | | | | $3.2 - $3.3 billion | $3.2 - $3.3 billion | $3.2 - $3.3 billion,V8_FIVE_RELATION_CORRECTED_NOT_SOURCE_REVIEWED,,,a66857a288a1cec1a0969202318ac72993b08e8dbbe2f41a902e3c8f94c83077
ALB,0000915913,0000915913-21-000147,2021-08-04T20:25:25.000Z,a2q21earningsreleaseex991.htm,https://www.sec.gov/Archives/edgar/data/915913/000091591321000147/a2q21earningsreleaseex991.htm,bf1398289220c40ab15a41fa7a5b8430382554e02d5e1167c1adeeb77123e6f4,MARGIN,FY2021,NON_GAAP,NOT_APPLICABLE,PERCENT,24,25,24.5,CURRENT_GUIDANCE_RANGE,AS_REPORTED,HTML_TABLE_GRID,0,CURRENT_CANDIDATE,CURRENT_GUIDANCE_RANGE,2,5,3,Adjusted EBITDA Margin | Adjusted EBITDA Margin | Adjusted EBITDA Margin,Revised | FY 2021 Guidance | $3.3 - $3.4 billion | $810 - $860 million,| Adjusted EBITDA Margin | Adjusted EBITDA Margin | Adjusted EBITDA Margin | 24% - 25% | 24% - 25% | 24% - 25% | | | | | | | | | | 24% - 25% | 24% - 25% | 24% - 25%,V8_FIVE_RELATION_CORRECTED_NOT_SOURCE_REVIEWED,,,7d2ac219a7d797810d1013689a9eda901376be393dd233f7fedda2d2914aea06
ALB,0000915913,0000915913-21-000147,2021-08-04T20:25:25.000Z,a2q21earningsreleaseex991.htm,https://www.sec.gov/Archives/edgar/data/915913/000091591321000147/a2q21earningsreleaseex991.htm,bf1398289220c40ab15a41fa7a5b8430382554e02d5e1167c1adeeb77123e6f4,EPS,FY2021,NON_GAAP,NOT_APPLICABLE,USD_PER_SHARE,3.6,4,3.8,CURRENT_GUIDANCE_RANGE,AS_REPORTED,HTML_TABLE_GRID,0,CURRENT_CANDIDATE,CURRENT_GUIDANCE_RANGE,2,6,3,Adjusted Diluted EPS | Adjusted Diluted EPS | Adjusted Diluted EPS,Revised | FY 2021 Guidance | $3.3 - $3.4 billion | $810 - $860 million | 24% - 25%,| Adjusted Diluted EPS | Adjusted Diluted EPS | Adjusted Diluted EPS | $3.60 - $4.00 | $3.60 - $4.00 | $3.60 - $4.00 | | | | $0.25 - $0.30 | $0.25 - $0.30 | $0.25 - $0.30 | | | | $3.35 - $3.70 | $3.35 - $3.70 | $3.35 - $3.70,V8_FIVE_RELATION_CORRECTED_NOT_SOURCE_REVIEWED,,,608ec80c369c90f8eb48ee400c011e17b2180b72f19299f965a1e1c385caabbf
ALB,0000915913,0000915913-21-000147,2021-08-04T20:25:25.000Z,a2q21earningsreleaseex991.htm,https://www.sec.gov/Archives/edgar/data/915913/000091591321000147/a2q21earningsreleaseex991.htm,bf1398289220c40ab15a41fa7a5b8430382554e02d5e1167c1adeeb77123e6f4,EPS,FY2021,NON_GAAP,NOT_APPLICABLE,USD_PER_SHARE,3.35,3.7,3.525,CURRENT_GUIDANCE_RANGE,AS_REPORTED,HTML_TABLE_GRID,0,CURRENT_CANDIDATE,CURRENT_GUIDANCE_RANGE,2,6,15,Adjusted Diluted EPS | Adjusted Diluted EPS | Adjusted Diluted EPS,Pro Forma Revised | FY 2021 Guidance | $3.2 - $3.3 billion | $775 - $815 million | 24% - 25%,| Adjusted Diluted EPS | Adjusted Diluted EPS | Adjusted Diluted EPS | $3.60 - $4.00 | $3.60 - $4.00 | $3.60 - $4.00 | | | | $0.25 - $0.30 | $0.25 - $0.30 | $0.25 - $0.30 | | | | $3.35 - $3.70 | $3.35 - $3.70 | $3.35 - $3.70,V8_FIVE_RELATION_CORRECTED_NOT_SOURCE_REVIEWED,,,608ec80c369c90f8eb48ee400c011e17b2180b72f19299f965a1e1c385caabbf
ALB,0000915913,0000915913-21-000147,2021-08-04T20:25:25.000Z,a2q21earningsreleaseex991.htm,https://www.sec.gov/Archives/edgar/data/915913/000091591321000147/a2q21earningsreleaseex991.htm,bf1398289220c40ab15a41fa7a5b8430382554e02d5e1167c1adeeb77123e6f4,CAPEX,FY2021,NOT_APPLICABLE,NOT_APPLICABLE,USD,850000000,950000000,900000000,CURRENT_GUIDANCE_RANGE,AS_REPORTED,HTML_TABLE_GRID,0,CURRENT_CANDIDATE,CURRENT_GUIDANCE_RANGE,2,8,3,Capital Expenditures | Capital Expenditures | Capital Expenditures,Revised | FY 2021 Guidance | $3.3 - $3.4 billion | $810 - $860 million | 24% - 25% | $3.60 - $4.00 | $590 - $690 million,| Capital Expenditures | Capital Expenditures | Capital Expenditures | $850 - $950 million | $850 - $950 million | $850 - $950 million | | | | $4 - $8 million | $4 - $8 million | $4 - $8 million | | | | $850 - $950 million | $850 - $950 million | $850 - $950 million,V8_FIVE_RELATION_CORRECTED_NOT_SOURCE_REVIEWED,,,e37767c20b014049c0d3d1936872c8aac52d321803e2a3f896a3c0507c6615a0
CDNS,0000813672,0000813672-21-000036,2021-10-25T20:06:08.000Z,cfocommentary10252021ex9902.htm,https://www.sec.gov/Archives/edgar/data/813672/000081367221000036/cfocommentary10252021ex9902.htm,41c3ae2204fc9d21ae301701034e08082115cf0fd798c5971f2baf489cdf9816,EPS,FY2021,GAAP,NOT_APPLICABLE,USD_PER_SHARE,2.36,2.4,2.38,CURRENT_GUIDANCE_RANGE,AS_REPORTED,HTML_TABLE_GRID,0,CURRENT_CANDIDATE,CURRENT_GUIDANCE_RANGE,8,30,18,GAAP EPS | GAAP EPS | GAAP EPS | $ | 2.11,"Current | FY 2021E | 85% - 90% | $2,960 - $2,980 | 10% - 11% | ~70% | ~26% | ~37% | $(13) - $(15) | $(17) - $(19) | ~12% | 16% | 278 - 280",Fiscal Year 2021 Financial Outlook | GAAP EPS | GAAP EPS | GAAP EPS | $ | 2.11 | | | | | $2.15 - $2.21 | $2.15 - $2.21 | $2.15 - $2.21 | | | | | | | $2.36 - $2.40 | $2.36 - $2.40 | $2.36 - $2.40 | | |,V8_FIVE_RELATION_CORRECTED_NOT_SOURCE_REVIEWED,,,3fc901f89b519ff7ed3b4fbd2458e12d0ce1917594e50a3cdbf572ee7a46173e
CDNS,0000813672,0000813672-21-000036,2021-10-25T20:06:08.000Z,cfocommentary10252021ex9902.htm,https://www.sec.gov/Archives/edgar/data/813672/000081367221000036/cfocommentary10252021ex9902.htm,41c3ae2204fc9d21ae301701034e08082115cf0fd798c5971f2baf489cdf9816,EPS,FY2021,GAAP,NOT_APPLICABLE,USD_PER_SHARE,3.24,3.28,3.26,CURRENT_GUIDANCE_RANGE,AS_REPORTED,HTML_TABLE_GRID,0,CURRENT_CANDIDATE,CURRENT_GUIDANCE_RANGE,8,33,18,Non-GAAP EPS | Non-GAAP EPS | Non-GAAP EPS | $ | 2.80,"Current | FY 2021E | 85% - 90% | $2,960 - $2,980 | 10% - 11% | ~70% | ~26% | ~37% | $(13) - $(15) | $(17) - $(19) | ~12% | 16% | 278 - 280 | $2.36 - $2.40",Fiscal Year 2021 Financial Outlook | Non-GAAP EPS | Non-GAAP EPS | Non-GAAP EPS | $ | 2.80 | | | | | $3.14 - $3.20 | $3.14 - $3.20 | $3.14 - $3.20 | | | | | | | $3.24 - $3.28 | $3.24 - $3.28 | $3.24 - $3.28 | | |,V8_FIVE_RELATION_CORRECTED_NOT_SOURCE_REVIEWED,,,3fc901f89b519ff7ed3b4fbd2458e12d0ce1917594e50a3cdbf572ee7a46173e
CVS,0000064803,0000947871-21-001217,2021-11-18T14:06:48.000Z,ss621297_ex9901.htm,https://www.sec.gov/Archives/edgar/data/64803/000094787121001217/ss621297_ex9901.htm,309aa678c263d1ced8d8cc06e5ba9cc61bfadbe003395b8e5d4b1a001712505e,EPS,FY2021,GAAP,NOT_APPLICABLE,USD_PER_SHARE,5.46,5.67,5.565,CURRENT_GUIDANCE_RANGE,AS_REPORTED,NARRATIVE_CLAUSE,432,CURRENT_CANDIDATE,CURRENT_GUIDANCE_RANGE,,,,,,"store closures, the company has revised its full year 2021 GAAP EPS guidance range to $5.46 to $5.67 from $6.13 to $6.23. These",V8_FIVE_RELATION_CORRECTED_NOT_SOURCE_REVIEWED,/html/body/document/type/sequence/filename/description/text/p[32],HTML_P,6e9962297449a6d09632f7dfa0b764317efbcad74e5bb97fba00be6badcc673a
MCO,0001059556,0001157523-22-000174,2022-02-10T12:15:32.000Z,a52577033ex99_1.htm,https://www.sec.gov/Archives/edgar/data/1059556/000115752322000174/a52577033ex99_1.htm,ed711fdfcdd5dd5a37c78c3ed0f56e61b766525e2537ccd5ae418b583ca7540a,EPS,FY2022,UNSPECIFIED,NOT_APPLICABLE,USD_PER_SHARE,11.5,12,11.75,CURRENT_GUIDANCE_RANGE,AS_REPORTED,NARRATIVE_CLAUSE,46,CURRENT_CANDIDATE,CURRENT_GUIDANCE_RANGE,,,,,,Full year 2022 diluted EPS is projected to be $11.50 to $12.00. The Company expects full year 2022 adjusted diluted EPS1 to be $12.40 to $12.90.,V8_FIVE_RELATION_CORRECTED_NOT_SOURCE_REVIEWED,/html/body/document/type/sequence/filename/description/text/div[3]/div/div/div/div/div[2]/div[1]/p[39],HTML_P,a6424b4e6a2aa1711cb10f2c347e496c6375bc5a346da099e124c5b6367d50d4
MCO,0001059556,0001157523-22-000174,2022-02-10T12:15:32.000Z,a52577033ex99_1.htm,https://www.sec.gov/Archives/edgar/data/1059556/000115752322000174/a52577033ex99_1.htm,ed711fdfcdd5dd5a37c78c3ed0f56e61b766525e2537ccd5ae418b583ca7540a,EPS,FY2022,NON_GAAP,NOT_APPLICABLE,USD_PER_SHARE,12.4,12.9,12.65,CURRENT_GUIDANCE_RANGE,AS_REPORTED,NARRATIVE_CLAUSE,127,CURRENT_CANDIDATE,CURRENT_GUIDANCE_RANGE,,,,,,Full year 2022 diluted EPS is projected to be $11.50 to $12.00. The Company expects full year 2022 adjusted diluted EPS1 to be $12.40 to $12.90.,V8_FIVE_RELATION_CORRECTED_NOT_SOURCE_REVIEWED,/html/body/document/type/sequence/filename/description/text/div[3]/div/div/div/div/div[2]/div[1]/p[39],HTML_P,e6765645afa1a35e3d4594c63caaacc1054d17d10353b763bafbc0a50ef92d3b
CDNS,0000813672,0000813672-22-000021,2022-04-25T20:05:56.000Z,cfocommentary04252022ex9902.htm,https://www.sec.gov/Archives/edgar/data/813672/000081367222000021/cfocommentary04252022ex9902.htm,176979a44cbdda8b82512ced08659625eda9d254a91daaa564b345d0a1aa69ac,MARGIN,FY2022,GAAP,NOT_APPLICABLE,PERCENT,28.5,30,29.25,CURRENT_GUIDANCE_RANGE,AS_REPORTED,HTML_TABLE_GRID,0,CURRENT_CANDIDATE,CURRENT_GUIDANCE_RANGE,8,16,18,GAAP Operating Margin | GAAP Operating Margin | GAAP Operating Margin | 26.1% | 26.1% | 26.1%,"Current | FY 2022E | 85% - 90% | $3,395 - $3,435 | 14% - 15% | ~75%",Fiscal Year 2022 Financial Outlook | GAAP Operating Margin | GAAP Operating Margin | GAAP Operating Margin | 26.1% | 26.1% | 26.1% | | | | 27.5% - 29% | 27.5% - 29% | 27.5% - 29% | | | | | | | 28.5% - 30% | 28.5% - 30% | 28.5% - 30% | | |,V8_FIVE_RELATION_CORRECTED_NOT_SOURCE_REVIEWED,,,4ed47648bacc4107a8fb29b687203b45d7ada877847d4ccc9f723a8b078dad3f
CDNS,0000813672,0000813672-22-000021,2022-04-25T20:05:56.000Z,cfocommentary04252022ex9902.htm,https://www.sec.gov/Archives/edgar/data/813672/000081367222000021/cfocommentary04252022ex9902.htm,176979a44cbdda8b82512ced08659625eda9d254a91daaa564b345d0a1aa69ac,MARGIN,FY2022,NON_GAAP,NOT_APPLICABLE,PERCENT,38.5,40,39.25,CURRENT_GUIDANCE_RANGE,AS_REPORTED,HTML_TABLE_GRID,0,CURRENT_CANDIDATE,CURRENT_GUIDANCE_RANGE,8,18,18,Non-GAAP Operating Margin | Non-GAAP Operating Margin | Non-GAAP Operating Margin | 37.2% | 37.2% | 37.2%,"Current | FY 2022E | 85% - 90% | $3,395 - $3,435 | 14% - 15% | ~75% | 28.5% - 30%",Fiscal Year 2022 Financial Outlook | Non-GAAP Operating Margin | Non-GAAP Operating Margin | Non-GAAP Operating Margin | 37.2% | 37.2% | 37.2% | | | | 37.5% - 39% | 37.5% - 39% | 37.5% - 39% | | | | | | | 38.5% - 40% | 38.5% - 40% | 38.5% - 40% | | |,V8_FIVE_RELATION_CORRECTED_NOT_SOURCE_REVIEWED,,,4ed47648bacc4107a8fb29b687203b45d7ada877847d4ccc9f723a8b078dad3f
CDNS,0000813672,0000813672-22-000021,2022-04-25T20:05:56.000Z,cfocommentary04252022ex9902.htm,https://www.sec.gov/Archives/edgar/data/813672/000081367222000021/cfocommentary04252022ex9902.htm,176979a44cbdda8b82512ced08659625eda9d254a91daaa564b345d0a1aa69ac,EPS,FY2022,GAAP,NOT_APPLICABLE,USD_PER_SHARE,2.51,2.59,2.55,CURRENT_GUIDANCE_RANGE,AS_REPORTED,HTML_TABLE_GRID,0,CURRENT_CANDIDATE,CURRENT_GUIDANCE_RANGE,8,30,18,GAAP EPS | GAAP EPS | GAAP EPS | $ | 2.50,"Current | FY 2022E | 85% - 90% | $3,395 - $3,435 | 14% - 15% | ~75% | 28.5% - 30% | 38.5% - 40% | $(21) - $(27) | $(16) - $(22) | ~28% | 17.5% | 276 - 279",Fiscal Year 2022 Financial Outlook | GAAP EPS | GAAP EPS | GAAP EPS | $ | 2.50 | | | | | $2.46 - $2.56 | $2.46 - $2.56 | $2.46 - $2.56 | | | | | | | $2.51 - $2.59 | $2.51 - $2.59 | $2.51 - $2.59 | | |,V8_FIVE_RELATION_CORRECTED_NOT_SOURCE_REVIEWED,,,b089f3e2243a38b140340e8a066379f4fadf2296d572a4784462eb81df510388
CDNS,0000813672,0000813672-22-000021,2022-04-25T20:05:56.000Z,cfocommentary04252022ex9902.htm,https://www.sec.gov/Archives/edgar/data/813672/000081367222000021/cfocommentary04252022ex9902.htm,176979a44cbdda8b82512ced08659625eda9d254a91daaa564b345d0a1aa69ac,EPS,FY2022,GAAP,NOT_APPLICABLE,USD_PER_SHARE,3.89,3.97,3.93,CURRENT_GUIDANCE_RANGE,AS_REPORTED,HTML_TABLE_GRID,0,CURRENT_CANDIDATE,CURRENT_GUIDANCE_RANGE,8,33,18,Non-GAAP EPS | Non-GAAP EPS | Non-GAAP EPS | $ | 3.29,"Current | FY 2022E | 85% - 90% | $3,395 - $3,435 | 14% - 15% | ~75% | 28.5% - 30% | 38.5% - 40% | $(21) - $(27) | $(16) - $(22) | ~28% | 17.5% | 276 - 279 | $2.51 - $2.59",Fiscal Year 2022 Financial Outlook | Non-GAAP EPS | Non-GAAP EPS | Non-GAAP EPS | $ | 3.29 | | | | | $3.70 - $3.80 | $3.70 - $3.80 | $3.70 - $3.80 | | | | | | | $3.89 - $3.97 | $3.89 - $3.97 | $3.89 - $3.97 | | |,V8_FIVE_RELATION_CORRECTED_NOT_SOURCE_REVIEWED,,,b089f3e2243a38b140340e8a066379f4fadf2296d572a4784462eb81df510388
MCO,0001059556,0001157523-22-000521,2022-05-02T11:15:33.000Z,a52702931ex99_1.htm,https://www.sec.gov/Archives/edgar/data/1059556/000115752322000521/a52702931ex99_1.htm,523379de16a43402e807c7fc535743b4ec3ce83fb9a3de2970525c8141b72f33,EPS,FY2022,NON_GAAP,NOT_APPLICABLE,USD_PER_SHARE,9.85,10.35,10.1,CURRENT_GUIDANCE_RANGE,AS_REPORTED,NARRATIVE_CLAUSE,73,CURRENT_CANDIDATE,CURRENT_GUIDANCE_RANGE,,,,,,"FY 2022 diluted EPS and adjusted diluted EPS1 guidance ranges reduced to $9.85 to $10.35 and $10.75 to $11.25, respectively",V8_FIVE_RELATION_CORRECTED_NOT_SOURCE_REVIEWED,/html/body/document/type/sequence/filename/description/text/div/div[2]/div/div/div[1]/ul/b/li[4],HTML_LI,adb95b57b94cccbb033e27c8fe498116ee86f18377a457f947636e6698760878
MCO,0001059556,0001157523-22-000521,2022-05-02T11:15:33.000Z,a52702931ex99_1.htm,https://www.sec.gov/Archives/edgar/data/1059556/000115752322000521/a52702931ex99_1.htm,523379de16a43402e807c7fc535743b4ec3ce83fb9a3de2970525c8141b72f33,EPS,FY2022,NON_GAAP,NOT_APPLICABLE,USD_PER_SHARE,10.75,11.25,11,CURRENT_GUIDANCE_RANGE,AS_REPORTED,NARRATIVE_CLAUSE,93,CURRENT_CANDIDATE,CURRENT_GUIDANCE_RANGE,,,,,,"FY 2022 diluted EPS and adjusted diluted EPS1 guidance ranges reduced to $9.85 to $10.35 and $10.75 to $11.25, respectively",V8_FIVE_RELATION_CORRECTED_NOT_SOURCE_REVIEWED,/html/body/document/type/sequence/filename/description/text/div/div[2]/div/div/div[1]/ul/b/li[4],HTML_LI,ace14e361096b37394c410fa80279833282fa9970b0407dc707f02bd3273f940
MCO,0001059556,0001157523-22-000521,2022-05-02T11:15:33.000Z,a52702931ex99_1.htm,https://www.sec.gov/Archives/edgar/data/1059556/000115752322000521/a52702931ex99_1.htm,523379de16a43402e807c7fc535743b4ec3ce83fb9a3de2970525c8141b72f33,EPS,FY2022,UNSPECIFIED,NOT_APPLICABLE,USD_PER_SHARE,9.85,10.35,10.1,CURRENT_GUIDANCE_RANGE,AS_REPORTED,NARRATIVE_CLAUSE,46,CURRENT_CANDIDATE,CURRENT_GUIDANCE_RANGE,,,,,,Full year 2022 diluted EPS is projected to be $9.85 to $10.35. The Company expects full year 2022 adjusted diluted EPS1 to be $10.75 to $11.25.,V8_FIVE_RELATION_CORRECTED_NOT_SOURCE_REVIEWED,/html/body/document/type/sequence/filename/description/text/div/div[2]/div/div/div[2]/div[1]/p[30],HTML_P,1aa322a2edfd96cbbd646f07c5362c8bbd796207a852203134b3d0aa3e238717
MCO,0001059556,0001157523-22-000521,2022-05-02T11:15:33.000Z,a52702931ex99_1.htm,https://www.sec.gov/Archives/edgar/data/1059556/000115752322000521/a52702931ex99_1.htm,523379de16a43402e807c7fc535743b4ec3ce83fb9a3de2970525c8141b72f33,EPS,FY2022,NON_GAAP,NOT_APPLICABLE,USD_PER_SHARE,10.75,11.25,11,CURRENT_GUIDANCE_RANGE,AS_REPORTED,NARRATIVE_CLAUSE,126,CURRENT_CANDIDATE,CURRENT_GUIDANCE_RANGE,,,,,,Full year 2022 diluted EPS is projected to be $9.85 to $10.35. The Company expects full year 2022 adjusted diluted EPS1 to be $10.75 to $11.25.,V8_FIVE_RELATION_CORRECTED_NOT_SOURCE_REVIEWED,/html/body/document/type/sequence/filename/description/text/div/div[2]/div/div/div[2]/div[1]/p[30],HTML_P,f7b13e6cc489f78d58ca1210b0f01c62ac84d02a95321a44dde8e9a33a48655e
CDNS,0000813672,0000813672-22-000036,2022-07-25T20:06:05.000Z,cfocommentary07252022ex9902.htm,https://www.sec.gov/Archives/edgar/data/813672/000081367222000036/cfocommentary07252022ex9902.htm,81443f333497cedb41bdbc1b9ad65e2978ebb570852ce39dfe23241a8717bdea,MARGIN,FY2022,GAAP,NOT_APPLICABLE,PERCENT,29.25,30.25,29.75,CURRENT_GUIDANCE_RANGE,AS_REPORTED,HTML_TABLE_GRID,0,CURRENT_CANDIDATE,CURRENT_GUIDANCE_RANGE,8,16,18,GAAP Operating Margin | GAAP Operating Margin | GAAP Operating Margin | 26.1% | 26.1% | 26.1%,"Current | FY 2022E | 85% - 90% | $3,470 - $3,510 | 16% - 17% | ~70%",Fiscal Year 2022 Financial Outlook | GAAP Operating Margin | GAAP Operating Margin | GAAP Operating Margin | 26.1% | 26.1% | 26.1% | | | | 28.5% - 30% | 28.5% - 30% | 28.5% - 30% | | | | | | | 29.25% - 30.25% | 29.25% - 30.25% | 29.25% - 30.25% | | |,V8_FIVE_RELATION_CORRECTED_NOT_SOURCE_REVIEWED,,,7bd3a4b19d6f6a313d1cb63a4ec80e0e0696e7b3225830ea565a9514f875ddb9
CDNS,0000813672,0000813672-22-000036,2022-07-25T20:06:05.000Z,cfocommentary07252022ex9902.htm,https://www.sec.gov/Archives/edgar/data/813672/000081367222000036/cfocommentary07252022ex9902.htm,81443f333497cedb41bdbc1b9ad65e2978ebb570852ce39dfe23241a8717bdea,MARGIN,FY2022,NON_GAAP,NOT_APPLICABLE,PERCENT,39.25,40.25,39.75,CURRENT_GUIDANCE_RANGE,AS_REPORTED,HTML_TABLE_GRID,0,CURRENT_CANDIDATE,CURRENT_GUIDANCE_RANGE,8,18,18,Non-GAAP Operating Margin | Non-GAAP Operating Margin | Non-GAAP Operating Margin | 37.2% | 37.2% | 37.2%,"Current | FY 2022E | 85% - 90% | $3,470 - $3,510 | 16% - 17% | ~70% | 29.25% - 30.25%",Fiscal Year 2022 Financial Outlook | Non-GAAP Operating Margin | Non-GAAP Operating Margin | Non-GAAP Operating Margin | 37.2% | 37.2% | 37.2% | | | | 38.5% - 40% | 38.5% - 40% | 38.5% - 40% | | | | | | | 39.25% - 40.25% | 39.25% - 40.25% | 39.25% - 40.25% | | |,V8_FIVE_RELATION_CORRECTED_NOT_SOURCE_REVIEWED,,,7bd3a4b19d6f6a313d1cb63a4ec80e0e0696e7b3225830ea565a9514f875ddb9
CDNS,0000813672,0000813672-22-000036,2022-07-25T20:06:05.000Z,cfocommentary07252022ex9902.htm,https://www.sec.gov/Archives/edgar/data/813672/000081367222000036/cfocommentary07252022ex9902.htm,81443f333497cedb41bdbc1b9ad65e2978ebb570852ce39dfe23241a8717bdea,EPS,FY2022,GAAP,NOT_APPLICABLE,USD_PER_SHARE,2.59,2.65,2.62,CURRENT_GUIDANCE_RANGE,AS_REPORTED,HTML_TABLE_GRID,0,CURRENT_CANDIDATE,CURRENT_GUIDANCE_RANGE,8,30,18,GAAP EPS | GAAP EPS | GAAP EPS | $ | 2.50,"Current | FY 2022E | 85% - 90% | $3,470 - $3,510 | 16% - 17% | ~70% | 29.25% - 30.25% | 39.25% - 40.25% | $(28) - $(32) | $(16) - $(20) | ~28% | 17.5% | 275 - 277",Fiscal Year 2022 Financial Outlook | GAAP EPS | GAAP EPS | GAAP EPS | $ | 2.50 | | | | | $2.51 - $2.59 | $2.51 - $2.59 | $2.51 - $2.59 | | | | | | | $2.59 - $2.65 | $2.59 - $2.65 | $2.59 - $2.65 | | |,V8_FIVE_RELATION_CORRECTED_NOT_SOURCE_REVIEWED,,,15205a14e5f91c51f31374e114890a2c598b75f56d11f026c4387a3dd6bec256
CDNS,0000813672,0000813672-22-000036,2022-07-25T20:06:05.000Z,cfocommentary07252022ex9902.htm,https://www.sec.gov/Archives/edgar/data/813672/000081367222000036/cfocommentary07252022ex9902.htm,81443f333497cedb41bdbc1b9ad65e2978ebb570852ce39dfe23241a8717bdea,EPS,FY2022,GAAP,NOT_APPLICABLE,USD_PER_SHARE,4.06,4.12,4.09,CURRENT_GUIDANCE_RANGE,AS_REPORTED,HTML_TABLE_GRID,0,CURRENT_CANDIDATE,CURRENT_GUIDANCE_RANGE,8,33,18,Non-GAAP EPS | Non-GAAP EPS | Non-GAAP EPS | $ | 3.29,"Current | FY 2022E | 85% - 90% | $3,470 - $3,510 | 16% - 17% | ~70% | 29.25% - 30.25% | 39.25% - 40.25% | $(28) - $(32) | $(16) - $(20) | ~28% | 17.5% | 275 - 277 | $2.59 - $2.65",Fiscal Year 2022 Financial Outlook | Non-GAAP EPS | Non-GAAP EPS | Non-GAAP EPS | $ | 3.29 | | | | | $3.89 - $3.97 | $3.89 - $3.97 | $3.89 - $3.97 | | | | | | | $4.06 - $4.12 | $4.06 - $4.12 | $4.06 - $4.12 | | |,V8_FIVE_RELATION_CORRECTED_NOT_SOURCE_REVIEWED,,,15205a14e5f91c51f31374e114890a2c598b75f56d11f026c4387a3dd6bec256
MCO,0001059556,0001059556-22-000043,2022-07-26T11:16:34.000Z,a2q22earningsprnew.htm,https://www.sec.gov/Archives/edgar/data/1059556/000105955622000043/a2q22earningsprnew.htm,a1f202d3832e54e1ca1dd4b81df4077ef8b15e4e5afe45f4e9c1a663ed769d82,MARGIN,FY2022,UNSPECIFIED,NOT_APPLICABLE,PERCENT,37,38,37.5,CURRENT_GUIDANCE_RANGE,AS_REPORTED,HTML_TABLE_GRID,0,CURRENT_CANDIDATE,CURRENT_GUIDANCE_RANGE,39,5,3,Operating margin | Operating margin | Operating margin,"Full Year 2022 Moody's Corporation Guidance as of July 26, 2022 | Current guidance | Decline in the high-single-digit percent range | Increase in the high-single-digit percent range",| Operating margin | Operating margin | Operating margin | 37% to 38% | 37% to 38% | 37% to 38% | 41% to 42% | 41% to 42% | 41% to 42%,V8_FIVE_RELATION_CORRECTED_NOT_SOURCE_REVIEWED,,,d00722def55c6ff25b95ac86113786266428d60c53b0daed9147d68820bb66ca
MCO,0001059556,0001059556-22-000043,2022-07-26T11:16:34.000Z,a2q22earningsprnew.htm,https://www.sec.gov/Archives/edgar/data/1059556/000105955622000043/a2q22earningsprnew.htm,a1f202d3832e54e1ca1dd4b81df4077ef8b15e4e5afe45f4e9c1a663ed769d82,EPS,FY2022,UNSPECIFIED,NOT_APPLICABLE,USD_PER_SHARE,8.1,8.6,8.35,CURRENT_GUIDANCE_RANGE,AS_REPORTED,HTML_TABLE_GRID,0,CURRENT_CANDIDATE,CURRENT_GUIDANCE_RANGE,39,9,3,Diluted EPS | Diluted EPS | Diluted EPS,"Full Year 2022 Moody's Corporation Guidance as of July 26, 2022 | Current guidance | Decline in the high-single-digit percent range | Increase in the high-single-digit percent range | 37% to 38% | Approximately 44% | $220 to $240 million | 20.5% to 22.5%",| Diluted EPS | Diluted EPS | Diluted EPS | $8.10 to $8.60 | $8.10 to $8.60 | $8.10 to $8.60 | $9.85 to $10.35 | $9.85 to $10.35 | $9.85 to $10.35,V8_FIVE_RELATION_CORRECTED_NOT_SOURCE_REVIEWED,,,1b1d6b58f7297e9bac73e768b3f082f680ad64a7435e3865cfa6f82212ecb674
MCO,0001059556,0001059556-22-000043,2022-07-26T11:16:34.000Z,a2q22earningsprnew.htm,https://www.sec.gov/Archives/edgar/data/1059556/000105955622000043/a2q22earningsprnew.htm,a1f202d3832e54e1ca1dd4b81df4077ef8b15e4e5afe45f4e9c1a663ed769d82,EPS,FY2022,NON_GAAP,NOT_APPLICABLE,USD_PER_SHARE,9.2,9.7,9.45,CURRENT_GUIDANCE_RANGE,AS_REPORTED,HTML_TABLE_GRID,0,CURRENT_CANDIDATE,CURRENT_GUIDANCE_RANGE,39,10,3,Adjusted Diluted EPS (1) | Adjusted Diluted EPS (1) | Adjusted Diluted EPS (1),"Full Year 2022 Moody's Corporation Guidance as of July 26, 2022 | Current guidance | Decline in the high-single-digit percent range | Increase in the high-single-digit percent range | 37% to 38% | Approximately 44% | $220 to $240 million | 20.5% to 22.5% | $8.10 to $8.60",| Adjusted Diluted EPS (1) | Adjusted Diluted EPS (1) | Adjusted Diluted EPS (1) | $9.20 to $9.70 | $9.20 to $9.70 | $9.20 to $9.70 | $10.75 to $11.25 | $10.75 to $11.25 | $10.75 to $11.25,V8_FIVE_RELATION_CORRECTED_NOT_SOURCE_REVIEWED,,,1b1d6b58f7297e9bac73e768b3f082f680ad64a7435e3865cfa6f82212ecb674
MCO,0001059556,0001059556-22-000043,2022-07-26T11:16:34.000Z,a2q22earningsprnew.htm,https://www.sec.gov/Archives/edgar/data/1059556/000105955622000043/a2q22earningsprnew.htm,a1f202d3832e54e1ca1dd4b81df4077ef8b15e4e5afe45f4e9c1a663ed769d82,FREE_CASH_FLOW,FY2022,NON_GAAP,NOT_APPLICABLE,USD,1400000000,1600000000,1500000000,CURRENT_GUIDANCE_RANGE,AS_REPORTED,HTML_TABLE_GRID,0,CURRENT_CANDIDATE,CURRENT_GUIDANCE_RANGE,39,12,3,Free Cash Flow (1) | Free Cash Flow (1) | Free Cash Flow (1),"Full Year 2022 Moody's Corporation Guidance as of July 26, 2022 | Current guidance | Decline in the high-single-digit percent range | Increase in the high-single-digit percent range | 37% to 38% | Approximately 44% | $220 to $240 million | 20.5% to 22.5% | $8.10 to $8.60 | $9.20 to $9.70 | $1.7 to $1.9 billion",| Free Cash Flow (1) | Free Cash Flow (1) | Free Cash Flow (1) | $1.4 to $1.6 billion | $1.4 to $1.6 billion | $1.4 to $1.6 billion | $1.8 to $2.0 billion | $1.8 to $2.0 billion | $1.8 to $2.0 billion,V8_FIVE_RELATION_CORRECTED_NOT_SOURCE_REVIEWED,,,0f2d15f1b60e90914d37fc9e3cc126aa79f7b924623da5d57ec39abb96e2cb4a
MCO,0001059556,0001059556-22-000043,2022-07-26T11:16:34.000Z,a2q22earningsprnew.htm,https://www.sec.gov/Archives/edgar/data/1059556/000105955622000043/a2q22earningsprnew.htm,a1f202d3832e54e1ca1dd4b81df4077ef8b15e4e5afe45f4e9c1a663ed769d82,MARGIN,FY2022,NON_GAAP,NOT_APPLICABLE,PERCENT,54,55,54.5,CURRENT_GUIDANCE_RANGE,AS_REPORTED,HTML_TABLE_GRID,0,CURRENT_CANDIDATE,CURRENT_GUIDANCE_RANGE,39,16,3,MIS Adjusted Operating Margin | MIS Adjusted Operating Margin | MIS Adjusted Operating Margin,"Full Year 2022 Moody's Corporation Guidance as of July 26, 2022 | Current guidance | Decline in the high-single-digit percent range | Increase in the high-single-digit percent range | 37% to 38% | Approximately 44% | $220 to $240 million | 20.5% to 22.5% | $8.10 to $8.60 | $9.20 to $9.70 | $1.7 to $1.9 billion | $1.4 to $1.6 billion | Approximately $1.0 billion (subject to available cash, market conditions, M&A opportunities and other ongoing capital allocation decisions) | Decrease in the low-t",| MIS Adjusted Operating Margin | MIS Adjusted Operating Margin | MIS Adjusted Operating Margin | 54% to 55% | 54% to 55% | 54% to 55% | Approximately 59% | Approximately 59% | Approximately 59%,V8_FIVE_RELATION_CORRECTED_NOT_SOURCE_REVIEWED,,,d00722def55c6ff25b95ac86113786266428d60c53b0daed9147d68820bb66ca
MCO,0001059556,0001059556-22-000043,2022-07-26T11:16:34.000Z,a2q22earningsprnew.htm,https://www.sec.gov/Archives/edgar/data/1059556/000105955622000043/a2q22earningsprnew.htm,a1f202d3832e54e1ca1dd4b81df4077ef8b15e4e5afe45f4e9c1a663ed769d82,EPS,FY2022,NON_GAAP,NOT_APPLICABLE,USD_PER_SHARE,9.2,9.7,9.45,CURRENT_GUIDANCE_RANGE,AS_REPORTED,NARRATIVE_CLAUSE,688,CURRENT_CANDIDATE,CURRENT_GUIDANCE_RANGE,,,,,,"Given year-to-date performance and our expectation for continued cyclical market disruption, we have lowered our full year 2022 adjusted diluted EPS guidance range to $9.20 to $9.70.”",V8_FIVE_RELATION_CORRECTED_NOT_SOURCE_REVIEWED,/html/body/document/type/sequence/filename/description/text/div[8]/table/tr[2],HTML_SINGLE_CELL_ROW,7d1adf8f40be06a76e916598cf3633e89a26c8bad7807b64befef400f50cf8fb
CDNS,0000813672,0000813672-22-000053,2022-10-24T20:05:48.000Z,cfocommentary10242022ex9902.htm,https://www.sec.gov/Archives/edgar/data/813672/000081367222000053/cfocommentary10242022ex9902.htm,a012251c9344e3c1c19640ffa3067885c1e8d6b6b420ba6e1f621cbcb03d53eb,MARGIN,FY2022,GAAP,NOT_APPLICABLE,PERCENT,29.7,30.7,30.2,CURRENT_GUIDANCE_RANGE,AS_REPORTED,HTML_TABLE_GRID,0,CURRENT_CANDIDATE,CURRENT_GUIDANCE_RANGE,8,16,18,GAAP Operating Margin | GAAP Operating Margin | GAAP Operating Margin | 26.1% | 26.1% | 26.1%,"Current | FY 2022E | ~85% | $3,532 - $3,552 | 18% - 19% | ~70%",Fiscal Year 2022 Financial Outlook | GAAP Operating Margin | GAAP Operating Margin | GAAP Operating Margin | 26.1% | 26.1% | 26.1% | | | | 29.25% - 30.25% | 29.25% - 30.25% | 29.25% - 30.25% | | | | | | | 29.7% - 30.7% | 29.7% - 30.7% | 29.7% - 30.7% | | |,V8_FIVE_RELATION_CORRECTED_NOT_SOURCE_REVIEWED,,,47821eddfd66107b1336dbdb8774448713d7d67b362da1139a3072e0f3f0f877
CDNS,0000813672,0000813672-22-000053,2022-10-24T20:05:48.000Z,cfocommentary10242022ex9902.htm,https://www.sec.gov/Archives/edgar/data/813672/000081367222000053/cfocommentary10242022ex9902.htm,a012251c9344e3c1c19640ffa3067885c1e8d6b6b420ba6e1f621cbcb03d53eb,MARGIN,FY2022,NON_GAAP,NOT_APPLICABLE,PERCENT,39.7,40.7,40.2,CURRENT_GUIDANCE_RANGE,AS_REPORTED,HTML_TABLE_GRID,0,CURRENT_CANDIDATE,CURRENT_GUIDANCE_RANGE,8,18,18,Non-GAAP Operating Margin | Non-GAAP Operating Margin | Non-GAAP Operating Margin | 37.2% | 37.2% | 37.2%,"Current | FY 2022E | ~85% | $3,532 - $3,552 | 18% - 19% | ~70% | 29.7% - 30.7%",Fiscal Year 2022 Financial Outlook | Non-GAAP Operating Margin | Non-GAAP Operating Margin | Non-GAAP Operating Margin | 37.2% | 37.2% | 37.2% | | | | 39.25% - 40.25% | 39.25% - 40.25% | 39.25% - 40.25% | | | | | | | 39.7% - 40.7% | 39.7% - 40.7% | 39.7% - 40.7% | | |,V8_FIVE_RELATION_CORRECTED_NOT_SOURCE_REVIEWED,,,47821eddfd66107b1336dbdb8774448713d7d67b362da1139a3072e0f3f0f877
CDNS,0000813672,0000813672-22-000053,2022-10-24T20:05:48.000Z,cfocommentary10242022ex9902.htm,https://www.sec.gov/Archives/edgar/data/813672/000081367222000053/cfocommentary10242022ex9902.htm,a012251c9344e3c1c19640ffa3067885c1e8d6b6b420ba6e1f621cbcb03d53eb,EPS,FY2022,GAAP,NOT_APPLICABLE,USD_PER_SHARE,2.71,2.75,2.73,CURRENT_GUIDANCE_RANGE,AS_REPORTED,HTML_TABLE_GRID,0,CURRENT_CANDIDATE,CURRENT_GUIDANCE_RANGE,8,30,18,GAAP EPS | GAAP EPS | GAAP EPS | $ | 2.50,"Current | FY 2022E | ~85% | $3,532 - $3,552 | 18% - 19% | ~70% | 29.7% - 30.7% | 39.7% - 40.7% | $(32) - $(34) | $(15) - $(17) | ~28% | 17.5% | 275 - 276",Fiscal Year 2022 Financial Outlook | GAAP EPS | GAAP EPS | GAAP EPS | $ | 2.50 | | | | | $2.59 - $2.65 | $2.59 - $2.65 | $2.59 - $2.65 | | | | | | | $2.71 - $2.75 | $2.71 - $2.75 | $2.71 - $2.75 | | |,V8_FIVE_RELATION_CORRECTED_NOT_SOURCE_REVIEWED,,,e57e0a3578e063e1f5f4fdeaf0dd9f62f47776eeb54984ae4db14fed4d649d79
CDNS,0000813672,0000813672-22-000053,2022-10-24T20:05:48.000Z,cfocommentary10242022ex9902.htm,https://www.sec.gov/Archives/edgar/data/813672/000081367222000053/cfocommentary10242022ex9902.htm,a012251c9344e3c1c19640ffa3067885c1e8d6b6b420ba6e1f621cbcb03d53eb,EPS,FY2022,GAAP,NOT_APPLICABLE,USD_PER_SHARE,4.2,4.24,4.22,CURRENT_GUIDANCE_RANGE,AS_REPORTED,HTML_TABLE_GRID,0,CURRENT_CANDIDATE,CURRENT_GUIDANCE_RANGE,8,33,18,Non-GAAP EPS | Non-GAAP EPS | Non-GAAP EPS | $ | 3.29,"Current | FY 2022E | ~85% | $3,532 - $3,552 | 18% - 19% | ~70% | 29.7% - 30.7% | 39.7% - 40.7% | $(32) - $(34) | $(15) - $(17) | ~28% | 17.5% | 275 - 276 | $2.71 - $2.75",Fiscal Year 2022 Financial Outlook | Non-GAAP EPS | Non-GAAP EPS | Non-GAAP EPS | $ | 3.29 | | | | | $4.06 - $4.12 | $4.06 - $4.12 | $4.06 - $4.12 | | | | | | | $4.20 - $4.24 | $4.20 - $4.24 | $4.20 - $4.24 | | |,V8_FIVE_RELATION_CORRECTED_NOT_SOURCE_REVIEWED,,,e57e0a3578e063e1f5f4fdeaf0dd9f62f47776eeb54984ae4db14fed4d649d79
MCO,0001059556,0001059556-22-000059,2022-10-25T11:03:11.000Z,a3q22earningsprnew.htm,https://www.sec.gov/Archives/edgar/data/1059556/000105955622000059/a3q22earningsprnew.htm,7895f316007edbca3607629b82cf843b9c6299400291d04c22e4d4318ec46fa2,MARGIN,FY2022,UNSPECIFIED,NOT_APPLICABLE,PERCENT,34,35,34.5,CURRENT_GUIDANCE_RANGE,AS_REPORTED,HTML_TABLE_GRID,0,CURRENT_CANDIDATE,CURRENT_GUIDANCE_RANGE,41,5,3,Operating margin | Operating margin | Operating margin,"Full Year 2022 Moody's Corporation Guidance as of October 25, 2022 | Current guidance | Decline in the low-double-digit percent range | Increase in the mid-single-digit percent range",| Operating margin | Operating margin | Operating margin | 34% to 35% | 34% to 35% | 34% to 35% | 37% to 38% | 37% to 38% | 37% to 38%,V8_FIVE_RELATION_CORRECTED_NOT_SOURCE_REVIEWED,,,9a9458a04ee34d9f23713d6f2bd64bd6eec0c4f67000f51743972277c73dc40e
MCO,0001059556,0001059556-22-000059,2022-10-25T11:03:11.000Z,a3q22earningsprnew.htm,https://www.sec.gov/Archives/edgar/data/1059556/000105955622000059/a3q22earningsprnew.htm,7895f316007edbca3607629b82cf843b9c6299400291d04c22e4d4318ec46fa2,EPS,FY2022,UNSPECIFIED,NOT_APPLICABLE,USD_PER_SHARE,6.9,7.2,7.05,CURRENT_GUIDANCE_RANGE,AS_REPORTED,HTML_TABLE_GRID,0,CURRENT_CANDIDATE,CURRENT_GUIDANCE_RANGE,41,9,3,Diluted EPS | Diluted EPS | Diluted EPS,"Full Year 2022 Moody's Corporation Guidance as of October 25, 2022 | Current guidance | Decline in the low-double-digit percent range | Increase in the mid-single-digit percent range | 34% to 35% | Approximately 42% | $220 to $240 million | 20.5% to 22.5%",| Diluted EPS | Diluted EPS | Diluted EPS | $6.90 to $7.20 | $6.90 to $7.20 | $6.90 to $7.20 | $8.10 to $8.60 | $8.10 to $8.60 | $8.10 to $8.60,V8_FIVE_RELATION_CORRECTED_NOT_SOURCE_REVIEWED,,,3e5d779bd87b734a30942f67c60f0425fb8ee4c3a4dcf1705b5abe38be15597c
MCO,0001059556,0001059556-22-000059,2022-10-25T11:03:11.000Z,a3q22earningsprnew.htm,https://www.sec.gov/Archives/edgar/data/1059556/000105955622000059/a3q22earningsprnew.htm,7895f316007edbca3607629b82cf843b9c6299400291d04c22e4d4318ec46fa2,EPS,FY2022,NON_GAAP,NOT_APPLICABLE,USD_PER_SHARE,8.2,8.5,8.35,CURRENT_GUIDANCE_RANGE,AS_REPORTED,HTML_TABLE_GRID,0,CURRENT_CANDIDATE,CURRENT_GUIDANCE_RANGE,41,10,3,Adjusted Diluted EPS (1) | Adjusted Diluted EPS (1) | Adjusted Diluted EPS (1),"Full Year 2022 Moody's Corporation Guidance as of October 25, 2022 | Current guidance | Decline in the low-double-digit percent range | Increase in the mid-single-digit percent range | 34% to 35% | Approximately 42% | $220 to $240 million | 20.5% to 22.5% | $6.90 to $7.20",| Adjusted Diluted EPS (1) | Adjusted Diluted EPS (1) | Adjusted Diluted EPS (1) | $8.20 to $8.50 | $8.20 to $8.50 | $8.20 to $8.50 | $9.20 to $9.70 | $9.20 to $9.70 | $9.20 to $9.70,V8_FIVE_RELATION_CORRECTED_NOT_SOURCE_REVIEWED,,,3e5d779bd87b734a30942f67c60f0425fb8ee4c3a4dcf1705b5abe38be15597c
MCO,0001059556,0001059556-23-000005,2023-01-31T11:56:49.000Z,a4q22earningsprnew.htm,https://www.sec.gov/Archives/edgar/data/1059556/000105955623000005/a4q22earningsprnew.htm,166a82cf9fb02e35aa4edcbcd970143df2a0f40b10ce174a8d5699c8ea9b484a,MARGIN,FY2023,NON_GAAP,NOT_APPLICABLE,PERCENT,44,45,44.5,CURRENT_GUIDANCE_RANGE,AS_REPORTED,HTML_TABLE_GRID,0,CURRENT_CANDIDATE,CURRENT_GUIDANCE_RANGE,41,6,3,Adjusted Operating Margin (1) | Adjusted Operating Margin (1) | Adjusted Operating Margin (1),"Full Year 2023 Moody's Corporation Guidance as of January 31, 2023 | Current guidance | Increase in the mid-to-high-single-digit percent range | Increase in the low-single-digit percent range | Approximately 37%",| Adjusted Operating Margin (1) | Adjusted Operating Margin (1) | Adjusted Operating Margin (1) | 44% to 45% | 44% to 45% | 44% to 45%,V8_FIVE_RELATION_CORRECTED_NOT_SOURCE_REVIEWED,,,c5a7a2b0df1bd601ebc7726dfe968e3db01fd20515f04774131340a6f4295577
MCO,0001059556,0001059556-23-000005,2023-01-31T11:56:49.000Z,a4q22earningsprnew.htm,https://www.sec.gov/Archives/edgar/data/1059556/000105955623000005/a4q22earningsprnew.htm,166a82cf9fb02e35aa4edcbcd970143df2a0f40b10ce174a8d5699c8ea9b484a,EPS,FY2023,UNSPECIFIED,NOT_APPLICABLE,USD_PER_SHARE,8.05,8.55,8.3,CURRENT_GUIDANCE_RANGE,AS_REPORTED,HTML_TABLE_GRID,0,CURRENT_CANDIDATE,CURRENT_GUIDANCE_RANGE,41,9,3,Diluted EPS | Diluted EPS | Diluted EPS,"Full Year 2023 Moody's Corporation Guidance as of January 31, 2023 | Current guidance | Increase in the mid-to-high-single-digit percent range | Increase in the low-single-digit percent range | Approximately 37% | 44% to 45% | $290 to $310 million | 20% to 22%",| Diluted EPS | Diluted EPS | Diluted EPS | $8.05 to $8.55 | $8.05 to $8.55 | $8.05 to $8.55,V8_FIVE_RELATION_CORRECTED_NOT_SOURCE_REVIEWED,,,4065c9d12ebe1943b989956c6d69e7b9b73251b84e35968f20f0067dc356f94a
MCO,0001059556,0001059556-23-000005,2023-01-31T11:56:49.000Z,a4q22earningsprnew.htm,https://www.sec.gov/Archives/edgar/data/1059556/000105955623000005/a4q22earningsprnew.htm,166a82cf9fb02e35aa4edcbcd970143df2a0f40b10ce174a8d5699c8ea9b484a,EPS,FY2023,NON_GAAP,NOT_APPLICABLE,USD_PER_SHARE,9,9.5,9.25,CURRENT_GUIDANCE_RANGE,AS_REPORTED,HTML_TABLE_GRID,0,CURRENT_CANDIDATE,CURRENT_GUIDANCE_RANGE,41,10,3,Adjusted Diluted EPS (1) | Adjusted Diluted EPS (1) | Adjusted Diluted EPS (1),"Full Year 2023 Moody's Corporation Guidance as of January 31, 2023 | Current guidance | Increase in the mid-to-high-single-digit percent range | Increase in the low-single-digit percent range | Approximately 37% | 44% to 45% | $290 to $310 million | 20% to 22% | $8.05 to $8.55",| Adjusted Diluted EPS (1) | Adjusted Diluted EPS (1) | Adjusted Diluted EPS (1) | $9.00 to $9.50 | $9.00 to $9.50 | $9.00 to $9.50,V8_FIVE_RELATION_CORRECTED_NOT_SOURCE_REVIEWED,,,4065c9d12ebe1943b989956c6d69e7b9b73251b84e35968f20f0067dc356f94a
MCO,0001059556,0001059556-23-000005,2023-01-31T11:56:49.000Z,a4q22earningsprnew.htm,https://www.sec.gov/Archives/edgar/data/1059556/000105955623000005/a4q22earningsprnew.htm,166a82cf9fb02e35aa4edcbcd970143df2a0f40b10ce174a8d5699c8ea9b484a,FREE_CASH_FLOW,FY2023,NON_GAAP,NOT_APPLICABLE,USD,1400000000,1600000000,1500000000,CURRENT_GUIDANCE_RANGE,AS_REPORTED,HTML_TABLE_GRID,0,CURRENT_CANDIDATE,CURRENT_GUIDANCE_RANGE,41,12,3,Free Cash Flow (1) | Free Cash Flow (1) | Free Cash Flow (1),"Full Year 2023 Moody's Corporation Guidance as of January 31, 2023 | Current guidance | Increase in the mid-to-high-single-digit percent range | Increase in the low-single-digit percent range | Approximately 37% | 44% to 45% | $290 to $310 million | 20% to 22% | $8.05 to $8.55 | $9.00 to $9.50 | $1.7 to $1.9 billion",| Free Cash Flow (1) | Free Cash Flow (1) | Free Cash Flow (1) | $1.4 to $1.6 billion | $1.4 to $1.6 billion | $1.4 to $1.6 billion,V8_FIVE_RELATION_CORRECTED_NOT_SOURCE_REVIEWED,,,c1838965fbe10627e5533cc9388e1df94c2bfb15792ec8264c46d82041724344
MCO,0001059556,0001059556-23-000023,2023-04-25T10:58:45.000Z,a1q23earningspr.htm,https://www.sec.gov/Archives/edgar/data/1059556/000105955623000023/a1q23earningspr.htm,5565da0c241cf40a32d48cd4c66e0911e490a7b79a596ce132064ab0ae18e60d,MARGIN,FY2023,NON_GAAP,NOT_APPLICABLE,PERCENT,44,45,44.5,CURRENT_GUIDANCE_RANGE,AS_REPORTED,HTML_TABLE_GRID,0,CURRENT_CANDIDATE,CURRENT_GUIDANCE_RANGE,41,6,3,Adjusted Operating Margin (1) | Adjusted Operating Margin (1) | Adjusted Operating Margin (1),"Full Year 2023 Moody's Corporation Guidance as of April 25, 2023 | Current guidance | Increase in the mid-to-high-single-digitpercent range | Increase in the mid-single-digitpercent range | Approximately 37%",| Adjusted Operating Margin (1) | Adjusted Operating Margin (1) | Adjusted Operating Margin (1) | 44% to 45% | 44% to 45% | 44% to 45% | NC | NC | NC,V8_FIVE_RELATION_CORRECTED_NOT_SOURCE_REVIEWED,,,cc65f9d8d8f9f0ab2c71d210d5f8f363bb96ce4a1f37ad0df900333cfcbd15f7
MCO,0001059556,0001059556-23-000023,2023-04-25T10:58:45.000Z,a1q23earningspr.htm,https://www.sec.gov/Archives/edgar/data/1059556/000105955623000023/a1q23earningspr.htm,5565da0c241cf40a32d48cd4c66e0911e490a7b79a596ce132064ab0ae18e60d,EPS,FY2023,UNSPECIFIED,NOT_APPLICABLE,USD_PER_SHARE,8.45,8.95,8.7,CURRENT_GUIDANCE_RANGE,AS_REPORTED,HTML_TABLE_GRID,0,CURRENT_CANDIDATE,CURRENT_GUIDANCE_RANGE,41,9,3,Diluted EPS | Diluted EPS | Diluted EPS,"Full Year 2023 Moody's Corporation Guidance as of April 25, 2023 | Current guidance | Increase in the mid-to-high-single-digitpercent range | Increase in the mid-single-digitpercent range | Approximately 37% | 44% to 45% | $275 to $295 million | 15% to 17%",| Diluted EPS | Diluted EPS | Diluted EPS | $8.45 to $8.95 | $8.45 to $8.95 | $8.45 to $8.95 | $8.05 to $8.55 | $8.05 to $8.55 | $8.05 to $8.55,V8_FIVE_RELATION_CORRECTED_NOT_SOURCE_REVIEWED,,,5dba0f0c8f7df21cd28788760340a68744a3ccfe94ea2584d8805f79fcb1bf97
MCO,0001059556,0001059556-23-000023,2023-04-25T10:58:45.000Z,a1q23earningspr.htm,https://www.sec.gov/Archives/edgar/data/1059556/000105955623000023/a1q23earningspr.htm,5565da0c241cf40a32d48cd4c66e0911e490a7b79a596ce132064ab0ae18e60d,EPS,FY2023,NON_GAAP,NOT_APPLICABLE,USD_PER_SHARE,9.5,10,9.75,CURRENT_GUIDANCE_RANGE,AS_REPORTED,HTML_TABLE_GRID,0,CURRENT_CANDIDATE,CURRENT_GUIDANCE_RANGE,41,10,3,Adjusted Diluted EPS (1) | Adjusted Diluted EPS (1) | Adjusted Diluted EPS (1),"Full Year 2023 Moody's Corporation Guidance as of April 25, 2023 | Current guidance | Increase in the mid-to-high-single-digitpercent range | Increase in the mid-single-digitpercent range | Approximately 37% | 44% to 45% | $275 to $295 million | 15% to 17% | $8.45 to $8.95",| Adjusted Diluted EPS (1) | Adjusted Diluted EPS (1) | Adjusted Diluted EPS (1) | $9.50 to $10.00 | $9.50 to $10.00 | $9.50 to $10.00 | $9.00 to $9.50 | $9.00 to $9.50 | $9.00 to $9.50,V8_FIVE_RELATION_CORRECTED_NOT_SOURCE_REVIEWED,,,5dba0f0c8f7df21cd28788760340a68744a3ccfe94ea2584d8805f79fcb1bf97
MCO,0001059556,0001059556-23-000023,2023-04-25T10:58:45.000Z,a1q23earningspr.htm,https://www.sec.gov/Archives/edgar/data/1059556/000105955623000023/a1q23earningspr.htm,5565da0c241cf40a32d48cd4c66e0911e490a7b79a596ce132064ab0ae18e60d,FREE_CASH_FLOW,FY2023,NON_GAAP,NOT_APPLICABLE,USD,1400000000,1600000000,1500000000,CURRENT_GUIDANCE_RANGE,AS_REPORTED,HTML_TABLE_GRID,0,CURRENT_CANDIDATE,CURRENT_GUIDANCE_RANGE,41,12,3,Free Cash Flow (1) | Free Cash Flow (1) | Free Cash Flow (1),"Full Year 2023 Moody's Corporation Guidance as of April 25, 2023 | Current guidance | Increase in the mid-to-high-single-digitpercent range | Increase in the mid-single-digitpercent range | Approximately 37% | 44% to 45% | $275 to $295 million | 15% to 17% | $8.45 to $8.95 | $9.50 to $10.00 | $1.7 to $1.9 billion",| Free Cash Flow (1) | Free Cash Flow (1) | Free Cash Flow (1) | $1.4 to $1.6 billion | $1.4 to $1.6 billion | $1.4 to $1.6 billion | NC | NC | NC,V8_FIVE_RELATION_CORRECTED_NOT_SOURCE_REVIEWED,,,dafbfefae2001831ddf4fc7685d370ae555e2518c9af5d64b942a842b91fe64c
EIX,0000827052,0000827052-23-000036,2023-05-02T20:07:43.000Z,eix-20230502xex99d2.htm,https://www.sec.gov/Archives/edgar/data/827052/000082705223000036/eix-20230502xex99d2.htm,4e716e36d590be99175d7cb4fed225f24c670e9667c46fddd0cbd509b8124988,EPS,FY2023,NON_GAAP,NOT_APPLICABLE,USD_PER_SHARE,4.55,4.85,4.7,CURRENT_GUIDANCE_RANGE,AS_REPORTED,NARRATIVE_CLAUSE,169,CURRENT_CANDIDATE,CURRENT_GUIDANCE_RANGE,,,,,,Edison International’s core EPS for first quarter 2023 was $1.09. We are pleased with our start to the year and are confident in affirming our 2023 core EPS guidance of $4.55 to $4.85. We also remain confident in delivering our long-term EPS growth target of 5 to 7% from 2021 through 2025. Maria will discuss our financial performance and outlook.,V8_FIVE_RELATION_CORRECTED_NOT_SOURCE_REVIEWED,/html/body/document/type/sequence/filename/description/text/div[2]/div[2]/p[6],HTML_P,0e064756e19d9c6a2332ee224308ce6f2066bcbf4fedeb2ac2c23c32839834c1
HST,0001070750,0000950170-23-017303,2023-05-03T21:24:21.000Z,hst-ex99_1.htm,https://www.sec.gov/Archives/edgar/data/1070750/000095017023017303/hst-ex99_1.htm,65ed446acdfb3114b9f950ff88d89f47c8cdc1c82d2d9156db3649aae59bb66f,MARGIN,FY2023,UNSPECIFIED,NOT_APPLICABLE,PERCENT,29.8,30.5,30.15,CURRENT_GUIDANCE_RANGE,AS_REPORTED,HTML_TABLE_GRID,0,CURRENT_CANDIDATE,CURRENT_GUIDANCE_RANGE,7,6,1,Comparable hotel EBITDA margin,"Current Full Year 2023 Guidance | $343 to $352 | $211 to $216 | $5,266 to $5,405 | 14.4% to 15.5%","HOST HOTELS & RESORTS, INC. NEWS RELEASE May 3, 2023 | the forecast does not include any expected gains from business interruption proceeds related to Hurricane Ian at this time, as timing of any recognition is uncertain. | The Company anticipates its 2023 operating results as compared to 2022 will be in the following range: | Comparable hotel EBITDA margin | 29.8% to 30.5% | | (200) bps to (130) bps | | (360) bps to (210) bps | | 120 bps",V8_FIVE_RELATION_CORRECTED_NOT_SOURCE_REVIEWED,,,54b2dc87424fd8aac239564bb5282a63de580fd0add95a3c3684d65b0c6ac16e
CAH,0000721371,0001193125-23-135011,2023-05-04T11:06:03.000Z,d358353dex991.htm,https://www.sec.gov/Archives/edgar/data/721371/000119312523135011/d358353dex991.htm,c50eb058a38aee12aae6ac13bd2d1c72a888247f294e8c9814d477af47a00618,FREE_CASH_FLOW,FY2023,NON_GAAP,NOT_APPLICABLE,USD,2000000000,2300000000,2150000000,CURRENT_GUIDANCE_RANGE,AS_REPORTED,NARRATIVE_CLAUSE,73,CURRENT_CANDIDATE,CURRENT_GUIDANCE_RANGE,,,,,,"Fiscal year 2023 adjusted free cash flow guidance raised and narrowed to $2.0 to $2.3 billion, from $1.5",V8_FIVE_RELATION_CORRECTED_NOT_SOURCE_REVIEWED,/html/body/document/type/sequence/filename/description/text/center[1]/div/table[5]/tr/td[4]/p,HTML_P,38fab4ce4a89ccb14369eb3b16a0fe5298792e0292e9a5cce93ea0d66f07c589
CDNS,0000813672,0000813672-23-000040,2023-07-24T20:05:55.000Z,cfocommentary07242023ex9902.htm,https://www.sec.gov/Archives/edgar/data/813672/000081367223000040/cfocommentary07242023ex9902.htm,a2d8de6986e04f79408c41134f124d1ee3b1b563f28dd3e1fda9c4e36e1094bb,MARGIN,FY2023,GAAP,NOT_APPLICABLE,PERCENT,30.2,31.2,30.7,CURRENT_GUIDANCE_RANGE,AS_REPORTED,HTML_TABLE_GRID,0,CURRENT_CANDIDATE,CURRENT_GUIDANCE_RANGE,8,16,18,GAAP Operating Margin | GAAP Operating Margin | GAAP Operating Margin | 30.1% | 30.1% | 30.1%,"Current | FY 2023E | ~85% | $4,050 - $4,090 | 14% - 15% | ~75%",Fiscal Year 2023 Financial Outlook | GAAP Operating Margin | GAAP Operating Margin | GAAP Operating Margin | 30.1% | 30.1% | 30.1% | | | | 30% - 31% | 30% - 31% | 30% - 31% | | | | | | | 30.2% - 31.2% | 30.2% - 31.2% | 30.2% - 31.2% | | |,V8_FIVE_RELATION_CORRECTED_NOT_SOURCE_REVIEWED,,,ec606e61e22dcf359a2f8fa6da4ffb8c1e20c5e144f4e5c68279c70e674dd10d
CDNS,0000813672,0000813672-23-000040,2023-07-24T20:05:55.000Z,cfocommentary07242023ex9902.htm,https://www.sec.gov/Archives/edgar/data/813672/000081367223000040/cfocommentary07242023ex9902.htm,a2d8de6986e04f79408c41134f124d1ee3b1b563f28dd3e1fda9c4e36e1094bb,MARGIN,FY2023,NON_GAAP,NOT_APPLICABLE,PERCENT,41.2,42.2,41.7,CURRENT_GUIDANCE_RANGE,AS_REPORTED,HTML_TABLE_GRID,0,CURRENT_CANDIDATE,CURRENT_GUIDANCE_RANGE,8,18,18,Non-GAAP Operating Margin | Non-GAAP Operating Margin | Non-GAAP Operating Margin | 40.3% | 40.3% | 40.3%,"Current | FY 2023E | ~85% | $4,050 - $4,090 | 14% - 15% | ~75% | 30.2% - 31.2%",Fiscal Year 2023 Financial Outlook | Non-GAAP Operating Margin | Non-GAAP Operating Margin | Non-GAAP Operating Margin | 40.3% | 40.3% | 40.3% | | | | 41% - 42% | 41% - 42% | 41% - 42% | | | | | | | 41.2% - 42.2% | 41.2% - 42.2% | 41.2% - 42.2% | | |,V8_FIVE_RELATION_CORRECTED_NOT_SOURCE_REVIEWED,,,ec606e61e22dcf359a2f8fa6da4ffb8c1e20c5e144f4e5c68279c70e674dd10d
CDNS,0000813672,0000813672-23-000040,2023-07-24T20:05:55.000Z,cfocommentary07242023ex9902.htm,https://www.sec.gov/Archives/edgar/data/813672/000081367223000040/cfocommentary07242023ex9902.htm,a2d8de6986e04f79408c41134f124d1ee3b1b563f28dd3e1fda9c4e36e1094bb,EPS,FY2023,GAAP,NOT_APPLICABLE,USD_PER_SHARE,3.35,3.41,3.38,CURRENT_GUIDANCE_RANGE,AS_REPORTED,HTML_TABLE_GRID,0,CURRENT_CANDIDATE,CURRENT_GUIDANCE_RANGE,8,30,18,GAAP EPS | GAAP EPS | GAAP EPS | $ | 3.09,"Current | FY 2023E | ~85% | $4,050 - $4,090 | 14% - 15% | ~75% | 30.2% - 31.2% | 41.2% - 42.2% | $(7) - $(11) | $(13) - $(17) | ~26% | 17.5% | 272 - 274",Fiscal Year 2023 Financial Outlook | GAAP EPS | GAAP EPS | GAAP EPS | $ | 3.09 | | | | | $3.26 - $3.34 | $3.26 - $3.34 | $3.26 - $3.34 | | | | | | | $3.35 - $3.41 | $3.35 - $3.41 | $3.35 - $3.41 | | |,V8_FIVE_RELATION_CORRECTED_NOT_SOURCE_REVIEWED,,,e0e3a871381a8a6aa843ab7770b8658e3e3f1ee677b8d1b6b361d25501552541
CDNS,0000813672,0000813672-23-000040,2023-07-24T20:05:55.000Z,cfocommentary07242023ex9902.htm,https://www.sec.gov/Archives/edgar/data/813672/000081367223000040/cfocommentary07242023ex9902.htm,a2d8de6986e04f79408c41134f124d1ee3b1b563f28dd3e1fda9c4e36e1094bb,EPS,FY2023,GAAP,NOT_APPLICABLE,USD_PER_SHARE,5.05,5.11,5.08,CURRENT_GUIDANCE_RANGE,AS_REPORTED,HTML_TABLE_GRID,0,CURRENT_CANDIDATE,CURRENT_GUIDANCE_RANGE,8,33,18,Non-GAAP EPS | Non-GAAP EPS | Non-GAAP EPS | $ | 4.27,"Current | FY 2023E | ~85% | $4,050 - $4,090 | 14% - 15% | ~75% | 30.2% - 31.2% | 41.2% - 42.2% | $(7) - $(11) | $(13) - $(17) | ~26% | 17.5% | 272 - 274 | $3.35 - $3.41 | 8% - 10%",Fiscal Year 2023 Financial Outlook | Non-GAAP EPS | Non-GAAP EPS | Non-GAAP EPS | $ | 4.27 | | | | | $4.96 - $5.04 | $4.96 - $5.04 | $4.96 - $5.04 | | | | | | | $5.05 - $5.11 | $5.05 - $5.11 | $5.05 - $5.11 | | |,V8_FIVE_RELATION_CORRECTED_NOT_SOURCE_REVIEWED,,,e0e3a871381a8a6aa843ab7770b8658e3e3f1ee677b8d1b6b361d25501552541
MCO,0001059556,0001059556-23-000046,2023-07-25T10:58:11.000Z,a2q23earningspr.htm,https://www.sec.gov/Archives/edgar/data/1059556/000105955623000046/a2q23earningspr.htm,e56ac807ad769ceccd95ab5d60c6bd80175bbeb54dc4ca04727dc7e1aefb8d5f,MARGIN,FY2023,NON_GAAP,NOT_APPLICABLE,PERCENT,44,45,44.5,CURRENT_GUIDANCE_RANGE,AS_REPORTED,HTML_TABLE_GRID,0,CURRENT_CANDIDATE,CURRENT_GUIDANCE_RANGE,41,6,3,Adjusted Operating Margin (1) | Adjusted Operating Margin (1) | Adjusted Operating Margin (1),"Full Year 2023 Moody's Corporation Guidance as of July 25, 2023 | Current guidance | Increase in the high-single-digitpercent range | Increase in the mid-single-digitpercent range | Approximately 37%",| Adjusted Operating Margin (1) | Adjusted Operating Margin (1) | Adjusted Operating Margin (1) | 44% to 45% | 44% to 45% | 44% to 45% | NC | NC | NC,V8_FIVE_RELATION_CORRECTED_NOT_SOURCE_REVIEWED,,,09ac55a8ca5527de5ad7e89595354d187740f3a4f623e8e4aeae6963e8f1cd53
MCO,0001059556,0001059556-23-000046,2023-07-25T10:58:11.000Z,a2q23earningspr.htm,https://www.sec.gov/Archives/edgar/data/1059556/000105955623000046/a2q23earningspr.htm,e56ac807ad769ceccd95ab5d60c6bd80175bbeb54dc4ca04727dc7e1aefb8d5f,EPS,FY2023,UNSPECIFIED,NOT_APPLICABLE,USD_PER_SHARE,8.7,9.2,8.95,CURRENT_GUIDANCE_RANGE,AS_REPORTED,HTML_TABLE_GRID,0,CURRENT_CANDIDATE,CURRENT_GUIDANCE_RANGE,41,9,3,Diluted EPS | Diluted EPS | Diluted EPS,"Full Year 2023 Moody's Corporation Guidance as of July 25, 2023 | Current guidance | Increase in the high-single-digitpercent range | Increase in the mid-single-digitpercent range | Approximately 37% | 44% to 45% | $260 to $280 million | 16% to 18%",| Diluted EPS | Diluted EPS | Diluted EPS | $8.70 to $9.20 | $8.70 to $9.20 | $8.70 to $9.20 | $8.45 to $8.95 | $8.45 to $8.95 | $8.45 to $8.95,V8_FIVE_RELATION_CORRECTED_NOT_SOURCE_REVIEWED,,,83097c414d464a42f798d85a47bc098709290f35d87d13eb175a6d05f4e5ecd9
MCO,0001059556,0001059556-23-000046,2023-07-25T10:58:11.000Z,a2q23earningspr.htm,https://www.sec.gov/Archives/edgar/data/1059556/000105955623000046/a2q23earningspr.htm,e56ac807ad769ceccd95ab5d60c6bd80175bbeb54dc4ca04727dc7e1aefb8d5f,EPS,FY2023,NON_GAAP,NOT_APPLICABLE,USD_PER_SHARE,9.75,10.25,10,CURRENT_GUIDANCE_RANGE,AS_REPORTED,HTML_TABLE_GRID,0,CURRENT_CANDIDATE,CURRENT_GUIDANCE_RANGE,41,10,3,Adjusted Diluted EPS (1) | Adjusted Diluted EPS (1) | Adjusted Diluted EPS (1),"Full Year 2023 Moody's Corporation Guidance as of July 25, 2023 | Current guidance | Increase in the high-single-digitpercent range | Increase in the mid-single-digitpercent range | Approximately 37% | 44% to 45% | $260 to $280 million | 16% to 18% | $8.70 to $9.20",| Adjusted Diluted EPS (1) | Adjusted Diluted EPS (1) | Adjusted Diluted EPS (1) | $9.75 to $10.25 | $9.75 to $10.25 | $9.75 to $10.25 | $9.50 to $10.00 | $9.50 to $10.00 | $9.50 to $10.00,V8_FIVE_RELATION_CORRECTED_NOT_SOURCE_REVIEWED,,,83097c414d464a42f798d85a47bc098709290f35d87d13eb175a6d05f4e5ecd9
MCO,0001059556,0001059556-23-000046,2023-07-25T10:58:11.000Z,a2q23earningspr.htm,https://www.sec.gov/Archives/edgar/data/1059556/000105955623000046/a2q23earningspr.htm,e56ac807ad769ceccd95ab5d60c6bd80175bbeb54dc4ca04727dc7e1aefb8d5f,FREE_CASH_FLOW,FY2023,NON_GAAP,NOT_APPLICABLE,USD,1600000000,1800000000,1700000000,CURRENT_GUIDANCE_RANGE,AS_REPORTED,HTML_TABLE_GRID,0,CURRENT_CANDIDATE,CURRENT_GUIDANCE_RANGE,41,12,3,Free Cash Flow (1) | Free Cash Flow (1) | Free Cash Flow (1),"Full Year 2023 Moody's Corporation Guidance as of July 25, 2023 | Current guidance | Increase in the high-single-digitpercent range | Increase in the mid-single-digitpercent range | Approximately 37% | 44% to 45% | $260 to $280 million | 16% to 18% | $8.70 to $9.20 | $9.75 to $10.25 | $1.9 to $2.1 billion",| Free Cash Flow (1) | Free Cash Flow (1) | Free Cash Flow (1) | $1.6 to $1.8 billion | $1.6 to $1.8 billion | $1.6 to $1.8 billion | $1.4 to $1.6 billion | $1.4 to $1.6 billion | $1.4 to $1.6 billion,V8_FIVE_RELATION_CORRECTED_NOT_SOURCE_REVIEWED,,,ff40e80bbba6e490869d3146dedfb0e47ca2d5e8006585f04386cb3f3f10afe1
MCO,0001059556,0001059556-23-000046,2023-07-25T10:58:11.000Z,a2q23earningspr.htm,https://www.sec.gov/Archives/edgar/data/1059556/000105955623000046/a2q23earningspr.htm,e56ac807ad769ceccd95ab5d60c6bd80175bbeb54dc4ca04727dc7e1aefb8d5f,MARGIN,FY2023,NON_GAAP,NOT_APPLICABLE,PERCENT,30,31,30.5,CURRENT_GUIDANCE_RANGE,AS_REPORTED,HTML_TABLE_GRID,0,CURRENT_CANDIDATE,CURRENT_GUIDANCE_RANGE,41,17,3,MA Adjusted Operating Margin | MA Adjusted Operating Margin | MA Adjusted Operating Margin,"Full Year 2023 Moody's Corporation Guidance as of July 25, 2023 | Current guidance | Increase in the high-single-digitpercent range | Increase in the mid-single-digitpercent range | Approximately 37% | 44% to 45% | $260 to $280 million | 16% to 18% | $8.70 to $9.20 | $9.75 to $10.25 | $1.9 to $2.1 billion | $1.6 to $1.8 billion | Approximately $500 million (subject to available cash, market conditions, M&A opportunities, and other ongoing capital allocation decisions) | Increase of approximately",| MA Adjusted Operating Margin | MA Adjusted Operating Margin | MA Adjusted Operating Margin | 30% to 31% | 30% to 31% | 30% to 31% | Approximately 31% | Approximately 31% | Approximately 31%,V8_FIVE_RELATION_CORRECTED_NOT_SOURCE_REVIEWED,,,09ac55a8ca5527de5ad7e89595354d187740f3a4f623e8e4aeae6963e8f1cd53
MCO,0001059556,0001059556-23-000046,2023-07-25T10:58:11.000Z,a2q23earningspr.htm,https://www.sec.gov/Archives/edgar/data/1059556/000105955623000046/a2q23earningspr.htm,e56ac807ad769ceccd95ab5d60c6bd80175bbeb54dc4ca04727dc7e1aefb8d5f,MARGIN,FY2023,NON_GAAP,NOT_APPLICABLE,PERCENT,55,56,55.5,CURRENT_GUIDANCE_RANGE,AS_REPORTED,HTML_TABLE_GRID,0,CURRENT_CANDIDATE,CURRENT_GUIDANCE_RANGE,41,20,3,MIS Adjusted Operating Margin | MIS Adjusted Operating Margin | MIS Adjusted Operating Margin,"Full Year 2023 Moody's Corporation Guidance as of July 25, 2023 | Current guidance | Increase in the high-single-digitpercent range | Increase in the mid-single-digitpercent range | Approximately 37% | 44% to 45% | $260 to $280 million | 16% to 18% | $8.70 to $9.20 | $9.75 to $10.25 | $1.9 to $2.1 billion | $1.6 to $1.8 billion | Approximately $500 million (subject to available cash, market conditions, M&A opportunities, and other ongoing capital allocation decisions) | Increase of approximately",| MIS Adjusted Operating Margin | MIS Adjusted Operating Margin | MIS Adjusted Operating Margin | 55% to 56% | 55% to 56% | 55% to 56% | Mid-50s percent range | Mid-50s percent range | Mid-50s percent range,V8_FIVE_RELATION_CORRECTED_NOT_SOURCE_REVIEWED,,,09ac55a8ca5527de5ad7e89595354d187740f3a4f623e8e4aeae6963e8f1cd53
HST,0001070750,0000950170-23-037240,2023-08-02T20:32:55.000Z,hst-ex99_1.htm,https://www.sec.gov/Archives/edgar/data/1070750/000095017023037240/hst-ex99_1.htm,f90b83a08dae968ebfe6ce82f36f3336d67e1f5fca4b76d35357285b5b2a8981,MARGIN,FY2023,UNSPECIFIED,NOT_APPLICABLE,PERCENT,29.7,30.1,29.9,CURRENT_GUIDANCE_RANGE,AS_REPORTED,HTML_TABLE_GRID,0,CURRENT_CANDIDATE,CURRENT_GUIDANCE_RANGE,7,6,1,Comparable hotel EBITDA margin,"Current Full Year 2023 Guidance | $341 to $347 | $210 to $214 | $5,246 to $5,338 | 14.1% to 14.8%","PAGE 3 OF 22 | HOST HOTELS & RESORTS, INC. NEWS RELEASE August 2, 2023 | The Company anticipates its 2023 operating results as compared to 2022 will be in the following range: | Comparable hotel EBITDA margin | 29.7% to 30.1% | | (210) bps to (170) bps | | (200) bps to (130) bps | | (30) bps",V8_FIVE_RELATION_CORRECTED_NOT_SOURCE_REVIEWED,,,96246befd2effdb463e36daa53a63b8db82bbd7c8e1b9181d1f3d426d0099f24
ALB,0000915913,0000915913-23-000164,2023-08-02T20:35:22.000Z,a2q23earningsreleaseex991.htm,https://www.sec.gov/Archives/edgar/data/915913/000091591323000164/a2q23earningsreleaseex991.htm,df3d4dcf672537702f943f4dc3a7987fc3c12ca35308257f376ba564ee8557bd,REVENUE,FY2023,UNSPECIFIED,NOT_APPLICABLE,USD,10400000000,11500000000,10950000000,CURRENT_GUIDANCE_RANGE,AS_REPORTED,HTML_TABLE_GRID,0,CURRENT_CANDIDATE,CURRENT_GUIDANCE_RANGE,2,2,9,Net sales | Net sales | Net sales,"FY 2023 Guidance as of August 2, 2023",| Net sales | Net sales | Net sales | $9.8 - $11.5 billion | $9.8 - $11.5 billion | $9.8 - $11.5 billion | | | | $10.4 - $11.5 billion | $10.4 - $11.5 billion | $10.4 - $11.5 billion,V8_FIVE_RELATION_CORRECTED_NOT_SOURCE_REVIEWED,,,be390b4f3aca522ae1a63c916ce1788af9e624dce013952098a8b745f34fc6e1
ALB,0000915913,0000915913-23-000164,2023-08-02T20:35:22.000Z,a2q23earningsreleaseex991.htm,https://www.sec.gov/Archives/edgar/data/915913/000091591323000164/a2q23earningsreleaseex991.htm,df3d4dcf672537702f943f4dc3a7987fc3c12ca35308257f376ba564ee8557bd,MARGIN,FY2023,NON_GAAP,NOT_APPLICABLE,PERCENT,37,38,37.5,CURRENT_GUIDANCE_RANGE,AS_REPORTED,HTML_TABLE_GRID,0,CURRENT_CANDIDATE,CURRENT_GUIDANCE_RANGE,2,4,9,Adjusted EBITDA Margin(a) | Adjusted EBITDA Margin(a) | Adjusted EBITDA Margin(a),"FY 2023 Guidance as of August 2, 2023 | $10.4 - $11.5 billion | $3.8 - $4.4 billion",| Adjusted EBITDA Margin(a) | Adjusted EBITDA Margin(a) | Adjusted EBITDA Margin(a) | 34% - 35% | 34% - 35% | 34% - 35% | | | | 37% - 38% | 37% - 38% | 37% - 38%,V8_FIVE_RELATION_CORRECTED_NOT_SOURCE_REVIEWED,,,d1422c6c870bfd670a5b6e6843e8515343bce2f74aef89288ff268fa52f21667
ALB,0000915913,0000915913-23-000164,2023-08-02T20:35:22.000Z,a2q23earningsreleaseex991.htm,https://www.sec.gov/Archives/edgar/data/915913/000091591323000164/a2q23earningsreleaseex991.htm,df3d4dcf672537702f943f4dc3a7987fc3c12ca35308257f376ba564ee8557bd,EPS,FY2023,NON_GAAP,NOT_APPLICABLE,USD_PER_SHARE,25,29.5,27.25,CURRENT_GUIDANCE_RANGE,AS_REPORTED,HTML_TABLE_GRID,0,CURRENT_CANDIDATE,CURRENT_GUIDANCE_RANGE,2,5,9,Adjusted Diluted EPS(a) | Adjusted Diluted EPS(a) | Adjusted Diluted EPS(a),"FY 2023 Guidance as of August 2, 2023 | $10.4 - $11.5 billion | $3.8 - $4.4 billion | 37% - 38%",| Adjusted Diluted EPS(a) | Adjusted Diluted EPS(a) | Adjusted Diluted EPS(a) | $20.75 - $25.75 | $20.75 - $25.75 | $20.75 - $25.75 | | | | $25.00 - $29.50 | $25.00 - $29.50 | $25.00 - $29.50,V8_FIVE_RELATION_CORRECTED_NOT_SOURCE_REVIEWED,,,45451250e67650aa7e9d80338d69b8a694eda3339636968e04f639212e9d8598
ALB,0000915913,0000915913-23-000164,2023-08-02T20:35:22.000Z,a2q23earningsreleaseex991.htm,https://www.sec.gov/Archives/edgar/data/915913/000091591323000164/a2q23earningsreleaseex991.htm,df3d4dcf672537702f943f4dc3a7987fc3c12ca35308257f376ba564ee8557bd,CAPEX,FY2023,NOT_APPLICABLE,NOT_APPLICABLE,USD,1900000000,2100000000,2000000000,CURRENT_GUIDANCE_RANGE,AS_REPORTED,HTML_TABLE_GRID,0,CURRENT_CANDIDATE,CURRENT_GUIDANCE_RANGE,2,7,9,Capital Expenditures | Capital Expenditures | Capital Expenditures,"FY 2023 Guidance as of August 2, 2023 | $10.4 - $11.5 billion | $3.8 - $4.4 billion | 37% - 38% | $25.00 - $29.50 | $1.2 - $1.8 billion",| Capital Expenditures | Capital Expenditures | Capital Expenditures | $1.7 - $1.9 billion | $1.7 - $1.9 billion | $1.7 - $1.9 billion | | | | $1.9 - $2.1 billion | $1.9 - $2.1 billion | $1.9 - $2.1 billion,V8_FIVE_RELATION_CORRECTED_NOT_SOURCE_REVIEWED,,,5f3b71bbab5f543283a6c9e1ad69071ce3e80526a420fea112d4505011af9244
CDNS,0000813672,0000813672-23-000067,2023-10-23T20:05:55.000Z,cfocommentary10232023ex9902.htm,https://www.sec.gov/Archives/edgar/data/813672/000081367223000067/cfocommentary10232023ex9902.htm,421527364fc8fa7e393ebba35ea60bbbb6acb6a363b83ba8b9d30f0553ed5711,MARGIN,FY2023,GAAP,NOT_APPLICABLE,PERCENT,30.5,31,30.75,CURRENT_GUIDANCE_RANGE,AS_REPORTED,HTML_TABLE_GRID,0,CURRENT_CANDIDATE,CURRENT_GUIDANCE_RANGE,8,16,18,GAAP Operating Margin | GAAP Operating Margin | GAAP Operating Margin | 30.1% | 30.1% | 30.1%,"Current | FY 2023E | ~85% | $4,060 - $4,100 | 14% - 15% | ~75%",Fiscal Year 2023 Financial Outlook | GAAP Operating Margin | GAAP Operating Margin | GAAP Operating Margin | 30.1% | 30.1% | 30.1% | | | | 30.2% - 31.2% | 30.2% - 31.2% | 30.2% - 31.2% | | | | | | | 30.5% - 31.0% | 30.5% - 31.0% | 30.5% - 31.0% | | |,V8_FIVE_RELATION_CORRECTED_NOT_SOURCE_REVIEWED,,,0bbdbc4cfb47dba8ed151730f8221b587d6fea868fa748cca6d3c61456634bef
CDNS,0000813672,0000813672-23-000067,2023-10-23T20:05:55.000Z,cfocommentary10232023ex9902.htm,https://www.sec.gov/Archives/edgar/data/813672/000081367223000067/cfocommentary10232023ex9902.htm,421527364fc8fa7e393ebba35ea60bbbb6acb6a363b83ba8b9d30f0553ed5711,MARGIN,FY2023,NON_GAAP,NOT_APPLICABLE,PERCENT,41.5,42,41.75,CURRENT_GUIDANCE_RANGE,AS_REPORTED,HTML_TABLE_GRID,0,CURRENT_CANDIDATE,CURRENT_GUIDANCE_RANGE,8,18,18,Non-GAAP Operating Margin | Non-GAAP Operating Margin | Non-GAAP Operating Margin | 40.3% | 40.3% | 40.3%,"Current | FY 2023E | ~85% | $4,060 - $4,100 | 14% - 15% | ~75% | 30.5% - 31.0%",Fiscal Year 2023 Financial Outlook | Non-GAAP Operating Margin | Non-GAAP Operating Margin | Non-GAAP Operating Margin | 40.3% | 40.3% | 40.3% | | | | 41.2% - 42.2% | 41.2% - 42.2% | 41.2% - 42.2% | | | | | | | 41.5% - 42.0% | 41.5% - 42.0% | 41.5% - 42.0% | | |,V8_FIVE_RELATION_CORRECTED_NOT_SOURCE_REVIEWED,,,0bbdbc4cfb47dba8ed151730f8221b587d6fea868fa748cca6d3c61456634bef
CDNS,0000813672,0000813672-23-000067,2023-10-23T20:05:55.000Z,cfocommentary10232023ex9902.htm,https://www.sec.gov/Archives/edgar/data/813672/000081367223000067/cfocommentary10232023ex9902.htm,421527364fc8fa7e393ebba35ea60bbbb6acb6a363b83ba8b9d30f0553ed5711,EPS,FY2023,GAAP,NOT_APPLICABLE,USD_PER_SHARE,3.48,3.54,3.51,CURRENT_GUIDANCE_RANGE,AS_REPORTED,HTML_TABLE_GRID,0,CURRENT_CANDIDATE,CURRENT_GUIDANCE_RANGE,8,30,18,GAAP EPS | GAAP EPS | GAAP EPS | $ | 3.09,"Current | FY 2023E | ~85% | $4,060 - $4,100 | 14% - 15% | ~75% | 30.5% - 31.0% | 41.5% - 42.0% | $0 - $3 | $(15) - $(18) | ~23% | 17.5% | 272.2 - 273.2",Fiscal Year 2023 Financial Outlook | GAAP EPS | GAAP EPS | GAAP EPS | $ | 3.09 | | | | | $3.35 - $3.41 | $3.35 - $3.41 | $3.35 - $3.41 | | | | | | | $3.48 - $3.54 | $3.48 - $3.54 | $3.48 - $3.54 | | |,V8_FIVE_RELATION_CORRECTED_NOT_SOURCE_REVIEWED,,,922a2e43b19f7a86abe91ab6b0b05350a4b35855123134423534cafbe8f41104
CDNS,0000813672,0000813672-23-000067,2023-10-23T20:05:55.000Z,cfocommentary10232023ex9902.htm,https://www.sec.gov/Archives/edgar/data/813672/000081367223000067/cfocommentary10232023ex9902.htm,421527364fc8fa7e393ebba35ea60bbbb6acb6a363b83ba8b9d30f0553ed5711,EPS,FY2023,GAAP,NOT_APPLICABLE,USD_PER_SHARE,5.07,5.13,5.1,CURRENT_GUIDANCE_RANGE,AS_REPORTED,HTML_TABLE_GRID,0,CURRENT_CANDIDATE,CURRENT_GUIDANCE_RANGE,8,33,18,Non-GAAP EPS | Non-GAAP EPS | Non-GAAP EPS | $ | 4.27,"Current | FY 2023E | ~85% | $4,060 - $4,100 | 14% - 15% | ~75% | 30.5% - 31.0% | 41.5% - 42.0% | $0 - $3 | $(15) - $(18) | ~23% | 17.5% | 272.2 - 273.2 | $3.48 - $3.54 | 13% - 15%",Fiscal Year 2023 Financial Outlook | Non-GAAP EPS | Non-GAAP EPS | Non-GAAP EPS | $ | 4.27 | | | | | $5.05 - $5.11 | $5.05 - $5.11 | $5.05 - $5.11 | | | | | | | $5.07 - $5.13 | $5.07 - $5.13 | $5.07 - $5.13 | | |,V8_FIVE_RELATION_CORRECTED_NOT_SOURCE_REVIEWED,,,922a2e43b19f7a86abe91ab6b0b05350a4b35855123134423534cafbe8f41104
MCO,0001059556,0001059556-23-000097,2023-10-25T10:51:20.000Z,a3q23earningsrelease.htm,https://www.sec.gov/Archives/edgar/data/1059556/000105955623000097/a3q23earningsrelease.htm,35744029a00dcf9ff00e57e720cf4d0a2f08ee4c713d69eb4978b02ac23431e9,MARGIN,FY2023,NON_GAAP,NOT_APPLICABLE,PERCENT,44,45,44.5,CURRENT_GUIDANCE_RANGE,AS_REPORTED,HTML_TABLE_GRID,0,CURRENT_CANDIDATE,CURRENT_GUIDANCE_RANGE,41,6,3,Adjusted Operating Margin (1) | Adjusted Operating Margin (1) | Adjusted Operating Margin (1),"Full Year 2023 Moody's Corporation Guidance as of October 25, 2023 | Current guidance | Increase in the high-single-digitpercent range | Increase in the mid-single-digitpercent range | Approximately 37%",| Adjusted Operating Margin (1) | Adjusted Operating Margin (1) | Adjusted Operating Margin (1) | 44% to 45% | 44% to 45% | 44% to 45% | NC | NC | NC,V8_FIVE_RELATION_CORRECTED_NOT_SOURCE_REVIEWED,,,e14b0a8737d20ddf6d47ea0722ca11160a3e61f58876f37ee842459bf975379d
MCO,0001059556,0001059556-23-000097,2023-10-25T10:51:20.000Z,a3q23earningsrelease.htm,https://www.sec.gov/Archives/edgar/data/1059556/000105955623000097/a3q23earningsrelease.htm,35744029a00dcf9ff00e57e720cf4d0a2f08ee4c713d69eb4978b02ac23431e9,EPS,FY2023,UNSPECIFIED,NOT_APPLICABLE,USD_PER_SHARE,8.6,9.1,8.85,CURRENT_GUIDANCE_RANGE,AS_REPORTED,HTML_TABLE_GRID,0,CURRENT_CANDIDATE,CURRENT_GUIDANCE_RANGE,41,9,3,Diluted EPS | Diluted EPS | Diluted EPS,"Full Year 2023 Moody's Corporation Guidance as of October 25, 2023 | Current guidance | Increase in the high-single-digitpercent range | Increase in the mid-single-digitpercent range | Approximately 37% | 44% to 45% | $250 to $260 million | 16% to 18%",| Diluted EPS | Diluted EPS | Diluted EPS | $8.60 to $9.10 | $8.60 to $9.10 | $8.60 to $9.10 | $8.70 to $9.20 | $8.70 to $9.20 | $8.70 to $9.20,V8_FIVE_RELATION_CORRECTED_NOT_SOURCE_REVIEWED,,,2c4a7f2675bc13efb4146575754db5424f2146ab75c6f1317ba6d7c6add34d31
MCO,0001059556,0001059556-23-000097,2023-10-25T10:51:20.000Z,a3q23earningsrelease.htm,https://www.sec.gov/Archives/edgar/data/1059556/000105955623000097/a3q23earningsrelease.htm,35744029a00dcf9ff00e57e720cf4d0a2f08ee4c713d69eb4978b02ac23431e9,EPS,FY2023,NON_GAAP,NOT_APPLICABLE,USD_PER_SHARE,9.75,10.25,10,CURRENT_GUIDANCE_RANGE,AS_REPORTED,HTML_TABLE_GRID,0,CURRENT_CANDIDATE,CURRENT_GUIDANCE_RANGE,41,10,3,Adjusted Diluted EPS (1) | Adjusted Diluted EPS (1) | Adjusted Diluted EPS (1),"Full Year 2023 Moody's Corporation Guidance as of October 25, 2023 | Current guidance | Increase in the high-single-digitpercent range | Increase in the mid-single-digitpercent range | Approximately 37% | 44% to 45% | $250 to $260 million | 16% to 18% | $8.60 to $9.10",| Adjusted Diluted EPS (1) | Adjusted Diluted EPS (1) | Adjusted Diluted EPS (1) | $9.75 to $10.25 | $9.75 to $10.25 | $9.75 to $10.25 | NC | NC | NC,V8_FIVE_RELATION_CORRECTED_NOT_SOURCE_REVIEWED,,,2c4a7f2675bc13efb4146575754db5424f2146ab75c6f1317ba6d7c6add34d31
MCO,0001059556,0001059556-23-000097,2023-10-25T10:51:20.000Z,a3q23earningsrelease.htm,https://www.sec.gov/Archives/edgar/data/1059556/000105955623000097/a3q23earningsrelease.htm,35744029a00dcf9ff00e57e720cf4d0a2f08ee4c713d69eb4978b02ac23431e9,MARGIN,FY2023,NON_GAAP,NOT_APPLICABLE,PERCENT,30,31,30.5,CURRENT_GUIDANCE_RANGE,AS_REPORTED,HTML_TABLE_GRID,0,CURRENT_CANDIDATE,CURRENT_GUIDANCE_RANGE,41,17,3,MA Adjusted Operating Margin | MA Adjusted Operating Margin | MA Adjusted Operating Margin,"Full Year 2023 Moody's Corporation Guidance as of October 25, 2023 | Current guidance | Increase in the high-single-digitpercent range | Increase in the mid-single-digitpercent range | Approximately 37% | 44% to 45% | $250 to $260 million | 16% to 18% | $8.60 to $9.10 | $9.75 to $10.25 | Approximately $2.1 billion | Approximately $1.8 billion | Approximately $500 million (subject to available cash, market conditions, M&A opportunities, and other ongoing capital allocation decisions) | Increase o",| MA Adjusted Operating Margin | MA Adjusted Operating Margin | MA Adjusted Operating Margin | 30% to 31% | 30% to 31% | 30% to 31% | NC | NC | NC,V8_FIVE_RELATION_CORRECTED_NOT_SOURCE_REVIEWED,,,e14b0a8737d20ddf6d47ea0722ca11160a3e61f58876f37ee842459bf975379d
CDNS,0000813672,0000813672-24-000083,2024-04-22T20:02:59.000Z,cfocommentary04222024ex9902.htm,https://www.sec.gov/Archives/edgar/data/813672/000081367224000083/cfocommentary04222024ex9902.htm,b0024555ecf6a98a1fdba503194ebbf3075098d6b5d774f1e8e42b4521375d73,MARGIN,FY2024,GAAP,NOT_APPLICABLE,PERCENT,31,32,31.5,CURRENT_GUIDANCE_RANGE,AS_REPORTED,HTML_TABLE_GRID,0,CURRENT_CANDIDATE,CURRENT_GUIDANCE_RANGE,8,16,18,GAAP Operating Margin | GAAP Operating Margin | GAAP Operating Margin | 30.6% | 30.6% | 30.6%,"Current | FY 2024E | 80% - 85% | $4,560 - $4,620 | 11% - 13% | ~70%",Fiscal Year 2024 Financial Outlook | GAAP Operating Margin | GAAP Operating Margin | GAAP Operating Margin | 30.6% | 30.6% | 30.6% | | | | 32% - 33% | 32% - 33% | 32% - 33% | | | | | | | 31% - 32% | 31% - 32% | 31% - 32% | | |,V8_FIVE_RELATION_CORRECTED_NOT_SOURCE_REVIEWED,,,f86b84007d1e6547127970752bb3105679728982a80a9e2ad445eded5db81ccc
CDNS,0000813672,0000813672-24-000083,2024-04-22T20:02:59.000Z,cfocommentary04222024ex9902.htm,https://www.sec.gov/Archives/edgar/data/813672/000081367224000083/cfocommentary04222024ex9902.htm,b0024555ecf6a98a1fdba503194ebbf3075098d6b5d774f1e8e42b4521375d73,MARGIN,FY2024,NON_GAAP,NOT_APPLICABLE,PERCENT,42,43,42.5,CURRENT_GUIDANCE_RANGE,AS_REPORTED,HTML_TABLE_GRID,0,CURRENT_CANDIDATE,CURRENT_GUIDANCE_RANGE,8,18,18,Non-GAAP Operating Margin | Non-GAAP Operating Margin | Non-GAAP Operating Margin | 42.0% | 42.0% | 42.0%,"Current | FY 2024E | 80% - 85% | $4,560 - $4,620 | 11% - 13% | ~70% | 31% - 32%",Fiscal Year 2024 Financial Outlook | Non-GAAP Operating Margin | Non-GAAP Operating Margin | Non-GAAP Operating Margin | 42.0% | 42.0% | 42.0% | | | | 42% - 43% | 42% - 43% | 42% - 43% | | | | | | | 42% - 43% | 42% - 43% | 42% - 43% | | |,V8_FIVE_RELATION_CORRECTED_NOT_SOURCE_REVIEWED,,,f86b84007d1e6547127970752bb3105679728982a80a9e2ad445eded5db81ccc
CDNS,0000813672,0000813672-24-000083,2024-04-22T20:02:59.000Z,cfocommentary04222024ex9902.htm,https://www.sec.gov/Archives/edgar/data/813672/000081367224000083/cfocommentary04222024ex9902.htm,b0024555ecf6a98a1fdba503194ebbf3075098d6b5d774f1e8e42b4521375d73,EPS,FY2024,GAAP,NOT_APPLICABLE,USD_PER_SHARE,4.04,4.14,4.09,CURRENT_GUIDANCE_RANGE,AS_REPORTED,HTML_TABLE_GRID,0,CURRENT_CANDIDATE,CURRENT_GUIDANCE_RANGE,8,30,18,GAAP EPS | GAAP EPS | GAAP EPS | $ | 3.82,"Current | FY 2024E | 80% - 85% | $4,560 - $4,620 | 11% - 13% | ~70% | 31% - 32% | 42% - 43% | $49 - $55 | $(5) - $(11) | ~25% | 16.5% | 272.5 - 274.5",Fiscal Year 2024 Financial Outlook | GAAP EPS | GAAP EPS | GAAP EPS | $ | 3.82 | | | | | $4.08 - $4.18 | $4.08 - $4.18 | $4.08 - $4.18 | | | | | | | $4.04 - $4.14 | $4.04 - $4.14 | $4.04 - $4.14 | | |,V8_FIVE_RELATION_CORRECTED_NOT_SOURCE_REVIEWED,,,cf09173ae70cf74bf51d9449b31249d2f19df36401fb7086763f8e3bc51bbcef
CDNS,0000813672,0000813672-24-000083,2024-04-22T20:02:59.000Z,cfocommentary04222024ex9902.htm,https://www.sec.gov/Archives/edgar/data/813672/000081367224000083/cfocommentary04222024ex9902.htm,b0024555ecf6a98a1fdba503194ebbf3075098d6b5d774f1e8e42b4521375d73,EPS,FY2024,GAAP,NOT_APPLICABLE,USD_PER_SHARE,5.88,5.98,5.93,CURRENT_GUIDANCE_RANGE,AS_REPORTED,HTML_TABLE_GRID,0,CURRENT_CANDIDATE,CURRENT_GUIDANCE_RANGE,8,33,18,Non-GAAP EPS | Non-GAAP EPS | Non-GAAP EPS | $ | 5.15,"Current | FY 2024E | 80% - 85% | $4,560 - $4,620 | 11% - 13% | ~70% | 31% - 32% | 42% - 43% | $49 - $55 | $(5) - $(11) | ~25% | 16.5% | 272.5 - 274.5 | $4.04 - $4.14 | 6% - 8%",Fiscal Year 2024 Financial Outlook | Non-GAAP EPS | Non-GAAP EPS | Non-GAAP EPS | $ | 5.15 | | | | | $5.87 - $5.97 | $5.87 - $5.97 | $5.87 - $5.97 | | | | | | | $5.88 - $5.98 | $5.88 - $5.98 | $5.88 - $5.98 | | |,V8_FIVE_RELATION_CORRECTED_NOT_SOURCE_REVIEWED,,,cf09173ae70cf74bf51d9449b31249d2f19df36401fb7086763f8e3bc51bbcef
EIX,0000827052,0000827052-24-000034,2024-04-30T20:08:35.000Z,eix-20240430xex99d2.htm,https://www.sec.gov/Archives/edgar/data/827052/000082705224000034/eix-20240430xex99d2.htm,2fd62d0237b15f471ba7743ff9f13aea22d33951e9f4f4ea2bb69848b287c4af,EPS,FY2024,NON_GAAP,NOT_APPLICABLE,USD_PER_SHARE,4.7,5.05,4.875,CURRENT_GUIDANCE_RANGE,AS_REPORTED,NARRATIVE_CLAUSE,169,CURRENT_CANDIDATE,CURRENT_GUIDANCE_RANGE,,,,,,"Edison International’s core EPS for first quarter 2024 was $1.13. We are pleased with our start to the year and are confident in affirming our 2024 core EPS guidance of $4.70 to $5.05. We also remain confident in delivering on our long-term EPS growth targets of 5 to 7% for 2021 through 2025, and 2025 through 2028. Our conviction remains grounded in the drivers that continue to support our outlook.",V8_FIVE_RELATION_CORRECTED_NOT_SOURCE_REVIEWED,/html/body/document/type/sequence/filename/description/text/div[2]/div[2]/p[6],HTML_P,32da5f5ceb7121d6e204e0f3c5a562b60ec2f4c7ea3848df15b8eb309b88c94b
MCO,0001059556,0001059556-24-000087,2024-05-02T11:00:11.000Z,a1q24earningsrelease.htm,https://www.sec.gov/Archives/edgar/data/1059556/000105955624000087/a1q24earningsrelease.htm,4bff169dfb09306f47e2000c0a8c72dd61af8e405983fecaee5c660b3bb106f5,MARGIN,FY2024,UNSPECIFIED,NOT_APPLICABLE,PERCENT,37,39,38,CURRENT_GUIDANCE_RANGE,AS_REPORTED,HTML_TABLE_GRID,0,CURRENT_CANDIDATE,CURRENT_GUIDANCE_RANGE,41,5,3,Operating Margin | Operating Margin | Operating Margin,"Full Year 2024 Moody's Corporation Guidance as of May 2, 2024 | Current Guidance | Increase in the high-single-digit to low-double-digit percent range | Increase in the mid-to-high-single-digit percent range",| Operating Margin | Operating Margin | Operating Margin | 37% to 39% | 37% to 39% | 37% to 39% | NC | NC | NC,V8_FIVE_RELATION_CORRECTED_NOT_SOURCE_REVIEWED,,,101fa6fb100b03a6c53bf3a480c2c97917f3ad8e7818aa28c0a428c5d7b4e073
MCO,0001059556,0001059556-24-000087,2024-05-02T11:00:11.000Z,a1q24earningsrelease.htm,https://www.sec.gov/Archives/edgar/data/1059556/000105955624000087/a1q24earningsrelease.htm,4bff169dfb09306f47e2000c0a8c72dd61af8e405983fecaee5c660b3bb106f5,MARGIN,FY2024,NON_GAAP,NOT_APPLICABLE,PERCENT,44,46,45,CURRENT_GUIDANCE_RANGE,AS_REPORTED,HTML_TABLE_GRID,0,CURRENT_CANDIDATE,CURRENT_GUIDANCE_RANGE,41,6,3,Adjusted Operating Margin (1) | Adjusted Operating Margin (1) | Adjusted Operating Margin (1),"Full Year 2024 Moody's Corporation Guidance as of May 2, 2024 | Current Guidance | Increase in the high-single-digit to low-double-digit percent range | Increase in the mid-to-high-single-digit percent range | 37% to 39%",| Adjusted Operating Margin (1) | Adjusted Operating Margin (1) | Adjusted Operating Margin (1) | 44% to 46% | 44% to 46% | 44% to 46% | NC | NC | NC,V8_FIVE_RELATION_CORRECTED_NOT_SOURCE_REVIEWED,,,101fa6fb100b03a6c53bf3a480c2c97917f3ad8e7818aa28c0a428c5d7b4e073
MCO,0001059556,0001059556-24-000087,2024-05-02T11:00:11.000Z,a1q24earningsrelease.htm,https://www.sec.gov/Archives/edgar/data/1059556/000105955624000087/a1q24earningsrelease.htm,4bff169dfb09306f47e2000c0a8c72dd61af8e405983fecaee5c660b3bb106f5,EPS,FY2024,UNSPECIFIED,NOT_APPLICABLE,USD_PER_SHARE,9.55,10.15,9.85,CURRENT_GUIDANCE_RANGE,AS_REPORTED,HTML_TABLE_GRID,0,CURRENT_CANDIDATE,CURRENT_GUIDANCE_RANGE,41,9,3,Diluted EPS | Diluted EPS | Diluted EPS,"Full Year 2024 Moody's Corporation Guidance as of May 2, 2024 | Current Guidance | Increase in the high-single-digit to low-double-digit percent range | Increase in the mid-to-high-single-digit percent range | 37% to 39% | 44% to 46% | $240 - $260 million | 22% to 24%",| Diluted EPS | Diluted EPS | Diluted EPS | $9.55 to $10.15 | $9.55 to $10.15 | $9.55 to $10.15 | $9.45 to $10.20 | $9.45 to $10.20 | $9.45 to $10.20,V8_FIVE_RELATION_CORRECTED_NOT_SOURCE_REVIEWED,,,70caba1cd02b7d440c55af043f157147c0a82306f6f0212b2abde89a6579f025
MCO,0001059556,0001059556-24-000087,2024-05-02T11:00:11.000Z,a1q24earningsrelease.htm,https://www.sec.gov/Archives/edgar/data/1059556/000105955624000087/a1q24earningsrelease.htm,4bff169dfb09306f47e2000c0a8c72dd61af8e405983fecaee5c660b3bb106f5,EPS,FY2024,NON_GAAP,NOT_APPLICABLE,USD_PER_SHARE,10.4,11,10.7,CURRENT_GUIDANCE_RANGE,AS_REPORTED,HTML_TABLE_GRID,0,CURRENT_CANDIDATE,CURRENT_GUIDANCE_RANGE,41,10,3,Adjusted Diluted EPS (1) | Adjusted Diluted EPS (1) | Adjusted Diluted EPS (1),"Full Year 2024 Moody's Corporation Guidance as of May 2, 2024 | Current Guidance | Increase in the high-single-digit to low-double-digit percent range | Increase in the mid-to-high-single-digit percent range | 37% to 39% | 44% to 46% | $240 - $260 million | 22% to 24% | $9.55 to $10.15",| Adjusted Diluted EPS (1) | Adjusted Diluted EPS (1) | Adjusted Diluted EPS (1) | $10.40 to $11.00 | $10.40 to $11.00 | $10.40 to $11.00 | $10.25 to $11.00 | $10.25 to $11.00 | $10.25 to $11.00,V8_FIVE_RELATION_CORRECTED_NOT_SOURCE_REVIEWED,,,70caba1cd02b7d440c55af043f157147c0a82306f6f0212b2abde89a6579f025
MCO,0001059556,0001059556-24-000087,2024-05-02T11:00:11.000Z,a1q24earningsrelease.htm,https://www.sec.gov/Archives/edgar/data/1059556/000105955624000087/a1q24earningsrelease.htm,4bff169dfb09306f47e2000c0a8c72dd61af8e405983fecaee5c660b3bb106f5,FREE_CASH_FLOW,FY2024,NON_GAAP,NOT_APPLICABLE,USD,1900000000,2100000000,2000000000,CURRENT_GUIDANCE_RANGE,AS_REPORTED,HTML_TABLE_GRID,0,CURRENT_CANDIDATE,CURRENT_GUIDANCE_RANGE,41,12,3,Free Cash Flow (1) | Free Cash Flow (1) | Free Cash Flow (1),"Full Year 2024 Moody's Corporation Guidance as of May 2, 2024 | Current Guidance | Increase in the high-single-digit to low-double-digit percent range | Increase in the mid-to-high-single-digit percent range | 37% to 39% | 44% to 46% | $240 - $260 million | 22% to 24% | $9.55 to $10.15 | $10.40 to $11.00 | $2.3 to $2.5 billion",| Free Cash Flow (1) | Free Cash Flow (1) | Free Cash Flow (1) | $1.9 to $2.1 billion | $1.9 to $2.1 billion | $1.9 to $2.1 billion | NC | NC | NC,V8_FIVE_RELATION_CORRECTED_NOT_SOURCE_REVIEWED,,,9347dbd549f34f38bb10bda3e4d0835a077b5ffaa12107c657b03badf0c02838
MCO,0001059556,0001059556-24-000087,2024-05-02T11:00:11.000Z,a1q24earningsrelease.htm,https://www.sec.gov/Archives/edgar/data/1059556/000105955624000087/a1q24earningsrelease.htm,4bff169dfb09306f47e2000c0a8c72dd61af8e405983fecaee5c660b3bb106f5,MARGIN,FY2024,NON_GAAP,NOT_APPLICABLE,PERCENT,30,31,30.5,CURRENT_GUIDANCE_RANGE,AS_REPORTED,HTML_TABLE_GRID,0,CURRENT_CANDIDATE,CURRENT_GUIDANCE_RANGE,41,17,3,MA Adjusted Operating Margin | MA Adjusted Operating Margin | MA Adjusted Operating Margin,"Full Year 2024 Moody's Corporation Guidance as of May 2, 2024 | Current Guidance | Increase in the high-single-digit to low-double-digit percent range | Increase in the mid-to-high-single-digit percent range | 37% to 39% | 44% to 46% | $240 - $260 million | 22% to 24% | $9.55 to $10.15 | $10.40 to $11.00 | $2.3 to $2.5 billion | $1.9 to $2.1 billion | Approximately $1.0 billion (subject to available cash, market conditions, M&A opportunities, and other ongoing capital allocation decisions) | Inc",| MA Adjusted Operating Margin | MA Adjusted Operating Margin | MA Adjusted Operating Margin | 30% to 31% | 30% to 31% | 30% to 31% | NC | NC | NC,V8_FIVE_RELATION_CORRECTED_NOT_SOURCE_REVIEWED,,,101fa6fb100b03a6c53bf3a480c2c97917f3ad8e7818aa28c0a428c5d7b4e073
MCO,0001059556,0001059556-24-000087,2024-05-02T11:00:11.000Z,a1q24earningsrelease.htm,https://www.sec.gov/Archives/edgar/data/1059556/000105955624000087/a1q24earningsrelease.htm,4bff169dfb09306f47e2000c0a8c72dd61af8e405983fecaee5c660b3bb106f5,MARGIN,FY2024,NON_GAAP,NOT_APPLICABLE,PERCENT,56,58,57,CURRENT_GUIDANCE_RANGE,AS_REPORTED,HTML_TABLE_GRID,0,CURRENT_CANDIDATE,CURRENT_GUIDANCE_RANGE,41,20,3,MIS Adjusted Operating Margin | MIS Adjusted Operating Margin | MIS Adjusted Operating Margin,"Full Year 2024 Moody's Corporation Guidance as of May 2, 2024 | Current Guidance | Increase in the high-single-digit to low-double-digit percent range | Increase in the mid-to-high-single-digit percent range | 37% to 39% | 44% to 46% | $240 - $260 million | 22% to 24% | $9.55 to $10.15 | $10.40 to $11.00 | $2.3 to $2.5 billion | $1.9 to $2.1 billion | Approximately $1.0 billion (subject to available cash, market conditions, M&A opportunities, and other ongoing capital allocation decisions) | Inc",| MIS Adjusted Operating Margin | MIS Adjusted Operating Margin | MIS Adjusted Operating Margin | 56% to 58% | 56% to 58% | 56% to 58% | 55.5% to 57.5% | 55.5% to 57.5% | 55.5% to 57.5%,V8_FIVE_RELATION_CORRECTED_NOT_SOURCE_REVIEWED,,,101fa6fb100b03a6c53bf3a480c2c97917f3ad8e7818aa28c0a428c5d7b4e073
CDNS,0000813672,0000813672-24-000150,2024-07-22T20:04:10.000Z,cfocommentary07222024ex9902.htm,https://www.sec.gov/Archives/edgar/data/813672/000081367224000150/cfocommentary07222024ex9902.htm,a18e4065b75d7e0c101c12eccbc44333c0368ecb30c7197f82b58d7d1c1a5aee,MARGIN,FY2024,GAAP,NOT_APPLICABLE,PERCENT,29.7,31.3,30.5,CURRENT_GUIDANCE_RANGE,AS_REPORTED,HTML_TABLE_GRID,0,CURRENT_CANDIDATE,CURRENT_GUIDANCE_RANGE,8,16,18,GAAP Operating Margin | GAAP Operating Margin | GAAP Operating Margin | 30.6% | 30.6% | 30.6%,"Current | FY 2024E | 80% - 85% | $4,600 - $4,660 | 12% - 14% | ~70%",Fiscal Year 2024 Financial Outlook | GAAP Operating Margin | GAAP Operating Margin | GAAP Operating Margin | 30.6% | 30.6% | 30.6% | | | | 31% - 32% | 31% - 32% | 31% - 32% | | | | | | | 29.7% - 31.3% | 29.7% - 31.3% | 29.7% - 31.3% | | |,V8_FIVE_RELATION_CORRECTED_NOT_SOURCE_REVIEWED,,,2b152d9210ea79dd5580ff756449e2c83991cbd624d99b7d9b4a6fc2684e4b3a
CDNS,0000813672,0000813672-24-000150,2024-07-22T20:04:10.000Z,cfocommentary07222024ex9902.htm,https://www.sec.gov/Archives/edgar/data/813672/000081367224000150/cfocommentary07222024ex9902.htm,a18e4065b75d7e0c101c12eccbc44333c0368ecb30c7197f82b58d7d1c1a5aee,MARGIN,FY2024,NON_GAAP,NOT_APPLICABLE,PERCENT,41.7,43.3,42.5,CURRENT_GUIDANCE_RANGE,AS_REPORTED,HTML_TABLE_GRID,0,CURRENT_CANDIDATE,CURRENT_GUIDANCE_RANGE,8,18,18,Non-GAAP Operating Margin | Non-GAAP Operating Margin | Non-GAAP Operating Margin | 42.0% | 42.0% | 42.0%,"Current | FY 2024E | 80% - 85% | $4,600 - $4,660 | 12% - 14% | ~70% | 29.7% - 31.3%",Fiscal Year 2024 Financial Outlook | Non-GAAP Operating Margin | Non-GAAP Operating Margin | Non-GAAP Operating Margin | 42.0% | 42.0% | 42.0% | | | | 42% - 43% | 42% - 43% | 42% - 43% | | | | | | | 41.7% - 43.3% | 41.7% - 43.3% | 41.7% - 43.3% | | |,V8_FIVE_RELATION_CORRECTED_NOT_SOURCE_REVIEWED,,,2b152d9210ea79dd5580ff756449e2c83991cbd624d99b7d9b4a6fc2684e4b3a
CDNS,0000813672,0000813672-24-000150,2024-07-22T20:04:10.000Z,cfocommentary07222024ex9902.htm,https://www.sec.gov/Archives/edgar/data/813672/000081367224000150/cfocommentary07222024ex9902.htm,a18e4065b75d7e0c101c12eccbc44333c0368ecb30c7197f82b58d7d1c1a5aee,EPS,FY2024,GAAP,NOT_APPLICABLE,USD_PER_SHARE,3.82,4.02,3.92,CURRENT_GUIDANCE_RANGE,AS_REPORTED,HTML_TABLE_GRID,0,CURRENT_CANDIDATE,CURRENT_GUIDANCE_RANGE,8,30,18,GAAP EPS | GAAP EPS | GAAP EPS | $ | 3.82,"Current | FY 2024E | 80% - 85% | $4,600 - $4,660 | 12% - 14% | ~70% | 29.7% - 31.3% | 41.7% - 43.3% | $42 - $56 | $(31) - $(45) | ~25% | 16.5% | 273.5 - 275.5",Fiscal Year 2024 Financial Outlook | GAAP EPS | GAAP EPS | GAAP EPS | $ | 3.82 | | | | | $4.04 - $4.14 | $4.04 - $4.14 | $4.04 - $4.14 | | | | | | | $3.82 - $4.02 | $3.82 - $4.02 | $3.82 - $4.02 | | |,V8_FIVE_RELATION_CORRECTED_NOT_SOURCE_REVIEWED,,,cb7a7492d22584164e4d0fc845429130b11ffca2749febb8a45d7e0541dd16a3
CDNS,0000813672,0000813672-24-000150,2024-07-22T20:04:10.000Z,cfocommentary07222024ex9902.htm,https://www.sec.gov/Archives/edgar/data/813672/000081367224000150/cfocommentary07222024ex9902.htm,a18e4065b75d7e0c101c12eccbc44333c0368ecb30c7197f82b58d7d1c1a5aee,EPS,FY2024,GAAP,NOT_APPLICABLE,USD_PER_SHARE,5.77,5.97,5.87,CURRENT_GUIDANCE_RANGE,AS_REPORTED,HTML_TABLE_GRID,0,CURRENT_CANDIDATE,CURRENT_GUIDANCE_RANGE,8,33,18,Non-GAAP EPS | Non-GAAP EPS | Non-GAAP EPS | $ | 5.15,"Current | FY 2024E | 80% - 85% | $4,600 - $4,660 | 12% - 14% | ~70% | 29.7% - 31.3% | 41.7% - 43.3% | $42 - $56 | $(31) - $(45) | ~25% | 16.5% | 273.5 - 275.5 | $3.82 - $4.02 | 0% - 5%",Fiscal Year 2024 Financial Outlook | Non-GAAP EPS | Non-GAAP EPS | Non-GAAP EPS | $ | 5.15 | | | | | $5.88 - $5.98 | $5.88 - $5.98 | $5.88 - $5.98 | | | | | | | $5.77 - $5.97 | $5.77 - $5.97 | $5.77 - $5.97 | | |,V8_FIVE_RELATION_CORRECTED_NOT_SOURCE_REVIEWED,,,cb7a7492d22584164e4d0fc845429130b11ffca2749febb8a45d7e0541dd16a3
MSCI,0001408198,0001408198-24-000129,2024-07-23T10:47:38.000Z,earningsrelease-20240630xf.htm,https://www.sec.gov/Archives/edgar/data/1408198/000140819824000129/earningsrelease-20240630xf.htm,f47ec5dd42add896c4fdbb663a92d97d43cfb2b517ac29a3a48523115f93d85c,CAPEX,FY2024,NOT_APPLICABLE,NOT_APPLICABLE,USD,95000000,105000000,100000000,CURRENT_GUIDANCE_RANGE,AS_REPORTED,HTML_TABLE_GRID,0,CURRENT_CANDIDATE,CURRENT_GUIDANCE_RANGE,5,7,3,Capital Expenditures | Capital Expenditures | Capital Expenditures,"Current Guidance for Full-Year 2024 | $1,305 to $1,345 million | $1,130 to $1,160 million | $185 to $189 million | $175 to $185 million | 18% to 21%",| Capital Expenditures | Capital Expenditures | Capital Expenditures | $95 to $105 million | $95 to $105 million | $95 to $105 million | $95 to $105 million | $95 to $105 million | $95 to $105 million,V8_FIVE_RELATION_CORRECTED_NOT_SOURCE_REVIEWED,,,adfcfa78e8c929c0bbc9f4fd9e00306f94e00b88c1b7d51f03ed2b61c973181a
MSCI,0001408198,0001408198-24-000129,2024-07-23T10:47:38.000Z,earningsrelease-20240630xf.htm,https://www.sec.gov/Archives/edgar/data/1408198/000140819824000129/earningsrelease-20240630xf.htm,f47ec5dd42add896c4fdbb663a92d97d43cfb2b517ac29a3a48523115f93d85c,FREE_CASH_FLOW,FY2024,NON_GAAP,NOT_APPLICABLE,USD,1225000000,1285000000,1255000000,CURRENT_GUIDANCE_RANGE,AS_REPORTED,HTML_TABLE_GRID,0,CURRENT_CANDIDATE,CURRENT_GUIDANCE_RANGE,5,9,3,Free Cash Flow | Free Cash Flow | Free Cash Flow,"Current Guidance for Full-Year 2024 | $1,305 to $1,345 million | $1,130 to $1,160 million | $185 to $189 million | $175 to $185 million | 18% to 21% | $95 to $105 million | $1,330 to $1,380 million","| Free Cash Flow | Free Cash Flow | Free Cash Flow | $1,225 to $1,285 million | $1,225 to $1,285 million | $1,225 to $1,285 million | $1,225 to $1,285 million | $1,225 to $1,285 million | $1,225 to $1,285 million",V8_FIVE_RELATION_CORRECTED_NOT_SOURCE_REVIEWED,,,70aab8c3587cf50906d7e2e9fa1eea2dc674caef491e29833d028049441a0821
MCO,0001059556,0001059556-24-000123,2024-07-23T10:58:05.000Z,a2q24earningsrelease.htm,https://www.sec.gov/Archives/edgar/data/1059556/000105955624000123/a2q24earningsrelease.htm,5c23fcbae0dd8ef7edecbfb56947268f9581bd579a1cbbc9badb18aba57b0fa8,MARGIN,FY2024,NON_GAAP,NOT_APPLICABLE,PERCENT,46,47,46.5,CURRENT_GUIDANCE_RANGE,AS_REPORTED,HTML_TABLE_GRID,0,CURRENT_CANDIDATE,CURRENT_GUIDANCE_RANGE,46,6,6,Adjusted Operating Margin (1) | Adjusted Operating Margin (1) | Adjusted Operating Margin (1),"Full Year 2024 Moody's Corporation Guidance as of July 23, 2024 | Current Guidance | Increase in the low-teens percent range | Increase in the high-single-digit percent range | Approximately 39%",| Adjusted Operating Margin (1) | Adjusted Operating Margin (1) | Adjusted Operating Margin (1) | 44% to 46% | 44% to 46% | 44% to 46% | 46% to 47% | 46% to 47% | 46% to 47%,V8_FIVE_RELATION_CORRECTED_NOT_SOURCE_REVIEWED,,,a35730b2bf2cba15414b181b44d150b81098d5b9cb55fe3864f01679dac0a5f6
MCO,0001059556,0001059556-24-000123,2024-07-23T10:58:05.000Z,a2q24earningsrelease.htm,https://www.sec.gov/Archives/edgar/data/1059556/000105955624000123/a2q24earningsrelease.htm,5c23fcbae0dd8ef7edecbfb56947268f9581bd579a1cbbc9badb18aba57b0fa8,EPS,FY2024,UNSPECIFIED,NOT_APPLICABLE,USD_PER_SHARE,9.95,10.35,10.15,CURRENT_GUIDANCE_RANGE,AS_REPORTED,HTML_TABLE_GRID,0,CURRENT_CANDIDATE,CURRENT_GUIDANCE_RANGE,46,9,6,Diluted EPS (2) | Diluted EPS (2) | Diluted EPS (2),"Full Year 2024 Moody's Corporation Guidance as of July 23, 2024 | Current Guidance | Increase in the low-teens percent range | Increase in the high-single-digit percent range | Approximately 39% | 46% to 47% | NC",| Diluted EPS (2) | Diluted EPS (2) | Diluted EPS (2) | $9.55 to $10.15 | $9.55 to $10.15 | $9.55 to $10.15 | $9.95 to $10.35 | $9.95 to $10.35 | $9.95 to $10.35,V8_FIVE_RELATION_CORRECTED_NOT_SOURCE_REVIEWED,,,5534cf856035226c4a940a03cc98a2c032c1d268e2cbc3ccf7f3c7def647e949
MCO,0001059556,0001059556-24-000123,2024-07-23T10:58:05.000Z,a2q24earningsrelease.htm,https://www.sec.gov/Archives/edgar/data/1059556/000105955624000123/a2q24earningsrelease.htm,5c23fcbae0dd8ef7edecbfb56947268f9581bd579a1cbbc9badb18aba57b0fa8,EPS,FY2024,NON_GAAP,NOT_APPLICABLE,USD_PER_SHARE,11,11.4,11.2,CURRENT_GUIDANCE_RANGE,AS_REPORTED,HTML_TABLE_GRID,0,CURRENT_CANDIDATE,CURRENT_GUIDANCE_RANGE,46,10,6,Adjusted Diluted EPS (1) | Adjusted Diluted EPS (1) | Adjusted Diluted EPS (1),"Full Year 2024 Moody's Corporation Guidance as of July 23, 2024 | Current Guidance | Increase in the low-teens percent range | Increase in the high-single-digit percent range | Approximately 39% | 46% to 47% | NC | $9.95 to $10.35",| Adjusted Diluted EPS (1) | Adjusted Diluted EPS (1) | Adjusted Diluted EPS (1) | $10.40 to $11.00 | $10.40 to $11.00 | $10.40 to $11.00 | $11.00 to $11.40 | $11.00 to $11.40 | $11.00 to $11.40,V8_FIVE_RELATION_CORRECTED_NOT_SOURCE_REVIEWED,,,5534cf856035226c4a940a03cc98a2c032c1d268e2cbc3ccf7f3c7def647e949
MCO,0001059556,0001059556-24-000123,2024-07-23T10:58:05.000Z,a2q24earningsrelease.htm,https://www.sec.gov/Archives/edgar/data/1059556/000105955624000123/a2q24earningsrelease.htm,5c23fcbae0dd8ef7edecbfb56947268f9581bd579a1cbbc9badb18aba57b0fa8,FREE_CASH_FLOW,FY2024,NON_GAAP,NOT_APPLICABLE,USD,2000000000,2200000000,2100000000,CURRENT_GUIDANCE_RANGE,AS_REPORTED,HTML_TABLE_GRID,0,CURRENT_CANDIDATE,CURRENT_GUIDANCE_RANGE,46,12,6,Free Cash Flow (1) | Free Cash Flow (1) | Free Cash Flow (1),"Full Year 2024 Moody's Corporation Guidance as of July 23, 2024 | Current Guidance | Increase in the low-teens percent range | Increase in the high-single-digit percent range | Approximately 39% | 46% to 47% | NC | $9.95 to $10.35 | $11.00 to $11.40 | $2.4 to $2.6 billion",| Free Cash Flow (1) | Free Cash Flow (1) | Free Cash Flow (1) | $1.9 to $2.1 billion | $1.9 to $2.1 billion | $1.9 to $2.1 billion | $2.0 to $2.2 billion | $2.0 to $2.2 billion | $2.0 to $2.2 billion,V8_FIVE_RELATION_CORRECTED_NOT_SOURCE_REVIEWED,,,348cb8712128148c399ab7405eae10ec7c4e959e2ef61a951dd6e52bde61555a
MCO,0001059556,0001059556-24-000123,2024-07-23T10:58:05.000Z,a2q24earningsrelease.htm,https://www.sec.gov/Archives/edgar/data/1059556/000105955624000123/a2q24earningsrelease.htm,5c23fcbae0dd8ef7edecbfb56947268f9581bd579a1cbbc9badb18aba57b0fa8,MARGIN,FY2024,NON_GAAP,NOT_APPLICABLE,PERCENT,30,31,30.5,CURRENT_GUIDANCE_RANGE,AS_REPORTED,HTML_TABLE_GRID,0,CURRENT_CANDIDATE,CURRENT_GUIDANCE_RANGE,46,17,3,MA Adjusted Operating Margin | MA Adjusted Operating Margin | MA Adjusted Operating Margin,"Full Year 2024 Moody's Corporation Guidance as of July 23, 2024 | Last Publicly Disclosed Guidance | Increase in the high-single-digit to low-double-digit percent range | Increase in the mid-to-high-single-digit percent range | 37% to 39% | 44% to 46% | $240 - $260 million | 22% to 24% | $9.55 to $10.15 | $10.40 to $11.00 | $2.3 to $2.5 billion | $1.9 to $2.1 billion | Approximately $1.0 billion (subject to available cash, market conditions, M&A opportunities, and other ongoing capital allocatio",| MA Adjusted Operating Margin | MA Adjusted Operating Margin | MA Adjusted Operating Margin | 30% to 31% | 30% to 31% | 30% to 31% | NC | NC | NC,V8_FIVE_RELATION_CORRECTED_NOT_SOURCE_REVIEWED,,,a35730b2bf2cba15414b181b44d150b81098d5b9cb55fe3864f01679dac0a5f6
MCO,0001059556,0001059556-24-000123,2024-07-23T10:58:05.000Z,a2q24earningsrelease.htm,https://www.sec.gov/Archives/edgar/data/1059556/000105955624000123/a2q24earningsrelease.htm,5c23fcbae0dd8ef7edecbfb56947268f9581bd579a1cbbc9badb18aba57b0fa8,MARGIN,FY2024,NON_GAAP,NOT_APPLICABLE,PERCENT,58,59,58.5,CURRENT_GUIDANCE_RANGE,AS_REPORTED,HTML_TABLE_GRID,0,CURRENT_CANDIDATE,CURRENT_GUIDANCE_RANGE,46,20,6,MIS Adjusted Operating Margin | MIS Adjusted Operating Margin | MIS Adjusted Operating Margin,"Full Year 2024 Moody's Corporation Guidance as of July 23, 2024 | Current Guidance | Increase in the low-teens percent range | Increase in the high-single-digit percent range | Approximately 39% | 46% to 47% | NC | $9.95 to $10.35 | $11.00 to $11.40 | $2.4 to $2.6 billion | $2.0 to $2.2 billion | Approximately $1.3 billion (subject to available cash, market conditions, M&A opportunities, and other ongoing capital allocation decisions) | Increase in the high-single-digit to low-double-digit perce",| MIS Adjusted Operating Margin | MIS Adjusted Operating Margin | MIS Adjusted Operating Margin | 56% to 58% | 56% to 58% | 56% to 58% | 58% to 59% | 58% to 59% | 58% to 59%,V8_FIVE_RELATION_CORRECTED_NOT_SOURCE_REVIEWED,,,a35730b2bf2cba15414b181b44d150b81098d5b9cb55fe3864f01679dac0a5f6
HST,0001070750,0001070750-24-000163,2024-07-31T20:43:49.000Z,hst-ex991.htm,https://www.sec.gov/Archives/edgar/data/1070750/000107075024000163/hst-ex991.htm,ef8a53ad0eece3eb37dec38011d94f2a048ff94ce988db8b89697147eea217a6,MARGIN,FY2024,UNSPECIFIED,NOT_APPLICABLE,PERCENT,29.1,29.6,29.35,CURRENT_GUIDANCE_RANGE,AS_REPORTED,HTML_TABLE_GRID,0,CURRENT_CANDIDATE,CURRENT_GUIDANCE_RANGE,12,6,3,Comparable hotel EBITDA margin | Comparable hotel EBITDA margin | Comparable hotel EBITDA margin,"Current Full Year 2024 Guidance | $344 to $351 | $208 to $213 | $5,619 to $5,725 | 15.3% to 16.0%",| Comparable hotel EBITDA margin | Comparable hotel EBITDA margin | Comparable hotel EBITDA margin | 29.1% to 29.6% | 29.1% to 29.6% | 29.1% to 29.6% | | | | (110) bps to (60) bps | (110) bps to (60) bps | (110) bps to (60) bps | | | | (80) bps to (30) bps | (80) bps to (30) bps | (80) bps to (30) bps | | | | (30) bps | (30) bps | (30) bps,V8_FIVE_RELATION_CORRECTED_NOT_SOURCE_REVIEWED,,,e207583a5a236c664df67f8c183ba138c8ef0662a9c21ff75cce7c98bd166a25
COHR,0000820318,0001193125-24-201297,2024-08-15T20:02:06.000Z,d873258dex992.htm,https://www.sec.gov/Archives/edgar/data/820318/000119312524201297/d873258dex992.htm,34fc071ba761c2cdd2acbeade81bf34ee1b4517461c7cc0b6aa7ed9c12b30af4,REVENUE,Q1-2025,UNSPECIFIED,NOT_APPLICABLE,USD,1270000000,1350000000,1310000000,CURRENT_GUIDANCE_RANGE,AS_REPORTED,NARRATIVE_CLAUSE,42,CURRENT_CANDIDATE,CURRENT_GUIDANCE_RANGE,,,,,,FIRST QUARTER FISCAL 2025 OUTLOOK REVENUE $1.27 – 1.35 billion,V8_FIVE_RELATION_CORRECTED_NOT_SOURCE_REVIEWED,/html/body/document/type/sequence/filename/description/text/p[47],HTML_P,e1d367edb07ee701cb606d7e11fff71954e73647e9d57ea1c72022680c5ee9ed
MCO,0001059556,0001059556-24-000180,2024-10-22T10:58:04.000Z,a3q24earningsrelease.htm,https://www.sec.gov/Archives/edgar/data/1059556/000105955624000180/a3q24earningsrelease.htm,9c92d1797df6a1e630ddef23e95dcc5e95704359a679732b1f9085c1dcd2dab5,MARGIN,FY2024,UNSPECIFIED,NOT_APPLICABLE,PERCENT,40,41,40.5,CURRENT_GUIDANCE_RANGE,AS_REPORTED,HTML_TABLE_GRID,0,CURRENT_CANDIDATE,CURRENT_GUIDANCE_RANGE,46,5,6,Operating Margin | Operating Margin | Operating Margin | Approximately 39% | Approximately 39% | Approximately 39%,"Full Year 2024 Moody's Corporation Guidance as of October 22, 2024 | Current Guidance | Increase in the high-teens percent range | Approximately 10%",| Operating Margin | Operating Margin | Operating Margin | Approximately 39% | Approximately 39% | Approximately 39% | 40% to 41% | 40% to 41% | 40% to 41%,V8_FIVE_RELATION_CORRECTED_NOT_SOURCE_REVIEWED,,,f51738245d632ab11142264204f8e40a25e5c3193f2cc39bc7c09ac50e3f59e9
MCO,0001059556,0001059556-24-000180,2024-10-22T10:58:04.000Z,a3q24earningsrelease.htm,https://www.sec.gov/Archives/edgar/data/1059556/000105955624000180/a3q24earningsrelease.htm,9c92d1797df6a1e630ddef23e95dcc5e95704359a679732b1f9085c1dcd2dab5,MARGIN,FY2024,NON_GAAP,NOT_APPLICABLE,PERCENT,47,48,47.5,CURRENT_GUIDANCE_RANGE,AS_REPORTED,HTML_TABLE_GRID,0,CURRENT_CANDIDATE,CURRENT_GUIDANCE_RANGE,46,6,6,Adjusted Operating Margin (1) | Adjusted Operating Margin (1) | Adjusted Operating Margin (1),"Full Year 2024 Moody's Corporation Guidance as of October 22, 2024 | Current Guidance | Increase in the high-teens percent range | Approximately 10% | 40% to 41%",| Adjusted Operating Margin (1) | Adjusted Operating Margin (1) | Adjusted Operating Margin (1) | 46% to 47% | 46% to 47% | 46% to 47% | 47% to 48% | 47% to 48% | 47% to 48%,V8_FIVE_RELATION_CORRECTED_NOT_SOURCE_REVIEWED,,,f51738245d632ab11142264204f8e40a25e5c3193f2cc39bc7c09ac50e3f59e9
MCO,0001059556,0001059556-24-000180,2024-10-22T10:58:04.000Z,a3q24earningsrelease.htm,https://www.sec.gov/Archives/edgar/data/1059556/000105955624000180/a3q24earningsrelease.htm,9c92d1797df6a1e630ddef23e95dcc5e95704359a679732b1f9085c1dcd2dab5,EPS,FY2024,UNSPECIFIED,NOT_APPLICABLE,USD_PER_SHARE,10.85,11.05,10.95,CURRENT_GUIDANCE_RANGE,AS_REPORTED,HTML_TABLE_GRID,0,CURRENT_CANDIDATE,CURRENT_GUIDANCE_RANGE,46,9,6,Diluted EPS | Diluted EPS | Diluted EPS,"Full Year 2024 Moody's Corporation Guidance as of October 22, 2024 | Current Guidance | Increase in the high-teens percent range | Approximately 10% | 40% to 41% | 47% to 48% | Approximately $245 million | 23% to 24%",| Diluted EPS | Diluted EPS | Diluted EPS | $9.95 to $10.35 | $9.95 to $10.35 | $9.95 to $10.35 | $10.85 to $11.05 | $10.85 to $11.05 | $10.85 to $11.05,V8_FIVE_RELATION_CORRECTED_NOT_SOURCE_REVIEWED,,,ce29073794df5b4d7b0a82104ce78ca09f6d4f76ee0292408846ff00cdbf8340
MCO,0001059556,0001059556-24-000180,2024-10-22T10:58:04.000Z,a3q24earningsrelease.htm,https://www.sec.gov/Archives/edgar/data/1059556/000105955624000180/a3q24earningsrelease.htm,9c92d1797df6a1e630ddef23e95dcc5e95704359a679732b1f9085c1dcd2dab5,EPS,FY2024,NON_GAAP,NOT_APPLICABLE,USD_PER_SHARE,11.9,12.1,12,CURRENT_GUIDANCE_RANGE,AS_REPORTED,HTML_TABLE_GRID,0,CURRENT_CANDIDATE,CURRENT_GUIDANCE_RANGE,46,10,6,Adjusted Diluted EPS (1) | Adjusted Diluted EPS (1) | Adjusted Diluted EPS (1),"Full Year 2024 Moody's Corporation Guidance as of October 22, 2024 | Current Guidance | Increase in the high-teens percent range | Approximately 10% | 40% to 41% | 47% to 48% | Approximately $245 million | 23% to 24% | $10.85 to $11.05",| Adjusted Diluted EPS (1) | Adjusted Diluted EPS (1) | Adjusted Diluted EPS (1) | $11.00 to $11.40 | $11.00 to $11.40 | $11.00 to $11.40 | $11.90 to $12.10 | $11.90 to $12.10 | $11.90 to $12.10,V8_FIVE_RELATION_CORRECTED_NOT_SOURCE_REVIEWED,,,ce29073794df5b4d7b0a82104ce78ca09f6d4f76ee0292408846ff00cdbf8340
MCO,0001059556,0001059556-24-000180,2024-10-22T10:58:04.000Z,a3q24earningsrelease.htm,https://www.sec.gov/Archives/edgar/data/1059556/000105955624000180/a3q24earningsrelease.htm,9c92d1797df6a1e630ddef23e95dcc5e95704359a679732b1f9085c1dcd2dab5,MARGIN,FY2024,NON_GAAP,NOT_APPLICABLE,PERCENT,30,31,30.5,CURRENT_GUIDANCE_RANGE,AS_REPORTED,HTML_TABLE_GRID,0,CURRENT_CANDIDATE,CURRENT_GUIDANCE_RANGE,46,17,3,MA Adjusted Operating Margin | MA Adjusted Operating Margin | MA Adjusted Operating Margin,"Full Year 2024 Moody's Corporation Guidance as of October 22, 2024 | Last Publicly Disclosed Guidance | Increase in the low-teens percent range | Increase in the high-single-digit percent range | Approximately 39% | 46% to 47% | $240 - $260 million | 22% to 24% | $9.95 to $10.35 | $11.00 to $11.40 | $2.4 to $2.6 billion | $2.0 to $2.2 billion | Approximately $1.3 billion (subject to available cash, market conditions, M&A opportunities, and other ongoing capital allocation decisions) | Increase i",| MA Adjusted Operating Margin | MA Adjusted Operating Margin | MA Adjusted Operating Margin | 30% to 31% | 30% to 31% | 30% to 31% | NC | NC | NC,V8_FIVE_RELATION_CORRECTED_NOT_SOURCE_REVIEWED,,,f51738245d632ab11142264204f8e40a25e5c3193f2cc39bc7c09ac50e3f59e9
MCO,0001059556,0001059556-24-000180,2024-10-22T10:58:04.000Z,a3q24earningsrelease.htm,https://www.sec.gov/Archives/edgar/data/1059556/000105955624000180/a3q24earningsrelease.htm,9c92d1797df6a1e630ddef23e95dcc5e95704359a679732b1f9085c1dcd2dab5,MARGIN,FY2024,NON_GAAP,NOT_APPLICABLE,PERCENT,59,60,59.5,CURRENT_GUIDANCE_RANGE,AS_REPORTED,HTML_TABLE_GRID,0,CURRENT_CANDIDATE,CURRENT_GUIDANCE_RANGE,46,20,6,MIS Adjusted Operating Margin | MIS Adjusted Operating Margin | MIS Adjusted Operating Margin,"Full Year 2024 Moody's Corporation Guidance as of October 22, 2024 | Current Guidance | Increase in the high-teens percent range | Approximately 10% | 40% to 41% | 47% to 48% | Approximately $245 million | 23% to 24% | $10.85 to $11.05 | $11.90 to $12.10 | Approximately $2.7 billion | Approximately $2.3 billion | NC | Increase in the high-twenties percent range",| MIS Adjusted Operating Margin | MIS Adjusted Operating Margin | MIS Adjusted Operating Margin | 58% to 59% | 58% to 59% | 58% to 59% | 59% to 60% | 59% to 60% | 59% to 60%,V8_FIVE_RELATION_CORRECTED_NOT_SOURCE_REVIEWED,,,f51738245d632ab11142264204f8e40a25e5c3193f2cc39bc7c09ac50e3f59e9
CDNS,0000813672,0000813672-24-000188,2024-10-28T20:03:44.000Z,cfocommentary10282024ex9902.htm,https://www.sec.gov/Archives/edgar/data/813672/000081367224000188/cfocommentary10282024ex9902.htm,ee0bf4b442c2570812d8d4faf0814374670ddedaf82a8b0eb6bf357a2313726e,MARGIN,FY2024,GAAP,NOT_APPLICABLE,PERCENT,29,30,29.5,CURRENT_GUIDANCE_RANGE,AS_REPORTED,HTML_TABLE_GRID,0,CURRENT_CANDIDATE,CURRENT_GUIDANCE_RANGE,8,16,18,GAAP Operating Margin | GAAP Operating Margin | GAAP Operating Margin | 30.6% | 30.6% | 30.6%,"Current | FY 2024E | 80% - 85% | $4,610 - $4,650 | 13% - 14% | ~70%",Fiscal Year 2024 Financial Outlook | GAAP Operating Margin | GAAP Operating Margin | GAAP Operating Margin | 30.6% | 30.6% | 30.6% | | | | 29.7% - 31.3% | 29.7% - 31.3% | 29.7% - 31.3% | | | | | | | 29% - 30% | 29% - 30% | 29% - 30% | | |,V8_FIVE_RELATION_CORRECTED_NOT_SOURCE_REVIEWED,,,138e4520abec56b8bdfbfdc9ebc1f25d98689956eefc5f6ab3ef34fde3e3a879
CDNS,0000813672,0000813672-24-000188,2024-10-28T20:03:44.000Z,cfocommentary10282024ex9902.htm,https://www.sec.gov/Archives/edgar/data/813672/000081367224000188/cfocommentary10282024ex9902.htm,ee0bf4b442c2570812d8d4faf0814374670ddedaf82a8b0eb6bf357a2313726e,MARGIN,FY2024,NON_GAAP,NOT_APPLICABLE,PERCENT,42,43,42.5,CURRENT_GUIDANCE_RANGE,AS_REPORTED,HTML_TABLE_GRID,0,CURRENT_CANDIDATE,CURRENT_GUIDANCE_RANGE,8,18,18,Non-GAAP Operating Margin | Non-GAAP Operating Margin | Non-GAAP Operating Margin | 42.0% | 42.0% | 42.0%,"Current | FY 2024E | 80% - 85% | $4,610 - $4,650 | 13% - 14% | ~70% | 29% - 30%",Fiscal Year 2024 Financial Outlook | Non-GAAP Operating Margin | Non-GAAP Operating Margin | Non-GAAP Operating Margin | 42.0% | 42.0% | 42.0% | | | | 41.7% - 43.3% | 41.7% - 43.3% | 41.7% - 43.3% | | | | | | | 42% - 43% | 42% - 43% | 42% - 43% | | |,V8_FIVE_RELATION_CORRECTED_NOT_SOURCE_REVIEWED,,,138e4520abec56b8bdfbfdc9ebc1f25d98689956eefc5f6ab3ef34fde3e3a879
CDNS,0000813672,0000813672-24-000188,2024-10-28T20:03:44.000Z,cfocommentary10282024ex9902.htm,https://www.sec.gov/Archives/edgar/data/813672/000081367224000188/cfocommentary10282024ex9902.htm,ee0bf4b442c2570812d8d4faf0814374670ddedaf82a8b0eb6bf357a2313726e,EPS,FY2024,GAAP,NOT_APPLICABLE,USD_PER_SHARE,3.7,3.76,3.73,CURRENT_GUIDANCE_RANGE,AS_REPORTED,HTML_TABLE_GRID,0,CURRENT_CANDIDATE,CURRENT_GUIDANCE_RANGE,8,30,18,GAAP EPS | GAAP EPS | GAAP EPS | $ | 3.82,"Current | FY 2024E | 80% - 85% | $4,610 - $4,650 | 13% - 14% | ~70% | 29% - 30% | 42% - 43% | $40 - $50 | $(25) - $(35) | ~27% | 16.5% | 273 - 275",Fiscal Year 2024 Financial Outlook | GAAP EPS | GAAP EPS | GAAP EPS | $ | 3.82 | | | | | $3.82 - $4.02 | $3.82 - $4.02 | $3.82 - $4.02 | | | | | | | $3.70 - $3.76 | $3.70 - $3.76 | $3.70 - $3.76 | | |,V8_FIVE_RELATION_CORRECTED_NOT_SOURCE_REVIEWED,,,1399491ca352076ad3d444be8f9e0a76895f9cc1393adbfd4f5d3e09fdc8ebb2
CDNS,0000813672,0000813672-24-000188,2024-10-28T20:03:44.000Z,cfocommentary10282024ex9902.htm,https://www.sec.gov/Archives/edgar/data/813672/000081367224000188/cfocommentary10282024ex9902.htm,ee0bf4b442c2570812d8d4faf0814374670ddedaf82a8b0eb6bf357a2313726e,EPS,FY2024,GAAP,NOT_APPLICABLE,USD_PER_SHARE,5.87,5.93,5.9,CURRENT_GUIDANCE_RANGE,AS_REPORTED,HTML_TABLE_GRID,0,CURRENT_CANDIDATE,CURRENT_GUIDANCE_RANGE,8,33,18,Non-GAAP EPS | Non-GAAP EPS | Non-GAAP EPS | $ | 5.15,"Current | FY 2024E | 80% - 85% | $4,610 - $4,650 | 13% - 14% | ~70% | 29% - 30% | 42% - 43% | $40 - $50 | $(25) - $(35) | ~27% | 16.5% | 273 - 275 | $3.70 - $3.76 | (3)% - (2)%",Fiscal Year 2024 Financial Outlook | Non-GAAP EPS | Non-GAAP EPS | Non-GAAP EPS | $ | 5.15 | | | | | $5.77 - $5.97 | $5.77 - $5.97 | $5.77 - $5.97 | | | | | | | $5.87 - $5.93 | $5.87 - $5.93 | $5.87 - $5.93 | | |,V8_FIVE_RELATION_CORRECTED_NOT_SOURCE_REVIEWED,,,1399491ca352076ad3d444be8f9e0a76895f9cc1393adbfd4f5d3e09fdc8ebb2
MSCI,0001408198,0001408198-24-000165,2024-10-29T10:55:53.000Z,earningsrelease-20240930xf.htm,https://www.sec.gov/Archives/edgar/data/1408198/000140819824000165/earningsrelease-20240930xf.htm,7fc51f7a8e488f627632860238fcced9ed0a98cbf91e71265e2b46b019837f96,CAPEX,FY2024,NOT_APPLICABLE,NOT_APPLICABLE,USD,105000000,115000000,110000000,CURRENT_GUIDANCE_RANGE,AS_REPORTED,HTML_TABLE_GRID,0,CURRENT_CANDIDATE,CURRENT_GUIDANCE_RANGE,5,7,3,Capital Expenditures | Capital Expenditures | Capital Expenditures,"Current Guidance for Full-Year 2024 | $1,305 to $1,345 million | $1,130 to $1,160 million | $183 to $186 million | $175 to $185 million | 18.0% to 19.5%",| Capital Expenditures | Capital Expenditures | Capital Expenditures | $105 to $115 million | $105 to $115 million | $105 to $115 million | $95 to $105 million | $95 to $105 million | $95 to $105 million,V8_FIVE_RELATION_CORRECTED_NOT_SOURCE_REVIEWED,,,d208a7e540bbf50e7b0f35883c35d94d80554fe38d1a78e0f55868d0c63cf240
MSCI,0001408198,0001408198-24-000165,2024-10-29T10:55:53.000Z,earningsrelease-20240930xf.htm,https://www.sec.gov/Archives/edgar/data/1408198/000140819824000165/earningsrelease-20240930xf.htm,7fc51f7a8e488f627632860238fcced9ed0a98cbf91e71265e2b46b019837f96,FREE_CASH_FLOW,FY2024,NON_GAAP,NOT_APPLICABLE,USD,1305000000,1365000000,1335000000,CURRENT_GUIDANCE_RANGE,AS_REPORTED,HTML_TABLE_GRID,0,CURRENT_CANDIDATE,CURRENT_GUIDANCE_RANGE,5,9,3,Free Cash Flow | Free Cash Flow | Free Cash Flow,"Current Guidance for Full-Year 2024 | $1,305 to $1,345 million | $1,130 to $1,160 million | $183 to $186 million | $175 to $185 million | 18.0% to 19.5% | $105 to $115 million | $1,420 to $1,470 million","| Free Cash Flow | Free Cash Flow | Free Cash Flow | $1,305 to $1,365 million | $1,305 to $1,365 million | $1,305 to $1,365 million | $1,225 to $1,285 million | $1,225 to $1,285 million | $1,225 to $1,285 million",V8_FIVE_RELATION_CORRECTED_NOT_SOURCE_REVIEWED,,,2a187737cddb0f646b21cd096f3074882bda177f2fd263b0bbec60e427851265
MSCI,0001408198,0001408198-25-000109,2025-04-22T10:45:56.000Z,earningsrelease-20250331xf.htm,https://www.sec.gov/Archives/edgar/data/1408198/000140819825000109/earningsrelease-20250331xf.htm,e47699f0db268b3a67e341df97547507d8a42faf55ecddf60d0f269847669634,CAPEX,FY2025,NOT_APPLICABLE,NOT_APPLICABLE,USD,115000000,125000000,120000000,CURRENT_GUIDANCE_RANGE,AS_REPORTED,HTML_TABLE_GRID,0,CURRENT_CANDIDATE,CURRENT_GUIDANCE_RANGE,10,7,3,Capital Expenditures | Capital Expenditures | Capital Expenditures,"Current Guidance for Full-Year 2025 | $1,405 to $1,445 million | $1,220 to $1,250 million | $182 to $186 million | $185 to $195 million | 17.5% to 20.0%",| Capital Expenditures | Capital Expenditures | Capital Expenditures | $115 to $125 million | $115 to $125 million | $115 to $125 million,V8_FIVE_RELATION_CORRECTED_NOT_SOURCE_REVIEWED,,,9c2638d5f53311511dbf360cf1a345cc5067fbf85d4d61afbee9f0209208eb9b
MSCI,0001408198,0001408198-25-000109,2025-04-22T10:45:56.000Z,earningsrelease-20250331xf.htm,https://www.sec.gov/Archives/edgar/data/1408198/000140819825000109/earningsrelease-20250331xf.htm,e47699f0db268b3a67e341df97547507d8a42faf55ecddf60d0f269847669634,FREE_CASH_FLOW,FY2025,NON_GAAP,NOT_APPLICABLE,USD,1400000000,1460000000,1430000000,CURRENT_GUIDANCE_RANGE,AS_REPORTED,HTML_TABLE_GRID,0,CURRENT_CANDIDATE,CURRENT_GUIDANCE_RANGE,10,9,3,Free Cash Flow | Free Cash Flow | Free Cash Flow,"Current Guidance for Full-Year 2025 | $1,405 to $1,445 million | $1,220 to $1,250 million | $182 to $186 million | $185 to $195 million | 17.5% to 20.0% | $115 to $125 million | $1,525 to $1,575 million","| Free Cash Flow | Free Cash Flow | Free Cash Flow | $1,400 to $1,460 million | $1,400 to $1,460 million | $1,400 to $1,460 million",V8_FIVE_RELATION_CORRECTED_NOT_SOURCE_REVIEWED,,,d6009a0c686b8c3b75c2bd853fe798a030b73cb3f02cbd0822c9d562d4a2da10
MCO,0001059556,0001059556-25-000117,2025-04-22T10:57:52.000Z,a1q25earningsrelease.htm,https://www.sec.gov/Archives/edgar/data/1059556/000105955625000117/a1q25earningsrelease.htm,01bfbd38554dc6527f4e595ae92caf6d310a4919fb4598108f501da8db5e6380,MARGIN,FY2025,UNSPECIFIED,NOT_APPLICABLE,PERCENT,42,43,42.5,CURRENT_GUIDANCE_RANGE,AS_REPORTED,HTML_TABLE_GRID,0,CURRENT_CANDIDATE,CURRENT_GUIDANCE_RANGE,46,5,6,Operating Margin | Operating Margin | Operating Margin | Approximately 43% | Approximately 43% | Approximately 43%,"Full Year 2025 Moody's Corporation Guidance as of April 22, 2025 | Current Guidance | Increase in the mid-single-digit percent range | NC",| Operating Margin | Operating Margin | Operating Margin | Approximately 43% | Approximately 43% | Approximately 43% | 42% to 43% | 42% to 43% | 42% to 43%,V8_FIVE_RELATION_CORRECTED_NOT_SOURCE_REVIEWED,,,9622699bdbf0550c05e852a603101370e8244074e8132b9e93836f1389be6159
MCO,0001059556,0001059556-25-000117,2025-04-22T10:57:52.000Z,a1q25earningsrelease.htm,https://www.sec.gov/Archives/edgar/data/1059556/000105955625000117/a1q25earningsrelease.htm,01bfbd38554dc6527f4e595ae92caf6d310a4919fb4598108f501da8db5e6380,MARGIN,FY2025,NON_GAAP,NOT_APPLICABLE,PERCENT,49,50,49.5,CURRENT_GUIDANCE_RANGE,AS_REPORTED,HTML_TABLE_GRID,0,CURRENT_CANDIDATE,CURRENT_GUIDANCE_RANGE,46,6,6,Adjusted Operating Margin (1) | Adjusted Operating Margin (1) | Adjusted Operating Margin (1) | Approximately 50% | Approximately 50% | Approximately 50%,"Full Year 2025 Moody's Corporation Guidance as of April 22, 2025 | Current Guidance | Increase in the mid-single-digit percent range | NC | 42% to 43%",| Adjusted Operating Margin (1) | Adjusted Operating Margin (1) | Adjusted Operating Margin (1) | Approximately 50% | Approximately 50% | Approximately 50% | 49% to 50% | 49% to 50% | 49% to 50%,V8_FIVE_RELATION_CORRECTED_NOT_SOURCE_REVIEWED,,,9622699bdbf0550c05e852a603101370e8244074e8132b9e93836f1389be6159
MCO,0001059556,0001059556-25-000117,2025-04-22T10:57:52.000Z,a1q25earningsrelease.htm,https://www.sec.gov/Archives/edgar/data/1059556/000105955625000117/a1q25earningsrelease.htm,01bfbd38554dc6527f4e595ae92caf6d310a4919fb4598108f501da8db5e6380,EPS,FY2025,UNSPECIFIED,NOT_APPLICABLE,USD_PER_SHARE,12,12.75,12.375,CURRENT_GUIDANCE_RANGE,AS_REPORTED,HTML_TABLE_GRID,0,CURRENT_CANDIDATE,CURRENT_GUIDANCE_RANGE,46,9,6,Diluted EPS | Diluted EPS | Diluted EPS,"Full Year 2025 Moody's Corporation Guidance as of April 22, 2025 | Current Guidance | Increase in the mid-single-digit percent range | NC | 42% to 43% | 49% to 50%",| Diluted EPS | Diluted EPS | Diluted EPS | $12.75 to $13.25 | $12.75 to $13.25 | $12.75 to $13.25 | $12.00 to $12.75 | $12.00 to $12.75 | $12.00 to $12.75,V8_FIVE_RELATION_CORRECTED_NOT_SOURCE_REVIEWED,,,51707ca8088f5c14df53e9b1c83eac3d2e800f1510f98684e3cda0b75528da5a
MCO,0001059556,0001059556-25-000117,2025-04-22T10:57:52.000Z,a1q25earningsrelease.htm,https://www.sec.gov/Archives/edgar/data/1059556/000105955625000117/a1q25earningsrelease.htm,01bfbd38554dc6527f4e595ae92caf6d310a4919fb4598108f501da8db5e6380,EPS,FY2025,NON_GAAP,NOT_APPLICABLE,USD_PER_SHARE,13.25,14,13.625,CURRENT_GUIDANCE_RANGE,AS_REPORTED,HTML_TABLE_GRID,0,CURRENT_CANDIDATE,CURRENT_GUIDANCE_RANGE,46,10,6,Adjusted Diluted EPS (1) | Adjusted Diluted EPS (1) | Adjusted Diluted EPS (1),"Full Year 2025 Moody's Corporation Guidance as of April 22, 2025 | Current Guidance | Increase in the mid-single-digit percent range | NC | 42% to 43% | 49% to 50% | $12.00 to $12.75",| Adjusted Diluted EPS (1) | Adjusted Diluted EPS (1) | Adjusted Diluted EPS (1) | $14.00 to $14.50 | $14.00 to $14.50 | $14.00 to $14.50 | $13.25 to $14.00 | $13.25 to $14.00 | $13.25 to $14.00,V8_FIVE_RELATION_CORRECTED_NOT_SOURCE_REVIEWED,,,51707ca8088f5c14df53e9b1c83eac3d2e800f1510f98684e3cda0b75528da5a
MCO,0001059556,0001059556-25-000117,2025-04-22T10:57:52.000Z,a1q25earningsrelease.htm,https://www.sec.gov/Archives/edgar/data/1059556/000105955625000117/a1q25earningsrelease.htm,01bfbd38554dc6527f4e595ae92caf6d310a4919fb4598108f501da8db5e6380,FREE_CASH_FLOW,FY2025,NON_GAAP,NOT_APPLICABLE,USD,2300000000,2500000000,2400000000,CURRENT_GUIDANCE_RANGE,AS_REPORTED,HTML_TABLE_GRID,0,CURRENT_CANDIDATE,CURRENT_GUIDANCE_RANGE,46,12,6,Free Cash Flow (1) | Free Cash Flow (1) | Free Cash Flow (1),"Full Year 2025 Moody's Corporation Guidance as of April 22, 2025 | Current Guidance | Increase in the mid-single-digit percent range | NC | 42% to 43% | 49% to 50% | $12.00 to $12.75 | $13.25 to $14.00 | $2.65 to $2.85 billion",| Free Cash Flow (1) | Free Cash Flow (1) | Free Cash Flow (1) | $2.40 to $2.60 billion | $2.40 to $2.60 billion | $2.40 to $2.60 billion | $2.30 to $2.50 billion | $2.30 to $2.50 billion | $2.30 to $2.50 billion,V8_FIVE_RELATION_CORRECTED_NOT_SOURCE_REVIEWED,,,51ffcd655301f3b7d5c30d8ab8d50c12626ad9ad9d686c747c6a27f29c8f297b
MCO,0001059556,0001059556-25-000117,2025-04-22T10:57:52.000Z,a1q25earningsrelease.htm,https://www.sec.gov/Archives/edgar/data/1059556/000105955625000117/a1q25earningsrelease.htm,01bfbd38554dc6527f4e595ae92caf6d310a4919fb4598108f501da8db5e6380,MARGIN,FY2025,NON_GAAP,NOT_APPLICABLE,PERCENT,32,33,32.5,CURRENT_GUIDANCE_RANGE,AS_REPORTED,HTML_TABLE_GRID,0,CURRENT_CANDIDATE,CURRENT_GUIDANCE_RANGE,46,17,3,MA Adjusted Operating Margin | MA Adjusted Operating Margin | MA Adjusted Operating Margin,"Full Year 2025 Moody's Corporation Guidance as of April 22, 2025 | Last Publicly Disclosed Guidance | Increase in the high-single-digit percent range | Increase in the low-to-mid-single-digit percent range | Approximately 43% | Approximately 50% | $220 million to $240 million | 23% to 25% | $12.75 to $13.25 | $14.00 to $14.50 | $2.75 to $2.95 billion | $2.40 to $2.60 billion | At least $1.3 billion(subject to available cash, market conditions, M&A opportunitiesand other ongoing capital allocatio",| MA Adjusted Operating Margin | MA Adjusted Operating Margin | MA Adjusted Operating Margin | 32% to 33% | 32% to 33% | 32% to 33% | NC | NC | NC,V8_FIVE_RELATION_CORRECTED_NOT_SOURCE_REVIEWED,,,9622699bdbf0550c05e852a603101370e8244074e8132b9e93836f1389be6159
MCO,0001059556,0001059556-25-000117,2025-04-22T10:57:52.000Z,a1q25earningsrelease.htm,https://www.sec.gov/Archives/edgar/data/1059556/000105955625000117/a1q25earningsrelease.htm,01bfbd38554dc6527f4e595ae92caf6d310a4919fb4598108f501da8db5e6380,MARGIN,FY2025,NON_GAAP,NOT_APPLICABLE,PERCENT,61,62,61.5,CURRENT_GUIDANCE_RANGE,AS_REPORTED,HTML_TABLE_GRID,0,CURRENT_CANDIDATE,CURRENT_GUIDANCE_RANGE,46,20,6,MIS Adjusted Operating Margin | MIS Adjusted Operating Margin | MIS Adjusted Operating Margin,"Full Year 2025 Moody's Corporation Guidance as of April 22, 2025 | Current Guidance | Increase in the mid-single-digit percent range | NC | 42% to 43% | 49% to 50% | $12.00 to $12.75 | $13.25 to $14.00 | $2.65 to $2.85 billion | $2.30 to $2.50 billion | Increase in the high-single-digit percent range | Flat to increase in the mid-single-digit percent range",| MIS Adjusted Operating Margin | MIS Adjusted Operating Margin | MIS Adjusted Operating Margin | 62% to 63% | 62% to 63% | 62% to 63% | 61% to 62% | 61% to 62% | 61% to 62%,V8_FIVE_RELATION_CORRECTED_NOT_SOURCE_REVIEWED,,,9622699bdbf0550c05e852a603101370e8244074e8132b9e93836f1389be6159
CDNS,0000813672,0000813672-25-000046,2025-04-28T20:03:44.000Z,cfocommentary4282025ex9902.htm,https://www.sec.gov/Archives/edgar/data/813672/000081367225000046/cfocommentary4282025ex9902.htm,aff54eb430bdba3ead311c1dd45558ce13ed124b839f218ba9beb50596ff1abe,MARGIN,FY2025,GAAP,NOT_APPLICABLE,PERCENT,30.25,31.25,30.75,CURRENT_GUIDANCE_RANGE,AS_REPORTED,HTML_TABLE_GRID,0,CURRENT_CANDIDATE,CURRENT_GUIDANCE_RANGE,8,16,18,GAAP Operating Margin | GAAP Operating Margin | GAAP Operating Margin | 29.1% | 29.1% | 29.1%,"Current | FY 2025E | ~80% | $5,150 - $5,230 | 11% - 13% | ~70%",Fiscal Year 2025 Financial Outlook | GAAP Operating Margin | GAAP Operating Margin | GAAP Operating Margin | 29.1% | 29.1% | 29.1% | | | | 30.25% - 31.25% | 30.25% - 31.25% | 30.25% - 31.25% | | | | | | | 30.25% - 31.25% | 30.25% - 31.25% | 30.25% - 31.25% | | |,V8_FIVE_RELATION_CORRECTED_NOT_SOURCE_REVIEWED,,,9fd56596b6481ef5c9aba40b3521ffbdb9be762b098498203c87ad94580ea7a0
CDNS,0000813672,0000813672-25-000046,2025-04-28T20:03:44.000Z,cfocommentary4282025ex9902.htm,https://www.sec.gov/Archives/edgar/data/813672/000081367225000046/cfocommentary4282025ex9902.htm,aff54eb430bdba3ead311c1dd45558ce13ed124b839f218ba9beb50596ff1abe,MARGIN,FY2025,NON_GAAP,NOT_APPLICABLE,PERCENT,43.25,44.25,43.75,CURRENT_GUIDANCE_RANGE,AS_REPORTED,HTML_TABLE_GRID,0,CURRENT_CANDIDATE,CURRENT_GUIDANCE_RANGE,8,18,18,Non-GAAP Operating Margin | Non-GAAP Operating Margin | Non-GAAP Operating Margin | 42.5% | 42.5% | 42.5%,"Current | FY 2025E | ~80% | $5,150 - $5,230 | 11% - 13% | ~70% | 30.25% - 31.25%",Fiscal Year 2025 Financial Outlook | Non-GAAP Operating Margin | Non-GAAP Operating Margin | Non-GAAP Operating Margin | 42.5% | 42.5% | 42.5% | | | | 43.25% - 44.25% | 43.25% - 44.25% | 43.25% - 44.25% | | | | | | | 43.25% - 44.25% | 43.25% - 44.25% | 43.25% - 44.25% | | |,V8_FIVE_RELATION_CORRECTED_NOT_SOURCE_REVIEWED,,,9fd56596b6481ef5c9aba40b3521ffbdb9be762b098498203c87ad94580ea7a0
CDNS,0000813672,0000813672-25-000046,2025-04-28T20:03:44.000Z,cfocommentary4282025ex9902.htm,https://www.sec.gov/Archives/edgar/data/813672/000081367225000046/cfocommentary4282025ex9902.htm,aff54eb430bdba3ead311c1dd45558ce13ed124b839f218ba9beb50596ff1abe,EPS,FY2025,GAAP,NOT_APPLICABLE,USD_PER_SHARE,4.21,4.31,4.26,CURRENT_GUIDANCE_RANGE,AS_REPORTED,HTML_TABLE_GRID,0,CURRENT_CANDIDATE,CURRENT_GUIDANCE_RANGE,8,30,18,GAAP EPS | GAAP EPS | GAAP EPS | $ | 3.85,"Current | FY 2025E | ~80% | $5,150 - $5,230 | 11% - 13% | ~70% | 30.25% - 31.25% | 43.25% - 44.25% | $(43) - $(57) | $(40) - $(54) | ~26% | 16.5% | 273 - 275",Fiscal Year 2025 Financial Outlook | GAAP EPS | GAAP EPS | GAAP EPS | $ | 3.85 | | | | | $4.19 - $4.29 | $4.19 - $4.29 | $4.19 - $4.29 | | | | | | | $4.21 - $4.31 | $4.21 - $4.31 | $4.21 - $4.31 | | |,V8_FIVE_RELATION_CORRECTED_NOT_SOURCE_REVIEWED,,,5bbe0f71d58b69a51668280dba798764d627a77f59ef46043b97fe933771399c
CDNS,0000813672,0000813672-25-000046,2025-04-28T20:03:44.000Z,cfocommentary4282025ex9902.htm,https://www.sec.gov/Archives/edgar/data/813672/000081367225000046/cfocommentary4282025ex9902.htm,aff54eb430bdba3ead311c1dd45558ce13ed124b839f218ba9beb50596ff1abe,EPS,FY2025,GAAP,NOT_APPLICABLE,USD_PER_SHARE,6.73,6.83,6.78,CURRENT_GUIDANCE_RANGE,AS_REPORTED,HTML_TABLE_GRID,0,CURRENT_CANDIDATE,CURRENT_GUIDANCE_RANGE,8,33,18,Non-GAAP EPS | Non-GAAP EPS | Non-GAAP EPS | $ | 5.97,"Current | FY 2025E | ~80% | $5,150 - $5,230 | 11% - 13% | ~70% | 30.25% - 31.25% | 43.25% - 44.25% | $(43) - $(57) | $(40) - $(54) | ~26% | 16.5% | 273 - 275 | $4.21 - $4.31 | 9% - 12%",Fiscal Year 2025 Financial Outlook | Non-GAAP EPS | Non-GAAP EPS | Non-GAAP EPS | $ | 5.97 | | | | | $6.65 - $6.75 | $6.65 - $6.75 | $6.65 - $6.75 | | | | | | | $6.73 - $6.83 | $6.73 - $6.83 | $6.73 - $6.83 | | |,V8_FIVE_RELATION_CORRECTED_NOT_SOURCE_REVIEWED,,,5bbe0f71d58b69a51668280dba798764d627a77f59ef46043b97fe933771399c
HST,0001070750,0001070750-25-000094,2025-04-30T20:37:11.000Z,hst-ex991.htm,https://www.sec.gov/Archives/edgar/data/1070750/000107075025000094/hst-ex991.htm,0bb962306afe62770c513fe1af76f7582104cb0031f6326684872e18c2ead470,MARGIN,FY2025,UNSPECIFIED,NOT_APPLICABLE,PERCENT,27.7,28.3,28,CURRENT_GUIDANCE_RANGE,AS_REPORTED,HTML_TABLE_GRID,0,CURRENT_CANDIDATE,CURRENT_GUIDANCE_RANGE,7,6,3,Comparable hotel EBITDA margin | Comparable hotel EBITDA margin | Comparable hotel EBITDA margin,"Current Full Year 2025 Guidance | $366 to $374 | $221 to $225 | $5,987 to $6,104 | 12.2% to 13.1%",| Comparable hotel EBITDA margin | Comparable hotel EBITDA margin | Comparable hotel EBITDA margin | 27.7% to 28.3% | 27.7% to 28.3% | 27.7% to 28.3% | | | | (160) bps to (100) bps | (160) bps to (100) bps | (160) bps to (100) bps | | | | (210) bps to (150) bps | (210) bps to (150) bps | (210) bps to (150) bps | | | | 50 bps | 50 bps | 50 bps,V8_FIVE_RELATION_CORRECTED_NOT_SOURCE_REVIEWED,,,f182007a591922d77ebccb1608db166134c5083a69ce35dbef9638979ea9aed7
MSCI,0001408198,0001408198-25-000175,2025-07-22T10:46:08.000Z,exhibit991earningsrelease-.htm,https://www.sec.gov/Archives/edgar/data/1408198/000140819825000175/exhibit991earningsrelease-.htm,434dd7eb3438ef8418ab1d384c443e88161453b4087b07ef64d17bda4b6b6c23,CAPEX,FY2025,NOT_APPLICABLE,NOT_APPLICABLE,USD,115000000,125000000,120000000,CURRENT_GUIDANCE_RANGE,AS_REPORTED,HTML_TABLE_GRID,0,CURRENT_CANDIDATE,CURRENT_GUIDANCE_RANGE,5,7,3,Capital Expenditures | Capital Expenditures | Capital Expenditures,"Current Guidance for Full-Year 2025 | $1,405 to $1,445 million | $1,220 to $1,250 million | $182 to $186 million | $185 to $195 million | 17.5% to 20.0%",| Capital Expenditures | Capital Expenditures | Capital Expenditures | $115 to $125 million | $115 to $125 million | $115 to $125 million | | |,V8_FIVE_RELATION_CORRECTED_NOT_SOURCE_REVIEWED,,,01d0e087df41d4d4e7ce04de1a6a04de0f45d987028aa50fcb9ff83d8766bd0c
MSCI,0001408198,0001408198-25-000175,2025-07-22T10:46:08.000Z,exhibit991earningsrelease-.htm,https://www.sec.gov/Archives/edgar/data/1408198/000140819825000175/exhibit991earningsrelease-.htm,434dd7eb3438ef8418ab1d384c443e88161453b4087b07ef64d17bda4b6b6c23,FREE_CASH_FLOW,FY2025,NON_GAAP,NOT_APPLICABLE,USD,1400000000,1460000000,1430000000,CURRENT_GUIDANCE_RANGE,AS_REPORTED,HTML_TABLE_GRID,0,CURRENT_CANDIDATE,CURRENT_GUIDANCE_RANGE,5,9,3,Free Cash Flow | Free Cash Flow | Free Cash Flow,"Current Guidance for Full-Year 2025 | $1,405 to $1,445 million | $1,220 to $1,250 million | $182 to $186 million | $185 to $195 million | 17.5% to 20.0% | $115 to $125 million | $1,525 to $1,575 million","| Free Cash Flow | Free Cash Flow | Free Cash Flow | $1,400 to $1,460 million | $1,400 to $1,460 million | $1,400 to $1,460 million | | |",V8_FIVE_RELATION_CORRECTED_NOT_SOURCE_REVIEWED,,,bea7ea0217ac8f2bc69b3a9e6969935897aeaf0d7212f531371e82f343179b2f
CDNS,0000813672,0000813672-25-000108,2025-07-28T20:03:12.000Z,cfocommentary7282025ex9902.htm,https://www.sec.gov/Archives/edgar/data/813672/000081367225000108/cfocommentary7282025ex9902.htm,19798f71b8a40e72cfe9984d5ad9121a97557f89b4a92ce3c17b9040b5e7d501,MARGIN,FY2025,GAAP,NOT_APPLICABLE,PERCENT,28.5,29.5,29,CURRENT_GUIDANCE_RANGE,AS_REPORTED,HTML_TABLE_GRID,0,CURRENT_CANDIDATE,CURRENT_GUIDANCE_RANGE,8,16,18,GAAP Operating Margin | GAAP Operating Margin | GAAP Operating Margin | 29.1% | 29.1% | 29.1%,"Current | FY 2025E | ~80% | $5,210 - $5,270 | 12% - 14% | ~70%",Fiscal Year 2025 Financial Outlook | GAAP Operating Margin | GAAP Operating Margin | GAAP Operating Margin | 29.1% | 29.1% | 29.1% | | | | 30.25% - 31.25% | 30.25% - 31.25% | 30.25% - 31.25% | | | | | | | 28.5% - 29.5% | 28.5% - 29.5% | 28.5% - 29.5% | | |,V8_FIVE_RELATION_CORRECTED_NOT_SOURCE_REVIEWED,,,e334f74e59adc9ac9a645a0cb1128386ef1accae91d16d88aa0bc8fc9e08dc44
CDNS,0000813672,0000813672-25-000108,2025-07-28T20:03:12.000Z,cfocommentary7282025ex9902.htm,https://www.sec.gov/Archives/edgar/data/813672/000081367225000108/cfocommentary7282025ex9902.htm,19798f71b8a40e72cfe9984d5ad9121a97557f89b4a92ce3c17b9040b5e7d501,MARGIN,FY2025,NON_GAAP,NOT_APPLICABLE,PERCENT,43.5,44.5,44,CURRENT_GUIDANCE_RANGE,AS_REPORTED,HTML_TABLE_GRID,0,CURRENT_CANDIDATE,CURRENT_GUIDANCE_RANGE,8,18,18,Non-GAAP Operating Margin | Non-GAAP Operating Margin | Non-GAAP Operating Margin | 42.5% | 42.5% | 42.5%,"Current | FY 2025E | ~80% | $5,210 - $5,270 | 12% - 14% | ~70% | 28.5% - 29.5%",Fiscal Year 2025 Financial Outlook | Non-GAAP Operating Margin | Non-GAAP Operating Margin | Non-GAAP Operating Margin | 42.5% | 42.5% | 42.5% | | | | 43.25% - 44.25% | 43.25% - 44.25% | 43.25% - 44.25% | | | | | | | 43.5% - 44.5% | 43.5% - 44.5% | 43.5% - 44.5% | | |,V8_FIVE_RELATION_CORRECTED_NOT_SOURCE_REVIEWED,,,e334f74e59adc9ac9a645a0cb1128386ef1accae91d16d88aa0bc8fc9e08dc44
CDNS,0000813672,0000813672-25-000108,2025-07-28T20:03:12.000Z,cfocommentary7282025ex9902.htm,https://www.sec.gov/Archives/edgar/data/813672/000081367225000108/cfocommentary7282025ex9902.htm,19798f71b8a40e72cfe9984d5ad9121a97557f89b4a92ce3c17b9040b5e7d501,EPS,FY2025,GAAP,NOT_APPLICABLE,USD_PER_SHARE,3.97,4.07,4.02,CURRENT_GUIDANCE_RANGE,AS_REPORTED,HTML_TABLE_GRID,0,CURRENT_CANDIDATE,CURRENT_GUIDANCE_RANGE,8,30,18,GAAP EPS | GAAP EPS | GAAP EPS | $ | 3.85,"Current | FY 2025E | ~80% | $5,210 - $5,270 | 12% - 14% | ~70% | 28.5% - 29.5% | 43.5% - 44.5% | $(9) - $11 | $(52) - $(32) | ~28% | 16.5% | 273 - 275",Fiscal Year 2025 Financial Outlook | GAAP EPS | GAAP EPS | GAAP EPS | $ | 3.85 | | | | | $4.21 - $4.31 | $4.21 - $4.31 | $4.21 - $4.31 | | | | | | | $3.97 - $4.07 | $3.97 - $4.07 | $3.97 - $4.07 | | |,V8_FIVE_RELATION_CORRECTED_NOT_SOURCE_REVIEWED,,,de895b7c56d6d718ff9de850b24bde32e3d050b83f7f6207164498955f16c64e
CDNS,0000813672,0000813672-25-000108,2025-07-28T20:03:12.000Z,cfocommentary7282025ex9902.htm,https://www.sec.gov/Archives/edgar/data/813672/000081367225000108/cfocommentary7282025ex9902.htm,19798f71b8a40e72cfe9984d5ad9121a97557f89b4a92ce3c17b9040b5e7d501,EPS,FY2025,GAAP,NOT_APPLICABLE,USD_PER_SHARE,6.85,6.95,6.9,CURRENT_GUIDANCE_RANGE,AS_REPORTED,HTML_TABLE_GRID,0,CURRENT_CANDIDATE,CURRENT_GUIDANCE_RANGE,8,33,18,Non-GAAP EPS | Non-GAAP EPS | Non-GAAP EPS | $ | 5.97,"Current | FY 2025E | ~80% | $5,210 - $5,270 | 12% - 14% | ~70% | 28.5% - 29.5% | 43.5% - 44.5% | $(9) - $11 | $(52) - $(32) | ~28% | 16.5% | 273 - 275 | $3.97 - $4.07 | 3% - 6%",Fiscal Year 2025 Financial Outlook | Non-GAAP EPS | Non-GAAP EPS | Non-GAAP EPS | $ | 5.97 | | | | | $6.73 - $6.83 | $6.73 - $6.83 | $6.73 - $6.83 | | | | | | | $6.85 - $6.95 | $6.85 - $6.95 | $6.85 - $6.95 | | |,V8_FIVE_RELATION_CORRECTED_NOT_SOURCE_REVIEWED,,,de895b7c56d6d718ff9de850b24bde32e3d050b83f7f6207164498955f16c64e
HST,0001070750,0001070750-25-000136,2025-07-30T20:35:43.000Z,hst-ex991.htm,https://www.sec.gov/Archives/edgar/data/1070750/000107075025000136/hst-ex991.htm,5905c6f3f6063ad733ab86cf18fd1ef64d4908802975040d80f92bc547a624e8,MARGIN,FY2025,UNSPECIFIED,NOT_APPLICABLE,PERCENT,28.4,28.7,28.55,CURRENT_GUIDANCE_RANGE,AS_REPORTED,HTML_TABLE_GRID,0,CURRENT_CANDIDATE,CURRENT_GUIDANCE_RANGE,9,6,3,Comparable hotel EBITDA margin | Comparable hotel EBITDA margin | Comparable hotel EBITDA margin,"Current Full Year 2025 Guidance | $373 to $377 | $224 to $226 | $6,054 to $6,109 | 13.3% to 13.7%",| Comparable hotel EBITDA margin | Comparable hotel EBITDA margin | Comparable hotel EBITDA margin | 28.4% to 28.7% | 28.4% to 28.7% | 28.4% to 28.7% | | | | (90) bps to (60) bps | (90) bps to (60) bps | (90) bps to (60) bps | | | | (160) bps to (100) bps | (160) bps to (100) bps | (160) bps to (100) bps | | | | 60 bps | 60 bps | 60 bps,V8_FIVE_RELATION_CORRECTED_NOT_SOURCE_REVIEWED,,,1ea676bfe10744d3bf6eda02da53ed92ab06200f8b2cbfb559e1b438552cae51
CDNS,0000813672,0000813672-25-000144,2025-10-27T20:03:04.000Z,cfocommentary10272025ex9902.htm,https://www.sec.gov/Archives/edgar/data/813672/000081367225000144/cfocommentary10272025ex9902.htm,78f9b7d3e5119b8abc262bb79c127d7a452de82f3764e92251fe93952fcbc598,MARGIN,FY2025,GAAP,NOT_APPLICABLE,PERCENT,27.9,28.9,28.4,CURRENT_GUIDANCE_RANGE,AS_REPORTED,HTML_TABLE_GRID,0,CURRENT_CANDIDATE,CURRENT_GUIDANCE_RANGE,8,16,18,GAAP Operating Margin | GAAP Operating Margin | GAAP Operating Margin | 29.1% | 29.1% | 29.1%,"Current | FY 2025E | ~80% | $5,262 - $5,292 | 13% - 14% | ~70%",Fiscal Year 2025 Financial Outlook | GAAP Operating Margin | GAAP Operating Margin | GAAP Operating Margin | 29.1% | 29.1% | 29.1% | | | | 28.5% - 29.5% | 28.5% - 29.5% | 28.5% - 29.5% | | | | | | | 27.9% - 28.9% | 27.9% - 28.9% | 27.9% - 28.9% | | |,V8_FIVE_RELATION_CORRECTED_NOT_SOURCE_REVIEWED,,,ffa150883b27de6d25aa6bc05f327c07f964c84161be97b5b69c5170e2c2c060
CDNS,0000813672,0000813672-25-000144,2025-10-27T20:03:04.000Z,cfocommentary10272025ex9902.htm,https://www.sec.gov/Archives/edgar/data/813672/000081367225000144/cfocommentary10272025ex9902.htm,78f9b7d3e5119b8abc262bb79c127d7a452de82f3764e92251fe93952fcbc598,MARGIN,FY2025,NON_GAAP,NOT_APPLICABLE,PERCENT,43.9,44.9,44.4,CURRENT_GUIDANCE_RANGE,AS_REPORTED,HTML_TABLE_GRID,0,CURRENT_CANDIDATE,CURRENT_GUIDANCE_RANGE,8,18,18,Non-GAAP Operating Margin | Non-GAAP Operating Margin | Non-GAAP Operating Margin | 42.5% | 42.5% | 42.5%,"Current | FY 2025E | ~80% | $5,262 - $5,292 | 13% - 14% | ~70% | 27.9% - 28.9%",Fiscal Year 2025 Financial Outlook | Non-GAAP Operating Margin | Non-GAAP Operating Margin | Non-GAAP Operating Margin | 42.5% | 42.5% | 42.5% | | | | 43.5% - 44.5% | 43.5% - 44.5% | 43.5% - 44.5% | | | | | | | 43.9% - 44.9% | 43.9% - 44.9% | 43.9% - 44.9% | | |,V8_FIVE_RELATION_CORRECTED_NOT_SOURCE_REVIEWED,,,ffa150883b27de6d25aa6bc05f327c07f964c84161be97b5b69c5170e2c2c060
CDNS,0000813672,0000813672-25-000144,2025-10-27T20:03:04.000Z,cfocommentary10272025ex9902.htm,https://www.sec.gov/Archives/edgar/data/813672/000081367225000144/cfocommentary10272025ex9902.htm,78f9b7d3e5119b8abc262bb79c127d7a452de82f3764e92251fe93952fcbc598,EPS,FY2025,GAAP,NOT_APPLICABLE,USD_PER_SHARE,3.8,3.86,3.83,CURRENT_GUIDANCE_RANGE,AS_REPORTED,HTML_TABLE_GRID,0,CURRENT_CANDIDATE,CURRENT_GUIDANCE_RANGE,8,30,18,GAAP EPS | GAAP EPS | GAAP EPS | $ | 3.85,"Current | FY 2025E | ~80% | $5,262 - $5,292 | 13% - 14% | ~70% | 27.9% - 28.9% | 43.9% - 44.9% | $(18) - $(10) | $(33) - $(25) | ~29% | 16.5% | 273 - 275",Fiscal Year 2025 Financial Outlook | GAAP EPS | GAAP EPS | GAAP EPS | $ | 3.85 | | | | | $3.97 - $4.07 | $3.97 - $4.07 | $3.97 - $4.07 | | | | | | | $3.80 - $3.86 | $3.80 - $3.86 | $3.80 - $3.86 | | |,V8_FIVE_RELATION_CORRECTED_NOT_SOURCE_REVIEWED,,,e85c6aebbc21a100f0e6955cdd72f79a4cda5bfa585c5ecefff5b9e9dae17ce1
CDNS,0000813672,0000813672-25-000144,2025-10-27T20:03:04.000Z,cfocommentary10272025ex9902.htm,https://www.sec.gov/Archives/edgar/data/813672/000081367225000144/cfocommentary10272025ex9902.htm,78f9b7d3e5119b8abc262bb79c127d7a452de82f3764e92251fe93952fcbc598,EPS,FY2025,GAAP,NOT_APPLICABLE,USD_PER_SHARE,7.02,7.08,7.05,CURRENT_GUIDANCE_RANGE,AS_REPORTED,HTML_TABLE_GRID,0,CURRENT_CANDIDATE,CURRENT_GUIDANCE_RANGE,8,33,18,Non-GAAP EPS | Non-GAAP EPS | Non-GAAP EPS | $ | 5.97,"Current | FY 2025E | ~80% | $5,262 - $5,292 | 13% - 14% | ~70% | 27.9% - 28.9% | 43.9% - 44.9% | $(18) - $(10) | $(33) - $(25) | ~29% | 16.5% | 273 - 275 | $3.80 - $3.86 | (1)% - 0%",Fiscal Year 2025 Financial Outlook | Non-GAAP EPS | Non-GAAP EPS | Non-GAAP EPS | $ | 5.97 | | | | | $6.85 - $6.95 | $6.85 - $6.95 | $6.85 - $6.95 | | | | | | | $7.02 - $7.08 | $7.02 - $7.08 | $7.02 - $7.08 | | |,V8_FIVE_RELATION_CORRECTED_NOT_SOURCE_REVIEWED,,,e85c6aebbc21a100f0e6955cdd72f79a4cda5bfa585c5ecefff5b9e9dae17ce1
GPC,0000040987,0001193125-26-053013,2026-02-17T12:09:25.000Z,d44894dex991.htm,https://www.sec.gov/Archives/edgar/data/40987/000119312526053013/d44894dex991.htm,ef5ec7129b97ef2149d3a749deb72d223bf52def773413664eea5c11b791eec0,EPS,FY2026,UNSPECIFIED,NOT_APPLICABLE,USD_PER_SHARE,6.1,6.6,6.35,CURRENT_GUIDANCE_RANGE,AS_REPORTED,HTML_TABLE_GRID,0,CURRENT_CANDIDATE,CURRENT_GUIDANCE_RANGE,1,6,2,Diluted earnings per share,Year Ended 12/31/2026 | 3% to 5.5% | 3% to 5% | 3% to 6%,"The company’s Board of Directors approved a 3.2% increase to its regular quarterly cash dividend for 2026. This increased the cash dividend payable to an annual rate of $4.25 per share from $4.12 per share in 2025. The quarterly cash dividend of $1.0625 per share is payable April 2, 2026 to shareholders of record March 6, 2026. The company has paid a cash dividend every year since going public in 1948, and 2026 marks the 70th consecutive year of increased dividends paid to shareholders. | 2026 Outlook | In consideration of several factors, the company is establishing full-year 2026 guidance. The company considered its recent business trends and financial results, current growth plans, strategic initiatives, global economic outlook, geopolitical conflicts and the potential impact on results in establishing its guidance, which is outlined in the table below. | Diluted earnings per share | | $6.10 to $6.60",V8_FIVE_RELATION_CORRECTED_NOT_SOURCE_REVIEWED,,,b227b3655a70fe24527c4d97babcd5fa653d0c421b9b0745759e8d231c6ae1c4
GPC,0000040987,0001193125-26-053013,2026-02-17T12:09:25.000Z,d44894dex991.htm,https://www.sec.gov/Archives/edgar/data/40987/000119312526053013/d44894dex991.htm,ef5ec7129b97ef2149d3a749deb72d223bf52def773413664eea5c11b791eec0,EPS,FY2026,NON_GAAP,NOT_APPLICABLE,USD_PER_SHARE,7.5,8,7.75,CURRENT_GUIDANCE_RANGE,AS_REPORTED,HTML_TABLE_GRID,0,CURRENT_CANDIDATE,CURRENT_GUIDANCE_RANGE,1,7,2,Adjusted diluted earnings per share,Year Ended 12/31/2026 | 3% to 5.5% | 3% to 5% | 3% to 6% | $6.10 to $6.60,"The company’s Board of Directors approved a 3.2% increase to its regular quarterly cash dividend for 2026. This increased the cash dividend payable to an annual rate of $4.25 per share from $4.12 per share in 2025. The quarterly cash dividend of $1.0625 per share is payable April 2, 2026 to shareholders of record March 6, 2026. The company has paid a cash dividend every year since going public in 1948, and 2026 marks the 70th consecutive year of increased dividends paid to shareholders. | 2026 Outlook | In consideration of several factors, the company is establishing full-year 2026 guidance. The company considered its recent business trends and financial results, current growth plans, strategic initiatives, global economic outlook, geopolitical conflicts and the potential impact on results in establishing its guidance, which is outlined in the table below. | Adjusted diluted earnings per share | | $7.50 to $8.00",V8_FIVE_RELATION_CORRECTED_NOT_SOURCE_REVIEWED,,,b227b3655a70fe24527c4d97babcd5fa653d0c421b9b0745759e8d231c6ae1c4
GPC,0000040987,0001193125-26-053013,2026-02-17T12:09:25.000Z,d44894dex991.htm,https://www.sec.gov/Archives/edgar/data/40987/000119312526053013/d44894dex991.htm,ef5ec7129b97ef2149d3a749deb72d223bf52def773413664eea5c11b791eec0,FREE_CASH_FLOW,FY2026,NON_GAAP,NOT_APPLICABLE,USD,550000000,700000000,625000000,CURRENT_GUIDANCE_RANGE,AS_REPORTED,HTML_TABLE_GRID,0,CURRENT_CANDIDATE,CURRENT_GUIDANCE_RANGE,1,10,2,Free cash flow,Year Ended 12/31/2026 | 3% to 5.5% | 3% to 5% | 3% to 6% | $6.10 to $6.60 | $7.50 to $8.00 | Approx. 24% | $1.0 billion to $1.2 billion,"The company’s Board of Directors approved a 3.2% increase to its regular quarterly cash dividend for 2026. This increased the cash dividend payable to an annual rate of $4.25 per share from $4.12 per share in 2025. The quarterly cash dividend of $1.0625 per share is payable April 2, 2026 to shareholders of record March 6, 2026. The company has paid a cash dividend every year since going public in 1948, and 2026 marks the 70th consecutive year of increased dividends paid to shareholders. | 2026 Outlook | In consideration of several factors, the company is establishing full-year 2026 guidance. The company considered its recent business trends and financial results, current growth plans, strategic initiatives, global economic outlook, geopolitical conflicts and the potential impact on results in establishing its guidance, which is outlined in the table below. | Free cash flow | | $550 million to $700 million",V8_FIVE_RELATION_CORRECTED_NOT_SOURCE_REVIEWED,,,16d3ce26f47a5ec8a69b3e6ed25dbe2f54ffbf98304533f8ed8ee0b656295fdb
MSCI,0001408198,0001408198-26-000032,2026-04-21T10:49:03.000Z,earningsrelease-20260331xe.htm,https://www.sec.gov/Archives/edgar/data/1408198/000140819826000032/earningsrelease-20260331xe.htm,c7343412c00785073d8c5d2c8dfc83c8d1fbaff9e38a63d1ae6e75f9effdfed1,CAPEX,FY2026,NOT_APPLICABLE,NOT_APPLICABLE,USD,160000000,170000000,165000000,CURRENT_GUIDANCE_RANGE,AS_REPORTED,HTML_TABLE_GRID,0,CURRENT_CANDIDATE,CURRENT_GUIDANCE_RANGE,10,7,3,Capital Expenditures | Capital Expenditures | Capital Expenditures,"Current Guidance for Full-Year 2026 | $1,490 to $1,530 million | $1,305 to $1,335 million | $274 to $280 million | $190 to $200 million | 18.0% to 20.0%",| Capital Expenditures | Capital Expenditures | Capital Expenditures | $160 to $170 million | $160 to $170 million | $160 to $170 million | $160 to $170 million | $160 to $170 million | $160 to $170 million,V8_FIVE_RELATION_CORRECTED_NOT_SOURCE_REVIEWED,,,badf30864fd80eeea98d7853f052fe2220f15eea1b0b9d8bd9fb0ec453f47308
MSCI,0001408198,0001408198-26-000032,2026-04-21T10:49:03.000Z,earningsrelease-20260331xe.htm,https://www.sec.gov/Archives/edgar/data/1408198/000140819826000032/earningsrelease-20260331xe.htm,c7343412c00785073d8c5d2c8dfc83c8d1fbaff9e38a63d1ae6e75f9effdfed1,FREE_CASH_FLOW,FY2026,NON_GAAP,NOT_APPLICABLE,USD,1470000000,1530000000,1500000000,CURRENT_GUIDANCE_RANGE,AS_REPORTED,HTML_TABLE_GRID,0,CURRENT_CANDIDATE,CURRENT_GUIDANCE_RANGE,10,9,3,Free Cash Flow | Free Cash Flow | Free Cash Flow,"Current Guidance for Full-Year 2026 | $1,490 to $1,530 million | $1,305 to $1,335 million | $274 to $280 million | $190 to $200 million | 18.0% to 20.0% | $160 to $170 million | $1,640 to $1,690 million","| Free Cash Flow | Free Cash Flow | Free Cash Flow | $1,470 to $1,530 million | $1,470 to $1,530 million | $1,470 to $1,530 million | $1,470 to $1,530 million | $1,470 to $1,530 million | $1,470 to $1,530 million",V8_FIVE_RELATION_CORRECTED_NOT_SOURCE_REVIEWED,,,1a85393ce0927a137123a25bc430362e5fad4a7bfda861ea43d397346dfd3dca
CDNS,0000813672,0000813672-26-000044,2026-04-27T20:03:41.000Z,cfocommentary04272026ex9902.htm,https://www.sec.gov/Archives/edgar/data/813672/000081367226000044/cfocommentary04272026ex9902.htm,ff517810547bf265888593ed6d1f053caf7a6a2574251a9ff66aed1ccb2fe230,MARGIN,FY2026,GAAP,NOT_APPLICABLE,PERCENT,27.5,28.5,28,CURRENT_GUIDANCE_RANGE,AS_REPORTED,HTML_TABLE_GRID,0,CURRENT_CANDIDATE,CURRENT_GUIDANCE_RANGE,8,16,18,GAAP Operating Margin | GAAP Operating Margin | GAAP Operating Margin | 28.2% | 28.2% | 28.2%,"Current | FY 2026E | ~80% | $6,125 - $6,225 | 16% - 18% | ~66%",Fiscal Year 2026 Financial Outlook | GAAP Operating Margin | GAAP Operating Margin | GAAP Operating Margin | 28.2% | 28.2% | 28.2% | | | | 31.75% - 32.75% | 31.75% - 32.75% | 31.75% - 32.75% | | | | | | | 27.5% - 28.5% | 27.5% - 28.5% | 27.5% - 28.5% | | |,V8_FIVE_RELATION_CORRECTED_NOT_SOURCE_REVIEWED,,,6a6a6662e344441fce71ccf14610a908f86df8b021a602a5de20f5146674de4f
CDNS,0000813672,0000813672-26-000044,2026-04-27T20:03:41.000Z,cfocommentary04272026ex9902.htm,https://www.sec.gov/Archives/edgar/data/813672/000081367226000044/cfocommentary04272026ex9902.htm,ff517810547bf265888593ed6d1f053caf7a6a2574251a9ff66aed1ccb2fe230,MARGIN,FY2026,NON_GAAP,NOT_APPLICABLE,PERCENT,43.5,44.5,44,CURRENT_GUIDANCE_RANGE,AS_REPORTED,HTML_TABLE_GRID,0,CURRENT_CANDIDATE,CURRENT_GUIDANCE_RANGE,8,18,18,Non-GAAP Operating Margin | Non-GAAP Operating Margin | Non-GAAP Operating Margin | 44.6% | 44.6% | 44.6%,"Current | FY 2026E | ~80% | $6,125 - $6,225 | 16% - 18% | ~66% | 27.5% - 28.5%",Fiscal Year 2026 Financial Outlook | Non-GAAP Operating Margin | Non-GAAP Operating Margin | Non-GAAP Operating Margin | 44.6% | 44.6% | 44.6% | | | | 44.75% - 45.75% | 44.75% - 45.75% | 44.75% - 45.75% | | | | | | | 43.5% - 44.5% | 43.5% - 44.5% | 43.5% - 44.5% | | |,V8_FIVE_RELATION_CORRECTED_NOT_SOURCE_REVIEWED,,,6a6a6662e344441fce71ccf14610a908f86df8b021a602a5de20f5146674de4f
CDNS,0000813672,0000813672-26-000044,2026-04-27T20:03:41.000Z,cfocommentary04272026ex9902.htm,https://www.sec.gov/Archives/edgar/data/813672/000081367226000044/cfocommentary04272026ex9902.htm,ff517810547bf265888593ed6d1f053caf7a6a2574251a9ff66aed1ccb2fe230,EPS,FY2026,GAAP,NOT_APPLICABLE,USD_PER_SHARE,4.39,4.49,4.44,CURRENT_GUIDANCE_RANGE,AS_REPORTED,HTML_TABLE_GRID,0,CURRENT_CANDIDATE,CURRENT_GUIDANCE_RANGE,8,30,18,GAAP EPS | GAAP EPS | GAAP EPS | $ | 4.06,"Current | FY 2026E | ~80% | $6,125 - $6,225 | 16% - 18% | ~66% | 27.5% - 28.5% | 43.5% - 44.5% | $(101) - $(81) | $(115) - $(95) | ~26% | 16.5% | 275 - 277",Fiscal Year 2026 Financial Outlook | GAAP EPS | GAAP EPS | GAAP EPS | $ | 4.06 | | | | | $4.95 - $5.05 | $4.95 - $5.05 | $4.95 - $5.05 | | | | | | | $4.39 - $4.49 | $4.39 - $4.49 | $4.39 - $4.49 | | |,V8_FIVE_RELATION_CORRECTED_NOT_SOURCE_REVIEWED,,,817229e13861c9f45d5454e348fe04534130b038dca1e4eb9fc04de205a4b02a
CDNS,0000813672,0000813672-26-000044,2026-04-27T20:03:41.000Z,cfocommentary04272026ex9902.htm,https://www.sec.gov/Archives/edgar/data/813672/000081367226000044/cfocommentary04272026ex9902.htm,ff517810547bf265888593ed6d1f053caf7a6a2574251a9ff66aed1ccb2fe230,EPS,FY2026,GAAP,NOT_APPLICABLE,USD_PER_SHARE,7.85,7.95,7.9,CURRENT_GUIDANCE_RANGE,AS_REPORTED,HTML_TABLE_GRID,0,CURRENT_CANDIDATE,CURRENT_GUIDANCE_RANGE,8,33,18,Non-GAAP EPS | Non-GAAP EPS | Non-GAAP EPS | $ | 7.14,"Current | FY 2026E | ~80% | $6,125 - $6,225 | 16% - 18% | ~66% | 27.5% - 28.5% | 43.5% - 44.5% | $(101) - $(81) | $(115) - $(95) | ~26% | 16.5% | 275 - 277 | $4.39 - $4.49 | 8% - 11%",Fiscal Year 2026 Financial Outlook | Non-GAAP EPS | Non-GAAP EPS | Non-GAAP EPS | $ | 7.14 | | | | | $8.05 - $8.15 | $8.05 - $8.15 | $8.05 - $8.15 | | | | | | | $7.85 - $7.95 | $7.85 - $7.95 | $7.85 - $7.95 | | |,V8_FIVE_RELATION_CORRECTED_NOT_SOURCE_REVIEWED,,,817229e13861c9f45d5454e348fe04534130b038dca1e4eb9fc04de205a4b02a
HST,0001070750,0001070750-26-000077,2026-05-06T20:37:21.000Z,hst-ex991.htm,https://www.sec.gov/Archives/edgar/data/1070750/000107075026000077/hst-ex991.htm,5ef1a7cf2fe73c6b9ca22d91884a9b87b65787fe87de9aac103ff138f114f3fd,MARGIN,FY2026,UNSPECIFIED,NOT_APPLICABLE,PERCENT,29.4,29.7,29.55,CURRENT_GUIDANCE_RANGE,AS_REPORTED,HTML_TABLE_GRID,0,CURRENT_CANDIDATE,CURRENT_GUIDANCE_RANGE,7,6,3,Comparable hotel EBITDA margin | Comparable hotel EBITDA margin | Comparable hotel EBITDA margin,"Current Full Year 2026 Guidance | $386 to $391 | $230 to $233 | $6,097 to $6,184 | 14.4% to 15.1%",| Comparable hotel EBITDA margin | Comparable hotel EBITDA margin | Comparable hotel EBITDA margin | 29.4% to 29.7% | 29.4% to 29.7% | 29.4% to 29.7% | | | | 20 bps to 50 bps | 20 bps to 50 bps | 20 bps to 50 bps | | | | (20) bps to 20 bps | (20) bps to 20 bps | (20) bps to 20 bps | | | | 30 bps | 30 bps | 30 bps,V8_FIVE_RELATION_CORRECTED_NOT_SOURCE_REVIEWED,,,2d6176b59ea23d02df575132206462cab758a33043f85342aff7dc9d2f2c8061
PFE,0000078003,0000078003-26-000087,2026-06-18T17:17:22.000Z,pfe-20260618.htm,https://www.sec.gov/Archives/edgar/data/78003/000007800326000087/pfe-20260618.htm,a0714fa6f0c4047095bfd9bb6d45465edceaf1093e831af54f163c14a1a7473a,EPS,FY2026,NON_GAAP,NOT_APPLICABLE,USD_PER_SHARE,2.8,3,2.9,CURRENT_GUIDANCE_RANGE,AS_REPORTED,NARRATIVE_CLAUSE,446,CURRENT_CANDIDATE,CURRENT_GUIDANCE_RANGE,,,,,,"Following the disclosure of Pfizer’s Chief Financial Officer transition announcement on June 18, 2026, Pfizer today is reaffirming its fiscal year 2026 guidance introduced December 16, 2025 and reaffirmed on its first quarter earnings call on May 5, 2026. The company is reaffirming all components of its full-year 2026 guidance previously announced, including Revenues in a range of $59.5 to $62.5 billion and Adjusted Diluted EPS in a Range of $2.80 to $3.00. Additional information, including defined terms, can be found in Pfizer’s 2026 First Quarter Earnings Release, issued on May 5, 2026.Following the disclosure of Pfizer’s Chief Financial Officer transition announcement on June 18, 2026, Pfizer today is reaffirming its fiscal year 2026 guidance introduced December 16, 2025 and reaffirmed on its first quarter earnings call on May 5, 2026. The company is reaffirming all components of its full-year 2026 guidance previously announced, including Revenues in a range of $59.5 to $62.5 billio",V8_FIVE_RELATION_CORRECTED_NOT_SOURCE_REVIEWED,/html/body/div[51]/table/tr[2],HTML_SINGLE_CELL_ROW,f9a36d64ea2f0522554982452d20cee64590fd009c08b33f75e4f00ba39edde3
