ticker,cik,accession_number,form,filing_date,accepted_at,items,primary_document,archive_dir,index_json_url,classification_status
RF,0001281761,0001281761-16-000148,8-K,2016-07-19,2016-07-18T22:30:44.000Z,"2.02,7.01",rf-20160630x8k.htm,https://www.sec.gov/Archives/edgar/data/1281761/000128176116000148,https://www.sec.gov/Archives/edgar/data/1281761/000128176116000148/index.json,NOT_CLASSIFIED
IBM,0000051143,0001104659-16-133151,8-K,2016-07-19,2016-07-19T12:47:20.000Z,7.01,a16-14976_28k.htm,https://www.sec.gov/Archives/edgar/data/51143/000110465916133151,https://www.sec.gov/Archives/edgar/data/51143/000110465916133151/index.json,NOT_CLASSIFIED
UAL,0000100517,0001193125-16-651195,8-K,2016-07-19,2016-07-19T20:15:57.000Z,"2.02,7.01",d228408d8k.htm,https://www.sec.gov/Archives/edgar/data/100517/000119312516651195,https://www.sec.gov/Archives/edgar/data/100517/000119312516651195/index.json,NOT_CLASSIFIED
LUV,0000092380,0000092380-16-000250,8-K,2016-07-21,2016-07-21T13:38:38.000Z,2.02,er-6302016xcoverpage.htm,https://www.sec.gov/Archives/edgar/data/92380/000009238016000250,https://www.sec.gov/Archives/edgar/data/92380/000009238016000250/index.json,NOT_CLASSIFIED
HUM,0000049071,0000049071-16-000161,8-K,2016-07-21,2016-07-21T17:39:35.000Z,7.01,humana8-ka07212016.htm,https://www.sec.gov/Archives/edgar/data/49071/000004907116000161,https://www.sec.gov/Archives/edgar/data/49071/000004907116000161/index.json,NOT_CLASSIFIED
DPZ,0001286681,0001193125-16-654436,8-K,2016-07-22,2016-07-22T13:04:56.000Z,7.01,d212207d8k.htm,https://www.sec.gov/Archives/edgar/data/1286681/000119312516654436,https://www.sec.gov/Archives/edgar/data/1286681/000119312516654436/index.json,NOT_CLASSIFIED
DTE,0000936340,0000936340-16-000366,8-K,2016-07-26,2016-07-26T10:48:57.000Z,"2.02,7.01",a8-kearningsrelease2ndqtr2.htm,https://www.sec.gov/Archives/edgar/data/936340/000093634016000366,https://www.sec.gov/Archives/edgar/data/936340/000093634016000366/index.json,NOT_CLASSIFIED
CINF,0000020286,0000020286-16-000083,8-K,2016-07-26,2016-07-26T20:06:39.000Z,2.02,a2q16release8-k.htm,https://www.sec.gov/Archives/edgar/data/20286/000002028616000083,https://www.sec.gov/Archives/edgar/data/20286/000002028616000083/index.json,NOT_CLASSIFIED
DTE,0000936340,0000936340-16-000371,8-K,2016-07-26,2016-07-26T20:17:46.000Z,7.01,a8-kir7262016.htm,https://www.sec.gov/Archives/edgar/data/936340/000093634016000371,https://www.sec.gov/Archives/edgar/data/936340/000093634016000371/index.json,NOT_CLASSIFIED
ELV,0001156039,0001193125-16-659014,8-K,2016-07-27,2016-07-27T10:07:57.000Z,2.02,d146448d8k.htm,https://www.sec.gov/Archives/edgar/data/1156039/000119312516659014,https://www.sec.gov/Archives/edgar/data/1156039/000119312516659014/index.json,NOT_CLASSIFIED
IVZ,0000914208,0000914208-16-001071,8-K,2016-07-28,2016-07-28T12:25:52.000Z,2.02,ivz8k2q16cover.htm,https://www.sec.gov/Archives/edgar/data/914208/000091420816001071,https://www.sec.gov/Archives/edgar/data/914208/000091420816001071/index.json,NOT_CLASSIFIED
ODFL,0000878927,0000878927-16-000077,8-K,2016-07-28,2016-07-28T13:21:25.000Z,2.02,q22016-8xk.htm,https://www.sec.gov/Archives/edgar/data/878927/000087892716000077,https://www.sec.gov/Archives/edgar/data/878927/000087892716000077/index.json,NOT_CLASSIFIED
PFG,0001126328,0001126328-16-000533,8-K,2016-07-28,2016-07-28T20:19:07.000Z,2.02,pfg8-kre2q2016earnings0728.htm,https://www.sec.gov/Archives/edgar/data/1126328/000112632816000533,https://www.sec.gov/Archives/edgar/data/1126328/000112632816000533/index.json,NOT_CLASSIFIED
EIX,0000827052,0000827052-16-000366,8-K,2016-07-29,2016-07-29T21:02:39.000Z,7.01,form8-kbusinessupdatejuly2.htm,https://www.sec.gov/Archives/edgar/data/827052/000082705216000366,https://www.sec.gov/Archives/edgar/data/827052/000082705216000366/index.json,NOT_CLASSIFIED
EMR,0000032604,0000950138-16-001233,8-K,2016-08-02,2016-08-02T10:30:35.000Z,7.01,emerson8kenp.htm,https://www.sec.gov/Archives/edgar/data/32604/000095013816001233,https://www.sec.gov/Archives/edgar/data/32604/000095013816001233/index.json,NOT_CLASSIFIED
DTE,0000936340,0000936340-16-000373,8-K,2016-08-02,2016-08-02T20:27:03.000Z,2.02,a8-kearningsrelease2ndqtr2.htm,https://www.sec.gov/Archives/edgar/data/936340/000093634016000373,https://www.sec.gov/Archives/edgar/data/936340/000093634016000373/index.json,NOT_CLASSIFIED
DTE,0000936340,0000936340-16-000377,8-K,2016-08-03,2016-08-03T20:20:01.000Z,7.01,a8-kir8316.htm,https://www.sec.gov/Archives/edgar/data/936340/000093634016000377,https://www.sec.gov/Archives/edgar/data/936340/000093634016000377/index.json,NOT_CLASSIFIED
CF,0001324404,0001324404-16-000033,8-K,2016-08-03,2016-08-03T21:14:43.000Z,2.02,cf-08032016_8kearningsreleas.htm,https://www.sec.gov/Archives/edgar/data/1324404/000132440416000033,https://www.sec.gov/Archives/edgar/data/1324404/000132440416000033/index.json,NOT_CLASSIFIED
CF,0001324404,0001104659-16-136656,8-K,2016-08-04,2016-08-03T23:04:56.000Z,2.02,a16-16126_18k.htm,https://www.sec.gov/Archives/edgar/data/1324404/000110465916136656,https://www.sec.gov/Archives/edgar/data/1324404/000110465916136656/index.json,NOT_CLASSIFIED
WDC,0000106040,0001193125-16-670845,8-K,2016-08-04,2016-08-04T10:05:57.000Z,7.01,d220841d8k.htm,https://www.sec.gov/Archives/edgar/data/106040/000119312516670845,https://www.sec.gov/Archives/edgar/data/106040/000119312516670845/index.json,NOT_CLASSIFIED
UAL,0000100517,0001193125-16-675236,8-K,2016-08-08,2016-08-08T20:46:01.000Z,7.01,d200699d8k.htm,https://www.sec.gov/Archives/edgar/data/100517/000119312516675236,https://www.sec.gov/Archives/edgar/data/100517/000119312516675236/index.json,NOT_CLASSIFIED
IVZ,0000914208,0000914208-16-001091,8-K,2016-08-10,2016-08-10T13:38:21.000Z,7.01,a8k0716coverpageaumrelease.htm,https://www.sec.gov/Archives/edgar/data/914208/000091420816001091,https://www.sec.gov/Archives/edgar/data/914208/000091420816001091/index.json,NOT_CLASSIFIED
LUV,0000092380,0000092380-16-000262,8-K,2016-08-10,2016-08-10T15:29:00.000Z,7.01,traffic8k072016cover.htm,https://www.sec.gov/Archives/edgar/data/92380/000009238016000262,https://www.sec.gov/Archives/edgar/data/92380/000009238016000262/index.json,NOT_CLASSIFIED
PPL,0000922224,0000922224-16-000184,8-K,2016-08-11,2016-08-11T11:37:17.000Z,7.01,form8k.htm,https://www.sec.gov/Archives/edgar/data/922224/000092222416000184,https://www.sec.gov/Archives/edgar/data/922224/000092222416000184/index.json,NOT_CLASSIFIED
COF,0000927628,0000927628-16-000206,8-K,2016-08-15,2016-08-12T21:35:35.000Z,7.01,july2016creditmetricsform8.htm,https://www.sec.gov/Archives/edgar/data/927628/000092762816000206,https://www.sec.gov/Archives/edgar/data/927628/000092762816000206/index.json,NOT_CLASSIFIED
AXP,0000004962,0000004962-16-000191,8-K,2016-08-15,2016-08-15T16:05:04.000Z,7.01,creditstataug2016.htm,https://www.sec.gov/Archives/edgar/data/4962/000000496216000191,https://www.sec.gov/Archives/edgar/data/4962/000000496216000191/index.json,NOT_CLASSIFIED
CINF,0000020286,0000020286-16-000090,8-K,2016-08-16,2016-08-16T12:54:01.000Z,7.01,cinfcacapstonerelease8-k08.htm,https://www.sec.gov/Archives/edgar/data/20286/000002028616000090,https://www.sec.gov/Archives/edgar/data/20286/000002028616000090/index.json,NOT_CLASSIFIED
PGR,0000080661,0000080661-16-000119,8-K,2016-08-17,2016-08-17T12:52:02.000Z,7.01,a8-kjuly2016earningsrelease.htm,https://www.sec.gov/Archives/edgar/data/80661/000008066116000119,https://www.sec.gov/Archives/edgar/data/80661/000008066116000119/index.json,NOT_CLASSIFIED
DTE,0000936340,0000936340-16-000381,8-K,2016-08-17,2016-08-17T20:16:47.000Z,7.01,a8-kbarclaysconference81716.htm,https://www.sec.gov/Archives/edgar/data/936340/000093634016000381,https://www.sec.gov/Archives/edgar/data/936340/000093634016000381/index.json,NOT_CLASSIFIED
ALL,0000899051,0000899051-16-000072,8-K,2016-08-18,2016-08-18T12:00:27.000Z,7.01,a8-k81816.htm,https://www.sec.gov/Archives/edgar/data/899051/000089905116000072,https://www.sec.gov/Archives/edgar/data/899051/000089905116000072/index.json,NOT_CLASSIFIED
DTE,0000936340,0000936340-16-000388,8-K,2016-09-06,2016-09-06T20:16:07.000Z,7.01,a8-kconferenceny972016.htm,https://www.sec.gov/Archives/edgar/data/936340/000093634016000388,https://www.sec.gov/Archives/edgar/data/936340/000093634016000388/index.json,NOT_CLASSIFIED
CINF,0000020286,0001144204-16-122882,8-K,2016-09-06,2016-09-06T20:16:28.000Z,7.01,v448337_8k.htm,https://www.sec.gov/Archives/edgar/data/20286/000114420416122882,https://www.sec.gov/Archives/edgar/data/20286/000114420416122882/index.json,NOT_CLASSIFIED
TDG,0001260221,0001260221-16-000081,8-K,2016-09-06,2016-09-06T20:22:08.000Z,7.01,form8-ktactairrelease.htm,https://www.sec.gov/Archives/edgar/data/1260221/000126022116000081,https://www.sec.gov/Archives/edgar/data/1260221/000126022116000081/index.json,NOT_CLASSIFIED
LUV,0000092380,0000092380-16-000264,8-K,2016-09-07,2016-09-07T10:23:30.000Z,7.01,traffic8k082016cover.htm,https://www.sec.gov/Archives/edgar/data/92380/000009238016000264,https://www.sec.gov/Archives/edgar/data/92380/000009238016000264/index.json,NOT_CLASSIFIED
FE,0001031296,0001031296-16-000108,8-K,2016-09-08,2016-09-08T13:00:24.000Z,7.01,a8-kdated09082016.htm,https://www.sec.gov/Archives/edgar/data/1031296/000103129616000108,https://www.sec.gov/Archives/edgar/data/1031296/000103129616000108/index.json,NOT_CLASSIFIED
IVZ,0000914208,0000914208-16-001135,8-K,2016-09-13,2016-09-13T12:25:45.000Z,7.01,a8k0816coverpageaumrelease.htm,https://www.sec.gov/Archives/edgar/data/914208/000091420816001135,https://www.sec.gov/Archives/edgar/data/914208/000091420816001135/index.json,NOT_CLASSIFIED
COF,0000927628,0000927628-16-000208,8-K,2016-09-13,2016-09-13T16:06:58.000Z,7.01,a8-kdated9132016.htm,https://www.sec.gov/Archives/edgar/data/927628/000092762816000208,https://www.sec.gov/Archives/edgar/data/927628/000092762816000208/index.json,NOT_CLASSIFIED
DTE,0000936340,0000936340-16-000392,8-K,2016-09-13,2016-09-13T20:17:11.000Z,7.01,a8-kconferenceboston9132016.htm,https://www.sec.gov/Archives/edgar/data/936340/000093634016000392,https://www.sec.gov/Archives/edgar/data/936340/000093634016000392/index.json,NOT_CLASSIFIED
RF,0001281761,0001281761-16-000178,8-K,2016-09-13,2016-09-13T20:38:12.000Z,7.01,a8-k09x13x16ir.htm,https://www.sec.gov/Archives/edgar/data/1281761/000128176116000178,https://www.sec.gov/Archives/edgar/data/1281761/000128176116000178/index.json,NOT_CLASSIFIED
COF,0000927628,0000927628-16-000212,8-K,2016-09-15,2016-09-14T21:45:29.000Z,7.01,august2016creditmetricsfor.htm,https://www.sec.gov/Archives/edgar/data/927628/000092762816000212,https://www.sec.gov/Archives/edgar/data/927628/000092762816000212/index.json,NOT_CLASSIFIED
DTE,0000936340,0000936340-16-000397,8-K,2016-09-26,2016-09-26T20:51:20.000Z,7.01,a8-kgspacquisition9262016.htm,https://www.sec.gov/Archives/edgar/data/936340/000093634016000397,https://www.sec.gov/Archives/edgar/data/936340/000093634016000397/index.json,NOT_CLASSIFIED
DTE,0000936340,0000936340-16-000399,8-K,2016-09-27,2016-09-27T20:17:51.000Z,7.01,a8-kconferencenewyork92720.htm,https://www.sec.gov/Archives/edgar/data/936340/000093634016000399,https://www.sec.gov/Archives/edgar/data/936340/000093634016000399/index.json,NOT_CLASSIFIED
TDG,0001260221,0001260221-16-000087,8-K,2016-10-04,2016-10-04T12:17:59.000Z,"2.02,7.01",a8-ktermloandividend2016.htm,https://www.sec.gov/Archives/edgar/data/1260221/000126022116000087,https://www.sec.gov/Archives/edgar/data/1260221/000126022116000087/index.json,NOT_CLASSIFIED
LUV,0000092380,0000092380-16-000266,8-K,2016-10-11,2016-10-11T13:59:52.000Z,2.02,traffic8k092016cover.htm,https://www.sec.gov/Archives/edgar/data/92380/000009238016000266,https://www.sec.gov/Archives/edgar/data/92380/000009238016000266/index.json,NOT_CLASSIFIED
TDG,0001260221,0001260221-16-000094,8-K,2016-10-13,2016-10-13T15:47:23.000Z,7.01,a8-kxcashtenderoffer2021no.htm,https://www.sec.gov/Archives/edgar/data/1260221/000126022116000094,https://www.sec.gov/Archives/edgar/data/1260221/000126022116000094/index.json,NOT_CLASSIFIED
TDG,0001260221,0001260221-16-000096,8-K,2016-10-14,2016-10-14T20:13:44.000Z,7.01,a8-kxtermloananddividendpr.htm,https://www.sec.gov/Archives/edgar/data/1260221/000126022116000096,https://www.sec.gov/Archives/edgar/data/1260221/000126022116000096/index.json,NOT_CLASSIFIED
COF,0000927628,0000927628-16-000215,8-K,2016-10-17,2016-10-14T21:36:59.000Z,7.01,sept2016creditmetricsform8-k.htm,https://www.sec.gov/Archives/edgar/data/927628/000092762816000215,https://www.sec.gov/Archives/edgar/data/927628/000092762816000215/index.json,NOT_CLASSIFIED
AXP,0000004962,0000004962-16-000198,8-K,2016-10-17,2016-10-17T16:03:44.000Z,7.01,creditstatoct2016.htm,https://www.sec.gov/Archives/edgar/data/4962/000000496216000198,https://www.sec.gov/Archives/edgar/data/4962/000000496216000198/index.json,NOT_CLASSIFIED
UAL,0000100517,0001193125-16-739746,8-K,2016-10-17,2016-10-17T20:34:33.000Z,"2.02,7.01",d258038d8k.htm,https://www.sec.gov/Archives/edgar/data/100517/000119312516739746,https://www.sec.gov/Archives/edgar/data/100517/000119312516739746/index.json,NOT_CLASSIFIED
IBM,0000051143,0001104659-16-150652,8-K,2016-10-18,2016-10-18T15:17:10.000Z,7.01,a16-19797_28k.htm,https://www.sec.gov/Archives/edgar/data/51143/000110465916150652,https://www.sec.gov/Archives/edgar/data/51143/000110465916150652/index.json,NOT_CLASSIFIED
PFG,0001126328,0001126328-16-000585,8-K,2016-10-18,2016-10-18T16:00:24.000Z,7.01,pfg8-kreaum101816.htm,https://www.sec.gov/Archives/edgar/data/1126328/000112632816000585,https://www.sec.gov/Archives/edgar/data/1126328/000112632816000585/index.json,NOT_CLASSIFIED
RF,0001281761,0001281761-16-000186,8-K,2016-10-18,2016-10-18T20:47:41.000Z,7.01,rf-20161018x8kdfast.htm,https://www.sec.gov/Archives/edgar/data/1281761/000128176116000186,https://www.sec.gov/Archives/edgar/data/1281761/000128176116000186/index.json,NOT_CLASSIFIED
CNP,0001130310,0001193125-16-740871,8-K,2016-10-18,2016-10-18T21:03:00.000Z,7.01,d272388d8k.htm,https://www.sec.gov/Archives/edgar/data/1130310/000119312516740871,https://www.sec.gov/Archives/edgar/data/1130310/000119312516740871/index.json,NOT_CLASSIFIED
USB,0000036104,0001193125-16-741208,8-K,2016-10-19,2016-10-19T10:54:00.000Z,2.02,d87859d8k.htm,https://www.sec.gov/Archives/edgar/data/36104/000119312516741208,https://www.sec.gov/Archives/edgar/data/36104/000119312516741208/index.json,NOT_CLASSIFIED
AXP,0000004962,0000004962-16-000200,8-K,2016-10-19,2016-10-19T20:07:42.000Z,"2.02,7.01",earningsq316.htm,https://www.sec.gov/Archives/edgar/data/4962/000000496216000200,https://www.sec.gov/Archives/edgar/data/4962/000000496216000200/index.json,NOT_CLASSIFIED
COHR,0000820318,0001171843-16-012598,8-K,2016-10-25,2016-10-25T10:55:13.000Z,2.02,f8k_102416.htm,https://www.sec.gov/Archives/edgar/data/820318/000117184316012598,https://www.sec.gov/Archives/edgar/data/820318/000117184316012598/index.json,NOT_CLASSIFIED
DPZ,0001286681,0001193125-16-746465,8-K,2016-10-25,2016-10-25T19:24:02.000Z,7.01,d272970d8k.htm,https://www.sec.gov/Archives/edgar/data/1286681/000119312516746465,https://www.sec.gov/Archives/edgar/data/1286681/000119312516746465/index.json,NOT_CLASSIFIED
COF,0000927628,0000927628-16-000220,8-K,2016-10-25,2016-10-25T20:01:56.000Z,2.02,q32016earningsrelease8-k.htm,https://www.sec.gov/Archives/edgar/data/927628/000092762816000220,https://www.sec.gov/Archives/edgar/data/927628/000092762816000220/index.json,NOT_CLASSIFIED
CINF,0000020286,0000020286-16-000099,8-K,2016-10-25,2016-10-25T20:06:32.000Z,2.02,a3q16release8-k.htm,https://www.sec.gov/Archives/edgar/data/20286/000002028616000099,https://www.sec.gov/Archives/edgar/data/20286/000002028616000099/index.json,NOT_CLASSIFIED
IVZ,0000914208,0000914208-16-001157,8-K,2016-10-27,2016-10-27T12:31:11.000Z,2.02,ivz8k3q16cover.htm,https://www.sec.gov/Archives/edgar/data/914208/000091420816001157,https://www.sec.gov/Archives/edgar/data/914208/000091420816001157/index.json,NOT_CLASSIFIED
MAA,0000912595,0000912595-16-000050,8-K,2016-10-27,2016-10-27T20:32:56.000Z,2.02,maa93016-er.htm,https://www.sec.gov/Archives/edgar/data/912595/000091259516000050,https://www.sec.gov/Archives/edgar/data/912595/000091259516000050/index.json,NOT_CLASSIFIED
PFG,0001126328,0001126328-16-000588,8-K,2016-10-27,2016-10-27T20:50:58.000Z,2.02,pfg8-kre3q2016earnings1027.htm,https://www.sec.gov/Archives/edgar/data/1126328/000112632816000588,https://www.sec.gov/Archives/edgar/data/1126328/000112632816000588/index.json,NOT_CLASSIFIED
CNP,0001130310,0001193125-16-753671,8-K,2016-10-31,2016-10-31T21:00:55.000Z,7.01,d192850d8k.htm,https://www.sec.gov/Archives/edgar/data/1130310/000119312516753671,https://www.sec.gov/Archives/edgar/data/1130310/000119312516753671/index.json,NOT_CLASSIFIED
EIX,0000827052,0000827052-16-000397,8-K,2016-11-01,2016-11-01T20:02:54.000Z,"2.02,7.01",eix-sceform8xkre3q2016erno.htm,https://www.sec.gov/Archives/edgar/data/827052/000082705216000397,https://www.sec.gov/Archives/edgar/data/827052/000082705216000397/index.json,NOT_CLASSIFIED
ALL,0000899051,0000899051-16-000081,8-K,2016-11-02,2016-11-02T20:21:00.000Z,2.02,allcorpearningsrelease8-k9.htm,https://www.sec.gov/Archives/edgar/data/899051/000089905116000081,https://www.sec.gov/Archives/edgar/data/899051/000089905116000081/index.json,NOT_CLASSIFIED
PNC,0000713676,0001193125-16-758662,8-K,2016-11-03,2016-11-03T18:44:11.000Z,2.02,d284249d8k.htm,https://www.sec.gov/Archives/edgar/data/713676/000119312516758662,https://www.sec.gov/Archives/edgar/data/713676/000119312516758662/index.json,NOT_CLASSIFIED
COF,0000927628,0000927628-16-000230,8-K,2016-11-04,2016-11-04T13:45:36.000Z,7.01,a8-kdated1142016.htm,https://www.sec.gov/Archives/edgar/data/927628/000092762816000230,https://www.sec.gov/Archives/edgar/data/927628/000092762816000230/index.json,NOT_CLASSIFIED
DTE,0000936340,0000936340-16-000421,8-K,2016-11-04,2016-11-04T20:17:06.000Z,7.01,a8-keeiconferencenov2016.htm,https://www.sec.gov/Archives/edgar/data/936340/000093634016000421,https://www.sec.gov/Archives/edgar/data/936340/000093634016000421/index.json,NOT_CLASSIFIED
COF,0000927628,0000927628-16-000232,8-K,2016-11-04,2016-11-04T20:51:41.000Z,7.01,a8-kdividends1142016.htm,https://www.sec.gov/Archives/edgar/data/927628/000092762816000232,https://www.sec.gov/Archives/edgar/data/927628/000092762816000232/index.json,NOT_CLASSIFIED
FE,0001031296,0001031296-16-000122,8-K,2016-11-04,2016-11-04T21:17:01.000Z,7.01,a8-kdated11042016xeei.htm,https://www.sec.gov/Archives/edgar/data/1031296/000103129616000122,https://www.sec.gov/Archives/edgar/data/1031296/000103129616000122/index.json,NOT_CLASSIFIED
DTE,0000936340,0000936340-16-000423,8-K,2016-11-14,2016-11-14T11:46:40.000Z,7.01,a8-kq4ndr111416.htm,https://www.sec.gov/Archives/edgar/data/936340/000093634016000423,https://www.sec.gov/Archives/edgar/data/936340/000093634016000423/index.json,NOT_CLASSIFIED
MAA,0000912595,0001144204-16-134574,8-K,2016-11-15,2016-11-15T14:16:10.000Z,7.01,v453143_8k.htm,https://www.sec.gov/Archives/edgar/data/912595/000114420416134574,https://www.sec.gov/Archives/edgar/data/912595/000114420416134574/index.json,NOT_CLASSIFIED
AXP,0000004962,0000004962-16-000213,8-K,2016-11-15,2016-11-15T17:01:52.000Z,7.01,creditstatnov2016.htm,https://www.sec.gov/Archives/edgar/data/4962/000000496216000213,https://www.sec.gov/Archives/edgar/data/4962/000000496216000213/index.json,NOT_CLASSIFIED
PFG,0001126328,0001126328-16-000604,8-K,2016-11-16,2016-11-15T22:37:41.000Z,"2.02,7.01",pfg8-kreinvestordaypresent.htm,https://www.sec.gov/Archives/edgar/data/1126328/000112632816000604,https://www.sec.gov/Archives/edgar/data/1126328/000112632816000604/index.json,NOT_CLASSIFIED
CNP,0001130310,0001193125-16-769819,8-K,2016-11-16,2016-11-16T21:30:55.000Z,7.01,d272014d8k.htm,https://www.sec.gov/Archives/edgar/data/1130310/000119312516769819,https://www.sec.gov/Archives/edgar/data/1130310/000119312516769819/index.json,NOT_CLASSIFIED
ALL,0000899051,0000899051-16-000084,8-K,2016-11-17,2016-11-17T13:00:21.000Z,7.01,a8-k111716.htm,https://www.sec.gov/Archives/edgar/data/899051/000089905116000084,https://www.sec.gov/Archives/edgar/data/899051/000089905116000084/index.json,NOT_CLASSIFIED
CINF,0000020286,0000020286-16-000107,8-K,2016-11-18,2016-11-18T17:43:21.000Z,7.01,boardactionsform8-k11x18x16.htm,https://www.sec.gov/Archives/edgar/data/20286/000002028616000107,https://www.sec.gov/Archives/edgar/data/20286/000002028616000107/index.json,NOT_CLASSIFIED
DE,0000315189,0001104659-16-158724,8-K,2016-11-23,2016-11-23T11:51:03.000Z,"2.02,7.01",a16-21932_18k.htm,https://www.sec.gov/Archives/edgar/data/315189/000110465916158724,https://www.sec.gov/Archives/edgar/data/315189/000110465916158724/index.json,NOT_CLASSIFIED
TDG,0001260221,0001260221-16-000112,8-K,2016-11-23,2016-11-23T14:05:34.000Z,7.01,a8-kxswapagreements.htm,https://www.sec.gov/Archives/edgar/data/1260221/000126022116000112,https://www.sec.gov/Archives/edgar/data/1260221/000126022116000112/index.json,NOT_CLASSIFIED
DE,0000315189,0001104659-16-160518,8-K,2016-12-05,2016-12-05T14:00:19.000Z,7.01,a16-22484_18k.htm,https://www.sec.gov/Archives/edgar/data/315189/000110465916160518,https://www.sec.gov/Archives/edgar/data/315189/000110465916160518/index.json,NOT_CLASSIFIED
RF,0001281761,0001281761-16-000212,8-K,2016-12-05,2016-12-05T21:44:55.000Z,7.01,rf-2016gs8k.htm,https://www.sec.gov/Archives/edgar/data/1281761/000128176116000212,https://www.sec.gov/Archives/edgar/data/1281761/000128176116000212/index.json,NOT_CLASSIFIED
LUV,0000092380,0000092380-16-000276,8-K,2016-12-07,2016-12-07T15:00:02.000Z,7.01,traffic8k112016cover.htm,https://www.sec.gov/Archives/edgar/data/92380/000009238016000276,https://www.sec.gov/Archives/edgar/data/92380/000009238016000276/index.json,NOT_CLASSIFIED
COF,0000927628,0000927628-16-000245,8-K,2016-12-07,2016-12-07T15:34:21.000Z,7.01,a8-kdated12072016.htm,https://www.sec.gov/Archives/edgar/data/927628/000092762816000245,https://www.sec.gov/Archives/edgar/data/927628/000092762816000245/index.json,NOT_CLASSIFIED
UAL,0000100517,0001193125-16-788492,8-K,2016-12-08,2016-12-08T21:16:02.000Z,7.01,d308627d8k.htm,https://www.sec.gov/Archives/edgar/data/100517/000119312516788492,https://www.sec.gov/Archives/edgar/data/100517/000119312516788492/index.json,NOT_CLASSIFIED
DTE,0000936340,0000936340-16-000444,8-K,2016-12-12,2016-12-12T21:17:03.000Z,7.01,a2016gasratecaseorder.htm,https://www.sec.gov/Archives/edgar/data/936340/000093634016000444,https://www.sec.gov/Archives/edgar/data/936340/000093634016000444/index.json,NOT_CLASSIFIED
IVZ,0000914208,0000914208-16-001223,8-K,2016-12-13,2016-12-13T14:22:49.000Z,7.01,a8k1116coverpageaumrelease.htm,https://www.sec.gov/Archives/edgar/data/914208/000091420816001223,https://www.sec.gov/Archives/edgar/data/914208/000091420816001223/index.json,NOT_CLASSIFIED
PGR,0000080661,0000080661-16-000133,8-K,2016-12-14,2016-12-14T13:50:38.000Z,7.01,a8-knov2016earningsrelease.htm,https://www.sec.gov/Archives/edgar/data/80661/000008066116000133,https://www.sec.gov/Archives/edgar/data/80661/000008066116000133/index.json,NOT_CLASSIFIED
COF,0000927628,0000927628-16-000248,8-K,2016-12-15,2016-12-15T01:15:20.000Z,7.01,november2016creditmetricsf.htm,https://www.sec.gov/Archives/edgar/data/927628/000092762816000248,https://www.sec.gov/Archives/edgar/data/927628/000092762816000248/index.json,NOT_CLASSIFIED
AXP,0000004962,0000004962-16-000216,8-K,2016-12-15,2016-12-15T17:01:55.000Z,7.01,creditstatdec2016.htm,https://www.sec.gov/Archives/edgar/data/4962/000000496216000216,https://www.sec.gov/Archives/edgar/data/4962/000000496216000216/index.json,NOT_CLASSIFIED
MET,0001099219,0001193125-16-794462,8-K,2016-12-15,2016-12-15T21:18:01.000Z,"2.02,7.01",d313112d8k.htm,https://www.sec.gov/Archives/edgar/data/1099219/000119312516794462,https://www.sec.gov/Archives/edgar/data/1099219/000119312516794462/index.json,NOT_CLASSIFIED
ALL,0000899051,0001104659-17-000379,8-K,2017-01-04,2017-01-04T12:00:25.000Z,7.01,a17-1288_18k.htm,https://www.sec.gov/Archives/edgar/data/899051/000110465917000379,https://www.sec.gov/Archives/edgar/data/899051/000110465917000379/index.json,NOT_CLASSIFIED
LUV,0000092380,0000092380-17-000002,8-K,2017-01-10,2017-01-10T14:47:16.000Z,2.02,traffic8k122016cover.htm,https://www.sec.gov/Archives/edgar/data/92380/000009238017000002,https://www.sec.gov/Archives/edgar/data/92380/000009238017000002/index.json,NOT_CLASSIFIED
UAL,0000100517,0001193125-17-006846,8-K,2017-01-10,2017-01-10T21:16:02.000Z,"2.02,7.01",d286253d8k.htm,https://www.sec.gov/Archives/edgar/data/100517/000119312517006846,https://www.sec.gov/Archives/edgar/data/100517/000119312517006846/index.json,NOT_CLASSIFIED
PPL,0000922224,0000922224-17-000003,8-K,2017-01-12,2017-01-12T12:41:56.000Z,7.01,ppl-01122017form8k.htm,https://www.sec.gov/Archives/edgar/data/922224/000092222417000003,https://www.sec.gov/Archives/edgar/data/922224/000092222417000003/index.json,NOT_CLASSIFIED
CINF,0000020286,0000020286-17-000002,8-K,2017-01-12,2017-01-12T13:50:29.000Z,2.02,catrelease8-k01x12x17.htm,https://www.sec.gov/Archives/edgar/data/20286/000002028617000002,https://www.sec.gov/Archives/edgar/data/20286/000002028617000002/index.json,NOT_CLASSIFIED
PNC,0000713676,0001193125-17-009658,8-K,2017-01-13,2017-01-13T18:08:40.000Z,2.02,d315037d8k.htm,https://www.sec.gov/Archives/edgar/data/713676/000119312517009658,https://www.sec.gov/Archives/edgar/data/713676/000119312517009658/index.json,NOT_CLASSIFIED
AXP,0000004962,0000004962-17-000002,8-K,2017-01-17,2017-01-17T17:00:24.000Z,7.01,creditstatjan2017.htm,https://www.sec.gov/Archives/edgar/data/4962/000000496217000002,https://www.sec.gov/Archives/edgar/data/4962/000000496217000002/index.json,NOT_CLASSIFIED
PFG,0001126328,0001126328-17-000007,8-K,2017-01-18,2017-01-18T19:49:39.000Z,7.01,pfg8-kreaum011817.htm,https://www.sec.gov/Archives/edgar/data/1126328/000112632817000007,https://www.sec.gov/Archives/edgar/data/1126328/000112632817000007/index.json,NOT_CLASSIFIED
AXP,0000004962,0000004962-17-000005,8-K,2017-01-19,2017-01-19T21:08:20.000Z,"2.02,7.01",earnings8kq4fy16.htm,https://www.sec.gov/Archives/edgar/data/4962/000000496217000005,https://www.sec.gov/Archives/edgar/data/4962/000000496217000005/index.json,NOT_CLASSIFIED
MAA,0000912595,0001144204-17-003354,8-K,2017-01-23,2017-01-23T16:08:08.000Z,7.01,v457342_8k.htm,https://www.sec.gov/Archives/edgar/data/912595/000114420417003354,https://www.sec.gov/Archives/edgar/data/912595/000114420417003354/index.json,NOT_CLASSIFIED
COF,0000927628,0000927628-17-000009,8-K,2017-01-24,2017-01-24T21:01:57.000Z,2.02,q42016earningsrelease8-k.htm,https://www.sec.gov/Archives/edgar/data/927628/000092762817000009,https://www.sec.gov/Archives/edgar/data/927628/000092762817000009/index.json,NOT_CLASSIFIED
IVZ,0000914208,0000914208-17-000031,8-K,2017-01-26,2017-01-26T13:10:04.000Z,2.02,ivz8k4q16cover.htm,https://www.sec.gov/Archives/edgar/data/914208/000091420817000031,https://www.sec.gov/Archives/edgar/data/914208/000091420817000031/index.json,NOT_CLASSIFIED
CINF,0000020286,0000020286-17-000005,8-K,2017-01-30,2017-01-30T21:06:27.000Z,7.01,boardactionsform8-k01x30x17.htm,https://www.sec.gov/Archives/edgar/data/20286/000002028617000005,https://www.sec.gov/Archives/edgar/data/20286/000002028617000005/index.json,NOT_CLASSIFIED
DTE,0000936340,0000936340-17-000028,8-K,2017-02-01,2017-02-01T21:19:57.000Z,7.01,a8-kelectricrateorder2117.htm,https://www.sec.gov/Archives/edgar/data/936340/000093634017000028,https://www.sec.gov/Archives/edgar/data/936340/000093634017000028/index.json,NOT_CLASSIFIED
DTE,0000936340,0001193125-17-031228,8-K,2017-02-06,2017-02-06T11:48:02.000Z,7.01,d324458d8k.htm,https://www.sec.gov/Archives/edgar/data/936340/000119312517031228,https://www.sec.gov/Archives/edgar/data/936340/000119312517031228/index.json,NOT_CLASSIFIED
RF,0001281761,0001281761-17-000014,8-K,2017-02-06,2017-02-06T22:02:55.000Z,7.01,rf2017-02x06ir.htm,https://www.sec.gov/Archives/edgar/data/1281761/000128176117000014,https://www.sec.gov/Archives/edgar/data/1281761/000128176117000014/index.json,NOT_CLASSIFIED
COF,0000927628,0000927628-17-000069,8-K,2017-02-07,2017-02-07T16:10:00.000Z,7.01,a8-kdated2717.htm,https://www.sec.gov/Archives/edgar/data/927628/000092762817000069,https://www.sec.gov/Archives/edgar/data/927628/000092762817000069/index.json,NOT_CLASSIFIED
HUM,0000049071,0001193125-17-033853,8-K,2017-02-08,2017-02-08T12:01:33.000Z,"2.02,7.01",d338672d8k.htm,https://www.sec.gov/Archives/edgar/data/49071/000119312517033853,https://www.sec.gov/Archives/edgar/data/49071/000119312517033853/index.json,NOT_CLASSIFIED
CINF,0000020286,0000020286-17-000010,8-K,2017-02-08,2017-02-08T21:09:45.000Z,2.02,a4q16release8-k.htm,https://www.sec.gov/Archives/edgar/data/20286/000002028617000010,https://www.sec.gov/Archives/edgar/data/20286/000002028617000010/index.json,NOT_CLASSIFIED
CVS,0000064803,0000064803-17-000004,8-K,2017-02-09,2017-02-09T11:57:31.000Z,2.02,form8-kq42016.htm,https://www.sec.gov/Archives/edgar/data/64803/000006480317000004,https://www.sec.gov/Archives/edgar/data/64803/000006480317000004/index.json,NOT_CLASSIFIED
IVZ,0000914208,0000914208-17-000231,8-K,2017-02-10,2017-02-10T13:34:08.000Z,7.01,a8k0117coverpageaumrelease.htm,https://www.sec.gov/Archives/edgar/data/914208/000091420817000231,https://www.sec.gov/Archives/edgar/data/914208/000091420817000231/index.json,NOT_CLASSIFIED
RF,0001281761,0001281761-17-000020,8-K/A,2017-02-10,2017-02-10T14:58:14.000Z,7.01,rf2017-02x10iramend.htm,https://www.sec.gov/Archives/edgar/data/1281761/000128176117000020,https://www.sec.gov/Archives/edgar/data/1281761/000128176117000020/index.json,NOT_CLASSIFIED
HUM,0000049071,0000049071-17-000016,8-K,2017-02-15,2017-02-14T23:10:32.000Z,7.01,humanaform8-k02142017.htm,https://www.sec.gov/Archives/edgar/data/49071/000004907117000016,https://www.sec.gov/Archives/edgar/data/49071/000004907117000016/index.json,NOT_CLASSIFIED
COF,0000927628,0000927628-17-000079,8-K,2017-02-15,2017-02-15T01:31:40.000Z,7.01,january2017creditmetricsfo.htm,https://www.sec.gov/Archives/edgar/data/927628/000092762817000079,https://www.sec.gov/Archives/edgar/data/927628/000092762817000079/index.json,NOT_CLASSIFIED
AXP,0000004962,0000004962-17-000016,8-K,2017-02-15,2017-02-15T17:00:29.000Z,7.01,creditstatfeb2017.htm,https://www.sec.gov/Archives/edgar/data/4962/000000496217000016,https://www.sec.gov/Archives/edgar/data/4962/000000496217000016/index.json,NOT_CLASSIFIED
CF,0001324404,0001324404-17-000004,8-K,2017-02-15,2017-02-15T22:08:45.000Z,2.02,cf-02152017_8kearningsreleas.htm,https://www.sec.gov/Archives/edgar/data/1324404/000132440417000004,https://www.sec.gov/Archives/edgar/data/1324404/000132440417000004/index.json,NOT_CLASSIFIED
MAR,0001048286,0001628280-17-001392,8-K,2017-02-15,2017-02-15T22:17:36.000Z,2.02,mar-2016q4earningsrelease8.htm,https://www.sec.gov/Archives/edgar/data/1048286/000162828017001392,https://www.sec.gov/Archives/edgar/data/1048286/000162828017001392/index.json,NOT_CLASSIFIED
PPL,0000922224,0000922224-17-000012,8-K,2017-02-17,2017-02-17T19:11:27.000Z,2.02,ppl-02172017form8k.htm,https://www.sec.gov/Archives/edgar/data/922224/000092222417000012,https://www.sec.gov/Archives/edgar/data/922224/000092222417000012/index.json,NOT_CLASSIFIED
FE,0001031296,0001031296-17-000014,8-K,2017-02-21,2017-02-21T22:04:33.000Z,"2.02,7.01",a8-kdated02212017xq42016ea.htm,https://www.sec.gov/Archives/edgar/data/1031296/000103129617000014,https://www.sec.gov/Archives/edgar/data/1031296/000103129617000014/index.json,NOT_CLASSIFIED
TDG,0001260221,0001260221-17-000011,8-K,2017-02-22,2017-02-22T13:36:16.000Z,7.01,a8-kacquisitionxschroth.htm,https://www.sec.gov/Archives/edgar/data/1260221/000126022117000011,https://www.sec.gov/Archives/edgar/data/1260221/000126022117000011/index.json,NOT_CLASSIFIED
EIX,0000827052,0000827052-17-000035,8-K,2017-02-22,2017-02-22T22:10:02.000Z,7.01,form8-kbusinessupdatefebru.htm,https://www.sec.gov/Archives/edgar/data/827052/000082705217000035,https://www.sec.gov/Archives/edgar/data/827052/000082705217000035/index.json,NOT_CLASSIFIED
TDG,0001260221,0001260221-17-000018,8-K,2017-02-24,2017-02-24T21:16:59.000Z,7.01,form8-k22417pricingofnotes.htm,https://www.sec.gov/Archives/edgar/data/1260221/000126022117000018,https://www.sec.gov/Archives/edgar/data/1260221/000126022117000018/index.json,NOT_CLASSIFIED
CNP,0001130310,0001193125-17-060180,8-K,2017-02-28,2017-02-28T11:31:16.000Z,"2.02,7.01",d252011d8k.htm,https://www.sec.gov/Archives/edgar/data/1130310/000119312517060180,https://www.sec.gov/Archives/edgar/data/1130310/000119312517060180/index.json,NOT_CLASSIFIED
PPL,0000922224,0000922224-17-000014,8-K,2017-02-28,2017-02-28T18:50:46.000Z,7.01,ppl-02282017form8k.htm,https://www.sec.gov/Archives/edgar/data/922224/000092222417000014,https://www.sec.gov/Archives/edgar/data/922224/000092222417000014/index.json,NOT_CLASSIFIED
DTE,0000936340,0000936340-17-000097,8-K,2017-02-28,2017-02-28T21:16:31.000Z,7.01,a8-kirubsconferenceboston2.htm,https://www.sec.gov/Archives/edgar/data/936340/000093634017000097,https://www.sec.gov/Archives/edgar/data/936340/000093634017000097/index.json,NOT_CLASSIFIED
HUM,0000049071,0000049071-17-000050,8-K,2017-03-01,2017-03-01T13:53:50.000Z,7.01,hum8-k03012017.htm,https://www.sec.gov/Archives/edgar/data/49071/000004907117000050,https://www.sec.gov/Archives/edgar/data/49071/000004907117000050/index.json,NOT_CLASSIFIED
CNP,0001130310,0001193125-17-068589,8-K,2017-03-03,2017-03-03T11:31:11.000Z,7.01,d309031d8k.htm,https://www.sec.gov/Archives/edgar/data/1130310/000119312517068589,https://www.sec.gov/Archives/edgar/data/1130310/000119312517068589/index.json,NOT_CLASSIFIED
DE,0000315189,0001104659-17-013761,8-K,2017-03-03,2017-03-03T14:00:27.000Z,7.01,a17-7253_18k.htm,https://www.sec.gov/Archives/edgar/data/315189/000110465917013761,https://www.sec.gov/Archives/edgar/data/315189/000110465917013761/index.json,NOT_CLASSIFIED
UDR,0000074208,0000074208-17-000033,8-K,2017-03-06,2017-03-03T23:06:14.000Z,7.01,a8-kx03062017.htm,https://www.sec.gov/Archives/edgar/data/74208/000007420817000033,https://www.sec.gov/Archives/edgar/data/74208/000007420817000033/index.json,NOT_CLASSIFIED
RF,0001281761,0001281761-17-000032,8-K,2017-03-06,2017-03-06T22:24:49.000Z,7.01,rf2017-03x06rbcconference.htm,https://www.sec.gov/Archives/edgar/data/1281761/000128176117000032,https://www.sec.gov/Archives/edgar/data/1281761/000128176117000032/index.json,NOT_CLASSIFIED
HUM,0000049071,0001193125-17-080658,8-K,2017-03-14,2017-03-13T23:05:34.000Z,7.01,d360114d8k.htm,https://www.sec.gov/Archives/edgar/data/49071/000119312517080658,https://www.sec.gov/Archives/edgar/data/49071/000119312517080658/index.json,NOT_CLASSIFIED
EMR,0000032604,0000032604-17-000016,8-K,2017-03-14,2017-03-14T10:25:14.000Z,7.01,a2017marchorder8k.htm,https://www.sec.gov/Archives/edgar/data/32604/000003260417000016,https://www.sec.gov/Archives/edgar/data/32604/000003260417000016/index.json,NOT_CLASSIFIED
COF,0000927628,0000927628-17-000150,8-K,2017-03-15,2017-03-14T21:34:52.000Z,7.01,february2017creditmetricsf.htm,https://www.sec.gov/Archives/edgar/data/927628/000092762817000150,https://www.sec.gov/Archives/edgar/data/927628/000092762817000150/index.json,NOT_CLASSIFIED
AXP,0000004962,0000004962-17-000027,8-K,2017-03-15,2017-03-15T16:01:14.000Z,7.01,creditstatmar2017.htm,https://www.sec.gov/Archives/edgar/data/4962/000000496217000027,https://www.sec.gov/Archives/edgar/data/4962/000000496217000027/index.json,NOT_CLASSIFIED
HUM,0000049071,0001193125-17-085551,8-K,2017-03-16,2017-03-16T21:07:56.000Z,7.01,d335535d8k.htm,https://www.sec.gov/Archives/edgar/data/49071/000119312517085551,https://www.sec.gov/Archives/edgar/data/49071/000119312517085551/index.json,NOT_CLASSIFIED
PGR,0000080661,0000080661-17-000014,8-K,2017-03-17,2017-03-17T12:50:12.000Z,7.01,a8-kfeb2017earningsrelease.htm,https://www.sec.gov/Archives/edgar/data/80661/000008066117000014,https://www.sec.gov/Archives/edgar/data/80661/000008066117000014/index.json,NOT_CLASSIFIED
DTE,0000936340,0000936340-17-000111,8-K,2017-03-17,2017-03-17T20:20:18.000Z,7.01,a8-kireurope31717.htm,https://www.sec.gov/Archives/edgar/data/936340/000093634017000111,https://www.sec.gov/Archives/edgar/data/936340/000093634017000111/index.json,NOT_CLASSIFIED
STT,0000093751,0000093751-17-000326,8-K,2017-03-27,2017-03-27T14:04:24.000Z,7.01,form8-k.htm,https://www.sec.gov/Archives/edgar/data/93751/000009375117000326,https://www.sec.gov/Archives/edgar/data/93751/000009375117000326/index.json,NOT_CLASSIFIED
DTE,0000936340,0000936340-17-000115,8-K,2017-03-27,2017-03-27T20:15:55.000Z,7.01,a8-kndrnynj32717.htm,https://www.sec.gov/Archives/edgar/data/936340/000093634017000115,https://www.sec.gov/Archives/edgar/data/936340/000093634017000115/index.json,NOT_CLASSIFIED
F,0000037996,0000037996-17-000024,8-K,2017-03-29,2017-03-29T12:32:40.000Z,7.01,a8-kdatedmarch292017.htm,https://www.sec.gov/Archives/edgar/data/37996/000003799617000024,https://www.sec.gov/Archives/edgar/data/37996/000003799617000024/index.json,NOT_CLASSIFIED
LUV,0000092380,0000092380-17-000072,8-K,2017-04-07,2017-04-07T14:10:40.000Z,2.02,traffic8k032017cover.htm,https://www.sec.gov/Archives/edgar/data/92380/000009238017000072,https://www.sec.gov/Archives/edgar/data/92380/000009238017000072/index.json,NOT_CLASSIFIED
UAL,0000100517,0001193125-17-118462,8-K,2017-04-10,2017-04-10T20:16:56.000Z,"2.02,7.01",d377055d8k.htm,https://www.sec.gov/Archives/edgar/data/100517/000119312517118462,https://www.sec.gov/Archives/edgar/data/100517/000119312517118462/index.json,NOT_CLASSIFIED
COF,0000927628,0000927628-17-000169,8-K,2017-04-17,2017-04-14T21:36:07.000Z,7.01,march2017creditmetricsform.htm,https://www.sec.gov/Archives/edgar/data/927628/000092762817000169,https://www.sec.gov/Archives/edgar/data/927628/000092762817000169/index.json,NOT_CLASSIFIED
MTB,0000036270,0001564590-17-006591,8-K,2017-04-17,2017-04-17T13:41:59.000Z,2.02,mtb-8k_20170417.htm,https://www.sec.gov/Archives/edgar/data/36270/000156459017006591,https://www.sec.gov/Archives/edgar/data/36270/000156459017006591/index.json,NOT_CLASSIFIED
UAL,0000100517,0001193125-17-126716,8-K,2017-04-18,2017-04-18T11:32:00.000Z,7.01,d324059d8k.htm,https://www.sec.gov/Archives/edgar/data/100517/000119312517126716,https://www.sec.gov/Archives/edgar/data/100517/000119312517126716/index.json,NOT_CLASSIFIED
USB,0000036104,0001193125-17-127972,8-K,2017-04-19,2017-04-19T10:52:11.000Z,2.02,d312622d8k.htm,https://www.sec.gov/Archives/edgar/data/36104/000119312517127972,https://www.sec.gov/Archives/edgar/data/36104/000119312517127972/index.json,NOT_CLASSIFIED
DOV,0000029905,0000029905-17-000016,8-K,2017-04-20,2017-04-20T10:52:11.000Z,2.02,a201704208-k.htm,https://www.sec.gov/Archives/edgar/data/29905/000002990517000016,https://www.sec.gov/Archives/edgar/data/29905/000002990517000016/index.json,NOT_CLASSIFIED
MMM,0000066740,0001104659-17-025639,8-K,2017-04-25,2017-04-25T11:58:43.000Z,2.02,a17-11780_18k.htm,https://www.sec.gov/Archives/edgar/data/66740/000110465917025639,https://www.sec.gov/Archives/edgar/data/66740/000110465917025639/index.json,NOT_CLASSIFIED
COF,0000927628,0000927628-17-000173,8-K,2017-04-25,2017-04-25T20:02:06.000Z,2.02,q12017earningsrelease8-k.htm,https://www.sec.gov/Archives/edgar/data/927628/000092762817000173,https://www.sec.gov/Archives/edgar/data/927628/000092762817000173/index.json,NOT_CLASSIFIED
DTE,0000936340,0000936340-17-000132,8-K,2017-04-26,2017-04-26T10:46:54.000Z,"2.02,7.01",a8-kearningsrelease1stquar.htm,https://www.sec.gov/Archives/edgar/data/936340/000093634017000132,https://www.sec.gov/Archives/edgar/data/936340/000093634017000132/index.json,NOT_CLASSIFIED
FE,0001031296,0001031296-17-000018,8-K,2017-04-26,2017-04-26T14:30:37.000Z,7.01,a8-kdated04262017.htm,https://www.sec.gov/Archives/edgar/data/1031296/000103129617000018,https://www.sec.gov/Archives/edgar/data/1031296/000103129617000018/index.json,NOT_CLASSIFIED
CINF,0000020286,0000020286-17-000033,8-K,2017-04-26,2017-04-26T20:07:24.000Z,2.02,a1q17release8-k.htm,https://www.sec.gov/Archives/edgar/data/20286/000002028617000033,https://www.sec.gov/Archives/edgar/data/20286/000002028617000033/index.json,NOT_CLASSIFIED
MAA,0000912595,0000912595-17-000007,8-K,2017-04-26,2017-04-26T20:34:57.000Z,2.02,maa33117-er.htm,https://www.sec.gov/Archives/edgar/data/912595/000091259517000007,https://www.sec.gov/Archives/edgar/data/912595/000091259517000007/index.json,NOT_CLASSIFIED
IVZ,0000914208,0000914208-17-000357,8-K,2017-04-27,2017-04-27T12:25:54.000Z,2.02,ivz8k1q17cover.htm,https://www.sec.gov/Archives/edgar/data/914208/000091420817000357,https://www.sec.gov/Archives/edgar/data/914208/000091420817000357/index.json,NOT_CLASSIFIED
WDC,0000106040,0001193125-17-143039,8-K,2017-04-27,2017-04-27T20:20:57.000Z,2.02,d386303d8k.htm,https://www.sec.gov/Archives/edgar/data/106040/000119312517143039,https://www.sec.gov/Archives/edgar/data/106040/000119312517143039/index.json,NOT_CLASSIFIED
EMR,0000032604,0000950138-17-000361,8-K,2017-04-28,2017-04-28T20:07:45.000Z,7.01,emerson8k_04252017.htm,https://www.sec.gov/Archives/edgar/data/32604/000095013817000361,https://www.sec.gov/Archives/edgar/data/32604/000095013817000361/index.json,NOT_CLASSIFIED
MAA,0000912595,0001193125-17-155051,8-K,2017-05-03,2017-05-03T11:39:33.000Z,7.01,d390432d8k.htm,https://www.sec.gov/Archives/edgar/data/912595/000119312517155051,https://www.sec.gov/Archives/edgar/data/912595/000119312517155051/index.json,NOT_CLASSIFIED
CINF,0000020286,0000020286-17-000037,8-K,2017-05-03,2017-05-03T20:21:46.000Z,7.01,investorhandout8-k05x03x17.htm,https://www.sec.gov/Archives/edgar/data/20286/000002028617000037,https://www.sec.gov/Archives/edgar/data/20286/000002028617000037/index.json,NOT_CLASSIFIED
MET,0001099219,0001193125-17-156266,8-K,2017-05-03,2017-05-03T20:23:08.000Z,2.02,d373989d8k.htm,https://www.sec.gov/Archives/edgar/data/1099219/000119312517156266,https://www.sec.gov/Archives/edgar/data/1099219/000119312517156266/index.json,NOT_CLASSIFIED
CF,0001324404,0001324404-17-000011,8-K,2017-05-03,2017-05-03T20:33:53.000Z,2.02,cf-05032017_8kearningsreleas.htm,https://www.sec.gov/Archives/edgar/data/1324404/000132440417000011,https://www.sec.gov/Archives/edgar/data/1324404/000132440417000011/index.json,NOT_CLASSIFIED
WDC,0000106040,0001193125-17-156614,8-K,2017-05-04,2017-05-03T23:19:55.000Z,7.01,d392062d8k.htm,https://www.sec.gov/Archives/edgar/data/106040/000119312517156614,https://www.sec.gov/Archives/edgar/data/106040/000119312517156614/index.json,NOT_CLASSIFIED
RF,0001281761,0001281761-17-000051,8-K,2017-05-08,2017-05-08T13:14:27.000Z,7.01,rf2017-05x08ir.htm,https://www.sec.gov/Archives/edgar/data/1281761/000128176117000051,https://www.sec.gov/Archives/edgar/data/1281761/000128176117000051/index.json,NOT_CLASSIFIED
UAL,0000100517,0001193125-17-162610,8-K,2017-05-08,2017-05-08T20:16:05.000Z,7.01,d297954d8k.htm,https://www.sec.gov/Archives/edgar/data/100517/000119312517162610,https://www.sec.gov/Archives/edgar/data/100517/000119312517162610/index.json,NOT_CLASSIFIED
COF,0000927628,0000927628-17-000201,8-K,2017-05-08,2017-05-08T20:45:27.000Z,7.01,a8-kdated582017.htm,https://www.sec.gov/Archives/edgar/data/927628/000092762817000201,https://www.sec.gov/Archives/edgar/data/927628/000092762817000201/index.json,NOT_CLASSIFIED
IVZ,0000914208,0000914208-17-000362,8-K,2017-05-10,2017-05-10T12:32:01.000Z,7.01,a8k0417coverpageaumrelease.htm,https://www.sec.gov/Archives/edgar/data/914208/000091420817000362,https://www.sec.gov/Archives/edgar/data/914208/000091420817000362/index.json,NOT_CLASSIFIED
CINF,0000020286,0000020286-17-000039,8-K,2017-05-10,2017-05-10T15:28:42.000Z,7.01,a2017shareholdermeetingvot.htm,https://www.sec.gov/Archives/edgar/data/20286/000002028617000039,https://www.sec.gov/Archives/edgar/data/20286/000002028617000039/index.json,NOT_CLASSIFIED
USB,0000036104,0001193125-17-170678,8-K,2017-05-15,2017-05-15T20:23:10.000Z,7.01,d384331d8k.htm,https://www.sec.gov/Archives/edgar/data/36104/000119312517170678,https://www.sec.gov/Archives/edgar/data/36104/000119312517170678/index.json,NOT_CLASSIFIED
DTE,0000936340,0000936340-17-000147,8-K,2017-05-15,2017-05-15T20:24:39.000Z,7.01,a8-kconferencenydeutsche51.htm,https://www.sec.gov/Archives/edgar/data/936340/000093634017000147,https://www.sec.gov/Archives/edgar/data/936340/000093634017000147/index.json,NOT_CLASSIFIED
AJG,0000354190,0001193125-17-171866,8-K,2017-05-16,2017-05-16T17:37:35.000Z,7.01,d400552d8k.htm,https://www.sec.gov/Archives/edgar/data/354190/000119312517171866,https://www.sec.gov/Archives/edgar/data/354190/000119312517171866/index.json,NOT_CLASSIFIED
ALL,0000899051,0000899051-17-000018,8-K,2017-05-18,2017-05-18T12:00:17.000Z,7.01,a8-k51817.htm,https://www.sec.gov/Archives/edgar/data/899051/000089905117000018,https://www.sec.gov/Archives/edgar/data/899051/000089905117000018/index.json,NOT_CLASSIFIED
DE,0000315189,0001104659-17-033895,8-K,2017-05-19,2017-05-19T10:50:39.000Z,"2.02,7.01",a17-13106_18k.htm,https://www.sec.gov/Archives/edgar/data/315189/000110465917033895,https://www.sec.gov/Archives/edgar/data/315189/000110465917033895/index.json,NOT_CLASSIFIED
DTE,0000936340,0000936340-17-000152,8-K,2017-05-19,2017-05-19T20:22:56.000Z,7.01,a8-kagaconference51917.htm,https://www.sec.gov/Archives/edgar/data/936340/000093634017000152,https://www.sec.gov/Archives/edgar/data/936340/000093634017000152/index.json,NOT_CLASSIFIED
PPL,0000922224,0000922224-17-000034,8-K,2017-05-30,2017-05-30T11:43:44.000Z,7.01,ppl-530178k.htm,https://www.sec.gov/Archives/edgar/data/922224/000092222417000034,https://www.sec.gov/Archives/edgar/data/922224/000092222417000034/index.json,NOT_CLASSIFIED
COF,0000927628,0000927628-17-000214,8-K,2017-05-30,2017-05-30T14:32:17.000Z,7.01,a8-kdated53017.htm,https://www.sec.gov/Archives/edgar/data/927628/000092762817000214,https://www.sec.gov/Archives/edgar/data/927628/000092762817000214/index.json,NOT_CLASSIFIED
DE,0000315189,0001104659-17-036728,8-K,2017-06-01,2017-06-01T10:45:38.000Z,7.01,a17-14371_18k.htm,https://www.sec.gov/Archives/edgar/data/315189/000110465917036728,https://www.sec.gov/Archives/edgar/data/315189/000110465917036728/index.json,NOT_CLASSIFIED
COF,0000927628,0000927628-17-000216,8-K,2017-06-01,2017-06-01T14:33:55.000Z,7.01,a8-kdated6117.htm,https://www.sec.gov/Archives/edgar/data/927628/000092762817000216,https://www.sec.gov/Archives/edgar/data/927628/000092762817000216/index.json,NOT_CLASSIFIED
ODFL,0000878927,0000878927-17-000019,8-K,2017-06-05,2017-06-05T13:07:45.000Z,7.01,a2017q2-8xkcover.htm,https://www.sec.gov/Archives/edgar/data/878927/000087892717000019,https://www.sec.gov/Archives/edgar/data/878927/000087892717000019/index.json,NOT_CLASSIFIED
UAL,0000100517,0001193125-17-196577,8-K,2017-06-07,2017-06-07T12:31:06.000Z,7.01,d402055d8k.htm,https://www.sec.gov/Archives/edgar/data/100517/000119312517196577,https://www.sec.gov/Archives/edgar/data/100517/000119312517196577/index.json,NOT_CLASSIFIED
IBM,0000051143,0001104659-17-037831,8-K,2017-06-07,2017-06-07T13:04:57.000Z,7.01,a17-14824_18k.htm,https://www.sec.gov/Archives/edgar/data/51143/000110465917037831,https://www.sec.gov/Archives/edgar/data/51143/000110465917037831/index.json,NOT_CLASSIFIED
LUV,0000092380,0000092380-17-000136,8-K,2017-06-07,2017-06-07T14:01:16.000Z,7.01,traffic8k052017cover.htm,https://www.sec.gov/Archives/edgar/data/92380/000009238017000136,https://www.sec.gov/Archives/edgar/data/92380/000009238017000136/index.json,NOT_CLASSIFIED
IVZ,0000914208,0000914208-17-000400,8-K,2017-06-13,2017-06-13T12:39:21.000Z,7.01,a8k0517coverpageaumrelease.htm,https://www.sec.gov/Archives/edgar/data/914208/000091420817000400,https://www.sec.gov/Archives/edgar/data/914208/000091420817000400/index.json,NOT_CLASSIFIED
COF,0000927628,0000927628-17-000219,8-K,2017-06-14,2017-06-14T14:02:49.000Z,7.01,a8-kdated6142017.htm,https://www.sec.gov/Archives/edgar/data/927628/000092762817000219,https://www.sec.gov/Archives/edgar/data/927628/000092762817000219/index.json,NOT_CLASSIFIED
COF,0000927628,0000927628-17-000221,8-K,2017-06-15,2017-06-14T21:56:45.000Z,7.01,may2017creditmetricsform8-k.htm,https://www.sec.gov/Archives/edgar/data/927628/000092762817000221,https://www.sec.gov/Archives/edgar/data/927628/000092762817000221/index.json,NOT_CLASSIFIED
AXP,0000004962,0000004962-17-000052,8-K,2017-06-15,2017-06-15T16:01:14.000Z,7.01,creditstatjune2017.htm,https://www.sec.gov/Archives/edgar/data/4962/000000496217000052,https://www.sec.gov/Archives/edgar/data/4962/000000496217000052/index.json,NOT_CLASSIFIED
WDC,0000106040,0001193125-17-208676,8-K,2017-06-21,2017-06-21T10:06:55.000Z,7.01,d396343d8k.htm,https://www.sec.gov/Archives/edgar/data/106040/000119312517208676,https://www.sec.gov/Archives/edgar/data/106040/000119312517208676/index.json,NOT_CLASSIFIED
EIX,0000827052,0000827052-17-000146,8-K,2017-06-21,2017-06-21T21:23:26.000Z,7.01,form8-kbusinessupdaterevis.htm,https://www.sec.gov/Archives/edgar/data/827052/000082705217000146,https://www.sec.gov/Archives/edgar/data/827052/000082705217000146/index.json,NOT_CLASSIFIED
AXP,0000004962,0000004962-17-000057,8-K,2017-06-28,2017-06-28T20:41:04.000Z,7.01,axpccar2017.htm,https://www.sec.gov/Archives/edgar/data/4962/000000496217000057,https://www.sec.gov/Archives/edgar/data/4962/000000496217000057/index.json,NOT_CLASSIFIED
DE,0000315189,0001104659-17-042730,8-K,2017-06-30,2017-06-30T13:00:21.000Z,7.01,a17-15754_18k.htm,https://www.sec.gov/Archives/edgar/data/315189/000110465917042730,https://www.sec.gov/Archives/edgar/data/315189/000110465917042730/index.json,NOT_CLASSIFIED
LUV,0000092380,0000092380-17-000142,8-K,2017-07-10,2017-07-10T13:10:44.000Z,2.02,traffic8k062017cover.htm,https://www.sec.gov/Archives/edgar/data/92380/000009238017000142,https://www.sec.gov/Archives/edgar/data/92380/000009238017000142/index.json,NOT_CLASSIFIED
UAL,0000100517,0001193125-17-226078,8-K,2017-07-11,2017-07-11T20:16:02.000Z,"2.02,7.01",d418481d8k.htm,https://www.sec.gov/Archives/edgar/data/100517/000119312517226078,https://www.sec.gov/Archives/edgar/data/100517/000119312517226078/index.json,NOT_CLASSIFIED
IVZ,0000914208,0000914208-17-000418,8-K,2017-07-13,2017-07-13T12:44:34.000Z,7.01,a8k0617coverpageaumrelease.htm,https://www.sec.gov/Archives/edgar/data/914208/000091420817000418,https://www.sec.gov/Archives/edgar/data/914208/000091420817000418/index.json,NOT_CLASSIFIED
PNC,0000713676,0001193125-17-228257,8-K,2017-07-14,2017-07-14T15:38:39.000Z,2.02,d421883d8k.htm,https://www.sec.gov/Archives/edgar/data/713676/000119312517228257,https://www.sec.gov/Archives/edgar/data/713676/000119312517228257/index.json,NOT_CLASSIFIED
AXP,0000004962,0000004962-17-000060,8-K,2017-07-17,2017-07-17T16:18:52.000Z,7.01,creditstatjuly2017.htm,https://www.sec.gov/Archives/edgar/data/4962/000000496217000060,https://www.sec.gov/Archives/edgar/data/4962/000000496217000060/index.json,NOT_CLASSIFIED
PGR,0000080661,0000080661-17-000047,8-K,2017-07-18,2017-07-18T12:03:13.000Z,2.02,a8-kjune2017earningsrelease.htm,https://www.sec.gov/Archives/edgar/data/80661/000008066117000047,https://www.sec.gov/Archives/edgar/data/80661/000008066117000047/index.json,NOT_CLASSIFIED
PFG,0001126328,0001126328-17-000195,8-K,2017-07-18,2017-07-18T19:51:23.000Z,7.01,pfg8-kreaum071817.htm,https://www.sec.gov/Archives/edgar/data/1126328/000112632817000195,https://www.sec.gov/Archives/edgar/data/1126328/000112632817000195/index.json,NOT_CLASSIFIED
AXP,0000004962,0000004962-17-000063,8-K,2017-07-19,2017-07-19T20:07:51.000Z,"2.02,7.01",earnings8kq22017.htm,https://www.sec.gov/Archives/edgar/data/4962/000000496217000063,https://www.sec.gov/Archives/edgar/data/4962/000000496217000063/index.json,NOT_CLASSIFIED
IBM,0000051143,0001104659-17-045767,8-K,2017-07-19,2017-07-19T20:13:44.000Z,7.01,a17-17973_28k.htm,https://www.sec.gov/Archives/edgar/data/51143/000110465917045767,https://www.sec.gov/Archives/edgar/data/51143/000110465917045767/index.json,NOT_CLASSIFIED
COF,0000927628,0000927628-17-000238,8-K,2017-07-20,2017-07-20T20:03:25.000Z,7.01,june2017creditmetricsform8.htm,https://www.sec.gov/Archives/edgar/data/927628/000092762817000238,https://www.sec.gov/Archives/edgar/data/927628/000092762817000238/index.json,NOT_CLASSIFIED
RF,0001281761,0001281761-17-000071,8-K,2017-07-21,2017-07-20T21:57:05.000Z,"2.02,7.01",rf-20170630x8k.htm,https://www.sec.gov/Archives/edgar/data/1281761/000128176117000071,https://www.sec.gov/Archives/edgar/data/1281761/000128176117000071/index.json,NOT_CLASSIFIED
CNC,0001071739,0001071739-17-000076,8-K,2017-07-25,2017-07-24T23:26:23.000Z,2.02,form8-k.htm,https://www.sec.gov/Archives/edgar/data/1071739/000107173917000076,https://www.sec.gov/Archives/edgar/data/1071739/000107173917000076/index.json,NOT_CLASSIFIED
DPZ,0001286681,0001193125-17-234418,8-K,2017-07-25,2017-07-25T11:42:03.000Z,7.01,d428320d8k.htm,https://www.sec.gov/Archives/edgar/data/1286681/000119312517234418,https://www.sec.gov/Archives/edgar/data/1286681/000119312517234418/index.json,NOT_CLASSIFIED
DTE,0000936340,0000936340-17-000197,8-K,2017-07-26,2017-07-26T10:47:09.000Z,"2.02,7.01",a8-kearningsrelease2ndquar.htm,https://www.sec.gov/Archives/edgar/data/936340/000093634017000197,https://www.sec.gov/Archives/edgar/data/936340/000093634017000197/index.json,NOT_CLASSIFIED
MAA,0000912595,0000912595-17-000014,8-K,2017-07-26,2017-07-26T20:24:10.000Z,2.02,maa63017-er.htm,https://www.sec.gov/Archives/edgar/data/912595/000091259517000014,https://www.sec.gov/Archives/edgar/data/912595/000091259517000014/index.json,NOT_CLASSIFIED
MCK,0000927653,0001193125-17-237400,8-K,2017-07-27,2017-07-27T11:36:58.000Z,2.02,d418148d8k.htm,https://www.sec.gov/Archives/edgar/data/927653/000119312517237400,https://www.sec.gov/Archives/edgar/data/927653/000119312517237400/index.json,NOT_CLASSIFIED
IVZ,0000914208,0000914208-17-000422,8-K,2017-07-27,2017-07-27T12:18:39.000Z,2.02,ivz8k2q17cover.htm,https://www.sec.gov/Archives/edgar/data/914208/000091420817000422,https://www.sec.gov/Archives/edgar/data/914208/000091420817000422/index.json,NOT_CLASSIFIED
LUV,0000092380,0000092380-17-000144,8-K,2017-07-27,2017-07-27T13:46:13.000Z,2.02,er-6302017xcoverpage.htm,https://www.sec.gov/Archives/edgar/data/92380/000009238017000144,https://www.sec.gov/Archives/edgar/data/92380/000009238017000144/index.json,NOT_CLASSIFIED
EIX,0000827052,0000827052-17-000162,8-K,2017-07-27,2017-07-27T20:02:34.000Z,"2.02,7.01",eix-sceform8xkre2q2017earn.htm,https://www.sec.gov/Archives/edgar/data/827052/000082705217000162,https://www.sec.gov/Archives/edgar/data/827052/000082705217000162/index.json,NOT_CLASSIFIED
PFG,0001126328,0001126328-17-000199,8-K,2017-07-28,2017-07-27T21:56:20.000Z,2.02,pfg8-kre2q2017earnings0727.htm,https://www.sec.gov/Archives/edgar/data/1126328/000112632817000199,https://www.sec.gov/Archives/edgar/data/1126328/000112632817000199/index.json,NOT_CLASSIFIED
EIX,0000827052,0000827052-17-000166,8-K,2017-07-28,2017-07-28T21:13:02.000Z,7.01,form8-kbusinessupdatejuly2.htm,https://www.sec.gov/Archives/edgar/data/827052/000082705217000166,https://www.sec.gov/Archives/edgar/data/827052/000082705217000166/index.json,NOT_CLASSIFIED
WDC,0000106040,0001193125-17-241033,8-K,2017-07-31,2017-07-29T01:59:03.000Z,7.01,d433091d8k.htm,https://www.sec.gov/Archives/edgar/data/106040/000119312517241033,https://www.sec.gov/Archives/edgar/data/106040/000119312517241033/index.json,NOT_CLASSIFIED
DTE,0000936340,0000936340-17-000204,8-K,2017-07-31,2017-07-31T20:21:02.000Z,7.01,a8-kndrkeybanc.htm,https://www.sec.gov/Archives/edgar/data/936340/000093634017000204,https://www.sec.gov/Archives/edgar/data/936340/000093634017000204/index.json,NOT_CLASSIFIED
ALL,0000899051,0000899051-17-000043,8-K,2017-08-01,2017-08-01T20:19:01.000Z,2.02,allcorpearningsrelease8-k6.htm,https://www.sec.gov/Archives/edgar/data/899051/000089905117000043,https://www.sec.gov/Archives/edgar/data/899051/000089905117000043/index.json,NOT_CLASSIFIED
HUM,0000049071,0001193125-17-244938,8-K,2017-08-02,2017-08-02T11:01:04.000Z,"2.02,7.01",d402787d8k.htm,https://www.sec.gov/Archives/edgar/data/49071/000119312517244938,https://www.sec.gov/Archives/edgar/data/49071/000119312517244938/index.json,NOT_CLASSIFIED
CINF,0000020286,0000020286-17-000048,8-K,2017-08-02,2017-08-02T20:06:59.000Z,2.02,a2q17release8-k.htm,https://www.sec.gov/Archives/edgar/data/20286/000002028617000048,https://www.sec.gov/Archives/edgar/data/20286/000002028617000048/index.json,NOT_CLASSIFIED
WDC,0000106040,0001193125-17-246657,8-K,2017-08-03,2017-08-03T10:13:33.000Z,7.01,d437492d8k.htm,https://www.sec.gov/Archives/edgar/data/106040/000119312517246657,https://www.sec.gov/Archives/edgar/data/106040/000119312517246657/index.json,NOT_CLASSIFIED
CNP,0001130310,0001193125-17-246670,8-K,2017-08-03,2017-08-03T10:34:03.000Z,"2.02,7.01",d156747d8k.htm,https://www.sec.gov/Archives/edgar/data/1130310/000119312517246670,https://www.sec.gov/Archives/edgar/data/1130310/000119312517246670/index.json,NOT_CLASSIFIED
DE,0000315189,0001104659-17-050500,8-K,2017-08-09,2017-08-09T13:00:26.000Z,7.01,a17-18872_18k.htm,https://www.sec.gov/Archives/edgar/data/315189/000110465917050500,https://www.sec.gov/Archives/edgar/data/315189/000110465917050500/index.json,NOT_CLASSIFIED
LUV,0000092380,0000092380-17-000149,8-K,2017-08-09,2017-08-09T14:10:51.000Z,7.01,traffic8k072017cover.htm,https://www.sec.gov/Archives/edgar/data/92380/000009238017000149,https://www.sec.gov/Archives/edgar/data/92380/000009238017000149/index.json,NOT_CLASSIFIED
IVZ,0000914208,0000914208-17-000426,8-K,2017-08-10,2017-08-10T12:54:01.000Z,7.01,a8k0717coverpageaumrelease.htm,https://www.sec.gov/Archives/edgar/data/914208/000091420817000426,https://www.sec.gov/Archives/edgar/data/914208/000091420817000426/index.json,NOT_CLASSIFIED
COF,0000927628,0000927628-17-000256,8-K,2017-08-15,2017-08-14T21:39:32.000Z,7.01,july2017creditmetricsform8.htm,https://www.sec.gov/Archives/edgar/data/927628/000092762817000256,https://www.sec.gov/Archives/edgar/data/927628/000092762817000256/index.json,NOT_CLASSIFIED
CINF,0000020286,0000020286-17-000054,8-K,2017-08-15,2017-08-15T12:40:40.000Z,7.01,ma-wacapstone8xk08x15x17.htm,https://www.sec.gov/Archives/edgar/data/20286/000002028617000054,https://www.sec.gov/Archives/edgar/data/20286/000002028617000054/index.json,NOT_CLASSIFIED
IVZ,0000914208,0001193125-17-261744,8-K,2017-08-18,2017-08-18T13:48:06.000Z,7.01,d260425d8k.htm,https://www.sec.gov/Archives/edgar/data/914208/000119312517261744,https://www.sec.gov/Archives/edgar/data/914208/000119312517261744/index.json,NOT_CLASSIFIED
CINF,0000020286,0000020286-17-000056,8-K,2017-08-18,2017-08-18T20:07:50.000Z,7.01,boardactions8-k08x18x17.htm,https://www.sec.gov/Archives/edgar/data/20286/000002028617000056,https://www.sec.gov/Archives/edgar/data/20286/000002028617000056/index.json,NOT_CLASSIFIED
TDG,0001260221,0001193125-17-266115,8-K,2017-08-24,2017-08-24T12:28:03.000Z,7.01,d415084d8k.htm,https://www.sec.gov/Archives/edgar/data/1260221/000119312517266115,https://www.sec.gov/Archives/edgar/data/1260221/000119312517266115/index.json,NOT_CLASSIFIED
LUV,0000092380,0000092380-17-000153,8-K,2017-09-06,2017-09-06T20:39:55.000Z,7.01,coverpage9-6x17.htm,https://www.sec.gov/Archives/edgar/data/92380/000009238017000153,https://www.sec.gov/Archives/edgar/data/92380/000009238017000153/index.json,NOT_CLASSIFIED
LUV,0000092380,0000092380-17-000155,8-K,2017-09-08,2017-09-08T13:37:35.000Z,7.01,traffic8k082017cover.htm,https://www.sec.gov/Archives/edgar/data/92380/000009238017000155,https://www.sec.gov/Archives/edgar/data/92380/000009238017000155/index.json,NOT_CLASSIFIED
COF,0000927628,0000927628-17-000258,8-K,2017-09-11,2017-09-11T15:06:19.000Z,7.01,a8-kdated9112017.htm,https://www.sec.gov/Archives/edgar/data/927628/000092762817000258,https://www.sec.gov/Archives/edgar/data/927628/000092762817000258/index.json,NOT_CLASSIFIED
CF,0001324404,0001104659-17-056578,8-K,2017-09-11,2017-09-11T20:43:44.000Z,7.01,a17-21519_18k.htm,https://www.sec.gov/Archives/edgar/data/1324404/000110465917056578,https://www.sec.gov/Archives/edgar/data/1324404/000110465917056578/index.json,NOT_CLASSIFIED
CNC,0001071739,0001193125-17-282881,8-K,2017-09-12,2017-09-12T21:20:59.000Z,"2.02,7.01",d409281d8k.htm,https://www.sec.gov/Archives/edgar/data/1071739/000119312517282881,https://www.sec.gov/Archives/edgar/data/1071739/000119312517282881/index.json,NOT_CLASSIFIED
UDR,0000074208,0000074208-17-000097,8-K,2017-09-13,2017-09-12T22:11:22.000Z,7.01,c208-20170913x8k.htm,https://www.sec.gov/Archives/edgar/data/74208/000007420817000097,https://www.sec.gov/Archives/edgar/data/74208/000007420817000097/index.json,NOT_CLASSIFIED
USB,0000036104,0001193125-17-283350,8-K,2017-09-13,2017-09-13T13:31:00.000Z,7.01,d408045d8k.htm,https://www.sec.gov/Archives/edgar/data/36104/000119312517283350,https://www.sec.gov/Archives/edgar/data/36104/000119312517283350/index.json,NOT_CLASSIFIED
COF,0000927628,0000927628-17-000261,8-K,2017-09-15,2017-09-14T21:36:44.000Z,7.01,august2017creditmetricsfor.htm,https://www.sec.gov/Archives/edgar/data/927628/000092762817000261,https://www.sec.gov/Archives/edgar/data/927628/000092762817000261/index.json,NOT_CLASSIFIED
PGR,0000080661,0000080661-17-000060,8-K,2017-09-19,2017-09-19T13:23:12.000Z,7.01,a8-kaugust2017earningsrele.htm,https://www.sec.gov/Archives/edgar/data/80661/000008066117000060,https://www.sec.gov/Archives/edgar/data/80661/000008066117000060/index.json,NOT_CLASSIFIED
MAA,0000912595,0001144204-17-049105,8-K,2017-09-21,2017-09-21T21:30:42.000Z,7.01,v475632_8k.htm,https://www.sec.gov/Archives/edgar/data/912595/000114420417049105,https://www.sec.gov/Archives/edgar/data/912595/000114420417049105/index.json,NOT_CLASSIFIED
DTE,0000936340,0000936340-17-000222,8-K,2017-09-26,2017-09-26T20:17:50.000Z,7.01,a8-kwolfeconference92717.htm,https://www.sec.gov/Archives/edgar/data/936340/000093634017000222,https://www.sec.gov/Archives/edgar/data/936340/000093634017000222/index.json,NOT_CLASSIFIED
PPL,0000922224,0000922224-17-000061,8-K,2017-09-27,2017-09-27T11:27:02.000Z,7.01,ppl8k0927178k.htm,https://www.sec.gov/Archives/edgar/data/922224/000092222417000061,https://www.sec.gov/Archives/edgar/data/922224/000092222417000061/index.json,NOT_CLASSIFIED
UAL,0000100517,0001193125-17-306482,8-K,2017-10-10,2017-10-10T11:33:04.000Z,"2.02,7.01",d468973d8k.htm,https://www.sec.gov/Archives/edgar/data/100517/000119312517306482,https://www.sec.gov/Archives/edgar/data/100517/000119312517306482/index.json,NOT_CLASSIFIED
IVZ,0000914208,0000914208-17-000467,8-K,2017-10-11,2017-10-11T12:59:56.000Z,7.01,a8k0917coverpageaumrelease.htm,https://www.sec.gov/Archives/edgar/data/914208/000091420817000467,https://www.sec.gov/Archives/edgar/data/914208/000091420817000467/index.json,NOT_CLASSIFIED
F,0000037996,0000037996-17-000086,8-K,2017-10-18,2017-10-18T12:33:49.000Z,7.01,a8-kdated10x18x2017.htm,https://www.sec.gov/Archives/edgar/data/37996/000003799617000086,https://www.sec.gov/Archives/edgar/data/37996/000003799617000086/index.json,NOT_CLASSIFIED
IBM,0000051143,0001104659-17-062678,8-K,2017-10-18,2017-10-18T13:02:33.000Z,7.01,a17-23979_18k.htm,https://www.sec.gov/Archives/edgar/data/51143/000110465917062678,https://www.sec.gov/Archives/edgar/data/51143/000110465917062678/index.json,NOT_CLASSIFIED
UAL,0000100517,0001193125-17-313309,8-K,2017-10-19,2017-10-19T11:31:36.000Z,7.01,d473176d8k.htm,https://www.sec.gov/Archives/edgar/data/100517/000119312517313309,https://www.sec.gov/Archives/edgar/data/100517/000119312517313309/index.json,NOT_CLASSIFIED
RF,0001281761,0001281761-17-000097,8-K,2017-10-24,2017-10-23T22:10:14.000Z,7.01,rf-201710248k.htm,https://www.sec.gov/Archives/edgar/data/1281761/000128176117000097,https://www.sec.gov/Archives/edgar/data/1281761/000128176117000097/index.json,NOT_CLASSIFIED
COF,0000927628,0000927628-17-000269,8-K,2017-10-24,2017-10-24T20:04:04.000Z,2.02,q32017earningsrelease8-k.htm,https://www.sec.gov/Archives/edgar/data/927628/000092762817000269,https://www.sec.gov/Archives/edgar/data/927628/000092762817000269/index.json,NOT_CLASSIFIED
COF,0000927628,0000927628-17-000271,8-K,2017-10-24,2017-10-24T20:56:44.000Z,7.01,sept2017creditmetricsform8.htm,https://www.sec.gov/Archives/edgar/data/927628/000092762817000271,https://www.sec.gov/Archives/edgar/data/927628/000092762817000271/index.json,NOT_CLASSIFIED
DTE,0000936340,0000936340-17-000240,8-K,2017-10-25,2017-10-25T10:46:16.000Z,"2.02,7.01",a8-kearningsrelease3rdquar.htm,https://www.sec.gov/Archives/edgar/data/936340/000093634017000240,https://www.sec.gov/Archives/edgar/data/936340/000093634017000240/index.json,NOT_CLASSIFIED
IVZ,0000914208,0000914208-17-000471,8-K,2017-10-26,2017-10-26T12:27:30.000Z,2.02,ivz8k3q17cover.htm,https://www.sec.gov/Archives/edgar/data/914208/000091420817000471,https://www.sec.gov/Archives/edgar/data/914208/000091420817000471/index.json,NOT_CLASSIFIED
CINF,0000020286,0000020286-17-000068,8-K,2017-10-26,2017-10-26T20:10:17.000Z,2.02,a3q17release8-k.htm,https://www.sec.gov/Archives/edgar/data/20286/000002028617000068,https://www.sec.gov/Archives/edgar/data/20286/000002028617000068/index.json,NOT_CLASSIFIED
AJG,0000354190,0001193125-17-321299,8-K,2017-10-26,2017-10-26T20:36:00.000Z,"2.02,7.01",d481786d8k.htm,https://www.sec.gov/Archives/edgar/data/354190/000119312517321299,https://www.sec.gov/Archives/edgar/data/354190/000119312517321299/index.json,NOT_CLASSIFIED
PFG,0001126328,0001126328-17-000270,8-K,2017-10-27,2017-10-27T12:40:42.000Z,2.02,pfg8-kre3q2017earnings1026.htm,https://www.sec.gov/Archives/edgar/data/1126328/000112632817000270,https://www.sec.gov/Archives/edgar/data/1126328/000112632817000270/index.json,NOT_CLASSIFIED
ALL,0000899051,0000899051-17-000053,8-K,2017-11-01,2017-11-01T20:18:43.000Z,2.02,allcorpearningsrelease8-k9.htm,https://www.sec.gov/Archives/edgar/data/899051/000089905117000053,https://www.sec.gov/Archives/edgar/data/899051/000089905117000053/index.json,NOT_CLASSIFIED
AWK,0001410636,0001410636-17-000012,8-K,2017-11-01,2017-11-01T20:42:31.000Z,2.02,a9302017earningsrelease8-k.htm,https://www.sec.gov/Archives/edgar/data/1410636/000141063617000012,https://www.sec.gov/Archives/edgar/data/1410636/000141063617000012/index.json,NOT_CLASSIFIED
CF,0001324404,0001104659-17-065253,8-K,2017-11-01,2017-11-01T21:06:59.000Z,2.02,a17-24974_18k.htm,https://www.sec.gov/Archives/edgar/data/1324404/000110465917065253,https://www.sec.gov/Archives/edgar/data/1324404/000110465917065253/index.json,NOT_CLASSIFIED
CINF,0000020286,0000020286-17-000071,8-K,2017-11-03,2017-11-03T20:08:04.000Z,7.01,a3q17investorhandout8-k.htm,https://www.sec.gov/Archives/edgar/data/20286/000002028617000071,https://www.sec.gov/Archives/edgar/data/20286/000002028617000071/index.json,NOT_CLASSIFIED
FE,0001031296,0001031296-17-000058,8-K,2017-11-03,2017-11-03T20:17:54.000Z,7.01,a8-kdated11032017.htm,https://www.sec.gov/Archives/edgar/data/1031296/000103129617000058,https://www.sec.gov/Archives/edgar/data/1031296/000103129617000058/index.json,NOT_CLASSIFIED
DTE,0000936340,0000936340-17-000251,8-K,2017-11-03,2017-11-03T20:18:26.000Z,7.01,a8-keeiconferencenov2017.htm,https://www.sec.gov/Archives/edgar/data/936340/000093634017000251,https://www.sec.gov/Archives/edgar/data/936340/000093634017000251/index.json,NOT_CLASSIFIED
HUM,0000049071,0001193125-17-336474,8-K,2017-11-08,2017-11-08T12:34:33.000Z,"2.02,7.01",d487041d8k.htm,https://www.sec.gov/Archives/edgar/data/49071/000119312517336474,https://www.sec.gov/Archives/edgar/data/49071/000119312517336474/index.json,NOT_CLASSIFIED
LUV,0000092380,0000092380-17-000169,8-K,2017-11-08,2017-11-08T15:26:29.000Z,7.01,traffic8k102017cover.htm,https://www.sec.gov/Archives/edgar/data/92380/000009238017000169,https://www.sec.gov/Archives/edgar/data/92380/000009238017000169/index.json,NOT_CLASSIFIED
EXPD,0000746515,0000746515-17-000049,8-K,2017-11-08,2017-11-08T20:12:33.000Z,2.02,a2017decemberdividend.htm,https://www.sec.gov/Archives/edgar/data/746515/000074651517000049,https://www.sec.gov/Archives/edgar/data/746515/000074651517000049/index.json,NOT_CLASSIFIED
UAL,0000100517,0001193125-17-337259,8-K,2017-11-08,2017-11-08T21:15:35.000Z,7.01,d490877d8k.htm,https://www.sec.gov/Archives/edgar/data/100517/000119312517337259,https://www.sec.gov/Archives/edgar/data/100517/000119312517337259/index.json,NOT_CLASSIFIED
WDC,0000106040,0001193125-17-337353,8-K,2017-11-08,2017-11-08T21:39:33.000Z,7.01,d490541d8k.htm,https://www.sec.gov/Archives/edgar/data/106040/000119312517337353,https://www.sec.gov/Archives/edgar/data/106040/000119312517337353/index.json,NOT_CLASSIFIED
TDG,0001260221,0001260221-17-000057,8-K,2017-11-09,2017-11-09T12:19:26.000Z,2.02,form8-k2017q4earningsrelea.htm,https://www.sec.gov/Archives/edgar/data/1260221/000126022117000057,https://www.sec.gov/Archives/edgar/data/1260221/000126022117000057/index.json,NOT_CLASSIFIED
WDC,0000106040,0001193125-17-339171,8-K,2017-11-13,2017-11-10T01:20:33.000Z,7.01,d477386d8k.htm,https://www.sec.gov/Archives/edgar/data/106040/000119312517339171,https://www.sec.gov/Archives/edgar/data/106040/000119312517339171/index.json,NOT_CLASSIFIED
UDR,0000074208,0000074208-17-000108,8-K,2017-11-14,2017-11-13T23:08:45.000Z,7.01,c208-20171114x8k.htm,https://www.sec.gov/Archives/edgar/data/74208/000007420817000108,https://www.sec.gov/Archives/edgar/data/74208/000007420817000108/index.json,NOT_CLASSIFIED
MAA,0000912595,0001193125-17-341661,8-K,2017-11-14,2017-11-14T11:07:37.000Z,7.01,d477119d8k.htm,https://www.sec.gov/Archives/edgar/data/912595/000119312517341661,https://www.sec.gov/Archives/edgar/data/912595/000119312517341661/index.json,NOT_CLASSIFIED
USB,0000036104,0001193125-17-342270,8-K,2017-11-14,2017-11-14T18:00:33.000Z,7.01,d493325d8k.htm,https://www.sec.gov/Archives/edgar/data/36104/000119312517342270,https://www.sec.gov/Archives/edgar/data/36104/000119312517342270/index.json,NOT_CLASSIFIED
AXP,0000004962,0000004962-17-000114,8-K,2017-11-15,2017-11-15T17:02:57.000Z,7.01,creditstatsnov2017.htm,https://www.sec.gov/Archives/edgar/data/4962/000000496217000114,https://www.sec.gov/Archives/edgar/data/4962/000000496217000114/index.json,NOT_CLASSIFIED
CINF,0000020286,0000020286-17-000079,8-K,2017-11-17,2017-11-17T18:28:42.000Z,7.01,boardactions8-k11x17x17.htm,https://www.sec.gov/Archives/edgar/data/20286/000002028617000079,https://www.sec.gov/Archives/edgar/data/20286/000002028617000079/index.json,NOT_CLASSIFIED
PPL,0000922224,0000922224-17-000077,8-K,2017-11-20,2017-11-20T20:39:44.000Z,7.01,ppl112020178k.htm,https://www.sec.gov/Archives/edgar/data/922224/000092222417000077,https://www.sec.gov/Archives/edgar/data/922224/000092222417000077/index.json,NOT_CLASSIFIED
PPL,0000922224,0000922224-17-000080,8-K,2017-11-28,2017-11-28T12:48:04.000Z,7.01,ppl112820178k.htm,https://www.sec.gov/Archives/edgar/data/922224/000092222417000080,https://www.sec.gov/Archives/edgar/data/922224/000092222417000080/index.json,NOT_CLASSIFIED
WDC,0000106040,0001193125-17-355698,8-K,2017-11-29,2017-11-29T21:19:02.000Z,7.01,d498466d8k.htm,https://www.sec.gov/Archives/edgar/data/106040/000119312517355698,https://www.sec.gov/Archives/edgar/data/106040/000119312517355698/index.json,NOT_CLASSIFIED
TDG,0001260221,0001193125-17-362110,8-K,2017-12-06,2017-12-06T11:09:39.000Z,7.01,d471187d8k.htm,https://www.sec.gov/Archives/edgar/data/1260221/000119312517362110,https://www.sec.gov/Archives/edgar/data/1260221/000119312517362110/index.json,NOT_CLASSIFIED
UAL,0000100517,0001193125-17-363913,8-K,2017-12-07,2017-12-07T21:22:03.000Z,7.01,d481261d8k.htm,https://www.sec.gov/Archives/edgar/data/100517/000119312517363913,https://www.sec.gov/Archives/edgar/data/100517/000119312517363913/index.json,NOT_CLASSIFIED
DTE,0000936340,0000936340-17-000280,8-K,2017-12-12,2017-12-12T21:40:00.000Z,7.01,a8-kir121317.htm,https://www.sec.gov/Archives/edgar/data/936340/000093634017000280,https://www.sec.gov/Archives/edgar/data/936340/000093634017000280/index.json,NOT_CLASSIFIED
CNC,0001071739,0001071739-17-000104,8-K,2017-12-14,2017-12-14T21:27:20.000Z,7.01,form8-k.htm,https://www.sec.gov/Archives/edgar/data/1071739/000107173917000104,https://www.sec.gov/Archives/edgar/data/1071739/000107173917000104/index.json,NOT_CLASSIFIED
COF,0000927628,0000927628-17-000312,8-K,2017-12-15,2017-12-14T22:36:03.000Z,7.01,november2017creditmetricsf.htm,https://www.sec.gov/Archives/edgar/data/927628/000092762817000312,https://www.sec.gov/Archives/edgar/data/927628/000092762817000312/index.json,NOT_CLASSIFIED
AXP,0000004962,0000004962-17-000116,8-K,2017-12-15,2017-12-15T17:32:01.000Z,7.01,creditstatsdec2017.htm,https://www.sec.gov/Archives/edgar/data/4962/000000496217000116,https://www.sec.gov/Archives/edgar/data/4962/000000496217000116/index.json,NOT_CLASSIFIED
TDG,0001260221,0001260221-18-000002,8-K,2018-01-02,2018-01-02T21:16:22.000Z,7.01,form8-k1218appointinginter.htm,https://www.sec.gov/Archives/edgar/data/1260221/000126022118000002,https://www.sec.gov/Archives/edgar/data/1260221/000126022118000002/index.json,NOT_CLASSIFIED
LUV,0000092380,0000092380-18-000002,8-K,2018-01-02,2018-01-02T22:10:33.000Z,2.02,coverpage1-2x18.htm,https://www.sec.gov/Archives/edgar/data/92380/000009238018000002,https://www.sec.gov/Archives/edgar/data/92380/000009238018000002/index.json,NOT_CLASSIFIED
AXP,0000004962,0000004962-18-000002,8-K,2018-01-03,2018-01-03T19:59:56.000Z,7.01,axpjan32018.htm,https://www.sec.gov/Archives/edgar/data/4962/000000496218000002,https://www.sec.gov/Archives/edgar/data/4962/000000496218000002/index.json,NOT_CLASSIFIED
HUM,0000049071,0001193125-18-005083,8-K,2018-01-08,2018-01-08T13:00:56.000Z,7.01,d510338d8k.htm,https://www.sec.gov/Archives/edgar/data/49071/000119312518005083,https://www.sec.gov/Archives/edgar/data/49071/000119312518005083/index.json,NOT_CLASSIFIED
PPL,0000922224,0000922224-18-000003,8-K,2018-01-08,2018-01-08T14:10:56.000Z,7.01,ppl010820188k.htm,https://www.sec.gov/Archives/edgar/data/922224/000092222418000003,https://www.sec.gov/Archives/edgar/data/922224/000092222418000003/index.json,NOT_CLASSIFIED
UAL,0000100517,0001193125-18-007258,8-K,2018-01-09,2018-01-09T21:16:56.000Z,"2.02,7.01",d516891d8k.htm,https://www.sec.gov/Archives/edgar/data/100517/000119312518007258,https://www.sec.gov/Archives/edgar/data/100517/000119312518007258/index.json,NOT_CLASSIFIED
DTE,0000936340,0000936340-18-000030,8-K,2018-01-10,2018-01-10T21:28:33.000Z,7.01,a8-kirphoenix11018.htm,https://www.sec.gov/Archives/edgar/data/936340/000093634018000030,https://www.sec.gov/Archives/edgar/data/936340/000093634018000030/index.json,NOT_CLASSIFIED
PNC,0000713676,0000713676-18-000016,8-K,2018-01-12,2018-01-12T16:03:11.000Z,2.02,a4q178-kfs.htm,https://www.sec.gov/Archives/edgar/data/713676/000071367618000016,https://www.sec.gov/Archives/edgar/data/713676/000071367618000016/index.json,NOT_CLASSIFIED
AXP,0000004962,0000004962-18-000007,8-K,2018-01-16,2018-01-16T17:01:48.000Z,7.01,creditstatsjan2018.htm,https://www.sec.gov/Archives/edgar/data/4962/000000496218000007,https://www.sec.gov/Archives/edgar/data/4962/000000496218000007/index.json,NOT_CLASSIFIED
AXP,0000004962,0000004962-18-000012,8-K,2018-01-18,2018-01-18T21:09:38.000Z,"2.02,7.01",earningsq4fy17.htm,https://www.sec.gov/Archives/edgar/data/4962/000000496218000012,https://www.sec.gov/Archives/edgar/data/4962/000000496218000012/index.json,NOT_CLASSIFIED
IBM,0000051143,0001104659-18-002862,8-K,2018-01-18,2018-01-18T21:11:42.000Z,"2.02,7.01",a18-3308_18k.htm,https://www.sec.gov/Archives/edgar/data/51143/000110465918002862,https://www.sec.gov/Archives/edgar/data/51143/000110465918002862/index.json,NOT_CLASSIFIED
IBM,0000051143,0001104659-18-003059,8-K,2018-01-19,2018-01-19T21:16:40.000Z,7.01,a18-3308_28k.htm,https://www.sec.gov/Archives/edgar/data/51143/000110465918003059,https://www.sec.gov/Archives/edgar/data/51143/000110465918003059/index.json,NOT_CLASSIFIED
COF,0000927628,0000927628-18-000017,8-K,2018-01-23,2018-01-23T21:19:51.000Z,2.02,q42017earningsrelease8-k.htm,https://www.sec.gov/Archives/edgar/data/927628/000092762818000017,https://www.sec.gov/Archives/edgar/data/927628/000092762818000017/index.json,NOT_CLASSIFIED
PGR,0000080661,0000080661-18-000002,8-K,2018-01-24,2018-01-24T13:51:27.000Z,2.02,a8-kdecember2017earningsre.htm,https://www.sec.gov/Archives/edgar/data/80661/000008066118000002,https://www.sec.gov/Archives/edgar/data/80661/000008066118000002/index.json,NOT_CLASSIFIED
LUV,0000092380,0000092380-18-000008,8-K,2018-01-25,2018-01-25T15:21:02.000Z,2.02,er-12312017xcoverpage.htm,https://www.sec.gov/Archives/edgar/data/92380/000009238018000008,https://www.sec.gov/Archives/edgar/data/92380/000009238018000008/index.json,NOT_CLASSIFIED
WDC,0000106040,0001193125-18-022593,8-K,2018-01-29,2018-01-29T13:53:02.000Z,7.01,d531955d8k.htm,https://www.sec.gov/Archives/edgar/data/106040/000119312518022593,https://www.sec.gov/Archives/edgar/data/106040/000119312518022593/index.json,NOT_CLASSIFIED
CINF,0000020286,0000020286-18-000002,8-K,2018-01-29,2018-01-29T15:18:26.000Z,7.01,boardactionsform8-k01x29x18.htm,https://www.sec.gov/Archives/edgar/data/20286/000002028618000002,https://www.sec.gov/Archives/edgar/data/20286/000002028618000002/index.json,NOT_CLASSIFIED
PFG,0001126328,0001126328-18-000037,8-K,2018-01-29,2018-01-29T21:24:00.000Z,2.02,pfg8-kre4q2017earnings0129.htm,https://www.sec.gov/Archives/edgar/data/1126328/000112632818000037,https://www.sec.gov/Archives/edgar/data/1126328/000112632818000037/index.json,NOT_CLASSIFIED
PPL,0000922224,0000922224-18-000015,8-K,2018-01-30,2018-01-30T13:04:00.000Z,7.01,ppl013020188k.htm,https://www.sec.gov/Archives/edgar/data/922224/000092222418000015,https://www.sec.gov/Archives/edgar/data/922224/000092222418000015/index.json,NOT_CLASSIFIED
IVZ,0000914208,0000914208-18-000016,8-K,2018-01-31,2018-01-31T13:23:55.000Z,2.02,ivz8k4q17cover.htm,https://www.sec.gov/Archives/edgar/data/914208/000091420818000016,https://www.sec.gov/Archives/edgar/data/914208/000091420818000016/index.json,NOT_CLASSIFIED
MAA,0000912595,0000912595-18-000003,8-K,2018-01-31,2018-01-31T21:36:22.000Z,2.02,maa123117-er.htm,https://www.sec.gov/Archives/edgar/data/912595/000091259518000003,https://www.sec.gov/Archives/edgar/data/912595/000091259518000003/index.json,NOT_CLASSIFIED
MCK,0000927653,0001193125-18-028259,8-K,2018-02-01,2018-02-01T12:06:57.000Z,2.02,d525711d8k.htm,https://www.sec.gov/Archives/edgar/data/927653/000119312518028259,https://www.sec.gov/Archives/edgar/data/927653/000119312518028259/index.json,NOT_CLASSIFIED
CNC,0001071739,0001071739-18-000016,8-K,2018-02-06,2018-02-06T00:43:38.000Z,2.02,form8-k.htm,https://www.sec.gov/Archives/edgar/data/1071739/000107173918000016,https://www.sec.gov/Archives/edgar/data/1071739/000107173918000016/index.json,NOT_CLASSIFIED
LUV,0000092380,0000092380-18-000030,8-K,2018-02-07,2018-02-07T14:29:39.000Z,7.01,traffic8k012018cover.htm,https://www.sec.gov/Archives/edgar/data/92380/000009238018000030,https://www.sec.gov/Archives/edgar/data/92380/000009238018000030/index.json,NOT_CLASSIFIED
MAA,0000912595,0001144204-18-006359,8-K,2018-02-07,2018-02-07T22:23:11.000Z,7.01,tv485191_8k.htm,https://www.sec.gov/Archives/edgar/data/912595/000114420418006359,https://www.sec.gov/Archives/edgar/data/912595/000114420418006359/index.json,NOT_CLASSIFIED
IVZ,0000914208,0000914208-18-000164,8-K,2018-02-13,2018-02-13T13:40:01.000Z,7.01,a8k0118coverpageaumrelease.htm,https://www.sec.gov/Archives/edgar/data/914208/000091420818000164,https://www.sec.gov/Archives/edgar/data/914208/000091420818000164/index.json,NOT_CLASSIFIED
STT,0000093751,0000093751-18-000015,8-K,2018-02-13,2018-02-13T15:38:03.000Z,7.01,form8-k.htm,https://www.sec.gov/Archives/edgar/data/93751/000009375118000015,https://www.sec.gov/Archives/edgar/data/93751/000009375118000015/index.json,NOT_CLASSIFIED
CNP,0001130310,0001193125-18-042626,8-K,2018-02-13,2018-02-13T21:31:15.000Z,7.01,d457774d8k.htm,https://www.sec.gov/Archives/edgar/data/1130310/000119312518042626,https://www.sec.gov/Archives/edgar/data/1130310/000119312518042626/index.json,NOT_CLASSIFIED
COF,0000927628,0000927628-18-000069,8-K,2018-02-15,2018-02-14T23:02:22.000Z,7.01,january2018creditmetricsfo.htm,https://www.sec.gov/Archives/edgar/data/927628/000092762818000069,https://www.sec.gov/Archives/edgar/data/927628/000092762818000069/index.json,NOT_CLASSIFIED
AXP,0000004962,0000004962-18-000028,8-K,2018-02-15,2018-02-15T17:01:13.000Z,7.01,creditstatsfeb2018.htm,https://www.sec.gov/Archives/edgar/data/4962/000000496218000028,https://www.sec.gov/Archives/edgar/data/4962/000000496218000028/index.json,NOT_CLASSIFIED
PPL,0000922224,0000922224-18-000026,8-K,2018-02-22,2018-02-22T17:18:11.000Z,2.02,ppl022220188k.htm,https://www.sec.gov/Archives/edgar/data/922224/000092222418000026,https://www.sec.gov/Archives/edgar/data/922224/000092222418000026/index.json,NOT_CLASSIFIED
EIX,0000827052,0000827052-18-000045,8-K,2018-02-22,2018-02-22T21:07:07.000Z,"2.02,7.01",eix-sceform8xkre4q2017er.htm,https://www.sec.gov/Archives/edgar/data/827052/000082705218000045,https://www.sec.gov/Archives/edgar/data/827052/000082705218000045/index.json,NOT_CLASSIFIED
URI,0001067701,0001193125-18-060927,8-K,2018-02-27,2018-02-27T21:30:03.000Z,7.01,d536332d8k.htm,https://www.sec.gov/Archives/edgar/data/1067701/000119312518060927,https://www.sec.gov/Archives/edgar/data/1067701/000119312518060927/index.json,NOT_CLASSIFIED
WDC,0000106040,0001193125-18-061179,8-K,2018-02-27,2018-02-27T22:25:02.000Z,7.01,d482474d8k.htm,https://www.sec.gov/Archives/edgar/data/106040/000119312518061179,https://www.sec.gov/Archives/edgar/data/106040/000119312518061179/index.json,NOT_CLASSIFIED
UAL,0000100517,0001193125-18-064954,8-K,2018-03-01,2018-03-01T01:13:37.000Z,7.01,d533835d8k.htm,https://www.sec.gov/Archives/edgar/data/100517/000119312518064954,https://www.sec.gov/Archives/edgar/data/100517/000119312518064954/index.json,NOT_CLASSIFIED
HUM,0000049071,0001193125-18-065393,8-K,2018-03-01,2018-03-01T12:01:03.000Z,7.01,d515178d8k.htm,https://www.sec.gov/Archives/edgar/data/49071/000119312518065393,https://www.sec.gov/Archives/edgar/data/49071/000119312518065393/index.json,NOT_CLASSIFIED
WDC,0000106040,0001193125-18-069057,8-K,2018-03-02,2018-03-02T22:20:03.000Z,7.01,d526016d8k.htm,https://www.sec.gov/Archives/edgar/data/106040/000119312518069057,https://www.sec.gov/Archives/edgar/data/106040/000119312518069057/index.json,NOT_CLASSIFIED
DTE,0000936340,0000936340-18-000097,8-K,2018-03-09,2018-03-09T21:16:41.000Z,2.02,a8-kearningsrelease4thqtr2.htm,https://www.sec.gov/Archives/edgar/data/936340/000093634018000097,https://www.sec.gov/Archives/edgar/data/936340/000093634018000097/index.json,NOT_CLASSIFIED
UAL,0000100517,0001193125-18-079892,8-K,2018-03-13,2018-03-13T10:46:08.000Z,7.01,d505997d8k.htm,https://www.sec.gov/Archives/edgar/data/100517/000119312518079892,https://www.sec.gov/Archives/edgar/data/100517/000119312518079892/index.json,NOT_CLASSIFIED
IVZ,0000914208,0000914208-18-000261,8-K,2018-03-13,2018-03-13T13:20:20.000Z,7.01,a8k0218coverpageaumrelease.htm,https://www.sec.gov/Archives/edgar/data/914208/000091420818000261,https://www.sec.gov/Archives/edgar/data/914208/000091420818000261/index.json,NOT_CLASSIFIED
AXP,0000004962,0000004962-18-000047,8-K,2018-03-15,2018-03-15T16:00:41.000Z,7.01,creditstatsmar2018.htm,https://www.sec.gov/Archives/edgar/data/4962/000000496218000047,https://www.sec.gov/Archives/edgar/data/4962/000000496218000047/index.json,NOT_CLASSIFIED
TDG,0001260221,0001260221-18-000018,8-K,2018-03-19,2018-03-19T13:07:08.000Z,7.01,a8-kextantacquisition31918.htm,https://www.sec.gov/Archives/edgar/data/1260221/000126022118000018,https://www.sec.gov/Archives/edgar/data/1260221/000126022118000018/index.json,NOT_CLASSIFIED
EXPD,0000746515,0000746515-18-000013,8-K,2018-03-30,2018-03-30T19:19:55.000Z,7.01,a2017q4qa8-k.htm,https://www.sec.gov/Archives/edgar/data/746515/000074651518000013,https://www.sec.gov/Archives/edgar/data/746515/000074651518000013/index.json,NOT_CLASSIFIED
DTE,0000936340,0000936340-18-000104,8-K,2018-04-02,2018-04-02T20:26:27.000Z,7.01,a8-kconferencedeutsche4218.htm,https://www.sec.gov/Archives/edgar/data/936340/000093634018000104,https://www.sec.gov/Archives/edgar/data/936340/000093634018000104/index.json,NOT_CLASSIFIED
IVZ,0000914208,0000914208-18-000275,8-K,2018-04-11,2018-04-11T12:48:46.000Z,7.01,a8k0318coverpageaumrelease.htm,https://www.sec.gov/Archives/edgar/data/914208/000091420818000275,https://www.sec.gov/Archives/edgar/data/914208/000091420818000275/index.json,NOT_CLASSIFIED
DOV,0000029905,0001193125-18-117714,8-K,2018-04-16,2018-04-16T10:55:32.000Z,2.02,d562597d8k.htm,https://www.sec.gov/Archives/edgar/data/29905/000119312518117714,https://www.sec.gov/Archives/edgar/data/29905/000119312518117714/index.json,NOT_CLASSIFIED
AXP,0000004962,0000004962-18-000054,8-K,2018-04-16,2018-04-16T16:01:14.000Z,7.01,creditstatsapr2018.htm,https://www.sec.gov/Archives/edgar/data/4962/000000496218000054,https://www.sec.gov/Archives/edgar/data/4962/000000496218000054/index.json,NOT_CLASSIFIED
UAL,0000100517,0001193125-18-120191,8-K,2018-04-18,2018-04-18T10:46:09.000Z,7.01,d575749d8k.htm,https://www.sec.gov/Archives/edgar/data/100517/000119312518120191,https://www.sec.gov/Archives/edgar/data/100517/000119312518120191/index.json,NOT_CLASSIFIED
IBM,0000051143,0001104659-18-024737,8-K,2018-04-18,2018-04-18T12:48:21.000Z,7.01,a18-10009_28k.htm,https://www.sec.gov/Archives/edgar/data/51143/000110465918024737,https://www.sec.gov/Archives/edgar/data/51143/000110465918024737/index.json,NOT_CLASSIFIED
AXP,0000004962,0000004962-18-000056,8-K,2018-04-18,2018-04-18T20:06:59.000Z,"2.02,7.01",earnings8kq12018.htm,https://www.sec.gov/Archives/edgar/data/4962/000000496218000056,https://www.sec.gov/Archives/edgar/data/4962/000000496218000056/index.json,NOT_CLASSIFIED
ALL,0000899051,0000899051-18-000010,8-K,2018-04-19,2018-04-19T12:01:29.000Z,7.01,a8-k41918.htm,https://www.sec.gov/Archives/edgar/data/899051/000089905118000010,https://www.sec.gov/Archives/edgar/data/899051/000089905118000010/index.json,NOT_CLASSIFIED
FE,0001031296,0001031296-18-000028,8-K,2018-04-23,2018-04-23T11:18:01.000Z,2.02,a8-kq12018earningsrelease.htm,https://www.sec.gov/Archives/edgar/data/1031296/000103129618000028,https://www.sec.gov/Archives/edgar/data/1031296/000103129618000028/index.json,NOT_CLASSIFIED
FE,0001031296,0001031296-18-000029,8-K,2018-04-23,2018-04-23T11:29:30.000Z,7.01,a8-kdated04232018.htm,https://www.sec.gov/Archives/edgar/data/1031296/000103129618000029,https://www.sec.gov/Archives/edgar/data/1031296/000103129618000029/index.json,NOT_CLASSIFIED
CNC,0001071739,0001071739-18-000061,8-K,2018-04-24,2018-04-24T00:31:19.000Z,2.02,form8-k.htm,https://www.sec.gov/Archives/edgar/data/1071739/000107173918000061,https://www.sec.gov/Archives/edgar/data/1071739/000107173918000061/index.json,NOT_CLASSIFIED
COF,0000927628,0000927628-18-000164,8-K,2018-04-24,2018-04-24T20:01:58.000Z,2.02,q12018earningsrelease8-k.htm,https://www.sec.gov/Archives/edgar/data/927628/000092762818000164,https://www.sec.gov/Archives/edgar/data/927628/000092762818000164/index.json,NOT_CLASSIFIED
DTE,0000936340,0000936340-18-000124,8-K,2018-04-25,2018-04-25T10:45:58.000Z,"2.02,7.01",a8-kearningsrelease1stquar.htm,https://www.sec.gov/Archives/edgar/data/936340/000093634018000124,https://www.sec.gov/Archives/edgar/data/936340/000093634018000124/index.json,NOT_CLASSIFIED
CINF,0000020286,0000020286-18-000029,8-K,2018-04-25,2018-04-25T20:11:03.000Z,2.02,a1q18release8-k.htm,https://www.sec.gov/Archives/edgar/data/20286/000002028618000029,https://www.sec.gov/Archives/edgar/data/20286/000002028618000029/index.json,NOT_CLASSIFIED
F,0000037996,0000037996-18-000033,8-K,2018-04-25,2018-04-25T20:33:04.000Z,"2.02,7.01",earnings8-kdated4x25x2018.htm,https://www.sec.gov/Archives/edgar/data/37996/000003799618000033,https://www.sec.gov/Archives/edgar/data/37996/000003799618000033/index.json,NOT_CLASSIFIED
KIM,0000879101,0001157523-18-000816,8-K,2018-04-26,2018-04-26T11:45:43.000Z,2.02,a51795508.htm,https://www.sec.gov/Archives/edgar/data/879101/000115752318000816,https://www.sec.gov/Archives/edgar/data/879101/000115752318000816/index.json,NOT_CLASSIFIED
PPL,0000922224,0000922224-18-000034,8-K,2018-04-30,2018-04-30T11:14:30.000Z,7.01,ppl-04302018xform8k.htm,https://www.sec.gov/Archives/edgar/data/922224/000092222418000034,https://www.sec.gov/Archives/edgar/data/922224/000092222418000034/index.json,NOT_CLASSIFIED
EMR,0000032604,0000032604-18-000027,8-K,2018-05-01,2018-05-01T10:53:44.000Z,2.02,a2018q2release_8k.htm,https://www.sec.gov/Archives/edgar/data/32604/000003260418000027,https://www.sec.gov/Archives/edgar/data/32604/000003260418000027/index.json,NOT_CLASSIFIED
TDG,0001260221,0001260221-18-000029,8-K,2018-05-01,2018-05-01T11:31:26.000Z,2.02,form8-k2018q2earningsrelea.htm,https://www.sec.gov/Archives/edgar/data/1260221/000126022118000029,https://www.sec.gov/Archives/edgar/data/1260221/000126022118000029/index.json,NOT_CLASSIFIED
TDG,0001260221,0001193125-18-145638,8-K,2018-05-01,2018-05-01T15:19:57.000Z,7.01,d577975d8k.htm,https://www.sec.gov/Archives/edgar/data/1260221/000119312518145638,https://www.sec.gov/Archives/edgar/data/1260221/000119312518145638/index.json,NOT_CLASSIFIED
ALL,0000899051,0000899051-18-000016,8-K,2018-05-01,2018-05-01T20:46:32.000Z,2.02,allcorpearningsrelease8-k3.htm,https://www.sec.gov/Archives/edgar/data/899051/000089905118000016,https://www.sec.gov/Archives/edgar/data/899051/000089905118000016/index.json,NOT_CLASSIFIED
HUM,0000049071,0001193125-18-147566,8-K,2018-05-02,2018-05-02T11:31:04.000Z,"2.02,7.01",d573775d8k.htm,https://www.sec.gov/Archives/edgar/data/49071/000119312518147566,https://www.sec.gov/Archives/edgar/data/49071/000119312518147566/index.json,NOT_CLASSIFIED
CF,0001324404,0001324404-18-000011,8-K,2018-05-02,2018-05-02T20:40:07.000Z,2.02,cf-05022018_8kearningsreleas.htm,https://www.sec.gov/Archives/edgar/data/1324404/000132440418000011,https://www.sec.gov/Archives/edgar/data/1324404/000132440418000011/index.json,NOT_CLASSIFIED
WDC,0000106040,0001193125-18-149119,8-K,2018-05-03,2018-05-02T23:52:32.000Z,7.01,d478925d8k.htm,https://www.sec.gov/Archives/edgar/data/106040/000119312518149119,https://www.sec.gov/Archives/edgar/data/106040/000119312518149119/index.json,NOT_CLASSIFIED
DTE,0000936340,0000936340-18-000131,8-K,2018-05-03,2018-05-03T20:15:47.000Z,2.02,a8-kearningsrelease1stqtr2.htm,https://www.sec.gov/Archives/edgar/data/936340/000093634018000131,https://www.sec.gov/Archives/edgar/data/936340/000093634018000131/index.json,NOT_CLASSIFIED
DTE,0000936340,0000936340-18-000133,8-K,2018-05-04,2018-05-04T20:16:27.000Z,7.01,a8-kinvestormeetings5718.htm,https://www.sec.gov/Archives/edgar/data/936340/000093634018000133,https://www.sec.gov/Archives/edgar/data/936340/000093634018000133/index.json,NOT_CLASSIFIED
FE,0001031296,0001031296-18-000033,8-K,2018-05-07,2018-05-07T12:35:00.000Z,7.01,a8-kdated05072018.htm,https://www.sec.gov/Archives/edgar/data/1031296/000103129618000033,https://www.sec.gov/Archives/edgar/data/1031296/000103129618000033/index.json,NOT_CLASSIFIED
RF,0001281761,0001281761-18-000050,8-K/A,2018-05-08,2018-05-07T21:39:11.000Z,7.01,rf2018-05x07.htm,https://www.sec.gov/Archives/edgar/data/1281761/000128176118000050,https://www.sec.gov/Archives/edgar/data/1281761/000128176118000050/index.json,NOT_CLASSIFIED
UAL,0000100517,0001193125-18-156000,8-K,2018-05-08,2018-05-08T20:16:03.000Z,7.01,d583115d8k.htm,https://www.sec.gov/Archives/edgar/data/100517/000119312518156000,https://www.sec.gov/Archives/edgar/data/100517/000119312518156000/index.json,NOT_CLASSIFIED
DE,0000315189,0001104659-18-031554,8-K,2018-05-09,2018-05-09T13:00:25.000Z,7.01,a18-12793_18k.htm,https://www.sec.gov/Archives/edgar/data/315189/000110465918031554,https://www.sec.gov/Archives/edgar/data/315189/000110465918031554/index.json,NOT_CLASSIFIED
IVZ,0000914208,0000914208-18-000292,8-K,2018-05-10,2018-05-10T12:39:40.000Z,7.01,a8k0418coverpageaumrelease1.htm,https://www.sec.gov/Archives/edgar/data/914208/000091420818000292,https://www.sec.gov/Archives/edgar/data/914208/000091420818000292/index.json,NOT_CLASSIFIED
COF,0000927628,0000927628-18-000218,8-K,2018-05-14,2018-05-14T19:02:46.000Z,7.01,a8-kdated51418.htm,https://www.sec.gov/Archives/edgar/data/927628/000092762818000218,https://www.sec.gov/Archives/edgar/data/927628/000092762818000218/index.json,NOT_CLASSIFIED
DTE,0000936340,0000936340-18-000140,8-K,2018-05-14,2018-05-14T20:16:18.000Z,7.01,a8-kinvestormeetings51418.htm,https://www.sec.gov/Archives/edgar/data/936340/000093634018000140,https://www.sec.gov/Archives/edgar/data/936340/000093634018000140/index.json,NOT_CLASSIFIED
COF,0000927628,0000927628-18-000222,8-K,2018-05-15,2018-05-14T21:50:28.000Z,7.01,april2018creditmetricsform.htm,https://www.sec.gov/Archives/edgar/data/927628/000092762818000222,https://www.sec.gov/Archives/edgar/data/927628/000092762818000222/index.json,NOT_CLASSIFIED
AXP,0000004962,0000004962-18-000071,8-K,2018-05-15,2018-05-15T16:00:26.000Z,7.01,creditstatsmay2018.htm,https://www.sec.gov/Archives/edgar/data/4962/000000496218000071,https://www.sec.gov/Archives/edgar/data/4962/000000496218000071/index.json,NOT_CLASSIFIED
AJG,0000354190,0001193125-18-163798,8-K,2018-05-15,2018-05-15T17:05:35.000Z,7.01,d586615d8k.htm,https://www.sec.gov/Archives/edgar/data/354190/000119312518163798,https://www.sec.gov/Archives/edgar/data/354190/000119312518163798/index.json,NOT_CLASSIFIED
PGR,0000080661,0000080661-18-000032,8-K,2018-05-16,2018-05-16T12:46:26.000Z,7.01,a8-kapril2018earningsrelea.htm,https://www.sec.gov/Archives/edgar/data/80661/000008066118000032,https://www.sec.gov/Archives/edgar/data/80661/000008066118000032/index.json,NOT_CLASSIFIED
F,0000037996,0000037996-18-000047,8-K,2018-05-16,2018-05-16T20:53:29.000Z,7.01,a8-kdatedmay162018.htm,https://www.sec.gov/Archives/edgar/data/37996/000003799618000047,https://www.sec.gov/Archives/edgar/data/37996/000003799618000047/index.json,NOT_CLASSIFIED
DE,0000315189,0001104659-18-034240,8-K,2018-05-18,2018-05-18T10:05:39.000Z,"2.02,7.01",a18-13446_18k.htm,https://www.sec.gov/Archives/edgar/data/315189/000110465918034240,https://www.sec.gov/Archives/edgar/data/315189/000110465918034240/index.json,NOT_CLASSIFIED
EMR,0000032604,0000032604-18-000031,8-K,2018-05-23,2018-05-23T10:39:21.000Z,7.01,fy2018orders8-kmayrelease.htm,https://www.sec.gov/Archives/edgar/data/32604/000003260418000031,https://www.sec.gov/Archives/edgar/data/32604/000003260418000031/index.json,NOT_CLASSIFIED
UAL,0000100517,0001193125-18-177522,8-K,2018-05-30,2018-05-30T10:51:58.000Z,7.01,d596679d8k.htm,https://www.sec.gov/Archives/edgar/data/100517/000119312518177522,https://www.sec.gov/Archives/edgar/data/100517/000119312518177522/index.json,NOT_CLASSIFIED
UDR,0000074208,0000074208-18-000058,8-K,2018-06-04,2018-06-01T22:05:09.000Z,7.01,c208-20180604x8k.htm,https://www.sec.gov/Archives/edgar/data/74208/000007420818000058,https://www.sec.gov/Archives/edgar/data/74208/000007420818000058/index.json,NOT_CLASSIFIED
DE,0000315189,0001104659-18-037859,8-K,2018-06-04,2018-06-04T13:00:38.000Z,7.01,a18-14608_18k.htm,https://www.sec.gov/Archives/edgar/data/315189/000110465918037859,https://www.sec.gov/Archives/edgar/data/315189/000110465918037859/index.json,NOT_CLASSIFIED
PPL,0000922224,0000922224-18-000044,8-K,2018-06-04,2018-06-04T13:14:06.000Z,7.01,ppl060420188k.htm,https://www.sec.gov/Archives/edgar/data/922224/000092222418000044,https://www.sec.gov/Archives/edgar/data/922224/000092222418000044/index.json,NOT_CLASSIFIED
KIM,0000879101,0001437749-18-011296,8-K,2018-06-05,2018-06-05T21:17:53.000Z,7.01,kim20180605_8k.htm,https://www.sec.gov/Archives/edgar/data/879101/000143774918011296,https://www.sec.gov/Archives/edgar/data/879101/000143774918011296/index.json,NOT_CLASSIFIED
IVZ,0000914208,0000914208-18-000327,8-K,2018-06-06,2018-06-06T10:47:51.000Z,7.01,form8k060618.htm,https://www.sec.gov/Archives/edgar/data/914208/000091420818000327,https://www.sec.gov/Archives/edgar/data/914208/000091420818000327/index.json,NOT_CLASSIFIED
LUV,0000092380,0000092380-18-000102,8-K,2018-06-06,2018-06-06T13:05:42.000Z,7.01,traffic8k052018cover.htm,https://www.sec.gov/Archives/edgar/data/92380/000009238018000102,https://www.sec.gov/Archives/edgar/data/92380/000009238018000102/index.json,NOT_CLASSIFIED
PPL,0000922224,0000922224-18-000047,8-K,2018-06-07,2018-06-07T20:14:24.000Z,7.01,ppl060720188k.htm,https://www.sec.gov/Archives/edgar/data/922224/000092222418000047,https://www.sec.gov/Archives/edgar/data/922224/000092222418000047/index.json,NOT_CLASSIFIED
IVZ,0000914208,0000914208-18-000335,8-K,2018-06-12,2018-06-12T13:44:41.000Z,7.01,a8k0518coverpageaumrelease.htm,https://www.sec.gov/Archives/edgar/data/914208/000091420818000335,https://www.sec.gov/Archives/edgar/data/914208/000091420818000335/index.json,NOT_CLASSIFIED
COF,0000927628,0000927628-18-000238,8-K,2018-06-13,2018-06-13T13:21:21.000Z,7.01,a8-kdated6132018.htm,https://www.sec.gov/Archives/edgar/data/927628/000092762818000238,https://www.sec.gov/Archives/edgar/data/927628/000092762818000238/index.json,NOT_CLASSIFIED
COF,0000927628,0000927628-18-000240,8-K,2018-06-15,2018-06-14T21:50:28.000Z,7.01,may2018creditmetricsform8-k.htm,https://www.sec.gov/Archives/edgar/data/927628/000092762818000240,https://www.sec.gov/Archives/edgar/data/927628/000092762818000240/index.json,NOT_CLASSIFIED
AXP,0000004962,0000004962-18-000074,8-K,2018-06-15,2018-06-15T16:00:42.000Z,7.01,creditstatsjune2018.htm,https://www.sec.gov/Archives/edgar/data/4962/000000496218000074,https://www.sec.gov/Archives/edgar/data/4962/000000496218000074/index.json,NOT_CLASSIFIED
AXP,0000004962,0000004962-18-000079,8-K,2018-06-20,2018-06-20T20:32:48.000Z,7.01,axpresegmentation.htm,https://www.sec.gov/Archives/edgar/data/4962/000000496218000079,https://www.sec.gov/Archives/edgar/data/4962/000000496218000079/index.json,NOT_CLASSIFIED
ALL,0000899051,0000899051-18-000036,8-K,2018-06-21,2018-06-21T12:00:57.000Z,7.01,a8-k62118.htm,https://www.sec.gov/Archives/edgar/data/899051/000089905118000036,https://www.sec.gov/Archives/edgar/data/899051/000089905118000036/index.json,NOT_CLASSIFIED
DTE,0000936340,0000936340-18-000157,8-K,2018-06-22,2018-06-22T20:16:28.000Z,7.01,a8-kndraustralia62218.htm,https://www.sec.gov/Archives/edgar/data/936340/000093634018000157,https://www.sec.gov/Archives/edgar/data/936340/000093634018000157/index.json,NOT_CLASSIFIED
AXP,0000004962,0000004962-18-000085,8-K,2018-06-28,2018-06-28T20:39:47.000Z,7.01,ccar2018.htm,https://www.sec.gov/Archives/edgar/data/4962/000000496218000085,https://www.sec.gov/Archives/edgar/data/4962/000000496218000085/index.json,NOT_CLASSIFIED
DE,0000315189,0001104659-18-043689,8-K,2018-07-03,2018-07-03T13:00:24.000Z,7.01,a18-16166_18k.htm,https://www.sec.gov/Archives/edgar/data/315189/000110465918043689,https://www.sec.gov/Archives/edgar/data/315189/000110465918043689/index.json,NOT_CLASSIFIED
UAL,0000100517,0000100517-18-000003,8-K,2018-07-06,2018-07-06T20:21:05.000Z,2.02,ual_063018sc8k.htm,https://www.sec.gov/Archives/edgar/data/100517/000010051718000003,https://www.sec.gov/Archives/edgar/data/100517/000010051718000003/index.json,NOT_CLASSIFIED
PNC,0000713676,0000713676-18-000056,8-K,2018-07-13,2018-07-13T10:59:42.000Z,2.02,q220188-kfh.htm,https://www.sec.gov/Archives/edgar/data/713676/000071367618000056,https://www.sec.gov/Archives/edgar/data/713676/000071367618000056/index.json,NOT_CLASSIFIED
AXP,0000004962,0000004962-18-000087,8-K,2018-07-16,2018-07-16T10:05:20.000Z,7.01,creditstatsjuly2018.htm,https://www.sec.gov/Archives/edgar/data/4962/000000496218000087,https://www.sec.gov/Archives/edgar/data/4962/000000496218000087/index.json,NOT_CLASSIFIED
UAL,0000100517,0001104659-18-045134,8-K,2018-07-16,2018-07-16T11:00:36.000Z,7.01,a18-17248_18k.htm,https://www.sec.gov/Archives/edgar/data/100517/000110465918045134,https://www.sec.gov/Archives/edgar/data/100517/000110465918045134/index.json,NOT_CLASSIFIED
UAL,0000100517,0000100517-18-000009,8-K,2018-07-17,2018-07-17T20:15:58.000Z,"2.02,7.01",ual_063018er8k.htm,https://www.sec.gov/Archives/edgar/data/100517/000010051718000009,https://www.sec.gov/Archives/edgar/data/100517/000010051718000009/index.json,NOT_CLASSIFIED
AXP,0000004962,0000004962-18-000090,8-K,2018-07-18,2018-07-18T20:06:54.000Z,"2.02,7.01",earnings8kq22018.htm,https://www.sec.gov/Archives/edgar/data/4962/000000496218000090,https://www.sec.gov/Archives/edgar/data/4962/000000496218000090/index.json,NOT_CLASSIFIED
COF,0000927628,0000927628-18-000266,8-K,2018-07-19,2018-07-19T20:02:15.000Z,7.01,june2018creditmetricsform8.htm,https://www.sec.gov/Archives/edgar/data/927628/000092762818000266,https://www.sec.gov/Archives/edgar/data/927628/000092762818000266/index.json,NOT_CLASSIFIED
KIM,0000879101,0001437749-18-013632,8-K,2018-07-24,2018-07-24T12:11:08.000Z,7.01,kim20180723_8k.htm,https://www.sec.gov/Archives/edgar/data/879101/000143774918013632,https://www.sec.gov/Archives/edgar/data/879101/000143774918013632/index.json,NOT_CLASSIFIED
DTE,0000936340,0000936340-18-000184,8-K,2018-07-25,2018-07-25T10:49:29.000Z,"2.02,7.01",a8-kearningsrelease2ndquar.htm,https://www.sec.gov/Archives/edgar/data/936340/000093634018000184,https://www.sec.gov/Archives/edgar/data/936340/000093634018000184/index.json,NOT_CLASSIFIED
IVZ,0000914208,0000914208-18-000354,8-K,2018-07-26,2018-07-26T12:25:56.000Z,2.02,ivz8k2q18cover.htm,https://www.sec.gov/Archives/edgar/data/914208/000091420818000354,https://www.sec.gov/Archives/edgar/data/914208/000091420818000354/index.json,NOT_CLASSIFIED
EIX,0000827052,0000827052-18-000135,8-K,2018-07-26,2018-07-26T20:06:11.000Z,"2.02,7.01",eix-sceform8xkre2q2018er.htm,https://www.sec.gov/Archives/edgar/data/827052/000082705218000135,https://www.sec.gov/Archives/edgar/data/827052/000082705218000135/index.json,NOT_CLASSIFIED
COF,0000927628,0000927628-18-000278,8-K,2018-07-26,2018-07-26T21:04:05.000Z,7.01,a8-kdated7262018.htm,https://www.sec.gov/Archives/edgar/data/927628/000092762818000278,https://www.sec.gov/Archives/edgar/data/927628/000092762818000278/index.json,NOT_CLASSIFIED
TDG,0001260221,0001260221-18-000043,8-K,2018-07-30,2018-07-30T20:14:10.000Z,7.01,a8-kcfoannouncement73018.htm,https://www.sec.gov/Archives/edgar/data/1260221/000126022118000043,https://www.sec.gov/Archives/edgar/data/1260221/000126022118000043/index.json,NOT_CLASSIFIED
HUM,0000049071,0001193125-18-233903,8-K,2018-08-01,2018-08-01T11:30:10.000Z,"2.02,7.01",d594073d8k.htm,https://www.sec.gov/Archives/edgar/data/49071/000119312518233903,https://www.sec.gov/Archives/edgar/data/49071/000119312518233903/index.json,NOT_CLASSIFIED
MAA,0000912595,0000912595-18-000038,8-K,2018-08-01,2018-08-01T20:25:02.000Z,2.02,maa63018-er.htm,https://www.sec.gov/Archives/edgar/data/912595/000091259518000038,https://www.sec.gov/Archives/edgar/data/912595/000091259518000038/index.json,NOT_CLASSIFIED
DE,0000315189,0001104659-18-050364,8-K,2018-08-08,2018-08-08T13:00:26.000Z,7.01,a18-18136_18k.htm,https://www.sec.gov/Archives/edgar/data/315189/000110465918050364,https://www.sec.gov/Archives/edgar/data/315189/000110465918050364/index.json,NOT_CLASSIFIED
IVZ,0000914208,0000914208-18-000359,8-K,2018-08-10,2018-08-10T12:53:20.000Z,7.01,a8k0718coverpageaumrelease.htm,https://www.sec.gov/Archives/edgar/data/914208/000091420818000359,https://www.sec.gov/Archives/edgar/data/914208/000091420818000359/index.json,NOT_CLASSIFIED
COF,0000927628,0000927628-18-000294,8-K,2018-08-15,2018-08-14T21:34:53.000Z,7.01,july2018creditmetricsform8.htm,https://www.sec.gov/Archives/edgar/data/927628/000092762818000294,https://www.sec.gov/Archives/edgar/data/927628/000092762818000294/index.json,NOT_CLASSIFIED
PGR,0000080661,0000080661-18-000041,8-K,2018-08-15,2018-08-15T12:45:56.000Z,7.01,a8-kjuly2018earningsrelease.htm,https://www.sec.gov/Archives/edgar/data/80661/000008066118000041,https://www.sec.gov/Archives/edgar/data/80661/000008066118000041/index.json,NOT_CLASSIFIED
DTE,0000936340,0000936340-18-000203,8-K,2018-08-15,2018-08-15T20:16:55.000Z,7.01,a8-kmacquarie81518.htm,https://www.sec.gov/Archives/edgar/data/936340/000093634018000203,https://www.sec.gov/Archives/edgar/data/936340/000093634018000203/index.json,NOT_CLASSIFIED
ALL,0000899051,0000899051-18-000047,8-K,2018-08-16,2018-08-16T12:00:36.000Z,7.01,a8-k81618.htm,https://www.sec.gov/Archives/edgar/data/899051/000089905118000047,https://www.sec.gov/Archives/edgar/data/899051/000089905118000047/index.json,NOT_CLASSIFIED
CINF,0000020286,0000020286-18-000054,8-K,2018-08-20,2018-08-20T13:04:10.000Z,7.01,transitions8-k08x20x18.htm,https://www.sec.gov/Archives/edgar/data/20286/000002028618000054,https://www.sec.gov/Archives/edgar/data/20286/000002028618000054/index.json,NOT_CLASSIFIED
DTE,0000936340,0000936340-18-000206,8-K,2018-08-28,2018-08-28T20:17:04.000Z,7.01,a8-kinvestormeetingcalldet.htm,https://www.sec.gov/Archives/edgar/data/936340/000093634018000206,https://www.sec.gov/Archives/edgar/data/936340/000093634018000206/index.json,NOT_CLASSIFIED
UDR,0000074208,0000074208-18-000067,8-K,2018-09-04,2018-09-04T20:30:39.000Z,7.01,c208-20180904x8k.htm,https://www.sec.gov/Archives/edgar/data/74208/000007420818000067,https://www.sec.gov/Archives/edgar/data/74208/000007420818000067/index.json,NOT_CLASSIFIED
DTE,0000936340,0000936340-18-000208,8-K,2018-09-05,2018-09-05T20:16:44.000Z,7.01,a8-kbarclays9518.htm,https://www.sec.gov/Archives/edgar/data/936340/000093634018000208,https://www.sec.gov/Archives/edgar/data/936340/000093634018000208/index.json,NOT_CLASSIFIED
F,0000037996,0000037996-18-000071,8-K,2018-09-06,2018-09-06T12:01:02.000Z,7.01,a8-kdated9x6x2018.htm,https://www.sec.gov/Archives/edgar/data/37996/000003799618000071,https://www.sec.gov/Archives/edgar/data/37996/000003799618000071/index.json,NOT_CLASSIFIED
MAA,0000912595,0001144204-18-049037,8-K,2018-09-11,2018-09-11T20:25:19.000Z,7.01,tv502700_8k.htm,https://www.sec.gov/Archives/edgar/data/912595/000114420418049037,https://www.sec.gov/Archives/edgar/data/912595/000114420418049037/index.json,NOT_CLASSIFIED
LUV,0000092380,0000092380-18-000123,8-K,2018-09-12,2018-09-12T10:17:30.000Z,7.01,traffic8k082018cover.htm,https://www.sec.gov/Archives/edgar/data/92380/000009238018000123,https://www.sec.gov/Archives/edgar/data/92380/000009238018000123/index.json,NOT_CLASSIFIED
USB,0000036104,0001193125-18-272265,8-K,2018-09-13,2018-09-13T12:02:11.000Z,7.01,d616236d8k.htm,https://www.sec.gov/Archives/edgar/data/36104/000119312518272265,https://www.sec.gov/Archives/edgar/data/36104/000119312518272265/index.json,NOT_CLASSIFIED
PGR,0000080661,0000080661-18-000045,8-K,2018-09-13,2018-09-13T12:29:49.000Z,7.01,a8-kaugust2018earningsrele.htm,https://www.sec.gov/Archives/edgar/data/80661/000008066118000045,https://www.sec.gov/Archives/edgar/data/80661/000008066118000045/index.json,NOT_CLASSIFIED
IVZ,0000914208,0000914208-18-000385,8-K,2018-09-13,2018-09-13T13:03:35.000Z,7.01,a8k0818coverpageaumrelease.htm,https://www.sec.gov/Archives/edgar/data/914208/000091420818000385,https://www.sec.gov/Archives/edgar/data/914208/000091420818000385/index.json,NOT_CLASSIFIED
F,0000037996,0000037996-18-000075,8-K,2018-09-14,2018-09-14T17:32:01.000Z,7.01,fixedincomepresentation8-k.htm,https://www.sec.gov/Archives/edgar/data/37996/000003799618000075,https://www.sec.gov/Archives/edgar/data/37996/000003799618000075/index.json,NOT_CLASSIFIED
COF,0000927628,0000927628-18-000299,8-K,2018-09-17,2018-09-14T21:34:40.000Z,7.01,august2018creditmetricsfor.htm,https://www.sec.gov/Archives/edgar/data/927628/000092762818000299,https://www.sec.gov/Archives/edgar/data/927628/000092762818000299/index.json,NOT_CLASSIFIED
PPL,0000922224,0000922224-18-000061,8-K,2018-09-17,2018-09-17T11:54:05.000Z,7.01,ppl091720188k.htm,https://www.sec.gov/Archives/edgar/data/922224/000092222418000061,https://www.sec.gov/Archives/edgar/data/922224/000092222418000061/index.json,NOT_CLASSIFIED
AXP,0000004962,0000004962-18-000108,8-K,2018-09-17,2018-09-17T12:00:58.000Z,7.01,creditstatssept2018.htm,https://www.sec.gov/Archives/edgar/data/4962/000000496218000108,https://www.sec.gov/Archives/edgar/data/4962/000000496218000108/index.json,NOT_CLASSIFIED
ORLY,0000898173,0000898173-18-000194,8-K,2018-10-01,2018-10-01T20:30:57.000Z,7.01,orly-20181001x3q2018earnin.htm,https://www.sec.gov/Archives/edgar/data/898173/000089817318000194,https://www.sec.gov/Archives/edgar/data/898173/000089817318000194/index.json,NOT_CLASSIFIED
CNP,0001130310,0001193125-18-290199,8-K,2018-10-02,2018-10-02T10:32:04.000Z,7.01,d604625d8k.htm,https://www.sec.gov/Archives/edgar/data/1130310/000119312518290199,https://www.sec.gov/Archives/edgar/data/1130310/000119312518290199/index.json,NOT_CLASSIFIED
DTE,0000936340,0000936340-18-000221,8-K,2018-10-02,2018-10-02T20:19:39.000Z,7.01,a8-kwolfexguggenheim10218.htm,https://www.sec.gov/Archives/edgar/data/936340/000093634018000221,https://www.sec.gov/Archives/edgar/data/936340/000093634018000221/index.json,NOT_CLASSIFIED
DE,0000315189,0001104659-18-060189,8-K,2018-10-03,2018-10-03T13:00:40.000Z,7.01,a18-36057_18k.htm,https://www.sec.gov/Archives/edgar/data/315189/000110465918060189,https://www.sec.gov/Archives/edgar/data/315189/000110465918060189/index.json,NOT_CLASSIFIED
LUV,0000092380,0000092380-18-000125,8-K,2018-10-05,2018-10-05T12:59:51.000Z,2.02,traffic8k092018cover.htm,https://www.sec.gov/Archives/edgar/data/92380/000009238018000125,https://www.sec.gov/Archives/edgar/data/92380/000009238018000125/index.json,NOT_CLASSIFIED
CINF,0000020286,0000020286-18-000061,8-K,2018-10-12,2018-10-12T11:01:29.000Z,7.01,mspacquisition8-k.htm,https://www.sec.gov/Archives/edgar/data/20286/000002028618000061,https://www.sec.gov/Archives/edgar/data/20286/000002028618000061/index.json,NOT_CLASSIFIED
CINF,0000020286,0000020286-18-000063,8-K,2018-10-12,2018-10-12T18:01:16.000Z,"2.02,7.01",a3q18catannouncement10-12x.htm,https://www.sec.gov/Archives/edgar/data/20286/000002028618000063,https://www.sec.gov/Archives/edgar/data/20286/000002028618000063/index.json,NOT_CLASSIFIED
AXP,0000004962,0000004962-18-000114,8-K,2018-10-15,2018-10-15T16:00:48.000Z,7.01,creditstatsoct2018.htm,https://www.sec.gov/Archives/edgar/data/4962/000000496218000114,https://www.sec.gov/Archives/edgar/data/4962/000000496218000114/index.json,NOT_CLASSIFIED
UAL,0000100517,0000100517-18-000025,8-K,2018-10-16,2018-10-16T20:14:21.000Z,"2.02,7.01",ual_093018er8k.htm,https://www.sec.gov/Archives/edgar/data/100517/000010051718000025,https://www.sec.gov/Archives/edgar/data/100517/000010051718000025/index.json,NOT_CLASSIFIED
UAL,0000100517,0001104659-18-062372,8-K,2018-10-17,2018-10-17T10:45:28.000Z,7.01,a18-36833_18k.htm,https://www.sec.gov/Archives/edgar/data/100517/000110465918062372,https://www.sec.gov/Archives/edgar/data/100517/000110465918062372/index.json,NOT_CLASSIFIED
MTB,0000036270,0001564590-18-024379,8-K,2018-10-17,2018-10-17T13:23:30.000Z,2.02,mtb-8k_20181017.htm,https://www.sec.gov/Archives/edgar/data/36270/000156459018024379,https://www.sec.gov/Archives/edgar/data/36270/000156459018024379/index.json,NOT_CLASSIFIED
IBM,0000051143,0001104659-18-062556,8-K,2018-10-17,2018-10-17T21:31:00.000Z,7.01,a18-36505_28k.htm,https://www.sec.gov/Archives/edgar/data/51143/000110465918062556,https://www.sec.gov/Archives/edgar/data/51143/000110465918062556/index.json,NOT_CLASSIFIED
IVZ,0000914208,0000914208-18-000402,8-K,2018-10-18,2018-10-18T11:03:26.000Z,7.01,form8k10172018.htm,https://www.sec.gov/Archives/edgar/data/914208/000091420818000402,https://www.sec.gov/Archives/edgar/data/914208/000091420818000402/index.json,NOT_CLASSIFIED
IVZ,0000914208,0000914208-18-000403,8-K,2018-10-18,2018-10-18T11:45:24.000Z,2.02,ivz8k3q18cover.htm,https://www.sec.gov/Archives/edgar/data/914208/000091420818000403,https://www.sec.gov/Archives/edgar/data/914208/000091420818000403/index.json,NOT_CLASSIFIED
ALL,0000899051,0000899051-18-000051,8-K,2018-10-18,2018-10-18T12:00:27.000Z,7.01,a8-k101818.htm,https://www.sec.gov/Archives/edgar/data/899051/000089905118000051,https://www.sec.gov/Archives/edgar/data/899051/000089905118000051/index.json,NOT_CLASSIFIED
AXP,0000004962,0000004962-18-000116,8-K,2018-10-18,2018-10-18T20:09:24.000Z,"2.02,7.01",earningsq318.htm,https://www.sec.gov/Archives/edgar/data/4962/000000496218000116,https://www.sec.gov/Archives/edgar/data/4962/000000496218000116/index.json,NOT_CLASSIFIED
RF,0001281761,0001281761-18-000109,8-K,2018-10-23,2018-10-22T21:52:02.000Z,"2.02,7.01",rf-2018930x8k.htm,https://www.sec.gov/Archives/edgar/data/1281761/000128176118000109,https://www.sec.gov/Archives/edgar/data/1281761/000128176118000109/index.json,NOT_CLASSIFIED
COF,0000927628,0000927628-18-000306,8-K,2018-10-23,2018-10-23T20:01:42.000Z,2.02,q32018earningsrelease8-k.htm,https://www.sec.gov/Archives/edgar/data/927628/000092762818000306,https://www.sec.gov/Archives/edgar/data/927628/000092762818000306/index.json,NOT_CLASSIFIED
DTE,0000936340,0000936340-18-000231,8-K,2018-10-24,2018-10-24T10:47:12.000Z,"2.02,7.01",a8-kearningsrelease3rdquar.htm,https://www.sec.gov/Archives/edgar/data/936340/000093634018000231,https://www.sec.gov/Archives/edgar/data/936340/000093634018000231/index.json,NOT_CLASSIFIED
LUV,0000092380,0000092380-18-000127,8-K,2018-10-25,2018-10-25T13:50:51.000Z,2.02,er-9302018xcoverpage.htm,https://www.sec.gov/Archives/edgar/data/92380/000009238018000127,https://www.sec.gov/Archives/edgar/data/92380/000009238018000127/index.json,NOT_CLASSIFIED
WDC,0000106040,0001193125-18-307751,8-K,2018-10-25,2018-10-25T20:20:07.000Z,2.02,d634906d8k.htm,https://www.sec.gov/Archives/edgar/data/106040/000119312518307751,https://www.sec.gov/Archives/edgar/data/106040/000119312518307751/index.json,NOT_CLASSIFIED
PFG,0001126328,0001126328-18-000277,8-K,2018-10-25,2018-10-25T20:26:57.000Z,2.02,pfg8-kre3q2018earnings1025.htm,https://www.sec.gov/Archives/edgar/data/1126328/000112632818000277,https://www.sec.gov/Archives/edgar/data/1126328/000112632818000277/index.json,NOT_CLASSIFIED
FE,0001031296,0001031296-18-000065,8-K,2018-10-25,2018-10-25T20:38:11.000Z,2.02,a8-kq3earningsrelease.htm,https://www.sec.gov/Archives/edgar/data/1031296/000103129618000065,https://www.sec.gov/Archives/edgar/data/1031296/000103129618000065/index.json,NOT_CLASSIFIED
TDG,0001260221,0001260221-18-000065,8-K,2018-10-26,2018-10-26T12:02:16.000Z,7.01,form8-k102618.htm,https://www.sec.gov/Archives/edgar/data/1260221/000126022118000065,https://www.sec.gov/Archives/edgar/data/1260221/000126022118000065/index.json,NOT_CLASSIFIED
EIX,0000827052,0000827052-18-000152,8-K,2018-10-30,2018-10-30T20:11:33.000Z,"2.02,7.01",eix-sceform8xk3q2018er.htm,https://www.sec.gov/Archives/edgar/data/827052/000082705218000152,https://www.sec.gov/Archives/edgar/data/827052/000082705218000152/index.json,NOT_CLASSIFIED
ALL,0000899051,0000899051-18-000055,8-K,2018-10-31,2018-10-31T20:15:43.000Z,2.02,allcorpearningsrelease8-k9.htm,https://www.sec.gov/Archives/edgar/data/899051/000089905118000055,https://www.sec.gov/Archives/edgar/data/899051/000089905118000055/index.json,NOT_CLASSIFIED
DTE,0000936340,0000936340-18-000236,8-K,2018-10-31,2018-10-31T20:15:59.000Z,2.02,a8-kearningsrelease3rdqtr2.htm,https://www.sec.gov/Archives/edgar/data/936340/000093634018000236,https://www.sec.gov/Archives/edgar/data/936340/000093634018000236/index.json,NOT_CLASSIFIED
CINF,0000020286,0000020286-18-000076,8-K,2018-11-05,2018-11-05T21:07:15.000Z,7.01,a3q18investorhandout8-k11x.htm,https://www.sec.gov/Archives/edgar/data/20286/000002028618000076,https://www.sec.gov/Archives/edgar/data/20286/000002028618000076/index.json,NOT_CLASSIFIED
LUV,0000092380,0000092380-18-000132,8-K,2018-11-07,2018-11-07T13:53:50.000Z,7.01,traffic8k102018cover.htm,https://www.sec.gov/Archives/edgar/data/92380/000009238018000132,https://www.sec.gov/Archives/edgar/data/92380/000009238018000132/index.json,NOT_CLASSIFIED
RF,0001281761,0001281761-18-000118,8-K,2018-11-07,2018-11-07T21:43:17.000Z,7.01,rf2018-11x07ir.htm,https://www.sec.gov/Archives/edgar/data/1281761/000128176118000118,https://www.sec.gov/Archives/edgar/data/1281761/000128176118000118/index.json,NOT_CLASSIFIED
RF,0001281761,0001281761-18-000119,8-K,2018-11-07,2018-11-07T21:48:13.000Z,7.01,rf2018-11x07baab.htm,https://www.sec.gov/Archives/edgar/data/1281761/000128176118000119,https://www.sec.gov/Archives/edgar/data/1281761/000128176118000119/index.json,NOT_CLASSIFIED
PNC,0000713676,0000713676-18-000084,8-K,2018-11-08,2018-11-08T16:50:43.000Z,2.02,a8-kbaabconference11818.htm,https://www.sec.gov/Archives/edgar/data/713676/000071367618000084,https://www.sec.gov/Archives/edgar/data/713676/000071367618000084/index.json,NOT_CLASSIFIED
PPL,0000922224,0000922224-18-000082,8-K,2018-11-09,2018-11-09T21:04:26.000Z,7.01,ppl1109188k.htm,https://www.sec.gov/Archives/edgar/data/922224/000092222418000082,https://www.sec.gov/Archives/edgar/data/922224/000092222418000082/index.json,NOT_CLASSIFIED
DTE,0000936340,0000936340-18-000238,8-K,2018-11-09,2018-11-09T21:19:35.000Z,7.01,a8-keeiconferencenov2018.htm,https://www.sec.gov/Archives/edgar/data/936340/000093634018000238,https://www.sec.gov/Archives/edgar/data/936340/000093634018000238/index.json,NOT_CLASSIFIED
IVZ,0000914208,0000914208-18-000415,8-K,2018-11-13,2018-11-13T13:44:21.000Z,7.01,a8k1018coverpageaumrelease.htm,https://www.sec.gov/Archives/edgar/data/914208/000091420818000415,https://www.sec.gov/Archives/edgar/data/914208/000091420818000415/index.json,NOT_CLASSIFIED
F,0000037996,0000037996-18-000086,8-K,2018-11-14,2018-11-14T13:00:53.000Z,7.01,barclaysconference8-kdated.htm,https://www.sec.gov/Archives/edgar/data/37996/000003799618000086,https://www.sec.gov/Archives/edgar/data/37996/000003799618000086/index.json,NOT_CLASSIFIED
PGR,0000080661,0000080661-18-000052,8-K,2018-11-14,2018-11-14T13:52:43.000Z,7.01,a8-koctober2018earningsrel.htm,https://www.sec.gov/Archives/edgar/data/80661/000008066118000052,https://www.sec.gov/Archives/edgar/data/80661/000008066118000052/index.json,NOT_CLASSIFIED
ALL,0000899051,0000899051-18-000058,8-K,2018-11-15,2018-11-15T13:00:37.000Z,7.01,a8-k111518.htm,https://www.sec.gov/Archives/edgar/data/899051/000089905118000058,https://www.sec.gov/Archives/edgar/data/899051/000089905118000058/index.json,NOT_CLASSIFIED
DE,0000315189,0001104659-18-069483,8-K,2018-11-21,2018-11-21T11:05:40.000Z,"2.02,7.01",a18-40408_18k.htm,https://www.sec.gov/Archives/edgar/data/315189/000110465918069483,https://www.sec.gov/Archives/edgar/data/315189/000110465918069483/index.json,NOT_CLASSIFIED
COF,0000927628,0000927628-18-000333,8-K,2018-12-04,2018-12-04T21:07:53.000Z,7.01,a8-kdated12042018.htm,https://www.sec.gov/Archives/edgar/data/927628/000092762818000333,https://www.sec.gov/Archives/edgar/data/927628/000092762818000333/index.json,NOT_CLASSIFIED
PGR,0000080661,0000080661-18-000054,8-K,2018-12-12,2018-12-12T13:16:30.000Z,7.01,a8-knovember2018earningsre.htm,https://www.sec.gov/Archives/edgar/data/80661/000008066118000054,https://www.sec.gov/Archives/edgar/data/80661/000008066118000054/index.json,NOT_CLASSIFIED
IVZ,0000914208,0000914208-18-000442,8-K,2018-12-12,2018-12-12T13:21:02.000Z,7.01,a8k1118coverpageaumrelease.htm,https://www.sec.gov/Archives/edgar/data/914208/000091420818000442,https://www.sec.gov/Archives/edgar/data/914208/000091420818000442/index.json,NOT_CLASSIFIED
DTE,0000936340,0000936340-18-000258,8-K,2018-12-12,2018-12-12T21:15:56.000Z,7.01,a8-kndrscotia12122018.htm,https://www.sec.gov/Archives/edgar/data/936340/000093634018000258,https://www.sec.gov/Archives/edgar/data/936340/000093634018000258/index.json,NOT_CLASSIFIED
CNC,0001071739,0001071739-18-000124,8-K,2018-12-13,2018-12-13T21:30:33.000Z,7.01,form8-k.htm,https://www.sec.gov/Archives/edgar/data/1071739/000107173918000124,https://www.sec.gov/Archives/edgar/data/1071739/000107173918000124/index.json,NOT_CLASSIFIED
COF,0000927628,0000927628-18-000338,8-K,2018-12-17,2018-12-14T22:50:12.000Z,7.01,nov2018creditmetricsform8-k.htm,https://www.sec.gov/Archives/edgar/data/927628/000092762818000338,https://www.sec.gov/Archives/edgar/data/927628/000092762818000338/index.json,NOT_CLASSIFIED
CNC,0001071739,0001071739-18-000146,8-K,2018-12-17,2018-12-17T13:30:35.000Z,7.01,form8-k.htm,https://www.sec.gov/Archives/edgar/data/1071739/000107173918000146,https://www.sec.gov/Archives/edgar/data/1071739/000107173918000146/index.json,NOT_CLASSIFIED
AXP,0000004962,0000004962-18-000132,8-K,2018-12-17,2018-12-17T17:01:58.000Z,7.01,creditstatsdec2018.htm,https://www.sec.gov/Archives/edgar/data/4962/000000496218000132,https://www.sec.gov/Archives/edgar/data/4962/000000496218000132/index.json,NOT_CLASSIFIED
PPL,0000922224,0000922224-18-000089,8-K,2018-12-18,2018-12-18T22:19:06.000Z,7.01,ppl121820188k.htm,https://www.sec.gov/Archives/edgar/data/922224/000092222418000089,https://www.sec.gov/Archives/edgar/data/922224/000092222418000089/index.json,NOT_CLASSIFIED
UAL,0000100517,0000100517-19-000002,8-K,2019-01-07,2019-01-07T21:14:27.000Z,2.02,ual_123118sc8k.htm,https://www.sec.gov/Archives/edgar/data/100517/000010051719000002,https://www.sec.gov/Archives/edgar/data/100517/000010051719000002/index.json,NOT_CLASSIFIED
LUV,0000092380,0000092380-19-000002,8-K,2019-01-08,2019-01-08T13:42:26.000Z,2.02,traffic8k122018cover.htm,https://www.sec.gov/Archives/edgar/data/92380/000009238019000002,https://www.sec.gov/Archives/edgar/data/92380/000009238019000002/index.json,NOT_CLASSIFIED
AXP,0000004962,0000004962-19-000002,8-K,2019-01-15,2019-01-15T17:01:29.000Z,7.01,creditstatsjan2019.htm,https://www.sec.gov/Archives/edgar/data/4962/000000496219000002,https://www.sec.gov/Archives/edgar/data/4962/000000496219000002/index.json,NOT_CLASSIFIED
UAL,0000100517,0000100517-19-000006,8-K,2019-01-15,2019-01-15T21:14:44.000Z,"2.02,7.01",ual_12318er8k.htm,https://www.sec.gov/Archives/edgar/data/100517/000010051719000006,https://www.sec.gov/Archives/edgar/data/100517/000010051719000006/index.json,NOT_CLASSIFIED
F,0000037996,0000037996-19-000005,8-K,2019-01-16,2019-01-16T12:20:23.000Z,"2.02,7.01",deutschebankconference8-kd.htm,https://www.sec.gov/Archives/edgar/data/37996/000003799619000005,https://www.sec.gov/Archives/edgar/data/37996/000003799619000005/index.json,NOT_CLASSIFIED
PFG,0001126328,0001126328-19-000022,8-K,2019-01-16,2019-01-16T21:46:54.000Z,7.01,pfg8-kreaum011519.htm,https://www.sec.gov/Archives/edgar/data/1126328/000112632819000022,https://www.sec.gov/Archives/edgar/data/1126328/000112632819000022/index.json,NOT_CLASSIFIED
RF,0001281761,0001281761-19-000006,8-K,2019-01-18,2019-01-17T23:00:04.000Z,"2.02,7.01",rf-20181231x8k.htm,https://www.sec.gov/Archives/edgar/data/1281761/000128176119000006,https://www.sec.gov/Archives/edgar/data/1281761/000128176119000006/index.json,NOT_CLASSIFIED
COF,0000927628,0000927628-19-000016,8-K,2019-01-22,2019-01-22T21:05:30.000Z,2.02,q42018earningsrelease8-k.htm,https://www.sec.gov/Archives/edgar/data/927628/000092762819000016,https://www.sec.gov/Archives/edgar/data/927628/000092762819000016/index.json,NOT_CLASSIFIED
COF,0000927628,0000927628-19-000017,8-K,2019-01-22,2019-01-22T21:07:26.000Z,7.01,dec2018creditmetricsform8-k.htm,https://www.sec.gov/Archives/edgar/data/927628/000092762819000017,https://www.sec.gov/Archives/edgar/data/927628/000092762819000017/index.json,NOT_CLASSIFIED
IBM,0000051143,0001104659-19-002994,8-K,2019-01-23,2019-01-23T22:27:47.000Z,7.01,a19-2327_28k.htm,https://www.sec.gov/Archives/edgar/data/51143/000110465919002994,https://www.sec.gov/Archives/edgar/data/51143/000110465919002994/index.json,NOT_CLASSIFIED
LUV,0000092380,0000092380-19-000004,8-K,2019-01-24,2019-01-24T11:27:31.000Z,2.02,er-12312018xcoverpage.htm,https://www.sec.gov/Archives/edgar/data/92380/000009238019000004,https://www.sec.gov/Archives/edgar/data/92380/000009238019000004/index.json,NOT_CLASSIFIED
WDC,0000106040,0001193125-19-015948,8-K,2019-01-24,2019-01-24T21:20:33.000Z,2.02,d688801d8k.htm,https://www.sec.gov/Archives/edgar/data/106040/000119312519015948,https://www.sec.gov/Archives/edgar/data/106040/000119312519015948/index.json,NOT_CLASSIFIED
TDG,0001260221,0001193125-19-019743,8-K,2019-01-29,2019-01-29T13:00:38.000Z,"2.02,7.01",d697030d8k.htm,https://www.sec.gov/Archives/edgar/data/1260221/000119312519019743,https://www.sec.gov/Archives/edgar/data/1260221/000119312519019743/index.json,NOT_CLASSIFIED
TDG,0001260221,0001260221-19-000002,8-K,2019-01-29,2019-01-29T21:16:23.000Z,7.01,a8-kesterlineacquisitionup.htm,https://www.sec.gov/Archives/edgar/data/1260221/000126022119000002,https://www.sec.gov/Archives/edgar/data/1260221/000126022119000002/index.json,NOT_CLASSIFIED
PFG,0001126328,0001126328-19-000028,8-K,2019-01-29,2019-01-29T22:26:37.000Z,2.02,pfg8-kreearningsrelease4q2.htm,https://www.sec.gov/Archives/edgar/data/1126328/000112632819000028,https://www.sec.gov/Archives/edgar/data/1126328/000112632819000028/index.json,NOT_CLASSIFIED
MAA,0000912595,0000912595-19-000005,8-K,2019-01-30,2019-01-30T21:35:38.000Z,2.02,maa123118-er.htm,https://www.sec.gov/Archives/edgar/data/912595/000091259519000005,https://www.sec.gov/Archives/edgar/data/912595/000091259519000005/index.json,NOT_CLASSIFIED
KIM,0000879101,0001157523-19-000195,8-K,2019-01-31,2019-01-31T12:36:26.000Z,2.02,a51933234.htm,https://www.sec.gov/Archives/edgar/data/879101/000115752319000195,https://www.sec.gov/Archives/edgar/data/879101/000115752319000195/index.json,NOT_CLASSIFIED
TDG,0001260221,0001193125-19-025112,8-K,2019-02-01,2019-02-01T14:07:33.000Z,7.01,d679597d8k.htm,https://www.sec.gov/Archives/edgar/data/1260221/000119312519025112,https://www.sec.gov/Archives/edgar/data/1260221/000119312519025112/index.json,NOT_CLASSIFIED
CINF,0000020286,0000020286-19-000002,8-K,2019-02-04,2019-02-04T13:20:43.000Z,7.01,boardactions8-k02x04x19.htm,https://www.sec.gov/Archives/edgar/data/20286/000002028619000002,https://www.sec.gov/Archives/edgar/data/20286/000002028619000002/index.json,NOT_CLASSIFIED
CNC,0001071739,0001071739-19-000019,8-K,2019-02-05,2019-02-05T00:40:13.000Z,2.02,form8-k.htm,https://www.sec.gov/Archives/edgar/data/1071739/000107173919000019,https://www.sec.gov/Archives/edgar/data/1071739/000107173919000019/index.json,NOT_CLASSIFIED
ALL,0000899051,0000899051-19-000004,8-K,2019-02-05,2019-02-05T21:40:47.000Z,2.02,allcorpearningsrelease8-k1.htm,https://www.sec.gov/Archives/edgar/data/899051/000089905119000004,https://www.sec.gov/Archives/edgar/data/899051/000089905119000004/index.json,NOT_CLASSIFIED
DE,0000315189,0001104659-19-005976,8-K,2019-02-06,2019-02-06T14:00:23.000Z,7.01,a19-3771_18k.htm,https://www.sec.gov/Archives/edgar/data/315189/000110465919005976,https://www.sec.gov/Archives/edgar/data/315189/000110465919005976/index.json,NOT_CLASSIFIED
CINF,0000020286,0000020286-19-000006,8-K,2019-02-06,2019-02-06T21:09:50.000Z,2.02,a4q18release8-k.htm,https://www.sec.gov/Archives/edgar/data/20286/000002028619000006,https://www.sec.gov/Archives/edgar/data/20286/000002028619000006/index.json,NOT_CLASSIFIED
DOV,0000029905,0001193125-19-032283,8-K,2019-02-08,2019-02-08T21:26:32.000Z,7.01,d691637d8k.htm,https://www.sec.gov/Archives/edgar/data/29905/000119312519032283,https://www.sec.gov/Archives/edgar/data/29905/000119312519032283/index.json,NOT_CLASSIFIED
IVZ,0000914208,0000914208-19-000127,8-K,2019-02-12,2019-02-12T13:32:15.000Z,7.01,a8k0119coverpageaumrelease.htm,https://www.sec.gov/Archives/edgar/data/914208/000091420819000127,https://www.sec.gov/Archives/edgar/data/914208/000091420819000127/index.json,NOT_CLASSIFIED
PGR,0000080661,0000080661-19-000005,8-K,2019-02-13,2019-02-13T13:53:48.000Z,7.01,a8-kjanuary2019earningsrel.htm,https://www.sec.gov/Archives/edgar/data/80661/000008066119000005,https://www.sec.gov/Archives/edgar/data/80661/000008066119000005/index.json,NOT_CLASSIFIED
RF,0001281761,0001281761-19-000015,8-K,2019-02-13,2019-02-13T14:13:59.000Z,7.01,rf-20190213invdayannment.htm,https://www.sec.gov/Archives/edgar/data/1281761/000128176119000015,https://www.sec.gov/Archives/edgar/data/1281761/000128176119000015/index.json,NOT_CLASSIFIED
CF,0001324404,0001324404-19-000003,8-K,2019-02-13,2019-02-13T21:46:07.000Z,2.02,cf-02132019_8kearngsrelease.htm,https://www.sec.gov/Archives/edgar/data/1324404/000132440419000003,https://www.sec.gov/Archives/edgar/data/1324404/000132440419000003/index.json,NOT_CLASSIFIED
PPL,0000922224,0000922224-19-000010,8-K,2019-02-14,2019-02-14T12:48:28.000Z,"2.02,7.01",ppl-12312018earnings.htm,https://www.sec.gov/Archives/edgar/data/922224/000092222419000010,https://www.sec.gov/Archives/edgar/data/922224/000092222419000010/index.json,NOT_CLASSIFIED
WST,0000105770,0000105770-19-000006,8-K,2019-02-14,2019-02-14T14:43:51.000Z,"2.02,7.01",wst-q42018form8k.htm,https://www.sec.gov/Archives/edgar/data/105770/000010577019000006,https://www.sec.gov/Archives/edgar/data/105770/000010577019000006/index.json,NOT_CLASSIFIED
PPL,0000922224,0000922224-19-000017,8-K,2019-02-14,2019-02-14T17:35:29.000Z,2.02,ppl021420198k.htm,https://www.sec.gov/Archives/edgar/data/922224/000092222419000017,https://www.sec.gov/Archives/edgar/data/922224/000092222419000017/index.json,NOT_CLASSIFIED
COF,0000927628,0000927628-19-000066,8-K,2019-02-15,2019-02-14T22:43:31.000Z,7.01,jan2019creditmetricsform8-k.htm,https://www.sec.gov/Archives/edgar/data/927628/000092762819000066,https://www.sec.gov/Archives/edgar/data/927628/000092762819000066/index.json,NOT_CLASSIFIED
AXP,0000004962,0000004962-19-000026,8-K,2019-02-15,2019-02-15T17:00:30.000Z,7.01,creditstatsfeb2019.htm,https://www.sec.gov/Archives/edgar/data/4962/000000496219000026,https://www.sec.gov/Archives/edgar/data/4962/000000496219000026/index.json,NOT_CLASSIFIED
CVS,0000064803,0000064803-19-000006,8-K,2019-02-20,2019-02-20T12:01:07.000Z,2.02,form8-kq4x18.htm,https://www.sec.gov/Archives/edgar/data/64803/000006480319000006,https://www.sec.gov/Archives/edgar/data/64803/000006480319000006/index.json,NOT_CLASSIFIED
DPZ,0001286681,0001193125-19-049176,8-K,2019-02-25,2019-02-25T14:26:03.000Z,7.01,d704343d8k.htm,https://www.sec.gov/Archives/edgar/data/1286681/000119312519049176,https://www.sec.gov/Archives/edgar/data/1286681/000119312519049176/index.json,NOT_CLASSIFIED
MAA,0000912595,0001193125-19-052900,8-K,2019-02-27,2019-02-27T13:01:03.000Z,7.01,d706478d8k.htm,https://www.sec.gov/Archives/edgar/data/912595/000119312519052900,https://www.sec.gov/Archives/edgar/data/912595/000119312519052900/index.json,NOT_CLASSIFIED
RF,0001281761,0001281761-19-000031,8-K,2019-02-27,2019-02-27T21:36:41.000Z,7.01,rf-20190227invdaynewsrelea.htm,https://www.sec.gov/Archives/edgar/data/1281761/000128176119000031,https://www.sec.gov/Archives/edgar/data/1281761/000128176119000031/index.json,NOT_CLASSIFIED
CINF,0000020286,0000020286-19-000014,8-K,2019-02-28,2019-02-28T12:21:20.000Z,7.01,mspclosing8-k02x28x19.htm,https://www.sec.gov/Archives/edgar/data/20286/000002028619000014,https://www.sec.gov/Archives/edgar/data/20286/000002028619000014/index.json,NOT_CLASSIFIED
HUM,0000049071,0000049071-19-000033,8-K,2019-02-28,2019-02-28T21:17:59.000Z,7.01,form8k02282019.htm,https://www.sec.gov/Archives/edgar/data/49071/000004907119000033,https://www.sec.gov/Archives/edgar/data/49071/000004907119000033/index.json,NOT_CLASSIFIED
EIX,0000827052,0000827052-19-000039,8-K,2019-03-01,2019-03-01T21:46:42.000Z,7.01,form8-kbusinessupdateq42018.htm,https://www.sec.gov/Archives/edgar/data/827052/000082705219000039,https://www.sec.gov/Archives/edgar/data/827052/000082705219000039/index.json,NOT_CLASSIFIED
COF,0000927628,0000927628-19-000118,8-K,2019-03-05,2019-03-05T21:18:20.000Z,7.01,a8-kdated03052019.htm,https://www.sec.gov/Archives/edgar/data/927628/000092762819000118,https://www.sec.gov/Archives/edgar/data/927628/000092762819000118/index.json,NOT_CLASSIFIED
ELV,0001156039,0001193125-19-065706,8-K,2019-03-06,2019-03-06T22:00:32.000Z,7.01,d697264d8k.htm,https://www.sec.gov/Archives/edgar/data/1156039/000119312519065706,https://www.sec.gov/Archives/edgar/data/1156039/000119312519065706/index.json,NOT_CLASSIFIED
DTE,0000936340,0000936340-19-000098,8-K,2019-03-08,2019-03-08T21:34:57.000Z,2.02,a8-kearningsrelease4thqtr2.htm,https://www.sec.gov/Archives/edgar/data/936340/000093634019000098,https://www.sec.gov/Archives/edgar/data/936340/000093634019000098/index.json,NOT_CLASSIFIED
CINF,0000020286,0000020286-19-000018,8-K,2019-03-11,2019-03-11T13:06:06.000Z,7.01,a4q18investorhandout8-k.htm,https://www.sec.gov/Archives/edgar/data/20286/000002028619000018,https://www.sec.gov/Archives/edgar/data/20286/000002028619000018/index.json,NOT_CLASSIFIED
AJG,0000354190,0001193125-19-071404,8-K,2019-03-12,2019-03-12T12:31:32.000Z,7.01,d720074d8k.htm,https://www.sec.gov/Archives/edgar/data/354190/000119312519071404,https://www.sec.gov/Archives/edgar/data/354190/000119312519071404/index.json,NOT_CLASSIFIED
IVZ,0000914208,0000914208-19-000202,8-K,2019-03-12,2019-03-12T12:53:22.000Z,7.01,a8k0219coverpageaumrelease.htm,https://www.sec.gov/Archives/edgar/data/914208/000091420819000202,https://www.sec.gov/Archives/edgar/data/914208/000091420819000202/index.json,NOT_CLASSIFIED
EIX,0000827052,0000827052-19-000066,8-K,2019-03-14,2019-03-14T01:31:51.000Z,7.01,eix-sceform8xkthomasfire.htm,https://www.sec.gov/Archives/edgar/data/827052/000082705219000066,https://www.sec.gov/Archives/edgar/data/827052/000082705219000066/index.json,NOT_CLASSIFIED
PFG,0001126328,0001126328-19-000111,8-K,2019-03-14,2019-03-14T12:30:21.000Z,7.01,pfg8-kre4q2018recastalloca.htm,https://www.sec.gov/Archives/edgar/data/1126328/000112632819000111,https://www.sec.gov/Archives/edgar/data/1126328/000112632819000111/index.json,NOT_CLASSIFIED
URI,0001067701,0001193125-19-074829,8-K,2019-03-14,2019-03-14T20:22:02.000Z,7.01,d714213d8k.htm,https://www.sec.gov/Archives/edgar/data/1067701/000119312519074829,https://www.sec.gov/Archives/edgar/data/1067701/000119312519074829/index.json,NOT_CLASSIFIED
TDG,0001260221,0001260221-19-000011,8-K,2019-03-14,2019-03-14T21:04:18.000Z,7.01,a8-kesterlineclosing31419.htm,https://www.sec.gov/Archives/edgar/data/1260221/000126022119000011,https://www.sec.gov/Archives/edgar/data/1260221/000126022119000011/index.json,NOT_CLASSIFIED
AXP,0000004962,0000004969-19-000011,8-K,2019-03-15,2019-03-15T16:01:11.000Z,7.01,creditstatsmar2019.htm,https://www.sec.gov/Archives/edgar/data/4962/000000496919000011,https://www.sec.gov/Archives/edgar/data/4962/000000496919000011/index.json,NOT_CLASSIFIED
UAL,0000100517,0001104659-19-015286,8-K,2019-03-15,2019-03-15T20:05:52.000Z,7.01,a19-6695_18k.htm,https://www.sec.gov/Archives/edgar/data/100517/000110465919015286,https://www.sec.gov/Archives/edgar/data/100517/000110465919015286/index.json,NOT_CLASSIFIED
PPL,0000922224,0000922224-19-000026,8-K,2019-03-18,2019-03-18T20:31:15.000Z,7.01,ppl031820198k.htm,https://www.sec.gov/Archives/edgar/data/922224/000092222419000026,https://www.sec.gov/Archives/edgar/data/922224/000092222419000026/index.json,NOT_CLASSIFIED
ALL,0000899051,0000899051-19-000013,8-K,2019-03-21,2019-03-21T12:04:26.000Z,7.01,a8-k32119.htm,https://www.sec.gov/Archives/edgar/data/899051/000089905119000013,https://www.sec.gov/Archives/edgar/data/899051/000089905119000013/index.json,NOT_CLASSIFIED
CNP,0001130310,0001193125-19-090504,8-K,2019-03-28,2019-03-28T20:31:05.000Z,7.01,d929225d8k.htm,https://www.sec.gov/Archives/edgar/data/1130310/000119312519090504,https://www.sec.gov/Archives/edgar/data/1130310/000119312519090504/index.json,NOT_CLASSIFIED
CNP,0001130310,0001193125-19-094723,8-K,2019-04-01,2019-04-01T21:15:33.000Z,7.01,d727632d8k.htm,https://www.sec.gov/Archives/edgar/data/1130310/000119312519094723,https://www.sec.gov/Archives/edgar/data/1130310/000119312519094723/index.json,NOT_CLASSIFIED
PPL,0000922224,0000922224-19-000030,8-K,2019-04-03,2019-04-03T11:49:36.000Z,7.01,ppl040320198k.htm,https://www.sec.gov/Archives/edgar/data/922224/000092222419000030,https://www.sec.gov/Archives/edgar/data/922224/000092222419000030/index.json,NOT_CLASSIFIED
DTE,0000936340,0000936340-19-000119,8-K,2019-04-09,2019-04-09T20:22:24.000Z,7.01,a201949-8xkroundrobinsubs.htm,https://www.sec.gov/Archives/edgar/data/936340/000093634019000119,https://www.sec.gov/Archives/edgar/data/936340/000093634019000119/index.json,NOT_CLASSIFIED
IVZ,0000914208,0000914208-19-000208,8-K,2019-04-10,2019-04-10T12:39:23.000Z,7.01,a8k0319coverpageaumrelease.htm,https://www.sec.gov/Archives/edgar/data/914208/000091420819000208,https://www.sec.gov/Archives/edgar/data/914208/000091420819000208/index.json,NOT_CLASSIFIED
PNC,0000713676,0000713676-19-000027,8-K,2019-04-12,2019-04-12T17:17:49.000Z,2.02,q120198-kfs.htm,https://www.sec.gov/Archives/edgar/data/713676/000071367619000027,https://www.sec.gov/Archives/edgar/data/713676/000071367619000027/index.json,NOT_CLASSIFIED
AXP,0000004962,0000004969-19-000014,8-K,2019-04-15,2019-04-15T16:00:42.000Z,7.01,creditstatsapril2019.htm,https://www.sec.gov/Archives/edgar/data/4962/000000496919000014,https://www.sec.gov/Archives/edgar/data/4962/000000496919000014/index.json,NOT_CLASSIFIED
PGR,0000080661,0000080661-19-000020,8-K,2019-04-16,2019-04-16T12:37:51.000Z,2.02,a8-kmarch2019earningsrelea.htm,https://www.sec.gov/Archives/edgar/data/80661/000008066119000020,https://www.sec.gov/Archives/edgar/data/80661/000008066119000020/index.json,NOT_CLASSIFIED
UAL,0000100517,0000100517-19-000011,8-K,2019-04-16,2019-04-16T20:14:31.000Z,"2.02,7.01",ual_033119er8k.htm,https://www.sec.gov/Archives/edgar/data/100517/000010051719000011,https://www.sec.gov/Archives/edgar/data/100517/000010051719000011/index.json,NOT_CLASSIFIED
IBM,0000051143,0001104659-19-022020,8-K,2019-04-17,2019-04-17T21:26:15.000Z,7.01,a19-7798_28k.htm,https://www.sec.gov/Archives/edgar/data/51143/000110465919022020,https://www.sec.gov/Archives/edgar/data/51143/000110465919022020/index.json,NOT_CLASSIFIED
AXP,0000004962,0000004969-19-000018,8-K,2019-04-18,2019-04-18T11:34:36.000Z,"2.02,7.01",earnings_q1_2019.htm,https://www.sec.gov/Archives/edgar/data/4962/000000496919000018,https://www.sec.gov/Archives/edgar/data/4962/000000496919000018/index.json,NOT_CLASSIFIED
WDC,0000106040,0001193125-19-109942,8-K,2019-04-18,2019-04-18T12:11:03.000Z,7.01,d707236d8k.htm,https://www.sec.gov/Archives/edgar/data/106040/000119312519109942,https://www.sec.gov/Archives/edgar/data/106040/000119312519109942/index.json,NOT_CLASSIFIED
STT,0000093751,0000093751-19-000383,8-K,2019-04-23,2019-04-23T11:11:08.000Z,"2.02,7.01",form8-k1q19.htm,https://www.sec.gov/Archives/edgar/data/93751/000009375119000383,https://www.sec.gov/Archives/edgar/data/93751/000009375119000383/index.json,NOT_CLASSIFIED
CINF,0000020286,0000020286-19-000027,8-K,2019-04-24,2019-04-24T20:06:46.000Z,2.02,a1q19release8-k.htm,https://www.sec.gov/Archives/edgar/data/20286/000002028619000027,https://www.sec.gov/Archives/edgar/data/20286/000002028619000027/index.json,NOT_CLASSIFIED
PFG,0001126328,0001126328-19-000143,8-K,2019-04-26,2019-04-25T21:38:21.000Z,2.02,pfg8-kre1q2019earnings0425.htm,https://www.sec.gov/Archives/edgar/data/1126328/000112632819000143,https://www.sec.gov/Archives/edgar/data/1126328/000112632819000143/index.json,NOT_CLASSIFIED
UDR,0000074208,0000074208-19-000044,8-K,2019-04-30,2019-04-30T20:25:17.000Z,2.02,c208-20190430x8k.htm,https://www.sec.gov/Archives/edgar/data/74208/000007420819000044,https://www.sec.gov/Archives/edgar/data/74208/000007420819000044/index.json,NOT_CLASSIFIED
ALL,0000899051,0000899051-19-000021,8-K,2019-05-01,2019-05-01T20:15:56.000Z,2.02,allcorpearningsrelease8-k3.htm,https://www.sec.gov/Archives/edgar/data/899051/000089905119000021,https://www.sec.gov/Archives/edgar/data/899051/000089905119000021/index.json,NOT_CLASSIFIED
MET,0001099219,0001099219-19-000023,8-K,2019-05-01,2019-05-01T20:28:06.000Z,2.02,q120198-kmetlifeearningsre.htm,https://www.sec.gov/Archives/edgar/data/1099219/000109921919000023,https://www.sec.gov/Archives/edgar/data/1099219/000109921919000023/index.json,NOT_CLASSIFIED
CF,0001324404,0001324404-19-000009,8-K,2019-05-01,2019-05-01T20:50:42.000Z,2.02,cf-05012019_8kxearningsrelse.htm,https://www.sec.gov/Archives/edgar/data/1324404/000132440419000009,https://www.sec.gov/Archives/edgar/data/1324404/000132440419000009/index.json,NOT_CLASSIFIED
EIX,0000827052,0000827052-19-000111,8-K,2019-05-01,2019-05-01T21:23:19.000Z,7.01,form8-kbusinessupdateq12019.htm,https://www.sec.gov/Archives/edgar/data/827052/000082705219000111,https://www.sec.gov/Archives/edgar/data/827052/000082705219000111/index.json,NOT_CLASSIFIED
DTE,0000936340,0000936340-19-000141,8-K,2019-05-02,2019-05-02T20:17:20.000Z,2.02,a8-kearningsrelease1stqtr2.htm,https://www.sec.gov/Archives/edgar/data/936340/000093634019000141,https://www.sec.gov/Archives/edgar/data/936340/000093634019000141/index.json,NOT_CLASSIFIED
EMR,0000032604,0000032604-19-000016,8-K,2019-05-07,2019-05-07T10:55:46.000Z,2.02,a2019q2release_8k.htm,https://www.sec.gov/Archives/edgar/data/32604/000003260419000016,https://www.sec.gov/Archives/edgar/data/32604/000003260419000016/index.json,NOT_CLASSIFIED
TDG,0001260221,0001260221-19-000013,8-K,2019-05-07,2019-05-07T11:22:43.000Z,2.02,form8-k2019q2earningsrelea.htm,https://www.sec.gov/Archives/edgar/data/1260221/000126022119000013,https://www.sec.gov/Archives/edgar/data/1260221/000126022119000013/index.json,NOT_CLASSIFIED
CNP,0001130310,0001193125-19-142130,8-K,2019-05-09,2019-05-09T10:30:10.000Z,"2.02,7.01",d744343d8k.htm,https://www.sec.gov/Archives/edgar/data/1130310/000119312519142130,https://www.sec.gov/Archives/edgar/data/1130310/000119312519142130/index.json,NOT_CLASSIFIED
COF,0000927628,0000927628-19-000208,8-K,2019-05-13,2019-05-13T13:18:17.000Z,7.01,a8-klegaldated05132019.htm,https://www.sec.gov/Archives/edgar/data/927628/000092762819000208,https://www.sec.gov/Archives/edgar/data/927628/000092762819000208/index.json,NOT_CLASSIFIED
COF,0000927628,0000927628-19-000212,8-K,2019-05-15,2019-05-14T21:56:36.000Z,7.01,april2019creditmetricsform.htm,https://www.sec.gov/Archives/edgar/data/927628/000092762819000212,https://www.sec.gov/Archives/edgar/data/927628/000092762819000212/index.json,NOT_CLASSIFIED
STT,0000093751,0000093751-19-000399,8-K,2019-05-15,2019-05-15T12:45:38.000Z,7.01,form8k-2019annualmeeting.htm,https://www.sec.gov/Archives/edgar/data/93751/000009375119000399,https://www.sec.gov/Archives/edgar/data/93751/000009375119000399/index.json,NOT_CLASSIFIED
AXP,0000004962,0000004962-19-000033,8-K,2019-05-15,2019-05-15T12:52:06.000Z,7.01,creditstats_may2019.htm,https://www.sec.gov/Archives/edgar/data/4962/000000496219000033,https://www.sec.gov/Archives/edgar/data/4962/000000496219000033/index.json,NOT_CLASSIFIED
CNP,0001130310,0001193125-19-148168,8-K,2019-05-15,2019-05-15T21:21:56.000Z,7.01,d747705d8k.htm,https://www.sec.gov/Archives/edgar/data/1130310/000119312519148168,https://www.sec.gov/Archives/edgar/data/1130310/000119312519148168/index.json,NOT_CLASSIFIED
ALL,0000899051,0000899051-19-000027,8-K,2019-05-16,2019-05-16T12:00:39.000Z,7.01,a8-k51619.htm,https://www.sec.gov/Archives/edgar/data/899051/000089905119000027,https://www.sec.gov/Archives/edgar/data/899051/000089905119000027/index.json,NOT_CLASSIFIED
DE,0000315189,0001558370-19-005158,8-K,2019-05-17,2019-05-17T10:07:38.000Z,"2.02,7.01",f8-k.htm,https://www.sec.gov/Archives/edgar/data/315189/000155837019005158,https://www.sec.gov/Archives/edgar/data/315189/000155837019005158/index.json,NOT_CLASSIFIED
DTE,0000936340,0000936340-19-000160,8-K,2019-05-20,2019-05-20T20:21:16.000Z,7.01,a8-kagafinancialforum52019.htm,https://www.sec.gov/Archives/edgar/data/936340/000093634019000160,https://www.sec.gov/Archives/edgar/data/936340/000093634019000160/index.json,NOT_CLASSIFIED
UAL,0000100517,0001104659-19-032192,8-K,2019-05-29,2019-05-29T10:45:42.000Z,7.01,a19-10313_28k.htm,https://www.sec.gov/Archives/edgar/data/100517/000110465919032192,https://www.sec.gov/Archives/edgar/data/100517/000110465919032192/index.json,NOT_CLASSIFIED
HUM,0000049071,0000049071-19-000065,8-K,2019-05-31,2019-05-31T20:21:26.000Z,7.01,form8k05312019.htm,https://www.sec.gov/Archives/edgar/data/49071/000004907119000065,https://www.sec.gov/Archives/edgar/data/49071/000004907119000065/index.json,NOT_CLASSIFIED
DE,0000315189,0001104659-19-033330,8-K,2019-06-03,2019-06-03T13:00:33.000Z,7.01,a19-10890_18k.htm,https://www.sec.gov/Archives/edgar/data/315189/000110465919033330,https://www.sec.gov/Archives/edgar/data/315189/000110465919033330/index.json,NOT_CLASSIFIED
MAA,0000912595,0001144204-19-029512,8-K,2019-06-03,2019-06-03T21:15:13.000Z,7.01,tv522988_8k.htm,https://www.sec.gov/Archives/edgar/data/912595/000114420419029512,https://www.sec.gov/Archives/edgar/data/912595/000114420419029512/index.json,NOT_CLASSIFIED
COF,0000927628,0000927628-19-000221,8-K,2019-06-10,2019-06-10T20:08:46.000Z,7.01,a8-klegaldated06102019.htm,https://www.sec.gov/Archives/edgar/data/927628/000092762819000221,https://www.sec.gov/Archives/edgar/data/927628/000092762819000221/index.json,NOT_CLASSIFIED
DTE,0000936340,0000936340-19-000176,8-K,2019-06-10,2019-06-10T20:37:09.000Z,7.01,a8-kwolfendr61019.htm,https://www.sec.gov/Archives/edgar/data/936340/000093634019000176,https://www.sec.gov/Archives/edgar/data/936340/000093634019000176/index.json,NOT_CLASSIFIED
COF,0000927628,0000927628-19-000225,8-K,2019-06-17,2019-06-14T21:44:21.000Z,7.01,may2019creditmetricsform8-k.htm,https://www.sec.gov/Archives/edgar/data/927628/000092762819000225,https://www.sec.gov/Archives/edgar/data/927628/000092762819000225/index.json,NOT_CLASSIFIED
PPL,0000922224,0000922224-19-000042,8-K,2019-06-17,2019-06-17T13:03:44.000Z,7.01,ppl0617198k.htm,https://www.sec.gov/Archives/edgar/data/922224/000092222419000042,https://www.sec.gov/Archives/edgar/data/922224/000092222419000042/index.json,NOT_CLASSIFIED
ALL,0000899051,0000899051-19-000040,8-K,2019-06-20,2019-06-20T12:00:34.000Z,7.01,a8-k62019.htm,https://www.sec.gov/Archives/edgar/data/899051/000089905119000040,https://www.sec.gov/Archives/edgar/data/899051/000089905119000040/index.json,NOT_CLASSIFIED
COF,0000927628,0000927628-19-000232,8-K,2019-06-21,2019-06-21T20:58:50.000Z,7.01,a8-klegaldated06212019dfast.htm,https://www.sec.gov/Archives/edgar/data/927628/000092762819000232,https://www.sec.gov/Archives/edgar/data/927628/000092762819000232/index.json,NOT_CLASSIFIED
WDC,0000106040,0001193125-19-184926,8-K,2019-06-28,2019-06-28T10:07:02.000Z,7.01,d753477d8k.htm,https://www.sec.gov/Archives/edgar/data/106040/000119312519184926,https://www.sec.gov/Archives/edgar/data/106040/000119312519184926/index.json,NOT_CLASSIFIED
IVZ,0000914208,0000914208-19-000339,8-K,2019-07-11,2019-07-11T13:17:33.000Z,7.01,a8k0619coverpageaumrelease.htm,https://www.sec.gov/Archives/edgar/data/914208/000091420819000339,https://www.sec.gov/Archives/edgar/data/914208/000091420819000339/index.json,NOT_CLASSIFIED
UAL,0000100517,0001104659-19-040641,8-K,2019-07-17,2019-07-17T10:46:05.000Z,7.01,a19-12926_18k.htm,https://www.sec.gov/Archives/edgar/data/100517/000110465919040641,https://www.sec.gov/Archives/edgar/data/100517/000110465919040641/index.json,NOT_CLASSIFIED
COF,0000927628,0000927628-19-000248,8-K,2019-07-18,2019-07-18T20:05:33.000Z,2.02,q22019earningsrelease8-k.htm,https://www.sec.gov/Archives/edgar/data/927628/000092762819000248,https://www.sec.gov/Archives/edgar/data/927628/000092762819000248/index.json,NOT_CLASSIFIED
COF,0000927628,0000927628-19-000249,8-K,2019-07-18,2019-07-18T20:12:43.000Z,7.01,june2019creditmetricsform8.htm,https://www.sec.gov/Archives/edgar/data/927628/000092762819000249,https://www.sec.gov/Archives/edgar/data/927628/000092762819000249/index.json,NOT_CLASSIFIED
RF,0001281761,0001281761-19-000062,8-K,2019-07-19,2019-07-18T22:04:57.000Z,"2.02,7.01",rf-2019630x8k.htm,https://www.sec.gov/Archives/edgar/data/1281761/000128176119000062,https://www.sec.gov/Archives/edgar/data/1281761/000128176119000062/index.json,NOT_CLASSIFIED
TDG,0001260221,0001260221-19-000022,8-K,2019-07-22,2019-07-22T12:34:08.000Z,7.01,form8ksolstice.htm,https://www.sec.gov/Archives/edgar/data/1260221/000126022119000022,https://www.sec.gov/Archives/edgar/data/1260221/000126022119000022/index.json,NOT_CLASSIFIED
CNC,0001071739,0001071739-19-000081,8-K,2019-07-23,2019-07-23T01:14:40.000Z,2.02,form8-k.htm,https://www.sec.gov/Archives/edgar/data/1071739/000107173919000081,https://www.sec.gov/Archives/edgar/data/1071739/000107173919000081/index.json,NOT_CLASSIFIED
DTE,0000936340,0000936340-19-000212,8-K,2019-07-24,2019-07-24T10:46:00.000Z,"2.02,7.01",a8-kearningsrelease2nd.htm,https://www.sec.gov/Archives/edgar/data/936340/000093634019000212,https://www.sec.gov/Archives/edgar/data/936340/000093634019000212/index.json,NOT_CLASSIFIED
LUV,0000092380,0000092380-19-000075,8-K,2019-07-25,2019-07-25T10:50:54.000Z,2.02,er-6302019xcoverpage.htm,https://www.sec.gov/Archives/edgar/data/92380/000009238019000075,https://www.sec.gov/Archives/edgar/data/92380/000009238019000075/index.json,NOT_CLASSIFIED
COF,0000927628,0000927628-19-000262,8-K,2019-07-30,2019-07-29T23:24:53.000Z,7.01,a8-kdated7292019.htm,https://www.sec.gov/Archives/edgar/data/927628/000092762819000262,https://www.sec.gov/Archives/edgar/data/927628/000092762819000262/index.json,NOT_CLASSIFIED
DTE,0000936340,0000936340-19-000219,8-K,2019-07-31,2019-07-31T20:21:35.000Z,2.02,a8-kearningsrelease2nd.htm,https://www.sec.gov/Archives/edgar/data/936340/000093634019000219,https://www.sec.gov/Archives/edgar/data/936340/000093634019000219/index.json,NOT_CLASSIFIED
WDC,0000106040,0000106040-19-000050,8-K,2019-07-31,2019-07-31T20:21:35.000Z,2.02,wdc-2019q48xk.htm,https://www.sec.gov/Archives/edgar/data/106040/000010604019000050,https://www.sec.gov/Archives/edgar/data/106040/000010604019000050/index.json,NOT_CLASSIFIED
DTE,0000936340,0000936340-19-000220,8-K,2019-07-31,2019-07-31T20:28:08.000Z,7.01,a8-kmacquariendr73119.htm,https://www.sec.gov/Archives/edgar/data/936340/000093634019000220,https://www.sec.gov/Archives/edgar/data/936340/000093634019000220/index.json,NOT_CLASSIFIED
IBM,0000051143,0001558370-19-006902,8-K,2019-08-02,2019-08-02T15:04:25.000Z,7.01,ibm-20190802x8k.htm,https://www.sec.gov/Archives/edgar/data/51143/000155837019006902,https://www.sec.gov/Archives/edgar/data/51143/000155837019006902/index.json,NOT_CLASSIFIED
IBM,0000051143,0001558370-19-006914,8-K,2019-08-02,2019-08-02T16:02:09.000Z,7.01,ibm-20190802x8k.htm,https://www.sec.gov/Archives/edgar/data/51143/000155837019006914,https://www.sec.gov/Archives/edgar/data/51143/000155837019006914/index.json,NOT_CLASSIFIED
MAA,0000912595,0001193125-19-213559,8-K,2019-08-06,2019-08-06T12:00:52.000Z,7.01,d785307d8k.htm,https://www.sec.gov/Archives/edgar/data/912595/000119312519213559,https://www.sec.gov/Archives/edgar/data/912595/000119312519213559/index.json,NOT_CLASSIFIED
CNP,0001130310,0001130310-19-000029,8-K,2019-08-07,2019-08-07T10:43:04.000Z,"2.02,7.01",q220198-kearningsrelea.htm,https://www.sec.gov/Archives/edgar/data/1130310/000113031019000029,https://www.sec.gov/Archives/edgar/data/1130310/000113031019000029/index.json,NOT_CLASSIFIED
TDG,0001260221,0001260221-19-000031,8-K,2019-08-07,2019-08-07T13:02:20.000Z,7.01,form8-keitsale.htm,https://www.sec.gov/Archives/edgar/data/1260221/000126022119000031,https://www.sec.gov/Archives/edgar/data/1260221/000126022119000031/index.json,NOT_CLASSIFIED
CINF,0000020286,0000020286-19-000052,8-K,2019-08-09,2019-08-09T19:09:18.000Z,7.01,boardactions8-k08x09x19.htm,https://www.sec.gov/Archives/edgar/data/20286/000002028619000052,https://www.sec.gov/Archives/edgar/data/20286/000002028619000052/index.json,NOT_CLASSIFIED
IVZ,0000914208,0000914208-19-000362,8-K,2019-08-13,2019-08-13T12:28:27.000Z,7.01,a8k0719coverpageaumrel.htm,https://www.sec.gov/Archives/edgar/data/914208/000091420819000362,https://www.sec.gov/Archives/edgar/data/914208/000091420819000362/index.json,NOT_CLASSIFIED
PGR,0000080661,0000080661-19-000036,8-K,2019-08-14,2019-08-14T12:44:53.000Z,7.01,a8-kjuly2019earningsre.htm,https://www.sec.gov/Archives/edgar/data/80661/000008066119000036,https://www.sec.gov/Archives/edgar/data/80661/000008066119000036/index.json,NOT_CLASSIFIED
COF,0000927628,0000927628-19-000282,8-K,2019-08-15,2019-08-14T21:59:55.000Z,7.01,july2019creditmetricsf.htm,https://www.sec.gov/Archives/edgar/data/927628/000092762819000282,https://www.sec.gov/Archives/edgar/data/927628/000092762819000282/index.json,NOT_CLASSIFIED
ALL,0000899051,0000899051-19-000064,8-K,2019-08-15,2019-08-15T12:00:53.000Z,7.01,form8-k81519.htm,https://www.sec.gov/Archives/edgar/data/899051/000089905119000064,https://www.sec.gov/Archives/edgar/data/899051/000089905119000064/index.json,NOT_CLASSIFIED
AXP,0000004962,0000004962-19-000062,8-K,2019-08-15,2019-08-15T16:01:28.000Z,7.01,creditstats_08152019.htm,https://www.sec.gov/Archives/edgar/data/4962/000000496219000062,https://www.sec.gov/Archives/edgar/data/4962/000000496219000062/index.json,NOT_CLASSIFIED
HUM,0000049071,0001193125-19-222527,8-K,2019-08-15,2019-08-15T20:54:10.000Z,7.01,d793619d8k.htm,https://www.sec.gov/Archives/edgar/data/49071/000119312519222527,https://www.sec.gov/Archives/edgar/data/49071/000119312519222527/index.json,NOT_CLASSIFIED
DE,0000315189,0001558370-19-008226,8-K,2019-08-16,2019-08-16T10:11:42.000Z,"2.02,7.01",f8-k.htm,https://www.sec.gov/Archives/edgar/data/315189/000155837019008226,https://www.sec.gov/Archives/edgar/data/315189/000155837019008226/index.json,NOT_CLASSIFIED
DTE,0000936340,0000936340-19-000230,8-K,2019-08-16,2019-08-16T20:17:52.000Z,7.01,a8-kwolfeaustraliandr8.htm,https://www.sec.gov/Archives/edgar/data/936340/000093634019000230,https://www.sec.gov/Archives/edgar/data/936340/000093634019000230/index.json,NOT_CLASSIFIED
MAA,0000912595,0001564590-19-032655,8-K,2019-08-20,2019-08-20T20:23:13.000Z,7.01,maa-8k_20190820.htm,https://www.sec.gov/Archives/edgar/data/912595/000156459019032655,https://www.sec.gov/Archives/edgar/data/912595/000156459019032655/index.json,NOT_CLASSIFIED
EIX,0000827052,0000827052-19-000143,8-K,2019-08-30,2019-08-30T20:10:43.000Z,7.01,form8-k2021generalrate.htm,https://www.sec.gov/Archives/edgar/data/827052/000082705219000143,https://www.sec.gov/Archives/edgar/data/827052/000082705219000143/index.json,NOT_CLASSIFIED
DE,0000315189,0001410578-19-000995,8-K,2019-09-03,2019-09-03T13:01:44.000Z,7.01,tv528580_8k.htm,https://www.sec.gov/Archives/edgar/data/315189/000141057819000995,https://www.sec.gov/Archives/edgar/data/315189/000141057819000995/index.json,NOT_CLASSIFIED
DTE,0000936340,0000936340-19-000234,8-K,2019-09-03,2019-09-03T20:20:16.000Z,7.01,a8-kbarclaysconfnyc9319.htm,https://www.sec.gov/Archives/edgar/data/936340/000093634019000234,https://www.sec.gov/Archives/edgar/data/936340/000093634019000234/index.json,NOT_CLASSIFIED
UAL,0000100517,0001410578-19-001019,8-K,2019-09-04,2019-09-04T10:46:04.000Z,7.01,tv528819_8k.htm,https://www.sec.gov/Archives/edgar/data/100517/000141057819001019,https://www.sec.gov/Archives/edgar/data/100517/000141057819001019/index.json,NOT_CLASSIFIED
ODFL,0000878927,0001564590-19-034068,8-K,2019-09-04,2019-09-04T20:16:35.000Z,7.01,odfl-8k_20190904.htm,https://www.sec.gov/Archives/edgar/data/878927/000156459019034068,https://www.sec.gov/Archives/edgar/data/878927/000156459019034068/index.json,NOT_CLASSIFIED
RF,0001281761,0001281761-19-000075,8-K,2019-09-09,2019-09-09T20:42:55.000Z,7.01,rf-20190909barclays8xk.htm,https://www.sec.gov/Archives/edgar/data/1281761/000128176119000075,https://www.sec.gov/Archives/edgar/data/1281761/000128176119000075/index.json,NOT_CLASSIFIED
AJG,0000354190,0001193125-19-243449,8-K,2019-09-12,2019-09-12T12:31:09.000Z,7.01,d804045d8k.htm,https://www.sec.gov/Archives/edgar/data/354190/000119312519243449,https://www.sec.gov/Archives/edgar/data/354190/000119312519243449/index.json,NOT_CLASSIFIED
IVZ,0000914208,0000914208-19-000394,8-K,2019-09-12,2019-09-12T14:41:50.000Z,7.01,a8k0819coverpageaumrel.htm,https://www.sec.gov/Archives/edgar/data/914208/000091420819000394,https://www.sec.gov/Archives/edgar/data/914208/000091420819000394/index.json,NOT_CLASSIFIED
PGR,0000080661,0000080661-19-000038,8-K,2019-09-13,2019-09-13T12:49:26.000Z,7.01,a8-kaugust2019earnings.htm,https://www.sec.gov/Archives/edgar/data/80661/000008066119000038,https://www.sec.gov/Archives/edgar/data/80661/000008066119000038/index.json,NOT_CLASSIFIED
COF,0000927628,0000927628-19-000287,8-K,2019-09-16,2019-09-13T21:40:10.000Z,7.01,aug2019creditmetricsfo.htm,https://www.sec.gov/Archives/edgar/data/927628/000092762819000287,https://www.sec.gov/Archives/edgar/data/927628/000092762819000287/index.json,NOT_CLASSIFIED
LUV,0000092380,0000092380-19-000080,8-K,2019-09-18,2019-09-18T10:27:13.000Z,7.01,coverpage09-18x19.htm,https://www.sec.gov/Archives/edgar/data/92380/000009238019000080,https://www.sec.gov/Archives/edgar/data/92380/000009238019000080/index.json,NOT_CLASSIFIED
TDG,0001260221,0001260221-19-000036,8-K,2019-09-20,2019-09-20T20:13:05.000Z,7.01,form8-keitdivestiturec.htm,https://www.sec.gov/Archives/edgar/data/1260221/000126022119000036,https://www.sec.gov/Archives/edgar/data/1260221/000126022119000036/index.json,NOT_CLASSIFIED
F,0000037996,0000037996-19-000071,8-K,2019-10-01,2019-10-01T11:04:55.000Z,7.01,a8-kdated9x30x2019.htm,https://www.sec.gov/Archives/edgar/data/37996/000003799619000071,https://www.sec.gov/Archives/edgar/data/37996/000003799619000071/index.json,NOT_CLASSIFIED
DTE,0000936340,0000936340-19-000238,8-K,2019-10-01,2019-10-01T21:27:21.000Z,7.01,a8-kwolfeconfnyc10119.htm,https://www.sec.gov/Archives/edgar/data/936340/000093634019000238,https://www.sec.gov/Archives/edgar/data/936340/000093634019000238/index.json,NOT_CLASSIFIED
DE,0000315189,0001410578-19-001526,8-K,2019-10-03,2019-10-03T13:00:34.000Z,7.01,tv530367_8k.htm,https://www.sec.gov/Archives/edgar/data/315189/000141057819001526,https://www.sec.gov/Archives/edgar/data/315189/000141057819001526/index.json,NOT_CLASSIFIED
AXP,0000004962,0000004962-19-000074,8-K,2019-10-15,2019-10-15T16:02:54.000Z,7.01,axp-20191015.htm,https://www.sec.gov/Archives/edgar/data/4962/000000496219000074,https://www.sec.gov/Archives/edgar/data/4962/000000496219000074/index.json,NOT_CLASSIFIED
PGR,0000080661,0000080661-19-000041,8-K,2019-10-16,2019-10-16T12:47:13.000Z,2.02,a8-kseptember2019earni.htm,https://www.sec.gov/Archives/edgar/data/80661/000008066119000041,https://www.sec.gov/Archives/edgar/data/80661/000008066119000041/index.json,NOT_CLASSIFIED
PFG,0001126328,0001104659-19-054417,8-K,2019-10-16,2019-10-16T21:23:50.000Z,7.01,tm1920305-1_8k.htm,https://www.sec.gov/Archives/edgar/data/1126328/000110465919054417,https://www.sec.gov/Archives/edgar/data/1126328/000110465919054417/index.json,NOT_CLASSIFIED
RF,0001281761,0001281761-19-000086,8-K,2019-10-22,2019-10-22T10:08:16.000Z,"2.02,7.01",rf-93019er8xkixbrl.htm,https://www.sec.gov/Archives/edgar/data/1281761/000128176119000086,https://www.sec.gov/Archives/edgar/data/1281761/000128176119000086/index.json,NOT_CLASSIFIED
DPZ,0001286681,0001193125-19-271684,8-K,2019-10-22,2019-10-22T20:39:47.000Z,7.01,d808525d8k.htm,https://www.sec.gov/Archives/edgar/data/1286681/000119312519271684,https://www.sec.gov/Archives/edgar/data/1286681/000119312519271684/index.json,NOT_CLASSIFIED
LUV,0000092380,0000092380-19-000083,8-K,2019-10-24,2019-10-24T10:31:22.000Z,2.02,er-9302019xcoverpage.htm,https://www.sec.gov/Archives/edgar/data/92380/000009238019000083,https://www.sec.gov/Archives/edgar/data/92380/000009238019000083/index.json,NOT_CLASSIFIED
COF,0000927628,0000927628-19-000303,8-K,2019-10-24,2019-10-24T20:07:59.000Z,2.02,q32019earningsrelease8-k.htm,https://www.sec.gov/Archives/edgar/data/927628/000092762819000303,https://www.sec.gov/Archives/edgar/data/927628/000092762819000303/index.json,NOT_CLASSIFIED
COF,0000927628,0000927628-19-000305,8-K,2019-10-24,2019-10-24T22:45:48.000Z,7.01,sep2019creditmetricsfo.htm,https://www.sec.gov/Archives/edgar/data/927628/000092762819000305,https://www.sec.gov/Archives/edgar/data/927628/000092762819000305/index.json,NOT_CLASSIFIED
EIX,0000827052,0000827052-19-000153,8-K,2019-10-25,2019-10-24T23:04:09.000Z,7.01,form8-kdirectorappoint.htm,https://www.sec.gov/Archives/edgar/data/827052/000082705219000153,https://www.sec.gov/Archives/edgar/data/827052/000082705219000153/index.json,NOT_CLASSIFIED
EIX,0000827052,0000827052-19-000167,8-K,2019-10-29,2019-10-29T20:59:44.000Z,"2.02,7.01",eix-sceform8xkq32019er.htm,https://www.sec.gov/Archives/edgar/data/827052/000082705219000167,https://www.sec.gov/Archives/edgar/data/827052/000082705219000167/index.json,NOT_CLASSIFIED
TDG,0001260221,0001193125-19-277800,8-K,2019-10-29,2019-10-29T23:11:14.000Z,7.01,d826041d8k.htm,https://www.sec.gov/Archives/edgar/data/1260221/000119312519277800,https://www.sec.gov/Archives/edgar/data/1260221/000119312519277800/index.json,NOT_CLASSIFIED
WDC,0000106040,0000106040-19-000067,8-K,2019-10-30,2019-10-30T20:05:39.000Z,2.02,wdc-2020q18xk.htm,https://www.sec.gov/Archives/edgar/data/106040/000010604019000067,https://www.sec.gov/Archives/edgar/data/106040/000010604019000067/index.json,NOT_CLASSIFIED
DTE,0000936340,0000936340-19-000263,8-K,2019-10-30,2019-10-30T20:16:52.000Z,2.02,a8-kearningsrelease3rd.htm,https://www.sec.gov/Archives/edgar/data/936340/000093634019000263,https://www.sec.gov/Archives/edgar/data/936340/000093634019000263/index.json,NOT_CLASSIFIED
MET,0001099219,0001099219-19-000220,8-K,2019-10-30,2019-10-30T20:32:16.000Z,2.02,a8-kxbrltaggedcoverpage.htm,https://www.sec.gov/Archives/edgar/data/1099219/000109921919000220,https://www.sec.gov/Archives/edgar/data/1099219/000109921919000220/index.json,NOT_CLASSIFIED
PPL,0000922224,0000922224-19-000056,8-K,2019-11-05,2019-11-05T13:41:25.000Z,"2.02,7.01",ppl-9302019earningsrel.htm,https://www.sec.gov/Archives/edgar/data/922224/000092222419000056,https://www.sec.gov/Archives/edgar/data/922224/000092222419000056/index.json,NOT_CLASSIFIED
DTE,0000936340,0000936340-19-000274,8-K,2019-11-08,2019-11-08T21:16:41.000Z,7.01,a8-keeifinancialconfer.htm,https://www.sec.gov/Archives/edgar/data/936340/000093634019000274,https://www.sec.gov/Archives/edgar/data/936340/000093634019000274/index.json,NOT_CLASSIFIED
CINF,0000020286,0000020286-19-000069,8-K,2019-11-12,2019-11-12T13:41:47.000Z,7.01,a3q19investorhandout8-k.htm,https://www.sec.gov/Archives/edgar/data/20286/000002028619000069,https://www.sec.gov/Archives/edgar/data/20286/000002028619000069/index.json,NOT_CLASSIFIED
IVZ,0000914208,0000914208-19-000418,8-K,2019-11-12,2019-11-12T16:39:15.000Z,7.01,a8k1019coverpageaumrel.htm,https://www.sec.gov/Archives/edgar/data/914208/000091420819000418,https://www.sec.gov/Archives/edgar/data/914208/000091420819000418/index.json,NOT_CLASSIFIED
TDG,0001260221,0001193125-19-291206,8-K,2019-11-13,2019-11-13T22:25:42.000Z,7.01,d826058d8k.htm,https://www.sec.gov/Archives/edgar/data/1260221/000119312519291206,https://www.sec.gov/Archives/edgar/data/1260221/000119312519291206/index.json,NOT_CLASSIFIED
COF,0000927628,0000927628-19-000328,8-K,2019-11-15,2019-11-15T11:06:46.000Z,7.01,oct2019creditmetricsfo.htm,https://www.sec.gov/Archives/edgar/data/927628/000092762819000328,https://www.sec.gov/Archives/edgar/data/927628/000092762819000328/index.json,NOT_CLASSIFIED
AXP,0000004962,0000004962-19-000091,8-K,2019-11-15,2019-11-15T17:01:48.000Z,7.01,axp-20191115.htm,https://www.sec.gov/Archives/edgar/data/4962/000000496219000091,https://www.sec.gov/Archives/edgar/data/4962/000000496219000091/index.json,NOT_CLASSIFIED
CINF,0000020286,0000020286-19-000073,8-K,2019-11-15,2019-11-15T18:54:20.000Z,7.01,boardactions8-k11x15x19.htm,https://www.sec.gov/Archives/edgar/data/20286/000002028619000073,https://www.sec.gov/Archives/edgar/data/20286/000002028619000073/index.json,NOT_CLASSIFIED
TDG,0001260221,0001260221-19-000040,8-K,2019-11-19,2019-11-19T12:19:09.000Z,2.02,form8-k2019q4earningsr.htm,https://www.sec.gov/Archives/edgar/data/1260221/000126022119000040,https://www.sec.gov/Archives/edgar/data/1260221/000126022119000040/index.json,NOT_CLASSIFIED
ALL,0000899051,0000899051-19-000075,8-K,2019-11-21,2019-11-21T13:02:03.000Z,7.01,form8-k112119.htm,https://www.sec.gov/Archives/edgar/data/899051/000089905119000075,https://www.sec.gov/Archives/edgar/data/899051/000089905119000075/index.json,NOT_CLASSIFIED
PFG,0001126328,0001104659-19-071637,8-K,2019-12-11,2019-12-11T11:56:08.000Z,7.01,tm1924851d1_8k.htm,https://www.sec.gov/Archives/edgar/data/1126328/000110465919071637,https://www.sec.gov/Archives/edgar/data/1126328/000110465919071637/index.json,NOT_CLASSIFIED
IVZ,0000914208,0000914208-19-000459,8-K,2019-12-11,2019-12-11T13:40:35.000Z,7.01,a8k1119coverpageaumrel.htm,https://www.sec.gov/Archives/edgar/data/914208/000091420819000459,https://www.sec.gov/Archives/edgar/data/914208/000091420819000459/index.json,NOT_CLASSIFIED
COF,0000927628,0000927628-19-000347,8-K,2019-12-11,2019-12-11T13:55:48.000Z,7.01,a8-klegaldated12112019.htm,https://www.sec.gov/Archives/edgar/data/927628/000092762819000347,https://www.sec.gov/Archives/edgar/data/927628/000092762819000347/index.json,NOT_CLASSIFIED
PGR,0000080661,0000080661-19-000048,8-K,2019-12-11,2019-12-11T14:33:28.000Z,7.01,a8-knovember2019earnin.htm,https://www.sec.gov/Archives/edgar/data/80661/000008066119000048,https://www.sec.gov/Archives/edgar/data/80661/000008066119000048/index.json,NOT_CLASSIFIED
USB,0000036104,0001193125-19-311010,8-K,2019-12-11,2019-12-11T14:51:20.000Z,7.01,d785176d8k.htm,https://www.sec.gov/Archives/edgar/data/36104/000119312519311010,https://www.sec.gov/Archives/edgar/data/36104/000119312519311010/index.json,NOT_CLASSIFIED
CNC,0001071739,0001071739-19-000156,8-K,2019-12-12,2019-12-12T21:23:48.000Z,7.01,form8-k.htm,https://www.sec.gov/Archives/edgar/data/1071739/000107173919000156,https://www.sec.gov/Archives/edgar/data/1071739/000107173919000156/index.json,NOT_CLASSIFIED
MET,0001099219,0001099219-19-000237,8-K,2019-12-17,2019-12-16T22:54:54.000Z,2.02,a8-kxbrltaggedcoverpag.htm,https://www.sec.gov/Archives/edgar/data/1099219/000109921919000237,https://www.sec.gov/Archives/edgar/data/1099219/000109921919000237/index.json,NOT_CLASSIFIED
TDG,0001260221,0001260221-19-000045,8-K,2019-12-20,2019-12-20T13:20:58.000Z,7.01,form8-ksouriauxsunbank.htm,https://www.sec.gov/Archives/edgar/data/1260221/000126022119000045,https://www.sec.gov/Archives/edgar/data/1260221/000126022119000045/index.json,NOT_CLASSIFIED
ORLY,0000898173,0001558370-20-000011,8-K,2020-01-02,2020-01-02T21:30:36.000Z,7.01,orly-20200102x8k0c0df67.htm,https://www.sec.gov/Archives/edgar/data/898173/000155837020000011,https://www.sec.gov/Archives/edgar/data/898173/000155837020000011/index.json,NOT_CLASSIFIED
DE,0000315189,0001104659-20-002112,8-K,2020-01-08,2020-01-08T11:03:27.000Z,7.01,tm201335d1_8k.htm,https://www.sec.gov/Archives/edgar/data/315189/000110465920002112,https://www.sec.gov/Archives/edgar/data/315189/000110465920002112/index.json,NOT_CLASSIFIED
IVZ,0000914208,0000914208-20-000006,8-K,2020-01-14,2020-01-14T16:11:27.000Z,7.01,a8k1219coverpageaumrel.htm,https://www.sec.gov/Archives/edgar/data/914208/000091420820000006,https://www.sec.gov/Archives/edgar/data/914208/000091420820000006/index.json,NOT_CLASSIFIED
AXP,0000004962,0000004962-20-000005,8-K,2020-01-15,2020-01-15T17:01:17.000Z,7.01,axp-20200115.htm,https://www.sec.gov/Archives/edgar/data/4962/000000496220000005,https://www.sec.gov/Archives/edgar/data/4962/000000496220000005/index.json,NOT_CLASSIFIED
COF,0000927628,0000927628-20-000008,8-K,2020-01-21,2020-01-21T21:06:41.000Z,2.02,q42019earningsrelease8-k.htm,https://www.sec.gov/Archives/edgar/data/927628/000092762820000008,https://www.sec.gov/Archives/edgar/data/927628/000092762820000008/index.json,NOT_CLASSIFIED
IBM,0000051143,0001558370-20-000200,8-K,2020-01-21,2020-01-21T21:10:21.000Z,"2.02,7.01",ibm-20200121x8kb17421b.htm,https://www.sec.gov/Archives/edgar/data/51143/000155837020000200,https://www.sec.gov/Archives/edgar/data/51143/000155837020000200/index.json,NOT_CLASSIFIED
UAL,0000100517,0000100517-20-000004,8-K,2020-01-21,2020-01-21T21:15:04.000Z,"2.02,7.01",ual2019er8k.htm,https://www.sec.gov/Archives/edgar/data/100517/000010051720000004,https://www.sec.gov/Archives/edgar/data/100517/000010051720000004/index.json,NOT_CLASSIFIED
LUV,0000092380,0000092380-20-000004,8-K,2020-01-23,2020-01-23T11:30:35.000Z,2.02,er-12312019xcoverpage.htm,https://www.sec.gov/Archives/edgar/data/92380/000009238020000004,https://www.sec.gov/Archives/edgar/data/92380/000009238020000004/index.json,NOT_CLASSIFIED
AXP,0000004962,0000004962-20-000013,8-K,2020-01-24,2020-01-24T12:07:06.000Z,"2.02,7.01",axp-20200124.htm,https://www.sec.gov/Archives/edgar/data/4962/000000496220000013,https://www.sec.gov/Archives/edgar/data/4962/000000496220000013/index.json,NOT_CLASSIFIED
EMR,0000032604,0000032604-20-000002,8-K,2020-01-27,2020-01-27T12:01:34.000Z,7.01,fy2020orders8-kjanrele.htm,https://www.sec.gov/Archives/edgar/data/32604/000003260420000002,https://www.sec.gov/Archives/edgar/data/32604/000003260420000002/index.json,NOT_CLASSIFIED
PFG,0001126328,0001104659-20-007669,8-K,2020-01-28,2020-01-28T21:15:52.000Z,2.02,tm206043-1_8k.htm,https://www.sec.gov/Archives/edgar/data/1126328/000110465920007669,https://www.sec.gov/Archives/edgar/data/1126328/000110465920007669/index.json,NOT_CLASSIFIED
IVZ,0000914208,0000914208-20-000010,8-K,2020-01-29,2020-01-29T13:17:28.000Z,2.02,ivz8k4q19cover.htm,https://www.sec.gov/Archives/edgar/data/914208/000091420820000010,https://www.sec.gov/Archives/edgar/data/914208/000091420820000010/index.json,NOT_CLASSIFIED
PGR,0000080661,0000080661-20-000002,8-K,2020-01-29,2020-01-29T16:26:39.000Z,2.02,a8-kdecember2019earnin.htm,https://www.sec.gov/Archives/edgar/data/80661/000008066120000002,https://www.sec.gov/Archives/edgar/data/80661/000008066120000002/index.json,NOT_CLASSIFIED
MAA,0000912595,0001564590-20-002462,8-K,2020-01-29,2020-01-29T21:19:43.000Z,2.02,maa-8k_20200129.htm,https://www.sec.gov/Archives/edgar/data/912595/000156459020002462,https://www.sec.gov/Archives/edgar/data/912595/000156459020002462/index.json,NOT_CLASSIFIED
AJG,0000354190,0001193125-20-019667,8-K,2020-01-30,2020-01-30T21:29:42.000Z,"2.02,7.01",d875231d8k.htm,https://www.sec.gov/Archives/edgar/data/354190/000119312520019667,https://www.sec.gov/Archives/edgar/data/354190/000119312520019667/index.json,NOT_CLASSIFIED
CINF,0000020286,0000020286-20-000002,8-K,2020-02-03,2020-02-03T13:08:36.000Z,7.01,boardactions8-k02x03x20.htm,https://www.sec.gov/Archives/edgar/data/20286/000002028620000002,https://www.sec.gov/Archives/edgar/data/20286/000002028620000002/index.json,NOT_CLASSIFIED
EMR,0000032604,0000032604-20-000004,8-K,2020-02-04,2020-02-04T11:55:34.000Z,2.02,a2020q1release8k.htm,https://www.sec.gov/Archives/edgar/data/32604/000003260420000004,https://www.sec.gov/Archives/edgar/data/32604/000003260420000004/index.json,NOT_CLASSIFIED
TDG,0001260221,0001260221-20-000005,8-K,2020-02-04,2020-02-04T12:19:14.000Z,2.02,form8-k2020q1earningsr.htm,https://www.sec.gov/Archives/edgar/data/1260221/000126022120000005,https://www.sec.gov/Archives/edgar/data/1260221/000126022120000005/index.json,NOT_CLASSIFIED
DTE,0000936340,0000936340-20-000122,8-K,2020-02-05,2020-02-05T11:46:43.000Z,"2.02,7.01",a8-kearningsrelease4th.htm,https://www.sec.gov/Archives/edgar/data/936340/000093634020000122,https://www.sec.gov/Archives/edgar/data/936340/000093634020000122/index.json,NOT_CLASSIFIED
CINF,0000020286,0000020286-20-000008,8-K,2020-02-05,2020-02-05T21:10:03.000Z,2.02,a4q19release8-k.htm,https://www.sec.gov/Archives/edgar/data/20286/000002028620000008,https://www.sec.gov/Archives/edgar/data/20286/000002028620000008/index.json,NOT_CLASSIFIED
FE,0001031296,0001031296-20-000005,8-K,2020-02-07,2020-02-07T12:26:49.000Z,"2.02,7.01",a8-kx272020q42019earni.htm,https://www.sec.gov/Archives/edgar/data/1031296/000103129620000005,https://www.sec.gov/Archives/edgar/data/1031296/000103129620000005/index.json,NOT_CLASSIFIED
IVZ,0000914208,0000914208-20-000120,8-K,2020-02-12,2020-02-12T12:29:56.000Z,7.01,a8k0120coverpageaumrel.htm,https://www.sec.gov/Archives/edgar/data/914208/000091420820000120,https://www.sec.gov/Archives/edgar/data/914208/000091420820000120/index.json,NOT_CLASSIFIED
CF,0001324404,0001324404-20-000002,8-K,2020-02-12,2020-02-12T21:49:00.000Z,2.02,cf-021220208kearningsr.htm,https://www.sec.gov/Archives/edgar/data/1324404/000132440420000002,https://www.sec.gov/Archives/edgar/data/1324404/000132440420000002/index.json,NOT_CLASSIFIED
URI,0001067701,0001193125-20-033355,8-K,2020-02-12,2020-02-12T21:54:21.000Z,7.01,d886373d8k.htm,https://www.sec.gov/Archives/edgar/data/1067701/000119312520033355,https://www.sec.gov/Archives/edgar/data/1067701/000119312520033355/index.json,NOT_CLASSIFIED
CF,0001324404,0001104659-20-019476,8-K,2020-02-13,2020-02-12T23:34:14.000Z,2.02,tm207769-1_8k.htm,https://www.sec.gov/Archives/edgar/data/1324404/000110465920019476,https://www.sec.gov/Archives/edgar/data/1324404/000110465920019476/index.json,NOT_CLASSIFIED
MET,0001099219,0001099219-20-000058,8-K,2020-02-14,2020-02-14T21:58:09.000Z,2.02,a8-kxbrltaggedcoverpag.htm,https://www.sec.gov/Archives/edgar/data/1099219/000109921920000058,https://www.sec.gov/Archives/edgar/data/1099219/000109921920000058/index.json,NOT_CLASSIFIED
EXPD,0000746515,0001564590-20-004998,8-K,2020-02-18,2020-02-18T19:03:13.000Z,2.02,expd-8k_20200218.htm,https://www.sec.gov/Archives/edgar/data/746515/000156459020004998,https://www.sec.gov/Archives/edgar/data/746515/000156459020004998/index.json,NOT_CLASSIFIED
MAA,0000912595,0001564590-20-005040,8-K,2020-02-18,2020-02-18T21:26:52.000Z,7.01,maa-8k_20200218.htm,https://www.sec.gov/Archives/edgar/data/912595/000156459020005040,https://www.sec.gov/Archives/edgar/data/912595/000156459020005040/index.json,NOT_CLASSIFIED
PGR,0000080661,0000080661-20-000004,8-K,2020-02-19,2020-02-19T14:46:05.000Z,7.01,a8-kjanuary2020earning.htm,https://www.sec.gov/Archives/edgar/data/80661/000008066120000004,https://www.sec.gov/Archives/edgar/data/80661/000008066120000004/index.json,NOT_CLASSIFIED
DTE,0000936340,0000936340-20-000129,8-K,2020-02-20,2020-02-20T21:15:49.000Z,7.01,a8-kmizuhondrboston202.htm,https://www.sec.gov/Archives/edgar/data/936340/000093634020000129,https://www.sec.gov/Archives/edgar/data/936340/000093634020000129/index.json,NOT_CLASSIFIED
MAA,0000912595,0001564590-20-005583,8-K,2020-02-20,2020-02-20T21:51:10.000Z,7.01,maa-8k_20200220.htm,https://www.sec.gov/Archives/edgar/data/912595/000156459020005583,https://www.sec.gov/Archives/edgar/data/912595/000156459020005583/index.json,NOT_CLASSIFIED
UAL,0000100517,0000100517-20-000007,8-K,2020-02-24,2020-02-24T22:25:34.000Z,7.01,ual0224208k.htm,https://www.sec.gov/Archives/edgar/data/100517/000010051720000007,https://www.sec.gov/Archives/edgar/data/100517/000010051720000007/index.json,NOT_CLASSIFIED
PPL,0000922224,0000922224-20-000010,8-K,2020-02-26,2020-02-26T14:06:47.000Z,7.01,ppl022620208k.htm,https://www.sec.gov/Archives/edgar/data/922224/000092222420000010,https://www.sec.gov/Archives/edgar/data/922224/000092222420000010/index.json,NOT_CLASSIFIED
COF,0000927628,0000927628-20-000108,8-K,2020-02-26,2020-02-26T21:15:45.000Z,7.01,a8-klegaldated02262020.htm,https://www.sec.gov/Archives/edgar/data/927628/000092762820000108,https://www.sec.gov/Archives/edgar/data/927628/000092762820000108/index.json,NOT_CLASSIFIED
RF,0001281761,0001281761-20-000013,8-K,2020-02-27,2020-02-27T14:20:02.000Z,7.01,rf-20200227rocket.htm,https://www.sec.gov/Archives/edgar/data/1281761/000128176120000013,https://www.sec.gov/Archives/edgar/data/1281761/000128176120000013/index.json,NOT_CLASSIFIED
UAL,0000100517,0000100517-20-000012,8-K,2020-02-28,2020-02-28T22:24:43.000Z,7.01,ual0228208k.htm,https://www.sec.gov/Archives/edgar/data/100517/000010051720000012,https://www.sec.gov/Archives/edgar/data/100517/000010051720000012/index.json,NOT_CLASSIFIED
DTE,0000936340,0000936340-20-000140,8-K,2020-03-06,2020-03-06T21:27:52.000Z,7.01,a8-kkeybancndr202036.htm,https://www.sec.gov/Archives/edgar/data/936340/000093634020000140,https://www.sec.gov/Archives/edgar/data/936340/000093634020000140/index.json,NOT_CLASSIFIED
UAL,0000100517,0001104659-20-031042,8-K,2020-03-10,2020-03-10T13:17:23.000Z,7.01,tm2012189-1_8k.htm,https://www.sec.gov/Archives/edgar/data/100517/000110465920031042,https://www.sec.gov/Archives/edgar/data/100517/000110465920031042/index.json,NOT_CLASSIFIED
COF,0000927628,0000927628-20-000153,8-K,2020-03-16,2020-03-13T21:38:33.000Z,7.01,feb2020creditmetricsfo.htm,https://www.sec.gov/Archives/edgar/data/927628/000092762820000153,https://www.sec.gov/Archives/edgar/data/927628/000092762820000153/index.json,NOT_CLASSIFIED
LUV,0000092380,0000092380-20-000051,8-K,2020-03-16,2020-03-16T21:00:34.000Z,7.01,coverpage3-16x20.htm,https://www.sec.gov/Archives/edgar/data/92380/000009238020000051,https://www.sec.gov/Archives/edgar/data/92380/000009238020000051/index.json,NOT_CLASSIFIED
AXP,0000004962,0000004962-20-000039,8-K,2020-03-17,2020-03-17T13:18:04.000Z,7.01,axp-20200317.htm,https://www.sec.gov/Archives/edgar/data/4962/000000496220000039,https://www.sec.gov/Archives/edgar/data/4962/000000496220000039/index.json,NOT_CLASSIFIED
MET,0001099219,0001193125-20-082968,8-K,2020-03-24,2020-03-24T01:36:52.000Z,7.01,d898442d8k.htm,https://www.sec.gov/Archives/edgar/data/1099219/000119312520082968,https://www.sec.gov/Archives/edgar/data/1099219/000119312520082968/index.json,NOT_CLASSIFIED
DTE,0000936340,0000936340-20-000148,8-K,2020-03-24,2020-03-24T10:46:09.000Z,7.01,a8-kmorning2020324.htm,https://www.sec.gov/Archives/edgar/data/936340/000093634020000148,https://www.sec.gov/Archives/edgar/data/936340/000093634020000148/index.json,NOT_CLASSIFIED
DTE,0000936340,0000936340-20-000153,8-K,2020-03-25,2020-03-25T10:47:11.000Z,7.01,a8-kwolfeinvestorcall2.htm,https://www.sec.gov/Archives/edgar/data/936340/000093634020000153,https://www.sec.gov/Archives/edgar/data/936340/000093634020000153/index.json,NOT_CLASSIFIED
F,0000037996,0000037996-20-000026,8-K,2020-03-26,2020-03-26T12:30:46.000Z,7.01,ford8-kdated3x26x2020.htm,https://www.sec.gov/Archives/edgar/data/37996/000003799620000026,https://www.sec.gov/Archives/edgar/data/37996/000003799620000026/index.json,NOT_CLASSIFIED
DTE,0000936340,0000936340-20-000156,8-K,2020-03-30,2020-03-30T21:25:13.000Z,7.01,a8-kirfireside2020330.htm,https://www.sec.gov/Archives/edgar/data/936340/000093634020000156,https://www.sec.gov/Archives/edgar/data/936340/000093634020000156/index.json,NOT_CLASSIFIED
TDG,0001260221,0001260221-20-000020,8-K,2020-04-02,2020-04-02T13:07:16.000Z,7.01,form8-kapril2020secure.htm,https://www.sec.gov/Archives/edgar/data/1260221/000126022120000020,https://www.sec.gov/Archives/edgar/data/1260221/000126022120000020/index.json,NOT_CLASSIFIED
TDG,0001260221,0001260221-20-000022,8-K,2020-04-03,2020-04-02T22:41:36.000Z,7.01,form8-kseniorsecuredno.htm,https://www.sec.gov/Archives/edgar/data/1260221/000126022120000022,https://www.sec.gov/Archives/edgar/data/1260221/000126022120000022/index.json,NOT_CLASSIFIED
ALL,0000899051,0000899051-20-000022,8-K,2020-04-06,2020-04-06T12:00:51.000Z,7.01,all-20200406.htm,https://www.sec.gov/Archives/edgar/data/899051/000089905120000022,https://www.sec.gov/Archives/edgar/data/899051/000089905120000022/index.json,NOT_CLASSIFIED
TDG,0001260221,0001260221-20-000026,8-K,2020-04-08,2020-04-08T20:47:42.000Z,7.01,form8-kclosingseniorse.htm,https://www.sec.gov/Archives/edgar/data/1260221/000126022120000026,https://www.sec.gov/Archives/edgar/data/1260221/000126022120000026/index.json,NOT_CLASSIFIED
IVZ,0000914208,0000914208-20-000286,8-K,2020-04-10,2020-04-10T13:17:01.000Z,7.01,a8k0320coverpageaumrel.htm,https://www.sec.gov/Archives/edgar/data/914208/000091420820000286,https://www.sec.gov/Archives/edgar/data/914208/000091420820000286/index.json,NOT_CLASSIFIED
CINF,0000020286,0000020286-20-000032,8-K,2020-04-13,2020-04-13T13:13:46.000Z,7.01,pldsahcredit8-k04x13x20.htm,https://www.sec.gov/Archives/edgar/data/20286/000002028620000032,https://www.sec.gov/Archives/edgar/data/20286/000002028620000032/index.json,NOT_CLASSIFIED
F,0000037996,0000037996-20-000031,8-K,2020-04-13,2020-04-13T14:30:56.000Z,"2.02,7.01",ford8-kdated4x13x2020.htm,https://www.sec.gov/Archives/edgar/data/37996/000003799620000031,https://www.sec.gov/Archives/edgar/data/37996/000003799620000031/index.json,NOT_CLASSIFIED
TDG,0001260221,0001260221-20-000032,8-K,2020-04-14,2020-04-13T21:53:02.000Z,7.01,form8-kclosingupsizing.htm,https://www.sec.gov/Archives/edgar/data/1260221/000126022120000032,https://www.sec.gov/Archives/edgar/data/1260221/000126022120000032/index.json,NOT_CLASSIFIED
AXP,0000004962,0000004962-20-000046,8-K,2020-04-15,2020-04-15T16:01:35.000Z,7.01,axp-20200415.htm,https://www.sec.gov/Archives/edgar/data/4962/000000496220000046,https://www.sec.gov/Archives/edgar/data/4962/000000496220000046/index.json,NOT_CLASSIFIED
PNC,0000713676,0000713676-20-000070,8-K,2020-04-15,2020-04-15T16:11:25.000Z,2.02,q120208-kfs.htm,https://www.sec.gov/Archives/edgar/data/713676/000071367620000070,https://www.sec.gov/Archives/edgar/data/713676/000071367620000070/index.json,NOT_CLASSIFIED
TDG,0001260221,0001260221-20-000036,8-K,2020-04-17,2020-04-17T20:29:21.000Z,7.01,form8-kapril2020tackxo.htm,https://www.sec.gov/Archives/edgar/data/1260221/000126022120000036,https://www.sec.gov/Archives/edgar/data/1260221/000126022120000036/index.json,NOT_CLASSIFIED
EMR,0000032604,0000032604-20-000017,8-K,2020-04-21,2020-04-21T10:54:41.000Z,2.02,a2020q2release8k.htm,https://www.sec.gov/Archives/edgar/data/32604/000003260420000017,https://www.sec.gov/Archives/edgar/data/32604/000003260420000017/index.json,NOT_CLASSIFIED
IBM,0000051143,0001558370-20-004097,8-K,2020-04-21,2020-04-21T20:33:16.000Z,7.01,ibm-20200421x8k.htm,https://www.sec.gov/Archives/edgar/data/51143/000155837020004097,https://www.sec.gov/Archives/edgar/data/51143/000155837020004097/index.json,NOT_CLASSIFIED
COF,0000927628,0000927628-20-000168,8-K,2020-04-23,2020-04-23T20:07:44.000Z,7.01,mar2020creditmetricsfo.htm,https://www.sec.gov/Archives/edgar/data/927628/000092762820000168,https://www.sec.gov/Archives/edgar/data/927628/000092762820000168/index.json,NOT_CLASSIFIED
CINF,0000020286,0000020286-20-000040,8-K,2020-04-27,2020-04-27T20:12:41.000Z,2.02,a1q20release8-k.htm,https://www.sec.gov/Archives/edgar/data/20286/000002028620000040,https://www.sec.gov/Archives/edgar/data/20286/000002028620000040/index.json,NOT_CLASSIFIED
LUV,0000092380,0000092380-20-000059,8-K,2020-04-28,2020-04-28T10:01:01.000Z,2.02,er-3312020xcoverpage.htm,https://www.sec.gov/Archives/edgar/data/92380/000009238020000059,https://www.sec.gov/Archives/edgar/data/92380/000009238020000059/index.json,NOT_CLASSIFIED
F,0000037996,0000037996-20-000039,8-K,2020-04-28,2020-04-28T20:12:33.000Z,2.02,fordearnings8-kdatedap.htm,https://www.sec.gov/Archives/edgar/data/37996/000003799620000039,https://www.sec.gov/Archives/edgar/data/37996/000003799620000039/index.json,NOT_CLASSIFIED
MDLZ,0001103982,0001193125-20-123078,8-K,2020-04-28,2020-04-28T20:16:27.000Z,2.02,d924829d8k.htm,https://www.sec.gov/Archives/edgar/data/1103982/000119312520123078,https://www.sec.gov/Archives/edgar/data/1103982/000119312520123078/index.json,NOT_CLASSIFIED
WDC,0000106040,0000106040-20-000017,8-K,2020-04-30,2020-04-30T20:18:35.000Z,2.02,wdc-20200430.htm,https://www.sec.gov/Archives/edgar/data/106040/000010604020000017,https://www.sec.gov/Archives/edgar/data/106040/000010604020000017/index.json,NOT_CLASSIFIED
EIX,0000827052,0000827052-20-000094,8-K,2020-05-01,2020-05-01T20:11:40.000Z,7.01,form8-kbusinessupdateq.htm,https://www.sec.gov/Archives/edgar/data/827052/000082705220000094,https://www.sec.gov/Archives/edgar/data/827052/000082705220000094/index.json,NOT_CLASSIFIED
DTE,0000936340,0000936340-20-000173,8-K,2020-05-04,2020-05-04T20:18:18.000Z,2.02,a8-kearningsrelease1st.htm,https://www.sec.gov/Archives/edgar/data/936340/000093634020000173,https://www.sec.gov/Archives/edgar/data/936340/000093634020000173/index.json,NOT_CLASSIFIED
TDG,0001260221,0001260221-20-000044,8-K,2020-05-05,2020-05-05T11:21:17.000Z,2.02,form8-k2020q2earningsr.htm,https://www.sec.gov/Archives/edgar/data/1260221/000126022120000044,https://www.sec.gov/Archives/edgar/data/1260221/000126022120000044/index.json,NOT_CLASSIFIED
ALL,0000899051,0000899051-20-000028,8-K,2020-05-05,2020-05-05T20:16:28.000Z,2.02,allcorpearningsrelease.htm,https://www.sec.gov/Archives/edgar/data/899051/000089905120000028,https://www.sec.gov/Archives/edgar/data/899051/000089905120000028/index.json,NOT_CLASSIFIED
CF,0001324404,0001324404-20-000010,8-K,2020-05-06,2020-05-06T20:44:52.000Z,2.02,cf-050620208kearningsr.htm,https://www.sec.gov/Archives/edgar/data/1324404/000132440420000010,https://www.sec.gov/Archives/edgar/data/1324404/000132440420000010/index.json,NOT_CLASSIFIED
UAL,0000100517,0001104659-20-059790,8-K,2020-05-12,2020-05-12T01:57:59.000Z,7.01,tm2019297-1_8k.htm,https://www.sec.gov/Archives/edgar/data/100517/000110465920059790,https://www.sec.gov/Archives/edgar/data/100517/000110465920059790/index.json,NOT_CLASSIFIED
DTE,0000936340,0000936340-20-000192,8-K,2020-05-12,2020-05-12T20:20:30.000Z,7.01,a8-kirciticonference20.htm,https://www.sec.gov/Archives/edgar/data/936340/000093634020000192,https://www.sec.gov/Archives/edgar/data/936340/000093634020000192/index.json,NOT_CLASSIFIED
EMR,0000032604,0000032604-20-000025,8-K,2020-05-13,2020-05-13T10:55:45.000Z,7.01,fy2020orders8-kmayrele.htm,https://www.sec.gov/Archives/edgar/data/32604/000003260420000025,https://www.sec.gov/Archives/edgar/data/32604/000003260420000025/index.json,NOT_CLASSIFIED
DE,0000315189,0001104659-20-060503,8-K,2020-05-13,2020-05-13T13:00:35.000Z,7.01,tm2019097-1_8k.htm,https://www.sec.gov/Archives/edgar/data/315189/000110465920060503,https://www.sec.gov/Archives/edgar/data/315189/000110465920060503/index.json,NOT_CLASSIFIED
COF,0000927628,0000927628-20-000208,8-K,2020-05-15,2020-05-14T21:38:50.000Z,7.01,apr2020creditmetricsfo.htm,https://www.sec.gov/Archives/edgar/data/927628/000092762820000208,https://www.sec.gov/Archives/edgar/data/927628/000092762820000208/index.json,NOT_CLASSIFIED
CINF,0000020286,0000020286-20-000045,8-K,2020-05-18,2020-05-18T20:16:13.000Z,7.01,a1q20investorhandout8-k.htm,https://www.sec.gov/Archives/edgar/data/20286/000002028620000045,https://www.sec.gov/Archives/edgar/data/20286/000002028620000045/index.json,NOT_CLASSIFIED
UAL,0000100517,0000100517-20-000040,8-K,2020-05-19,2020-05-19T11:56:31.000Z,7.01,ual8k051920.htm,https://www.sec.gov/Archives/edgar/data/100517/000010051720000040,https://www.sec.gov/Archives/edgar/data/100517/000010051720000040/index.json,NOT_CLASSIFIED
PGR,0000080661,0000080661-20-000026,8-K,2020-05-20,2020-05-20T13:15:00.000Z,7.01,a8-kapril2020earningsr.htm,https://www.sec.gov/Archives/edgar/data/80661/000008066120000026,https://www.sec.gov/Archives/edgar/data/80661/000008066120000026/index.json,NOT_CLASSIFIED
ALL,0000899051,0000899051-20-000034,8-K,2020-05-21,2020-05-21T12:01:08.000Z,7.01,form8-k5212020.htm,https://www.sec.gov/Archives/edgar/data/899051/000089905120000034,https://www.sec.gov/Archives/edgar/data/899051/000089905120000034/index.json,NOT_CLASSIFIED
ALL,0000899051,0000899051-20-000037,8-K,2020-05-26,2020-05-26T13:08:46.000Z,7.01,all20200526.htm,https://www.sec.gov/Archives/edgar/data/899051/000089905120000037,https://www.sec.gov/Archives/edgar/data/899051/000089905120000037/index.json,NOT_CLASSIFIED
DTE,0000936340,0000936340-20-000196,8-K,2020-05-26,2020-05-26T20:18:51.000Z,7.01,a8-kirisi2020526.htm,https://www.sec.gov/Archives/edgar/data/936340/000093634020000196,https://www.sec.gov/Archives/edgar/data/936340/000093634020000196/index.json,NOT_CLASSIFIED
HUM,0000049071,0000049071-20-000086,8-K,2020-05-29,2020-05-29T12:16:51.000Z,7.01,form8k05292020.htm,https://www.sec.gov/Archives/edgar/data/49071/000004907120000086,https://www.sec.gov/Archives/edgar/data/49071/000004907120000086/index.json,NOT_CLASSIFIED
CNP,0001130310,0001130310-20-000053,8-K,2020-06-01,2020-06-01T20:33:55.000Z,7.01,a8-k201cesclosing.htm,https://www.sec.gov/Archives/edgar/data/1130310/000113031020000053,https://www.sec.gov/Archives/edgar/data/1130310/000113031020000053/index.json,NOT_CLASSIFIED
F,0000037996,0000037996-20-000048,8-K,2020-06-02,2020-06-02T10:03:50.000Z,7.01,ford8-kdated6x1x2020ar.htm,https://www.sec.gov/Archives/edgar/data/37996/000003799620000048,https://www.sec.gov/Archives/edgar/data/37996/000003799620000048/index.json,NOT_CLASSIFIED
DTE,0000936340,0000936340-20-000199,8-K,2020-06-08,2020-06-08T20:19:55.000Z,7.01,a8-kirubs202068.htm,https://www.sec.gov/Archives/edgar/data/936340/000093634020000199,https://www.sec.gov/Archives/edgar/data/936340/000093634020000199/index.json,NOT_CLASSIFIED
PPL,0000922224,0000922224-20-000035,8-K,2020-06-09,2020-06-09T12:32:02.000Z,7.01,ppl0609208k.htm,https://www.sec.gov/Archives/edgar/data/922224/000092222420000035,https://www.sec.gov/Archives/edgar/data/922224/000092222420000035/index.json,NOT_CLASSIFIED
AXP,0000004962,0000004962-20-000062,8-K,2020-06-15,2020-06-15T16:01:38.000Z,7.01,axp-20200615.htm,https://www.sec.gov/Archives/edgar/data/4962/000000496220000062,https://www.sec.gov/Archives/edgar/data/4962/000000496220000062/index.json,NOT_CLASSIFIED
DTE,0000936340,0000936340-20-000203,8-K,2020-06-15,2020-06-15T20:21:31.000Z,7.01,dte-20200615.htm,https://www.sec.gov/Archives/edgar/data/936340/000093634020000203,https://www.sec.gov/Archives/edgar/data/936340/000093634020000203/index.json,NOT_CLASSIFIED
ALL,0000899051,0000899051-20-000045,8-K,2020-06-18,2020-06-18T12:07:47.000Z,7.01,all-20200618.htm,https://www.sec.gov/Archives/edgar/data/899051/000089905120000045,https://www.sec.gov/Archives/edgar/data/899051/000089905120000045/index.json,NOT_CLASSIFIED
COF,0000927628,0000927628-20-000222,8-K,2020-06-26,2020-06-25T23:04:57.000Z,7.01,a8-klegaldated06252020.htm,https://www.sec.gov/Archives/edgar/data/927628/000092762820000222,https://www.sec.gov/Archives/edgar/data/927628/000092762820000222/index.json,NOT_CLASSIFIED
AXP,0000004962,0000004962-20-000073,8-K,2020-07-15,2020-07-15T16:03:58.000Z,7.01,axp-20200715.htm,https://www.sec.gov/Archives/edgar/data/4962/000000496220000073,https://www.sec.gov/Archives/edgar/data/4962/000000496220000073/index.json,NOT_CLASSIFIED
ALL,0000899051,0000899051-20-000048,8-K,2020-07-16,2020-07-16T12:01:36.000Z,7.01,all-20200716.htm,https://www.sec.gov/Archives/edgar/data/899051/000089905120000048,https://www.sec.gov/Archives/edgar/data/899051/000089905120000048/index.json,NOT_CLASSIFIED
STT,0000093751,0000093751-20-000902,8-K,2020-07-17,2020-07-17T11:21:01.000Z,"2.02,7.01",stt-20200717.htm,https://www.sec.gov/Archives/edgar/data/93751/000009375120000902,https://www.sec.gov/Archives/edgar/data/93751/000009375120000902/index.json,NOT_CLASSIFIED
PFG,0001126328,0001104659-20-084454,8-K,2020-07-17,2020-07-17T18:31:51.000Z,7.01,tm2025009d1_8k.htm,https://www.sec.gov/Archives/edgar/data/1126328/000110465920084454,https://www.sec.gov/Archives/edgar/data/1126328/000110465920084454/index.json,NOT_CLASSIFIED
IBM,0000051143,0001558370-20-008241,8-K,2020-07-20,2020-07-20T20:13:56.000Z,"2.02,7.01",ibm-20200720x8k.htm,https://www.sec.gov/Archives/edgar/data/51143/000155837020008241,https://www.sec.gov/Archives/edgar/data/51143/000155837020008241/index.json,NOT_CLASSIFIED
IBM,0000051143,0001558370-20-008273,8-K,2020-07-21,2020-07-21T20:09:34.000Z,7.01,ibm-20200720x8k.htm,https://www.sec.gov/Archives/edgar/data/51143/000155837020008273,https://www.sec.gov/Archives/edgar/data/51143/000155837020008273/index.json,NOT_CLASSIFIED
UAL,0000100517,0000100517-20-000043,8-K,2020-07-21,2020-07-21T20:14:42.000Z,2.02,ual06302020er8k.htm,https://www.sec.gov/Archives/edgar/data/100517/000010051720000043,https://www.sec.gov/Archives/edgar/data/100517/000010051720000043/index.json,NOT_CLASSIFIED
CINF,0000020286,0000020286-20-000057,8-K,2020-07-27,2020-07-27T20:07:17.000Z,2.02,cinf-20200727.htm,https://www.sec.gov/Archives/edgar/data/20286/000002028620000057,https://www.sec.gov/Archives/edgar/data/20286/000002028620000057/index.json,NOT_CLASSIFIED
DTE,0000936340,0000936340-20-000217,8-K,2020-07-28,2020-07-28T10:50:06.000Z,"2.02,7.01",dte-20200728.htm,https://www.sec.gov/Archives/edgar/data/936340/000093634020000217,https://www.sec.gov/Archives/edgar/data/936340/000093634020000217/index.json,NOT_CLASSIFIED
MAA,0000912595,0001564590-20-034296,8-K,2020-07-29,2020-07-29T20:25:03.000Z,"2.02,7.01",maa-8k_20200729.htm,https://www.sec.gov/Archives/edgar/data/912595/000156459020034296,https://www.sec.gov/Archives/edgar/data/912595/000156459020034296/index.json,NOT_CLASSIFIED
AJG,0000354190,0001193125-20-204385,8-K,2020-07-30,2020-07-30T23:19:40.000Z,"2.02,7.01",d11794d8k.htm,https://www.sec.gov/Archives/edgar/data/354190/000119312520204385,https://www.sec.gov/Archives/edgar/data/354190/000119312520204385/index.json,NOT_CLASSIFIED
TDG,0001260221,0001260221-20-000085,8-K,2020-08-04,2020-08-04T11:20:38.000Z,2.02,tdg-20200804.htm,https://www.sec.gov/Archives/edgar/data/1260221/000126022120000085,https://www.sec.gov/Archives/edgar/data/1260221/000126022120000085/index.json,NOT_CLASSIFIED
MAA,0000912595,0001193125-20-208766,8-K,2020-08-04,2020-08-04T11:52:40.000Z,7.01,d863984d8k.htm,https://www.sec.gov/Archives/edgar/data/912595/000119312520208766,https://www.sec.gov/Archives/edgar/data/912595/000119312520208766/index.json,NOT_CLASSIFIED
DTE,0000936340,0000936340-20-000221,8-K,2020-08-04,2020-08-04T20:14:44.000Z,2.02,dte-20200804.htm,https://www.sec.gov/Archives/edgar/data/936340/000093634020000221,https://www.sec.gov/Archives/edgar/data/936340/000093634020000221/index.json,NOT_CLASSIFIED
ALL,0000899051,0000899051-20-000053,8-K,2020-08-04,2020-08-04T20:16:57.000Z,2.02,allcorpearningsrelease.htm,https://www.sec.gov/Archives/edgar/data/899051/000089905120000053,https://www.sec.gov/Archives/edgar/data/899051/000089905120000053/index.json,NOT_CLASSIFIED
HUM,0000049071,0000049071-20-000104,8-K,2020-08-05,2020-08-05T11:03:03.000Z,"2.02,7.01",hum-20200805.htm,https://www.sec.gov/Archives/edgar/data/49071/000004907120000104,https://www.sec.gov/Archives/edgar/data/49071/000004907120000104/index.json,NOT_CLASSIFIED
MET,0001099219,0001099219-20-000285,8-K,2020-08-05,2020-08-05T20:29:05.000Z,"2.02,7.01",a8-kxbrltaggedcoverpag.htm,https://www.sec.gov/Archives/edgar/data/1099219/000109921920000285,https://www.sec.gov/Archives/edgar/data/1099219/000109921920000285/index.json,NOT_CLASSIFIED
AWK,0001410636,0001410636-20-000120,8-K,2020-08-05,2020-08-05T20:40:56.000Z,2.02,awk-20200805.htm,https://www.sec.gov/Archives/edgar/data/1410636/000141063620000120,https://www.sec.gov/Archives/edgar/data/1410636/000141063620000120/index.json,NOT_CLASSIFIED
CF,0001324404,0001104659-20-090923,8-K,2020-08-05,2020-08-05T21:15:53.000Z,2.02,tm2026749d1_8k.htm,https://www.sec.gov/Archives/edgar/data/1324404/000110465920090923,https://www.sec.gov/Archives/edgar/data/1324404/000110465920090923/index.json,NOT_CLASSIFIED
CNP,0001130310,0001130310-20-000085,8-K,2020-08-06,2020-08-06T10:30:22.000Z,"2.02,7.01",q220208-kearningsrelea.htm,https://www.sec.gov/Archives/edgar/data/1130310/000113031020000085,https://www.sec.gov/Archives/edgar/data/1130310/000113031020000085/index.json,NOT_CLASSIFIED
CINF,0000020286,0000020286-20-000067,8-K,2020-08-06,2020-08-06T20:08:37.000Z,7.01,cinf-20200806.htm,https://www.sec.gov/Archives/edgar/data/20286/000002028620000067,https://www.sec.gov/Archives/edgar/data/20286/000002028620000067/index.json,NOT_CLASSIFIED
PPL,0000922224,0000922224-20-000042,8-K,2020-08-10,2020-08-10T12:31:44.000Z,"2.02,7.01",ppl-20200810.htm,https://www.sec.gov/Archives/edgar/data/922224/000092222420000042,https://www.sec.gov/Archives/edgar/data/922224/000092222420000042/index.json,NOT_CLASSIFIED
RF,0001281761,0001281761-20-000077,8-K,2020-08-11,2020-08-11T20:47:14.000Z,7.01,rf-3q20investormateria.htm,https://www.sec.gov/Archives/edgar/data/1281761/000128176120000077,https://www.sec.gov/Archives/edgar/data/1281761/000128176120000077/index.json,NOT_CLASSIFIED
CINF,0000020286,0000020286-20-000069,8-K,2020-08-14,2020-08-14T19:30:47.000Z,7.01,cinf-20200814.htm,https://www.sec.gov/Archives/edgar/data/20286/000002028620000069,https://www.sec.gov/Archives/edgar/data/20286/000002028620000069/index.json,NOT_CLASSIFIED
COF,0000927628,0000927628-20-000253,8-K,2020-08-17,2020-08-14T21:36:23.000Z,7.01,cof-20200817.htm,https://www.sec.gov/Archives/edgar/data/927628/000092762820000253,https://www.sec.gov/Archives/edgar/data/927628/000092762820000253/index.json,NOT_CLASSIFIED
AXP,0000004962,0000004962-20-000083,8-K,2020-08-17,2020-08-17T16:02:03.000Z,7.01,axp-20200817.htm,https://www.sec.gov/Archives/edgar/data/4962/000000496220000083,https://www.sec.gov/Archives/edgar/data/4962/000000496220000083/index.json,NOT_CLASSIFIED
PGR,0000080661,0000080661-20-000034,8-K,2020-08-19,2020-08-19T14:37:49.000Z,7.01,a8-kjuly2020earningsre.htm,https://www.sec.gov/Archives/edgar/data/80661/000008066120000034,https://www.sec.gov/Archives/edgar/data/80661/000008066120000034/index.json,NOT_CLASSIFIED
DTE,0000936340,0000936340-20-000226,8-K,2020-08-19,2020-08-19T20:15:13.000Z,7.01,dte-20200819.htm,https://www.sec.gov/Archives/edgar/data/936340/000093634020000226,https://www.sec.gov/Archives/edgar/data/936340/000093634020000226/index.json,NOT_CLASSIFIED
ALL,0000899051,0000899051-20-000057,8-K,2020-08-20,2020-08-20T12:00:49.000Z,7.01,all-20200820.htm,https://www.sec.gov/Archives/edgar/data/899051/000089905120000057,https://www.sec.gov/Archives/edgar/data/899051/000089905120000057/index.json,NOT_CLASSIFIED
HUM,0000049071,0000049071-20-000117,8-K,2020-09-01,2020-09-01T13:22:05.000Z,7.01,form8k09012020.htm,https://www.sec.gov/Archives/edgar/data/49071/000004907120000117,https://www.sec.gov/Archives/edgar/data/49071/000004907120000117/index.json,NOT_CLASSIFIED
UAL,0000100517,0001104659-20-103243,8-K,2020-09-09,2020-09-09T11:00:27.000Z,7.01,tm2030456d1_8k.htm,https://www.sec.gov/Archives/edgar/data/100517/000110465920103243,https://www.sec.gov/Archives/edgar/data/100517/000110465920103243/index.json,NOT_CLASSIFIED
IVZ,0000914208,0000914208-20-000423,8-K,2020-09-11,2020-09-11T11:55:31.000Z,7.01,a8k0820coverpageaumrel.htm,https://www.sec.gov/Archives/edgar/data/914208/000091420820000423,https://www.sec.gov/Archives/edgar/data/914208/000091420820000423/index.json,NOT_CLASSIFIED
CNC,0001071739,0001071739-20-000204,8-K,2020-09-14,2020-09-14T12:00:25.000Z,7.01,cnc-20200914.htm,https://www.sec.gov/Archives/edgar/data/1071739/000107173920000204,https://www.sec.gov/Archives/edgar/data/1071739/000107173920000204/index.json,NOT_CLASSIFIED
COF,0000927628,0000927628-20-000258,8-K,2020-09-14,2020-09-14T20:07:46.000Z,7.01,cof-20200914.htm,https://www.sec.gov/Archives/edgar/data/927628/000092762820000258,https://www.sec.gov/Archives/edgar/data/927628/000092762820000258/index.json,NOT_CLASSIFIED
COF,0000927628,0000927628-20-000260,8-K,2020-09-15,2020-09-14T21:35:43.000Z,7.01,cof-20200915.htm,https://www.sec.gov/Archives/edgar/data/927628/000092762820000260,https://www.sec.gov/Archives/edgar/data/927628/000092762820000260/index.json,NOT_CLASSIFIED
LUV,0000092380,0000092380-20-000133,8-K,2020-09-16,2020-09-16T10:30:54.000Z,7.01,luv-20200916.htm,https://www.sec.gov/Archives/edgar/data/92380/000009238020000133,https://www.sec.gov/Archives/edgar/data/92380/000009238020000133/index.json,NOT_CLASSIFIED
AJG,0000354190,0001193125-20-246776,8-K,2020-09-16,2020-09-16T12:31:31.000Z,7.01,d63416d8k.htm,https://www.sec.gov/Archives/edgar/data/354190/000119312520246776,https://www.sec.gov/Archives/edgar/data/354190/000119312520246776/index.json,NOT_CLASSIFIED
PGR,0000080661,0000080661-20-000036,8-K,2020-09-17,2020-09-17T12:59:37.000Z,7.01,pgr-20200917.htm,https://www.sec.gov/Archives/edgar/data/80661/000008066120000036,https://www.sec.gov/Archives/edgar/data/80661/000008066120000036/index.json,NOT_CLASSIFIED
DTE,0000936340,0000936340-20-000230,8-K,2020-09-17,2020-09-17T20:17:48.000Z,7.01,dte-20200917.htm,https://www.sec.gov/Archives/edgar/data/936340/000093634020000230,https://www.sec.gov/Archives/edgar/data/936340/000093634020000230/index.json,NOT_CLASSIFIED
EIX,0000827052,0000827052-20-000124,8-K,2020-09-23,2020-09-23T20:05:26.000Z,7.01,eix-20200922.htm,https://www.sec.gov/Archives/edgar/data/827052/000082705220000124,https://www.sec.gov/Archives/edgar/data/827052/000082705220000124/index.json,NOT_CLASSIFIED
DTE,0000936340,0000936340-20-000232,8-K,2020-09-30,2020-09-30T20:15:08.000Z,7.01,dte-20200930.htm,https://www.sec.gov/Archives/edgar/data/936340/000093634020000232,https://www.sec.gov/Archives/edgar/data/936340/000093634020000232/index.json,NOT_CLASSIFIED
ALL,0000899051,0000899051-20-000066,8-K,2020-09-30,2020-09-30T20:15:32.000Z,7.01,all-20200930.htm,https://www.sec.gov/Archives/edgar/data/899051/000089905120000066,https://www.sec.gov/Archives/edgar/data/899051/000089905120000066/index.json,NOT_CLASSIFIED
PPL,0000922224,0000922224-20-000051,8-K,2020-10-01,2020-10-01T12:06:30.000Z,7.01,ppl-20201001.htm,https://www.sec.gov/Archives/edgar/data/922224/000092222420000051,https://www.sec.gov/Archives/edgar/data/922224/000092222420000051/index.json,NOT_CLASSIFIED
IBM,0000051143,0001104659-20-113260,8-K,2020-10-08,2020-10-08T11:55:35.000Z,"2.02,7.01",tm2032661d1_8k.htm,https://www.sec.gov/Archives/edgar/data/51143/000110465920113260,https://www.sec.gov/Archives/edgar/data/51143/000110465920113260/index.json,NOT_CLASSIFIED
IVZ,0000914208,0000914208-20-000426,8-K,2020-10-13,2020-10-13T11:51:56.000Z,7.01,a8k0920coverpageaumrel.htm,https://www.sec.gov/Archives/edgar/data/914208/000091420820000426,https://www.sec.gov/Archives/edgar/data/914208/000091420820000426/index.json,NOT_CLASSIFIED
PNC,0000713676,0000713676-20-000130,8-K,2020-10-14,2020-10-14T10:54:12.000Z,2.02,q320208-kfh.htm,https://www.sec.gov/Archives/edgar/data/713676/000071367620000130,https://www.sec.gov/Archives/edgar/data/713676/000071367620000130/index.json,NOT_CLASSIFIED
PGR,0000080661,0000080661-20-000038,8-K,2020-10-14,2020-10-14T12:39:56.000Z,2.02,pgr-20201014.htm,https://www.sec.gov/Archives/edgar/data/80661/000008066120000038,https://www.sec.gov/Archives/edgar/data/80661/000008066120000038/index.json,NOT_CLASSIFIED
UAL,0000100517,0000100517-20-000053,8-K,2020-10-14,2020-10-14T20:14:26.000Z,2.02,ual-20201014.htm,https://www.sec.gov/Archives/edgar/data/100517/000010051720000053,https://www.sec.gov/Archives/edgar/data/100517/000010051720000053/index.json,NOT_CLASSIFIED
ALL,0000899051,0000899051-20-000069,8-K,2020-10-15,2020-10-15T12:00:36.000Z,7.01,all-20201015.htm,https://www.sec.gov/Archives/edgar/data/899051/000089905120000069,https://www.sec.gov/Archives/edgar/data/899051/000089905120000069/index.json,NOT_CLASSIFIED
CINF,0000020286,0000020286-20-000073,8-K,2020-10-15,2020-10-15T13:16:24.000Z,7.01,cinf-20201015.htm,https://www.sec.gov/Archives/edgar/data/20286/000002028620000073,https://www.sec.gov/Archives/edgar/data/20286/000002028620000073/index.json,NOT_CLASSIFIED
PFG,0001126328,0001104659-20-115534,8-K,2020-10-16,2020-10-16T14:59:32.000Z,7.01,tm2033333-1_8k.htm,https://www.sec.gov/Archives/edgar/data/1126328/000110465920115534,https://www.sec.gov/Archives/edgar/data/1126328/000110465920115534/index.json,NOT_CLASSIFIED
RF,0001281761,0001281761-20-000081,8-K,2020-10-20,2020-10-19T21:59:36.000Z,"2.02,7.01",rf-93020er8xkfinal.htm,https://www.sec.gov/Archives/edgar/data/1281761/000128176120000081,https://www.sec.gov/Archives/edgar/data/1281761/000128176120000081/index.json,NOT_CLASSIFIED
IBM,0000051143,0001558370-20-011577,8-K,2020-10-20,2020-10-20T21:01:12.000Z,7.01,ibm-20201019x8k.htm,https://www.sec.gov/Archives/edgar/data/51143/000155837020011577,https://www.sec.gov/Archives/edgar/data/51143/000155837020011577/index.json,NOT_CLASSIFIED
LUV,0000092380,0000092380-20-000141,8-K,2020-10-22,2020-10-22T10:30:17.000Z,2.02,luv-20201022.htm,https://www.sec.gov/Archives/edgar/data/92380/000009238020000141,https://www.sec.gov/Archives/edgar/data/92380/000009238020000141/index.json,NOT_CLASSIFIED
COF,0000927628,0000927628-20-000276,8-K,2020-10-22,2020-10-22T20:07:03.000Z,7.01,cof-20201022.htm,https://www.sec.gov/Archives/edgar/data/927628/000092762820000276,https://www.sec.gov/Archives/edgar/data/927628/000092762820000276/index.json,NOT_CLASSIFIED
AXP,0000004962,0000004962-20-000094,8-K,2020-10-23,2020-10-23T11:03:16.000Z,"2.02,7.01",axp-20201023.htm,https://www.sec.gov/Archives/edgar/data/4962/000000496220000094,https://www.sec.gov/Archives/edgar/data/4962/000000496220000094/index.json,NOT_CLASSIFIED
CNC,0001071739,0001071739-20-000228,8-K,2020-10-27,2020-10-27T00:01:39.000Z,2.02,cnc-20201027.htm,https://www.sec.gov/Archives/edgar/data/1071739/000107173920000228,https://www.sec.gov/Archives/edgar/data/1071739/000107173920000228/index.json,NOT_CLASSIFIED
DTE,0000936340,0000936340-20-000252,8-K,2020-10-27,2020-10-27T11:21:29.000Z,"2.02,7.01",dte-20201027.htm,https://www.sec.gov/Archives/edgar/data/936340/000093634020000252,https://www.sec.gov/Archives/edgar/data/936340/000093634020000252/index.json,NOT_CLASSIFIED
IVZ,0000914208,0000914208-20-000434,8-K,2020-10-27,2020-10-27T12:00:11.000Z,2.02,ivz8k3q20cover.htm,https://www.sec.gov/Archives/edgar/data/914208/000091420820000434,https://www.sec.gov/Archives/edgar/data/914208/000091420820000434/index.json,NOT_CLASSIFIED
EIX,0000827052,0000827052-20-000133,8-K,2020-10-27,2020-10-27T20:07:29.000Z,"2.02,7.01",eix-20201027.htm,https://www.sec.gov/Archives/edgar/data/827052/000082705220000133,https://www.sec.gov/Archives/edgar/data/827052/000082705220000133/index.json,NOT_CLASSIFIED
F,0000037996,0000037996-20-000070,8-K,2020-10-28,2020-10-28T20:13:57.000Z,2.02,f-20201028.htm,https://www.sec.gov/Archives/edgar/data/37996/000003799620000070,https://www.sec.gov/Archives/edgar/data/37996/000003799620000070/index.json,NOT_CLASSIFIED
MAA,0000912595,0001564590-20-048350,8-K,2020-10-28,2020-10-28T20:16:42.000Z,"2.02,7.01",maa-8k_20201028.htm,https://www.sec.gov/Archives/edgar/data/912595/000156459020048350,https://www.sec.gov/Archives/edgar/data/912595/000156459020048350/index.json,NOT_CLASSIFIED
URI,0001067701,0001067701-20-000048,8-K,2020-10-28,2020-10-28T20:29:35.000Z,"2.02,7.01",uri-20201028.htm,https://www.sec.gov/Archives/edgar/data/1067701/000106770120000048,https://www.sec.gov/Archives/edgar/data/1067701/000106770120000048/index.json,NOT_CLASSIFIED
FE,0001031296,0001193125-20-281617,8-K,2020-10-30,2020-10-30T10:07:10.000Z,7.01,d50183d8k.htm,https://www.sec.gov/Archives/edgar/data/1031296/000119312520281617,https://www.sec.gov/Archives/edgar/data/1031296/000119312520281617/index.json,NOT_CLASSIFIED
ALL,0000899051,0000899051-20-000077,8-K,2020-11-04,2020-11-04T21:15:40.000Z,2.02,allcorpearningsrelease.htm,https://www.sec.gov/Archives/edgar/data/899051/000089905120000077,https://www.sec.gov/Archives/edgar/data/899051/000089905120000077/index.json,NOT_CLASSIFIED
MET,0001099219,0001099219-20-000355,8-K,2020-11-04,2020-11-04T21:32:03.000Z,"2.02,7.01",met-20201104.htm,https://www.sec.gov/Archives/edgar/data/1099219/000109921920000355,https://www.sec.gov/Archives/edgar/data/1099219/000109921920000355/index.json,NOT_CLASSIFIED
CF,0001324404,0001104659-20-121424,8-K,2020-11-04,2020-11-04T22:28:45.000Z,2.02,tm2034735d1_8k.htm,https://www.sec.gov/Archives/edgar/data/1324404/000110465920121424,https://www.sec.gov/Archives/edgar/data/1324404/000110465920121424/index.json,NOT_CLASSIFIED
CNP,0001130310,0001130310-20-000099,8-K,2020-11-05,2020-11-05T11:05:57.000Z,"2.02,7.01",cnp-20201105.htm,https://www.sec.gov/Archives/edgar/data/1130310/000113031020000099,https://www.sec.gov/Archives/edgar/data/1130310/000113031020000099/index.json,NOT_CLASSIFIED
PPL,0000922224,0000922224-20-000057,8-K,2020-11-05,2020-11-05T13:10:52.000Z,"2.02,7.01",ppl-20201105.htm,https://www.sec.gov/Archives/edgar/data/922224/000092222420000057,https://www.sec.gov/Archives/edgar/data/922224/000092222420000057/index.json,NOT_CLASSIFIED
CVS,0000064803,0000064803-20-000040,8-K,2020-11-06,2020-11-06T11:37:29.000Z,2.02,cvs-20201106.htm,https://www.sec.gov/Archives/edgar/data/64803/000006480320000040,https://www.sec.gov/Archives/edgar/data/64803/000006480320000040/index.json,NOT_CLASSIFIED
MET,0001099219,0001099219-20-000362,8-K,2020-11-09,2020-11-09T21:32:04.000Z,2.02,met-20201109.htm,https://www.sec.gov/Archives/edgar/data/1099219/000109921920000362,https://www.sec.gov/Archives/edgar/data/1099219/000109921920000362/index.json,NOT_CLASSIFIED
IVZ,0000914208,0000914208-20-000445,8-K,2020-11-10,2020-11-10T22:08:24.000Z,7.01,a1020coverpageaumrelea.htm,https://www.sec.gov/Archives/edgar/data/914208/000091420820000445,https://www.sec.gov/Archives/edgar/data/914208/000091420820000445/index.json,NOT_CLASSIFIED
UDR,0000074208,0000074208-20-000099,8-K,2020-11-13,2020-11-13T21:42:57.000Z,7.01,udr-20201113x8k.htm,https://www.sec.gov/Archives/edgar/data/74208/000007420820000099,https://www.sec.gov/Archives/edgar/data/74208/000007420820000099/index.json,NOT_CLASSIFIED
COF,0000927628,0000927628-20-000306,8-K,2020-11-16,2020-11-13T23:00:45.000Z,7.01,cof-20201116.htm,https://www.sec.gov/Archives/edgar/data/927628/000092762820000306,https://www.sec.gov/Archives/edgar/data/927628/000092762820000306/index.json,NOT_CLASSIFIED
CINF,0000020286,0000020286-20-000092,8-K,2020-11-16,2020-11-16T13:48:09.000Z,7.01,cinf-20201116.htm,https://www.sec.gov/Archives/edgar/data/20286/000002028620000092,https://www.sec.gov/Archives/edgar/data/20286/000002028620000092/index.json,NOT_CLASSIFIED
PNC,0000713676,0000713676-20-000142,8-K,2020-11-16,2020-11-16T16:15:15.000Z,7.01,a8-k1116projectmagnet.htm,https://www.sec.gov/Archives/edgar/data/713676/000071367620000142,https://www.sec.gov/Archives/edgar/data/713676/000071367620000142/index.json,NOT_CLASSIFIED
AXP,0000004962,0000004962-20-000103,8-K,2020-11-16,2020-11-16T17:01:06.000Z,7.01,axp-20201116.htm,https://www.sec.gov/Archives/edgar/data/4962/000000496220000103,https://www.sec.gov/Archives/edgar/data/4962/000000496220000103/index.json,NOT_CLASSIFIED
STT,0000093751,0000093751-20-001011,8-K,2020-11-18,2020-11-18T16:27:30.000Z,7.01,stt-20201118.htm,https://www.sec.gov/Archives/edgar/data/93751/000009375120001011,https://www.sec.gov/Archives/edgar/data/93751/000009375120001011/index.json,NOT_CLASSIFIED
UAL,0000100517,0000100517-20-000059,8-K,2020-11-19,2020-11-19T12:46:25.000Z,7.01,ual-20201119.htm,https://www.sec.gov/Archives/edgar/data/100517/000010051720000059,https://www.sec.gov/Archives/edgar/data/100517/000010051720000059/index.json,NOT_CLASSIFIED
ALL,0000899051,0000899051-20-000086,8-K,2020-11-19,2020-11-19T13:01:04.000Z,7.01,all-20201119.htm,https://www.sec.gov/Archives/edgar/data/899051/000089905120000086,https://www.sec.gov/Archives/edgar/data/899051/000089905120000086/index.json,NOT_CLASSIFIED
DOV,0000029905,0000029905-20-000048,8-K,2020-11-19,2020-11-19T14:50:36.000Z,7.01,dov-20201119.htm,https://www.sec.gov/Archives/edgar/data/29905/000002990520000048,https://www.sec.gov/Archives/edgar/data/29905/000002990520000048/index.json,NOT_CLASSIFIED
PGR,0000080661,0000080661-20-000044,8-K,2020-11-24,2020-11-24T13:58:30.000Z,7.01,pgr-20201124.htm,https://www.sec.gov/Archives/edgar/data/80661/000008066120000044,https://www.sec.gov/Archives/edgar/data/80661/000008066120000044/index.json,NOT_CLASSIFIED
DE,0000315189,0001558370-20-014042,8-K,2020-11-25,2020-11-25T11:03:58.000Z,"2.02,7.01",de-20201125x8k.htm,https://www.sec.gov/Archives/edgar/data/315189/000155837020014042,https://www.sec.gov/Archives/edgar/data/315189/000155837020014042/index.json,NOT_CLASSIFIED
UAL,0000100517,0001104659-20-132607,8-K,2020-12-07,2020-12-07T11:27:17.000Z,7.01,tm2037699d2_8k.htm,https://www.sec.gov/Archives/edgar/data/100517/000110465920132607,https://www.sec.gov/Archives/edgar/data/100517/000110465920132607/index.json,NOT_CLASSIFIED
COF,0000927628,0000927628-20-000312,8-K,2020-12-07,2020-12-07T21:25:49.000Z,7.01,cof-20201207.htm,https://www.sec.gov/Archives/edgar/data/927628/000092762820000312,https://www.sec.gov/Archives/edgar/data/927628/000092762820000312/index.json,NOT_CLASSIFIED
IVZ,0000914208,0000914208-20-000492,8-K,2020-12-10,2020-12-10T12:56:42.000Z,7.01,ivz-20201209.htm,https://www.sec.gov/Archives/edgar/data/914208/000091420820000492,https://www.sec.gov/Archives/edgar/data/914208/000091420820000492/index.json,NOT_CLASSIFIED
UAL,0000100517,0001104659-20-134806,8-K,2020-12-11,2020-12-11T21:55:38.000Z,7.01,tm2038338d1_8k.htm,https://www.sec.gov/Archives/edgar/data/100517/000110465920134806,https://www.sec.gov/Archives/edgar/data/100517/000110465920134806/index.json,NOT_CLASSIFIED
COF,0000927628,0000927628-20-000318,8-K,2020-12-15,2020-12-14T23:22:44.000Z,7.01,cof-20201215.htm,https://www.sec.gov/Archives/edgar/data/927628/000092762820000318,https://www.sec.gov/Archives/edgar/data/927628/000092762820000318/index.json,NOT_CLASSIFIED
AXP,0000004962,0000004962-20-000105,8-K,2020-12-15,2020-12-15T17:00:37.000Z,7.01,axp-20201215.htm,https://www.sec.gov/Archives/edgar/data/4962/000000496220000105,https://www.sec.gov/Archives/edgar/data/4962/000000496220000105/index.json,NOT_CLASSIFIED
EMR,0000032604,0000032604-20-000043,8-K,2020-12-17,2020-12-17T11:55:55.000Z,7.01,emr-20201217.htm,https://www.sec.gov/Archives/edgar/data/32604/000003260420000043,https://www.sec.gov/Archives/edgar/data/32604/000003260420000043/index.json,NOT_CLASSIFIED
CNC,0001071739,0001071739-20-000275,8-K,2020-12-18,2020-12-18T00:31:46.000Z,7.01,cnc-20201218.htm,https://www.sec.gov/Archives/edgar/data/1071739/000107173920000275,https://www.sec.gov/Archives/edgar/data/1071739/000107173920000275/index.json,NOT_CLASSIFIED
IVZ,0000914208,0000914208-21-000021,8-K,2021-01-13,2021-01-13T13:00:45.000Z,7.01,ivz-20210112.htm,https://www.sec.gov/Archives/edgar/data/914208/000091420821000021,https://www.sec.gov/Archives/edgar/data/914208/000091420821000021/index.json,NOT_CLASSIFIED
TDG,0001260221,0001260221-21-000012,8-K,2021-01-14,2021-01-14T13:48:03.000Z,7.01,tdg-20210114.htm,https://www.sec.gov/Archives/edgar/data/1260221/000126022121000012,https://www.sec.gov/Archives/edgar/data/1260221/000126022121000012/index.json,NOT_CLASSIFIED
TDG,0001260221,0001260221-21-000015,8-K,2021-01-15,2021-01-14T22:32:54.000Z,7.01,tdg-20210114.htm,https://www.sec.gov/Archives/edgar/data/1260221/000126022121000015,https://www.sec.gov/Archives/edgar/data/1260221/000126022121000015/index.json,NOT_CLASSIFIED
AXP,0000004962,0000004962-21-000004,8-K,2021-01-15,2021-01-15T17:01:14.000Z,7.01,axp-20210115.htm,https://www.sec.gov/Archives/edgar/data/4962/000000496221000004,https://www.sec.gov/Archives/edgar/data/4962/000000496221000004/index.json,NOT_CLASSIFIED
UAL,0000100517,0000100517-21-000005,8-K,2021-01-20,2021-01-20T21:59:33.000Z,2.02,ual-20210115.htm,https://www.sec.gov/Archives/edgar/data/100517/000010051721000005,https://www.sec.gov/Archives/edgar/data/100517/000010051721000005/index.json,NOT_CLASSIFIED
F,0000037996,0000037996-21-000007,8-K,2021-01-21,2021-01-21T21:32:52.000Z,7.01,f-20210121.htm,https://www.sec.gov/Archives/edgar/data/37996/000003799621000007,https://www.sec.gov/Archives/edgar/data/37996/000003799621000007/index.json,NOT_CLASSIFIED
RF,0001281761,0001281761-21-000003,8-K,2021-01-22,2021-01-22T02:03:45.000Z,"2.02,7.01",rf-20210122.htm,https://www.sec.gov/Archives/edgar/data/1281761/000128176121000003,https://www.sec.gov/Archives/edgar/data/1281761/000128176121000003/index.json,NOT_CLASSIFIED
ALL,0000899051,0000899051-21-000005,8-K,2021-01-27,2021-01-27T01:27:40.000Z,7.01,all-20210126.htm,https://www.sec.gov/Archives/edgar/data/899051/000089905121000005,https://www.sec.gov/Archives/edgar/data/899051/000089905121000005/index.json,NOT_CLASSIFIED
URI,0001067701,0001067701-21-000010,8-K,2021-01-27,2021-01-27T21:36:36.000Z,"2.02,7.01",uri-20210127.htm,https://www.sec.gov/Archives/edgar/data/1067701/000106770121000010,https://www.sec.gov/Archives/edgar/data/1067701/000106770121000010/index.json,NOT_CLASSIFIED
LUV,0000092380,0000092380-21-000006,8-K,2021-01-28,2021-01-28T11:30:17.000Z,2.02,luv-20210128.htm,https://www.sec.gov/Archives/edgar/data/92380/000009238021000006,https://www.sec.gov/Archives/edgar/data/92380/000009238021000006/index.json,NOT_CLASSIFIED
AJG,0000354190,0001193125-21-020802,8-K,2021-01-28,2021-01-28T21:22:55.000Z,"2.02,7.01",d60410d8k.htm,https://www.sec.gov/Archives/edgar/data/354190/000119312521020802,https://www.sec.gov/Archives/edgar/data/354190/000119312521020802/index.json,NOT_CLASSIFIED
EMR,0000032604,0001193125-21-023639,8-K,2021-02-01,2021-02-01T11:56:02.000Z,7.01,d284706d8k.htm,https://www.sec.gov/Archives/edgar/data/32604/000119312521023639,https://www.sec.gov/Archives/edgar/data/32604/000119312521023639/index.json,NOT_CLASSIFIED
ALL,0000899051,0000899051-21-000008,8-K,2021-02-03,2021-02-03T21:15:55.000Z,2.02,all-20210203.htm,https://www.sec.gov/Archives/edgar/data/899051/000089905121000008,https://www.sec.gov/Archives/edgar/data/899051/000089905121000008/index.json,NOT_CLASSIFIED
MAA,0000912595,0001564590-21-004090,8-K,2021-02-03,2021-02-03T21:51:44.000Z,2.02,maa-8k_20210203.htm,https://www.sec.gov/Archives/edgar/data/912595/000156459021004090,https://www.sec.gov/Archives/edgar/data/912595/000156459021004090/index.json,NOT_CLASSIFIED
F,0000037996,0000037996-21-000011,8-K,2021-02-04,2021-02-04T21:23:16.000Z,2.02,f-20210202.htm,https://www.sec.gov/Archives/edgar/data/37996/000003799621000011,https://www.sec.gov/Archives/edgar/data/37996/000003799621000011/index.json,NOT_CLASSIFIED
CNP,0001130310,0001130310-21-000002,8-K,2021-02-08,2021-02-08T11:31:02.000Z,7.01,cnp-20210208.htm,https://www.sec.gov/Archives/edgar/data/1130310/000113031021000002,https://www.sec.gov/Archives/edgar/data/1130310/000113031021000002/index.json,NOT_CLASSIFIED
UDR,0000074208,0000074208-21-000016,8-K,2021-02-09,2021-02-09T21:22:38.000Z,2.02,udr-20210209x8k.htm,https://www.sec.gov/Archives/edgar/data/74208/000007420821000016,https://www.sec.gov/Archives/edgar/data/74208/000007420821000016/index.json,NOT_CLASSIFIED
DE,0000315189,0001558370-21-000850,8-K,2021-02-10,2021-02-10T14:00:28.000Z,7.01,de-20210210x8k.htm,https://www.sec.gov/Archives/edgar/data/315189/000155837021000850,https://www.sec.gov/Archives/edgar/data/315189/000155837021000850/index.json,NOT_CLASSIFIED
PGR,0000080661,0000080661-21-000009,8-K,2021-02-16,2021-02-16T12:41:38.000Z,7.01,pgr-20210216.htm,https://www.sec.gov/Archives/edgar/data/80661/000008066121000009,https://www.sec.gov/Archives/edgar/data/80661/000008066121000009/index.json,NOT_CLASSIFIED
AXP,0000004962,0000004962-21-000016,8-K,2021-02-16,2021-02-16T17:01:16.000Z,7.01,axp-20210216.htm,https://www.sec.gov/Archives/edgar/data/4962/000000496221000016,https://www.sec.gov/Archives/edgar/data/4962/000000496221000016/index.json,NOT_CLASSIFIED
PGR,0000080661,0000080661-21-000011,8-K,2021-02-17,2021-02-17T14:10:23.000Z,7.01,pgr-20210217.htm,https://www.sec.gov/Archives/edgar/data/80661/000008066121000011,https://www.sec.gov/Archives/edgar/data/80661/000008066121000011/index.json,NOT_CLASSIFIED
CF,0001324404,0001324404-21-000004,8-K,2021-02-17,2021-02-17T21:42:41.000Z,2.02,cf-20210217.htm,https://www.sec.gov/Archives/edgar/data/1324404/000132440421000004,https://www.sec.gov/Archives/edgar/data/1324404/000132440421000004/index.json,NOT_CLASSIFIED
CF,0001324404,0001104659-21-024963,8-K,2021-02-18,2021-02-18T02:28:38.000Z,2.02,tm217060d1_8k.htm,https://www.sec.gov/Archives/edgar/data/1324404/000110465921024963,https://www.sec.gov/Archives/edgar/data/1324404/000110465921024963/index.json,NOT_CLASSIFIED
PPL,0000922224,0000922224-21-000004,8-K,2021-02-18,2021-02-18T13:19:38.000Z,"2.02,7.01",ppl-20210218.htm,https://www.sec.gov/Archives/edgar/data/922224/000092222421000004,https://www.sec.gov/Archives/edgar/data/922224/000092222421000004/index.json,NOT_CLASSIFIED
PPL,0000922224,0000922224-21-000008,8-K,2021-02-18,2021-02-18T19:04:05.000Z,2.02,ppl-20210218.htm,https://www.sec.gov/Archives/edgar/data/922224/000092222421000008,https://www.sec.gov/Archives/edgar/data/922224/000092222421000008/index.json,NOT_CLASSIFIED
EMR,0000032604,0001193125-21-048918,8-K,2021-02-19,2021-02-19T21:02:05.000Z,7.01,d146191d8k.htm,https://www.sec.gov/Archives/edgar/data/32604/000119312521048918,https://www.sec.gov/Archives/edgar/data/32604/000119312521048918/index.json,NOT_CLASSIFIED
UAL,0000100517,0000100517-21-000011,8-K,2021-02-24,2021-02-24T18:01:30.000Z,7.01,ual-20210224.htm,https://www.sec.gov/Archives/edgar/data/100517/000010051721000011,https://www.sec.gov/Archives/edgar/data/100517/000010051721000011/index.json,NOT_CLASSIFIED
DPZ,0001286681,0001193125-21-056942,8-K,2021-02-25,2021-02-25T21:06:20.000Z,7.01,d131650d8k.htm,https://www.sec.gov/Archives/edgar/data/1286681/000119312521056942,https://www.sec.gov/Archives/edgar/data/1286681/000119312521056942/index.json,NOT_CLASSIFIED
DTE,0000936340,0000936340-21-000124,8-K,2021-03-02,2021-03-02T21:18:57.000Z,7.01,dte-20210302.htm,https://www.sec.gov/Archives/edgar/data/936340/000093634021000124,https://www.sec.gov/Archives/edgar/data/936340/000093634021000124/index.json,NOT_CLASSIFIED
MAA,0000912595,0001564590-21-011304,8-K,2021-03-05,2021-03-05T22:23:59.000Z,7.01,maa-8k_20210305.htm,https://www.sec.gov/Archives/edgar/data/912595/000156459021011304,https://www.sec.gov/Archives/edgar/data/912595/000156459021011304/index.json,NOT_CLASSIFIED
DTE,0000936340,0000936340-21-000129,8-K,2021-03-08,2021-03-05T23:41:29.000Z,2.02,dte-20210305.htm,https://www.sec.gov/Archives/edgar/data/936340/000093634021000129,https://www.sec.gov/Archives/edgar/data/936340/000093634021000129/index.json,NOT_CLASSIFIED
FE,0001031296,0001031296-21-000025,8-K,2021-03-08,2021-03-08T11:49:47.000Z,7.01,fe-20210308.htm,https://www.sec.gov/Archives/edgar/data/1031296/000103129621000025,https://www.sec.gov/Archives/edgar/data/1031296/000103129621000025/index.json,NOT_CLASSIFIED
CINF,0000020286,0000020286-21-000017,8-K,2021-03-08,2021-03-08T14:17:52.000Z,7.01,cinf-20210308.htm,https://www.sec.gov/Archives/edgar/data/20286/000002028621000017,https://www.sec.gov/Archives/edgar/data/20286/000002028621000017/index.json,NOT_CLASSIFIED
RF,0001281761,0001281761-21-000021,8-K,2021-03-08,2021-03-08T22:16:40.000Z,7.01,rf-20210308.htm,https://www.sec.gov/Archives/edgar/data/1281761/000128176121000021,https://www.sec.gov/Archives/edgar/data/1281761/000128176121000021/index.json,NOT_CLASSIFIED
IVZ,0000914208,0000914208-21-000334,8-K,2021-03-10,2021-03-10T12:33:08.000Z,7.01,ivz-20210309.htm,https://www.sec.gov/Archives/edgar/data/914208/000091420821000334,https://www.sec.gov/Archives/edgar/data/914208/000091420821000334/index.json,NOT_CLASSIFIED
DTE,0000936340,0000936340-21-000131,8-K,2021-03-12,2021-03-12T21:16:14.000Z,7.01,dte-20210312.htm,https://www.sec.gov/Archives/edgar/data/936340/000093634021000131,https://www.sec.gov/Archives/edgar/data/936340/000093634021000131/index.json,NOT_CLASSIFIED
PGR,0000080661,0000080661-21-000020,8-K,2021-03-17,2021-03-17T13:33:21.000Z,7.01,pgr-20210317.htm,https://www.sec.gov/Archives/edgar/data/80661/000008066121000020,https://www.sec.gov/Archives/edgar/data/80661/000008066121000020/index.json,NOT_CLASSIFIED
PPL,0000922224,0001193125-21-084755,8-K,2021-03-18,2021-03-18T10:05:13.000Z,7.01,d128074d8k.htm,https://www.sec.gov/Archives/edgar/data/922224/000119312521084755,https://www.sec.gov/Archives/edgar/data/922224/000119312521084755/index.json,NOT_CLASSIFIED
DTE,0000936340,0000936340-21-000135,8-K,2021-03-22,2021-03-22T20:15:39.000Z,7.01,dte-20210322.htm,https://www.sec.gov/Archives/edgar/data/936340/000093634021000135,https://www.sec.gov/Archives/edgar/data/936340/000093634021000135/index.json,NOT_CLASSIFIED
DE,0000315189,0001558370-21-003415,8-K,2021-03-24,2021-03-24T19:50:02.000Z,7.01,de-20210324x8k.htm,https://www.sec.gov/Archives/edgar/data/315189/000155837021003415,https://www.sec.gov/Archives/edgar/data/315189/000155837021003415/index.json,NOT_CLASSIFIED
ORLY,0000898173,0000898173-21-000019,8-K,2021-04-01,2021-04-01T20:32:06.000Z,7.01,orly-20210401x8k.htm,https://www.sec.gov/Archives/edgar/data/898173/000089817321000019,https://www.sec.gov/Archives/edgar/data/898173/000089817321000019/index.json,NOT_CLASSIFIED
PPL,0000922224,0000922224-21-000013,8-K,2021-04-05,2021-04-05T12:57:29.000Z,7.01,ppl-20210405.htm,https://www.sec.gov/Archives/edgar/data/922224/000092222421000013,https://www.sec.gov/Archives/edgar/data/922224/000092222421000013/index.json,NOT_CLASSIFIED
UAL,0000100517,0001104659-21-049101,8-K,2021-04-12,2021-04-12T11:16:19.000Z,2.02,tm2112699d3_8k.htm,https://www.sec.gov/Archives/edgar/data/100517/000110465921049101,https://www.sec.gov/Archives/edgar/data/100517/000110465921049101/index.json,NOT_CLASSIFIED
IVZ,0000914208,0000914208-21-000361,8-K,2021-04-13,2021-04-13T11:25:11.000Z,7.01,ivz-20210412.htm,https://www.sec.gov/Archives/edgar/data/914208/000091420821000361,https://www.sec.gov/Archives/edgar/data/914208/000091420821000361/index.json,NOT_CLASSIFIED
PGR,0000080661,0000080661-21-000028,8-K,2021-04-15,2021-04-15T14:04:37.000Z,2.02,pgr-20210415.htm,https://www.sec.gov/Archives/edgar/data/80661/000008066121000028,https://www.sec.gov/Archives/edgar/data/80661/000008066121000028/index.json,NOT_CLASSIFIED
AXP,0000004962,0000004962-21-000023,8-K,2021-04-15,2021-04-15T16:01:47.000Z,7.01,axp-20210415.htm,https://www.sec.gov/Archives/edgar/data/4962/000000496221000023,https://www.sec.gov/Archives/edgar/data/4962/000000496221000023/index.json,NOT_CLASSIFIED
IBM,0000051143,0001558370-21-004470,8-K,2021-04-19,2021-04-19T20:21:54.000Z,"2.02,7.01",ibm-20210419x8k.htm,https://www.sec.gov/Archives/edgar/data/51143/000155837021004470,https://www.sec.gov/Archives/edgar/data/51143/000155837021004470/index.json,NOT_CLASSIFIED
DPZ,0001286681,0001193125-21-121940,8-K,2021-04-20,2021-04-20T11:31:09.000Z,7.01,d174181d8k.htm,https://www.sec.gov/Archives/edgar/data/1286681/000119312521121940,https://www.sec.gov/Archives/edgar/data/1286681/000119312521121940/index.json,NOT_CLASSIFIED
LUV,0000092380,0000092380-21-000092,8-K,2021-04-22,2021-04-22T10:31:39.000Z,2.02,luv-20210422.htm,https://www.sec.gov/Archives/edgar/data/92380/000009238021000092,https://www.sec.gov/Archives/edgar/data/92380/000009238021000092/index.json,NOT_CLASSIFIED
RF,0001281761,0001281761-21-000036,8-K,2021-04-23,2021-04-23T10:21:18.000Z,"2.02,7.01",rf-20210423.htm,https://www.sec.gov/Archives/edgar/data/1281761/000128176121000036,https://www.sec.gov/Archives/edgar/data/1281761/000128176121000036/index.json,NOT_CLASSIFIED
AXP,0000004962,0000004962-21-000026,8-K,2021-04-23,2021-04-23T11:02:51.000Z,"2.02,7.01",axp-20210423.htm,https://www.sec.gov/Archives/edgar/data/4962/000000496221000026,https://www.sec.gov/Archives/edgar/data/4962/000000496221000026/index.json,NOT_CLASSIFIED
IVZ,0000914208,0000914208-21-000367,8-K,2021-04-27,2021-04-27T12:29:38.000Z,2.02,ivz-20210427.htm,https://www.sec.gov/Archives/edgar/data/914208/000091420821000367,https://www.sec.gov/Archives/edgar/data/914208/000091420821000367/index.json,NOT_CLASSIFIED
COF,0000927628,0000927628-21-000158,8-K,2021-04-27,2021-04-27T20:06:10.000Z,2.02,cof-20210427.htm,https://www.sec.gov/Archives/edgar/data/927628/000092762821000158,https://www.sec.gov/Archives/edgar/data/927628/000092762821000158/index.json,NOT_CLASSIFIED
CINF,0000020286,0000020286-21-000032,8-K,2021-04-28,2021-04-28T20:07:24.000Z,2.02,cinf-20210428.htm,https://www.sec.gov/Archives/edgar/data/20286/000002028621000032,https://www.sec.gov/Archives/edgar/data/20286/000002028621000032/index.json,NOT_CLASSIFIED
MAA,0000912595,0001564590-21-021368,8-K,2021-04-28,2021-04-28T20:16:55.000Z,2.02,maa-8k_20210428.htm,https://www.sec.gov/Archives/edgar/data/912595/000156459021021368,https://www.sec.gov/Archives/edgar/data/912595/000156459021021368/index.json,NOT_CLASSIFIED
FE,0001031296,0001031296-21-000049,8-K,2021-04-29,2021-04-29T13:25:36.000Z,7.01,fe-20210429.htm,https://www.sec.gov/Archives/edgar/data/1031296/000103129621000049,https://www.sec.gov/Archives/edgar/data/1031296/000103129621000049/index.json,NOT_CLASSIFIED
WDC,0000106040,0000106040-21-000016,8-K,2021-04-29,2021-04-29T20:04:03.000Z,2.02,wdc-20210429.htm,https://www.sec.gov/Archives/edgar/data/106040/000010604021000016,https://www.sec.gov/Archives/edgar/data/106040/000010604021000016/index.json,NOT_CLASSIFIED
EXPD,0000746515,0001564590-21-023099,8-K,2021-05-04,2021-05-04T16:02:04.000Z,2.02,expd-8k_20210504.htm,https://www.sec.gov/Archives/edgar/data/746515/000156459021023099,https://www.sec.gov/Archives/edgar/data/746515/000156459021023099/index.json,NOT_CLASSIFIED
DTE,0000936340,0000936340-21-000157,8-K,2021-05-04,2021-05-04T20:16:40.000Z,2.02,dte-20210504.htm,https://www.sec.gov/Archives/edgar/data/936340/000093634021000157,https://www.sec.gov/Archives/edgar/data/936340/000093634021000157/index.json,NOT_CLASSIFIED
DTE,0000936340,0000936340-21-000159,8-K,2021-05-07,2021-05-07T20:14:21.000Z,7.01,dte-20210507.htm,https://www.sec.gov/Archives/edgar/data/936340/000093634021000159,https://www.sec.gov/Archives/edgar/data/936340/000093634021000159/index.json,NOT_CLASSIFIED
UDR,0000074208,0000074208-21-000059,8-K,2021-05-10,2021-05-10T20:19:42.000Z,7.01,udr-20210510x8k.htm,https://www.sec.gov/Archives/edgar/data/74208/000007420821000059,https://www.sec.gov/Archives/edgar/data/74208/000007420821000059/index.json,NOT_CLASSIFIED
CINF,0000020286,0000020286-21-000035,8-K,2021-05-11,2021-05-11T13:07:13.000Z,7.01,cinf-20210508.htm,https://www.sec.gov/Archives/edgar/data/20286/000002028621000035,https://www.sec.gov/Archives/edgar/data/20286/000002028621000035/index.json,NOT_CLASSIFIED
IVZ,0000914208,0000914208-21-000405,8-K,2021-05-12,2021-05-12T11:45:43.000Z,7.01,ivz-20210511.htm,https://www.sec.gov/Archives/edgar/data/914208/000091420821000405,https://www.sec.gov/Archives/edgar/data/914208/000091420821000405/index.json,NOT_CLASSIFIED
DE,0000315189,0001558370-21-006876,8-K,2021-05-12,2021-05-12T13:00:30.000Z,7.01,de-20210512x8k.htm,https://www.sec.gov/Archives/edgar/data/315189/000155837021006876,https://www.sec.gov/Archives/edgar/data/315189/000155837021006876/index.json,NOT_CLASSIFIED
DTE,0000936340,0000936340-21-000162,8-K,2021-05-14,2021-05-14T20:16:06.000Z,7.01,dte-20210514.htm,https://www.sec.gov/Archives/edgar/data/936340/000093634021000162,https://www.sec.gov/Archives/edgar/data/936340/000093634021000162/index.json,NOT_CLASSIFIED
COF,0000927628,0000927628-21-000211,8-K,2021-05-17,2021-05-14T22:19:26.000Z,7.01,cof-20210517.htm,https://www.sec.gov/Archives/edgar/data/927628/000092762821000211,https://www.sec.gov/Archives/edgar/data/927628/000092762821000211/index.json,NOT_CLASSIFIED
COF,0000927628,0000927628-21-000215,8-K,2021-05-17,2021-05-17T20:14:52.000Z,7.01,cof-20210517.htm,https://www.sec.gov/Archives/edgar/data/927628/000092762821000215,https://www.sec.gov/Archives/edgar/data/927628/000092762821000215/index.json,NOT_CLASSIFIED
LUV,0000092380,0000092380-21-000104,8-K,2021-05-19,2021-05-19T10:30:44.000Z,7.01,luv-20210519.htm,https://www.sec.gov/Archives/edgar/data/92380/000009238021000104,https://www.sec.gov/Archives/edgar/data/92380/000009238021000104/index.json,NOT_CLASSIFIED
PGR,0000080661,0000080661-21-000036,8-K,2021-05-19,2021-05-19T13:31:48.000Z,7.01,pgr-20210519.htm,https://www.sec.gov/Archives/edgar/data/80661/000008066121000036,https://www.sec.gov/Archives/edgar/data/80661/000008066121000036/index.json,NOT_CLASSIFIED
ALL,0000899051,0000899051-21-000049,8-K,2021-06-01,2021-06-01T20:17:15.000Z,7.01,all-20210601.htm,https://www.sec.gov/Archives/edgar/data/899051/000089905121000049,https://www.sec.gov/Archives/edgar/data/899051/000089905121000049/index.json,NOT_CLASSIFIED
HUM,0000049071,0000049071-21-000093,8-K,2021-06-02,2021-06-01T23:25:40.000Z,7.01,form8k06012021.htm,https://www.sec.gov/Archives/edgar/data/49071/000004907121000093,https://www.sec.gov/Archives/edgar/data/49071/000004907121000093/index.json,NOT_CLASSIFIED
DTE,0000936340,0001193125-21-183154,8-K/A,2021-06-04,2021-06-04T21:20:50.000Z,7.01,d184985d8ka.htm,https://www.sec.gov/Archives/edgar/data/936340/000119312521183154,https://www.sec.gov/Archives/edgar/data/936340/000119312521183154/index.json,NOT_CLASSIFIED
MAA,0000912595,0001564590-21-031960,8-K,2021-06-07,2021-06-07T20:21:13.000Z,7.01,maa-8k_20210607.htm,https://www.sec.gov/Archives/edgar/data/912595/000156459021031960,https://www.sec.gov/Archives/edgar/data/912595/000156459021031960/index.json,NOT_CLASSIFIED
LUV,0000092380,0000092380-21-000133,8-K,2021-06-08,2021-06-08T10:30:19.000Z,7.01,luv-20210608.htm,https://www.sec.gov/Archives/edgar/data/92380/000009238021000133,https://www.sec.gov/Archives/edgar/data/92380/000009238021000133/index.json,NOT_CLASSIFIED
PPL,0000922224,0000922224-21-000025,8-K,2021-06-08,2021-06-08T11:55:39.000Z,7.01,ppl-20210608.htm,https://www.sec.gov/Archives/edgar/data/922224/000092222421000025,https://www.sec.gov/Archives/edgar/data/922224/000092222421000025/index.json,NOT_CLASSIFIED
IVZ,0000914208,0000914208-21-000438,8-K,2021-06-10,2021-06-10T11:39:13.000Z,7.01,ivz-20210609.htm,https://www.sec.gov/Archives/edgar/data/914208/000091420821000438,https://www.sec.gov/Archives/edgar/data/914208/000091420821000438/index.json,NOT_CLASSIFIED
COF,0000927628,0000927628-21-000228,8-K,2021-06-15,2021-06-14T21:48:51.000Z,7.01,cof-20210615.htm,https://www.sec.gov/Archives/edgar/data/927628/000092762821000228,https://www.sec.gov/Archives/edgar/data/927628/000092762821000228/index.json,NOT_CLASSIFIED
AXP,0000004962,0000004962-21-000034,8-K,2021-06-15,2021-06-15T16:03:30.000Z,7.01,axp-20210615.htm,https://www.sec.gov/Archives/edgar/data/4962/000000496221000034,https://www.sec.gov/Archives/edgar/data/4962/000000496221000034/index.json,NOT_CLASSIFIED
AJG,0000354190,0001193125-21-192758,8-K,2021-06-17,2021-06-17T12:30:41.000Z,7.01,d130203d8k.htm,https://www.sec.gov/Archives/edgar/data/354190/000119312521192758,https://www.sec.gov/Archives/edgar/data/354190/000119312521192758/index.json,NOT_CLASSIFIED
UAL,0000100517,0000100517-21-000034,8-K,2021-06-28,2021-06-28T10:02:38.000Z,7.01,ual-20210628.htm,https://www.sec.gov/Archives/edgar/data/100517/000010051721000034,https://www.sec.gov/Archives/edgar/data/100517/000010051721000034/index.json,NOT_CLASSIFIED
UAL,0000100517,0000100517-21-000038,8-K,2021-06-29,2021-06-29T10:06:11.000Z,7.01,ual-20210627.htm,https://www.sec.gov/Archives/edgar/data/100517/000010051721000038,https://www.sec.gov/Archives/edgar/data/100517/000010051721000038/index.json,NOT_CLASSIFIED
TDG,0001260221,0001260221-21-000075,8-K,2021-06-30,2021-06-30T20:33:35.000Z,7.01,tdg-20210630.htm,https://www.sec.gov/Archives/edgar/data/1260221/000126022121000075,https://www.sec.gov/Archives/edgar/data/1260221/000126022121000075/index.json,NOT_CLASSIFIED
DTE,0000936340,0001193125-21-205726,8-K,2021-07-01,2021-07-01T13:53:08.000Z,7.01,d139921d8k.htm,https://www.sec.gov/Archives/edgar/data/936340/000119312521205726,https://www.sec.gov/Archives/edgar/data/936340/000119312521205726/index.json,NOT_CLASSIFIED
DTE,0000936340,0000936340-21-000204,8-K,2021-07-07,2021-07-07T20:13:48.000Z,7.01,dte-20210707.htm,https://www.sec.gov/Archives/edgar/data/936340/000093634021000204,https://www.sec.gov/Archives/edgar/data/936340/000093634021000204/index.json,NOT_CLASSIFIED
IVZ,0000914208,0000914208-21-000452,8-K,2021-07-13,2021-07-13T11:39:26.000Z,7.01,ivz-20210712.htm,https://www.sec.gov/Archives/edgar/data/914208/000091420821000452,https://www.sec.gov/Archives/edgar/data/914208/000091420821000452/index.json,NOT_CLASSIFIED
ALL,0000899051,0000899051-21-000058,8-K,2021-07-15,2021-07-15T12:01:13.000Z,7.01,all-20210715.htm,https://www.sec.gov/Archives/edgar/data/899051/000089905121000058,https://www.sec.gov/Archives/edgar/data/899051/000089905121000058/index.json,NOT_CLASSIFIED
PGR,0000080661,0000080661-21-000042,8-K,2021-07-15,2021-07-15T12:43:34.000Z,2.02,pgr-20210715.htm,https://www.sec.gov/Archives/edgar/data/80661/000008066121000042,https://www.sec.gov/Archives/edgar/data/80661/000008066121000042/index.json,NOT_CLASSIFIED
AXP,0000004962,0000004962-21-000038,8-K,2021-07-15,2021-07-15T16:01:06.000Z,7.01,axp-20210715.htm,https://www.sec.gov/Archives/edgar/data/4962/000000496221000038,https://www.sec.gov/Archives/edgar/data/4962/000000496221000038/index.json,NOT_CLASSIFIED
AXP,0000004962,0000004962-21-000040,8-K,2021-07-23,2021-07-23T11:03:54.000Z,"2.02,7.01",axp-20210723.htm,https://www.sec.gov/Archives/edgar/data/4962/000000496221000040,https://www.sec.gov/Archives/edgar/data/4962/000000496221000040/index.json,NOT_CLASSIFIED
DTE,0000936340,0000936340-21-000208,8-K,2021-07-27,2021-07-27T10:39:14.000Z,"2.02,7.01",dte-20210727.htm,https://www.sec.gov/Archives/edgar/data/936340/000093634021000208,https://www.sec.gov/Archives/edgar/data/936340/000093634021000208/index.json,NOT_CLASSIFIED
IVZ,0000914208,0000914208-21-000455,8-K,2021-07-27,2021-07-27T11:57:27.000Z,2.02,ivz-20210727.htm,https://www.sec.gov/Archives/edgar/data/914208/000091420821000455,https://www.sec.gov/Archives/edgar/data/914208/000091420821000455/index.json,NOT_CLASSIFIED
CINF,0000020286,0000020286-21-000049,8-K,2021-07-28,2021-07-28T20:07:02.000Z,2.02,cinf-20210728.htm,https://www.sec.gov/Archives/edgar/data/20286/000002028621000049,https://www.sec.gov/Archives/edgar/data/20286/000002028621000049/index.json,NOT_CLASSIFIED
F,0000037996,0000037996-21-000057,8-K,2021-07-28,2021-07-28T20:08:54.000Z,2.02,f-20210728.htm,https://www.sec.gov/Archives/edgar/data/37996/000003799621000057,https://www.sec.gov/Archives/edgar/data/37996/000003799621000057/index.json,NOT_CLASSIFIED
MAA,0000912595,0001564590-21-038630,8-K,2021-07-28,2021-07-28T20:17:37.000Z,2.02,maa-8k_20210728.htm,https://www.sec.gov/Archives/edgar/data/912595/000156459021038630,https://www.sec.gov/Archives/edgar/data/912595/000156459021038630/index.json,NOT_CLASSIFIED
URI,0001067701,0001067701-21-000030,8-K,2021-07-28,2021-07-28T20:31:51.000Z,"2.02,7.01",uri-20210728.htm,https://www.sec.gov/Archives/edgar/data/1067701/000106770121000030,https://www.sec.gov/Archives/edgar/data/1067701/000106770121000030/index.json,NOT_CLASSIFIED
EIX,0000827052,0001558370-21-009596,8-K,2021-07-29,2021-07-29T20:07:55.000Z,"2.02,7.01",eix-20210729x8k.htm,https://www.sec.gov/Archives/edgar/data/827052/000155837021009596,https://www.sec.gov/Archives/edgar/data/827052/000155837021009596/index.json,NOT_CLASSIFIED
DTE,0000936340,0000936340-21-000214,8-K,2021-08-03,2021-08-03T20:13:49.000Z,2.02,dte-20210803.htm,https://www.sec.gov/Archives/edgar/data/936340/000093634021000214,https://www.sec.gov/Archives/edgar/data/936340/000093634021000214/index.json,NOT_CLASSIFIED
HUM,0000049071,0001193125-21-235039,8-K,2021-08-03,2021-08-03T20:45:37.000Z,7.01,d161015d8k.htm,https://www.sec.gov/Archives/edgar/data/49071/000119312521235039,https://www.sec.gov/Archives/edgar/data/49071/000119312521235039/index.json,NOT_CLASSIFIED
WDC,0000106040,0000106040-21-000032,8-K,2021-08-04,2021-08-04T20:06:35.000Z,2.02,wdc-20210804.htm,https://www.sec.gov/Archives/edgar/data/106040/000010604021000032,https://www.sec.gov/Archives/edgar/data/106040/000010604021000032/index.json,NOT_CLASSIFIED
ALL,0000899051,0000899051-21-000070,8-K,2021-08-04,2021-08-04T20:20:10.000Z,2.02,all-20210804.htm,https://www.sec.gov/Archives/edgar/data/899051/000089905121000070,https://www.sec.gov/Archives/edgar/data/899051/000089905121000070/index.json,NOT_CLASSIFIED
CNP,0001130310,0001193125-21-236917,8-K,2021-08-05,2021-08-05T10:35:11.000Z,"2.02,7.01",d212647d8k.htm,https://www.sec.gov/Archives/edgar/data/1130310/000119312521236917,https://www.sec.gov/Archives/edgar/data/1130310/000119312521236917/index.json,NOT_CLASSIFIED
PPL,0000922224,0000922224-21-000037,8-K,2021-08-05,2021-08-05T12:08:31.000Z,"2.02,7.01",ppl-20210805.htm,https://www.sec.gov/Archives/edgar/data/922224/000092222421000037,https://www.sec.gov/Archives/edgar/data/922224/000092222421000037/index.json,NOT_CLASSIFIED
MAA,0000912595,0001193125-21-239239,8-K,2021-08-06,2021-08-06T20:04:19.000Z,7.01,d160817d8k.htm,https://www.sec.gov/Archives/edgar/data/912595/000119312521239239,https://www.sec.gov/Archives/edgar/data/912595/000119312521239239/index.json,NOT_CLASSIFIED
CINF,0000020286,0000020286-21-000054,8-K,2021-08-09,2021-08-09T13:01:13.000Z,7.01,cinf-20210809.htm,https://www.sec.gov/Archives/edgar/data/20286/000002028621000054,https://www.sec.gov/Archives/edgar/data/20286/000002028621000054/index.json,NOT_CLASSIFIED
CF,0001324404,0001324404-21-000020,8-K,2021-08-09,2021-08-09T20:33:16.000Z,2.02,cf-20210809.htm,https://www.sec.gov/Archives/edgar/data/1324404/000132440421000020,https://www.sec.gov/Archives/edgar/data/1324404/000132440421000020/index.json,NOT_CLASSIFIED
TDG,0001260221,0001260221-21-000103,8-K,2021-08-10,2021-08-10T11:17:11.000Z,2.02,tdg-20210806.htm,https://www.sec.gov/Archives/edgar/data/1260221/000126022121000103,https://www.sec.gov/Archives/edgar/data/1260221/000126022121000103/index.json,NOT_CLASSIFIED
LUV,0000092380,0000092380-21-000148,8-K,2021-08-11,2021-08-11T10:31:26.000Z,7.01,luv-20210811.htm,https://www.sec.gov/Archives/edgar/data/92380/000009238021000148,https://www.sec.gov/Archives/edgar/data/92380/000009238021000148/index.json,NOT_CLASSIFIED
DE,0000315189,0001558370-21-011232,8-K,2021-08-11,2021-08-11T13:01:03.000Z,7.01,de-20210811x8k.htm,https://www.sec.gov/Archives/edgar/data/315189/000155837021011232,https://www.sec.gov/Archives/edgar/data/315189/000155837021011232/index.json,NOT_CLASSIFIED
TDG,0001260221,0001260221-21-000115,8-K,2021-08-11,2021-08-11T17:08:23.000Z,7.01,tdg-20210811.htm,https://www.sec.gov/Archives/edgar/data/1260221/000126022121000115,https://www.sec.gov/Archives/edgar/data/1260221/000126022121000115/index.json,NOT_CLASSIFIED
AXP,0000004962,0000004962-21-000043,8-K,2021-08-16,2021-08-16T16:01:16.000Z,7.01,axp-20210816.htm,https://www.sec.gov/Archives/edgar/data/4962/000000496221000043,https://www.sec.gov/Archives/edgar/data/4962/000000496221000043/index.json,NOT_CLASSIFIED
KIM,0000879101,0001140361-21-028585,8-K/A,2021-08-17,2021-08-17T11:28:58.000Z,7.01,brhc10028138_8ka.htm,https://www.sec.gov/Archives/edgar/data/879101/000114036121028585,https://www.sec.gov/Archives/edgar/data/879101/000114036121028585/index.json,NOT_CLASSIFIED
ALL,0000899051,0000899051-21-000076,8-K,2021-08-19,2021-08-19T12:01:13.000Z,7.01,all-20210819.htm,https://www.sec.gov/Archives/edgar/data/899051/000089905121000076,https://www.sec.gov/Archives/edgar/data/899051/000089905121000076/index.json,NOT_CLASSIFIED
DE,0000315189,0001558370-21-011945,8-K,2021-08-19,2021-08-19T13:01:06.000Z,7.01,de-20210819x8k.htm,https://www.sec.gov/Archives/edgar/data/315189/000155837021011945,https://www.sec.gov/Archives/edgar/data/315189/000155837021011945/index.json,NOT_CLASSIFIED
WST,0000105770,0000105770-21-000064,8-K,2021-08-23,2021-08-23T20:40:41.000Z,7.01,wst-20210819.htm,https://www.sec.gov/Archives/edgar/data/105770/000010577021000064,https://www.sec.gov/Archives/edgar/data/105770/000010577021000064/index.json,NOT_CLASSIFIED
EXPD,0000746515,0001564590-21-046974,8-K,2021-09-02,2021-09-02T20:28:09.000Z,7.01,expd-8k_20210902.htm,https://www.sec.gov/Archives/edgar/data/746515/000156459021046974,https://www.sec.gov/Archives/edgar/data/746515/000156459021046974/index.json,NOT_CLASSIFIED
HUM,0000049071,0000049071-21-000122,8-K,2021-09-07,2021-09-07T20:30:51.000Z,7.01,humform8k09072021.htm,https://www.sec.gov/Archives/edgar/data/49071/000004907121000122,https://www.sec.gov/Archives/edgar/data/49071/000004907121000122/index.json,NOT_CLASSIFIED
UAL,0000100517,0000100517-21-000060,8-K,2021-09-09,2021-09-09T10:00:56.000Z,7.01,ual-20210909.htm,https://www.sec.gov/Archives/edgar/data/100517/000010051721000060,https://www.sec.gov/Archives/edgar/data/100517/000010051721000060/index.json,NOT_CLASSIFIED
LUV,0000092380,0000092380-21-000151,8-K,2021-09-09,2021-09-09T10:32:07.000Z,7.01,luv-20210909.htm,https://www.sec.gov/Archives/edgar/data/92380/000009238021000151,https://www.sec.gov/Archives/edgar/data/92380/000009238021000151/index.json,NOT_CLASSIFIED
MAA,0000912595,0001564590-21-047742,8-K,2021-09-13,2021-09-13T20:20:02.000Z,7.01,maa-8k_20210913.htm,https://www.sec.gov/Archives/edgar/data/912595/000156459021047742,https://www.sec.gov/Archives/edgar/data/912595/000156459021047742/index.json,NOT_CLASSIFIED
IVZ,0000914208,0000914208-21-000490,8-K,2021-09-14,2021-09-14T11:43:57.000Z,7.01,ivz-20210913.htm,https://www.sec.gov/Archives/edgar/data/914208/000091420821000490,https://www.sec.gov/Archives/edgar/data/914208/000091420821000490/index.json,NOT_CLASSIFIED
COF,0000927628,0000927628-21-000278,8-K,2021-09-15,2021-09-14T21:37:28.000Z,7.01,cof-20210915.htm,https://www.sec.gov/Archives/edgar/data/927628/000092762821000278,https://www.sec.gov/Archives/edgar/data/927628/000092762821000278/index.json,NOT_CLASSIFIED
PGR,0000080661,0000080661-21-000049,8-K,2021-09-17,2021-09-17T12:25:52.000Z,7.01,pgr-20210917.htm,https://www.sec.gov/Archives/edgar/data/80661/000008066121000049,https://www.sec.gov/Archives/edgar/data/80661/000008066121000049/index.json,NOT_CLASSIFIED
DTE,0000936340,0000936340-21-000220,8-K,2021-09-17,2021-09-17T20:23:09.000Z,7.01,dte-20210917.htm,https://www.sec.gov/Archives/edgar/data/936340/000093634021000220,https://www.sec.gov/Archives/edgar/data/936340/000093634021000220/index.json,NOT_CLASSIFIED
RF,0001281761,0001193125-21-288960,8-K,2021-10-01,2021-10-01T13:05:44.000Z,7.01,d155084d8k.htm,https://www.sec.gov/Archives/edgar/data/1281761/000119312521288960,https://www.sec.gov/Archives/edgar/data/1281761/000119312521288960/index.json,NOT_CLASSIFIED
CNC,0001071739,0001071739-21-000217,8-K,2021-10-08,2021-10-08T21:27:48.000Z,7.01,cnc-20211005.htm,https://www.sec.gov/Archives/edgar/data/1071739/000107173921000217,https://www.sec.gov/Archives/edgar/data/1071739/000107173921000217/index.json,NOT_CLASSIFIED
CF,0001324404,0001324404-21-000026,8-K,2021-10-13,2021-10-13T21:02:58.000Z,7.01,cf-20211012.htm,https://www.sec.gov/Archives/edgar/data/1324404/000132440421000026,https://www.sec.gov/Archives/edgar/data/1324404/000132440421000026/index.json,NOT_CLASSIFIED
DPZ,0001286681,0000950170-21-002119,8-K,2021-10-14,2021-10-14T11:31:03.000Z,2.02,dpz-20211014.htm,https://www.sec.gov/Archives/edgar/data/1286681/000095017021002119,https://www.sec.gov/Archives/edgar/data/1286681/000095017021002119/index.json,NOT_CLASSIFIED
PGR,0000080661,0000080661-21-000051,8-K,2021-10-14,2021-10-14T14:57:28.000Z,2.02,pgr-20211014.htm,https://www.sec.gov/Archives/edgar/data/80661/000008066121000051,https://www.sec.gov/Archives/edgar/data/80661/000008066121000051/index.json,NOT_CLASSIFIED
PNC,0000713676,0000713676-21-000112,8-K,2021-10-15,2021-10-15T15:16:59.000Z,2.02,pnc-20211015.htm,https://www.sec.gov/Archives/edgar/data/713676/000071367621000112,https://www.sec.gov/Archives/edgar/data/713676/000071367621000112/index.json,NOT_CLASSIFIED
AXP,0000004962,0000004962-21-000052,8-K,2021-10-15,2021-10-15T16:05:01.000Z,7.01,axp-20211015.htm,https://www.sec.gov/Archives/edgar/data/4962/000000496221000052,https://www.sec.gov/Archives/edgar/data/4962/000000496221000052/index.json,NOT_CLASSIFIED
UAL,0000100517,0000100517-21-000069,8-K,2021-10-19,2021-10-19T20:29:48.000Z,2.02,ual-20211019.htm,https://www.sec.gov/Archives/edgar/data/100517/000010051721000069,https://www.sec.gov/Archives/edgar/data/100517/000010051721000069/index.json,NOT_CLASSIFIED
LUV,0000092380,0000092380-21-000156,8-K,2021-10-21,2021-10-21T10:31:19.000Z,2.02,luv-20211021.htm,https://www.sec.gov/Archives/edgar/data/92380/000009238021000156,https://www.sec.gov/Archives/edgar/data/92380/000009238021000156/index.json,NOT_CLASSIFIED
ALL,0000899051,0000899051-21-000089,8-K,2021-10-21,2021-10-21T12:00:56.000Z,7.01,all-20211021.htm,https://www.sec.gov/Archives/edgar/data/899051/000089905121000089,https://www.sec.gov/Archives/edgar/data/899051/000089905121000089/index.json,NOT_CLASSIFIED
RF,0001281761,0001281761-21-000072,8-K,2021-10-22,2021-10-22T10:18:03.000Z,"2.02,7.01",rf-20211022.htm,https://www.sec.gov/Archives/edgar/data/1281761/000128176121000072,https://www.sec.gov/Archives/edgar/data/1281761/000128176121000072/index.json,NOT_CLASSIFIED
AXP,0000004962,0000004962-21-000058,8-K,2021-10-22,2021-10-22T11:04:08.000Z,"2.02,7.01",axp-20211022.htm,https://www.sec.gov/Archives/edgar/data/4962/000000496221000058,https://www.sec.gov/Archives/edgar/data/4962/000000496221000058/index.json,NOT_CLASSIFIED
IVZ,0000914208,0000914208-21-000511,8-K,2021-10-26,2021-10-26T11:51:37.000Z,2.02,ivz-20211026.htm,https://www.sec.gov/Archives/edgar/data/914208/000091420821000511,https://www.sec.gov/Archives/edgar/data/914208/000091420821000511/index.json,NOT_CLASSIFIED
COF,0000927628,0000927628-21-000296,8-K,2021-10-26,2021-10-26T20:06:08.000Z,2.02,cof-20211026.htm,https://www.sec.gov/Archives/edgar/data/927628/000092762821000296,https://www.sec.gov/Archives/edgar/data/927628/000092762821000296/index.json,NOT_CLASSIFIED
COF,0000927628,0000927628-21-000297,8-K,2021-10-26,2021-10-26T20:07:08.000Z,7.01,cof-20211026.htm,https://www.sec.gov/Archives/edgar/data/927628/000092762821000297,https://www.sec.gov/Archives/edgar/data/927628/000092762821000297/index.json,NOT_CLASSIFIED
PFG,0001126328,0001104659-21-129968,8-K,2021-10-26,2021-10-26T20:15:53.000Z,2.02,tm2131092d1_8k.htm,https://www.sec.gov/Archives/edgar/data/1126328/000110465921129968,https://www.sec.gov/Archives/edgar/data/1126328/000110465921129968/index.json,NOT_CLASSIFIED
DTE,0000936340,0000936340-21-000233,8-K,2021-10-27,2021-10-27T10:38:31.000Z,"2.02,7.01",dte-20211027.htm,https://www.sec.gov/Archives/edgar/data/936340/000093634021000233,https://www.sec.gov/Archives/edgar/data/936340/000093634021000233/index.json,NOT_CLASSIFIED
F,0000037996,0000037996-21-000085,8-K,2021-10-27,2021-10-27T20:14:13.000Z,2.02,f-20211027.htm,https://www.sec.gov/Archives/edgar/data/37996/000003799621000085,https://www.sec.gov/Archives/edgar/data/37996/000003799621000085/index.json,NOT_CLASSIFIED
MAA,0000912595,0000950170-21-002375,8-K,2021-10-27,2021-10-27T20:17:39.000Z,2.02,maa-20211027.htm,https://www.sec.gov/Archives/edgar/data/912595/000095017021002375,https://www.sec.gov/Archives/edgar/data/912595/000095017021002375/index.json,NOT_CLASSIFIED
FE,0001031296,0001031296-21-000090,8-K,2021-11-01,2021-11-01T21:26:44.000Z,7.01,fe-20211101.htm,https://www.sec.gov/Archives/edgar/data/1031296/000103129621000090,https://www.sec.gov/Archives/edgar/data/1031296/000103129621000090/index.json,NOT_CLASSIFIED
AXP,0000004962,0000004962-21-000064,8-K,2021-11-02,2021-11-02T13:17:19.000Z,7.01,axp-20211102.htm,https://www.sec.gov/Archives/edgar/data/4962/000000496221000064,https://www.sec.gov/Archives/edgar/data/4962/000000496221000064/index.json,NOT_CLASSIFIED
RF,0001281761,0001281761-21-000076,8-K,2021-11-02,2021-11-02T21:08:05.000Z,7.01,rf-20211102.htm,https://www.sec.gov/Archives/edgar/data/1281761/000128176121000076,https://www.sec.gov/Archives/edgar/data/1281761/000128176121000076/index.json,NOT_CLASSIFIED
EMR,0000032604,0000032604-21-000033,8-K,2021-11-03,2021-11-03T10:51:16.000Z,2.02,emr-20211103.htm,https://www.sec.gov/Archives/edgar/data/32604/000003260421000033,https://www.sec.gov/Archives/edgar/data/32604/000003260421000033/index.json,NOT_CLASSIFIED
DTE,0000936340,0000936340-21-000241,8-K,2021-11-03,2021-11-03T20:11:46.000Z,2.02,dte-20211103.htm,https://www.sec.gov/Archives/edgar/data/936340/000093634021000241,https://www.sec.gov/Archives/edgar/data/936340/000093634021000241/index.json,NOT_CLASSIFIED
EIX,0000827052,0001558370-21-014322,8-K,2021-11-03,2021-11-03T20:30:54.000Z,7.01,eix-20211103x8k.htm,https://www.sec.gov/Archives/edgar/data/827052/000155837021014322,https://www.sec.gov/Archives/edgar/data/827052/000155837021014322/index.json,NOT_CLASSIFIED
CNP,0001130310,0001130310-21-000052,8-K,2021-11-04,2021-11-04T10:31:05.000Z,"2.02,7.01",cnp-20211104.htm,https://www.sec.gov/Archives/edgar/data/1130310/000113031021000052,https://www.sec.gov/Archives/edgar/data/1130310/000113031021000052/index.json,NOT_CLASSIFIED
IBM,0000051143,0001558370-21-014643,8-K,2021-11-04,2021-11-04T20:50:11.000Z,7.01,ibm-20211103x8k.htm,https://www.sec.gov/Archives/edgar/data/51143/000155837021014643,https://www.sec.gov/Archives/edgar/data/51143/000155837021014643/index.json,NOT_CLASSIFIED
DTE,0000936340,0000936340-21-000243,8-K,2021-11-05,2021-11-05T20:11:41.000Z,7.01,dte-20211105.htm,https://www.sec.gov/Archives/edgar/data/936340/000093634021000243,https://www.sec.gov/Archives/edgar/data/936340/000093634021000243/index.json,NOT_CLASSIFIED
MAA,0000912595,0000950170-21-003475,8-K,2021-11-08,2021-11-08T21:20:04.000Z,7.01,maa-20211108.htm,https://www.sec.gov/Archives/edgar/data/912595/000095017021003475,https://www.sec.gov/Archives/edgar/data/912595/000095017021003475/index.json,NOT_CLASSIFIED
COHR,0000820318,0001193125-21-323826,8-K,2021-11-09,2021-11-09T13:01:13.000Z,"2.02,7.01",d244671d8k.htm,https://www.sec.gov/Archives/edgar/data/820318/000119312521323826,https://www.sec.gov/Archives/edgar/data/820318/000119312521323826/index.json,NOT_CLASSIFIED
AXP,0000004962,0000004962-21-000065,8-K,2021-11-15,2021-11-15T17:02:01.000Z,7.01,axp-20211115.htm,https://www.sec.gov/Archives/edgar/data/4962/000000496221000065,https://www.sec.gov/Archives/edgar/data/4962/000000496221000065/index.json,NOT_CLASSIFIED
EMR,0000032604,0001193125-21-329862,8-K,2021-11-15,2021-11-15T21:11:21.000Z,7.01,d261212d8k.htm,https://www.sec.gov/Archives/edgar/data/32604/000119312521329862,https://www.sec.gov/Archives/edgar/data/32604/000119312521329862/index.json,NOT_CLASSIFIED
TDG,0001260221,0001260221-21-000129,8-K,2021-11-16,2021-11-16T12:19:17.000Z,2.02,tdg-20211116.htm,https://www.sec.gov/Archives/edgar/data/1260221/000126022121000129,https://www.sec.gov/Archives/edgar/data/1260221/000126022121000129/index.json,NOT_CLASSIFIED
PGR,0000080661,0000080661-21-000055,8-K,2021-11-17,2021-11-17T15:49:00.000Z,7.01,pgr-20211117.htm,https://www.sec.gov/Archives/edgar/data/80661/000008066121000055,https://www.sec.gov/Archives/edgar/data/80661/000008066121000055/index.json,NOT_CLASSIFIED
DE,0000315189,0001558370-21-016197,8-K,2021-11-18,2021-11-18T19:47:30.000Z,7.01,de-20211117x8k.htm,https://www.sec.gov/Archives/edgar/data/315189/000155837021016197,https://www.sec.gov/Archives/edgar/data/315189/000155837021016197/index.json,NOT_CLASSIFIED
CINF,0000020286,0000020286-21-000074,8-K,2021-11-19,2021-11-19T19:30:58.000Z,7.01,cinf-20211119.htm,https://www.sec.gov/Archives/edgar/data/20286/000002028621000074,https://www.sec.gov/Archives/edgar/data/20286/000002028621000074/index.json,NOT_CLASSIFIED
F,0000037996,0001104659-21-141895,8-K,2021-11-19,2021-11-19T21:25:00.000Z,7.01,tm2133499d1_8k.htm,https://www.sec.gov/Archives/edgar/data/37996/000110465921141895,https://www.sec.gov/Archives/edgar/data/37996/000110465921141895/index.json,NOT_CLASSIFIED
DTE,0000936340,0000936340-21-000251,8-K,2021-11-29,2021-11-29T21:15:31.000Z,7.01,dte-20211129.htm,https://www.sec.gov/Archives/edgar/data/936340/000093634021000251,https://www.sec.gov/Archives/edgar/data/936340/000093634021000251/index.json,NOT_CLASSIFIED
IBM,0000051143,0001558370-21-016363,8-K,2021-11-29,2021-11-29T21:21:05.000Z,7.01,ibm-20211129x8k.htm,https://www.sec.gov/Archives/edgar/data/51143/000155837021016363,https://www.sec.gov/Archives/edgar/data/51143/000155837021016363/index.json,NOT_CLASSIFIED
HUM,0000049071,0000049071-21-000142,8-K,2021-12-01,2021-12-01T12:32:09.000Z,7.01,hum-20211201.htm,https://www.sec.gov/Archives/edgar/data/49071/000004907121000142,https://www.sec.gov/Archives/edgar/data/49071/000004907121000142/index.json,NOT_CLASSIFIED
COHR,0000820318,0001193125-21-346011,8-K,2021-12-02,2021-12-02T12:44:06.000Z,7.01,d230792d8k.htm,https://www.sec.gov/Archives/edgar/data/820318/000119312521346011,https://www.sec.gov/Archives/edgar/data/820318/000119312521346011/index.json,NOT_CLASSIFIED
WDC,0000106040,0001193125-21-348304,8-K,2021-12-06,2021-12-06T12:15:59.000Z,7.01,d215331d8k.htm,https://www.sec.gov/Archives/edgar/data/106040/000119312521348304,https://www.sec.gov/Archives/edgar/data/106040/000119312521348304/index.json,NOT_CLASSIFIED
COF,0000927628,0000927628-21-000325,8-K,2021-12-06,2021-12-06T21:06:21.000Z,7.01,cof-20211206.htm,https://www.sec.gov/Archives/edgar/data/927628/000092762821000325,https://www.sec.gov/Archives/edgar/data/927628/000092762821000325/index.json,NOT_CLASSIFIED
UAL,0000100517,0001193125-21-349134,8-K,2021-12-06,2021-12-06T22:14:35.000Z,7.01,d254944d8k.htm,https://www.sec.gov/Archives/edgar/data/100517/000119312521349134,https://www.sec.gov/Archives/edgar/data/100517/000119312521349134/index.json,NOT_CLASSIFIED
USB,0000036104,0001193125-21-350933,8-K,2021-12-08,2021-12-08T13:46:05.000Z,7.01,d265086d8k.htm,https://www.sec.gov/Archives/edgar/data/36104/000119312521350933,https://www.sec.gov/Archives/edgar/data/36104/000119312521350933/index.json,NOT_CLASSIFIED
PNC,0000713676,0000713676-21-000128,8-K,2021-12-08,2021-12-08T14:06:39.000Z,7.01,pnc-20211207.htm,https://www.sec.gov/Archives/edgar/data/713676/000071367621000128,https://www.sec.gov/Archives/edgar/data/713676/000071367621000128/index.json,NOT_CLASSIFIED
IVZ,0000914208,0000914208-21-000589,8-K,2021-12-10,2021-12-10T12:22:40.000Z,7.01,ivz-20211209.htm,https://www.sec.gov/Archives/edgar/data/914208/000091420821000589,https://www.sec.gov/Archives/edgar/data/914208/000091420821000589/index.json,NOT_CLASSIFIED
CNC,0001071739,0001071739-21-000247,8-K,2021-12-10,2021-12-10T12:33:29.000Z,7.01,cnc-20211210.htm,https://www.sec.gov/Archives/edgar/data/1071739/000107173921000247,https://www.sec.gov/Archives/edgar/data/1071739/000107173921000247/index.json,NOT_CLASSIFIED
AXP,0000004962,0000004962-21-000078,8-K,2021-12-15,2021-12-15T17:00:55.000Z,7.01,axp-20211215.htm,https://www.sec.gov/Archives/edgar/data/4962/000000496221000078,https://www.sec.gov/Archives/edgar/data/4962/000000496221000078/index.json,NOT_CLASSIFIED
DLR,0001297996,0001193125-22-001834,8-K,2022-01-04,2022-01-04T22:09:06.000Z,7.01,d143738d8k.htm,https://www.sec.gov/Archives/edgar/data/1297996/000119312522001834,https://www.sec.gov/Archives/edgar/data/1297996/000119312522001834/index.json,NOT_CLASSIFIED
DTE,0000936340,0000936340-22-000022,8-K,2022-01-07,2022-01-07T21:16:00.000Z,7.01,dte-20220107.htm,https://www.sec.gov/Archives/edgar/data/936340/000093634022000022,https://www.sec.gov/Archives/edgar/data/936340/000093634022000022/index.json,NOT_CLASSIFIED
CNC,0001071739,0001071739-22-000017,8-K,2022-01-11,2022-01-11T22:25:45.000Z,7.01,cnc-20220111.htm,https://www.sec.gov/Archives/edgar/data/1071739/000107173922000017,https://www.sec.gov/Archives/edgar/data/1071739/000107173922000017/index.json,NOT_CLASSIFIED
IVZ,0000914208,0000914208-22-000024,8-K,2022-01-12,2022-01-12T12:33:01.000Z,7.01,ivz-20220111.htm,https://www.sec.gov/Archives/edgar/data/914208/000091420822000024,https://www.sec.gov/Archives/edgar/data/914208/000091420822000024/index.json,NOT_CLASSIFIED
PNC,0000713676,0000713676-22-000007,8-K,2022-01-18,2022-01-18T16:22:28.000Z,2.02,pnc-20220118.htm,https://www.sec.gov/Archives/edgar/data/713676/000071367622000007,https://www.sec.gov/Archives/edgar/data/713676/000071367622000007/index.json,NOT_CLASSIFIED
RF,0001281761,0001281761-22-000003,8-K,2022-01-20,2022-01-20T11:05:44.000Z,"2.02,7.01",rf-20220120.htm,https://www.sec.gov/Archives/edgar/data/1281761/000128176122000003,https://www.sec.gov/Archives/edgar/data/1281761/000128176122000003/index.json,NOT_CLASSIFIED
COF,0000927628,0000927628-22-000009,8-K,2022-01-25,2022-01-25T21:05:50.000Z,2.02,cof-20220125.htm,https://www.sec.gov/Archives/edgar/data/927628/000092762822000009,https://www.sec.gov/Archives/edgar/data/927628/000092762822000009/index.json,NOT_CLASSIFIED
COF,0000927628,0000927628-22-000010,8-K,2022-01-25,2022-01-25T21:07:05.000Z,7.01,cof-20220125.htm,https://www.sec.gov/Archives/edgar/data/927628/000092762822000010,https://www.sec.gov/Archives/edgar/data/927628/000092762822000010/index.json,NOT_CLASSIFIED
PGR,0000080661,0000080661-22-000042,8-K,2022-01-26,2022-01-26T14:04:28.000Z,2.02,pgr-20220126.htm,https://www.sec.gov/Archives/edgar/data/80661/000008066122000042,https://www.sec.gov/Archives/edgar/data/80661/000008066122000042/index.json,NOT_CLASSIFIED
FE,0001031296,0001031296-22-000002,8-K,2022-01-27,2022-01-27T21:21:49.000Z,7.01,fe-20220127.htm,https://www.sec.gov/Archives/edgar/data/1031296/000103129622000002,https://www.sec.gov/Archives/edgar/data/1031296/000103129622000002/index.json,NOT_CLASSIFIED
ALL,0000899051,0000899051-22-000009,8-K,2022-02-02,2022-02-02T21:16:48.000Z,2.02,all-20220202.htm,https://www.sec.gov/Archives/edgar/data/899051/000089905122000009,https://www.sec.gov/Archives/edgar/data/899051/000089905122000009/index.json,NOT_CLASSIFIED
DE,0000315189,0001558370-22-000928,8-K,2022-02-09,2022-02-09T14:00:45.000Z,7.01,de-20220209x8k.htm,https://www.sec.gov/Archives/edgar/data/315189/000155837022000928,https://www.sec.gov/Archives/edgar/data/315189/000155837022000928/index.json,NOT_CLASSIFIED
RF,0001281761,0001281761-22-000008,8-K,2022-02-14,2022-02-14T22:17:41.000Z,7.01,rf-20220214.htm,https://www.sec.gov/Archives/edgar/data/1281761/000128176122000008,https://www.sec.gov/Archives/edgar/data/1281761/000128176122000008/index.json,NOT_CLASSIFIED
COF,0000927628,0000927628-22-000070,8-K,2022-02-15,2022-02-14T22:49:28.000Z,7.01,cof-20220215.htm,https://www.sec.gov/Archives/edgar/data/927628/000092762822000070,https://www.sec.gov/Archives/edgar/data/927628/000092762822000070/index.json,NOT_CLASSIFIED
AXP,0000004962,0000004962-22-000010,8-K,2022-02-15,2022-02-15T17:02:20.000Z,7.01,axp-20220215.htm,https://www.sec.gov/Archives/edgar/data/4962/000000496222000010,https://www.sec.gov/Archives/edgar/data/4962/000000496222000010/index.json,NOT_CLASSIFIED
CINF,0000020286,0000020286-22-000008,8-K,2022-02-15,2022-02-15T21:08:05.000Z,2.02,cinf-20220215.htm,https://www.sec.gov/Archives/edgar/data/20286/000002028622000008,https://www.sec.gov/Archives/edgar/data/20286/000002028622000008/index.json,NOT_CLASSIFIED
CF,0001324404,0001104659-22-024015,8-K,2022-02-16,2022-02-16T02:41:28.000Z,2.02,tm226429d1_8k.htm,https://www.sec.gov/Archives/edgar/data/1324404/000110465922024015,https://www.sec.gov/Archives/edgar/data/1324404/000110465922024015/index.json,NOT_CLASSIFIED
COF,0000927628,0000927628-22-000072,8-K,2022-02-16,2022-02-16T21:21:27.000Z,7.01,cof-20220216.htm,https://www.sec.gov/Archives/edgar/data/927628/000092762822000072,https://www.sec.gov/Archives/edgar/data/927628/000092762822000072/index.json,NOT_CLASSIFIED
ALL,0000899051,0000899051-22-000012,8-K,2022-02-17,2022-02-17T13:00:32.000Z,7.01,all-20220217.htm,https://www.sec.gov/Archives/edgar/data/899051/000089905122000012,https://www.sec.gov/Archives/edgar/data/899051/000089905122000012/index.json,NOT_CLASSIFIED
DE,0000315189,0001558370-22-001380,8-K,2022-02-18,2022-02-18T11:01:29.000Z,"2.02,7.01",de-20220218x8k.htm,https://www.sec.gov/Archives/edgar/data/315189/000155837022001380,https://www.sec.gov/Archives/edgar/data/315189/000155837022001380/index.json,NOT_CLASSIFIED
HUM,0000049071,0000895345-22-000208,8-K,2022-02-22,2022-02-22T13:53:35.000Z,7.01,ff815015_8k-humana.htm,https://www.sec.gov/Archives/edgar/data/49071/000089534522000208,https://www.sec.gov/Archives/edgar/data/49071/000089534522000208/index.json,NOT_CLASSIFIED
CNC,0001071739,0001071739-22-000077,8-K,2022-02-24,2022-02-24T21:33:33.000Z,7.01,cnc-20220223.htm,https://www.sec.gov/Archives/edgar/data/1071739/000107173922000077,https://www.sec.gov/Archives/edgar/data/1071739/000107173922000077/index.json,NOT_CLASSIFIED
UDR,0000074208,0000074208-22-000014,8-K,2022-03-03,2022-03-03T21:31:21.000Z,7.01,udr-20220303x8k.htm,https://www.sec.gov/Archives/edgar/data/74208/000007420822000014,https://www.sec.gov/Archives/edgar/data/74208/000007420822000014/index.json,NOT_CLASSIFIED
PPL,0000922224,0000922224-22-000012,8-K,2022-03-03,2022-03-03T22:27:29.000Z,7.01,ppl-20220303.htm,https://www.sec.gov/Archives/edgar/data/922224/000092222422000012,https://www.sec.gov/Archives/edgar/data/922224/000092222422000012/index.json,NOT_CLASSIFIED
DPZ,0001286681,0001193125-22-065165,8-K,2022-03-04,2022-03-04T13:32:35.000Z,7.01,d312023d8k.htm,https://www.sec.gov/Archives/edgar/data/1286681/000119312522065165,https://www.sec.gov/Archives/edgar/data/1286681/000119312522065165/index.json,NOT_CLASSIFIED
DTE,0000936340,0000936340-22-000093,8-K,2022-03-04,2022-03-04T21:11:18.000Z,2.02,dte-20220304.htm,https://www.sec.gov/Archives/edgar/data/936340/000093634022000093,https://www.sec.gov/Archives/edgar/data/936340/000093634022000093/index.json,NOT_CLASSIFIED
MAA,0000912595,0000950170-22-002907,8-K,2022-03-04,2022-03-04T21:15:54.000Z,7.01,maa-20220304.htm,https://www.sec.gov/Archives/edgar/data/912595/000095017022002907,https://www.sec.gov/Archives/edgar/data/912595/000095017022002907/index.json,NOT_CLASSIFIED
CINF,0000020286,0000020286-22-000014,8-K,2022-03-07,2022-03-07T13:35:02.000Z,7.01,cinf-20220307.htm,https://www.sec.gov/Archives/edgar/data/20286/000002028622000014,https://www.sec.gov/Archives/edgar/data/20286/000002028622000014/index.json,NOT_CLASSIFIED
IVZ,0000914208,0000914208-22-000322,8-K,2022-03-10,2022-03-10T12:34:04.000Z,7.01,ivz-20220309.htm,https://www.sec.gov/Archives/edgar/data/914208/000091420822000322,https://www.sec.gov/Archives/edgar/data/914208/000091420822000322/index.json,NOT_CLASSIFIED
TDG,0001260221,0001260221-22-000018,8-K,2022-03-14,2022-03-14T12:34:44.000Z,7.01,tdg-20220314.htm,https://www.sec.gov/Archives/edgar/data/1260221/000126022122000018,https://www.sec.gov/Archives/edgar/data/1260221/000126022122000018/index.json,NOT_CLASSIFIED
AXP,0000004962,0000004962-22-000018,8-K,2022-03-15,2022-03-15T16:01:26.000Z,7.01,axp-20220315.htm,https://www.sec.gov/Archives/edgar/data/4962/000000496222000018,https://www.sec.gov/Archives/edgar/data/4962/000000496222000018/index.json,NOT_CLASSIFIED
CNP,0001130310,0001130310-22-000052,8-K,2022-03-16,2022-03-16T20:59:38.000Z,7.01,cnp-20220316.htm,https://www.sec.gov/Archives/edgar/data/1130310/000113031022000052,https://www.sec.gov/Archives/edgar/data/1130310/000113031022000052/index.json,NOT_CLASSIFIED
ALL,0000899051,0000899051-22-000019,8-K,2022-03-17,2022-03-17T11:51:16.000Z,7.01,all-20220317.htm,https://www.sec.gov/Archives/edgar/data/899051/000089905122000019,https://www.sec.gov/Archives/edgar/data/899051/000089905122000019/index.json,NOT_CLASSIFIED
DTE,0000936340,0000936340-22-000110,8-K,2022-03-22,2022-03-22T20:12:26.000Z,7.01,dte-20220322.htm,https://www.sec.gov/Archives/edgar/data/936340/000093634022000110,https://www.sec.gov/Archives/edgar/data/936340/000093634022000110/index.json,NOT_CLASSIFIED
CNC,0001071739,0001140361-22-010555,8-K,2022-03-22,2022-03-22T21:00:08.000Z,7.01,brhc10035561_8k.htm,https://www.sec.gov/Archives/edgar/data/1071739/000114036122010555,https://www.sec.gov/Archives/edgar/data/1071739/000114036122010555/index.json,NOT_CLASSIFIED
PPL,0000922224,0000922224-22-000018,8-K,2022-04-11,2022-04-11T21:25:54.000Z,7.01,ppl-20220411.htm,https://www.sec.gov/Archives/edgar/data/922224/000092222422000018,https://www.sec.gov/Archives/edgar/data/922224/000092222422000018/index.json,NOT_CLASSIFIED
STT,0000093751,0000093751-22-000496,8-K,2022-04-14,2022-04-14T11:27:52.000Z,"2.02,7.01",stt-20220414.htm,https://www.sec.gov/Archives/edgar/data/93751/000009375122000496,https://www.sec.gov/Archives/edgar/data/93751/000009375122000496/index.json,NOT_CLASSIFIED
IBM,0000051143,0001558370-22-005584,8-K,2022-04-19,2022-04-19T20:13:16.000Z,"2.02,7.01",ibm-20220419x8k.htm,https://www.sec.gov/Archives/edgar/data/51143/000155837022005584,https://www.sec.gov/Archives/edgar/data/51143/000155837022005584/index.json,NOT_CLASSIFIED
ALL,0000899051,0000899051-22-000024,8-K,2022-04-21,2022-04-21T20:05:36.000Z,2.02,all-20220421.htm,https://www.sec.gov/Archives/edgar/data/899051/000089905122000024,https://www.sec.gov/Archives/edgar/data/899051/000089905122000024/index.json,NOT_CLASSIFIED
COF,0000927628,0000927628-22-000152,8-K,2022-04-26,2022-04-26T20:06:31.000Z,2.02,cof-20220426.htm,https://www.sec.gov/Archives/edgar/data/927628/000092762822000152,https://www.sec.gov/Archives/edgar/data/927628/000092762822000152/index.json,NOT_CLASSIFIED
COF,0000927628,0000927628-22-000153,8-K,2022-04-26,2022-04-26T20:07:42.000Z,7.01,cof-20220426.htm,https://www.sec.gov/Archives/edgar/data/927628/000092762822000153,https://www.sec.gov/Archives/edgar/data/927628/000092762822000153/index.json,NOT_CLASSIFIED
HUM,0000049071,0000049071-22-000029,8-K,2022-04-27,2022-04-27T11:20:01.000Z,"2.02,7.01",hum-20220427.htm,https://www.sec.gov/Archives/edgar/data/49071/000004907122000029,https://www.sec.gov/Archives/edgar/data/49071/000004907122000029/index.json,NOT_CLASSIFIED
F,0000037996,0000037996-22-000023,8-K,2022-04-27,2022-04-27T20:09:02.000Z,"2.02,7.01",f-20220427.htm,https://www.sec.gov/Archives/edgar/data/37996/000003799622000023,https://www.sec.gov/Archives/edgar/data/37996/000003799622000023/index.json,NOT_CLASSIFIED
LUV,0000092380,0000092380-22-000016,8-K,2022-04-28,2022-04-28T10:31:24.000Z,2.02,luv-20220428.htm,https://www.sec.gov/Archives/edgar/data/92380/000009238022000016,https://www.sec.gov/Archives/edgar/data/92380/000009238022000016/index.json,NOT_CLASSIFIED
DTE,0000936340,0000936340-22-000122,8-K,2022-04-28,2022-04-28T10:42:23.000Z,"2.02,7.01",dte-20220428.htm,https://www.sec.gov/Archives/edgar/data/936340/000093634022000122,https://www.sec.gov/Archives/edgar/data/936340/000093634022000122/index.json,NOT_CLASSIFIED
CINF,0000020286,0000020286-22-000029,8-K,2022-04-28,2022-04-28T20:08:40.000Z,2.02,cinf-20220428.htm,https://www.sec.gov/Archives/edgar/data/20286/000002028622000029,https://www.sec.gov/Archives/edgar/data/20286/000002028622000029/index.json,NOT_CLASSIFIED
WDC,0000106040,0000106040-22-000030,8-K,2022-04-28,2022-04-28T20:13:26.000Z,2.02,wdc-20220428.htm,https://www.sec.gov/Archives/edgar/data/106040/000010604022000030,https://www.sec.gov/Archives/edgar/data/106040/000010604022000030/index.json,NOT_CLASSIFIED
PFG,0001126328,0001104659-22-052272,8-K,2022-04-28,2022-04-28T20:18:42.000Z,2.02,tm2213912d1_8k.htm,https://www.sec.gov/Archives/edgar/data/1126328/000110465922052272,https://www.sec.gov/Archives/edgar/data/1126328/000110465922052272/index.json,NOT_CLASSIFIED
EMR,0000032604,0000032604-22-000025,8-K,2022-05-04,2022-05-04T10:55:36.000Z,2.02,emr-20220504.htm,https://www.sec.gov/Archives/edgar/data/32604/000003260422000025,https://www.sec.gov/Archives/edgar/data/32604/000003260422000025/index.json,NOT_CLASSIFIED
ALL,0000899051,0000899051-22-000029,8-K,2022-05-04,2022-05-04T20:18:48.000Z,2.02,all-20220504.htm,https://www.sec.gov/Archives/edgar/data/899051/000089905122000029,https://www.sec.gov/Archives/edgar/data/899051/000089905122000029/index.json,NOT_CLASSIFIED
DTE,0000936340,0000936340-22-000126,8-K,2022-05-05,2022-05-05T20:15:16.000Z,2.02,dte-20220505.htm,https://www.sec.gov/Archives/edgar/data/936340/000093634022000126,https://www.sec.gov/Archives/edgar/data/936340/000093634022000126/index.json,NOT_CLASSIFIED
COF,0000927628,0000927628-22-000193,8-K,2022-05-09,2022-05-09T21:17:00.000Z,7.01,cof-20220509.htm,https://www.sec.gov/Archives/edgar/data/927628/000092762822000193,https://www.sec.gov/Archives/edgar/data/927628/000092762822000193/index.json,NOT_CLASSIFIED
TDG,0001260221,0001260221-22-000022,8-K,2022-05-10,2022-05-10T11:17:26.000Z,2.02,tdg-20220510.htm,https://www.sec.gov/Archives/edgar/data/1260221/000126022122000022,https://www.sec.gov/Archives/edgar/data/1260221/000126022122000022/index.json,NOT_CLASSIFIED
MDLZ,0001103982,0001193125-22-145802,8-K,2022-05-10,2022-05-10T13:03:21.000Z,7.01,d316898d8k.htm,https://www.sec.gov/Archives/edgar/data/1103982/000119312522145802,https://www.sec.gov/Archives/edgar/data/1103982/000119312522145802/index.json,NOT_CLASSIFIED
IVZ,0000914208,0000914208-22-000364,8-K,2022-05-11,2022-05-11T11:39:47.000Z,7.01,ivz-20220510.htm,https://www.sec.gov/Archives/edgar/data/914208/000091420822000364,https://www.sec.gov/Archives/edgar/data/914208/000091420822000364/index.json,NOT_CLASSIFIED
FE,0001031296,0001031296-22-000023,8-K,2022-05-16,2022-05-16T11:35:29.000Z,7.01,fe-20220516.htm,https://www.sec.gov/Archives/edgar/data/1031296/000103129622000023,https://www.sec.gov/Archives/edgar/data/1031296/000103129622000023/index.json,NOT_CLASSIFIED
AXP,0000004962,0000004962-22-000032,8-K,2022-05-16,2022-05-16T16:00:46.000Z,7.01,axp-20220516.htm,https://www.sec.gov/Archives/edgar/data/4962/000000496222000032,https://www.sec.gov/Archives/edgar/data/4962/000000496222000032/index.json,NOT_CLASSIFIED
UAL,0000100517,0000100517-22-000028,8-K,2022-05-16,2022-05-16T20:05:17.000Z,7.01,ual-20220516.htm,https://www.sec.gov/Archives/edgar/data/100517/000010051722000028,https://www.sec.gov/Archives/edgar/data/100517/000010051722000028/index.json,NOT_CLASSIFIED
DE,0000315189,0001558370-22-009076,8-K,2022-05-17,2022-05-17T13:00:43.000Z,7.01,de-20220517x8k.htm,https://www.sec.gov/Archives/edgar/data/315189/000155837022009076,https://www.sec.gov/Archives/edgar/data/315189/000155837022009076/index.json,NOT_CLASSIFIED
FE,0001031296,0001031296-22-000026,8-K,2022-05-17,2022-05-17T20:32:59.000Z,7.01,fe-20220517.htm,https://www.sec.gov/Archives/edgar/data/1031296/000103129622000026,https://www.sec.gov/Archives/edgar/data/1031296/000103129622000026/index.json,NOT_CLASSIFIED
ALL,0000899051,0000899051-22-000033,8-K,2022-05-19,2022-05-19T12:00:51.000Z,7.01,all-20220519.htm,https://www.sec.gov/Archives/edgar/data/899051/000089905122000033,https://www.sec.gov/Archives/edgar/data/899051/000089905122000033/index.json,NOT_CLASSIFIED
NI,0001111711,0001193125-22-159458,8-K,2022-05-25,2022-05-25T18:04:43.000Z,7.01,d269017d8k.htm,https://www.sec.gov/Archives/edgar/data/1111711/000119312522159458,https://www.sec.gov/Archives/edgar/data/1111711/000119312522159458/index.json,NOT_CLASSIFIED
ODFL,0000878927,0000950170-22-011183,8-K,2022-06-06,2022-06-06T12:17:59.000Z,7.01,odfl-20220606.htm,https://www.sec.gov/Archives/edgar/data/878927/000095017022011183,https://www.sec.gov/Archives/edgar/data/878927/000095017022011183/index.json,NOT_CLASSIFIED
WDC,0000106040,0001193125-22-169552,8-K,2022-06-08,2022-06-08T01:41:03.000Z,7.01,d314047d8k.htm,https://www.sec.gov/Archives/edgar/data/106040/000119312522169552,https://www.sec.gov/Archives/edgar/data/106040/000119312522169552/index.json,NOT_CLASSIFIED
FE,0001031296,0001031296-22-000041,8-K,2022-06-09,2022-06-09T11:46:25.000Z,7.01,fe-20220609.htm,https://www.sec.gov/Archives/edgar/data/1031296/000103129622000041,https://www.sec.gov/Archives/edgar/data/1031296/000103129622000041/index.json,NOT_CLASSIFIED
DTE,0000936340,0000936340-22-000158,8-K,2022-06-09,2022-06-09T20:11:52.000Z,7.01,dte-20220609.htm,https://www.sec.gov/Archives/edgar/data/936340/000093634022000158,https://www.sec.gov/Archives/edgar/data/936340/000093634022000158/index.json,NOT_CLASSIFIED
COF,0000927628,0000927628-22-000211,8-K,2022-06-13,2022-06-13T20:08:59.000Z,7.01,cof-20220613.htm,https://www.sec.gov/Archives/edgar/data/927628/000092762822000211,https://www.sec.gov/Archives/edgar/data/927628/000092762822000211/index.json,NOT_CLASSIFIED
COF,0000927628,0000927628-22-000214,8-K,2022-06-15,2022-06-14T21:34:42.000Z,7.01,cof-20220614.htm,https://www.sec.gov/Archives/edgar/data/927628/000092762822000214,https://www.sec.gov/Archives/edgar/data/927628/000092762822000214/index.json,NOT_CLASSIFIED
AXP,0000004962,0000004962-22-000034,8-K,2022-06-15,2022-06-15T12:16:17.000Z,7.01,axp-20220615.htm,https://www.sec.gov/Archives/edgar/data/4962/000000496222000034,https://www.sec.gov/Archives/edgar/data/4962/000000496222000034/index.json,NOT_CLASSIFIED
ALL,0000899051,0000899051-22-000040,8-K,2022-06-16,2022-06-16T11:30:19.000Z,7.01,all-20220616.htm,https://www.sec.gov/Archives/edgar/data/899051/000089905122000040,https://www.sec.gov/Archives/edgar/data/899051/000089905122000040/index.json,NOT_CLASSIFIED
CINF,0000020286,0000020286-22-000042,8-K,2022-06-21,2022-06-21T13:02:35.000Z,7.01,cinf-20220620.htm,https://www.sec.gov/Archives/edgar/data/20286/000002028622000042,https://www.sec.gov/Archives/edgar/data/20286/000002028622000042/index.json,NOT_CLASSIFIED
IVZ,0000914208,0000914208-22-000424,8-K,2022-07-13,2022-07-13T11:39:05.000Z,7.01,ivz-20220712.htm,https://www.sec.gov/Archives/edgar/data/914208/000091420822000424,https://www.sec.gov/Archives/edgar/data/914208/000091420822000424/index.json,NOT_CLASSIFIED
PNC,0000713676,0000713676-22-000068,8-K,2022-07-15,2022-07-15T15:04:42.000Z,2.02,pnc-20220715.htm,https://www.sec.gov/Archives/edgar/data/713676/000071367622000068,https://www.sec.gov/Archives/edgar/data/713676/000071367622000068/index.json,NOT_CLASSIFIED
AXP,0000004962,0000004962-22-000036,8-K,2022-07-15,2022-07-15T16:00:37.000Z,7.01,axp-20220715.htm,https://www.sec.gov/Archives/edgar/data/4962/000000496222000036,https://www.sec.gov/Archives/edgar/data/4962/000000496222000036/index.json,NOT_CLASSIFIED
IBM,0000051143,0001558370-22-010793,8-K,2022-07-18,2022-07-18T20:15:37.000Z,"2.02,7.01",ibm-20220718x8k.htm,https://www.sec.gov/Archives/edgar/data/51143/000155837022010793,https://www.sec.gov/Archives/edgar/data/51143/000155837022010793/index.json,NOT_CLASSIFIED
ALL,0000899051,0000899051-22-000045,8-K,2022-07-20,2022-07-20T21:10:56.000Z,2.02,all-20220720.htm,https://www.sec.gov/Archives/edgar/data/899051/000089905122000045,https://www.sec.gov/Archives/edgar/data/899051/000089905122000045/index.json,NOT_CLASSIFIED
COF,0000927628,0000927628-22-000236,8-K,2022-07-21,2022-07-21T20:06:02.000Z,2.02,cof-20220721.htm,https://www.sec.gov/Archives/edgar/data/927628/000092762822000236,https://www.sec.gov/Archives/edgar/data/927628/000092762822000236/index.json,NOT_CLASSIFIED
RF,0001281761,0001281761-22-000040,8-K,2022-07-22,2022-07-22T10:05:14.000Z,"2.02,7.01",rf-20220722.htm,https://www.sec.gov/Archives/edgar/data/1281761/000128176122000040,https://www.sec.gov/Archives/edgar/data/1281761/000128176122000040/index.json,NOT_CLASSIFIED
AXP,0000004962,0000004962-22-000039,8-K,2022-07-22,2022-07-22T11:02:51.000Z,"2.02,7.01",axp-20220722.htm,https://www.sec.gov/Archives/edgar/data/4962/000000496222000039,https://www.sec.gov/Archives/edgar/data/4962/000000496222000039/index.json,NOT_CLASSIFIED
CNC,0001071739,0001071739-22-000287,8-K,2022-07-26,2022-07-26T01:25:53.000Z,2.02,cnc-20220726.htm,https://www.sec.gov/Archives/edgar/data/1071739/000107173922000287,https://www.sec.gov/Archives/edgar/data/1071739/000107173922000287/index.json,NOT_CLASSIFIED
FE,0001031296,0001031296-22-000052,8-K,2022-07-26,2022-07-26T20:22:25.000Z,2.02,fe-20220726.htm,https://www.sec.gov/Archives/edgar/data/1031296/000103129622000052,https://www.sec.gov/Archives/edgar/data/1031296/000103129622000052/index.json,NOT_CLASSIFIED
UDR,0000074208,0000074208-22-000049,8-K,2022-07-26,2022-07-26T20:22:35.000Z,2.02,udr-20220726x8k.htm,https://www.sec.gov/Archives/edgar/data/74208/000007420822000049,https://www.sec.gov/Archives/edgar/data/74208/000007420822000049/index.json,NOT_CLASSIFIED
WST,0000105770,0000105770-22-000038,8-K,2022-07-27,2022-07-27T11:37:28.000Z,7.01,wst-20220726.htm,https://www.sec.gov/Archives/edgar/data/105770/000010577022000038,https://www.sec.gov/Archives/edgar/data/105770/000010577022000038/index.json,NOT_CLASSIFIED
ODFL,0000878927,0000950170-22-013155,8-K,2022-07-27,2022-07-27T12:22:51.000Z,2.02,odfl-20220727.htm,https://www.sec.gov/Archives/edgar/data/878927/000095017022013155,https://www.sec.gov/Archives/edgar/data/878927/000095017022013155/index.json,NOT_CLASSIFIED
CINF,0000020286,0000020286-22-000047,8-K,2022-07-27,2022-07-27T20:08:40.000Z,2.02,cinf-20220727.htm,https://www.sec.gov/Archives/edgar/data/20286/000002028622000047,https://www.sec.gov/Archives/edgar/data/20286/000002028622000047/index.json,NOT_CLASSIFIED
MAA,0000912595,0000950170-22-013215,8-K,2022-07-27,2022-07-27T20:15:54.000Z,"2.02,7.01",maa-20220725.htm,https://www.sec.gov/Archives/edgar/data/912595/000095017022013215,https://www.sec.gov/Archives/edgar/data/912595/000095017022013215/index.json,NOT_CLASSIFIED
DTE,0000936340,0000936340-22-000175,8-K,2022-07-28,2022-07-28T10:43:16.000Z,"2.02,7.01",dte-20220728.htm,https://www.sec.gov/Archives/edgar/data/936340/000093634022000175,https://www.sec.gov/Archives/edgar/data/936340/000093634022000175/index.json,NOT_CLASSIFIED
CF,0001324404,0001324404-22-000020,8-K,2022-08-01,2022-08-01T20:37:45.000Z,2.02,cf-20220801.htm,https://www.sec.gov/Archives/edgar/data/1324404/000132440422000020,https://www.sec.gov/Archives/edgar/data/1324404/000132440422000020/index.json,NOT_CLASSIFIED
DTE,0000936340,0000936340-22-000183,8-K,2022-08-04,2022-08-04T20:15:05.000Z,2.02,dte-20220804.htm,https://www.sec.gov/Archives/edgar/data/936340/000093634022000183,https://www.sec.gov/Archives/edgar/data/936340/000093634022000183/index.json,NOT_CLASSIFIED
DTE,0000936340,0000936340-22-000185,8-K,2022-08-05,2022-08-05T20:13:46.000Z,7.01,dte-20220805.htm,https://www.sec.gov/Archives/edgar/data/936340/000093634022000185,https://www.sec.gov/Archives/edgar/data/936340/000093634022000185/index.json,NOT_CLASSIFIED
MET,0001099219,0001099219-22-000118,8-K,2022-08-08,2022-08-08T20:32:20.000Z,2.02,met-20220808.htm,https://www.sec.gov/Archives/edgar/data/1099219/000109921922000118,https://www.sec.gov/Archives/edgar/data/1099219/000109921922000118/index.json,NOT_CLASSIFIED
IVZ,0000914208,0000914208-22-000448,8-K,2022-08-10,2022-08-10T11:45:49.000Z,7.01,ivz-20220809.htm,https://www.sec.gov/Archives/edgar/data/914208/000091420822000448,https://www.sec.gov/Archives/edgar/data/914208/000091420822000448/index.json,NOT_CLASSIFIED
RF,0001281761,0001281761-22-000048,8-K,2022-08-10,2022-08-10T20:31:42.000Z,7.01,rf-20220810.htm,https://www.sec.gov/Archives/edgar/data/1281761/000128176122000048,https://www.sec.gov/Archives/edgar/data/1281761/000128176122000048/index.json,NOT_CLASSIFIED
MMM,0000066740,0001140361-22-029458,8-K,2022-08-12,2022-08-12T20:56:31.000Z,7.01,ny20004937x9_8k.htm,https://www.sec.gov/Archives/edgar/data/66740/000114036122029458,https://www.sec.gov/Archives/edgar/data/66740/000114036122029458/index.json,NOT_CLASSIFIED
COF,0000927628,0000927628-22-000266,8-K,2022-08-15,2022-08-12T21:33:36.000Z,7.01,cof-20220812.htm,https://www.sec.gov/Archives/edgar/data/927628/000092762822000266,https://www.sec.gov/Archives/edgar/data/927628/000092762822000266/index.json,NOT_CLASSIFIED
PGR,0000080661,0000080661-22-000073,8-K,2022-08-17,2022-08-17T13:46:49.000Z,7.01,pgr-20220817.htm,https://www.sec.gov/Archives/edgar/data/80661/000008066122000073,https://www.sec.gov/Archives/edgar/data/80661/000008066122000073/index.json,NOT_CLASSIFIED
DTE,0000936340,0000936340-22-000190,8-K,2022-08-29,2022-08-29T20:12:12.000Z,7.01,dte-20220829.htm,https://www.sec.gov/Archives/edgar/data/936340/000093634022000190,https://www.sec.gov/Archives/edgar/data/936340/000093634022000190/index.json,NOT_CLASSIFIED
ALL,0000899051,0000899051-22-000064,8-K,2022-09-01,2022-09-01T11:32:21.000Z,7.01,all-20220901.htm,https://www.sec.gov/Archives/edgar/data/899051/000089905122000064,https://www.sec.gov/Archives/edgar/data/899051/000089905122000064/index.json,NOT_CLASSIFIED
CNP,0001130310,0001193125-22-238926,8-K,2022-09-06,2022-09-06T20:41:06.000Z,7.01,d346723d8k.htm,https://www.sec.gov/Archives/edgar/data/1130310/000119312522238926,https://www.sec.gov/Archives/edgar/data/1130310/000119312522238926/index.json,NOT_CLASSIFIED
UAL,0000100517,0000100517-22-000051,8-K,2022-09-07,2022-09-07T10:00:44.000Z,7.01,ual-20220907.htm,https://www.sec.gov/Archives/edgar/data/100517/000010051722000051,https://www.sec.gov/Archives/edgar/data/100517/000010051722000051/index.json,NOT_CLASSIFIED
COF,0000927628,0000927628-22-000270,8-K,2022-09-12,2022-09-12T20:31:04.000Z,7.01,cof-20220912.htm,https://www.sec.gov/Archives/edgar/data/927628/000092762822000270,https://www.sec.gov/Archives/edgar/data/927628/000092762822000270/index.json,NOT_CLASSIFIED
IVZ,0000914208,0000914208-22-000488,8-K,2022-09-13,2022-09-13T11:43:24.000Z,7.01,ivz-20220912.htm,https://www.sec.gov/Archives/edgar/data/914208/000091420822000488,https://www.sec.gov/Archives/edgar/data/914208/000091420822000488/index.json,NOT_CLASSIFIED
DTE,0000936340,0000936340-22-000193,8-K,2022-09-13,2022-09-13T20:12:07.000Z,7.01,dte-20220913.htm,https://www.sec.gov/Archives/edgar/data/936340/000093634022000193,https://www.sec.gov/Archives/edgar/data/936340/000093634022000193/index.json,NOT_CLASSIFIED
HUM,0000049071,0000049071-22-000060,8-K,2022-09-15,2022-09-15T11:22:58.000Z,7.01,hum-20220912.htm,https://www.sec.gov/Archives/edgar/data/49071/000004907122000060,https://www.sec.gov/Archives/edgar/data/49071/000004907122000060/index.json,NOT_CLASSIFIED
ALL,0000899051,0000899051-22-000067,8-K,2022-09-15,2022-09-15T12:04:39.000Z,7.01,all-20220915.htm,https://www.sec.gov/Archives/edgar/data/899051/000089905122000067,https://www.sec.gov/Archives/edgar/data/899051/000089905122000067/index.json,NOT_CLASSIFIED
FE,0001031296,0001031296-22-000061,8-K,2022-09-15,2022-09-15T21:05:01.000Z,7.01,fe-20220915.htm,https://www.sec.gov/Archives/edgar/data/1031296/000103129622000061,https://www.sec.gov/Archives/edgar/data/1031296/000103129622000061/index.json,NOT_CLASSIFIED
F,0000037996,0000037996-22-000064,8-K,2022-09-19,2022-09-19T20:23:55.000Z,7.01,f-20220919.htm,https://www.sec.gov/Archives/edgar/data/37996/000003799622000064,https://www.sec.gov/Archives/edgar/data/37996/000003799622000064/index.json,NOT_CLASSIFIED
AJG,0000354190,0001193125-22-247415,8-K,2022-09-20,2022-09-20T11:31:03.000Z,7.01,d369111d8k.htm,https://www.sec.gov/Archives/edgar/data/354190/000119312522247415,https://www.sec.gov/Archives/edgar/data/354190/000119312522247415/index.json,NOT_CLASSIFIED
CINF,0000020286,0000020286-22-000057,8-K,2022-09-27,2022-09-27T20:18:45.000Z,7.01,cinf-20220927.htm,https://www.sec.gov/Archives/edgar/data/20286/000002028622000057,https://www.sec.gov/Archives/edgar/data/20286/000002028622000057/index.json,NOT_CLASSIFIED
DTE,0000936340,0000936340-22-000195,8-K,2022-09-29,2022-09-29T20:09:09.000Z,7.01,dte-20220929.htm,https://www.sec.gov/Archives/edgar/data/936340/000093634022000195,https://www.sec.gov/Archives/edgar/data/936340/000093634022000195/index.json,NOT_CLASSIFIED
CNP,0001130310,0001193125-22-257265,8-K,2022-10-04,2022-10-04T12:30:38.000Z,7.01,d254111d8k.htm,https://www.sec.gov/Archives/edgar/data/1130310/000119312522257265,https://www.sec.gov/Archives/edgar/data/1130310/000119312522257265/index.json,NOT_CLASSIFIED
PGR,0000080661,0000080661-22-000077,8-K,2022-10-13,2022-10-13T12:54:46.000Z,2.02,pgr-20221013.htm,https://www.sec.gov/Archives/edgar/data/80661/000008066122000077,https://www.sec.gov/Archives/edgar/data/80661/000008066122000077/index.json,NOT_CLASSIFIED
UAL,0000100517,0000100517-22-000075,8-K,2022-10-18,2022-10-18T20:05:28.000Z,"2.02,7.01",ual-20221018.htm,https://www.sec.gov/Archives/edgar/data/100517/000010051722000075,https://www.sec.gov/Archives/edgar/data/100517/000010051722000075/index.json,NOT_CLASSIFIED
MTB,0000036270,0000950170-22-019702,8-K,2022-10-19,2022-10-19T13:24:12.000Z,2.02,mtb-20221019.htm,https://www.sec.gov/Archives/edgar/data/36270/000095017022019702,https://www.sec.gov/Archives/edgar/data/36270/000095017022019702/index.json,NOT_CLASSIFIED
ALL,0000899051,0000899051-22-000071,8-K,2022-10-19,2022-10-19T20:54:45.000Z,2.02,all-20221019.htm,https://www.sec.gov/Archives/edgar/data/899051/000089905122000071,https://www.sec.gov/Archives/edgar/data/899051/000089905122000071/index.json,NOT_CLASSIFIED
RF,0001281761,0001281761-22-000051,8-K,2022-10-21,2022-10-21T10:03:47.000Z,"2.02,7.01",rf-20221021.htm,https://www.sec.gov/Archives/edgar/data/1281761/000128176122000051,https://www.sec.gov/Archives/edgar/data/1281761/000128176122000051/index.json,NOT_CLASSIFIED
AXP,0000004962,0000004962-22-000053,8-K,2022-10-21,2022-10-21T11:02:34.000Z,"2.02,7.01",axp-20221021.htm,https://www.sec.gov/Archives/edgar/data/4962/000000496222000053,https://www.sec.gov/Archives/edgar/data/4962/000000496222000053/index.json,NOT_CLASSIFIED
IVZ,0000914208,0000914208-22-000497,8-K,2022-10-25,2022-10-25T11:48:16.000Z,2.02,ivz-20221025.htm,https://www.sec.gov/Archives/edgar/data/914208/000091420822000497,https://www.sec.gov/Archives/edgar/data/914208/000091420822000497/index.json,NOT_CLASSIFIED
DTE,0000936340,0000936340-22-000204,8-K,2022-10-27,2022-10-27T10:42:01.000Z,"2.02,7.01",dte-20221027.htm,https://www.sec.gov/Archives/edgar/data/936340/000093634022000204,https://www.sec.gov/Archives/edgar/data/936340/000093634022000204/index.json,NOT_CLASSIFIED
COF,0000927628,0000927628-22-000292,8-K,2022-10-27,2022-10-27T20:06:48.000Z,7.01,cof-20221027.htm,https://www.sec.gov/Archives/edgar/data/927628/000092762822000292,https://www.sec.gov/Archives/edgar/data/927628/000092762822000292/index.json,NOT_CLASSIFIED
AJG,0000354190,0001193125-22-270995,8-K,2022-10-27,2022-10-27T20:27:07.000Z,"2.02,7.01",d401215d8k.htm,https://www.sec.gov/Archives/edgar/data/354190/000119312522270995,https://www.sec.gov/Archives/edgar/data/354190/000119312522270995/index.json,NOT_CLASSIFIED
ALL,0000899051,0000899051-22-000078,8-K,2022-11-02,2022-11-02T20:16:17.000Z,2.02,all-20221102.htm,https://www.sec.gov/Archives/edgar/data/899051/000089905122000078,https://www.sec.gov/Archives/edgar/data/899051/000089905122000078/index.json,NOT_CLASSIFIED
MET,0001099219,0001099219-22-000172,8-K,2022-11-02,2022-11-02T20:31:53.000Z,"2.02,7.01",met-20221102.htm,https://www.sec.gov/Archives/edgar/data/1099219/000109921922000172,https://www.sec.gov/Archives/edgar/data/1099219/000109921922000172/index.json,NOT_CLASSIFIED
MAR,0001048286,0001628280-22-027939,8-K,2022-11-03,2022-11-03T10:52:23.000Z,2.02,mar-20221103.htm,https://www.sec.gov/Archives/edgar/data/1048286/000162828022027939,https://www.sec.gov/Archives/edgar/data/1048286/000162828022027939/index.json,NOT_CLASSIFIED
PNC,0000713676,0000713676-22-000094,8-K,2022-11-03,2022-11-03T19:07:14.000Z,2.02,pnc-20221103.htm,https://www.sec.gov/Archives/edgar/data/713676/000071367622000094,https://www.sec.gov/Archives/edgar/data/713676/000071367622000094/index.json,NOT_CLASSIFIED
DTE,0000936340,0000936340-22-000208,8-K,2022-11-03,2022-11-03T20:12:17.000Z,2.02,dte-20221103.htm,https://www.sec.gov/Archives/edgar/data/936340/000093634022000208,https://www.sec.gov/Archives/edgar/data/936340/000093634022000208/index.json,NOT_CLASSIFIED
TDG,0001260221,0001260221-22-000060,8-K,2022-11-10,2022-11-10T12:17:40.000Z,2.02,tdg-20221110.htm,https://www.sec.gov/Archives/edgar/data/1260221/000126022122000060,https://www.sec.gov/Archives/edgar/data/1260221/000126022122000060/index.json,NOT_CLASSIFIED
URI,0001067701,0001104659-22-117558,8-K,2022-11-14,2022-11-14T11:28:38.000Z,7.01,tm2230360d1_8k.htm,https://www.sec.gov/Archives/edgar/data/1067701/000110465922117558,https://www.sec.gov/Archives/edgar/data/1067701/000110465922117558/index.json,NOT_CLASSIFIED
CINF,0000020286,0000020286-22-000072,8-K,2022-11-15,2022-11-15T21:05:47.000Z,7.01,cinf-20221115.htm,https://www.sec.gov/Archives/edgar/data/20286/000002028622000072,https://www.sec.gov/Archives/edgar/data/20286/000002028622000072/index.json,NOT_CLASSIFIED
PGR,0000080661,0000080661-22-000082,8-K,2022-11-16,2022-11-16T13:57:58.000Z,7.01,pgr-20221116.htm,https://www.sec.gov/Archives/edgar/data/80661/000008066122000082,https://www.sec.gov/Archives/edgar/data/80661/000008066122000082/index.json,NOT_CLASSIFIED
ALL,0000899051,0000899051-22-000081,8-K,2022-11-17,2022-11-17T13:00:55.000Z,7.01,all-20221117.htm,https://www.sec.gov/Archives/edgar/data/899051/000089905122000081,https://www.sec.gov/Archives/edgar/data/899051/000089905122000081/index.json,NOT_CLASSIFIED
CINF,0000020286,0000020286-22-000074,8-K,2022-11-18,2022-11-18T17:17:03.000Z,7.01,cinf-20221118.htm,https://www.sec.gov/Archives/edgar/data/20286/000002028622000074,https://www.sec.gov/Archives/edgar/data/20286/000002028622000074/index.json,NOT_CLASSIFIED
DE,0000315189,0001558370-22-018162,8-K,2022-11-23,2022-11-23T11:03:27.000Z,"2.02,7.01",de-20221123x8k.htm,https://www.sec.gov/Archives/edgar/data/315189/000155837022018162,https://www.sec.gov/Archives/edgar/data/315189/000155837022018162/index.json,NOT_CLASSIFIED
COF,0000927628,0000927628-22-000327,8-K,2022-12-05,2022-12-05T21:09:06.000Z,7.01,cof-20221205.htm,https://www.sec.gov/Archives/edgar/data/927628/000092762822000327,https://www.sec.gov/Archives/edgar/data/927628/000092762822000327/index.json,NOT_CLASSIFIED
LUV,0000092380,0000092380-22-000063,8-K,2022-12-07,2022-12-07T11:45:40.000Z,7.01,luv-20221207.htm,https://www.sec.gov/Archives/edgar/data/92380/000009238022000063,https://www.sec.gov/Archives/edgar/data/92380/000009238022000063/index.json,NOT_CLASSIFIED
UAL,0000100517,0000100517-22-000090,8-K,2022-12-13,2022-12-13T11:30:18.000Z,7.01,ual-20221212.htm,https://www.sec.gov/Archives/edgar/data/100517/000010051722000090,https://www.sec.gov/Archives/edgar/data/100517/000010051722000090/index.json,NOT_CLASSIFIED
CNC,0001071739,0001071739-22-000388,8-K,2022-12-14,2022-12-14T21:30:09.000Z,7.01,cnc-20221213.htm,https://www.sec.gov/Archives/edgar/data/1071739/000107173922000388,https://www.sec.gov/Archives/edgar/data/1071739/000107173922000388/index.json,NOT_CLASSIFIED
COF,0000927628,0000927628-22-000329,8-K,2022-12-15,2022-12-15T01:09:49.000Z,7.01,cof-20221214.htm,https://www.sec.gov/Archives/edgar/data/927628/000092762822000329,https://www.sec.gov/Archives/edgar/data/927628/000092762822000329/index.json,NOT_CLASSIFIED
AXP,0000004962,0000004962-22-000062,8-K,2022-12-15,2022-12-15T17:02:28.000Z,7.01,axp-20221215.htm,https://www.sec.gov/Archives/edgar/data/4962/000000496222000062,https://www.sec.gov/Archives/edgar/data/4962/000000496222000062/index.json,NOT_CLASSIFIED
HUM,0000049071,0000049071-23-000002,8-K,2023-01-09,2023-01-09T12:15:28.000Z,7.01,hum-20230109.htm,https://www.sec.gov/Archives/edgar/data/49071/000004907123000002,https://www.sec.gov/Archives/edgar/data/49071/000004907123000002/index.json,NOT_CLASSIFIED
AXP,0000004962,0000004962-23-000002,8-K,2023-01-17,2023-01-17T17:00:22.000Z,7.01,axp-20230117.htm,https://www.sec.gov/Archives/edgar/data/4962/000000496223000002,https://www.sec.gov/Archives/edgar/data/4962/000000496223000002/index.json,NOT_CLASSIFIED
UAL,0000100517,0000100517-23-000016,8-K,2023-01-17,2023-01-17T21:00:09.000Z,"2.02,7.01",ual-20230117.htm,https://www.sec.gov/Archives/edgar/data/100517/000010051723000016,https://www.sec.gov/Archives/edgar/data/100517/000010051723000016/index.json,NOT_CLASSIFIED
RF,0001281761,0001281761-23-000003,8-K,2023-01-20,2023-01-20T11:03:58.000Z,"2.02,7.01",rf-20230120.htm,https://www.sec.gov/Archives/edgar/data/1281761/000128176123000003,https://www.sec.gov/Archives/edgar/data/1281761/000128176123000003/index.json,NOT_CLASSIFIED
COF,0000927628,0000927628-23-000014,8-K,2023-01-24,2023-01-24T21:06:55.000Z,2.02,cof-20230124.htm,https://www.sec.gov/Archives/edgar/data/927628/000092762823000014,https://www.sec.gov/Archives/edgar/data/927628/000092762823000014/index.json,NOT_CLASSIFIED
LUV,0000092380,0000092380-23-000007,8-K,2023-01-26,2023-01-26T11:32:14.000Z,2.02,luv-20230126.htm,https://www.sec.gov/Archives/edgar/data/92380/000009238023000007,https://www.sec.gov/Archives/edgar/data/92380/000009238023000007/index.json,NOT_CLASSIFIED
AXP,0000004962,0000004962-23-000004,8-K,2023-01-27,2023-01-27T12:01:52.000Z,"2.02,7.01",axp-20230127.htm,https://www.sec.gov/Archives/edgar/data/4962/000000496223000004,https://www.sec.gov/Archives/edgar/data/4962/000000496223000004/index.json,NOT_CLASSIFIED
F,0000037996,0000037996-23-000006,8-K,2023-01-30,2023-01-30T13:31:12.000Z,7.01,f-20230130.htm,https://www.sec.gov/Archives/edgar/data/37996/000003799623000006,https://www.sec.gov/Archives/edgar/data/37996/000003799623000006/index.json,NOT_CLASSIFIED
WDC,0000106040,0001193125-23-020502,8-K,2023-02-01,2023-01-31T22:31:34.000Z,7.01,d425756d8k.htm,https://www.sec.gov/Archives/edgar/data/106040/000119312523020502,https://www.sec.gov/Archives/edgar/data/106040/000119312523020502/index.json,NOT_CLASSIFIED
ALL,0000899051,0000899051-23-000013,8-K,2023-02-01,2023-02-01T21:16:25.000Z,2.02,all-20230201.htm,https://www.sec.gov/Archives/edgar/data/899051/000089905123000013,https://www.sec.gov/Archives/edgar/data/899051/000089905123000013/index.json,NOT_CLASSIFIED
FE,0001031296,0001031296-23-000007,8-K,2023-02-03,2023-02-02T23:50:56.000Z,7.01,fe-20230202.htm,https://www.sec.gov/Archives/edgar/data/1031296/000103129623000007,https://www.sec.gov/Archives/edgar/data/1031296/000103129623000007/index.json,NOT_CLASSIFIED
CINF,0000020286,0000020286-23-000005,8-K,2023-02-06,2023-02-06T21:07:11.000Z,2.02,cinf-20230206.htm,https://www.sec.gov/Archives/edgar/data/20286/000002028623000005,https://www.sec.gov/Archives/edgar/data/20286/000002028623000005/index.json,NOT_CLASSIFIED
TDG,0001260221,0001260221-23-000005,8-K,2023-02-07,2023-02-07T12:18:23.000Z,2.02,tdg-20230207.htm,https://www.sec.gov/Archives/edgar/data/1260221/000126022123000005,https://www.sec.gov/Archives/edgar/data/1260221/000126022123000005/index.json,NOT_CLASSIFIED
MET,0001099219,0001099219-23-000041,8-K,2023-02-07,2023-02-07T21:32:16.000Z,2.02,met-20230207.htm,https://www.sec.gov/Archives/edgar/data/1099219/000109921923000041,https://www.sec.gov/Archives/edgar/data/1099219/000109921923000041/index.json,NOT_CLASSIFIED
EMR,0000032604,0000032604-23-000007,8-K,2023-02-08,2023-02-08T11:54:31.000Z,2.02,emr-20230208.htm,https://www.sec.gov/Archives/edgar/data/32604/000003260423000007,https://www.sec.gov/Archives/edgar/data/32604/000003260423000007/index.json,NOT_CLASSIFIED
IVZ,0000914208,0000914208-23-000248,8-K,2023-02-10,2023-02-10T12:48:37.000Z,7.01,ivz-20230209.htm,https://www.sec.gov/Archives/edgar/data/914208/000091420823000248,https://www.sec.gov/Archives/edgar/data/914208/000091420823000248/index.json,NOT_CLASSIFIED
TDG,0001260221,0001260221-23-000016,8-K,2023-02-10,2023-02-10T21:21:53.000Z,7.01,tdg-20230210.htm,https://www.sec.gov/Archives/edgar/data/1260221/000126022123000016,https://www.sec.gov/Archives/edgar/data/1260221/000126022123000016/index.json,NOT_CLASSIFIED
F,0000037996,0000037996-23-000014,8-K,2023-02-13,2023-02-13T18:48:12.000Z,7.01,f-20230213.htm,https://www.sec.gov/Archives/edgar/data/37996/000003799623000014,https://www.sec.gov/Archives/edgar/data/37996/000003799623000014/index.json,NOT_CLASSIFIED
COF,0000927628,0000927628-23-000063,8-K,2023-02-13,2023-02-13T21:05:50.000Z,7.01,cof-20230213.htm,https://www.sec.gov/Archives/edgar/data/927628/000092762823000063,https://www.sec.gov/Archives/edgar/data/927628/000092762823000063/index.json,NOT_CLASSIFIED
FE,0001031296,0001031296-23-000012,8-K,2023-02-13,2023-02-13T21:36:19.000Z,"2.02,7.01",fe-20230213.htm,https://www.sec.gov/Archives/edgar/data/1031296/000103129623000012,https://www.sec.gov/Archives/edgar/data/1031296/000103129623000012/index.json,NOT_CLASSIFIED
COF,0000927628,0000927628-23-000067,8-K,2023-02-15,2023-02-14T22:34:41.000Z,7.01,cof-20230214.htm,https://www.sec.gov/Archives/edgar/data/927628/000092762823000067,https://www.sec.gov/Archives/edgar/data/927628/000092762823000067/index.json,NOT_CLASSIFIED
PGR,0000080661,0000080661-23-000004,8-K,2023-02-15,2023-02-15T13:48:05.000Z,7.01,pgr-20230215.htm,https://www.sec.gov/Archives/edgar/data/80661/000008066123000004,https://www.sec.gov/Archives/edgar/data/80661/000008066123000004/index.json,NOT_CLASSIFIED
IVZ,0000914208,0000914208-23-000292,8-K,2023-02-15,2023-02-15T21:44:27.000Z,7.01,ivz-20230215.htm,https://www.sec.gov/Archives/edgar/data/914208/000091420823000292,https://www.sec.gov/Archives/edgar/data/914208/000091420823000292/index.json,NOT_CLASSIFIED
CF,0001324404,0001104659-23-022431,8-K,2023-02-15,2023-02-15T21:55:52.000Z,2.02,tm236855d1_8k.htm,https://www.sec.gov/Archives/edgar/data/1324404/000110465923022431,https://www.sec.gov/Archives/edgar/data/1324404/000110465923022431/index.json,NOT_CLASSIFIED
ALL,0000899051,0000899051-23-000018,8-K,2023-02-16,2023-02-16T13:01:10.000Z,7.01,all-20230216.htm,https://www.sec.gov/Archives/edgar/data/899051/000089905123000018,https://www.sec.gov/Archives/edgar/data/899051/000089905123000018/index.json,NOT_CLASSIFIED
DLR,0001297996,0001558370-23-001449,8-K,2023-02-16,2023-02-16T21:08:48.000Z,"2.02,7.01",dlr-20230216x8k.htm,https://www.sec.gov/Archives/edgar/data/1297996/000155837023001449,https://www.sec.gov/Archives/edgar/data/1297996/000155837023001449/index.json,NOT_CLASSIFIED
CNP,0001130310,0001130310-23-000014,8-K,2023-02-17,2023-02-17T11:24:09.000Z,"2.02,7.01",cnp-20230217.htm,https://www.sec.gov/Archives/edgar/data/1130310/000113031023000014,https://www.sec.gov/Archives/edgar/data/1130310/000113031023000014/index.json,NOT_CLASSIFIED
PPL,0000922224,0000922224-23-000008,8-K,2023-02-17,2023-02-17T13:09:02.000Z,"2.02,7.01",ppl-20230217.htm,https://www.sec.gov/Archives/edgar/data/922224/000092222423000008,https://www.sec.gov/Archives/edgar/data/922224/000092222423000008/index.json,NOT_CLASSIFIED
DPZ,0001286681,0001193125-23-046504,8-K,2023-02-23,2023-02-23T21:03:13.000Z,7.01,d427339d8k.htm,https://www.sec.gov/Archives/edgar/data/1286681/000119312523046504,https://www.sec.gov/Archives/edgar/data/1286681/000119312523046504/index.json,NOT_CLASSIFIED
EIX,0000827052,0000827052-23-000009,8-K,2023-02-23,2023-02-23T21:08:21.000Z,"2.02,7.01",eix-20230223x8k.htm,https://www.sec.gov/Archives/edgar/data/827052/000082705223000009,https://www.sec.gov/Archives/edgar/data/827052/000082705223000009/index.json,NOT_CLASSIFIED
EIX,0000827052,0000827052-23-000013,8-K,2023-02-24,2023-02-24T21:08:40.000Z,7.01,eix-20230224x8k.htm,https://www.sec.gov/Archives/edgar/data/827052/000082705223000013,https://www.sec.gov/Archives/edgar/data/827052/000082705223000013/index.json,NOT_CLASSIFIED
PFG,0001126328,0001104659-23-027466,8-K,2023-03-02,2023-03-01T22:40:56.000Z,7.01,tm238244d1_8k.htm,https://www.sec.gov/Archives/edgar/data/1126328/000110465923027466,https://www.sec.gov/Archives/edgar/data/1126328/000110465923027466/index.json,NOT_CLASSIFIED
CINF,0000020286,0000020286-23-000015,8-K,2023-03-06,2023-03-06T21:26:28.000Z,7.01,cinf-20230306.htm,https://www.sec.gov/Archives/edgar/data/20286/000002028623000015,https://www.sec.gov/Archives/edgar/data/20286/000002028623000015/index.json,NOT_CLASSIFIED
PPL,0000922224,0000922224-23-000020,8-K,2023-03-08,2023-03-08T14:48:28.000Z,7.01,ppl-20230303.htm,https://www.sec.gov/Archives/edgar/data/922224/000092222423000020,https://www.sec.gov/Archives/edgar/data/922224/000092222423000020/index.json,NOT_CLASSIFIED
IVZ,0000914208,0000914208-23-000301,8-K,2023-03-10,2023-03-10T12:44:29.000Z,7.01,ivz-20230309.htm,https://www.sec.gov/Archives/edgar/data/914208/000091420823000301,https://www.sec.gov/Archives/edgar/data/914208/000091420823000301/index.json,NOT_CLASSIFIED
CNP,0001130310,0001130310-23-000047,8-K,2023-03-13,2023-03-13T15:25:17.000Z,7.01,cnp-20230313.htm,https://www.sec.gov/Archives/edgar/data/1130310/000113031023000047,https://www.sec.gov/Archives/edgar/data/1130310/000113031023000047/index.json,NOT_CLASSIFIED
UAL,0000100517,0000100517-23-000080,8-K/A,2023-03-13,2023-03-13T21:28:20.000Z,7.01,ual-20230313.htm,https://www.sec.gov/Archives/edgar/data/100517/000010051723000080,https://www.sec.gov/Archives/edgar/data/100517/000010051723000080/index.json,NOT_CLASSIFIED
MAR,0001048286,0001193125-23-070726,8-K,2023-03-15,2023-03-15T12:10:02.000Z,7.01,d480872d8k.htm,https://www.sec.gov/Archives/edgar/data/1048286/000119312523070726,https://www.sec.gov/Archives/edgar/data/1048286/000119312523070726/index.json,NOT_CLASSIFIED
PGR,0000080661,0000080661-23-000012,8-K,2023-03-15,2023-03-15T14:09:01.000Z,7.01,pgr-20230315.htm,https://www.sec.gov/Archives/edgar/data/80661/000008066123000012,https://www.sec.gov/Archives/edgar/data/80661/000008066123000012/index.json,NOT_CLASSIFIED
AXP,0000004962,0000004962-23-000011,8-K,2023-03-15,2023-03-15T16:00:48.000Z,7.01,axp-20230315.htm,https://www.sec.gov/Archives/edgar/data/4962/000000496223000011,https://www.sec.gov/Archives/edgar/data/4962/000000496223000011/index.json,NOT_CLASSIFIED
AJG,0000354190,0001193125-23-072023,8-K,2023-03-16,2023-03-16T12:30:55.000Z,7.01,d431181d8k.htm,https://www.sec.gov/Archives/edgar/data/354190/000119312523072023,https://www.sec.gov/Archives/edgar/data/354190/000119312523072023/index.json,NOT_CLASSIFIED
MAA,0000912595,0000950170-23-008946,8-K,2023-03-21,2023-03-21T20:22:25.000Z,7.01,maa-20230321.htm,https://www.sec.gov/Archives/edgar/data/912595/000095017023008946,https://www.sec.gov/Archives/edgar/data/912595/000095017023008946/index.json,NOT_CLASSIFIED
ELV,0001156039,0001193125-23-076793,8-K,2023-03-22,2023-03-22T21:01:00.000Z,7.01,d483237d8k.htm,https://www.sec.gov/Archives/edgar/data/1156039/000119312523076793,https://www.sec.gov/Archives/edgar/data/1156039/000119312523076793/index.json,NOT_CLASSIFIED
FE,0001031296,0001031296-23-000024,8-K,2023-03-27,2023-03-27T12:31:45.000Z,7.01,fe-20230322.htm,https://www.sec.gov/Archives/edgar/data/1031296/000103129623000024,https://www.sec.gov/Archives/edgar/data/1031296/000103129623000024/index.json,NOT_CLASSIFIED
PPL,0000922224,0000922224-23-000024,8-K,2023-03-27,2023-03-27T13:17:12.000Z,7.01,ppl-20230324.htm,https://www.sec.gov/Archives/edgar/data/922224/000092222423000024,https://www.sec.gov/Archives/edgar/data/922224/000092222423000024/index.json,NOT_CLASSIFIED
DTE,0000936340,0000936340-23-000087,8-K,2023-04-03,2023-04-03T20:14:21.000Z,7.01,dte-20230403.htm,https://www.sec.gov/Archives/edgar/data/936340/000093634023000087,https://www.sec.gov/Archives/edgar/data/936340/000093634023000087/index.json,NOT_CLASSIFIED
COF,0000927628,0000950103-23-005513,8-K,2023-04-07,2023-04-07T21:20:39.000Z,7.01,dp192036_8k.htm,https://www.sec.gov/Archives/edgar/data/927628/000095010323005513,https://www.sec.gov/Archives/edgar/data/927628/000095010323005513/index.json,NOT_CLASSIFIED
PGR,0000080661,0000080661-23-000019,8-K,2023-04-13,2023-04-13T13:26:35.000Z,2.02,pgr-20230413.htm,https://www.sec.gov/Archives/edgar/data/80661/000008066123000019,https://www.sec.gov/Archives/edgar/data/80661/000008066123000019/index.json,NOT_CLASSIFIED
RF,0001281761,0001281761-23-000022,8-K,2023-04-18,2023-04-18T20:35:17.000Z,"2.02,7.01",rf-20230418.htm,https://www.sec.gov/Archives/edgar/data/1281761/000128176123000022,https://www.sec.gov/Archives/edgar/data/1281761/000128176123000022/index.json,NOT_CLASSIFIED
ALL,0000899051,0000899051-23-000031,8-K,2023-04-20,2023-04-20T12:01:25.000Z,2.02,all-20230420.htm,https://www.sec.gov/Archives/edgar/data/899051/000089905123000031,https://www.sec.gov/Archives/edgar/data/899051/000089905123000031/index.json,NOT_CLASSIFIED
RF,0001281761,0001281761-23-000027,8-K,2023-04-21,2023-04-21T10:03:12.000Z,"2.02,7.01",rf-20230421.htm,https://www.sec.gov/Archives/edgar/data/1281761/000128176123000027,https://www.sec.gov/Archives/edgar/data/1281761/000128176123000027/index.json,NOT_CLASSIFIED
IVZ,0000914208,0000914208-23-000326,8-K,2023-04-25,2023-04-25T11:49:05.000Z,2.02,ivz-20230425.htm,https://www.sec.gov/Archives/edgar/data/914208/000091420823000326,https://www.sec.gov/Archives/edgar/data/914208/000091420823000326/index.json,NOT_CLASSIFIED
AWK,0001410636,0001410636-23-000065,8-K,2023-04-26,2023-04-26T20:34:46.000Z,2.02,awk-20230426.htm,https://www.sec.gov/Archives/edgar/data/1410636/000141063623000065,https://www.sec.gov/Archives/edgar/data/1410636/000141063623000065/index.json,NOT_CLASSIFIED
LUV,0000092380,0000092380-23-000021,8-K,2023-04-27,2023-04-27T10:31:01.000Z,2.02,luv-20230427.htm,https://www.sec.gov/Archives/edgar/data/92380/000009238023000021,https://www.sec.gov/Archives/edgar/data/92380/000009238023000021/index.json,NOT_CLASSIFIED
DTE,0000936340,0000936340-23-000100,8-K,2023-04-27,2023-04-27T10:48:04.000Z,"2.02,7.01",dte-20230427.htm,https://www.sec.gov/Archives/edgar/data/936340/000093634023000100,https://www.sec.gov/Archives/edgar/data/936340/000093634023000100/index.json,NOT_CLASSIFIED
COF,0000927628,0000927628-23-000156,8-K,2023-04-27,2023-04-27T20:06:28.000Z,2.02,cof-20230427.htm,https://www.sec.gov/Archives/edgar/data/927628/000092762823000156,https://www.sec.gov/Archives/edgar/data/927628/000092762823000156/index.json,NOT_CLASSIFIED
COF,0000927628,0000927628-23-000157,8-K,2023-04-27,2023-04-27T20:07:11.000Z,7.01,cof-20230427.htm,https://www.sec.gov/Archives/edgar/data/927628/000092762823000157,https://www.sec.gov/Archives/edgar/data/927628/000092762823000157/index.json,NOT_CLASSIFIED
CINF,0000020286,0000020286-23-000043,8-K,2023-04-27,2023-04-27T20:08:02.000Z,2.02,cinf-20230427.htm,https://www.sec.gov/Archives/edgar/data/20286/000002028623000043,https://www.sec.gov/Archives/edgar/data/20286/000002028623000043/index.json,NOT_CLASSIFIED
CF,0001324404,0001324404-23-000010,8-K,2023-05-01,2023-05-01T20:42:06.000Z,2.02,cf-20230501.htm,https://www.sec.gov/Archives/edgar/data/1324404/000132440423000010,https://www.sec.gov/Archives/edgar/data/1324404/000132440423000010/index.json,NOT_CLASSIFIED
EMR,0000032604,0001193125-23-132448,8-K,2023-05-02,2023-05-02T20:06:05.000Z,7.01,d494307d8k.htm,https://www.sec.gov/Archives/edgar/data/32604/000119312523132448,https://www.sec.gov/Archives/edgar/data/32604/000119312523132448/index.json,NOT_CLASSIFIED
ALL,0000899051,0000899051-23-000036,8-K,2023-05-03,2023-05-03T20:16:13.000Z,2.02,all-20230503.htm,https://www.sec.gov/Archives/edgar/data/899051/000089905123000036,https://www.sec.gov/Archives/edgar/data/899051/000089905123000036/index.json,NOT_CLASSIFIED
COF,0000927628,0000927628-23-000182,8-K,2023-05-08,2023-05-08T20:06:05.000Z,7.01,cof-20230508.htm,https://www.sec.gov/Archives/edgar/data/927628/000092762823000182,https://www.sec.gov/Archives/edgar/data/927628/000092762823000182/index.json,NOT_CLASSIFIED
WDC,0000106040,0000106040-23-000014,8-K,2023-05-08,2023-05-08T20:21:22.000Z,2.02,wdc-20230508.htm,https://www.sec.gov/Archives/edgar/data/106040/000010604023000014,https://www.sec.gov/Archives/edgar/data/106040/000010604023000014/index.json,NOT_CLASSIFIED
IVZ,0000914208,0000914208-23-000341,8-K,2023-05-10,2023-05-10T11:47:44.000Z,7.01,ivz-20230509.htm,https://www.sec.gov/Archives/edgar/data/914208/000091420823000341,https://www.sec.gov/Archives/edgar/data/914208/000091420823000341/index.json,NOT_CLASSIFIED
EIX,0000827052,0000827052-23-000043,8-K,2023-05-12,2023-05-12T20:38:38.000Z,7.01,eix-20230512x8k.htm,https://www.sec.gov/Archives/edgar/data/827052/000082705223000043,https://www.sec.gov/Archives/edgar/data/827052/000082705223000043/index.json,NOT_CLASSIFIED
DTE,0000936340,0000936340-23-000130,8-K,2023-05-19,2023-05-19T20:13:01.000Z,7.01,dte-20230519.htm,https://www.sec.gov/Archives/edgar/data/936340/000093634023000130,https://www.sec.gov/Archives/edgar/data/936340/000093634023000130/index.json,NOT_CLASSIFIED
CNP,0001130310,0001130310-23-000088,8-K,2023-05-22,2023-05-22T10:30:25.000Z,7.01,cnp-20230521.htm,https://www.sec.gov/Archives/edgar/data/1130310/000113031023000088,https://www.sec.gov/Archives/edgar/data/1130310/000113031023000088/index.json,NOT_CLASSIFIED
F,0000037996,0000037996-23-000036,8-K,2023-05-26,2023-05-25T22:04:44.000Z,7.01,f-20230525.htm,https://www.sec.gov/Archives/edgar/data/37996/000003799623000036,https://www.sec.gov/Archives/edgar/data/37996/000003799623000036/index.json,NOT_CLASSIFIED
LUV,0000092380,0000092380-23-000029,8-K,2023-06-01,2023-06-01T10:31:28.000Z,7.01,luv-20230601.htm,https://www.sec.gov/Archives/edgar/data/92380/000009238023000029,https://www.sec.gov/Archives/edgar/data/92380/000009238023000029/index.json,NOT_CLASSIFIED
HUM,0000049071,0000049071-23-000029,8-K,2023-06-01,2023-06-01T10:33:39.000Z,7.01,hum-20230601.htm,https://www.sec.gov/Archives/edgar/data/49071/000004907123000029,https://www.sec.gov/Archives/edgar/data/49071/000004907123000029/index.json,NOT_CLASSIFIED
MAA,0000912595,0000950170-23-026364,8-K,2023-06-05,2023-06-05T20:16:01.000Z,7.01,maa-20230605.htm,https://www.sec.gov/Archives/edgar/data/912595/000095017023026364,https://www.sec.gov/Archives/edgar/data/912595/000095017023026364/index.json,NOT_CLASSIFIED
TDG,0001260221,0001260221-23-000051,8-K,2023-06-08,2023-06-08T12:37:18.000Z,7.01,tdg-20230608.htm,https://www.sec.gov/Archives/edgar/data/1260221/000126022123000051,https://www.sec.gov/Archives/edgar/data/1260221/000126022123000051/index.json,NOT_CLASSIFIED
COF,0000927628,0000927628-23-000212,8-K,2023-06-12,2023-06-12T20:05:23.000Z,7.01,cof-20230612.htm,https://www.sec.gov/Archives/edgar/data/927628/000092762823000212,https://www.sec.gov/Archives/edgar/data/927628/000092762823000212/index.json,NOT_CLASSIFIED
IVZ,0000914208,0000914208-23-000399,8-K,2023-06-13,2023-06-13T11:51:08.000Z,7.01,ivz-20230612.htm,https://www.sec.gov/Archives/edgar/data/914208/000091420823000399,https://www.sec.gov/Archives/edgar/data/914208/000091420823000399/index.json,NOT_CLASSIFIED
COF,0000927628,0000927628-23-000215,8-K,2023-06-15,2023-06-15T00:45:37.000Z,7.01,cof-20230614.htm,https://www.sec.gov/Archives/edgar/data/927628/000092762823000215,https://www.sec.gov/Archives/edgar/data/927628/000092762823000215/index.json,NOT_CLASSIFIED
DTE,0000936340,0000936340-23-000149,8-K,2023-06-26,2023-06-26T20:16:33.000Z,7.01,dte-20230626.htm,https://www.sec.gov/Archives/edgar/data/936340/000093634023000149,https://www.sec.gov/Archives/edgar/data/936340/000093634023000149/index.json,NOT_CLASSIFIED
STT,0000093751,0000093751-23-000639,8-K,2023-07-14,2023-07-14T11:30:51.000Z,"2.02,7.01",stt-20230714.htm,https://www.sec.gov/Archives/edgar/data/93751/000009375123000639,https://www.sec.gov/Archives/edgar/data/93751/000009375123000639/index.json,NOT_CLASSIFIED
AXP,0000004962,0000004962-23-000026,8-K,2023-07-17,2023-07-17T16:01:47.000Z,7.01,axp-20230717.htm,https://www.sec.gov/Archives/edgar/data/4962/000000496223000026,https://www.sec.gov/Archives/edgar/data/4962/000000496223000026/index.json,NOT_CLASSIFIED
USB,0000036104,0001193125-23-189190,8-K,2023-07-19,2023-07-19T11:00:49.000Z,2.02,d513385d8k.htm,https://www.sec.gov/Archives/edgar/data/36104/000119312523189190,https://www.sec.gov/Archives/edgar/data/36104/000119312523189190/index.json,NOT_CLASSIFIED
ALL,0000899051,0000899051-23-000055,8-K,2023-07-20,2023-07-20T12:00:42.000Z,2.02,all-20230720.htm,https://www.sec.gov/Archives/edgar/data/899051/000089905123000055,https://www.sec.gov/Archives/edgar/data/899051/000089905123000055/index.json,NOT_CLASSIFIED
COF,0000927628,0000927628-23-000231,8-K,2023-07-20,2023-07-20T20:05:44.000Z,2.02,cof-20230720.htm,https://www.sec.gov/Archives/edgar/data/927628/000092762823000231,https://www.sec.gov/Archives/edgar/data/927628/000092762823000231/index.json,NOT_CLASSIFIED
COF,0000927628,0000927628-23-000232,8-K,2023-07-20,2023-07-20T20:06:24.000Z,7.01,cof-20230720.htm,https://www.sec.gov/Archives/edgar/data/927628/000092762823000232,https://www.sec.gov/Archives/edgar/data/927628/000092762823000232/index.json,NOT_CLASSIFIED
IBM,0000051143,0000051143-23-000015,8-K,2023-07-20,2023-07-20T20:15:57.000Z,7.01,ibm-20230719.htm,https://www.sec.gov/Archives/edgar/data/51143/000005114323000015,https://www.sec.gov/Archives/edgar/data/51143/000005114323000015/index.json,NOT_CLASSIFIED
AXP,0000004962,0000004962-23-000027,8-K,2023-07-21,2023-07-21T11:01:52.000Z,"2.02,7.01",axp-20230721.htm,https://www.sec.gov/Archives/edgar/data/4962/000000496223000027,https://www.sec.gov/Archives/edgar/data/4962/000000496223000027/index.json,NOT_CLASSIFIED
IVZ,0000914208,0000914208-23-000410,8-K,2023-07-25,2023-07-25T11:44:41.000Z,2.02,ivz-20230725.htm,https://www.sec.gov/Archives/edgar/data/914208/000091420823000410,https://www.sec.gov/Archives/edgar/data/914208/000091420823000410/index.json,NOT_CLASSIFIED
CINF,0000020286,0000020286-23-000057,8-K,2023-07-27,2023-07-27T20:07:27.000Z,2.02,cinf-20230727.htm,https://www.sec.gov/Archives/edgar/data/20286/000002028623000057,https://www.sec.gov/Archives/edgar/data/20286/000002028623000057/index.json,NOT_CLASSIFIED
F,0000037996,0000037996-23-000047,8-K,2023-07-27,2023-07-27T20:07:29.000Z,2.02,f-20230727.htm,https://www.sec.gov/Archives/edgar/data/37996/000003799623000047,https://www.sec.gov/Archives/edgar/data/37996/000003799623000047/index.json,NOT_CLASSIFIED
EIX,0000827052,0000827052-23-000064,8-K,2023-07-27,2023-07-27T20:07:56.000Z,"2.02,7.01",eix-20230727x8k.htm,https://www.sec.gov/Archives/edgar/data/827052/000082705223000064,https://www.sec.gov/Archives/edgar/data/827052/000082705223000064/index.json,NOT_CLASSIFIED
DE,0000315189,0001558370-23-012647,8-K,2023-08-01,2023-08-01T13:40:26.000Z,7.01,de-20230801x8k.htm,https://www.sec.gov/Archives/edgar/data/315189/000155837023012647,https://www.sec.gov/Archives/edgar/data/315189/000155837023012647/index.json,NOT_CLASSIFIED
CVS,0000064803,0000064803-23-000032,8-K,2023-08-02,2023-08-02T10:34:24.000Z,2.02,cvs-20230802.htm,https://www.sec.gov/Archives/edgar/data/64803/000006480323000032,https://www.sec.gov/Archives/edgar/data/64803/000006480323000032/index.json,NOT_CLASSIFIED
HUM,0000049071,0000049071-23-000046,8-K,2023-08-02,2023-08-02T10:41:05.000Z,"2.02,7.01",hum-20230802.htm,https://www.sec.gov/Archives/edgar/data/49071/000004907123000046,https://www.sec.gov/Archives/edgar/data/49071/000004907123000046/index.json,NOT_CLASSIFIED
PPL,0000922224,0000922224-23-000043,8-K,2023-08-04,2023-08-04T12:08:00.000Z,"2.02,7.01",ppl-20230804.htm,https://www.sec.gov/Archives/edgar/data/922224/000092222423000043,https://www.sec.gov/Archives/edgar/data/922224/000092222423000043/index.json,NOT_CLASSIFIED
COF,0000927628,0000927628-23-000269,8-K,2023-08-15,2023-08-14T21:36:15.000Z,7.01,cof-20230814.htm,https://www.sec.gov/Archives/edgar/data/927628/000092762823000269,https://www.sec.gov/Archives/edgar/data/927628/000092762823000269/index.json,NOT_CLASSIFIED
AXP,0000004962,0000004962-23-000031,8-K,2023-08-15,2023-08-15T16:00:48.000Z,7.01,axp-20230815.htm,https://www.sec.gov/Archives/edgar/data/4962/000000496223000031,https://www.sec.gov/Archives/edgar/data/4962/000000496223000031/index.json,NOT_CLASSIFIED
ALL,0000899051,0000899051-23-000065,8-K,2023-08-17,2023-08-17T12:01:38.000Z,7.01,all-20230817.htm,https://www.sec.gov/Archives/edgar/data/899051/000089905123000065,https://www.sec.gov/Archives/edgar/data/899051/000089905123000065/index.json,NOT_CLASSIFIED
LUV,0000092380,0000092380-23-000044,8-K,2023-09-06,2023-09-06T10:30:28.000Z,7.01,luv-20230906.htm,https://www.sec.gov/Archives/edgar/data/92380/000009238023000044,https://www.sec.gov/Archives/edgar/data/92380/000009238023000044/index.json,NOT_CLASSIFIED
HUM,0000049071,0000049071-23-000055,8-K,2023-09-06,2023-09-06T11:00:15.000Z,7.01,hum-20230906.htm,https://www.sec.gov/Archives/edgar/data/49071/000004907123000055,https://www.sec.gov/Archives/edgar/data/49071/000004907123000055/index.json,NOT_CLASSIFIED
COF,0000927628,0000927628-23-000275,8-K,2023-09-08,2023-09-08T20:06:02.000Z,7.01,cof-20230908.htm,https://www.sec.gov/Archives/edgar/data/927628/000092762823000275,https://www.sec.gov/Archives/edgar/data/927628/000092762823000275/index.json,NOT_CLASSIFIED
MTB,0000036270,0000950170-23-047277,8-K,2023-09-08,2023-09-08T20:16:20.000Z,7.01,mtb-20230908.htm,https://www.sec.gov/Archives/edgar/data/36270/000095017023047277,https://www.sec.gov/Archives/edgar/data/36270/000095017023047277/index.json,NOT_CLASSIFIED
MAA,0000912595,0000950170-23-047734,8-K,2023-09-12,2023-09-12T20:16:41.000Z,7.01,maa-20230912.htm,https://www.sec.gov/Archives/edgar/data/912595/000095017023047734,https://www.sec.gov/Archives/edgar/data/912595/000095017023047734/index.json,NOT_CLASSIFIED
COF,0000927628,0000927628-23-000277,8-K,2023-09-15,2023-09-14T21:32:10.000Z,7.01,cof-20230914.htm,https://www.sec.gov/Archives/edgar/data/927628/000092762823000277,https://www.sec.gov/Archives/edgar/data/927628/000092762823000277/index.json,NOT_CLASSIFIED
PGR,0000080661,0000080661-23-000045,8-K,2023-09-15,2023-09-15T14:05:03.000Z,7.01,pgr-20230915.htm,https://www.sec.gov/Archives/edgar/data/80661/000008066123000045,https://www.sec.gov/Archives/edgar/data/80661/000008066123000045/index.json,NOT_CLASSIFIED
AXP,0000004962,0000004962-23-000034,8-K,2023-09-15,2023-09-15T16:00:18.000Z,7.01,axp-20230915.htm,https://www.sec.gov/Archives/edgar/data/4962/000000496223000034,https://www.sec.gov/Archives/edgar/data/4962/000000496223000034/index.json,NOT_CLASSIFIED
RF,0001281761,0001193125-23-239619,8-K,2023-09-21,2023-09-21T20:30:42.000Z,7.01,d555818d8k.htm,https://www.sec.gov/Archives/edgar/data/1281761/000119312523239619,https://www.sec.gov/Archives/edgar/data/1281761/000119312523239619/index.json,NOT_CLASSIFIED
UAL,0000100517,0001104659-23-103019,8-K,2023-09-22,2023-09-22T11:45:27.000Z,7.01,tm2326690d1_8k.htm,https://www.sec.gov/Archives/edgar/data/100517/000110465923103019,https://www.sec.gov/Archives/edgar/data/100517/000110465923103019/index.json,NOT_CLASSIFIED
PNC,0000713676,0000713676-23-000062,8-K,2023-09-22,2023-09-22T20:20:37.000Z,7.01,pnc-20230922.htm,https://www.sec.gov/Archives/edgar/data/713676/000071367623000062,https://www.sec.gov/Archives/edgar/data/713676/000071367623000062/index.json,NOT_CLASSIFIED
KIM,0000879101,0001140361-23-046505,8-K,2023-10-03,2023-10-03T13:19:16.000Z,7.01,ny20011607x6_8k.htm,https://www.sec.gov/Archives/edgar/data/879101/000114036123046505,https://www.sec.gov/Archives/edgar/data/879101/000114036123046505/index.json,NOT_CLASSIFIED
UAL,0000100517,0000100517-23-000175,8-K,2023-10-04,2023-10-04T20:31:24.000Z,7.01,ual-20230928.htm,https://www.sec.gov/Archives/edgar/data/100517/000010051723000175,https://www.sec.gov/Archives/edgar/data/100517/000010051723000175/index.json,NOT_CLASSIFIED
IVZ,0000914208,0000914208-23-000468,8-K,2023-10-11,2023-10-11T11:34:06.000Z,7.01,ivz-20231010.htm,https://www.sec.gov/Archives/edgar/data/914208/000091420823000468,https://www.sec.gov/Archives/edgar/data/914208/000091420823000468/index.json,NOT_CLASSIFIED
PNC,0000713676,0000713676-23-000071,8-K,2023-10-13,2023-10-13T18:33:04.000Z,7.01,pnc-20231013.htm,https://www.sec.gov/Archives/edgar/data/713676/000071367623000071,https://www.sec.gov/Archives/edgar/data/713676/000071367623000071/index.json,NOT_CLASSIFIED
UAL,0000100517,0000100517-23-000182,8-K,2023-10-17,2023-10-17T20:00:07.000Z,"2.02,7.01",ual-20231017.htm,https://www.sec.gov/Archives/edgar/data/100517/000010051723000182,https://www.sec.gov/Archives/edgar/data/100517/000010051723000182/index.json,NOT_CLASSIFIED
USB,0000036104,0001193125-23-258045,8-K,2023-10-18,2023-10-18T10:58:09.000Z,2.02,d575514d8k.htm,https://www.sec.gov/Archives/edgar/data/36104/000119312523258045,https://www.sec.gov/Archives/edgar/data/36104/000119312523258045/index.json,NOT_CLASSIFIED
RF,0001281761,0001281761-23-000048,8-K,2023-10-20,2023-10-20T10:02:09.000Z,"2.02,7.01",rf-20231020.htm,https://www.sec.gov/Archives/edgar/data/1281761/000128176123000048,https://www.sec.gov/Archives/edgar/data/1281761/000128176123000048/index.json,NOT_CLASSIFIED
IVZ,0000914208,0000914208-23-000474,8-K,2023-10-24,2023-10-24T11:47:49.000Z,2.02,ivz-20231024.htm,https://www.sec.gov/Archives/edgar/data/914208/000091420823000474,https://www.sec.gov/Archives/edgar/data/914208/000091420823000474/index.json,NOT_CLASSIFIED
COF,0000927628,0000927628-23-000285,8-K,2023-10-26,2023-10-26T20:06:46.000Z,7.01,cof-20231026.htm,https://www.sec.gov/Archives/edgar/data/927628/000092762823000285,https://www.sec.gov/Archives/edgar/data/927628/000092762823000285/index.json,NOT_CLASSIFIED
CINF,0000020286,0000020286-23-000074,8-K,2023-10-26,2023-10-26T20:15:55.000Z,2.02,cinf-20231026.htm,https://www.sec.gov/Archives/edgar/data/20286/000002028623000074,https://www.sec.gov/Archives/edgar/data/20286/000002028623000074/index.json,NOT_CLASSIFIED
UDR,0000074208,0000074208-23-000063,8-K,2023-10-26,2023-10-26T20:18:54.000Z,2.02,udr-20231026x8k.htm,https://www.sec.gov/Archives/edgar/data/74208/000007420823000063,https://www.sec.gov/Archives/edgar/data/74208/000007420823000063/index.json,NOT_CLASSIFIED
AJG,0000354190,0001193125-23-264115,8-K,2023-10-26,2023-10-26T20:23:32.000Z,"2.02,7.01",d538669d8k.htm,https://www.sec.gov/Archives/edgar/data/354190/000119312523264115,https://www.sec.gov/Archives/edgar/data/354190/000119312523264115/index.json,NOT_CLASSIFIED
WDC,0000106040,0001193125-23-266188,8-K,2023-10-30,2023-10-30T20:18:03.000Z,7.01,d578251d8k.htm,https://www.sec.gov/Archives/edgar/data/106040/000119312523266188,https://www.sec.gov/Archives/edgar/data/106040/000119312523266188/index.json,NOT_CLASSIFIED
RF,0001281761,0001281761-23-000050,8-K,2023-10-31,2023-10-31T20:23:04.000Z,7.01,rf-20231031.htm,https://www.sec.gov/Archives/edgar/data/1281761/000128176123000050,https://www.sec.gov/Archives/edgar/data/1281761/000128176123000050/index.json,NOT_CLASSIFIED
HUM,0000049071,0000049071-23-000062,8-K,2023-11-01,2023-11-01T10:46:36.000Z,"2.02,7.01",hum-20231101.htm,https://www.sec.gov/Archives/edgar/data/49071/000004907123000062,https://www.sec.gov/Archives/edgar/data/49071/000004907123000062/index.json,NOT_CLASSIFIED
STT,0000093751,0000093751-23-000699,8-K,2023-11-01,2023-11-01T11:34:53.000Z,7.01,stt-20231101.htm,https://www.sec.gov/Archives/edgar/data/93751/000009375123000699,https://www.sec.gov/Archives/edgar/data/93751/000009375123000699/index.json,NOT_CLASSIFIED
MDLZ,0001103982,0001103982-23-000073,8-K,2023-11-01,2023-11-01T20:08:06.000Z,2.02,mdlz-20231101.htm,https://www.sec.gov/Archives/edgar/data/1103982/000110398223000073,https://www.sec.gov/Archives/edgar/data/1103982/000110398223000073/index.json,NOT_CLASSIFIED
CF,0001324404,0001104659-23-113430,8-K,2023-11-01,2023-11-01T20:56:20.000Z,2.02,tm2329400d1_8k.htm,https://www.sec.gov/Archives/edgar/data/1324404/000110465923113430,https://www.sec.gov/Archives/edgar/data/1324404/000110465923113430/index.json,NOT_CLASSIFIED
PPL,0000922224,0000922224-23-000052,8-K,2023-11-07,2023-11-07T15:07:56.000Z,7.01,ppl-20231106.htm,https://www.sec.gov/Archives/edgar/data/922224/000092222423000052,https://www.sec.gov/Archives/edgar/data/922224/000092222423000052/index.json,NOT_CLASSIFIED
DTE,0000936340,0000936340-23-000194,8-K,2023-11-09,2023-11-09T21:41:50.000Z,7.01,dte-20231109.htm,https://www.sec.gov/Archives/edgar/data/936340/000093634023000194,https://www.sec.gov/Archives/edgar/data/936340/000093634023000194/index.json,NOT_CLASSIFIED
EIX,0000827052,0000827052-23-000096,8-K,2023-11-13,2023-11-13T11:16:29.000Z,7.01,eix-20231113x8k.htm,https://www.sec.gov/Archives/edgar/data/827052/000082705223000096,https://www.sec.gov/Archives/edgar/data/827052/000082705223000096/index.json,NOT_CLASSIFIED
IVZ,0000914208,0000914208-23-000505,8-K,2023-11-13,2023-11-13T12:41:15.000Z,7.01,ivz-20231109.htm,https://www.sec.gov/Archives/edgar/data/914208/000091420823000505,https://www.sec.gov/Archives/edgar/data/914208/000091420823000505/index.json,NOT_CLASSIFIED
COF,0000927628,0000927628-23-000307,8-K,2023-11-15,2023-11-14T22:31:33.000Z,7.01,cof-20231114.htm,https://www.sec.gov/Archives/edgar/data/927628/000092762823000307,https://www.sec.gov/Archives/edgar/data/927628/000092762823000307/index.json,NOT_CLASSIFIED
TDG,0001260221,0001260221-23-000086,8-K,2023-11-15,2023-11-15T21:40:18.000Z,7.01,tdg-20231115.htm,https://www.sec.gov/Archives/edgar/data/1260221/000126022123000086,https://www.sec.gov/Archives/edgar/data/1260221/000126022123000086/index.json,NOT_CLASSIFIED
PGR,0000080661,0000080661-23-000051,8-K,2023-11-17,2023-11-17T19:39:32.000Z,7.01,pgr-20231117.htm,https://www.sec.gov/Archives/edgar/data/80661/000008066123000051,https://www.sec.gov/Archives/edgar/data/80661/000008066123000051/index.json,NOT_CLASSIFIED
CINF,0000020286,0000020286-23-000083,8-K,2023-11-29,2023-11-29T21:09:51.000Z,7.01,cinf-20231129.htm,https://www.sec.gov/Archives/edgar/data/20286/000002028623000083,https://www.sec.gov/Archives/edgar/data/20286/000002028623000083/index.json,NOT_CLASSIFIED
HUM,0000049071,0000049071-23-000067,8-K,2023-12-01,2023-12-01T12:30:19.000Z,7.01,hum-20231201.htm,https://www.sec.gov/Archives/edgar/data/49071/000004907123000067,https://www.sec.gov/Archives/edgar/data/49071/000004907123000067/index.json,NOT_CLASSIFIED
COF,0000927628,0000927628-23-000311,8-K,2023-12-04,2023-12-04T21:05:25.000Z,7.01,cof-20231204.htm,https://www.sec.gov/Archives/edgar/data/927628/000092762823000311,https://www.sec.gov/Archives/edgar/data/927628/000092762823000311/index.json,NOT_CLASSIFIED
PNC,0000713676,0000713676-23-000082,8-K,2023-12-05,2023-12-05T20:08:58.000Z,2.02,pnc-20231205.htm,https://www.sec.gov/Archives/edgar/data/713676/000071367623000082,https://www.sec.gov/Archives/edgar/data/713676/000071367623000082/index.json,NOT_CLASSIFIED
ODFL,0000878927,0000950170-23-068262,8-K,2023-12-05,2023-12-05T22:06:20.000Z,7.01,odfl-20231205.htm,https://www.sec.gov/Archives/edgar/data/878927/000095017023068262,https://www.sec.gov/Archives/edgar/data/878927/000095017023068262/index.json,NOT_CLASSIFIED
DTE,0000936340,0000936340-23-000200,8-K,2023-12-08,2023-12-08T11:51:03.000Z,7.01,dte-20231208.htm,https://www.sec.gov/Archives/edgar/data/936340/000093634023000200,https://www.sec.gov/Archives/edgar/data/936340/000093634023000200/index.json,NOT_CLASSIFIED
IVZ,0000914208,0000914208-23-000545,8-K,2023-12-12,2023-12-12T12:45:59.000Z,7.01,ivz-20231211.htm,https://www.sec.gov/Archives/edgar/data/914208/000091420823000545,https://www.sec.gov/Archives/edgar/data/914208/000091420823000545/index.json,NOT_CLASSIFIED
AJG,0000354190,0001193125-23-293935,8-K,2023-12-13,2023-12-13T13:16:28.000Z,7.01,d631029d8k.htm,https://www.sec.gov/Archives/edgar/data/354190/000119312523293935,https://www.sec.gov/Archives/edgar/data/354190/000119312523293935/index.json,NOT_CLASSIFIED
MAA,0000912595,0000950170-23-070045,8-K,2023-12-13,2023-12-13T21:16:29.000Z,7.01,maa-20231212.htm,https://www.sec.gov/Archives/edgar/data/912595/000095017023070045,https://www.sec.gov/Archives/edgar/data/912595/000095017023070045/index.json,NOT_CLASSIFIED
ALL,0000899051,0000899051-23-000088,8-K,2023-12-14,2023-12-14T12:53:56.000Z,7.01,all-20231214.htm,https://www.sec.gov/Archives/edgar/data/899051/000089905123000088,https://www.sec.gov/Archives/edgar/data/899051/000089905123000088/index.json,NOT_CLASSIFIED
COF,0000927628,0000927628-23-000317,8-K,2023-12-15,2023-12-14T22:31:41.000Z,7.01,cof-20231214.htm,https://www.sec.gov/Archives/edgar/data/927628/000092762823000317,https://www.sec.gov/Archives/edgar/data/927628/000092762823000317/index.json,NOT_CLASSIFIED
DTE,0000936340,0000936340-24-000022,8-K,2024-01-10,2024-01-10T21:16:43.000Z,7.01,dte-20240110.htm,https://www.sec.gov/Archives/edgar/data/936340/000093634024000022,https://www.sec.gov/Archives/edgar/data/936340/000093634024000022/index.json,NOT_CLASSIFIED
CNP,0001130310,0001193125-24-006148,8-K,2024-01-11,2024-01-11T02:26:05.000Z,7.01,d389888d8k.htm,https://www.sec.gov/Archives/edgar/data/1130310/000119312524006148,https://www.sec.gov/Archives/edgar/data/1130310/000119312524006148/index.json,NOT_CLASSIFIED
PNC,0000713676,0000713676-24-000006,8-K,2024-01-16,2024-01-16T11:45:45.000Z,2.02,pnc-20240116.htm,https://www.sec.gov/Archives/edgar/data/713676/000071367624000006,https://www.sec.gov/Archives/edgar/data/713676/000071367624000006/index.json,NOT_CLASSIFIED
AXP,0000004962,0000004962-24-000002,8-K,2024-01-16,2024-01-16T11:45:56.000Z,7.01,axp-20240116.htm,https://www.sec.gov/Archives/edgar/data/4962/000000496224000002,https://www.sec.gov/Archives/edgar/data/4962/000000496224000002/index.json,NOT_CLASSIFIED
IVZ,0000914208,0000914208-24-000022,8-K,2024-01-23,2024-01-23T12:46:58.000Z,2.02,ivz-20240123.htm,https://www.sec.gov/Archives/edgar/data/914208/000091420824000022,https://www.sec.gov/Archives/edgar/data/914208/000091420824000022/index.json,NOT_CLASSIFIED
PGR,0000080661,0000080661-24-000002,8-K,2024-01-24,2024-01-24T13:41:13.000Z,2.02,pgr-20240124.htm,https://www.sec.gov/Archives/edgar/data/80661/000008066124000002,https://www.sec.gov/Archives/edgar/data/80661/000008066124000002/index.json,NOT_CLASSIFIED
URI,0001067701,0001067701-24-000009,8-K,2024-01-24,2024-01-24T21:29:18.000Z,"2.02,7.01",uri-20240124.htm,https://www.sec.gov/Archives/edgar/data/1067701/000106770124000009,https://www.sec.gov/Archives/edgar/data/1067701/000106770124000009/index.json,NOT_CLASSIFIED
COF,0000927628,0000927628-24-000009,8-K,2024-01-25,2024-01-25T21:06:33.000Z,7.01,cof-20240125.htm,https://www.sec.gov/Archives/edgar/data/927628/000092762824000009,https://www.sec.gov/Archives/edgar/data/927628/000092762824000009/index.json,NOT_CLASSIFIED
PFG,0001126328,0001104659-24-006683,8-K,2024-01-25,2024-01-25T21:14:13.000Z,7.01,tm244083d1_8k.htm,https://www.sec.gov/Archives/edgar/data/1126328/000110465924006683,https://www.sec.gov/Archives/edgar/data/1126328/000110465924006683/index.json,NOT_CLASSIFIED
CINF,0000020286,0000020286-24-000002,8-K,2024-01-29,2024-01-29T13:50:30.000Z,7.01,cinf-20240125.htm,https://www.sec.gov/Archives/edgar/data/20286/000002028624000002,https://www.sec.gov/Archives/edgar/data/20286/000002028624000002/index.json,NOT_CLASSIFIED
MDLZ,0001103982,0001103982-24-000011,8-K,2024-01-30,2024-01-30T21:10:00.000Z,2.02,mdlz-20240130.htm,https://www.sec.gov/Archives/edgar/data/1103982/000110398224000011,https://www.sec.gov/Archives/edgar/data/1103982/000110398224000011/index.json,NOT_CLASSIFIED
MET,0001099219,0001099219-24-000028,8-K,2024-01-31,2024-01-31T21:31:18.000Z,"2.02,7.01",met-20240131.htm,https://www.sec.gov/Archives/edgar/data/1099219/000109921924000028,https://www.sec.gov/Archives/edgar/data/1099219/000109921924000028/index.json,NOT_CLASSIFIED
COF,0000927628,0000927628-24-000034,8-K,2024-02-05,2024-02-05T21:06:57.000Z,7.01,cof-20240205.htm,https://www.sec.gov/Archives/edgar/data/927628/000092762824000034,https://www.sec.gov/Archives/edgar/data/927628/000092762824000034/index.json,NOT_CLASSIFIED
CF,0001324404,0001104659-24-010649,8-K,2024-02-05,2024-02-05T21:30:35.000Z,7.01,tm245207d1_8k.htm,https://www.sec.gov/Archives/edgar/data/1324404/000110465924010649,https://www.sec.gov/Archives/edgar/data/1324404/000110465924010649/index.json,NOT_CLASSIFIED
LUV,0000092380,0000092380-24-000026,8-K,2024-02-06,2024-02-06T21:57:53.000Z,"2.02,7.01",luv-20240206.htm,https://www.sec.gov/Archives/edgar/data/92380/000009238024000026,https://www.sec.gov/Archives/edgar/data/92380/000009238024000026/index.json,NOT_CLASSIFIED
EMR,0000032604,0000032604-24-000004,8-K,2024-02-07,2024-02-07T11:54:42.000Z,2.02,emr-20240207.htm,https://www.sec.gov/Archives/edgar/data/32604/000003260424000004,https://www.sec.gov/Archives/edgar/data/32604/000003260424000004/index.json,NOT_CLASSIFIED
MAA,0000912595,0000950170-24-012216,8-K,2024-02-07,2024-02-07T21:16:41.000Z,"2.02,7.01",maa-20240207.htm,https://www.sec.gov/Archives/edgar/data/912595/000095017024012216,https://www.sec.gov/Archives/edgar/data/912595/000095017024012216/index.json,NOT_CLASSIFIED
DTE,0000936340,0000936340-24-000074,8-K,2024-02-08,2024-02-08T12:08:40.000Z,"2.02,7.01",dte-20240208.htm,https://www.sec.gov/Archives/edgar/data/936340/000093634024000074,https://www.sec.gov/Archives/edgar/data/936340/000093634024000074/index.json,NOT_CLASSIFIED
DOV,0000029905,0001193125-24-030238,8-K,2024-02-09,2024-02-09T22:01:11.000Z,7.01,d32068d8k.htm,https://www.sec.gov/Archives/edgar/data/29905/000119312524030238,https://www.sec.gov/Archives/edgar/data/29905/000119312524030238/index.json,NOT_CLASSIFIED
TDG,0001260221,0001260221-24-000028,8-K,2024-02-12,2024-02-12T22:01:31.000Z,7.01,tdg-20240212.htm,https://www.sec.gov/Archives/edgar/data/1260221/000126022124000028,https://www.sec.gov/Archives/edgar/data/1260221/000126022124000028/index.json,NOT_CLASSIFIED
PGR,0000080661,0000080661-24-000004,8-K,2024-02-14,2024-02-14T13:36:43.000Z,7.01,pgr-20240214.htm,https://www.sec.gov/Archives/edgar/data/80661/000008066124000004,https://www.sec.gov/Archives/edgar/data/80661/000008066124000004/index.json,NOT_CLASSIFIED
COF,0000927628,0000927628-24-000054,8-K,2024-02-15,2024-02-14T22:31:34.000Z,7.01,cof-20240214.htm,https://www.sec.gov/Archives/edgar/data/927628/000092762824000054,https://www.sec.gov/Archives/edgar/data/927628/000092762824000054/index.json,NOT_CLASSIFIED
ALL,0000899051,0000899051-24-000009,8-K,2024-02-15,2024-02-15T12:53:28.000Z,7.01,all-20240215.htm,https://www.sec.gov/Archives/edgar/data/899051/000089905124000009,https://www.sec.gov/Archives/edgar/data/899051/000089905124000009/index.json,NOT_CLASSIFIED
PPL,0000922224,0000922224-24-000006,8-K,2024-02-16,2024-02-16T13:03:33.000Z,"2.02,7.01",ppl-20240216.htm,https://www.sec.gov/Archives/edgar/data/922224/000092222424000006,https://www.sec.gov/Archives/edgar/data/922224/000092222424000006/index.json,NOT_CLASSIFIED
EIX,0000827052,0000827052-24-000017,8-K,2024-02-23,2024-02-23T21:06:42.000Z,7.01,eix-20240223x8k.htm,https://www.sec.gov/Archives/edgar/data/827052/000082705224000017,https://www.sec.gov/Archives/edgar/data/827052/000082705224000017/index.json,NOT_CLASSIFIED
DPZ,0001286681,0000950170-24-019724,8-K,2024-02-26,2024-02-26T11:23:36.000Z,2.02,dpz-20240226.htm,https://www.sec.gov/Archives/edgar/data/1286681/000095017024019724,https://www.sec.gov/Archives/edgar/data/1286681/000095017024019724/index.json,NOT_CLASSIFIED
COF,0000927628,0000927628-24-000097,8-K,2024-02-26,2024-02-26T21:05:52.000Z,7.01,cof-20240226.htm,https://www.sec.gov/Archives/edgar/data/927628/000092762824000097,https://www.sec.gov/Archives/edgar/data/927628/000092762824000097/index.json,NOT_CLASSIFIED
STT,0000093751,0000093751-24-000535,8-K,2024-02-27,2024-02-27T12:29:13.000Z,7.01,stt-20240227.htm,https://www.sec.gov/Archives/edgar/data/93751/000009375124000535,https://www.sec.gov/Archives/edgar/data/93751/000009375124000535/index.json,NOT_CLASSIFIED
COF,0000927628,0000927628-24-000103,8-K,2024-02-29,2024-02-29T21:07:05.000Z,7.01,cof-20240228.htm,https://www.sec.gov/Archives/edgar/data/927628/000092762824000103,https://www.sec.gov/Archives/edgar/data/927628/000092762824000103/index.json,NOT_CLASSIFIED
DTE,0000936340,0000936340-24-000090,8-K,2024-03-01,2024-03-01T21:20:34.000Z,2.02,dte-20240301.htm,https://www.sec.gov/Archives/edgar/data/936340/000093634024000090,https://www.sec.gov/Archives/edgar/data/936340/000093634024000090/index.json,NOT_CLASSIFIED
UDR,0000074208,0000074208-24-000017,8-K,2024-03-01,2024-03-01T21:22:04.000Z,7.01,udr-20240301x8k.htm,https://www.sec.gov/Archives/edgar/data/74208/000007420824000017,https://www.sec.gov/Archives/edgar/data/74208/000007420824000017/index.json,NOT_CLASSIFIED
MAA,0000912595,0000950170-24-024018,8-K,2024-03-01,2024-03-01T22:09:31.000Z,7.01,maa-20240301.htm,https://www.sec.gov/Archives/edgar/data/912595/000095017024024018,https://www.sec.gov/Archives/edgar/data/912595/000095017024024018/index.json,NOT_CLASSIFIED
COF,0000927628,0000927628-24-000109,8-K,2024-03-04,2024-03-04T21:16:43.000Z,7.01,cof-20240304.htm,https://www.sec.gov/Archives/edgar/data/927628/000092762824000109,https://www.sec.gov/Archives/edgar/data/927628/000092762824000109/index.json,NOT_CLASSIFIED
DTE,0000936340,0000936340-24-000095,8-K,2024-03-04,2024-03-04T22:20:11.000Z,7.01,dte-20240304.htm,https://www.sec.gov/Archives/edgar/data/936340/000093634024000095,https://www.sec.gov/Archives/edgar/data/936340/000093634024000095/index.json,NOT_CLASSIFIED
CVS,0000064803,0000064803-24-000009,8-K,2024-03-05,2024-03-05T11:09:28.000Z,7.01,cvs-20240305.htm,https://www.sec.gov/Archives/edgar/data/64803/000006480324000009,https://www.sec.gov/Archives/edgar/data/64803/000006480324000009/index.json,NOT_CLASSIFIED
ODFL,0000878927,0000950170-24-025450,8-K,2024-03-05,2024-03-05T14:17:35.000Z,7.01,odfl-20240305.htm,https://www.sec.gov/Archives/edgar/data/878927/000095017024025450,https://www.sec.gov/Archives/edgar/data/878927/000095017024025450/index.json,NOT_CLASSIFIED
PNC,0000713676,0000713676-24-000034,8-K,2024-03-05,2024-03-05T18:57:34.000Z,2.02,pnc-20240305.htm,https://www.sec.gov/Archives/edgar/data/713676/000071367624000034,https://www.sec.gov/Archives/edgar/data/713676/000071367624000034/index.json,NOT_CLASSIFIED
URI,0001067701,0001104659-24-031698,8-K,2024-03-07,2024-03-07T12:33:04.000Z,7.01,tm248178d1_8k.htm,https://www.sec.gov/Archives/edgar/data/1067701/000110465924031698,https://www.sec.gov/Archives/edgar/data/1067701/000110465924031698/index.json,NOT_CLASSIFIED
CNC,0001071739,0001071739-24-000049,8-K,2024-03-11,2024-03-11T20:30:21.000Z,7.01,cnc-20240311.htm,https://www.sec.gov/Archives/edgar/data/1071739/000107173924000049,https://www.sec.gov/Archives/edgar/data/1071739/000107173924000049/index.json,NOT_CLASSIFIED
LUV,0000092380,0000092380-24-000047,8-K,2024-03-12,2024-03-12T10:32:07.000Z,7.01,luv-20240312.htm,https://www.sec.gov/Archives/edgar/data/92380/000009238024000047,https://www.sec.gov/Archives/edgar/data/92380/000009238024000047/index.json,NOT_CLASSIFIED
IVZ,0000914208,0000914208-24-000222,8-K,2024-03-12,2024-03-12T11:39:55.000Z,7.01,ivz-20240311.htm,https://www.sec.gov/Archives/edgar/data/914208/000091420824000222,https://www.sec.gov/Archives/edgar/data/914208/000091420824000222/index.json,NOT_CLASSIFIED
TDG,0001260221,0001260221-24-000033,8-K,2024-03-14,2024-03-14T13:20:06.000Z,7.01,tdg-20240314.htm,https://www.sec.gov/Archives/edgar/data/1260221/000126022124000033,https://www.sec.gov/Archives/edgar/data/1260221/000126022124000033/index.json,NOT_CLASSIFIED
TDG,0001260221,0001260221-24-000035,8-K,2024-03-14,2024-03-14T20:13:49.000Z,7.01,tdg-20240314.htm,https://www.sec.gov/Archives/edgar/data/1260221/000126022124000035,https://www.sec.gov/Archives/edgar/data/1260221/000126022124000035/index.json,NOT_CLASSIFIED
COF,0000927628,0000927628-24-000140,8-K,2024-03-15,2024-03-14T21:33:39.000Z,7.01,cof-20240314.htm,https://www.sec.gov/Archives/edgar/data/927628/000092762824000140,https://www.sec.gov/Archives/edgar/data/927628/000092762824000140/index.json,NOT_CLASSIFIED
IBM,0000051143,0000051143-24-000015,8-K,2024-03-18,2024-03-18T20:20:31.000Z,7.01,ibm-20240318.htm,https://www.sec.gov/Archives/edgar/data/51143/000005114324000015,https://www.sec.gov/Archives/edgar/data/51143/000005114324000015/index.json,NOT_CLASSIFIED
ALL,0000899051,0000899051-24-000015,8-K,2024-03-21,2024-03-21T11:51:39.000Z,7.01,all-20240321.htm,https://www.sec.gov/Archives/edgar/data/899051/000089905124000015,https://www.sec.gov/Archives/edgar/data/899051/000089905124000015/index.json,NOT_CLASSIFIED
AJG,0000354190,0001193125-24-073326,8-K,2024-03-21,2024-03-21T12:02:34.000Z,7.01,d798715d8k.htm,https://www.sec.gov/Archives/edgar/data/354190/000119312524073326,https://www.sec.gov/Archives/edgar/data/354190/000119312524073326/index.json,NOT_CLASSIFIED
DTE,0000936340,0000936340-24-000105,8-K,2024-04-02,2024-04-02T20:30:08.000Z,7.01,dte-20240402.htm,https://www.sec.gov/Archives/edgar/data/936340/000093634024000105,https://www.sec.gov/Archives/edgar/data/936340/000093634024000105/index.json,NOT_CLASSIFIED
IVZ,0000914208,0000914208-24-000232,8-K,2024-04-09,2024-04-09T20:49:41.000Z,7.01,ivz-20240409.htm,https://www.sec.gov/Archives/edgar/data/914208/000091420824000232,https://www.sec.gov/Archives/edgar/data/914208/000091420824000232/index.json,NOT_CLASSIFIED
STT,0000093751,0000093751-24-000584,8-K,2024-04-12,2024-04-12T11:30:53.000Z,"2.02,7.01",stt-20240412.htm,https://www.sec.gov/Archives/edgar/data/93751/000009375124000584,https://www.sec.gov/Archives/edgar/data/93751/000009375124000584/index.json,NOT_CLASSIFIED
PGR,0000080661,0000080661-24-000016,8-K,2024-04-12,2024-04-12T13:01:17.000Z,2.02,pgr-20240412.htm,https://www.sec.gov/Archives/edgar/data/80661/000008066124000016,https://www.sec.gov/Archives/edgar/data/80661/000008066124000016/index.json,NOT_CLASSIFIED
MTB,0000036270,0001628280-24-016126,8-K,2024-04-15,2024-04-15T10:13:01.000Z,2.02,mbt-20240415.htm,https://www.sec.gov/Archives/edgar/data/36270/000162828024016126,https://www.sec.gov/Archives/edgar/data/36270/000162828024016126/index.json,NOT_CLASSIFIED
AXP,0000004962,0000004962-24-000023,8-K,2024-04-15,2024-04-15T11:17:17.000Z,7.01,axp-20240415.htm,https://www.sec.gov/Archives/edgar/data/4962/000000496224000023,https://www.sec.gov/Archives/edgar/data/4962/000000496224000023/index.json,NOT_CLASSIFIED
PNC,0000713676,0000713676-24-000039,8-K,2024-04-16,2024-04-16T16:55:08.000Z,7.01,pnc-20240416.htm,https://www.sec.gov/Archives/edgar/data/713676/000071367624000039,https://www.sec.gov/Archives/edgar/data/713676/000071367624000039/index.json,NOT_CLASSIFIED
UAL,0000100517,0000100517-24-000076,8-K,2024-04-16,2024-04-16T20:00:09.000Z,"2.02,7.01",ual-20240416.htm,https://www.sec.gov/Archives/edgar/data/100517/000010051724000076,https://www.sec.gov/Archives/edgar/data/100517/000010051724000076/index.json,NOT_CLASSIFIED
RF,0001281761,0001281761-24-000022,8-K,2024-04-19,2024-04-19T10:05:00.000Z,"2.02,7.01",rf-20240419.htm,https://www.sec.gov/Archives/edgar/data/1281761/000128176124000022,https://www.sec.gov/Archives/edgar/data/1281761/000128176124000022/index.json,NOT_CLASSIFIED
AXP,0000004962,0000004962-24-000029,8-K,2024-04-19,2024-04-19T11:02:18.000Z,"2.02,7.01",axp-20240419.htm,https://www.sec.gov/Archives/edgar/data/4962/000000496224000029,https://www.sec.gov/Archives/edgar/data/4962/000000496224000029/index.json,NOT_CLASSIFIED
HUM,0000049071,0000049071-24-000021,8-K,2024-04-24,2024-04-24T10:38:26.000Z,"2.02,7.01",hum-20240424.htm,https://www.sec.gov/Archives/edgar/data/49071/000004907124000021,https://www.sec.gov/Archives/edgar/data/49071/000004907124000021/index.json,NOT_CLASSIFIED
DTE,0000936340,0000936340-24-000115,8-K,2024-04-25,2024-04-25T11:05:24.000Z,"2.02,7.01",dte-20240425.htm,https://www.sec.gov/Archives/edgar/data/936340/000093634024000115,https://www.sec.gov/Archives/edgar/data/936340/000093634024000115/index.json,NOT_CLASSIFIED
COF,0000927628,0000927628-24-000158,8-K,2024-04-25,2024-04-25T20:05:55.000Z,2.02,cof-20240425.htm,https://www.sec.gov/Archives/edgar/data/927628/000092762824000158,https://www.sec.gov/Archives/edgar/data/927628/000092762824000158/index.json,NOT_CLASSIFIED
COF,0000927628,0000927628-24-000159,8-K,2024-04-25,2024-04-25T20:07:05.000Z,7.01,cof-20240425.htm,https://www.sec.gov/Archives/edgar/data/927628/000092762824000159,https://www.sec.gov/Archives/edgar/data/927628/000092762824000159/index.json,NOT_CLASSIFIED
CINF,0000020286,0000020286-24-000029,8-K,2024-04-25,2024-04-25T20:07:47.000Z,2.02,cinf-20240425.htm,https://www.sec.gov/Archives/edgar/data/20286/000002028624000029,https://www.sec.gov/Archives/edgar/data/20286/000002028624000029/index.json,NOT_CLASSIFIED
FE,0001031296,0001031296-24-000024,8-K,2024-04-25,2024-04-25T20:39:38.000Z,"2.02,7.01",fe-20240425.htm,https://www.sec.gov/Archives/edgar/data/1031296/000103129624000024,https://www.sec.gov/Archives/edgar/data/1031296/000103129624000024/index.json,NOT_CLASSIFIED
RF,0001281761,0001281761-24-000025,8-K,2024-04-25,2024-04-25T21:14:20.000Z,7.01,rf-20240425.htm,https://www.sec.gov/Archives/edgar/data/1281761/000128176124000025,https://www.sec.gov/Archives/edgar/data/1281761/000128176124000025/index.json,NOT_CLASSIFIED
CNP,0001130310,0001130310-24-000067,8-K,2024-04-30,2024-04-30T10:20:34.000Z,"2.02,7.01",cnp-20240430.htm,https://www.sec.gov/Archives/edgar/data/1130310/000113031024000067,https://www.sec.gov/Archives/edgar/data/1130310/000113031024000067/index.json,NOT_CLASSIFIED
EIX,0000827052,0000827052-24-000038,8-K,2024-05-01,2024-04-30T22:36:30.000Z,7.01,eix-20240430x8k.htm,https://www.sec.gov/Archives/edgar/data/827052/000082705224000038,https://www.sec.gov/Archives/edgar/data/827052/000082705224000038/index.json,NOT_CLASSIFIED
PPL,0000922224,0000922224-24-000012,8-K,2024-05-01,2024-05-01T12:24:05.000Z,"2.02,7.01",ppl-20240501.htm,https://www.sec.gov/Archives/edgar/data/922224/000092222424000012,https://www.sec.gov/Archives/edgar/data/922224/000092222424000012/index.json,NOT_CLASSIFIED
TDG,0001260221,0001260221-24-000043,8-K,2024-05-07,2024-05-07T11:18:56.000Z,2.02,tdg-20240507.htm,https://www.sec.gov/Archives/edgar/data/1260221/000126022124000043,https://www.sec.gov/Archives/edgar/data/1260221/000126022124000043/index.json,NOT_CLASSIFIED
CINF,0000020286,0000020286-24-000033,8-K,2024-05-09,2024-05-09T12:22:16.000Z,7.01,cinf-20240504.htm,https://www.sec.gov/Archives/edgar/data/20286/000002028624000033,https://www.sec.gov/Archives/edgar/data/20286/000002028624000033/index.json,NOT_CLASSIFIED
COF,0000927628,0000927628-24-000219,8-K,2024-05-15,2024-05-14T21:31:28.000Z,7.01,cof-20240514.htm,https://www.sec.gov/Archives/edgar/data/927628/000092762824000219,https://www.sec.gov/Archives/edgar/data/927628/000092762824000219/index.json,NOT_CLASSIFIED
ALL,0000899051,0000899051-24-000031,8-K,2024-05-16,2024-05-16T11:47:32.000Z,7.01,all-20240516.htm,https://www.sec.gov/Archives/edgar/data/899051/000089905124000031,https://www.sec.gov/Archives/edgar/data/899051/000089905124000031/index.json,NOT_CLASSIFIED
DTE,0000936340,0000936340-24-000155,8-K,2024-05-17,2024-05-17T20:16:19.000Z,7.01,dte-20240517.htm,https://www.sec.gov/Archives/edgar/data/936340/000093634024000155,https://www.sec.gov/Archives/edgar/data/936340/000093634024000155/index.json,NOT_CLASSIFIED
UAL,0000100517,0000100517-24-000093,8-K,2024-05-28,2024-05-28T21:08:58.000Z,7.01,ual-20240528.htm,https://www.sec.gov/Archives/edgar/data/100517/000010051724000093,https://www.sec.gov/Archives/edgar/data/100517/000010051724000093/index.json,NOT_CLASSIFIED
HUM,0000049071,0000049071-24-000027,8-K,2024-06-03,2024-06-03T11:30:17.000Z,7.01,hum-20240603.htm,https://www.sec.gov/Archives/edgar/data/49071/000004907124000027,https://www.sec.gov/Archives/edgar/data/49071/000004907124000027/index.json,NOT_CLASSIFIED
UDR,0000074208,0000074208-24-000054,8-K,2024-06-03,2024-06-03T20:16:43.000Z,7.01,udr-20240603x8k.htm,https://www.sec.gov/Archives/edgar/data/74208/000007420824000054,https://www.sec.gov/Archives/edgar/data/74208/000007420824000054/index.json,NOT_CLASSIFIED
COF,0000927628,0000927628-24-000225,8-K,2024-06-10,2024-06-10T20:08:33.000Z,7.01,cof-20240610.htm,https://www.sec.gov/Archives/edgar/data/927628/000092762824000225,https://www.sec.gov/Archives/edgar/data/927628/000092762824000225/index.json,NOT_CLASSIFIED
IVZ,0000914208,0000914208-24-000323,8-K,2024-06-11,2024-06-11T20:50:51.000Z,7.01,ivz-20240611.htm,https://www.sec.gov/Archives/edgar/data/914208/000091420824000323,https://www.sec.gov/Archives/edgar/data/914208/000091420824000323/index.json,NOT_CLASSIFIED
PGR,0000080661,0000080661-24-000026,8-K,2024-06-14,2024-06-14T12:31:33.000Z,7.01,pgr-20240614.htm,https://www.sec.gov/Archives/edgar/data/80661/000008066124000026,https://www.sec.gov/Archives/edgar/data/80661/000008066124000026/index.json,NOT_CLASSIFIED
COF,0000927628,0000927628-24-000228,8-K,2024-06-17,2024-06-14T21:33:32.000Z,7.01,cof-20240614.htm,https://www.sec.gov/Archives/edgar/data/927628/000092762824000228,https://www.sec.gov/Archives/edgar/data/927628/000092762824000228/index.json,NOT_CLASSIFIED
DTE,0000936340,0000936340-24-000166,8-K,2024-06-17,2024-06-17T20:16:55.000Z,7.01,dte-20240617.htm,https://www.sec.gov/Archives/edgar/data/936340/000093634024000166,https://www.sec.gov/Archives/edgar/data/936340/000093634024000166/index.json,NOT_CLASSIFIED
ALL,0000899051,0000899051-24-000041,8-K,2024-06-20,2024-06-20T11:45:25.000Z,7.01,all-20240620.htm,https://www.sec.gov/Archives/edgar/data/899051/000089905124000041,https://www.sec.gov/Archives/edgar/data/899051/000089905124000041/index.json,NOT_CLASSIFIED
CNP,0001130310,0001193125-24-167028,8-K,2024-06-24,2024-06-24T21:02:07.000Z,7.01,d811993d8k.htm,https://www.sec.gov/Archives/edgar/data/1130310/000119312524167028,https://www.sec.gov/Archives/edgar/data/1130310/000119312524167028/index.json,NOT_CLASSIFIED
TDG,0001260221,0001260221-24-000060,8-K,2024-06-26,2024-06-26T12:18:11.000Z,7.01,tdg-20240626.htm,https://www.sec.gov/Archives/edgar/data/1260221/000126022124000060,https://www.sec.gov/Archives/edgar/data/1260221/000126022124000060/index.json,NOT_CLASSIFIED
ORLY,0000898173,0000898173-24-000030,8-K,2024-07-01,2024-07-01T20:30:24.000Z,7.01,orly-20240701x8k.htm,https://www.sec.gov/Archives/edgar/data/898173/000089817324000030,https://www.sec.gov/Archives/edgar/data/898173/000089817324000030/index.json,NOT_CLASSIFIED
IVZ,0000914208,0000914208-24-000327,8-K,2024-07-10,2024-07-10T20:51:24.000Z,7.01,ivz-20240710.htm,https://www.sec.gov/Archives/edgar/data/914208/000091420824000327,https://www.sec.gov/Archives/edgar/data/914208/000091420824000327/index.json,NOT_CLASSIFIED
AXP,0000004962,0000004962-24-000049,8-K,2024-07-15,2024-07-15T16:00:23.000Z,7.01,axp-20240715.htm,https://www.sec.gov/Archives/edgar/data/4962/000000496224000049,https://www.sec.gov/Archives/edgar/data/4962/000000496224000049/index.json,NOT_CLASSIFIED
USB,0000036104,0000036104-24-000048,8-K,2024-07-17,2024-07-17T10:47:52.000Z,"2.02,7.01",usb-20240717.htm,https://www.sec.gov/Archives/edgar/data/36104/000003610424000048,https://www.sec.gov/Archives/edgar/data/36104/000003610424000048/index.json,NOT_CLASSIFIED
ALL,0000899051,0000899051-24-000046,8-K,2024-07-18,2024-07-18T11:45:40.000Z,7.01,all-20240718.htm,https://www.sec.gov/Archives/edgar/data/899051/000089905124000046,https://www.sec.gov/Archives/edgar/data/899051/000089905124000046/index.json,NOT_CLASSIFIED
RF,0001281761,0001281761-24-000040,8-K,2024-07-19,2024-07-19T10:03:14.000Z,"2.02,7.01",rf-20240719.htm,https://www.sec.gov/Archives/edgar/data/1281761/000128176124000040,https://www.sec.gov/Archives/edgar/data/1281761/000128176124000040/index.json,NOT_CLASSIFIED
FE,0001031296,0001031296-24-000035,8-K,2024-07-22,2024-07-22T13:00:48.000Z,7.01,fe-20240721.htm,https://www.sec.gov/Archives/edgar/data/1031296/000103129624000035,https://www.sec.gov/Archives/edgar/data/1031296/000103129624000035/index.json,NOT_CLASSIFIED
IVZ,0000914208,0000914208-24-000331,8-K,2024-07-23,2024-07-23T11:46:42.000Z,2.02,ivz-20240723.htm,https://www.sec.gov/Archives/edgar/data/914208/000091420824000331,https://www.sec.gov/Archives/edgar/data/914208/000091420824000331/index.json,NOT_CLASSIFIED
COF,0000927628,0000927628-24-000253,8-K,2024-07-23,2024-07-23T20:06:11.000Z,2.02,cof-20240723.htm,https://www.sec.gov/Archives/edgar/data/927628/000092762824000253,https://www.sec.gov/Archives/edgar/data/927628/000092762824000253/index.json,NOT_CLASSIFIED
LUV,0000092380,0000092380-24-000108,8-K,2024-07-25,2024-07-25T10:30:23.000Z,"2.02,7.01",luv-20240725.htm,https://www.sec.gov/Archives/edgar/data/92380/000009238024000108,https://www.sec.gov/Archives/edgar/data/92380/000009238024000108/index.json,NOT_CLASSIFIED
DTE,0000936340,0000936340-24-000176,8-K,2024-07-25,2024-07-25T10:50:58.000Z,"2.02,7.01",dte-20240725.htm,https://www.sec.gov/Archives/edgar/data/936340/000093634024000176,https://www.sec.gov/Archives/edgar/data/936340/000093634024000176/index.json,NOT_CLASSIFIED
EIX,0000827052,0000827052-24-000054,8-K,2024-07-25,2024-07-25T20:07:55.000Z,"2.02,7.01",eix-20240725x8k.htm,https://www.sec.gov/Archives/edgar/data/827052/000082705224000054,https://www.sec.gov/Archives/edgar/data/827052/000082705224000054/index.json,NOT_CLASSIFIED
CNC,0001071739,0001071739-24-000158,8-K,2024-07-26,2024-07-25T22:07:28.000Z,2.02,cnc-20240726.htm,https://www.sec.gov/Archives/edgar/data/1071739/000107173924000158,https://www.sec.gov/Archives/edgar/data/1071739/000107173924000158/index.json,NOT_CLASSIFIED
EIX,0000827052,0000827052-24-000057,8-K,2024-07-26,2024-07-25T22:30:44.000Z,7.01,eix-20240725x8k.htm,https://www.sec.gov/Archives/edgar/data/827052/000082705224000057,https://www.sec.gov/Archives/edgar/data/827052/000082705224000057/index.json,NOT_CLASSIFIED
HUM,0000049071,0000049071-24-000037,8-K,2024-07-31,2024-07-31T10:41:24.000Z,"2.02,7.01",hum-20240731.htm,https://www.sec.gov/Archives/edgar/data/49071/000004907124000037,https://www.sec.gov/Archives/edgar/data/49071/000004907124000037/index.json,NOT_CLASSIFIED
MET,0001099219,0001099219-24-000196,8-K,2024-07-31,2024-07-31T20:31:02.000Z,"2.02,7.01",met-20240731.htm,https://www.sec.gov/Archives/edgar/data/1099219/000109921924000196,https://www.sec.gov/Archives/edgar/data/1099219/000109921924000196/index.json,NOT_CLASSIFIED
DTE,0000936340,0000936340-24-000180,8-K,2024-08-01,2024-08-01T20:16:09.000Z,2.02,dte-20240801.htm,https://www.sec.gov/Archives/edgar/data/936340/000093634024000180,https://www.sec.gov/Archives/edgar/data/936340/000093634024000180/index.json,NOT_CLASSIFIED
CNP,0001130310,0001104659-24-085024,8-K,2024-08-02,2024-08-02T00:53:59.000Z,7.01,tm2420721d1_8k.htm,https://www.sec.gov/Archives/edgar/data/1130310/000110465924085024,https://www.sec.gov/Archives/edgar/data/1130310/000110465924085024/index.json,NOT_CLASSIFIED
BAX,0000010456,0001628280-24-034963,8-K,2024-08-06,2024-08-06T11:18:23.000Z,2.02,bax-20240806.htm,https://www.sec.gov/Archives/edgar/data/10456/000162828024034963,https://www.sec.gov/Archives/edgar/data/10456/000162828024034963/index.json,NOT_CLASSIFIED
CF,0001324404,0001104659-24-086801,8-K,2024-08-07,2024-08-07T20:58:02.000Z,2.02,tm2420936d1_8k.htm,https://www.sec.gov/Archives/edgar/data/1324404/000110465924086801,https://www.sec.gov/Archives/edgar/data/1324404/000110465924086801/index.json,NOT_CLASSIFIED
IVZ,0000914208,0000914208-24-000350,8-K,2024-08-12,2024-08-12T20:52:53.000Z,7.01,ivz-20240812.htm,https://www.sec.gov/Archives/edgar/data/914208/000091420824000350,https://www.sec.gov/Archives/edgar/data/914208/000091420824000350/index.json,NOT_CLASSIFIED
ALL,0000899051,0000899051-24-000058,8-K,2024-08-13,2024-08-13T21:15:12.000Z,7.01,all-20240813.htm,https://www.sec.gov/Archives/edgar/data/899051/000089905124000058,https://www.sec.gov/Archives/edgar/data/899051/000089905124000058/index.json,NOT_CLASSIFIED
DTE,0000936340,0000936340-24-000182,8-K,2024-08-14,2024-08-14T20:15:42.000Z,7.01,dte-20240814.htm,https://www.sec.gov/Archives/edgar/data/936340/000093634024000182,https://www.sec.gov/Archives/edgar/data/936340/000093634024000182/index.json,NOT_CLASSIFIED
COF,0000927628,0000927628-24-000272,8-K,2024-08-15,2024-08-14T21:31:20.000Z,7.01,cof-20240814.htm,https://www.sec.gov/Archives/edgar/data/927628/000092762824000272,https://www.sec.gov/Archives/edgar/data/927628/000092762824000272/index.json,NOT_CLASSIFIED
ALL,0000899051,0000899051-24-000060,8-K,2024-08-15,2024-08-15T11:48:41.000Z,7.01,all-20240815.htm,https://www.sec.gov/Archives/edgar/data/899051/000089905124000060,https://www.sec.gov/Archives/edgar/data/899051/000089905124000060/index.json,NOT_CLASSIFIED
RF,0001281761,0001281761-24-000068,8-K,2024-08-19,2024-08-19T20:34:38.000Z,7.01,rf-20240819.htm,https://www.sec.gov/Archives/edgar/data/1281761/000128176124000068,https://www.sec.gov/Archives/edgar/data/1281761/000128176124000068/index.json,NOT_CLASSIFIED
F,0000037996,0000037996-24-000150,8-K,2024-08-21,2024-08-21T12:02:03.000Z,7.01,f-20240819.htm,https://www.sec.gov/Archives/edgar/data/37996/000003799624000150,https://www.sec.gov/Archives/edgar/data/37996/000003799624000150/index.json,NOT_CLASSIFIED
CINF,0000020286,0000020286-24-000051,8-K,2024-08-22,2024-08-22T12:10:45.000Z,7.01,cinf-20240822.htm,https://www.sec.gov/Archives/edgar/data/20286/000002028624000051,https://www.sec.gov/Archives/edgar/data/20286/000002028624000051/index.json,NOT_CLASSIFIED
TDG,0001260221,0001260221-24-000071,8-K,2024-09-03,2024-09-03T12:13:17.000Z,7.01,tdg-20240903.htm,https://www.sec.gov/Archives/edgar/data/1260221/000126022124000071,https://www.sec.gov/Archives/edgar/data/1260221/000126022124000071/index.json,NOT_CLASSIFIED
MAA,0000912595,0000950170-24-102831,8-K,2024-09-03,2024-09-03T20:18:55.000Z,7.01,maa-20240903.htm,https://www.sec.gov/Archives/edgar/data/912595/000095017024102831,https://www.sec.gov/Archives/edgar/data/912595/000095017024102831/index.json,NOT_CLASSIFIED
UDR,0000074208,0000074208-24-000074,8-K,2024-09-04,2024-09-04T20:21:57.000Z,7.01,udr-20240904x8k.htm,https://www.sec.gov/Archives/edgar/data/74208/000007420824000074,https://www.sec.gov/Archives/edgar/data/74208/000007420824000074/index.json,NOT_CLASSIFIED
DTE,0000936340,0000936340-24-000185,8-K,2024-09-04,2024-09-04T20:45:09.000Z,7.01,dte-20240904.htm,https://www.sec.gov/Archives/edgar/data/936340/000093634024000185,https://www.sec.gov/Archives/edgar/data/936340/000093634024000185/index.json,NOT_CLASSIFIED
ODFL,0000878927,0000950170-24-103559,8-K,2024-09-04,2024-09-04T22:26:46.000Z,7.01,odfl-20240904.htm,https://www.sec.gov/Archives/edgar/data/878927/000095017024103559,https://www.sec.gov/Archives/edgar/data/878927/000095017024103559/index.json,NOT_CLASSIFIED
COF,0000927628,0000927628-24-000279,8-K,2024-09-09,2024-09-09T20:06:27.000Z,7.01,cof-20240909.htm,https://www.sec.gov/Archives/edgar/data/927628/000092762824000279,https://www.sec.gov/Archives/edgar/data/927628/000092762824000279/index.json,NOT_CLASSIFIED
LUV,0000092380,0001193125-24-216328,8-K,2024-09-10,2024-09-10T11:38:03.000Z,7.01,d886171d8k.htm,https://www.sec.gov/Archives/edgar/data/92380/000119312524216328,https://www.sec.gov/Archives/edgar/data/92380/000119312524216328/index.json,NOT_CLASSIFIED
IVZ,0000914208,0000914208-24-000389,8-K,2024-09-11,2024-09-11T20:49:13.000Z,7.01,ivz-20240911.htm,https://www.sec.gov/Archives/edgar/data/914208/000091420824000389,https://www.sec.gov/Archives/edgar/data/914208/000091420824000389/index.json,NOT_CLASSIFIED
FE,0001031296,0001031296-24-000049,8-K,2024-09-12,2024-09-12T21:15:55.000Z,7.01,fe-20240912.htm,https://www.sec.gov/Archives/edgar/data/1031296/000103129624000049,https://www.sec.gov/Archives/edgar/data/1031296/000103129624000049/index.json,NOT_CLASSIFIED
PGR,0000080661,0000080661-24-000039,8-K,2024-09-13,2024-09-13T13:12:42.000Z,7.01,pgr-20240913.htm,https://www.sec.gov/Archives/edgar/data/80661/000008066124000039,https://www.sec.gov/Archives/edgar/data/80661/000008066124000039/index.json,NOT_CLASSIFIED
COF,0000927628,0000927628-24-000284,8-K,2024-09-16,2024-09-13T21:31:19.000Z,7.01,cof-20240913.htm,https://www.sec.gov/Archives/edgar/data/927628/000092762824000284,https://www.sec.gov/Archives/edgar/data/927628/000092762824000284/index.json,NOT_CLASSIFIED
LUV,0000092380,0000092380-24-000116,8-K,2024-09-25,2024-09-25T20:30:28.000Z,7.01,luv-20240923.htm,https://www.sec.gov/Archives/edgar/data/92380/000009238024000116,https://www.sec.gov/Archives/edgar/data/92380/000009238024000116/index.json,NOT_CLASSIFIED
ORLY,0000898173,0000898173-24-000037,8-K,2024-10-01,2024-10-01T20:31:22.000Z,7.01,orly-20241001x8k.htm,https://www.sec.gov/Archives/edgar/data/898173/000089817324000037,https://www.sec.gov/Archives/edgar/data/898173/000089817324000037/index.json,NOT_CLASSIFIED
HUM,0000049071,0000049071-24-000045,8-K,2024-10-02,2024-10-02T10:35:47.000Z,7.01,hum-20241002.htm,https://www.sec.gov/Archives/edgar/data/49071/000004907124000045,https://www.sec.gov/Archives/edgar/data/49071/000004907124000045/index.json,NOT_CLASSIFIED
IVZ,0000914208,0000914208-24-000402,8-K,2024-10-09,2024-10-09T20:47:04.000Z,7.01,ivz-20241009.htm,https://www.sec.gov/Archives/edgar/data/914208/000091420824000402,https://www.sec.gov/Archives/edgar/data/914208/000091420824000402/index.json,NOT_CLASSIFIED
CNC,0001071739,0001071739-24-000192,8-K,2024-10-11,2024-10-11T00:50:40.000Z,7.01,cnc-20241011.htm,https://www.sec.gov/Archives/edgar/data/1071739/000107173924000192,https://www.sec.gov/Archives/edgar/data/1071739/000107173924000192/index.json,NOT_CLASSIFIED
STT,0000093751,0000093751-24-000722,8-K,2024-10-15,2024-10-15T11:00:32.000Z,"2.02,7.01",stt-20241010.htm,https://www.sec.gov/Archives/edgar/data/93751/000009375124000722,https://www.sec.gov/Archives/edgar/data/93751/000009375124000722/index.json,NOT_CLASSIFIED
AXP,0000004962,0000004962-24-000065,8-K,2024-10-15,2024-10-15T16:01:05.000Z,7.01,axp-20241015.htm,https://www.sec.gov/Archives/edgar/data/4962/000000496224000065,https://www.sec.gov/Archives/edgar/data/4962/000000496224000065/index.json,NOT_CLASSIFIED
UAL,0000100517,0000100517-24-000132,8-K,2024-10-15,2024-10-15T20:00:00.000Z,"2.02,7.01",ual-20241015.htm,https://www.sec.gov/Archives/edgar/data/100517/000010051724000132,https://www.sec.gov/Archives/edgar/data/100517/000010051724000132/index.json,NOT_CLASSIFIED
RF,0001281761,0001281761-24-000094,8-K,2024-10-18,2024-10-18T10:01:59.000Z,"2.02,7.01",rf-20241018.htm,https://www.sec.gov/Archives/edgar/data/1281761/000128176124000094,https://www.sec.gov/Archives/edgar/data/1281761/000128176124000094/index.json,NOT_CLASSIFIED
IVZ,0000914208,0000914208-24-000423,8-K,2024-10-22,2024-10-22T11:46:36.000Z,2.02,ivz-20241022.htm,https://www.sec.gov/Archives/edgar/data/914208/000091420824000423,https://www.sec.gov/Archives/edgar/data/914208/000091420824000423/index.json,NOT_CLASSIFIED
LUV,0000092380,0000092380-24-000145,8-K,2024-10-24,2024-10-24T10:32:38.000Z,"2.02,7.01",luv-20241024.htm,https://www.sec.gov/Archives/edgar/data/92380/000009238024000145,https://www.sec.gov/Archives/edgar/data/92380/000009238024000145/index.json,NOT_CLASSIFIED
DTE,0000936340,0000936340-24-000196,8-K,2024-10-24,2024-10-24T10:50:33.000Z,"2.02,7.01",dte-20241024.htm,https://www.sec.gov/Archives/edgar/data/936340/000093634024000196,https://www.sec.gov/Archives/edgar/data/936340/000093634024000196/index.json,NOT_CLASSIFIED
LUV,0000092380,0001193125-24-242286,8-K,2024-10-24,2024-10-24T11:22:30.000Z,7.01,d899498d8k.htm,https://www.sec.gov/Archives/edgar/data/92380/000119312524242286,https://www.sec.gov/Archives/edgar/data/92380/000119312524242286/index.json,NOT_CLASSIFIED
IBM,0000051143,0000051143-24-000045,8-K,2024-10-24,2024-10-24T20:12:46.000Z,7.01,ibm-20241023.htm,https://www.sec.gov/Archives/edgar/data/51143/000005114324000045,https://www.sec.gov/Archives/edgar/data/51143/000005114324000045/index.json,NOT_CLASSIFIED
CNP,0001130310,0001130310-24-000117,8-K,2024-10-28,2024-10-28T10:20:31.000Z,"2.02,7.01",cnp-20241028.htm,https://www.sec.gov/Archives/edgar/data/1130310/000113031024000117,https://www.sec.gov/Archives/edgar/data/1130310/000113031024000117/index.json,NOT_CLASSIFIED
FE,0001031296,0001031296-24-000054,8-K,2024-10-29,2024-10-29T20:25:33.000Z,"2.02,7.01",fe-20241029.htm,https://www.sec.gov/Archives/edgar/data/1031296/000103129624000054,https://www.sec.gov/Archives/edgar/data/1031296/000103129624000054/index.json,NOT_CLASSIFIED
EIX,0000827052,0000827052-24-000078,8-K,2024-10-30,2024-10-29T22:30:35.000Z,7.01,eix-20241029x8k.htm,https://www.sec.gov/Archives/edgar/data/827052/000082705224000078,https://www.sec.gov/Archives/edgar/data/827052/000082705224000078/index.json,NOT_CLASSIFIED
HUM,0000049071,0000049071-24-000051,8-K,2024-10-30,2024-10-30T10:42:43.000Z,"2.02,7.01",hum-20241030.htm,https://www.sec.gov/Archives/edgar/data/49071/000004907124000051,https://www.sec.gov/Archives/edgar/data/49071/000004907124000051/index.json,NOT_CLASSIFIED
ALL,0000899051,0000899051-24-000082,8-K,2024-10-30,2024-10-30T20:15:31.000Z,2.02,all-20241030.htm,https://www.sec.gov/Archives/edgar/data/899051/000089905124000082,https://www.sec.gov/Archives/edgar/data/899051/000089905124000082/index.json,NOT_CLASSIFIED
MAA,0000912595,0000950170-24-119008,8-K,2024-10-30,2024-10-30T20:15:56.000Z,"2.02,7.01",maa-20241030.htm,https://www.sec.gov/Archives/edgar/data/912595/000095017024119008,https://www.sec.gov/Archives/edgar/data/912595/000095017024119008/index.json,NOT_CLASSIFIED
RF,0001281761,0001281761-24-000099,8-K,2024-11-07,2024-11-07T21:12:20.000Z,7.01,rf-20241107.htm,https://www.sec.gov/Archives/edgar/data/1281761/000128176124000099,https://www.sec.gov/Archives/edgar/data/1281761/000128176124000099/index.json,NOT_CLASSIFIED
CINF,0000020286,0000020286-24-000065,8-K,2024-11-08,2024-11-08T19:22:45.000Z,7.01,cinf-20241108.htm,https://www.sec.gov/Archives/edgar/data/20286/000002028624000065,https://www.sec.gov/Archives/edgar/data/20286/000002028624000065/index.json,NOT_CLASSIFIED
DTE,0000936340,0000936340-24-000204,8-K,2024-11-08,2024-11-08T21:18:03.000Z,7.01,dte-20241108.htm,https://www.sec.gov/Archives/edgar/data/936340/000093634024000204,https://www.sec.gov/Archives/edgar/data/936340/000093634024000204/index.json,NOT_CLASSIFIED
PPL,0000922224,0000922224-24-000032,8-K,2024-11-08,2024-11-08T21:56:35.000Z,7.01,ppl-20241108.htm,https://www.sec.gov/Archives/edgar/data/922224/000092222424000032,https://www.sec.gov/Archives/edgar/data/922224/000092222424000032/index.json,NOT_CLASSIFIED
IVZ,0000914208,0000914208-24-000532,8-K,2024-11-12,2024-11-12T12:43:07.000Z,7.01,ivz-20241111.htm,https://www.sec.gov/Archives/edgar/data/914208/000091420824000532,https://www.sec.gov/Archives/edgar/data/914208/000091420824000532/index.json,NOT_CLASSIFIED
COF,0000927628,0000927628-24-000326,8-K,2024-11-15,2024-11-14T22:37:43.000Z,7.01,cof-20241114.htm,https://www.sec.gov/Archives/edgar/data/927628/000092762824000326,https://www.sec.gov/Archives/edgar/data/927628/000092762824000326/index.json,NOT_CLASSIFIED
PGR,0000080661,0000080661-24-000047,8-K,2024-11-15,2024-11-15T13:51:12.000Z,7.01,pgr-20241115.htm,https://www.sec.gov/Archives/edgar/data/80661/000008066124000047,https://www.sec.gov/Archives/edgar/data/80661/000008066124000047/index.json,NOT_CLASSIFIED
AXP,0000004962,0000004962-24-000072,8-K,2024-11-15,2024-11-15T17:00:20.000Z,7.01,axp-20241115.htm,https://www.sec.gov/Archives/edgar/data/4962/000000496224000072,https://www.sec.gov/Archives/edgar/data/4962/000000496224000072/index.json,NOT_CLASSIFIED
ALL,0000899051,0000899051-24-000085,8-K,2024-11-21,2024-11-21T12:48:33.000Z,7.01,all-20241121.htm,https://www.sec.gov/Archives/edgar/data/899051/000089905124000085,https://www.sec.gov/Archives/edgar/data/899051/000089905124000085/index.json,NOT_CLASSIFIED
HUM,0000049071,0000049071-24-000058,8-K,2024-12-03,2024-12-03T13:07:43.000Z,7.01,hum-20241203.htm,https://www.sec.gov/Archives/edgar/data/49071/000004907124000058,https://www.sec.gov/Archives/edgar/data/49071/000004907124000058/index.json,NOT_CLASSIFIED
LUV,0000092380,0000092380-24-000174,8-K,2024-12-05,2024-12-05T11:31:14.000Z,7.01,luv-20241205.htm,https://www.sec.gov/Archives/edgar/data/92380/000009238024000174,https://www.sec.gov/Archives/edgar/data/92380/000009238024000174/index.json,NOT_CLASSIFIED
COF,0000927628,0000927628-24-000328,8-K,2024-12-09,2024-12-09T21:08:45.000Z,7.01,cof-20241209.htm,https://www.sec.gov/Archives/edgar/data/927628/000092762824000328,https://www.sec.gov/Archives/edgar/data/927628/000092762824000328/index.json,NOT_CLASSIFIED
MAA,0000912595,0000950170-24-135004,8-K,2024-12-10,2024-12-10T21:33:30.000Z,7.01,maa-20241210.htm,https://www.sec.gov/Archives/edgar/data/912595/000095017024135004,https://www.sec.gov/Archives/edgar/data/912595/000095017024135004/index.json,NOT_CLASSIFIED
MET,0001099219,0001099219-24-000264,8-K,2024-12-12,2024-12-12T12:03:26.000Z,7.01,met-20241212.htm,https://www.sec.gov/Archives/edgar/data/1099219/000109921924000264,https://www.sec.gov/Archives/edgar/data/1099219/000109921924000264/index.json,NOT_CLASSIFIED
DPZ,0001286681,0001193125-24-276364,8-K,2024-12-12,2024-12-12T12:05:55.000Z,7.01,d898525d8k.htm,https://www.sec.gov/Archives/edgar/data/1286681/000119312524276364,https://www.sec.gov/Archives/edgar/data/1286681/000119312524276364/index.json,NOT_CLASSIFIED
CINF,0000020286,0000020286-24-000070,8-K,2024-12-12,2024-12-12T14:16:18.000Z,7.01,cinf-20241212.htm,https://www.sec.gov/Archives/edgar/data/20286/000002028624000070,https://www.sec.gov/Archives/edgar/data/20286/000002028624000070/index.json,NOT_CLASSIFIED
PGR,0000080661,0000080661-24-000049,8-K,2024-12-13,2024-12-13T13:49:18.000Z,7.01,pgr-20241213.htm,https://www.sec.gov/Archives/edgar/data/80661/000008066124000049,https://www.sec.gov/Archives/edgar/data/80661/000008066124000049/index.json,NOT_CLASSIFIED
DTE,0000936340,0000936340-24-000206,8-K,2024-12-16,2024-12-16T12:07:21.000Z,7.01,dte-20241216.htm,https://www.sec.gov/Archives/edgar/data/936340/000093634024000206,https://www.sec.gov/Archives/edgar/data/936340/000093634024000206/index.json,NOT_CLASSIFIED
AXP,0000004962,0000004962-24-000074,8-K,2024-12-16,2024-12-16T17:00:38.000Z,7.01,axp-20241216.htm,https://www.sec.gov/Archives/edgar/data/4962/000000496224000074,https://www.sec.gov/Archives/edgar/data/4962/000000496224000074/index.json,NOT_CLASSIFIED
DTE,0000936340,0000936340-25-000007,8-K,2025-01-07,2025-01-07T21:18:17.000Z,7.01,dte-20250107.htm,https://www.sec.gov/Archives/edgar/data/936340/000093634025000007,https://www.sec.gov/Archives/edgar/data/936340/000093634025000007/index.json,NOT_CLASSIFIED
CCL,0000815097,0000950142-25-000085,8-K,2025-01-13,2025-01-13T21:05:14.000Z,7.01,eh250577194_8k.htm,https://www.sec.gov/Archives/edgar/data/815097/000095014225000085,https://www.sec.gov/Archives/edgar/data/815097/000095014225000085/index.json,NOT_CLASSIFIED
IVZ,0000914208,0000914208-25-000008,8-K,2025-01-13,2025-01-13T21:56:44.000Z,7.01,ivz-20250113.htm,https://www.sec.gov/Archives/edgar/data/914208/000091420825000008,https://www.sec.gov/Archives/edgar/data/914208/000091420825000008/index.json,NOT_CLASSIFIED
URI,0001067701,0001104659-25-003275,8-K,2025-01-14,2025-01-14T12:11:35.000Z,7.01,tm253246d1_8k.htm,https://www.sec.gov/Archives/edgar/data/1067701/000110465925003275,https://www.sec.gov/Archives/edgar/data/1067701/000110465925003275/index.json,NOT_CLASSIFIED
MTB,0000036270,0001628280-25-001667,8-K,2025-01-16,2025-01-16T11:03:36.000Z,"2.02,7.01",mbt-20250116.htm,https://www.sec.gov/Archives/edgar/data/36270/000162828025001667,https://www.sec.gov/Archives/edgar/data/36270/000162828025001667/index.json,NOT_CLASSIFIED
USB,0000036104,0000036104-25-000005,8-K,2025-01-16,2025-01-16T11:48:14.000Z,"2.02,7.01",usb-20250116.htm,https://www.sec.gov/Archives/edgar/data/36104/000003610425000005,https://www.sec.gov/Archives/edgar/data/36104/000003610425000005/index.json,NOT_CLASSIFIED
MMM,0000066740,0000066740-25-000002,8-K,2025-01-21,2025-01-21T11:38:42.000Z,2.02,mmm-20250121.htm,https://www.sec.gov/Archives/edgar/data/66740/000006674025000002,https://www.sec.gov/Archives/edgar/data/66740/000006674025000002/index.json,NOT_CLASSIFIED
UAL,0000100517,0000100517-25-000013,8-K,2025-01-21,2025-01-21T20:59:53.000Z,"2.02,7.01",ual-20250121.htm,https://www.sec.gov/Archives/edgar/data/100517/000010051725000013,https://www.sec.gov/Archives/edgar/data/100517/000010051725000013/index.json,NOT_CLASSIFIED
COF,0000927628,0000927628-25-000008,8-K,2025-01-21,2025-01-21T21:05:44.000Z,2.02,cof-20250121.htm,https://www.sec.gov/Archives/edgar/data/927628/000092762825000008,https://www.sec.gov/Archives/edgar/data/927628/000092762825000008/index.json,NOT_CLASSIFIED
COF,0000927628,0001193125-25-011793,8-K,2025-01-24,2025-01-24T11:38:15.000Z,7.01,d918322d8k.htm,https://www.sec.gov/Archives/edgar/data/927628/000119312525011793,https://www.sec.gov/Archives/edgar/data/927628/000119312525011793/index.json,NOT_CLASSIFIED
AXP,0000004962,0000004962-25-000007,8-K,2025-01-24,2025-01-24T12:04:06.000Z,"2.02,7.01",axp-20250124.htm,https://www.sec.gov/Archives/edgar/data/4962/000000496225000007,https://www.sec.gov/Archives/edgar/data/4962/000000496225000007/index.json,NOT_CLASSIFIED
LUV,0000092380,0001193125-25-013376,8-K,2025-01-27,2025-01-27T21:30:19.000Z,7.01,d897449d8k.htm,https://www.sec.gov/Archives/edgar/data/92380/000119312525013376,https://www.sec.gov/Archives/edgar/data/92380/000119312525013376/index.json,NOT_CLASSIFIED
IVZ,0000914208,0000914208-25-000013,8-K,2025-01-28,2025-01-28T12:47:35.000Z,2.02,ivz-20250128.htm,https://www.sec.gov/Archives/edgar/data/914208/000091420825000013,https://www.sec.gov/Archives/edgar/data/914208/000091420825000013/index.json,NOT_CLASSIFIED
IBM,0000051143,0000051143-25-000005,8-K,2025-01-29,2025-01-29T21:16:40.000Z,2.02,ibm-20250129.htm,https://www.sec.gov/Archives/edgar/data/51143/000005114325000005,https://www.sec.gov/Archives/edgar/data/51143/000005114325000005/index.json,NOT_CLASSIFIED
LUV,0000092380,0000092380-25-000007,8-K,2025-01-30,2025-01-30T11:30:32.000Z,"2.02,7.01",luv-20250130.htm,https://www.sec.gov/Archives/edgar/data/92380/000009238025000007,https://www.sec.gov/Archives/edgar/data/92380/000009238025000007/index.json,NOT_CLASSIFIED
IBM,0000051143,0000051143-25-000007,8-K,2025-01-30,2025-01-30T21:14:18.000Z,7.01,ibm-20250129.htm,https://www.sec.gov/Archives/edgar/data/51143/000005114325000007,https://www.sec.gov/Archives/edgar/data/51143/000005114325000007/index.json,NOT_CLASSIFIED
ALL,0000899051,0000899051-25-000003,8-K,2025-01-30,2025-01-30T21:27:30.000Z,7.01,all-20250130.htm,https://www.sec.gov/Archives/edgar/data/899051/000089905125000003,https://www.sec.gov/Archives/edgar/data/899051/000089905125000003/index.json,NOT_CLASSIFIED
EMR,0000032604,0000032604-25-000011,8-K,2025-02-05,2025-02-05T11:53:35.000Z,2.02,emr-20250205.htm,https://www.sec.gov/Archives/edgar/data/32604/000003260425000011,https://www.sec.gov/Archives/edgar/data/32604/000003260425000011/index.json,NOT_CLASSIFIED
MAA,0000912595,0000950170-25-014487,8-K,2025-02-05,2025-02-05T21:15:39.000Z,"2.02,7.01",maa-20250205.htm,https://www.sec.gov/Archives/edgar/data/912595/000095017025014487,https://www.sec.gov/Archives/edgar/data/912595/000095017025014487/index.json,NOT_CLASSIFIED
UDR,0000074208,0000074208-25-000007,8-K,2025-02-05,2025-02-05T21:20:25.000Z,2.02,udr-20250205x8k.htm,https://www.sec.gov/Archives/edgar/data/74208/000007420825000007,https://www.sec.gov/Archives/edgar/data/74208/000007420825000007/index.json,NOT_CLASSIFIED
COF,0000927628,0000927628-25-000047,8-K,2025-02-10,2025-02-10T21:06:05.000Z,7.01,cof-20250210.htm,https://www.sec.gov/Archives/edgar/data/927628/000092762825000047,https://www.sec.gov/Archives/edgar/data/927628/000092762825000047/index.json,NOT_CLASSIFIED
CINF,0000020286,0000020286-25-000006,8-K,2025-02-10,2025-02-10T21:08:41.000Z,"2.02,7.01",cinf-20250210.htm,https://www.sec.gov/Archives/edgar/data/20286/000002028625000006,https://www.sec.gov/Archives/edgar/data/20286/000002028625000006/index.json,NOT_CLASSIFIED
PPL,0000922224,0000922224-25-000006,8-K,2025-02-13,2025-02-13T13:20:54.000Z,"2.02,7.01",ppl-20250213.htm,https://www.sec.gov/Archives/edgar/data/922224/000092222425000006,https://www.sec.gov/Archives/edgar/data/922224/000092222425000006/index.json,NOT_CLASSIFIED
COF,0000927628,0000927628-25-000052,8-K,2025-02-18,2025-02-14T22:31:28.000Z,7.01,cof-20250214.htm,https://www.sec.gov/Archives/edgar/data/927628/000092762825000052,https://www.sec.gov/Archives/edgar/data/927628/000092762825000052/index.json,NOT_CLASSIFIED
AXP,0000004962,0000004962-25-000020,8-K,2025-02-18,2025-02-18T17:00:20.000Z,7.01,axp-20250218.htm,https://www.sec.gov/Archives/edgar/data/4962/000000496225000020,https://www.sec.gov/Archives/edgar/data/4962/000000496225000020/index.json,NOT_CLASSIFIED
PGR,0000080661,0000080661-25-000004,8-K,2025-02-19,2025-02-19T14:45:01.000Z,7.01,pgr-20250219.htm,https://www.sec.gov/Archives/edgar/data/80661/000008066125000004,https://www.sec.gov/Archives/edgar/data/80661/000008066125000004/index.json,NOT_CLASSIFIED
CF,0001324404,0001324404-25-000004,8-K,2025-02-19,2025-02-19T21:41:19.000Z,2.02,cf-20250219.htm,https://www.sec.gov/Archives/edgar/data/1324404/000132440425000004,https://www.sec.gov/Archives/edgar/data/1324404/000132440425000004/index.json,NOT_CLASSIFIED
ALL,0000899051,0000899051-25-000012,8-K,2025-02-20,2025-02-20T12:45:33.000Z,7.01,all-20250220.htm,https://www.sec.gov/Archives/edgar/data/899051/000089905125000012,https://www.sec.gov/Archives/edgar/data/899051/000089905125000012/index.json,NOT_CLASSIFIED
STT,0000093751,0000093751-25-000166,8-K,2025-02-26,2025-02-26T12:29:52.000Z,7.01,stt-20250226.htm,https://www.sec.gov/Archives/edgar/data/93751/000009375125000166,https://www.sec.gov/Archives/edgar/data/93751/000009375125000166/index.json,NOT_CLASSIFIED
EIX,0000827052,0000827052-25-000021,8-K,2025-02-27,2025-02-27T21:06:50.000Z,"2.02,7.01",eix-20250227.htm,https://www.sec.gov/Archives/edgar/data/827052/000082705225000021,https://www.sec.gov/Archives/edgar/data/827052/000082705225000021/index.json,NOT_CLASSIFIED
UDR,0000074208,0000074208-25-000013,8-K,2025-02-27,2025-02-27T21:18:13.000Z,7.01,udr-20250227x8k.htm,https://www.sec.gov/Archives/edgar/data/74208/000007420825000013,https://www.sec.gov/Archives/edgar/data/74208/000007420825000013/index.json,NOT_CLASSIFIED
RF,0001281761,0001281761-25-000015,8-K,2025-02-27,2025-02-27T21:47:51.000Z,7.01,rf-20250227.htm,https://www.sec.gov/Archives/edgar/data/1281761/000128176125000015,https://www.sec.gov/Archives/edgar/data/1281761/000128176125000015/index.json,NOT_CLASSIFIED
DTE,0000936340,0000936340-25-000076,8-K,2025-02-28,2025-02-28T21:15:58.000Z,2.02,dte-20250228.htm,https://www.sec.gov/Archives/edgar/data/936340/000093634025000076,https://www.sec.gov/Archives/edgar/data/936340/000093634025000076/index.json,NOT_CLASSIFIED
HUM,0000049071,0000049071-25-000009,8-K,2025-03-03,2025-03-03T12:30:10.000Z,7.01,hum-20250303.htm,https://www.sec.gov/Archives/edgar/data/49071/000004907125000009,https://www.sec.gov/Archives/edgar/data/49071/000004907125000009/index.json,NOT_CLASSIFIED
DTE,0000936340,0000936340-25-000078,8-K,2025-03-04,2025-03-04T21:16:50.000Z,7.01,dte-20250304.htm,https://www.sec.gov/Archives/edgar/data/936340/000093634025000078,https://www.sec.gov/Archives/edgar/data/936340/000093634025000078/index.json,NOT_CLASSIFIED
IVZ,0000914208,0000914208-25-000117,8-K,2025-03-11,2025-03-11T20:33:12.000Z,7.01,ivz-20250311.htm,https://www.sec.gov/Archives/edgar/data/914208/000091420825000117,https://www.sec.gov/Archives/edgar/data/914208/000091420825000117/index.json,NOT_CLASSIFIED
WDC,0000106040,0001193125-25-054005,8-K,2025-03-13,2025-03-13T20:52:54.000Z,7.01,d939696d8k.htm,https://www.sec.gov/Archives/edgar/data/106040/000119312525054005,https://www.sec.gov/Archives/edgar/data/106040/000119312525054005/index.json,NOT_CLASSIFIED
PGR,0000080661,0000080661-25-000015,8-K,2025-03-19,2025-03-19T12:26:15.000Z,7.01,pgr-20250319.htm,https://www.sec.gov/Archives/edgar/data/80661/000008066125000015,https://www.sec.gov/Archives/edgar/data/80661/000008066125000015/index.json,NOT_CLASSIFIED
WDC,0000106040,0000106040-25-000016,8-K,2025-04-07,2025-04-07T20:59:44.000Z,7.01,wdc-20250407.htm,https://www.sec.gov/Archives/edgar/data/106040/000010604025000016,https://www.sec.gov/Archives/edgar/data/106040/000010604025000016/index.json,NOT_CLASSIFIED
IVZ,0000914208,0000914208-25-000125,8-K,2025-04-09,2025-04-09T20:33:17.000Z,7.01,ivz-20250409.htm,https://www.sec.gov/Archives/edgar/data/914208/000091420825000125,https://www.sec.gov/Archives/edgar/data/914208/000091420825000125/index.json,NOT_CLASSIFIED
AXP,0000004962,0000004962-25-000030,8-K,2025-04-15,2025-04-15T16:00:41.000Z,7.01,axp-20250415.htm,https://www.sec.gov/Archives/edgar/data/4962/000000496225000030,https://www.sec.gov/Archives/edgar/data/4962/000000496225000030/index.json,NOT_CLASSIFIED
PGR,0000080661,0000080661-25-000020,8-K,2025-04-16,2025-04-16T13:15:38.000Z,2.02,pgr-20250416.htm,https://www.sec.gov/Archives/edgar/data/80661/000008066125000020,https://www.sec.gov/Archives/edgar/data/80661/000008066125000020/index.json,NOT_CLASSIFIED
RF,0001281761,0001281761-25-000028,8-K,2025-04-17,2025-04-17T10:01:52.000Z,"2.02,7.01",rf-20250417.htm,https://www.sec.gov/Archives/edgar/data/1281761/000128176125000028,https://www.sec.gov/Archives/edgar/data/1281761/000128176125000028/index.json,NOT_CLASSIFIED
AXP,0000004962,0000004962-25-000034,8-K,2025-04-17,2025-04-17T11:03:03.000Z,"2.02,7.01",axp-20250417.htm,https://www.sec.gov/Archives/edgar/data/4962/000000496225000034,https://www.sec.gov/Archives/edgar/data/4962/000000496225000034/index.json,NOT_CLASSIFIED
COF,0000927628,0000927628-25-000130,8-K,2025-04-22,2025-04-22T20:05:40.000Z,2.02,cof-20250422.htm,https://www.sec.gov/Archives/edgar/data/927628/000092762825000130,https://www.sec.gov/Archives/edgar/data/927628/000092762825000130/index.json,NOT_CLASSIFIED
COF,0000927628,0000927628-25-000131,8-K,2025-04-22,2025-04-22T20:06:38.000Z,7.01,cof-20250422.htm,https://www.sec.gov/Archives/edgar/data/927628/000092762825000131,https://www.sec.gov/Archives/edgar/data/927628/000092762825000131/index.json,NOT_CLASSIFIED
ORLY,0000898173,0000898173-25-000026,8-K,2025-04-23,2025-04-23T20:34:01.000Z,2.02,orly-20250423x8k.htm,https://www.sec.gov/Archives/edgar/data/898173/000089817325000026,https://www.sec.gov/Archives/edgar/data/898173/000089817325000026/index.json,NOT_CLASSIFIED
URI,0001067701,0001067701-25-000019,8-K,2025-04-23,2025-04-23T20:45:44.000Z,"2.02,7.01",uri-20250423.htm,https://www.sec.gov/Archives/edgar/data/1067701/000106770125000019,https://www.sec.gov/Archives/edgar/data/1067701/000106770125000019/index.json,NOT_CLASSIFIED
CNP,0001130310,0001130310-25-000080,8-K,2025-04-24,2025-04-24T10:15:38.000Z,"2.02,7.01",cnp-20250424.htm,https://www.sec.gov/Archives/edgar/data/1130310/000113031025000080,https://www.sec.gov/Archives/edgar/data/1130310/000113031025000080/index.json,NOT_CLASSIFIED
IBM,0000051143,0000051143-25-000031,8-K,2025-04-24,2025-04-24T20:12:43.000Z,7.01,ibm-20250423.htm,https://www.sec.gov/Archives/edgar/data/51143/000005114325000031,https://www.sec.gov/Archives/edgar/data/51143/000005114325000031/index.json,NOT_CLASSIFIED
PFG,0001126328,0001104659-25-038688,8-K,2025-04-24,2025-04-24T20:35:15.000Z,2.02,tm2512993d1_8k.htm,https://www.sec.gov/Archives/edgar/data/1126328/000110465925038688,https://www.sec.gov/Archives/edgar/data/1126328/000110465925038688/index.json,NOT_CLASSIFIED
DLR,0001297996,0001558370-25-005434,8-K,2025-04-24,2025-04-24T20:38:33.000Z,"2.02,7.01",dlr-20250424x8k.htm,https://www.sec.gov/Archives/edgar/data/1297996/000155837025005434,https://www.sec.gov/Archives/edgar/data/1297996/000155837025005434/index.json,NOT_CLASSIFIED
CNC,0001071739,0001071739-25-000087,8-K,2025-04-25,2025-04-25T00:19:02.000Z,2.02,cnc-20250425.htm,https://www.sec.gov/Archives/edgar/data/1071739/000107173925000087,https://www.sec.gov/Archives/edgar/data/1071739/000107173925000087/index.json,NOT_CLASSIFIED
CNP,0001130310,0001193125-25-095136,8-K,2025-04-25,2025-04-25T12:42:33.000Z,7.01,d892328d8k.htm,https://www.sec.gov/Archives/edgar/data/1130310/000119312525095136,https://www.sec.gov/Archives/edgar/data/1130310/000119312525095136/index.json,NOT_CLASSIFIED
PPL,0000922224,0000922224-25-000014,8-K,2025-04-30,2025-04-30T12:18:42.000Z,"2.02,7.01",ppl-20250430.htm,https://www.sec.gov/Archives/edgar/data/922224/000092222425000014,https://www.sec.gov/Archives/edgar/data/922224/000092222425000014/index.json,NOT_CLASSIFIED
PPL,0000922224,0000922224-25-000019,8-K,2025-05-02,2025-05-02T12:02:09.000Z,7.01,ppl-20250502.htm,https://www.sec.gov/Archives/edgar/data/922224/000092222425000019,https://www.sec.gov/Archives/edgar/data/922224/000092222425000019/index.json,NOT_CLASSIFIED
CNC,0001071739,0001071739-25-000092,8-K,2025-05-06,2025-05-06T01:05:53.000Z,7.01,cnc-20250506.htm,https://www.sec.gov/Archives/edgar/data/1071739/000107173925000092,https://www.sec.gov/Archives/edgar/data/1071739/000107173925000092/index.json,NOT_CLASSIFIED
TDG,0001260221,0001260221-25-000024,8-K,2025-05-06,2025-05-06T11:18:12.000Z,2.02,tdg-20250506.htm,https://www.sec.gov/Archives/edgar/data/1260221/000126022125000024,https://www.sec.gov/Archives/edgar/data/1260221/000126022125000024/index.json,NOT_CLASSIFIED
CF,0001324404,0001324404-25-000013,8-K,2025-05-07,2025-05-07T20:41:50.000Z,2.02,cf-20250507.htm,https://www.sec.gov/Archives/edgar/data/1324404/000132440425000013,https://www.sec.gov/Archives/edgar/data/1324404/000132440425000013/index.json,NOT_CLASSIFIED
CCL,0000815097,0000950142-25-001332,8-K,2025-05-12,2025-05-12T21:16:49.000Z,7.01,eh250627041_8k.htm,https://www.sec.gov/Archives/edgar/data/815097/000095014225001332,https://www.sec.gov/Archives/edgar/data/815097/000095014225001332/index.json,NOT_CLASSIFIED
TDG,0001260221,0001260221-25-000031,8-K,2025-05-13,2025-05-13T13:07:19.000Z,7.01,tdg-20250513.htm,https://www.sec.gov/Archives/edgar/data/1260221/000126022125000031,https://www.sec.gov/Archives/edgar/data/1260221/000126022125000031/index.json,NOT_CLASSIFIED
PGR,0000080661,0000080661-25-000025,8-K,2025-05-13,2025-05-13T18:50:31.000Z,7.01,pgr-20250509.htm,https://www.sec.gov/Archives/edgar/data/80661/000008066125000025,https://www.sec.gov/Archives/edgar/data/80661/000008066125000025/index.json,NOT_CLASSIFIED
EXPD,0000746515,0000950170-25-071430,8-K,2025-05-14,2025-05-14T20:16:32.000Z,7.01,expd-20250514.htm,https://www.sec.gov/Archives/edgar/data/746515/000095017025071430,https://www.sec.gov/Archives/edgar/data/746515/000095017025071430/index.json,NOT_CLASSIFIED
DTE,0000936340,0000936340-25-000140,8-K,2025-05-16,2025-05-16T20:21:28.000Z,7.01,dte-20250516.htm,https://www.sec.gov/Archives/edgar/data/936340/000093634025000140,https://www.sec.gov/Archives/edgar/data/936340/000093634025000140/index.json,NOT_CLASSIFIED
IVZ,0000914208,0000914208-25-000245,8-K,2025-05-27,2025-05-27T10:54:32.000Z,7.01,ivz-20250523.htm,https://www.sec.gov/Archives/edgar/data/914208/000091420825000245,https://www.sec.gov/Archives/edgar/data/914208/000091420825000245/index.json,NOT_CLASSIFIED
CINF,0000020286,0000020286-25-000034,8-K,2025-05-27,2025-05-27T12:27:42.000Z,7.01,cinf-20250527.htm,https://www.sec.gov/Archives/edgar/data/20286/000002028625000034,https://www.sec.gov/Archives/edgar/data/20286/000002028625000034/index.json,NOT_CLASSIFIED
HUM,0000049071,0000049071-25-000026,8-K,2025-06-02,2025-06-02T11:30:12.000Z,7.01,hum-20250602.htm,https://www.sec.gov/Archives/edgar/data/49071/000004907125000026,https://www.sec.gov/Archives/edgar/data/49071/000004907125000026/index.json,NOT_CLASSIFIED
AJG,0000354190,0001193125-25-134909,8-K,2025-06-04,2025-06-04T20:15:24.000Z,7.01,d89856d8k.htm,https://www.sec.gov/Archives/edgar/data/354190/000119312525134909,https://www.sec.gov/Archives/edgar/data/354190/000119312525134909/index.json,NOT_CLASSIFIED
COF,0000927628,0000927628-25-000223,8-K,2025-06-09,2025-06-09T20:07:03.000Z,7.01,cof-20250609.htm,https://www.sec.gov/Archives/edgar/data/927628/000092762825000223,https://www.sec.gov/Archives/edgar/data/927628/000092762825000223/index.json,NOT_CLASSIFIED
MTB,0000036270,0001628280-25-030472,8-K,2025-06-10,2025-06-10T20:15:58.000Z,7.01,mbt-20250610.htm,https://www.sec.gov/Archives/edgar/data/36270/000162828025030472,https://www.sec.gov/Archives/edgar/data/36270/000162828025030472/index.json,NOT_CLASSIFIED
AXP,0000004962,0000004962-25-000068,8-K,2025-06-16,2025-06-16T16:00:41.000Z,7.01,axp-20250616.htm,https://www.sec.gov/Archives/edgar/data/4962/000000496225000068,https://www.sec.gov/Archives/edgar/data/4962/000000496225000068/index.json,NOT_CLASSIFIED
KIM,0000879101,0001140361-25-022755,8-K,2025-06-17,2025-06-17T12:34:21.000Z,7.01,ny20039576x2_8k.htm,https://www.sec.gov/Archives/edgar/data/879101/000114036125022755,https://www.sec.gov/Archives/edgar/data/879101/000114036125022755/index.json,NOT_CLASSIFIED
ALL,0000899051,0000899051-25-000051,8-K,2025-06-18,2025-06-18T11:47:52.000Z,7.01,all-20250618.htm,https://www.sec.gov/Archives/edgar/data/899051/000089905125000051,https://www.sec.gov/Archives/edgar/data/899051/000089905125000051/index.json,NOT_CLASSIFIED
CINF,0000020286,0000020286-25-000040,8-K,2025-06-24,2025-06-24T12:27:34.000Z,7.01,cinf-20250620.htm,https://www.sec.gov/Archives/edgar/data/20286/000002028625000040,https://www.sec.gov/Archives/edgar/data/20286/000002028625000040/index.json,NOT_CLASSIFIED
MET,0001099219,0001193125-25-154039,8-K,2025-07-01,2025-07-01T20:26:20.000Z,7.01,d40473d8k.htm,https://www.sec.gov/Archives/edgar/data/1099219/000119312525154039,https://www.sec.gov/Archives/edgar/data/1099219/000119312525154039/index.json,NOT_CLASSIFIED
AXP,0000004962,0000004962-25-000073,8-K,2025-07-01,2025-07-01T21:04:32.000Z,7.01,axp-20250701.htm,https://www.sec.gov/Archives/edgar/data/4962/000000496225000073,https://www.sec.gov/Archives/edgar/data/4962/000000496225000073/index.json,NOT_CLASSIFIED
CCL,0000815097,0000950142-25-001844,8-K,2025-07-07,2025-07-07T12:03:15.000Z,7.01,eh250650498_8k.htm,https://www.sec.gov/Archives/edgar/data/815097/000095014225001844,https://www.sec.gov/Archives/edgar/data/815097/000095014225001844/index.json,NOT_CLASSIFIED
IVZ,0000914208,0000914208-25-000252,8-K,2025-07-10,2025-07-10T20:19:28.000Z,7.01,ivz-20250710.htm,https://www.sec.gov/Archives/edgar/data/914208/000091420825000252,https://www.sec.gov/Archives/edgar/data/914208/000091420825000252/index.json,NOT_CLASSIFIED
AXP,0000004962,0000004962-25-000078,8-K,2025-07-15,2025-07-15T12:30:38.000Z,7.01,axp-20250715.htm,https://www.sec.gov/Archives/edgar/data/4962/000000496225000078,https://www.sec.gov/Archives/edgar/data/4962/000000496225000078/index.json,NOT_CLASSIFIED
MTB,0000036270,0001628280-25-034994,8-K,2025-07-16,2025-07-16T10:04:45.000Z,"2.02,7.01",mbt-20250716.htm,https://www.sec.gov/Archives/edgar/data/36270/000162828025034994,https://www.sec.gov/Archives/edgar/data/36270/000162828025034994/index.json,NOT_CLASSIFIED
PNC,0000713676,0000713676-25-000048,8-K,2025-07-16,2025-07-16T10:41:47.000Z,2.02,pnc-20250716.htm,https://www.sec.gov/Archives/edgar/data/713676/000071367625000048,https://www.sec.gov/Archives/edgar/data/713676/000071367625000048/index.json,NOT_CLASSIFIED
PNC,0000713676,0000713676-25-000051,8-K,2025-07-16,2025-07-16T16:04:07.000Z,7.01,pnc-20250716.htm,https://www.sec.gov/Archives/edgar/data/713676/000071367625000051,https://www.sec.gov/Archives/edgar/data/713676/000071367625000051/index.json,NOT_CLASSIFIED
ELV,0001156039,0001156039-25-000111,8-K,2025-07-17,2025-07-17T10:03:40.000Z,2.02,elv-20250717.htm,https://www.sec.gov/Archives/edgar/data/1156039/000115603925000111,https://www.sec.gov/Archives/edgar/data/1156039/000115603925000111/index.json,NOT_CLASSIFIED
USB,0000036104,0000036104-25-000044,8-K,2025-07-17,2025-07-17T10:49:39.000Z,"2.02,7.01",usb-20250717.htm,https://www.sec.gov/Archives/edgar/data/36104/000003610425000044,https://www.sec.gov/Archives/edgar/data/36104/000003610425000044/index.json,NOT_CLASSIFIED
ALL,0000899051,0000899051-25-000062,8-K,2025-07-17,2025-07-17T11:50:49.000Z,7.01,all-20250717.htm,https://www.sec.gov/Archives/edgar/data/899051/000089905125000062,https://www.sec.gov/Archives/edgar/data/899051/000089905125000062/index.json,NOT_CLASSIFIED
PPL,0000922224,0000922224-25-000028,8-K,2025-07-17,2025-07-17T20:03:50.000Z,7.01,ppl-20250715.htm,https://www.sec.gov/Archives/edgar/data/922224/000092222425000028,https://www.sec.gov/Archives/edgar/data/922224/000092222425000028/index.json,NOT_CLASSIFIED
RF,0001281761,0001281761-25-000058,8-K,2025-07-18,2025-07-18T10:03:13.000Z,"2.02,7.01",rf-20250718.htm,https://www.sec.gov/Archives/edgar/data/1281761/000128176125000058,https://www.sec.gov/Archives/edgar/data/1281761/000128176125000058/index.json,NOT_CLASSIFIED
AXP,0000004962,0000004962-25-000082,8-K,2025-07-18,2025-07-18T11:02:50.000Z,"2.02,7.01",axp-20250718.htm,https://www.sec.gov/Archives/edgar/data/4962/000000496225000082,https://www.sec.gov/Archives/edgar/data/4962/000000496225000082/index.json,NOT_CLASSIFIED
DPZ,0001286681,0000950170-25-097060,8-K,2025-07-21,2025-07-21T10:05:09.000Z,2.02,dpz-20250721.htm,https://www.sec.gov/Archives/edgar/data/1286681/000095017025097060,https://www.sec.gov/Archives/edgar/data/1286681/000095017025097060/index.json,NOT_CLASSIFIED
IVZ,0000914208,0000914208-25-000258,8-K,2025-07-22,2025-07-22T11:20:41.000Z,2.02,ivz-20250722.htm,https://www.sec.gov/Archives/edgar/data/914208/000091420825000258,https://www.sec.gov/Archives/edgar/data/914208/000091420825000258/index.json,NOT_CLASSIFIED
COF,0000927628,0000927628-25-000240,8-K,2025-07-22,2025-07-22T20:05:50.000Z,2.02,cof-20250722.htm,https://www.sec.gov/Archives/edgar/data/927628/000092762825000240,https://www.sec.gov/Archives/edgar/data/927628/000092762825000240/index.json,NOT_CLASSIFIED
ORLY,0000898173,0000898173-25-000046,8-K,2025-07-23,2025-07-23T20:34:11.000Z,2.02,orly-20250723x8k.htm,https://www.sec.gov/Archives/edgar/data/898173/000089817325000046,https://www.sec.gov/Archives/edgar/data/898173/000089817325000046/index.json,NOT_CLASSIFIED
LUV,0000092380,0000092380-25-000131,8-K,2025-07-23,2025-07-23T20:37:40.000Z,"2.02,7.01",luv-20250723.htm,https://www.sec.gov/Archives/edgar/data/92380/000009238025000131,https://www.sec.gov/Archives/edgar/data/92380/000009238025000131/index.json,NOT_CLASSIFIED
URI,0001067701,0001628280-25-035758,8-K,2025-07-23,2025-07-23T20:43:56.000Z,"2.02,7.01",uri-20250723.htm,https://www.sec.gov/Archives/edgar/data/1067701/000162828025035758,https://www.sec.gov/Archives/edgar/data/1067701/000162828025035758/index.json,NOT_CLASSIFIED
PFG,0001126328,0001104659-25-071214,8-K,2025-07-28,2025-07-28T21:05:41.000Z,2.02,tm2521854d1_8k.htm,https://www.sec.gov/Archives/edgar/data/1126328/000110465925071214,https://www.sec.gov/Archives/edgar/data/1126328/000110465925071214/index.json,NOT_CLASSIFIED
DTE,0000936340,0000936340-25-000181,8-K,2025-07-29,2025-07-29T10:46:21.000Z,"2.02,7.01",dte-20250729.htm,https://www.sec.gov/Archives/edgar/data/936340/000093634025000181,https://www.sec.gov/Archives/edgar/data/936340/000093634025000181/index.json,NOT_CLASSIFIED
WDC,0000106040,0000106040-25-000030,8-K,2025-07-30,2025-07-30T20:14:55.000Z,2.02,wdc-20250730.htm,https://www.sec.gov/Archives/edgar/data/106040/000010604025000030,https://www.sec.gov/Archives/edgar/data/106040/000010604025000030/index.json,NOT_CLASSIFIED
ALL,0000899051,0000899051-25-000068,8-K,2025-07-30,2025-07-30T20:16:52.000Z,2.02,all-20250730.htm,https://www.sec.gov/Archives/edgar/data/899051/000089905125000068,https://www.sec.gov/Archives/edgar/data/899051/000089905125000068/index.json,NOT_CLASSIFIED
BAX,0000010456,0001628280-25-036835,8-K,2025-07-31,2025-07-31T11:18:36.000Z,2.02,bax-20250731.htm,https://www.sec.gov/Archives/edgar/data/10456/000162828025036835,https://www.sec.gov/Archives/edgar/data/10456/000162828025036835/index.json,NOT_CLASSIFIED
DTE,0000936340,0000936340-25-000184,8-K,2025-07-31,2025-07-31T20:20:38.000Z,2.02,dte-20250731.htm,https://www.sec.gov/Archives/edgar/data/936340/000093634025000184,https://www.sec.gov/Archives/edgar/data/936340/000093634025000184/index.json,NOT_CLASSIFIED
TDG,0001260221,0001260221-25-000049,8-K,2025-08-05,2025-08-05T11:18:49.000Z,2.02,tdg-20250805.htm,https://www.sec.gov/Archives/edgar/data/1260221/000126022125000049,https://www.sec.gov/Archives/edgar/data/1260221/000126022125000049/index.json,NOT_CLASSIFIED
TDG,0001260221,0001260221-25-000059,8-K,2025-08-13,2025-08-13T21:10:25.000Z,7.01,tdg-20250813.htm,https://www.sec.gov/Archives/edgar/data/1260221/000126022125000059,https://www.sec.gov/Archives/edgar/data/1260221/000126022125000059/index.json,NOT_CLASSIFIED
COF,0000927628,0000927628-25-000252,8-K,2025-08-15,2025-08-14T21:38:17.000Z,7.01,cof-20250814.htm,https://www.sec.gov/Archives/edgar/data/927628/000092762825000252,https://www.sec.gov/Archives/edgar/data/927628/000092762825000252/index.json,NOT_CLASSIFIED
AXP,0000004962,0000004962-25-000157,8-K,2025-08-15,2025-08-15T16:01:05.000Z,7.01,axp-20250815.htm,https://www.sec.gov/Archives/edgar/data/4962/000000496225000157,https://www.sec.gov/Archives/edgar/data/4962/000000496225000157/index.json,NOT_CLASSIFIED
AJG,0000354190,0000354190-25-000019,8-K,2025-08-18,2025-08-18T12:18:13.000Z,7.01,ajg-20250818.htm,https://www.sec.gov/Archives/edgar/data/354190/000035419025000019,https://www.sec.gov/Archives/edgar/data/354190/000035419025000019/index.json,NOT_CLASSIFIED
DTE,0000936340,0000936340-25-000188,8-K,2025-08-18,2025-08-18T20:20:00.000Z,7.01,dte-20250818.htm,https://www.sec.gov/Archives/edgar/data/936340/000093634025000188,https://www.sec.gov/Archives/edgar/data/936340/000093634025000188/index.json,NOT_CLASSIFIED
CCL,0000815097,0000950142-25-002224,8-K,2025-08-19,2025-08-19T12:30:12.000Z,7.01,eh250668927_8k.htm,https://www.sec.gov/Archives/edgar/data/815097/000095014225002224,https://www.sec.gov/Archives/edgar/data/815097/000095014225002224/index.json,NOT_CLASSIFIED
PGR,0000080661,0000080661-25-000056,8-K,2025-08-20,2025-08-20T12:33:59.000Z,7.01,pgr-20250820.htm,https://www.sec.gov/Archives/edgar/data/80661/000008066125000056,https://www.sec.gov/Archives/edgar/data/80661/000008066125000056/index.json,NOT_CLASSIFIED
ALL,0000899051,0000899051-25-000072,8-K,2025-08-21,2025-08-21T11:46:30.000Z,7.01,all-20250821.htm,https://www.sec.gov/Archives/edgar/data/899051/000089905125000072,https://www.sec.gov/Archives/edgar/data/899051/000089905125000072/index.json,NOT_CLASSIFIED
DE,0000315189,0001558370-25-011829,8-K,2025-09-02,2025-09-02T10:01:43.000Z,7.01,de-20250827x8k.htm,https://www.sec.gov/Archives/edgar/data/315189/000155837025011829,https://www.sec.gov/Archives/edgar/data/315189/000155837025011829/index.json,NOT_CLASSIFIED
UDR,0000074208,0000074208-25-000061,8-K,2025-09-02,2025-09-02T20:20:24.000Z,7.01,udr-20250902x8k.htm,https://www.sec.gov/Archives/edgar/data/74208/000007420825000061,https://www.sec.gov/Archives/edgar/data/74208/000007420825000061/index.json,NOT_CLASSIFIED
COF,0000927628,0000927628-25-000255,8-K,2025-09-08,2025-09-08T20:15:55.000Z,7.01,cof-20250908.htm,https://www.sec.gov/Archives/edgar/data/927628/000092762825000255,https://www.sec.gov/Archives/edgar/data/927628/000092762825000255/index.json,NOT_CLASSIFIED
IVZ,0000914208,0000914208-25-000347,8-K,2025-09-09,2025-09-09T10:04:56.000Z,7.01,ivz-20250909.htm,https://www.sec.gov/Archives/edgar/data/914208/000091420825000347,https://www.sec.gov/Archives/edgar/data/914208/000091420825000347/index.json,NOT_CLASSIFIED
COF,0000927628,0000927628-25-000258,8-K,2025-09-15,2025-09-12T21:31:34.000Z,7.01,cof-20250912.htm,https://www.sec.gov/Archives/edgar/data/927628/000092762825000258,https://www.sec.gov/Archives/edgar/data/927628/000092762825000258/index.json,NOT_CLASSIFIED
AXP,0000004962,0000004962-25-000172,8-K,2025-09-15,2025-09-15T16:00:37.000Z,7.01,axp-20250915.htm,https://www.sec.gov/Archives/edgar/data/4962/000000496225000172,https://www.sec.gov/Archives/edgar/data/4962/000000496225000172/index.json,NOT_CLASSIFIED
MCK,0000927653,0000927653-25-000121,8-K,2025-09-18,2025-09-18T12:00:41.000Z,2.02,mck-20250918.htm,https://www.sec.gov/Archives/edgar/data/927653/000092765325000121,https://www.sec.gov/Archives/edgar/data/927653/000092765325000121/index.json,NOT_CLASSIFIED
EIX,0000827052,0000827052-25-000086,8-K,2025-09-19,2025-09-19T10:58:14.000Z,7.01,eix-20250919x8k.htm,https://www.sec.gov/Archives/edgar/data/827052/000082705225000086,https://www.sec.gov/Archives/edgar/data/827052/000082705225000086/index.json,NOT_CLASSIFIED
PPL,0000922224,0000922224-25-000041,8-K,2025-09-30,2025-09-30T21:08:12.000Z,7.01,ppl-20250930.htm,https://www.sec.gov/Archives/edgar/data/922224/000092222425000041,https://www.sec.gov/Archives/edgar/data/922224/000092222425000041/index.json,NOT_CLASSIFIED
HUM,0000049071,0000049071-25-000048,8-K,2025-10-02,2025-10-02T16:00:03.000Z,7.01,hum-20251002.htm,https://www.sec.gov/Archives/edgar/data/49071/000004907125000048,https://www.sec.gov/Archives/edgar/data/49071/000004907125000048/index.json,NOT_CLASSIFIED
IVZ,0000914208,0000914208-25-000355,8-K,2025-10-09,2025-10-09T20:20:50.000Z,7.01,ivz-20251009.htm,https://www.sec.gov/Archives/edgar/data/914208/000091420825000355,https://www.sec.gov/Archives/edgar/data/914208/000091420825000355/index.json,NOT_CLASSIFIED
DPZ,0001286681,0001193125-25-237850,8-K,2025-10-14,2025-10-14T10:05:25.000Z,2.02,dpz-20251014.htm,https://www.sec.gov/Archives/edgar/data/1286681/000119312525237850,https://www.sec.gov/Archives/edgar/data/1286681/000119312525237850/index.json,NOT_CLASSIFIED
PGR,0000080661,0000080661-25-000126,8-K,2025-10-15,2025-10-15T12:40:55.000Z,2.02,pgr-20251015.htm,https://www.sec.gov/Archives/edgar/data/80661/000008066125000126,https://www.sec.gov/Archives/edgar/data/80661/000008066125000126/index.json,NOT_CLASSIFIED
UAL,0000100517,0000100517-25-000190,8-K,2025-10-15,2025-10-15T20:00:15.000Z,"2.02,7.01",ual-20251015.htm,https://www.sec.gov/Archives/edgar/data/100517/000010051725000190,https://www.sec.gov/Archives/edgar/data/100517/000010051725000190/index.json,NOT_CLASSIFIED
RF,0001281761,0001281761-25-000074,8-K,2025-10-17,2025-10-17T10:02:26.000Z,"2.02,7.01",rf-20251017.htm,https://www.sec.gov/Archives/edgar/data/1281761/000128176125000074,https://www.sec.gov/Archives/edgar/data/1281761/000128176125000074/index.json,NOT_CLASSIFIED
ELV,0001156039,0001193125-25-244191,8-K,2025-10-21,2025-10-21T10:01:35.000Z,2.02,d270615d8k.htm,https://www.sec.gov/Archives/edgar/data/1156039/000119312525244191,https://www.sec.gov/Archives/edgar/data/1156039/000119312525244191/index.json,NOT_CLASSIFIED
COF,0000927628,0000927628-25-000267,8-K,2025-10-21,2025-10-21T20:05:35.000Z,2.02,cof-20251020.htm,https://www.sec.gov/Archives/edgar/data/927628/000092762825000267,https://www.sec.gov/Archives/edgar/data/927628/000092762825000267/index.json,NOT_CLASSIFIED
COF,0000927628,0000927628-25-000268,8-K,2025-10-21,2025-10-21T20:06:46.000Z,7.01,cof-20251021.htm,https://www.sec.gov/Archives/edgar/data/927628/000092762825000268,https://www.sec.gov/Archives/edgar/data/927628/000092762825000268/index.json,NOT_CLASSIFIED
CNP,0001130310,0001193125-25-245197,8-K,2025-10-21,2025-10-21T20:30:32.000Z,7.01,d921256d8k.htm,https://www.sec.gov/Archives/edgar/data/1130310/000119312525245197,https://www.sec.gov/Archives/edgar/data/1130310/000119312525245197/index.json,NOT_CLASSIFIED
CNP,0001130310,0001130310-25-000138,8-K,2025-10-23,2025-10-23T10:07:59.000Z,"2.02,7.01",cnp-20251023.htm,https://www.sec.gov/Archives/edgar/data/1130310/000113031025000138,https://www.sec.gov/Archives/edgar/data/1130310/000113031025000138/index.json,NOT_CLASSIFIED
WELL,0000766704,0001193125-25-251787,8-K,2025-10-27,2025-10-27T21:23:23.000Z,7.01,d69789d8k.htm,https://www.sec.gov/Archives/edgar/data/766704/000119312525251787,https://www.sec.gov/Archives/edgar/data/766704/000119312525251787/index.json,NOT_CLASSIFIED
UDR,0000074208,0000074208-25-000069,8-K,2025-10-29,2025-10-29T20:19:35.000Z,2.02,udr-20251029x8k.htm,https://www.sec.gov/Archives/edgar/data/74208/000007420825000069,https://www.sec.gov/Archives/edgar/data/74208/000007420825000069/index.json,NOT_CLASSIFIED
AJG,0000354190,0001193125-25-258781,8-K,2025-10-30,2025-10-30T20:52:29.000Z,"2.02,7.01",d83473d8k.htm,https://www.sec.gov/Archives/edgar/data/354190/000119312525258781,https://www.sec.gov/Archives/edgar/data/354190/000119312525258781/index.json,NOT_CLASSIFIED
MAA,0000912595,0001193125-25-262830,8-K,2025-11-03,2025-11-03T22:25:14.000Z,7.01,maa-20251103.htm,https://www.sec.gov/Archives/edgar/data/912595/000119312525262830,https://www.sec.gov/Archives/edgar/data/912595/000119312525262830/index.json,NOT_CLASSIFIED
PPL,0000922224,0000922224-25-000049,8-K,2025-11-05,2025-11-05T12:59:19.000Z,"2.02,7.01",ppl-20251105.htm,https://www.sec.gov/Archives/edgar/data/922224/000092222425000049,https://www.sec.gov/Archives/edgar/data/922224/000092222425000049/index.json,NOT_CLASSIFIED
CF,0001324404,0001324404-25-000028,8-K,2025-11-05,2025-11-05T21:50:10.000Z,2.02,cf-20251105.htm,https://www.sec.gov/Archives/edgar/data/1324404/000132440425000028,https://www.sec.gov/Archives/edgar/data/1324404/000132440425000028/index.json,NOT_CLASSIFIED
USB,0000036104,0000036104-25-000066,8-K,2025-11-06,2025-11-06T21:30:11.000Z,7.01,usb-20251106.htm,https://www.sec.gov/Archives/edgar/data/36104/000003610425000066,https://www.sec.gov/Archives/edgar/data/36104/000003610425000066/index.json,NOT_CLASSIFIED
DTE,0000936340,0000936340-25-000231,8-K,2025-11-07,2025-11-07T21:16:28.000Z,7.01,dte-20251107.htm,https://www.sec.gov/Archives/edgar/data/936340/000093634025000231,https://www.sec.gov/Archives/edgar/data/936340/000093634025000231/index.json,NOT_CLASSIFIED
CNC,0001071739,0001071739-25-000188,8-K,2025-11-10,2025-11-10T21:40:53.000Z,7.01,cnc-20251110.htm,https://www.sec.gov/Archives/edgar/data/1071739/000107173925000188,https://www.sec.gov/Archives/edgar/data/1071739/000107173925000188/index.json,NOT_CLASSIFIED
CINF,0000020286,0000020286-25-000066,8-K,2025-11-14,2025-11-14T18:07:01.000Z,7.01,cinf-20251114.htm,https://www.sec.gov/Archives/edgar/data/20286/000002028625000066,https://www.sec.gov/Archives/edgar/data/20286/000002028625000066/index.json,NOT_CLASSIFIED
AXP,0000004962,0000004962-25-000259,8-K,2025-11-17,2025-11-17T17:01:01.000Z,7.01,axp-20251117.htm,https://www.sec.gov/Archives/edgar/data/4962/000000496225000259,https://www.sec.gov/Archives/edgar/data/4962/000000496225000259/index.json,NOT_CLASSIFIED
ALL,0000899051,0000899051-25-000109,8-K,2025-11-20,2025-11-20T12:45:53.000Z,7.01,all-20251120.htm,https://www.sec.gov/Archives/edgar/data/899051/000089905125000109,https://www.sec.gov/Archives/edgar/data/899051/000089905125000109/index.json,NOT_CLASSIFIED
FE,0001031296,0001031296-25-000089,8-K,2025-11-20,2025-11-20T12:55:45.000Z,7.01,fe-20251120.htm,https://www.sec.gov/Archives/edgar/data/1031296/000103129625000089,https://www.sec.gov/Archives/edgar/data/1031296/000103129625000089/index.json,NOT_CLASSIFIED
HUM,0000049071,0000049071-25-000059,8-K,2025-12-01,2025-12-01T12:30:38.000Z,7.01,hum-20251201.htm,https://www.sec.gov/Archives/edgar/data/49071/000004907125000059,https://www.sec.gov/Archives/edgar/data/49071/000004907125000059/index.json,NOT_CLASSIFIED
COF,0000927628,0000927628-25-000285,8-K,2025-12-08,2025-12-08T21:06:17.000Z,7.01,cof-20251208.htm,https://www.sec.gov/Archives/edgar/data/927628/000092762825000285,https://www.sec.gov/Archives/edgar/data/927628/000092762825000285/index.json,NOT_CLASSIFIED
COF,0000927628,0000927628-25-000288,8-K,2025-12-15,2025-12-12T22:32:18.000Z,7.01,cof-20251212.htm,https://www.sec.gov/Archives/edgar/data/927628/000092762825000288,https://www.sec.gov/Archives/edgar/data/927628/000092762825000288/index.json,NOT_CLASSIFIED
AXP,0000004962,0000004962-25-000265,8-K,2025-12-15,2025-12-15T17:00:56.000Z,7.01,axp-20251215.htm,https://www.sec.gov/Archives/edgar/data/4962/000000496225000265,https://www.sec.gov/Archives/edgar/data/4962/000000496225000265/index.json,NOT_CLASSIFIED
ALL,0000899051,0000899051-25-000126,8-K,2025-12-18,2025-12-18T12:49:17.000Z,7.01,all-20251218.htm,https://www.sec.gov/Archives/edgar/data/899051/000089905125000126,https://www.sec.gov/Archives/edgar/data/899051/000089905125000126/index.json,NOT_CLASSIFIED
IVZ,0000914208,0000914208-26-000010,8-K,2026-01-12,2026-01-12T21:20:21.000Z,7.01,ivz-20260112.htm,https://www.sec.gov/Archives/edgar/data/914208/000091420826000010,https://www.sec.gov/Archives/edgar/data/914208/000091420826000010/index.json,NOT_CLASSIFIED
RF,0001281761,0001281761-26-000003,8-K,2026-01-12,2026-01-12T21:31:00.000Z,7.01,rf-20260112.htm,https://www.sec.gov/Archives/edgar/data/1281761/000128176126000003,https://www.sec.gov/Archives/edgar/data/1281761/000128176126000003/index.json,NOT_CLASSIFIED
USB,0000036104,0001193125-26-011142,8-K,2026-01-13,2026-01-13T13:00:28.000Z,7.01,d37749d8k.htm,https://www.sec.gov/Archives/edgar/data/36104/000119312526011142,https://www.sec.gov/Archives/edgar/data/36104/000119312526011142/index.json,NOT_CLASSIFIED
ALL,0000899051,0000899051-26-000009,8-K,2026-01-15,2026-01-15T12:46:48.000Z,7.01,all-20260115.htm,https://www.sec.gov/Archives/edgar/data/899051/000089905126000009,https://www.sec.gov/Archives/edgar/data/899051/000089905126000009/index.json,NOT_CLASSIFIED
AXP,0000004962,0000004962-26-000028,8-K,2026-01-15,2026-01-15T17:01:07.000Z,7.01,axp-20260115.htm,https://www.sec.gov/Archives/edgar/data/4962/000000496226000028,https://www.sec.gov/Archives/edgar/data/4962/000000496226000028/index.json,NOT_CLASSIFIED
RF,0001281761,0001281761-26-000006,8-K,2026-01-16,2026-01-16T11:01:15.000Z,"2.02,7.01",rf-20260116.htm,https://www.sec.gov/Archives/edgar/data/1281761/000128176126000006,https://www.sec.gov/Archives/edgar/data/1281761/000128176126000006/index.json,NOT_CLASSIFIED
PNC,0000713676,0000713676-26-000006,8-K,2026-01-16,2026-01-16T11:37:11.000Z,2.02,pnc-20260116.htm,https://www.sec.gov/Archives/edgar/data/713676/000071367626000006,https://www.sec.gov/Archives/edgar/data/713676/000071367626000006/index.json,NOT_CLASSIFIED
PNC,0000713676,0000713676-26-000008,8-K,2026-01-16,2026-01-16T16:48:43.000Z,7.01,pnc-20260116.htm,https://www.sec.gov/Archives/edgar/data/713676/000071367626000008,https://www.sec.gov/Archives/edgar/data/713676/000071367626000008/index.json,NOT_CLASSIFIED
UAL,0000100517,0000100517-26-000014,8-K,2026-01-20,2026-01-20T21:00:16.000Z,"2.02,7.01",ual-20260120.htm,https://www.sec.gov/Archives/edgar/data/100517/000010051726000014,https://www.sec.gov/Archives/edgar/data/100517/000010051726000014/index.json,NOT_CLASSIFIED
COF,0000927628,0000927628-26-000004,8-K,2026-01-22,2026-01-22T21:19:43.000Z,7.01,cof-20260122.htm,https://www.sec.gov/Archives/edgar/data/927628/000092762826000004,https://www.sec.gov/Archives/edgar/data/927628/000092762826000004/index.json,NOT_CLASSIFIED
COF,0000927628,0001193125-26-019543,8-K,2026-01-22,2026-01-22T21:39:51.000Z,7.01,d97758d8k.htm,https://www.sec.gov/Archives/edgar/data/927628/000119312526019543,https://www.sec.gov/Archives/edgar/data/927628/000119312526019543/index.json,NOT_CLASSIFIED
PGR,0000080661,0000080661-26-000071,8-K,2026-01-28,2026-01-28T19:49:04.000Z,2.02,pgr-20260126.htm,https://www.sec.gov/Archives/edgar/data/80661/000008066126000071,https://www.sec.gov/Archives/edgar/data/80661/000008066126000071/index.json,NOT_CLASSIFIED
IBM,0000051143,0000051143-26-000004,8-K,2026-01-28,2026-01-28T21:10:27.000Z,2.02,ibm-20260128.htm,https://www.sec.gov/Archives/edgar/data/51143/000005114326000004,https://www.sec.gov/Archives/edgar/data/51143/000005114326000004/index.json,NOT_CLASSIFIED
LUV,0000092380,0000092380-26-000002,8-K,2026-01-28,2026-01-28T21:15:19.000Z,2.02,luv-20260128.htm,https://www.sec.gov/Archives/edgar/data/92380/000009238026000002,https://www.sec.gov/Archives/edgar/data/92380/000009238026000002/index.json,NOT_CLASSIFIED
CINF,0000020286,0000020286-26-000003,8-K,2026-01-30,2026-01-30T20:13:19.000Z,7.01,cinf-20260130.htm,https://www.sec.gov/Archives/edgar/data/20286/000002028626000003,https://www.sec.gov/Archives/edgar/data/20286/000002028626000003/index.json,NOT_CLASSIFIED
MDLZ,0001103982,0001628280-26-004388,8-K,2026-01-30,2026-01-30T21:08:39.000Z,7.01,mdlz-20260127.htm,https://www.sec.gov/Archives/edgar/data/1103982/000162828026004388,https://www.sec.gov/Archives/edgar/data/1103982/000162828026004388/index.json,NOT_CLASSIFIED
TDG,0001260221,0001260221-26-000015,8-K,2026-02-03,2026-02-03T12:19:49.000Z,2.02,tdg-20260203.htm,https://www.sec.gov/Archives/edgar/data/1260221/000126022126000015,https://www.sec.gov/Archives/edgar/data/1260221/000126022126000015/index.json,NOT_CLASSIFIED
MAA,0000912595,0001193125-26-037610,8-K,2026-02-04,2026-02-04T21:15:30.000Z,2.02,maa-20260204.htm,https://www.sec.gov/Archives/edgar/data/912595/000119312526037610,https://www.sec.gov/Archives/edgar/data/912595/000119312526037610/index.json,NOT_CLASSIFIED
TDG,0001260221,0001260221-26-000020,8-K,2026-02-09,2026-02-09T14:19:48.000Z,7.01,tdg-20260209.htm,https://www.sec.gov/Archives/edgar/data/1260221/000126022126000020,https://www.sec.gov/Archives/edgar/data/1260221/000126022126000020/index.json,NOT_CLASSIFIED
COF,0000927628,0000927628-26-000014,8-K,2026-02-09,2026-02-09T21:07:16.000Z,7.01,cof-20260209.htm,https://www.sec.gov/Archives/edgar/data/927628/000092762826000014,https://www.sec.gov/Archives/edgar/data/927628/000092762826000014/index.json,NOT_CLASSIFIED
CINF,0000020286,0000020286-26-000005,8-K,2026-02-09,2026-02-09T21:10:59.000Z,2.02,cinf-20260209.htm,https://www.sec.gov/Archives/edgar/data/20286/000002028626000005,https://www.sec.gov/Archives/edgar/data/20286/000002028626000005/index.json,NOT_CLASSIFIED
PFG,0001126328,0001104659-26-012083,8-K,2026-02-09,2026-02-09T21:20:05.000Z,2.02,tm265638d1_8k.htm,https://www.sec.gov/Archives/edgar/data/1126328/000110465926012083,https://www.sec.gov/Archives/edgar/data/1126328/000110465926012083/index.json,NOT_CLASSIFIED
CVS,0000064803,0000064803-26-000009,8-K,2026-02-10,2026-02-10T11:31:12.000Z,2.02,cvs-20260210.htm,https://www.sec.gov/Archives/edgar/data/64803/000006480326000009,https://www.sec.gov/Archives/edgar/data/64803/000006480326000009/index.json,NOT_CLASSIFIED
HUM,0000049071,0000049071-26-000005,8-K,2026-02-11,2026-02-11T11:40:24.000Z,"2.02,7.01",hum-20260211.htm,https://www.sec.gov/Archives/edgar/data/49071/000004907126000005,https://www.sec.gov/Archives/edgar/data/49071/000004907126000005/index.json,NOT_CLASSIFIED
TDG,0001260221,0001260221-26-000025,8-K,2026-02-11,2026-02-11T11:44:42.000Z,7.01,tdg-20260210.htm,https://www.sec.gov/Archives/edgar/data/1260221/000126022126000025,https://www.sec.gov/Archives/edgar/data/1260221/000126022126000025/index.json,NOT_CLASSIFIED
COF,0000927628,0000927628-26-000019,8-K,2026-02-17,2026-02-13T22:31:31.000Z,7.01,cof-20260213.htm,https://www.sec.gov/Archives/edgar/data/927628/000092762826000019,https://www.sec.gov/Archives/edgar/data/927628/000092762826000019/index.json,NOT_CLASSIFIED
AXP,0000004962,0000004962-26-000102,8-K,2026-02-17,2026-02-17T17:00:34.000Z,7.01,axp-20260217.htm,https://www.sec.gov/Archives/edgar/data/4962/000000496226000102,https://www.sec.gov/Archives/edgar/data/4962/000000496226000102/index.json,NOT_CLASSIFIED
FE,0001031296,0001031296-26-000041,8-K,2026-02-17,2026-02-17T21:25:03.000Z,"2.02,7.01",fe-20260217.htm,https://www.sec.gov/Archives/edgar/data/1031296/000103129626000041,https://www.sec.gov/Archives/edgar/data/1031296/000103129626000041/index.json,NOT_CLASSIFIED
EIX,0000827052,0000827052-26-000010,8-K,2026-02-18,2026-02-18T21:08:08.000Z,"2.02,7.01",eix-20260218.htm,https://www.sec.gov/Archives/edgar/data/827052/000082705226000010,https://www.sec.gov/Archives/edgar/data/827052/000082705226000010/index.json,NOT_CLASSIFIED
CF,0001324404,0001324404-26-000003,8-K,2026-02-18,2026-02-18T21:47:00.000Z,2.02,cf-20260218.htm,https://www.sec.gov/Archives/edgar/data/1324404/000132440426000003,https://www.sec.gov/Archives/edgar/data/1324404/000132440426000003/index.json,NOT_CLASSIFIED
CF,0001324404,0001104659-26-017110,8-K,2026-02-18,2026-02-18T21:55:31.000Z,2.02,tm266764d1_8k.htm,https://www.sec.gov/Archives/edgar/data/1324404/000110465926017110,https://www.sec.gov/Archives/edgar/data/1324404/000110465926017110/index.json,NOT_CLASSIFIED
DTE,0000936340,0000936340-26-000058,8-K,2026-02-27,2026-02-27T21:17:30.000Z,2.02,dte-20260227.htm,https://www.sec.gov/Archives/edgar/data/936340/000093634026000058,https://www.sec.gov/Archives/edgar/data/936340/000093634026000058/index.json,NOT_CLASSIFIED
UDR,0000074208,0000074208-26-000031,8-K,2026-02-27,2026-02-27T21:19:47.000Z,7.01,udr-20260227x8k.htm,https://www.sec.gov/Archives/edgar/data/74208/000007420826000031,https://www.sec.gov/Archives/edgar/data/74208/000007420826000031/index.json,NOT_CLASSIFIED
DTE,0000936340,0000936340-26-000060,8-K,2026-03-09,2026-03-09T20:16:16.000Z,7.01,dte-20260309.htm,https://www.sec.gov/Archives/edgar/data/936340/000093634026000060,https://www.sec.gov/Archives/edgar/data/936340/000093634026000060/index.json,NOT_CLASSIFIED
COF,0000927628,0000927628-26-000028,8-K,2026-03-16,2026-03-13T21:34:38.000Z,7.01,cof-20260313.htm,https://www.sec.gov/Archives/edgar/data/927628/000092762826000028,https://www.sec.gov/Archives/edgar/data/927628/000092762826000028/index.json,NOT_CLASSIFIED
PGR,0000080661,0000080661-26-000096,8-K,2026-03-18,2026-03-18T14:10:05.000Z,7.01,pgr-20260318.htm,https://www.sec.gov/Archives/edgar/data/80661/000008066126000096,https://www.sec.gov/Archives/edgar/data/80661/000008066126000096/index.json,NOT_CLASSIFIED
ALL,0000899051,0000899051-26-000055,8-K,2026-03-19,2026-03-19T11:50:25.000Z,7.01,all-20260319.htm,https://www.sec.gov/Archives/edgar/data/899051/000089905126000055,https://www.sec.gov/Archives/edgar/data/899051/000089905126000055/index.json,NOT_CLASSIFIED
CNP,0001130310,0001130310-26-000021,8-K,2026-03-19,2026-03-19T20:04:26.000Z,7.01,cnp-20260319.htm,https://www.sec.gov/Archives/edgar/data/1130310/000113031026000021,https://www.sec.gov/Archives/edgar/data/1130310/000113031026000021/index.json,NOT_CLASSIFIED
IVZ,0000914208,0000914208-26-000097,8-K,2026-04-10,2026-04-10T12:04:02.000Z,7.01,ivz-20260410.htm,https://www.sec.gov/Archives/edgar/data/914208/000091420826000097,https://www.sec.gov/Archives/edgar/data/914208/000091420826000097/index.json,NOT_CLASSIFIED
TDG,0001260221,0001260221-26-000036,8-K,2026-04-15,2026-04-15T11:14:29.000Z,7.01,tdg-20260414.htm,https://www.sec.gov/Archives/edgar/data/1260221/000126022126000036,https://www.sec.gov/Archives/edgar/data/1260221/000126022126000036/index.json,NOT_CLASSIFIED
F,0000037996,0000037996-26-000081,8-K,2026-04-15,2026-04-15T20:12:35.000Z,7.01,f-20260415.htm,https://www.sec.gov/Archives/edgar/data/37996/000003799626000081,https://www.sec.gov/Archives/edgar/data/37996/000003799626000081/index.json,NOT_CLASSIFIED
ALL,0000899051,0000899051-26-000067,8-K,2026-04-16,2026-04-16T11:49:58.000Z,7.01,all-20260416.htm,https://www.sec.gov/Archives/edgar/data/899051/000089905126000067,https://www.sec.gov/Archives/edgar/data/899051/000089905126000067/index.json,NOT_CLASSIFIED
UAL,0000100517,0000100517-26-000089,8-K,2026-04-21,2026-04-21T20:00:07.000Z,"2.02,7.01",ual-20260421.htm,https://www.sec.gov/Archives/edgar/data/100517/000010051726000089,https://www.sec.gov/Archives/edgar/data/100517/000010051726000089/index.json,NOT_CLASSIFIED
COF,0000927628,0000927628-26-000040,8-K,2026-04-21,2026-04-21T20:06:15.000Z,7.01,cof-20260421.htm,https://www.sec.gov/Archives/edgar/data/927628/000092762826000040,https://www.sec.gov/Archives/edgar/data/927628/000092762826000040/index.json,NOT_CLASSIFIED
AXP,0000004962,0000004962-26-000188,8-K,2026-04-23,2026-04-23T11:00:36.000Z,"2.02,7.01",axp-20260423.htm,https://www.sec.gov/Archives/edgar/data/4962/000000496226000188,https://www.sec.gov/Archives/edgar/data/4962/000000496226000188/index.json,NOT_CLASSIFIED
DPZ,0001286681,0001286681-26-000024,8-K,2026-04-27,2026-04-27T10:05:17.000Z,2.02,dpz-20260427.htm,https://www.sec.gov/Archives/edgar/data/1286681/000128668126000024,https://www.sec.gov/Archives/edgar/data/1286681/000128668126000024/index.json,NOT_CLASSIFIED
UAL,0000100517,0001104659-26-048992,8-K,2026-04-27,2026-04-27T11:07:44.000Z,7.01,tm2612792d1_8k.htm,https://www.sec.gov/Archives/edgar/data/100517/000110465926048992,https://www.sec.gov/Archives/edgar/data/100517/000110465926048992/index.json,NOT_CLASSIFIED
CINF,0000020286,0000020286-26-000025,8-K,2026-04-27,2026-04-27T20:08:01.000Z,2.02,cinf-20260427.htm,https://www.sec.gov/Archives/edgar/data/20286/000002028626000025,https://www.sec.gov/Archives/edgar/data/20286/000002028626000025/index.json,NOT_CLASSIFIED
MAA,0000912595,0001193125-26-191620,8-K,2026-04-29,2026-04-29T20:15:20.000Z,2.02,maa-20260429.htm,https://www.sec.gov/Archives/edgar/data/912595/000119312526191620,https://www.sec.gov/Archives/edgar/data/912595/000119312526191620/index.json,NOT_CLASSIFIED
UDR,0000074208,0000074208-26-000045,8-K,2026-04-29,2026-04-29T20:18:07.000Z,"2.02,7.01",udr-20260429x8k.htm,https://www.sec.gov/Archives/edgar/data/74208/000007420826000045,https://www.sec.gov/Archives/edgar/data/74208/000007420826000045/index.json,NOT_CLASSIFIED
DTE,0000936340,0000936340-26-000079,8-K,2026-04-30,2026-04-30T10:49:02.000Z,"2.02,7.01",dte-20260430.htm,https://www.sec.gov/Archives/edgar/data/936340/000093634026000079,https://www.sec.gov/Archives/edgar/data/936340/000093634026000079/index.json,NOT_CLASSIFIED
DE,0000315189,0001104659-26-053322,8-K,2026-05-01,2026-05-01T10:00:58.000Z,7.01,de-20260428x8k.htm,https://www.sec.gov/Archives/edgar/data/315189/000110465926053322,https://www.sec.gov/Archives/edgar/data/315189/000110465926053322/index.json,NOT_CLASSIFIED
DTE,0000936340,0000936340-26-000083,8-K,2026-05-01,2026-05-01T20:16:19.000Z,2.02,dte-20260501.htm,https://www.sec.gov/Archives/edgar/data/936340/000093634026000083,https://www.sec.gov/Archives/edgar/data/936340/000093634026000083/index.json,NOT_CLASSIFIED
AXP,0000004962,0000004962-26-000203,8-K,2026-05-04,2026-05-04T11:34:11.000Z,7.01,axp-20260504.htm,https://www.sec.gov/Archives/edgar/data/4962/000000496226000203,https://www.sec.gov/Archives/edgar/data/4962/000000496226000203/index.json,NOT_CLASSIFIED
MAA,0000912595,0001193125-26-204026,8-K,2026-05-04,2026-05-04T20:15:33.000Z,7.01,maa-20260504.htm,https://www.sec.gov/Archives/edgar/data/912595/000119312526204026,https://www.sec.gov/Archives/edgar/data/912595/000119312526204026/index.json,NOT_CLASSIFIED
TDG,0001260221,0001260221-26-000039,8-K,2026-05-05,2026-05-05T11:17:21.000Z,2.02,tdg-20260505.htm,https://www.sec.gov/Archives/edgar/data/1260221/000126022126000039,https://www.sec.gov/Archives/edgar/data/1260221/000126022126000039/index.json,NOT_CLASSIFIED
EXPD,0000746515,0001193125-26-205511,8-K,2026-05-05,2026-05-05T15:05:58.000Z,2.02,expd-20260505.htm,https://www.sec.gov/Archives/edgar/data/746515/000119312526205511,https://www.sec.gov/Archives/edgar/data/746515/000119312526205511/index.json,NOT_CLASSIFIED
CF,0001324404,0001104659-26-055680,8-K,2026-05-05,2026-05-05T20:36:27.000Z,7.01,tm2613451d2_8k.htm,https://www.sec.gov/Archives/edgar/data/1324404/000110465926055680,https://www.sec.gov/Archives/edgar/data/1324404/000110465926055680/index.json,NOT_CLASSIFIED
MAR,0001048286,0001048286-26-000012,8-K,2026-05-06,2026-05-06T11:00:24.000Z,2.02,mar-20260506.htm,https://www.sec.gov/Archives/edgar/data/1048286/000104828626000012,https://www.sec.gov/Archives/edgar/data/1048286/000104828626000012/index.json,NOT_CLASSIFIED
PPL,0000922224,0000922224-26-000024,8-K,2026-05-08,2026-05-08T11:53:15.000Z,"2.02,7.01",ppl-20260508.htm,https://www.sec.gov/Archives/edgar/data/922224/000092222426000024,https://www.sec.gov/Archives/edgar/data/922224/000092222426000024/index.json,NOT_CLASSIFIED
IVZ,0000914208,0000914208-26-000191,8-K,2026-05-11,2026-05-11T20:22:35.000Z,7.01,ivz-20260511.htm,https://www.sec.gov/Archives/edgar/data/914208/000091420826000191,https://www.sec.gov/Archives/edgar/data/914208/000091420826000191/index.json,NOT_CLASSIFIED
COF,0000927628,0000927628-26-000053,8-K,2026-05-15,2026-05-14T21:32:05.000Z,7.01,cof-20260514.htm,https://www.sec.gov/Archives/edgar/data/927628/000092762826000053,https://www.sec.gov/Archives/edgar/data/927628/000092762826000053/index.json,NOT_CLASSIFIED
DTE,0000936340,0000936340-26-000119,8-K,2026-05-15,2026-05-15T20:15:11.000Z,7.01,dte-20260515.htm,https://www.sec.gov/Archives/edgar/data/936340/000093634026000119,https://www.sec.gov/Archives/edgar/data/936340/000093634026000119/index.json,NOT_CLASSIFIED
PGR,0000080661,0000080661-26-000204,8-K,2026-05-20,2026-05-20T12:33:11.000Z,7.01,pgr-20260520.htm,https://www.sec.gov/Archives/edgar/data/80661/000008066126000204,https://www.sec.gov/Archives/edgar/data/80661/000008066126000204/index.json,NOT_CLASSIFIED
MAA,0000912595,0001193125-26-251471,8-K,2026-06-01,2026-06-01T20:20:04.000Z,7.01,maa-20260601.htm,https://www.sec.gov/Archives/edgar/data/912595/000119312526251471,https://www.sec.gov/Archives/edgar/data/912595/000119312526251471/index.json,NOT_CLASSIFIED
ODFL,0000878927,0000878927-26-000015,8-K,2026-06-03,2026-06-03T13:00:56.000Z,7.01,odfl-20260603.htm,https://www.sec.gov/Archives/edgar/data/878927/000087892726000015,https://www.sec.gov/Archives/edgar/data/878927/000087892726000015/index.json,NOT_CLASSIFIED
DTE,0000936340,0000936340-26-000122,8-K,2026-06-05,2026-06-05T20:17:06.000Z,7.01,dte-20260605.htm,https://www.sec.gov/Archives/edgar/data/936340/000093634026000122,https://www.sec.gov/Archives/edgar/data/936340/000093634026000122/index.json,NOT_CLASSIFIED
COF,0000927628,0000927628-26-000062,8-K,2026-06-08,2026-06-08T20:05:42.000Z,7.01,cof-20260608.htm,https://www.sec.gov/Archives/edgar/data/927628/000092762826000062,https://www.sec.gov/Archives/edgar/data/927628/000092762826000062/index.json,NOT_CLASSIFIED
IVZ,0000914208,0000914208-26-000202,8-K,2026-06-09,2026-06-09T20:20:53.000Z,7.01,ivz-20260609.htm,https://www.sec.gov/Archives/edgar/data/914208/000091420826000202,https://www.sec.gov/Archives/edgar/data/914208/000091420826000202/index.json,NOT_CLASSIFIED
CINF,0000020286,0000020286-26-000034,8-K,2026-06-16,2026-06-16T13:08:01.000Z,7.01,cinf-20260611.htm,https://www.sec.gov/Archives/edgar/data/20286/000002028626000034,https://www.sec.gov/Archives/edgar/data/20286/000002028626000034/index.json,NOT_CLASSIFIED
PGR,0000080661,0000080661-26-000210,8-K,2026-06-17,2026-06-17T13:00:47.000Z,7.01,pgr-20260611.htm,https://www.sec.gov/Archives/edgar/data/80661/000008066126000210,https://www.sec.gov/Archives/edgar/data/80661/000008066126000210/index.json,NOT_CLASSIFIED
PNC,0000713676,0001628280-26-044499,8-K,2026-06-22,2026-06-22T12:53:15.000Z,7.01,pnc-20260622.htm,https://www.sec.gov/Archives/edgar/data/713676/000162828026044499,https://www.sec.gov/Archives/edgar/data/713676/000162828026044499/index.json,NOT_CLASSIFIED
DTE,0000936340,0000936340-26-000129,8-K,2026-06-22,2026-06-22T20:22:54.000Z,7.01,dte-20260622.htm,https://www.sec.gov/Archives/edgar/data/936340/000093634026000129,https://www.sec.gov/Archives/edgar/data/936340/000093634026000129/index.json,NOT_CLASSIFIED
CNC,0001071739,0001071739-26-000132,8-K,2026-06-22,2026-06-22T20:37:20.000Z,7.01,cnc-20260619.htm,https://www.sec.gov/Archives/edgar/data/1071739/000107173926000132,https://www.sec.gov/Archives/edgar/data/1071739/000107173926000132/index.json,NOT_CLASSIFIED
AXP,0000004962,0000004962-26-000281,8-K,2026-06-25,2026-06-25T20:19:46.000Z,7.01,axp-20260625.htm,https://www.sec.gov/Archives/edgar/data/4962/000000496226000281,https://www.sec.gov/Archives/edgar/data/4962/000000496226000281/index.json,NOT_CLASSIFIED
IBM,0000051143,0000051143-26-000070,8-K,2026-07-14,2026-07-14T11:01:52.000Z,"2.02,7.01",ibm-20260714.htm,https://www.sec.gov/Archives/edgar/data/51143/000005114326000070,https://www.sec.gov/Archives/edgar/data/51143/000005114326000070/index.json,NOT_CLASSIFIED
ALL,0000899051,0000899051-26-000109,8-K,2026-07-14,2026-07-14T20:39:31.000Z,7.01,all-20260714.htm,https://www.sec.gov/Archives/edgar/data/899051/000089905126000109,https://www.sec.gov/Archives/edgar/data/899051/000089905126000109/index.json,NOT_CLASSIFIED
ELV,0001156039,0001156039-26-000058,8-K,2026-07-15,2026-07-15T10:01:33.000Z,2.02,elv-20260715.htm,https://www.sec.gov/Archives/edgar/data/1156039/000115603926000058,https://www.sec.gov/Archives/edgar/data/1156039/000115603926000058/index.json,NOT_CLASSIFIED
PNC,0000713676,0001628280-26-048308,8-K,2026-07-15,2026-07-15T17:43:46.000Z,7.01,pnc-20260715.htm,https://www.sec.gov/Archives/edgar/data/713676/000162828026048308,https://www.sec.gov/Archives/edgar/data/713676/000162828026048308/index.json,NOT_CLASSIFIED
UAL,0000100517,0000100517-26-000135,8-K,2026-07-15,2026-07-15T20:00:02.000Z,"2.02,7.01",ual-20260715.htm,https://www.sec.gov/Archives/edgar/data/100517/000010051726000135,https://www.sec.gov/Archives/edgar/data/100517/000010051726000135/index.json,NOT_CLASSIFIED
