{
  "descriptive_only": true,
  "event_types": {
    "COOLING_EXIT": {
      "13": {
        "decline_at_least_10pct_rate": 0.22055137844611528,
        "decline_at_least_2pct_rate": 0.6290726817042607,
        "decline_at_least_5pct_rate": 0.43358395989974935,
        "events": 399,
        "median_forward_return": 0.04237805504279857,
        "median_maximum_advance": 0.08365439521436824,
        "median_maximum_decline": -0.03941842795357131,
        "median_maximum_interim_drawdown": -0.08185999946796352
      },
      "26": {
        "decline_at_least_10pct_rate": 0.3032581453634085,
        "decline_at_least_2pct_rate": 0.6917293233082706,
        "decline_at_least_5pct_rate": 0.48872180451127817,
        "events": 399,
        "median_forward_return": 0.09475873312122851,
        "median_maximum_advance": 0.14176644600172672,
        "median_maximum_decline": -0.04886711464250437,
        "median_maximum_interim_drawdown": -0.11655241031124286
      },
      "4": {
        "decline_at_least_10pct_rate": 0.09022556390977443,
        "decline_at_least_2pct_rate": 0.47368421052631576,
        "decline_at_least_5pct_rate": 0.2706766917293233,
        "events": 399,
        "median_forward_return": 0.011846887012422425,
        "median_maximum_advance": 0.033097701623725495,
        "median_maximum_decline": -0.0177207192258787,
        "median_maximum_interim_drawdown": -0.033880981530689414
      },
      "8": {
        "decline_at_least_10pct_rate": 0.17293233082706766,
        "decline_at_least_2pct_rate": 0.5664160401002506,
        "decline_at_least_5pct_rate": 0.3609022556390977,
        "events": 399,
        "median_forward_return": 0.029603817899764184,
        "median_maximum_advance": 0.059899025862661714,
        "median_maximum_decline": -0.02916076857817762,
        "median_maximum_interim_drawdown": -0.05990044986400833
      }
    },
    "EXTREME_DECELERATION": {
      "13": {
        "decline_at_least_10pct_rate": 0.18134715025906736,
        "decline_at_least_2pct_rate": 0.6217616580310881,
        "decline_at_least_5pct_rate": 0.41450777202072536,
        "events": 193,
        "median_forward_return": 0.05636654330088753,
        "median_maximum_advance": 0.08994153753647627,
        "median_maximum_decline": -0.035446195306201744,
        "median_maximum_interim_drawdown": -0.07657506048604701
      },
      "26": {
        "decline_at_least_10pct_rate": 0.2538860103626943,
        "decline_at_least_2pct_rate": 0.6787564766839378,
        "decline_at_least_5pct_rate": 0.47668393782383417,
        "events": 193,
        "median_forward_return": 0.10367736631959756,
        "median_maximum_advance": 0.15002333031808313,
        "median_maximum_decline": -0.046071243168982146,
        "median_maximum_interim_drawdown": -0.11157238224438948
      },
      "4": {
        "decline_at_least_10pct_rate": 0.07772020725388601,
        "decline_at_least_2pct_rate": 0.47150259067357514,
        "decline_at_least_5pct_rate": 0.2538860103626943,
        "events": 193,
        "median_forward_return": 0.019476864787594028,
        "median_maximum_advance": 0.03311362465082324,
        "median_maximum_decline": -0.0177207192258787,
        "median_maximum_interim_drawdown": -0.03401234699804434
      },
      "8": {
        "decline_at_least_10pct_rate": 0.13471502590673576,
        "decline_at_least_2pct_rate": 0.5803108808290155,
        "decline_at_least_5pct_rate": 0.3160621761658031,
        "events": 193,
        "median_forward_return": 0.048848618423561474,
        "median_maximum_advance": 0.06974682827055845,
        "median_maximum_decline": -0.02916076857817762,
        "median_maximum_interim_drawdown": -0.05417847146709498
      }
    },
    "EXTREME_ENTRY": {
      "13": {
        "decline_at_least_10pct_rate": 0.23821339950372208,
        "decline_at_least_2pct_rate": 0.6377171215880894,
        "decline_at_least_5pct_rate": 0.46898263027295284,
        "events": 403,
        "median_forward_return": 0.03302524407594243,
        "median_maximum_advance": 0.07132817964744254,
        "median_maximum_decline": -0.03986050489957682,
        "median_maximum_interim_drawdown": -0.07867587494658301
      },
      "26": {
        "decline_at_least_10pct_rate": 0.3349875930521092,
        "decline_at_least_2pct_rate": 0.71712158808933,
        "decline_at_least_5pct_rate": 0.5409429280397022,
        "events": 403,
        "median_forward_return": 0.0681203100559149,
        "median_maximum_advance": 0.12555748046005588,
        "median_maximum_decline": -0.05659344719890802,
        "median_maximum_interim_drawdown": -0.12053734187999221
      },
      "4": {
        "decline_at_least_10pct_rate": 0.08436724565756824,
        "decline_at_least_2pct_rate": 0.45905707196029777,
        "decline_at_least_5pct_rate": 0.22084367245657568,
        "events": 403,
        "median_forward_return": 0.007615363797834451,
        "median_maximum_advance": 0.027006506128842922,
        "median_maximum_decline": -0.015333402106093685,
        "median_maximum_interim_drawdown": -0.029414881784173397
      },
      "8": {
        "decline_at_least_10pct_rate": 0.17369727047146402,
        "decline_at_least_2pct_rate": 0.5905707196029777,
        "decline_at_least_5pct_rate": 0.37220843672456577,
        "events": 403,
        "median_forward_return": 0.015665474286126635,
        "median_maximum_advance": 0.0459610205426324,
        "median_maximum_decline": -0.029888554801495437,
        "median_maximum_interim_drawdown": -0.05630357321709001
      }
    },
    "EXTREME_ESCALATION": {
      "13": {
        "decline_at_least_10pct_rate": 0.27205882352941174,
        "decline_at_least_2pct_rate": 0.6617647058823529,
        "decline_at_least_5pct_rate": 0.5073529411764706,
        "events": 136,
        "median_forward_return": 0.03995371600662889,
        "median_maximum_advance": 0.08537279379047269,
        "median_maximum_decline": -0.0507722128449436,
        "median_maximum_interim_drawdown": -0.0929439028447046
      },
      "26": {
        "decline_at_least_10pct_rate": 0.3235294117647059,
        "decline_at_least_2pct_rate": 0.7794117647058824,
        "decline_at_least_5pct_rate": 0.6176470588235294,
        "events": 136,
        "median_forward_return": 0.09615977443815404,
        "median_maximum_advance": 0.15121328677523305,
        "median_maximum_decline": -0.06785152402057448,
        "median_maximum_interim_drawdown": -0.1310107158698781
      },
      "4": {
        "decline_at_least_10pct_rate": 0.0661764705882353,
        "decline_at_least_2pct_rate": 0.49264705882352944,
        "decline_at_least_5pct_rate": 0.22794117647058823,
        "events": 136,
        "median_forward_return": 0.008994382898041997,
        "median_maximum_advance": 0.029228895976469715,
        "median_maximum_decline": -0.018599035421005494,
        "median_maximum_interim_drawdown": -0.031473720586979836
      },
      "8": {
        "decline_at_least_10pct_rate": 0.15441176470588236,
        "decline_at_least_2pct_rate": 0.6029411764705882,
        "decline_at_least_5pct_rate": 0.38235294117647056,
        "events": 136,
        "median_forward_return": 0.025409205482753272,
        "median_maximum_advance": 0.055786222705086264,
        "median_maximum_decline": -0.03226511321615322,
        "median_maximum_interim_drawdown": -0.06485105298088684
      }
    },
    "EXTREME_PERSISTENCE": {
      "13": {
        "decline_at_least_10pct_rate": 0.21180555555555555,
        "decline_at_least_2pct_rate": 0.6597222222222222,
        "decline_at_least_5pct_rate": 0.4444444444444444,
        "events": 288,
        "median_forward_return": 0.049673269089581806,
        "median_maximum_advance": 0.08238275373408877,
        "median_maximum_decline": -0.04040337939382099,
        "median_maximum_interim_drawdown": -0.07638656848762998
      },
      "26": {
        "decline_at_least_10pct_rate": 0.2986111111111111,